Drug_Name,Pattern,PubChem_ID,Source,norm,SMILES,Label_ILD,Label_Edema,Label_Pleural,Label_Embolism
Abacavir,"I.a
                
I - Interstitial/parenchymal lung disease

                    I.a - Pneumonitis (ILD), acute and/or severe (may cause ARDS)                


                  I.f
                
I - Interstitial/parenchymal lung disease

                    I.f - Acute fibrinous organizing pneumonia (AFOP)                


                  II.a
                
II - Pulmonary edema - Acute lung injury - ARDS

                    II.a - Pulmonary edema, noncardiogenic (NCPE)                


                  II.b
                
II - Pulmonary edema - Acute lung injury - ARDS

                    II.b - ARDS - Acute lung injury                


                  IV.d
                
IV - Airway involvement

                    IV.d - Cough (lone)                


                  X.a
                
X - Systemic/Distant conditions, syndromes and reactions

                    X.a - DRES syndrome - DRESS-like reaction                


                  X.f
                
X - Systemic/Distant conditions, syndromes and reactions

                    X.f - Anaphylaxis-Anaphylactoid reaction (can be fatal)                


                  XV.d
                
XV - Pathology

                    XV.d - Path: Acute fibrinous organizing pneumonia (AFOP-pattern) (see also If)",441300.0,Both,abacavir,Nc1nc(NC2CC2)c2ncn(C3C=CC(CO)C3)c2n1,1,1,0,0
Abemaciclib,"I.a
                
I - Interstitial/parenchymal lung disease

                    I.a - Pneumonitis (ILD), acute and/or severe (may cause ARDS)                


                  I.b
                
I - Interstitial/parenchymal lung disease

                    I.b - Pneumonitis (ILD)                


                  I.c
                
I - Interstitial/parenchymal lung disease

                    I.c - Eosinophilic pneumonia (pulmonary infiltrates and eosinophilia)                


                  II.b
                
II - Pulmonary edema - Acute lung injury - ARDS

                    II.b - ARDS - Acute lung injury                


                  XV.a
                
XV - Pathology

                    XV.a - Path: NSIP-cellular pattern (see also Ia, Ib)",46220502.0,Both,abemaciclib,CCN1CCN(Cc2ccc(Nc3ncc(F)c(-c4cc(F)c5nc(C)n(C(C)C)c5c4)n3)nc2)CC1,1,1,0,0
Abiraterone,"I.a
                
I - Interstitial/parenchymal lung disease

                    I.a - Pneumonitis (ILD), acute and/or severe (may cause ARDS)                


                  I.b
                
I - Interstitial/parenchymal lung disease

                    I.b - Pneumonitis (ILD)                


                  II.d
                
II - Pulmonary edema - Acute lung injury - ARDS

                    II.d - Pulmonary edema, cardiogenic                


                  X.r
                
X - Systemic/Distant conditions, syndromes and reactions

                    X.r - Fluid retention                


                  XII.a
                
XII - Cardiovascular involvement / toxicity

                    XII.a - Left or biventricular dysfunction/failure                


                  XII.ai
                
XII - Cardiovascular involvement / toxicity

                    XII.ai - Cardiotoxicity",132971.0,Both,abiraterone,CC12CCC(O)CC1=CCC1C2CCC2(C)C(c3cccnc3)=CCC12,1,1,0,0
Acebutolol,"I.b
                
I - Interstitial/parenchymal lung disease

                    I.b - Pneumonitis (ILD)                


                  I.d
                
I - Interstitial/parenchymal lung disease

                    I.d - Organizing pneumonia pattern (an area or areas of consolidation on imaging)                


                  IV.a
                
IV - Airway involvement

                    IV.a - Bronchospasm - Wheezing - Asthma                


                  IV.f
                
IV - Airway involvement

                    IV.f - Severe or catastrophic bronchospasm or asthma attack (can be fatal)                


                  V.a
                
V - Pleural and/or pericardial involvement

                    V.a - Pleural effusion (uni- or bilateral) (can accompany DI-LDs)                


                  V.c
                
V - Pleural and/or pericardial involvement

                    V.c - Pleural thickening - Fibrothorax                


                  V.d
                
V - Pleural and/or pericardial involvement

                    V.d - Pleural/pericardial effusion, ANA positive (DI lupus)                


                  X.y
                
X - Systemic/Distant conditions, syndromes and reactions

                    X.y - Subclinical ANA positivity",1978.0,Both,acebutolol,CCCC(=O)Nc1ccc(OCC(O)CNC(C)C)c(C(C)=O)c1,1,0,1,0
Acenocoumarol,"V.e
                
V - Pleural and/or pericardial involvement

                    V.e - Hemothorax - Serosanguineous pleural effusion                


                  VII.g
                
VII - Mediastinal involvement

                    VII.g - Hemomediastinum - Mediastinal hematoma                


                  VIII.b
                
VIII - Central-large-upper airway (incl. pharyngeal-nasal) involvement

                    VIII.b - Hematoma of/around central airway wall potentially causing UAO",54676537.0,Pneumotox_only,acenocoumarol,CC(=O)CC(c1ccc([N+](=O)[O-])cc1)c1c(O)c2ccccc2oc1=O,0,0,1,0
Acepromazine,"IX.d
                
IX - Neuromuscular / CNS involvement - Disordered breathing (during sleep)

                    IX.d - Respiratory failure from ventilatory depression (due to neuromuscular blockade/paralysis)",6077.0,Pneumotox_only,acepromazine,CC(=O)c1ccc2c(c1)N(CCCN(C)C)c1ccccc1S2,0,0,0,0
Acetanilide,"XIV.a
                
XIV - Hemoglobinopathies - Abnormal hemoglobin states (acquired)

                    XIV.a - Methemoglobinemia                


                  XIV.b
                
XIV - Hemoglobinopathies - Abnormal hemoglobin states (acquired)

                    XIV.b - Sulfhemoglobinemia",904.0,Pneumotox_only,acetanilide,CC(=O)Nc1ccccc1,0,0,0,0
Acetazolamide,"II.a
                
II - Pulmonary edema - Acute lung injury - ARDS

                    II.a - Pulmonary edema, noncardiogenic (NCPE)                


                  IX.a
                
IX - Neuromuscular / CNS involvement - Disordered breathing (during sleep)

                    IX.a - Diaphragm/inspiratory muscle weakness/paralysis (w/wo ARF)                


                  X.f
                
X - Systemic/Distant conditions, syndromes and reactions

                    X.f - Anaphylaxis-Anaphylactoid reaction (can be fatal)                


                  XI.d
                
XI - Miscellaneous

                    XI.d - Metabolic acidosis (incl. lactic acidosis/-gap). May cause hyperpnea/dyspnea                


                  XII.n
                
XII - Cardiovascular involvement / toxicity

                    XII.n - Cardiovascular collapse - Cardiogenic shock - Hypotension                


                  XXI.a
                
XXI - Rechallenge data

                    XXI.a - Rechallenge can lead to near-fatal or fatal relapse of AE/ILD                


                  XXI.b
                
XXI - Rechallenge data

                    XXI.b - Rechallenge can lead to relapse of AE/ILD",1986.0,Both,acetazolamide,CC(=O)Nc1nnc(S(N)(=O)=O)s1,0,1,0,0
Acetylfentanyl,"II.a
                
II - Pulmonary edema - Acute lung injury - ARDS

                    II.a - Pulmonary edema, noncardiogenic (NCPE)                


                  IX.d
                
IX - Neuromuscular / CNS involvement - Disordered breathing (during sleep)

                    IX.d - Respiratory failure from ventilatory depression (due to neuromuscular blockade/paralysis)                


                  XI.r
                
XI - Miscellaneous

                    XI.r - Death following exposure or poisoning",527015.0,Pneumotox_only,acetylfentanyl,CC(=O)N(c1ccccc1)C1CCN(CCc2ccccc2)CC1,0,1,0,0
Acitretin,"II.b
                
II - Pulmonary edema - Acute lung injury - ARDS

                    II.b - ARDS - Acute lung injury                


                  X.c
                
X - Systemic/Distant conditions, syndromes and reactions

                    X.c - Capillary leak syndrome (CLS)",5284513.0,Both,acitretin,COc1cc(C)c(C=CC(C)=CC=CC(C)=CC(=O)O)c(C)c1C,0,1,0,0
Aconitine,"XII.l
                
XII - Cardiovascular involvement / toxicity

                    XII.l - Cardiac arrhythmias or dysrhythmias (AF, VT, VF, TdP)",245005.0,Pneumotox_only,aconitine,CCN1CC2(COC)C(O)CC(OC)C34C5CC6(O)C(OC)C(O)C(OC(C)=O)(C5C6OC(=O)c5ccccc5)C(C(OC)C23)C14,0,0,0,0
Acrylfentanyl,,10314851.0,Pneumotox_only,acrylfentanyl,C=CC(=O)N(c1ccccc1)C1CCN(CCc2ccccc2)CC1,0,0,0,0
Acyclovir,"I.b
                
I - Interstitial/parenchymal lung disease

                    I.b - Pneumonitis (ILD)                


                  V.a
                
V - Pleural and/or pericardial involvement

                    V.a - Pleural effusion (uni- or bilateral) (can accompany DI-LDs)",135398513.0,Both,acyclovir,Nc1nc(=O)c2ncn(COCCO)c2[nH]1,1,0,1,0
Adagrasib,"I.a
                
I - Interstitial/parenchymal lung disease

                    I.a - Pneumonitis (ILD), acute and/or severe (may cause ARDS)                


                  I.b
                
I - Interstitial/parenchymal lung disease

                    I.b - Pneumonitis (ILD)",138611145.0,Pneumotox_only,adagrasib,C=C(F)C(=O)N1CCN(c2nc(OCC3CCCN3C)nc3c2CCN(c2cccc4cccc(Cl)c24)C3)CC1CC#N,1,0,0,0
Adenosine,"IV.a
                
IV - Airway involvement

                    IV.a - Bronchospasm - Wheezing - Asthma                


                  IV.f
                
IV - Airway involvement

                    IV.f - Severe or catastrophic bronchospasm or asthma attack (can be fatal)                


                  XI.b
                
XI - Miscellaneous

                    XI.b - Chest pain (acute or subacute), lone or prominent                


                  XII.m
                
XII - Cardiovascular involvement / toxicity

                    XII.m - Cardiac- cardiorespiratory/pulmonary arrest",60961.0,Both,adenosine,Nc1ncnc2c1ncn2C1OC(CO)C(O)C1O,0,0,0,0
Adenosine 5'-triphosphate,"XI.b
                
XI - Miscellaneous

                    XI.b - Chest pain (acute or subacute), lone or prominent",5957.0,Pneumotox_only,adenosine 5'-triphosphate,Nc1ncnc2c1ncn2C1OC(COP(=O)(O)OP(=O)(O)OP(=O)(O)O)C(O)C1O,0,0,0,0
Afatinib,"I.b
                
I - Interstitial/parenchymal lung disease

                    I.b - Pneumonitis (ILD)                


                  IV.c
                
IV - Airway involvement

                    IV.c - Obliterative bronchiolitis (a pattern consistent with) (see also IVn, XVx)                


                  V.a
                
V - Pleural and/or pericardial involvement

                    V.a - Pleural effusion (uni- or bilateral) (can accompany DI-LDs)                


                  X.j
                
X - Systemic/Distant conditions, syndromes and reactions

                    X.j - Myopathy-Myositis-Polymyositis (see also under Xba)                


                  XII.p
                
XII - Cardiovascular involvement / toxicity

                    XII.p - QTc prolongation                


                  XV.z
                
XV - Pathology

                    XV.z - Path: Obliterative (constrictive) bronchiolitis (see also IVc, IVn)                


                  XVI.b
                
XVI - Imaging

                    XVI.b - Imaging: Ground-glass opacities (GGO) / shadowing",10184653.0,Both,afatinib,CN(C)CC=CC(=O)Nc1cc2c(Nc3ccc(F)c(Cl)c3)ncnc2cc1OC1CCOC1,1,0,1,0
Afloqualone,"XXIV.i
                
XXIV - Veterinary medicine

                    XXIV.i - Veterinary: Respiratory/Ventilatory depression",2040.0,Pneumotox_only,afloqualone,Cc1ccccc1-n1c(CF)nc2ccc(N)cc2c1=O,0,0,0,0
Ajmaline,"XII.l
                
XII - Cardiovascular involvement / toxicity

                    XII.l - Cardiac arrhythmias or dysrhythmias (AF, VT, VF, TdP)",6100671.0,Pneumotox_only,ajmaline,CCC1C2CC3C4N(C)c5ccccc5C45CC(C2C5O)N3C1O,0,0,0,0
Alectinib,"I.b
                
I - Interstitial/parenchymal lung disease

                    I.b - Pneumonitis (ILD)                


                  I.d
                
I - Interstitial/parenchymal lung disease

                    I.d - Organizing pneumonia pattern (an area or areas of consolidation on imaging)                


                  I.h
                
I - Interstitial/parenchymal lung disease

                    I.h - Subclinical pulmonary infiltrates/ILD                


                  I.ao
                
I - Interstitial/parenchymal lung disease

                    I.ao - Pulmonary infiltrates                


                  V.a
                
V - Pleural and/or pericardial involvement

                    V.a - Pleural effusion (uni- or bilateral) (can accompany DI-LDs)                


                  XII.c
                
XII - Cardiovascular involvement / toxicity

                    XII.c - Pericardial effusion (w/wo tamponade)                


                  XV.a
                
XV - Pathology

                    XV.a - Path: NSIP-cellular pattern (see also Ia, Ib)                


                  XIX.a
                
XIX - Cytological, biochemical features of/in BAL, pleural fluid or FNA

                    XIX.a - BAL: An excess proportion of lymphocytes                


                  XXI.e
                
XXI - Rechallenge data

                    XXI.e - Rechallenge may not necessarily lead to relapse of AE/ILD",49806720.0,Both,alectinib,CCc1cc2c(cc1N1CCC(N3CCOCC3)CC1)C(C)(C)c1[nH]c3cc(C#N)ccc3c1C2=O,1,0,1,0
Alginate,"X.f
                
X - Systemic/Distant conditions, syndromes and reactions

                    X.f - Anaphylaxis-Anaphylactoid reaction (can be fatal)",91666324.0,Pneumotox_only,alginate,O=C([O-])C1OC(O)C(O)C(O)C1O,0,0,0,0
Aliskiren,"VIII.a
                
VIII - Central-large-upper airway (incl. pharyngeal-nasal) involvement

                    VIII.a - Angioedema (may cause UAO, asphyxia and death)",5493444.0,Both,aliskiren,COCCCOc1cc(CC(CC(N)C(O)CC(C(=O)NCC(C)(C)C(N)=O)C(C)C)C(C)C)ccc1OC,0,0,0,0
Allopurinol,"VI.d
                
VI - Pulmonary vasculopathies

                    VI.d - Pulmonary vasculitis or capillaritis                


                  VIII.a
                
VIII - Central-large-upper airway (incl. pharyngeal-nasal) involvement

                    VIII.a - Angioedema (may cause UAO, asphyxia and death)                


                  X.a
                
X - Systemic/Distant conditions, syndromes and reactions

                    X.a - DRES syndrome - DRESS-like reaction                


                  X.m
                
X - Systemic/Distant conditions, syndromes and reactions

                    X.m - Vascultis (pulmonary, extrathoracic or systemic)-ANCA status unknown or negative)                


                  X.n
                
X - Systemic/Distant conditions, syndromes and reactions

                    X.n - Tumor lysis syndrome (TLS)                


                  X.s
                
X - Systemic/Distant conditions, syndromes and reactions

                    X.s - Vasculitis, pulmonary (w/wo AH), extrapulmonary, systemic: ANCA-positive                


                  XV.ac
                
XV - Pathology

                    XV.ac - Path: Pulmonary vasculitis other than capillaritis",135401907.0,Both,allopurinol,O=c1[nH]cnc2[nH]ncc12,0,0,0,1
Almitrine,"XI.d
                
XI - Miscellaneous

                    XI.d - Metabolic acidosis (incl. lactic acidosis/-gap). May cause hyperpnea/dyspnea",33887.0,Pneumotox_only,almitrine,C=CCNc1nc(NCC=C)nc(N2CCN(C(c3ccc(F)cc3)c3ccc(F)cc3)CC2)n1,0,0,0,0
Almonertinib,"I.b
                
I - Interstitial/parenchymal lung disease

                    I.b - Pneumonitis (ILD)",121280087.0,Pneumotox_only,almonertinib,C=CC(=O)Nc1cc(Nc2nccc(-c3cn(C4CC4)c4ccccc34)n2)c(OC)cc1N(C)CCN(C)C,1,0,0,0
Alpelisib,"I.a
                
I - Interstitial/parenchymal lung disease

                    I.a - Pneumonitis (ILD), acute and/or severe (may cause ARDS)",56649450.0,Both,alpelisib,Cc1nc(NC(=O)N2CCCC2C(N)=O)sc1-c1ccnc(C(C)(C)C(F)(F)F)c1,1,0,0,0
Alprazolam,"IX.d
                
IX - Neuromuscular / CNS involvement - Disordered breathing (during sleep)

                    IX.d - Respiratory failure from ventilatory depression (due to neuromuscular blockade/paralysis)",2118.0,Both,alprazolam,Cc1nnc2n1-c1ccc(Cl)cc1C(c1ccccc1)=NC2,0,0,0,0
Alprenolol,"IV.a
                
IV - Airway involvement

                    IV.a - Bronchospasm - Wheezing - Asthma",2119.0,Pneumotox_only,alprenolol,C=CCc1ccccc1OCC(O)CNC(C)C,0,0,0,0
Amantadine,"II.a
                
II - Pulmonary edema - Acute lung injury - ARDS

                    II.a - Pulmonary edema, noncardiogenic (NCPE)                


                  II.b
                
II - Pulmonary edema - Acute lung injury - ARDS

                    II.b - ARDS - Acute lung injury                


                  XII.m
                
XII - Cardiovascular involvement / toxicity

                    XII.m - Cardiac- cardiorespiratory/pulmonary arrest                


                  XV.f
                
XV - Pathology

                    XV.f - Path: Diffuse alveolar damage (DAD-pattern) (see also IL)",2130.0,Both,amantadine,NC12CC3CC(CC(C3)C1)C2,0,1,0,0
Ambrisentan,"I.y
                
I - Interstitial/parenchymal lung disease

                    I.y - Progression, acceleration or exacerbation of preexisting ILD/fibrosis",197712.0,Both,ambrisentan,COC(c1ccccc1)(c1ccccc1)C(Oc1nc(C)cc(C)n1)C(=O)O,1,0,0,0
Amifostine,"X.f
                
X - Systemic/Distant conditions, syndromes and reactions

                    X.f - Anaphylaxis-Anaphylactoid reaction (can be fatal)",2141.0,Both,amifostine,NCCCNCCSP(=O)(O)O,0,0,0,0
Amikacin,"X.f
                
X - Systemic/Distant conditions, syndromes and reactions

                    X.f - Anaphylaxis-Anaphylactoid reaction (can be fatal)",37768.0,Both,amikacin,NCCC(O)C(=O)NC1CC(N)C(OC2OC(CN)C(O)C(O)C2O)C(O)C1OC1OC(CO)C(O)C(N)C1O,0,0,0,0
Aminoglutethimide,"I.c
                
I - Interstitial/parenchymal lung disease

                    I.c - Eosinophilic pneumonia (pulmonary infiltrates and eosinophilia)                


                  III.a
                
III - Pulmonary/alveolar./airway hemorrhage/bleeding

                    III.a - Alveolar hemorrhage (AH), diffuse AH (DAH)",2145.0,Both,aminoglutethimide,CCC1(c2ccc(N)cc2)CCC(=O)NC1=O,1,0,0,0
Aminopyridine,"VI.b
                
VI - Pulmonary vasculopathies

                    VI.b - Pulmonary arterial hypertension",10439.0,Pneumotox_only,aminopyridine,Nc1ccccn1,0,0,0,1
Aminorex,"VI.b
                
VI - Pulmonary vasculopathies

                    VI.b - Pulmonary arterial hypertension                


                  XV.al
                
XV - Pathology

                    XV.al - Path: Pulmonary hypertension incl. angiomatoid vasculopathy",16630.0,Pneumotox_only,aminorex,N=C1NCC(c2ccccc2)O1,0,0,0,1
Amiodarone,"I.a
                
I - Interstitial/parenchymal lung disease

                    I.a - Pneumonitis (ILD), acute and/or severe (may cause ARDS)                


                  I.b
                
I - Interstitial/parenchymal lung disease

                    I.b - Pneumonitis (ILD)                


                  I.c
                
I - Interstitial/parenchymal lung disease

                    I.c - Eosinophilic pneumonia (pulmonary infiltrates and eosinophilia)                


                  I.d
                
I - Interstitial/parenchymal lung disease

                    I.d - Organizing pneumonia pattern (an area or areas of consolidation on imaging)                


                  I.e
                
I - Interstitial/parenchymal lung disease

                    I.e - Acute eosinophilic pneumonia (AEP)                


                  I.f
                
I - Interstitial/parenchymal lung disease

                    I.f - Acute fibrinous organizing pneumonia (AFOP)                


                  I.g
                
I - Interstitial/parenchymal lung disease

                    I.g - Pulmonary fibrosis                


                  I.h
                
I - Interstitial/parenchymal lung disease

                    I.h - Subclinical pulmonary infiltrates/ILD                


                  I.k
                
I - Interstitial/parenchymal lung disease

                    I.k - Lung nodule or nodules                


                  I.l
                
I - Interstitial/parenchymal lung disease

                    I.l - Diffuse alveolar damage (DAD) (see alsoo under IIb and XVf)                


                  I.s
                
I - Interstitial/parenchymal lung disease

                    I.s - A mass or masses                


                  I.u
                
I - Interstitial/parenchymal lung disease

                    I.u - Relapsing or migrating pneumonitis/pneumonia (see also Id)                


                  I.w
                
I - Interstitial/parenchymal lung disease

                    I.w - Rapidly progressive ILD/pulmonary fibrosis (Hamman-Rich syndrome)                


                  I.z
                
I - Interstitial/parenchymal lung disease

                    I.z - An area or areas of consolidation                


                  I.aa
                
I - Interstitial/parenchymal lung disease

                    I.aa - Delayed ILD, -pneumonitis, -fibrosis                


                  I.ao
                
I - Interstitial/parenchymal lung disease

                    I.ao - Pulmonary infiltrates                


                  I.at
                
I - Interstitial/parenchymal lung disease

                    I.at - Amiodarone pulmonary toxicity - Amiodarone lung                


                  I.ax
                
I - Interstitial/parenchymal lung disease

                    I.ax - Chronic pneumonitis                


                  I.ay
                
I - Interstitial/parenchymal lung disease

                    I.ay - Unilateral interstitial lung disease                


                  II.b
                
II - Pulmonary edema - Acute lung injury - ARDS

                    II.b - ARDS - Acute lung injury                


                  II.l
                
II - Pulmonary edema - Acute lung injury - ARDS

                    II.l - Postoperative ARDS                


                  III.a
                
III - Pulmonary/alveolar./airway hemorrhage/bleeding

                    III.a - Alveolar hemorrhage (AH), diffuse AH (DAH)                


                  III.c
                
III - Pulmonary/alveolar./airway hemorrhage/bleeding

                    III.c - Hemoptysis                


                  IV.a
                
IV - Airway involvement

                    IV.a - Bronchospasm - Wheezing - Asthma                


                  IV.d
                
IV - Airway involvement

                    IV.d - Cough (lone)                


                  IV.r
                
IV - Airway involvement

                    IV.r - Airway pigmentation (black, bluish, petechial)                


                  V.a
                
V - Pleural and/or pericardial involvement

                    V.a - Pleural effusion (uni- or bilateral) (can accompany DI-LDs)                


                  V.c
                
V - Pleural and/or pericardial involvement

                    V.c - Pleural thickening - Fibrothorax                


                  V.d
                
V - Pleural and/or pericardial involvement

                    V.d - Pleural/pericardial effusion, ANA positive (DI lupus)                


                  V.t
                
V - Pleural and/or pericardial involvement

                    V.t - The apical cap                


                  VI.a
                
VI - Pulmonary vasculopathies

                    VI.a - Pulmonary embolism - Venous thrombosis/thromboembolism                


                  VI.i
                
VI - Pulmonary vasculopathies

                    VI.i - Acute pulmonary hypertension                


                  VIII.a
                
VIII - Central-large-upper airway (incl. pharyngeal-nasal) involvement

                    VIII.a - Angioedema (may cause UAO, asphyxia and death)                


                  IX.a
                
IX - Neuromuscular / CNS involvement - Disordered breathing (during sleep)

                    IX.a - Diaphragm/inspiratory muscle weakness/paralysis (w/wo ARF)                


                  IX.d
                
IX - Neuromuscular / CNS involvement - Disordered breathing (during sleep)

                    IX.d - Respiratory failure from ventilatory depression (due to neuromuscular blockade/paralysis)                


                  IX.ai
                
IX - Neuromuscular / CNS involvement - Disordered breathing (during sleep)

                    IX.ai - Acute respiratory failure (hypoxemia, acidosis) from myxedema (-coma)                


                  X.d
                
X - Systemic/Distant conditions, syndromes and reactions

                    X.d - Lupus - Lupus syndrome (see also Vd)                


                  X.f
                
X - Systemic/Distant conditions, syndromes and reactions

                    X.f - Anaphylaxis-Anaphylactoid reaction (can be fatal)                


                  X.q
                
X - Systemic/Distant conditions, syndromes and reactions

                    X.q - Systemic inflammatory response                


                  XI.c
                
XI - Miscellaneous

                    XI.c - Pleuritic chest pain                


                  XI.f
                
XI - Miscellaneous

                    XI.f - Bluish, pseudocyanotic skin discoloration                


                  XI.bq
                
XI - Miscellaneous

                    XI.bq - Platypnea-orthodeoxia                


                  XII.a
                
XII - Cardiovascular involvement / toxicity

                    XII.a - Left or biventricular dysfunction/failure                


                  XII.c
                
XII - Cardiovascular involvement / toxicity

                    XII.c - Pericardial effusion (w/wo tamponade)                


                  XII.e
                
XII - Cardiovascular involvement / toxicity

                    XII.e - Takotsubo (stress) cardiomyopathy                


                  XII.l
                
XII - Cardiovascular involvement / toxicity

                    XII.l - Cardiac arrhythmias or dysrhythmias (AF, VT, VF, TdP)                


                  XII.n
                
XII - Cardiovascular involvement / toxicity

                    XII.n - Cardiovascular collapse - Cardiogenic shock - Hypotension                


                  XII.p
                
XII - Cardiovascular involvement / toxicity

                    XII.p - QTc prolongation                


                  XII.t
                
XII - Cardiovascular involvement / toxicity

                    XII.t - Torsades de pointe                


                  XII.af
                
XII - Cardiovascular involvement / toxicity

                    XII.af - Coronary vasospasm - Vasospastic angina                


                  XII.au
                
XII - Cardiovascular involvement / toxicity

                    XII.au - Heart failure (thyrotoxicosis-, thyroid storm-mediated)                


                  XV.a
                
XV - Pathology

                    XV.a - Path: NSIP-cellular pattern (see also Ia, Ib)                


                  XV.b
                
XV - Pathology

                    XV.b - Path: Eosinophilic pneumonia (subacute or acute)  (see also Ic)                


                  XV.c
                
XV - Pathology

                    XV.c - Path: Organizing pneumonia (OP/BOOP) pattern (see also Id)                


                  XV.d
                
XV - Pathology

                    XV.d - Path: Acute fibrinous organizing pneumonia (AFOP-pattern) (see also If)                


                  XV.f
                
XV - Pathology

                    XV.f - Path: Diffuse alveolar damage (DAD-pattern) (see also IL)                


                  XV.g
                
XV - Pathology

                    XV.g - Path: Alveolar hemorrhage (see also IIIa)                


                  XV.h
                
XV - Pathology

                    XV.h - Path: NSIP-fibrotic pattern                


                  XV.i
                
XV - Pathology

                    XV.i - Path: Pneumocyte atypia (reactive epithelial cells) (a.k.a. the ""Napoleon Hat"" sign)                


                  XV.j
                
XV - Pathology

                    XV.j - Path: Pulmonary fibrosis (UIP-pattern)                


                  XV.k
                
XV - Pathology

                    XV.k - Path: Desquamative interstitial pneumonia (DIP-pattern)                


                  XV.m
                
XV - Pathology

                    XV.m - Path: Lymphoid hyperplasia (including nodular- or a lymphocytic interstitial pneumonia pattern)                


                  XV.o
                
XV - Pathology

                    XV.o - Path: Endogenous lipoid pneumonia (phospholipidosis)                


                  XV.r
                
XV - Pathology

                    XV.r - Path: Smudged geographic necrosis                


                  XV.ao
                
XV - Pathology

                    XV.ao - Path: Pleuritis, pleural fibrosis                


                  XV.bt
                
XV - Pathology

                    XV.bt - Path: Histiocytic proliferation                


                  XVI.b
                
XVI - Imaging

                    XVI.b - Imaging: Ground-glass opacities (GGO) / shadowing                


                  XVI.i
                
XVI - Imaging

                    XVI.i - Imaging: An area or areas of involvement with a recognizable anatomic distribution                


                  XVI.j
                
XVI - Imaging

                    XVI.j - Imaging: Wandering (migratory) pulmonary opacities                


                  XVI.n
                
XVI - Imaging

                    XVI.n - Imaging: Intralobular septal thickening - Crazy paving                


                  XVI.s
                
XVI - Imaging

                    XVI.s - Imaging: An area or areas of involvement with high attenuation numbers or metallic density                


                  XVI.w
                
XVI - Imaging

                    XVI.w - Imaging: Lung nodule or nodules                


                  XVI.aa
                
XVI - Imaging

                    XVI.aa - Imaging: Nodules, mass or masses with a central area of low attenuation (see also under XVIaa)                


                  XVI.ab
                
XVI - Imaging

                    XVI.ab - Imaging: Cavitating/cavitary lung nodule, mass or nodules (see also Iq, XIs, XIIi, XVIaa and XVIIp)                


                  XVI.ay
                
XVI - Imaging

                    XVI.ay - Imaging: Asymmetrical, predominantly unilateral involvement                


                  XVI.az
                
XVI - Imaging

                    XVI.az - Imaging: Solitary pulmonary nodule                


                  XVI.bj
                
XVI - Imaging

                    XVI.bj - Imaging: Atelectasis (a combination of increased density and volume loss. Typically lobar)                


                  XVI.bq
                
XVI - Imaging

                    XVI.bq - Imaging: A pattern consistent with pleuroparenchymal fibroelastosis                


                  XVI.bt
                
XVI - Imaging

                    XVI.bt - Imaging: A subsolid lung nodule or nodules                


                  XVI.bx
                
XVI - Imaging

                    XVI.bx - Imaging: Waxing and waning nodules                


                  XVI.ca
                
XVI - Imaging

                    XVI.ca - Imaging: Disseminated patchy pulmonary opacities                


                  XVII.e
                
XVII - Infections & related conditions

                    XVII.e - Pneumocystis jiroveci pneumonia                


                  XVIII.b
                
XVIII - Distinctive patterns - 'Eye-catchers'

                    XVIII.b - Eye catcher: Electron-dense area or areas of consolidation on unenhanced chest CT                


                  XVIII.j
                
XVIII - Distinctive patterns - 'Eye-catchers'

                    XVIII.j - Eye-catcher: Avid lung uptake on 18F-PET-CT                


                  XVIII.k
                
XVIII - Distinctive patterns - 'Eye-catchers'

                    XVIII.k - Eye-catcher: An electron-dense liver on unenhanced CT                


                  XVIII.p
                
XVIII - Distinctive patterns - 'Eye-catchers'

                    XVIII.p - Eye-catcher: An electron-dense ('white') thyroid                


                  XIX.a
                
XIX - Cytological, biochemical features of/in BAL, pleural fluid or FNA

                    XIX.a - BAL: An excess proportion of lymphocytes                


                  XIX.b
                
XIX - Cytological, biochemical features of/in BAL, pleural fluid or FNA

                    XIX.b - BAL: An excess proportion of neutrophils                


                  XIX.c
                
XIX - Cytological, biochemical features of/in BAL, pleural fluid or FNA

                    XIX.c - BAL: An excess proportion of eosinophils                


                  XIX.e
                
XIX - Cytological, biochemical features of/in BAL, pleural fluid or FNA

                    XIX.e - BAL: Stainable iron in macrophages                


                  XIX.f
                
XIX - Cytological, biochemical features of/in BAL, pleural fluid or FNA

                    XIX.f - BAL: Foamy macrophages                


                  XIX.m
                
XIX - Cytological, biochemical features of/in BAL, pleural fluid or FNA

                    XIX.m - BAL: A normal cell differential                


                  XIX.p
                
XIX - Cytological, biochemical features of/in BAL, pleural fluid or FNA

                    XIX.p - BAL: Lamellar bodies in AM on EM",2157.0,Both,amiodarone,CCCCc1oc2ccccc2c1C(=O)c1cc(I)c(OCCN(CC)CC)c(I)c1,1,1,1,1
Amitraz,"IX.d
                
IX - Neuromuscular / CNS involvement - Disordered breathing (during sleep)

                    IX.d - Respiratory failure from ventilatory depression (due to neuromuscular blockade/paralysis)",36324.0,Pneumotox_only,amitraz,Cc1ccc(N=CN(C)C=Nc2ccc(C)cc2C)c(C)c1,0,0,0,0
Amitriptyline,"I.c
                
I - Interstitial/parenchymal lung disease

                    I.c - Eosinophilic pneumonia (pulmonary infiltrates and eosinophilia)                


                  II.b
                
II - Pulmonary edema - Acute lung injury - ARDS

                    II.b - ARDS - Acute lung injury                


                  IX.d
                
IX - Neuromuscular / CNS involvement - Disordered breathing (during sleep)

                    IX.d - Respiratory failure from ventilatory depression (due to neuromuscular blockade/paralysis)                


                  X.a
                
X - Systemic/Distant conditions, syndromes and reactions

                    X.a - DRES syndrome - DRESS-like reaction                


                  XII.c
                
XII - Cardiovascular involvement / toxicity

                    XII.c - Pericardial effusion (w/wo tamponade)                


                  XII.d
                
XII - Cardiovascular involvement / toxicity

                    XII.d - Myocarditis (can be fulminant)                


                  XV.ca
                
XV - Pathology

                    XV.ca - Path: Myocarditis                


                  XV.cf
                
XV - Pathology

                    XV.cf - Path: Myocardial fibrosis",2160.0,Both,amitriptyline,CN(C)CCC=C1c2ccccc2CCc2ccccc21,1,1,0,0
Amlodipine,"II.a
                
II - Pulmonary edema - Acute lung injury - ARDS

                    II.a - Pulmonary edema, noncardiogenic (NCPE)                


                  II.b
                
II - Pulmonary edema - Acute lung injury - ARDS

                    II.b - ARDS - Acute lung injury                


                  II.u
                
II - Pulmonary edema - Acute lung injury - ARDS

                    II.u - Acute respiratory failure (e.g. from ARDS, ILD, PIE, OP, pulmonary edema or bronchospasm) requiring ECMO                


                  IV.d
                
IV - Airway involvement

                    IV.d - Cough (lone)                


                  VIII.a
                
VIII - Central-large-upper airway (incl. pharyngeal-nasal) involvement

                    VIII.a - Angioedema (may cause UAO, asphyxia and death)                


                  XI.b
                
XI - Miscellaneous

                    XI.b - Chest pain (acute or subacute), lone or prominent                


                  XI.r
                
XI - Miscellaneous

                    XI.r - Death following exposure or poisoning                


                  XI.ab
                
XI - Miscellaneous

                    XI.ab - Gingival hypertrophy                


                  XII.n
                
XII - Cardiovascular involvement / toxicity

                    XII.n - Cardiovascular collapse - Cardiogenic shock - Hypotension",2162.0,Both,amlodipine,CCOC(=O)C1=C(COCCN)N=C(C)C(C(=O)OC)C1c1ccccc1Cl,0,1,0,0
Amoxapine,"II.b
                
II - Pulmonary edema - Acute lung injury - ARDS

                    II.b - ARDS - Acute lung injury",2170.0,Both,amoxapine,Clc1ccc2c(c1)C(N1CCNCC1)=Nc1ccccc1O2,0,1,0,0
Amoxicillin,"I.c
                
I - Interstitial/parenchymal lung disease

                    I.c - Eosinophilic pneumonia (pulmonary infiltrates and eosinophilia)                


                  I.e
                
I - Interstitial/parenchymal lung disease

                    I.e - Acute eosinophilic pneumonia (AEP)                


                  IV.aa
                
IV - Airway involvement

                    IV.aa - Occupational asthma                


                  VIII.a
                
VIII - Central-large-upper airway (incl. pharyngeal-nasal) involvement

                    VIII.a - Angioedema (may cause UAO, asphyxia and death)                


                  X.a
                
X - Systemic/Distant conditions, syndromes and reactions

                    X.a - DRES syndrome - DRESS-like reaction                


                  X.f
                
X - Systemic/Distant conditions, syndromes and reactions

                    X.f - Anaphylaxis-Anaphylactoid reaction (can be fatal)",33613.0,Both,amoxicillin,CC1(C)SC2C(NC(=O)C(N)c3ccc(O)cc3)C(=O)N2C1C(=O)O,1,0,0,0
Ampicillin,"I.c
                
I - Interstitial/parenchymal lung disease

                    I.c - Eosinophilic pneumonia (pulmonary infiltrates and eosinophilia)                


                  I.e
                
I - Interstitial/parenchymal lung disease

                    I.e - Acute eosinophilic pneumonia (AEP)                


                  II.b
                
II - Pulmonary edema - Acute lung injury - ARDS

                    II.b - ARDS - Acute lung injury                


                  X.f
                
X - Systemic/Distant conditions, syndromes and reactions

                    X.f - Anaphylaxis-Anaphylactoid reaction (can be fatal)                


                  XV.b
                
XV - Pathology

                    XV.b - Path: Eosinophilic pneumonia (subacute or acute)  (see also Ic)",6249.0,Both,ampicillin,CC1(C)SC2C(NC(=O)C(N)c3ccccc3)C(=O)N2C1C(=O)O,1,1,0,0
Amrubicin,"I.a
                
I - Interstitial/parenchymal lung disease

                    I.a - Pneumonitis (ILD), acute and/or severe (may cause ARDS)                


                  I.b
                
I - Interstitial/parenchymal lung disease

                    I.b - Pneumonitis (ILD)                


                  I.y
                
I - Interstitial/parenchymal lung disease

                    I.y - Progression, acceleration or exacerbation of preexisting ILD/fibrosis",3035016.0,Pneumotox_only,amrubicin,CC(=O)C1(N)C=C2C(=O)c3c(c(O)c4ccccc4c3O)C(=O)C2C(OC2CC(O)C(O)CO2)C1,1,0,0,0
Anagrelide,"I.a
                
I - Interstitial/parenchymal lung disease

                    I.a - Pneumonitis (ILD), acute and/or severe (may cause ARDS)                


                  I.b
                
I - Interstitial/parenchymal lung disease

                    I.b - Pneumonitis (ILD)                


                  V.a
                
V - Pleural and/or pericardial involvement

                    V.a - Pleural effusion (uni- or bilateral) (can accompany DI-LDs)                


                  XI.b
                
XI - Miscellaneous

                    XI.b - Chest pain (acute or subacute), lone or prominent                


                  XII.c
                
XII - Cardiovascular involvement / toxicity

                    XII.c - Pericardial effusion (w/wo tamponade)                


                  XII.f
                
XII - Cardiovascular involvement / toxicity

                    XII.f - Cardiomyopathy (acute, subacute, chronic)                


                  XII.l
                
XII - Cardiovascular involvement / toxicity

                    XII.l - Cardiac arrhythmias or dysrhythmias (AF, VT, VF, TdP)                


                  XII.ai
                
XII - Cardiovascular involvement / toxicity

                    XII.ai - Cardiotoxicity                


                  XVI.a
                
XVI - Imaging

                    XVI.a - Imaging: Diffuse haze",135409400.0,Both,anagrelide,Oc1cn2c(n1)Nc1ccc(Cl)c(Cl)c1C2,1,0,1,0
Anastrozole,"I.b
                
I - Interstitial/parenchymal lung disease

                    I.b - Pneumonitis (ILD)                


                  VI.a
                
VI - Pulmonary vasculopathies

                    VI.a - Pulmonary embolism - Venous thrombosis/thromboembolism",2187.0,Both,anastrozole,CC(C)(C#N)c1cc(Cn2cncn2)cc(C(C)(C)C#N)c1,1,0,0,1
Anidulafungin,"II.a
                
II - Pulmonary edema - Acute lung injury - ARDS

                    II.a - Pulmonary edema, noncardiogenic (NCPE)                


                  II.i
                
II - Pulmonary edema - Acute lung injury - ARDS

                    II.i - Flash (fulminate) pulmonary edema",166548.0,Both,anidulafungin,CCCCCOc1ccc(-c2ccc(-c3ccc(C(=O)NC4CC(O)C(O)NC(=O)C5C(O)C(C)CN5C(=O)C(C(C)O)NC(=O)C(C(O)C(O)c5ccc(O)cc5)NC(=O)C5CC(O)CN5C(=O)C(C(C)O)NC4=O)cc3)cc2)cc1,0,1,0,0
"Aniline, p-chloro-","XIV.a
                
XIV - Hemoglobinopathies - Abnormal hemoglobin states (acquired)

                    XIV.a - Methemoglobinemia",7812.0,Pneumotox_only,"aniline, p-chloro-",Nc1ccc(Cl)cc1,0,0,0,0
Antazoline,"I.b
                
I - Interstitial/parenchymal lung disease

                    I.b - Pneumonitis (ILD)",2200.0,Pneumotox_only,antazoline,c1ccc(CN(CC2=NCCN2)c2ccccc2)cc1,1,0,0,0
Antibiotics,"I.b
                
I - Interstitial/parenchymal lung disease

                    I.b - Pneumonitis (ILD)                


                  I.c
                
I - Interstitial/parenchymal lung disease

                    I.c - Eosinophilic pneumonia (pulmonary infiltrates and eosinophilia)                


                  I.e
                
I - Interstitial/parenchymal lung disease

                    I.e - Acute eosinophilic pneumonia (AEP)                


                  IV.a
                
IV - Airway involvement

                    IV.a - Bronchospasm - Wheezing - Asthma                


                  IV.f
                
IV - Airway involvement

                    IV.f - Severe or catastrophic bronchospasm or asthma attack (can be fatal)                


                  VIII.a
                
VIII - Central-large-upper airway (incl. pharyngeal-nasal) involvement

                    VIII.a - Angioedema (may cause UAO, asphyxia and death)                


                  X.a
                
X - Systemic/Distant conditions, syndromes and reactions

                    X.a - DRES syndrome - DRESS-like reaction                


                  X.f
                
X - Systemic/Distant conditions, syndromes and reactions

                    X.f - Anaphylaxis-Anaphylactoid reaction (can be fatal)                


                  X.s
                
X - Systemic/Distant conditions, syndromes and reactions

                    X.s - Vasculitis, pulmonary (w/wo AH), extrapulmonary, systemic: ANCA-positive                


                  XI.n
                
XI - Miscellaneous

                    XI.n - Neutropenia, agranulocytosis (w/wo infection/sepsis)                


                  XII.c
                
XII - Cardiovascular involvement / toxicity

                    XII.c - Pericardial effusion (w/wo tamponade)",46874763.0,Pneumotox_only,antibiotics,CC(=O)NC1C(OP(=O)(O)OP(=O)(O)OCC2OC(n3cc(I)c(=O)[nH]c3=O)C(O)C2O)OC(CO)C(O)C1OC(C)C(=O)NC(C)P(=O)(O)CC(CCC(=O)O)C(=O)O,1,0,0,0
Apalutamide,"I.a
                
I - Interstitial/parenchymal lung disease

                    I.a - Pneumonitis (ILD), acute and/or severe (may cause ARDS)                


                  I.b
                
I - Interstitial/parenchymal lung disease

                    I.b - Pneumonitis (ILD)                


                  I.f
                
I - Interstitial/parenchymal lung disease

                    I.f - Acute fibrinous organizing pneumonia (AFOP)                


                  XV.d
                
XV - Pathology

                    XV.d - Path: Acute fibrinous organizing pneumonia (AFOP-pattern) (see also If)                


                  XVII.g
                
XVII - Infections & related conditions

                    XVII.g - Tuberculosis (pulmonary, pulmonary, extrapulmonary or disseminated). Reactivation or de novo",24872560.0,Both,apalutamide,CNC(=O)c1ccc(N2C(=S)N(c3cnc(C#N)c(C(F)(F)F)c3)C(=O)C23CCC3)cc1F,1,0,0,0
Apitolisib,"I.b
                
I - Interstitial/parenchymal lung disease

                    I.b - Pneumonitis (ILD)",25254071.0,Pneumotox_only,apitolisib,Cc1c(CN2CCN(C(=O)C(C)O)CC2)sc2c(N3CCOCC3)nc(-c3cnc(N)nc3)nc12,1,0,0,0
Apixaban,"I.a
                
I - Interstitial/parenchymal lung disease

                    I.a - Pneumonitis (ILD), acute and/or severe (may cause ARDS)                


                  I.b
                
I - Interstitial/parenchymal lung disease

                    I.b - Pneumonitis (ILD)                


                  III.a
                
III - Pulmonary/alveolar./airway hemorrhage/bleeding

                    III.a - Alveolar hemorrhage (AH), diffuse AH (DAH)                


                  V.e
                
V - Pleural and/or pericardial involvement

                    V.e - Hemothorax - Serosanguineous pleural effusion                


                  V.n
                
V - Pleural and/or pericardial involvement

                    V.n - Hemopericardium - Bloody pericardial effusion",10182969.0,Both,apixaban,COc1ccc(-n2nc(C(N)=O)c3c2C(=O)N(c2ccc(N4CCCCC4=O)cc2)CC3)cc1,1,0,1,0
Aprindine,"I.b
                
I - Interstitial/parenchymal lung disease

                    I.b - Pneumonitis (ILD)",2218.0,Pneumotox_only,aprindine,CCN(CC)CCCN(c1ccccc1)C1Cc2ccccc2C1,1,0,0,0
Aripiprazole,"I.b
                
I - Interstitial/parenchymal lung disease

                    I.b - Pneumonitis (ILD)                


                  II.a
                
II - Pulmonary edema - Acute lung injury - ARDS

                    II.a - Pulmonary edema, noncardiogenic (NCPE)                


                  IX.f
                
IX - Neuromuscular / CNS involvement - Disordered breathing (during sleep)

                    IX.f - Hiccup                


                  XII.l
                
XII - Cardiovascular involvement / toxicity

                    XII.l - Cardiac arrhythmias or dysrhythmias (AF, VT, VF, TdP)                


                  XV.a
                
XV - Pathology

                    XV.a - Path: NSIP-cellular pattern (see also Ia, Ib)",60795.0,Both,aripiprazole,O=C1CCc2ccc(OCCCCN3CCN(c4cccc(Cl)c4Cl)CC3)cc2N1,1,1,0,0
Asunaprevir,"I.b
                
I - Interstitial/parenchymal lung disease

                    I.b - Pneumonitis (ILD)",16076883.0,Pneumotox_only,asunaprevir,C=CC1CC1(NC(=O)C1CC(Oc2ncc(OC)c3ccc(Cl)cc23)CN1C(=O)C(NC(=O)OC(C)(C)C)C(C)(C)C)C(=O)NS(=O)(=O)C1CC1,1,0,0,0
Atosiban,"II.a
                
II - Pulmonary edema - Acute lung injury - ARDS

                    II.a - Pulmonary edema, noncardiogenic (NCPE)",5311010.0,Both,atosiban,CCOc1ccc(CC2NC(=O)CCSSCC(C(=O)N3CCCC3C(=O)NC(CCCN)C(=O)NCC(N)=O)NC(=O)C(CC(N)=O)NC(=O)C(C(C)O)NC(=O)C(C(C)CC)NC2=O)cc1,0,1,0,0
Axitinib,"I.b
                
I - Interstitial/parenchymal lung disease

                    I.b - Pneumonitis (ILD)                


                  III.c
                
III - Pulmonary/alveolar./airway hemorrhage/bleeding

                    III.c - Hemoptysis                


                  V.f
                
V - Pleural and/or pericardial involvement

                    V.f - Pneumothorax                


                  VIII.j
                
VIII - Central-large-upper airway (incl. pharyngeal-nasal) involvement

                    VIII.j - Laryngeal disorder-Laryngeal nerve palsy (dysphonia, hoarseness)                


                  XI.w
                
XI - Miscellaneous

                    XI.w - Cavitation/necrosis of lung tumor or metastases                


                  XVI.bf
                
XVI - Imaging

                    XVI.bf - Imaging: Tumoral cavitation",6450551.0,Both,axitinib,CNC(=O)c1ccccc1Sc1ccc2c(C=Cc3ccccn3)[nH]nc2c1,1,0,1,0
Azacitidine,"I.a
                
I - Interstitial/parenchymal lung disease

                    I.a - Pneumonitis (ILD), acute and/or severe (may cause ARDS)                


                  I.b
                
I - Interstitial/parenchymal lung disease

                    I.b - Pneumonitis (ILD)                


                  I.c
                
I - Interstitial/parenchymal lung disease

                    I.c - Eosinophilic pneumonia (pulmonary infiltrates and eosinophilia)                


                  I.d
                
I - Interstitial/parenchymal lung disease

                    I.d - Organizing pneumonia pattern (an area or areas of consolidation on imaging)                


                  II.b
                
II - Pulmonary edema - Acute lung injury - ARDS

                    II.b - ARDS - Acute lung injury                


                  V.i
                
V - Pleural and/or pericardial involvement

                    V.i - Pleuritis (can cause chest pain)                


                  V.m
                
V - Pleural and/or pericardial involvement

                    V.m - Pleuropericarditis - Pleuropericardial effusion (ANA unknown or negative)                


                  XI.c
                
XI - Miscellaneous

                    XI.c - Pleuritic chest pain                


                  XV.c
                
XV - Pathology

                    XV.c - Path: Organizing pneumonia (OP/BOOP) pattern (see also Id)",9444.0,Both,azacitidine,Nc1ncn(C2OC(CO)C(O)C2O)c(=O)n1,1,1,1,0
Azapropazone,"I.b
                
I - Interstitial/parenchymal lung disease

                    I.b - Pneumonitis (ILD)",26098.0,Pneumotox_only,azapropazone,CCCc1c(O)n2c(N(C)C)nc3ccc(C)cc3n2c1=O,1,0,0,0
Azathioprine,"I.a
                
I - Interstitial/parenchymal lung disease

                    I.a - Pneumonitis (ILD), acute and/or severe (may cause ARDS)                


                  I.b
                
I - Interstitial/parenchymal lung disease

                    I.b - Pneumonitis (ILD)                


                  I.c
                
I - Interstitial/parenchymal lung disease

                    I.c - Eosinophilic pneumonia (pulmonary infiltrates and eosinophilia)                


                  I.d
                
I - Interstitial/parenchymal lung disease

                    I.d - Organizing pneumonia pattern (an area or areas of consolidation on imaging)                


                  I.g
                
I - Interstitial/parenchymal lung disease

                    I.g - Pulmonary fibrosis                


                  I.l
                
I - Interstitial/parenchymal lung disease

                    I.l - Diffuse alveolar damage (DAD) (see alsoo under IIb and XVf)                


                  I.m
                
I - Interstitial/parenchymal lung disease

                    I.m - ILD with a granulomatous component                


                  I.q
                
I - Interstitial/parenchymal lung disease

                    I.q - Pulmonary nodulosis                


                  I.ah
                
I - Interstitial/parenchymal lung disease

                    I.ah - Acute restrictive lung dysfunction                


                  II.b
                
II - Pulmonary edema - Acute lung injury - ARDS

                    II.b - ARDS - Acute lung injury                


                  III.a
                
III - Pulmonary/alveolar./airway hemorrhage/bleeding

                    III.a - Alveolar hemorrhage (AH), diffuse AH (DAH)                


                  VIII.a
                
VIII - Central-large-upper airway (incl. pharyngeal-nasal) involvement

                    VIII.a - Angioedema (may cause UAO, asphyxia and death)                


                  X.g
                
X - Systemic/Distant conditions, syndromes and reactions

                    X.g - Hypersensitivity reaction (may manifest with fever and/or skin, throat or airway involvement)                


                  X.o
                
X - Systemic/Distant conditions, syndromes and reactions

                    X.o - Neutrophilic dermatosis (Pyoderma, Sweet syndrome)                


                  XII.h
                
XII - Cardiovascular involvement / toxicity

                    XII.h - Eosinophilic myocarditis                


                  XIII.b
                
XIII - Neoplastic conditions

                    XIII.b - Lymphoproliferative disease (pulmonary, endobronchial, endothoracic)                


                  XV.a
                
XV - Pathology

                    XV.a - Path: NSIP-cellular pattern (see also Ia, Ib)                


                  XV.e
                
XV - Pathology

                    XV.e - Path: ILD with a granulomatous component (see also Im)                


                  XV.f
                
XV - Pathology

                    XV.f - Path: Diffuse alveolar damage (DAD-pattern) (see also IL)                


                  XV.j
                
XV - Pathology

                    XV.j - Path: Pulmonary fibrosis (UIP-pattern)                


                  XV.bq
                
XV - Pathology

                    XV.bq - Path: Lymphoproliferative disease, endothoracic                


                  XVII.e
                
XVII - Infections & related conditions

                    XVII.e - Pneumocystis jiroveci pneumonia                


                  XVII.h
                
XVII - Infections & related conditions

                    XVII.h - Nontuberculous pulmonary mycobacterial infection/superinfection                


                  XIX.a
                
XIX - Cytological, biochemical features of/in BAL, pleural fluid or FNA

                    XIX.a - BAL: An excess proportion of lymphocytes",2265.0,Both,azathioprine,Cn1cnc([N+](=O)[O-])c1Sc1ncnc2[nH]cnc12,1,1,1,0
Azithromycin,"I.c
                
I - Interstitial/parenchymal lung disease

                    I.c - Eosinophilic pneumonia (pulmonary infiltrates and eosinophilia)                


                  III.a
                
III - Pulmonary/alveolar./airway hemorrhage/bleeding

                    III.a - Alveolar hemorrhage (AH), diffuse AH (DAH)                


                  IX.f
                
IX - Neuromuscular / CNS involvement - Disordered breathing (during sleep)

                    IX.f - Hiccup                


                  X.a
                
X - Systemic/Distant conditions, syndromes and reactions

                    X.a - DRES syndrome - DRESS-like reaction                


                  X.h
                
X - Systemic/Distant conditions, syndromes and reactions

                    X.h - Eosinophilic granulomatosis with polyangiitis (Churg-Strauss)",447043.0,Both,azithromycin,CCC1OC(=O)C(C)C(OC2CC(C)(OC)C(O)C(C)O2)C(C)C(OC2OC(C)CC(N(C)C)C2O)C(C)(O)CC(C)CN(C)C(C)C(O)C1(C)O,1,0,0,0
Bacitracin,"X.f
                
X - Systemic/Distant conditions, syndromes and reactions

                    X.f - Anaphylaxis-Anaphylactoid reaction (can be fatal)",10909430.0,Pneumotox_only,bacitracin,CCC(C)C(N)C1=NC(C(=O)NC(CC(C)C)C(=O)NC(CCC(=O)O)C(=O)NC(C(=O)NC2CCCCNC(=O)C(CC(N)=O)NC(=O)C(CC(=O)O)NC(=O)C(Cc3c[nH]cn3)NC(=O)C(Cc3ccccc3)NC(=O)C(C(C)CC)NC(=O)C(CCCN)NC2=O)C(C)CC)CS1,0,0,0,0
Baclofen,"VIII.e
                
VIII - Central-large-upper airway (incl. pharyngeal-nasal) involvement

                    VIII.e - Laryngospasm (a.k.a. laryngismus)                


                  VIII.h
                
VIII - Central-large-upper airway (incl. pharyngeal-nasal) involvement

                    VIII.h - Vocal cord dysfunction, adduction, closure, injury                


                  IX.d
                
IX - Neuromuscular / CNS involvement - Disordered breathing (during sleep)

                    IX.d - Respiratory failure from ventilatory depression (due to neuromuscular blockade/paralysis)                


                  IX.e
                
IX - Neuromuscular / CNS involvement - Disordered breathing (during sleep)

                    IX.e - Disordered breathing pattern incl. Cheyne-Stokes respiration                


                  IX.f
                
IX - Neuromuscular / CNS involvement - Disordered breathing (during sleep)

                    IX.f - Hiccup                


                  IX.p
                
IX - Neuromuscular / CNS involvement - Disordered breathing (during sleep)

                    IX.p - Disordered breathing during sleep - Sleep apnea                


                  IX.u
                
IX - Neuromuscular / CNS involvement - Disordered breathing (during sleep)

                    IX.u - Central sleep apnea                


                  XII.f
                
XII - Cardiovascular involvement / toxicity

                    XII.f - Cardiomyopathy (acute, subacute, chronic)                


                  XII.m
                
XII - Cardiovascular involvement / toxicity

                    XII.m - Cardiac- cardiorespiratory/pulmonary arrest",2284.0,Both,baclofen,NCC(CC(=O)O)c1ccc(Cl)cc1,0,0,0,0
Balsalazide,"I.c
                
I - Interstitial/parenchymal lung disease

                    I.c - Eosinophilic pneumonia (pulmonary infiltrates and eosinophilia)                


                  I.d
                
I - Interstitial/parenchymal lung disease

                    I.d - Organizing pneumonia pattern (an area or areas of consolidation on imaging)                


                  V.m
                
V - Pleural and/or pericardial involvement

                    V.m - Pleuropericarditis - Pleuropericardial effusion (ANA unknown or negative)                


                  XV.b
                
XV - Pathology

                    XV.b - Path: Eosinophilic pneumonia (subacute or acute)  (see also Ic)                


                  XV.c
                
XV - Pathology

                    XV.c - Path: Organizing pneumonia (OP/BOOP) pattern (see also Id)                


                  XV.ac
                
XV - Pathology

                    XV.ac - Path: Pulmonary vasculitis other than capillaritis",54585.0,Both,balsalazide,O=C(O)CCNC(=O)c1ccc(N=Nc2ccc(O)c(C(=O)O)c2)cc1,1,0,1,0
Baricitinib,"I.b
                
I - Interstitial/parenchymal lung disease

                    I.b - Pneumonitis (ILD)",44205240.0,Both,baricitinib,CCS(=O)(=O)N1CC(CC#N)(n2cc(-c3ncnc4[nH]ccc34)cn2)C1,1,0,0,0
Beclomethasone,"I.c
                
I - Interstitial/parenchymal lung disease

                    I.c - Eosinophilic pneumonia (pulmonary infiltrates and eosinophilia)                


                  IV.a
                
IV - Airway involvement

                    IV.a - Bronchospasm - Wheezing - Asthma",20469.0,Both,beclomethasone,CC1CC2C3CC=C4CC(=O)C=CC4(C)C3(Cl)C(O)CC2(C)C1(O)C(=O)CO,1,0,0,0
Benazepril,"VIII.a
                
VIII - Central-large-upper airway (incl. pharyngeal-nasal) involvement

                    VIII.a - Angioedema (may cause UAO, asphyxia and death)",5362124.0,Both,benazepril,CCOC(=O)C(CCc1ccccc1)NC1CCc2ccccc2N(CC(=O)O)C1=O,0,0,0,0
Bendamustine,"IX.h
                
IX - Neuromuscular / CNS involvement - Disordered breathing (during sleep)

                    IX.h - Dyspnea, unexplained otherwise                


                  XVII.b
                
XVII - Infections & related conditions

                    XVII.b - Opportunistic pulmonary/systemic infections                


                  XVII.e
                
XVII - Infections & related conditions

                    XVII.e - Pneumocystis jiroveci pneumonia                


                  XVII.ag
                
XVII - Infections & related conditions

                    XVII.ag - CMV pneumonitis (reactivation)",65628.0,Both,bendamustine,Cn1c(CCCC(=O)O)nc2cc(N(CCCl)CCCl)ccc21,0,0,0,0
Benfluorex,"V.a
                
V - Pleural and/or pericardial involvement

                    V.a - Pleural effusion (uni- or bilateral) (can accompany DI-LDs)                


                  V.c
                
V - Pleural and/or pericardial involvement

                    V.c - Pleural thickening - Fibrothorax                


                  VI.b
                
VI - Pulmonary vasculopathies

                    VI.b - Pulmonary arterial hypertension                


                  XII.b
                
XII - Cardiovascular involvement / toxicity

                    XII.b - Valvular heart disease and/or dysfunction",2318.0,Pneumotox_only,benfluorex,CC(Cc1cccc(C(F)(F)F)c1)NCCOC(=O)c1ccccc1,0,0,1,1
Bentazone,"IX.c
                
IX - Neuromuscular / CNS involvement - Disordered breathing (during sleep)

                    IX.c - Chest wall muscle rigidity - Stiff/wooden chest                


                  IX.k
                
IX - Neuromuscular / CNS involvement - Disordered breathing (during sleep)

                    IX.k - Trismus (lockjaw)                


                  XI.r
                
XI - Miscellaneous

                    XI.r - Death following exposure or poisoning                


                  XII.m
                
XII - Cardiovascular involvement / toxicity

                    XII.m - Cardiac- cardiorespiratory/pulmonary arrest",2328.0,Pneumotox_only,bentazone,CC(C)N1C(=O)c2ccccc2NS1(=O)=O,0,0,0,0
Benzalkonium chloride,"IV.a
                
IV - Airway involvement

                    IV.a - Bronchospasm - Wheezing - Asthma                


                  X.f
                
X - Systemic/Distant conditions, syndromes and reactions

                    X.f - Anaphylaxis-Anaphylactoid reaction (can be fatal)",3014024.0,Pneumotox_only,benzalkonium chloride,CCCCCCCCCCCCC[N+](C)(C)Cc1ccccc1,0,0,0,0
Benzbromarone,"I.c
                
I - Interstitial/parenchymal lung disease

                    I.c - Eosinophilic pneumonia (pulmonary infiltrates and eosinophilia)                


                  III.a
                
III - Pulmonary/alveolar./airway hemorrhage/bleeding

                    III.a - Alveolar hemorrhage (AH), diffuse AH (DAH)                


                  XI.c
                
XI - Miscellaneous

                    XI.c - Pleuritic chest pain",2333.0,Pneumotox_only,benzbromarone,CCc1oc2ccccc2c1C(=O)c1cc(Br)c(O)c(Br)c1,1,0,0,0
Benzonatate,"IV.a
                
IV - Airway involvement

                    IV.a - Bronchospasm - Wheezing - Asthma                


                  XI.d
                
XI - Miscellaneous

                    XI.d - Metabolic acidosis (incl. lactic acidosis/-gap). May cause hyperpnea/dyspnea                


                  XII.l
                
XII - Cardiovascular involvement / toxicity

                    XII.l - Cardiac arrhythmias or dysrhythmias (AF, VT, VF, TdP)                


                  XII.m
                
XII - Cardiovascular involvement / toxicity

                    XII.m - Cardiac- cardiorespiratory/pulmonary arrest",7699.0,Both,benzonatate,CCCCNc1ccc(C(=O)OCCOCCOCCOCCOCCOCCOCCOCCOCCOC)cc1,0,0,0,0
Benzonitrile,"XIV.a
                
XIV - Hemoglobinopathies - Abnormal hemoglobin states (acquired)

                    XIV.a - Methemoglobinemia",7505.0,Pneumotox_only,benzonitrile,N#Cc1ccccc1,0,0,0,0
Benzylbenzoate,"X.f
                
X - Systemic/Distant conditions, syndromes and reactions

                    X.f - Anaphylaxis-Anaphylactoid reaction (can be fatal)",2345.0,Pneumotox_only,benzylbenzoate,O=C(OCc1ccccc1)c1ccccc1,0,0,0,0
Benzylthiouracil,"I.b
                
I - Interstitial/parenchymal lung disease

                    I.b - Pneumonitis (ILD)                


                  III.b
                
III - Pulmonary/alveolar./airway hemorrhage/bleeding

                    III.b - Pneumorenal syndrome (w/wo ANCAs)                


                  III.d
                
III - Pulmonary/alveolar./airway hemorrhage/bleeding

                    III.d - Alveolar hemorrhage, diffuse (ANCA-positive/-related)                


                  VI.d
                
VI - Pulmonary vasculopathies

                    VI.d - Pulmonary vasculitis or capillaritis                


                  X.s
                
X - Systemic/Distant conditions, syndromes and reactions

                    X.s - Vasculitis, pulmonary (w/wo AH), extrapulmonary, systemic: ANCA-positive",685814.0,Pneumotox_only,benzylthiouracil,O=c1cc(Cc2ccccc2)[nH]c(=S)[nH]1,1,0,0,1
Bepridil,"I.b
                
I - Interstitial/parenchymal lung disease

                    I.b - Pneumonitis (ILD)                


                  I.g
                
I - Interstitial/parenchymal lung disease

                    I.g - Pulmonary fibrosis",2351.0,Both,bepridil,CC(C)COCC(CN(Cc1ccccc1)c1ccccc1)N1CCCC1,1,0,0,0
Betahistine,"IV.a
                
IV - Airway involvement

                    IV.a - Bronchospasm - Wheezing - Asthma",2366.0,Both,betahistine,CNCCc1ccccn1,0,0,0,0
Betaxolol,"I.d
                
I - Interstitial/parenchymal lung disease

                    I.d - Organizing pneumonia pattern (an area or areas of consolidation on imaging)                


                  IV.a
                
IV - Airway involvement

                    IV.a - Bronchospasm - Wheezing - Asthma                


                  V.d
                
V - Pleural and/or pericardial involvement

                    V.d - Pleural/pericardial effusion, ANA positive (DI lupus)",2369.0,Both,betaxolol,CC(C)NCC(O)COc1ccc(CCOCC2CC2)cc1,1,0,1,0
Bezafibrate,"X.j
                
X - Systemic/Distant conditions, syndromes and reactions

                    X.j - Myopathy-Myositis-Polymyositis (see also under Xba)",39042.0,Both,bezafibrate,CC(C)(Oc1ccc(CCNC(=O)c2ccc(Cl)cc2)cc1)C(=O)O,0,0,0,0
Bicalutamide,"I.b
                
I - Interstitial/parenchymal lung disease

                    I.b - Pneumonitis (ILD)                


                  I.c
                
I - Interstitial/parenchymal lung disease

                    I.c - Eosinophilic pneumonia (pulmonary infiltrates and eosinophilia)                


                  XII.a
                
XII - Cardiovascular involvement / toxicity

                    XII.a - Left or biventricular dysfunction/failure",2375.0,Both,bicalutamide,CC(O)(CS(=O)(=O)c1ccc(F)cc1)C(=O)Nc1ccc(C#N)c(C(F)(F)F)c1,1,0,0,0
Bisoprolol,"IV.a
                
IV - Airway involvement

                    IV.a - Bronchospasm - Wheezing - Asthma                


                  XII.af
                
XII - Cardiovascular involvement / toxicity

                    XII.af - Coronary vasospasm - Vasospastic angina",2405.0,Both,bisoprolol,CC(C)NCC(O)COc1ccc(COCCOC(C)C)cc1,0,0,0,0
Bivalirudin,"V.e
                
V - Pleural and/or pericardial involvement

                    V.e - Hemothorax - Serosanguineous pleural effusion",16129704.0,Both,bivalirudin,CCC(C)C(NC(=O)C(CCC(=O)O)NC(=O)C(CCC(=O)O)NC(=O)C(Cc1ccccc1)NC(=O)C(CC(=O)O)NC(=O)CNC(=O)C(CC(N)=O)NC(=O)CNC(=O)CNC(=O)CNC(=O)CNC(=O)C1CCCN1C(=O)C(CCCN=C(N)N)NC(=O)C1CCCN1C(=O)C(N)Cc1ccccc1)C(=O)N1CCCC1C(=O)NC(CCC(=O)O)C(=O)NC(CCC(=O)O)C(=O)NC(Cc1ccc(O)cc1)C(=O)NC(CC(C)C)C(=O)O,0,0,1,0
Bleomycin,"I.a
                
I - Interstitial/parenchymal lung disease

                    I.a - Pneumonitis (ILD), acute and/or severe (may cause ARDS)                


                  I.b
                
I - Interstitial/parenchymal lung disease

                    I.b - Pneumonitis (ILD)                


                  I.c
                
I - Interstitial/parenchymal lung disease

                    I.c - Eosinophilic pneumonia (pulmonary infiltrates and eosinophilia)                


                  I.d
                
I - Interstitial/parenchymal lung disease

                    I.d - Organizing pneumonia pattern (an area or areas of consolidation on imaging)                


                  I.f
                
I - Interstitial/parenchymal lung disease

                    I.f - Acute fibrinous organizing pneumonia (AFOP)                


                  I.g
                
I - Interstitial/parenchymal lung disease

                    I.g - Pulmonary fibrosis                


                  I.k
                
I - Interstitial/parenchymal lung disease

                    I.k - Lung nodule or nodules                


                  I.l
                
I - Interstitial/parenchymal lung disease

                    I.l - Diffuse alveolar damage (DAD) (see alsoo under IIb and XVf)                


                  I.p
                
I - Interstitial/parenchymal lung disease

                    I.p - Fatal pneumonitis (ILD)                


                  I.v
                
I - Interstitial/parenchymal lung disease

                    I.v - Abnormal lung function/pulmonary physiology (PFTs) without necessarily imaging or clinical evidence                


                  I.w
                
I - Interstitial/parenchymal lung disease

                    I.w - Rapidly progressive ILD/pulmonary fibrosis (Hamman-Rich syndrome)                


                  II.b
                
II - Pulmonary edema - Acute lung injury - ARDS

                    II.b - ARDS - Acute lung injury                


                  II.u
                
II - Pulmonary edema - Acute lung injury - ARDS

                    II.u - Acute respiratory failure (e.g. from ARDS, ILD, PIE, OP, pulmonary edema or bronchospasm) requiring ECMO                


                  V.f
                
V - Pleural and/or pericardial involvement

                    V.f - Pneumothorax                


                  V.p
                
V - Pleural and/or pericardial involvement

                    V.p - Pleuroparenchymal fibroelastosis (PPFE)                


                  V.z
                
V - Pleural and/or pericardial involvement

                    V.z - Pneumothorax (associated or secondary to drug-induced ILD)                


                  VI.c
                
VI - Pulmonary vasculopathies

                    VI.c - Pulmonary veno-occlusive disease                


                  VI.f
                
VI - Pulmonary vasculopathies

                    VI.f - Hemolytic and uremic syndrome (HUS). See also under Xaf                


                  VII.e
                
VII - Mediastinal involvement

                    VII.e - Granulomatous mediastinal lymphadenopathy                


                  VII.h
                
VII - Mediastinal involvement

                    VII.h - Pneumomediastinum                


                  XI.b
                
XI - Miscellaneous

                    XI.b - Chest pain (acute or subacute), lone or prominent                


                  XI.c
                
XI - Miscellaneous

                    XI.c - Pleuritic chest pain                


                  XV.a
                
XV - Pathology

                    XV.a - Path: NSIP-cellular pattern (see also Ia, Ib)                


                  XV.b
                
XV - Pathology

                    XV.b - Path: Eosinophilic pneumonia (subacute or acute)  (see also Ic)                


                  XV.c
                
XV - Pathology

                    XV.c - Path: Organizing pneumonia (OP/BOOP) pattern (see also Id)                


                  XV.d
                
XV - Pathology

                    XV.d - Path: Acute fibrinous organizing pneumonia (AFOP-pattern) (see also If)                


                  XV.f
                
XV - Pathology

                    XV.f - Path: Diffuse alveolar damage (DAD-pattern) (see also IL)                


                  XV.h
                
XV - Pathology

                    XV.h - Path: NSIP-fibrotic pattern                


                  XV.i
                
XV - Pathology

                    XV.i - Path: Pneumocyte atypia (reactive epithelial cells) (a.k.a. the ""Napoleon Hat"" sign)                


                  XV.j
                
XV - Pathology

                    XV.j - Path: Pulmonary fibrosis (UIP-pattern)                


                  XV.l
                
XV - Pathology

                    XV.l - Path: Pulmonary fibrosis (not otherwise specified or unclassifiable)                


                  XV.ax
                
XV - Pathology

                    XV.ax - Path: Focal organizing pneumonia                


                  XV.be
                
XV - Pathology

                    XV.be - Path: Interstitial pulmonary edema                


                  XV.bf
                
XV - Pathology

                    XV.bf - Path: Pulmonary necrotizing granuloma or granulomas                


                  XVI.a
                
XVI - Imaging

                    XVI.a - Imaging: Diffuse haze                


                  XVI.b
                
XVI - Imaging

                    XVI.b - Imaging: Ground-glass opacities (GGO) / shadowing                


                  XVI.e
                
XVI - Imaging

                    XVI.e - Imaging: Pulmonary opacities with a subpleural distribution                


                  XVI.k
                
XVI - Imaging

                    XVI.k - Imaging: An area or areas of consolidation                


                  XVI.w
                
XVI - Imaging

                    XVI.w - Imaging: Lung nodule or nodules                


                  XVI.ab
                
XVI - Imaging

                    XVI.ab - Imaging: Cavitating/cavitary lung nodule, mass or nodules (see also Iq, XIs, XIIi, XVIaa and XVIIp)                


                  XVI.af
                
XVI - Imaging

                    XVI.af - Imaging: Lung cysts or bullae (see also XVI ah/bf)                


                  XVI.bl
                
XVI - Imaging

                    XVI.bl - Imaging: An area or areas of avid tracer uptake in the lung/chest on 18F-PET scan                


                  XVIII.j
                
XVIII - Distinctive patterns - 'Eye-catchers'

                    XVIII.j - Eye-catcher: Avid lung uptake on 18F-PET-CT                


                  XIX.b
                
XIX - Cytological, biochemical features of/in BAL, pleural fluid or FNA

                    XIX.b - BAL: An excess proportion of neutrophils                


                  XXIV.a
                
XXIV - Veterinary medicine

                    XXIV.a - Veterinary: Pneumonitis - Interstitial lung disease                


                  XXIV.b
                
XXIV - Veterinary medicine

                    XXIV.b - Veterinary: Pulmonary fibrosis",5460769.0,Both,bleomycin,Cc1c(N)nc(C(CC(N)=O)NCC(N)C(N)=O)nc1C(=O)NC(C(=O)NC(C)C(O)C(C)C(=O)NC(C(=O)NCCc1nc(-c2nc(C(=O)NCCC[S+](C)C)cs2)cs1)C(C)O)C(OC1OC(CO)C(O)C(O)C1OC1OC(CO)C(O)C(OC(N)=O)C1O)c1c[nH]cn1,1,1,1,0
Bortezomib,"I.a
                
I - Interstitial/parenchymal lung disease

                    I.a - Pneumonitis (ILD), acute and/or severe (may cause ARDS)                


                  I.b
                
I - Interstitial/parenchymal lung disease

                    I.b - Pneumonitis (ILD)                


                  I.d
                
I - Interstitial/parenchymal lung disease

                    I.d - Organizing pneumonia pattern (an area or areas of consolidation on imaging)                


                  I.l
                
I - Interstitial/parenchymal lung disease

                    I.l - Diffuse alveolar damage (DAD) (see alsoo under IIb and XVf)                


                  II.b
                
II - Pulmonary edema - Acute lung injury - ARDS

                    II.b - ARDS - Acute lung injury                


                  III.a
                
III - Pulmonary/alveolar./airway hemorrhage/bleeding

                    III.a - Alveolar hemorrhage (AH), diffuse AH (DAH)                


                  VI.b
                
VI - Pulmonary vasculopathies

                    VI.b - Pulmonary arterial hypertension                


                  X.c
                
X - Systemic/Distant conditions, syndromes and reactions

                    X.c - Capillary leak syndrome (CLS)                


                  X.n
                
X - Systemic/Distant conditions, syndromes and reactions

                    X.n - Tumor lysis syndrome (TLS)                


                  X.o
                
X - Systemic/Distant conditions, syndromes and reactions

                    X.o - Neutrophilic dermatosis (Pyoderma, Sweet syndrome)                


                  XII.a
                
XII - Cardiovascular involvement / toxicity

                    XII.a - Left or biventricular dysfunction/failure                


                  XII.f
                
XII - Cardiovascular involvement / toxicity

                    XII.f - Cardiomyopathy (acute, subacute, chronic)                


                  XII.s
                
XII - Cardiovascular involvement / toxicity

                    XII.s - Heart block (bundle branch- or AV-)                


                  XII.ai
                
XII - Cardiovascular involvement / toxicity

                    XII.ai - Cardiotoxicity                


                  XV.a
                
XV - Pathology

                    XV.a - Path: NSIP-cellular pattern (see also Ia, Ib)                


                  XV.c
                
XV - Pathology

                    XV.c - Path: Organizing pneumonia (OP/BOOP) pattern (see also Id)                


                  XVII.e
                
XVII - Infections & related conditions

                    XVII.e - Pneumocystis jiroveci pneumonia                


                  XVII.h
                
XVII - Infections & related conditions

                    XVII.h - Nontuberculous pulmonary mycobacterial infection/superinfection                


                  XVII.j
                
XVII - Infections & related conditions

                    XVII.j - Mucormycosis (pulmonary, tracheobronchial or systemic)",387447.0,Both,bortezomib,CC(C)CC(NC(=O)C(Cc1ccccc1)NC(=O)c1cnccn1)B(O)O,1,1,0,1
Bosutinib,"I.a
                
I - Interstitial/parenchymal lung disease

                    I.a - Pneumonitis (ILD), acute and/or severe (may cause ARDS)                


                  I.b
                
I - Interstitial/parenchymal lung disease

                    I.b - Pneumonitis (ILD)                


                  I.ao
                
I - Interstitial/parenchymal lung disease

                    I.ao - Pulmonary infiltrates                


                  V.a
                
V - Pleural and/or pericardial involvement

                    V.a - Pleural effusion (uni- or bilateral) (can accompany DI-LDs)                


                  V.ae
                
V - Pleural and/or pericardial involvement

                    V.ae - Pleural effusion, massive                


                  VI.b
                
VI - Pulmonary vasculopathies

                    VI.b - Pulmonary arterial hypertension",5328940.0,Both,bosutinib,COc1cc(Nc2c(C#N)cnc3cc(OCCCN4CCN(C)CC4)c(OC)cc23)c(Cl)cc1Cl,1,0,1,1
Brigatinib,"I.b
                
I - Interstitial/parenchymal lung disease

                    I.b - Pneumonitis (ILD)                


                  I.ao
                
I - Interstitial/parenchymal lung disease

                    I.ao - Pulmonary infiltrates                


                  XVII.a
                
XVII - Infections & related conditions

                    XVII.a - Respiratory tract infection incl. pneumonia                


                  XVII.g
                
XVII - Infections & related conditions

                    XVII.g - Tuberculosis (pulmonary, pulmonary, extrapulmonary or disseminated). Reactivation or de novo",68165256.0,Both,brigatinib,COc1cc(N2CCC(N3CCN(C)CC3)CC2)ccc1Nc1ncc(Cl)c(Nc2ccccc2P(C)(C)=O)n1,1,0,0,0
Brodifacoum,"III.a
                
III - Pulmonary/alveolar./airway hemorrhage/bleeding

                    III.a - Alveolar hemorrhage (AH), diffuse AH (DAH)                


                  III.c
                
III - Pulmonary/alveolar./airway hemorrhage/bleeding

                    III.c - Hemoptysis                


                  III.m
                
III - Pulmonary/alveolar./airway hemorrhage/bleeding

                    III.m - Coagulopathy                


                  V.n
                
V - Pleural and/or pericardial involvement

                    V.n - Hemopericardium - Bloody pericardial effusion                


                  VI.a
                
VI - Pulmonary vasculopathies

                    VI.a - Pulmonary embolism - Venous thrombosis/thromboembolism                


                  VIII.a
                
VIII - Central-large-upper airway (incl. pharyngeal-nasal) involvement

                    VIII.a - Angioedema (may cause UAO, asphyxia and death)                


                  VIII.b
                
VIII - Central-large-upper airway (incl. pharyngeal-nasal) involvement

                    VIII.b - Hematoma of/around central airway wall potentially causing UAO                


                  XXIV.d
                
XXIV - Veterinary medicine

                    XXIV.d - Veterinary: Pulmonary bleeding (hemoptysis, alveolar hemorrhage)                


                  XXIV.e
                
XXIV - Veterinary medicine

                    XXIV.e - Veterinary: Tracheal hemorrhage, stenosis, collapse",54680676.0,Pneumotox_only,brodifacoum,O=c1c(C2CC(c3ccc(-c4ccc(Br)cc4)cc3)Cc3ccccc32)c(O)oc2ccccc12,0,0,1,1
Bromadiolone,,54680085.0,Pneumotox_only,bromadiolone,O=c1c(C(CC(O)c2ccc(-c3ccc(Br)cc3)cc2)c2ccccc2)c(O)oc2ccccc12,0,0,0,0
Bromocarbamide,"II.b
                
II - Pulmonary edema - Acute lung injury - ARDS

                    II.b - ARDS - Acute lung injury                


                  XI.r
                
XI - Miscellaneous

                    XI.r - Death following exposure or poisoning",2447.0,Pneumotox_only,bromocarbamide,CC(C)C(Br)C(=O)NC(N)=O,0,1,0,0
Bucillamine,"I.a
                
I - Interstitial/parenchymal lung disease

                    I.a - Pneumonitis (ILD), acute and/or severe (may cause ARDS)                


                  I.b
                
I - Interstitial/parenchymal lung disease

                    I.b - Pneumonitis (ILD)                


                  I.c
                
I - Interstitial/parenchymal lung disease

                    I.c - Eosinophilic pneumonia (pulmonary infiltrates and eosinophilia)                


                  I.d
                
I - Interstitial/parenchymal lung disease

                    I.d - Organizing pneumonia pattern (an area or areas of consolidation on imaging)                


                  IV.d
                
IV - Airway involvement

                    IV.d - Cough (lone)                


                  XI.t
                
XI - Miscellaneous

                    XI.t - Yellow nail syndrome",656604.0,Pneumotox_only,bucillamine,CC(C)(S)C(=O)NC(CS)C(=O)O,1,0,0,0
Bumetanide,"I.b
                
I - Interstitial/parenchymal lung disease

                    I.b - Pneumonitis (ILD)                


                  I.g
                
I - Interstitial/parenchymal lung disease

                    I.g - Pulmonary fibrosis                


                  XI.b
                
XI - Miscellaneous

                    XI.b - Chest pain (acute or subacute), lone or prominent",2471.0,Both,bumetanide,CCCCNc1cc(C(=O)O)cc(S(N)(=O)=O)c1Oc1ccccc1,1,0,0,0
Buparlisib,"I.b
                
I - Interstitial/parenchymal lung disease

                    I.b - Pneumonitis (ILD)",16654980.0,Pneumotox_only,buparlisib,Nc1cc(C(F)(F)F)c(-c2cc(N3CCOCC3)nc(N3CCOCC3)n2)cn1,1,0,0,0
Buprenorphine,"II.a
                
II - Pulmonary edema - Acute lung injury - ARDS

                    II.a - Pulmonary edema, noncardiogenic (NCPE)                


                  VI.b
                
VI - Pulmonary vasculopathies

                    VI.b - Pulmonary arterial hypertension                


                  IX.d
                
IX - Neuromuscular / CNS involvement - Disordered breathing (during sleep)

                    IX.d - Respiratory failure from ventilatory depression (due to neuromuscular blockade/paralysis)                


                  IX.i
                
IX - Neuromuscular / CNS involvement - Disordered breathing (during sleep)

                    IX.i - Respiratory arrest - Apnea                


                  X.f
                
X - Systemic/Distant conditions, syndromes and reactions

                    X.f - Anaphylaxis-Anaphylactoid reaction (can be fatal)                


                  XI.r
                
XI - Miscellaneous

                    XI.r - Death following exposure or poisoning",644073.0,Both,buprenorphine,COC12CCC3(CC1C(C)(O)C(C)(C)C)C1Cc4ccc(O)c5c4C3(CCN1CC1CC1)C2O5,0,1,0,1
Busulfan,"I.a
                
I - Interstitial/parenchymal lung disease

                    I.a - Pneumonitis (ILD), acute and/or severe (may cause ARDS)                


                  I.b
                
I - Interstitial/parenchymal lung disease

                    I.b - Pneumonitis (ILD)                


                  I.d
                
I - Interstitial/parenchymal lung disease

                    I.d - Organizing pneumonia pattern (an area or areas of consolidation on imaging)                


                  I.g
                
I - Interstitial/parenchymal lung disease

                    I.g - Pulmonary fibrosis                


                  I.l
                
I - Interstitial/parenchymal lung disease

                    I.l - Diffuse alveolar damage (DAD) (see alsoo under IIb and XVf)                


                  I.n
                
I - Interstitial/parenchymal lung disease

                    I.n - Pulmonary alveolar proteinosis (PAP)                


                  I.v
                
I - Interstitial/parenchymal lung disease

                    I.v - Abnormal lung function/pulmonary physiology (PFTs) without necessarily imaging or clinical evidence                


                  II.b
                
II - Pulmonary edema - Acute lung injury - ARDS

                    II.b - ARDS - Acute lung injury                


                  XV.a
                
XV - Pathology

                    XV.a - Path: NSIP-cellular pattern (see also Ia, Ib)                


                  XV.c
                
XV - Pathology

                    XV.c - Path: Organizing pneumonia (OP/BOOP) pattern (see also Id)                


                  XV.d
                
XV - Pathology

                    XV.d - Path: Acute fibrinous organizing pneumonia (AFOP-pattern) (see also If)                


                  XV.f
                
XV - Pathology

                    XV.f - Path: Diffuse alveolar damage (DAD-pattern) (see also IL)                


                  XV.h
                
XV - Pathology

                    XV.h - Path: NSIP-fibrotic pattern                


                  XV.i
                
XV - Pathology

                    XV.i - Path: Pneumocyte atypia (reactive epithelial cells) (a.k.a. the ""Napoleon Hat"" sign)                


                  XV.n
                
XV - Pathology

                    XV.n - Path: Pulmonary alveolar proteinosis pattern (PAP pattern)                


                  XV.bc
                
XV - Pathology

                    XV.bc - Path: Opportunistic pulmonary infection (see also XVII/XVIIb-d-e)                


                  XVI.d
                
XVI - Imaging

                    XVI.d - Imaging: Alveolar opacities or haze with a batwing or butterfly distribution                


                  XVII.f
                
XVII - Infections & related conditions

                    XVII.f - Tuberculosis, miliary                


                  XIX.g
                
XIX - Cytological, biochemical features of/in BAL, pleural fluid or FNA

                    XIX.g - BAL: Atypical epithelial cells (at times poetically named",2478.0,Both,busulfan,CS(=O)(=O)OCCCCOS(C)(=O)=O,1,1,1,0
Butane,"II.a
                
II - Pulmonary edema - Acute lung injury - ARDS

                    II.a - Pulmonary edema, noncardiogenic (NCPE)                


                  XI.s
                
XI - Miscellaneous

                    XI.s - Sniffing death - Death from inhalation of compound                


                  XV.w
                
XV - Pathology

                    XV.w - Path: Pulmonary edema (see also II/IIa)",7843.0,Pneumotox_only,butane,CCCC,0,1,0,0
Butyrfentanyl,"III.a
                
III - Pulmonary/alveolar./airway hemorrhage/bleeding

                    III.a - Alveolar hemorrhage (AH), diffuse AH (DAH)                


                  III.c
                
III - Pulmonary/alveolar./airway hemorrhage/bleeding

                    III.c - Hemoptysis                


                  IX.d
                
IX - Neuromuscular / CNS involvement - Disordered breathing (during sleep)

                    IX.d - Respiratory failure from ventilatory depression (due to neuromuscular blockade/paralysis)",621174.0,Pneumotox_only,butyrfentanyl,CCCC(=O)N(c1ccccc1)C1CCN(CCc2ccccc2)CC1,0,0,0,0
Cabazitaxel,"I.b
                
I - Interstitial/parenchymal lung disease

                    I.b - Pneumonitis (ILD)                


                  I.ad
                
I - Interstitial/parenchymal lung disease

                    I.ad - Radiation recall pneumonitis",9854073.0,Both,cabazitaxel,COC1=C2C(C)C(OC(=O)C(O)C(NC(=O)OC(C)(C)C)c3ccccc3)CC(O)(C(OC(=O)c3ccccc3)C3C4(OC(C)=O)COC4CC(OC)C3(C)C1=O)C2(C)C,1,0,0,0
Cabergoline,"I.b
                
I - Interstitial/parenchymal lung disease

                    I.b - Pneumonitis (ILD)                


                  I.m
                
I - Interstitial/parenchymal lung disease

                    I.m - ILD with a granulomatous component                


                  V.a
                
V - Pleural and/or pericardial involvement

                    V.a - Pleural effusion (uni- or bilateral) (can accompany DI-LDs)                


                  V.c
                
V - Pleural and/or pericardial involvement

                    V.c - Pleural thickening - Fibrothorax                


                  VI.b
                
VI - Pulmonary vasculopathies

                    VI.b - Pulmonary arterial hypertension                


                  XII.a
                
XII - Cardiovascular involvement / toxicity

                    XII.a - Left or biventricular dysfunction/failure                


                  XII.b
                
XII - Cardiovascular involvement / toxicity

                    XII.b - Valvular heart disease and/or dysfunction                


                  XII.c
                
XII - Cardiovascular involvement / toxicity

                    XII.c - Pericardial effusion (w/wo tamponade)",54746.0,Both,cabergoline,C=CCN1CC(C(=O)N(CCCN(C)C)C(=O)NCC)CC2c3cccc4[nH]cc(c34)CC21,1,0,1,1
Cabozantinib,"III.h
                
III - Pulmonary/alveolar./airway hemorrhage/bleeding

                    III.h - Major/massive hemoptysis                


                  VI.a
                
VI - Pulmonary vasculopathies

                    VI.a - Pulmonary embolism - Venous thrombosis/thromboembolism                


                  XII.a
                
XII - Cardiovascular involvement / toxicity

                    XII.a - Left or biventricular dysfunction/failure                


                  XII.f
                
XII - Cardiovascular involvement / toxicity

                    XII.f - Cardiomyopathy (acute, subacute, chronic)                


                  XII.r
                
XII - Cardiovascular involvement / toxicity

                    XII.r - Heart failure (biventricular, congestive)",25102847.0,Both,cabozantinib,COc1cc2nccc(Oc3ccc(NC(=O)C4(C(=O)Nc5ccc(F)cc5)CC4)cc3)c2cc1OC,0,0,0,1
Caffeine,"XI.r
                
XI - Miscellaneous

                    XI.r - Death following exposure or poisoning                


                  XII.g
                
XII - Cardiovascular involvement / toxicity

                    XII.g - Coronary artery disease (acute) - Myocardial ischemia/infarction                


                  XII.l
                
XII - Cardiovascular involvement / toxicity

                    XII.l - Cardiac arrhythmias or dysrhythmias (AF, VT, VF, TdP)                


                  XII.n
                
XII - Cardiovascular involvement / toxicity

                    XII.n - Cardiovascular collapse - Cardiogenic shock - Hypotension",2519.0,Both,caffeine,Cn1c(=O)c2c(ncn2C)n(C)c1=O,0,0,0,0
Camphor,"IX.d
                
IX - Neuromuscular / CNS involvement - Disordered breathing (during sleep)

                    IX.d - Respiratory failure from ventilatory depression (due to neuromuscular blockade/paralysis)                


                  IX.i
                
IX - Neuromuscular / CNS involvement - Disordered breathing (during sleep)

                    IX.i - Respiratory arrest - Apnea                


                  X.u
                
X - Systemic/Distant conditions, syndromes and reactions

                    X.u - Multiple organ dysfunction/failure (MODS/MOF)                


                  XII.l
                
XII - Cardiovascular involvement / toxicity

                    XII.l - Cardiac arrhythmias or dysrhythmias (AF, VT, VF, TdP)                


                  XII.m
                
XII - Cardiovascular involvement / toxicity

                    XII.m - Cardiac- cardiorespiratory/pulmonary arrest",2537.0,Pneumotox_only,camphor,CC12CCC(CC1=O)C2(C)C,0,0,0,0
Candesartan,"VIII.a
                
VIII - Central-large-upper airway (incl. pharyngeal-nasal) involvement

                    VIII.a - Angioedema (may cause UAO, asphyxia and death)",2540.0,Both,candesartan,CCOc1nc2cccc(C(=O)OC(C)OC(=O)OC3CCCCC3)c2n1Cc1ccc(-c2ccccc2-c2nn[nH]n2)cc1,0,0,0,0
Cangrelor,"IX.h
                
IX - Neuromuscular / CNS involvement - Disordered breathing (during sleep)

                    IX.h - Dyspnea, unexplained otherwise",9854012.0,Both,cangrelor,CSCCNc1nc(SCCC(F)(F)F)nc2c1ncn2C1OC(COP(=O)(O)OP(=O)(O)C(Cl)(Cl)P(=O)(O)O)C(O)C1O,0,0,0,0
Capecitabine,"I.m
                
I - Interstitial/parenchymal lung disease

                    I.m - ILD with a granulomatous component                


                  VII.a
                
VII - Mediastinal involvement

                    VII.a - Lymphadenopathy (intrathoracic)                


                  VIII.af
                
VIII - Central-large-upper airway (incl. pharyngeal-nasal) involvement

                    VIII.af - Oromandibular dystonia                


                  X.k
                
X - Systemic/Distant conditions, syndromes and reactions

                    X.k - Sarcoid-like granulomatosis (endo-/extrathoracic)                


                  XI.b
                
XI - Miscellaneous

                    XI.b - Chest pain (acute or subacute), lone or prominent                


                  XII.d
                
XII - Cardiovascular involvement / toxicity

                    XII.d - Myocarditis (can be fulminant)                


                  XII.g
                
XII - Cardiovascular involvement / toxicity

                    XII.g - Coronary artery disease (acute) - Myocardial ischemia/infarction                


                  XII.af
                
XII - Cardiovascular involvement / toxicity

                    XII.af - Coronary vasospasm - Vasospastic angina",60953.0,Both,capecitabine,CCCCCOC(=O)Nc1nc(=O)n(C2OC(C)C(O)C2O)cc1F,1,0,0,0
Capmatinib,"I.b
                
I - Interstitial/parenchymal lung disease

                    I.b - Pneumonitis (ILD)",25145656.0,Both,capmatinib,CNC(=O)c1ccc(-c2cnc3ncc(Cc4ccc5ncccc5c4)n3n2)cc1F,1,0,0,0
Capsaicin,"IV.q
                
IV - Airway involvement

                    IV.q - Reactive airway dysfunction syndrome (RADS)                


                  XII.af
                
XII - Cardiovascular involvement / toxicity

                    XII.af - Coronary vasospasm - Vasospastic angina",1548943.0,Both,capsaicin,COc1cc(CNC(=O)CCCCC=CC(C)C)ccc1O,0,0,0,0
Captopril,"I.b
                
I - Interstitial/parenchymal lung disease

                    I.b - Pneumonitis (ILD)                


                  I.c
                
I - Interstitial/parenchymal lung disease

                    I.c - Eosinophilic pneumonia (pulmonary infiltrates and eosinophilia)                


                  IV.a
                
IV - Airway involvement

                    IV.a - Bronchospasm - Wheezing - Asthma                


                  IV.d
                
IV - Airway involvement

                    IV.d - Cough (lone)                


                  V.d
                
V - Pleural and/or pericardial involvement

                    V.d - Pleural/pericardial effusion, ANA positive (DI lupus)                


                  VIII.a
                
VIII - Central-large-upper airway (incl. pharyngeal-nasal) involvement

                    VIII.a - Angioedema (may cause UAO, asphyxia and death)                


                  X.b
                
X - Systemic/Distant conditions, syndromes and reactions

                    X.b - Antiphospholipid antibodies w/wo the APL syndrome                


                  X.d
                
X - Systemic/Distant conditions, syndromes and reactions

                    X.d - Lupus - Lupus syndrome (see also Vd)                


                  XII.al
                
XII - Cardiovascular involvement / toxicity

                    XII.al - Hyperkinetic circulation",44093.0,Both,captopril,CC(CS)C(=O)N1CCCC1C(=O)O,1,0,1,0
Carbamates,"II.b
                
II - Pulmonary edema - Acute lung injury - ARDS

                    II.b - ARDS - Acute lung injury                


                  IV.t
                
IV - Airway involvement

                    IV.t - Sptutum production - Bronchorrhea - 'Bronchitis'",276.0,Pneumotox_only,carbamates,NC(=O)[O-],0,1,0,0
Carbamazepine,"I.a
                
I - Interstitial/parenchymal lung disease

                    I.a - Pneumonitis (ILD), acute and/or severe (may cause ARDS)                


                  I.b
                
I - Interstitial/parenchymal lung disease

                    I.b - Pneumonitis (ILD)                


                  I.c
                
I - Interstitial/parenchymal lung disease

                    I.c - Eosinophilic pneumonia (pulmonary infiltrates and eosinophilia)                


                  I.d
                
I - Interstitial/parenchymal lung disease

                    I.d - Organizing pneumonia pattern (an area or areas of consolidation on imaging)                


                  I.k
                
I - Interstitial/parenchymal lung disease

                    I.k - Lung nodule or nodules                


                  I.l
                
I - Interstitial/parenchymal lung disease

                    I.l - Diffuse alveolar damage (DAD) (see alsoo under IIb and XVf)                


                  II.a
                
II - Pulmonary edema - Acute lung injury - ARDS

                    II.a - Pulmonary edema, noncardiogenic (NCPE)                


                  II.b
                
II - Pulmonary edema - Acute lung injury - ARDS

                    II.b - ARDS - Acute lung injury                


                  IV.a
                
IV - Airway involvement

                    IV.a - Bronchospasm - Wheezing - Asthma                


                  V.a
                
V - Pleural and/or pericardial involvement

                    V.a - Pleural effusion (uni- or bilateral) (can accompany DI-LDs)                


                  V.d
                
V - Pleural and/or pericardial involvement

                    V.d - Pleural/pericardial effusion, ANA positive (DI lupus)                


                  VII.a
                
VII - Mediastinal involvement

                    VII.a - Lymphadenopathy (intrathoracic)                


                  VII.b
                
VII - Mediastinal involvement

                    VII.b - Lymphadenopathy with reactive changes                


                  X.a
                
X - Systemic/Distant conditions, syndromes and reactions

                    X.a - DRES syndrome - DRESS-like reaction                


                  X.d
                
X - Systemic/Distant conditions, syndromes and reactions

                    X.d - Lupus - Lupus syndrome (see also Vd)                


                  X.m
                
X - Systemic/Distant conditions, syndromes and reactions

                    X.m - Vascultis (pulmonary, extrathoracic or systemic)-ANCA status unknown or negative)                


                  XII.a
                
XII - Cardiovascular involvement / toxicity

                    XII.a - Left or biventricular dysfunction/failure                


                  XII.c
                
XII - Cardiovascular involvement / toxicity

                    XII.c - Pericardial effusion (w/wo tamponade)                


                  XII.d
                
XII - Cardiovascular involvement / toxicity

                    XII.d - Myocarditis (can be fulminant)                


                  XII.l
                
XII - Cardiovascular involvement / toxicity

                    XII.l - Cardiac arrhythmias or dysrhythmias (AF, VT, VF, TdP)                


                  XII.s
                
XII - Cardiovascular involvement / toxicity

                    XII.s - Heart block (bundle branch- or AV-)                


                  XIII.b
                
XIII - Neoplastic conditions

                    XIII.b - Lymphoproliferative disease (pulmonary, endobronchial, endothoracic)                


                  XV.a
                
XV - Pathology

                    XV.a - Path: NSIP-cellular pattern (see also Ia, Ib)                


                  XV.b
                
XV - Pathology

                    XV.b - Path: Eosinophilic pneumonia (subacute or acute)  (see also Ic)                


                  XV.c
                
XV - Pathology

                    XV.c - Path: Organizing pneumonia (OP/BOOP) pattern (see also Id)                


                  XV.e
                
XV - Pathology

                    XV.e - Path: ILD with a granulomatous component (see also Im)                


                  XVI.ab
                
XVI - Imaging

                    XVI.ab - Imaging: Cavitating/cavitary lung nodule, mass or nodules (see also Iq, XIs, XIIi, XVIaa and XVIIp)",2554.0,Both,carbamazepine,NC(=O)N1c2ccccc2C=Cc2ccccc21,1,1,1,0
Carbapenems,,134085.0,Pneumotox_only,carbapenems,O=C(O)C1=CCC2CC(=O)N12,0,0,0,0
Carbimazole,"III.b
                
III - Pulmonary/alveolar./airway hemorrhage/bleeding

                    III.b - Pneumorenal syndrome (w/wo ANCAs)                


                  III.d
                
III - Pulmonary/alveolar./airway hemorrhage/bleeding

                    III.d - Alveolar hemorrhage, diffuse (ANCA-positive/-related)                


                  V.a
                
V - Pleural and/or pericardial involvement

                    V.a - Pleural effusion (uni- or bilateral) (can accompany DI-LDs)                


                  V.b
                
V - Pleural and/or pericardial involvement

                    V.b - Eosinophilic pleural effusion                


                  VI.d
                
VI - Pulmonary vasculopathies

                    VI.d - Pulmonary vasculitis or capillaritis                


                  X.m
                
X - Systemic/Distant conditions, syndromes and reactions

                    X.m - Vascultis (pulmonary, extrathoracic or systemic)-ANCA status unknown or negative)                


                  X.s
                
X - Systemic/Distant conditions, syndromes and reactions

                    X.s - Vasculitis, pulmonary (w/wo AH), extrapulmonary, systemic: ANCA-positive",31072.0,Both,carbimazole,CCOC(=O)n1ccn(C)c1=S,0,0,1,1
Carbocysteine,"I.b
                
I - Interstitial/parenchymal lung disease

                    I.b - Pneumonitis (ILD)",193653.0,Pneumotox_only,carbocysteine,NC(CSCC(=O)O)C(=O)O,1,0,0,0
Carboplatin,"II.b
                
II - Pulmonary edema - Acute lung injury - ARDS

                    II.b - ARDS - Acute lung injury                


                  IV.a
                
IV - Airway involvement

                    IV.a - Bronchospasm - Wheezing - Asthma                


                  X.f
                
X - Systemic/Distant conditions, syndromes and reactions

                    X.f - Anaphylaxis-Anaphylactoid reaction (can be fatal)                


                  X.g
                
X - Systemic/Distant conditions, syndromes and reactions

                    X.g - Hypersensitivity reaction (may manifest with fever and/or skin, throat or airway involvement)                


                  XI.u
                
XI - Miscellaneous

                    XI.u - Chest pressure/discomfort                


                  XI.ay
                
XI - Miscellaneous

                    XI.ay - Chest tightness                


                  XII.af
                
XII - Cardiovascular involvement / toxicity

                    XII.af - Coronary vasospasm - Vasospastic angina",426756.0,Both,carboplatin,O=C(O)C1(C(=O)O)CCC1.[Pt+2],0,1,0,0
Carboprost,"II.a
                
II - Pulmonary edema - Acute lung injury - ARDS

                    II.a - Pulmonary edema, noncardiogenic (NCPE)                


                  II.i
                
II - Pulmonary edema - Acute lung injury - ARDS

                    II.i - Flash (fulminate) pulmonary edema",5281075.0,Both,carboprost,CCCCCC(C)(O)C=CC1C(O)CC(O)C1CC=CCCCC(=O)O,0,1,0,0
Carfilzomib,"I.a
                
I - Interstitial/parenchymal lung disease

                    I.a - Pneumonitis (ILD), acute and/or severe (may cause ARDS)                


                  I.b
                
I - Interstitial/parenchymal lung disease

                    I.b - Pneumonitis (ILD)                


                  III.a
                
III - Pulmonary/alveolar./airway hemorrhage/bleeding

                    III.a - Alveolar hemorrhage (AH), diffuse AH (DAH)                


                  VI.b
                
VI - Pulmonary vasculopathies

                    VI.b - Pulmonary arterial hypertension                


                  X.n
                
X - Systemic/Distant conditions, syndromes and reactions

                    X.n - Tumor lysis syndrome (TLS)                


                  XII.a
                
XII - Cardiovascular involvement / toxicity

                    XII.a - Left or biventricular dysfunction/failure                


                  XII.f
                
XII - Cardiovascular involvement / toxicity

                    XII.f - Cardiomyopathy (acute, subacute, chronic)                


                  XII.ai
                
XII - Cardiovascular involvement / toxicity

                    XII.ai - Cardiotoxicity                


                  XVII.a
                
XVII - Infections & related conditions

                    XVII.a - Respiratory tract infection incl. pneumonia                


                  XVII.o
                
XVII - Infections & related conditions

                    XVII.o - Nocardia pulmonary/systemic infection                


                  XXI.a
                
XXI - Rechallenge data

                    XXI.a - Rechallenge can lead to near-fatal or fatal relapse of AE/ILD                


                  XXI.b
                
XXI - Rechallenge data

                    XXI.b - Rechallenge can lead to relapse of AE/ILD",11556711.0,Both,carfilzomib,CC(C)CC(NC(=O)C(CCc1ccccc1)NC(=O)CN1CCOCC1)C(=O)NC(Cc1ccccc1)C(=O)NC(CC(C)C)C(=O)C1(C)CO1,1,0,0,1
Carisoprodol,"XI.r
                
XI - Miscellaneous

                    XI.r - Death following exposure or poisoning",2576.0,Both,carisoprodol,CCCC(C)(COC(N)=O)COC(=O)NC(C)C,0,0,0,0
Carteolol,"IV.a
                
IV - Airway involvement

                    IV.a - Bronchospasm - Wheezing - Asthma",2583.0,Both,carteolol,CC(C)(C)NCC(O)COc1cccc2c1CCC(=O)N2,0,0,0,0
Carvedilol,"I.b
                
I - Interstitial/parenchymal lung disease

                    I.b - Pneumonitis (ILD)                


                  IV.a
                
IV - Airway involvement

                    IV.a - Bronchospasm - Wheezing - Asthma                


                  IV.f
                
IV - Airway involvement

                    IV.f - Severe or catastrophic bronchospasm or asthma attack (can be fatal)                


                  X.d
                
X - Systemic/Distant conditions, syndromes and reactions

                    X.d - Lupus - Lupus syndrome (see also Vd)",2585.0,Both,carvedilol,COc1ccccc1OCCNCC(O)COc1cccc2[nH]c3ccccc3c12,1,0,0,0
Cefazolin,"IV.f
                
IV - Airway involvement

                    IV.f - Severe or catastrophic bronchospasm or asthma attack (can be fatal)                


                  X.f
                
X - Systemic/Distant conditions, syndromes and reactions

                    X.f - Anaphylaxis-Anaphylactoid reaction (can be fatal)",33255.0,Both,cefazolin,Cc1nnc(SCC2=C(C(=O)O)N3C(=O)C(NC(=O)Cn4cnnn4)C3SC2)s1,0,0,0,0
Cefotetan,"X.f
                
X - Systemic/Distant conditions, syndromes and reactions

                    X.f - Anaphylaxis-Anaphylactoid reaction (can be fatal)",53025.0,Pneumotox_only,cefotetan,COC1(NC(O)=c2sc(=C(C(N)=O)C(=O)O)s2)C(=O)N2C(C(=O)O)=C(CSc3nnnn3C)CSC21,0,0,0,0
Cefotiam,"I.c
                
I - Interstitial/parenchymal lung disease

                    I.c - Eosinophilic pneumonia (pulmonary infiltrates and eosinophilia)",43708.0,Pneumotox_only,cefotiam,CN(C)CCn1nnnc1SCC1=C(C(=O)O)N2C(=O)C(NC(=O)Cc3csc(N)n3)C2SC1,1,0,0,0
Cefpodoxime,"I.c
                
I - Interstitial/parenchymal lung disease

                    I.c - Eosinophilic pneumonia (pulmonary infiltrates and eosinophilia)",6335986.0,Both,cefpodoxime,COCC1=C(C(=O)O)N2C(=O)C(=NC(=O)C(NOC)c3csc(N)n3)C2SC1,1,0,0,0
Ceftriaxone,"I.c
                
I - Interstitial/parenchymal lung disease

                    I.c - Eosinophilic pneumonia (pulmonary infiltrates and eosinophilia)                


                  VI.b
                
VI - Pulmonary vasculopathies

                    VI.b - Pulmonary arterial hypertension                


                  IX.i
                
IX - Neuromuscular / CNS involvement - Disordered breathing (during sleep)

                    IX.i - Respiratory arrest - Apnea                


                  X.a
                
X - Systemic/Distant conditions, syndromes and reactions

                    X.a - DRES syndrome - DRESS-like reaction                


                  X.f
                
X - Systemic/Distant conditions, syndromes and reactions

                    X.f - Anaphylaxis-Anaphylactoid reaction (can be fatal)                


                  XII.m
                
XII - Cardiovascular involvement / toxicity

                    XII.m - Cardiac- cardiorespiratory/pulmonary arrest                


                  XIX.c
                
XIX - Cytological, biochemical features of/in BAL, pleural fluid or FNA

                    XIX.c - BAL: An excess proportion of eosinophils                


                  XXIV.h
                
XXIV - Veterinary medicine

                    XXIV.h - Veterinary: Anaphylaxis/Anaphylactoid reaction",5479530.0,Both,ceftriaxone,CON=C(C(=O)NC1C(=O)N2C(C(=O)O)=C(CSc3nc(=O)c(=O)[nH]n3C)CSC12)c1csc(N)n1,1,0,1,1
Cefuroxime,"IV.c
                
IV - Airway involvement

                    IV.c - Obliterative bronchiolitis (a pattern consistent with) (see also IVn, XVx)                


                  IV.ai
                
IV - Airway involvement

                    IV.ai - Bronchiolitis obliterans, post-Stevens-Johnson",41375.0,Both,cefuroxime,CON=C(C(=O)NC1C(=O)N2C(C(=O)O)=C(COC(N)=O)CSC12)c1ccco1,0,0,0,0
Cefuroxime axetil,"X.f
                
X - Systemic/Distant conditions, syndromes and reactions

                    X.f - Anaphylaxis-Anaphylactoid reaction (can be fatal)                


                  XII.af
                
XII - Cardiovascular involvement / toxicity

                    XII.af - Coronary vasospasm - Vasospastic angina",5361467.0,Both,cefuroxime axetil,CON=C(C(=O)NC1C(=O)N2C(C(=O)OC(C)OC(C)=O)=C(COC(N)=O)CSC12)c1ccco1,0,0,0,0
Celecoxib,"I.c
                
I - Interstitial/parenchymal lung disease

                    I.c - Eosinophilic pneumonia (pulmonary infiltrates and eosinophilia)                


                  II.a
                
II - Pulmonary edema - Acute lung injury - ARDS

                    II.a - Pulmonary edema, noncardiogenic (NCPE)                


                  IV.a
                
IV - Airway involvement

                    IV.a - Bronchospasm - Wheezing - Asthma                


                  X.a
                
X - Systemic/Distant conditions, syndromes and reactions

                    X.a - DRES syndrome - DRESS-like reaction                


                  X.f
                
X - Systemic/Distant conditions, syndromes and reactions

                    X.f - Anaphylaxis-Anaphylactoid reaction (can be fatal)                


                  XIV.a
                
XIV - Hemoglobinopathies - Abnormal hemoglobin states (acquired)

                    XIV.a - Methemoglobinemia",2662.0,Both,celecoxib,Cc1ccc(-c2cc(C(F)(F)F)nn2-c2ccc(S(N)(=O)=O)cc2)cc1,1,1,0,0
Celiprolol,"I.a
                
I - Interstitial/parenchymal lung disease

                    I.a - Pneumonitis (ILD), acute and/or severe (may cause ARDS)                


                  IV.a
                
IV - Airway involvement

                    IV.a - Bronchospasm - Wheezing - Asthma",2663.0,Both,celiprolol,CCN(CC)C(=O)Nc1ccc(OCC(O)CNC(C)(C)C)c(C(C)=O)c1,1,0,0,0
Cephalexin,"I.d
                
I - Interstitial/parenchymal lung disease

                    I.d - Organizing pneumonia pattern (an area or areas of consolidation on imaging)",27447.0,Both,cephalexin,CC1=C(C(=O)O)N2C(=O)C(NC(=O)C(N)c3ccccc3)C2SC1,1,0,0,0
Ceritinib,"I.a
                
I - Interstitial/parenchymal lung disease

                    I.a - Pneumonitis (ILD), acute and/or severe (may cause ARDS)                


                  I.b
                
I - Interstitial/parenchymal lung disease

                    I.b - Pneumonitis (ILD)                


                  I.d
                
I - Interstitial/parenchymal lung disease

                    I.d - Organizing pneumonia pattern (an area or areas of consolidation on imaging)                


                  V.a
                
V - Pleural and/or pericardial involvement

                    V.a - Pleural effusion (uni- or bilateral) (can accompany DI-LDs)                


                  X.k
                
X - Systemic/Distant conditions, syndromes and reactions

                    X.k - Sarcoid-like granulomatosis (endo-/extrathoracic)                


                  XII.l
                
XII - Cardiovascular involvement / toxicity

                    XII.l - Cardiac arrhythmias or dysrhythmias (AF, VT, VF, TdP)                


                  XII.p
                
XII - Cardiovascular involvement / toxicity

                    XII.p - QTc prolongation                


                  XII.q
                
XII - Cardiovascular involvement / toxicity

                    XII.q - Pericarditis (see also under XIIc)                


                  XV.c
                
XV - Pathology

                    XV.c - Path: Organizing pneumonia (OP/BOOP) pattern (see also Id)                


                  XV.cy
                
XV - Pathology

                    XV.cy - Path: Bronchial sarcoid-like granulomas                


                  XIX.a
                
XIX - Cytological, biochemical features of/in BAL, pleural fluid or FNA

                    XIX.a - BAL: An excess proportion of lymphocytes",57379345.0,Both,ceritinib,Cc1cc(Nc2ncc(Cl)c(Nc3ccccc3S(=O)(=O)C(C)C)n2)c(OC(C)C)cc1C1CCNCC1,1,0,1,0
Certolizumab,"I.b
                
I - Interstitial/parenchymal lung disease

                    I.b - Pneumonitis (ILD)                


                  I.w
                
I - Interstitial/parenchymal lung disease

                    I.w - Rapidly progressive ILD/pulmonary fibrosis (Hamman-Rich syndrome)                


                  X.k
                
X - Systemic/Distant conditions, syndromes and reactions

                    X.k - Sarcoid-like granulomatosis (endo-/extrathoracic)",128919.0,Pneumotox_only,certolizumab,FC(F)(F)c1cccc(C2=CCN(CCc3ccc4ccccc4c3)CC2)c1,1,0,0,0
Chlorambucil,"I.b
                
I - Interstitial/parenchymal lung disease

                    I.b - Pneumonitis (ILD)                


                  I.d
                
I - Interstitial/parenchymal lung disease

                    I.d - Organizing pneumonia pattern (an area or areas of consolidation on imaging)                


                  I.g
                
I - Interstitial/parenchymal lung disease

                    I.g - Pulmonary fibrosis                


                  I.w
                
I - Interstitial/parenchymal lung disease

                    I.w - Rapidly progressive ILD/pulmonary fibrosis (Hamman-Rich syndrome)                


                  II.b
                
II - Pulmonary edema - Acute lung injury - ARDS

                    II.b - ARDS - Acute lung injury                


                  X.a
                
X - Systemic/Distant conditions, syndromes and reactions

                    X.a - DRES syndrome - DRESS-like reaction                


                  XV.i
                
XV - Pathology

                    XV.i - Path: Pneumocyte atypia (reactive epithelial cells) (a.k.a. the ""Napoleon Hat"" sign)                


                  XV.l
                
XV - Pathology

                    XV.l - Path: Pulmonary fibrosis (not otherwise specified or unclassifiable)                


                  XIX.a
                
XIX - Cytological, biochemical features of/in BAL, pleural fluid or FNA

                    XIX.a - BAL: An excess proportion of lymphocytes",2708.0,Both,chlorambucil,O=C(O)CCCc1ccc(N(CCCl)CCCl)cc1,1,1,1,0
Chlordiazepoxide,"II.a
                
II - Pulmonary edema - Acute lung injury - ARDS

                    II.a - Pulmonary edema, noncardiogenic (NCPE)",2712.0,Both,chlordiazepoxide,CN=C1CN(O)C(c2ccccc2)=c2cc(Cl)ccc2=N1,0,1,0,0
Chlorhexidine,"II.b
                
II - Pulmonary edema - Acute lung injury - ARDS

                    II.b - ARDS - Acute lung injury                


                  IV.a
                
IV - Airway involvement

                    IV.a - Bronchospasm - Wheezing - Asthma                


                  X.f
                
X - Systemic/Distant conditions, syndromes and reactions

                    X.f - Anaphylaxis-Anaphylactoid reaction (can be fatal)",9552079.0,Both,chlorhexidine,N=C(N=C(N)NCCCCCCN=C(N)N=C(N)Nc1ccc(Cl)cc1)Nc1ccc(Cl)cc1,0,1,0,0
Chloroquine,"I.b
                
I - Interstitial/parenchymal lung disease

                    I.b - Pneumonitis (ILD)                


                  I.c
                
I - Interstitial/parenchymal lung disease

                    I.c - Eosinophilic pneumonia (pulmonary infiltrates and eosinophilia)                


                  I.d
                
I - Interstitial/parenchymal lung disease

                    I.d - Organizing pneumonia pattern (an area or areas of consolidation on imaging)                


                  I.e
                
I - Interstitial/parenchymal lung disease

                    I.e - Acute eosinophilic pneumonia (AEP)                


                  II.b
                
II - Pulmonary edema - Acute lung injury - ARDS

                    II.b - ARDS - Acute lung injury                


                  VI.b
                
VI - Pulmonary vasculopathies

                    VI.b - Pulmonary arterial hypertension                


                  IX.a
                
IX - Neuromuscular / CNS involvement - Disordered breathing (during sleep)

                    IX.a - Diaphragm/inspiratory muscle weakness/paralysis (w/wo ARF)                


                  IX.i
                
IX - Neuromuscular / CNS involvement - Disordered breathing (during sleep)

                    IX.i - Respiratory arrest - Apnea                


                  X.a
                
X - Systemic/Distant conditions, syndromes and reactions

                    X.a - DRES syndrome - DRESS-like reaction                


                  XI.r
                
XI - Miscellaneous

                    XI.r - Death following exposure or poisoning                


                  XII.f
                
XII - Cardiovascular involvement / toxicity

                    XII.f - Cardiomyopathy (acute, subacute, chronic)                


                  XII.h
                
XII - Cardiovascular involvement / toxicity

                    XII.h - Eosinophilic myocarditis                


                  XII.l
                
XII - Cardiovascular involvement / toxicity

                    XII.l - Cardiac arrhythmias or dysrhythmias (AF, VT, VF, TdP)                


                  XII.m
                
XII - Cardiovascular involvement / toxicity

                    XII.m - Cardiac- cardiorespiratory/pulmonary arrest                


                  XII.p
                
XII - Cardiovascular involvement / toxicity

                    XII.p - QTc prolongation                


                  XII.s
                
XII - Cardiovascular involvement / toxicity

                    XII.s - Heart block (bundle branch- or AV-)                


                  XIV.a
                
XIV - Hemoglobinopathies - Abnormal hemoglobin states (acquired)

                    XIV.a - Methemoglobinemia                


                  XV.b
                
XV - Pathology

                    XV.b - Path: Eosinophilic pneumonia (subacute or acute)  (see also Ic)                


                  XV.c
                
XV - Pathology

                    XV.c - Path: Organizing pneumonia (OP/BOOP) pattern (see also Id)                


                  XIX.c
                
XIX - Cytological, biochemical features of/in BAL, pleural fluid or FNA

                    XIX.c - BAL: An excess proportion of eosinophils",2719.0,Both,chloroquine,CCN(CC)CCCC(C)Nc1ccnc2cc(Cl)ccc12,1,1,1,1
Chlorothiazide,"II.b
                
II - Pulmonary edema - Acute lung injury - ARDS

                    II.b - ARDS - Acute lung injury",2720.0,Both,chlorothiazide,NS(=O)(=O)c1cc2c(cc1Cl)N=CNS2(=O)=O,0,1,0,0
Chlorpromazine,"I.c
                
I - Interstitial/parenchymal lung disease

                    I.c - Eosinophilic pneumonia (pulmonary infiltrates and eosinophilia)                


                  V.d
                
V - Pleural and/or pericardial involvement

                    V.d - Pleural/pericardial effusion, ANA positive (DI lupus)                


                  VI.a
                
VI - Pulmonary vasculopathies

                    VI.a - Pulmonary embolism - Venous thrombosis/thromboembolism                


                  VIII.e
                
VIII - Central-large-upper airway (incl. pharyngeal-nasal) involvement

                    VIII.e - Laryngospasm (a.k.a. laryngismus)                


                  IX.b
                
IX - Neuromuscular / CNS involvement - Disordered breathing (during sleep)

                    IX.b - Respiratory dyskinesia                


                  IX.d
                
IX - Neuromuscular / CNS involvement - Disordered breathing (during sleep)

                    IX.d - Respiratory failure from ventilatory depression (due to neuromuscular blockade/paralysis)                


                  X.b
                
X - Systemic/Distant conditions, syndromes and reactions

                    X.b - Antiphospholipid antibodies w/wo the APL syndrome                


                  X.d
                
X - Systemic/Distant conditions, syndromes and reactions

                    X.d - Lupus - Lupus syndrome (see also Vd)                


                  X.f
                
X - Systemic/Distant conditions, syndromes and reactions

                    X.f - Anaphylaxis-Anaphylactoid reaction (can be fatal)",2726.0,Both,chlorpromazine,CN(C)CCCN1c2ccccc2Sc2ccc(Cl)cc21,1,0,1,1
Chlorpropamide,"I.c
                
I - Interstitial/parenchymal lung disease

                    I.c - Eosinophilic pneumonia (pulmonary infiltrates and eosinophilia)                


                  X.a
                
X - Systemic/Distant conditions, syndromes and reactions

                    X.a - DRES syndrome - DRESS-like reaction",2727.0,Pneumotox_only,chlorpropamide,CCCNC(=O)NS(=O)(=O)c1ccc(Cl)cc1,1,0,0,0
Cibenzoline,"I.b
                
I - Interstitial/parenchymal lung disease

                    I.b - Pneumonitis (ILD)                


                  IX.d
                
IX - Neuromuscular / CNS involvement - Disordered breathing (during sleep)

                    IX.d - Respiratory failure from ventilatory depression (due to neuromuscular blockade/paralysis)",2747.0,Pneumotox_only,cibenzoline,c1ccc(C2(c3ccccc3)CC2C2=NCCN2)cc1,1,0,0,0
Cilostazol,"I.b
                
I - Interstitial/parenchymal lung disease

                    I.b - Pneumonitis (ILD)                


                  III.a
                
III - Pulmonary/alveolar./airway hemorrhage/bleeding

                    III.a - Alveolar hemorrhage (AH), diffuse AH (DAH)",2754.0,Both,cilostazol,O=C1CCc2cc(OCCCCc3nnnn3C3CCCCC3)ccc2N1,1,0,0,0
Cimetidine,"I.b
                
I - Interstitial/parenchymal lung disease

                    I.b - Pneumonitis (ILD)",2756.0,Both,cimetidine,CN=C(NC#N)NCCSCc1[nH]cnc1C,1,0,0,0
Ciprofloxacin,"I.b
                
I - Interstitial/parenchymal lung disease

                    I.b - Pneumonitis (ILD)                


                  I.c
                
I - Interstitial/parenchymal lung disease

                    I.c - Eosinophilic pneumonia (pulmonary infiltrates and eosinophilia)                


                  VIII.c
                
VIII - Central-large-upper airway (incl. pharyngeal-nasal) involvement

                    VIII.c - Upper airway obstruction other than angioedema or hematoma                


                  X.f
                
X - Systemic/Distant conditions, syndromes and reactions

                    X.f - Anaphylaxis-Anaphylactoid reaction (can be fatal)                


                  XV.b
                
XV - Pathology

                    XV.b - Path: Eosinophilic pneumonia (subacute or acute)  (see also Ic)                


                  XV.e
                
XV - Pathology

                    XV.e - Path: ILD with a granulomatous component (see also Im)",2764.0,Both,ciprofloxacin,O=C(O)c1cn(C2CC2)c2cc(N3CCNCC3)c(F)cc2c1=O,1,0,0,0
Cisapride,"IV.a
                
IV - Airway involvement

                    IV.a - Bronchospasm - Wheezing - Asthma",6917698.0,Both,cisapride,COc1cc(N)c(Cl)cc1C(=O)NC1CCN(CCCOc2ccc(F)cc2)CC1OC,0,0,0,0
Cladribine,"I.a
                
I - Interstitial/parenchymal lung disease

                    I.a - Pneumonitis (ILD), acute and/or severe (may cause ARDS)                


                  I.b
                
I - Interstitial/parenchymal lung disease

                    I.b - Pneumonitis (ILD)                


                  I.d
                
I - Interstitial/parenchymal lung disease

                    I.d - Organizing pneumonia pattern (an area or areas of consolidation on imaging)                


                  XIII.b
                
XIII - Neoplastic conditions

                    XIII.b - Lymphoproliferative disease (pulmonary, endobronchial, endothoracic)                


                  XV.k
                
XV - Pathology

                    XV.k - Path: Desquamative interstitial pneumonia (DIP-pattern)                


                  XVII.b
                
XVII - Infections & related conditions

                    XVII.b - Opportunistic pulmonary/systemic infections                


                  XVII.e
                
XVII - Infections & related conditions

                    XVII.e - Pneumocystis jiroveci pneumonia                


                  XVII.g
                
XVII - Infections & related conditions

                    XVII.g - Tuberculosis (pulmonary, pulmonary, extrapulmonary or disseminated). Reactivation or de novo                


                  XVII.j
                
XVII - Infections & related conditions

                    XVII.j - Mucormycosis (pulmonary, tracheobronchial or systemic)                


                  XVII.q
                
XVII - Infections & related conditions

                    XVII.q - Viral pneumonia",20279.0,Both,cladribine,Nc1nc(Cl)nc2c1ncn2C1CC(O)C(CO)O1,1,0,0,0
Clarithromycin,"I.c
                
I - Interstitial/parenchymal lung disease

                    I.c - Eosinophilic pneumonia (pulmonary infiltrates and eosinophilia)                


                  IV.a
                
IV - Airway involvement

                    IV.a - Bronchospasm - Wheezing - Asthma                


                  X.h
                
X - Systemic/Distant conditions, syndromes and reactions

                    X.h - Eosinophilic granulomatosis with polyangiitis (Churg-Strauss)                


                  XII.g
                
XII - Cardiovascular involvement / toxicity

                    XII.g - Coronary artery disease (acute) - Myocardial ischemia/infarction",84029.0,Both,clarithromycin,CCC1OC(=O)C(C)C(OC2CC(C)(OC)C(O)C(C)O2)C(C)C(OC2OC(C)CC(N(C)C)C2O)C(C)(OC)CC(C)C(=O)C(C)C(O)C1(C)O,1,0,0,0
Clazosentan,"II.a
                
II - Pulmonary edema - Acute lung injury - ARDS

                    II.a - Pulmonary edema, noncardiogenic (NCPE)                


                  II.d
                
II - Pulmonary edema - Acute lung injury - ARDS

                    II.d - Pulmonary edema, cardiogenic                


                  II.h
                
II - Pulmonary edema - Acute lung injury - ARDS

                    II.h - Overload pulmonary edema (including  posttransfusional (TACO))                


                  V.a
                
V - Pleural and/or pericardial involvement

                    V.a - Pleural effusion (uni- or bilateral) (can accompany DI-LDs)",6433095.0,Pneumotox_only,clazosentan,COc1ccccc1Oc1c(NS(=O)(=O)c2ccc(C)cn2)nc(-c2ccnc(-c3nn[nH]n3)c2)nc1OCCO,0,1,1,0
Clenbuterol,"XI.b
                
XI - Miscellaneous

                    XI.b - Chest pain (acute or subacute), lone or prominent                


                  XI.d
                
XI - Miscellaneous

                    XI.d - Metabolic acidosis (incl. lactic acidosis/-gap). May cause hyperpnea/dyspnea                


                  XII.n
                
XII - Cardiovascular involvement / toxicity

                    XII.n - Cardiovascular collapse - Cardiogenic shock - Hypotension",2783.0,Pneumotox_only,clenbuterol,CC(C)(C)NCC(O)c1cc(Cl)c(N)c(Cl)c1,0,0,0,0
Clevidipine,"II.f
                
II - Pulmonary edema - Acute lung injury - ARDS

                    II.f - Hypoxemia, low oxygen saturation (may occur in isolation)",153994.0,Both,clevidipine,CCCC(=O)OCOC(=O)C1=C(C)N=C(C)C(C(=O)OC)C1c1cccc(Cl)c1Cl,0,1,0,0
Clindamycin,"I.b
                
I - Interstitial/parenchymal lung disease

                    I.b - Pneumonitis (ILD)                


                  I.c
                
I - Interstitial/parenchymal lung disease

                    I.c - Eosinophilic pneumonia (pulmonary infiltrates and eosinophilia)                


                  IX.d
                
IX - Neuromuscular / CNS involvement - Disordered breathing (during sleep)

                    IX.d - Respiratory failure from ventilatory depression (due to neuromuscular blockade/paralysis)                


                  IX.i
                
IX - Neuromuscular / CNS involvement - Disordered breathing (during sleep)

                    IX.i - Respiratory arrest - Apnea                


                  XI.a
                
XI - Miscellaneous

                    XI.a - Cyanosis, a low SpO2 and normal measured PaO2                


                  XIV.a
                
XIV - Hemoglobinopathies - Abnormal hemoglobin states (acquired)

                    XIV.a - Methemoglobinemia",2786.0,Both,clindamycin,CCCC1CC(C(=O)NC(C(C)Cl)C2OC(SC)C(O)C(O)C2O)N(C)C1,1,0,0,0
Clofarabine,"X.c
                
X - Systemic/Distant conditions, syndromes and reactions

                    X.c - Capillary leak syndrome (CLS)",119182.0,Both,clofarabine,Nc1nc(Cl)nc2c1ncn2C1OC(CO)C(O)C1F,0,0,0,0
Clofazimine,"I.b
                
I - Interstitial/parenchymal lung disease

                    I.b - Pneumonitis (ILD)                


                  XV.u
                
XV - Pathology

                    XV.u - Path: Crystal storage disease",2794.0,Pneumotox_only,clofazimine,CC(C)N=c1cc2n(-c3ccc(Cl)cc3)c3ccccc3nc-2cc1Nc1ccc(Cl)cc1,1,0,0,0
Clofibrate,"I.c
                
I - Interstitial/parenchymal lung disease

                    I.c - Eosinophilic pneumonia (pulmonary infiltrates and eosinophilia)                


                  X.d
                
X - Systemic/Distant conditions, syndromes and reactions

                    X.d - Lupus - Lupus syndrome (see also Vd)",2796.0,Pneumotox_only,clofibrate,CCOC(=O)C(C)(C)Oc1ccc(Cl)cc1,1,0,0,0
Clomipramine,"I.c
                
I - Interstitial/parenchymal lung disease

                    I.c - Eosinophilic pneumonia (pulmonary infiltrates and eosinophilia)                


                  I.d
                
I - Interstitial/parenchymal lung disease

                    I.d - Organizing pneumonia pattern (an area or areas of consolidation on imaging)                


                  IX.d
                
IX - Neuromuscular / CNS involvement - Disordered breathing (during sleep)

                    IX.d - Respiratory failure from ventilatory depression (due to neuromuscular blockade/paralysis)                


                  X.a
                
X - Systemic/Distant conditions, syndromes and reactions

                    X.a - DRES syndrome - DRESS-like reaction                


                  XII.d
                
XII - Cardiovascular involvement / toxicity

                    XII.d - Myocarditis (can be fulminant)                


                  XII.ay
                
XII - Cardiovascular involvement / toxicity

                    XII.ay - Coronary (artery) vasculitis                


                  XV.cb
                
XV - Pathology

                    XV.cb - Path: Lymphocytic myocarditis                


                  XV.cc
                
XV - Pathology

                    XV.cc - Path: Eosinophilic myocarditis                


                  XV.cm
                
XV - Pathology

                    XV.cm - Path: Coronary vasculitis w/wo eosinophilia",2801.0,Both,clomipramine,CN(C)CCCN1c2ccccc2CCc2ccc(Cl)cc21,1,0,0,0
Clonazepam,"IX.d
                
IX - Neuromuscular / CNS involvement - Disordered breathing (during sleep)

                    IX.d - Respiratory failure from ventilatory depression (due to neuromuscular blockade/paralysis)                


                  IX.i
                
IX - Neuromuscular / CNS involvement - Disordered breathing (during sleep)

                    IX.i - Respiratory arrest - Apnea",2802.0,Both,clonazepam,O=C1CN=C(c2ccccc2Cl)c2cc([N+](=O)[O-])ccc2N1,0,0,0,0
Clonidine,"IX.d
                
IX - Neuromuscular / CNS involvement - Disordered breathing (during sleep)

                    IX.d - Respiratory failure from ventilatory depression (due to neuromuscular blockade/paralysis)                


                  X.d
                
X - Systemic/Distant conditions, syndromes and reactions

                    X.d - Lupus - Lupus syndrome (see also Vd)                


                  XII.e
                
XII - Cardiovascular involvement / toxicity

                    XII.e - Takotsubo (stress) cardiomyopathy",2803.0,Both,clonidine,Clc1cccc(Cl)c1NC1=NCCN1,0,0,0,0
Clopidogrel,"I.a
                
I - Interstitial/parenchymal lung disease

                    I.a - Pneumonitis (ILD), acute and/or severe (may cause ARDS)                


                  I.b
                
I - Interstitial/parenchymal lung disease

                    I.b - Pneumonitis (ILD)                


                  I.c
                
I - Interstitial/parenchymal lung disease

                    I.c - Eosinophilic pneumonia (pulmonary infiltrates and eosinophilia)                


                  II.a
                
II - Pulmonary edema - Acute lung injury - ARDS

                    II.a - Pulmonary edema, noncardiogenic (NCPE)                


                  II.b
                
II - Pulmonary edema - Acute lung injury - ARDS

                    II.b - ARDS - Acute lung injury                


                  III.a
                
III - Pulmonary/alveolar./airway hemorrhage/bleeding

                    III.a - Alveolar hemorrhage (AH), diffuse AH (DAH)                


                  III.c
                
III - Pulmonary/alveolar./airway hemorrhage/bleeding

                    III.c - Hemoptysis                


                  V.e
                
V - Pleural and/or pericardial involvement

                    V.e - Hemothorax - Serosanguineous pleural effusion                


                  V.n
                
V - Pleural and/or pericardial involvement

                    V.n - Hemopericardium - Bloody pericardial effusion                


                  VI.f
                
VI - Pulmonary vasculopathies

                    VI.f - Hemolytic and uremic syndrome (HUS). See also under Xaf                


                  VIII.a
                
VIII - Central-large-upper airway (incl. pharyngeal-nasal) involvement

                    VIII.a - Angioedema (may cause UAO, asphyxia and death)                


                  VIII.b
                
VIII - Central-large-upper airway (incl. pharyngeal-nasal) involvement

                    VIII.b - Hematoma of/around central airway wall potentially causing UAO                


                  VIII.k
                
VIII - Central-large-upper airway (incl. pharyngeal-nasal) involvement

                    VIII.k - Submucosal airway petechiae/hemorrhage                


                  X.a
                
X - Systemic/Distant conditions, syndromes and reactions

                    X.a - DRES syndrome - DRESS-like reaction                


                  X.g
                
X - Systemic/Distant conditions, syndromes and reactions

                    X.g - Hypersensitivity reaction (may manifest with fever and/or skin, throat or airway involvement)                


                  X.q
                
X - Systemic/Distant conditions, syndromes and reactions

                    X.q - Systemic inflammatory response                


                  XI.k
                
XI - Miscellaneous

                    XI.k - Esophageal hematoma (may cause chest pain and/or tracheal compression)                


                  XV.a
                
XV - Pathology

                    XV.a - Path: NSIP-cellular pattern (see also Ia, Ib)                


                  XV.c
                
XV - Pathology

                    XV.c - Path: Organizing pneumonia (OP/BOOP) pattern (see also Id)                


                  XIX.c
                
XIX - Cytological, biochemical features of/in BAL, pleural fluid or FNA

                    XIX.c - BAL: An excess proportion of eosinophils",60606.0,Both,clopidogrel,COC(=O)C(c1ccccc1Cl)N1CCc2sccc2C1,1,1,1,0
Clozapine,"I.b
                
I - Interstitial/parenchymal lung disease

                    I.b - Pneumonitis (ILD)                


                  I.c
                
I - Interstitial/parenchymal lung disease

                    I.c - Eosinophilic pneumonia (pulmonary infiltrates and eosinophilia)                


                  IV.a
                
IV - Airway involvement

                    IV.a - Bronchospasm - Wheezing - Asthma                


                  V.a
                
V - Pleural and/or pericardial involvement

                    V.a - Pleural effusion (uni- or bilateral) (can accompany DI-LDs)                


                  V.b
                
V - Pleural and/or pericardial involvement

                    V.b - Eosinophilic pleural effusion                


                  V.m
                
V - Pleural and/or pericardial involvement

                    V.m - Pleuropericarditis - Pleuropericardial effusion (ANA unknown or negative)                


                  VI.a
                
VI - Pulmonary vasculopathies

                    VI.a - Pulmonary embolism - Venous thrombosis/thromboembolism                


                  VIII.a
                
VIII - Central-large-upper airway (incl. pharyngeal-nasal) involvement

                    VIII.a - Angioedema (may cause UAO, asphyxia and death)                


                  IX.f
                
IX - Neuromuscular / CNS involvement - Disordered breathing (during sleep)

                    IX.f - Hiccup                


                  X.e
                
X - Systemic/Distant conditions, syndromes and reactions

                    X.e - Autoimmunity-Autoimmune conditions (+ANA, +anti-ds-DNA, +ANCAs, other auto-Abs)                


                  X.o
                
X - Systemic/Distant conditions, syndromes and reactions

                    X.o - Neutrophilic dermatosis (Pyoderma, Sweet syndrome)                


                  X.s
                
X - Systemic/Distant conditions, syndromes and reactions

                    X.s - Vasculitis, pulmonary (w/wo AH), extrapulmonary, systemic: ANCA-positive                


                  X.u
                
X - Systemic/Distant conditions, syndromes and reactions

                    X.u - Multiple organ dysfunction/failure (MODS/MOF)                


                  XI.g
                
XI - Miscellaneous

                    XI.g - Aspiration, aspiration pneumonia (w/wo demonstrable pharyngeal dysmotility)                


                  XI.n
                
XI - Miscellaneous

                    XI.n - Neutropenia, agranulocytosis (w/wo infection/sepsis)                


                  XI.ak
                
XI - Miscellaneous

                    XI.ak - Sialorrhea - Drooling                


                  XII.d
                
XII - Cardiovascular involvement / toxicity

                    XII.d - Myocarditis (can be fulminant)                


                  XII.f
                
XII - Cardiovascular involvement / toxicity

                    XII.f - Cardiomyopathy (acute, subacute, chronic)                


                  XII.h
                
XII - Cardiovascular involvement / toxicity

                    XII.h - Eosinophilic myocarditis                


                  XII.ai
                
XII - Cardiovascular involvement / toxicity

                    XII.ai - Cardiotoxicity                


                  XV.cb
                
XV - Pathology

                    XV.cb - Path: Lymphocytic myocarditis                


                  XV.cc
                
XV - Pathology

                    XV.cc - Path: Eosinophilic myocarditis",135398737.0,Both,clozapine,CN1CCN(C2=Nc3cc(Cl)ccc3Nc3ccccc32)CC1,1,0,1,1
Codeine,"II.a
                
II - Pulmonary edema - Acute lung injury - ARDS

                    II.a - Pulmonary edema, noncardiogenic (NCPE)                


                  II.f
                
II - Pulmonary edema - Acute lung injury - ARDS

                    II.f - Hypoxemia, low oxygen saturation (may occur in isolation)                


                  IX.d
                
IX - Neuromuscular / CNS involvement - Disordered breathing (during sleep)

                    IX.d - Respiratory failure from ventilatory depression (due to neuromuscular blockade/paralysis)                


                  X.f
                
X - Systemic/Distant conditions, syndromes and reactions

                    X.f - Anaphylaxis-Anaphylactoid reaction (can be fatal)",5284371.0,Both,codeine,COc1ccc2c3c1OC1C(O)C=CC4C(C2)N(C)CCC341,0,1,0,0
Colchicine,"II.b
                
II - Pulmonary edema - Acute lung injury - ARDS

                    II.b - ARDS - Acute lung injury                


                  VII.h
                
VII - Mediastinal involvement

                    VII.h - Pneumomediastinum                


                  X.u
                
X - Systemic/Distant conditions, syndromes and reactions

                    X.u - Multiple organ dysfunction/failure (MODS/MOF)                


                  XI.r
                
XI - Miscellaneous

                    XI.r - Death following exposure or poisoning                


                  XII.m
                
XII - Cardiovascular involvement / toxicity

                    XII.m - Cardiac- cardiorespiratory/pulmonary arrest                


                  XII.n
                
XII - Cardiovascular involvement / toxicity

                    XII.n - Cardiovascular collapse - Cardiogenic shock - Hypotension",6167.0,Both,colchicine,COc1cc2c(c(OC)c1OC)-c1ccc(OC)c(=O)cc1C(NC(C)=O)CC2,0,1,0,0
Colistimethate,"IX.d
                
IX - Neuromuscular / CNS involvement - Disordered breathing (during sleep)

                    IX.d - Respiratory failure from ventilatory depression (due to neuromuscular blockade/paralysis)                


                  IX.i
                
IX - Neuromuscular / CNS involvement - Disordered breathing (during sleep)

                    IX.i - Respiratory arrest - Apnea",216258.0,Both,colistimethate,CCC(C)CCCCC(=O)NC(CCNCS(=O)(=O)[O-])C(=O)NC(C(=O)NC(CCNCS(=O)(=O)[O-])C(=O)NC1CCNC(=O)C(C(C)O)NC(=O)C(CCNCS(=O)(=O)[O-])NC(=O)C(CCNCS(=O)(=O)[O-])NC(=O)C(CC(C)C)NC(=O)C(CC(C)C)NC(=O)C(CCNCS(=O)(=O)[O-])NC1=O)C(C)O,0,0,0,0
Cortisone,"XV.i
                
XV - Pathology

                    XV.i - Path: Pneumocyte atypia (reactive epithelial cells) (a.k.a. the ""Napoleon Hat"" sign)",5745.0,Both,cortisone,CC(=O)OCC(=O)C1(O)CCC2C3CC=C4CC(=O)CCC4(C)C3C(=O)CC21C,0,0,0,0
Crizotinib,"I.a
                
I - Interstitial/parenchymal lung disease

                    I.a - Pneumonitis (ILD), acute and/or severe (may cause ARDS)                


                  I.b
                
I - Interstitial/parenchymal lung disease

                    I.b - Pneumonitis (ILD)                


                  I.d
                
I - Interstitial/parenchymal lung disease

                    I.d - Organizing pneumonia pattern (an area or areas of consolidation on imaging)                


                  II.b
                
II - Pulmonary edema - Acute lung injury - ARDS

                    II.b - ARDS - Acute lung injury                


                  III.a
                
III - Pulmonary/alveolar./airway hemorrhage/bleeding

                    III.a - Alveolar hemorrhage (AH), diffuse AH (DAH)                


                  III.h
                
III - Pulmonary/alveolar./airway hemorrhage/bleeding

                    III.h - Major/massive hemoptysis                


                  V.f
                
V - Pleural and/or pericardial involvement

                    V.f - Pneumothorax                


                  VIII.a
                
VIII - Central-large-upper airway (incl. pharyngeal-nasal) involvement

                    VIII.a - Angioedema (may cause UAO, asphyxia and death)                


                  X.g
                
X - Systemic/Distant conditions, syndromes and reactions

                    X.g - Hypersensitivity reaction (may manifest with fever and/or skin, throat or airway involvement)                


                  XI.w
                
XI - Miscellaneous

                    XI.w - Cavitation/necrosis of lung tumor or metastases                


                  XII.ag
                
XII - Cardiovascular involvement / toxicity

                    XII.ag - Bradycardia                


                  XII.ai
                
XII - Cardiovascular involvement / toxicity

                    XII.ai - Cardiotoxicity                


                  XV.a
                
XV - Pathology

                    XV.a - Path: NSIP-cellular pattern (see also Ia, Ib)                


                  XV.c
                
XV - Pathology

                    XV.c - Path: Organizing pneumonia (OP/BOOP) pattern (see also Id)                


                  XV.f
                
XV - Pathology

                    XV.f - Path: Diffuse alveolar damage (DAD-pattern) (see also IL)                


                  XVI.af
                
XVI - Imaging

                    XVI.af - Imaging: Lung cysts or bullae (see also XVI ah/bf)                


                  XIX.a
                
XIX - Cytological, biochemical features of/in BAL, pleural fluid or FNA

                    XIX.a - BAL: An excess proportion of lymphocytes",11626560.0,Both,crizotinib,CC(Oc1cc(-c2cnn(C3CCNCC3)c2)cnc1N)c1c(Cl)ccc(F)c1Cl,1,1,1,0
Cyanide,"XI.d
                
XI - Miscellaneous

                    XI.d - Metabolic acidosis (incl. lactic acidosis/-gap). May cause hyperpnea/dyspnea                


                  XI.bi
                
XI - Miscellaneous

                    XI.bi - Cyanide poisoning",5975.0,Pneumotox_only,cyanide,[C-]#N,0,0,0,0
Cyclodextrin,"II.b
                
II - Pulmonary edema - Acute lung injury - ARDS

                    II.b - ARDS - Acute lung injury",320760.0,Pneumotox_only,cyclodextrin,OCC1OC2OC3C(CO)OC(OC4C(CO)OC(OC5C(CO)OC(OC6C(CO)OC(OC7C(CO)OC(OC1C(O)C2O)C(O)C7O)C(O)C6O)C(O)C5O)C(O)C4O)C(O)C3O,0,1,0,0
Cyclophosphamide,"I.a
                
I - Interstitial/parenchymal lung disease

                    I.a - Pneumonitis (ILD), acute and/or severe (may cause ARDS)                


                  I.b
                
I - Interstitial/parenchymal lung disease

                    I.b - Pneumonitis (ILD)                


                  I.d
                
I - Interstitial/parenchymal lung disease

                    I.d - Organizing pneumonia pattern (an area or areas of consolidation on imaging)                


                  I.g
                
I - Interstitial/parenchymal lung disease

                    I.g - Pulmonary fibrosis                


                  I.l
                
I - Interstitial/parenchymal lung disease

                    I.l - Diffuse alveolar damage (DAD) (see alsoo under IIb and XVf)                


                  I.x
                
I - Interstitial/parenchymal lung disease

                    I.x - Pleuroparenchymal fibroelastosis (PPFE)                


                  I.aa
                
I - Interstitial/parenchymal lung disease

                    I.aa - Delayed ILD, -pneumonitis, -fibrosis                


                  II.a
                
II - Pulmonary edema - Acute lung injury - ARDS

                    II.a - Pulmonary edema, noncardiogenic (NCPE)                


                  II.b
                
II - Pulmonary edema - Acute lung injury - ARDS

                    II.b - ARDS - Acute lung injury                


                  III.a
                
III - Pulmonary/alveolar./airway hemorrhage/bleeding

                    III.a - Alveolar hemorrhage (AH), diffuse AH (DAH)                


                  IV.a
                
IV - Airway involvement

                    IV.a - Bronchospasm - Wheezing - Asthma                


                  V.a
                
V - Pleural and/or pericardial involvement

                    V.a - Pleural effusion (uni- or bilateral) (can accompany DI-LDs)                


                  V.b
                
V - Pleural and/or pericardial involvement

                    V.b - Eosinophilic pleural effusion                


                  V.c
                
V - Pleural and/or pericardial involvement

                    V.c - Pleural thickening - Fibrothorax                


                  V.f
                
V - Pleural and/or pericardial involvement

                    V.f - Pneumothorax                


                  VI.c
                
VI - Pulmonary vasculopathies

                    VI.c - Pulmonary veno-occlusive disease                


                  IX.f
                
IX - Neuromuscular / CNS involvement - Disordered breathing (during sleep)

                    IX.f - Hiccup                


                  X.f
                
X - Systemic/Distant conditions, syndromes and reactions

                    X.f - Anaphylaxis-Anaphylactoid reaction (can be fatal)                


                  XI.b
                
XI - Miscellaneous

                    XI.b - Chest pain (acute or subacute), lone or prominent                


                  XI.c
                
XI - Miscellaneous

                    XI.c - Pleuritic chest pain                


                  XI.p
                
XI - Miscellaneous

                    XI.p - Chest deformity: platythorax                


                  XII.a
                
XII - Cardiovascular involvement / toxicity

                    XII.a - Left or biventricular dysfunction/failure                


                  XII.c
                
XII - Cardiovascular involvement / toxicity

                    XII.c - Pericardial effusion (w/wo tamponade)                


                  XII.f
                
XII - Cardiovascular involvement / toxicity

                    XII.f - Cardiomyopathy (acute, subacute, chronic)                


                  XII.g
                
XII - Cardiovascular involvement / toxicity

                    XII.g - Coronary artery disease (acute) - Myocardial ischemia/infarction                


                  XII.s
                
XII - Cardiovascular involvement / toxicity

                    XII.s - Heart block (bundle branch- or AV-)                


                  XV.a
                
XV - Pathology

                    XV.a - Path: NSIP-cellular pattern (see also Ia, Ib)                


                  XV.c
                
XV - Pathology

                    XV.c - Path: Organizing pneumonia (OP/BOOP) pattern (see also Id)                


                  XV.f
                
XV - Pathology

                    XV.f - Path: Diffuse alveolar damage (DAD-pattern) (see also IL)                


                  XV.h
                
XV - Pathology

                    XV.h - Path: NSIP-fibrotic pattern                


                  XV.i
                
XV - Pathology

                    XV.i - Path: Pneumocyte atypia (reactive epithelial cells) (a.k.a. the ""Napoleon Hat"" sign)                


                  XV.ak
                
XV - Pathology

                    XV.ak - Path: Pulmonary veno-occlusive disease (PVOD)                


                  XV.ap
                
XV - Pathology

                    XV.ap - Path: Pleuroparenchymal fibrosis/fibroelastosis (PPFE)                


                  XVI.ap
                
XVI - Imaging

                    XVI.ap - Imaging: Pleural thickening w/wo rounded atelectasis                


                  XVI.bl
                
XVI - Imaging

                    XVI.bl - Imaging: An area or areas of avid tracer uptake in the lung/chest on 18F-PET scan                


                  XVII.b
                
XVII - Infections & related conditions

                    XVII.b - Opportunistic pulmonary/systemic infections                


                  XVII.e
                
XVII - Infections & related conditions

                    XVII.e - Pneumocystis jiroveci pneumonia                


                  XVII.q
                
XVII - Infections & related conditions

                    XVII.q - Viral pneumonia                


                  XIX.a
                
XIX - Cytological, biochemical features of/in BAL, pleural fluid or FNA

                    XIX.a - BAL: An excess proportion of lymphocytes",2907.0,Both,cyclophosphamide,O=P1(N(CCCl)CCCl)NCCCO1,1,1,1,0
Cyclopropylfentanyl,"IX.d
                
IX - Neuromuscular / CNS involvement - Disordered breathing (during sleep)

                    IX.d - Respiratory failure from ventilatory depression (due to neuromuscular blockade/paralysis)",137332271.0,Pneumotox_only,cyclopropylfentanyl,O=C(C1CC1)N(c1ccccc1)C1CCN(CCc2ccccc2)CC1,0,0,0,0
Cyclosporine,"I.a
                
I - Interstitial/parenchymal lung disease

                    I.a - Pneumonitis (ILD), acute and/or severe (may cause ARDS)                


                  I.b
                
I - Interstitial/parenchymal lung disease

                    I.b - Pneumonitis (ILD)                


                  I.n
                
I - Interstitial/parenchymal lung disease

                    I.n - Pulmonary alveolar proteinosis (PAP)                


                  II.b
                
II - Pulmonary edema - Acute lung injury - ARDS

                    II.b - ARDS - Acute lung injury                


                  IV.k
                
IV - Airway involvement

                    IV.k - Bronchiectasis                


                  VIII.a
                
VIII - Central-large-upper airway (incl. pharyngeal-nasal) involvement

                    VIII.a - Angioedema (may cause UAO, asphyxia and death)                


                  X.c
                
X - Systemic/Distant conditions, syndromes and reactions

                    X.c - Capillary leak syndrome (CLS)                


                  X.f
                
X - Systemic/Distant conditions, syndromes and reactions

                    X.f - Anaphylaxis-Anaphylactoid reaction (can be fatal)                


                  XI.ab
                
XI - Miscellaneous

                    XI.ab - Gingival hypertrophy                


                  XIII.b
                
XIII - Neoplastic conditions

                    XIII.b - Lymphoproliferative disease (pulmonary, endobronchial, endothoracic)                


                  XV.a
                
XV - Pathology

                    XV.a - Path: NSIP-cellular pattern (see also Ia, Ib)                


                  XV.n
                
XV - Pathology

                    XV.n - Path: Pulmonary alveolar proteinosis pattern (PAP pattern)                


                  XVII.b
                
XVII - Infections & related conditions

                    XVII.b - Opportunistic pulmonary/systemic infections                


                  XVII.c
                
XVII - Infections & related conditions

                    XVII.c - Aspergillosis, pulmonary (invasive, allergic [ABPA], or mycetoma)                


                  XVII.e
                
XVII - Infections & related conditions

                    XVII.e - Pneumocystis jiroveci pneumonia                


                  XVII.g
                
XVII - Infections & related conditions

                    XVII.g - Tuberculosis (pulmonary, pulmonary, extrapulmonary or disseminated). Reactivation or de novo                


                  XVII.o
                
XVII - Infections & related conditions

                    XVII.o - Nocardia pulmonary/systemic infection",5280754.0,Both,cyclosporine,CC=CCC(C)C(O)C1C(=O)NC(CC)C(=O)N(C)CC(=O)N(C)C(CC(C)C)C(=O)NC(C(C)C)C(=O)N(C)C(CC(C)C)C(=O)NC(C)C(=O)NC(C)C(=O)N(C)C(CC(C)C)C(=O)N(C)C(CC(C)C)C(=O)N(C)C(C(C)C)C(=O)N1C,1,1,0,0
Cyproterone,"I.b
                
I - Interstitial/parenchymal lung disease

                    I.b - Pneumonitis (ILD)                


                  VI.a
                
VI - Pulmonary vasculopathies

                    VI.a - Pulmonary embolism - Venous thrombosis/thromboembolism                


                  VI.b
                
VI - Pulmonary vasculopathies

                    VI.b - Pulmonary arterial hypertension",9880.0,Both,cyproterone,CC(=O)OC1(C(C)=O)CCC2C3=CC(Cl)=C4CC(=O)C5CC5C4(C)C3CCC21C,1,0,0,1
Dabigatran,"I.a
                
I - Interstitial/parenchymal lung disease

                    I.a - Pneumonitis (ILD), acute and/or severe (may cause ARDS)                


                  I.b
                
I - Interstitial/parenchymal lung disease

                    I.b - Pneumonitis (ILD)                


                  I.d
                
I - Interstitial/parenchymal lung disease

                    I.d - Organizing pneumonia pattern (an area or areas of consolidation on imaging)                


                  III.a
                
III - Pulmonary/alveolar./airway hemorrhage/bleeding

                    III.a - Alveolar hemorrhage (AH), diffuse AH (DAH)                


                  III.c
                
III - Pulmonary/alveolar./airway hemorrhage/bleeding

                    III.c - Hemoptysis                


                  III.h
                
III - Pulmonary/alveolar./airway hemorrhage/bleeding

                    III.h - Major/massive hemoptysis                


                  V.n
                
V - Pleural and/or pericardial involvement

                    V.n - Hemopericardium - Bloody pericardial effusion                


                  XII.z
                
XII - Cardiovascular involvement / toxicity

                    XII.z - Heart valve thrombosis                


                  XV.c
                
XV - Pathology

                    XV.c - Path: Organizing pneumonia (OP/BOOP) pattern (see also Id)                


                  XVI.j
                
XVI - Imaging

                    XVI.j - Imaging: Wandering (migratory) pulmonary opacities",216210.0,Both,dabigatran,Cn1c(CNc2ccc(C(=N)N)cc2)nc2cc(C(=O)N(CCC(=O)O)c3ccccn3)ccc21,1,0,1,0
Dabrafenib,"X.k
                
X - Systemic/Distant conditions, syndromes and reactions

                    X.k - Sarcoid-like granulomatosis (endo-/extrathoracic)                


                  X.ah
                
X - Systemic/Distant conditions, syndromes and reactions

                    X.ah - Granulomatosis with polyangiitis (typically ANCA pos.) - GPA flare",44462760.0,Both,dabrafenib,CC(C)(C)c1nc(-c2cccc(NS(=O)(=O)c3c(F)cccc3F)c2F)c(-c2ccnc(N)n2)s1,0,0,0,0
Dacarbazine,"I.a
                
I - Interstitial/parenchymal lung disease

                    I.a - Pneumonitis (ILD), acute and/or severe (may cause ARDS)                


                  II.b
                
II - Pulmonary edema - Acute lung injury - ARDS

                    II.b - ARDS - Acute lung injury",2942.0,Both,dacarbazine,CN(C)N=Nc1[nH]cnc1C(N)=O,1,1,0,0
Daclatasvir,"I.b
                
I - Interstitial/parenchymal lung disease

                    I.b - Pneumonitis (ILD)",25154714.0,Pneumotox_only,daclatasvir,COC(=O)NC(C(=O)N1CCCC1c1nc(-c2ccc(-c3ccc(-c4c[nH]c(C5CCCN5C(=O)C(NC(=O)OC)C(C)C)n4)cc3)cc2)c[nH]1)C(C)C,1,0,0,0
Dactinomycin,"I.ad
                
I - Interstitial/parenchymal lung disease

                    I.ad - Radiation recall pneumonitis",457193.0,Both,dactinomycin,Cc1ccc(C(=O)NC2C(=O)NC(C(C)C)C(=O)N3CCCC3C(=O)N(C)CC(=O)N(C)C(C(C)C)C(=O)OC2C)c2c1Oc1c(C)c(O)c(N)c(=C(O)N=C3C(=O)NC(C(C)C)C(=O)N4CCCC4C(=O)N(C)CC(=O)N(C)C(C(C)C)C(=O)OC3C)c1=N2,1,0,0,0
Danazol,"I.g
                
I - Interstitial/parenchymal lung disease

                    I.g - Pulmonary fibrosis",28417.0,Both,danazol,C#CC1(O)CCC2C3CCC4=Cc5oncc5CC4(C)C3CCC21C,1,0,0,0
Dantrolene,"I.b
                
I - Interstitial/parenchymal lung disease

                    I.b - Pneumonitis (ILD)                


                  V.b
                
V - Pleural and/or pericardial involvement

                    V.b - Eosinophilic pleural effusion                


                  V.m
                
V - Pleural and/or pericardial involvement

                    V.m - Pleuropericarditis - Pleuropericardial effusion (ANA unknown or negative)                


                  IX.d
                
IX - Neuromuscular / CNS involvement - Disordered breathing (during sleep)

                    IX.d - Respiratory failure from ventilatory depression (due to neuromuscular blockade/paralysis)                


                  XII.c
                
XII - Cardiovascular involvement / toxicity

                    XII.c - Pericardial effusion (w/wo tamponade)",6604100.0,Both,dantrolene,O=C1N=C([O-])CN1N=Cc1ccc(-c2ccc([N+](=O)[O-])cc2)o1,1,0,1,0
Daptomycin,"I.b
                
I - Interstitial/parenchymal lung disease

                    I.b - Pneumonitis (ILD)                


                  I.c
                
I - Interstitial/parenchymal lung disease

                    I.c - Eosinophilic pneumonia (pulmonary infiltrates and eosinophilia)                


                  I.d
                
I - Interstitial/parenchymal lung disease

                    I.d - Organizing pneumonia pattern (an area or areas of consolidation on imaging)                


                  I.e
                
I - Interstitial/parenchymal lung disease

                    I.e - Acute eosinophilic pneumonia (AEP)                


                  I.k
                
I - Interstitial/parenchymal lung disease

                    I.k - Lung nodule or nodules                


                  I.x
                
I - Interstitial/parenchymal lung disease

                    I.x - Pleuroparenchymal fibroelastosis (PPFE)                


                  I.z
                
I - Interstitial/parenchymal lung disease

                    I.z - An area or areas of consolidation                


                  II.b
                
II - Pulmonary edema - Acute lung injury - ARDS

                    II.b - ARDS - Acute lung injury                


                  VIII.a
                
VIII - Central-large-upper airway (incl. pharyngeal-nasal) involvement

                    VIII.a - Angioedema (may cause UAO, asphyxia and death)                


                  X.f
                
X - Systemic/Distant conditions, syndromes and reactions

                    X.f - Anaphylaxis-Anaphylactoid reaction (can be fatal)                


                  XV.b
                
XV - Pathology

                    XV.b - Path: Eosinophilic pneumonia (subacute or acute)  (see also Ic)                


                  XV.c
                
XV - Pathology

                    XV.c - Path: Organizing pneumonia (OP/BOOP) pattern (see also Id)                


                  XV.d
                
XV - Pathology

                    XV.d - Path: Acute fibrinous organizing pneumonia (AFOP-pattern) (see also If)                


                  XVI.k
                
XVI - Imaging

                    XVI.k - Imaging: An area or areas of consolidation                


                  XIX.b
                
XIX - Cytological, biochemical features of/in BAL, pleural fluid or FNA

                    XIX.b - BAL: An excess proportion of neutrophils                


                  XIX.c
                
XIX - Cytological, biochemical features of/in BAL, pleural fluid or FNA

                    XIX.c - BAL: An excess proportion of eosinophils                


                  XXI.e
                
XXI - Rechallenge data

                    XXI.e - Rechallenge may not necessarily lead to relapse of AE/ILD",16134395.0,Both,daptomycin,CCCCCCCCCC(=O)NC(Cc1c[nH]c2ccccc12)C(=O)NC(CC(N)=O)C(=O)NC(CC(=O)O)C(=O)NC1C(=O)NCC(=O)NC(CCCN)C(=O)NC(CC(=O)O)C(=O)NC(C)C(=O)NC(CC(=O)O)C(=O)NCC(=O)NC(CO)C(=O)NC(C(C)CC(=O)O)C(=O)NC(CC(=O)c2ccccc2N)C(=O)OC1C,1,1,1,0
Dasabuvir,,56640146.0,Both,dasabuvir,COc1c(-c2ccc3cc(NS(C)(=O)=O)ccc3c2)cc(-n2ccc(=O)[nH]c2=O)cc1C(C)(C)C,0,0,0,0
Dasatinib,"I.b
                
I - Interstitial/parenchymal lung disease

                    I.b - Pneumonitis (ILD)                


                  I.d
                
I - Interstitial/parenchymal lung disease

                    I.d - Organizing pneumonia pattern (an area or areas of consolidation on imaging)                


                  I.n
                
I - Interstitial/parenchymal lung disease

                    I.n - Pulmonary alveolar proteinosis (PAP)                


                  I.y
                
I - Interstitial/parenchymal lung disease

                    I.y - Progression, acceleration or exacerbation of preexisting ILD/fibrosis                


                  II.a
                
II - Pulmonary edema - Acute lung injury - ARDS

                    II.a - Pulmonary edema, noncardiogenic (NCPE)                


                  V.a
                
V - Pleural and/or pericardial involvement

                    V.a - Pleural effusion (uni- or bilateral) (can accompany DI-LDs)                


                  V.c
                
V - Pleural and/or pericardial involvement

                    V.c - Pleural thickening - Fibrothorax                


                  V.d
                
V - Pleural and/or pericardial involvement

                    V.d - Pleural/pericardial effusion, ANA positive (DI lupus)                


                  V.h
                
V - Pleural and/or pericardial involvement

                    V.h - Chylothorax                


                  V.i
                
V - Pleural and/or pericardial involvement

                    V.i - Pleuritis (can cause chest pain)                


                  V.m
                
V - Pleural and/or pericardial involvement

                    V.m - Pleuropericarditis - Pleuropericardial effusion (ANA unknown or negative)                


                  VI.b
                
VI - Pulmonary vasculopathies

                    VI.b - Pulmonary arterial hypertension                


                  X.d
                
X - Systemic/Distant conditions, syndromes and reactions

                    X.d - Lupus - Lupus syndrome (see also Vd)                


                  X.r
                
X - Systemic/Distant conditions, syndromes and reactions

                    X.r - Fluid retention                


                  XI.b
                
XI - Miscellaneous

                    XI.b - Chest pain (acute or subacute), lone or prominent                


                  XII.c
                
XII - Cardiovascular involvement / toxicity

                    XII.c - Pericardial effusion (w/wo tamponade)                


                  XV.c
                
XV - Pathology

                    XV.c - Path: Organizing pneumonia (OP/BOOP) pattern (see also Id)                


                  XV.n
                
XV - Pathology

                    XV.n - Path: Pulmonary alveolar proteinosis pattern (PAP pattern)                


                  XV.ao
                
XV - Pathology

                    XV.ao - Path: Pleuritis, pleural fibrosis                


                  XV.ch
                
XV - Pathology

                    XV.ch - Path: Organizing fibrinous pleuritis (OFP)                


                  XVI.m
                
XVI - Imaging

                    XVI.m - Imaging: Interlobular septal thickening                


                  XVI.an
                
XVI - Imaging

                    XVI.an - Imaging: Pleural effusion                


                  XIX.a
                
XIX - Cytological, biochemical features of/in BAL, pleural fluid or FNA

                    XIX.a - BAL: An excess proportion of lymphocytes",3062316.0,Both,dasatinib,Cc1nc(Nc2ncc(C(=O)Nc3c(C)cccc3Cl)s2)cc(N2CCN(CCO)CC2)n1,1,1,1,1
Daunorubicin,"XII.a
                
XII - Cardiovascular involvement / toxicity

                    XII.a - Left or biventricular dysfunction/failure                


                  XII.ai
                
XII - Cardiovascular involvement / toxicity

                    XII.ai - Cardiotoxicity",30323.0,Both,daunorubicin,COc1cccc2c(O)c3c(c(O)c12)C(=O)C1=C(CC(O)(C(C)=O)CC1OC1CC(N)C(O)C(C)O1)C3=O,0,0,0,0
Decitabine,"I.b
                
I - Interstitial/parenchymal lung disease

                    I.b - Pneumonitis (ILD)                


                  I.f
                
I - Interstitial/parenchymal lung disease

                    I.f - Acute fibrinous organizing pneumonia (AFOP)                


                  XV.d
                
XV - Pathology

                    XV.d - Path: Acute fibrinous organizing pneumonia (AFOP-pattern) (see also If)",451668.0,Both,decitabine,Nc1ncn(C2CC(O)C(CO)O2)c(=O)n1,1,0,0,0
Deferoxamine,"I.a
                
I - Interstitial/parenchymal lung disease

                    I.a - Pneumonitis (ILD), acute and/or severe (may cause ARDS)                


                  I.b
                
I - Interstitial/parenchymal lung disease

                    I.b - Pneumonitis (ILD)                


                  II.a
                
II - Pulmonary edema - Acute lung injury - ARDS

                    II.a - Pulmonary edema, noncardiogenic (NCPE)                


                  II.b
                
II - Pulmonary edema - Acute lung injury - ARDS

                    II.b - ARDS - Acute lung injury                


                  VI.a
                
VI - Pulmonary vasculopathies

                    VI.a - Pulmonary embolism - Venous thrombosis/thromboembolism                


                  X.f
                
X - Systemic/Distant conditions, syndromes and reactions

                    X.f - Anaphylaxis-Anaphylactoid reaction (can be fatal)                


                  XV.a
                
XV - Pathology

                    XV.a - Path: NSIP-cellular pattern (see also Ia, Ib)                


                  XV.f
                
XV - Pathology

                    XV.f - Path: Diffuse alveolar damage (DAD-pattern) (see also IL)                


                  XVII.e
                
XVII - Infections & related conditions

                    XVII.e - Pneumocystis jiroveci pneumonia",2973.0,Both,deferoxamine,CC(=O)N(O)CCCCCNC(=O)CCC(=O)N(O)CCCCCNC(=O)CCC(=O)N(O)CCCCCN,1,1,0,1
Desipramine,"I.c
                
I - Interstitial/parenchymal lung disease

                    I.c - Eosinophilic pneumonia (pulmonary infiltrates and eosinophilia)                


                  II.a
                
II - Pulmonary edema - Acute lung injury - ARDS

                    II.a - Pulmonary edema, noncardiogenic (NCPE)                


                  IV.a
                
IV - Airway involvement

                    IV.a - Bronchospasm - Wheezing - Asthma                


                  XII.d
                
XII - Cardiovascular involvement / toxicity

                    XII.d - Myocarditis (can be fulminant)",2995.0,Both,desipramine,CNCCCN1c2ccccc2CCc2ccccc21,1,1,0,0
Desmopressin,"II.d
                
II - Pulmonary edema - Acute lung injury - ARDS

                    II.d - Pulmonary edema, cardiogenic",5311065.0,Both,desmopressin,N=C(N)NCCCC(NC(=O)C1CCCN1C(=O)C1CSSCCC(=O)NC(Cc2ccc(O)cc2)C(=O)NC(Cc2ccccc2)C(=O)NC(CCC(N)=O)C(=O)NC(CC(N)=O)C(=O)N1)C(=O)NCC(N)=O,0,1,0,0
Dexmedetomidine,"XII.af
                
XII - Cardiovascular involvement / toxicity

                    XII.af - Coronary vasospasm - Vasospastic angina",5311068.0,Both,dexmedetomidine,Cc1cccc(C(C)c2c[nH]cn2)c1C,0,0,0,0
Dextran,"II.a
                
II - Pulmonary edema - Acute lung injury - ARDS

                    II.a - Pulmonary edema, noncardiogenic (NCPE)                


                  II.b
                
II - Pulmonary edema - Acute lung injury - ARDS

                    II.b - ARDS - Acute lung injury                


                  III.a
                
III - Pulmonary/alveolar./airway hemorrhage/bleeding

                    III.a - Alveolar hemorrhage (AH), diffuse AH (DAH)                


                  IV.b
                
IV - Airway involvement

                    IV.b - Bronchospasm and angioedema                


                  IV.d
                
IV - Airway involvement

                    IV.d - Cough (lone)                


                  V.a
                
V - Pleural and/or pericardial involvement

                    V.a - Pleural effusion (uni- or bilateral) (can accompany DI-LDs)                


                  X.f
                
X - Systemic/Distant conditions, syndromes and reactions

                    X.f - Anaphylaxis-Anaphylactoid reaction (can be fatal)                


                  XXIV.h
                
XXIV - Veterinary medicine

                    XXIV.h - Veterinary: Anaphylaxis/Anaphylactoid reaction",4125253.0,Both,dextran,O=C(C(O)CO)C(O)C(O)COC1OC(COC2OC(CO)C(O)C(O)C2O)C(O)C(O)C1O,0,1,1,0
Dextromethorphan,"II.a
                
II - Pulmonary edema - Acute lung injury - ARDS

                    II.a - Pulmonary edema, noncardiogenic (NCPE)                


                  IX.d
                
IX - Neuromuscular / CNS involvement - Disordered breathing (during sleep)

                    IX.d - Respiratory failure from ventilatory depression (due to neuromuscular blockade/paralysis)",5360696.0,Both,dextromethorphan,COc1ccc2c(c1)C13CCCCC1C(C2)N(C)CC3,0,1,0,0
Diacetylmorphine,"IX.d
                
IX - Neuromuscular / CNS involvement - Disordered breathing (during sleep)

                    IX.d - Respiratory failure from ventilatory depression (due to neuromuscular blockade/paralysis)",5462328.0,Pneumotox_only,diacetylmorphine,CC(=O)Oc1ccc2c3c1OC1C(OC(C)=O)C=CC4C(C2)N(C)CCC341,0,0,0,0
Diazepam,"IX.d
                
IX - Neuromuscular / CNS involvement - Disordered breathing (during sleep)

                    IX.d - Respiratory failure from ventilatory depression (due to neuromuscular blockade/paralysis)                


                  IX.i
                
IX - Neuromuscular / CNS involvement - Disordered breathing (during sleep)

                    IX.i - Respiratory arrest - Apnea",3016.0,Both,diazepam,CN1C(=O)CN=C(c2ccccc2)c2cc(Cl)ccc21,0,0,0,0
Diazoxide,"VI.b
                
VI - Pulmonary vasculopathies

                    VI.b - Pulmonary arterial hypertension",3019.0,Both,diazoxide,CC1=NS(=O)(=O)c2cc(Cl)ccc2N1,0,0,0,1
Dibenzepin,"II.a
                
II - Pulmonary edema - Acute lung injury - ARDS

                    II.a - Pulmonary edema, noncardiogenic (NCPE)                


                  II.b
                
II - Pulmonary edema - Acute lung injury - ARDS

                    II.b - ARDS - Acute lung injury",9419.0,Pneumotox_only,dibenzepin,CN(C)CCN1C(=O)c2ccccc2N(C)c2ccccc21,0,1,0,0
Diclofenac,"I.c
                
I - Interstitial/parenchymal lung disease

                    I.c - Eosinophilic pneumonia (pulmonary infiltrates and eosinophilia)                


                  III.c
                
III - Pulmonary/alveolar./airway hemorrhage/bleeding

                    III.c - Hemoptysis                


                  IV.a
                
IV - Airway involvement

                    IV.a - Bronchospasm - Wheezing - Asthma",3033.0,Both,diclofenac,O=C(O)Cc1ccccc1Nc1c(Cl)cccc1Cl,1,0,0,0
Dicoumarol,"V.e
                
V - Pleural and/or pericardial involvement

                    V.e - Hemothorax - Serosanguineous pleural effusion                


                  V.n
                
V - Pleural and/or pericardial involvement

                    V.n - Hemopericardium - Bloody pericardial effusion",54676038.0,Pneumotox_only,dicoumarol,O=c1c(Cc2c(O)oc3ccccc3c2=O)c(O)oc2ccccc12,0,0,1,0
Diethylene glycol,"IX.d
                
IX - Neuromuscular / CNS involvement - Disordered breathing (during sleep)

                    IX.d - Respiratory failure from ventilatory depression (due to neuromuscular blockade/paralysis)                


                  XI.d
                
XI - Miscellaneous

                    XI.d - Metabolic acidosis (incl. lactic acidosis/-gap). May cause hyperpnea/dyspnea",8117.0,Pneumotox_only,diethylene glycol,OCCOCCO,0,0,0,0
Difenacoum,"III.c
                
III - Pulmonary/alveolar./airway hemorrhage/bleeding

                    III.c - Hemoptysis",54676884.0,Pneumotox_only,difenacoum,O=c1c(C2CC(c3ccc(-c4ccccc4)cc3)Cc3ccccc32)c(O)oc2ccccc12,0,0,0,0
Diflunisal,"I.c
                
I - Interstitial/parenchymal lung disease

                    I.c - Eosinophilic pneumonia (pulmonary infiltrates and eosinophilia)                


                  VI.k
                
VI - Pulmonary vasculopathies

                    VI.k - Eosinophilic pulmonary vasculitis",3059.0,Both,diflunisal,O=C(O)c1cc(-c2ccc(F)cc2F)ccc1O,1,0,0,0
Difluoroethane,"XI.s
                
XI - Miscellaneous

                    XI.s - Sniffing death - Death from inhalation of compound",6368.0,Pneumotox_only,difluoroethane,CC(F)F,0,0,0,0
Digoxin,"XII.bm
                
XII - Cardiovascular involvement / toxicity

                    XII.bm - Ventricular tachycardia",2724385.0,Both,digoxin,CC1OC(OC2C(O)CC(OC3C(O)CC(OC4CCC5(C)C(CCC6C5CC(O)C5(C)C(C7=CC(=O)OC7)CCC65O)C4)OC3C)OC2C)CC(O)C1O,0,0,0,0
Dihydralazine,"I.b
                
I - Interstitial/parenchymal lung disease

                    I.b - Pneumonitis (ILD)                


                  X.d
                
X - Systemic/Distant conditions, syndromes and reactions

                    X.d - Lupus - Lupus syndrome (see also Vd)",10230.0,Pneumotox_only,dihydralazine,NNc1nnc(NN)c2ccccc12,1,0,0,0
Dihydrocodeine,"IX.d
                
IX - Neuromuscular / CNS involvement - Disordered breathing (during sleep)

                    IX.d - Respiratory failure from ventilatory depression (due to neuromuscular blockade/paralysis)",5284543.0,Both,dihydrocodeine,COc1ccc2c3c1OC1C(O)CCC4C(C2)N(C)CCC341,0,0,0,0
Dihydroergocristine,"I.b
                
I - Interstitial/parenchymal lung disease

                    I.b - Pneumonitis (ILD)",107715.0,Pneumotox_only,dihydroergocristine,CC(C)C1(NC(=O)C2CC3c4cccc5[nH]cc(c45)CC3N(C)C2)OC2(O)C3CCCN3C(=O)C(Cc3ccccc3)N2C1=O,1,0,0,0
Dihydroergocryptine,"V.c
                
V - Pleural and/or pericardial involvement

                    V.c - Pleural thickening - Fibrothorax",114948.0,Pneumotox_only,dihydroergocryptine,CC(C)CC1C(=O)N2CCCC2C2(O)OC(NC(=O)C3CC4c5cccc6[nH]cc(c56)CC4N(C)C3)(C(C)C)C(=O)N12,0,0,1,0
Dihydroergotamine,"V.a
                
V - Pleural and/or pericardial involvement

                    V.a - Pleural effusion (uni- or bilateral) (can accompany DI-LDs)                


                  V.c
                
V - Pleural and/or pericardial involvement

                    V.c - Pleural thickening - Fibrothorax",10531.0,Both,dihydroergotamine,CN1CC(C(=O)NC2(C)OC3(O)C4CCCN4C(=O)C(Cc4ccccc4)N3C2=O)CC2c3cccc4[nH]cc(c34)CC21,0,0,1,0
Dihydropyridine,"VIII.a
                
VIII - Central-large-upper airway (incl. pharyngeal-nasal) involvement

                    VIII.a - Angioedema (may cause UAO, asphyxia and death)                


                  X.f
                
X - Systemic/Distant conditions, syndromes and reactions

                    X.f - Anaphylaxis-Anaphylactoid reaction (can be fatal)",407038.0,Pneumotox_only,dihydropyridine,C1=CCNC=C1,0,0,0,0
Diltiazem,"II.a
                
II - Pulmonary edema - Acute lung injury - ARDS

                    II.a - Pulmonary edema, noncardiogenic (NCPE)                


                  II.d
                
II - Pulmonary edema - Acute lung injury - ARDS

                    II.d - Pulmonary edema, cardiogenic                


                  V.b
                
V - Pleural and/or pericardial involvement

                    V.b - Eosinophilic pleural effusion",39186.0,Both,diltiazem,COc1ccc(C2Sc3ccccc3N(CCN(C)C)C(=O)C2OC(C)=O)cc1,0,1,1,0
Dimethylaminoethanol,"IX.b
                
IX - Neuromuscular / CNS involvement - Disordered breathing (during sleep)

                    IX.b - Respiratory dyskinesia",7902.0,Pneumotox_only,dimethylaminoethanol,CN(C)CCO,0,0,0,0
Diphenhydramine,"II.a
                
II - Pulmonary edema - Acute lung injury - ARDS

                    II.a - Pulmonary edema, noncardiogenic (NCPE)                


                  XI.r
                
XI - Miscellaneous

                    XI.r - Death following exposure or poisoning",3100.0,Both,diphenhydramine,CN(C)CCOC(c1ccccc1)c1ccccc1,0,1,0,0
Dipyrone,"IV.a
                
IV - Airway involvement

                    IV.a - Bronchospasm - Wheezing - Asthma                


                  X.f
                
X - Systemic/Distant conditions, syndromes and reactions

                    X.f - Anaphylaxis-Anaphylactoid reaction (can be fatal)                


                  X.g
                
X - Systemic/Distant conditions, syndromes and reactions

                    X.g - Hypersensitivity reaction (may manifest with fever and/or skin, throat or airway involvement)",522325.0,Pneumotox_only,dipyrone,Cc1c(N(C)CS(=O)(=O)[O-])c(=O)n(-c2ccccc2)n1C,0,0,0,0
Diquat,"II.b
                
II - Pulmonary edema - Acute lung injury - ARDS

                    II.b - ARDS - Acute lung injury                


                  VIII.r
                
VIII - Central-large-upper airway (incl. pharyngeal-nasal) involvement

                    VIII.r - Tracheal/large airway necrosis, chondronecrosis, perforation",6795.0,Pneumotox_only,diquat,c1cc[n+]2c(c1)-c1cccc[n+]1CC2,0,1,0,0
Disopyramide,"I.b
                
I - Interstitial/parenchymal lung disease

                    I.b - Pneumonitis (ILD)",3114.0,Both,disopyramide,CC(C)N(CCC(C(N)=O)(c1ccccc1)c1ccccn1)C(C)C,1,0,0,0
Distigmine,"IX.d
                
IX - Neuromuscular / CNS involvement - Disordered breathing (during sleep)

                    IX.d - Respiratory failure from ventilatory depression (due to neuromuscular blockade/paralysis)",3116.0,Pneumotox_only,distigmine,CN(CCCCCCN(C)C(=O)Oc1ccc[n+](C)c1)C(=O)Oc1ccc[n+](C)c1,0,0,0,0
Dobutamine,"XII.h
                
XII - Cardiovascular involvement / toxicity

                    XII.h - Eosinophilic myocarditis",36811.0,Both,dobutamine,CC(CCc1ccc(O)cc1)NCCc1ccc(O)c(O)c1,0,0,0,0
Docetaxel,"I.a
                
I - Interstitial/parenchymal lung disease

                    I.a - Pneumonitis (ILD), acute and/or severe (may cause ARDS)                


                  I.b
                
I - Interstitial/parenchymal lung disease

                    I.b - Pneumonitis (ILD)                


                  I.g
                
I - Interstitial/parenchymal lung disease

                    I.g - Pulmonary fibrosis                


                  II.a
                
II - Pulmonary edema - Acute lung injury - ARDS

                    II.a - Pulmonary edema, noncardiogenic (NCPE)                


                  II.b
                
II - Pulmonary edema - Acute lung injury - ARDS

                    II.b - ARDS - Acute lung injury                


                  II.j
                
II - Pulmonary edema - Acute lung injury - ARDS

                    II.j - Transient pulmonary opacities/infiltrates (see also under Iav)                


                  III.a
                
III - Pulmonary/alveolar./airway hemorrhage/bleeding

                    III.a - Alveolar hemorrhage (AH), diffuse AH (DAH)                


                  V.a
                
V - Pleural and/or pericardial involvement

                    V.a - Pleural effusion (uni- or bilateral) (can accompany DI-LDs)                


                  X.c
                
X - Systemic/Distant conditions, syndromes and reactions

                    X.c - Capillary leak syndrome (CLS)                


                  X.g
                
X - Systemic/Distant conditions, syndromes and reactions

                    X.g - Hypersensitivity reaction (may manifest with fever and/or skin, throat or airway involvement)                


                  X.n
                
X - Systemic/Distant conditions, syndromes and reactions

                    X.n - Tumor lysis syndrome (TLS)                


                  X.r
                
X - Systemic/Distant conditions, syndromes and reactions

                    X.r - Fluid retention                


                  XII.c
                
XII - Cardiovascular involvement / toxicity

                    XII.c - Pericardial effusion (w/wo tamponade)                


                  XII.m
                
XII - Cardiovascular involvement / toxicity

                    XII.m - Cardiac- cardiorespiratory/pulmonary arrest                


                  XV.a
                
XV - Pathology

                    XV.a - Path: NSIP-cellular pattern (see also Ia, Ib)                


                  XV.f
                
XV - Pathology

                    XV.f - Path: Diffuse alveolar damage (DAD-pattern) (see also IL)                


                  XV.h
                
XV - Pathology

                    XV.h - Path: NSIP-fibrotic pattern",148124.0,Both,docetaxel,CC(=O)OC12COC1CC(O)C1(C)C(=O)C(=O)C3C(C)C(OC(=O)C(O)C(NC(=O)OC(C)(C)C)c4ccccc4)CC(O)(C(OC(=O)c4ccccc4)C21)C3(C)C,1,1,1,0
Dolasetron,"XII.t
                
XII - Cardiovascular involvement / toxicity

                    XII.t - Torsades de pointe",60654.0,Both,dolasetron,O=C(OC1CC2CC3CC(C1)N2CC3=O)c1c[nH]c2ccccc12,0,0,0,0
Dolutegravir,"X.an
                
X - Systemic/Distant conditions, syndromes and reactions

                    X.an - Cytokine release syndrome - Cytokine storm                


                  XII.d
                
XII - Cardiovascular involvement / toxicity

                    XII.d - Myocarditis (can be fulminant)",46216142.0,Both,dolutegravir,CC1CCOC2Cn3cc(C(=O)NCc4ccc(F)cc4F)c(=O)c([O-])c3C(=O)N12,0,0,0,0
Donepezil,"IX.f
                
IX - Neuromuscular / CNS involvement - Disordered breathing (during sleep)

                    IX.f - Hiccup",3152.0,Both,donepezil,COc1cc2c(cc1OC)C(=O)C(CC1CCN(Cc3ccccc3)CC1)C2,0,0,0,0
Dovitinib,"VI.a
                
VI - Pulmonary vasculopathies

                    VI.a - Pulmonary embolism - Venous thrombosis/thromboembolism",135398510.0,Pneumotox_only,dovitinib,CN1CCN(c2ccc3[nH]c(-c4c(N)c5c(F)cccc5[nH]c4=O)nc3c2)CC1,0,0,0,1
Doxycycline,"IV.a
                
IV - Airway involvement

                    IV.a - Bronchospasm - Wheezing - Asthma                


                  X.d
                
X - Systemic/Distant conditions, syndromes and reactions

                    X.d - Lupus - Lupus syndrome (see also Vd)                


                  X.f
                
X - Systemic/Distant conditions, syndromes and reactions

                    X.f - Anaphylaxis-Anaphylactoid reaction (can be fatal)                


                  X.g
                
X - Systemic/Distant conditions, syndromes and reactions

                    X.g - Hypersensitivity reaction (may manifest with fever and/or skin, throat or airway involvement)                


                  X.o
                
X - Systemic/Distant conditions, syndromes and reactions

                    X.o - Neutrophilic dermatosis (Pyoderma, Sweet syndrome)                


                  X.s
                
X - Systemic/Distant conditions, syndromes and reactions

                    X.s - Vasculitis, pulmonary (w/wo AH), extrapulmonary, systemic: ANCA-positive                


                  XI.h
                
XI - Miscellaneous

                    XI.h - Esophageal pathology (erosion, ulcer, tear, rupture, fistula)",54671203.0,Both,doxycycline,CC1c2cccc(O)c2C(=O)C2C(=O)C3(O)C(=O)C(C(N)=O)C(=O)C(N(C)C)C3C(O)C21,0,0,0,0
Dronabinol,"XII.ah
                
XII - Cardiovascular involvement / toxicity

                    XII.ah - Tachycardia",16078.0,Both,dronabinol,CCCCCc1cc(O)c2c(c1)OC(C)(C)C1CCC(C)=CC21,0,0,0,0
Dronedarone,"I.a
                
I - Interstitial/parenchymal lung disease

                    I.a - Pneumonitis (ILD), acute and/or severe (may cause ARDS)                


                  I.b
                
I - Interstitial/parenchymal lung disease

                    I.b - Pneumonitis (ILD)                


                  I.d
                
I - Interstitial/parenchymal lung disease

                    I.d - Organizing pneumonia pattern (an area or areas of consolidation on imaging)                


                  I.l
                
I - Interstitial/parenchymal lung disease

                    I.l - Diffuse alveolar damage (DAD) (see alsoo under IIb and XVf)                


                  II.b
                
II - Pulmonary edema - Acute lung injury - ARDS

                    II.b - ARDS - Acute lung injury                


                  XII.a
                
XII - Cardiovascular involvement / toxicity

                    XII.a - Left or biventricular dysfunction/failure                


                  XII.t
                
XII - Cardiovascular involvement / toxicity

                    XII.t - Torsades de pointe                


                  XV.c
                
XV - Pathology

                    XV.c - Path: Organizing pneumonia (OP/BOOP) pattern (see also Id)                


                  XV.f
                
XV - Pathology

                    XV.f - Path: Diffuse alveolar damage (DAD-pattern) (see also IL)",208898.0,Both,dronedarone,CCCCc1oc2ccc(NS(C)(=O)=O)cc2c1C(=O)c1ccc(OCCCN(CCCC)CCCC)cc1,1,1,0,0
Droperidol,"IX.c
                
IX - Neuromuscular / CNS involvement - Disordered breathing (during sleep)

                    IX.c - Chest wall muscle rigidity - Stiff/wooden chest",3168.0,Both,droperidol,O=C(CCCN1CC=C(n2c(=O)[nH]c3ccccc32)CC1)c1ccc(F)cc1,0,0,0,0
Dutasteride,"VI.a
                
VI - Pulmonary vasculopathies

                    VI.a - Pulmonary embolism - Venous thrombosis/thromboembolism",6918296.0,Both,dutasteride,CC12C=CC(=O)NC1CCC1C2CCC2(C)C(C(=O)Nc3cc(C(F)(F)F)ccc3C(F)(F)F)CCC12,0,0,0,1
Duvelisib,"I.a
                
I - Interstitial/parenchymal lung disease

                    I.a - Pneumonitis (ILD), acute and/or severe (may cause ARDS)",50905713.0,Both,duvelisib,CC(Nc1ncnc2[nH]cnc12)c1cc2cccc(Cl)c2c(=O)n1-c1ccccc1,1,0,0,0
Ecallantide,"X.f
                
X - Systemic/Distant conditions, syndromes and reactions

                    X.f - Anaphylaxis-Anaphylactoid reaction (can be fatal)",44152182.0,Both,ecallantide,CCC(C)C1NC(=O)C(Cc2ccccc2)NC(=O)C(CCC(=O)O)NC(=O)C(CCC(=O)O)NC(=O)C2CSSCC3NC(=O)C(CCC(=O)O)NC(=O)C(CCC(=O)O)NC(=O)C(CC(C)C)NC(=O)C(CO)NC(=O)C(CCC(=O)O)NC(=O)C(Cc4ccccc4)NC(=O)C(CCCN=C(N)N)NC(=O)C(CC(N)=O)NC(=O)C(CCC(N)=O)NC(=O)C(CC(N)=O)NC(=O)CNC(=O)C(CCC(=O)O)NC(=O)C(CSSCC(NC(=O)C4CCCN4C(=O)CNC(=O)C(CC(=O)O)NC(=O)C(CC(=O)O)NC(=O)C(C)NC(=O)C(CCCCN)NC(=O)C(Cc4ccccc4)NC(=O)C(C)NC(=O)C(NC(=O)C(Cc4ccccc4)NC(=O)C(CO)NC(=O)C(Cc4cnc[nH]4)NC(=O)C(CCSC)NC(=O)C(C)NC(=O)C(N)CCC(=O)O)CSSCC(C(=O)NC(C(=O)NC(CCCNC(=N)N)C(=O)NC(CC(=O)O)C(=O)O)C(C)O)NC(=O)C(CCSC)NC(=O)C(CCCCN)NC(=O)C(CCCCN)NC3=O)C(=O)NC(CCCNC(=N)N)C(=O)NC(C)C(=O)NC(C)C(=O)NC(Cc3cnc[nH]3)C(=O)N3CCCC3C(=O)NC(CCCNC(=N)N)C(=O)NC(Cc3c[nH]c4ccccc34)C(=O)NC(Cc3ccccc3)C(=O)NC(Cc3ccccc3)C(=O)NC(CC(N)=O)C(=O)NC(C(C)CC)C(=O)NC(Cc3ccccc3)C(=O)NC(C(C)O)C(=O)NC(CCCNC(=N)N)C(=O)NC(CCC(N)=O)C(=O)N2)NC(=O)CNC(=O)CNC(=O)C(Cc2ccc(O)cc2)NC1=O,0,0,0,0
Edoxaban,"III.a
                
III - Pulmonary/alveolar./airway hemorrhage/bleeding

                    III.a - Alveolar hemorrhage (AH), diffuse AH (DAH)",10280735.0,Both,edoxaban,CN1CCc2nc(C(=O)NC3CC(C(=O)N(C)C)CCC3NC(=O)C(=O)Nc3ccc(Cl)cn3)sc2C1,0,0,0,0
Efavirenz,"I.c
                
I - Interstitial/parenchymal lung disease

                    I.c - Eosinophilic pneumonia (pulmonary infiltrates and eosinophilia)                


                  X.a
                
X - Systemic/Distant conditions, syndromes and reactions

                    X.a - DRES syndrome - DRESS-like reaction                


                  X.g
                
X - Systemic/Distant conditions, syndromes and reactions

                    X.g - Hypersensitivity reaction (may manifest with fever and/or skin, throat or airway involvement)",64139.0,Both,efavirenz,O=C1Nc2ccc(Cl)cc2C(C#CC2CC2)(C(F)(F)F)O1,1,0,0,0
Elinogrel,"IX.h
                
IX - Neuromuscular / CNS involvement - Disordered breathing (during sleep)

                    IX.h - Dyspnea, unexplained otherwise",16066663.0,Pneumotox_only,elinogrel,CNc1cc2[nH]c(=O)n(-c3ccc(NC(=O)NS(=O)(=O)c4ccc(Cl)s4)cc3)c(=O)c2cc1F,0,0,0,0
Eltrombopag,"X.b
                
X - Systemic/Distant conditions, syndromes and reactions

                    X.b - Antiphospholipid antibodies w/wo the APL syndrome",135449332.0,Both,eltrombopag,Cc1ccc(-n2[nH]c(C)c(N=Nc3cccc(-c4cccc(C(=O)O)c4)c3O)c2=O)cc1C,0,0,0,0
Encorafenib (LGX818),"X.k
                
X - Systemic/Distant conditions, syndromes and reactions

                    X.k - Sarcoid-like granulomatosis (endo-/extrathoracic)",50922675.0,Pneumotox_only,encorafenib (lgx818),COC(=O)NC(C)CNc1nccc(-c2cn(C(C)C)nc2-c2cc(Cl)cc(NS(C)(=O)=O)c2F)n1,0,0,0,0
Enoxaparin,"III.a
                
III - Pulmonary/alveolar./airway hemorrhage/bleeding

                    III.a - Alveolar hemorrhage (AH), diffuse AH (DAH)                


                  V.e
                
V - Pleural and/or pericardial involvement

                    V.e - Hemothorax - Serosanguineous pleural effusion",60196282.0,Both,enoxaparin,CC(=O)NC1C(OC2C(C(=O)[O-])OC(OC3C4COC(O4)C(NS(=O)(=O)[O-])C3O)C(O)C2O)OC(CO)C(OC2CC(C(=O)[O-])C(OC3OC(COS(=O)(=O)O)C(OC4OC(C(=O)[O-])=CC(O)C4O)C(O)C3NC(C)=O)C(O)C2O)C1C,0,0,1,0
Entospletinib,"I.a
                
I - Interstitial/parenchymal lung disease

                    I.a - Pneumonitis (ILD), acute and/or severe (may cause ARDS)",59473233.0,Pneumotox_only,entospletinib,c1cn2cc(-c3ccc4c[nH]nc4c3)nc(Nc3ccc(N4CCOCC4)cc3)c2n1,1,0,0,0
Entrectinib,"I.b
                
I - Interstitial/parenchymal lung disease

                    I.b - Pneumonitis (ILD)                


                  XII.a
                
XII - Cardiovascular involvement / toxicity

                    XII.a - Left or biventricular dysfunction/failure                


                  XII.d
                
XII - Cardiovascular involvement / toxicity

                    XII.d - Myocarditis (can be fulminant)                


                  XII.h
                
XII - Cardiovascular involvement / toxicity

                    XII.h - Eosinophilic myocarditis",25141092.0,Both,entrectinib,CN1CCN(c2ccc(C(=O)Nc3[nH]nc4ccc(Cc5cc(F)cc(F)c5)cc34)c(NC3CCOCC3)c2)CC1,1,0,0,0
Eprosartan,"I.b
                
I - Interstitial/parenchymal lung disease

                    I.b - Pneumonitis (ILD)",5281037.0,Both,eprosartan,CCCC=c1ncc(=CC(Cc2cccs2)C(=O)O)n1Cc1ccc(C(=O)O)cc1,1,0,0,0
Eptifibatide,"III.a
                
III - Pulmonary/alveolar./airway hemorrhage/bleeding

                    III.a - Alveolar hemorrhage (AH), diffuse AH (DAH)                


                  VIII.a
                
VIII - Central-large-upper airway (incl. pharyngeal-nasal) involvement

                    VIII.a - Angioedema (may cause UAO, asphyxia and death)",448812.0,Both,eptifibatide,N=C(N)NCCCCC1NC(=O)CCSSCC(C(N)=O)NC(=O)C2CCCN2C(=O)C(Cc2c[nH]c3ccccc23)NC(=O)C(CC(=O)O)NC(=O)CNC1=O,0,0,0,0
Ergotamine,"V.a
                
V - Pleural and/or pericardial involvement

                    V.a - Pleural effusion (uni- or bilateral) (can accompany DI-LDs)                


                  V.c
                
V - Pleural and/or pericardial involvement

                    V.c - Pleural thickening - Fibrothorax                


                  V.h
                
V - Pleural and/or pericardial involvement

                    V.h - Chylothorax                


                  V.o
                
V - Pleural and/or pericardial involvement

                    V.o - The 'folded lung' (Blesovsky syndrome)                


                  XII.b
                
XII - Cardiovascular involvement / toxicity

                    XII.b - Valvular heart disease and/or dysfunction                


                  XII.k
                
XII - Cardiovascular involvement / toxicity

                    XII.k - Constrictive pericarditis - Pericardial thickening                


                  XVI.an
                
XVI - Imaging

                    XVI.an - Imaging: Pleural effusion                


                  XVI.ap
                
XVI - Imaging

                    XVI.ap - Imaging: Pleural thickening w/wo rounded atelectasis",8223.0,Both,ergotamine,CN1CC(C(=O)NC2(C)OC3(O)C4CCCN4C(=O)C(Cc4ccccc4)N3C2=O)C=C2c3cccc4[nH]cc(c34)CC21,0,0,1,0
Eribulin,"I.b
                
I - Interstitial/parenchymal lung disease

                    I.b - Pneumonitis (ILD)",11354606.0,Both,eribulin,C=C1CC2CCC34CC5OC6C(OC7CCC(CC(=O)CC8C(CC9OC(CCC1O2)CC(C)C9=C)OC(CC(O)CN)C8OC)OC7C6O3)C5O4,1,0,0,0
Erlotinib,"I.a
                
I - Interstitial/parenchymal lung disease

                    I.a - Pneumonitis (ILD), acute and/or severe (may cause ARDS)                


                  I.b
                
I - Interstitial/parenchymal lung disease

                    I.b - Pneumonitis (ILD)                


                  I.d
                
I - Interstitial/parenchymal lung disease

                    I.d - Organizing pneumonia pattern (an area or areas of consolidation on imaging)                


                  I.g
                
I - Interstitial/parenchymal lung disease

                    I.g - Pulmonary fibrosis                


                  I.l
                
I - Interstitial/parenchymal lung disease

                    I.l - Diffuse alveolar damage (DAD) (see alsoo under IIb and XVf)                


                  I.w
                
I - Interstitial/parenchymal lung disease

                    I.w - Rapidly progressive ILD/pulmonary fibrosis (Hamman-Rich syndrome)                


                  I.ad
                
I - Interstitial/parenchymal lung disease

                    I.ad - Radiation recall pneumonitis                


                  II.b
                
II - Pulmonary edema - Acute lung injury - ARDS

                    II.b - ARDS - Acute lung injury                


                  III.a
                
III - Pulmonary/alveolar./airway hemorrhage/bleeding

                    III.a - Alveolar hemorrhage (AH), diffuse AH (DAH)                


                  V.a
                
V - Pleural and/or pericardial involvement

                    V.a - Pleural effusion (uni- or bilateral) (can accompany DI-LDs)                


                  V.f
                
V - Pleural and/or pericardial involvement

                    V.f - Pneumothorax                


                  XI.w
                
XI - Miscellaneous

                    XI.w - Cavitation/necrosis of lung tumor or metastases                


                  XII.f
                
XII - Cardiovascular involvement / toxicity

                    XII.f - Cardiomyopathy (acute, subacute, chronic)                


                  XV.c
                
XV - Pathology

                    XV.c - Path: Organizing pneumonia (OP/BOOP) pattern (see also Id)                


                  XV.f
                
XV - Pathology

                    XV.f - Path: Diffuse alveolar damage (DAD-pattern) (see also IL)                


                  XVI.n
                
XVI - Imaging

                    XVI.n - Imaging: Intralobular septal thickening - Crazy paving                


                  XVI.af
                
XVI - Imaging

                    XVI.af - Imaging: Lung cysts or bullae (see also XVI ah/bf)                


                  XVI.ay
                
XVI - Imaging

                    XVI.ay - Imaging: Asymmetrical, predominantly unilateral involvement                


                  XVI.bw
                
XVI - Imaging

                    XVI.bw - Imaging: Air or an air crescent around lung tumor or metastase(s)                


                  XXI.e
                
XXI - Rechallenge data

                    XXI.e - Rechallenge may not necessarily lead to relapse of AE/ILD",176870.0,Both,erlotinib,C#Cc1cccc(Nc2ncnc3cc(OCCOC)c(OCCOC)cc23)c1,1,1,1,0
Erythritol,"X.f
                
X - Systemic/Distant conditions, syndromes and reactions

                    X.f - Anaphylaxis-Anaphylactoid reaction (can be fatal)",222285.0,Pneumotox_only,erythritol,OCC(O)C(O)CO,0,0,0,0
Erythromycin,"VIII.a
                
VIII - Central-large-upper airway (incl. pharyngeal-nasal) involvement

                    VIII.a - Angioedema (may cause UAO, asphyxia and death)                


                  X.f
                
X - Systemic/Distant conditions, syndromes and reactions

                    X.f - Anaphylaxis-Anaphylactoid reaction (can be fatal)                


                  X.h
                
X - Systemic/Distant conditions, syndromes and reactions

                    X.h - Eosinophilic granulomatosis with polyangiitis (Churg-Strauss)",12560.0,Both,erythromycin,CCC1OC(=O)C(C)C(OC2CC(C)(OC)C(O)C(C)O2)C(C)C(OC2OC(C)CC(N(C)C)C2O)C(C)(O)CC(C)C(=O)C(C)C(O)C1(C)O,0,0,0,0
Esmolol,"IV.a
                
IV - Airway involvement

                    IV.a - Bronchospasm - Wheezing - Asthma",59768.0,Both,esmolol,COC(=O)CCc1ccc(OCC(O)CNC(C)C)cc1,0,0,0,0
Estrogens,"I.as
                
I - Interstitial/parenchymal lung disease

                    I.as - Progression of preexisting pulmonary LAMM                


                  VI.a
                
VI - Pulmonary vasculopathies

                    VI.a - Pulmonary embolism - Venous thrombosis/thromboembolism                


                  VIII.a
                
VIII - Central-large-upper airway (incl. pharyngeal-nasal) involvement

                    VIII.a - Angioedema (may cause UAO, asphyxia and death)                


                  XV.au
                
XV - Pathology

                    XV.au - Path: Progression of pulmonary LAMM",23676225.0,Both,estrogens,CC12CCC3C(=CCc4cc(OS(=O)(=O)[O-])ccc43)C1CCC2=O,1,0,0,1
Ethambutol,"I.b
                
I - Interstitial/parenchymal lung disease

                    I.b - Pneumonitis (ILD)                


                  I.c
                
I - Interstitial/parenchymal lung disease

                    I.c - Eosinophilic pneumonia (pulmonary infiltrates and eosinophilia)                


                  I.e
                
I - Interstitial/parenchymal lung disease

                    I.e - Acute eosinophilic pneumonia (AEP)                


                  VIII.a
                
VIII - Central-large-upper airway (incl. pharyngeal-nasal) involvement

                    VIII.a - Angioedema (may cause UAO, asphyxia and death)                


                  X.a
                
X - Systemic/Distant conditions, syndromes and reactions

                    X.a - DRES syndrome - DRESS-like reaction                


                  XIX.c
                
XIX - Cytological, biochemical features of/in BAL, pleural fluid or FNA

                    XIX.c - BAL: An excess proportion of eosinophils",14052.0,Both,ethambutol,CCC(CO)NCCNC(CC)CO,1,0,1,0
Ethchlorvynol,"II.a
                
II - Pulmonary edema - Acute lung injury - ARDS

                    II.a - Pulmonary edema, noncardiogenic (NCPE)                


                  II.b
                
II - Pulmonary edema - Acute lung injury - ARDS

                    II.b - ARDS - Acute lung injury                


                  V.a
                
V - Pleural and/or pericardial involvement

                    V.a - Pleural effusion (uni- or bilateral) (can accompany DI-LDs)",5281077.0,Pneumotox_only,ethchlorvynol,C#CC(O)(C=CCl)CC,0,1,1,0
Ethosuximide,"V.d
                
V - Pleural and/or pericardial involvement

                    V.d - Pleural/pericardial effusion, ANA positive (DI lupus)                


                  X.d
                
X - Systemic/Distant conditions, syndromes and reactions

                    X.d - Lupus - Lupus syndrome (see also Vd)                


                  XII.c
                
XII - Cardiovascular involvement / toxicity

                    XII.c - Pericardial effusion (w/wo tamponade)                


                  XII.d
                
XII - Cardiovascular involvement / toxicity

                    XII.d - Myocarditis (can be fulminant)",3291.0,Both,ethosuximide,CCC1(C)CC(=O)NC1=O,0,0,1,0
Ethylene glycol butyl ether,"II.a
                
II - Pulmonary edema - Acute lung injury - ARDS

                    II.a - Pulmonary edema, noncardiogenic (NCPE)",8133.0,Pneumotox_only,ethylene glycol butyl ether,CCCCOCCO,0,1,0,0
Ethylphenidate,"XI.r
                
XI - Miscellaneous

                    XI.r - Death following exposure or poisoning",3080846.0,Pneumotox_only,ethylphenidate,CCOC(=O)C(c1ccccc1)C1CCCCN1,0,0,0,0
Etoposide,"I.b
                
I - Interstitial/parenchymal lung disease

                    I.b - Pneumonitis (ILD)                


                  I.l
                
I - Interstitial/parenchymal lung disease

                    I.l - Diffuse alveolar damage (DAD) (see alsoo under IIb and XVf)                


                  II.b
                
II - Pulmonary edema - Acute lung injury - ARDS

                    II.b - ARDS - Acute lung injury                


                  III.a
                
III - Pulmonary/alveolar./airway hemorrhage/bleeding

                    III.a - Alveolar hemorrhage (AH), diffuse AH (DAH)                


                  IV.a
                
IV - Airway involvement

                    IV.a - Bronchospasm - Wheezing - Asthma                


                  VIII.a
                
VIII - Central-large-upper airway (incl. pharyngeal-nasal) involvement

                    VIII.a - Angioedema (may cause UAO, asphyxia and death)                


                  X.f
                
X - Systemic/Distant conditions, syndromes and reactions

                    X.f - Anaphylaxis-Anaphylactoid reaction (can be fatal)                


                  X.g
                
X - Systemic/Distant conditions, syndromes and reactions

                    X.g - Hypersensitivity reaction (may manifest with fever and/or skin, throat or airway involvement)                


                  XI.b
                
XI - Miscellaneous

                    XI.b - Chest pain (acute or subacute), lone or prominent                


                  XII.g
                
XII - Cardiovascular involvement / toxicity

                    XII.g - Coronary artery disease (acute) - Myocardial ischemia/infarction                


                  XII.n
                
XII - Cardiovascular involvement / toxicity

                    XII.n - Cardiovascular collapse - Cardiogenic shock - Hypotension                


                  XV.c
                
XV - Pathology

                    XV.c - Path: Organizing pneumonia (OP/BOOP) pattern (see also Id)                


                  XV.f
                
XV - Pathology

                    XV.f - Path: Diffuse alveolar damage (DAD-pattern) (see also IL)                


                  XV.i
                
XV - Pathology

                    XV.i - Path: Pneumocyte atypia (reactive epithelial cells) (a.k.a. the ""Napoleon Hat"" sign)                


                  XVI.b
                
XVI - Imaging

                    XVI.b - Imaging: Ground-glass opacities (GGO) / shadowing",36462.0,Both,etoposide,COc1cc(C2c3cc4c(cc3C(OC3OC5COC(C)OC5C(O)C3O)C3COC(=O)C23)OCO4)cc(OC)c1O,1,1,0,0
Etoricoxib,"IV.a
                
IV - Airway involvement

                    IV.a - Bronchospasm - Wheezing - Asthma                


                  V.a
                
V - Pleural and/or pericardial involvement

                    V.a - Pleural effusion (uni- or bilateral) (can accompany DI-LDs)                


                  VIII.a
                
VIII - Central-large-upper airway (incl. pharyngeal-nasal) involvement

                    VIII.a - Angioedema (may cause UAO, asphyxia and death)",123619.0,Both,etoricoxib,Cc1ccc(-c2ncc(Cl)cc2-c2ccc(S(C)(=O)=O)cc2)cn1,0,0,1,0
Etretinate,"II.b
                
II - Pulmonary edema - Acute lung injury - ARDS

                    II.b - ARDS - Acute lung injury",5282375.0,Pneumotox_only,etretinate,CCOC(=O)C=C(C)C=CC=C(C)C=Cc1c(C)cc(OC)c(C)c1C,0,1,0,0
Everolimus,"I.a
                
I - Interstitial/parenchymal lung disease

                    I.a - Pneumonitis (ILD), acute and/or severe (may cause ARDS)                


                  I.b
                
I - Interstitial/parenchymal lung disease

                    I.b - Pneumonitis (ILD)                


                  I.d
                
I - Interstitial/parenchymal lung disease

                    I.d - Organizing pneumonia pattern (an area or areas of consolidation on imaging)                


                  I.f
                
I - Interstitial/parenchymal lung disease

                    I.f - Acute fibrinous organizing pneumonia (AFOP)                


                  I.h
                
I - Interstitial/parenchymal lung disease

                    I.h - Subclinical pulmonary infiltrates/ILD                


                  I.l
                
I - Interstitial/parenchymal lung disease

                    I.l - Diffuse alveolar damage (DAD) (see alsoo under IIb and XVf)                


                  I.m
                
I - Interstitial/parenchymal lung disease

                    I.m - ILD with a granulomatous component                


                  I.p
                
I - Interstitial/parenchymal lung disease

                    I.p - Fatal pneumonitis (ILD)                


                  I.v
                
I - Interstitial/parenchymal lung disease

                    I.v - Abnormal lung function/pulmonary physiology (PFTs) without necessarily imaging or clinical evidence                


                  I.y
                
I - Interstitial/parenchymal lung disease

                    I.y - Progression, acceleration or exacerbation of preexisting ILD/fibrosis                


                  I.ad
                
I - Interstitial/parenchymal lung disease

                    I.ad - Radiation recall pneumonitis                


                  II.b
                
II - Pulmonary edema - Acute lung injury - ARDS

                    II.b - ARDS - Acute lung injury                


                  III.a
                
III - Pulmonary/alveolar./airway hemorrhage/bleeding

                    III.a - Alveolar hemorrhage (AH), diffuse AH (DAH)                


                  III.h
                
III - Pulmonary/alveolar./airway hemorrhage/bleeding

                    III.h - Major/massive hemoptysis                


                  IV.d
                
IV - Airway involvement

                    IV.d - Cough (lone)                


                  V.h
                
V - Pleural and/or pericardial involvement

                    V.h - Chylothorax                


                  V.i
                
V - Pleural and/or pericardial involvement

                    V.i - Pleuritis (can cause chest pain)                


                  VI.a
                
VI - Pulmonary vasculopathies

                    VI.a - Pulmonary embolism - Venous thrombosis/thromboembolism                


                  VIII.a
                
VIII - Central-large-upper airway (incl. pharyngeal-nasal) involvement

                    VIII.a - Angioedema (may cause UAO, asphyxia and death)                


                  XV.a
                
XV - Pathology

                    XV.a - Path: NSIP-cellular pattern (see also Ia, Ib)                


                  XV.c
                
XV - Pathology

                    XV.c - Path: Organizing pneumonia (OP/BOOP) pattern (see also Id)                


                  XV.d
                
XV - Pathology

                    XV.d - Path: Acute fibrinous organizing pneumonia (AFOP-pattern) (see also If)                


                  XV.e
                
XV - Pathology

                    XV.e - Path: ILD with a granulomatous component (see also Im)                


                  XV.g
                
XV - Pathology

                    XV.g - Path: Alveolar hemorrhage (see also IIIa)                


                  XVI.b
                
XVI - Imaging

                    XVI.b - Imaging: Ground-glass opacities (GGO) / shadowing                


                  XVI.bl
                
XVI - Imaging

                    XVI.bl - Imaging: An area or areas of avid tracer uptake in the lung/chest on 18F-PET scan                


                  XVII.e
                
XVII - Infections & related conditions

                    XVII.e - Pneumocystis jiroveci pneumonia",6442177.0,Both,everolimus,COC1CC2CCC(C)C(O)(O2)C(=O)C(=O)N2CCCCC2C(=O)OC(C(C)CC2CCC(OCCO)C(OC)C2)CC(=O)C(C)=CC(C)C(O)C(OC)C(=O)C(C)CC(C)C=CC=CC=C1C,1,1,1,1
Exemestane,"I.b
                
I - Interstitial/parenchymal lung disease

                    I.b - Pneumonitis (ILD)",60198.0,Both,exemestane,C=C1CC2C(CCC3(C)C(=O)CCC23)C2(C)C=CC(=O)C=C12,1,0,0,0
Ezetimibe,"X.s
                
X - Systemic/Distant conditions, syndromes and reactions

                    X.s - Vasculitis, pulmonary (w/wo AH), extrapulmonary, systemic: ANCA-positive",150311.0,Both,ezetimibe,O=C1C(CCC(O)c2ccc(F)cc2)C(c2ccc(O)cc2)N1c1ccc(F)cc1,0,0,0,0
Famotidine,"X.f
                
X - Systemic/Distant conditions, syndromes and reactions

                    X.f - Anaphylaxis-Anaphylactoid reaction (can be fatal)",3325.0,Both,famotidine,N=C(CCSCc1csc(N=C(N)N)n1)NS(N)(=O)=O,0,0,0,0
Favipiravir,"XII.ag
                
XII - Cardiovascular involvement / toxicity

                    XII.ag - Bradycardia",492405.0,Pneumotox_only,favipiravir,NC(=O)c1nc(F)c[nH]c1=O,0,0,0,0
Febarbamate,"I.c
                
I - Interstitial/parenchymal lung disease

                    I.c - Eosinophilic pneumonia (pulmonary infiltrates and eosinophilia)",25803.0,Pneumotox_only,febarbamate,CCCCOCC(CN1C(=O)NC(=O)C(CC)(c2ccccc2)C1=O)OC(N)=O,1,0,0,0
Fenbufen,"I.c
                
I - Interstitial/parenchymal lung disease

                    I.c - Eosinophilic pneumonia (pulmonary infiltrates and eosinophilia)                


                  VII.a
                
VII - Mediastinal involvement

                    VII.a - Lymphadenopathy (intrathoracic)",3335.0,Pneumotox_only,fenbufen,O=C(O)CCC(=O)c1ccc(-c2ccccc2)cc1,1,0,0,0
Fenofibrate,"X.j
                
X - Systemic/Distant conditions, syndromes and reactions

                    X.j - Myopathy-Myositis-Polymyositis (see also under Xba)",3339.0,Both,fenofibrate,CC(C)OC(=O)C(C)(C)Oc1ccc(C(=O)c2ccc(Cl)cc2)cc1,0,0,0,0
Fenoprofen,"I.c
                
I - Interstitial/parenchymal lung disease

                    I.c - Eosinophilic pneumonia (pulmonary infiltrates and eosinophilia)",3342.0,Both,fenoprofen,CC(C(=O)O)c1cccc(Oc2ccccc2)c1,1,0,0,0
Fenoterol,"II.a
                
II - Pulmonary edema - Acute lung injury - ARDS

                    II.a - Pulmonary edema, noncardiogenic (NCPE)",3343.0,Pneumotox_only,fenoterol,CC(Cc1ccc(O)cc1)NCC(O)c1cc(O)cc(O)c1,0,1,0,0
Fentanyl,"I.n
                
I - Interstitial/parenchymal lung disease

                    I.n - Pulmonary alveolar proteinosis (PAP)                


                  II.a
                
II - Pulmonary edema - Acute lung injury - ARDS

                    II.a - Pulmonary edema, noncardiogenic (NCPE)                


                  III.a
                
III - Pulmonary/alveolar./airway hemorrhage/bleeding

                    III.a - Alveolar hemorrhage (AH), diffuse AH (DAH)                


                  IV.e
                
IV - Airway involvement

                    IV.e - Cough (acute, violent, explosive)                


                  IV.g
                
IV - Airway involvement

                    IV.g - Cough syncope                


                  VIII.c
                
VIII - Central-large-upper airway (incl. pharyngeal-nasal) involvement

                    VIII.c - Upper airway obstruction other than angioedema or hematoma                


                  VIII.e
                
VIII - Central-large-upper airway (incl. pharyngeal-nasal) involvement

                    VIII.e - Laryngospasm (a.k.a. laryngismus)                


                  VIII.h
                
VIII - Central-large-upper airway (incl. pharyngeal-nasal) involvement

                    VIII.h - Vocal cord dysfunction, adduction, closure, injury                


                  VIII.q
                
VIII - Central-large-upper airway (incl. pharyngeal-nasal) involvement

                    VIII.q - Tongue involvement (edema, glossitis, hematoma)                


                  IX.c
                
IX - Neuromuscular / CNS involvement - Disordered breathing (during sleep)

                    IX.c - Chest wall muscle rigidity - Stiff/wooden chest                


                  IX.d
                
IX - Neuromuscular / CNS involvement - Disordered breathing (during sleep)

                    IX.d - Respiratory failure from ventilatory depression (due to neuromuscular blockade/paralysis)                


                  IX.i
                
IX - Neuromuscular / CNS involvement - Disordered breathing (during sleep)

                    IX.i - Respiratory arrest - Apnea                


                  IX.t
                
IX - Neuromuscular / CNS involvement - Disordered breathing (during sleep)

                    IX.t - CNS involvement/dysfunction/damage                


                  X.f
                
X - Systemic/Distant conditions, syndromes and reactions

                    X.f - Anaphylaxis-Anaphylactoid reaction (can be fatal)                


                  XI.g
                
XI - Miscellaneous

                    XI.g - Aspiration, aspiration pneumonia (w/wo demonstrable pharyngeal dysmotility)                


                  XI.r
                
XI - Miscellaneous

                    XI.r - Death following exposure or poisoning                


                  XII.f
                
XII - Cardiovascular involvement / toxicity

                    XII.f - Cardiomyopathy (acute, subacute, chronic)                


                  XII.n
                
XII - Cardiovascular involvement / toxicity

                    XII.n - Cardiovascular collapse - Cardiogenic shock - Hypotension",3345.0,Both,fentanyl,CCC(=O)N(c1ccccc1)C1CCN(CCc2ccccc2)CC1,1,1,0,0
Filgotinib,"XVII.a
                
XVII - Infections & related conditions

                    XVII.a - Respiratory tract infection incl. pneumonia",49831257.0,Pneumotox_only,filgotinib,O=C(Nc1nc2cccc(-c3ccc(CN4CCS(=O)(=O)CC4)cc3)n2n1)C1CC1,0,0,0,0
Finasteride,"VI.a
                
VI - Pulmonary vasculopathies

                    VI.a - Pulmonary embolism - Venous thrombosis/thromboembolism",57363.0,Both,finasteride,CC(C)(C)NC(=O)C1CCC2C3CCC4NC(=O)C=CC4(C)C3CCC12C,0,0,0,1
Fingolimod,"I.b
                
I - Interstitial/parenchymal lung disease

                    I.b - Pneumonitis (ILD)                


                  IV.a
                
IV - Airway involvement

                    IV.a - Bronchospasm - Wheezing - Asthma                


                  IV.d
                
IV - Airway involvement

                    IV.d - Cough (lone)                


                  IV.f
                
IV - Airway involvement

                    IV.f - Severe or catastrophic bronchospasm or asthma attack (can be fatal)                


                  XII.s
                
XII - Cardiovascular involvement / toxicity

                    XII.s - Heart block (bundle branch- or AV-)                


                  XII.ag
                
XII - Cardiovascular involvement / toxicity

                    XII.ag - Bradycardia                


                  XVII.a
                
XVII - Infections & related conditions

                    XVII.a - Respiratory tract infection incl. pneumonia                


                  XVII.b
                
XVII - Infections & related conditions

                    XVII.b - Opportunistic pulmonary/systemic infections                


                  XVII.q
                
XVII - Infections & related conditions

                    XVII.q - Viral pneumonia",107970.0,Both,fingolimod,CCCCCCCCc1ccc(CCC(N)(CO)CO)cc1,1,0,0,0
Flavopiridol,"X.n
                
X - Systemic/Distant conditions, syndromes and reactions

                    X.n - Tumor lysis syndrome (TLS)",5287969.0,Pneumotox_only,flavopiridol,CN1CCC(c2c(O)cc(O)c3c(=O)cc(-c4ccccc4Cl)oc23)C(O)C1,0,0,0,0
Flibanserin,"IX.c
                
IX - Neuromuscular / CNS involvement - Disordered breathing (during sleep)

                    IX.c - Chest wall muscle rigidity - Stiff/wooden chest                


                  IX.d
                
IX - Neuromuscular / CNS involvement - Disordered breathing (during sleep)

                    IX.d - Respiratory failure from ventilatory depression (due to neuromuscular blockade/paralysis)",6918248.0,Both,flibanserin,O=c1[nH]c2ccccc2n1CCN1CCN(c2cccc(C(F)(F)F)c2)CC1,0,0,0,0
Floxuridine,"I.b
                
I - Interstitial/parenchymal lung disease

                    I.b - Pneumonitis (ILD)                


                  II.b
                
II - Pulmonary edema - Acute lung injury - ARDS

                    II.b - ARDS - Acute lung injury",5790.0,Both,floxuridine,O=c1[nH]c(=O)n(C2CC(O)C(CO)O2)cc1F,1,1,0,0
Flucloxacillin,"X.f
                
X - Systemic/Distant conditions, syndromes and reactions

                    X.f - Anaphylaxis-Anaphylactoid reaction (can be fatal)",21319.0,Both,flucloxacillin,Cc1onc(-c2c(F)cccc2Cl)c1C(=O)NC1C(=O)N2C1SC(C)(C)C2C(=O)O,0,0,0,0
Fludarabine,"I.a
                
I - Interstitial/parenchymal lung disease

                    I.a - Pneumonitis (ILD), acute and/or severe (may cause ARDS)                


                  I.b
                
I - Interstitial/parenchymal lung disease

                    I.b - Pneumonitis (ILD)                


                  I.c
                
I - Interstitial/parenchymal lung disease

                    I.c - Eosinophilic pneumonia (pulmonary infiltrates and eosinophilia)                


                  I.d
                
I - Interstitial/parenchymal lung disease

                    I.d - Organizing pneumonia pattern (an area or areas of consolidation on imaging)                


                  I.e
                
I - Interstitial/parenchymal lung disease

                    I.e - Acute eosinophilic pneumonia (AEP)                


                  I.f
                
I - Interstitial/parenchymal lung disease

                    I.f - Acute fibrinous organizing pneumonia (AFOP)                


                  I.k
                
I - Interstitial/parenchymal lung disease

                    I.k - Lung nodule or nodules                


                  I.l
                
I - Interstitial/parenchymal lung disease

                    I.l - Diffuse alveolar damage (DAD) (see alsoo under IIb and XVf)                


                  I.m
                
I - Interstitial/parenchymal lung disease

                    I.m - ILD with a granulomatous component                


                  II.b
                
II - Pulmonary edema - Acute lung injury - ARDS

                    II.b - ARDS - Acute lung injury                


                  III.a
                
III - Pulmonary/alveolar./airway hemorrhage/bleeding

                    III.a - Alveolar hemorrhage (AH), diffuse AH (DAH)                


                  V.i
                
V - Pleural and/or pericardial involvement

                    V.i - Pleuritis (can cause chest pain)                


                  XV.c
                
XV - Pathology

                    XV.c - Path: Organizing pneumonia (OP/BOOP) pattern (see also Id)                


                  XV.d
                
XV - Pathology

                    XV.d - Path: Acute fibrinous organizing pneumonia (AFOP-pattern) (see also If)                


                  XVII.b
                
XVII - Infections & related conditions

                    XVII.b - Opportunistic pulmonary/systemic infections                


                  XVII.e
                
XVII - Infections & related conditions

                    XVII.e - Pneumocystis jiroveci pneumonia                


                  XVII.w
                
XVII - Infections & related conditions

                    XVII.w - Hypogammaglobulinemia - Antibody deficiency",657237.0,Both,fludarabine,Nc1nc(F)nc2c1ncn2C1OC(CO)C(O)C1O,1,1,1,0
Fluindione,"I.c
                
I - Interstitial/parenchymal lung disease

                    I.c - Eosinophilic pneumonia (pulmonary infiltrates and eosinophilia)                


                  X.a
                
X - Systemic/Distant conditions, syndromes and reactions

                    X.a - DRES syndrome - DRESS-like reaction",68942.0,Pneumotox_only,fluindione,O=C1c2ccccc2C(=O)C1c1ccc(F)cc1,1,0,0,0
Flumazenil,"IX.a
                
IX - Neuromuscular / CNS involvement - Disordered breathing (during sleep)

                    IX.a - Diaphragm/inspiratory muscle weakness/paralysis (w/wo ARF)",3373.0,Both,flumazenil,CCOC(=O)c1ncn2c1CN(C)C(=O)c1cc(F)ccc1-2,0,0,0,0
Fluorescein,"II.a
                
II - Pulmonary edema - Acute lung injury - ARDS

                    II.a - Pulmonary edema, noncardiogenic (NCPE)                


                  X.f
                
X - Systemic/Distant conditions, syndromes and reactions

                    X.f - Anaphylaxis-Anaphylactoid reaction (can be fatal)",16850.0,Both,fluorescein,O=C1OC2(c3ccc(O)cc3Oc3cc(O)ccc32)c2ccccc21,0,1,0,0
Fluorodeoxyglucose,"X.g
                
X - Systemic/Distant conditions, syndromes and reactions

                    X.g - Hypersensitivity reaction (may manifest with fever and/or skin, throat or airway involvement)",53716604.0,Pneumotox_only,fluorodeoxyglucose,O=C(F)CC(O)C(O)C(O)CO,0,0,0,0
Fluoxetine,"I.a
                
I - Interstitial/parenchymal lung disease

                    I.a - Pneumonitis (ILD), acute and/or severe (may cause ARDS)                


                  I.b
                
I - Interstitial/parenchymal lung disease

                    I.b - Pneumonitis (ILD)                


                  I.c
                
I - Interstitial/parenchymal lung disease

                    I.c - Eosinophilic pneumonia (pulmonary infiltrates and eosinophilia)                


                  I.e
                
I - Interstitial/parenchymal lung disease

                    I.e - Acute eosinophilic pneumonia (AEP)                


                  I.k
                
I - Interstitial/parenchymal lung disease

                    I.k - Lung nodule or nodules                


                  I.m
                
I - Interstitial/parenchymal lung disease

                    I.m - ILD with a granulomatous component                


                  V.b
                
V - Pleural and/or pericardial involvement

                    V.b - Eosinophilic pleural effusion                


                  VI.b
                
VI - Pulmonary vasculopathies

                    VI.b - Pulmonary arterial hypertension                


                  VI.d
                
VI - Pulmonary vasculopathies

                    VI.d - Pulmonary vasculitis or capillaritis                


                  XV.a
                
XV - Pathology

                    XV.a - Path: NSIP-cellular pattern (see also Ia, Ib)                


                  XV.e
                
XV - Pathology

                    XV.e - Path: ILD with a granulomatous component (see also Im)                


                  XV.ac
                
XV - Pathology

                    XV.ac - Path: Pulmonary vasculitis other than capillaritis",3386.0,Both,fluoxetine,CNCCC(Oc1ccc(C(F)(F)F)cc1)c1ccccc1,1,0,1,1
Flupentixol,"VIII.e
                
VIII - Central-large-upper airway (incl. pharyngeal-nasal) involvement

                    VIII.e - Laryngospasm (a.k.a. laryngismus)                


                  VIII.h
                
VIII - Central-large-upper airway (incl. pharyngeal-nasal) involvement

                    VIII.h - Vocal cord dysfunction, adduction, closure, injury",5281881.0,Pneumotox_only,flupentixol,OCCN1CCN(CCC=C2c3ccccc3Sc3ccc(C(F)(F)F)cc32)CC1,0,0,0,0
Flurbiprofen,"IV.a
                
IV - Airway involvement

                    IV.a - Bronchospasm - Wheezing - Asthma                


                  IV.f
                
IV - Airway involvement

                    IV.f - Severe or catastrophic bronchospasm or asthma attack (can be fatal)                


                  XII.d
                
XII - Cardiovascular involvement / toxicity

                    XII.d - Myocarditis (can be fulminant)",3394.0,Both,flurbiprofen,CC(C(=O)O)c1ccc(-c2ccccc2)c(F)c1,0,0,0,0
Flutamide,"I.b
                
I - Interstitial/parenchymal lung disease

                    I.b - Pneumonitis (ILD)                


                  I.g
                
I - Interstitial/parenchymal lung disease

                    I.g - Pulmonary fibrosis                


                  XIV.a
                
XIV - Hemoglobinopathies - Abnormal hemoglobin states (acquired)

                    XIV.a - Methemoglobinemia",3397.0,Both,flutamide,CC(C)C(=O)Nc1ccc([N+](=O)[O-])c(C(F)(F)F)c1,1,0,0,0
Fluvastatin,"I.b
                
I - Interstitial/parenchymal lung disease

                    I.b - Pneumonitis (ILD)                


                  II.b
                
II - Pulmonary edema - Acute lung injury - ARDS

                    II.b - ARDS - Acute lung injury                


                  X.d
                
X - Systemic/Distant conditions, syndromes and reactions

                    X.d - Lupus - Lupus syndrome (see also Vd)",446155.0,Both,fluvastatin,CC(C)n1c(C=CC(O)CC(O)CC(=O)O)c(-c2ccc(F)cc2)c2ccccc21,1,1,0,0
Folic acid,"X.f
                
X - Systemic/Distant conditions, syndromes and reactions

                    X.f - Anaphylaxis-Anaphylactoid reaction (can be fatal)",135398658.0,Both,folic acid,Nc1nc(=O)c2nc(CNc3ccc(C(=O)NC(CCC(=O)O)C(=O)O)cc3)cnc2[nH]1,0,0,0,0
Formic acid,"XIV.c
                
XIV - Hemoglobinopathies - Abnormal hemoglobin states (acquired)

                    XIV.c - Carboxyhemoglobinemia",284.0,Pneumotox_only,formic acid,O=CO,0,0,0,0
Fosinopril,"I.c
                
I - Interstitial/parenchymal lung disease

                    I.c - Eosinophilic pneumonia (pulmonary infiltrates and eosinophilia)                


                  I.d
                
I - Interstitial/parenchymal lung disease

                    I.d - Organizing pneumonia pattern (an area or areas of consolidation on imaging)                


                  IV.d
                
IV - Airway involvement

                    IV.d - Cough (lone)                


                  VIII.a
                
VIII - Central-large-upper airway (incl. pharyngeal-nasal) involvement

                    VIII.a - Angioedema (may cause UAO, asphyxia and death)",3420.0,Both,fosinopril,CCC(=O)OC(OP(=O)(CCCCc1ccccc1)CC(=O)N1CC(C2CCCCC2)CC1C(=O)O)C(C)C,1,0,0,0
Fosphenytoin,"XII.x
                
XII - Cardiovascular involvement / toxicity

                    XII.x - Sinus arrest",56339.0,Both,fosphenytoin,O=C1NC(c2ccccc2)(c2ccccc2)C(=O)N1COP(=O)(O)O,0,0,0,0
Fotemustine,"II.b
                
II - Pulmonary edema - Acute lung injury - ARDS

                    II.b - ARDS - Acute lung injury",104799.0,Both,fotemustine,CCOP(=O)(OCC)C(C)NC(=O)N(CCCl)N=O,0,1,0,0
Fulvestrant,"I.c
                
I - Interstitial/parenchymal lung disease

                    I.c - Eosinophilic pneumonia (pulmonary infiltrates and eosinophilia)",104741.0,Both,fulvestrant,CC12CCC3c4ccc(O)cc4CC(CCCCCCCCC[S+]([O-])CCCC(F)(F)C(F)(F)F)C3C1CCC2O,1,0,0,0
Furazidin,"I.b
                
I - Interstitial/parenchymal lung disease

                    I.b - Pneumonitis (ILD)",6870646.0,Pneumotox_only,furazidin,O=c1[nH]c(O)cn1N=CC=Cc1ccc([N+](=O)[O-])o1,1,0,0,0
Furazolidone,"I.a
                
I - Interstitial/parenchymal lung disease

                    I.a - Pneumonitis (ILD), acute and/or severe (may cause ARDS)                


                  I.b
                
I - Interstitial/parenchymal lung disease

                    I.b - Pneumonitis (ILD)                


                  I.c
                
I - Interstitial/parenchymal lung disease

                    I.c - Eosinophilic pneumonia (pulmonary infiltrates and eosinophilia)                


                  XI.b
                
XI - Miscellaneous

                    XI.b - Chest pain (acute or subacute), lone or prominent",5323714.0,Pneumotox_only,furazolidone,O=C1OCCN1N=Cc1ccc([N+](=O)[O-])o1,1,0,0,0
Furosemide,"VIII.e
                
VIII - Central-large-upper airway (incl. pharyngeal-nasal) involvement

                    VIII.e - Laryngospasm (a.k.a. laryngismus)                


                  X.a
                
X - Systemic/Distant conditions, syndromes and reactions

                    X.a - DRES syndrome - DRESS-like reaction",3440.0,Both,furosemide,NS(=O)(=O)c1cc(C(=O)O)c(NCc2ccco2)cc1Cl,0,0,0,0
Gabapentin,"I.c
                
I - Interstitial/parenchymal lung disease

                    I.c - Eosinophilic pneumonia (pulmonary infiltrates and eosinophilia)                


                  V.b
                
V - Pleural and/or pericardial involvement

                    V.b - Eosinophilic pleural effusion                


                  VII.a
                
VII - Mediastinal involvement

                    VII.a - Lymphadenopathy (intrathoracic)                


                  VIII.a
                
VIII - Central-large-upper airway (incl. pharyngeal-nasal) involvement

                    VIII.a - Angioedema (may cause UAO, asphyxia and death)                


                  VIII.q
                
VIII - Central-large-upper airway (incl. pharyngeal-nasal) involvement

                    VIII.q - Tongue involvement (edema, glossitis, hematoma)                


                  IX.d
                
IX - Neuromuscular / CNS involvement - Disordered breathing (during sleep)

                    IX.d - Respiratory failure from ventilatory depression (due to neuromuscular blockade/paralysis)                


                  IX.p
                
IX - Neuromuscular / CNS involvement - Disordered breathing (during sleep)

                    IX.p - Disordered breathing during sleep - Sleep apnea                


                  XI.r
                
XI - Miscellaneous

                    XI.r - Death following exposure or poisoning",3446.0,Both,gabapentin,NCC1(CC(=O)O)CCCCC1,1,0,1,0
Gadobutrol,"II.a
                
II - Pulmonary edema - Acute lung injury - ARDS

                    II.a - Pulmonary edema, noncardiogenic (NCPE)                


                  II.b
                
II - Pulmonary edema - Acute lung injury - ARDS

                    II.b - ARDS - Acute lung injury                


                  X.f
                
X - Systemic/Distant conditions, syndromes and reactions

                    X.f - Anaphylaxis-Anaphylactoid reaction (can be fatal)",189914.0,Both,gadobutrol,O=C(O)CN1CCN(CC(=O)O)CCN(C(CO)C(O)CO)CCN(CC(=O)O)CC1,0,1,0,0
Gefitinib,"I.a
                
I - Interstitial/parenchymal lung disease

                    I.a - Pneumonitis (ILD), acute and/or severe (may cause ARDS)                


                  I.b
                
I - Interstitial/parenchymal lung disease

                    I.b - Pneumonitis (ILD)                


                  I.g
                
I - Interstitial/parenchymal lung disease

                    I.g - Pulmonary fibrosis                


                  I.l
                
I - Interstitial/parenchymal lung disease

                    I.l - Diffuse alveolar damage (DAD) (see alsoo under IIb and XVf)                


                  II.b
                
II - Pulmonary edema - Acute lung injury - ARDS

                    II.b - ARDS - Acute lung injury                


                  III.a
                
III - Pulmonary/alveolar./airway hemorrhage/bleeding

                    III.a - Alveolar hemorrhage (AH), diffuse AH (DAH)                


                  V.f
                
V - Pleural and/or pericardial involvement

                    V.f - Pneumothorax                


                  V.ab
                
V - Pleural and/or pericardial involvement

                    V.ab - Pneumothorax, bilateral                


                  XI.w
                
XI - Miscellaneous

                    XI.w - Cavitation/necrosis of lung tumor or metastases                


                  XII.d
                
XII - Cardiovascular involvement / toxicity

                    XII.d - Myocarditis (can be fulminant)                


                  XII.ax
                
XII - Cardiovascular involvement / toxicity

                    XII.ax - Necrotizing myocarditis (w/o evidence for CAD)                


                  XV.f
                
XV - Pathology

                    XV.f - Path: Diffuse alveolar damage (DAD-pattern) (see also IL)                


                  XV.j
                
XV - Pathology

                    XV.j - Path: Pulmonary fibrosis (UIP-pattern)                


                  XV.ce
                
XV - Pathology

                    XV.ce - Path: Necrotizing myocarditis                


                  XVI.b
                
XVI - Imaging

                    XVI.b - Imaging: Ground-glass opacities (GGO) / shadowing                


                  XVI.af
                
XVI - Imaging

                    XVI.af - Imaging: Lung cysts or bullae (see also XVI ah/bf)                


                  XIX.a
                
XIX - Cytological, biochemical features of/in BAL, pleural fluid or FNA

                    XIX.a - BAL: An excess proportion of lymphocytes                


                  XIX.c
                
XIX - Cytological, biochemical features of/in BAL, pleural fluid or FNA

                    XIX.c - BAL: An excess proportion of eosinophils",123631.0,Both,gefitinib,COc1cc2ncnc(Nc3ccc(F)c(Cl)c3)c2cc1OCCCN1CCOCC1,1,1,1,0
Gemcitabine,"I.a
                
I - Interstitial/parenchymal lung disease

                    I.a - Pneumonitis (ILD), acute and/or severe (may cause ARDS)                


                  I.b
                
I - Interstitial/parenchymal lung disease

                    I.b - Pneumonitis (ILD)                


                  I.c
                
I - Interstitial/parenchymal lung disease

                    I.c - Eosinophilic pneumonia (pulmonary infiltrates and eosinophilia)                


                  I.e
                
I - Interstitial/parenchymal lung disease

                    I.e - Acute eosinophilic pneumonia (AEP)                


                  I.g
                
I - Interstitial/parenchymal lung disease

                    I.g - Pulmonary fibrosis                


                  I.h
                
I - Interstitial/parenchymal lung disease

                    I.h - Subclinical pulmonary infiltrates/ILD                


                  I.l
                
I - Interstitial/parenchymal lung disease

                    I.l - Diffuse alveolar damage (DAD) (see alsoo under IIb and XVf)                


                  I.ad
                
I - Interstitial/parenchymal lung disease

                    I.ad - Radiation recall pneumonitis                


                  II.a
                
II - Pulmonary edema - Acute lung injury - ARDS

                    II.a - Pulmonary edema, noncardiogenic (NCPE)                


                  II.b
                
II - Pulmonary edema - Acute lung injury - ARDS

                    II.b - ARDS - Acute lung injury                


                  II.c
                
II - Pulmonary edema - Acute lung injury - ARDS

                    II.c - ARDS and the hemolytic-uremic syndrome (HUS)                


                  III.a
                
III - Pulmonary/alveolar./airway hemorrhage/bleeding

                    III.a - Alveolar hemorrhage (AH), diffuse AH (DAH)                


                  III.h
                
III - Pulmonary/alveolar./airway hemorrhage/bleeding

                    III.h - Major/massive hemoptysis                


                  IV.b
                
IV - Airway involvement

                    IV.b - Bronchospasm and angioedema                


                  V.a
                
V - Pleural and/or pericardial involvement

                    V.a - Pleural effusion (uni- or bilateral) (can accompany DI-LDs)                


                  V.i
                
V - Pleural and/or pericardial involvement

                    V.i - Pleuritis (can cause chest pain)                


                  V.m
                
V - Pleural and/or pericardial involvement

                    V.m - Pleuropericarditis - Pleuropericardial effusion (ANA unknown or negative)                


                  VI.b
                
VI - Pulmonary vasculopathies

                    VI.b - Pulmonary arterial hypertension                


                  VI.c
                
VI - Pulmonary vasculopathies

                    VI.c - Pulmonary veno-occlusive disease                


                  VI.f
                
VI - Pulmonary vasculopathies

                    VI.f - Hemolytic and uremic syndrome (HUS). See also under Xaf                


                  X.c
                
X - Systemic/Distant conditions, syndromes and reactions

                    X.c - Capillary leak syndrome (CLS)                


                  X.m
                
X - Systemic/Distant conditions, syndromes and reactions

                    X.m - Vascultis (pulmonary, extrathoracic or systemic)-ANCA status unknown or negative)                


                  X.n
                
X - Systemic/Distant conditions, syndromes and reactions

                    X.n - Tumor lysis syndrome (TLS)                


                  X.af
                
X - Systemic/Distant conditions, syndromes and reactions

                    X.af - Thrombotic microangiopathy                


                  XI.b
                
XI - Miscellaneous

                    XI.b - Chest pain (acute or subacute), lone or prominent                


                  XII.c
                
XII - Cardiovascular involvement / toxicity

                    XII.c - Pericardial effusion (w/wo tamponade)                


                  XII.f
                
XII - Cardiovascular involvement / toxicity

                    XII.f - Cardiomyopathy (acute, subacute, chronic)                


                  XV.a
                
XV - Pathology

                    XV.a - Path: NSIP-cellular pattern (see also Ia, Ib)                


                  XV.e
                
XV - Pathology

                    XV.e - Path: ILD with a granulomatous component (see also Im)                


                  XV.f
                
XV - Pathology

                    XV.f - Path: Diffuse alveolar damage (DAD-pattern) (see also IL)                


                  XV.g
                
XV - Pathology

                    XV.g - Path: Alveolar hemorrhage (see also IIIa)                


                  XVI.b
                
XVI - Imaging

                    XVI.b - Imaging: Ground-glass opacities (GGO) / shadowing                


                  XVI.n
                
XVI - Imaging

                    XVI.n - Imaging: Intralobular septal thickening - Crazy paving                


                  XVII.e
                
XVII - Infections & related conditions

                    XVII.e - Pneumocystis jiroveci pneumonia",60750.0,Both,gemcitabine,Nc1ccn(C2OC(CO)C(O)C2(F)F)c(=O)n1,1,1,1,1
Gilteritinib,,49803313.0,Both,gilteritinib,CCc1nc(C(N)=O)c(Nc2ccc(N3CCC(N4CCN(C)CC4)CC3)c(OC)c2)nc1NC1CCOCC1,0,0,0,0
Glafenine,"I.c
                
I - Interstitial/parenchymal lung disease

                    I.c - Eosinophilic pneumonia (pulmonary infiltrates and eosinophilia)                


                  X.f
                
X - Systemic/Distant conditions, syndromes and reactions

                    X.f - Anaphylaxis-Anaphylactoid reaction (can be fatal)",3474.0,Pneumotox_only,glafenine,O=C(OCC(O)CO)c1ccccc1Nc1ccnc2cc(Cl)ccc12,1,0,0,0
Glasdegib,"XVII.a
                
XVII - Infections & related conditions

                    XVII.a - Respiratory tract infection incl. pneumonia",25166913.0,Pneumotox_only,glasdegib,CN1CCC(NC(=O)Nc2ccc(C#N)cc2)CC1c1nc2ccccc2[nH]1,0,0,0,0
Gliclazide,"V.b
                
V - Pleural and/or pericardial involvement

                    V.b - Eosinophilic pleural effusion",3475.0,Both,gliclazide,Cc1ccc(S(=O)(=O)NC(=O)NN2CC3CCCC3C2)cc1,0,0,1,0
Glucagon,"XII.ai
                
XII - Cardiovascular involvement / toxicity

                    XII.ai - Cardiotoxicity",16132283.0,Pneumotox_only,glucagon,CSCCC(NC(=O)C(CC(C)C)NC(=O)C(Cc1c[nH]c2ccccc12)NC(=O)C(CCC(N)=O)NC(=O)C(NC(=O)C(Cc1ccccc1)NC(=O)C(CC(=O)O)NC(=O)C(CCC(N)=O)NC(=O)C(C)NC(=O)C(CCCN=C(N)N)NC(=O)C(CCCNC(=N)N)NC(=O)C(CO)NC(=O)C(CC(=O)O)NC(=O)C(CC(C)C)NC(=O)C(Cc1ccc(O)cc1)NC(=O)C(CCCCN)NC(=O)C(CO)NC(=O)C(Cc1ccc(O)cc1)NC(=O)C(CC(=O)O)NC(=O)C(CO)NC(=O)C(NC(=O)C(Cc1ccccc1)NC(=O)C(NC(=O)CNC(=O)C(CCC(N)=O)NC(=O)C(CO)NC(=O)C(N)Cc1cnc[nH]1)C(C)O)C(C)O)C(C)C)C(=O)NC(CC(N)=O)C(=O)NC(C(=O)O)C(C)O,0,0,0,0
Glyphosate,"I.c
                
I - Interstitial/parenchymal lung disease

                    I.c - Eosinophilic pneumonia (pulmonary infiltrates and eosinophilia)                


                  I.e
                
I - Interstitial/parenchymal lung disease

                    I.e - Acute eosinophilic pneumonia (AEP)                


                  I.f
                
I - Interstitial/parenchymal lung disease

                    I.f - Acute fibrinous organizing pneumonia (AFOP)                


                  II.a
                
II - Pulmonary edema - Acute lung injury - ARDS

                    II.a - Pulmonary edema, noncardiogenic (NCPE)                


                  II.b
                
II - Pulmonary edema - Acute lung injury - ARDS

                    II.b - ARDS - Acute lung injury                


                  XV.d
                
XV - Pathology

                    XV.d - Path: Acute fibrinous organizing pneumonia (AFOP-pattern) (see also If)",3496.0,Pneumotox_only,glyphosate,O=C(O)CNCP(=O)(O)O,1,1,0,0
GnRH,"IV.a
                
IV - Airway involvement

                    IV.a - Bronchospasm - Wheezing - Asthma                


                  V.g
                
V - Pleural and/or pericardial involvement

                    V.g - Effusions of the ovarian hyperstimulation syndrome (OHSS)                


                  X.f
                
X - Systemic/Distant conditions, syndromes and reactions

                    X.f - Anaphylaxis-Anaphylactoid reaction (can be fatal)",16132914.0,Pneumotox_only,gnrh,CC(C)CC(NC(=O)C(Cc1c[nH]c2ccccc12)NC(=O)CNC(=O)C(Cc1ccc(O)cc1)NC(=O)C(CO)NC(=O)C(Cc1c[nH]c2ccccc12)NC(=O)C(Cc1c[nH]cn1)NC(=O)C1CCC(=O)N1)C(=O)N1CCCC1C(=O)NCC(N)=O,0,0,1,0
Gonadorelin,"X.f
                
X - Systemic/Distant conditions, syndromes and reactions

                    X.f - Anaphylaxis-Anaphylactoid reaction (can be fatal)",638793.0,Both,gonadorelin,CC(C)CC(NC(=O)CNC(=O)C(Cc1ccc(O)cc1)NC(=O)C(CO)NC(=O)C(Cc1c[nH]c2ccccc12)NC(=O)C(Cc1c[nH]cn1)NC(=O)C1CCC(=O)N1)C(=O)NC(CCCN=C(N)N)C(=O)N1CCCC1C(=O)NCC(N)=O,0,0,0,0
Goserelin,"X.f
                
X - Systemic/Distant conditions, syndromes and reactions

                    X.f - Anaphylaxis-Anaphylactoid reaction (can be fatal)                


                  X.g
                
X - Systemic/Distant conditions, syndromes and reactions

                    X.g - Hypersensitivity reaction (may manifest with fever and/or skin, throat or airway involvement)",5311128.0,Both,goserelin,CC(C)CC(NC(=O)C(COC(C)(C)C)NC(=O)C(Cc1ccc(O)cc1)NC(=O)C(CO)NC(=O)C(Cc1c[nH]c2ccccc12)NC(=O)C(Cc1c[nH]cn1)NC(=O)C1CCC(=O)N1)C(=O)NC(CCCN=C(N)N)C(=O)N1CCCC1C(=O)NNC(N)=O,0,0,0,0
Haloperidol,"II.a
                
II - Pulmonary edema - Acute lung injury - ARDS

                    II.a - Pulmonary edema, noncardiogenic (NCPE)                


                  VIII.a
                
VIII - Central-large-upper airway (incl. pharyngeal-nasal) involvement

                    VIII.a - Angioedema (may cause UAO, asphyxia and death)                


                  VIII.e
                
VIII - Central-large-upper airway (incl. pharyngeal-nasal) involvement

                    VIII.e - Laryngospasm (a.k.a. laryngismus)                


                  IX.d
                
IX - Neuromuscular / CNS involvement - Disordered breathing (during sleep)

                    IX.d - Respiratory failure from ventilatory depression (due to neuromuscular blockade/paralysis)                


                  XI.g
                
XI - Miscellaneous

                    XI.g - Aspiration, aspiration pneumonia (w/wo demonstrable pharyngeal dysmotility)",3559.0,Both,haloperidol,O=C(CCCN1CCC(O)(c2ccc(Cl)cc2)CC1)c1ccc(F)cc1,0,1,0,0
Hexamethonium,"I.d
                
I - Interstitial/parenchymal lung disease

                    I.d - Organizing pneumonia pattern (an area or areas of consolidation on imaging)                


                  I.g
                
I - Interstitial/parenchymal lung disease

                    I.g - Pulmonary fibrosis                


                  II.b
                
II - Pulmonary edema - Acute lung injury - ARDS

                    II.b - ARDS - Acute lung injury                


                  XV.c
                
XV - Pathology

                    XV.c - Path: Organizing pneumonia (OP/BOOP) pattern (see also Id)",3604.0,Pneumotox_only,hexamethonium,C[N+](C)(C)CCCCCC[N+](C)(C)C,1,1,0,0
Hexamethylmelamine,"IX.b
                
IX - Neuromuscular / CNS involvement - Disordered breathing (during sleep)

                    IX.b - Respiratory dyskinesia",2123.0,Pneumotox_only,hexamethylmelamine,CN(C)c1nc(N(C)C)nc(N(C)C)n1,0,0,0,0
Hirudin,"IX.h
                
IX - Neuromuscular / CNS involvement - Disordered breathing (during sleep)

                    IX.h - Dyspnea, unexplained otherwise",72941487.0,Pneumotox_only,hirudin,CCC(C)C1NC(=O)C2CSSCC(NC(=O)C(CC(C)C)NC(=O)C3CSSCC(NC(=O)C(CC(=O)O)NC(=O)C(NC(=O)C(Cc4ccc(O)cc4)NC(=O)C(NC(=O)C(N)C(C)C)C(C)C)C(C)O)C(=O)NC(C(C)O)C(=O)NC(CCC(=O)O)C(=O)NC(CO)C(=O)NCC(=O)NC(CCC(N)=O)C(=O)NC(CC(N)=O)C(=O)NC(CC(C)C)C(=O)N3)C(=O)NC(CCC(=O)O)C(=O)NCC(=O)NC(CO)C(=O)NC(CC(N)=O)C(=O)NC(C(C)C)C(=O)NC(CSSCC(C(=O)NC(C(=O)NC(C(=O)NCC(=O)NC(CCC(=O)O)C(=O)NCC(=O)NC(C(=O)N3CCCC3C(=O)NC(CCCCN)C(=O)N3CCCC3C(=O)NC(CCC(N)=O)C(=O)NC(CO)C(=O)NC(Cc3c[nH]cn3)C(=O)NC(CC(N)=O)C(=O)NC(CC(=O)O)C(=O)NCC(=O)NC(CC(=O)O)C(=O)NC(Cc3ccccc3)C(=O)NC(CCC(=O)O)C(=O)NC(CCC(=O)O)C(=O)NC(C(=O)N3CCCC3C(=O)NC(CCC(=O)O)C(=O)NC(CCC(=O)O)C(=O)NC(Cc3ccc(OS(=O)(=O)O)cc3)C(=O)NC(CC(C)C)C(=O)NC(CCC(N)=O)C(=O)O)C(C)CC)C(C)O)C(C)O)C(C)C)NC(=O)C(CCC(N)=O)NC(=O)C(CC(N)=O)NC(=O)C(CCCCN)NC(=O)C(CCC(=O)O)NC(=O)CNC(=O)C(CC(=O)O)NC(=O)C(CO)NC(=O)CNC(=O)C(CC(C)C)NC1=O)C(=O)NCC(=O)NC(CCC(N)=O)C(=O)NCC(=O)NC(CC(N)=O)C(=O)NC(CCCCN)C(=O)N2,0,0,0,0
Hydantoin,"I.g
                
I - Interstitial/parenchymal lung disease

                    I.g - Pulmonary fibrosis",10006.0,Pneumotox_only,hydantoin,O=c1[nH]cc(O)[nH]1,1,0,0,0
Hydralazine,"I.a
                
I - Interstitial/parenchymal lung disease

                    I.a - Pneumonitis (ILD), acute and/or severe (may cause ARDS)                


                  I.b
                
I - Interstitial/parenchymal lung disease

                    I.b - Pneumonitis (ILD)                


                  I.d
                
I - Interstitial/parenchymal lung disease

                    I.d - Organizing pneumonia pattern (an area or areas of consolidation on imaging)                


                  II.b
                
II - Pulmonary edema - Acute lung injury - ARDS

                    II.b - ARDS - Acute lung injury                


                  III.a
                
III - Pulmonary/alveolar./airway hemorrhage/bleeding

                    III.a - Alveolar hemorrhage (AH), diffuse AH (DAH)                


                  III.b
                
III - Pulmonary/alveolar./airway hemorrhage/bleeding

                    III.b - Pneumorenal syndrome (w/wo ANCAs)                


                  III.d
                
III - Pulmonary/alveolar./airway hemorrhage/bleeding

                    III.d - Alveolar hemorrhage, diffuse (ANCA-positive/-related)                


                  IV.a
                
IV - Airway involvement

                    IV.a - Bronchospasm - Wheezing - Asthma                


                  V.d
                
V - Pleural and/or pericardial involvement

                    V.d - Pleural/pericardial effusion, ANA positive (DI lupus)                


                  V.i
                
V - Pleural and/or pericardial involvement

                    V.i - Pleuritis (can cause chest pain)                


                  V.m
                
V - Pleural and/or pericardial involvement

                    V.m - Pleuropericarditis - Pleuropericardial effusion (ANA unknown or negative)                


                  VI.d
                
VI - Pulmonary vasculopathies

                    VI.d - Pulmonary vasculitis or capillaritis                


                  VIII.a
                
VIII - Central-large-upper airway (incl. pharyngeal-nasal) involvement

                    VIII.a - Angioedema (may cause UAO, asphyxia and death)                


                  VIII.c
                
VIII - Central-large-upper airway (incl. pharyngeal-nasal) involvement

                    VIII.c - Upper airway obstruction other than angioedema or hematoma                


                  VIII.h
                
VIII - Central-large-upper airway (incl. pharyngeal-nasal) involvement

                    VIII.h - Vocal cord dysfunction, adduction, closure, injury                


                  X.a
                
X - Systemic/Distant conditions, syndromes and reactions

                    X.a - DRES syndrome - DRESS-like reaction                


                  X.b
                
X - Systemic/Distant conditions, syndromes and reactions

                    X.b - Antiphospholipid antibodies w/wo the APL syndrome                


                  X.d
                
X - Systemic/Distant conditions, syndromes and reactions

                    X.d - Lupus - Lupus syndrome (see also Vd)                


                  X.e
                
X - Systemic/Distant conditions, syndromes and reactions

                    X.e - Autoimmunity-Autoimmune conditions (+ANA, +anti-ds-DNA, +ANCAs, other auto-Abs)                


                  X.m
                
X - Systemic/Distant conditions, syndromes and reactions

                    X.m - Vascultis (pulmonary, extrathoracic or systemic)-ANCA status unknown or negative)                


                  X.o
                
X - Systemic/Distant conditions, syndromes and reactions

                    X.o - Neutrophilic dermatosis (Pyoderma, Sweet syndrome)                


                  X.s
                
X - Systemic/Distant conditions, syndromes and reactions

                    X.s - Vasculitis, pulmonary (w/wo AH), extrapulmonary, systemic: ANCA-positive                


                  X.ak
                
X - Systemic/Distant conditions, syndromes and reactions

                    X.ak - Dual MPO-/PR3-ANCA systemic disease/vasculitis/pseudovasculitis                


                  XII.c
                
XII - Cardiovascular involvement / toxicity

                    XII.c - Pericardial effusion (w/wo tamponade)                


                  XII.k
                
XII - Cardiovascular involvement / toxicity

                    XII.k - Constrictive pericarditis - Pericardial thickening                


                  XV.f
                
XV - Pathology

                    XV.f - Path: Diffuse alveolar damage (DAD-pattern) (see also IL)",3637.0,Both,hydralazine,NNc1nncc2ccccc12,1,1,1,1
Hydrochlorothiazide,"I.a
                
I - Interstitial/parenchymal lung disease

                    I.a - Pneumonitis (ILD), acute and/or severe (may cause ARDS)                


                  I.b
                
I - Interstitial/parenchymal lung disease

                    I.b - Pneumonitis (ILD)                


                  I.e
                
I - Interstitial/parenchymal lung disease

                    I.e - Acute eosinophilic pneumonia (AEP)                


                  II.a
                
II - Pulmonary edema - Acute lung injury - ARDS

                    II.a - Pulmonary edema, noncardiogenic (NCPE)                


                  II.b
                
II - Pulmonary edema - Acute lung injury - ARDS

                    II.b - ARDS - Acute lung injury                


                  II.d
                
II - Pulmonary edema - Acute lung injury - ARDS

                    II.d - Pulmonary edema, cardiogenic                


                  II.f
                
II - Pulmonary edema - Acute lung injury - ARDS

                    II.f - Hypoxemia, low oxygen saturation (may occur in isolation)                


                  II.i
                
II - Pulmonary edema - Acute lung injury - ARDS

                    II.i - Flash (fulminate) pulmonary edema                


                  II.r
                
II - Pulmonary edema - Acute lung injury - ARDS

                    II.r - Interstitial pulmonary edema                


                  IX.h
                
IX - Neuromuscular / CNS involvement - Disordered breathing (during sleep)

                    IX.h - Dyspnea, unexplained otherwise                


                  X.b
                
X - Systemic/Distant conditions, syndromes and reactions

                    X.b - Antiphospholipid antibodies w/wo the APL syndrome                


                  X.c
                
X - Systemic/Distant conditions, syndromes and reactions

                    X.c - Capillary leak syndrome (CLS)                


                  X.d
                
X - Systemic/Distant conditions, syndromes and reactions

                    X.d - Lupus - Lupus syndrome (see also Vd)                


                  X.e
                
X - Systemic/Distant conditions, syndromes and reactions

                    X.e - Autoimmunity-Autoimmune conditions (+ANA, +anti-ds-DNA, +ANCAs, other auto-Abs)                


                  X.u
                
X - Systemic/Distant conditions, syndromes and reactions

                    X.u - Multiple organ dysfunction/failure (MODS/MOF)                


                  XI.b
                
XI - Miscellaneous

                    XI.b - Chest pain (acute or subacute), lone or prominent                


                  XII.c
                
XII - Cardiovascular involvement / toxicity

                    XII.c - Pericardial effusion (w/wo tamponade)                


                  XII.m
                
XII - Cardiovascular involvement / toxicity

                    XII.m - Cardiac- cardiorespiratory/pulmonary arrest                


                  XII.n
                
XII - Cardiovascular involvement / toxicity

                    XII.n - Cardiovascular collapse - Cardiogenic shock - Hypotension                


                  XXI.a
                
XXI - Rechallenge data

                    XXI.a - Rechallenge can lead to near-fatal or fatal relapse of AE/ILD",3639.0,Both,hydrochlorothiazide,NS(=O)(=O)c1cc2c(cc1Cl)NCNS2(=O)=O,1,1,0,0
Hydrocodone,"I.a
                
I - Interstitial/parenchymal lung disease

                    I.a - Pneumonitis (ILD), acute and/or severe (may cause ARDS)                


                  I.b
                
I - Interstitial/parenchymal lung disease

                    I.b - Pneumonitis (ILD)                


                  IX.d
                
IX - Neuromuscular / CNS involvement - Disordered breathing (during sleep)

                    IX.d - Respiratory failure from ventilatory depression (due to neuromuscular blockade/paralysis)                


                  XI.r
                
XI - Miscellaneous

                    XI.r - Death following exposure or poisoning                


                  XII.w
                
XII - Cardiovascular involvement / toxicity

                    XII.w - Asystole",5284569.0,Both,hydrocodone,COc1ccc2c3c1OC1C(=O)CCC4C(C2)N(C)CCC314,1,0,0,0
Hydrocortisone,"II.a
                
II - Pulmonary edema - Acute lung injury - ARDS

                    II.a - Pulmonary edema, noncardiogenic (NCPE)                


                  IV.a
                
IV - Airway involvement

                    IV.a - Bronchospasm - Wheezing - Asthma                


                  IV.b
                
IV - Airway involvement

                    IV.b - Bronchospasm and angioedema                


                  IV.f
                
IV - Airway involvement

                    IV.f - Severe or catastrophic bronchospasm or asthma attack (can be fatal)                


                  IX.a
                
IX - Neuromuscular / CNS involvement - Disordered breathing (during sleep)

                    IX.a - Diaphragm/inspiratory muscle weakness/paralysis (w/wo ARF)                


                  X.f
                
X - Systemic/Distant conditions, syndromes and reactions

                    X.f - Anaphylaxis-Anaphylactoid reaction (can be fatal)                


                  X.r
                
X - Systemic/Distant conditions, syndromes and reactions

                    X.r - Fluid retention                


                  XII.v
                
XII - Cardiovascular involvement / toxicity

                    XII.v - Hypertrophic cardiomyopathy",5754.0,Both,hydrocortisone,CC12CCC(=O)C=C1CCC1C2C(O)CC2(C)C1CCC2(O)C(=O)CO,0,1,0,0
Hydromorphone,"VIII.a
                
VIII - Central-large-upper airway (incl. pharyngeal-nasal) involvement

                    VIII.a - Angioedema (may cause UAO, asphyxia and death)",5284570.0,Both,hydromorphone,CN1CCC23c4c5ccc(O)c4OC2C(=O)CCC3C1C5,0,0,0,0
Hydroxychloroquine,"I.b
                
I - Interstitial/parenchymal lung disease

                    I.b - Pneumonitis (ILD)                


                  I.c
                
I - Interstitial/parenchymal lung disease

                    I.c - Eosinophilic pneumonia (pulmonary infiltrates and eosinophilia)                


                  IV.a
                
IV - Airway involvement

                    IV.a - Bronchospasm - Wheezing - Asthma                


                  IV.aa
                
IV - Airway involvement

                    IV.aa - Occupational asthma                


                  VI.b
                
VI - Pulmonary vasculopathies

                    VI.b - Pulmonary arterial hypertension                


                  IX.a
                
IX - Neuromuscular / CNS involvement - Disordered breathing (during sleep)

                    IX.a - Diaphragm/inspiratory muscle weakness/paralysis (w/wo ARF)                


                  X.a
                
X - Systemic/Distant conditions, syndromes and reactions

                    X.a - DRES syndrome - DRESS-like reaction                


                  X.f
                
X - Systemic/Distant conditions, syndromes and reactions

                    X.f - Anaphylaxis-Anaphylactoid reaction (can be fatal)                


                  XII.a
                
XII - Cardiovascular involvement / toxicity

                    XII.a - Left or biventricular dysfunction/failure                


                  XII.f
                
XII - Cardiovascular involvement / toxicity

                    XII.f - Cardiomyopathy (acute, subacute, chronic)                


                  XII.l
                
XII - Cardiovascular involvement / toxicity

                    XII.l - Cardiac arrhythmias or dysrhythmias (AF, VT, VF, TdP)                


                  XII.p
                
XII - Cardiovascular involvement / toxicity

                    XII.p - QTc prolongation                


                  XII.s
                
XII - Cardiovascular involvement / toxicity

                    XII.s - Heart block (bundle branch- or AV-)                


                  XII.t
                
XII - Cardiovascular involvement / toxicity

                    XII.t - Torsades de pointe                


                  XII.v
                
XII - Cardiovascular involvement / toxicity

                    XII.v - Hypertrophic cardiomyopathy                


                  XV.cz
                
XV - Pathology

                    XV.cz - Path: Lysosomal storage cardiomyopathy/cardiotoxicity",3652.0,Both,hydroxychloroquine,CCN(CCO)CCCC(C)Nc1ccnc2cc(Cl)ccc12,1,0,0,1
Ibogaine,"XI.r
                
XI - Miscellaneous

                    XI.r - Death following exposure or poisoning                


                  XII.m
                
XII - Cardiovascular involvement / toxicity

                    XII.m - Cardiac- cardiorespiratory/pulmonary arrest",197060.0,Pneumotox_only,ibogaine,CCC1CC2CC3c4[nH]c5ccc(OC)cc5c4CCN(C2)C13,0,0,0,0
Ibrutinib,"I.a
                
I - Interstitial/parenchymal lung disease

                    I.a - Pneumonitis (ILD), acute and/or severe (may cause ARDS)                


                  I.b
                
I - Interstitial/parenchymal lung disease

                    I.b - Pneumonitis (ILD)                


                  IV.d
                
IV - Airway involvement

                    IV.d - Cough (lone)                


                  V.f
                
V - Pleural and/or pericardial involvement

                    V.f - Pneumothorax                


                  VII.h
                
VII - Mediastinal involvement

                    VII.h - Pneumomediastinum                


                  X.n
                
X - Systemic/Distant conditions, syndromes and reactions

                    X.n - Tumor lysis syndrome (TLS)                


                  XII.f
                
XII - Cardiovascular involvement / toxicity

                    XII.f - Cardiomyopathy (acute, subacute, chronic)                


                  XII.l
                
XII - Cardiovascular involvement / toxicity

                    XII.l - Cardiac arrhythmias or dysrhythmias (AF, VT, VF, TdP)                


                  XII.m
                
XII - Cardiovascular involvement / toxicity

                    XII.m - Cardiac- cardiorespiratory/pulmonary arrest                


                  XII.ai
                
XII - Cardiovascular involvement / toxicity

                    XII.ai - Cardiotoxicity                


                  XVII.a
                
XVII - Infections & related conditions

                    XVII.a - Respiratory tract infection incl. pneumonia                


                  XVII.c
                
XVII - Infections & related conditions

                    XVII.c - Aspergillosis, pulmonary (invasive, allergic [ABPA], or mycetoma)                


                  XVII.e
                
XVII - Infections & related conditions

                    XVII.e - Pneumocystis jiroveci pneumonia                


                  XVII.f
                
XVII - Infections & related conditions

                    XVII.f - Tuberculosis, miliary                


                  XVII.r
                
XVII - Infections & related conditions

                    XVII.r - Fungal infection (pulmonary/extrapulmonary)",24821094.0,Both,ibrutinib,C=CC(=O)N1CCCC(n2nc(-c3ccc(Oc4ccccc4)cc3)c3c(N)ncnc32)C1,1,0,1,0
Ibuprofen,"I.c
                
I - Interstitial/parenchymal lung disease

                    I.c - Eosinophilic pneumonia (pulmonary infiltrates and eosinophilia)                


                  II.a
                
II - Pulmonary edema - Acute lung injury - ARDS

                    II.a - Pulmonary edema, noncardiogenic (NCPE)                


                  II.b
                
II - Pulmonary edema - Acute lung injury - ARDS

                    II.b - ARDS - Acute lung injury                


                  IV.a
                
IV - Airway involvement

                    IV.a - Bronchospasm - Wheezing - Asthma                


                  IV.f
                
IV - Airway involvement

                    IV.f - Severe or catastrophic bronchospasm or asthma attack (can be fatal)                


                  IV.v
                
IV - Airway involvement

                    IV.v - Deterioration/exacerbation of preexisting asthma or COPD                


                  V.a
                
V - Pleural and/or pericardial involvement

                    V.a - Pleural effusion (uni- or bilateral) (can accompany DI-LDs)                


                  VI.b
                
VI - Pulmonary vasculopathies

                    VI.b - Pulmonary arterial hypertension                


                  VI.y
                
VI - Pulmonary vasculopathies

                    VI.y - Pulmonary hypertension of the newborn (Persistent PHT)                


                  VIII.a
                
VIII - Central-large-upper airway (incl. pharyngeal-nasal) involvement

                    VIII.a - Angioedema (may cause UAO, asphyxia and death)                


                  X.a
                
X - Systemic/Distant conditions, syndromes and reactions

                    X.a - DRES syndrome - DRESS-like reaction                


                  X.f
                
X - Systemic/Distant conditions, syndromes and reactions

                    X.f - Anaphylaxis-Anaphylactoid reaction (can be fatal)                


                  X.g
                
X - Systemic/Distant conditions, syndromes and reactions

                    X.g - Hypersensitivity reaction (may manifest with fever and/or skin, throat or airway involvement)",3672.0,Both,ibuprofen,CC(C)Cc1ccc(C(C)C(=O)O)cc1,1,1,1,1
Icodextrin,"X.g
                
X - Systemic/Distant conditions, syndromes and reactions

                    X.g - Hypersensitivity reaction (may manifest with fever and/or skin, throat or airway involvement)",3517.0,Both,icodextrin,N=C(N)NN=Cc1c(Cl)cccc1Cl,0,0,0,0
Icotinib,"I.b
                
I - Interstitial/parenchymal lung disease

                    I.b - Pneumonitis (ILD)                


                  II.b
                
II - Pulmonary edema - Acute lung injury - ARDS

                    II.b - ARDS - Acute lung injury",22024915.0,Pneumotox_only,icotinib,C#Cc1cccc(Nc2ncnc3cc4c(cc23)OCCOCCOCCO4)c1,1,1,0,0
Idelalisib,"I.a
                
I - Interstitial/parenchymal lung disease

                    I.a - Pneumonitis (ILD), acute and/or severe (may cause ARDS)                


                  I.b
                
I - Interstitial/parenchymal lung disease

                    I.b - Pneumonitis (ILD)                


                  I.c
                
I - Interstitial/parenchymal lung disease

                    I.c - Eosinophilic pneumonia (pulmonary infiltrates and eosinophilia)                


                  I.ao
                
I - Interstitial/parenchymal lung disease

                    I.ao - Pulmonary infiltrates                


                  IV.d
                
IV - Airway involvement

                    IV.d - Cough (lone)                


                  XVII.a
                
XVII - Infections & related conditions

                    XVII.a - Respiratory tract infection incl. pneumonia                


                  XVII.e
                
XVII - Infections & related conditions

                    XVII.e - Pneumocystis jiroveci pneumonia",11625818.0,Both,idelalisib,CCC(Nc1ncnc2[nH]cnc12)c1nc2cccc(F)c2c(=O)n1-c1ccccc1,1,0,0,0
Ifenprodil,"I.c
                
I - Interstitial/parenchymal lung disease

                    I.c - Eosinophilic pneumonia (pulmonary infiltrates and eosinophilia)",3689.0,Pneumotox_only,ifenprodil,CC(C(O)c1ccc(O)cc1)N1CCC(Cc2ccccc2)CC1,1,0,0,0
Ifosfamide,"I.b
                
I - Interstitial/parenchymal lung disease

                    I.b - Pneumonitis (ILD)                


                  I.g
                
I - Interstitial/parenchymal lung disease

                    I.g - Pulmonary fibrosis                


                  I.ad
                
I - Interstitial/parenchymal lung disease

                    I.ad - Radiation recall pneumonitis                


                  II.a
                
II - Pulmonary edema - Acute lung injury - ARDS

                    II.a - Pulmonary edema, noncardiogenic (NCPE)                


                  II.d
                
II - Pulmonary edema - Acute lung injury - ARDS

                    II.d - Pulmonary edema, cardiogenic                


                  XI.a
                
XI - Miscellaneous

                    XI.a - Cyanosis, a low SpO2 and normal measured PaO2                


                  XII.f
                
XII - Cardiovascular involvement / toxicity

                    XII.f - Cardiomyopathy (acute, subacute, chronic)                


                  XII.l
                
XII - Cardiovascular involvement / toxicity

                    XII.l - Cardiac arrhythmias or dysrhythmias (AF, VT, VF, TdP)                


                  XII.n
                
XII - Cardiovascular involvement / toxicity

                    XII.n - Cardiovascular collapse - Cardiogenic shock - Hypotension                


                  XIV.a
                
XIV - Hemoglobinopathies - Abnormal hemoglobin states (acquired)

                    XIV.a - Methemoglobinemia                


                  XV.h
                
XV - Pathology

                    XV.h - Path: NSIP-fibrotic pattern                


                  XV.j
                
XV - Pathology

                    XV.j - Path: Pulmonary fibrosis (UIP-pattern)",3690.0,Both,ifosfamide,O=P1(NCCCl)OCCCN1CCCl,1,1,0,0
Iguratimod,"I.b
                
I - Interstitial/parenchymal lung disease

                    I.b - Pneumonitis (ILD)                


                  I.y
                
I - Interstitial/parenchymal lung disease

                    I.y - Progression, acceleration or exacerbation of preexisting ILD/fibrosis                


                  XVII.e
                
XVII - Infections & related conditions

                    XVII.e - Pneumocystis jiroveci pneumonia",124246.0,Pneumotox_only,iguratimod,CS(=O)(=O)Nc1cc2occ(NC=O)c(=O)c2cc1Oc1ccccc1,1,0,0,0
Iloperidone,"XII.p
                
XII - Cardiovascular involvement / toxicity

                    XII.p - QTc prolongation",71360.0,Both,iloperidone,COc1cc(C(C)=O)ccc1OCCCN1CCC(c2noc3cc(F)ccc23)CC1,0,0,0,0
Iloprost,"II.f
                
II - Pulmonary edema - Acute lung injury - ARDS

                    II.f - Hypoxemia, low oxygen saturation (may occur in isolation)                


                  IV.a
                
IV - Airway involvement

                    IV.a - Bronchospasm - Wheezing - Asthma                


                  V.f
                
V - Pleural and/or pericardial involvement

                    V.f - Pneumothorax",5311181.0,Both,iloprost,CC#CCC(C)C(O)C=CC1C(O)CC2CC(=CCCCC(=O)O)CC21,0,1,1,0
Imatinib,"I.a
                
I - Interstitial/parenchymal lung disease

                    I.a - Pneumonitis (ILD), acute and/or severe (may cause ARDS)                


                  I.b
                
I - Interstitial/parenchymal lung disease

                    I.b - Pneumonitis (ILD)                


                  I.c
                
I - Interstitial/parenchymal lung disease

                    I.c - Eosinophilic pneumonia (pulmonary infiltrates and eosinophilia)                


                  I.d
                
I - Interstitial/parenchymal lung disease

                    I.d - Organizing pneumonia pattern (an area or areas of consolidation on imaging)                


                  I.m
                
I - Interstitial/parenchymal lung disease

                    I.m - ILD with a granulomatous component                


                  I.n
                
I - Interstitial/parenchymal lung disease

                    I.n - Pulmonary alveolar proteinosis (PAP)                


                  I.y
                
I - Interstitial/parenchymal lung disease

                    I.y - Progression, acceleration or exacerbation of preexisting ILD/fibrosis                


                  II.b
                
II - Pulmonary edema - Acute lung injury - ARDS

                    II.b - ARDS - Acute lung injury                


                  II.d
                
II - Pulmonary edema - Acute lung injury - ARDS

                    II.d - Pulmonary edema, cardiogenic                


                  III.a
                
III - Pulmonary/alveolar./airway hemorrhage/bleeding

                    III.a - Alveolar hemorrhage (AH), diffuse AH (DAH)                


                  V.a
                
V - Pleural and/or pericardial involvement

                    V.a - Pleural effusion (uni- or bilateral) (can accompany DI-LDs)                


                  V.c
                
V - Pleural and/or pericardial involvement

                    V.c - Pleural thickening - Fibrothorax                


                  V.i
                
V - Pleural and/or pericardial involvement

                    V.i - Pleuritis (can cause chest pain)                


                  V.m
                
V - Pleural and/or pericardial involvement

                    V.m - Pleuropericarditis - Pleuropericardial effusion (ANA unknown or negative)                


                  X.a
                
X - Systemic/Distant conditions, syndromes and reactions

                    X.a - DRES syndrome - DRESS-like reaction                


                  X.n
                
X - Systemic/Distant conditions, syndromes and reactions

                    X.n - Tumor lysis syndrome (TLS)                


                  X.r
                
X - Systemic/Distant conditions, syndromes and reactions

                    X.r - Fluid retention                


                  XII.a
                
XII - Cardiovascular involvement / toxicity

                    XII.a - Left or biventricular dysfunction/failure                


                  XII.f
                
XII - Cardiovascular involvement / toxicity

                    XII.f - Cardiomyopathy (acute, subacute, chronic)                


                  XIII.g
                
XIII - Neoplastic conditions

                    XIII.g - Lymphomatoid granulomatosis (pulmonary, endothoracic)                


                  XV.a
                
XV - Pathology

                    XV.a - Path: NSIP-cellular pattern (see also Ia, Ib)                


                  XV.c
                
XV - Pathology

                    XV.c - Path: Organizing pneumonia (OP/BOOP) pattern (see also Id)                


                  XV.n
                
XV - Pathology

                    XV.n - Path: Pulmonary alveolar proteinosis pattern (PAP pattern)                


                  XV.ch
                
XV - Pathology

                    XV.ch - Path: Organizing fibrinous pleuritis (OFP)                


                  XVII.g
                
XVII - Infections & related conditions

                    XVII.g - Tuberculosis (pulmonary, pulmonary, extrapulmonary or disseminated). Reactivation or de novo                


                  XVII.h
                
XVII - Infections & related conditions

                    XVII.h - Nontuberculous pulmonary mycobacterial infection/superinfection                


                  XVII.o
                
XVII - Infections & related conditions

                    XVII.o - Nocardia pulmonary/systemic infection                


                  XVII.w
                
XVII - Infections & related conditions

                    XVII.w - Hypogammaglobulinemia - Antibody deficiency",5291.0,Both,imatinib,Cc1ccc(NC(=O)c2ccc(CN3CCN(C)CC3)cc2)cc1Nc1nccc(-c2cccnc2)n1,1,1,1,0
Imidacloprid,"IX.d
                
IX - Neuromuscular / CNS involvement - Disordered breathing (during sleep)

                    IX.d - Respiratory failure from ventilatory depression (due to neuromuscular blockade/paralysis)",86287518.0,Pneumotox_only,imidacloprid,O=[N+]([O-])NC1=NCCN1Cc1ccc(Cl)nc1,0,0,0,0
Imidapril,"IV.d
                
IV - Airway involvement

                    IV.d - Cough (lone)                


                  V.b
                
V - Pleural and/or pericardial involvement

                    V.b - Eosinophilic pleural effusion",5464343.0,Pneumotox_only,imidapril,CCOC(=O)C(CCc1ccccc1)NC(C)C(=O)N1C(=O)N(C)CC1C(=O)O,0,0,1,0
Imipramine,"I.b
                
I - Interstitial/parenchymal lung disease

                    I.b - Pneumonitis (ILD)                


                  I.c
                
I - Interstitial/parenchymal lung disease

                    I.c - Eosinophilic pneumonia (pulmonary infiltrates and eosinophilia)                


                  I.d
                
I - Interstitial/parenchymal lung disease

                    I.d - Organizing pneumonia pattern (an area or areas of consolidation on imaging)                


                  I.g
                
I - Interstitial/parenchymal lung disease

                    I.g - Pulmonary fibrosis                


                  II.b
                
II - Pulmonary edema - Acute lung injury - ARDS

                    II.b - ARDS - Acute lung injury                


                  XII.d
                
XII - Cardiovascular involvement / toxicity

                    XII.d - Myocarditis (can be fulminant)",3696.0,Both,imipramine,CN(C)CCCN1c2ccccc2CCc2ccccc21,1,1,0,0
Imiquimod,"VI.a
                
VI - Pulmonary vasculopathies

                    VI.a - Pulmonary embolism - Venous thrombosis/thromboembolism",57469.0,Both,imiquimod,CC(C)Cn1cnc2c(N)nc3ccccc3c21,0,0,0,1
Indapamide,"I.g
                
I - Interstitial/parenchymal lung disease

                    I.g - Pulmonary fibrosis",3702.0,Both,indapamide,CC1Cc2ccccc2N1NC(=O)c1ccc(Cl)c(S(N)(=O)=O)c1,1,0,0,0
Indigo,"IV.aa
                
IV - Airway involvement

                    IV.aa - Occupational asthma                


                  VI.b
                
VI - Pulmonary vasculopathies

                    VI.b - Pulmonary arterial hypertension",10215.0,Pneumotox_only,indigo,O=C1C(c2[nH]c3ccccc3c2O)=Nc2ccccc21,0,0,0,1
Indinavir,"II.b
                
II - Pulmonary edema - Acute lung injury - ARDS

                    II.b - ARDS - Acute lung injury",5362440.0,Both,indinavir,CC(C)(C)NC(=O)C1CN(Cc2cccnc2)CCN1CC(O)CC(Cc1ccccc1)C(=O)NC1c2ccccc2CC1O,0,1,0,0
Indomethacin,"I.c
                
I - Interstitial/parenchymal lung disease

                    I.c - Eosinophilic pneumonia (pulmonary infiltrates and eosinophilia)                


                  IV.a
                
IV - Airway involvement

                    IV.a - Bronchospasm - Wheezing - Asthma                


                  IV.f
                
IV - Airway involvement

                    IV.f - Severe or catastrophic bronchospasm or asthma attack (can be fatal)                


                  VII.a
                
VII - Mediastinal involvement

                    VII.a - Lymphadenopathy (intrathoracic)                


                  VIII.a
                
VIII - Central-large-upper airway (incl. pharyngeal-nasal) involvement

                    VIII.a - Angioedema (may cause UAO, asphyxia and death)                


                  VIII.v
                
VIII - Central-large-upper airway (incl. pharyngeal-nasal) involvement

                    VIII.v - Retropharyngeal hematoma (may cause UAO)                


                  IX.e
                
IX - Neuromuscular / CNS involvement - Disordered breathing (during sleep)

                    IX.e - Disordered breathing pattern incl. Cheyne-Stokes respiration",3715.0,Both,indomethacin,COc1ccc2c(c1)c(CC(=O)O)c(C)n2C(=O)c1ccc(Cl)cc1,1,0,0,0
Insulin,"II.a
                
II - Pulmonary edema - Acute lung injury - ARDS

                    II.a - Pulmonary edema, noncardiogenic (NCPE)                


                  II.b
                
II - Pulmonary edema - Acute lung injury - ARDS

                    II.b - ARDS - Acute lung injury                


                  X.f
                
X - Systemic/Distant conditions, syndromes and reactions

                    X.f - Anaphylaxis-Anaphylactoid reaction (can be fatal)                


                  XV.t
                
XV - Pathology

                    XV.t - Path: Pulmonary amyloid deposits",70678557.0,Pneumotox_only,insulin,CCC(C)C(NC(=O)CN)C(=O)NC(C(=O)NC(CCC(=O)O)C(=O)NC(CCC(N)=O)C(=O)NC1CSSCC2NC(=O)C(C(C)CC)NC(=O)C(CO)NC(=O)C(C(C)O)NC(=O)C(CSSCC(NC(=O)C(CC(C)C)NC(=O)C(Cc3c[nH]cn3)NC(=O)C(CCC(N)=O)NC(=O)C(NC(=O)C(NC(=O)C(N)Cc3ccccc3)C(C)C)C(N)=O)C(=O)NCC(=O)NC(CO)C(=O)NC(Cc3c[nH]cn3)C(=O)NC(CC(C)C)C(=O)NC(C(C)C)C(=O)NC(CCC(=O)O)C(=O)NC(C)C(=O)NC(CC(C)C)C(=O)NC(Cc3ccc(O)cc3)C(=O)NC(CC(C)C)C(=O)NC(C(C)C)C(=O)NC(C(=O)NCC(=O)NC(CCC(=O)O)C(=O)NC(CCCN=C(N)N)C(=O)NCC(=O)NC(Cc3ccccc3)C(=O)NC(Cc3ccccc3)C(=O)NC(Cc3ccc(O)cc3)C(=O)NC(C(=O)N3CCCC3C(=O)NC(CCCCN)C(=O)NC(C(=O)O)C(C)O)C(C)O)CSSCC(C(=O)NC(CC(N)=O)C(=O)O)NC(=O)C(Cc3ccc(O)cc3)NC(=O)C(CC(N)=O)NC(=O)C(CCC(=O)O)NC(=O)C(CC(C)C)NC(=O)C(CCC(N)=O)NC(=O)C(Cc3ccc(O)cc3)NC(=O)C(CC(C)C)NC(=O)C(CO)NC2=O)NC1=O)C(C)C,0,1,0,0
Iodixanol,"I.v
                
I - Interstitial/parenchymal lung disease

                    I.v - Abnormal lung function/pulmonary physiology (PFTs) without necessarily imaging or clinical evidence",3724.0,Both,iodixanol,CC(=O)N(CC(O)CN(C(C)=O)c1c(I)c(C(=O)NCC(O)CO)c(I)c(C(=O)NCC(O)CO)c1I)c1c(I)c(C(=O)NCC(O)CO)c(I)c(C(=O)NCC(O)CO)c1I,1,0,0,0
Iohexol,"X.n
                
X - Systemic/Distant conditions, syndromes and reactions

                    X.n - Tumor lysis syndrome (TLS)",3730.0,Both,iohexol,CC(=O)N(CC(O)CO)c1c(I)c(C(=O)NCC(O)CO)c(I)c(C(=O)NCC(O)CO)c1I,0,0,0,0
Irbesartan,"VIII.a
                
VIII - Central-large-upper airway (incl. pharyngeal-nasal) involvement

                    VIII.a - Angioedema (may cause UAO, asphyxia and death)",3749.0,Both,irbesartan,CCCCC1=NC2(CCCC2)C(=O)N1Cc1ccc(-c2ccccc2-c2nn[nH]n2)cc1,0,0,0,0
Irinotecan,"I.b
                
I - Interstitial/parenchymal lung disease

                    I.b - Pneumonitis (ILD)                


                  II.b
                
II - Pulmonary edema - Acute lung injury - ARDS

                    II.b - ARDS - Acute lung injury                


                  III.a
                
III - Pulmonary/alveolar./airway hemorrhage/bleeding

                    III.a - Alveolar hemorrhage (AH), diffuse AH (DAH)                


                  XV.f
                
XV - Pathology

                    XV.f - Path: Diffuse alveolar damage (DAD-pattern) (see also IL)                


                  XV.i
                
XV - Pathology

                    XV.i - Path: Pneumocyte atypia (reactive epithelial cells) (a.k.a. the ""Napoleon Hat"" sign)",60838.0,Both,irinotecan,CCc1c2c(nc3ccc(OC(=O)N4CCC(N5CCCCC5)CC4)cc13)-c1cc3c(c(=O)n1C2)COC(=O)C3(O)CC,1,1,0,0
Irofulven,"II.a
                
II - Pulmonary edema - Acute lung injury - ARDS

                    II.a - Pulmonary edema, noncardiogenic (NCPE)",148189.0,Pneumotox_only,irofulven,CC1=C(CO)C2=C(C)C3(CC3)C(C)(O)C(=O)C2=C1,0,1,0,0
Isocyanates,"I.b
                
I - Interstitial/parenchymal lung disease

                    I.b - Pneumonitis (ILD)                


                  I.an
                
I - Interstitial/parenchymal lung disease

                    I.an - Hypersensitivity pneumonitis pattern                


                  IV.a
                
IV - Airway involvement

                    IV.a - Bronchospasm - Wheezing - Asthma",105034.0,Pneumotox_only,isocyanates,[N-]=C=O,1,0,0,0
Isoflurane,"IV.a
                
IV - Airway involvement

                    IV.a - Bronchospasm - Wheezing - Asthma                


                  IV.e
                
IV - Airway involvement

                    IV.e - Cough (acute, violent, explosive)",3763.0,Both,isoflurane,FC(F)OC(Cl)C(F)(F)F,0,0,0,0
Isoprenaline,"IV.a
                
IV - Airway involvement

                    IV.a - Bronchospasm - Wheezing - Asthma",3779.0,Both,isoprenaline,CC(C)NCC(O)c1ccc(O)c(O)c1,0,0,0,0
Isopropylantipyrine,"IV.a
                
IV - Airway involvement

                    IV.a - Bronchospasm - Wheezing - Asthma                


                  X.f
                
X - Systemic/Distant conditions, syndromes and reactions

                    X.f - Anaphylaxis-Anaphylactoid reaction (can be fatal)",3778.0,Pneumotox_only,isopropylantipyrine,Cc1c(C(C)C)c(=O)n(-c2ccccc2)n1C,0,0,0,0
Isosulfan blue,"XI.f
                
XI - Miscellaneous

                    XI.f - Bluish, pseudocyanotic skin discoloration                


                  XIV.g
                
XIV - Hemoglobinopathies - Abnormal hemoglobin states (acquired)

                    XIV.g - A condition mimicking methemoglobinemia",50108.0,Pneumotox_only,isosulfan blue,CCN(CC)c1ccc(C(=C2C=CC(=[N+](CC)CC)C=C2)c2cc(S(=O)(=O)[O-])ccc2S(=O)(=O)[O-])cc1,0,0,0,0
Isoxsuprine,"II.a
                
II - Pulmonary edema - Acute lung injury - ARDS

                    II.a - Pulmonary edema, noncardiogenic (NCPE)                


                  II.b
                
II - Pulmonary edema - Acute lung injury - ARDS

                    II.b - ARDS - Acute lung injury",3783.0,Both,isoxsuprine,CC(COc1ccccc1)NC(C)C(O)c1ccc(O)cc1,0,1,0,0
Itraconazole,"III.a
                
III - Pulmonary/alveolar./airway hemorrhage/bleeding

                    III.a - Alveolar hemorrhage (AH), diffuse AH (DAH)                


                  V.m
                
V - Pleural and/or pericardial involvement

                    V.m - Pleuropericarditis - Pleuropericardial effusion (ANA unknown or negative)                


                  VIII.a
                
VIII - Central-large-upper airway (incl. pharyngeal-nasal) involvement

                    VIII.a - Angioedema (may cause UAO, asphyxia and death)                


                  X.f
                
X - Systemic/Distant conditions, syndromes and reactions

                    X.f - Anaphylaxis-Anaphylactoid reaction (can be fatal)                


                  XII.r
                
XII - Cardiovascular involvement / toxicity

                    XII.r - Heart failure (biventricular, congestive)",55283.0,Both,itraconazole,CCC(C)n1ncn(-c2ccc(N3CCN(c4ccc(OCC5COC(Cn6cncn6)(c6ccc(Cl)cc6Cl)O5)cc4)CC3)cc2)c1=O,0,0,1,0
Ivabradine,"II.b
                
II - Pulmonary edema - Acute lung injury - ARDS

                    II.b - ARDS - Acute lung injury                


                  III.a
                
III - Pulmonary/alveolar./airway hemorrhage/bleeding

                    III.a - Alveolar hemorrhage (AH), diffuse AH (DAH)",132999.0,Both,ivabradine,COc1cc2c(cc1OC)CC(=O)N(CCCN(C)CC1Cc3cc(OC)c(OC)cc31)CC2,0,1,0,0
Ixazomib,"XII.ai
                
XII - Cardiovascular involvement / toxicity

                    XII.ai - Cardiotoxicity",25183872.0,Both,ixazomib,CC(C)CC(NC(=O)CNC(=O)c1cc(Cl)ccc1Cl)B(O)O,0,0,0,0
Ketoprofen,"IV.a
                
IV - Airway involvement

                    IV.a - Bronchospasm - Wheezing - Asthma",3825.0,Both,ketoprofen,CC(C(=O)O)c1cccc(C(=O)c2ccccc2)c1,0,0,0,0
Ketorolac,"III.a
                
III - Pulmonary/alveolar./airway hemorrhage/bleeding

                    III.a - Alveolar hemorrhage (AH), diffuse AH (DAH)                


                  IV.a
                
IV - Airway involvement

                    IV.a - Bronchospasm - Wheezing - Asthma                


                  IV.f
                
IV - Airway involvement

                    IV.f - Severe or catastrophic bronchospasm or asthma attack (can be fatal)                


                  X.f
                
X - Systemic/Distant conditions, syndromes and reactions

                    X.f - Anaphylaxis-Anaphylactoid reaction (can be fatal)                


                  XI.b
                
XI - Miscellaneous

                    XI.b - Chest pain (acute or subacute), lone or prominent",3826.0,Both,ketorolac,O=C(c1ccccc1)c1ccc2n1CCC2C(=O)O,0,0,0,0
Labetalol,"I.b
                
I - Interstitial/parenchymal lung disease

                    I.b - Pneumonitis (ILD)                


                  I.g
                
I - Interstitial/parenchymal lung disease

                    I.g - Pulmonary fibrosis                


                  X.d
                
X - Systemic/Distant conditions, syndromes and reactions

                    X.d - Lupus - Lupus syndrome (see also Vd)",3869.0,Both,labetalol,CC(CCc1ccccc1)NCC(O)c1ccc(O)c(C(N)=O)c1,1,0,0,0
Lacosamide,"XII.l
                
XII - Cardiovascular involvement / toxicity

                    XII.l - Cardiac arrhythmias or dysrhythmias (AF, VT, VF, TdP)",219078.0,Both,lacosamide,COCC(NC(C)=O)C(=O)NCc1ccccc1,0,0,0,0
Lamotrigine,"I.a
                
I - Interstitial/parenchymal lung disease

                    I.a - Pneumonitis (ILD), acute and/or severe (may cause ARDS)                


                  I.b
                
I - Interstitial/parenchymal lung disease

                    I.b - Pneumonitis (ILD)                


                  I.d
                
I - Interstitial/parenchymal lung disease

                    I.d - Organizing pneumonia pattern (an area or areas of consolidation on imaging)                


                  I.m
                
I - Interstitial/parenchymal lung disease

                    I.m - ILD with a granulomatous component                


                  II.b
                
II - Pulmonary edema - Acute lung injury - ARDS

                    II.b - ARDS - Acute lung injury                


                  IV.ag
                
IV - Airway involvement

                    IV.ag - Bronchocentric granulomatosis                


                  X.a
                
X - Systemic/Distant conditions, syndromes and reactions

                    X.a - DRES syndrome - DRESS-like reaction                


                  X.d
                
X - Systemic/Distant conditions, syndromes and reactions

                    X.d - Lupus - Lupus syndrome (see also Vd)                


                  X.az
                
X - Systemic/Distant conditions, syndromes and reactions

                    X.az - Hemophagocytic syndrome                


                  XII.d
                
XII - Cardiovascular involvement / toxicity

                    XII.d - Myocarditis (can be fulminant)                


                  XII.h
                
XII - Cardiovascular involvement / toxicity

                    XII.h - Eosinophilic myocarditis                


                  XII.s
                
XII - Cardiovascular involvement / toxicity

                    XII.s - Heart block (bundle branch- or AV-)                


                  XV.cc
                
XV - Pathology

                    XV.cc - Path: Eosinophilic myocarditis                


                  XV.cu
                
XV - Pathology

                    XV.cu - Path: Bronchocentric granulomatosis                


                  XXIV.g
                
XXIV - Veterinary medicine

                    XXIV.g - Veterinary: Cardiac arrhythmias",3878.0,Both,lamotrigine,Nc1nnc(-c2cccc(Cl)c2Cl)c(N)n1,1,1,0,0
Landiolol,"IV.a
                
IV - Airway involvement

                    IV.a - Bronchospasm - Wheezing - Asthma",114905.0,Pneumotox_only,landiolol,CC1(C)OCC(COC(=O)CCc2ccc(OCC(O)CNCCNC(=O)N3CCOCC3)cc2)O1,0,0,0,0
Laninamivir,"I.b
                
I - Interstitial/parenchymal lung disease

                    I.b - Pneumonitis (ILD)                


                  I.c
                
I - Interstitial/parenchymal lung disease

                    I.c - Eosinophilic pneumonia (pulmonary infiltrates and eosinophilia)                


                  XIX.c
                
XIX - Cytological, biochemical features of/in BAL, pleural fluid or FNA

                    XIX.c - BAL: An excess proportion of eosinophils",502272.0,Pneumotox_only,laninamivir,COC(C(O)CO)C1OC(C(=O)O)=CC(N=C(N)N)C1NC(C)=O,1,0,1,0
Lapatinib,"I.b
                
I - Interstitial/parenchymal lung disease

                    I.b - Pneumonitis (ILD)                


                  VI.a
                
VI - Pulmonary vasculopathies

                    VI.a - Pulmonary embolism - Venous thrombosis/thromboembolism                


                  VI.b
                
VI - Pulmonary vasculopathies

                    VI.b - Pulmonary arterial hypertension",208908.0,Both,lapatinib,CS(=O)(=O)CCNCc1ccc(-c2ccc3ncnc(Nc4ccc(OCc5cccc(F)c5)c(Cl)c4)c3c2)o1,1,0,0,1
Latanoprost,"IV.a
                
IV - Airway involvement

                    IV.a - Bronchospasm - Wheezing - Asthma                


                  IV.d
                
IV - Airway involvement

                    IV.d - Cough (lone)",5311221.0,Both,latanoprost,CC(C)OC(=O)CCCC=CCC1C(O)CC(O)C1CCC(O)CCc1ccccc1,0,0,0,0
Ledipasvir,"I.b
                
I - Interstitial/parenchymal lung disease

                    I.b - Pneumonitis (ILD)                


                  XVII.f
                
XVII - Infections & related conditions

                    XVII.f - Tuberculosis, miliary",67505836.0,Pneumotox_only,ledipasvir,COC(=O)NC(C(=O)N1CC2(CC2)CC1c1nc(-c2ccc3c(c2)C(F)(F)c2cc(-c4ccc5[nH]c(C6C7CCC(C7)N6C(=O)C(NC(=O)OC)C(C)C)nc5c4)ccc2-3)c[nH]1)C(C)C,1,0,0,0
Leflunomide,"I.a
                
I - Interstitial/parenchymal lung disease

                    I.a - Pneumonitis (ILD), acute and/or severe (may cause ARDS)                


                  I.b
                
I - Interstitial/parenchymal lung disease

                    I.b - Pneumonitis (ILD)                


                  I.c
                
I - Interstitial/parenchymal lung disease

                    I.c - Eosinophilic pneumonia (pulmonary infiltrates and eosinophilia)                


                  I.d
                
I - Interstitial/parenchymal lung disease

                    I.d - Organizing pneumonia pattern (an area or areas of consolidation on imaging)                


                  I.l
                
I - Interstitial/parenchymal lung disease

                    I.l - Diffuse alveolar damage (DAD) (see alsoo under IIb and XVf)                


                  I.n
                
I - Interstitial/parenchymal lung disease

                    I.n - Pulmonary alveolar proteinosis (PAP)                


                  I.q
                
I - Interstitial/parenchymal lung disease

                    I.q - Pulmonary nodulosis                


                  I.y
                
I - Interstitial/parenchymal lung disease

                    I.y - Progression, acceleration or exacerbation of preexisting ILD/fibrosis                


                  I.z
                
I - Interstitial/parenchymal lung disease

                    I.z - An area or areas of consolidation                


                  IV.d
                
IV - Airway involvement

                    IV.d - Cough (lone)                


                  V.m
                
V - Pleural and/or pericardial involvement

                    V.m - Pleuropericarditis - Pleuropericardial effusion (ANA unknown or negative)                


                  VI.b
                
VI - Pulmonary vasculopathies

                    VI.b - Pulmonary arterial hypertension                


                  X.a
                
X - Systemic/Distant conditions, syndromes and reactions

                    X.a - DRES syndrome - DRESS-like reaction                


                  X.d
                
X - Systemic/Distant conditions, syndromes and reactions

                    X.d - Lupus - Lupus syndrome (see also Vd)                


                  XV.a
                
XV - Pathology

                    XV.a - Path: NSIP-cellular pattern (see also Ia, Ib)                


                  XV.c
                
XV - Pathology

                    XV.c - Path: Organizing pneumonia (OP/BOOP) pattern (see also Id)                


                  XV.f
                
XV - Pathology

                    XV.f - Path: Diffuse alveolar damage (DAD-pattern) (see also IL)                


                  XV.i
                
XV - Pathology

                    XV.i - Path: Pneumocyte atypia (reactive epithelial cells) (a.k.a. the ""Napoleon Hat"" sign)                


                  XVII.g
                
XVII - Infections & related conditions

                    XVII.g - Tuberculosis (pulmonary, pulmonary, extrapulmonary or disseminated). Reactivation or de novo                


                  XIX.a
                
XIX - Cytological, biochemical features of/in BAL, pleural fluid or FNA

                    XIX.a - BAL: An excess proportion of lymphocytes",3899.0,Both,leflunomide,Cc1oncc1C(=O)Nc1ccc(C(F)(F)F)cc1,1,0,1,1
Lemborexant,"I.b
                
I - Interstitial/parenchymal lung disease

                    I.b - Pneumonitis (ILD)",56944144.0,Both,lemborexant,Cc1ncc(OCC2(c3cccc(F)c3)CC2C(=O)Nc2ccc(F)cn2)c(C)n1,1,0,0,0
Lenalidomide,"I.a
                
I - Interstitial/parenchymal lung disease

                    I.a - Pneumonitis (ILD), acute and/or severe (may cause ARDS)                


                  I.b
                
I - Interstitial/parenchymal lung disease

                    I.b - Pneumonitis (ILD)                


                  I.c
                
I - Interstitial/parenchymal lung disease

                    I.c - Eosinophilic pneumonia (pulmonary infiltrates and eosinophilia)                


                  I.d
                
I - Interstitial/parenchymal lung disease

                    I.d - Organizing pneumonia pattern (an area or areas of consolidation on imaging)                


                  I.h
                
I - Interstitial/parenchymal lung disease

                    I.h - Subclinical pulmonary infiltrates/ILD                


                  II.b
                
II - Pulmonary edema - Acute lung injury - ARDS

                    II.b - ARDS - Acute lung injury                


                  III.a
                
III - Pulmonary/alveolar./airway hemorrhage/bleeding

                    III.a - Alveolar hemorrhage (AH), diffuse AH (DAH)                


                  IV.d
                
IV - Airway involvement

                    IV.d - Cough (lone)                


                  VI.a
                
VI - Pulmonary vasculopathies

                    VI.a - Pulmonary embolism - Venous thrombosis/thromboembolism                


                  X.a
                
X - Systemic/Distant conditions, syndromes and reactions

                    X.a - DRES syndrome - DRESS-like reaction                


                  X.n
                
X - Systemic/Distant conditions, syndromes and reactions

                    X.n - Tumor lysis syndrome (TLS)                


                  XII.d
                
XII - Cardiovascular involvement / toxicity

                    XII.d - Myocarditis (can be fulminant)                


                  XV.a
                
XV - Pathology

                    XV.a - Path: NSIP-cellular pattern (see also Ia, Ib)                


                  XV.b
                
XV - Pathology

                    XV.b - Path: Eosinophilic pneumonia (subacute or acute)  (see also Ic)                


                  XV.c
                
XV - Pathology

                    XV.c - Path: Organizing pneumonia (OP/BOOP) pattern (see also Id)                


                  XVII.j
                
XVII - Infections & related conditions

                    XVII.j - Mucormycosis (pulmonary, tracheobronchial or systemic)                


                  XIX.a
                
XIX - Cytological, biochemical features of/in BAL, pleural fluid or FNA

                    XIX.a - BAL: An excess proportion of lymphocytes                


                  XIX.b
                
XIX - Cytological, biochemical features of/in BAL, pleural fluid or FNA

                    XIX.b - BAL: An excess proportion of neutrophils",216326.0,Both,lenalidomide,Nc1cccc2c1CN(C1CCC(=O)NC1=O)C2=O,1,1,1,1
Lenvatinib,"I.b
                
I - Interstitial/parenchymal lung disease

                    I.b - Pneumonitis (ILD)                


                  V.f
                
V - Pleural and/or pericardial involvement

                    V.f - Pneumothorax                


                  VI.a
                
VI - Pulmonary vasculopathies

                    VI.a - Pulmonary embolism - Venous thrombosis/thromboembolism                


                  XVI.ab
                
XVI - Imaging

                    XVI.ab - Imaging: Cavitating/cavitary lung nodule, mass or nodules (see also Iq, XIs, XIIi, XVIaa and XVIIp)",9823820.0,Both,lenvatinib,COc1cc2nccc(Oc3ccc(NC(=O)NC4CC4)c(Cl)c3)c2cc1C(N)=O,1,0,1,1
Letrozole,"I.b
                
I - Interstitial/parenchymal lung disease

                    I.b - Pneumonitis (ILD)                


                  I.d
                
I - Interstitial/parenchymal lung disease

                    I.d - Organizing pneumonia pattern (an area or areas of consolidation on imaging)",3902.0,Both,letrozole,N#Cc1ccc(C(c2ccc(C#N)cc2)n2cncn2)cc1,1,0,0,0
Levetiracetam,"I.b
                
I - Interstitial/parenchymal lung disease

                    I.b - Pneumonitis (ILD)                


                  I.c
                
I - Interstitial/parenchymal lung disease

                    I.c - Eosinophilic pneumonia (pulmonary infiltrates and eosinophilia)                


                  X.a
                
X - Systemic/Distant conditions, syndromes and reactions

                    X.a - DRES syndrome - DRESS-like reaction                


                  X.f
                
X - Systemic/Distant conditions, syndromes and reactions

                    X.f - Anaphylaxis-Anaphylactoid reaction (can be fatal)",5284583.0,Both,levetiracetam,CCC(C(N)=O)N1CCCC1=O,1,0,0,0
Levomepromazine,"VIII.c
                
VIII - Central-large-upper airway (incl. pharyngeal-nasal) involvement

                    VIII.c - Upper airway obstruction other than angioedema or hematoma",72287.0,Pneumotox_only,levomepromazine,COc1ccc2c(c1)N(CC(C)CN(C)C)c1ccccc1S2,0,0,0,0
Levonorgestrel,"III.a
                
III - Pulmonary/alveolar./airway hemorrhage/bleeding

                    III.a - Alveolar hemorrhage (AH), diffuse AH (DAH)",13109.0,Both,levonorgestrel,C#CC1(O)CCC2C3CC=C4CC(=O)CCC4C3CCC21CC,0,0,0,0
Linagliptin,"IV.d
                
IV - Airway involvement

                    IV.d - Cough (lone)",10096344.0,Both,linagliptin,CC#CCn1c(N2CCCC(N)C2)nc2c1c(=O)n(Cc1nc(C)c3ccccc3n1)c(=O)n2C,0,0,0,0
Linezolid,"XI.d
                
XI - Miscellaneous

                    XI.d - Metabolic acidosis (incl. lactic acidosis/-gap). May cause hyperpnea/dyspnea",441401.0,Both,linezolid,CC(=O)NCC1CN(c2ccc(N3CCOCC3)c(F)c2)C(=O)O1,0,0,0,0
Lisinopril,"IV.d
                
IV - Airway involvement

                    IV.d - Cough (lone)                


                  V.b
                
V - Pleural and/or pericardial involvement

                    V.b - Eosinophilic pleural effusion                


                  VIII.a
                
VIII - Central-large-upper airway (incl. pharyngeal-nasal) involvement

                    VIII.a - Angioedema (may cause UAO, asphyxia and death)                


                  VIII.e
                
VIII - Central-large-upper airway (incl. pharyngeal-nasal) involvement

                    VIII.e - Laryngospasm (a.k.a. laryngismus)                


                  VIII.q
                
VIII - Central-large-upper airway (incl. pharyngeal-nasal) involvement

                    VIII.q - Tongue involvement (edema, glossitis, hematoma)                


                  X.d
                
X - Systemic/Distant conditions, syndromes and reactions

                    X.d - Lupus - Lupus syndrome (see also Vd)                


                  X.au
                
X - Systemic/Distant conditions, syndromes and reactions

                    X.au - Visceral angioedema (can cause relapsing abdominal pain)",5362119.0,Both,lisinopril,NCCCCC(NC(CCc1ccccc1)C(=O)O)C(=O)N1CCCC1C(=O)O,0,0,1,0
Lisuride,"I.b
                
I - Interstitial/parenchymal lung disease

                    I.b - Pneumonitis (ILD)                


                  V.c
                
V - Pleural and/or pericardial involvement

                    V.c - Pleural thickening - Fibrothorax                


                  XII.b
                
XII - Cardiovascular involvement / toxicity

                    XII.b - Valvular heart disease and/or dysfunction                


                  XII.af
                
XII - Cardiovascular involvement / toxicity

                    XII.af - Coronary vasospasm - Vasospastic angina",28864.0,Both,lisuride,CCN(CC)C(=O)NC1C=C2c3cccc4[nH]cc(c34)CC2N(C)C1,1,0,1,0
Loperamide,"II.a
                
II - Pulmonary edema - Acute lung injury - ARDS

                    II.a - Pulmonary edema, noncardiogenic (NCPE)                


                  IX.d
                
IX - Neuromuscular / CNS involvement - Disordered breathing (during sleep)

                    IX.d - Respiratory failure from ventilatory depression (due to neuromuscular blockade/paralysis)                


                  X.f
                
X - Systemic/Distant conditions, syndromes and reactions

                    X.f - Anaphylaxis-Anaphylactoid reaction (can be fatal)                


                  XI.r
                
XI - Miscellaneous

                    XI.r - Death following exposure or poisoning                


                  XII.e
                
XII - Cardiovascular involvement / toxicity

                    XII.e - Takotsubo (stress) cardiomyopathy                


                  XII.l
                
XII - Cardiovascular involvement / toxicity

                    XII.l - Cardiac arrhythmias or dysrhythmias (AF, VT, VF, TdP)                


                  XII.m
                
XII - Cardiovascular involvement / toxicity

                    XII.m - Cardiac- cardiorespiratory/pulmonary arrest                


                  XII.p
                
XII - Cardiovascular involvement / toxicity

                    XII.p - QTc prolongation                


                  XII.s
                
XII - Cardiovascular involvement / toxicity

                    XII.s - Heart block (bundle branch- or AV-)                


                  XII.t
                
XII - Cardiovascular involvement / toxicity

                    XII.t - Torsades de pointe                


                  XII.ag
                
XII - Cardiovascular involvement / toxicity

                    XII.ag - Bradycardia                


                  XII.ai
                
XII - Cardiovascular involvement / toxicity

                    XII.ai - Cardiotoxicity",3955.0,Both,loperamide,CN(C)C(=O)C(CCN1CCC(O)(c2ccc(Cl)cc2)CC1)(c1ccccc1)c1ccccc1,0,1,0,0
Loratadine,"VIII.a
                
VIII - Central-large-upper airway (incl. pharyngeal-nasal) involvement

                    VIII.a - Angioedema (may cause UAO, asphyxia and death)",3957.0,Both,loratadine,CCOC(=O)N1CCC(=C2c3ccc(Cl)cc3CCc3cccnc32)CC1,0,0,0,0
Lorazepam,"IX.a
                
IX - Neuromuscular / CNS involvement - Disordered breathing (during sleep)

                    IX.a - Diaphragm/inspiratory muscle weakness/paralysis (w/wo ARF)",3958.0,Both,lorazepam,O=C1N=C(c2ccccc2Cl)c2cc(Cl)ccc2NC1O,0,0,0,0
Lorlatinib,"I.a
                
I - Interstitial/parenchymal lung disease

                    I.a - Pneumonitis (ILD), acute and/or severe (may cause ARDS)                


                  I.b
                
I - Interstitial/parenchymal lung disease

                    I.b - Pneumonitis (ILD)                


                  I.ad
                
I - Interstitial/parenchymal lung disease

                    I.ad - Radiation recall pneumonitis                


                  II.b
                
II - Pulmonary edema - Acute lung injury - ARDS

                    II.b - ARDS - Acute lung injury                


                  VI.b
                
VI - Pulmonary vasculopathies

                    VI.b - Pulmonary arterial hypertension                


                  IX.r
                
IX - Neuromuscular / CNS involvement - Disordered breathing (during sleep)

                    IX.r - Myasthenia gravis - Myasthenic-like syndrome",71731823.0,Both,lorlatinib,CC1Oc2cc(cnc2N)-c2c(nn(C)c2C#N)CN(C)C(=O)c2ccc(F)cc21,1,1,0,1
Losartan,"II.a
                
II - Pulmonary edema - Acute lung injury - ARDS

                    II.a - Pulmonary edema, noncardiogenic (NCPE)                


                  IV.a
                
IV - Airway involvement

                    IV.a - Bronchospasm - Wheezing - Asthma                


                  IV.d
                
IV - Airway involvement

                    IV.d - Cough (lone)                


                  VIII.a
                
VIII - Central-large-upper airway (incl. pharyngeal-nasal) involvement

                    VIII.a - Angioedema (may cause UAO, asphyxia and death)                


                  X.f
                
X - Systemic/Distant conditions, syndromes and reactions

                    X.f - Anaphylaxis-Anaphylactoid reaction (can be fatal)",3961.0,Both,losartan,CCCCc1nc(Cl)c(CO)n1Cc1ccc(-c2ccccc2-c2nn[nH]n2)cc1,0,1,0,0
Lovastatin,"X.d
                
X - Systemic/Distant conditions, syndromes and reactions

                    X.d - Lupus - Lupus syndrome (see also Vd)",53232.0,Both,lovastatin,CCC(C)C(=O)OC1CC(C)C=C2C=CC(C)C(CCC3CC(O)CC(=O)O3)C21,0,0,0,0
Loxoprofen,"I.b
                
I - Interstitial/parenchymal lung disease

                    I.b - Pneumonitis (ILD)                


                  I.c
                
I - Interstitial/parenchymal lung disease

                    I.c - Eosinophilic pneumonia (pulmonary infiltrates and eosinophilia)                


                  I.d
                
I - Interstitial/parenchymal lung disease

                    I.d - Organizing pneumonia pattern (an area or areas of consolidation on imaging)                


                  IV.a
                
IV - Airway involvement

                    IV.a - Bronchospasm - Wheezing - Asthma                


                  XII.ay
                
XII - Cardiovascular involvement / toxicity

                    XII.ay - Coronary (artery) vasculitis                


                  XII.bj
                
XII - Cardiovascular involvement / toxicity

                    XII.bj - Eosinophilic coronary (peri)-arteritis                


                  XV.cm
                
XV - Pathology

                    XV.cm - Path: Coronary vasculitis w/wo eosinophilia",3965.0,Pneumotox_only,loxoprofen,CC(C(=O)O)c1ccc(CC2CCCC2=O)cc1,1,0,0,0
Lubiprostone,"XI.bk
                
XI - Miscellaneous

                    XI.bk - Finger clubbing",157920.0,Both,lubiprostone,CCCCC(F)(F)C1(O)CCC2C(CC(=O)C2CCCCCCC(=O)O)O1,0,0,0,0
MT-45,"XI.r
                
XI - Miscellaneous

                    XI.r - Death following exposure or poisoning",431865.0,Pneumotox_only,mt-45,c1ccc(CC(c2ccccc2)N2CCN(C3CCCCC3)CC2)cc1,0,0,0,0
Macitentan,"II.d
                
II - Pulmonary edema - Acute lung injury - ARDS

                    II.d - Pulmonary edema, cardiogenic",16004692.0,Both,macitentan,CCCNS(=O)(=O)Nc1ncnc(OCCOc2ncc(Br)cn2)c1-c1ccc(Br)cc1,0,1,0,0
Malachite green,"XIV.a
                
XIV - Hemoglobinopathies - Abnormal hemoglobin states (acquired)

                    XIV.a - Methemoglobinemia",11294.0,Pneumotox_only,malachite green,CN(C)c1ccc(C(=C2C=CC(=[N+](C)C)C=C2)c2ccccc2)cc1,0,0,0,0
Malathion,"IX.d
                
IX - Neuromuscular / CNS involvement - Disordered breathing (during sleep)

                    IX.d - Respiratory failure from ventilatory depression (due to neuromuscular blockade/paralysis)",4004.0,Pneumotox_only,malathion,CCOC(=O)CC(SP(=S)(OC)OC)C(=O)OCC,0,0,0,0
Manidipine,"I.b
                
I - Interstitial/parenchymal lung disease

                    I.b - Pneumonitis (ILD)",4008.0,Pneumotox_only,manidipine,COC(=O)C1=C(C)N=C(C)C(C(=O)OCCN2CCN(C(c3ccccc3)c3ccccc3)CC2)C1c1cccc([N+](=O)[O-])c1,1,0,0,0
Maprotiline,"I.b
                
I - Interstitial/parenchymal lung disease

                    I.b - Pneumonitis (ILD)                


                  I.c
                
I - Interstitial/parenchymal lung disease

                    I.c - Eosinophilic pneumonia (pulmonary infiltrates and eosinophilia)",4011.0,Both,maprotiline,CNCCCC12CCC(c3ccccc31)c1ccccc12,1,0,0,0
Masitinib,"X.h
                
X - Systemic/Distant conditions, syndromes and reactions

                    X.h - Eosinophilic granulomatosis with polyangiitis (Churg-Strauss)",10074640.0,Pneumotox_only,masitinib,Cc1ccc(NC(=O)c2ccc(CN3CCN(C)CC3)cc2)cc1Nc1nc(-c2cccnc2)cs1,0,0,0,0
Mazindol,"VI.b
                
VI - Pulmonary vasculopathies

                    VI.b - Pulmonary arterial hypertension",4020.0,Pneumotox_only,mazindol,OC1(c2ccc(Cl)cc2)c2ccccc2C2=NCCN21,0,0,0,1
Mecamylamine,"I.d
                
I - Interstitial/parenchymal lung disease

                    I.d - Organizing pneumonia pattern (an area or areas of consolidation on imaging)",4032.0,Both,mecamylamine,CNC1(C)C2CCC(C2)C1(C)C,1,0,0,0
Medroxyprogesterone,"I.w
                
I - Interstitial/parenchymal lung disease

                    I.w - Rapidly progressive ILD/pulmonary fibrosis (Hamman-Rich syndrome)",6279.0,Both,medroxyprogesterone,CC(=O)OC1(C(C)=O)CCC2C3CC(C)=C4CC(=O)CCC4(C)C3CCC21C,1,0,0,0
Mefenamic acid,"I.e
                
I - Interstitial/parenchymal lung disease

                    I.e - Acute eosinophilic pneumonia (AEP)",4044.0,Both,mefenamic acid,Cc1cccc(Nc2ccccc2C(=O)O)c1C,1,0,0,0
Mefloquine,"I.a
                
I - Interstitial/parenchymal lung disease

                    I.a - Pneumonitis (ILD), acute and/or severe (may cause ARDS)                


                  I.b
                
I - Interstitial/parenchymal lung disease

                    I.b - Pneumonitis (ILD)                


                  I.c
                
I - Interstitial/parenchymal lung disease

                    I.c - Eosinophilic pneumonia (pulmonary infiltrates and eosinophilia)                


                  I.e
                
I - Interstitial/parenchymal lung disease

                    I.e - Acute eosinophilic pneumonia (AEP)                


                  I.l
                
I - Interstitial/parenchymal lung disease

                    I.l - Diffuse alveolar damage (DAD) (see alsoo under IIb and XVf)                


                  II.b
                
II - Pulmonary edema - Acute lung injury - ARDS

                    II.b - ARDS - Acute lung injury                


                  XIX.c
                
XIX - Cytological, biochemical features of/in BAL, pleural fluid or FNA

                    XIX.c - BAL: An excess proportion of eosinophils",4046.0,Both,mefloquine,OC(c1cc(C(F)(F)F)nc2c(C(F)(F)F)cccc12)C1CCCCN1,1,1,1,0
Megestrol,"VI.a
                
VI - Pulmonary vasculopathies

                    VI.a - Pulmonary embolism - Venous thrombosis/thromboembolism                


                  IX.f
                
IX - Neuromuscular / CNS involvement - Disordered breathing (during sleep)

                    IX.f - Hiccup",19090.0,Both,megestrol,CC(=O)C1(O)CCC2C3=CC(C)=C4CC(=O)CCC4(C)C3CCC21C,0,0,0,1
Meloxicam,"I.c
                
I - Interstitial/parenchymal lung disease

                    I.c - Eosinophilic pneumonia (pulmonary infiltrates and eosinophilia)                


                  IV.a
                
IV - Airway involvement

                    IV.a - Bronchospasm - Wheezing - Asthma                


                  VIII.a
                
VIII - Central-large-upper airway (incl. pharyngeal-nasal) involvement

                    VIII.a - Angioedema (may cause UAO, asphyxia and death)",54677470.0,Both,meloxicam,Cc1cnc(NC(=O)C2C(=O)c3ccccc3S(=O)(=O)N2C)s1,1,0,0,0
Melphalan,"I.a
                
I - Interstitial/parenchymal lung disease

                    I.a - Pneumonitis (ILD), acute and/or severe (may cause ARDS)                


                  I.g
                
I - Interstitial/parenchymal lung disease

                    I.g - Pulmonary fibrosis                


                  I.v
                
I - Interstitial/parenchymal lung disease

                    I.v - Abnormal lung function/pulmonary physiology (PFTs) without necessarily imaging or clinical evidence                


                  II.b
                
II - Pulmonary edema - Acute lung injury - ARDS

                    II.b - ARDS - Acute lung injury                


                  IV.a
                
IV - Airway involvement

                    IV.a - Bronchospasm - Wheezing - Asthma                


                  X.f
                
X - Systemic/Distant conditions, syndromes and reactions

                    X.f - Anaphylaxis-Anaphylactoid reaction (can be fatal)                


                  XV.c
                
XV - Pathology

                    XV.c - Path: Organizing pneumonia (OP/BOOP) pattern (see also Id)                


                  XV.h
                
XV - Pathology

                    XV.h - Path: NSIP-fibrotic pattern                


                  XV.i
                
XV - Pathology

                    XV.i - Path: Pneumocyte atypia (reactive epithelial cells) (a.k.a. the ""Napoleon Hat"" sign)                


                  XV.j
                
XV - Pathology

                    XV.j - Path: Pulmonary fibrosis (UIP-pattern)",460612.0,Both,melphalan,NC(Cc1ccc(N(CCCl)CCCl)cc1)C(=O)O,1,1,0,0
Meperfluthrin,"II.b
                
II - Pulmonary edema - Acute lung injury - ARDS

                    II.b - ARDS - Acute lung injury                


                  IX.h
                
IX - Neuromuscular / CNS involvement - Disordered breathing (during sleep)

                    IX.h - Dyspnea, unexplained otherwise",56841697.0,Pneumotox_only,meperfluthrin,COCc1c(F)c(F)c(COC(=O)C2C(C=C(Cl)Cl)C2(C)C)c(F)c1F,0,1,0,0
Mephedrone,"XI.a
                
XI - Miscellaneous

                    XI.a - Cyanosis, a low SpO2 and normal measured PaO2                


                  XI.b
                
XI - Miscellaneous

                    XI.b - Chest pain (acute or subacute), lone or prominent                


                  XII.g
                
XII - Cardiovascular involvement / toxicity

                    XII.g - Coronary artery disease (acute) - Myocardial ischemia/infarction                


                  XIV.a
                
XIV - Hemoglobinopathies - Abnormal hemoglobin states (acquired)

                    XIV.a - Methemoglobinemia",45266826.0,Pneumotox_only,mephedrone,CNC(C)C(=O)c1ccc(C)cc1,0,0,0,0
Mephenesin,"I.c
                
I - Interstitial/parenchymal lung disease

                    I.c - Eosinophilic pneumonia (pulmonary infiltrates and eosinophilia)",4059.0,Pneumotox_only,mephenesin,Cc1ccccc1OCC(O)CO,1,0,0,0
Mephenytoin,"VII.a
                
VII - Mediastinal involvement

                    VII.a - Lymphadenopathy (intrathoracic)",4060.0,Both,mephenytoin,CCC1(c2ccccc2)NC(=O)N(C)C1=O,0,0,0,0
Mesulergine,"V.c
                
V - Pleural and/or pericardial involvement

                    V.c - Pleural thickening - Fibrothorax",68848.0,Pneumotox_only,mesulergine,CN1CC(NS(=O)(=O)N(C)C)CC2c3cccc4c3c(cn4C)CC21,0,0,1,0
Metaflumizone,"XIV.a
                
XIV - Hemoglobinopathies - Abnormal hemoglobin states (acquired)

                    XIV.a - Methemoglobinemia",11614934.0,Pneumotox_only,metaflumizone,N#Cc1ccc(CC(=NNC(=O)Nc2ccc(OC(F)(F)F)cc2)c2cccc(C(F)(F)F)c2)cc1,0,0,0,0
Metamizole,"II.a
                
II - Pulmonary edema - Acute lung injury - ARDS

                    II.a - Pulmonary edema, noncardiogenic (NCPE)                


                  IV.a
                
IV - Airway involvement

                    IV.a - Bronchospasm - Wheezing - Asthma                


                  IV.f
                
IV - Airway involvement

                    IV.f - Severe or catastrophic bronchospasm or asthma attack (can be fatal)                


                  X.f
                
X - Systemic/Distant conditions, syndromes and reactions

                    X.f - Anaphylaxis-Anaphylactoid reaction (can be fatal)",3111.0,Pneumotox_only,metamizole,Cc1c(N(C)CS(=O)(=O)O)c(=O)n(-c2ccccc2)n1C,0,1,0,0
Metapramine,"I.c
                
I - Interstitial/parenchymal lung disease

                    I.c - Eosinophilic pneumonia (pulmonary infiltrates and eosinophilia)",65700.0,Pneumotox_only,metapramine,CNC1Cc2ccccc2N(C)c2ccccc21,1,0,0,0
Metaraminol,"II.a
                
II - Pulmonary edema - Acute lung injury - ARDS

                    II.a - Pulmonary edema, noncardiogenic (NCPE)",5906.0,Pneumotox_only,metaraminol,CC(N)C(O)c1cccc(O)c1,0,1,0,0
Metformin,"I.b
                
I - Interstitial/parenchymal lung disease

                    I.b - Pneumonitis (ILD)                


                  I.c
                
I - Interstitial/parenchymal lung disease

                    I.c - Eosinophilic pneumonia (pulmonary infiltrates and eosinophilia)                


                  XI.d
                
XI - Miscellaneous

                    XI.d - Metabolic acidosis (incl. lactic acidosis/-gap). May cause hyperpnea/dyspnea",4091.0,Both,metformin,CN(C)C(N)=NC(=N)N,1,0,0,0
Methadone,"I.t
                
I - Interstitial/parenchymal lung disease

                    I.t - Pneumoconiosis (silicosis, talcosis...)                


                  II.a
                
II - Pulmonary edema - Acute lung injury - ARDS

                    II.a - Pulmonary edema, noncardiogenic (NCPE)                


                  II.b
                
II - Pulmonary edema - Acute lung injury - ARDS

                    II.b - ARDS - Acute lung injury                


                  II.f
                
II - Pulmonary edema - Acute lung injury - ARDS

                    II.f - Hypoxemia, low oxygen saturation (may occur in isolation)                


                  VI.b
                
VI - Pulmonary vasculopathies

                    VI.b - Pulmonary arterial hypertension                


                  VI.g
                
VI - Pulmonary vasculopathies

                    VI.g - Foreign body pulmonary vasculopathy (Excipient lung disease)                


                  IX.c
                
IX - Neuromuscular / CNS involvement - Disordered breathing (during sleep)

                    IX.c - Chest wall muscle rigidity - Stiff/wooden chest                


                  IX.d
                
IX - Neuromuscular / CNS involvement - Disordered breathing (during sleep)

                    IX.d - Respiratory failure from ventilatory depression (due to neuromuscular blockade/paralysis)                


                  IX.e
                
IX - Neuromuscular / CNS involvement - Disordered breathing (during sleep)

                    IX.e - Disordered breathing pattern incl. Cheyne-Stokes respiration                


                  IX.i
                
IX - Neuromuscular / CNS involvement - Disordered breathing (during sleep)

                    IX.i - Respiratory arrest - Apnea                


                  XI.r
                
XI - Miscellaneous

                    XI.r - Death following exposure or poisoning                


                  XII.e
                
XII - Cardiovascular involvement / toxicity

                    XII.e - Takotsubo (stress) cardiomyopathy                


                  XII.f
                
XII - Cardiovascular involvement / toxicity

                    XII.f - Cardiomyopathy (acute, subacute, chronic)                


                  XII.l
                
XII - Cardiovascular involvement / toxicity

                    XII.l - Cardiac arrhythmias or dysrhythmias (AF, VT, VF, TdP)                


                  XII.p
                
XII - Cardiovascular involvement / toxicity

                    XII.p - QTc prolongation                


                  XII.t
                
XII - Cardiovascular involvement / toxicity

                    XII.t - Torsades de pointe                


                  XII.bo
                
XII - Cardiovascular involvement / toxicity

                    XII.bo - Right ventricular dysfunction.failure",4095.0,Both,methadone,CCC(=O)C(CC(C)N(C)C)(c1ccccc1)c1ccccc1,1,1,0,1
Methamphetamine,"I.a
                
I - Interstitial/parenchymal lung disease

                    I.a - Pneumonitis (ILD), acute and/or severe (may cause ARDS)                


                  I.t
                
I - Interstitial/parenchymal lung disease

                    I.t - Pneumoconiosis (silicosis, talcosis...)                


                  II.a
                
II - Pulmonary edema - Acute lung injury - ARDS

                    II.a - Pulmonary edema, noncardiogenic (NCPE)                


                  II.b
                
II - Pulmonary edema - Acute lung injury - ARDS

                    II.b - ARDS - Acute lung injury                


                  III.a
                
III - Pulmonary/alveolar./airway hemorrhage/bleeding

                    III.a - Alveolar hemorrhage (AH), diffuse AH (DAH)                


                  IV.a
                
IV - Airway involvement

                    IV.a - Bronchospasm - Wheezing - Asthma                


                  VI.b
                
VI - Pulmonary vasculopathies

                    VI.b - Pulmonary arterial hypertension                


                  VII.h
                
VII - Mediastinal involvement

                    VII.h - Pneumomediastinum                


                  VIII.ae
                
VIII - Central-large-upper airway (incl. pharyngeal-nasal) involvement

                    VIII.ae - 'Meth mouth'                


                  IX.ae
                
IX - Neuromuscular / CNS involvement - Disordered breathing (during sleep)

                    IX.ae - Stroke                


                  X.m
                
X - Systemic/Distant conditions, syndromes and reactions

                    X.m - Vascultis (pulmonary, extrathoracic or systemic)-ANCA status unknown or negative)                


                  X.u
                
X - Systemic/Distant conditions, syndromes and reactions

                    X.u - Multiple organ dysfunction/failure (MODS/MOF)                


                  XI.b
                
XI - Miscellaneous

                    XI.b - Chest pain (acute or subacute), lone or prominent                


                  XI.r
                
XI - Miscellaneous

                    XI.r - Death following exposure or poisoning                


                  XII.f
                
XII - Cardiovascular involvement / toxicity

                    XII.f - Cardiomyopathy (acute, subacute, chronic)                


                  XII.g
                
XII - Cardiovascular involvement / toxicity

                    XII.g - Coronary artery disease (acute) - Myocardial ischemia/infarction                


                  XII.ba
                
XII - Cardiovascular involvement / toxicity

                    XII.ba - Sudden cardiac death                


                  XII.bx
                
XII - Cardiovascular involvement / toxicity

                    XII.bx - Electrical storm                


                  XV.q
                
XV - Pathology

                    XV.q - Path: Foreign body deposits/granulomatous reaction",10836.0,Both,methamphetamine,CNC(C)Cc1ccccc1,1,1,0,1
Methaqualone,"II.a
                
II - Pulmonary edema - Acute lung injury - ARDS

                    II.a - Pulmonary edema, noncardiogenic (NCPE)                


                  IX.c
                
IX - Neuromuscular / CNS involvement - Disordered breathing (during sleep)

                    IX.c - Chest wall muscle rigidity - Stiff/wooden chest",6292.0,Pneumotox_only,methaqualone,Cc1ccccc1-n1c(C)nc2ccccc2c1=O,0,1,0,0
Methenolone,"I.b
                
I - Interstitial/parenchymal lung disease

                    I.b - Pneumonitis (ILD)",3037705.0,Pneumotox_only,methenolone,CC1=CC(=O)CC2CCC3C4CCC(O)C4(C)CCC3C12C,1,0,0,0
Methimazole,"III.a
                
III - Pulmonary/alveolar./airway hemorrhage/bleeding

                    III.a - Alveolar hemorrhage (AH), diffuse AH (DAH)                


                  III.b
                
III - Pulmonary/alveolar./airway hemorrhage/bleeding

                    III.b - Pneumorenal syndrome (w/wo ANCAs)                


                  III.d
                
III - Pulmonary/alveolar./airway hemorrhage/bleeding

                    III.d - Alveolar hemorrhage, diffuse (ANCA-positive/-related)                


                  IV.a
                
IV - Airway involvement

                    IV.a - Bronchospasm - Wheezing - Asthma                


                  V.b
                
V - Pleural and/or pericardial involvement

                    V.b - Eosinophilic pleural effusion                


                  VI.d
                
VI - Pulmonary vasculopathies

                    VI.d - Pulmonary vasculitis or capillaritis                


                  VIII.c
                
VIII - Central-large-upper airway (incl. pharyngeal-nasal) involvement

                    VIII.c - Upper airway obstruction other than angioedema or hematoma                


                  X.e
                
X - Systemic/Distant conditions, syndromes and reactions

                    X.e - Autoimmunity-Autoimmune conditions (+ANA, +anti-ds-DNA, +ANCAs, other auto-Abs)                


                  X.s
                
X - Systemic/Distant conditions, syndromes and reactions

                    X.s - Vasculitis, pulmonary (w/wo AH), extrapulmonary, systemic: ANCA-positive                


                  X.x
                
X - Systemic/Distant conditions, syndromes and reactions

                    X.x - ANCA positivity. Subclinical or with clinical manifestations                


                  XI.n
                
XI - Miscellaneous

                    XI.n - Neutropenia, agranulocytosis (w/wo infection/sepsis)",1349907.0,Both,methimazole,Cn1cc[nH]c1=S,0,0,1,1
Methohexital,"VIII.e
                
VIII - Central-large-upper airway (incl. pharyngeal-nasal) involvement

                    VIII.e - Laryngospasm (a.k.a. laryngismus)",9034.0,Both,methohexital,C=CCC1(C(C)C#CCC)C(=O)NC(=O)N(C)C1=O,0,0,0,0
Methotrexate,"I.a
                
I - Interstitial/parenchymal lung disease

                    I.a - Pneumonitis (ILD), acute and/or severe (may cause ARDS)                


                  I.b
                
I - Interstitial/parenchymal lung disease

                    I.b - Pneumonitis (ILD)                


                  I.c
                
I - Interstitial/parenchymal lung disease

                    I.c - Eosinophilic pneumonia (pulmonary infiltrates and eosinophilia)                


                  I.d
                
I - Interstitial/parenchymal lung disease

                    I.d - Organizing pneumonia pattern (an area or areas of consolidation on imaging)                


                  I.g
                
I - Interstitial/parenchymal lung disease

                    I.g - Pulmonary fibrosis                


                  I.h
                
I - Interstitial/parenchymal lung disease

                    I.h - Subclinical pulmonary infiltrates/ILD                


                  I.k
                
I - Interstitial/parenchymal lung disease

                    I.k - Lung nodule or nodules                


                  I.l
                
I - Interstitial/parenchymal lung disease

                    I.l - Diffuse alveolar damage (DAD) (see alsoo under IIb and XVf)                


                  I.m
                
I - Interstitial/parenchymal lung disease

                    I.m - ILD with a granulomatous component                


                  I.q
                
I - Interstitial/parenchymal lung disease

                    I.q - Pulmonary nodulosis                


                  I.v
                
I - Interstitial/parenchymal lung disease

                    I.v - Abnormal lung function/pulmonary physiology (PFTs) without necessarily imaging or clinical evidence                


                  I.w
                
I - Interstitial/parenchymal lung disease

                    I.w - Rapidly progressive ILD/pulmonary fibrosis (Hamman-Rich syndrome)                


                  I.aa
                
I - Interstitial/parenchymal lung disease

                    I.aa - Delayed ILD, -pneumonitis, -fibrosis                


                  II.a
                
II - Pulmonary edema - Acute lung injury - ARDS

                    II.a - Pulmonary edema, noncardiogenic (NCPE)                


                  II.b
                
II - Pulmonary edema - Acute lung injury - ARDS

                    II.b - ARDS - Acute lung injury                


                  III.a
                
III - Pulmonary/alveolar./airway hemorrhage/bleeding

                    III.a - Alveolar hemorrhage (AH), diffuse AH (DAH)                


                  IV.a
                
IV - Airway involvement

                    IV.a - Bronchospasm - Wheezing - Asthma                


                  IV.d
                
IV - Airway involvement

                    IV.d - Cough (lone)                


                  V.a
                
V - Pleural and/or pericardial involvement

                    V.a - Pleural effusion (uni- or bilateral) (can accompany DI-LDs)                


                  V.b
                
V - Pleural and/or pericardial involvement

                    V.b - Eosinophilic pleural effusion                


                  V.e
                
V - Pleural and/or pericardial involvement

                    V.e - Hemothorax - Serosanguineous pleural effusion                


                  V.i
                
V - Pleural and/or pericardial involvement

                    V.i - Pleuritis (can cause chest pain)                


                  V.n
                
V - Pleural and/or pericardial involvement

                    V.n - Hemopericardium - Bloody pericardial effusion                


                  V.s
                
V - Pleural and/or pericardial involvement

                    V.s - Serositis - Polyserositis                


                  VI.a
                
VI - Pulmonary vasculopathies

                    VI.a - Pulmonary embolism - Venous thrombosis/thromboembolism                


                  VII.a
                
VII - Mediastinal involvement

                    VII.a - Lymphadenopathy (intrathoracic)                


                  VIII.a
                
VIII - Central-large-upper airway (incl. pharyngeal-nasal) involvement

                    VIII.a - Angioedema (may cause UAO, asphyxia and death)                


                  VIII.aj
                
VIII - Central-large-upper airway (incl. pharyngeal-nasal) involvement

                    VIII.aj - Endobronchial lymphoproliferative disorder                


                  X.a
                
X - Systemic/Distant conditions, syndromes and reactions

                    X.a - DRES syndrome - DRESS-like reaction                


                  X.f
                
X - Systemic/Distant conditions, syndromes and reactions

                    X.f - Anaphylaxis-Anaphylactoid reaction (can be fatal)                


                  X.k
                
X - Systemic/Distant conditions, syndromes and reactions

                    X.k - Sarcoid-like granulomatosis (endo-/extrathoracic)                


                  X.u
                
X - Systemic/Distant conditions, syndromes and reactions

                    X.u - Multiple organ dysfunction/failure (MODS/MOF)                


                  XI.b
                
XI - Miscellaneous

                    XI.b - Chest pain (acute or subacute), lone or prominent                


                  XI.c
                
XI - Miscellaneous

                    XI.c - Pleuritic chest pain                


                  XII.c
                
XII - Cardiovascular involvement / toxicity

                    XII.c - Pericardial effusion (w/wo tamponade)                


                  XIII.b
                
XIII - Neoplastic conditions

                    XIII.b - Lymphoproliferative disease (pulmonary, endobronchial, endothoracic)                


                  XIII.g
                
XIII - Neoplastic conditions

                    XIII.g - Lymphomatoid granulomatosis (pulmonary, endothoracic)                


                  XIII.k
                
XIII - Neoplastic conditions

                    XIII.k - Lymphoproliferative disease (extrathoracic)                


                  XV.a
                
XV - Pathology

                    XV.a - Path: NSIP-cellular pattern (see also Ia, Ib)                


                  XV.c
                
XV - Pathology

                    XV.c - Path: Organizing pneumonia (OP/BOOP) pattern (see also Id)                


                  XV.e
                
XV - Pathology

                    XV.e - Path: ILD with a granulomatous component (see also Im)                


                  XV.f
                
XV - Pathology

                    XV.f - Path: Diffuse alveolar damage (DAD-pattern) (see also IL)                


                  XV.h
                
XV - Pathology

                    XV.h - Path: NSIP-fibrotic pattern                


                  XV.i
                
XV - Pathology

                    XV.i - Path: Pneumocyte atypia (reactive epithelial cells) (a.k.a. the ""Napoleon Hat"" sign)                


                  XV.w
                
XV - Pathology

                    XV.w - Path: Pulmonary edema (see also II/IIa)                


                  XV.bq
                
XV - Pathology

                    XV.bq - Path: Lymphoproliferative disease, endothoracic                


                  XVI.b
                
XVI - Imaging

                    XVI.b - Imaging: Ground-glass opacities (GGO) / shadowing                


                  XVI.k
                
XVI - Imaging

                    XVI.k - Imaging: An area or areas of consolidation                


                  XVI.w
                
XVI - Imaging

                    XVI.w - Imaging: Lung nodule or nodules                


                  XVI.bc
                
XVI - Imaging

                    XVI.bc - Imaging: Intrathoracic lymph node enlargement                


                  XVII.b
                
XVII - Infections & related conditions

                    XVII.b - Opportunistic pulmonary/systemic infections                


                  XVII.d
                
XVII - Infections & related conditions

                    XVII.d - Pneumocystis jiroveci pulmonary colonization                


                  XVII.e
                
XVII - Infections & related conditions

                    XVII.e - Pneumocystis jiroveci pneumonia                


                  XVII.h
                
XVII - Infections & related conditions

                    XVII.h - Nontuberculous pulmonary mycobacterial infection/superinfection                


                  XVII.q
                
XVII - Infections & related conditions

                    XVII.q - Viral pneumonia                


                  XIX.a
                
XIX - Cytological, biochemical features of/in BAL, pleural fluid or FNA

                    XIX.a - BAL: An excess proportion of lymphocytes                


                  XIX.b
                
XIX - Cytological, biochemical features of/in BAL, pleural fluid or FNA

                    XIX.b - BAL: An excess proportion of neutrophils                


                  XIX.c
                
XIX - Cytological, biochemical features of/in BAL, pleural fluid or FNA

                    XIX.c - BAL: An excess proportion of eosinophils",126941.0,Both,methotrexate,CN(Cc1cnc2nc(N)nc(N)c2n1)c1ccc(C(=O)NC(CCC(=O)O)C(=O)O)cc1,1,1,1,1
Methoxetamine,"XI.r
                
XI - Miscellaneous

                    XI.r - Death following exposure or poisoning",52911279.0,Pneumotox_only,methoxetamine,CCNC1(c2cccc(OC)c2)CCCCC1=O,0,0,0,0
Methyl bromide,"II.q
                
II - Pulmonary edema - Acute lung injury - ARDS

                    II.q - Respiratory distress or failure, not otherwise specified                


                  IV.a
                
IV - Airway involvement

                    IV.a - Bronchospasm - Wheezing - Asthma",6323.0,Pneumotox_only,methyl bromide,CBr,0,1,0,0
Methyl chloride,"XIV.c
                
XIV - Hemoglobinopathies - Abnormal hemoglobin states (acquired)

                    XIV.c - Carboxyhemoglobinemia",6327.0,Pneumotox_only,methyl chloride,CCl,0,0,0,0
Methyldopa,"V.d
                
V - Pleural and/or pericardial involvement

                    V.d - Pleural/pericardial effusion, ANA positive (DI lupus)                


                  VII.b
                
VII - Mediastinal involvement

                    VII.b - Lymphadenopathy with reactive changes                


                  X.d
                
X - Systemic/Distant conditions, syndromes and reactions

                    X.d - Lupus - Lupus syndrome (see also Vd)                


                  X.m
                
X - Systemic/Distant conditions, syndromes and reactions

                    X.m - Vascultis (pulmonary, extrathoracic or systemic)-ANCA status unknown or negative)                


                  X.y
                
X - Systemic/Distant conditions, syndromes and reactions

                    X.y - Subclinical ANA positivity                


                  XI.c
                
XI - Miscellaneous

                    XI.c - Pleuritic chest pain                


                  XII.d
                
XII - Cardiovascular involvement / toxicity

                    XII.d - Myocarditis (can be fulminant)                


                  XIII.b
                
XIII - Neoplastic conditions

                    XIII.b - Lymphoproliferative disease (pulmonary, endobronchial, endothoracic)",38853.0,Both,methyldopa,CC(N)(Cc1ccc(O)c(O)c1)C(=O)O,0,0,1,0
Methylene chloride,"II.a
                
II - Pulmonary edema - Acute lung injury - ARDS

                    II.a - Pulmonary edema, noncardiogenic (NCPE)                


                  XIV.c
                
XIV - Hemoglobinopathies - Abnormal hemoglobin states (acquired)

                    XIV.c - Carboxyhemoglobinemia",6344.0,Pneumotox_only,methylene chloride,ClCCl,0,1,0,0
Methylenedioxymethamphetamine,"II.a
                
II - Pulmonary edema - Acute lung injury - ARDS

                    II.a - Pulmonary edema, noncardiogenic (NCPE)                


                  II.b
                
II - Pulmonary edema - Acute lung injury - ARDS

                    II.b - ARDS - Acute lung injury                


                  X.u
                
X - Systemic/Distant conditions, syndromes and reactions

                    X.u - Multiple organ dysfunction/failure (MODS/MOF)",1615.0,Pneumotox_only,methylenedioxymethamphetamine,CNC(C)Cc1ccc2c(c1)OCO2,0,1,0,0
Methylglyoxal,"VI.b
                
VI - Pulmonary vasculopathies

                    VI.b - Pulmonary arterial hypertension",880.0,Pneumotox_only,methylglyoxal,CC(=O)C=O,0,0,0,1
Methylone,"XI.r
                
XI - Miscellaneous

                    XI.r - Death following exposure or poisoning                


                  XII.f
                
XII - Cardiovascular involvement / toxicity

                    XII.f - Cardiomyopathy (acute, subacute, chronic)                


                  XV.bs
                
XV - Pathology

                    XV.bs - Path: Striated heart muscle damage",45789647.0,Pneumotox_only,methylone,CNC(C)C(=O)c1ccc2c(c1)OCO2,0,0,0,0
Methylprednisolone,"IV.a
                
IV - Airway involvement

                    IV.a - Bronchospasm - Wheezing - Asthma                


                  IV.f
                
IV - Airway involvement

                    IV.f - Severe or catastrophic bronchospasm or asthma attack (can be fatal)                


                  VIII.a
                
VIII - Central-large-upper airway (incl. pharyngeal-nasal) involvement

                    VIII.a - Angioedema (may cause UAO, asphyxia and death)                


                  X.f
                
X - Systemic/Distant conditions, syndromes and reactions

                    X.f - Anaphylaxis-Anaphylactoid reaction (can be fatal)                


                  XII.m
                
XII - Cardiovascular involvement / toxicity

                    XII.m - Cardiac- cardiorespiratory/pulmonary arrest",6741.0,Both,methylprednisolone,CC1=C2CC(=O)C=CC2(C)C2C(O)CC3(C)C(CCC3(O)C(=O)CO)C2C1,0,0,0,0
Metipranolol,"II.a
                
II - Pulmonary edema - Acute lung injury - ARDS

                    II.a - Pulmonary edema, noncardiogenic (NCPE)                


                  IV.a
                
IV - Airway involvement

                    IV.a - Bronchospasm - Wheezing - Asthma",31477.0,Both,metipranolol,CC(=O)Oc1c(C)cc(OCC(O)CNC(C)C)c(C)c1C,0,1,0,0
Metoclopramide,"IV.a
                
IV - Airway involvement

                    IV.a - Bronchospasm - Wheezing - Asthma                


                  IV.f
                
IV - Airway involvement

                    IV.f - Severe or catastrophic bronchospasm or asthma attack (can be fatal)                


                  IX.b
                
IX - Neuromuscular / CNS involvement - Disordered breathing (during sleep)

                    IX.b - Respiratory dyskinesia                


                  XIV.a
                
XIV - Hemoglobinopathies - Abnormal hemoglobin states (acquired)

                    XIV.a - Methemoglobinemia                


                  XIV.b
                
XIV - Hemoglobinopathies - Abnormal hemoglobin states (acquired)

                    XIV.b - Sulfhemoglobinemia",4168.0,Both,metoclopramide,CCN(CC)CCNC(=O)c1cc(Cl)c(N)cc1OC,0,0,0,0
Metoprolol,"II.f
                
II - Pulmonary edema - Acute lung injury - ARDS

                    II.f - Hypoxemia, low oxygen saturation (may occur in isolation)                


                  IV.a
                
IV - Airway involvement

                    IV.a - Bronchospasm - Wheezing - Asthma                


                  IV.f
                
IV - Airway involvement

                    IV.f - Severe or catastrophic bronchospasm or asthma attack (can be fatal)                


                  IV.o
                
IV - Airway involvement

                    IV.o - Airway hyperresponsiveness                


                  VIII.a
                
VIII - Central-large-upper airway (incl. pharyngeal-nasal) involvement

                    VIII.a - Angioedema (may cause UAO, asphyxia and death)                


                  X.d
                
X - Systemic/Distant conditions, syndromes and reactions

                    X.d - Lupus - Lupus syndrome (see also Vd)                


                  XII.a
                
XII - Cardiovascular involvement / toxicity

                    XII.a - Left or biventricular dysfunction/failure                


                  XII.m
                
XII - Cardiovascular involvement / toxicity

                    XII.m - Cardiac- cardiorespiratory/pulmonary arrest                


                  XII.n
                
XII - Cardiovascular involvement / toxicity

                    XII.n - Cardiovascular collapse - Cardiogenic shock - Hypotension",4171.0,Both,metoprolol,COCCc1ccc(OCC(O)CNC(C)C)cc1,0,1,0,0
Metronidazole,"I.c
                
I - Interstitial/parenchymal lung disease

                    I.c - Eosinophilic pneumonia (pulmonary infiltrates and eosinophilia)                


                  III.a
                
III - Pulmonary/alveolar./airway hemorrhage/bleeding

                    III.a - Alveolar hemorrhage (AH), diffuse AH (DAH)",4173.0,Both,metronidazole,Cc1ncc([N+](=O)[O-])n1CCO,1,0,0,0
Metyrapone,"I.y
                
I - Interstitial/parenchymal lung disease

                    I.y - Progression, acceleration or exacerbation of preexisting ILD/fibrosis",4174.0,Both,metyrapone,CC(C)(C(=O)c1cccnc1)c1cccnc1,1,0,0,0
Mexiletine,"I.c
                
I - Interstitial/parenchymal lung disease

                    I.c - Eosinophilic pneumonia (pulmonary infiltrates and eosinophilia)                


                  I.g
                
I - Interstitial/parenchymal lung disease

                    I.g - Pulmonary fibrosis                


                  X.a
                
X - Systemic/Distant conditions, syndromes and reactions

                    X.a - DRES syndrome - DRESS-like reaction",4178.0,Both,mexiletine,Cc1cccc(C)c1OCC(C)N,1,0,0,0
Mianserin,"I.b
                
I - Interstitial/parenchymal lung disease

                    I.b - Pneumonitis (ILD)                


                  I.c
                
I - Interstitial/parenchymal lung disease

                    I.c - Eosinophilic pneumonia (pulmonary infiltrates and eosinophilia)                


                  I.g
                
I - Interstitial/parenchymal lung disease

                    I.g - Pulmonary fibrosis",4184.0,Both,mianserin,CN1CCN2c3ccccc3Cc3ccccc3C2C1,1,0,0,0
Miconazole,"X.f
                
X - Systemic/Distant conditions, syndromes and reactions

                    X.f - Anaphylaxis-Anaphylactoid reaction (can be fatal)",4189.0,Both,miconazole,Clc1ccc(COC(Cn2ccnc2)c2ccc(Cl)cc2Cl)c(Cl)c1,0,0,0,0
Midazolam,"IV.a
                
IV - Airway involvement

                    IV.a - Bronchospasm - Wheezing - Asthma                


                  VIII.z
                
VIII - Central-large-upper airway (incl. pharyngeal-nasal) involvement

                    VIII.z - An increased bite force                


                  IX.f
                
IX - Neuromuscular / CNS involvement - Disordered breathing (during sleep)

                    IX.f - Hiccup                


                  IX.g
                
IX - Neuromuscular / CNS involvement - Disordered breathing (during sleep)

                    IX.g - Hyperpnea - Hyperventilation - Low PaCO2                


                  X.f
                
X - Systemic/Distant conditions, syndromes and reactions

                    X.f - Anaphylaxis-Anaphylactoid reaction (can be fatal)                


                  XII.m
                
XII - Cardiovascular involvement / toxicity

                    XII.m - Cardiac- cardiorespiratory/pulmonary arrest",4192.0,Both,midazolam,Cc1ncc2n1-c1ccc(Cl)cc1C(c1ccccc1F)=NC2,0,0,0,0
Midostaurin,"I.b
                
I - Interstitial/parenchymal lung disease

                    I.b - Pneumonitis (ILD)                


                  II.a
                
II - Pulmonary edema - Acute lung injury - ARDS

                    II.a - Pulmonary edema, noncardiogenic (NCPE)                


                  V.a
                
V - Pleural and/or pericardial involvement

                    V.a - Pleural effusion (uni- or bilateral) (can accompany DI-LDs)                


                  VI.b
                
VI - Pulmonary vasculopathies

                    VI.b - Pulmonary arterial hypertension                


                  XIX.a
                
XIX - Cytological, biochemical features of/in BAL, pleural fluid or FNA

                    XIX.a - BAL: An excess proportion of lymphocytes                


                  XIX.b
                
XIX - Cytological, biochemical features of/in BAL, pleural fluid or FNA

                    XIX.b - BAL: An excess proportion of neutrophils",9829523.0,Both,midostaurin,COC1C(N(C)C(=O)c2ccccc2)CC2OC1(C)n1c3ccccc3c3c4c(c5c6ccccc6n2c5c31)C(=O)NC4,1,1,1,1
Miltefosine,"I.b
                
I - Interstitial/parenchymal lung disease

                    I.b - Pneumonitis (ILD)",3599.0,Both,miltefosine,CCCCCCCCCCCCCCCCOP(=O)([O-])OCC[N+](C)(C)C,1,0,0,0
Minocycline,"I.a
                
I - Interstitial/parenchymal lung disease

                    I.a - Pneumonitis (ILD), acute and/or severe (may cause ARDS)                


                  I.b
                
I - Interstitial/parenchymal lung disease

                    I.b - Pneumonitis (ILD)                


                  I.c
                
I - Interstitial/parenchymal lung disease

                    I.c - Eosinophilic pneumonia (pulmonary infiltrates and eosinophilia)                


                  I.d
                
I - Interstitial/parenchymal lung disease

                    I.d - Organizing pneumonia pattern (an area or areas of consolidation on imaging)                


                  I.e
                
I - Interstitial/parenchymal lung disease

                    I.e - Acute eosinophilic pneumonia (AEP)                


                  I.k
                
I - Interstitial/parenchymal lung disease

                    I.k - Lung nodule or nodules                


                  I.l
                
I - Interstitial/parenchymal lung disease

                    I.l - Diffuse alveolar damage (DAD) (see alsoo under IIb and XVf)                


                  I.aj
                
I - Interstitial/parenchymal lung disease

                    I.aj - Shrinking lung syndrome                


                  II.a
                
II - Pulmonary edema - Acute lung injury - ARDS

                    II.a - Pulmonary edema, noncardiogenic (NCPE)                


                  II.b
                
II - Pulmonary edema - Acute lung injury - ARDS

                    II.b - ARDS - Acute lung injury                


                  IV.d
                
IV - Airway involvement

                    IV.d - Cough (lone)                


                  V.d
                
V - Pleural and/or pericardial involvement

                    V.d - Pleural/pericardial effusion, ANA positive (DI lupus)                


                  V.m
                
V - Pleural and/or pericardial involvement

                    V.m - Pleuropericarditis - Pleuropericardial effusion (ANA unknown or negative)                


                  VII.a
                
VII - Mediastinal involvement

                    VII.a - Lymphadenopathy (intrathoracic)                


                  X.a
                
X - Systemic/Distant conditions, syndromes and reactions

                    X.a - DRES syndrome - DRESS-like reaction                


                  X.b
                
X - Systemic/Distant conditions, syndromes and reactions

                    X.b - Antiphospholipid antibodies w/wo the APL syndrome                


                  X.d
                
X - Systemic/Distant conditions, syndromes and reactions

                    X.d - Lupus - Lupus syndrome (see also Vd)                


                  X.e
                
X - Systemic/Distant conditions, syndromes and reactions

                    X.e - Autoimmunity-Autoimmune conditions (+ANA, +anti-ds-DNA, +ANCAs, other auto-Abs)                


                  X.f
                
X - Systemic/Distant conditions, syndromes and reactions

                    X.f - Anaphylaxis-Anaphylactoid reaction (can be fatal)                


                  X.g
                
X - Systemic/Distant conditions, syndromes and reactions

                    X.g - Hypersensitivity reaction (may manifest with fever and/or skin, throat or airway involvement)                


                  X.m
                
X - Systemic/Distant conditions, syndromes and reactions

                    X.m - Vascultis (pulmonary, extrathoracic or systemic)-ANCA status unknown or negative)                


                  X.o
                
X - Systemic/Distant conditions, syndromes and reactions

                    X.o - Neutrophilic dermatosis (Pyoderma, Sweet syndrome)                


                  X.s
                
X - Systemic/Distant conditions, syndromes and reactions

                    X.s - Vasculitis, pulmonary (w/wo AH), extrapulmonary, systemic: ANCA-positive                


                  X.v
                
X - Systemic/Distant conditions, syndromes and reactions

                    X.v - Systemic eosinophilic syndrome w/wo vasculitis (see also Xa)                


                  X.aj
                
X - Systemic/Distant conditions, syndromes and reactions

                    X.aj - Polyarteritis nodosa-like condition                


                  XI.b
                
XI - Miscellaneous

                    XI.b - Chest pain (acute or subacute), lone or prominent                


                  XI.c
                
XI - Miscellaneous

                    XI.c - Pleuritic chest pain                


                  XII.c
                
XII - Cardiovascular involvement / toxicity

                    XII.c - Pericardial effusion (w/wo tamponade)                


                  XII.d
                
XII - Cardiovascular involvement / toxicity

                    XII.d - Myocarditis (can be fulminant)                


                  XII.as
                
XII - Cardiovascular involvement / toxicity

                    XII.as - Giant cell myocarditis                


                  XV.b
                
XV - Pathology

                    XV.b - Path: Eosinophilic pneumonia (subacute or acute)  (see also Ic)                


                  XV.d
                
XV - Pathology

                    XV.d - Path: Acute fibrinous organizing pneumonia (AFOP-pattern) (see also If)                


                  XV.ac
                
XV - Pathology

                    XV.ac - Path: Pulmonary vasculitis other than capillaritis                


                  XV.ad
                
XV - Pathology

                    XV.ad - Path: Eosinophilic vasculitis                


                  XV.af
                
XV - Pathology

                    XV.af - Path: Granulomatous pulmonary vasculitis                


                  XV.cj
                
XV - Pathology

                    XV.cj - Path: Brownish macrophages in airspaces (airways - alveoli)                


                  XVI.e
                
XVI - Imaging

                    XVI.e - Imaging: Pulmonary opacities with a subpleural distribution                


                  XVIII.y
                
XVIII - Distinctive patterns - 'Eye-catchers'

                    XVIII.y - Eye catcher: Pseudocyanosis                


                  XIX.b
                
XIX - Cytological, biochemical features of/in BAL, pleural fluid or FNA

                    XIX.b - BAL: An excess proportion of neutrophils                


                  XIX.c
                
XIX - Cytological, biochemical features of/in BAL, pleural fluid or FNA

                    XIX.c - BAL: An excess proportion of eosinophils",54675783.0,Both,minocycline,CN(C)c1ccc(O)c2c1CC1CC3C(N(C)C)C(=O)C(C(N)=O)C(=O)C3(O)C(=O)C1C2=O,1,1,1,0
Minoxidil,"I.b
                
I - Interstitial/parenchymal lung disease

                    I.b - Pneumonitis (ILD)                


                  V.a
                
V - Pleural and/or pericardial involvement

                    V.a - Pleural effusion (uni- or bilateral) (can accompany DI-LDs)                


                  V.m
                
V - Pleural and/or pericardial involvement

                    V.m - Pleuropericarditis - Pleuropericardial effusion (ANA unknown or negative)                


                  XII.c
                
XII - Cardiovascular involvement / toxicity

                    XII.c - Pericardial effusion (w/wo tamponade)",4201.0,Both,minoxidil,N=c1cc(N2CCCCC2)nc(N)n1O,1,0,1,0
Mirabegron,"IX.a
                
IX - Neuromuscular / CNS involvement - Disordered breathing (during sleep)

                    IX.a - Diaphragm/inspiratory muscle weakness/paralysis (w/wo ARF)",9865528.0,Both,mirabegron,Nc1nc(CC(=O)Nc2ccc(CCNCC(O)c3ccccc3)cc2)cs1,0,0,0,0
Misoprostol,"I.b
                
I - Interstitial/parenchymal lung disease

                    I.b - Pneumonitis (ILD)",5282381.0,Both,misoprostol,CCCCC(C)(O)CC=CC1C(O)CC(=O)C1CCCCCCC(=O)OC,1,0,0,0
Mitotane,"IX.h
                
IX - Neuromuscular / CNS involvement - Disordered breathing (during sleep)

                    IX.h - Dyspnea, unexplained otherwise",4211.0,Both,mitotane,Clc1ccc(C(c2ccccc2Cl)C(Cl)Cl)cc1,0,0,0,0
Mitoxantrone,"I.b
                
I - Interstitial/parenchymal lung disease

                    I.b - Pneumonitis (ILD)                


                  IV.a
                
IV - Airway involvement

                    IV.a - Bronchospasm - Wheezing - Asthma                


                  X.a
                
X - Systemic/Distant conditions, syndromes and reactions

                    X.a - DRES syndrome - DRESS-like reaction                


                  XV.a
                
XV - Pathology

                    XV.a - Path: NSIP-cellular pattern (see also Ia, Ib)                


                  XV.i
                
XV - Pathology

                    XV.i - Path: Pneumocyte atypia (reactive epithelial cells) (a.k.a. the ""Napoleon Hat"" sign)",4212.0,Both,mitoxantrone,O=C1C=CC(=O)c2c1c(O)c1c(NCCNCCO)ccc(NCCNCCO)c1c2O,1,0,0,0
Mitragynine,"II.a
                
II - Pulmonary edema - Acute lung injury - ARDS

                    II.a - Pulmonary edema, noncardiogenic (NCPE)",3034396.0,Pneumotox_only,mitragynine,CCC1CN2CCc3c([nH]c4cccc(OC)c34)C2CC1C(=COC)C(=O)OC,0,1,0,0
Monooctanoin,"II.a
                
II - Pulmonary edema - Acute lung injury - ARDS

                    II.a - Pulmonary edema, noncardiogenic (NCPE)                


                  VI.e
                
VI - Pulmonary vasculopathies

                    VI.e - Fat/oil embolism - The FES embolism syndrome                


                  XV.ae
                
XV - Pathology

                    XV.ae - Path: Lipid/fat embolism (see also VIe)",3033877.0,Pneumotox_only,monooctanoin,CCCCCCCC(=O)OCC(O)CO,0,1,0,1
Montelukast,"I.c
                
I - Interstitial/parenchymal lung disease

                    I.c - Eosinophilic pneumonia (pulmonary infiltrates and eosinophilia)                


                  III.a
                
III - Pulmonary/alveolar./airway hemorrhage/bleeding

                    III.a - Alveolar hemorrhage (AH), diffuse AH (DAH)                


                  VIII.a
                
VIII - Central-large-upper airway (incl. pharyngeal-nasal) involvement

                    VIII.a - Angioedema (may cause UAO, asphyxia and death)                


                  X.f
                
X - Systemic/Distant conditions, syndromes and reactions

                    X.f - Anaphylaxis-Anaphylactoid reaction (can be fatal)                


                  X.h
                
X - Systemic/Distant conditions, syndromes and reactions

                    X.h - Eosinophilic granulomatosis with polyangiitis (Churg-Strauss)                


                  X.ah
                
X - Systemic/Distant conditions, syndromes and reactions

                    X.ah - Granulomatosis with polyangiitis (typically ANCA pos.) - GPA flare",5281040.0,Both,montelukast,CC(C)(O)c1ccccc1CCC(SCC1(CC(=O)O)CC1)c1cccc(C=Cc2ccc3ccc(Cl)cc3n2)c1,1,0,0,0
Moxalactam,"III.a
                
III - Pulmonary/alveolar./airway hemorrhage/bleeding

                    III.a - Alveolar hemorrhage (AH), diffuse AH (DAH)                


                  X.f
                
X - Systemic/Distant conditions, syndromes and reactions

                    X.f - Anaphylaxis-Anaphylactoid reaction (can be fatal)",47499.0,Pneumotox_only,moxalactam,COC1(NC(=O)C(C(=O)O)c2ccc(O)cc2)C(=O)N2C(C(=O)O)=C(CSc3nnnn3C)COC21,0,0,0,0
Moxidectin,"XXIV.i
                
XXIV - Veterinary medicine

                    XXIV.i - Veterinary: Respiratory/Ventilatory depression",9832912.0,Pneumotox_only,moxidectin,CON=C1CC2(CC3CC(CC=C(C)CC(C)C=CC=C4COC5C(O)C(C)=CC(C(=O)O3)C45O)O2)OC(C(C)=CC(C)C)C1C,0,0,0,0
Moxifloxacin,"X.f
                
X - Systemic/Distant conditions, syndromes and reactions

                    X.f - Anaphylaxis-Anaphylactoid reaction (can be fatal)",152946.0,Both,moxifloxacin,COc1c(N2CC3CCCNC3C2)c(F)cc2c(=O)c(C(=O)O)cn(C3CC3)c12,0,0,0,0
Mycophenolate mofetil,"I.b
                
I - Interstitial/parenchymal lung disease

                    I.b - Pneumonitis (ILD)                


                  I.g
                
I - Interstitial/parenchymal lung disease

                    I.g - Pulmonary fibrosis                


                  I.n
                
I - Interstitial/parenchymal lung disease

                    I.n - Pulmonary alveolar proteinosis (PAP)                


                  II.b
                
II - Pulmonary edema - Acute lung injury - ARDS

                    II.b - ARDS - Acute lung injury                


                  III.a
                
III - Pulmonary/alveolar./airway hemorrhage/bleeding

                    III.a - Alveolar hemorrhage (AH), diffuse AH (DAH)                


                  IV.d
                
IV - Airway involvement

                    IV.d - Cough (lone)                


                  IV.k
                
IV - Airway involvement

                    IV.k - Bronchiectasis                


                  XV.g
                
XV - Pathology

                    XV.g - Path: Alveolar hemorrhage (see also IIIa)                


                  XV.h
                
XV - Pathology

                    XV.h - Path: NSIP-fibrotic pattern                


                  XV.n
                
XV - Pathology

                    XV.n - Path: Pulmonary alveolar proteinosis pattern (PAP pattern)                


                  XV.ab
                
XV - Pathology

                    XV.ab - Path: Pulmonary capillaritis                


                  XVII.e
                
XVII - Infections & related conditions

                    XVII.e - Pneumocystis jiroveci pneumonia                


                  XVII.g
                
XVII - Infections & related conditions

                    XVII.g - Tuberculosis (pulmonary, pulmonary, extrapulmonary or disseminated). Reactivation or de novo",5281078.0,Both,mycophenolate mofetil,COc1c(C)c2c(c(O)c1CC=C(C)CCC(=O)OCCN1CCOCC1)C(=O)OC2,1,1,0,0
Nabumetone,"I.c
                
I - Interstitial/parenchymal lung disease

                    I.c - Eosinophilic pneumonia (pulmonary infiltrates and eosinophilia)                


                  I.g
                
I - Interstitial/parenchymal lung disease

                    I.g - Pulmonary fibrosis",4409.0,Both,nabumetone,COc1ccc2cc(CCC(C)=O)ccc2c1,1,0,0,0
Nadolol,"I.b
                
I - Interstitial/parenchymal lung disease

                    I.b - Pneumonitis (ILD)                


                  IV.a
                
IV - Airway involvement

                    IV.a - Bronchospasm - Wheezing - Asthma",39147.0,Both,nadolol,CC(C)(C)NCC(O)COc1cccc2c1CC(O)C(O)C2,1,0,0,0
Nafazoline,"II.a
                
II - Pulmonary edema - Acute lung injury - ARDS

                    II.a - Pulmonary edema, noncardiogenic (NCPE)",4436.0,Pneumotox_only,nafazoline,c1ccc2c(CC3=NCCN3)cccc2c1,0,1,0,0
Nafcillin,"I.c
                
I - Interstitial/parenchymal lung disease

                    I.c - Eosinophilic pneumonia (pulmonary infiltrates and eosinophilia)",8982.0,Both,nafcillin,CCOc1ccc2ccccc2c1C(=O)NC1C(=O)N2C1SC(C)(C)C2C(=O)O,1,0,0,0
Naftidrofuryl,"IV.b
                
IV - Airway involvement

                    IV.b - Bronchospasm and angioedema",4417.0,Pneumotox_only,naftidrofuryl,CCN(CC)CCOC(=O)C(Cc1cccc2ccccc12)CC1CCCO1,0,0,0,0
Nalbuphine,"II.a
                
II - Pulmonary edema - Acute lung injury - ARDS

                    II.a - Pulmonary edema, noncardiogenic (NCPE)",5311304.0,Both,nalbuphine,Oc1ccc2c3c1OC1C(O)CCC4(O)C(C2)N(CC2CCC2)CCC314,0,1,0,0
Nalidixic acid,"I.b
                
I - Interstitial/parenchymal lung disease

                    I.b - Pneumonitis (ILD)                


                  X.d
                
X - Systemic/Distant conditions, syndromes and reactions

                    X.d - Lupus - Lupus syndrome (see also Vd)                


                  X.f
                
X - Systemic/Distant conditions, syndromes and reactions

                    X.f - Anaphylaxis-Anaphylactoid reaction (can be fatal)",4421.0,Both,nalidixic acid,CCn1cc(C(=O)O)c(=O)c2ccc(C)nc21,1,0,0,0
Nalmefene,"II.a
                
II - Pulmonary edema - Acute lung injury - ARDS

                    II.a - Pulmonary edema, noncardiogenic (NCPE)                


                  IX.u
                
IX - Neuromuscular / CNS involvement - Disordered breathing (during sleep)

                    IX.u - Central sleep apnea",5284594.0,Both,nalmefene,C=C1CCC2(O)C3Cc4ccc(O)c5c4C2(CCN3CC2CC2)C1O5,0,1,0,0
Naloxone,"II.a
                
II - Pulmonary edema - Acute lung injury - ARDS

                    II.a - Pulmonary edema, noncardiogenic (NCPE)                


                  II.g
                
II - Pulmonary edema - Acute lung injury - ARDS

                    II.g - Negative pressure pulmonary edema (NPPE)                


                  II.u
                
II - Pulmonary edema - Acute lung injury - ARDS

                    II.u - Acute respiratory failure (e.g. from ARDS, ILD, PIE, OP, pulmonary edema or bronchospasm) requiring ECMO",5284596.0,Both,naloxone,C=CCN1CCC23c4c5ccc(O)c4OC2C(=O)CCC3(O)C1C5,0,1,0,0
Naltrexone,"I.c
                
I - Interstitial/parenchymal lung disease

                    I.c - Eosinophilic pneumonia (pulmonary infiltrates and eosinophilia)                


                  I.e
                
I - Interstitial/parenchymal lung disease

                    I.e - Acute eosinophilic pneumonia (AEP)                


                  XV.b
                
XV - Pathology

                    XV.b - Path: Eosinophilic pneumonia (subacute or acute)  (see also Ic)",5360515.0,Both,naltrexone,O=C1CCC2(O)C3Cc4ccc(O)c5c4C2(CCN3CC2CC2)C1O5,1,0,0,0
Naproxen,"I.c
                
I - Interstitial/parenchymal lung disease

                    I.c - Eosinophilic pneumonia (pulmonary infiltrates and eosinophilia)                


                  II.a
                
II - Pulmonary edema - Acute lung injury - ARDS

                    II.a - Pulmonary edema, noncardiogenic (NCPE)                


                  IV.a
                
IV - Airway involvement

                    IV.a - Bronchospasm - Wheezing - Asthma                


                  X.a
                
X - Systemic/Distant conditions, syndromes and reactions

                    X.a - DRES syndrome - DRESS-like reaction                


                  X.f
                
X - Systemic/Distant conditions, syndromes and reactions

                    X.f - Anaphylaxis-Anaphylactoid reaction (can be fatal)                


                  XIV.a
                
XIV - Hemoglobinopathies - Abnormal hemoglobin states (acquired)

                    XIV.a - Methemoglobinemia",156391.0,Both,naproxen,COc1ccc2cc(C(C)C(=O)O)ccc2c1,1,1,0,0
Nebivolol,"IV.a
                
IV - Airway involvement

                    IV.a - Bronchospasm - Wheezing - Asthma",71301.0,Both,nebivolol,OC(CNCC(O)C1CCc2cc(F)ccc2O1)C1CCc2cc(F)ccc2O1,0,0,0,0
Neostigmine,"II.a
                
II - Pulmonary edema - Acute lung injury - ARDS

                    II.a - Pulmonary edema, noncardiogenic (NCPE)                


                  X.f
                
X - Systemic/Distant conditions, syndromes and reactions

                    X.f - Anaphylaxis-Anaphylactoid reaction (can be fatal)",4456.0,Both,neostigmine,CN(C)C(=O)Oc1cccc([N+](C)(C)C)c1,0,1,0,0
Nevirapine,"V.a
                
V - Pleural and/or pericardial involvement

                    V.a - Pleural effusion (uni- or bilateral) (can accompany DI-LDs)                


                  X.a
                
X - Systemic/Distant conditions, syndromes and reactions

                    X.a - DRES syndrome - DRESS-like reaction",4463.0,Both,nevirapine,Cc1ccnc2c1NC(=O)c1cccnc1N2C1CC1,0,0,1,0
Niacin,"XII.n
                
XII - Cardiovascular involvement / toxicity

                    XII.n - Cardiovascular collapse - Cardiogenic shock - Hypotension",938.0,Both,niacin,O=C(O)c1cccnc1,0,0,0,0
Nicardipine,"II.a
                
II - Pulmonary edema - Acute lung injury - ARDS

                    II.a - Pulmonary edema, noncardiogenic (NCPE)",4474.0,Both,nicardipine,COC(=O)C1=C(C)N=C(C)C(C(=O)OCCN(C)Cc2ccccc2)C1c1cccc([N+](=O)[O-])c1,0,1,0,0
Nicergoline,"V.c
                
V - Pleural and/or pericardial involvement

                    V.c - Pleural thickening - Fibrothorax",34040.0,Pneumotox_only,nicergoline,COC12CC(COC(=O)c3cncc(Br)c3)CN(C)C1Cc1cn(C)c3cccc2c13,0,0,1,0
Nicorandil,"XIV.a
                
XIV - Hemoglobinopathies - Abnormal hemoglobin states (acquired)

                    XIV.a - Methemoglobinemia",47528.0,Both,nicorandil,O=C(NCCO[N+](=O)[O-])c1cccnc1,0,0,0,0
Nifedipine,"II.a
                
II - Pulmonary edema - Acute lung injury - ARDS

                    II.a - Pulmonary edema, noncardiogenic (NCPE)                


                  XI.b
                
XI - Miscellaneous

                    XI.b - Chest pain (acute or subacute), lone or prominent                


                  XI.ab
                
XI - Miscellaneous

                    XI.ab - Gingival hypertrophy                


                  XII.n
                
XII - Cardiovascular involvement / toxicity

                    XII.n - Cardiovascular collapse - Cardiogenic shock - Hypotension                


                  XVI.d
                
XVI - Imaging

                    XVI.d - Imaging: Alveolar opacities or haze with a batwing or butterfly distribution",4485.0,Both,nifedipine,COC(=O)C1=C(C)N=C(C)C(C(=O)OC)C1c1ccccc1[N+](=O)[O-],0,1,0,0
Niflumic acid,"I.c
                
I - Interstitial/parenchymal lung disease

                    I.c - Eosinophilic pneumonia (pulmonary infiltrates and eosinophilia)",4488.0,Pneumotox_only,niflumic acid,O=C(O)c1cccnc1Nc1cccc(C(F)(F)F)c1,1,0,0,0
Nilotinib,"I.b
                
I - Interstitial/parenchymal lung disease

                    I.b - Pneumonitis (ILD)                


                  I.d
                
I - Interstitial/parenchymal lung disease

                    I.d - Organizing pneumonia pattern (an area or areas of consolidation on imaging)                


                  III.a
                
III - Pulmonary/alveolar./airway hemorrhage/bleeding

                    III.a - Alveolar hemorrhage (AH), diffuse AH (DAH)                


                  V.a
                
V - Pleural and/or pericardial involvement

                    V.a - Pleural effusion (uni- or bilateral) (can accompany DI-LDs)                


                  V.c
                
V - Pleural and/or pericardial involvement

                    V.c - Pleural thickening - Fibrothorax                


                  VI.b
                
VI - Pulmonary vasculopathies

                    VI.b - Pulmonary arterial hypertension                


                  VI.d
                
VI - Pulmonary vasculopathies

                    VI.d - Pulmonary vasculitis or capillaritis                


                  X.r
                
X - Systemic/Distant conditions, syndromes and reactions

                    X.r - Fluid retention                


                  XII.c
                
XII - Cardiovascular involvement / toxicity

                    XII.c - Pericardial effusion (w/wo tamponade)                


                  XII.k
                
XII - Cardiovascular involvement / toxicity

                    XII.k - Constrictive pericarditis - Pericardial thickening                


                  XII.o
                
XII - Cardiovascular involvement / toxicity

                    XII.o - Coronary artery disease (subacute, chronic)                


                  XII.ay
                
XII - Cardiovascular involvement / toxicity

                    XII.ay - Coronary (artery) vasculitis                


                  XV.ao
                
XV - Pathology

                    XV.ao - Path: Pleuritis, pleural fibrosis",644241.0,Both,nilotinib,Cc1cn(-c2cc(NC(=O)c3ccc(C)c(Nc4nccc(-c5cccnc5)n4)c3)cc(C(F)(F)F)c2)cn1,1,0,1,1
Nilutamide,"I.a
                
I - Interstitial/parenchymal lung disease

                    I.a - Pneumonitis (ILD), acute and/or severe (may cause ARDS)                


                  I.b
                
I - Interstitial/parenchymal lung disease

                    I.b - Pneumonitis (ILD)                


                  I.c
                
I - Interstitial/parenchymal lung disease

                    I.c - Eosinophilic pneumonia (pulmonary infiltrates and eosinophilia)                


                  I.d
                
I - Interstitial/parenchymal lung disease

                    I.d - Organizing pneumonia pattern (an area or areas of consolidation on imaging)                


                  XV.a
                
XV - Pathology

                    XV.a - Path: NSIP-cellular pattern (see also Ia, Ib)                


                  XV.c
                
XV - Pathology

                    XV.c - Path: Organizing pneumonia (OP/BOOP) pattern (see also Id)                


                  XV.k
                
XV - Pathology

                    XV.k - Path: Desquamative interstitial pneumonia (DIP-pattern)                


                  XIX.a
                
XIX - Cytological, biochemical features of/in BAL, pleural fluid or FNA

                    XIX.a - BAL: An excess proportion of lymphocytes                


                  XIX.b
                
XIX - Cytological, biochemical features of/in BAL, pleural fluid or FNA

                    XIX.b - BAL: An excess proportion of neutrophils                


                  XIX.c
                
XIX - Cytological, biochemical features of/in BAL, pleural fluid or FNA

                    XIX.c - BAL: An excess proportion of eosinophils",4493.0,Both,nilutamide,CC1(C)NC(=O)N(c2ccc([N+](=O)[O-])c(C(F)(F)F)c2)C1=O,1,0,1,0
Nimesulide,"I.c
                
I - Interstitial/parenchymal lung disease

                    I.c - Eosinophilic pneumonia (pulmonary infiltrates and eosinophilia)                


                  II.a
                
II - Pulmonary edema - Acute lung injury - ARDS

                    II.a - Pulmonary edema, noncardiogenic (NCPE)                


                  IV.a
                
IV - Airway involvement

                    IV.a - Bronchospasm - Wheezing - Asthma                


                  IV.c
                
IV - Airway involvement

                    IV.c - Obliterative bronchiolitis (a pattern consistent with) (see also IVn, XVx)                


                  X.f
                
X - Systemic/Distant conditions, syndromes and reactions

                    X.f - Anaphylaxis-Anaphylactoid reaction (can be fatal)",4495.0,Pneumotox_only,nimesulide,CS(=O)(=O)Nc1ccc([N+](=O)[O-])cc1Oc1ccccc1,1,1,0,0
Nimodipine,"II.f
                
II - Pulmonary edema - Acute lung injury - ARDS

                    II.f - Hypoxemia, low oxygen saturation (may occur in isolation)",4497.0,Both,nimodipine,COCCOC(=O)C1=C(C)N=C(C)C(C(=O)OC(C)C)C1c1cccc([N+](=O)[O-])c1,0,1,0,0
Nintedanib,"I.y
                
I - Interstitial/parenchymal lung disease

                    I.y - Progression, acceleration or exacerbation of preexisting ILD/fibrosis                


                  VI.b
                
VI - Pulmonary vasculopathies

                    VI.b - Pulmonary arterial hypertension",135423438.0,Both,nintedanib,COC(=O)c1ccc2c(C(=Nc3ccc(N(C)C(=O)CN4CCN(C)CC4)cc3)c3ccccc3)c(O)[nH]c2c1,1,0,0,1
Niraparib,"I.b
                
I - Interstitial/parenchymal lung disease

                    I.b - Pneumonitis (ILD)                


                  XVI.b
                
XVI - Imaging

                    XVI.b - Imaging: Ground-glass opacities (GGO) / shadowing",24958200.0,Both,niraparib,NC(=O)c1cccc2cn(-c3ccc(C4CCCNC4)cc3)nc12,1,0,0,0
Niridazol,"I.c
                
I - Interstitial/parenchymal lung disease

                    I.c - Eosinophilic pneumonia (pulmonary infiltrates and eosinophilia)                


                  II.a
                
II - Pulmonary edema - Acute lung injury - ARDS

                    II.a - Pulmonary edema, noncardiogenic (NCPE)                


                  IV.a
                
IV - Airway involvement

                    IV.a - Bronchospasm - Wheezing - Asthma",6093.0,Pneumotox_only,niridazol,O=C1NCCN1c1ncc([N+](=O)[O-])s1,1,1,0,0
Nitrazepam,"IV.a
                
IV - Airway involvement

                    IV.a - Bronchospasm - Wheezing - Asthma",4506.0,Both,nitrazepam,O=C1CN=C(c2ccccc2)c2cc([N+](=O)[O-])ccc2N1,0,0,0,0
Nitrobenzene,"II.a
                
II - Pulmonary edema - Acute lung injury - ARDS

                    II.a - Pulmonary edema, noncardiogenic (NCPE)                


                  XIV.a
                
XIV - Hemoglobinopathies - Abnormal hemoglobin states (acquired)

                    XIV.a - Methemoglobinemia",7416.0,Pneumotox_only,nitrobenzene,O=[N+]([O-])c1ccccc1,0,1,0,0
Nitroglycerin,"II.a
                
II - Pulmonary edema - Acute lung injury - ARDS

                    II.a - Pulmonary edema, noncardiogenic (NCPE)                


                  XIV.a
                
XIV - Hemoglobinopathies - Abnormal hemoglobin states (acquired)

                    XIV.a - Methemoglobinemia",4510.0,Both,nitroglycerin,O=[N+]([O-])OCC(CO[N+](=O)[O-])O[N+](=O)[O-],0,1,0,0
Nomifensine,"I.b
                
I - Interstitial/parenchymal lung disease

                    I.b - Pneumonitis (ILD)                


                  I.c
                
I - Interstitial/parenchymal lung disease

                    I.c - Eosinophilic pneumonia (pulmonary infiltrates and eosinophilia)                


                  I.e
                
I - Interstitial/parenchymal lung disease

                    I.e - Acute eosinophilic pneumonia (AEP)                


                  V.a
                
V - Pleural and/or pericardial involvement

                    V.a - Pleural effusion (uni- or bilateral) (can accompany DI-LDs)                


                  X.d
                
X - Systemic/Distant conditions, syndromes and reactions

                    X.d - Lupus - Lupus syndrome (see also Vd)                


                  X.m
                
X - Systemic/Distant conditions, syndromes and reactions

                    X.m - Vascultis (pulmonary, extrathoracic or systemic)-ANCA status unknown or negative)",4528.0,Pneumotox_only,nomifensine,CN1Cc2c(N)cccc2C(c2ccccc2)C1,1,0,1,0
Noramidopyrine,"II.a
                
II - Pulmonary edema - Acute lung injury - ARDS

                    II.a - Pulmonary edema, noncardiogenic (NCPE)",10618.0,Pneumotox_only,noramidopyrine,CNc1c(C)n(C)n(-c2ccccc2)c1=O,0,1,0,0
Nupercaine,"II.b
                
II - Pulmonary edema - Acute lung injury - ARDS

                    II.b - ARDS - Acute lung injury",3025.0,Pneumotox_only,nupercaine,CCCCOc1cc(C(=O)NCCN(CC)CC)c2ccccc2n1,0,1,0,0
Obatoclax,"II.f
                
II - Pulmonary edema - Acute lung injury - ARDS

                    II.f - Hypoxemia, low oxygen saturation (may occur in isolation)",11404337.0,Pneumotox_only,obatoclax,COC1=CC(c2cc3ccccc3[nH]2)=NC1=Cc1[nH]c(C)cc1C,0,1,0,0
Olanzapine,"I.b
                
I - Interstitial/parenchymal lung disease

                    I.b - Pneumonitis (ILD)                


                  III.a
                
III - Pulmonary/alveolar./airway hemorrhage/bleeding

                    III.a - Alveolar hemorrhage (AH), diffuse AH (DAH)                


                  V.b
                
V - Pleural and/or pericardial involvement

                    V.b - Eosinophilic pleural effusion                


                  V.m
                
V - Pleural and/or pericardial involvement

                    V.m - Pleuropericarditis - Pleuropericardial effusion (ANA unknown or negative)                


                  VI.a
                
VI - Pulmonary vasculopathies

                    VI.a - Pulmonary embolism - Venous thrombosis/thromboembolism                


                  IX.d
                
IX - Neuromuscular / CNS involvement - Disordered breathing (during sleep)

                    IX.d - Respiratory failure from ventilatory depression (due to neuromuscular blockade/paralysis)                


                  X.a
                
X - Systemic/Distant conditions, syndromes and reactions

                    X.a - DRES syndrome - DRESS-like reaction                


                  X.b
                
X - Systemic/Distant conditions, syndromes and reactions

                    X.b - Antiphospholipid antibodies w/wo the APL syndrome                


                  XIX.d
                
XIX - Cytological, biochemical features of/in BAL, pleural fluid or FNA

                    XIX.d - BAL: Gross or microscopic bleeding/hemorrhage",135398745.0,Both,olanzapine,Cc1cc2c(s1)Nc1ccccc1N=C2N1CCN(C)CC1,1,0,1,1
Olaparib,"I.b
                
I - Interstitial/parenchymal lung disease

                    I.b - Pneumonitis (ILD)                


                  XV.a
                
XV - Pathology

                    XV.a - Path: NSIP-cellular pattern (see also Ia, Ib)",23725625.0,Both,olaparib,O=C(c1cc(Cc2n[nH]c(=O)c3ccccc23)ccc1F)N1CCN(C(=O)C2CC2)CC1,1,0,0,0
Olmesartan,"VIII.a
                
VIII - Central-large-upper airway (incl. pharyngeal-nasal) involvement

                    VIII.a - Angioedema (may cause UAO, asphyxia and death)                


                  VIII.q
                
VIII - Central-large-upper airway (incl. pharyngeal-nasal) involvement

                    VIII.q - Tongue involvement (edema, glossitis, hematoma)",158781.0,Both,olmesartan,CCCc1nc(C(C)(C)O)c(C(=O)O)n1Cc1ccc(-c2ccccc2-c2nn[nH]n2)cc1,0,0,0,0
Olsalazine,"X.d
                
X - Systemic/Distant conditions, syndromes and reactions

                    X.d - Lupus - Lupus syndrome (see also Vd)",22419.0,Both,olsalazine,O=C(O)c1cc(N=Nc2ccc(O)c(C(=O)O)c2)ccc1O,0,0,0,0
Omapatrilat,"IV.d
                
IV - Airway involvement

                    IV.d - Cough (lone)                


                  VIII.a
                
VIII - Central-large-upper airway (incl. pharyngeal-nasal) involvement

                    VIII.a - Angioedema (may cause UAO, asphyxia and death)",656629.0,Pneumotox_only,omapatrilat,O=C(NC1CCSC2CCCC(C(=O)O)N2C1=O)C(S)Cc1ccccc1,0,0,0,0
Ombitasvir,"I.b
                
I - Interstitial/parenchymal lung disease

                    I.b - Pneumonitis (ILD)",54767916.0,Pneumotox_only,ombitasvir,COC(=O)NC(C(=O)N1CCCC1C(=O)Nc1ccc(C2CCC(c3ccc(NC(=O)C4CCCN4C(=O)C(NC(=O)OC)C(C)C)cc3)N2c2ccc(C(C)(C)C)cc2)cc1)C(C)C,1,0,0,0
Ornipressin,"II.a
                
II - Pulmonary edema - Acute lung injury - ARDS

                    II.a - Pulmonary edema, noncardiogenic (NCPE)",14257660.0,Pneumotox_only,ornipressin,NCCCC(NC(=O)C1CCCN1C(=O)C1CSSCC(N)C(=O)NC(Cc2ccc(O)cc2)C(=O)NC(Cc2ccccc2)C(=O)NC(CCC(N)=O)C(=O)NC(CC(N)=O)C(=O)N1)C(=O)NCC(N)=O,0,1,0,0
Osimertinib,"I.a
                
I - Interstitial/parenchymal lung disease

                    I.a - Pneumonitis (ILD), acute and/or severe (may cause ARDS)                


                  I.b
                
I - Interstitial/parenchymal lung disease

                    I.b - Pneumonitis (ILD)                


                  I.c
                
I - Interstitial/parenchymal lung disease

                    I.c - Eosinophilic pneumonia (pulmonary infiltrates and eosinophilia)                


                  I.h
                
I - Interstitial/parenchymal lung disease

                    I.h - Subclinical pulmonary infiltrates/ILD                


                  I.ad
                
I - Interstitial/parenchymal lung disease

                    I.ad - Radiation recall pneumonitis                


                  I.av
                
I - Interstitial/parenchymal lung disease

                    I.av - Transient pulmonary opacities/infiltrates (TAPO) (see also under IIj)                


                  I.az
                
I - Interstitial/parenchymal lung disease

                    I.az - Pulmonary alveolar proteinosis flare/exacerbation                


                  III.a
                
III - Pulmonary/alveolar./airway hemorrhage/bleeding

                    III.a - Alveolar hemorrhage (AH), diffuse AH (DAH)                


                  XII.l
                
XII - Cardiovascular involvement / toxicity

                    XII.l - Cardiac arrhythmias or dysrhythmias (AF, VT, VF, TdP)                


                  XII.p
                
XII - Cardiovascular involvement / toxicity

                    XII.p - QTc prolongation                


                  XII.r
                
XII - Cardiovascular involvement / toxicity

                    XII.r - Heart failure (biventricular, congestive)                


                  XII.ai
                
XII - Cardiovascular involvement / toxicity

                    XII.ai - Cardiotoxicity                


                  XV.a
                
XV - Pathology

                    XV.a - Path: NSIP-cellular pattern (see also Ia, Ib)                


                  XV.b
                
XV - Pathology

                    XV.b - Path: Eosinophilic pneumonia (subacute or acute)  (see also Ic)                


                  XIX.a
                
XIX - Cytological, biochemical features of/in BAL, pleural fluid or FNA

                    XIX.a - BAL: An excess proportion of lymphocytes                


                  XIX.c
                
XIX - Cytological, biochemical features of/in BAL, pleural fluid or FNA

                    XIX.c - BAL: An excess proportion of eosinophils                


                  XXI.e
                
XXI - Rechallenge data

                    XXI.e - Rechallenge may not necessarily lead to relapse of AE/ILD",71496458.0,Both,osimertinib,C=CC(=O)Nc1cc(Nc2nccc(-c3cn(C)c4ccccc34)n2)c(OC)cc1N(C)CCN(C)C,1,0,1,0
Oxaliplatin,"I.a
                
I - Interstitial/parenchymal lung disease

                    I.a - Pneumonitis (ILD), acute and/or severe (may cause ARDS)                


                  I.b
                
I - Interstitial/parenchymal lung disease

                    I.b - Pneumonitis (ILD)                


                  X.f
                
X - Systemic/Distant conditions, syndromes and reactions

                    X.f - Anaphylaxis-Anaphylactoid reaction (can be fatal)                


                  X.g
                
X - Systemic/Distant conditions, syndromes and reactions

                    X.g - Hypersensitivity reaction (may manifest with fever and/or skin, throat or airway involvement)",9887053.0,Both,oxaliplatin,[NH-]C1CCCCC1[NH-].[Pt+2],1,0,0,0
Oxaprozin,"IV.f
                
IV - Airway involvement

                    IV.f - Severe or catastrophic bronchospasm or asthma attack (can be fatal)",4614.0,Both,oxaprozin,O=C(O)CCc1nc(-c2ccccc2)c(-c2ccccc2)o1,0,0,0,0
Oxetorone,"XI.ba
                
XI - Miscellaneous

                    XI.ba - Nonrespiratory AE of interest                


                  XII.l
                
XII - Cardiovascular involvement / toxicity

                    XII.l - Cardiac arrhythmias or dysrhythmias (AF, VT, VF, TdP)                


                  XII.n
                
XII - Cardiovascular involvement / toxicity

                    XII.n - Cardiovascular collapse - Cardiogenic shock - Hypotension                


                  XII.p
                
XII - Cardiovascular involvement / toxicity

                    XII.p - QTc prolongation                


                  XII.s
                
XII - Cardiovascular involvement / toxicity

                    XII.s - Heart block (bundle branch- or AV-)",36846.0,Pneumotox_only,oxetorone,CN(C)CCC=C1c2ccccc2OCc2c1oc1ccccc21,0,0,0,0
Oxprenolol,"II.a
                
II - Pulmonary edema - Acute lung injury - ARDS

                    II.a - Pulmonary edema, noncardiogenic (NCPE)                


                  IV.a
                
IV - Airway involvement

                    IV.a - Bronchospasm - Wheezing - Asthma                


                  IV.f
                
IV - Airway involvement

                    IV.f - Severe or catastrophic bronchospasm or asthma attack (can be fatal)                


                  V.c
                
V - Pleural and/or pericardial involvement

                    V.c - Pleural thickening - Fibrothorax                


                  XII.m
                
XII - Cardiovascular involvement / toxicity

                    XII.m - Cardiac- cardiorespiratory/pulmonary arrest",4631.0,Both,oxprenolol,C=CCOc1ccccc1OCC(O)CNC(C)C,0,1,1,0
Oxycodone,"II.a
                
II - Pulmonary edema - Acute lung injury - ARDS

                    II.a - Pulmonary edema, noncardiogenic (NCPE)                


                  VIII.i
                
VIII - Central-large-upper airway (incl. pharyngeal-nasal) involvement

                    VIII.i - Midline destructive lesions                


                  IX.d
                
IX - Neuromuscular / CNS involvement - Disordered breathing (during sleep)

                    IX.d - Respiratory failure from ventilatory depression (due to neuromuscular blockade/paralysis)                


                  XI.r
                
XI - Miscellaneous

                    XI.r - Death following exposure or poisoning                


                  XII.e
                
XII - Cardiovascular involvement / toxicity

                    XII.e - Takotsubo (stress) cardiomyopathy",5284603.0,Both,oxycodone,COc1ccc2c3c1OC1C(=O)CCC4(O)C(C2)N(C)CCC314,0,1,0,0
Oxymetazoline,"II.a
                
II - Pulmonary edema - Acute lung injury - ARDS

                    II.a - Pulmonary edema, noncardiogenic (NCPE)                


                  II.d
                
II - Pulmonary edema - Acute lung injury - ARDS

                    II.d - Pulmonary edema, cardiogenic                


                  II.i
                
II - Pulmonary edema - Acute lung injury - ARDS

                    II.i - Flash (fulminate) pulmonary edema                


                  XII.ag
                
XII - Cardiovascular involvement / toxicity

                    XII.ag - Bradycardia",4636.0,Both,oxymetazoline,Cc1cc(C(C)(C)C)c(O)c(C)c1CC1=NCCN1,0,1,0,0
Oxymorphone,"X.af
                
X - Systemic/Distant conditions, syndromes and reactions

                    X.af - Thrombotic microangiopathy",5284604.0,Both,oxymorphone,CN1CCC23c4c5ccc(O)c4OC2C(=O)CCC3(O)C1C5,0,0,0,0
Oxyphenbutazone,"I.b
                
I - Interstitial/parenchymal lung disease

                    I.b - Pneumonitis (ILD)                


                  III.a
                
III - Pulmonary/alveolar./airway hemorrhage/bleeding

                    III.a - Alveolar hemorrhage (AH), diffuse AH (DAH)",4641.0,Both,oxyphenbutazone,CCCCc1c(O)n(-c2ccc(O)cc2)n(-c2ccccc2)c1=O,1,0,0,0
Oxytocin,"II.a
                
II - Pulmonary edema - Acute lung injury - ARDS

                    II.a - Pulmonary edema, noncardiogenic (NCPE)                


                  IV.a
                
IV - Airway involvement

                    IV.a - Bronchospasm - Wheezing - Asthma                


                  IV.b
                
IV - Airway involvement

                    IV.b - Bronchospasm and angioedema                


                  VIII.a
                
VIII - Central-large-upper airway (incl. pharyngeal-nasal) involvement

                    VIII.a - Angioedema (may cause UAO, asphyxia and death)                


                  X.f
                
X - Systemic/Distant conditions, syndromes and reactions

                    X.f - Anaphylaxis-Anaphylactoid reaction (can be fatal)                


                  XII.a
                
XII - Cardiovascular involvement / toxicity

                    XII.a - Left or biventricular dysfunction/failure",439302.0,Both,oxytocin,CCC(C)C1NC(=O)C(Cc2ccc(O)cc2)NC(=O)C(N)CSSCC(C(=O)N2CCCC2C(=O)NC(CC(C)C)C(=O)NCC(N)=O)NC(=O)C(CC(N)=O)NC(=O)C(CCC(N)=O)NC1=O,0,1,0,0
Palbociclib,"I.a
                
I - Interstitial/parenchymal lung disease

                    I.a - Pneumonitis (ILD), acute and/or severe (may cause ARDS)                


                  II.b
                
II - Pulmonary edema - Acute lung injury - ARDS

                    II.b - ARDS - Acute lung injury",5330286.0,Both,palbociclib,CC(=O)c1c(C)c2cnc(Nc3ccc(N4CCNCC4)cn3)nc2n(C2CCCC2)c1=O,1,1,0,0
Paliperidone,"VI.a
                
VI - Pulmonary vasculopathies

                    VI.a - Pulmonary embolism - Venous thrombosis/thromboembolism",115237.0,Both,paliperidone,Cc1nc2n(c(=O)c1CCN1CCC(c3noc4cc(F)ccc34)CC1)CCCC2O,0,0,0,1
Pancrelipase,"IV.a
                
IV - Airway involvement

                    IV.a - Bronchospasm - Wheezing - Asthma                


                  X.g
                
X - Systemic/Distant conditions, syndromes and reactions

                    X.g - Hypersensitivity reaction (may manifest with fever and/or skin, throat or airway involvement)",8519.0,Both,pancrelipase,O=C([O-])C1C2CCC(O2)C1C(=O)[O-],0,0,0,0
Panobinostat,"I.b
                
I - Interstitial/parenchymal lung disease

                    I.b - Pneumonitis (ILD)",6918837.0,Pneumotox_only,panobinostat,Cc1[nH]c2ccccc2c1CCNCc1ccc(C=CC(O)=NO)cc1,1,0,0,0
Para-dichlorobenzene,"XIV.a
                
XIV - Hemoglobinopathies - Abnormal hemoglobin states (acquired)

                    XIV.a - Methemoglobinemia",4685.0,Pneumotox_only,para-dichlorobenzene,Clc1ccc(Cl)cc1,0,0,0,0
Paraldehyde,"II.a
                
II - Pulmonary edema - Acute lung injury - ARDS

                    II.a - Pulmonary edema, noncardiogenic (NCPE)",31264.0,Pneumotox_only,paraldehyde,CC1OC(C)OC(C)O1,0,1,0,0
Paramethoxymethamphetamine,"II.a
                
II - Pulmonary edema - Acute lung injury - ARDS

                    II.a - Pulmonary edema, noncardiogenic (NCPE)                


                  XI.r
                
XI - Miscellaneous

                    XI.r - Death following exposure or poisoning",90766.0,Pneumotox_only,paramethoxymethamphetamine,CNC(C)Cc1ccc(OC)cc1,0,1,0,0
Paraquat,"I.a
                
I - Interstitial/parenchymal lung disease

                    I.a - Pneumonitis (ILD), acute and/or severe (may cause ARDS)                


                  I.b
                
I - Interstitial/parenchymal lung disease

                    I.b - Pneumonitis (ILD)                


                  I.d
                
I - Interstitial/parenchymal lung disease

                    I.d - Organizing pneumonia pattern (an area or areas of consolidation on imaging)                


                  I.g
                
I - Interstitial/parenchymal lung disease

                    I.g - Pulmonary fibrosis                


                  I.l
                
I - Interstitial/parenchymal lung disease

                    I.l - Diffuse alveolar damage (DAD) (see alsoo under IIb and XVf)                


                  I.w
                
I - Interstitial/parenchymal lung disease

                    I.w - Rapidly progressive ILD/pulmonary fibrosis (Hamman-Rich syndrome)                


                  I.ba
                
I - Interstitial/parenchymal lung disease

                    I.ba - Irreversible respiratory damage requiring lung Tx                


                  II.b
                
II - Pulmonary edema - Acute lung injury - ARDS

                    II.b - ARDS - Acute lung injury                


                  II.c
                
II - Pulmonary edema - Acute lung injury - ARDS

                    II.c - ARDS and the hemolytic-uremic syndrome (HUS)                


                  III.a
                
III - Pulmonary/alveolar./airway hemorrhage/bleeding

                    III.a - Alveolar hemorrhage (AH), diffuse AH (DAH)                


                  IV.k
                
IV - Airway involvement

                    IV.k - Bronchiectasis                


                  V.f
                
V - Pleural and/or pericardial involvement

                    V.f - Pneumothorax                


                  X.u
                
X - Systemic/Distant conditions, syndromes and reactions

                    X.u - Multiple organ dysfunction/failure (MODS/MOF)                


                  XI.h
                
XI - Miscellaneous

                    XI.h - Esophageal pathology (erosion, ulcer, tear, rupture, fistula)                


                  XI.n
                
XI - Miscellaneous

                    XI.n - Neutropenia, agranulocytosis (w/wo infection/sepsis)                


                  XI.r
                
XI - Miscellaneous

                    XI.r - Death following exposure or poisoning                


                  XV.a
                
XV - Pathology

                    XV.a - Path: NSIP-cellular pattern (see also Ia, Ib)                


                  XV.h
                
XV - Pathology

                    XV.h - Path: NSIP-fibrotic pattern                


                  XVI.k
                
XVI - Imaging

                    XVI.k - Imaging: An area or areas of consolidation                


                  XVI.n
                
XVI - Imaging

                    XVI.n - Imaging: Intralobular septal thickening - Crazy paving                


                  XVI.q
                
XVI - Imaging

                    XVI.q - Imaging: A pattern similar/consistent to/with IPF                


                  XXIV.n
                
XXIV - Veterinary medicine

                    XXIV.n - Veterinary: Acute Respiratory Distress Syndrome (ARDS)",15939.0,Pneumotox_only,paraquat,C[n+]1ccc(-c2cc[n+](C)cc2)cc1,1,1,1,0
Parathion,"I.w
                
I - Interstitial/parenchymal lung disease

                    I.w - Rapidly progressive ILD/pulmonary fibrosis (Hamman-Rich syndrome)",991.0,Pneumotox_only,parathion,CCOP(=S)(OCC)Oc1ccc([N+](=O)[O-])cc1,1,0,0,0
Paritaprevir,"I.b
                
I - Interstitial/parenchymal lung disease

                    I.b - Pneumonitis (ILD)",45110509.0,Pneumotox_only,paritaprevir,Cc1cnc(C(=O)NC2CCCCCC=CC3CC3(C(=O)NS(=O)(=O)C3CC3)NC(=O)C3CC(Oc4nc5ccccc5c5ccccc45)CN3C2=O)cn1,1,0,0,0
Paroxetine,"I.l
                
I - Interstitial/parenchymal lung disease

                    I.l - Diffuse alveolar damage (DAD) (see alsoo under IIb and XVf)                


                  II.b
                
II - Pulmonary edema - Acute lung injury - ARDS

                    II.b - ARDS - Acute lung injury                


                  IV.d
                
IV - Airway involvement

                    IV.d - Cough (lone)                


                  VI.a
                
VI - Pulmonary vasculopathies

                    VI.a - Pulmonary embolism - Venous thrombosis/thromboembolism                


                  VIII.a
                
VIII - Central-large-upper airway (incl. pharyngeal-nasal) involvement

                    VIII.a - Angioedema (may cause UAO, asphyxia and death)                


                  XII.f
                
XII - Cardiovascular involvement / toxicity

                    XII.f - Cardiomyopathy (acute, subacute, chronic)                


                  XV.f
                
XV - Pathology

                    XV.f - Path: Diffuse alveolar damage (DAD-pattern) (see also IL)",43815.0,Both,paroxetine,Fc1ccc(C2CCNCC2COc2ccc3c(c2)OCO3)cc1,1,1,0,1
Patent blue,"X.f
                
X - Systemic/Distant conditions, syndromes and reactions

                    X.f - Anaphylaxis-Anaphylactoid reaction (can be fatal)",77074.0,Pneumotox_only,patent blue,CCN(CC)c1ccc(C(=C2C=CC(=[N+](CC)CC)C=C2)c2cc(O)c(S(=O)(=O)O)cc2S(=O)(=O)O)cc1,0,0,0,0
Pazopanib,"I.b
                
I - Interstitial/parenchymal lung disease

                    I.b - Pneumonitis (ILD)                


                  I.d
                
I - Interstitial/parenchymal lung disease

                    I.d - Organizing pneumonia pattern (an area or areas of consolidation on imaging)                


                  II.d
                
II - Pulmonary edema - Acute lung injury - ARDS

                    II.d - Pulmonary edema, cardiogenic                


                  V.f
                
V - Pleural and/or pericardial involvement

                    V.f - Pneumothorax                


                  V.ab
                
V - Pleural and/or pericardial involvement

                    V.ab - Pneumothorax, bilateral                


                  VII.h
                
VII - Mediastinal involvement

                    VII.h - Pneumomediastinum                


                  XI.w
                
XI - Miscellaneous

                    XI.w - Cavitation/necrosis of lung tumor or metastases                


                  XII.a
                
XII - Cardiovascular involvement / toxicity

                    XII.a - Left or biventricular dysfunction/failure                


                  XII.f
                
XII - Cardiovascular involvement / toxicity

                    XII.f - Cardiomyopathy (acute, subacute, chronic)                


                  XV.c
                
XV - Pathology

                    XV.c - Path: Organizing pneumonia (OP/BOOP) pattern (see also Id)",10113978.0,Both,pazopanib,Cc1ccc(Nc2nccc(N(C)c3ccc4c(C)n(C)nc4c3)n2)cc1S(N)(=O)=O,1,1,1,0
Pegfilgrastim,"I.b
                
I - Interstitial/parenchymal lung disease

                    I.b - Pneumonitis (ILD)",70683024.0,Both,pegfilgrastim,COCCOC(=O)NCC(=O)NC1C(O)CC(OCC2OC(OC(C)C(N)C(=O)O)C(NC(C)=O)C(O)C2O)(C(=O)O)OC1C(O)C(O)CO,1,0,0,0
Pemetrexed,"I.a
                
I - Interstitial/parenchymal lung disease

                    I.a - Pneumonitis (ILD), acute and/or severe (may cause ARDS)                


                  I.b
                
I - Interstitial/parenchymal lung disease

                    I.b - Pneumonitis (ILD)                


                  I.d
                
I - Interstitial/parenchymal lung disease

                    I.d - Organizing pneumonia pattern (an area or areas of consolidation on imaging)                


                  I.l
                
I - Interstitial/parenchymal lung disease

                    I.l - Diffuse alveolar damage (DAD) (see alsoo under IIb and XVf)                


                  I.m
                
I - Interstitial/parenchymal lung disease

                    I.m - ILD with a granulomatous component                


                  I.w
                
I - Interstitial/parenchymal lung disease

                    I.w - Rapidly progressive ILD/pulmonary fibrosis (Hamman-Rich syndrome)                


                  I.y
                
I - Interstitial/parenchymal lung disease

                    I.y - Progression, acceleration or exacerbation of preexisting ILD/fibrosis                


                  II.b
                
II - Pulmonary edema - Acute lung injury - ARDS

                    II.b - ARDS - Acute lung injury                


                  III.a
                
III - Pulmonary/alveolar./airway hemorrhage/bleeding

                    III.a - Alveolar hemorrhage (AH), diffuse AH (DAH)                


                  V.i
                
V - Pleural and/or pericardial involvement

                    V.i - Pleuritis (can cause chest pain)                


                  X.c
                
X - Systemic/Distant conditions, syndromes and reactions

                    X.c - Capillary leak syndrome (CLS)                


                  X.f
                
X - Systemic/Distant conditions, syndromes and reactions

                    X.f - Anaphylaxis-Anaphylactoid reaction (can be fatal)                


                  X.af
                
X - Systemic/Distant conditions, syndromes and reactions

                    X.af - Thrombotic microangiopathy                


                  XII.g
                
XII - Cardiovascular involvement / toxicity

                    XII.g - Coronary artery disease (acute) - Myocardial ischemia/infarction                


                  XV.a
                
XV - Pathology

                    XV.a - Path: NSIP-cellular pattern (see also Ia, Ib)                


                  XV.c
                
XV - Pathology

                    XV.c - Path: Organizing pneumonia (OP/BOOP) pattern (see also Id)                


                  XV.e
                
XV - Pathology

                    XV.e - Path: ILD with a granulomatous component (see also Im)                


                  XV.g
                
XV - Pathology

                    XV.g - Path: Alveolar hemorrhage (see also IIIa)                


                  XV.w
                
XV - Pathology

                    XV.w - Path: Pulmonary edema (see also II/IIa)                


                  XVI.b
                
XVI - Imaging

                    XVI.b - Imaging: Ground-glass opacities (GGO) / shadowing                


                  XVII.e
                
XVII - Infections & related conditions

                    XVII.e - Pneumocystis jiroveci pneumonia                


                  XIX.a
                
XIX - Cytological, biochemical features of/in BAL, pleural fluid or FNA

                    XIX.a - BAL: An excess proportion of lymphocytes",135410875.0,Both,pemetrexed,Nc1nc(=O)c2c(CCc3ccc(C(=O)NC(CCC(=O)O)C(=O)O)cc3)c[nH]c2[nH]1,1,1,1,0
Penicillamine,"I.a
                
I - Interstitial/parenchymal lung disease

                    I.a - Pneumonitis (ILD), acute and/or severe (may cause ARDS)                


                  I.b
                
I - Interstitial/parenchymal lung disease

                    I.b - Pneumonitis (ILD)                


                  I.c
                
I - Interstitial/parenchymal lung disease

                    I.c - Eosinophilic pneumonia (pulmonary infiltrates and eosinophilia)                


                  I.d
                
I - Interstitial/parenchymal lung disease

                    I.d - Organizing pneumonia pattern (an area or areas of consolidation on imaging)                


                  I.w
                
I - Interstitial/parenchymal lung disease

                    I.w - Rapidly progressive ILD/pulmonary fibrosis (Hamman-Rich syndrome)                


                  II.b
                
II - Pulmonary edema - Acute lung injury - ARDS

                    II.b - ARDS - Acute lung injury                


                  III.a
                
III - Pulmonary/alveolar./airway hemorrhage/bleeding

                    III.a - Alveolar hemorrhage (AH), diffuse AH (DAH)                


                  III.b
                
III - Pulmonary/alveolar./airway hemorrhage/bleeding

                    III.b - Pneumorenal syndrome (w/wo ANCAs)                


                  III.d
                
III - Pulmonary/alveolar./airway hemorrhage/bleeding

                    III.d - Alveolar hemorrhage, diffuse (ANCA-positive/-related)                


                  IV.a
                
IV - Airway involvement

                    IV.a - Bronchospasm - Wheezing - Asthma                


                  IV.c
                
IV - Airway involvement

                    IV.c - Obliterative bronchiolitis (a pattern consistent with) (see also IVn, XVx)                


                  IV.n
                
IV - Airway involvement

                    IV.n - Obstructive airway dysfunction (see also IVc, XVx)                


                  V.a
                
V - Pleural and/or pericardial involvement

                    V.a - Pleural effusion (uni- or bilateral) (can accompany DI-LDs)                


                  IX.a
                
IX - Neuromuscular / CNS involvement - Disordered breathing (during sleep)

                    IX.a - Diaphragm/inspiratory muscle weakness/paralysis (w/wo ARF)                


                  IX.r
                
IX - Neuromuscular / CNS involvement - Disordered breathing (during sleep)

                    IX.r - Myasthenia gravis - Myasthenic-like syndrome                


                  X.d
                
X - Systemic/Distant conditions, syndromes and reactions

                    X.d - Lupus - Lupus syndrome (see also Vd)                


                  X.e
                
X - Systemic/Distant conditions, syndromes and reactions

                    X.e - Autoimmunity-Autoimmune conditions (+ANA, +anti-ds-DNA, +ANCAs, other auto-Abs)                


                  X.j
                
X - Systemic/Distant conditions, syndromes and reactions

                    X.j - Myopathy-Myositis-Polymyositis (see also under Xba)                


                  X.s
                
X - Systemic/Distant conditions, syndromes and reactions

                    X.s - Vasculitis, pulmonary (w/wo AH), extrapulmonary, systemic: ANCA-positive                


                  X.ac
                
X - Systemic/Distant conditions, syndromes and reactions

                    X.ac - Anti-GBM antibody disease (Goodpasture-like or flare of preexisting GS)                


                  XI.t
                
XI - Miscellaneous

                    XI.t - Yellow nail syndrome                


                  XV.z
                
XV - Pathology

                    XV.z - Path: Obliterative (constrictive) bronchiolitis (see also IVc, IVn)                


                  XVII.w
                
XVII - Infections & related conditions

                    XVII.w - Hypogammaglobulinemia - Antibody deficiency",5852.0,Both,penicillamine,CC(C)(S)C(N)C(=O)O,1,1,1,0
Pentamidine,"I.c
                
I - Interstitial/parenchymal lung disease

                    I.c - Eosinophilic pneumonia (pulmonary infiltrates and eosinophilia)                


                  IV.a
                
IV - Airway involvement

                    IV.a - Bronchospasm - Wheezing - Asthma                


                  V.f
                
V - Pleural and/or pericardial involvement

                    V.f - Pneumothorax                


                  X.t
                
X - Systemic/Distant conditions, syndromes and reactions

                    X.t - Jarisch-Herxheimer reaction                


                  XII.f
                
XII - Cardiovascular involvement / toxicity

                    XII.f - Cardiomyopathy (acute, subacute, chronic)                


                  XII.l
                
XII - Cardiovascular involvement / toxicity

                    XII.l - Cardiac arrhythmias or dysrhythmias (AF, VT, VF, TdP)",4735.0,Both,pentamidine,N=C(N)c1ccc(OCCCCCOc2ccc(C(=N)N)cc2)cc1,1,0,1,0
Pentobarbital,"II.a
                
II - Pulmonary edema - Acute lung injury - ARDS

                    II.a - Pulmonary edema, noncardiogenic (NCPE)                


                  IX.d
                
IX - Neuromuscular / CNS involvement - Disordered breathing (during sleep)

                    IX.d - Respiratory failure from ventilatory depression (due to neuromuscular blockade/paralysis)                


                  IX.i
                
IX - Neuromuscular / CNS involvement - Disordered breathing (during sleep)

                    IX.i - Respiratory arrest - Apnea",4737.0,Both,pentobarbital,CCCC(C)C1(CC)C(=O)NC(=O)NC1=O,0,1,0,0
Perampanel,"XII.n
                
XII - Cardiovascular involvement / toxicity

                    XII.n - Cardiovascular collapse - Cardiogenic shock - Hypotension                


                  XII.ag
                
XII - Cardiovascular involvement / toxicity

                    XII.ag - Bradycardia",9924495.0,Both,perampanel,N#Cc1ccccc1-c1cc(-c2ccccn2)cn(-c2ccccc2)c1=O,0,0,0,0
Pergolide,"I.g
                
I - Interstitial/parenchymal lung disease

                    I.g - Pulmonary fibrosis                


                  V.a
                
V - Pleural and/or pericardial involvement

                    V.a - Pleural effusion (uni- or bilateral) (can accompany DI-LDs)                


                  V.c
                
V - Pleural and/or pericardial involvement

                    V.c - Pleural thickening - Fibrothorax                


                  V.m
                
V - Pleural and/or pericardial involvement

                    V.m - Pleuropericarditis - Pleuropericardial effusion (ANA unknown or negative)                


                  VI.b
                
VI - Pulmonary vasculopathies

                    VI.b - Pulmonary arterial hypertension                


                  XII.b
                
XII - Cardiovascular involvement / toxicity

                    XII.b - Valvular heart disease and/or dysfunction                


                  XII.k
                
XII - Cardiovascular involvement / toxicity

                    XII.k - Constrictive pericarditis - Pericardial thickening",47811.0,Both,pergolide,CCCN1CC(CSC)CC2c3cccc4[nH]cc(c34)CC21,1,0,1,1
Perhexiline,"XVI.ap
                
XVI - Imaging

                    XVI.ap - Imaging: Pleural thickening w/wo rounded atelectasis",4746.0,Pneumotox_only,perhexiline,C1CCC(C(CC2CCCCN2)C2CCCCC2)CC1,0,0,1,0
Perindopril,"I.b
                
I - Interstitial/parenchymal lung disease

                    I.b - Pneumonitis (ILD)                


                  I.c
                
I - Interstitial/parenchymal lung disease

                    I.c - Eosinophilic pneumonia (pulmonary infiltrates and eosinophilia)                


                  I.m
                
I - Interstitial/parenchymal lung disease

                    I.m - ILD with a granulomatous component                


                  IV.d
                
IV - Airway involvement

                    IV.d - Cough (lone)                


                  V.b
                
V - Pleural and/or pericardial involvement

                    V.b - Eosinophilic pleural effusion                


                  VIII.a
                
VIII - Central-large-upper airway (incl. pharyngeal-nasal) involvement

                    VIII.a - Angioedema (may cause UAO, asphyxia and death)                


                  VIII.q
                
VIII - Central-large-upper airway (incl. pharyngeal-nasal) involvement

                    VIII.q - Tongue involvement (edema, glossitis, hematoma)                


                  XV.e
                
XV - Pathology

                    XV.e - Path: ILD with a granulomatous component (see also Im)",107807.0,Both,perindopril,CCCC(NC(C)C(=O)N1C(C(=O)O)CC2CCCCC21)C(=O)OCC,1,0,1,0
Permethrin,"XI.d
                
XI - Miscellaneous

                    XI.d - Metabolic acidosis (incl. lactic acidosis/-gap). May cause hyperpnea/dyspnea",40326.0,Pneumotox_only,permethrin,CC1(C)C(C=C(Cl)Cl)C1C(=O)OCc1cccc(Oc2ccccc2)c1,0,0,0,0
Phenacetin,"XIV.a
                
XIV - Hemoglobinopathies - Abnormal hemoglobin states (acquired)

                    XIV.a - Methemoglobinemia                


                  XIV.b
                
XIV - Hemoglobinopathies - Abnormal hemoglobin states (acquired)

                    XIV.b - Sulfhemoglobinemia",4754.0,Pneumotox_only,phenacetin,CCOc1ccc(NC(C)=O)cc1,0,0,0,0
Phenazopyridine,"XIV.a
                
XIV - Hemoglobinopathies - Abnormal hemoglobin states (acquired)

                    XIV.a - Methemoglobinemia                


                  XIV.b
                
XIV - Hemoglobinopathies - Abnormal hemoglobin states (acquired)

                    XIV.b - Sulfhemoglobinemia",4756.0,Pneumotox_only,phenazopyridine,Nc1ccc(N=Nc2ccccc2)c(N)n1,0,0,0,0
Phencyclidine,"XI.g
                
XI - Miscellaneous

                    XI.g - Aspiration, aspiration pneumonia (w/wo demonstrable pharyngeal dysmotility)",6468.0,Both,phencyclidine,c1ccc(C2(N3CCCCC3)CCCCC2)cc1,0,0,0,0
Phendimetrazine,"VI.b
                
VI - Pulmonary vasculopathies

                    VI.b - Pulmonary arterial hypertension                


                  XII.f
                
XII - Cardiovascular involvement / toxicity

                    XII.f - Cardiomyopathy (acute, subacute, chronic)",30487.0,Both,phendimetrazine,CC1C(c2ccccc2)OCCN1C,0,0,0,1
Phenformin,"II.a
                
II - Pulmonary edema - Acute lung injury - ARDS

                    II.a - Pulmonary edema, noncardiogenic (NCPE)                


                  VI.b
                
VI - Pulmonary vasculopathies

                    VI.b - Pulmonary arterial hypertension",8249.0,Pneumotox_only,phenformin,N=C(N)N=C(N)NCCc1ccccc1,0,1,0,1
Phenobarbital,"IX.d
                
IX - Neuromuscular / CNS involvement - Disordered breathing (during sleep)

                    IX.d - Respiratory failure from ventilatory depression (due to neuromuscular blockade/paralysis)                


                  X.a
                
X - Systemic/Distant conditions, syndromes and reactions

                    X.a - DRES syndrome - DRESS-like reaction                


                  XII.h
                
XII - Cardiovascular involvement / toxicity

                    XII.h - Eosinophilic myocarditis                


                  XV.bt
                
XV - Pathology

                    XV.bt - Path: Histiocytic proliferation",4763.0,Both,phenobarbital,CCC1(c2ccccc2)C(=O)NC(=O)NC1=O,0,0,0,0
Phenprocoumon,"III.a
                
III - Pulmonary/alveolar./airway hemorrhage/bleeding

                    III.a - Alveolar hemorrhage (AH), diffuse AH (DAH)                


                  VIII.b
                
VIII - Central-large-upper airway (incl. pharyngeal-nasal) involvement

                    VIII.b - Hematoma of/around central airway wall potentially causing UAO                


                  VIII.q
                
VIII - Central-large-upper airway (incl. pharyngeal-nasal) involvement

                    VIII.q - Tongue involvement (edema, glossitis, hematoma)",54680692.0,Pneumotox_only,phenprocoumon,CCC(c1ccccc1)c1c(O)c2ccccc2oc1=O,0,0,0,0
Phentermine,"VI.b
                
VI - Pulmonary vasculopathies

                    VI.b - Pulmonary arterial hypertension                


                  XII.b
                
XII - Cardiovascular involvement / toxicity

                    XII.b - Valvular heart disease and/or dysfunction",4771.0,Both,phentermine,CC(C)(N)Cc1ccccc1,0,0,0,1
Phenylbutazone,"I.c
                
I - Interstitial/parenchymal lung disease

                    I.c - Eosinophilic pneumonia (pulmonary infiltrates and eosinophilia)                


                  II.a
                
II - Pulmonary edema - Acute lung injury - ARDS

                    II.a - Pulmonary edema, noncardiogenic (NCPE)                


                  VII.a
                
VII - Mediastinal involvement

                    VII.a - Lymphadenopathy (intrathoracic)                


                  X.a
                
X - Systemic/Distant conditions, syndromes and reactions

                    X.a - DRES syndrome - DRESS-like reaction                


                  X.d
                
X - Systemic/Distant conditions, syndromes and reactions

                    X.d - Lupus - Lupus syndrome (see also Vd)                


                  X.k
                
X - Systemic/Distant conditions, syndromes and reactions

                    X.k - Sarcoid-like granulomatosis (endo-/extrathoracic)                


                  XV.ba
                
XV - Pathology

                    XV.ba - Path: Granulomatous lymphadenopathy",4781.0,Both,phenylbutazone,CCCCc1c(O)n(-c2ccccc2)n(-c2ccccc2)c1=O,1,1,0,0
Phenylephrine,"II.a
                
II - Pulmonary edema - Acute lung injury - ARDS

                    II.a - Pulmonary edema, noncardiogenic (NCPE)                


                  II.d
                
II - Pulmonary edema - Acute lung injury - ARDS

                    II.d - Pulmonary edema, cardiogenic                


                  II.i
                
II - Pulmonary edema - Acute lung injury - ARDS

                    II.i - Flash (fulminate) pulmonary edema                


                  IV.a
                
IV - Airway involvement

                    IV.a - Bronchospasm - Wheezing - Asthma",6041.0,Both,phenylephrine,CNCC(O)c1cccc(O)c1,0,1,0,0
Phenylpropanolamine,"VI.b
                
VI - Pulmonary vasculopathies

                    VI.b - Pulmonary arterial hypertension                


                  XII.f
                
XII - Cardiovascular involvement / toxicity

                    XII.f - Cardiomyopathy (acute, subacute, chronic)",4786.0,Both,phenylpropanolamine,CC(N)C(O)c1ccccc1,0,0,0,1
Pholcodine,"IV.d
                
IV - Airway involvement

                    IV.d - Cough (lone)",5311356.0,Pneumotox_only,pholcodine,CN1CCC23c4c5ccc(OCCN6CCOCC6)c4OC2C(O)C=CC3C1C5,0,0,0,0
Pindolol,"I.g
                
I - Interstitial/parenchymal lung disease

                    I.g - Pulmonary fibrosis                


                  V.d
                
V - Pleural and/or pericardial involvement

                    V.d - Pleural/pericardial effusion, ANA positive (DI lupus)                


                  X.d
                
X - Systemic/Distant conditions, syndromes and reactions

                    X.d - Lupus - Lupus syndrome (see also Vd)                


                  XI.r
                
XI - Miscellaneous

                    XI.r - Death following exposure or poisoning",4828.0,Both,pindolol,CC(C)NCC(O)COc1cccc2[nH]ccc12,1,0,1,0
Pioglitazone,"I.b
                
I - Interstitial/parenchymal lung disease

                    I.b - Pneumonitis (ILD)                


                  II.a
                
II - Pulmonary edema - Acute lung injury - ARDS

                    II.a - Pulmonary edema, noncardiogenic (NCPE)                


                  II.d
                
II - Pulmonary edema - Acute lung injury - ARDS

                    II.d - Pulmonary edema, cardiogenic                


                  V.a
                
V - Pleural and/or pericardial involvement

                    V.a - Pleural effusion (uni- or bilateral) (can accompany DI-LDs)                


                  XII.f
                
XII - Cardiovascular involvement / toxicity

                    XII.f - Cardiomyopathy (acute, subacute, chronic)",4829.0,Both,pioglitazone,CCc1ccc(CCOc2ccc(Cc3sc(=O)[nH]c3O)cc2)nc1,1,1,1,0
Piperazine,"XIV.a
                
XIV - Hemoglobinopathies - Abnormal hemoglobin states (acquired)

                    XIV.a - Methemoglobinemia",4837.0,Pneumotox_only,piperazine,C1CNCCN1,0,0,0,0
Pirfenidone,"I.b
                
I - Interstitial/parenchymal lung disease

                    I.b - Pneumonitis (ILD)                


                  I.c
                
I - Interstitial/parenchymal lung disease

                    I.c - Eosinophilic pneumonia (pulmonary infiltrates and eosinophilia)                


                  I.m
                
I - Interstitial/parenchymal lung disease

                    I.m - ILD with a granulomatous component                


                  III.a
                
III - Pulmonary/alveolar./airway hemorrhage/bleeding

                    III.a - Alveolar hemorrhage (AH), diffuse AH (DAH)                


                  IV.a
                
IV - Airway involvement

                    IV.a - Bronchospasm - Wheezing - Asthma                


                  VIII.a
                
VIII - Central-large-upper airway (incl. pharyngeal-nasal) involvement

                    VIII.a - Angioedema (may cause UAO, asphyxia and death)                


                  X.a
                
X - Systemic/Distant conditions, syndromes and reactions

                    X.a - DRES syndrome - DRESS-like reaction                


                  X.g
                
X - Systemic/Distant conditions, syndromes and reactions

                    X.g - Hypersensitivity reaction (may manifest with fever and/or skin, throat or airway involvement)                


                  X.k
                
X - Systemic/Distant conditions, syndromes and reactions

                    X.k - Sarcoid-like granulomatosis (endo-/extrathoracic)                


                  XV.e
                
XV - Pathology

                    XV.e - Path: ILD with a granulomatous component (see also Im)                


                  XV.ba
                
XV - Pathology

                    XV.ba - Path: Granulomatous lymphadenopathy                


                  XVII.g
                
XVII - Infections & related conditions

                    XVII.g - Tuberculosis (pulmonary, pulmonary, extrapulmonary or disseminated). Reactivation or de novo",40632.0,Both,pirfenidone,Cc1ccc(=O)n(-c2ccccc2)c1,1,0,0,0
Piritrexim,"I.b
                
I - Interstitial/parenchymal lung disease

                    I.b - Pneumonitis (ILD)",54369.0,Pneumotox_only,piritrexim,COc1ccc(OC)c(Cc2cnc3nc(N)nc(N)c3c2C)c1,1,0,0,0
Piroxicam,"I.c
                
I - Interstitial/parenchymal lung disease

                    I.c - Eosinophilic pneumonia (pulmonary infiltrates and eosinophilia)                


                  VIII.a
                
VIII - Central-large-upper airway (incl. pharyngeal-nasal) involvement

                    VIII.a - Angioedema (may cause UAO, asphyxia and death)                


                  X.c
                
X - Systemic/Distant conditions, syndromes and reactions

                    X.c - Capillary leak syndrome (CLS)",54676228.0,Both,piroxicam,CN1C(C(=O)Nc2ccccn2)C(=O)c2ccccc2S1(=O)=O,1,0,0,0
Pomalidomide,"I.a
                
I - Interstitial/parenchymal lung disease

                    I.a - Pneumonitis (ILD), acute and/or severe (may cause ARDS)                


                  I.b
                
I - Interstitial/parenchymal lung disease

                    I.b - Pneumonitis (ILD)                


                  I.c
                
I - Interstitial/parenchymal lung disease

                    I.c - Eosinophilic pneumonia (pulmonary infiltrates and eosinophilia)                


                  I.g
                
I - Interstitial/parenchymal lung disease

                    I.g - Pulmonary fibrosis                


                  XVII.a
                
XVII - Infections & related conditions

                    XVII.a - Respiratory tract infection incl. pneumonia                


                  XIX.c
                
XIX - Cytological, biochemical features of/in BAL, pleural fluid or FNA

                    XIX.c - BAL: An excess proportion of eosinophils",134780.0,Both,pomalidomide,Nc1cccc2c1C(=O)N(C1CCC(=O)NC1=O)C2=O,1,0,1,0
Ponatinib,"I.a
                
I - Interstitial/parenchymal lung disease

                    I.a - Pneumonitis (ILD), acute and/or severe (may cause ARDS)                


                  I.b
                
I - Interstitial/parenchymal lung disease

                    I.b - Pneumonitis (ILD)                


                  II.b
                
II - Pulmonary edema - Acute lung injury - ARDS

                    II.b - ARDS - Acute lung injury                


                  VI.b
                
VI - Pulmonary vasculopathies

                    VI.b - Pulmonary arterial hypertension                


                  XII.a
                
XII - Cardiovascular involvement / toxicity

                    XII.a - Left or biventricular dysfunction/failure                


                  XII.g
                
XII - Cardiovascular involvement / toxicity

                    XII.g - Coronary artery disease (acute) - Myocardial ischemia/infarction",24826799.0,Both,ponatinib,Cc1ccc(C(=O)Nc2ccc(CN3CCN(C)CC3)c(C(F)(F)F)c2)cc1C#Cc1cnc2cccnn12,1,1,0,1
Poziotinib,"I.b
                
I - Interstitial/parenchymal lung disease

                    I.b - Pneumonitis (ILD)",25127713.0,Pneumotox_only,poziotinib,C=CC(=O)N1CCC(Oc2cc3c(Nc4ccc(Cl)c(Cl)c4F)ncnc3cc2OC)CC1,1,0,0,0
Practolol,"I.b
                
I - Interstitial/parenchymal lung disease

                    I.b - Pneumonitis (ILD)                


                  IV.a
                
IV - Airway involvement

                    IV.a - Bronchospasm - Wheezing - Asthma                


                  V.a
                
V - Pleural and/or pericardial involvement

                    V.a - Pleural effusion (uni- or bilateral) (can accompany DI-LDs)                


                  V.c
                
V - Pleural and/or pericardial involvement

                    V.c - Pleural thickening - Fibrothorax                


                  V.m
                
V - Pleural and/or pericardial involvement

                    V.m - Pleuropericarditis - Pleuropericardial effusion (ANA unknown or negative)                


                  X.d
                
X - Systemic/Distant conditions, syndromes and reactions

                    X.d - Lupus - Lupus syndrome (see also Vd)                


                  XII.k
                
XII - Cardiovascular involvement / toxicity

                    XII.k - Constrictive pericarditis - Pericardial thickening",4883.0,Pneumotox_only,practolol,CC(=O)Nc1ccc(OCC(O)CNC(C)C)cc1,1,0,1,0
Pramipexole,"IX.f
                
IX - Neuromuscular / CNS involvement - Disordered breathing (during sleep)

                    IX.f - Hiccup                


                  XII.a
                
XII - Cardiovascular involvement / toxicity

                    XII.a - Left or biventricular dysfunction/failure                


                  XII.b
                
XII - Cardiovascular involvement / toxicity

                    XII.b - Valvular heart disease and/or dysfunction",119570.0,Both,pramipexole,CCCNC1CCc2nc(N)sc2C1,0,0,0,0
Pranlukast,"I.b
                
I - Interstitial/parenchymal lung disease

                    I.b - Pneumonitis (ILD)                


                  I.c
                
I - Interstitial/parenchymal lung disease

                    I.c - Eosinophilic pneumonia (pulmonary infiltrates and eosinophilia)                


                  X.h
                
X - Systemic/Distant conditions, syndromes and reactions

                    X.h - Eosinophilic granulomatosis with polyangiitis (Churg-Strauss)                


                  XII.f
                
XII - Cardiovascular involvement / toxicity

                    XII.f - Cardiomyopathy (acute, subacute, chronic)                


                  XII.h
                
XII - Cardiovascular involvement / toxicity

                    XII.h - Eosinophilic myocarditis",4887.0,Pneumotox_only,pranlukast,O=C(Nc1cccc2c(=O)cc(-c3nn[nH]n3)oc12)c1ccc(OCCCCc2ccccc2)cc1,1,0,0,0
Pranoprofen,"I.c
                
I - Interstitial/parenchymal lung disease

                    I.c - Eosinophilic pneumonia (pulmonary infiltrates and eosinophilia)",4888.0,Pneumotox_only,pranoprofen,CC(C(=O)O)c1ccc2c(c1)Cc1cccnc1O2,1,0,0,0
Prasugrel,"IV.a
                
IV - Airway involvement

                    IV.a - Bronchospasm - Wheezing - Asthma                


                  VIII.a
                
VIII - Central-large-upper airway (incl. pharyngeal-nasal) involvement

                    VIII.a - Angioedema (may cause UAO, asphyxia and death)",6918456.0,Both,prasugrel,CC(=O)Oc1cc2c(s1)CCN(C(C(=O)C1CC1)c1ccccc1F)C2,0,0,0,0
Pravastatin,"I.b
                
I - Interstitial/parenchymal lung disease

                    I.b - Pneumonitis (ILD)                


                  I.d
                
I - Interstitial/parenchymal lung disease

                    I.d - Organizing pneumonia pattern (an area or areas of consolidation on imaging)                


                  I.aq
                
I - Interstitial/parenchymal lung disease

                    I.aq - Interstitial Pneumonitis with Autoimmune Features (IPAF)                


                  V.a
                
V - Pleural and/or pericardial involvement

                    V.a - Pleural effusion (uni- or bilateral) (can accompany DI-LDs)                


                  VIII.a
                
VIII - Central-large-upper airway (incl. pharyngeal-nasal) involvement

                    VIII.a - Angioedema (may cause UAO, asphyxia and death)                


                  X.j
                
X - Systemic/Distant conditions, syndromes and reactions

                    X.j - Myopathy-Myositis-Polymyositis (see also under Xba)                


                  XI.b
                
XI - Miscellaneous

                    XI.b - Chest pain (acute or subacute), lone or prominent",54687.0,Both,pravastatin,CCC(C)C(=O)OC1CC(O)C=C2C=CC(C)C(CCC(O)CC(O)CC(=O)O)C21,1,0,1,0
Praziquantel,"I.a
                
I - Interstitial/parenchymal lung disease

                    I.a - Pneumonitis (ILD), acute and/or severe (may cause ARDS)                


                  V.a
                
V - Pleural and/or pericardial involvement

                    V.a - Pleural effusion (uni- or bilateral) (can accompany DI-LDs)                


                  V.i
                
V - Pleural and/or pericardial involvement

                    V.i - Pleuritis (can cause chest pain)                


                  V.m
                
V - Pleural and/or pericardial involvement

                    V.m - Pleuropericarditis - Pleuropericardial effusion (ANA unknown or negative)                


                  X.g
                
X - Systemic/Distant conditions, syndromes and reactions

                    X.g - Hypersensitivity reaction (may manifest with fever and/or skin, throat or airway involvement)                


                  X.t
                
X - Systemic/Distant conditions, syndromes and reactions

                    X.t - Jarisch-Herxheimer reaction",4891.0,Both,praziquantel,O=C(C1CCCCC1)N1CC(=O)N2CCc3ccccc3C2C1,1,0,1,0
Prazosin,"VIII.a
                
VIII - Central-large-upper airway (incl. pharyngeal-nasal) involvement

                    VIII.a - Angioedema (may cause UAO, asphyxia and death)",4893.0,Both,prazosin,COc1cc2nc(N3CCN(C(=O)c4ccco4)CC3)nc(N)c2cc1OC,0,0,0,0
Prednisone,"X.n
                
X - Systemic/Distant conditions, syndromes and reactions

                    X.n - Tumor lysis syndrome (TLS)                


                  XVII.e
                
XVII - Infections & related conditions

                    XVII.e - Pneumocystis jiroveci pneumonia",5865.0,Both,prednisone,CC12C=CC(=O)C=C1CCC1C2C(=O)CC2(C)C1CCC2(O)C(=O)CO,0,0,0,0
Pregabalin,"I.b
                
I - Interstitial/parenchymal lung disease

                    I.b - Pneumonitis (ILD)                


                  VIII.a
                
VIII - Central-large-upper airway (incl. pharyngeal-nasal) involvement

                    VIII.a - Angioedema (may cause UAO, asphyxia and death)                


                  IX.d
                
IX - Neuromuscular / CNS involvement - Disordered breathing (during sleep)

                    IX.d - Respiratory failure from ventilatory depression (due to neuromuscular blockade/paralysis)                


                  IX.p
                
IX - Neuromuscular / CNS involvement - Disordered breathing (during sleep)

                    IX.p - Disordered breathing during sleep - Sleep apnea                


                  IX.v
                
IX - Neuromuscular / CNS involvement - Disordered breathing (during sleep)

                    IX.v - Generalized myopathy/muscle weakness                


                  X.a
                
X - Systemic/Distant conditions, syndromes and reactions

                    X.a - DRES syndrome - DRESS-like reaction                


                  XI.r
                
XI - Miscellaneous

                    XI.r - Death following exposure or poisoning                


                  XII.s
                
XII - Cardiovascular involvement / toxicity

                    XII.s - Heart block (bundle branch- or AV-)",5486971.0,Both,pregabalin,CC(C)CC(CN)CC(=O)O,1,0,0,0
Primaquine,"I.d
                
I - Interstitial/parenchymal lung disease

                    I.d - Organizing pneumonia pattern (an area or areas of consolidation on imaging)                


                  XI.a
                
XI - Miscellaneous

                    XI.a - Cyanosis, a low SpO2 and normal measured PaO2                


                  XIV.a
                
XIV - Hemoglobinopathies - Abnormal hemoglobin states (acquired)

                    XIV.a - Methemoglobinemia                


                  XV.c
                
XV - Pathology

                    XV.c - Path: Organizing pneumonia (OP/BOOP) pattern (see also Id)",4908.0,Pneumotox_only,primaquine,COc1cc(NC(C)CCCN)c2ncccc2c1,1,0,0,0
Primidone,"X.a
                
X - Systemic/Distant conditions, syndromes and reactions

                    X.a - DRES syndrome - DRESS-like reaction                


                  X.d
                
X - Systemic/Distant conditions, syndromes and reactions

                    X.d - Lupus - Lupus syndrome (see also Vd)                


                  XII.as
                
XII - Cardiovascular involvement / toxicity

                    XII.as - Giant cell myocarditis",4909.0,Both,primidone,CCC1(c2ccccc2)C(=O)NCNC1=O,0,0,0,0
Prinomastat,"VI.a
                
VI - Pulmonary vasculopathies

                    VI.a - Pulmonary embolism - Venous thrombosis/thromboembolism",466151.0,Pneumotox_only,prinomastat,CC1(C)SCCN(S(=O)(=O)c2ccc(Oc3ccncc3)cc2)C1C(O)=NO,0,0,0,1
Pristane,"III.a
                
III - Pulmonary/alveolar./airway hemorrhage/bleeding

                    III.a - Alveolar hemorrhage (AH), diffuse AH (DAH)                


                  VI.d
                
VI - Pulmonary vasculopathies

                    VI.d - Pulmonary vasculitis or capillaritis",15979.0,Pneumotox_only,pristane,CC(C)CCCC(C)CCCC(C)CCCC(C)C,0,0,0,1
Procarbazine,"I.a
                
I - Interstitial/parenchymal lung disease

                    I.a - Pneumonitis (ILD), acute and/or severe (may cause ARDS)                


                  I.b
                
I - Interstitial/parenchymal lung disease

                    I.b - Pneumonitis (ILD)                


                  I.c
                
I - Interstitial/parenchymal lung disease

                    I.c - Eosinophilic pneumonia (pulmonary infiltrates and eosinophilia)                


                  I.h
                
I - Interstitial/parenchymal lung disease

                    I.h - Subclinical pulmonary infiltrates/ILD                


                  V.i
                
V - Pleural and/or pericardial involvement

                    V.i - Pleuritis (can cause chest pain)                


                  XV.e
                
XV - Pathology

                    XV.e - Path: ILD with a granulomatous component (see also Im)",4915.0,Both,procarbazine,CNNCc1ccc(C(=O)NC(C)C)cc1,1,0,1,0
Progesterone,"I.c
                
I - Interstitial/parenchymal lung disease

                    I.c - Eosinophilic pneumonia (pulmonary infiltrates and eosinophilia)                


                  I.e
                
I - Interstitial/parenchymal lung disease

                    I.e - Acute eosinophilic pneumonia (AEP)                


                  I.j
                
I - Interstitial/parenchymal lung disease

                    I.j - Exogenous lipoid pneumonia (subacute, acute)                


                  VI.e
                
VI - Pulmonary vasculopathies

                    VI.e - Fat/oil embolism - The FES embolism syndrome",5994.0,Both,progesterone,CC(=O)C1CCC2C3CC=C4CC(=O)CCC4(C)C3CCC12C,1,0,0,1
Proguanil,"I.c
                
I - Interstitial/parenchymal lung disease

                    I.c - Eosinophilic pneumonia (pulmonary infiltrates and eosinophilia)                


                  X.a
                
X - Systemic/Distant conditions, syndromes and reactions

                    X.a - DRES syndrome - DRESS-like reaction",6178111.0,Both,proguanil,CC(C)N=C(N)N=C(N)Nc1ccc(Cl)cc1,1,0,0,0
Propafenone,"IV.a
                
IV - Airway involvement

                    IV.a - Bronchospasm - Wheezing - Asthma                


                  IV.q
                
IV - Airway involvement

                    IV.q - Reactive airway dysfunction syndrome (RADS)                


                  VIII.a
                
VIII - Central-large-upper airway (incl. pharyngeal-nasal) involvement

                    VIII.a - Angioedema (may cause UAO, asphyxia and death)",4932.0,Both,propafenone,CCCNCC(O)COc1ccccc1C(=O)CCc1ccccc1,0,0,0,0
Propane,"VIII.d
                
VIII - Central-large-upper airway (incl. pharyngeal-nasal) involvement

                    VIII.d - Thermal (burns, frostbite), chemical or caustic injury on the face, mouth, tongue, pharynx or upper airway                


                  XI.r
                
XI - Miscellaneous

                    XI.r - Death following exposure or poisoning                


                  XI.s
                
XI - Miscellaneous

                    XI.s - Sniffing death - Death from inhalation of compound",6334.0,Pneumotox_only,propane,CCC,0,0,0,0
Propanil,"XIV.a
                
XIV - Hemoglobinopathies - Abnormal hemoglobin states (acquired)

                    XIV.a - Methemoglobinemia",4933.0,Pneumotox_only,propanil,CCC(=O)Nc1ccc(Cl)c(Cl)c1,0,0,0,0
Propanol,,1031.0,Pneumotox_only,propanol,CCCO,0,0,0,0
Propofol,"II.a
                
II - Pulmonary edema - Acute lung injury - ARDS

                    II.a - Pulmonary edema, noncardiogenic (NCPE)                


                  II.b
                
II - Pulmonary edema - Acute lung injury - ARDS

                    II.b - ARDS - Acute lung injury                


                  II.f
                
II - Pulmonary edema - Acute lung injury - ARDS

                    II.f - Hypoxemia, low oxygen saturation (may occur in isolation)                


                  II.i
                
II - Pulmonary edema - Acute lung injury - ARDS

                    II.i - Flash (fulminate) pulmonary edema                


                  IV.a
                
IV - Airway involvement

                    IV.a - Bronchospasm - Wheezing - Asthma                


                  IV.b
                
IV - Airway involvement

                    IV.b - Bronchospasm and angioedema                


                  IV.d
                
IV - Airway involvement

                    IV.d - Cough (lone)                


                  IV.e
                
IV - Airway involvement

                    IV.e - Cough (acute, violent, explosive)                


                  IV.f
                
IV - Airway involvement

                    IV.f - Severe or catastrophic bronchospasm or asthma attack (can be fatal)                


                  VI.e
                
VI - Pulmonary vasculopathies

                    VI.e - Fat/oil embolism - The FES embolism syndrome                


                  VIII.h
                
VIII - Central-large-upper airway (incl. pharyngeal-nasal) involvement

                    VIII.h - Vocal cord dysfunction, adduction, closure, injury                


                  IX.d
                
IX - Neuromuscular / CNS involvement - Disordered breathing (during sleep)

                    IX.d - Respiratory failure from ventilatory depression (due to neuromuscular blockade/paralysis)                


                  IX.i
                
IX - Neuromuscular / CNS involvement - Disordered breathing (during sleep)

                    IX.i - Respiratory arrest - Apnea                


                  IX.p
                
IX - Neuromuscular / CNS involvement - Disordered breathing (during sleep)

                    IX.p - Disordered breathing during sleep - Sleep apnea                


                  X.f
                
X - Systemic/Distant conditions, syndromes and reactions

                    X.f - Anaphylaxis-Anaphylactoid reaction (can be fatal)                


                  X.u
                
X - Systemic/Distant conditions, syndromes and reactions

                    X.u - Multiple organ dysfunction/failure (MODS/MOF)                


                  X.aa
                
X - Systemic/Distant conditions, syndromes and reactions

                    X.aa - Propofol infusion syndrome (PRIS)                


                  XI.d
                
XI - Miscellaneous

                    XI.d - Metabolic acidosis (incl. lactic acidosis/-gap). May cause hyperpnea/dyspnea                


                  XI.r
                
XI - Miscellaneous

                    XI.r - Death following exposure or poisoning                


                  XI.x
                
XI - Miscellaneous

                    XI.x - Addictive risk                


                  XII.a
                
XII - Cardiovascular involvement / toxicity

                    XII.a - Left or biventricular dysfunction/failure                


                  XII.m
                
XII - Cardiovascular involvement / toxicity

                    XII.m - Cardiac- cardiorespiratory/pulmonary arrest                


                  XII.n
                
XII - Cardiovascular involvement / toxicity

                    XII.n - Cardiovascular collapse - Cardiogenic shock - Hypotension                


                  XII.w
                
XII - Cardiovascular involvement / toxicity

                    XII.w - Asystole                


                  XV.ae
                
XV - Pathology

                    XV.ae - Path: Lipid/fat embolism (see also VIe)                


                  XXIV.h
                
XXIV - Veterinary medicine

                    XXIV.h - Veterinary: Anaphylaxis/Anaphylactoid reaction",4943.0,Both,propofol,CC(C)c1cccc(C(C)C)c1O,0,1,0,1
Propoxyphene,"I.b
                
I - Interstitial/parenchymal lung disease

                    I.b - Pneumonitis (ILD)                


                  I.c
                
I - Interstitial/parenchymal lung disease

                    I.c - Eosinophilic pneumonia (pulmonary infiltrates and eosinophilia)                


                  II.a
                
II - Pulmonary edema - Acute lung injury - ARDS

                    II.a - Pulmonary edema, noncardiogenic (NCPE)                


                  XII.a
                
XII - Cardiovascular involvement / toxicity

                    XII.a - Left or biventricular dysfunction/failure",10100.0,Both,propoxyphene,CCC(=O)OC(Cc1ccccc1)(c1ccccc1)C(C)CN(C)C,1,1,0,0
Propranolol,"I.b
                
I - Interstitial/parenchymal lung disease

                    I.b - Pneumonitis (ILD)                


                  II.a
                
II - Pulmonary edema - Acute lung injury - ARDS

                    II.a - Pulmonary edema, noncardiogenic (NCPE)                


                  II.d
                
II - Pulmonary edema - Acute lung injury - ARDS

                    II.d - Pulmonary edema, cardiogenic                


                  IV.a
                
IV - Airway involvement

                    IV.a - Bronchospasm - Wheezing - Asthma                


                  IV.f
                
IV - Airway involvement

                    IV.f - Severe or catastrophic bronchospasm or asthma attack (can be fatal)                


                  VIII.e
                
VIII - Central-large-upper airway (incl. pharyngeal-nasal) involvement

                    VIII.e - Laryngospasm (a.k.a. laryngismus)                


                  IX.i
                
IX - Neuromuscular / CNS involvement - Disordered breathing (during sleep)

                    IX.i - Respiratory arrest - Apnea                


                  X.d
                
X - Systemic/Distant conditions, syndromes and reactions

                    X.d - Lupus - Lupus syndrome (see also Vd)                


                  XI.r
                
XI - Miscellaneous

                    XI.r - Death following exposure or poisoning                


                  XI.af
                
XI - Miscellaneous

                    XI.af - Refractoriness to epineprine in case of anaphylaxis                


                  XII.a
                
XII - Cardiovascular involvement / toxicity

                    XII.a - Left or biventricular dysfunction/failure                


                  XII.n
                
XII - Cardiovascular involvement / toxicity

                    XII.n - Cardiovascular collapse - Cardiogenic shock - Hypotension                


                  XII.p
                
XII - Cardiovascular involvement / toxicity

                    XII.p - QTc prolongation",4946.0,Both,propranolol,CC(C)NCC(O)COc1cccc2ccccc12,1,1,0,0
Propylene glycol,"IV.a
                
IV - Airway involvement

                    IV.a - Bronchospasm - Wheezing - Asthma                


                  X.u
                
X - Systemic/Distant conditions, syndromes and reactions

                    X.u - Multiple organ dysfunction/failure (MODS/MOF)                


                  XI.d
                
XI - Miscellaneous

                    XI.d - Metabolic acidosis (incl. lactic acidosis/-gap). May cause hyperpnea/dyspnea",1030.0,Both,propylene glycol,CC(O)CO,0,0,0,0
Propylhexedrine,"VI.b
                
VI - Pulmonary vasculopathies

                    VI.b - Pulmonary arterial hypertension                


                  XII.g
                
XII - Cardiovascular involvement / toxicity

                    XII.g - Coronary artery disease (acute) - Myocardial ischemia/infarction",7558.0,Pneumotox_only,propylhexedrine,CNC(C)CC1CCCCC1,0,0,0,1
Propyliodone,"I.af
                
I - Interstitial/parenchymal lung disease

                    I.af - Chemical (toxic) pneumonitis",4949.0,Pneumotox_only,propyliodone,CCCOC(=O)Cn1cc(I)c(=O)c(I)c1,1,0,0,0
Psyllium,"IV.a
                
IV - Airway involvement

                    IV.a - Bronchospasm - Wheezing - Asthma                


                  IV.b
                
IV - Airway involvement

                    IV.b - Bronchospasm and angioedema                


                  IV.f
                
IV - Airway involvement

                    IV.f - Severe or catastrophic bronchospasm or asthma attack (can be fatal)                


                  IV.aa
                
IV - Airway involvement

                    IV.aa - Occupational asthma                


                  VIII.a
                
VIII - Central-large-upper airway (incl. pharyngeal-nasal) involvement

                    VIII.a - Angioedema (may cause UAO, asphyxia and death)                


                  X.f
                
X - Systemic/Distant conditions, syndromes and reactions

                    X.f - Anaphylaxis-Anaphylactoid reaction (can be fatal)                


                  XV.aa
                
XV - Pathology

                    XV.aa - Path: Foreign body bronchiolitis (see also IVi)",181572.0,Pneumotox_only,psyllium,CCCCCCCCCCCCCCCCCCCCCCCCCCCCCCCCC(=O)O,0,0,0,0
Pyrazinamide,"X.a
                
X - Systemic/Distant conditions, syndromes and reactions

                    X.a - DRES syndrome - DRESS-like reaction",1046.0,Both,pyrazinamide,NC(=O)c1cnccn1,0,0,0,0
Pyribenzamine,"XV.q
                
XV - Pathology

                    XV.q - Path: Foreign body deposits/granulomatous reaction",44370233.0,Pneumotox_only,pyribenzamine,c1ccc(CN(CCN2CC2)c2ccccn2)cc1,0,0,0,0
Pyrimethamine,"II.a
                
II - Pulmonary edema - Acute lung injury - ARDS

                    II.a - Pulmonary edema, noncardiogenic (NCPE)                


                  V.a
                
V - Pleural and/or pericardial involvement

                    V.a - Pleural effusion (uni- or bilateral) (can accompany DI-LDs)",4993.0,Both,pyrimethamine,CCc1nc(N)nc(N)c1-c1ccc(Cl)cc1,0,1,1,0
Quetiapine,"I.b
                
I - Interstitial/parenchymal lung disease

                    I.b - Pneumonitis (ILD)                


                  II.b
                
II - Pulmonary edema - Acute lung injury - ARDS

                    II.b - ARDS - Acute lung injury                


                  IX.d
                
IX - Neuromuscular / CNS involvement - Disordered breathing (during sleep)

                    IX.d - Respiratory failure from ventilatory depression (due to neuromuscular blockade/paralysis)",5002.0,Both,quetiapine,OCCOCCN1CCN(C2=Nc3ccccc3Sc3ccccc32)CC1,1,1,0,0
Quinine,"I.b
                
I - Interstitial/parenchymal lung disease

                    I.b - Pneumonitis (ILD)                


                  I.c
                
I - Interstitial/parenchymal lung disease

                    I.c - Eosinophilic pneumonia (pulmonary infiltrates and eosinophilia)                


                  I.d
                
I - Interstitial/parenchymal lung disease

                    I.d - Organizing pneumonia pattern (an area or areas of consolidation on imaging)                


                  II.a
                
II - Pulmonary edema - Acute lung injury - ARDS

                    II.a - Pulmonary edema, noncardiogenic (NCPE)                


                  II.b
                
II - Pulmonary edema - Acute lung injury - ARDS

                    II.b - ARDS - Acute lung injury                


                  II.j
                
II - Pulmonary edema - Acute lung injury - ARDS

                    II.j - Transient pulmonary opacities/infiltrates (see also under Iav)                


                  III.a
                
III - Pulmonary/alveolar./airway hemorrhage/bleeding

                    III.a - Alveolar hemorrhage (AH), diffuse AH (DAH)                


                  III.m
                
III - Pulmonary/alveolar./airway hemorrhage/bleeding

                    III.m - Coagulopathy                


                  VIII.b
                
VIII - Central-large-upper airway (incl. pharyngeal-nasal) involvement

                    VIII.b - Hematoma of/around central airway wall potentially causing UAO                


                  VIII.d
                
VIII - Central-large-upper airway (incl. pharyngeal-nasal) involvement

                    VIII.d - Thermal (burns, frostbite), chemical or caustic injury on the face, mouth, tongue, pharynx or upper airway                


                  X.a
                
X - Systemic/Distant conditions, syndromes and reactions

                    X.a - DRES syndrome - DRESS-like reaction                


                  X.f
                
X - Systemic/Distant conditions, syndromes and reactions

                    X.f - Anaphylaxis-Anaphylactoid reaction (can be fatal)                


                  X.g
                
X - Systemic/Distant conditions, syndromes and reactions

                    X.g - Hypersensitivity reaction (may manifest with fever and/or skin, throat or airway involvement)                


                  X.h
                
X - Systemic/Distant conditions, syndromes and reactions

                    X.h - Eosinophilic granulomatosis with polyangiitis (Churg-Strauss)                


                  X.m
                
X - Systemic/Distant conditions, syndromes and reactions

                    X.m - Vascultis (pulmonary, extrathoracic or systemic)-ANCA status unknown or negative)                


                  X.ad
                
X - Systemic/Distant conditions, syndromes and reactions

                    X.ad - Skin purpura, ecchymoses or necrosis                


                  X.af
                
X - Systemic/Distant conditions, syndromes and reactions

                    X.af - Thrombotic microangiopathy                


                  XI.b
                
XI - Miscellaneous

                    XI.b - Chest pain (acute or subacute), lone or prominent                


                  XIV.a
                
XIV - Hemoglobinopathies - Abnormal hemoglobin states (acquired)

                    XIV.a - Methemoglobinemia                


                  XV.c
                
XV - Pathology

                    XV.c - Path: Organizing pneumonia (OP/BOOP) pattern (see also Id)",3034034.0,Both,quinine,C=CC1CN2CCC1CC2C(O)c1ccnc2ccc(OC)cc12,1,1,0,0
Quinolones,"I.b
                
I - Interstitial/parenchymal lung disease

                    I.b - Pneumonitis (ILD)                


                  I.c
                
I - Interstitial/parenchymal lung disease

                    I.c - Eosinophilic pneumonia (pulmonary infiltrates and eosinophilia)                


                  X.f
                
X - Systemic/Distant conditions, syndromes and reactions

                    X.f - Anaphylaxis-Anaphylactoid reaction (can be fatal)                


                  XV.b
                
XV - Pathology

                    XV.b - Path: Eosinophilic pneumonia (subacute or acute)  (see also Ic)                


                  XV.e
                
XV - Pathology

                    XV.e - Path: ILD with a granulomatous component (see also Im)",6038.0,Pneumotox_only,quinolones,O=c1ccc2ccccc2[nH]1,1,0,0,0
Rabacfosadine,"XXIV.b
                
XXIV - Veterinary medicine

                    XXIV.b - Veterinary: Pulmonary fibrosis",16047979.0,Pneumotox_only,rabacfosadine,CCOC(=O)C(C)NP(=O)(COCCn1cnc2c(NC3CC3)nc(N)nc21)NC(C)C(=O)OCC,1,0,0,0
Raloxifene,"VI.a
                
VI - Pulmonary vasculopathies

                    VI.a - Pulmonary embolism - Venous thrombosis/thromboembolism",5035.0,Both,raloxifene,O=C(c1ccc(OCCN2CCCCC2)cc1)c1c(-c2ccc(O)cc2)sc2cc(O)ccc12,0,0,0,1
Raltegravir,"X.a
                
X - Systemic/Distant conditions, syndromes and reactions

                    X.a - DRES syndrome - DRESS-like reaction",23668479.0,Both,raltegravir,Cc1nnc(C(=O)NC(C)(C)c2nc(C(=O)NCc3ccc(F)cc3)c([O-])c(=O)n2C)o1,0,0,0,0
Raltitrexed,"I.b
                
I - Interstitial/parenchymal lung disease

                    I.b - Pneumonitis (ILD)                


                  X.q
                
X - Systemic/Distant conditions, syndromes and reactions

                    X.q - Systemic inflammatory response",135400182.0,Both,raltitrexed,Cc1nc(=O)c2cc(CN(C)c3ccc(C(=O)NC(CCC(=O)O)C(=O)O)s3)ccc2[nH]1,1,0,0,0
Ramipril,"IV.d
                
IV - Airway involvement

                    IV.d - Cough (lone)                


                  V.m
                
V - Pleural and/or pericardial involvement

                    V.m - Pleuropericarditis - Pleuropericardial effusion (ANA unknown or negative)                


                  VIII.a
                
VIII - Central-large-upper airway (incl. pharyngeal-nasal) involvement

                    VIII.a - Angioedema (may cause UAO, asphyxia and death)",5362129.0,Both,ramipril,CCOC(=O)C(CCc1ccccc1)NC(C)C(=O)N1C(C(=O)O)CC2CCCC21,0,0,1,0
Ranimustine,"II.b
                
II - Pulmonary edema - Acute lung injury - ARDS

                    II.b - ARDS - Acute lung injury",71741.0,Pneumotox_only,ranimustine,COC1OC(CNC(=O)N(CCCl)N=O)C(O)C(O)C1O,0,1,0,0
Ranitidine,"IV.a
                
IV - Airway involvement

                    IV.a - Bronchospasm - Wheezing - Asthma                


                  IV.aa
                
IV - Airway involvement

                    IV.aa - Occupational asthma                


                  X.f
                
X - Systemic/Distant conditions, syndromes and reactions

                    X.f - Anaphylaxis-Anaphylactoid reaction (can be fatal)                


                  XII.h
                
XII - Cardiovascular involvement / toxicity

                    XII.h - Eosinophilic myocarditis",3001055.0,Both,ranitidine,CN=C(C[N+](=O)[O-])NCCSCc1ccc(CN(C)C)o1,0,0,0,0
Ranolazine,"IX.h
                
IX - Neuromuscular / CNS involvement - Disordered breathing (during sleep)

                    IX.h - Dyspnea, unexplained otherwise",56959.0,Both,ranolazine,COc1ccccc1OCC(O)CN1CCN(CC(=O)Nc2c(C)cccc2C)CC1,0,0,0,0
Rapacuronium,"IV.a
                
IV - Airway involvement

                    IV.a - Bronchospasm - Wheezing - Asthma",5311399.0,Pneumotox_only,rapacuronium,C=CC[N+]1(C2CC3C4CCC5CC(OC(C)=O)C(N6CCCCC6)CC5(C)C4CCC3(C)C2OC(=O)CC)CCCCC1,0,0,0,0
Regorafenib,"I.b
                
I - Interstitial/parenchymal lung disease

                    I.b - Pneumonitis (ILD)                


                  XI.w
                
XI - Miscellaneous

                    XI.w - Cavitation/necrosis of lung tumor or metastases                


                  XVI.bf
                
XVI - Imaging

                    XVI.bf - Imaging: Tumoral cavitation",11167602.0,Both,regorafenib,CNC(=O)c1cc(Oc2ccc(NC(=O)Nc3ccc(Cl)c(C(F)(F)F)c3)c(F)c2)ccn1,1,0,0,0
Remdesivir,"XII.s
                
XII - Cardiovascular involvement / toxicity

                    XII.s - Heart block (bundle branch- or AV-)                


                  XII.ag
                
XII - Cardiovascular involvement / toxicity

                    XII.ag - Bradycardia",121304016.0,Both,remdesivir,CCC(CC)COC(=O)C(C)NP(=O)(OCC1OC(C#N)(c2ccc3c(N)ncnn23)C(O)C1O)Oc1ccccc1,0,0,0,0
Ribavirin,"I.a
                
I - Interstitial/parenchymal lung disease

                    I.a - Pneumonitis (ILD), acute and/or severe (may cause ARDS)                


                  IV.a
                
IV - Airway involvement

                    IV.a - Bronchospasm - Wheezing - Asthma                


                  IV.d
                
IV - Airway involvement

                    IV.d - Cough (lone)                


                  IV.w
                
IV - Airway involvement

                    IV.w - Plugs/casts in the airways                


                  IX.h
                
IX - Neuromuscular / CNS involvement - Disordered breathing (during sleep)

                    IX.h - Dyspnea, unexplained otherwise",37542.0,Both,ribavirin,NC(=O)c1ncn(C2OC(CO)C(O)C2O)n1,1,0,0,0
Ribociclib,"I.b
                
I - Interstitial/parenchymal lung disease

                    I.b - Pneumonitis (ILD)                


                  I.d
                
I - Interstitial/parenchymal lung disease

                    I.d - Organizing pneumonia pattern (an area or areas of consolidation on imaging)                


                  XII.p
                
XII - Cardiovascular involvement / toxicity

                    XII.p - QTc prolongation",44631912.0,Both,ribociclib,CN(C)C(=O)c1cc2cnc(Nc3ccc(N4CCNCC4)cn3)nc2n1C1CCCC1,1,0,0,0
Ridaforolimus,"I.a
                
I - Interstitial/parenchymal lung disease

                    I.a - Pneumonitis (ILD), acute and/or severe (may cause ARDS)                


                  I.b
                
I - Interstitial/parenchymal lung disease

                    I.b - Pneumonitis (ILD)",11520894.0,Pneumotox_only,ridaforolimus,COC1CC2CCC(C)C(O)(O2)C(=O)C(=O)N2CCCCC2C(=O)OC(C(C)CC2CCC(OP(C)(C)=O)C(OC)C2)CC(=O)C(C)=CC(C)C(O)C(OC)C(=O)C(C)CC(C)C=CC=CC=C1C,1,0,0,0
Rifampicin,"I.a
                
I - Interstitial/parenchymal lung disease

                    I.a - Pneumonitis (ILD), acute and/or severe (may cause ARDS)                


                  I.b
                
I - Interstitial/parenchymal lung disease

                    I.b - Pneumonitis (ILD)                


                  I.c
                
I - Interstitial/parenchymal lung disease

                    I.c - Eosinophilic pneumonia (pulmonary infiltrates and eosinophilia)                


                  II.b
                
II - Pulmonary edema - Acute lung injury - ARDS

                    II.b - ARDS - Acute lung injury                


                  IV.a
                
IV - Airway involvement

                    IV.a - Bronchospasm - Wheezing - Asthma                


                  X.u
                
X - Systemic/Distant conditions, syndromes and reactions

                    X.u - Multiple organ dysfunction/failure (MODS/MOF)                


                  XV.a
                
XV - Pathology

                    XV.a - Path: NSIP-cellular pattern (see also Ia, Ib)                


                  XV.d
                
XV - Pathology

                    XV.d - Path: Acute fibrinous organizing pneumonia (AFOP-pattern) (see also If)                


                  XV.f
                
XV - Pathology

                    XV.f - Path: Diffuse alveolar damage (DAD-pattern) (see also IL)",135398735.0,Both,rifampicin,COC1C=COC2(C)Oc3c(C)c(O)c4c(O)c(c(C=NN5CCN(C)CC5)c(O)c4c3C2=O)NC(=O)C(C)=CC=CC(C)C(O)C(C)C(O)C(C)C(OC(C)=O)C1C,1,1,0,0
Rifamycin SV,"X.f
                
X - Systemic/Distant conditions, syndromes and reactions

                    X.f - Anaphylaxis-Anaphylactoid reaction (can be fatal)",6324616.0,Pneumotox_only,rifamycin sv,COC1C=COC2(C)Oc3c(C)c(O)c4c(O)c(cc(O)c4c3C2=O)NC(=O)C(C)=CC=CC(C)C(O)C(C)C(O)C(C)C(OC(C)=O)C1C,0,0,0,0
Riluzole,"I.a
                
I - Interstitial/parenchymal lung disease

                    I.a - Pneumonitis (ILD), acute and/or severe (may cause ARDS)                


                  I.b
                
I - Interstitial/parenchymal lung disease

                    I.b - Pneumonitis (ILD)                


                  XIV.a
                
XIV - Hemoglobinopathies - Abnormal hemoglobin states (acquired)

                    XIV.a - Methemoglobinemia                


                  XV.c
                
XV - Pathology

                    XV.c - Path: Organizing pneumonia (OP/BOOP) pattern (see also Id)                


                  XV.e
                
XV - Pathology

                    XV.e - Path: ILD with a granulomatous component (see also Im)                


                  XVI.a
                
XVI - Imaging

                    XVI.a - Imaging: Diffuse haze                


                  XVI.b
                
XVI - Imaging

                    XVI.b - Imaging: Ground-glass opacities (GGO) / shadowing",5070.0,Both,riluzole,Nc1nc2ccc(OC(F)(F)F)cc2s1,1,0,0,0
Risedronate,"I.d
                
I - Interstitial/parenchymal lung disease

                    I.d - Organizing pneumonia pattern (an area or areas of consolidation on imaging)                


                  XV.c
                
XV - Pathology

                    XV.c - Path: Organizing pneumonia (OP/BOOP) pattern (see also Id)",4194514.0,Both,risedronate,O=P([O-])(O)C(O)(Cc1cccnc1)P(=O)(O)O,1,0,0,0
Risperidone,"I.c
                
I - Interstitial/parenchymal lung disease

                    I.c - Eosinophilic pneumonia (pulmonary infiltrates and eosinophilia)                


                  I.e
                
I - Interstitial/parenchymal lung disease

                    I.e - Acute eosinophilic pneumonia (AEP)                


                  I.g
                
I - Interstitial/parenchymal lung disease

                    I.g - Pulmonary fibrosis                


                  IV.a
                
IV - Airway involvement

                    IV.a - Bronchospasm - Wheezing - Asthma                


                  IV.d
                
IV - Airway involvement

                    IV.d - Cough (lone)                


                  VI.a
                
VI - Pulmonary vasculopathies

                    VI.a - Pulmonary embolism - Venous thrombosis/thromboembolism                


                  VIII.e
                
VIII - Central-large-upper airway (incl. pharyngeal-nasal) involvement

                    VIII.e - Laryngospasm (a.k.a. laryngismus)                


                  IX.b
                
IX - Neuromuscular / CNS involvement - Disordered breathing (during sleep)

                    IX.b - Respiratory dyskinesia                


                  IX.d
                
IX - Neuromuscular / CNS involvement - Disordered breathing (during sleep)

                    IX.d - Respiratory failure from ventilatory depression (due to neuromuscular blockade/paralysis)                


                  XV.b
                
XV - Pathology

                    XV.b - Path: Eosinophilic pneumonia (subacute or acute)  (see also Ic)                


                  XV.c
                
XV - Pathology

                    XV.c - Path: Organizing pneumonia (OP/BOOP) pattern (see also Id)                


                  XV.h
                
XV - Pathology

                    XV.h - Path: NSIP-fibrotic pattern",5073.0,Both,risperidone,Cc1nc2n(c(=O)c1CCN1CCC(c3noc4cc(F)ccc34)CC1)CCCC2,1,0,0,1
Ritodrine,"II.a
                
II - Pulmonary edema - Acute lung injury - ARDS

                    II.a - Pulmonary edema, noncardiogenic (NCPE)                


                  II.b
                
II - Pulmonary edema - Acute lung injury - ARDS

                    II.b - ARDS - Acute lung injury                


                  XVI.ay
                
XVI - Imaging

                    XVI.ay - Imaging: Asymmetrical, predominantly unilateral involvement",33572.0,Pneumotox_only,ritodrine,CC(NCCc1ccc(O)cc1)C(O)c1ccc(O)cc1,0,1,0,0
Ritonavir,"I.b
                
I - Interstitial/parenchymal lung disease

                    I.b - Pneumonitis (ILD)",392622.0,Both,ritonavir,CC(C)c1nc(CN(C)C(=O)NC(C(=O)NC(Cc2ccccc2)CC(O)C(Cc2ccccc2)NC(=O)OCc2cncs2)C(C)C)cs1,1,0,0,0
Rivaroxaban,"I.a
                
I - Interstitial/parenchymal lung disease

                    I.a - Pneumonitis (ILD), acute and/or severe (may cause ARDS)                


                  I.b
                
I - Interstitial/parenchymal lung disease

                    I.b - Pneumonitis (ILD)                


                  III.a
                
III - Pulmonary/alveolar./airway hemorrhage/bleeding

                    III.a - Alveolar hemorrhage (AH), diffuse AH (DAH)                


                  V.e
                
V - Pleural and/or pericardial involvement

                    V.e - Hemothorax - Serosanguineous pleural effusion                


                  V.n
                
V - Pleural and/or pericardial involvement

                    V.n - Hemopericardium - Bloody pericardial effusion                


                  VIII.b
                
VIII - Central-large-upper airway (incl. pharyngeal-nasal) involvement

                    VIII.b - Hematoma of/around central airway wall potentially causing UAO                


                  VIII.q
                
VIII - Central-large-upper airway (incl. pharyngeal-nasal) involvement

                    VIII.q - Tongue involvement (edema, glossitis, hematoma)                


                  X.a
                
X - Systemic/Distant conditions, syndromes and reactions

                    X.a - DRES syndrome - DRESS-like reaction                


                  X.e
                
X - Systemic/Distant conditions, syndromes and reactions

                    X.e - Autoimmunity-Autoimmune conditions (+ANA, +anti-ds-DNA, +ANCAs, other auto-Abs)                


                  X.f
                
X - Systemic/Distant conditions, syndromes and reactions

                    X.f - Anaphylaxis-Anaphylactoid reaction (can be fatal)                


                  XII.k
                
XII - Cardiovascular involvement / toxicity

                    XII.k - Constrictive pericarditis - Pericardial thickening                


                  XV.ci
                
XV - Pathology

                    XV.ci - Path: Fibrinous pericarditis",9875401.0,Both,rivaroxaban,O=C(NCC1CN(c2ccc(N3CCOCC3=O)cc2)C(=O)O1)c1ccc(Cl)s1,1,0,1,0
Rivastigmine,"VIII.a
                
VIII - Central-large-upper airway (incl. pharyngeal-nasal) involvement

                    VIII.a - Angioedema (may cause UAO, asphyxia and death)                


                  IX.d
                
IX - Neuromuscular / CNS involvement - Disordered breathing (during sleep)

                    IX.d - Respiratory failure from ventilatory depression (due to neuromuscular blockade/paralysis)                


                  XII.l
                
XII - Cardiovascular involvement / toxicity

                    XII.l - Cardiac arrhythmias or dysrhythmias (AF, VT, VF, TdP)",77991.0,Both,rivastigmine,CCN(C)C(=O)Oc1cccc(C(C)N(C)C)c1,0,0,0,0
Rociletinib,"I.b
                
I - Interstitial/parenchymal lung disease

                    I.b - Pneumonitis (ILD)",57335384.0,Pneumotox_only,rociletinib,C=CC(=O)Nc1cccc(Nc2nc(Nc3ccc(N4CCN(C(C)=O)CC4)cc3OC)ncc2C(F)(F)F)c1,1,0,0,0
Rofecoxib,"II.a
                
II - Pulmonary edema - Acute lung injury - ARDS

                    II.a - Pulmonary edema, noncardiogenic (NCPE)                


                  II.b
                
II - Pulmonary edema - Acute lung injury - ARDS

                    II.b - ARDS - Acute lung injury                


                  III.a
                
III - Pulmonary/alveolar./airway hemorrhage/bleeding

                    III.a - Alveolar hemorrhage (AH), diffuse AH (DAH)                


                  IV.a
                
IV - Airway involvement

                    IV.a - Bronchospasm - Wheezing - Asthma                


                  VIII.a
                
VIII - Central-large-upper airway (incl. pharyngeal-nasal) involvement

                    VIII.a - Angioedema (may cause UAO, asphyxia and death)                


                  X.f
                
X - Systemic/Distant conditions, syndromes and reactions

                    X.f - Anaphylaxis-Anaphylactoid reaction (can be fatal)",5090.0,Both,rofecoxib,CS(=O)(=O)c1ccc(C2=C(c3ccccc3)C(=O)OC2)cc1,0,1,0,0
Romidepsin,"I.b
                
I - Interstitial/parenchymal lung disease

                    I.b - Pneumonitis (ILD)",5352062.0,Both,romidepsin,CCC1=NC(=O)C2CSSCCC=CC(CC(=O)NC(C(C)C)C(=O)N2)OC(=O)C(C(C)C)NC1=O,1,0,0,0
Ropinirole,"I.b
                
I - Interstitial/parenchymal lung disease

                    I.b - Pneumonitis (ILD)                


                  V.c
                
V - Pleural and/or pericardial involvement

                    V.c - Pleural thickening - Fibrothorax                


                  XII.b
                
XII - Cardiovascular involvement / toxicity

                    XII.b - Valvular heart disease and/or dysfunction",5095.0,Both,ropinirole,CCCN(CCC)CCc1cccc2[nH]c(O)cc12,1,0,1,0
Rosuvastatin,"I.b
                
I - Interstitial/parenchymal lung disease

                    I.b - Pneumonitis (ILD)                


                  I.ar
                
I - Interstitial/parenchymal lung disease

                    I.ar - The association of ILD and myositis                


                  X.d
                
X - Systemic/Distant conditions, syndromes and reactions

                    X.d - Lupus - Lupus syndrome (see also Vd)                


                  X.j
                
X - Systemic/Distant conditions, syndromes and reactions

                    X.j - Myopathy-Myositis-Polymyositis (see also under Xba)                


                  XIX.f
                
XIX - Cytological, biochemical features of/in BAL, pleural fluid or FNA

                    XIX.f - BAL: Foamy macrophages",446157.0,Both,rosuvastatin,CC(C)=c1nc(N(C)S(C)(=O)=O)nc(-c2ccc(F)cc2)c1=CCC(O)CC(O)CC(=O)O,1,0,1,0
Roxithromycin,"I.c
                
I - Interstitial/parenchymal lung disease

                    I.c - Eosinophilic pneumonia (pulmonary infiltrates and eosinophilia)                


                  X.h
                
X - Systemic/Distant conditions, syndromes and reactions

                    X.h - Eosinophilic granulomatosis with polyangiitis (Churg-Strauss)",444037.0,Both,roxithromycin,CCC1OC(=O)C(C)C(OC2CC(C)(OC)C(O)C(C)O2)C(C)C(OC2OC(C)CC(N(C)C)C2O)C(C)(O)CC(C)C(=NOCOCCOC)C(C)C(O)C1(C)O,1,0,0,0
Ruxolitinib,"I.a
                
I - Interstitial/parenchymal lung disease

                    I.a - Pneumonitis (ILD), acute and/or severe (may cause ARDS)                


                  II.b
                
II - Pulmonary edema - Acute lung injury - ARDS

                    II.b - ARDS - Acute lung injury                


                  V.a
                
V - Pleural and/or pericardial involvement

                    V.a - Pleural effusion (uni- or bilateral) (can accompany DI-LDs)                


                  VI.b
                
VI - Pulmonary vasculopathies

                    VI.b - Pulmonary arterial hypertension                


                  IX.h
                
IX - Neuromuscular / CNS involvement - Disordered breathing (during sleep)

                    IX.h - Dyspnea, unexplained otherwise                


                  X.n
                
X - Systemic/Distant conditions, syndromes and reactions

                    X.n - Tumor lysis syndrome (TLS)                


                  X.al
                
X - Systemic/Distant conditions, syndromes and reactions

                    X.al - Drug withdrawal syndrome                


                  XI.d
                
XI - Miscellaneous

                    XI.d - Metabolic acidosis (incl. lactic acidosis/-gap). May cause hyperpnea/dyspnea                


                  XVII.b
                
XVII - Infections & related conditions

                    XVII.b - Opportunistic pulmonary/systemic infections                


                  XVII.e
                
XVII - Infections & related conditions

                    XVII.e - Pneumocystis jiroveci pneumonia                


                  XVII.g
                
XVII - Infections & related conditions

                    XVII.g - Tuberculosis (pulmonary, pulmonary, extrapulmonary or disseminated). Reactivation or de novo                


                  XVII.y
                
XVII - Infections & related conditions

                    XVII.y - Cryptococcus pulmonary and/or systemic infection",25126798.0,Both,ruxolitinib,N#CCC(C1CCCC1)n1cc(-c2ncnc3[nH]ccc23)cn1,1,1,1,1
SAR260301,"I.a
                
I - Interstitial/parenchymal lung disease

                    I.a - Pneumonitis (ILD), acute and/or severe (may cause ARDS)                


                  I.b
                
I - Interstitial/parenchymal lung disease

                    I.b - Pneumonitis (ILD)",135565159.0,Pneumotox_only,sar260301,CC1Cc2ccccc2N1C(=O)Cc1nc(=O)cc(N2CCOCC2)[nH]1,1,0,0,0
Sacubitril,"IV.d
                
IV - Airway involvement

                    IV.d - Cough (lone)                


                  VIII.a
                
VIII - Central-large-upper airway (incl. pharyngeal-nasal) involvement

                    VIII.a - Angioedema (may cause UAO, asphyxia and death)",9811834.0,Pneumotox_only,sacubitril,CCOC(=O)C(C)CC(Cc1ccc(-c2ccccc2)cc1)NC(=O)CCC(=O)O,0,0,0,0
Saxagliptin,"VIII.a
                
VIII - Central-large-upper airway (incl. pharyngeal-nasal) involvement

                    VIII.a - Angioedema (may cause UAO, asphyxia and death)",11235729.0,Both,saxagliptin,N#CC1CC2CC2N1C(=O)C(N)C12CC3CC(CC(O)(C3)C1)C2,0,0,0,0
Scopolamine,"XII.l
                
XII - Cardiovascular involvement / toxicity

                    XII.l - Cardiac arrhythmias or dysrhythmias (AF, VT, VF, TdP)",5184.0,Both,scopolamine,CN1C2CC(OC(=O)C(CO)c3ccccc3)CC1C1OC12,0,0,0,0
Selpercatinib,"I.b
                
I - Interstitial/parenchymal lung disease

                    I.b - Pneumonitis (ILD)                


                  I.h
                
I - Interstitial/parenchymal lung disease

                    I.h - Subclinical pulmonary infiltrates/ILD                


                  XV.c
                
XV - Pathology

                    XV.c - Path: Organizing pneumonia (OP/BOOP) pattern (see also Id)",134436906.0,Both,selpercatinib,COc1ccc(CN2C3CC2CN(c2ccc(-c4cc(OCC(C)(C)O)cn5ncc(C#N)c45)cn2)C3)cn1,1,0,0,0
Selumetinib,"I.b
                
I - Interstitial/parenchymal lung disease

                    I.b - Pneumonitis (ILD)                


                  XVII.e
                
XVII - Infections & related conditions

                    XVII.e - Pneumocystis jiroveci pneumonia",10127622.0,Both,selumetinib,Cn1cnc2c(F)c(Nc3ccc(Br)cc3Cl)c(C(=O)NOCCO)cc21,1,0,0,0
Semaglutide,"XI.g
                
XI - Miscellaneous

                    XI.g - Aspiration, aspiration pneumonia (w/wo demonstrable pharyngeal dysmotility)",56843331.0,Pneumotox_only,semaglutide,CCC(C)C(NC(=O)C(Cc1ccccc1)NC(=O)C(CCC(=O)O)NC(=O)C(CCCCNC(=O)COCCOCCNC(=O)COCCOCCNC(=O)CCC(NC(=O)CCCCCCCCCCCCCCCCC(=O)O)C(=O)O)NC(=O)C(C)NC(=O)C(C)NC(=O)C(CCC(N)=O)NC(=O)CNC(=O)C(CCC(=O)O)NC(=O)C(CC(C)C)NC(=O)C(Cc1ccc(O)cc1)NC(=O)C(CO)NC(=O)C(CO)NC(=O)C(NC(=O)C(CC(=O)O)NC(=O)C(CO)NC(=O)C(NC(=O)C(Cc1ccccc1)NC(=O)C(NC(=O)CNC(=O)C(CCC(=O)O)NC(=O)C(C)(C)NC(=O)C(N)Cc1c[nH]cn1)C(C)O)C(C)O)C(C)C)C(=O)NC(C)C(=O)NC(Cc1c[nH]c2ccccc12)C(=O)NC(CC(C)C)C(=O)NC(C(=O)NC(CCCNC(=N)N)C(=O)NCC(=O)NC(CCCNC(=N)N)C(=O)NCC(=O)O)C(C)C,0,0,0,0
Sertraline,"I.a
                
I - Interstitial/parenchymal lung disease

                    I.a - Pneumonitis (ILD), acute and/or severe (may cause ARDS)                


                  I.b
                
I - Interstitial/parenchymal lung disease

                    I.b - Pneumonitis (ILD)                


                  I.c
                
I - Interstitial/parenchymal lung disease

                    I.c - Eosinophilic pneumonia (pulmonary infiltrates and eosinophilia)                


                  I.d
                
I - Interstitial/parenchymal lung disease

                    I.d - Organizing pneumonia pattern (an area or areas of consolidation on imaging)                


                  I.e
                
I - Interstitial/parenchymal lung disease

                    I.e - Acute eosinophilic pneumonia (AEP)                


                  I.g
                
I - Interstitial/parenchymal lung disease

                    I.g - Pulmonary fibrosis                


                  I.l
                
I - Interstitial/parenchymal lung disease

                    I.l - Diffuse alveolar damage (DAD) (see alsoo under IIb and XVf)                


                  IV.f
                
IV - Airway involvement

                    IV.f - Severe or catastrophic bronchospasm or asthma attack (can be fatal)                


                  V.a
                
V - Pleural and/or pericardial involvement

                    V.a - Pleural effusion (uni- or bilateral) (can accompany DI-LDs)                


                  V.ad
                
V - Pleural and/or pericardial involvement

                    V.ad - Pleural effusion and drug-induced ILD                


                  VI.g
                
VI - Pulmonary vasculopathies

                    VI.g - Foreign body pulmonary vasculopathy (Excipient lung disease)                


                  VIII.a
                
VIII - Central-large-upper airway (incl. pharyngeal-nasal) involvement

                    VIII.a - Angioedema (may cause UAO, asphyxia and death)                


                  X.d
                
X - Systemic/Distant conditions, syndromes and reactions

                    X.d - Lupus - Lupus syndrome (see also Vd)                


                  XV.b
                
XV - Pathology

                    XV.b - Path: Eosinophilic pneumonia (subacute or acute)  (see also Ic)                


                  XV.c
                
XV - Pathology

                    XV.c - Path: Organizing pneumonia (OP/BOOP) pattern (see also Id)                


                  XV.h
                
XV - Pathology

                    XV.h - Path: NSIP-fibrotic pattern                


                  XIX.a
                
XIX - Cytological, biochemical features of/in BAL, pleural fluid or FNA

                    XIX.a - BAL: An excess proportion of lymphocytes                


                  XIX.c
                
XIX - Cytological, biochemical features of/in BAL, pleural fluid or FNA

                    XIX.c - BAL: An excess proportion of eosinophils",68617.0,Both,sertraline,CNC1CCC(c2ccc(Cl)c(Cl)c2)c2ccccc21,1,0,1,0
Sevoflurane,"II.b
                
II - Pulmonary edema - Acute lung injury - ARDS

                    II.b - ARDS - Acute lung injury                


                  III.a
                
III - Pulmonary/alveolar./airway hemorrhage/bleeding

                    III.a - Alveolar hemorrhage (AH), diffuse AH (DAH)                


                  VIII.k
                
VIII - Central-large-upper airway (incl. pharyngeal-nasal) involvement

                    VIII.k - Airway fire/explosion                


                  XIV.c
                
XIV - Hemoglobinopathies - Abnormal hemoglobin states (acquired)

                    XIV.c - Carboxyhemoglobinemia",5206.0,Both,sevoflurane,FCOC(C(F)(F)F)C(F)(F)F,0,1,0,0
Sibutramine,"VI.b
                
VI - Pulmonary vasculopathies

                    VI.b - Pulmonary arterial hypertension                


                  VI.t
                
VI - Pulmonary vasculopathies

                    VI.t - Pulmonary artery aneurysm(s)",5210.0,Both,sibutramine,CC(C)CC(N(C)C)C1(c2ccc(Cl)cc2)CCC1,0,0,0,1
Sildenafil,"III.a
                
III - Pulmonary/alveolar./airway hemorrhage/bleeding

                    III.a - Alveolar hemorrhage (AH), diffuse AH (DAH)                


                  III.c
                
III - Pulmonary/alveolar./airway hemorrhage/bleeding

                    III.c - Hemoptysis                


                  IV.a
                
IV - Airway involvement

                    IV.a - Bronchospasm - Wheezing - Asthma                


                  V.a
                
V - Pleural and/or pericardial involvement

                    V.a - Pleural effusion (uni- or bilateral) (can accompany DI-LDs)                


                  V.e
                
V - Pleural and/or pericardial involvement

                    V.e - Hemothorax - Serosanguineous pleural effusion                


                  VIII.f
                
VIII - Central-large-upper airway (incl. pharyngeal-nasal) involvement

                    VIII.f - Central airway instability - Tracheomalacia                


                  XII.m
                
XII - Cardiovascular involvement / toxicity

                    XII.m - Cardiac- cardiorespiratory/pulmonary arrest",135398744.0,Both,sildenafil,CCCc1nn(C)c2c(=O)[nH]c(-c3cc(S(=O)(=O)N4CCN(C)CC4)ccc3OCC)nc12,0,0,1,0
Simeprevir,"I.b
                
I - Interstitial/parenchymal lung disease

                    I.b - Pneumonitis (ILD)                


                  XV.f
                
XV - Pathology

                    XV.f - Path: Diffuse alveolar damage (DAD-pattern) (see also IL)",24873435.0,Both,simeprevir,COc1ccc2c(OC3CC4C(=O)NC5(C(=O)NS(=O)(=O)C6CC6)CC5C=CCCCCN(C)C(=O)C4C3)cc(-c3nc(C(C)C)cs3)nc2c1C,1,0,0,0
Simvastatin,"I.b
                
I - Interstitial/parenchymal lung disease

                    I.b - Pneumonitis (ILD)                


                  I.c
                
I - Interstitial/parenchymal lung disease

                    I.c - Eosinophilic pneumonia (pulmonary infiltrates and eosinophilia)                


                  I.d
                
I - Interstitial/parenchymal lung disease

                    I.d - Organizing pneumonia pattern (an area or areas of consolidation on imaging)                


                  I.e
                
I - Interstitial/parenchymal lung disease

                    I.e - Acute eosinophilic pneumonia (AEP)                


                  I.l
                
I - Interstitial/parenchymal lung disease

                    I.l - Diffuse alveolar damage (DAD) (see alsoo under IIb and XVf)                


                  I.x
                
I - Interstitial/parenchymal lung disease

                    I.x - Pleuroparenchymal fibroelastosis (PPFE)                


                  V.b
                
V - Pleural and/or pericardial involvement

                    V.b - Eosinophilic pleural effusion                


                  V.d
                
V - Pleural and/or pericardial involvement

                    V.d - Pleural/pericardial effusion, ANA positive (DI lupus)                


                  V.h
                
V - Pleural and/or pericardial involvement

                    V.h - Chylothorax                


                  IX.a
                
IX - Neuromuscular / CNS involvement - Disordered breathing (during sleep)

                    IX.a - Diaphragm/inspiratory muscle weakness/paralysis (w/wo ARF)                


                  X.j
                
X - Systemic/Distant conditions, syndromes and reactions

                    X.j - Myopathy-Myositis-Polymyositis (see also under Xba)                


                  XI.b
                
XI - Miscellaneous

                    XI.b - Chest pain (acute or subacute), lone or prominent                


                  XV.a
                
XV - Pathology

                    XV.a - Path: NSIP-cellular pattern (see also Ia, Ib)                


                  XV.o
                
XV - Pathology

                    XV.o - Path: Endogenous lipoid pneumonia (phospholipidosis)                


                  XV.ap
                
XV - Pathology

                    XV.ap - Path: Pleuroparenchymal fibrosis/fibroelastosis (PPFE)",54454.0,Both,simvastatin,CCC(C)(C)C(=O)OC1CC(C)C=C2C=CC(C)C(CCC3CC(O)CC(=O)O3)C21,1,0,1,0
Sirolimus,"I.a
                
I - Interstitial/parenchymal lung disease

                    I.a - Pneumonitis (ILD), acute and/or severe (may cause ARDS)                


                  I.b
                
I - Interstitial/parenchymal lung disease

                    I.b - Pneumonitis (ILD)                


                  I.d
                
I - Interstitial/parenchymal lung disease

                    I.d - Organizing pneumonia pattern (an area or areas of consolidation on imaging)                


                  I.f
                
I - Interstitial/parenchymal lung disease

                    I.f - Acute fibrinous organizing pneumonia (AFOP)                


                  I.l
                
I - Interstitial/parenchymal lung disease

                    I.l - Diffuse alveolar damage (DAD) (see alsoo under IIb and XVf)                


                  I.m
                
I - Interstitial/parenchymal lung disease

                    I.m - ILD with a granulomatous component                


                  I.n
                
I - Interstitial/parenchymal lung disease

                    I.n - Pulmonary alveolar proteinosis (PAP)                


                  II.b
                
II - Pulmonary edema - Acute lung injury - ARDS

                    II.b - ARDS - Acute lung injury                


                  III.a
                
III - Pulmonary/alveolar./airway hemorrhage/bleeding

                    III.a - Alveolar hemorrhage (AH), diffuse AH (DAH)                


                  IV.d
                
IV - Airway involvement

                    IV.d - Cough (lone)                


                  IV.l
                
IV - Airway involvement

                    IV.l - Bronchial stump dehiscence                


                  V.m
                
V - Pleural and/or pericardial involvement

                    V.m - Pleuropericarditis - Pleuropericardial effusion (ANA unknown or negative)                


                  VI.a
                
VI - Pulmonary vasculopathies

                    VI.a - Pulmonary embolism - Venous thrombosis/thromboembolism                


                  VI.d
                
VI - Pulmonary vasculopathies

                    VI.d - Pulmonary vasculitis or capillaritis                


                  VI.f
                
VI - Pulmonary vasculopathies

                    VI.f - Hemolytic and uremic syndrome (HUS). See also under Xaf                


                  VIII.a
                
VIII - Central-large-upper airway (incl. pharyngeal-nasal) involvement

                    VIII.a - Angioedema (may cause UAO, asphyxia and death)                


                  X.c
                
X - Systemic/Distant conditions, syndromes and reactions

                    X.c - Capillary leak syndrome (CLS)                


                  XII.c
                
XII - Cardiovascular involvement / toxicity

                    XII.c - Pericardial effusion (w/wo tamponade)                


                  XV.c
                
XV - Pathology

                    XV.c - Path: Organizing pneumonia (OP/BOOP) pattern (see also Id)                


                  XV.d
                
XV - Pathology

                    XV.d - Path: Acute fibrinous organizing pneumonia (AFOP-pattern) (see also If)                


                  XV.e
                
XV - Pathology

                    XV.e - Path: ILD with a granulomatous component (see also Im)                


                  XV.f
                
XV - Pathology

                    XV.f - Path: Diffuse alveolar damage (DAD-pattern) (see also IL)                


                  XV.g
                
XV - Pathology

                    XV.g - Path: Alveolar hemorrhage (see also IIIa)                


                  XV.k
                
XV - Pathology

                    XV.k - Path: Desquamative interstitial pneumonia (DIP-pattern)                


                  XV.m
                
XV - Pathology

                    XV.m - Path: Lymphoid hyperplasia (including nodular- or a lymphocytic interstitial pneumonia pattern)                


                  XV.n
                
XV - Pathology

                    XV.n - Path: Pulmonary alveolar proteinosis pattern (PAP pattern)                


                  XV.ac
                
XV - Pathology

                    XV.ac - Path: Pulmonary vasculitis other than capillaritis                


                  XV.bf
                
XV - Pathology

                    XV.bf - Path: Pulmonary necrotizing granuloma or granulomas                


                  XVI.b
                
XVI - Imaging

                    XVI.b - Imaging: Ground-glass opacities (GGO) / shadowing                


                  XVI.k
                
XVI - Imaging

                    XVI.k - Imaging: An area or areas of consolidation                


                  XVII.b
                
XVII - Infections & related conditions

                    XVII.b - Opportunistic pulmonary/systemic infections                


                  XVII.e
                
XVII - Infections & related conditions

                    XVII.e - Pneumocystis jiroveci pneumonia                


                  XIX.a
                
XIX - Cytological, biochemical features of/in BAL, pleural fluid or FNA

                    XIX.a - BAL: An excess proportion of lymphocytes",5284616.0,Both,sirolimus,COC1CC2CCC(C)C(O)(O2)C(=O)C(=O)N2CCCCC2C(=O)OC(C(C)CC2CCC(O)C(OC)C2)CC(=O)C(C)=CC(C)C(O)C(OC)C(=O)C(C)CC(C)C=CC=CC=C1C,1,1,1,1
Sitagliptin,"I.b
                
I - Interstitial/parenchymal lung disease

                    I.b - Pneumonitis (ILD)                


                  II.a
                
II - Pulmonary edema - Acute lung injury - ARDS

                    II.a - Pulmonary edema, noncardiogenic (NCPE)                


                  IV.d
                
IV - Airway involvement

                    IV.d - Cough (lone)                


                  VIII.a
                
VIII - Central-large-upper airway (incl. pharyngeal-nasal) involvement

                    VIII.a - Angioedema (may cause UAO, asphyxia and death)",4369359.0,Both,sitagliptin,NC(CC(=O)N1CCn2c(nnc2C(F)(F)F)C1)Cc1cc(F)c(F)cc1F,1,1,0,0
Sodium oxybate,"IX.e
                
IX - Neuromuscular / CNS involvement - Disordered breathing (during sleep)

                    IX.e - Disordered breathing pattern incl. Cheyne-Stokes respiration                


                  IX.p
                
IX - Neuromuscular / CNS involvement - Disordered breathing (during sleep)

                    IX.p - Disordered breathing during sleep - Sleep apnea                


                  IX.u
                
IX - Neuromuscular / CNS involvement - Disordered breathing (during sleep)

                    IX.u - Central sleep apnea",23663870.0,Both,oxybate,O=C([O-])CCCO,0,0,0,0
Sofosbuvir,"I.a
                
I - Interstitial/parenchymal lung disease

                    I.a - Pneumonitis (ILD), acute and/or severe (may cause ARDS)                


                  I.b
                
I - Interstitial/parenchymal lung disease

                    I.b - Pneumonitis (ILD)                


                  IV.a
                
IV - Airway involvement

                    IV.a - Bronchospasm - Wheezing - Asthma                


                  VI.b
                
VI - Pulmonary vasculopathies

                    VI.b - Pulmonary arterial hypertension                


                  IX.h
                
IX - Neuromuscular / CNS involvement - Disordered breathing (during sleep)

                    IX.h - Dyspnea, unexplained otherwise                


                  X.s
                
X - Systemic/Distant conditions, syndromes and reactions

                    X.s - Vasculitis, pulmonary (w/wo AH), extrapulmonary, systemic: ANCA-positive                


                  XV.f
                
XV - Pathology

                    XV.f - Path: Diffuse alveolar damage (DAD-pattern) (see also IL)                


                  XVII.f
                
XVII - Infections & related conditions

                    XVII.f - Tuberculosis, miliary",45375808.0,Both,sofosbuvir,CC(C)OC(=O)C(C)NP(=O)(OCC1OC(n2ccc(=O)[nH]c2=O)C(C)(F)C1O)Oc1ccccc1,1,0,0,1
Sorafenib,"I.a
                
I - Interstitial/parenchymal lung disease

                    I.a - Pneumonitis (ILD), acute and/or severe (may cause ARDS)                


                  I.b
                
I - Interstitial/parenchymal lung disease

                    I.b - Pneumonitis (ILD)                


                  II.b
                
II - Pulmonary edema - Acute lung injury - ARDS

                    II.b - ARDS - Acute lung injury                


                  IV.a
                
IV - Airway involvement

                    IV.a - Bronchospasm - Wheezing - Asthma                


                  V.f
                
V - Pleural and/or pericardial involvement

                    V.f - Pneumothorax                


                  X.n
                
X - Systemic/Distant conditions, syndromes and reactions

                    X.n - Tumor lysis syndrome (TLS)                


                  XII.a
                
XII - Cardiovascular involvement / toxicity

                    XII.a - Left or biventricular dysfunction/failure                


                  XV.f
                
XV - Pathology

                    XV.f - Path: Diffuse alveolar damage (DAD-pattern) (see also IL)                


                  XVI.ab
                
XVI - Imaging

                    XVI.ab - Imaging: Cavitating/cavitary lung nodule, mass or nodules (see also Iq, XIs, XIIi, XVIaa and XVIIp)                


                  XVI.bf
                
XVI - Imaging

                    XVI.bf - Imaging: Tumoral cavitation                


                  XVII.g
                
XVII - Infections & related conditions

                    XVII.g - Tuberculosis (pulmonary, pulmonary, extrapulmonary or disseminated). Reactivation or de novo",216239.0,Both,sorafenib,CNC(=O)c1cc(Oc2ccc(NC(=O)Nc3ccc(Cl)c(C(F)(F)F)c3)cc2)ccn1,1,1,1,0
Sotalol,"I.d
                
I - Interstitial/parenchymal lung disease

                    I.d - Organizing pneumonia pattern (an area or areas of consolidation on imaging)                


                  I.u
                
I - Interstitial/parenchymal lung disease

                    I.u - Relapsing or migrating pneumonitis/pneumonia (see also Id)                


                  IV.a
                
IV - Airway involvement

                    IV.a - Bronchospasm - Wheezing - Asthma",5253.0,Both,sotalol,CC(C)NCC(O)c1ccc(NS(C)(=O)=O)cc1,1,0,0,0
Sotorasib,"I.b
                
I - Interstitial/parenchymal lung disease

                    I.b - Pneumonitis (ILD)",137278711.0,Both,sotorasib,C=CC(=O)N1CCN(c2nc(=O)n(-c3c(C)ccnc3C(C)C)c3nc(-c4c(O)cccc4F)c(F)cc23)C(C)C1,1,0,0,0
Spirogermanium,"I.b
                
I - Interstitial/parenchymal lung disease

                    I.b - Pneumonitis (ILD)",39075.0,Pneumotox_only,spirogermanium,C[CH2][Ge]1([CH2]C)[CH2]CC2(CCN(CCCN(C)C)C2)C[CH2]1,1,0,0,0
Spironolactone,"X.a
                
X - Systemic/Distant conditions, syndromes and reactions

                    X.a - DRES syndrome - DRESS-like reaction",5833.0,Both,spironolactone,CC(=O)SC1C=C2CC(=O)CCC2(C)C2CCC3(C)C(CCC34CCC(=O)O4)C12,0,0,0,0
Streptokinase,"II.b
                
II - Pulmonary edema - Acute lung injury - ARDS

                    II.b - ARDS - Acute lung injury                


                  III.a
                
III - Pulmonary/alveolar./airway hemorrhage/bleeding

                    III.a - Alveolar hemorrhage (AH), diffuse AH (DAH)                


                  III.c
                
III - Pulmonary/alveolar./airway hemorrhage/bleeding

                    III.c - Hemoptysis                


                  IV.a
                
IV - Airway involvement

                    IV.a - Bronchospasm - Wheezing - Asthma                


                  IV.f
                
IV - Airway involvement

                    IV.f - Severe or catastrophic bronchospasm or asthma attack (can be fatal)                


                  VII.g
                
VII - Mediastinal involvement

                    VII.g - Hemomediastinum - Mediastinal hematoma                


                  VIII.b
                
VIII - Central-large-upper airway (incl. pharyngeal-nasal) involvement

                    VIII.b - Hematoma of/around central airway wall potentially causing UAO                


                  X.f
                
X - Systemic/Distant conditions, syndromes and reactions

                    X.f - Anaphylaxis-Anaphylactoid reaction (can be fatal)",9815560.0,Both,streptokinase,O=C(O)C1CC(C2CCCCC2)CN1,0,1,0,0
Streptomycin,"I.b
                
I - Interstitial/parenchymal lung disease

                    I.b - Pneumonitis (ILD)                


                  I.c
                
I - Interstitial/parenchymal lung disease

                    I.c - Eosinophilic pneumonia (pulmonary infiltrates and eosinophilia)                


                  IX.a
                
IX - Neuromuscular / CNS involvement - Disordered breathing (during sleep)

                    IX.a - Diaphragm/inspiratory muscle weakness/paralysis (w/wo ARF)                


                  X.a
                
X - Systemic/Distant conditions, syndromes and reactions

                    X.a - DRES syndrome - DRESS-like reaction",19649.0,Both,streptomycin,CNC1C(OC2C(OC3C(O)C(O)C(N=C(N)N)C(O)C3N=C(N)N)OC(C)C2(O)C=O)OC(CO)C(O)C1O,1,0,0,0
Strontium ranelate,"VI.a
                
VI - Pulmonary vasculopathies

                    VI.a - Pulmonary embolism - Venous thrombosis/thromboembolism                


                  X.a
                
X - Systemic/Distant conditions, syndromes and reactions

                    X.a - DRES syndrome - DRESS-like reaction",6918182.0,Both,strontium ranelate,N#Cc1c(N(CC(=O)[O-])CC(=O)[O-])sc(C(=O)[O-])c1CC(=O)[O-].[Sr+2].[Sr+2],0,0,0,1
Strychnine,"IX.c
                
IX - Neuromuscular / CNS involvement - Disordered breathing (during sleep)

                    IX.c - Chest wall muscle rigidity - Stiff/wooden chest                


                  XI.d
                
XI - Miscellaneous

                    XI.d - Metabolic acidosis (incl. lactic acidosis/-gap). May cause hyperpnea/dyspnea",441071.0,Pneumotox_only,strychnine,O=C1CC2OCC=C3CN4CCC56c7ccccc7N1C5C2C3CC46,0,0,0,0
Sufentanil,"IV.e
                
IV - Airway involvement

                    IV.e - Cough (acute, violent, explosive)                


                  VIII.h
                
VIII - Central-large-upper airway (incl. pharyngeal-nasal) involvement

                    VIII.h - Vocal cord dysfunction, adduction, closure, injury                


                  IX.d
                
IX - Neuromuscular / CNS involvement - Disordered breathing (during sleep)

                    IX.d - Respiratory failure from ventilatory depression (due to neuromuscular blockade/paralysis)",41693.0,Both,sufentanil,CCC(=O)N(c1ccccc1)C1(COC)CCN(CCc2cccs2)CC1,0,0,0,0
Sugammadex,"II.g
                
II - Pulmonary edema - Acute lung injury - ARDS

                    II.g - Negative pressure pulmonary edema (NPPE)                


                  IV.a
                
IV - Airway involvement

                    IV.a - Bronchospasm - Wheezing - Asthma                


                  IV.d
                
IV - Airway involvement

                    IV.d - Cough (lone)                


                  IV.f
                
IV - Airway involvement

                    IV.f - Severe or catastrophic bronchospasm or asthma attack (can be fatal)                


                  VIII.a
                
VIII - Central-large-upper airway (incl. pharyngeal-nasal) involvement

                    VIII.a - Angioedema (may cause UAO, asphyxia and death)                


                  VIII.e
                
VIII - Central-large-upper airway (incl. pharyngeal-nasal) involvement

                    VIII.e - Laryngospasm (a.k.a. laryngismus)                


                  X.f
                
X - Systemic/Distant conditions, syndromes and reactions

                    X.f - Anaphylaxis-Anaphylactoid reaction (can be fatal)",6918585.0,Both,sugammadex,O=C(O)CCSCC1OC2OC3C(CSCCC(=O)O)OC(OC4C(CSCCC(=O)O)OC(OC5C(CSCCC(=O)O)OC(OC6C(CSCCC(=O)O)OC(OC7C(CSCCC(=O)O)OC(OC8C(CSCCC(=O)O)OC(OC9C(CSCCC(=O)O)OC(OC1C(O)C2O)C(O)C9O)C(O)C8O)C(O)C7O)C(O)C6O)C(O)C5O)C(O)C4O)C(O)C3O,0,1,0,0
Sulfacetamide,"XIV.a
                
XIV - Hemoglobinopathies - Abnormal hemoglobin states (acquired)

                    XIV.a - Methemoglobinemia",5320.0,Pneumotox_only,sulfacetamide,CC(=O)NS(=O)(=O)c1ccc(N)cc1,0,0,0,0
Sulfadiazine,"XIV.a
                
XIV - Hemoglobinopathies - Abnormal hemoglobin states (acquired)

                    XIV.a - Methemoglobinemia",5215.0,Pneumotox_only,sulfadiazine,Nc1ccc(S(=O)(=O)Nc2ncccn2)cc1,0,0,0,0
Sulfadoxine,"I.c
                
I - Interstitial/parenchymal lung disease

                    I.c - Eosinophilic pneumonia (pulmonary infiltrates and eosinophilia)                


                  X.a
                
X - Systemic/Distant conditions, syndromes and reactions

                    X.a - DRES syndrome - DRESS-like reaction",17134.0,Pneumotox_only,sulfadoxine,COc1ncnc(NS(=O)(=O)c2ccc(N)cc2)c1OC,1,0,0,0
Sulfamethoxypyridazine,"I.b
                
I - Interstitial/parenchymal lung disease

                    I.b - Pneumonitis (ILD)                


                  IV.c
                
IV - Airway involvement

                    IV.c - Obliterative bronchiolitis (a pattern consistent with) (see also IVn, XVx)",5330.0,Pneumotox_only,sulfamethoxypyridazine,COc1ccc(NS(=O)(=O)c2ccc(N)cc2)nn1,1,0,0,0
Sulfanilamide,"XIV.a
                
XIV - Hemoglobinopathies - Abnormal hemoglobin states (acquired)

                    XIV.a - Methemoglobinemia                


                  XIV.b
                
XIV - Hemoglobinopathies - Abnormal hemoglobin states (acquired)

                    XIV.b - Sulfhemoglobinemia",5333.0,Pneumotox_only,sulfanilamide,Nc1ccc(S(N)(=O)=O)cc1,0,0,0,0
Sulfasalazine,"I.a
                
I - Interstitial/parenchymal lung disease

                    I.a - Pneumonitis (ILD), acute and/or severe (may cause ARDS)                


                  I.b
                
I - Interstitial/parenchymal lung disease

                    I.b - Pneumonitis (ILD)                


                  I.c
                
I - Interstitial/parenchymal lung disease

                    I.c - Eosinophilic pneumonia (pulmonary infiltrates and eosinophilia)                


                  I.d
                
I - Interstitial/parenchymal lung disease

                    I.d - Organizing pneumonia pattern (an area or areas of consolidation on imaging)                


                  I.g
                
I - Interstitial/parenchymal lung disease

                    I.g - Pulmonary fibrosis                


                  I.m
                
I - Interstitial/parenchymal lung disease

                    I.m - ILD with a granulomatous component                


                  II.d
                
II - Pulmonary edema - Acute lung injury - ARDS

                    II.d - Pulmonary edema, cardiogenic                


                  IV.y
                
IV - Airway involvement

                    IV.y - Eosinophilic airway disease (asthma, bronchitis, bronchiolitis)                


                  V.a
                
V - Pleural and/or pericardial involvement

                    V.a - Pleural effusion (uni- or bilateral) (can accompany DI-LDs)                


                  V.b
                
V - Pleural and/or pericardial involvement

                    V.b - Eosinophilic pleural effusion                


                  V.d
                
V - Pleural and/or pericardial involvement

                    V.d - Pleural/pericardial effusion, ANA positive (DI lupus)                


                  V.m
                
V - Pleural and/or pericardial involvement

                    V.m - Pleuropericarditis - Pleuropericardial effusion (ANA unknown or negative)                


                  VI.d
                
VI - Pulmonary vasculopathies

                    VI.d - Pulmonary vasculitis or capillaritis                


                  VII.a
                
VII - Mediastinal involvement

                    VII.a - Lymphadenopathy (intrathoracic)                


                  X.a
                
X - Systemic/Distant conditions, syndromes and reactions

                    X.a - DRES syndrome - DRESS-like reaction                


                  X.d
                
X - Systemic/Distant conditions, syndromes and reactions

                    X.d - Lupus - Lupus syndrome (see also Vd)                


                  X.g
                
X - Systemic/Distant conditions, syndromes and reactions

                    X.g - Hypersensitivity reaction (may manifest with fever and/or skin, throat or airway involvement)                


                  X.k
                
X - Systemic/Distant conditions, syndromes and reactions

                    X.k - Sarcoid-like granulomatosis (endo-/extrathoracic)                


                  X.s
                
X - Systemic/Distant conditions, syndromes and reactions

                    X.s - Vasculitis, pulmonary (w/wo AH), extrapulmonary, systemic: ANCA-positive                


                  X.u
                
X - Systemic/Distant conditions, syndromes and reactions

                    X.u - Multiple organ dysfunction/failure (MODS/MOF)                


                  XI.b
                
XI - Miscellaneous

                    XI.b - Chest pain (acute or subacute), lone or prominent                


                  XI.c
                
XI - Miscellaneous

                    XI.c - Pleuritic chest pain                


                  XII.c
                
XII - Cardiovascular involvement / toxicity

                    XII.c - Pericardial effusion (w/wo tamponade)                


                  XII.d
                
XII - Cardiovascular involvement / toxicity

                    XII.d - Myocarditis (can be fulminant)                


                  XII.h
                
XII - Cardiovascular involvement / toxicity

                    XII.h - Eosinophilic myocarditis                


                  XIV.a
                
XIV - Hemoglobinopathies - Abnormal hemoglobin states (acquired)

                    XIV.a - Methemoglobinemia                


                  XV.c
                
XV - Pathology

                    XV.c - Path: Organizing pneumonia (OP/BOOP) pattern (see also Id)                


                  XV.e
                
XV - Pathology

                    XV.e - Path: ILD with a granulomatous component (see also Im)                


                  XV.f
                
XV - Pathology

                    XV.f - Path: Diffuse alveolar damage (DAD-pattern) (see also IL)                


                  XV.k
                
XV - Pathology

                    XV.k - Path: Desquamative interstitial pneumonia (DIP-pattern)                


                  XV.ac
                
XV - Pathology

                    XV.ac - Path: Pulmonary vasculitis other than capillaritis                


                  XVII.w
                
XVII - Infections & related conditions

                    XVII.w - Hypogammaglobulinemia - Antibody deficiency                


                  XIX.a
                
XIX - Cytological, biochemical features of/in BAL, pleural fluid or FNA

                    XIX.a - BAL: An excess proportion of lymphocytes                


                  XIX.c
                
XIX - Cytological, biochemical features of/in BAL, pleural fluid or FNA

                    XIX.c - BAL: An excess proportion of eosinophils",5339.0,Both,sulfasalazine,O=C(O)c1cc(N=Nc2ccc(S(=O)(=O)Nc3ccccn3)cc2)ccc1O,1,1,1,1
Sulfoxone,"XIV.a
                
XIV - Hemoglobinopathies - Abnormal hemoglobin states (acquired)

                    XIV.a - Methemoglobinemia",5351.0,Pneumotox_only,sulfoxone,O=S(O)CNc1ccc(S(=O)(=O)c2ccc(NCS(=O)O)cc2)cc1,0,0,0,0
Sulindac,"I.c
                
I - Interstitial/parenchymal lung disease

                    I.c - Eosinophilic pneumonia (pulmonary infiltrates and eosinophilia)                


                  I.d
                
I - Interstitial/parenchymal lung disease

                    I.d - Organizing pneumonia pattern (an area or areas of consolidation on imaging)                


                  VII.a
                
VII - Mediastinal involvement

                    VII.a - Lymphadenopathy (intrathoracic)                


                  X.a
                
X - Systemic/Distant conditions, syndromes and reactions

                    X.a - DRES syndrome - DRESS-like reaction                


                  X.u
                
X - Systemic/Distant conditions, syndromes and reactions

                    X.u - Multiple organ dysfunction/failure (MODS/MOF)",1548887.0,Both,sulindac,CC1=C(CC(=O)O)c2cc(F)ccc2C1=Cc1ccc([S+](C)[O-])cc1,1,0,0,0
Sulprostone,"II.a
                
II - Pulmonary edema - Acute lung injury - ARDS

                    II.a - Pulmonary edema, noncardiogenic (NCPE)",5312153.0,Pneumotox_only,sulprostone,CS(=O)(=O)NC(=O)CCCC=CCC1C(=O)CC(O)C1C=CC(O)COc1ccccc1,0,1,0,0
Sulthiame,"X.a
                
X - Systemic/Distant conditions, syndromes and reactions

                    X.a - DRES syndrome - DRESS-like reaction",5356.0,Pneumotox_only,sulthiame,NS(=O)(=O)c1ccc(N2CCCCS2(=O)=O)cc1,0,0,0,0
Sumatriptan,"XI.b
                
XI - Miscellaneous

                    XI.b - Chest pain (acute or subacute), lone or prominent                


                  XII.g
                
XII - Cardiovascular involvement / toxicity

                    XII.g - Coronary artery disease (acute) - Myocardial ischemia/infarction                


                  XII.h
                
XII - Cardiovascular involvement / toxicity

                    XII.h - Eosinophilic myocarditis",5358.0,Both,sumatriptan,CNS(=O)(=O)Cc1ccc2[nH]cc(CCN(C)C)c2c1,0,0,0,0
Sunitinib,"I.a
                
I - Interstitial/parenchymal lung disease

                    I.a - Pneumonitis (ILD), acute and/or severe (may cause ARDS)                


                  I.b
                
I - Interstitial/parenchymal lung disease

                    I.b - Pneumonitis (ILD)                


                  II.d
                
II - Pulmonary edema - Acute lung injury - ARDS

                    II.d - Pulmonary edema, cardiogenic                


                  III.a
                
III - Pulmonary/alveolar./airway hemorrhage/bleeding

                    III.a - Alveolar hemorrhage (AH), diffuse AH (DAH)                


                  V.a
                
V - Pleural and/or pericardial involvement

                    V.a - Pleural effusion (uni- or bilateral) (can accompany DI-LDs)                


                  V.m
                
V - Pleural and/or pericardial involvement

                    V.m - Pleuropericarditis - Pleuropericardial effusion (ANA unknown or negative)                


                  VI.a
                
VI - Pulmonary vasculopathies

                    VI.a - Pulmonary embolism - Venous thrombosis/thromboembolism                


                  XII.a
                
XII - Cardiovascular involvement / toxicity

                    XII.a - Left or biventricular dysfunction/failure                


                  XII.r
                
XII - Cardiovascular involvement / toxicity

                    XII.r - Heart failure (biventricular, congestive)                


                  XII.ai
                
XII - Cardiovascular involvement / toxicity

                    XII.ai - Cardiotoxicity                


                  XVI.bf
                
XVI - Imaging

                    XVI.bf - Imaging: Tumoral cavitation",5329102.0,Both,sunitinib,C=c1c(C(=O)NCCN(CC)CC)c(C)[nH]c1=Cc1c(O)[nH]c2ccc(F)cc12,1,1,1,1
Synephrine,"XII.g
                
XII - Cardiovascular involvement / toxicity

                    XII.g - Coronary artery disease (acute) - Myocardial ischemia/infarction",7172.0,Pneumotox_only,synephrine,CNCC(O)c1ccc(O)cc1,0,0,0,0
Synthol,"VI.e
                
VI - Pulmonary vasculopathies

                    VI.e - Fat/oil embolism - The FES embolism syndrome",7043.0,Pneumotox_only,synthol,COc1ccccc1OC,0,0,0,1
TNF-alpha,"I.v
                
I - Interstitial/parenchymal lung disease

                    I.v - Abnormal lung function/pulmonary physiology (PFTs) without necessarily imaging or clinical evidence                


                  II.a
                
II - Pulmonary edema - Acute lung injury - ARDS

                    II.a - Pulmonary edema, noncardiogenic (NCPE)                


                  II.b
                
II - Pulmonary edema - Acute lung injury - ARDS

                    II.b - ARDS - Acute lung injury                


                  III.a
                
III - Pulmonary/alveolar./airway hemorrhage/bleeding

                    III.a - Alveolar hemorrhage (AH), diffuse AH (DAH)",44356648.0,Pneumotox_only,tnf-alpha,CC(C)CC(NC(=O)C(CCCN=C(N)N)NC(=O)C(CC(=O)O)NC(=O)CNC(=O)C(N)CCCCN)C(=O)NC(CO)C(=O)O,1,1,0,0
Tadalafil,"VI.a
                
VI - Pulmonary vasculopathies

                    VI.a - Pulmonary embolism - Venous thrombosis/thromboembolism",110635.0,Both,tadalafil,CN1CC(=O)N2C(Cc3c([nH]c4ccccc34)C2c2ccc3c(c2)OCO3)C1=O,0,0,0,1
Tafenoquine,"IV.a
                
IV - Airway involvement

                    IV.a - Bronchospasm - Wheezing - Asthma                


                  IV.aa
                
IV - Airway involvement

                    IV.aa - Occupational asthma",115358.0,Pneumotox_only,tafenoquine,COc1cc(C)c2c(Oc3cccc(C(F)(F)F)c3)c(OC)cc(NC(C)CCCN)c2n1,0,0,0,0
Tamoxifen,"I.b
                
I - Interstitial/parenchymal lung disease

                    I.b - Pneumonitis (ILD)                


                  I.c
                
I - Interstitial/parenchymal lung disease

                    I.c - Eosinophilic pneumonia (pulmonary infiltrates and eosinophilia)                


                  I.e
                
I - Interstitial/parenchymal lung disease

                    I.e - Acute eosinophilic pneumonia (AEP)                


                  I.g
                
I - Interstitial/parenchymal lung disease

                    I.g - Pulmonary fibrosis                


                  IV.a
                
IV - Airway involvement

                    IV.a - Bronchospasm - Wheezing - Asthma                


                  VI.a
                
VI - Pulmonary vasculopathies

                    VI.a - Pulmonary embolism - Venous thrombosis/thromboembolism",2733526.0,Both,tamoxifen,CCC(=C(c1ccccc1)c1ccc(OCCN(C)C)cc1)c1ccccc1,1,0,0,1
Tamsulosin,"I.b
                
I - Interstitial/parenchymal lung disease

                    I.b - Pneumonitis (ILD)                


                  IX.q
                
IX - Neuromuscular / CNS involvement - Disordered breathing (during sleep)

                    IX.q - Obstructive sleep apnea",60147.0,Both,tamsulosin,CCOc1ccccc1OCCNC(C)Cc1ccc(OC)c(S(N)(=O)=O)c1,1,0,0,0
Tapentadol,"II.a
                
II - Pulmonary edema - Acute lung injury - ARDS

                    II.a - Pulmonary edema, noncardiogenic (NCPE)                


                  IX.d
                
IX - Neuromuscular / CNS involvement - Disordered breathing (during sleep)

                    IX.d - Respiratory failure from ventilatory depression (due to neuromuscular blockade/paralysis)                


                  XI.r
                
XI - Miscellaneous

                    XI.r - Death following exposure or poisoning",9838022.0,Both,tapentadol,CCC(c1cccc(O)c1)C(C)CN(C)C,0,1,0,0
Taxanes,"I.a
                
I - Interstitial/parenchymal lung disease

                    I.a - Pneumonitis (ILD), acute and/or severe (may cause ARDS)                


                  I.b
                
I - Interstitial/parenchymal lung disease

                    I.b - Pneumonitis (ILD)                


                  V.i
                
V - Pleural and/or pericardial involvement

                    V.i - Pleuritis (can cause chest pain)",78384800.0,Pneumotox_only,taxanes,CC(=O)OC1CC2OCC2(OC(C)=O)C2C(OC(=O)c3ccccc3)C3(C(C)(C)O)CC(O)C(C)=C3C(O)C(OC(=O)c3ccccc3)C12C,1,0,1,0
Tazobactam,"I.e
                
I - Interstitial/parenchymal lung disease

                    I.e - Acute eosinophilic pneumonia (AEP)",123630.0,Pneumotox_only,tazobactam,CC1(Cn2ccnn2)C(C(=O)O)N2C(=O)CC2S1(=O)=O,1,0,0,0
Tear gas,"II.a
                
II - Pulmonary edema - Acute lung injury - ARDS

                    II.a - Pulmonary edema, noncardiogenic (NCPE)                


                  III.a
                
III - Pulmonary/alveolar./airway hemorrhage/bleeding

                    III.a - Alveolar hemorrhage (AH), diffuse AH (DAH)                


                  IV.a
                
IV - Airway involvement

                    IV.a - Bronchospasm - Wheezing - Asthma                


                  VIII.e
                
VIII - Central-large-upper airway (incl. pharyngeal-nasal) involvement

                    VIII.e - Laryngospasm (a.k.a. laryngismus)                


                  XII.g
                
XII - Cardiovascular involvement / toxicity

                    XII.g - Coronary artery disease (acute) - Myocardial ischemia/infarction",10757.0,Pneumotox_only,tear gas,O=C(CCl)c1ccccc1,0,1,0,0
Telithromycin,"X.f
                
X - Systemic/Distant conditions, syndromes and reactions

                    X.f - Anaphylaxis-Anaphylactoid reaction (can be fatal)",3002190.0,Both,telithromycin,CCC1OC(=O)C(C)C(=O)C(C)C(OC2OC(C)CC(N(C)C)C2O)C(C)(OC)CC(C)C(=O)C(C)C2N(CCCCn3cnc(-c4cccnc4)c3)C(=O)OC12C,0,0,0,0
Telmisartan,"IV.d
                
IV - Airway involvement

                    IV.d - Cough (lone)                


                  VIII.a
                
VIII - Central-large-upper airway (incl. pharyngeal-nasal) involvement

                    VIII.a - Angioedema (may cause UAO, asphyxia and death)",65999.0,Both,telmisartan,CCCc1nc2c(C)cc(-c3nc4ccccc4n3C)cc2n1Cc1ccc(-c2ccccc2C(=O)O)cc1,0,0,0,0
Temozolomide,"I.a
                
I - Interstitial/parenchymal lung disease

                    I.a - Pneumonitis (ILD), acute and/or severe (may cause ARDS)                


                  I.b
                
I - Interstitial/parenchymal lung disease

                    I.b - Pneumonitis (ILD)                


                  I.d
                
I - Interstitial/parenchymal lung disease

                    I.d - Organizing pneumonia pattern (an area or areas of consolidation on imaging)                


                  II.b
                
II - Pulmonary edema - Acute lung injury - ARDS

                    II.b - ARDS - Acute lung injury                


                  V.a
                
V - Pleural and/or pericardial involvement

                    V.a - Pleural effusion (uni- or bilateral) (can accompany DI-LDs)                


                  XV.c
                
XV - Pathology

                    XV.c - Path: Organizing pneumonia (OP/BOOP) pattern (see also Id)                


                  XV.k
                
XV - Pathology

                    XV.k - Path: Desquamative interstitial pneumonia (DIP-pattern)                


                  XVII.c
                
XVII - Infections & related conditions

                    XVII.c - Aspergillosis, pulmonary (invasive, allergic [ABPA], or mycetoma)                


                  XVII.e
                
XVII - Infections & related conditions

                    XVII.e - Pneumocystis jiroveci pneumonia                


                  XVII.aj
                
XVII - Infections & related conditions

                    XVII.aj - Bordetella bronchiseptica pulmonary infection",5394.0,Both,temozolomide,Cn1nnc2c(C(N)=O)ncn2c1=O,1,1,1,0
Temsirolimus,"I.a
                
I - Interstitial/parenchymal lung disease

                    I.a - Pneumonitis (ILD), acute and/or severe (may cause ARDS)                


                  I.b
                
I - Interstitial/parenchymal lung disease

                    I.b - Pneumonitis (ILD)                


                  XII.c
                
XII - Cardiovascular involvement / toxicity

                    XII.c - Pericardial effusion (w/wo tamponade)                


                  XVII.h
                
XVII - Infections & related conditions

                    XVII.h - Nontuberculous pulmonary mycobacterial infection/superinfection",6918289.0,Both,temsirolimus,COC1CC2CCC(C)C(O)(O2)C(=O)C(=O)N2CCCCC2C(=O)OC(C(C)CC2CCC(OC(=O)C(C)(CO)CO)C(OC)C2)CC(=O)C(C)=CC(C)C(O)C(OC)C(=O)C(C)CC(C)C=CC=CC=C1C,1,0,0,0
Tenidap,"I.c
                
I - Interstitial/parenchymal lung disease

                    I.c - Eosinophilic pneumonia (pulmonary infiltrates and eosinophilia)                


                  I.e
                
I - Interstitial/parenchymal lung disease

                    I.e - Acute eosinophilic pneumonia (AEP)",60712.0,Pneumotox_only,tenidap,NC(=O)n1c(O)c(C(=O)c2cccs2)c2cc(Cl)ccc21,1,0,0,0
Teniposide,"I.l
                
I - Interstitial/parenchymal lung disease

                    I.l - Diffuse alveolar damage (DAD) (see alsoo under IIb and XVf)                


                  IV.a
                
IV - Airway involvement

                    IV.a - Bronchospasm - Wheezing - Asthma                


                  X.f
                
X - Systemic/Distant conditions, syndromes and reactions

                    X.f - Anaphylaxis-Anaphylactoid reaction (can be fatal)                


                  X.g
                
X - Systemic/Distant conditions, syndromes and reactions

                    X.g - Hypersensitivity reaction (may manifest with fever and/or skin, throat or airway involvement)                


                  XV.f
                
XV - Pathology

                    XV.f - Path: Diffuse alveolar damage (DAD-pattern) (see also IL)",5396.0,Both,teniposide,COc1cc(C2c3cc4c(cc3C(OC3OC5COC(c6cccs6)OC5C(O)C3O)C3COC(=O)C23)OCO4)cc(OC)c1O,1,0,0,0
Tenofovir,"I.b
                
I - Interstitial/parenchymal lung disease

                    I.b - Pneumonitis (ILD)                


                  X.g
                
X - Systemic/Distant conditions, syndromes and reactions

                    X.g - Hypersensitivity reaction (may manifest with fever and/or skin, throat or airway involvement)",464205.0,Both,tenofovir,CC(Cn1cnc2c(N)ncnc21)OCP(=O)(O)O,1,0,0,0
Tepotinib,"I.b
                
I - Interstitial/parenchymal lung disease

                    I.b - Pneumonitis (ILD)                


                  V.a
                
V - Pleural and/or pericardial involvement

                    V.a - Pleural effusion (uni- or bilateral) (can accompany DI-LDs)                


                  XV.c
                
XV - Pathology

                    XV.c - Path: Organizing pneumonia (OP/BOOP) pattern (see also Id)",25171648.0,Both,tepotinib,CN1CCC(COc2cnc(-c3cccc(Cn4nc(-c5cccc(C#N)c5)ccc4=O)c3)nc2)CC1,1,0,1,0
Terbutaline,"IV.a
                
IV - Airway involvement

                    IV.a - Bronchospasm - Wheezing - Asthma",5403.0,Both,terbutaline,CC(C)(C)NCC(O)c1cc(O)cc(O)c1,0,0,0,0
Teriflunomide,"VI.a
                
VI - Pulmonary vasculopathies

                    VI.a - Pulmonary embolism - Venous thrombosis/thromboembolism                


                  XVII.a
                
XVII - Infections & related conditions

                    XVII.a - Respiratory tract infection incl. pneumonia",54684141.0,Both,teriflunomide,CC(=O)C(C#N)C(=O)Nc1ccc(C(F)(F)F)cc1,0,0,0,1
Terlipressin,"II.d
                
II - Pulmonary edema - Acute lung injury - ARDS

                    II.d - Pulmonary edema, cardiogenic",72081.0,Both,terlipressin,NCCCCC(NC(=O)C1CCCN1C(=O)C1CSSCC(NC(=O)CNC(=O)CNC(=O)CN)C(=O)NC(Cc2ccc(O)cc2)C(=O)NC(Cc2ccccc2)C(=O)NC(CCC(N)=O)C(=O)NC(CC(N)=O)C(=O)N1)C(=O)NCC(N)=O,0,1,0,0
Testolone,"XII.d
                
XII - Cardiovascular involvement / toxicity

                    XII.d - Myocarditis (can be fulminant)",44200882.0,Pneumotox_only,testolone,Cc1c(NC(c2nnc(-c3ccc(C#N)cc3)o2)C(C)O)ccc(C#N)c1Cl,0,0,0,0
Testosterone,"VI.a
                
VI - Pulmonary vasculopathies

                    VI.a - Pulmonary embolism - Venous thrombosis/thromboembolism",6013.0,Both,testosterone,CC12CCC(=O)C=C1CCC1C2CCC2(C)C(O)CCC12,0,0,0,1
Testosterone cypionate,"I.c
                
I - Interstitial/parenchymal lung disease

                    I.c - Eosinophilic pneumonia (pulmonary infiltrates and eosinophilia)",441404.0,Both,testosterone cypionate,CC12CCC(=O)C=C1CCC1C2CCC2(C)C(OC(=O)CCC3CCCC3)CCC12,1,0,0,0
Testosterone undecanoate,"IV.d
                
IV - Airway involvement

                    IV.d - Cough (lone)                


                  IV.x
                
IV - Airway involvement

                    IV.x - Transient hacking cough                


                  VI.e
                
VI - Pulmonary vasculopathies

                    VI.e - Fat/oil embolism - The FES embolism syndrome                


                  X.f
                
X - Systemic/Distant conditions, syndromes and reactions

                    X.f - Anaphylaxis-Anaphylactoid reaction (can be fatal)",65157.0,Both,testosterone undecanoate,CCCCCCCCCCC(=O)OC1CCC2C3CC=C4CC(=O)CCC4(C)C3CCC12C,0,0,0,1
Tetracycline,"I.c
                
I - Interstitial/parenchymal lung disease

                    I.c - Eosinophilic pneumonia (pulmonary infiltrates and eosinophilia)                


                  IV.a
                
IV - Airway involvement

                    IV.a - Bronchospasm - Wheezing - Asthma                


                  IV.aa
                
IV - Airway involvement

                    IV.aa - Occupational asthma                


                  X.d
                
X - Systemic/Distant conditions, syndromes and reactions

                    X.d - Lupus - Lupus syndrome (see also Vd)                


                  XVIII.y
                
XVIII - Distinctive patterns - 'Eye-catchers'

                    XVIII.y - Eye catcher: Pseudocyanosis",54675776.0,Both,tetracycline,CN(C)C1C(=O)C(C(N)=O)C(=O)C2(O)C(=O)C3C(=O)c4c(O)cccc4C(C)(O)C3CC12,1,0,0,0
Thalidomide,"I.a
                
I - Interstitial/parenchymal lung disease

                    I.a - Pneumonitis (ILD), acute and/or severe (may cause ARDS)                


                  I.b
                
I - Interstitial/parenchymal lung disease

                    I.b - Pneumonitis (ILD)                


                  I.c
                
I - Interstitial/parenchymal lung disease

                    I.c - Eosinophilic pneumonia (pulmonary infiltrates and eosinophilia)                


                  I.d
                
I - Interstitial/parenchymal lung disease

                    I.d - Organizing pneumonia pattern (an area or areas of consolidation on imaging)                


                  II.b
                
II - Pulmonary edema - Acute lung injury - ARDS

                    II.b - ARDS - Acute lung injury                


                  VI.a
                
VI - Pulmonary vasculopathies

                    VI.a - Pulmonary embolism - Venous thrombosis/thromboembolism                


                  VI.b
                
VI - Pulmonary vasculopathies

                    VI.b - Pulmonary arterial hypertension                


                  XV.c
                
XV - Pathology

                    XV.c - Path: Organizing pneumonia (OP/BOOP) pattern (see also Id)                


                  XV.e
                
XV - Pathology

                    XV.e - Path: ILD with a granulomatous component (see also Im)                


                  XIX.a
                
XIX - Cytological, biochemical features of/in BAL, pleural fluid or FNA

                    XIX.a - BAL: An excess proportion of lymphocytes                


                  XIX.b
                
XIX - Cytological, biochemical features of/in BAL, pleural fluid or FNA

                    XIX.b - BAL: An excess proportion of neutrophils",5426.0,Both,thalidomide,O=C1CCC(N2C(=O)c3ccccc3C2=O)C(=O)N1,1,1,1,1
Theophylline,"X.ba
                
X - Systemic/Distant conditions, syndromes and reactions

                    X.ba - Rhabdomyolysis (see also under Xj)                


                  XI.d
                
XI - Miscellaneous

                    XI.d - Metabolic acidosis (incl. lactic acidosis/-gap). May cause hyperpnea/dyspnea                


                  XI.r
                
XI - Miscellaneous

                    XI.r - Death following exposure or poisoning                


                  XII.l
                
XII - Cardiovascular involvement / toxicity

                    XII.l - Cardiac arrhythmias or dysrhythmias (AF, VT, VF, TdP)",2153.0,Both,theophylline,Cn1c(=O)c2[nH]cnc2n(C)c1=O,0,0,0,0
Thiamphenicol,"IV.aa
                
IV - Airway involvement

                    IV.aa - Occupational asthma",27200.0,Pneumotox_only,thiamphenicol,CS(=O)(=O)c1ccc(C(O)C(CO)NC(=O)C(Cl)Cl)cc1,0,0,0,0
Thiocolchicoside,"XIV.b
                
XIV - Hemoglobinopathies - Abnormal hemoglobin states (acquired)

                    XIV.b - Sulfhemoglobinemia",9915886.0,Pneumotox_only,thiocolchicoside,COc1c(OC2OC(CO)C(O)C(O)C2O)cc2c(c1OC)-c1ccc(SC)c(=O)cc1C(NC(C)=O)CC2,0,0,0,0
Tianeptine,"IX.d
                
IX - Neuromuscular / CNS involvement - Disordered breathing (during sleep)

                    IX.d - Respiratory failure from ventilatory depression (due to neuromuscular blockade/paralysis)",68870.0,Pneumotox_only,tianeptine,CN1c2ccccc2C(NCCCCCCC(=O)O)c2ccc(Cl)cc2S1(=O)=O,0,0,0,0
Ticagrelor,"III.a
                
III - Pulmonary/alveolar./airway hemorrhage/bleeding

                    III.a - Alveolar hemorrhage (AH), diffuse AH (DAH)                


                  VIII.a
                
VIII - Central-large-upper airway (incl. pharyngeal-nasal) involvement

                    VIII.a - Angioedema (may cause UAO, asphyxia and death)                


                  IX.e
                
IX - Neuromuscular / CNS involvement - Disordered breathing (during sleep)

                    IX.e - Disordered breathing pattern incl. Cheyne-Stokes respiration                


                  IX.h
                
IX - Neuromuscular / CNS involvement - Disordered breathing (during sleep)

                    IX.h - Dyspnea, unexplained otherwise                


                  IX.p
                
IX - Neuromuscular / CNS involvement - Disordered breathing (during sleep)

                    IX.p - Disordered breathing during sleep - Sleep apnea                


                  IX.u
                
IX - Neuromuscular / CNS involvement - Disordered breathing (during sleep)

                    IX.u - Central sleep apnea                


                  XII.ag
                
XII - Cardiovascular involvement / toxicity

                    XII.ag - Bradycardia",9871419.0,Both,ticagrelor,CCCSc1nc(NC2CC2c2ccc(F)c(F)c2)c2nnn(C3CC(OCCO)C(O)C3O)c2n1,0,0,0,0
Ticlopidine,"I.b
                
I - Interstitial/parenchymal lung disease

                    I.b - Pneumonitis (ILD)                


                  I.c
                
I - Interstitial/parenchymal lung disease

                    I.c - Eosinophilic pneumonia (pulmonary infiltrates and eosinophilia)                


                  I.d
                
I - Interstitial/parenchymal lung disease

                    I.d - Organizing pneumonia pattern (an area or areas of consolidation on imaging)                


                  I.k
                
I - Interstitial/parenchymal lung disease

                    I.k - Lung nodule or nodules                


                  I.l
                
I - Interstitial/parenchymal lung disease

                    I.l - Diffuse alveolar damage (DAD) (see alsoo under IIb and XVf)                


                  III.a
                
III - Pulmonary/alveolar./airway hemorrhage/bleeding

                    III.a - Alveolar hemorrhage (AH), diffuse AH (DAH)                


                  V.d
                
V - Pleural and/or pericardial involvement

                    V.d - Pleural/pericardial effusion, ANA positive (DI lupus)                


                  V.e
                
V - Pleural and/or pericardial involvement

                    V.e - Hemothorax - Serosanguineous pleural effusion                


                  X.d
                
X - Systemic/Distant conditions, syndromes and reactions

                    X.d - Lupus - Lupus syndrome (see also Vd)",5472.0,Both,ticlopidine,Clc1ccccc1CN1CCc2sccc2C1,1,0,1,0
Timolol,"I.b
                
I - Interstitial/parenchymal lung disease

                    I.b - Pneumonitis (ILD)                


                  I.d
                
I - Interstitial/parenchymal lung disease

                    I.d - Organizing pneumonia pattern (an area or areas of consolidation on imaging)                


                  IV.a
                
IV - Airway involvement

                    IV.a - Bronchospasm - Wheezing - Asthma                


                  IV.f
                
IV - Airway involvement

                    IV.f - Severe or catastrophic bronchospasm or asthma attack (can be fatal)                


                  V.d
                
V - Pleural and/or pericardial involvement

                    V.d - Pleural/pericardial effusion, ANA positive (DI lupus)                


                  IX.d
                
IX - Neuromuscular / CNS involvement - Disordered breathing (during sleep)

                    IX.d - Respiratory failure from ventilatory depression (due to neuromuscular blockade/paralysis)",33624.0,Both,timolol,CC(C)(C)NCC(O)COc1nsnc1N1CCOCC1,1,0,1,0
Tipepidine,"X.f
                
X - Systemic/Distant conditions, syndromes and reactions

                    X.f - Anaphylaxis-Anaphylactoid reaction (can be fatal)",5484.0,Pneumotox_only,tipepidine,CN1CCCC(=C(c2cccs2)c2cccs2)C1,0,0,0,0
Tirofiban,"III.a
                
III - Pulmonary/alveolar./airway hemorrhage/bleeding

                    III.a - Alveolar hemorrhage (AH), diffuse AH (DAH)",60947.0,Both,tirofiban,CCCCS(=O)(=O)NC(Cc1ccc(OCCCCC2CCNCC2)cc1)C(=O)O,0,0,0,0
Tivantinib,"I.b
                
I - Interstitial/parenchymal lung disease

                    I.b - Pneumonitis (ILD)",11494412.0,Pneumotox_only,tivantinib,Oc1[nH]c(O)c(-c2cn3c4c(cccc24)CCC3)c1-c1c[nH]c2ccccc12,1,0,0,0
Tizanidine,"V.b
                
V - Pleural and/or pericardial involvement

                    V.b - Eosinophilic pleural effusion",5487.0,Both,tizanidine,Clc1ccc2nsnc2c1NC1=NCCN1,0,0,1,0
Tocainide,"I.b
                
I - Interstitial/parenchymal lung disease

                    I.b - Pneumonitis (ILD)                


                  I.g
                
I - Interstitial/parenchymal lung disease

                    I.g - Pulmonary fibrosis                


                  V.d
                
V - Pleural and/or pericardial involvement

                    V.d - Pleural/pericardial effusion, ANA positive (DI lupus)                


                  X.d
                
X - Systemic/Distant conditions, syndromes and reactions

                    X.d - Lupus - Lupus syndrome (see also Vd)                


                  XI.n
                
XI - Miscellaneous

                    XI.n - Neutropenia, agranulocytosis (w/wo infection/sepsis)                


                  XV.c
                
XV - Pathology

                    XV.c - Path: Organizing pneumonia (OP/BOOP) pattern (see also Id)                


                  XV.k
                
XV - Pathology

                    XV.k - Path: Desquamative interstitial pneumonia (DIP-pattern)",38945.0,Pneumotox_only,tocainide,Cc1cccc(C)c1NC(=O)C(C)N,1,0,1,0
Tofacitinib,"I.b
                
I - Interstitial/parenchymal lung disease

                    I.b - Pneumonitis (ILD)                


                  VI.b
                
VI - Pulmonary vasculopathies

                    VI.b - Pulmonary arterial hypertension                


                  XVII.b
                
XVII - Infections & related conditions

                    XVII.b - Opportunistic pulmonary/systemic infections                


                  XVII.e
                
XVII - Infections & related conditions

                    XVII.e - Pneumocystis jiroveci pneumonia                


                  XVII.g
                
XVII - Infections & related conditions

                    XVII.g - Tuberculosis (pulmonary, pulmonary, extrapulmonary or disseminated). Reactivation or de novo                


                  XVII.h
                
XVII - Infections & related conditions

                    XVII.h - Nontuberculous pulmonary mycobacterial infection/superinfection                


                  XVII.q
                
XVII - Infections & related conditions

                    XVII.q - Viral pneumonia                


                  XVII.y
                
XVII - Infections & related conditions

                    XVII.y - Cryptococcus pulmonary and/or systemic infection",9926791.0,Both,tofacitinib,CC1CCN(C(=O)CC#N)CC1N(C)c1ncnc2[nH]ccc12,1,0,0,1
Tolazamide,"I.c
                
I - Interstitial/parenchymal lung disease

                    I.c - Eosinophilic pneumonia (pulmonary infiltrates and eosinophilia)",5503.0,Pneumotox_only,tolazamide,Cc1ccc(S(=O)(=O)NC(=O)NN2CCCCCC2)cc1,1,0,0,0
Tolfenamic acid,"I.c
                
I - Interstitial/parenchymal lung disease

                    I.c - Eosinophilic pneumonia (pulmonary infiltrates and eosinophilia)",610479.0,Pneumotox_only,tolfenamic acid,Cc1c(Cl)cccc1Nc1ccccc1C(=O)O,1,0,0,0
Tolperisone,"IX.d
                
IX - Neuromuscular / CNS involvement - Disordered breathing (during sleep)

                    IX.d - Respiratory failure from ventilatory depression (due to neuromuscular blockade/paralysis)",5511.0,Pneumotox_only,tolperisone,Cc1ccc(C(=O)C(C)CN2CCCCC2)cc1,0,0,0,0
Tolvaptan,"XII.n
                
XII - Cardiovascular involvement / toxicity

                    XII.n - Cardiovascular collapse - Cardiogenic shock - Hypotension",216237.0,Both,tolvaptan,Cc1ccccc1C(=O)Nc1ccc(C(=O)N2CCCC(O)c3cc(Cl)ccc32)c(C)c1,0,0,0,0
Topiramate,"I.c
                
I - Interstitial/parenchymal lung disease

                    I.c - Eosinophilic pneumonia (pulmonary infiltrates and eosinophilia)                


                  IV.d
                
IV - Airway involvement

                    IV.d - Cough (lone)                


                  IX.b
                
IX - Neuromuscular / CNS involvement - Disordered breathing (during sleep)

                    IX.b - Respiratory dyskinesia                


                  IX.e
                
IX - Neuromuscular / CNS involvement - Disordered breathing (during sleep)

                    IX.e - Disordered breathing pattern incl. Cheyne-Stokes respiration                


                  IX.g
                
IX - Neuromuscular / CNS involvement - Disordered breathing (during sleep)

                    IX.g - Hyperpnea - Hyperventilation - Low PaCO2                


                  XI.d
                
XI - Miscellaneous

                    XI.d - Metabolic acidosis (incl. lactic acidosis/-gap). May cause hyperpnea/dyspnea                


                  XIX.c
                
XIX - Cytological, biochemical features of/in BAL, pleural fluid or FNA

                    XIX.c - BAL: An excess proportion of eosinophils",5284627.0,Both,topiramate,CC1(C)OC2COC3(COS(N)(=O)=O)OC(C)(C)OC3C2O1,1,0,1,0
Tosufloxacin,"I.b
                
I - Interstitial/parenchymal lung disease

                    I.b - Pneumonitis (ILD)                


                  I.c
                
I - Interstitial/parenchymal lung disease

                    I.c - Eosinophilic pneumonia (pulmonary infiltrates and eosinophilia)                


                  XV.b
                
XV - Pathology

                    XV.b - Path: Eosinophilic pneumonia (subacute or acute)  (see also Ic)",5517.0,Pneumotox_only,tosufloxacin,NC1CCN(c2nc3c(cc2F)c(=O)c(C(=O)O)cn3-c2ccc(F)cc2F)C1,1,0,0,0
Trabectedin,"II.d
                
II - Pulmonary edema - Acute lung injury - ARDS

                    II.d - Pulmonary edema, cardiogenic                


                  XII.d
                
XII - Cardiovascular involvement / toxicity

                    XII.d - Myocarditis (can be fulminant)                


                  XII.g
                
XII - Cardiovascular involvement / toxicity

                    XII.g - Coronary artery disease (acute) - Myocardial ischemia/infarction                


                  XII.l
                
XII - Cardiovascular involvement / toxicity

                    XII.l - Cardiac arrhythmias or dysrhythmias (AF, VT, VF, TdP)                


                  XII.m
                
XII - Cardiovascular involvement / toxicity

                    XII.m - Cardiac- cardiorespiratory/pulmonary arrest",108150.0,Both,trabectedin,COc1cc2c(cc1O)CCNC21CSC2c3c(OC(C)=O)c(C)c4c(c3C(COC1=O)N1C(O)C3Cc5cc(C)c(OC)c(O)c5C(C21)N3C)OCO4,0,1,0,0
Tramadol,"VI.b
                
VI - Pulmonary vasculopathies

                    VI.b - Pulmonary arterial hypertension                


                  VIII.a
                
VIII - Central-large-upper airway (incl. pharyngeal-nasal) involvement

                    VIII.a - Angioedema (may cause UAO, asphyxia and death)                


                  IX.d
                
IX - Neuromuscular / CNS involvement - Disordered breathing (during sleep)

                    IX.d - Respiratory failure from ventilatory depression (due to neuromuscular blockade/paralysis)                


                  X.u
                
X - Systemic/Distant conditions, syndromes and reactions

                    X.u - Multiple organ dysfunction/failure (MODS/MOF)                


                  XI.e
                
XI - Miscellaneous

                    XI.e - Respiratory acidosis - Hypercapnia                


                  XI.r
                
XI - Miscellaneous

                    XI.r - Death following exposure or poisoning                


                  XII.m
                
XII - Cardiovascular involvement / toxicity

                    XII.m - Cardiac- cardiorespiratory/pulmonary arrest                


                  XII.n
                
XII - Cardiovascular involvement / toxicity

                    XII.n - Cardiovascular collapse - Cardiogenic shock - Hypotension",33741.0,Both,tramadol,COc1cccc(C2(O)CCCCC2CN(C)C)c1,0,0,0,1
Trametinib,"I.b
                
I - Interstitial/parenchymal lung disease

                    I.b - Pneumonitis (ILD)                


                  X.k
                
X - Systemic/Distant conditions, syndromes and reactions

                    X.k - Sarcoid-like granulomatosis (endo-/extrathoracic)                


                  X.ah
                
X - Systemic/Distant conditions, syndromes and reactions

                    X.ah - Granulomatosis with polyangiitis (typically ANCA pos.) - GPA flare                


                  XII.a
                
XII - Cardiovascular involvement / toxicity

                    XII.a - Left or biventricular dysfunction/failure                


                  XII.n
                
XII - Cardiovascular involvement / toxicity

                    XII.n - Cardiovascular collapse - Cardiogenic shock - Hypotension",11707110.0,Both,trametinib,CC(=O)Nc1cccc(-n2c(=O)n(C3CC3)c(=O)c3c(Nc4ccc(I)cc4F)n(C)c(=O)c(C)c32)c1,1,0,0,0
Trandolapril,"VIII.a
                
VIII - Central-large-upper airway (incl. pharyngeal-nasal) involvement

                    VIII.a - Angioedema (may cause UAO, asphyxia and death)",5484727.0,Both,trandolapril,CCOC(=O)C(CCc1ccccc1)NC(C)C(=O)N1C(C(=O)O)CC2CCCCC21,0,0,0,0
Tranexamic acid,"VI.a
                
VI - Pulmonary vasculopathies

                    VI.a - Pulmonary embolism - Venous thrombosis/thromboembolism",5526.0,Both,tranexamic acid,NCC1CCC(C(=O)O)CC1,0,0,0,1
Trazodone,"I.c
                
I - Interstitial/parenchymal lung disease

                    I.c - Eosinophilic pneumonia (pulmonary infiltrates and eosinophilia)",5533.0,Both,trazodone,O=c1n(CCCN2CCN(c3cccc(Cl)c3)CC2)nc2ccccn12,1,0,0,0
Trenbolone,"I.j
                
I - Interstitial/parenchymal lung disease

                    I.j - Exogenous lipoid pneumonia (subacute, acute)                


                  I.l
                
I - Interstitial/parenchymal lung disease

                    I.l - Diffuse alveolar damage (DAD) (see alsoo under IIb and XVf)",25015.0,Pneumotox_only,trenbolone,CC12C=CC3=C(CC=C4CC(=O)CCC43)C1CCC2O,1,0,0,0
Treprostinil,"II.a
                
II - Pulmonary edema - Acute lung injury - ARDS

                    II.a - Pulmonary edema, noncardiogenic (NCPE)                


                  XII.e
                
XII - Cardiovascular involvement / toxicity

                    XII.e - Takotsubo (stress) cardiomyopathy                


                  XII.n
                
XII - Cardiovascular involvement / toxicity

                    XII.n - Cardiovascular collapse - Cardiogenic shock - Hypotension",6918140.0,Both,treprostinil,CCCCCC(O)CCC1C(O)CC2Cc3c(cccc3OCC(=O)O)CC21,0,1,0,0
Triazolam,"II.a
                
II - Pulmonary edema - Acute lung injury - ARDS

                    II.a - Pulmonary edema, noncardiogenic (NCPE)",5556.0,Both,triazolam,Cc1nnc2n1-c1ccc(Cl)cc1C(c1ccccc1Cl)=NC2,0,1,0,0
Trichloroethylene,"I.an
                
I - Interstitial/parenchymal lung disease

                    I.an - Hypersensitivity pneumonitis pattern                


                  X.a
                
X - Systemic/Distant conditions, syndromes and reactions

                    X.a - DRES syndrome - DRESS-like reaction",6575.0,Pneumotox_only,trichloroethylene,ClC=C(Cl)Cl,1,0,0,0
Trifluoperazine,"XI.g
                
XI - Miscellaneous

                    XI.g - Aspiration, aspiration pneumonia (w/wo demonstrable pharyngeal dysmotility)",5566.0,Both,trifluoperazine,CN1CCN(CCCN2c3ccccc3Sc3ccc(C(F)(F)F)cc32)CC1,0,0,0,0
Trimeperidine,"IX.i
                
IX - Neuromuscular / CNS involvement - Disordered breathing (during sleep)

                    IX.i - Respiratory arrest - Apnea",20055107.0,Pneumotox_only,trimeperidine,CCC(=O)OC1(c2ccccc2)CC(C)N(C)CC1C,0,0,0,0
Trimipramine,"I.c
                
I - Interstitial/parenchymal lung disease

                    I.c - Eosinophilic pneumonia (pulmonary infiltrates and eosinophilia)                


                  V.b
                
V - Pleural and/or pericardial involvement

                    V.b - Eosinophilic pleural effusion                


                  V.f
                
V - Pleural and/or pericardial involvement

                    V.f - Pneumothorax                


                  V.u
                
V - Pleural and/or pericardial involvement

                    V.u - Eosinophilic pleuritis                


                  XV.an
                
XV - Pathology

                    XV.an - Path: Eosinophilic pleuritis",5584.0,Both,trimipramine,CC(CN(C)C)CN1c2ccccc2CCc2ccccc21,1,0,1,0
Triptorelin,"I.a
                
I - Interstitial/parenchymal lung disease

                    I.a - Pneumonitis (ILD), acute and/or severe (may cause ARDS)                


                  V.a
                
V - Pleural and/or pericardial involvement

                    V.a - Pleural effusion (uni- or bilateral) (can accompany DI-LDs)                


                  X.f
                
X - Systemic/Distant conditions, syndromes and reactions

                    X.f - Anaphylaxis-Anaphylactoid reaction (can be fatal)",25074470.0,Both,triptorelin,CC(C)CC(NC(=O)C(Cc1c[nH]c2ccccc12)NC(=O)C(Cc1ccc(O)cc1)NC(=O)C(CO)NC(=O)C(Cc1c[nH]c2ccccc12)NC(=O)C(Cc1c[nH]cn1)NC(=O)C1CCC(=O)N1)C(=O)NC(CCCN=C(N)N)C(=O)N1CCCC1C(=O)NCC(N)=O,1,0,1,0
Trofosfamide,"I.b
                
I - Interstitial/parenchymal lung disease

                    I.b - Pneumonitis (ILD)",65702.0,Pneumotox_only,trofosfamide,O=P1(N(CCCl)CCCl)OCCCN1CCCl,1,0,0,0
Troglitazone,"II.a
                
II - Pulmonary edema - Acute lung injury - ARDS

                    II.a - Pulmonary edema, noncardiogenic (NCPE)                


                  V.a
                
V - Pleural and/or pericardial involvement

                    V.a - Pleural effusion (uni- or bilateral) (can accompany DI-LDs)                


                  V.i
                
V - Pleural and/or pericardial involvement

                    V.i - Pleuritis (can cause chest pain)",5591.0,Pneumotox_only,troglitazone,Cc1c(C)c2c(c(C)c1O)CCC(C)(COc1ccc(Cc3sc(=O)[nH]c3O)cc1)O2,0,1,1,0
U-47700,"IX.d
                
IX - Neuromuscular / CNS involvement - Disordered breathing (during sleep)

                    IX.d - Respiratory failure from ventilatory depression (due to neuromuscular blockade/paralysis)                


                  XI.r
                
XI - Miscellaneous

                    XI.r - Death following exposure or poisoning",71719125.0,Pneumotox_only,u-47700,CN(C)C1CCCCC1N(C)C(=O)c1ccc(Cl)c(Cl)c1,0,0,0,0
Umbralisib,"I.a
                
I - Interstitial/parenchymal lung disease

                    I.a - Pneumonitis (ILD), acute and/or severe (may cause ARDS)",72950888.0,Pneumotox_only,umbralisib,CC(C)Oc1ccc(-c2nn(C(C)c3oc4ccc(F)cc4c(=O)c3-c3cccc(F)c3)c3ncnc(N)c23)cc1F,1,0,0,0
Valsartan,"VIII.a
                
VIII - Central-large-upper airway (incl. pharyngeal-nasal) involvement

                    VIII.a - Angioedema (may cause UAO, asphyxia and death)                


                  X.b
                
X - Systemic/Distant conditions, syndromes and reactions

                    X.b - Antiphospholipid antibodies w/wo the APL syndrome",60846.0,Both,valsartan,CCCCC(=O)N(Cc1ccc(-c2ccccc2-c2nn[nH]n2)cc1)C(C(=O)O)C(C)C,0,0,0,0
Vancomycin,"I.c
                
I - Interstitial/parenchymal lung disease

                    I.c - Eosinophilic pneumonia (pulmonary infiltrates and eosinophilia)                


                  II.a
                
II - Pulmonary edema - Acute lung injury - ARDS

                    II.a - Pulmonary edema, noncardiogenic (NCPE)                


                  IV.a
                
IV - Airway involvement

                    IV.a - Bronchospasm - Wheezing - Asthma                


                  IV.f
                
IV - Airway involvement

                    IV.f - Severe or catastrophic bronchospasm or asthma attack (can be fatal)                


                  V.n
                
V - Pleural and/or pericardial involvement

                    V.n - Hemopericardium - Bloody pericardial effusion                


                  X.a
                
X - Systemic/Distant conditions, syndromes and reactions

                    X.a - DRES syndrome - DRESS-like reaction                


                  X.f
                
X - Systemic/Distant conditions, syndromes and reactions

                    X.f - Anaphylaxis-Anaphylactoid reaction (can be fatal)                


                  X.g
                
X - Systemic/Distant conditions, syndromes and reactions

                    X.g - Hypersensitivity reaction (may manifest with fever and/or skin, throat or airway involvement)                


                  XII.m
                
XII - Cardiovascular involvement / toxicity

                    XII.m - Cardiac- cardiorespiratory/pulmonary arrest                


                  XII.n
                
XII - Cardiovascular involvement / toxicity

                    XII.n - Cardiovascular collapse - Cardiogenic shock - Hypotension",14969.0,Both,vancomycin,CNC(CC(C)C)C(=O)NC1C(=O)NC(CC(N)=O)C(=O)NC2C(=O)NC3C(=O)NC(C(=O)NC(C(=O)O)c4cc(O)cc(O)c4-c4cc3ccc4O)C(O)c3ccc(c(Cl)c3)Oc3cc2cc(c3OC2OC(CO)C(O)C(O)C2OC2CC(C)(N)C(O)C(C)O2)Oc2ccc(cc2Cl)C1O,1,1,1,0
Vandetanib,"I.b
                
I - Interstitial/parenchymal lung disease

                    I.b - Pneumonitis (ILD)                


                  XII.ai
                
XII - Cardiovascular involvement / toxicity

                    XII.ai - Cardiotoxicity",3081361.0,Both,vandetanib,COc1cc2c(Nc3ccc(Br)cc3F)ncnc2cc1OCC1CCN(C)CC1,1,0,0,0
Vemurafenib,"I.b
                
I - Interstitial/parenchymal lung disease

                    I.b - Pneumonitis (ILD)                


                  I.m
                
I - Interstitial/parenchymal lung disease

                    I.m - ILD with a granulomatous component                


                  I.ad
                
I - Interstitial/parenchymal lung disease

                    I.ad - Radiation recall pneumonitis                


                  X.a
                
X - Systemic/Distant conditions, syndromes and reactions

                    X.a - DRES syndrome - DRESS-like reaction                


                  X.f
                
X - Systemic/Distant conditions, syndromes and reactions

                    X.f - Anaphylaxis-Anaphylactoid reaction (can be fatal)                


                  X.k
                
X - Systemic/Distant conditions, syndromes and reactions

                    X.k - Sarcoid-like granulomatosis (endo-/extrathoracic)                


                  X.m
                
X - Systemic/Distant conditions, syndromes and reactions

                    X.m - Vascultis (pulmonary, extrathoracic or systemic)-ANCA status unknown or negative)                


                  XII.ai
                
XII - Cardiovascular involvement / toxicity

                    XII.ai - Cardiotoxicity                


                  XV.a
                
XV - Pathology

                    XV.a - Path: NSIP-cellular pattern (see also Ia, Ib)                


                  XV.e
                
XV - Pathology

                    XV.e - Path: ILD with a granulomatous component (see also Im)",42611257.0,Both,vemurafenib,CCCS(=O)(=O)Nc1ccc(F)c(C(=O)c2c[nH]c3ncc(-c4ccc(Cl)cc4)cc23)c1F,1,0,0,0
Venetoclax,"I.b
                
I - Interstitial/parenchymal lung disease

                    I.b - Pneumonitis (ILD)                


                  XXI.b
                
XXI - Rechallenge data

                    XXI.b - Rechallenge can lead to relapse of AE/ILD",49846579.0,Both,venetoclax,CC1(C)CCC(CN2CCN(c3ccc(C(=O)NS(=O)(=O)c4ccc(NCC5CCOCC5)c([N+](=O)[O-])c4)c(Oc4cnc5[nH]ccc5c4)c3)CC2)=C(c2ccc(Cl)cc2)C1,1,0,0,0
Venlafaxine,"I.b
                
I - Interstitial/parenchymal lung disease

                    I.b - Pneumonitis (ILD)                


                  I.c
                
I - Interstitial/parenchymal lung disease

                    I.c - Eosinophilic pneumonia (pulmonary infiltrates and eosinophilia)                


                  I.e
                
I - Interstitial/parenchymal lung disease

                    I.e - Acute eosinophilic pneumonia (AEP)                


                  I.m
                
I - Interstitial/parenchymal lung disease

                    I.m - ILD with a granulomatous component                


                  IV.a
                
IV - Airway involvement

                    IV.a - Bronchospasm - Wheezing - Asthma                


                  X.a
                
X - Systemic/Distant conditions, syndromes and reactions

                    X.a - DRES syndrome - DRESS-like reaction                


                  XI.r
                
XI - Miscellaneous

                    XI.r - Death following exposure or poisoning                


                  XII.f
                
XII - Cardiovascular involvement / toxicity

                    XII.f - Cardiomyopathy (acute, subacute, chronic)                


                  XII.g
                
XII - Cardiovascular involvement / toxicity

                    XII.g - Coronary artery disease (acute) - Myocardial ischemia/infarction                


                  XII.l
                
XII - Cardiovascular involvement / toxicity

                    XII.l - Cardiac arrhythmias or dysrhythmias (AF, VT, VF, TdP)                


                  XV.b
                
XV - Pathology

                    XV.b - Path: Eosinophilic pneumonia (subacute or acute)  (see also Ic)",5656.0,Both,venlafaxine,COc1ccc(C(CN(C)C)C2(O)CCCCC2)cc1,1,0,0,0
Verapamil,"II.a
                
II - Pulmonary edema - Acute lung injury - ARDS

                    II.a - Pulmonary edema, noncardiogenic (NCPE)                


                  II.b
                
II - Pulmonary edema - Acute lung injury - ARDS

                    II.b - ARDS - Acute lung injury                


                  IV.a
                
IV - Airway involvement

                    IV.a - Bronchospasm - Wheezing - Asthma                


                  XI.r
                
XI - Miscellaneous

                    XI.r - Death following exposure or poisoning",2520.0,Both,verapamil,COc1ccc(CCN(C)CCCC(C#N)(c2ccc(OC)c(OC)c2)C(C)C)cc1OC,0,1,0,0
Vildagliptin,"I.b
                
I - Interstitial/parenchymal lung disease

                    I.b - Pneumonitis (ILD)                


                  I.m
                
I - Interstitial/parenchymal lung disease

                    I.m - ILD with a granulomatous component                


                  VIII.a
                
VIII - Central-large-upper airway (incl. pharyngeal-nasal) involvement

                    VIII.a - Angioedema (may cause UAO, asphyxia and death)                


                  XV.a
                
XV - Pathology

                    XV.a - Path: NSIP-cellular pattern (see also Ia, Ib)",5251896.0,Both,vildagliptin,N#CC1CCCN1C(=O)CNC12CC3CC(CC(O)(C3)C1)C2,1,0,0,0
Vinblastine,"I.b
                
I - Interstitial/parenchymal lung disease

                    I.b - Pneumonitis (ILD)                


                  I.k
                
I - Interstitial/parenchymal lung disease

                    I.k - Lung nodule or nodules                


                  I.l
                
I - Interstitial/parenchymal lung disease

                    I.l - Diffuse alveolar damage (DAD) (see alsoo under IIb and XVf)                


                  II.a
                
II - Pulmonary edema - Acute lung injury - ARDS

                    II.a - Pulmonary edema, noncardiogenic (NCPE)                


                  II.b
                
II - Pulmonary edema - Acute lung injury - ARDS

                    II.b - ARDS - Acute lung injury                


                  IV.a
                
IV - Airway involvement

                    IV.a - Bronchospasm - Wheezing - Asthma                


                  XII.g
                
XII - Cardiovascular involvement / toxicity

                    XII.g - Coronary artery disease (acute) - Myocardial ischemia/infarction                


                  XV.f
                
XV - Pathology

                    XV.f - Path: Diffuse alveolar damage (DAD-pattern) (see also IL)",13342.0,Both,vinblastine,CCC1(O)CC2CN(CCc3c([nH]c4ccccc34)C(C(=O)OC)(c3cc4c(cc3OC)N(C)C3C(O)(C(=O)OC)C(OC(C)=O)C5(CC)C=CCN6CCC43C65)C2)C1,1,1,0,0
Vincristine,"I.b
                
I - Interstitial/parenchymal lung disease

                    I.b - Pneumonitis (ILD)                


                  VIII.e
                
VIII - Central-large-upper airway (incl. pharyngeal-nasal) involvement

                    VIII.e - Laryngospasm (a.k.a. laryngismus)                


                  VIII.h
                
VIII - Central-large-upper airway (incl. pharyngeal-nasal) involvement

                    VIII.h - Vocal cord dysfunction, adduction, closure, injury                


                  VIII.j
                
VIII - Central-large-upper airway (incl. pharyngeal-nasal) involvement

                    VIII.j - Laryngeal disorder-Laryngeal nerve palsy (dysphonia, hoarseness)                


                  XV.a
                
XV - Pathology

                    XV.a - Path: NSIP-cellular pattern (see also Ia, Ib)                


                  XV.i
                
XV - Pathology

                    XV.i - Path: Pneumocyte atypia (reactive epithelial cells) (a.k.a. the ""Napoleon Hat"" sign)",5978.0,Both,vincristine,CCC1(O)CC2CN(CCc3c([nH]c4ccccc34)C(C(=O)OC)(c3cc4c(cc3OC)N(C=O)C3C(O)(C(=O)OC)C(OC(C)=O)C5(CC)C=CCN6CCC43C65)C2)C1,1,0,0,0
Vindesine,"I.b
                
I - Interstitial/parenchymal lung disease

                    I.b - Pneumonitis (ILD)                


                  II.a
                
II - Pulmonary edema - Acute lung injury - ARDS

                    II.a - Pulmonary edema, noncardiogenic (NCPE)                


                  IV.a
                
IV - Airway involvement

                    IV.a - Bronchospasm - Wheezing - Asthma                


                  IV.n
                
IV - Airway involvement

                    IV.n - Obstructive airway dysfunction (see also IVc, XVx)",40839.0,Pneumotox_only,vindesine,CCC1(O)CC2CN(CCc3c([nH]c4ccccc34)C(C(=O)OC)(c3cc4c(cc3OC)N(C)C3C(O)(C(N)=O)C(O)C5(CC)C=CCN6CCC43C65)C2)C1,1,1,0,0
Vinorelbine,"I.b
                
I - Interstitial/parenchymal lung disease

                    I.b - Pneumonitis (ILD)                


                  II.a
                
II - Pulmonary edema - Acute lung injury - ARDS

                    II.a - Pulmonary edema, noncardiogenic (NCPE)                


                  II.b
                
II - Pulmonary edema - Acute lung injury - ARDS

                    II.b - ARDS - Acute lung injury                


                  IV.a
                
IV - Airway involvement

                    IV.a - Bronchospasm - Wheezing - Asthma                


                  X.f
                
X - Systemic/Distant conditions, syndromes and reactions

                    X.f - Anaphylaxis-Anaphylactoid reaction (can be fatal)                


                  XII.m
                
XII - Cardiovascular involvement / toxicity

                    XII.m - Cardiac- cardiorespiratory/pulmonary arrest",5311497.0,Both,vinorelbine,CCC1=CC2CN(C1)Cc1c([nH]c3ccccc13)C(C(=O)OC)(c1cc3c(cc1OC)N(C)C1C(O)(C(=O)OC)C(OC(C)=O)C4(CC)C=CCN5CCC31C54)C2,1,1,0,0
Vitamin A,"V.a
                
V - Pleural and/or pericardial involvement

                    V.a - Pleural effusion (uni- or bilateral) (can accompany DI-LDs)",445354.0,Pneumotox_only,vitamin a,CC(C=CC1=C(C)CCCC1(C)C)=CC=CC(C)=CCO,0,0,1,0
Vitamin D3,"XVII.a
                
XVII - Infections & related conditions

                    XVII.a - Respiratory tract infection incl. pneumonia",5280795.0,Pneumotox_only,vitamin d3,C=C1CCC(O)CC1=CC=C1CCCC2(C)C1CCC2C(C)CCCC(C)C,0,0,0,0
Vorasidenib (AG881),"I.b
                
I - Interstitial/parenchymal lung disease

                    I.b - Pneumonitis (ILD)                


                  XVI.by
                
XVI - Imaging

                    XVI.by - Imaging: The photographic negative of batwing or pulmonary edema",117817422.0,Pneumotox_only,vorasidenib (ag881),CC(Nc1nc(NC(C)C(F)(F)F)nc(-c2cccc(Cl)n2)n1)C(F)(F)F,1,1,0,0
Voriconazole,"XI.al
                
XI - Miscellaneous

                    XI.al - Periostitis - Rib hypertrophy                


                  XVIII.n
                
XVIII - Distinctive patterns - 'Eye-catchers'

                    XVIII.n - Eye-catcher: Periostitis - Rib hypertrophy",71616.0,Both,voriconazole,CC(c1ncncc1F)C(O)(Cn1cncn1)c1ccc(F)cc1F,0,0,0,0
Xylitol,"XXIV.j
                
XXIV - Veterinary medicine

                    XXIV.j - Veterinary: Cardiotoxicity                


                  XXIV.o
                
XXIV - Veterinary medicine

                    XXIV.o - Veterinary: Myocardial dysfunction",6912.0,Pneumotox_only,xylitol,OCC(O)C(O)C(O)CO,0,0,0,0
Yohimbine,"IV.a
                
IV - Airway involvement

                    IV.a - Bronchospasm - Wheezing - Asthma",8969.0,Pneumotox_only,yohimbine,COC(=O)C1C(O)CCC2CN3CCc4c([nH]c5ccccc45)C3CC21,0,0,0,0
Zafirlukast,"I.c
                
I - Interstitial/parenchymal lung disease

                    I.c - Eosinophilic pneumonia (pulmonary infiltrates and eosinophilia)                


                  X.d
                
X - Systemic/Distant conditions, syndromes and reactions

                    X.d - Lupus - Lupus syndrome (see also Vd)                


                  X.h
                
X - Systemic/Distant conditions, syndromes and reactions

                    X.h - Eosinophilic granulomatosis with polyangiitis (Churg-Strauss)                


                  XII.f
                
XII - Cardiovascular involvement / toxicity

                    XII.f - Cardiomyopathy (acute, subacute, chronic)",5717.0,Both,zafirlukast,COc1cc(C(=O)NS(=O)(=O)c2ccccc2C)ccc1Cc1cn(C)c2ccc(NC(=O)OC3CCCC3)cc12,1,0,0,0
Zanamivir,"IV.a
                
IV - Airway involvement

                    IV.a - Bronchospasm - Wheezing - Asthma",60855.0,Both,zanamivir,CC(=O)NC1C(N=C(N)N)C=C(C(=O)O)OC1C(O)C(O)CO,0,0,0,0
Zanubrutinib,"XVII.j
                
XVII - Infections & related conditions

                    XVII.j - Mucormycosis (pulmonary, tracheobronchial or systemic)",135565884.0,Both,zanubrutinib,C=CC(=O)N1CCC(C2CCNc3c(C(N)=O)c(-c4ccc(Oc5ccccc5)cc4)nn32)CC1,0,0,0,0
Ziprasidone,"X.j
                
X - Systemic/Distant conditions, syndromes and reactions

                    X.j - Myopathy-Myositis-Polymyositis (see also under Xba)",60854.0,Both,ziprasidone,Oc1cc2cc(CCN3CCN(c4nsc5ccccc45)CC3)c(Cl)cc2[nH]1,0,0,0,0
Zoledronic acid,"X.n
                
X - Systemic/Distant conditions, syndromes and reactions

                    X.n - Tumor lysis syndrome (TLS)",68740.0,Both,zoledronic acid,O=P(O)(O)C(O)(Cn1ccnc1)P(=O)(O)O,0,0,0,0
Zolpidem,"II.a
                
II - Pulmonary edema - Acute lung injury - ARDS

                    II.a - Pulmonary edema, noncardiogenic (NCPE)",5732.0,Both,zolpidem,Cc1ccc(-c2nc3ccc(C)cn3c2CC(=O)N(C)C)cc1,0,1,0,0
Zomepirac,"IV.a
                
IV - Airway involvement

                    IV.a - Bronchospasm - Wheezing - Asthma                


                  X.f
                
X - Systemic/Distant conditions, syndromes and reactions

                    X.f - Anaphylaxis-Anaphylactoid reaction (can be fatal)",5733.0,Pneumotox_only,zomepirac,Cc1cc(CC(=O)O)n(C)c1C(=O)c1ccc(Cl)cc1,0,0,0,0
Zonisamide,"X.a
                
X - Systemic/Distant conditions, syndromes and reactions

                    X.a - DRES syndrome - DRESS-like reaction",5734.0,Both,zonisamide,NS(=O)(=O)Cc1noc2ccccc12,0,0,0,0
Zotarolimus,"I.b
                
I - Interstitial/parenchymal lung disease

                    I.b - Pneumonitis (ILD)                


                  XV.a
                
XV - Pathology

                    XV.a - Path: NSIP-cellular pattern (see also Ia, Ib)                


                  XV.e
                
XV - Pathology

                    XV.e - Path: ILD with a granulomatous component (see also Im)",9876378.0,Pneumotox_only,zotarolimus,COC1CC2CCC(C)C(O)(O2)C(=O)C(=O)N2CCCCC2C(=O)OC(C(C)CC2CCC(n3cnnn3)C(OC)C2)CC(=O)C(C)=CC(C)C(O)C(OC)C(=O)C(C)CC(C)C=CC=CC=C1C,1,0,0,0
4-oxo-3-(3-oxo-1-phenylbutyl)chromen-2-olate,ADReCS: Thoracic disorders (excl lung and pleura),23690541.0,ADReCS_only,4-oxo-3-(3-oxo-1-phenylbutyl)chromen-2-olate,CC(=O)CC(c1ccccc1)c1c([O-])oc2ccccc2c1=O,0,0,0,0
"5-tert-butyl-2-methyl-1,3-benzodioxole",ADReCS: Asthma,135113.0,ADReCS_only,"5-tert-butyl-2-methyl-1,3-benzodioxole",CC1Oc2ccc(C(C)(C)C)cc2O1,0,0,0,0
Abarelix,ADReCS: Respiratory tract infections,16131215.0,ADReCS_only,abarelix,CC(=O)NC(Cc1ccc2ccccc2c1)C(=O)NC(Cc1ccc(Cl)cc1)C(=O)NC(Cc1cccnc1)C(=O)NC(CO)C(=O)N(C)C(Cc1ccc(O)cc1)C(=O)NC(CC(N)=O)C(=O)NC(CC(C)C)C(=O)NC(CCCCNC(C)C)C(=O)N1CCCC1C(=O)NC(C)C(N)=O,0,0,0,0
Acalabrutinib,ADReCS: Acute pulmonary oedema,71226662.0,ADReCS_only,acalabrutinib,CC#CC(=O)N1CCCC1c1nc(-c2ccc(C(=O)Nc3ccccn3)cc2)c2c(N)nccn12,0,1,0,0
Acamprosate,ADReCS: Asthma,71158.0,ADReCS_only,acamprosate,CC(=O)NCCCS(=O)(=O)O,0,0,0,0
Acarbose,ADReCS: Respiratory signs and symptoms NEC,444254.0,ADReCS_only,acarbose,CC1OC(OC2C(CO)OC(OC3C(CO)OC(O)C(O)C3O)C(O)C2O)C(O)C(O)C1NC1C=C(CO)C(O)C(O)C1O,0,0,0,0
Acetaminophen,ADReCS: Acute respiratory distress syndrome,1983.0,ADReCS_only,acetaminophen,CC(=O)Nc1ccc(O)cc1,0,0,0,0
Acetohydroxamic acid,ADReCS: Pulmonary embolism,1990.0,ADReCS_only,acetohydroxamic acid,CC(O)=NO,0,0,0,1
Acetyl sulfisoxazole,ADReCS: Lower respiratory tract disorders (excl obstruction and infection),6662.0,ADReCS_only,acetyl sulfisoxazole,CC(=O)N(c1onc(C)c1C)S(=O)(=O)c1ccc(N)cc1,0,0,0,0
Acetylcysteine,ADReCS: Asthma,12035.0,ADReCS_only,acetylcysteine,CC(=O)NC(CS)C(=O)O,0,0,0,0
Acetylsalicylic acid,ADReCS: Acute respiratory distress syndrome,2244.0,ADReCS_only,acetylsalicylic acid,CC(=O)Oc1ccccc1C(=O)O,0,0,0,0
Acipimox,ADReCS: Bronchial disorders (excl neoplasms),5310993.0,ADReCS_only,acipimox,Cc1cnc(C(=O)O)c[n+]1[O-],0,0,0,0
Activated charcoal,ADReCS: Bronchial disorders (excl neoplasms),5462310.0,ADReCS_only,activated charcoal,[C],0,0,0,0
Adapalene,ADReCS: Pulmonary embolism,60164.0,ADReCS_only,adapalene,COc1ccc(-c2ccc3cc(C(=O)O)ccc3c2)cc1C12CC3CC(CC(C3)C1)C2,0,0,0,1
Adefovir dipivoxil,ADReCS: Thoracic disorders (excl lung and pleura),60871.0,ADReCS_only,adefovir dipivoxil,CC(C)(C)C(=O)OCOP(=O)(COCCn1cnc2c(N)ncnc21)OCOC(=O)C(C)(C)C,0,0,0,0
Agomelatine,ADReCS: Respiratory tract infections,82148.0,ADReCS_only,agomelatine,COc1ccc2cccc(CCNC(C)=O)c2c1,0,0,0,0
Albendazole,ADReCS: Respiratory signs and symptoms NEC,2082.0,ADReCS_only,albendazole,CCCSc1ccc2[nH]c(NC(=O)OC)nc2c1,0,0,0,0
Albiglutide,ADReCS: Respiratory tract infections,145994868.0,ADReCS_only,albiglutide,CCC(C)C(NC(=O)C(Cc1ccccc1)NC(=O)C(CCC(=O)O)NC(=O)C(CCCCN)NC(=O)C(C)NC(=O)C(C)NC(=O)C(CCC(N)=O)NC(=O)CNC(=O)C(CCC(=O)O)NC(=O)C(CC(C)C)NC(=O)C(Cc1ccc(O)cc1)NC(=O)C(CO)NC(=O)C(CO)NC(=O)C(NC(=O)C(CC(=O)O)NC(=O)C(CO)NC(=O)C(NC(=O)C(Cc1ccccc1)NC(=O)C(NC(=O)CNC(=O)C(CCC(=O)O)NC(=O)CNC(=O)C(N)Cc1c[nH]cn1)C(C)O)C(C)O)C(C)C)C(=O)NC(C)C(=O)NC(Cc1c[nH]c2ccccc12)C(=O)NC(CC(C)C)C(=O)NC(C(=O)NC(CCCCN)C(=O)NCC(=O)NC(CCCNC(=N)N)C(N)=O)C(C)C,0,0,0,0
Alcaftadine,ADReCS: Respiratory tract infections,19371515.0,ADReCS_only,alcaftadine,CN1CCC(=C2c3ccccc3CCn3c(C=O)cnc32)CC1,0,0,0,0
Alfacalcidol,ADReCS: Lower respiratory tract disorders (excl obstruction and infection),5282181.0,ADReCS_only,alfacalcidol,C=C1C(=CC=C2CCCC3(C)C2CCC3C(C)CCCC(C)C)CC(O)CC1O,0,0,0,0
Alfentanil,ADReCS: Bronchial disorders (excl neoplasms),51263.0,ADReCS_only,alfentanil,CCC(=O)N(c1ccccc1)C1(COC)CCN(CCn2nnn(CC)c2=O)CC1,0,0,0,0
Alfuzosin,ADReCS: Bronchitis,2092.0,ADReCS_only,alfuzosin,COc1cc2nc(N(C)CCCNC(=O)C3CCCO3)nc(N)c2cc1OC,0,0,0,0
Almotriptan,ADReCS: Bronchitis,123606.0,ADReCS_only,almotriptan,CN(C)CCc1c[nH]c2ccc(CS(=O)(=O)N3CCCC3)cc12,0,0,0,0
Alogliptin,ADReCS: Interstitial lung disease,11450633.0,ADReCS_only,alogliptin,Cn1c(=O)cc(N2CCCC(N)C2)n(Cc2ccccc2C#N)c1=O,1,0,0,0
Alosetron,ADReCS: Respiratory tract infections,2099.0,ADReCS_only,alosetron,Cc1[nH]cnc1CN1CCc2c(c3ccccc3n2C)C1=O,0,0,0,0
Alteplase,ADReCS: Pulmonary embolism,22976653.0,ADReCS_only,alteplase,Cc1ccc(N(c2ccc(C)cc2)c2c3ccccc3c(N(c3ccc(C)cc3)c3ccc(C)cc3)c3ccccc23)cc1,0,0,0,1
Ambenonium chloride,ADReCS: Lower respiratory tract signs and symptoms,8288.0,ADReCS_only,ambenonium chloride,CC[N+](CC)(CCNC(=O)C(=O)NCC[N+](CC)(CC)Cc1ccccc1Cl)Cc1ccccc1Cl,0,0,0,0
Aminocaproic acid,ADReCS: Pulmonary embolism,564.0,ADReCS_only,aminocaproic acid,NCCCCCC(=O)O,0,0,0,1
Aminohippuric acid,"ADReCS: Respiratory, thoracic and mediastinal disorders",2148.0,ADReCS_only,aminohippuric acid,Nc1ccc(C(=O)NCC(=O)O)cc1,0,0,0,0
Aminolevulinic acid,ADReCS: Respiratory acidoses,137.0,ADReCS_only,aminolevulinic acid,NCC(=O)CCC(=O)O,0,0,0,0
Aminosalicylic acid,ADReCS: Lower respiratory tract disorders (excl obstruction and infection),4649.0,ADReCS_only,aminosalicylic acid,Nc1ccc(C(=O)O)c(O)c1,0,0,0,0
Amisulpride,ADReCS: Pulmonary embolism,2159.0,ADReCS_only,amisulpride,CCN1CCCC1CNC(=O)c1cc(S(=O)(=O)CC)c(N)cc1OC,0,0,0,1
Amlexanox,"ADReCS: Respiratory, thoracic and mediastinal disorders",2161.0,ADReCS_only,amlexanox,CC(C)c1ccc2oc3nc(N)c(C(=O)O)cc3c(=O)c2c1,0,0,0,0
Amobarbital,ADReCS: Lower respiratory tract disorders (excl obstruction and infection),2164.0,ADReCS_only,amobarbital,CCC1(CCC(C)C)C(=O)NC(=O)NC1=O,0,0,0,0
Amphotericin b,ADReCS: Asthma,14956.0,ADReCS_only,amphotericin b,CC1C=CC=CC=CC=CC=CC=CC=CC(OC2OC(C)C(O)C(N)C2O)CC2OC(O)(CC(O)CC(O)C(O)CCC(O)CC(O)CC(=O)OC(C)C(C)C1O)CC(O)C2C(=O)O,0,0,0,0
Amprenavir,"ADReCS: Respiratory, thoracic and mediastinal disorders",65016.0,ADReCS_only,amprenavir,CC(C)CN(CC(O)C(Cc1ccccc1)NC(=O)OC1CCOC1)S(=O)(=O)c1ccc(N)cc1,0,0,0,0
Amsacrine,ADReCS: Thoracic disorders (excl lung and pleura),2179.0,ADReCS_only,amsacrine,COc1cc(NS(C)(=O)=O)ccc1Nc1c2ccccc2nc2ccccc12,0,0,0,0
Anileridine,ADReCS: Respiratory depression,8944.0,ADReCS_only,anileridine,CCOC(=O)C1(c2ccccc2)CCN(CCc2ccc(N)cc2)CC1,0,0,0,0
Apomorphine,ADReCS: Respiratory tract infections,6005.0,ADReCS_only,apomorphine,CN1CCc2cccc3c2C1Cc1ccc(O)c(O)c1-3,0,0,0,0
Apraclonidine,ADReCS: Asthma; Respiratory signs and symptoms NEC,2216.0,ADReCS_only,apraclonidine,Nc1cc(Cl)c(NC2=NCCN2)c(Cl)c1,0,0,0,0
Apremilast,ADReCS: Asthma,10151715.0,ADReCS_only,apremilast,CCOc1cc(C(CS(C)(=O)=O)N2C(=O)c3cccc(NC(C)=O)c3C2=O)ccc1OC,0,0,0,0
Aprepitant,ADReCS: Bronchial disorders (excl neoplasms),135413536.0,ADReCS_only,aprepitant,CC(OC1OCCN(Cc2n[nH]c(=O)[nH]2)C1c1ccc(F)cc1)c1cc(C(F)(F)F)cc(C(F)(F)F)c1,0,0,0,0
Argatroban,ADReCS: Lower respiratory tract disorders (excl obstruction and infection),92722.0,ADReCS_only,argatroban,CC1CNc2c(cccc2S(=O)(=O)NC(CCCN=C(N)N)C(=O)N2CCC(C)CC2C(=O)O)C1,0,0,0,0
Arginine,"ADReCS: Respiratory, thoracic and mediastinal disorders",6322.0,ADReCS_only,arginine,N=C(N)NCCCC(N)C(=O)O,0,0,0,0
Aripiprazole lauroxil,ADReCS: Cardio-respiratory arrest,49831411.0,ADReCS_only,aripiprazole lauroxil,CCCCCCCCCCCC(=O)OCN1C(=O)CCc2ccc(OCCCCN3CCN(c4cccc(Cl)c4Cl)CC3)cc21,0,0,0,0
Asciminib,ADReCS: Pleural disorders,72165228.0,ADReCS_only,asciminib,O=C(Nc1ccc(OC(F)(F)Cl)cc1)c1cnc(N2CCC(O)C2)c(-c2cc[nH]n2)c1,0,0,1,0
Ascorbic acid,ADReCS: Respiratory signs and symptoms NEC,54670067.0,ADReCS_only,ascorbic acid,OCC(O)c1oc(O)c(O)c1O,0,0,0,0
Asenapine,ADReCS: Bronchial disorders (excl neoplasms),9903970.0,ADReCS_only,asenapine,CN1CC2c3ccccc3Oc3ccc(Cl)cc3C2C1,0,0,0,0
Atazanavir,"ADReCS: Bronchial disorders (excl neoplasms); Respiratory, thoracic and mediastinal disorders",148192.0,ADReCS_only,atazanavir,COC(=O)NC(C(=O)NC(Cc1ccccc1)C(O)CN(Cc1ccc(-c2ccccn2)cc1)NC(=O)C(NC(=O)OC)C(C)(C)C)C(C)(C)C,0,0,0,0
Atovaquone,ADReCS: Bronchial disorders (excl neoplasms),74989.0,ADReCS_only,atovaquone,Oc1c(C2=CCC(c3ccc(Cl)cc3)CC2)c(O)c2ccccc2c1O,0,0,0,0
Sodium aurothiomalate,ADReCS: Bronchitis,22318.0,ADReCS_only,aurothiomalate,O=C([O-])CC([S-])C(=O)[O-].[Au+],0,0,0,0
Avacopan,ADReCS: Pulmonary embolism,49841217.0,ADReCS_only,avacopan,Cc1ccc(NC(=O)C2CCCN(C(=O)c3c(C)cccc3F)C2c2ccc(NC3CCCC3)cc2)cc1C(F)(F)F,0,0,0,1
Avanafil,ADReCS: Adenoviral upper respiratory infection,9869929.0,ADReCS_only,avanafil,COc1ccc(CNc2nc(N3CCCC3CO)ncc2C(=O)NCc2ncccn2)cc1Cl,0,0,0,0
Avapritinib,ADReCS: Respiratory signs and symptoms NEC,118023034.0,ADReCS_only,avapritinib,Cn1cc(-c2cc3c(N4CCN(c5ncc(C(C)(N)c6ccc(F)cc6)cn5)CC4)ncnn3c2)cn1,0,0,0,0
Avatrombopag,ADReCS: Bronchial disorders (excl neoplasms),9852519.0,ADReCS_only,avatrombopag,O=C(Nc1nc(-c2cc(Cl)cs2)c(N2CCN(C3CCCCC3)CC2)s1)c1cnc(N2CCC(C(=O)O)CC2)c(Cl)c1,0,0,0,0
Azelaic acid,ADReCS: Asthma,2266.0,ADReCS_only,azelaic acid,O=C(O)CCCCCCCC(=O)O,0,0,0,0
Azelastine,ADReCS: Asthma,2267.0,ADReCS_only,azelastine,CN1CCCC(n2nc(Cc3ccc(Cl)cc3)c3ccccc3c2=O)CC1,0,0,0,0
Azilsartan,ADReCS: Thoracic disorders (excl lung and pleura),135415867.0,ADReCS_only,azilsartan,CCOc1nc2cccc(C(=O)O)c2n1Cc1ccc(-c2ccccc2-c2nc(=O)o[nH]2)cc1,0,0,0,0
Azilsartan kamedoxomil,ADReCS: Respiratory signs and symptoms NEC,23699544.0,ADReCS_only,azilsartan kamedoxomil,CCOc1nc2cccc(C(=O)OCc3oc(=O)oc3C)c2n1Cc1ccc(-c2ccccc2-c2noc(=O)[n-]2)cc1,0,0,0,0
Azilsartan medoxomil,ADReCS: Respiratory disorders NEC,135409642.0,ADReCS_only,azilsartan medoxomil,CCOc1nc2cccc(C(=O)OCc3oc(=O)oc3C)c2n1Cc1ccc(-c2ccccc2-c2nc(=O)o[nH]2)cc1,0,0,0,0
Aztreonam,ADReCS: Bronchial disorders (excl neoplasms),2274.0,ADReCS_only,aztreonam,CC1C(=NC(=O)C(NOC(C)(C)C(=O)O)c2csc(N)n2)C(=O)N1S(=O)(=O)O,0,0,0,0
Baloxavir marboxil,ADReCS: Acute respiratory distress syndrome,124081896.0,ADReCS_only,baloxavir marboxil,COC(=O)OCOc1c2n(ccc1=O)N(C1c3ccccc3SCc3c1ccc(F)c3F)C1COCCN1C2=O,0,0,0,0
Balsalazide disodium,ADReCS: Lower respiratory tract disorders (excl obstruction and infection),135413496.0,ADReCS_only,balsalazide disodium,O=C([O-])CCNC(=O)c1ccc(N=Nc2ccc([O-])c(C(=O)O)c2)cc1,0,0,0,0
Beclomethasone 17-monopropionate,ADReCS: Asthma,62965.0,ADReCS_only,beclomethasone 17-monopropionate,CCC(=O)OC1(C(=O)CO)C(C)CC2C3CC=C4CC(=O)C=CC4(C)C3(Cl)C(O)CC21C,0,0,0,0
Beclomethasone dipropionate,ADReCS: Asthma; Bronchial disorders (excl neoplasms),21700.0,ADReCS_only,beclomethasone dipropionate,CCC(=O)OCC(=O)C1(OC(=O)CC)C(C)CC2C3CC=C4CC(=O)C=CC4(C)C3(Cl)C(O)CC21C,0,0,0,0
Bedaquiline,ADReCS: Respiratory signs and symptoms NEC,5388906.0,ADReCS_only,bedaquiline,COc1nc2ccc(Br)cc2cc1C(c1ccccc1)C(O)(CCN(C)C)c1cccc2ccccc12,0,0,0,0
Belinostat,ADReCS: Respiratory tract infections,6918638.0,ADReCS_only,belinostat,O=S(=O)(Nc1ccccc1)c1cccc(C=CC(O)=NO)c1,0,0,0,0
Belumosudil,ADReCS: Respiratory disorders NEC,11950170.0,ADReCS_only,belumosudil,CC(C)NC(=O)COc1cccc(-c2nc(Nc3ccc4[nH]ncc4c3)c3ccccc3n2)c1,0,0,0,0
Bempedoic acid,"ADReCS: Respiratory, thoracic and mediastinal disorders",10472693.0,ADReCS_only,bempedoic acid,CC(C)(CCCCCC(O)CCCCCC(C)(C)C(=O)O)C(=O)O,0,0,0,0
Benazeprilat,ADReCS: Asthma,5463984.0,ADReCS_only,benazeprilat,O=C(O)CN1C(=O)C(NC(CCc2ccccc2)C(=O)O)CCc2ccccc21,0,0,0,0
Bendroflumethiazide,ADReCS: Lower respiratory tract disorders (excl obstruction and infection),2315.0,ADReCS_only,bendroflumethiazide,NS(=O)(=O)c1cc2c(cc1C(F)(F)F)NC(Cc1ccccc1)NS2(=O)=O,0,0,0,0
Benzocaine,ADReCS: Respiratory distress,2337.0,ADReCS_only,benzocaine,CCOC(=O)c1ccc(N)cc1,0,0,0,0
Benzoyl peroxide,ADReCS: Respiratory disorders NEC,7187.0,ADReCS_only,benzoyl peroxide,O=C(OOC(=O)c1ccccc1)c1ccccc1,0,0,0,0
Benztropine,"ADReCS: Respiratory, thoracic and mediastinal disorders",1201549.0,ADReCS_only,benztropine,CN1C2CCC1CC(OC(c1ccccc1)c1ccccc1)C2,0,0,0,0
Benzydamine,ADReCS: Respiratory disorders NEC,12555.0,ADReCS_only,benzydamine,CN(C)CCCOc1nn(Cc2ccccc2)c2ccccc12,0,0,0,0
Benzylpenicilloyl g,ADReCS: Respiratory disorders NEC,119212.0,ADReCS_only,benzylpenicilloyl g,CC1(C)SC(C(NC(=O)Cc2ccccc2)C(=O)NCCCCCC(=O)O)NC1C(=O)O,0,0,0,0
Bepotastine,ADReCS: Respiratory tract infections,164522.0,ADReCS_only,bepotastine,O=C(O)CCCN1CCC(OC(c2ccc(Cl)cc2)c2ccccn2)CC1,0,0,0,0
Beta-d-glucose,ADReCS: Pulmonary embolism,64689.0,ADReCS_only,beta-d-glucose,OCC1OC(O)C(O)C(O)C1O,0,0,0,1
Betaine,ADReCS: Respiratory distress,247.0,ADReCS_only,betaine,C[N+](C)(C)CC(=O)[O-],0,0,0,0
Betiatide,ADReCS: Bronchial disorders (excl neoplasms),185457.0,ADReCS_only,betiatide,O=C(O)CNC(=O)CNC(=O)CNC(=O)CSC(=O)c1ccccc1,0,0,0,0
Bexarotene,ADReCS: Bronchitis,82146.0,ADReCS_only,bexarotene,C=C(c1ccc(C(=O)O)cc1)c1cc2c(cc1C)C(C)(C)CCC2(C)C,0,0,0,0
Biguanide,"ADReCS: Respiratory, thoracic and mediastinal disorders",5939.0,ADReCS_only,biguanide,N=C(N)N=C(N)N,0,0,0,0
Bilastine,ADReCS: Lower respiratory tract signs and symptoms,185460.0,ADReCS_only,bilastine,CCOCCn1c(C2CCN(CCc3ccc(C(C)(C)C(=O)O)cc3)CC2)nc2ccccc21,0,0,0,0
Bimatoprost,ADReCS: Asthma,5311027.0,ADReCS_only,bimatoprost,CCNC(=O)CCCC=CCC1C(O)CC(O)C1C=CC(O)CCc1ccccc1,0,0,0,0
Bisacodyl,ADReCS: Respiratory signs and symptoms NEC,2391.0,ADReCS_only,bisacodyl,CC(=O)Oc1ccc(C(c2ccc(OC(C)=O)cc2)c2ccccn2)cc1,0,0,0,0
Boceprevir,ADReCS: Bronchial disorders (excl neoplasms),10324367.0,ADReCS_only,boceprevir,CC(C)(C)NC(=O)NC(C(=O)N1CC2C(C1C(=O)NC(CC1CCC1)C(=O)C(N)=O)C2(C)C)C(C)(C)C,0,0,0,0
Bosentan,ADReCS: Acute pulmonary oedema,104865.0,ADReCS_only,bosentan,COc1ccccc1Oc1c(NS(=O)(=O)c2ccc(C(C)(C)C)cc2)nc(-c2ncccn2)nc1OCCO,0,1,0,0
Bretylium,ADReCS: Lower respiratory tract signs and symptoms,2431.0,ADReCS_only,bretylium,CC[N+](C)(C)Cc1ccccc1Br,0,0,0,0
Brexpiprazole,ADReCS: Bronchial disorders (excl neoplasms),11978813.0,ADReCS_only,brexpiprazole,O=c1ccc2ccc(OCCCCN3CCN(c4cccc5sccc45)CC3)cc2[nH]1,0,0,0,0
Brimonidine,ADReCS: Asthma,2435.0,ADReCS_only,brimonidine,Brc1c(NC2=NCCN2)ccc2nccnc12,0,0,0,0
Brinzolamide,ADReCS: Asthma,68844.0,ADReCS_only,brinzolamide,CCNC1CN(CCCOC)S(=O)(=O)c2sc(S(N)(=O)=O)cc21,0,0,0,0
Brivaracetam,ADReCS: Bronchial disorders (excl neoplasms),9837243.0,ADReCS_only,brivaracetam,CCCC1CC(=O)N(C(CC)C(N)=O)C1,0,0,0,0
Bromazepam,ADReCS: Respiratory and pulmonary function diagnostic procedures,2441.0,ADReCS_only,bromazepam,O=C1CN=C(c2ccccn2)c2cc(Br)ccc2N1,0,0,0,0
Bromfenac,ADReCS: Asthma,60726.0,ADReCS_only,bromfenac,Nc1c(CC(=O)O)cccc1C(=O)c1ccc(Br)cc1,0,0,0,0
Bromhexine,ADReCS: Bronchial disorders (excl neoplasms),2442.0,ADReCS_only,bromhexine,CN(Cc1cc(Br)cc(Br)c1N)C1CCCCC1,0,0,0,0
Budesonide,ADReCS: Acute respiratory distress syndrome,5281004.0,ADReCS_only,budesonide,CCCC1OC2CC3C4CC=C5CC(=O)C=CC5(C)C4C(O)CC3(C)C2(C(=O)CO)O1,0,0,0,0
Bupropion,ADReCS: Acute respiratory distress syndrome; Bronchial disorders (excl neoplasms),444.0,ADReCS_only,bupropion,CC(NC(C)(C)C)C(=O)c1cccc(Cl)c1,0,0,0,0
Buspirone,ADReCS: Lower respiratory tract disorders (excl obstruction and infection); Lower respiratory tract signs and symptoms,2477.0,ADReCS_only,buspirone,O=C1CC2(CCCC2)CC(=O)N1CCCCN1CCN(c2ncccn2)CC1,0,0,0,0
Butabarbital,ADReCS: Respiratory acidoses; Respiratory disorders NEC,2479.0,ADReCS_only,butabarbital,CCC(C)C1(CC)C(=O)NC(=O)NC1=O,0,0,0,0
Butorphanol,ADReCS: Bronchitis,5361092.0,ADReCS_only,butorphanol,Oc1ccc2c(c1)C13CCCCC1(O)C(C2)N(CC1CCC1)CC3,0,0,0,0
Butylscopolamine bromide,ADReCS: Respiratory disorders NEC,656587.0,ADReCS_only,butylscopolamine bromide,CCCC[N+]1(C)C2CC(OC(=O)C(CO)c3ccccc3)CC1C1OC12,0,0,0,0
Calcifediol,ADReCS: Respiratory disorders NEC,5283731.0,ADReCS_only,calcifediol,C=C1CCC(O)CC1=CC=C1CCCC2(C)C1CCC2C(C)CCCC(C)(C)O,0,0,0,0
Calcitonin,ADReCS: Bronchial disorders (excl neoplasms),16220016.0,ADReCS_only,calcitonin,CC(C)CC(NC(=O)C(CCCCN)NC(=O)CNC(=O)C(CC(C)C)NC(=O)C(NC(=O)C1CSSCC(N)C(=O)NC(CO)C(=O)NC(CC(N)=O)C(=O)NC(CC(C)C)C(=O)NC(CO)C(=O)NC(C(C)O)C(=O)N1)C(C)C)C(=O)NC(CO)C(=O)NC(CCC(N)=O)C(=O)NC(CCC(=O)O)C(=O)NC(CC(C)C)C(=O)NC(Cc1c[nH]cn1)C(=O)NC(CCCCN)C(=O)NC(CC(C)C)C(=O)NC(CCC(N)=O)C(=O)NC(C(=O)NC(Cc1ccc(O)cc1)C(=O)N1CCCC1C(=O)NC(CCCNC(=N)N)C(=O)NC(C(=O)NC(CC(N)=O)C(=O)NC(C(=O)NCC(=O)NC(CO)C(=O)NCC(=O)NC(C(=O)N1CCCC1C(N)=O)C(C)O)C(C)O)C(C)O)C(C)O,0,0,0,0
Calcitonin (salmon),ADReCS: Bronchial disorders (excl neoplasms),16133812.0,ADReCS_only,calcitonin (salmon),CC(C)CC(NC(=O)C(CCCCN)NC(=O)CNC(=O)C(CC(C)C)NC(=O)C(NC(=O)C1CSSCC(N)C(=O)NC(CO)C(=O)NC(CC(N)=O)C(=O)NC(CC(C)C)C(=O)NC(CO)C(=O)NC(C(C)O)C(=O)N1)C(C)C)C(=O)NC(CO)C(=O)NC(CCC(N)=O)C(=O)NC(CCC(=O)O)C(=O)NC(CC(C)C)C(=O)NC(Cc1c[nH]cn1)C(=O)NC(CCCCN)C(=O)NC(CC(C)C)C(=O)NC(CCC(N)=O)C(=O)NC(C(=O)NC(Cc1ccc(O)cc1)C(=O)N1CCCC1C(=O)NC(CCCN=C(N)N)C(=O)NC(C(=O)NC(CC(N)=O)C(=O)NC(C(=O)NCC(=O)NC(CO)C(=O)NCC(=O)NC(C(=O)N1CCCC1C(N)=O)C(C)O)C(C)O)C(C)O)C(C)O,0,0,0,0
Calcitriol,ADReCS: Respiratory tract infections,5280453.0,ADReCS_only,calcitriol,C=C1C(=CC=C2CCCC3(C)C2CCC3C(C)CCCC(C)(C)O)CC(O)CC1O,0,0,0,0
Canagliflozin,ADReCS: Asthma,24812758.0,ADReCS_only,canagliflozin,Cc1ccc(C2OC(CO)C(O)C(O)C2O)cc1Cc1ccc(-c2ccc(F)cc2)s1,0,0,0,0
Cannabidiol,ADReCS: Lower respiratory tract disorders (excl obstruction and infection),644019.0,ADReCS_only,cannabidiol,C=C(C)C1CCC(C)=CC1c1c(O)cc(CCCCC)cc1O,0,0,0,0
Capromab pendetide,ADReCS: Respiratory disorders NEC,135509147.0,ADReCS_only,capromab pendetide,Nc1nc(=O)c2ncn(C3OC(COP(=O)(O)O)C(OP(=O)(O)O)C3O)c2[nH]1,0,0,0,0
Carbachol,ADReCS: Asthma,5831.0,ADReCS_only,carbachol,C[N+](C)(C)CCOC(N)=O,0,0,0,0
Carbidopa,ADReCS: Respiratory tract infections,34359.0,ADReCS_only,carbidopa,CC(Cc1ccc(O)c(O)c1)(NN)C(=O)O,0,0,0,0
Carbinoxamine,ADReCS: Bronchial disorders (excl neoplasms),2564.0,ADReCS_only,carbinoxamine,CN(C)CCOC(c1ccc(Cl)cc1)c1ccccn1,0,0,0,0
Carbonic acid,ADReCS: Respiratory disorders NEC,767.0,ADReCS_only,carbonic acid,O=C(O)O,0,0,0,0
Carglumic acid,ADReCS: Acute respiratory failure,121396.0,ADReCS_only,carglumic acid,NC(=O)NC(CCC(=O)O)C(=O)O,0,0,0,0
Cariprazine,ADReCS: Respiratory tract infections,11154555.0,ADReCS_only,cariprazine,CN(C)C(=O)NC1CCC(CCN2CCN(c3cccc(Cl)c3Cl)CC2)CC1,0,0,0,0
Carmustine,ADReCS: Congenital respiratory tract disorders,2578.0,ADReCS_only,carmustine,O=NN(CCCl)C(=O)NCCCl,0,0,0,0
Caspofungin,ADReCS: Acute respiratory distress syndrome; Respiratory tract infections,2826718.0,ADReCS_only,caspofungin,CCC(C)CC(C)CCCCCCCCC(=O)NC1CC(O)C(NCCN)NC(=O)C2C(O)CCN2C(=O)C(C(O)CCN)NC(=O)C(C(O)C(O)c2ccc(O)cc2)NC(=O)C2CC(O)CN2C(=O)C(C(C)O)NC1=O,0,0,0,0
Cefaclor,ADReCS: Asthma,51039.0,ADReCS_only,cefaclor,NC(C(=O)NC1C(=O)N2C(C(=O)O)=C(Cl)CSC12)c1ccccc1,0,0,0,0
Cefadroxil,ADReCS: Respiratory signs and symptoms NEC,47965.0,ADReCS_only,cefadroxil,CC1=C(C(=O)O)N2C(=O)C(NC(=O)C(N)c3ccc(O)cc3)C2SC1,0,0,0,0
Cefdinir,ADReCS: Acute respiratory failure,6915944.0,ADReCS_only,cefdinir,C=CC1=C(C(=O)O)N2C(=O)C(NC(=O)C(=NO)c3csc(N)n3)C2SC1,0,0,0,0
Cefditoren pivoxil,ADReCS: Asthma,16667736.0,ADReCS_only,cefditoren pivoxil,CON=C(C(=O)NC1C(=O)N2C(C(=O)OCOC(=O)C(C)(C)C)=C(C=Cc3scnc3C)CSC12)c1csc(N)n1,0,0,0,0
Cefepime,ADReCS: Bacterial lower respiratory tract infections,5479537.0,ADReCS_only,cefepime,CON=C(C(=O)NC1C(=O)N2C(C(=O)[O-])=C(C[N+]3(C)CCCC3)CSC12)c1csc(N)n1,0,0,0,0
Cefixime,ADReCS: Bacterial lower respiratory tract infections,5362065.0,ADReCS_only,cefixime,C=CC1=C(C(=O)O)N2C(=O)C(=NC(=O)C(NOCC(=O)O)c3csc(N)n3)C2SC1,0,0,0,0
Cefotaxime,ADReCS: Bronchial disorders (excl neoplasms),5742673.0,ADReCS_only,cefotaxime,CON=C(C(=O)NC1C(=O)N2C(C(=O)O)=C(COC(C)=O)CSC12)c1csc(N)n1,0,0,0,0
Cefoxitin,ADReCS: Respiratory disorders NEC,441199.0,ADReCS_only,cefoxitin,COC1(NC(=O)Cc2cccs2)C(=O)N2C(C(=O)O)=C(COC(N)=O)CSC21,0,0,0,0
Cefprozil,ADReCS: Bacterial lower respiratory tract infections,5281006.0,ADReCS_only,cefprozil,CC=CC1=C(C(=O)O)N2C(=O)C(NC(=O)C(N)c3ccc(O)cc3)C2SC1,0,0,0,0
Ceftazidime,ADReCS: Bronchial disorders (excl neoplasms),5481173.0,ADReCS_only,ceftazidime,CC(C)(ON=C(C(=O)NC1C(=O)N2C(C(=O)[O-])=C(C[n+]3ccccc3)CSC12)c1csc(N)n1)C(=O)O,0,0,0,0
Ceftobiprole,ADReCS: Respiratory disorders NEC,135413542.0,ADReCS_only,ceftobiprole,Nc1nc(C(=NO)C(=O)NC2C(=O)N3C(C(=O)O)=C(C=C4CCN(C5CCNC5)C4=O)CSC23)ns1,0,0,0,0
Cenobamate,ADReCS: Respiratory signs and symptoms NEC,11962412.0,ADReCS_only,cenobamate,NC(=O)OC(Cn1ncnn1)c1ccccc1Cl,0,0,0,0
Cephradine,ADReCS: Respiratory signs and symptoms NEC,38103.0,ADReCS_only,cephradine,CC1=C(C(=O)O)N2C(=O)C(NC(=O)C(N)C3=CCC=CC3)C2SC1,0,0,0,0
Cerivastatin,ADReCS: Bronchitis,446156.0,ADReCS_only,cerivastatin,COCc1c(-c2ccc(F)cc2)c(=CCC(O)CC(O)CC(=O)O)c(C(C)C)nc1=C(C)C,0,0,0,0
Cetrorelix,ADReCS: Thoracic disorders (excl lung and pleura),25074887.0,ADReCS_only,cetrorelix,CC(=O)NC(Cc1ccc2ccccc2c1)C(=O)NC(Cc1ccc(Cl)cc1)C(=O)NC(Cc1cccnc1)C(=O)NC(CO)C(=O)NC(Cc1ccc(O)cc1)C(=O)NC(CCCNC(N)=O)C(=O)NC(CC(C)C)C(=O)NC(CCCN=C(N)N)C(=O)N1CCCC1C(=O)NC(C)C(N)=O,0,0,0,0
Cevimeline,ADReCS: Asthma,2684.0,ADReCS_only,cevimeline,CC1OC2(CS1)CN1CCC2CC1,0,0,0,0
Chloral hydrate,"ADReCS: Respiratory, thoracic and mediastinal disorders",2707.0,ADReCS_only,chloral hydrate,OC(O)C(Cl)(Cl)Cl,0,0,0,0
Chloramphenicol,ADReCS: Neonatal cardiovascular disorders (excl cardiorespiratory arrest),5959.0,ADReCS_only,chloramphenicol,O=C(NC(CO)C(O)c1ccc([N+](=O)[O-])cc1)C(Cl)Cl,0,0,0,0
Chloramphenicol sodium succinate,"ADReCS: Respiratory, thoracic and mediastinal disorders",656833.0,ADReCS_only,chloramphenicol succinate,O=C([O-])CCC(=O)OCC(NC(=O)C(Cl)Cl)C(O)c1ccc([N+](=O)[O-])cc1,0,0,0,0
Chloroprocaine,ADReCS: Respiratory arrest,8612.0,ADReCS_only,chloroprocaine,CCN(CC)CCOC(=O)c1ccc(N)cc1Cl,0,0,0,0
Chlorthalidone,ADReCS: Lower respiratory tract disorders (excl obstruction and infection),2732.0,ADReCS_only,chlorthalidone,NS(=O)(=O)c1cc(C2(O)NC(=O)c3ccccc32)ccc1Cl,0,0,0,0
Chlorzoxazone,"ADReCS: Respiratory, thoracic and mediastinal disorders",2733.0,ADReCS_only,chlorzoxazone,O=c1[nH]c2cc(Cl)ccc2o1,0,0,0,0
Ciclesonide,ADReCS: Asthma,6918155.0,ADReCS_only,ciclesonide,CC(C)C(=O)OCC(=O)C12OC(C3CCCCC3)OC1CC1C3CC=C4CC(=O)C=CC4(C)C3C(O)CC12C,0,0,0,0
Cidofovir,ADReCS: Asthma,60613.0,ADReCS_only,cidofovir,Nc1ccn(CC(CO)OCP(=O)(O)O)c(=O)n1,0,0,0,0
Cinoxacin,"ADReCS: Respiratory, thoracic and mediastinal disorders",2762.0,ADReCS_only,cinoxacin,CCn1nc(C(=O)O)c(=O)c2cc3c(cc21)OCO3,0,0,0,0
Citric acid,ADReCS: Respiratory disorders NEC,311.0,ADReCS_only,citric acid,O=C(O)CC(O)(CC(=O)O)C(=O)O,0,0,0,0
Clobazam,ADReCS: Asthma,2789.0,ADReCS_only,clobazam,CN1C(=O)CC(=O)N(c2ccccc2)c2cc(Cl)ccc21,0,0,0,0
Clobetasol,ADReCS: Bacterial upper respiratory tract infections; Respiratory disorders NEC,5311051.0,ADReCS_only,clobetasol,CC1CC2C3CC=C4CC(=O)C=CC4(C)C3(F)C(O)CC2(C)C1(O)C(=O)CCl,0,0,0,0
Clodronic acid,ADReCS: Bronchial disorders (excl neoplasms),25419.0,ADReCS_only,clodronic acid,O=P(O)(O)C(Cl)(Cl)P(=O)(O)O,0,0,0,0
Clotrimazole,ADReCS: Respiratory signs and symptoms NEC,2812.0,ADReCS_only,clotrimazole,Clc1ccccc1C(c1ccccc1)(c1ccccc1)n1ccnc1,0,0,0,0
Cloxacillin,ADReCS: Bronchial disorders (excl neoplasms),6098.0,ADReCS_only,cloxacillin,Cc1onc(-c2ccccc2Cl)c1C(=O)NC1C(=O)N2C1SC(C)(C)C2C(=O)O,0,0,0,0
Cobimetinib,ADReCS: Lower respiratory tract disorders (excl obstruction and infection),16222096.0,ADReCS_only,cobimetinib,O=C(c1ccc(F)c(F)c1Nc1ccc(I)cc1F)N1CC(O)(C2CCCCN2)C1,0,0,0,0
Conivaptan,ADReCS: Respiratory tract infections; Thoracic disorders (excl lung and pleura),151171.0,ADReCS_only,conivaptan,Cc1nc2c([nH]1)-c1ccccc1N(C(=O)c1ccc(NC(=O)c3ccccc3-c3ccccc3)cc1)CC2,0,0,0,0
Conjugated estrogens,ADReCS: Asthma,45357473.0,ADReCS_only,conjugated estrogens,CC12CCC3c4ccc(OS(=O)(=O)[O-])cc4CCC3C1CCC2=O,0,0,0,0
Corticorelin ovine triflutate,ADReCS: Respiratory depth increased,16132344.0,ADReCS_only,corticorelin ovine triflutate,CCC(C)C(NC(=O)C(CC(=O)O)NC(=O)C(CC(C)C)NC(=O)C(CC(C)C)NC(=O)C(CCCCN)NC(=O)C(CCCN=C(N)N)NC(=O)C(CC(N)=O)NC(=O)C(CO)NC(=O)C(Cc1cnc[nH]1)NC(=O)C(C)NC(=O)C(CCC(N)=O)NC(=O)C(CCC(N)=O)NC(=O)C(C)NC(=O)C(CC(C)C)NC(=O)C(CCC(N)=O)NC(=O)C(CC(=O)O)NC(=O)C(C)NC(=O)C(CCCCN)NC(=O)C(NC(=O)C(CCSC)NC(=O)C(CCC(=O)O)NC(=O)C(CC(C)C)NC(=O)C(NC(=O)C(CCC(=O)O)NC(=O)C(CCCNC(=N)N)NC(=O)C(CC(C)C)NC(=O)C(CC(C)C)NC(=O)C(Cc1cnc[nH]1)NC(=O)C(Cc1ccccc1)NC(=O)C(NC(=O)C(CC(C)C)NC(=O)C(CC(=O)O)NC(=O)C(CC(C)C)NC(=O)C(CO)NC(=O)C(NC(=O)C1CCCN1C(=O)C1CCCN1C(=O)C(CCC(=O)O)NC(=O)C(CCC(N)=O)NC(=O)C(N)CO)C(C)CC)C(C)O)C(C)C)C(C)O)C(=O)NC(C)C(N)=O,0,0,0,0
Corticotropin,ADReCS: Thoracic disorders (excl lung and pleura),16132265.0,ADReCS_only,corticotropin,CSCCC(NC(=O)C(CO)NC(=O)C(Cc1ccc(O)cc1)NC(=O)C(N)CO)C(=O)NC(CCC(=O)O)C(=O)NC(Cc1c[nH]cn1)C(=O)NC(Cc1ccccc1)C(=O)NC(CCCNC(=N)N)C(=O)NC(Cc1c[nH]c2ccccc12)C(=O)NCC(=O)NC(CCCCN)C(=O)N1CCCC1C(=O)NC(C(=O)NCC(=O)NC(CCCCN)C(=O)NC(CCCCN)C(=O)NC(CCCNC(=N)N)C(=O)NC(CCCNC(=N)N)C(=O)N1CCCC1C(=O)NC(C(=O)NC(CCCCN)C(=O)NC(C(=O)NC(Cc1ccc(O)cc1)C(=O)N1CCCC1C(=O)NC(CC(N)=O)C(=O)NCC(=O)NC(C)C(=O)NC(CCC(=O)O)C(=O)NC(CC(=O)O)C(=O)NC(CCC(=O)O)C(=O)NC(CO)C(=O)NC(C)C(=O)NC(CCC(=O)O)C(=O)NC(C)C(=O)NC(Cc1ccccc1)C(=O)N1CCCC1C(=O)NC(CC(C)C)C(=O)NC(CCC(=O)O)C(=O)NC(Cc1ccccc1)C(=O)O)C(C)C)C(C)C)C(C)C,0,0,0,0
Cosyntropin,ADReCS: Asthma,16133802.0,ADReCS_only,cosyntropin,CSCCC(NC(=O)C(CO)NC(=O)C(Cc1ccc(O)cc1)NC(=O)C(N)CO)C(=O)NC(CCC(=O)O)C(=O)NC(Cc1c[nH]cn1)C(=O)NC(Cc1ccccc1)C(=O)NC(CCCN=C(N)N)C(=O)NC(Cc1c[nH]c2ccccc12)C(=O)NCC(=O)NC(CCCCN)C(=O)N1CCCC1C(=O)NC(C(=O)NCC(=O)NC(CCCCN)C(=O)NC(CCCCN)C(=O)NC(CCCNC(=N)N)C(=O)NC(CCCNC(=N)N)C(=O)N1CCCC1C(=O)NC(C(=O)NC(CCCCN)C(=O)NC(C(=O)NC(Cc1ccc(O)cc1)C(=O)N1CCCC1C(=O)O)C(C)C)C(C)C)C(C)C,0,0,0,0
Crisaborole,"ADReCS: Respiratory, thoracic and mediastinal disorders",44591583.0,ADReCS_only,crisaborole,N#Cc1ccc(Oc2ccc3c(c2)COB3O)cc1,0,0,0,0
Crofelemer,ADReCS: Bronchitis,36511.0,ADReCS_only,crofelemer,CSCCC(NC(=O)C(CC(C)C)NC(=O)CNC(=O)C(Cc1ccccc1)NC(=O)C(Cc1ccccc1)NC(=O)C(CCC(N)=O)NC(=O)C(CCC(N)=O)NC(=O)C1CCCN1C(=O)C(CCCCN)NC(=O)C1CCCN1C(=O)C(N)CCCN=C(N)N)C(N)=O,0,0,0,0
Cyanocobalamin,ADReCS: Lower respiratory tract disorders (excl obstruction and infection),5311498.0,ADReCS_only,cyanocobalamin,CC1=C2N=C(C=C3N=C(C(C)=C4[N-]C(C)(C5N=C1C(C)(CCC(=O)NCC(C)OP(=O)([O-])OC1C(CO)OC(n6cnc7cc(C)c(C)cc76)C1O)C5CC(N)=O)C(C)(CC(N)=O)C4CCC(N)=O)C(C)(CC(N)=O)C3CCC(N)=O)C(C)(C)C2CCC(N)=O.[C-]#N.[Co+3],0,0,0,0
Cyclizine,ADReCS: Bronchial disorders (excl neoplasms),6726.0,ADReCS_only,cyclizine,CN1CCN(C(c2ccccc2)c2ccccc2)CC1,0,0,0,0
Cyclo-upup,ADReCS: Bronchial disorders (excl neoplasms),194491.0,ADReCS_only,cyclo-upup,O=c1ccn(C2OC3COP(=O)(O)OC4C(COP(=O)(O)OC3C2O)OC(n2ccc(=O)[nH]c2=O)C4O)c(=O)[nH]1,0,0,0,0
Cyclobenzaprine,ADReCS: Bronchial disorders (excl neoplasms); Respiratory tract infections,2895.0,ADReCS_only,cyclobenzaprine,CN(C)CCC=C1c2ccccc2C=Cc2ccccc21,0,0,0,0
Cyproheptadine,ADReCS: Bronchial disorders (excl neoplasms),2913.0,ADReCS_only,cyproheptadine,CN1CCC(=C2c3ccccc3C=Cc3ccccc32)CC1,0,0,0,0
Cysteamine,ADReCS: Lower respiratory tract disorders (excl obstruction and infection),6058.0,ADReCS_only,cysteamine,NCCS,0,0,0,0
Cytarabine,ADReCS: Acute respiratory distress syndrome,6253.0,ADReCS_only,cytarabine,Nc1ccn(C2OC(CO)C(O)C2O)c(=O)n1,0,0,0,0
Dabigatran etexilate,"ADReCS: Bronchial disorders (excl neoplasms); Respiratory, thoracic and mediastinal disorders",135565674.0,ADReCS_only,dabigatran etexilate,CCCCCCOC(=O)N=C(N)c1ccc(NCc2nc3cc(C(=O)N(CCC(=O)OCC)c4ccccn4)ccc3n2C)cc1,0,0,0,0
Dacomitinib,ADReCS: Pleural disorders,11511120.0,ADReCS_only,dacomitinib,COc1cc2ncnc(Nc3ccc(F)c(Cl)c3)c2cc1NC(=O)C=CCN1CCCCC1,0,0,1,0
Dalbavancin,ADReCS: Bronchial disorders (excl neoplasms),16134627.0,ADReCS_only,dalbavancin,CNC1C(=O)NC2Cc3ccc(cc3)Oc3cc4cc(c3OC3OC(C(=O)O)C(O)C(O)C3NC(=O)CCCCCCCCC(C)C)Oc3ccc(cc3Cl)C(O)C3NC(=O)C(NC(=O)C4NC(=O)C(NC2=O)c2cc(cc(O)c2Cl)Oc2cc1ccc2O)c1ccc(O)c(c1)-c1c(OC2OC(CO)C(O)C(O)C2O)cc(O)cc1C(C(=O)NCCCN(C)C)NC3=O,0,0,0,0
Dapagliflozin,ADReCS: Respiratory tract infections,9887712.0,ADReCS_only,dapagliflozin,CCOc1ccc(Cc2cc(C3OC(CO)C(O)C(O)C3O)ccc2Cl)cc1,0,0,0,0
Dapsone,ADReCS: Acute respiratory failure,2955.0,ADReCS_only,dapsone,Nc1ccc(S(=O)(=O)c2ccc(N)cc2)cc1,0,0,0,0
Darifenacin,ADReCS: Bronchial disorders (excl neoplasms),444031.0,ADReCS_only,darifenacin,NC(=O)C(c1ccccc1)(c1ccccc1)C1CCN(CCc2ccc3c(c2)CCO3)C1,0,0,0,0
Darunavir,ADReCS: Acute respiratory distress syndrome,213039.0,ADReCS_only,darunavir,CC(C)CN(CC(O)C(Cc1ccccc1)NC(=O)OC1COC2OCCC12)S(=O)(=O)c1ccc(N)cc1,0,0,0,0
Deferasirox,ADReCS: Bronchial disorders (excl neoplasms),214348.0,ADReCS_only,deferasirox,O=C(O)c1ccc(-n2nc(-c3ccccc3O)nc2-c2ccccc2O)cc1,0,0,0,0
Deferiprone,ADReCS: Acute respiratory distress syndrome,2972.0,ADReCS_only,deferiprone,Cc1c(O)c(=O)ccn1C,0,0,0,0
Defibrotide sodium,ADReCS: Lower respiratory tract disorders (excl obstruction and infection),135565962.0,ADReCS_only,defibrotide,CC(C)c1cc(-c2n[nH]c(=O)n2-c2ccc3c(ccn3C)c2)c(O)cc1OP(=O)(O)O,0,0,0,0
Deflazacort,ADReCS: Asthma,189821.0,ADReCS_only,deflazacort,CC(=O)OCC(=O)C12N=C(C)OC1CC1C3CC=C4CC(=O)C=CC4(C)C3C(O)CC12C,0,0,0,0
Degarelix,ADReCS: Thoracic disorders (excl lung and pleura),16136245.0,ADReCS_only,degarelix,CC(=O)NC(Cc1ccc2ccccc2c1)C(=O)NC(Cc1ccc(Cl)cc1)C(=O)NC(Cc1cccnc1)C(=O)NC(CO)C(=O)NC(Cc1ccc(NC(=O)C2CC(=O)NC(=O)N2)cc1)C(=O)NC(Cc1ccc(NC(N)=O)cc1)C(=O)NC(CC(C)C)C(=O)NC(CCCCNC(C)C)C(=O)N1CCCC1C(=O)NC(C)C(N)=O,0,0,0,0
Delafloxacin,ADReCS: Respiratory disorders NEC,487101.0,ADReCS_only,delafloxacin,Nc1nc(-n2cc(C(=O)O)c(=O)c3cc(F)c(N4CC(O)C4)c(Cl)c32)c(F)cc1F,0,0,0,0
Delamanid,ADReCS: Thoracic disorders (excl lung and pleura),6480466.0,ADReCS_only,delamanid,CC1(COc2ccc(N3CCC(Oc4ccc(OC(F)(F)F)cc4)CC3)cc2)Cn2cc([N+](=O)[O-])nc2O1,0,0,0,0
Delavirdine,ADReCS: Bronchitis,5625.0,ADReCS_only,delavirdine,CC(C)Nc1cccnc1N1CCN(C(=O)c2cc3cc(NS(C)(=O)=O)ccc3[nH]2)CC1,0,0,0,0
Demeclocycline,ADReCS: Lower respiratory tract disorders (excl obstruction and infection),54680690.0,ADReCS_only,demeclocycline,CN(C)C1C(=O)C(C(N)=O)C(=O)C2(O)C(=O)C3C(=O)c4c(O)ccc(Cl)c4C(O)C3CC12,0,0,0,0
Deoxycholic acid,ADReCS: Bronchial disorders (excl neoplasms),222528.0,ADReCS_only,deoxycholic acid,CC(CCC(=O)O)C1CCC2C3CCC4CC(O)CCC4(C)C3CC(O)C12C,0,0,0,0
Desflurane,ADReCS: Asthma,42113.0,ADReCS_only,desflurane,FC(F)OC(F)C(F)(F)F,0,0,0,0
Desirudin,ADReCS: Thoracic disorders (excl lung and pleura),16129703.0,ADReCS_only,desirudin,CCC(C)C1NC(=O)C2CSSCC(NC(=O)C(CC(C)C)NC(=O)C3CSSCC(NC(=O)C(CC(=O)O)NC(=O)C(NC(=O)C(Cc4ccc(O)cc4)NC(=O)C(NC(=O)C(N)C(C)C)C(C)C)C(C)O)C(=O)NC(C(C)O)C(=O)NC(CCC(=O)O)C(=O)NC(CO)C(=O)NCC(=O)NC(CCC(N)=O)C(=O)NC(CC(N)=O)C(=O)NC(CC(C)C)C(=O)N3)C(=O)NC(CCC(=O)O)C(=O)NCC(=O)NC(CO)C(=O)NC(CC(N)=O)C(=O)NC(C(C)C)C(=O)NC(CSSCC(C(=O)NC(C(=O)NC(C(=O)NCC(=O)NC(CCC(=O)O)C(=O)NCC(=O)NC(C(=O)N3CCCC3C(=O)NC(CCCCN)C(=O)N3CCCC3C(=O)NC(CCC(N)=O)C(=O)NC(CO)C(=O)NC(Cc3c[nH]cn3)C(=O)NC(CC(N)=O)C(=O)NC(CC(=O)O)C(=O)NCC(=O)NC(CC(=O)O)C(=O)NC(Cc3ccccc3)C(=O)NC(CCC(=O)O)C(=O)NC(CCC(=O)O)C(=O)NC(C(=O)N3CCCC3C(=O)NC(CCC(=O)O)C(=O)NC(CCC(=O)O)C(=O)NC(Cc3ccc(O)cc3)C(=O)NC(CC(C)C)C(=O)NC(CCC(N)=O)C(=O)O)C(C)CC)C(C)O)C(C)O)C(C)C)NC(=O)C(CCC(N)=O)NC(=O)C(CC(N)=O)NC(=O)C(CCCCN)NC(=O)C(CCC(=O)O)NC(=O)CNC(=O)C(CC(=O)O)NC(=O)C(CO)NC(=O)CNC(=O)C(CC(C)C)NC1=O)C(=O)NCC(=O)NC(CCC(N)=O)C(=O)NCC(=O)NC(CC(N)=O)C(=O)NC(CCCCN)C(=O)N2,0,0,0,0
Desloratadine,ADReCS: Bronchial disorders (excl neoplasms),124087.0,ADReCS_only,desloratadine,Clc1ccc2c(c1)CCc1cccnc1C2=C1CCNCC1,0,0,0,0
Desoximetasone,ADReCS: Asthma,5311067.0,ADReCS_only,desoximetasone,CC1CC2C3CC=C4CC(=O)C=CC4(C)C3(F)C(O)CC2(C)C1C(=O)CO,0,0,0,0
Desvenlafaxine,ADReCS: Bronchial disorders (excl neoplasms),125017.0,ADReCS_only,desvenlafaxine,CN(C)CC(c1ccc(O)cc1)C1(O)CCCCC1,0,0,0,0
Deucravacitinib,ADReCS: Respiratory disorders NEC,134821691.0,ADReCS_only,deucravacitinib,CNC(=O)c1nnc(NC(=O)C2CC2)cc1Nc1cccc(-c2ncn(C)n2)c1OC,0,0,0,0
Dexpanthenol,ADReCS: Respiratory disorders NEC,131204.0,ADReCS_only,dexpanthenol,CC(C)(CO)C(O)C(=O)NCCCO,0,0,0,0
Dexrazoxane,ADReCS: Respiratory tract infections; Thoracic disorders (excl lung and pleura),71384.0,ADReCS_only,dexrazoxane,CC(CN1CC(=O)NC(=O)C1)N1CC(=O)NC(=O)C1,0,0,0,0
Diatrizoate sodium,ADReCS: Asthma,23672589.0,ADReCS_only,diatrizoate,CC(=O)Nc1c(I)c(NC(C)=O)c(I)c(C(=O)[O-])c1I,0,0,0,0
Diatrizoic acid,ADReCS: Asthma,2140.0,ADReCS_only,diatrizoic acid,CC(=O)Nc1c(I)c(NC(C)=O)c(I)c(C(=O)O)c1I,0,0,0,0
Dichlorphenamide,ADReCS: Asthma,3038.0,ADReCS_only,dichlorphenamide,NS(=O)(=O)c1cc(Cl)c(Cl)c(S(N)(=O)=O)c1,0,0,0,0
Dicloxacillin,ADReCS: Bronchial disorders (excl neoplasms),18381.0,ADReCS_only,dicloxacillin,Cc1onc(-c2c(Cl)cccc2Cl)c1C(=O)NC1C(=O)N2C1SC(C)(C)C2C(=O)O,0,0,0,0
Dicyclomine,ADReCS: Respiratory disorders NEC; Thoracic disorders (excl lung and pleura),3042.0,ADReCS_only,dicyclomine,CCN(CC)CCOC(=O)C1(C2CCCCC2)CCCCC1,0,0,0,0
Dienogest,ADReCS: Respiratory signs and symptoms NEC,68861.0,ADReCS_only,dienogest,CC12CC=C3C4=C(CCC3C1CCC2(O)CC#N)CC(=O)CC4,0,0,0,0
Diethylpropion,ADReCS: Respiratory signs and symptoms NEC,7029.0,ADReCS_only,diethylpropion,CCN(CC)C(C)C(=O)c1ccccc1,0,0,0,0
Dimercaprol,ADReCS: Respiratory tract infections,3080.0,ADReCS_only,dimercaprol,OCC(S)CS,0,0,0,0
Dimethyl fumarate,ADReCS: Bronchial disorders (excl neoplasms),637568.0,ADReCS_only,dimethyl,COC(=O)C=CC(=O)OC,0,0,0,0
Dinoprostone,ADReCS: Asthma,5280360.0,ADReCS_only,dinoprostone,CCCCCC(O)C=CC1C(O)CC(=O)C1CC=CCCCC(=O)O,0,0,0,0
Diroximel fumarate,"ADReCS: Respiratory, thoracic and mediastinal disorders",73330464.0,ADReCS_only,diroximel,COC(=O)C=CC(=O)OCCn1c(O)ccc1O,0,0,0,0
Docusate,ADReCS: Lower respiratory tract disorders (excl obstruction and infection),11339.0,ADReCS_only,docusate,CCCCC(CC)COC(=O)CC(C(=O)OCC(CC)CCCC)S(=O)(=O)O,0,0,0,0
Dofetilide,ADReCS: Asthma,71329.0,ADReCS_only,dofetilide,CN(CCOc1ccc(NS(C)(=O)=O)cc1)CCc1ccc(NS(C)(=O)=O)cc1,0,0,0,0
Domperidone,ADReCS: Respiratory signs and symptoms NEC,3151.0,ADReCS_only,domperidone,O=c1[nH]c2ccccc2n1CCCN1CCC(n2c(=O)[nH]c3cc(Cl)ccc32)CC1,0,0,0,0
Dopamine,ADReCS: Respiratory disorders NEC,681.0,ADReCS_only,dopamine,NCCc1ccc(O)c(O)c1,0,0,0,0
Doripenem,ADReCS: Interstitial lung disease,73303.0,ADReCS_only,doripenem,CC(O)C1C(=O)N2C(C(=O)O)=C(SC3CNC(CNS(N)(=O)=O)C3)C(C)C12,1,0,0,0
Doxacurium chloride,ADReCS: Bronchial disorders (excl neoplasms),60168.0,ADReCS_only,doxacurium chloride,COc1cc(CC2c3c(cc(OC)c(OC)c3OC)CC[N+]2(C)CCCOC(=O)CCC(=O)OCCC[N+]2(C)CCc3cc(OC)c(OC)c(OC)c3C2Cc2cc(OC)c(OC)c(OC)c2)cc(OC)c1OC,0,0,0,0
Doxapram,ADReCS: Bronchial disorders (excl neoplasms),3156.0,ADReCS_only,doxapram,CCN1CC(CCN2CCOCC2)C(c2ccccc2)(c2ccccc2)C1=O,0,0,0,0
Doxazosin,ADReCS: Bronchial disorders (excl neoplasms),3157.0,ADReCS_only,doxazosin,COc1cc2nc(N3CCN(C(=O)C4COc5ccccc5O4)CC3)nc(N)c2cc1OC,0,0,0,0
Doxepin,ADReCS: Asthma,3158.0,ADReCS_only,doxepin,CN(C)CCC=C1c2ccccc2COc2ccccc21,0,0,0,0
Doxercalciferol,ADReCS: Respiratory tract infections,5281107.0,ADReCS_only,doxercalciferol,C=C1C(=CC=C2CCCC3(C)C2CCC3C(C)C=CC(C)C(C)C)CC(O)CC1O,0,0,0,0
Doxorubicin,ADReCS: Acute pulmonary oedema; Respiratory tract infections,31703.0,ADReCS_only,doxorubicin,COc1cccc2c(O)c3c(c(O)c12)C(=O)C1=C(CC(O)(C(=O)CO)CC1OC1CC(N)C(O)C(C)O1)C3=O,0,1,0,0
Doxylamine,ADReCS: Respiratory disorders NEC,3162.0,ADReCS_only,doxylamine,CN(C)CCOC(C)(c1ccccc1)c1ccccn1,0,0,0,0
Droxidopa,ADReCS: Lower respiratory tract disorders (excl obstruction and infection),92974.0,ADReCS_only,droxidopa,NC(C(=O)O)C(O)c1ccc(O)c(O)c1,0,0,0,0
Dyphylline,ADReCS: Respiratory disorders NEC,3182.0,ADReCS_only,dyphylline,Cn1c(=O)c2c(ncn2CC(O)CO)n(C)c1=O,0,0,0,0
Edaravone,ADReCS: Respiratory signs and symptoms NEC,4021.0,ADReCS_only,edaravone,Cc1cc(=O)n(-c2ccccc2)[nH]1,0,0,0,0
Edetate calcium disodium,"ADReCS: Respiratory, thoracic and mediastinal disorders",6093170.0,ADReCS_only,edetate disodium,O=C([O-])CN(CCN(CC(=O)[O-])CC(=O)[O-])CC(=O)[O-],0,0,0,0
Edetic acid,"ADReCS: Respiratory, thoracic and mediastinal disorders",6049.0,ADReCS_only,edetic acid,O=C(O)CN(CCN(CC(=O)O)CC(=O)O)CC(=O)O,0,0,0,0
Efinaconazole,ADReCS: Respiratory signs and symptoms NEC,489181.0,ADReCS_only,efinaconazole,C=C1CCN(C(C)C(O)(Cn2cncn2)c2ccc(F)cc2F)CC1,0,0,0,0
Elagolix,ADReCS: Respiratory signs and symptoms NEC,11250647.0,ADReCS_only,elagolix,COc1cccc(-c2c(C)n(Cc3c(F)cccc3C(F)(F)F)c(=O)n(CC(NCCCC(=O)O)c3ccccc3)c2=O)c1F,0,0,0,0
Eletriptan,ADReCS: Asthma,77993.0,ADReCS_only,eletriptan,CN1CCCC1Cc1c[nH]c2ccc(CCS(=O)(=O)c3ccccc3)cc12,0,0,0,0
Eliglustat,ADReCS: Thoracic disorders (excl lung and pleura),23652731.0,ADReCS_only,eliglustat,CCCCCCCC(=O)NC(CN1CCCC1)C(O)c1ccc2c(c1)OCCO2,0,0,0,0
Eluxadoline,ADReCS: Asthma,11250029.0,ADReCS_only,eluxadoline,COc1ccc(CN(C(=O)C(N)Cc2c(C)cc(C(N)=O)cc2C)C(C)c2nc(-c3ccccc3)c[nH]2)cc1C(=O)O,0,0,0,0
Emedastine,ADReCS: Respiratory tract infections,3219.0,ADReCS_only,emedastine,CCOCCn1c(N2CCCN(C)CC2)nc2ccccc21,0,0,0,0
Empagliflozin,ADReCS: Respiratory tract infections,11949646.0,ADReCS_only,empagliflozin,OCC1OC(c2ccc(Cl)c(Cc3ccc(OC4CCOC4)cc3)c2)C(O)C(O)C1O,0,0,0,0
Emtricitabine,ADReCS: Thoracic disorders (excl lung and pleura),60877.0,ADReCS_only,emtricitabine,Nc1nc(=O)n(C2CSC(CO)O2)cc1F,0,0,0,0
Enalaprilat,ADReCS: Acute respiratory failure,5462501.0,ADReCS_only,enalaprilat,CC(NC(CCc1ccccc1)C(=O)O)C(=O)N1CCCC1C(=O)O,0,0,0,0
Enasidenib,ADReCS: Acute respiratory distress syndrome,89683805.0,ADReCS_only,enasidenib,CC(C)(O)CNc1nc(Nc2ccnc(C(F)(F)F)c2)nc(-c2cccc(C(F)(F)F)n2)n1,0,0,0,0
Enflurane,ADReCS: Respiratory and pulmonary function diagnostic procedures,3226.0,ADReCS_only,enflurane,FC(F)OC(F)(F)C(F)Cl,0,0,0,0
Enfuvirtide,ADReCS: Bacterial lower respiratory tract infections,16130199.0,ADReCS_only,enfuvirtide,CCC(C)C(NC(=O)C(CC(C)C)NC(=O)C(CO)NC(=O)C(Cc1c[nH]cn1)NC(=O)C(NC(=O)C(CC(C)C)NC(=O)C(CO)NC(=O)C(NC(=O)C(Cc1ccc(O)cc1)NC(C)=O)C(C)O)C(C)CC)C(=O)NC(CCC(=O)O)C(=O)NC(CCC(=O)O)C(=O)NC(CO)C(=O)NC(CCC(N)=O)C(=O)NC(CC(N)=O)C(=O)NC(CCC(N)=O)C(=O)NC(CCC(N)=O)C(=O)NC(CCC(=O)O)C(=O)NC(CCCCN)C(=O)NC(CC(N)=O)C(=O)NC(CCC(=O)O)C(=O)NC(CCC(N)=O)C(=O)NC(CCC(=O)O)C(=O)NC(CC(C)C)C(=O)NC(CC(C)C)C(=O)NC(CCC(=O)O)C(=O)NC(CC(C)C)C(=O)NC(CC(=O)O)C(=O)NC(CCCCN)C(=O)NC(Cc1c[nH]c2ccccc12)C(=O)NC(C)C(=O)NC(CO)C(=O)NC(CC(C)C)C(=O)NC(Cc1c[nH]c2ccccc12)C(=O)NC(CC(N)=O)C(=O)NC(Cc1c[nH]c2ccccc12)C(=O)NC(Cc1ccccc1)C(N)=O,0,0,0,0
Entacapone,ADReCS: Acute respiratory failure,5281081.0,ADReCS_only,entacapone,CCN(CC)C(=O)C(C#N)=Cc1cc(O)c(O)c([N+](=O)[O-])c1,0,0,0,0
Entecavir,ADReCS: Cardio-respiratory arrest,135398508.0,ADReCS_only,entecavir,C=C1C(CO)C(O)CC1n1cnc2c(=O)[nH]c(N)nc21,0,0,0,0
Enzalutamide,ADReCS: Bronchitis,15951529.0,ADReCS_only,enzalutamide,CNC(=O)c1ccc(N2C(=S)N(c3ccc(C#N)c(C(F)(F)F)c3)C(=O)C2(C)C)cc1F,0,0,0,0
Epi-kal2,ADReCS: Respiratory tract infections,44201343.0,ADReCS_only,epi-kal2,CCC(C)C(NC(=O)C(Cc1ccccc1)NC(=O)C(CCC(=O)O)NC(=O)C(CCC(=O)O)NC(=O)C(CS)NC(=O)C(CCC(N)=O)NC(=O)C(CCCN=C(N)N)NC(=O)C(NC(=O)C(Cc1ccccc1)NC(=O)C(NC(=O)C(CC(N)=O)NC(=O)C(Cc1ccccc1)NC(=O)C(Cc1ccccc1)NC(=O)C(Cc1c[nH]c2ccccc12)NC(=O)C(CCCNC(=N)N)NC(=O)C1CCCN1C(=O)C(Cc1cnc[nH]1)NC(=O)C(C)NC(=O)C(C)NC(=O)C(CCCNC(=N)N)NC(=O)C(CS)NC(=O)C1CCCN1C(=O)CNC(=O)C(CC(=O)O)NC(=O)C(CC(=O)O)NC(=O)C(C)NC(=O)C(CCCCN)NC(=O)C(Cc1ccccc1)NC(=O)C(C)NC(=O)C(CS)NC(=O)C(Cc1ccccc1)NC(=O)C(CO)NC(=O)C(Cc1cnc[nH]1)NC(=O)C(CCSC)NC(=O)C(C)NC(=O)C(N)CCC(=O)O)C(C)CC)C(C)O)C(=O)NC(Cc1ccc(O)cc1)C(=O)NCC(=O)NCC(=O)NC(CS)C(=O)NC(CCC(=O)O)C(=O)NCC(=O)NC(CC(N)=O)C(=O)NC(CCC(N)=O)C(=O)NC(CC(N)=O)C(=O)NC(CCCNC(=N)N)C(=O)NC(Cc1ccccc1)C(=O)NC(CCC(=O)O)C(=O)NC(CO)C(=O)NC(CC(C)C)C(=O)NC(CCC(=O)O)C(=O)NC(CCC(=O)O)C(=O)NC(CS)C(=O)NC(CCCCN)C(=O)NC(CCCCN)C(=O)NC(CCSC)C(=O)NC(CS)C(=O)NC(C(=O)NC(CCCNC(=N)N)C(=O)NC(CC(=O)O)C(=O)O)C(C)O,0,0,0,0
Epinastine,ADReCS: Respiratory tract infections,3241.0,ADReCS_only,epinastine,NC1=NCC2c3ccccc3Cc3ccccc3N12,0,0,0,0
Epinephrine,ADReCS: Acute pulmonary oedema,5816.0,ADReCS_only,epinephrine,CNCC(O)c1ccc(O)c(O)c1,0,1,0,0
Eplerenone,ADReCS: Bronchitis,443872.0,ADReCS_only,eplerenone,COC(=O)C1C=C2CC(=O)CCC2(C)C23OC2CC2(C)C(CCC24CCC(=O)O4)C13,0,0,0,0
Epoetin alfa,ADReCS: Respiratory tract infections,127893.0,ADReCS_only,epoetin alfa,O=C(CNC(=O)c1ccccc1)CC(Cc1ccccc1)C(=O)O,0,0,0,0
Equilin sulfate,ADReCS: Asthma,168708.0,ADReCS_only,equilin,CC12CCC3C(=CCc4cc(OS(=O)(=O)O)ccc43)C1CCC2=O,0,0,0,0
Erdafitinib,ADReCS: Pulmonary embolism,67462786.0,ADReCS_only,erdafitinib,COc1cc(OC)cc(N(CCNC(C)C)c2ccc3ncc(-c4cnn(C)c4)nc3c2)c1,0,0,0,1
Ergocalciferol,ADReCS: Asthma,5280793.0,ADReCS_only,ergocalciferol,C=C1CCC(O)CC1=CC=C1CCCC2(C)C1CCC2C(C)C=CC(C)C(C)C,0,0,0,0
Ertapenem,ADReCS: Asthma,150610.0,ADReCS_only,ertapenem,CC(O)C1C(=O)N2C(C(=O)O)=C(SC3CNC(C(=O)Nc4cccc(C(=O)O)c4)C3)C(C)C12,0,0,0,0
Erythropoietin,ADReCS: Respiratory tract infections,11751549.0,ADReCS_only,erythropoietin,CCCCc1nc(Cl)c(CO)n1Cc1ccc(-c2ccccc2-c2nnn[n-]2)cc1,0,0,0,0
Eslicarbazepine,ADReCS: Thoracic disorders (excl lung and pleura),9881504.0,ADReCS_only,eslicarbazepine,NC(=O)N1c2ccccc2CC(O)c2ccccc21,0,0,0,0
Estazolam,ADReCS: Asthma,3261.0,ADReCS_only,estazolam,Clc1ccc2c(c1)C(c1ccccc1)=NCc1nncn1-2,0,0,0,0
Estradiol,ADReCS: Acute respiratory failure; Asthma,5757.0,ADReCS_only,estradiol,CC12CCC3c4ccc(O)cc4CCC3C1CCC2O,0,0,0,0
Estradiol cypionate,ADReCS: Asthma,9403.0,ADReCS_only,estradiol cypionate,CC12CCC3c4ccc(O)cc4CCC3C1CCC2OC(=O)CCC1CCCC1,0,0,0,0
Estradiol valerate,ADReCS: Asthma,13791.0,ADReCS_only,estradiol valerate,CCCCC(=O)OC1CCC2C3CCc4cc(O)ccc4C3CCC12C,0,0,0,0
Estramustine,"ADReCS: Respiratory signs and symptoms NEC; Respiratory, thoracic and mediastinal disorders",259331.0,ADReCS_only,estramustine,CC12CCC3c4ccc(OC(=O)N(CCCl)CCCl)cc4CCC3C1CCC2O,0,0,0,0
Estriol,ADReCS: Pulmonary embolism,5756.0,ADReCS_only,estriol,CC12CCC3c4ccc(O)cc4CCC3C1CC(O)C2O,0,0,0,1
Estrone,ADReCS: Asthma,5870.0,ADReCS_only,estrone,CC12CCC3c4ccc(O)cc4CCC3C1CCC2=O,0,0,0,0
Etelcalcetide,ADReCS: Interstitial lung disease,71511839.0,ADReCS_only,etelcalcetide,CC(=O)NC(CSSCC(N)C(=O)O)C(=O)NC(C)C(=O)NC(CCCN=C(N)N)C(=O)NC(CCCN=C(N)N)C(=O)NC(CCCN=C(N)N)C(=O)NC(C)C(=O)NC(CCCN=C(N)N)C(N)=O,1,0,0,0
Ethinyl estradiol,ADReCS: Lower respiratory tract signs and symptoms,5991.0,ADReCS_only,ethinyl estradiol,C#CC1(O)CCC2C3CCc4cc(O)ccc4C3CCC21C,0,0,0,0
Ethotoin,ADReCS: Respiratory signs and symptoms NEC,3292.0,ADReCS_only,ethotoin,CCn1c(O)c(-c2ccccc2)[nH]c1=O,0,0,0,0
Etidronate disodium,ADReCS: Asthma,23894.0,ADReCS_only,etidronate disodium,CC(O)(P(=O)([O-])O)P(=O)([O-])O,0,0,0,0
Etidronic acid,ADReCS: Asthma,3305.0,ADReCS_only,etidronic acid,CC(O)(P(=O)(O)O)P(=O)(O)O,0,0,0,0
Etodolac,ADReCS: Acute respiratory distress syndrome,3308.0,ADReCS_only,etodolac,CCc1cccc2c3c([nH]c12)C(CC)(CC(=O)O)OCC3,0,0,0,0
Etomidate,ADReCS: Lower respiratory tract signs and symptoms,667484.0,ADReCS_only,etomidate,CCOC(=O)c1cncn1C(C)c1ccccc1,0,0,0,0
Etonogestrel,ADReCS: Asthma,6917715.0,ADReCS_only,etonogestrel,C#CC1(O)CCC2C3CC=C4CC(=O)CCC4C3C(=C)CC21CC,0,0,0,0
Etophos,ADReCS: Bronchial disorders (excl neoplasms),60668.0,ADReCS_only,etophos,COc1cc(C2c3cc4c(cc3C(OC3OC5COC(C)OC5C(O)C3O)C3COC(=O)C23)OCO4)cc(OC)c1OP(=O)(O)O,0,0,0,0
Etravirine,ADReCS: Bronchial disorders (excl neoplasms),193962.0,ADReCS_only,etravirine,Cc1cc(C#N)cc(C)c1Oc1nc(Nc2ccc(C#N)cc2)nc(N)c1Br,0,0,0,0
Exenatide,"ADReCS: Respiratory, thoracic and mediastinal disorders",45588096.0,ADReCS_only,exenatide,CCC(C)C(NC(=O)C(Cc1ccccc1)NC(=O)C(CC(C)C)NC(=O)C(CCCN=C(N)N)NC(=O)C(NC(=O)C(C)NC(=O)C(CCC(=O)O)NC(=O)C(CCC(=O)O)NC(=O)C(CCC(=O)O)NC(=O)C(CCSC)NC(=O)C(CCC(N)=O)NC(=O)C(CCCCN)NC(=O)C(CO)NC(=O)C(CC(C)C)NC(=O)C(CC(=O)O)NC(=O)C(CO)NC(=O)C(NC(=O)C(Cc1ccccc1)NC(=O)C(NC(=O)CNC(=O)C(CCC(=O)O)NC(=O)CNC(=O)C(N)Cc1c[nH]cn1)C(C)O)C(C)O)C(C)C)C(=O)NC(CCC(=O)O)C(=O)NC(Cc1c[nH]c2ccccc12)C(=O)NC(CC(C)C)C(=O)NC(CCCCN)C(=O)NC(CC(N)=O)C(=O)NCC(=O)NCC(=O)N1CCCC1C(=O)NC(CO)C(=O)NC(CO)C(=O)NCC(=O)NC(C)C(=O)N1CCCC1C(=O)N1CCCC1C(=O)N1CCCC1C(=O)NC(CO)C(N)=O,0,0,0,0
Extendin-4,ADReCS: Thoracic disorders (excl lung and pleura),16157882.0,ADReCS_only,extendin-4,CCC(C)C(NC(=O)C(Cc1ccccc1)NC(=O)C(CC(C)C)NC(=O)C(CCCN=C(N)N)NC(=O)C(NC(=O)C(C)NC(=O)C(CCC(=O)O)NC(=O)C(CCC(=O)O)NC(=O)C(CCC(=O)O)NC(=O)C(CCSC)NC(=O)C(CCC(N)=O)NC(=O)C(CCCCN)NC(=O)C(CO)NC(=O)C(CC(C)C)NC(=O)C(CC(=O)O)NC(=O)C(CO)NC(=O)C(NC(=O)C(Cc1ccccc1)NC(=O)C(NC(=O)CNC(=O)C(CCC(=O)O)NC(=O)CNC(=O)C(N)Cc1cnc[nH]1)C(C)O)C(C)O)C(C)C)C(=O)NC(CCC(=O)O)C(=O)NC(Cc1c[nH]c2ccccc12)C(=O)NC(CC(C)C)C(=O)NC(CCCCN)C(=O)NC(CC(N)=O)C(=O)NCC(=O)NCC(=O)N1CCCC1C(=O)NC(CO)C(=O)NC(CO)C(=O)NCC(=O)NC(C)C(=O)N1CCCC1C(=O)N1CCCC1C(=O)N1CCCC1C(=O)NC(CO)C(N)=O,0,0,0,0
Ezogabine,ADReCS: Respiratory tract infections,121892.0,ADReCS_only,ezogabine,CCOC(=O)Nc1ccc(NCc2ccc(F)cc2)cc1N,0,0,0,0
Famciclovir,ADReCS: Respiratory tract infections,3324.0,ADReCS_only,famciclovir,CC(=O)OCC(CCn1cnc2cnc(N)nc21)COC(C)=O,0,0,0,0
Febuxostat,ADReCS: Bronchitis,134018.0,ADReCS_only,febuxostat,Cc1nc(-c2ccc(OCC(C)C)c(C#N)c2)sc1C(=O)O,0,0,0,0
Fedratinib,ADReCS: Lower respiratory tract disorders (excl obstruction and infection),16722836.0,ADReCS_only,fedratinib,Cc1cnc(Nc2ccc(OCCN3CCCC3)cc2)nc1Nc1cccc(S(=O)(=O)NC(C)(C)C)c1,0,0,0,0
Felbamate,ADReCS: Asthma,3331.0,ADReCS_only,felbamate,NC(=O)OCC(COC(N)=O)c1ccccc1,0,0,0,0
Felodipine,ADReCS: Bronchitis,3333.0,ADReCS_only,felodipine,CCOC(=O)C1=C(C)N=C(C)C(C(=O)OC)C1c1cccc(Cl)c1Cl,0,0,0,0
Fenofibric acid,ADReCS: Bronchitis,64929.0,ADReCS_only,fenofibric acid,CC(C)(Oc1ccc(C(=O)c2ccc(Cl)cc2)cc1)C(=O)O,0,0,0,0
Fenoldopam,ADReCS: Respiratory signs and symptoms NEC,3341.0,ADReCS_only,fenoldopam,Oc1ccc(C2CNCCc3c2cc(O)c(O)c3Cl)cc1,0,0,0,0
Sodium ferric gluconate complex,ADReCS: Bronchial disorders (excl neoplasms),23693558.0,ADReCS_only,ferric gluconate complex,O=C([O-])C(O)C(O)C(O)C(O)CO.[Fe+3],0,0,0,0
Fesoterodine,ADReCS: Asthma; Bronchial disorders (excl neoplasms),6918558.0,ADReCS_only,fesoterodine,CC(C)C(=O)Oc1ccc(CO)cc1C(CCN(C(C)C)C(C)C)c1ccccc1,0,0,0,0
Fexofenadine,ADReCS: Interstitial lung disease; Respiratory tract infections,3348.0,ADReCS_only,fexofenadine,CC(C)(C(=O)O)c1ccc(C(O)CCCN2CCC(C(O)(c3ccccc3)c3ccccc3)CC2)cc1,1,0,0,0
Fidaxomicin,ADReCS: Respiratory disorders NEC,151383.0,ADReCS_only,fidaxomicin,CCc1c(Cl)c(O)c(Cl)c(O)c1C(=O)OC1C(C)OC(OCC2=CC=CCC(O)C(C)=CC(CC)C(OC3OC(C)(C)C(OC(=O)C(C)C)C(O)C3O)C(C)=CC(C)=CCC(C(C)O)OC2=O)C(OC)C1O,0,0,0,0
Finerenone,ADReCS: Respiratory disorders NEC,60150535.0,ADReCS_only,finerenone,CCOc1ncc(C)c2c1C(c1ccc(C#N)cc1OC)C(C(N)=O)C(C)=N2,0,0,0,0
Fluconazole,ADReCS: Acute respiratory distress syndrome,3365.0,ADReCS_only,fluconazole,OC(Cn1cncn1)(Cn1cncn1)c1ccc(F)cc1F,0,0,0,0
Flucytosine,ADReCS: Respiratory signs and symptoms NEC,3366.0,ADReCS_only,flucytosine,Nc1[nH]c(=O)ncc1F,0,0,0,0
Flunitrazepam,ADReCS: Lower respiratory tract signs and symptoms,3380.0,ADReCS_only,flunitrazepam,CN1C(=O)CN=C(c2ccccc2F)c2cc([N+](=O)[O-])ccc21,0,0,0,0
Fluocinolone acetonide,ADReCS: Bronchial disorders (excl neoplasms),6215.0,ADReCS_only,fluocinolone acetonide,CC1(C)OC2CC3C4CC(F)C5=CC(=O)C=CC5(C)C4(F)C(O)CC3(C)C2(C(=O)CO)O1,0,0,0,0
Fluocinonide,ADReCS: Respiratory tract infections,9642.0,ADReCS_only,fluocinonide,CC(=O)OCC(=O)C12OC(C)(C)OC1CC1C3CC(F)C4=CC(=O)C=CC4(C)C3(F)C(O)CC12C,0,0,0,0
Fluorometholone,ADReCS: Respiratory signs and symptoms NEC,9878.0,ADReCS_only,fluorometholone,CC(=O)C1(O)CCC2C3CC(C)=C4CC(=O)C=CC4(C)C3(F)C(O)CC21C,0,0,0,0
Fluorouracil,ADReCS: Acute pulmonary oedema,3385.0,ADReCS_only,fluorouracil,O=c1[nH]cc(F)c(=O)[nH]1,0,1,0,0
Fluoxymesterone,"ADReCS: Respiratory, thoracic and mediastinal disorders",6446.0,ADReCS_only,fluoxymesterone,CC1(O)CCC2C3CC=C4CC(=O)CCC4(C)C3(F)C(O)CC21C,0,0,0,0
Fluphenazine,ADReCS: Asthma,3372.0,ADReCS_only,fluphenazine,OCCN1CCN(CCCN2c3ccccc3Sc3ccc(C(F)(F)F)cc32)CC1,0,0,0,0
Fluphenazine decanoate,ADReCS: Asthma,3388.0,ADReCS_only,fluphenazine decanoate,CCCCCCCCCC(=O)OCCN1CCN(CCCN2c3ccccc3Sc3ccc(C(F)(F)F)cc32)CC1,0,0,0,0
Flurazepam,ADReCS: Respiratory signs and symptoms NEC,3393.0,ADReCS_only,flurazepam,CCN(CC)CCN1C(=O)CN=C(c2ccccc2F)c2cc(Cl)ccc21,0,0,0,0
Flutemetamol f-18,ADReCS: Respiratory signs and symptoms NEC,15950376.0,ADReCS_only,flutemetamol f-18,CNc1ccc(-c2nc3ccc(O)cc3s2)cc1F,0,0,0,0
Fluticasone propionate,ADReCS: Acute respiratory failure; Asthma,444036.0,ADReCS_only,fluticasone,CCC(=O)OC1(C(=O)SCF)C(C)CC2C3CC(F)C4=CC(=O)C=CC4(C)C3(F)C(O)CC21C,0,0,0,0
Fluticasone furoate,ADReCS: Asthma,9854489.0,ADReCS_only,fluticasone furoate,CC1CC2C3CC(F)C4=CC(=O)C=CC4(C)C3(F)C(O)CC2(C)C1(OC(=O)c1ccco1)C(=O)SCF,0,0,0,0
Fluvoxamine,ADReCS: Asthma,5324346.0,ADReCS_only,fluvoxamine,COCCCCC(=NOCCN)c1ccc(C(F)(F)F)cc1,0,0,0,0
Fomepizole,ADReCS: Respiratory tract infections,3406.0,ADReCS_only,fomepizole,Cc1cn[nH]c1,0,0,0,0
Fondaparinux,ADReCS: Cardio-respiratory arrest; Thoracic disorders (excl lung and pleura),5282448.0,ADReCS_only,fondaparinux,COC1OC(COS(=O)(=O)O)C(OC2OC(C(=O)O)C(OC3OC(COS(=O)(=O)O)C(OC4OC(C(=O)O)C(OC5OC(COS(=O)(=O)O)C(O)C(O)C5NS(=O)(=O)O)C(O)C4O)C(OS(=O)(=O)O)C3NS(=O)(=O)O)C(O)C2OS(=O)(=O)O)C(O)C1NS(=O)(=O)O,0,0,0,0
Fosamprenavir calcium,"ADReCS: Respiratory, thoracic and mediastinal disorders",131535.0,ADReCS_only,fosamprenavir,CC(C)CN(CC(OP(=O)([O-])[O-])C(Cc1ccccc1)NC(=O)OC1CCOC1)S(=O)(=O)c1ccc(N)cc1,0,0,0,0
Fosaprepitant,ADReCS: Bronchial disorders (excl neoplasms),135413538.0,ADReCS_only,fosaprepitant,CC(OC1OCCN(Cc2nc(=O)n(P(=O)(O)O)[nH]2)C1c1ccc(F)cc1)c1cc(C(F)(F)F)cc(C(F)(F)F)c1,0,0,0,0
Foscarnet,ADReCS: Acute respiratory distress syndrome; Bronchial disorders (excl neoplasms),3415.0,ADReCS_only,foscarnet,O=C(O)P(=O)(O)O,0,0,0,0
Fosfomycin,ADReCS: Asthma,446987.0,ADReCS_only,fosfomycin,CC1OC1P(=O)(O)O,0,0,0,0
Fosfomycin tromethamine,ADReCS: Asthma,54331.0,ADReCS_only,fosfomycin tromethamine,CC1OC1P(=O)([O-])O.[NH3+]C(CO)(CO)CO,0,0,0,0
Fosinoprilat,ADReCS: Bronchial disorders (excl neoplasms),62956.0,ADReCS_only,fosinoprilat,O=C(O)C1CC(C2CCCCC2)CN1C(=O)CP(=O)(O)CCCCc1ccccc1,0,0,0,0
Fospropofol disodium,ADReCS: Thoracic disorders (excl lung and pleura),3038497.0,ADReCS_only,fospropofol disodium,CC(C)c1cccc(C(C)C)c1OCOP(=O)([O-])[O-],0,0,0,0
Fostamatinib,ADReCS: Respiratory disorders NEC,11671467.0,ADReCS_only,fostamatinib,COc1cc(Nc2ncc(F)c(Nc3ccc4c(n3)N(COP(=O)(O)O)C(=O)C(C)(C)O4)n2)cc(OC)c1OC,0,0,0,0
Frovatriptan,ADReCS: Respiratory tract infections,77992.0,ADReCS_only,frovatriptan,CNC1CCc2[nH]c3ccc(C(N)=O)cc3c2C1,0,0,0,0
Gabapentin enacarbil,ADReCS: Cardio-respiratory arrest,9883933.0,ADReCS_only,gabapentin enacarbil,CC(OC(=O)NCC1(CC(=O)O)CCCCC1)OC(=O)C(C)C,0,0,0,0
Gadobenate dimeglumine,ADReCS: Acute pulmonary oedema,105125.0,ADReCS_only,gadobenate dimeglumine,O=C(O)CN(CCN(CC(=O)O)CC(=O)O)CCN(CC(=O)O)C(COCc1ccccc1)C(=O)O,0,1,0,0
Gadodiamide hydrate,ADReCS: Bronchial disorders (excl neoplasms),153921.0,ADReCS_only,gadodiamide hydrate,CNC(=O)CN(CCN(CCN(CC(=O)[O-])CC(=O)NC)CC(=O)[O-])CC(=O)[O-].[Gd+3],0,0,0,0
Gadofosveset,ADReCS: Thoracic disorders (excl lung and pleura),46174086.0,ADReCS_only,gadofosveset,O=C([O-])CN(CCN(CC(=O)[O-])CC(COP(=O)([O-])OC1CCC(c2ccccc2)(c2ccccc2)CC1)N(CC(=O)[O-])CC(=O)[O-])CC(=O)[O-].[Gd+3].[H+].[H+].[H+],0,0,0,0
Gadolinium-dtpa,ADReCS: Bronchial disorders (excl neoplasms),6857474.0,ADReCS_only,gadolinium-dtpa,O=C([O-])CN(CCN(CC(=O)[O-])CC(=O)O)CCN(CC(=O)[O-])CC(=O)O.[Gd+3],0,0,0,0
Gadopentetate dimeglumine,ADReCS: Bronchial disorders (excl neoplasms),131751658.0,ADReCS_only,gadopentetate dimeglumine,CC(C)=CC1CC(C)(O)C2C3CCC4C5(C)CCC(OC6OCC(O)C(OC7OC(CO)C(O)C(O)C7OC7OCC(O)C(O)C7O)C6OC6OCC(O)C(O)C6O)C(C)(C)C5CCC4(C)C34COC2(C4)O1,0,0,0,0
Gadoteridol,ADReCS: Asthma,60714.0,ADReCS_only,gadoteridol,CC(O)CN1CCN(CC(=O)[O-])CCN(CC(=O)[O-])CCN(CC(=O)[O-])CC1.[Gd+3],0,0,0,0
Galantamine,ADReCS: Bronchitis; Respiratory tract infections,9651.0,ADReCS_only,galantamine,COc1ccc2c3c1OC1CC(O)C=CC31CCN(C)C2,0,0,0,0
Gamma-aminobutyric acid,"ADReCS: Respiratory, thoracic and mediastinal disorders",119.0,ADReCS_only,gamma-aminobutyric acid,NCCCC(=O)O,0,0,0,0
Ganciclovir,ADReCS: Bronchial disorders (excl neoplasms),135398740.0,ADReCS_only,ganciclovir,Nc1nc(=O)c2ncn(COC(CO)CO)c2[nH]1,0,0,0,0
Ganirelix,ADReCS: Pleural disorders,16130957.0,ADReCS_only,ganirelix,CCN=C(NCC)NCCCCC(NC(=O)C(CC(C)C)NC(=O)C(CCCCN=C(NCC)NCC)NC(=O)C(Cc1ccc(O)cc1)NC(=O)C(CO)NC(=O)C(Cc1cccnc1)NC(=O)C(Cc1ccc(Cl)cc1)NC(=O)C(Cc1ccc2ccccc2c1)NC(C)=O)C(=O)N1CCCC1C(=O)NC(C)C(N)=O,0,0,1,0
Gatifloxacin,ADReCS: Asthma,5379.0,ADReCS_only,gatifloxacin,COc1c(N2CCNC(C)C2)c(F)cc2c(=O)c(C(=O)O)cn(C3CC3)c12,0,0,0,0
Gemeprost,ADReCS: Respiratory signs and symptoms NEC,5282237.0,ADReCS_only,gemeprost,CCCCC(C)(C)C(O)C=CC1C(O)CC(=O)C1CCCCC=CC(=O)OC,0,0,0,0
Gemfibrozil,ADReCS: Thoracic disorders (excl lung and pleura),3463.0,ADReCS_only,gemfibrozil,Cc1ccc(C)c(OCCCC(C)(C)C(=O)O)c1,0,0,0,0
Gentamicin,ADReCS: Lower respiratory tract disorders (excl obstruction and infection),3467.0,ADReCS_only,gentamicin,CNC(C)C1CCC(N)C(OC2C(N)CC(N)C(OC3OCC(C)(O)C(NC)C3O)C2O)O1,0,0,0,0
Glimepiride,ADReCS: Cardio-respiratory arrest,3476.0,ADReCS_only,glimepiride,CCC1=C(C)CN(C(=O)NCCc2ccc(S(=O)(=O)NC(=O)NC3CCC(C)CC3)cc2)C1=O,0,0,0,0
Glipizide,ADReCS: Cardio-respiratory arrest,3478.0,ADReCS_only,glipizide,Cc1cnc(C(=O)NCCc2ccc(S(=O)(=O)NC(=O)NC3CCCCC3)cc2)cn1,0,0,0,0
Glutamine,ADReCS: Bacterial lower respiratory tract infections,5961.0,ADReCS_only,glutamine,NC(=O)CCC(N)C(=O)O,0,0,0,0
Glycerin,ADReCS: Asthma,753.0,ADReCS_only,glycerin,OCC(O)CO,0,0,0,0
Glycerol phenylbutyrate,ADReCS: Respiratory disorders NEC,10482134.0,ADReCS_only,glycerol phenylbutyrate,O=C(CCCc1ccccc1)OCC(COC(=O)CCCc1ccccc1)OC(=O)CCCc1ccccc1,0,0,0,0
Glycine,ADReCS: Lower respiratory tract disorders (excl obstruction and infection),750.0,ADReCS_only,glycine,NCC(=O)O,0,0,0,0
Granisetron,ADReCS: Respiratory disorders NEC; Respiratory tract infections,5284566.0,ADReCS_only,granisetron,CN1C2CCCC1CC(NC(=O)c1nn(C)c3ccccc13)C2,0,0,0,0
Griseofulvin,"ADReCS: Respiratory, thoracic and mediastinal disorders",441140.0,ADReCS_only,griseofulvin,COC1=CC(=O)CC(C)C12Oc1c(Cl)c(OC)cc(OC)c1C2=O,0,0,0,0
Guaifenesin,ADReCS: Respiratory disorders NEC,3516.0,ADReCS_only,guaifenesin,COc1ccccc1OCC(O)CO,0,0,0,0
Guanfacine,ADReCS: Asthma; Respiratory tract infections,3519.0,ADReCS_only,guanfacine,N=C(N)NC(=O)Cc1c(Cl)cccc1Cl,0,0,0,0
Guanidine,"ADReCS: Respiratory, thoracic and mediastinal disorders",3520.0,ADReCS_only,guanidine,N=C(N)N,0,0,0,0
Halobetasol,ADReCS: Bronchial disorders (excl neoplasms),5311167.0,ADReCS_only,halobetasol,CC1CC2C3CC(F)C4=CC(=O)C=CC4(C)C3(F)C(O)CC2(C)C1(O)C(=O)CCl,0,0,0,0
Haloperidol decanoate,ADReCS: Bronchial disorders (excl neoplasms),52919.0,ADReCS_only,haloperidol decanoate,CCCCCCCCCC(=O)OC1(c2ccc(Cl)cc2)CCN(CCCC(=O)c2ccc(F)cc2)CC1,0,0,0,0
Halothane,ADReCS: Respiratory arrest,3562.0,ADReCS_only,halothane,FC(F)(F)C(Cl)Br,0,0,0,0
Hemin,ADReCS: Respiratory signs and symptoms NEC,26945.0,ADReCS_only,hemin,C=CC1=C(C)c2cc3[n-]c(cc4[n-]c(cc5nc(cc1n2)C(C)=C5C=C)c(C)c4CCC(=O)O)c(CCC(=O)O)c3C.[Fe+2],0,0,0,0
Hepatitis b vaccine,ADReCS: Bronchial disorders (excl neoplasms),16131310.0,ADReCS_only,hepatitis b vaccine,CSCCC(N)C(=O)NC(CCC(N)=O)C(=O)NC(Cc1c[nH]c2ccccc12)C(=O)NC(CC(N)=O)C(=O)NC(CO)C(=O)NC(C(=O)NC(C(=O)NC(Cc1ccccc1)C(=O)NC(CC1C=NC=N1)C(=O)NC(CCC(N)=O)C(=O)NC(C(=O)NC(CC(C)C)C(=O)NC(CCC(N)=O)C(=O)NC(CC(=O)O)C(=O)N1CCCC1C(=O)NC(CCCN=C(N)N)C(=O)NC(C(=O)OC(=O)CNC(=O)CNC(=O)C(C)NC(=O)C1CCCN1C(=O)C(Cc1ccccc1)NC(=O)C(Cc1ccc(O)cc1)NC(=O)C(CC(C)C)NC(=O)CNC(=O)C(N)CCCNC(=N)N)C(C)C)C(C)O)C(C)O)C(C)O,0,0,0,0
Hetastarch,ADReCS: Bronchial disorders (excl neoplasms),24846132.0,ADReCS_only,hetastarch,COC1C(CO)OC(OCC2OC(OC3C(CO)OC(C)C(O)C3O)C(O)C(O)C2OC2OC(CO)C(OC)C(O)C2OCCO)C(O)C1O,0,0,0,0
Hex-hgrf,ADReCS: Respiratory signs and symptoms NEC,44201342.0,ADReCS_only,hex-hgrf,CCC=CCC(=O)NC(Cc1ccc(O)cc1)C(=O)NC(C)C(=O)NC(CC(=O)O)C(=O)NC(C)C(=O)NC(C(=O)NC(Cc1ccccc1)C(=O)NC(C(=O)NC(CC(N)=O)C(=O)NC(CO)C(=O)NC(Cc1ccc(O)cc1)C(=O)NC(CCCN=C(N)N)C(=O)NC(CCCCN)C(=O)NC(C(=O)NCC(=O)NC(CC(C)C)C(=O)NC(CCC(N)=O)C(=O)NC(CC(C)C)C(=O)NC(CO)C(=O)NC(C)C(=O)NC(CCCNC(=N)N)C(=O)NC(CCCCN)C(=O)NC(CC(C)C)C(=O)NC(CC(C)C)C(=O)NC(CCC(N)=O)C(=O)NC(CC(=O)O)C(=O)NC(C(=O)NC(CCSC)C(=O)NC(CO)C(=O)NC(CCCNC(=N)N)C(=O)NC(CCC(N)=O)C(=O)NCC(=O)NC(CCC(N)=O)C(=O)NC(CCC(=O)O)C(=O)NC(CO)C(=O)NC(CC(N)=O)C(=O)NC(CCC(N)=O)C(=O)NC(CCC(=O)O)C(=O)NC(CCCNC(=N)N)C(=O)NC(C)C(=O)NCC(=O)NC(CCCNC(=N)N)C(=O)NC(C)C(=O)NC(CCCNC(=N)N)C(=O)NC(CC(C)C)C(N)=O)C(C)CC)C(C)C)C(C)O)C(C)CC,0,0,0,0
Histamine,ADReCS: Asthma,774.0,ADReCS_only,histamine,NCCc1c[nH]cn1,0,0,0,0
Histrelin,"ADReCS: Respiratory, thoracic and mediastinal disorders; Thoracic disorders (excl lung and pleura)",25077993.0,ADReCS_only,histrelin,CCNC(=O)C1CCCN1C(=O)C(CCCN=C(N)N)NC(=O)C(CC(C)C)NC(=O)C(Cc1cn(Cc2ccccc2)cn1)NC(=O)C(Cc1ccc(O)cc1)NC(=O)C(CO)NC(=O)C(Cc1c[nH]c2ccccc12)NC(=O)C(Cc1c[nH]cn1)NC(=O)C1CCC(=O)N1,0,0,0,0
Homatropine,ADReCS: Respiratory and pulmonary function diagnostic procedures,688024.0,ADReCS_only,homatropine,CN1C2CCC1CC(OC(=O)C(O)c1ccccc1)C2,0,0,0,0
Hydrocortisone sodium succinate,ADReCS: Lower respiratory tract disorders (excl obstruction and infection),23694214.0,ADReCS_only,hydrocortisone succinate,CC12CCC(=O)C=C1CCC1C2C(O)CC2(C)C1CCC2(O)C(=O)COC(=O)CCC(=O)[O-],0,0,0,0
Hydroxybutanedial,ADReCS: Respiratory tract infections,5288169.0,ADReCS_only,hydroxybutanedial,O=CCC(=O)CO,0,0,0,0
Hydroxybutanoic acid,ADReCS: Thoracic disorders (excl lung and pleura),10413.0,ADReCS_only,hydroxybutanoic acid,O=C(O)CCCO,0,0,0,0
Hydroxyprogesterone,ADReCS: Respiratory signs and symptoms NEC,6238.0,ADReCS_only,hydroxyprogesterone,CC(=O)C1(O)CCC2C3CC=C4CC(=O)CCC4(C)C3CCC21C,0,0,0,0
Hydroxyprogesterone caproate,ADReCS: Asthma,169870.0,ADReCS_only,hydroxyprogesterone caproate,CCCCCC(=O)OC1(C(C)=O)CCC2C3CC=C4CC(=O)CCC4(C)C3CCC21C,0,0,0,0
Hydroxyurea,ADReCS: Acute respiratory distress syndrome,3657.0,ADReCS_only,hydroxyurea,NC(O)=NO,0,0,0,0
Hydroxyzine,ADReCS: Acute respiratory distress syndrome; Respiratory depression,3658.0,ADReCS_only,hydroxyzine,OCCOCCN1CCN(C(c2ccccc2)c2ccc(Cl)cc2)CC1,0,0,0,0
Ibandronate sodium,ADReCS: Bronchial disorders (excl neoplasms),23670359.0,ADReCS_only,ibandronate,CCCCCN(C)CCC(O)(P(=O)([O-])O)P(=O)(O)O,0,0,0,0
Ibandronic acid,ADReCS: Asthma,60852.0,ADReCS_only,ibandronic acid,CCCCCN(C)CCC(O)(P(=O)(O)O)P(=O)(O)O,0,0,0,0
Ibritumomab tiuxetan,ADReCS: Bronchitis,92002593.0,ADReCS_only,ibritumomab tiuxetan,CNC(=O)Nc1ccc(CC(CN(CC(=O)O)CC(C)N(CC(=O)O)CC(=O)O)N(CC(=O)O)CC(=O)O)cc1,0,0,0,0
Icatibant,ADReCS: Asthma,6918173.0,ADReCS_only,icatibant,N=C(N)NCCCC(N)C(=O)NC(CCCN=C(N)N)C(=O)N1CCCC1C(=O)N1CC(O)CC1C(=O)NCC(=O)NC(Cc1cccs1)C(=O)NC(CO)C(=O)N1Cc2ccccc2CC1C(=O)N1C(C(=O)NC(CCCN=C(N)N)C(=O)O)CC2CCCCC21,0,0,0,0
Icosapent ethyl,ADReCS: Respiratory signs and symptoms NEC,9831415.0,ADReCS_only,icosapent ethyl,CCC=CCC=CCC=CCC=CCC=CCCCC(=O)OCC,0,0,0,0
Inamrinone,ADReCS: Respiratory signs and symptoms NEC,3698.0,ADReCS_only,inamrinone,Nc1cc(-c2ccncc2)c[nH]c1=O,0,0,0,0
Indacaterol,ADReCS: Asthma; Respiratory tract infections,6918554.0,ADReCS_only,indacaterol,CCc1cc2c(cc1CC)CC(NCC(O)c1ccc(O)c3[nH]c(=O)ccc13)C2,0,0,0,0
Ingenol mebutate,ADReCS: Respiratory tract infections,6918670.0,ADReCS_only,ingenol mebutate,CC=C(C)C(=O)OC1C(C)=CC23C(=O)C(=CC(CO)C(O)C12O)C1C(CC3C)C1(C)C,0,0,0,0
Insulin (human),ADReCS: Asthma,118984375.0,ADReCS_only,insulin (human),CCC(C)C(NC(=O)CN)C(=O)NC(C(=O)NC(CCC(=O)O)C(=O)NC(CCC(N)=O)C(=O)NC1CSSCC2NC(=O)C(C(C)CC)NC(=O)C(CO)NC(=O)C(C(C)O)NC(=O)C(CSSCC(NC(=O)C(CC(C)C)NC(=O)C(Cc3c[nH]cn3)NC(=O)C(CCC(N)=O)NC(=O)C(CC(N)=O)NC(=O)C(NC(=O)C(N)Cc3ccccc3)C(C)C)C(=O)NCC(=O)NC(CO)C(=O)NC(Cc3c[nH]cn3)C(=O)NC(CC(C)C)C(=O)NC(C(C)C)C(=O)NC(CCC(=O)O)C(=O)NC(C)C(=O)NC(CC(C)C)C(=O)NC(Cc3ccc(O)cc3)C(=O)NC(CC(C)C)C(=O)NC(C(C)C)C(=O)NC(C(=O)NCC(=O)NC(CCC(=O)O)C(=O)NC(CCCN=C(N)N)C(=O)NCC(=O)NC(Cc3ccccc3)C(=O)NC(Cc3ccccc3)C(=O)NC(Cc3ccc(O)cc3)C(=O)NC(C(=O)N3CCCC3C(=O)NC(CCCCN)C(=O)NC(C(=O)O)C(C)O)C(C)O)CSSCC(C(=O)NC(CC(N)=O)C(=O)O)NC(=O)C(Cc3ccc(O)cc3)NC(=O)C(CC(N)=O)NC(=O)C(CCC(=O)O)NC(=O)C(CC(C)C)NC(=O)C(CCC(N)=O)NC(=O)C(Cc3ccc(O)cc3)NC(=O)C(CC(C)C)NC(=O)C(CO)NC2=O)NC1=O)C(C)C,0,0,0,0
Insulin aspart,ADReCS: Bronchitis,118984445.0,ADReCS_only,insulin aspart,CCC(C)C(NC(=O)CN)C(=O)NC(C(=O)NC(CCC(=O)O)C(=O)NC(CCC(N)=O)C(=O)NC1CSSCC2NC(=O)C(C(C)CC)NC(=O)C(CO)NC(=O)C(C(C)O)NC(=O)C(CSSCC(NC(=O)C(CC(C)C)NC(=O)C(Cc3c[nH]cn3)NC(=O)C(CCC(N)=O)NC(=O)C(CC(N)=O)NC(=O)C(NC(=O)C(N)Cc3ccccc3)C(C)C)C(=O)NCC(=O)NC(CO)C(=O)NC(Cc3c[nH]cn3)C(=O)NC(CC(C)C)C(=O)NC(C(C)C)C(=O)NC(CCC(=O)O)C(=O)NC(C)C(=O)NC(CC(C)C)C(=O)NC(Cc3ccc(O)cc3)C(=O)NC(CC(C)C)C(=O)NC(C(C)C)C(=O)NC(C(=O)NCC(=O)NC(CCC(=O)O)C(=O)NC(CCCN=C(N)N)C(=O)NCC(=O)NC(Cc3ccccc3)C(=O)NC(Cc3ccccc3)C(=O)NC(Cc3ccc(O)cc3)C(=O)NC(C(=O)NC(CC(=O)O)C(=O)NC(CCCCN)C(=O)NC(C(=O)O)C(C)O)C(C)O)CSSCC(C(=O)NC(CC(N)=O)C(=O)O)NC(=O)C(Cc3ccc(O)cc3)NC(=O)C(CC(N)=O)NC(=O)C(CCC(=O)O)NC(=O)C(CC(C)C)NC(=O)C(CCC(N)=O)NC(=O)C(Cc3ccc(O)cc3)NC(=O)C(CC(C)C)NC(=O)C(CO)NC2=O)NC1=O)C(C)C,0,0,0,0
Insulin degludec,ADReCS: Bronchial disorders (excl neoplasms),118984462.0,ADReCS_only,insulin degludec,CCC(C)C(NC(=O)CN)C(=O)NC(C(=O)NC(CCC(=O)O)C(=O)NC(CCC(N)=O)C(=O)NC1CSSCC2NC(=O)C(C(C)CC)NC(=O)C(CO)NC(=O)C(C(C)O)NC(=O)C(CSSCC(NC(=O)C(CC(C)C)NC(=O)C(Cc3c[nH]cn3)NC(=O)C(CCC(N)=O)NC(=O)C(CC(N)=O)NC(=O)C(NC(=O)C(N)Cc3ccccc3)C(C)C)C(=O)NCC(=O)NC(CO)C(=O)NC(Cc3c[nH]cn3)C(=O)NC(CC(C)C)C(=O)NC(C(C)C)C(=O)NC(CCC(=O)O)C(=O)NC(C)C(=O)NC(CC(C)C)C(=O)NC(Cc3ccc(O)cc3)C(=O)NC(CC(C)C)C(=O)NC(C(C)C)C(=O)NC(C(=O)NCC(=O)NC(CCC(=O)O)C(=O)NC(CCCN=C(N)N)C(=O)NCC(=O)NC(Cc3ccccc3)C(=O)NC(Cc3ccccc3)C(=O)NC(Cc3ccc(O)cc3)C(=O)NC(C(=O)N3CCCC3C(=O)NC(CCCCNC(=O)CCC(NC(=O)CCCCCCCCCCCCCCC(=O)O)C(=O)O)C(=O)O)C(C)O)CSSCC(C(=O)NC(CC(N)=O)C(=O)O)NC(=O)C(Cc3ccc(O)cc3)NC(=O)C(CC(N)=O)NC(=O)C(CCC(=O)O)NC(=O)C(CC(C)C)NC(=O)C(CCC(N)=O)NC(=O)C(Cc3ccc(O)cc3)NC(=O)C(CC(C)C)NC(=O)C(CO)NC2=O)NC1=O)C(C)C,0,0,0,0
Insulin detemir,ADReCS: Asthma,16137271.0,ADReCS_only,insulin detemir,CCCCCCCCCCCCCC(=O)NCCCCC(NC(=O)C1CCCN1C(=O)C(NC(=O)C(Cc1ccc(O)cc1)NC(=O)C(Cc1ccccc1)NC(=O)C(Cc1ccccc1)NC(=O)CNC(=O)C(CCCN=C(N)N)NC(=O)C(CCC(=O)O)NC(=O)CNC(=O)C1CSSCC(C(=O)NC(CC(N)=O)C(=O)O)NC(=O)C(Cc2ccc(O)cc2)NC(=O)C(CC(N)=O)NC(=O)C(CCC(=O)O)NC(=O)C(CC(C)C)NC(=O)C(CCC(N)=O)NC(=O)C(Cc2ccc(O)cc2)NC(=O)C(CC(C)C)NC(=O)C(CO)NC(=O)C2CSSCC(NC(=O)C(CCC(N)=O)NC(=O)C(CCC(=O)O)NC(=O)C(NC(=O)C(NC(=O)CN)C(C)CC)C(C)C)C(=O)NC(CSSCC(NC(=O)C(CC(C)C)NC(=O)C(Cc3c[nH]cn3)NC(=O)C(CCC(N)=O)NC(=O)C(CC(N)=O)NC(=O)C(NC(=O)C(N)Cc3ccccc3)C(C)C)C(=O)NCC(=O)NC(CO)C(=O)NC(Cc3c[nH]cn3)C(=O)NC(CC(C)C)C(=O)NC(C(C)C)C(=O)NC(CCC(=O)O)C(=O)NC(C)C(=O)NC(CC(C)C)C(=O)NC(Cc3ccc(O)cc3)C(=O)NC(CC(C)C)C(=O)NC(C(C)C)C(=O)N1)C(=O)NC(C(C)O)C(=O)NC(CO)C(=O)NC(C(C)CC)C(=O)N2)C(C)O)C(=O)O,0,0,0,0
Insulin glargine,ADReCS: Asthma,118984454.0,ADReCS_only,insulin glargine,CCC(C)C(NC(=O)CN)C(=O)NC(C(=O)NC(CCC(=O)O)C(=O)NC(CCC(N)=O)C(=O)NC1CSSCC2NC(=O)C(C(C)CC)NC(=O)C(CO)NC(=O)C(C(C)O)NC(=O)C(CSSCC(NC(=O)C(CC(C)C)NC(=O)C(Cc3c[nH]cn3)NC(=O)C(CCC(N)=O)NC(=O)C(CC(N)=O)NC(=O)C(NC(=O)C(N)Cc3ccccc3)C(C)C)C(=O)NCC(=O)NC(CO)C(=O)NC(Cc3c[nH]cn3)C(=O)NC(CC(C)C)C(=O)NC(C(C)C)C(=O)NC(CCC(=O)O)C(=O)NC(C)C(=O)NC(CC(C)C)C(=O)NC(Cc3ccc(O)cc3)C(=O)NC(CC(C)C)C(=O)NC(C(C)C)C(=O)NC(C(=O)NCC(=O)NC(CCC(=O)O)C(=O)NC(CCCN=C(N)N)C(=O)NCC(=O)NC(Cc3ccccc3)C(=O)NC(Cc3ccccc3)C(=O)NC(Cc3ccc(O)cc3)C(=O)NC(C(=O)N3CCCC3C(=O)NC(CCCCN)C(=O)NC(C(=O)NC(CCCNC(=N)N)C(=O)NC(CCCNC(=N)N)C(=O)O)C(C)O)C(C)O)CSSCC(C(=O)NCC(=O)O)NC(=O)C(Cc3ccc(O)cc3)NC(=O)C(CC(N)=O)NC(=O)C(CCC(=O)O)NC(=O)C(CC(C)C)NC(=O)C(CCC(N)=O)NC(=O)C(Cc3ccc(O)cc3)NC(=O)C(CC(C)C)NC(=O)C(CO)NC2=O)NC1=O)C(C)C,0,0,0,0
Insulin glulisine,ADReCS: Bronchial disorders (excl neoplasms),16136701.0,ADReCS_only,insulin glulisine,CCC(C)C(NC(=O)CN)C(=O)NC(C(=O)NC(CCC(=O)O)C(=O)NC(CCC(N)=O)C(=O)NC1CSSCC2NC(=O)C(C(C)CC)NC(=O)C(CO)NC(=O)C(C(C)O)NC(=O)C(CSSCC(NC(=O)C(CC(C)C)NC(=O)C(Cc3c[nH]cn3)NC(=O)C(CCC(N)=O)NC(=O)C(CCCCN)NC(=O)C(NC(=O)C(N)Cc3ccccc3)C(C)C)C(=O)NCC(=O)NC(CO)C(=O)NC(Cc3c[nH]cn3)C(=O)NC(CC(C)C)C(=O)NC(C(C)C)C(=O)NC(CCC(=O)O)C(=O)NC(C)C(=O)NC(CC(C)C)C(=O)NC(Cc3ccc(O)cc3)C(=O)NC(CC(C)C)C(=O)NC(C(C)C)C(=O)NC(C(=O)NCC(=O)NC(CCC(=O)O)C(=O)NC(CCCN=C(N)N)C(=O)NCC(=O)NC(Cc3ccccc3)C(=O)NC(Cc3ccccc3)C(=O)NC(Cc3ccc(O)cc3)C(=O)NC(C(=O)N3CCCC3C(=O)NC(CCC(=O)O)C(=O)NC(C(=O)O)C(C)O)C(C)O)CSSCC(C(=O)NC(CC(N)=O)C(=O)O)NC(=O)C(Cc3ccc(O)cc3)NC(=O)C(CC(N)=O)NC(=O)C(CCC(=O)O)NC(=O)C(CC(C)C)NC(=O)C(CCC(N)=O)NC(=O)C(Cc3ccc(O)cc3)NC(=O)C(CC(C)C)NC(=O)C(CO)NC2=O)NC1=O)C(C)C,0,0,0,0
Iodipamide,ADReCS: Respiratory disorders NEC,3739.0,ADReCS_only,iodipamide,O=C(CCCCC(=O)Nc1c(I)cc(I)c(C(=O)O)c1I)Nc1c(I)cc(I)c(C(=O)O)c1I,0,0,0,0
Ioflupane i-123,"ADReCS: Respiratory, thoracic and mediastinal disorders",3086674.0,ADReCS_only,ioflupane i-123,COC(=O)C1C(c2ccc(I)cc2)CC2CCC1N2CCCF,0,0,0,0
Iopamidol,ADReCS: Acute respiratory failure,65492.0,ADReCS_only,iopamidol,CC(O)C(=O)Nc1c(I)c(C(=O)NC(CO)CO)c(I)c(C(=O)NC(CO)CO)c1I,0,0,0,0
Iopromide,ADReCS: Acute pulmonary oedema,3736.0,ADReCS_only,iopromide,COCC(=O)Nc1c(I)c(C(=O)NCC(O)CO)c(I)c(C(=O)N(C)CC(O)CO)c1I,0,1,0,0
Iothalamic acid,ADReCS: Asthma,3737.0,ADReCS_only,iothalamic acid,CNC(=O)c1c(I)c(NC(C)=O)c(I)c(C(=O)O)c1I,0,0,0,0
Iotrolan,ADReCS: Bronchial disorders (excl neoplasms),3738.0,ADReCS_only,iotrolan,CN(C(=O)CC(=O)N(C)c1c(I)c(C(=O)NC(CO)C(O)CO)c(I)c(C(=O)NC(CO)C(O)CO)c1I)c1c(I)c(C(=O)NC(CO)C(O)CO)c(I)c(C(=O)NC(CO)C(O)CO)c1I,0,0,0,0
Ioversol,ADReCS: Acute pulmonary oedema,3741.0,ADReCS_only,ioversol,O=C(NCC(O)CO)c1c(I)c(C(=O)NCC(O)CO)c(I)c(N(CCO)C(=O)CO)c1I,0,1,0,0
Ioxaglic acid,ADReCS: Asthma,3742.0,ADReCS_only,ioxaglic acid,CNC(=O)c1c(I)c(C(=O)NCC(=O)Nc2c(I)c(C(=O)O)c(I)c(C(=O)NCCO)c2I)c(I)c(N(C)C(C)=O)c1I,0,0,0,0
Ioxilan,ADReCS: Bronchial disorders (excl neoplasms),3743.0,ADReCS_only,ioxilan,CC(=O)N(CC(O)CO)c1c(I)c(C(=O)NCCO)c(I)c(C(=O)NCC(O)CO)c1I,0,0,0,0
Iron;nitroxyl anion;pentacyanide,ADReCS: Respiratory signs and symptoms NEC,11947681.0,ADReCS_only,iron;nitroxyl anion;pentacyanide,[C-]#N.[C-]#N.[C-]#N.[C-]#N.[C-]#N.[Fe].[N-]=O,0,0,0,0
Isavuconazole,ADReCS: Respiratory disorders NEC,6918485.0,ADReCS_only,isavuconazole,CC(c1nc(-c2ccc(C#N)cc2)cs1)C(O)(Cn1cncn1)c1cc(F)ccc1F,0,0,0,0
Isoniazid,ADReCS: Acute respiratory distress syndrome,3767.0,ADReCS_only,isoniazid,NNC(=O)c1ccncc1,0,0,0,0
Isosorbide,ADReCS: Asthma,12597.0,ADReCS_only,isosorbide,OC1COC2C(O)COC12,0,0,0,0
Isosorbide mononitrate,ADReCS: Asthma,27661.0,ADReCS_only,isosorbide mononitrate,O=[N+]([O-])OC1COC2C(O)COC12,0,0,0,0
Isradipine,ADReCS: Thoracic disorders (excl lung and pleura),3784.0,ADReCS_only,isradipine,COC(=O)C1=C(C)N=C(C)C(C(=O)OC(C)C)C1c1cccc2nonc12,0,0,0,0
Istradefylline,"ADReCS: Respiratory, thoracic and mediastinal disorders",5311037.0,ADReCS_only,istradefylline,CCn1c(=O)c2c(nc(C=Cc3ccc(OC)c(OC)c3)n2C)n(CC)c1=O,0,0,0,0
Ivacaftor,ADReCS: Acute respiratory distress syndrome,16220172.0,ADReCS_only,ivacaftor,CC(C)(C)c1cc(C(C)(C)C)c(NC(=O)c2c[nH]c3ccccc3c2=O)cc1O,0,0,0,0
Ivermectin,ADReCS: Asthma,6321424.0,ADReCS_only,ivermectin,CCC(C)C1OC2(CCC1C)CC1CC(CC=C(C)C(OC3CC(OC)C(OC4CC(OC)C(O)C(C)O4)C(C)O3)C(C)C=CC=C3COC4C(O)C(C)=CC(C(=O)O1)C34O)O2,0,0,0,0
Ivosidenib,ADReCS: Lower respiratory tract disorders (excl obstruction and infection),71657455.0,ADReCS_only,ivosidenib,N#Cc1ccnc(N2C(=O)CCC2C(=O)N(c2cncc(F)c2)C(C(=O)NC2CC(F)(F)C2)c2ccccc2Cl)c1,0,0,0,0
Ixabepilone,ADReCS: Acute pulmonary oedema,6445540.0,ADReCS_only,ixabepilone,CC(=Cc1csc(C)n1)C1CC2OC2(C)CCCC(C)C(O)C(C)C(=O)C(C)(C)C(O)CC(=O)N1,0,1,0,0
Kanamycin,ADReCS: Respiratory disorders NEC,6032.0,ADReCS_only,kanamycin,NCC1OC(OC2C(N)CC(N)C(OC3OC(CO)C(O)C(N)C3O)C2O)C(O)C(O)C1O,0,0,0,0
Ketoconazole,ADReCS: Thoracic disorders (excl lung and pleura),3823.0,ADReCS_only,ketoconazole,CC(=O)N1CCN(c2ccc(OCC3COC(Cn4ccnc4)(c4ccc(Cl)cc4Cl)O3)cc2)CC1,0,0,0,0
Ketotifen,"ADReCS: Respiratory, thoracic and mediastinal disorders",3827.0,ADReCS_only,ketotifen,CN1CCC(=C2c3ccccc3CC(=O)c3sccc32)CC1,0,0,0,0
Kinetin,"ADReCS: Respiratory, thoracic and mediastinal disorders",3830.0,ADReCS_only,kinetin,c1coc(CNc2ncnc3[nH]cnc23)c1,0,0,0,0
Lactulose,ADReCS: Acute respiratory failure,11333.0,ADReCS_only,lactulose,OCC1OC(OC2C(CO)OC(O)(CO)C2O)C(O)C(O)C1O,0,0,0,0
Lamisil,ADReCS: Respiratory tract infections,1549007.0,ADReCS_only,lamisil,C[NH+](CC=CC#CC(C)(C)C)Cc1cccc2ccccc12,0,0,0,0
Lamivudine,ADReCS: Acute pulmonary oedema,60825.0,ADReCS_only,lamivudine,Nc1ccn(C2CSC(CO)O2)c(=O)n1,0,1,0,0
Lanreotide acetate,ADReCS: Bronchitis,71349.0,ADReCS_only,lanreotide,CC(C)C1NC(=O)C(CCCCN)NC(=O)C(Cc2c[nH]c3ccccc23)NC(=O)C(Cc2ccc(O)cc2)NC(=O)C(NC(=O)C(N)Cc2ccc3ccccc3c2)CSSCC(C(=O)NC(C(N)=O)C(C)O)NC1=O,0,0,0,0
Larotrectinib,ADReCS: Lower respiratory tract neoplasms,46188928.0,ADReCS_only,larotrectinib,O=C(Nc1cnn2ccc(N3CCCC3c3cc(F)ccc3F)nc12)N1CCC(O)C1,0,0,0,0
Lasmiditan,ADReCS: Respiratory signs and symptoms NEC,11610526.0,ADReCS_only,lasmiditan,CN1CCC(C(=O)c2cccc(NC(=O)c3c(F)cc(F)cc3F)n2)CC1,0,0,0,0
Lasofoxifene,ADReCS: Bronchial disorders (excl neoplasms),216416.0,ADReCS_only,lasofoxifene,Oc1ccc2c(c1)CCC(c1ccccc1)C2c1ccc(OCCN2CCCC2)cc1,0,0,0,0
Lercanidipine,ADReCS: Asthma,65866.0,ADReCS_only,lercanidipine,COC(=O)C1=C(C)N=C(C)C(C(=O)OC(C)(C)CN(C)CCC(c2ccccc2)c2ccccc2)C1c1cccc([N+](=O)[O-])c1,0,0,0,0
Lesinurad,ADReCS: Respiratory tract infections,53465279.0,ADReCS_only,lesinurad,O=C(O)CSc1nnc(Br)n1-c1ccc(C2CC2)c2ccccc12,0,0,0,0
Letermovir,ADReCS: Cardio-respiratory arrest,45138674.0,ADReCS_only,letermovir,COc1cccc(N2CCN(C3=Nc4c(F)cccc4C(CC(=O)O)N3c3cc(C(F)(F)F)ccc3OC)CC2)c1,0,0,0,0
Levobunolol,ADReCS: Bronchial disorders (excl neoplasms),39468.0,ADReCS_only,levobunolol,CC(C)(C)NCC(O)COc1cccc2c1CCCC2=O,0,0,0,0
Levocarnitine,ADReCS: Bronchitis,10917.0,ADReCS_only,levocarnitine,C[N+](C)(C)CC(O)CC(=O)[O-],0,0,0,0
Levodopa,ADReCS: Lung disorder,6047.0,ADReCS_only,levodopa,NC(Cc1ccc(O)c(O)c1)C(=O)O,0,0,0,0
Levodopa-4'-monophosphate,ADReCS: Respiratory tract infections,127766.0,ADReCS_only,levodopa-4'-monophosphate,NC(Cc1ccc(OP(=O)(O)O)c(O)c1)C(=O)O,0,0,0,0
Levomefolate calcium,ADReCS: Pulmonary embolism,135564391.0,ADReCS_only,levomefolate,CN1c2c([nH]c(N)nc2=O)NCC1CNc1ccc(C(=O)NC(CCC(=O)[O-])C(=O)[O-])cc1,0,0,0,1
Levorphanol,ADReCS: Respiratory acidoses,5359272.0,ADReCS_only,levorphanol,CN1CCC23CCCCC2C1Cc1ccc(O)cc13,0,0,0,0
Levothyroxine,ADReCS: Acute pulmonary oedema; Bronchial disorders (excl neoplasms),5819.0,ADReCS_only,levothyroxine,NC(Cc1cc(I)c(Oc2cc(I)c(O)c(I)c2)c(I)c1)C(=O)O,0,1,0,0
Lifitegrast,ADReCS: Bronchial disorders (excl neoplasms),11965427.0,ADReCS_only,lifitegrast,CS(=O)(=O)c1cccc(CC(NC(=O)c2c(Cl)cc3c(c2Cl)CCN(C(=O)c2ccc4ccoc4c2)C3)C(=O)O)c1,0,0,0,0
Linaclotide,ADReCS: Respiratory tract infections,16158208.0,ADReCS_only,linaclotide,CC1NC(=O)C2CCCN2C(=O)C(CC(N)=O)NC(=O)C2CSSCC(N)C(=O)NC3CSSCC(NC1=O)C(=O)NC(C(C)O)C(=O)NCC(=O)NC(C(=O)NC(Cc1ccc(O)cc1)C(=O)O)CSSCC(NC(=O)C(Cc1ccc(O)cc1)NC(=O)C(CCC(=O)O)NC3=O)C(=O)N2,0,0,0,0
Liothyronine,ADReCS: Asthma,5920.0,ADReCS_only,liothyronine,NC(Cc1cc(I)c(Oc2ccc(O)c(I)c2)c(I)c1)C(=O)O,0,0,0,0
Liraglutide,ADReCS: Asthma,16134956.0,ADReCS_only,liraglutide,CCCCCCCCCCCCCCCC(=O)NC(CCC(=O)NCCCCC(NC(=O)C(C)NC(=O)C(C)NC(=O)C(CCC(N)=O)NC(=O)CNC(=O)C(CCC(=O)O)NC(=O)C(CC(C)C)NC(=O)C(Cc1ccc(O)cc1)NC(=O)C(CO)NC(=O)C(CO)NC(=O)C(NC(=O)C(CC(=O)O)NC(=O)C(CO)NC(=O)C(NC(=O)C(Cc1ccccc1)NC(=O)C(NC(=O)CNC(=O)C(CCC(=O)O)NC(=O)C(C)NC(=O)C(N)Cc1c[nH]cn1)C(C)O)C(C)O)C(C)C)C(=O)NC(CCC(=O)O)C(=O)NC(Cc1ccccc1)C(=O)NC(C(=O)NC(C)C(=O)NC(Cc1c[nH]c2ccccc12)C(=O)NC(CC(C)C)C(=O)NC(C(=O)NC(CCCNC(=N)N)C(=O)NCC(=O)NC(CCCNC(=N)N)C(=O)NCC(=O)O)C(C)C)C(C)CC)C(=O)O,0,0,0,0
Lisdexamfetamine,ADReCS: Cardio-respiratory arrest,11597698.0,ADReCS_only,lisdexamfetamine,CC(Cc1ccccc1)NC(=O)C(N)CCCCN,0,0,0,0
Lodoxamide,"ADReCS: Respiratory, thoracic and mediastinal disorders",44564.0,ADReCS_only,lodoxamide,N#Cc1cc(NC(=O)C(=O)O)c(Cl)c(NC(=O)C(=O)O)c1,0,0,0,0
Lofexidine,ADReCS: Respiratory disorders NEC,30668.0,ADReCS_only,lofexidine,CC(Oc1c(Cl)cccc1Cl)C1=NCCN1,0,0,0,0
Lomefloxacin,ADReCS: Bronchial disorders (excl neoplasms),3948.0,ADReCS_only,lomefloxacin,CCn1cc(C(=O)O)c(=O)c2cc(F)c(N3CCNC(C)C3)c(F)c21,0,0,0,0
Lomitapide,ADReCS: Bronchial disorders (excl neoplasms); Respiratory tract infections,9853053.0,ADReCS_only,lomitapide,O=C(NC1CCN(CCCCC2(C(=O)NCC(F)(F)F)c3ccccc3-c3ccccc32)CC1)c1ccccc1-c1ccc(C(F)(F)F)cc1,0,0,0,0
Lomustine,ADReCS: Lower respiratory tract disorders (excl obstruction and infection),3950.0,ADReCS_only,lomustine,O=NN(CCCl)C(=O)NC1CCCCC1,0,0,0,0
Loperamide cation,"ADReCS: Respiratory, thoracic and mediastinal disorders",3954.0,ADReCS_only,loperamide cation,CN(C)C(=O)C(CC[NH+]1CCC(O)(c2ccc(Cl)cc2)CC1)(c1ccccc1)c1ccccc1,0,0,0,0
Loracarbef,ADReCS: Respiratory tract infections,5284585.0,ADReCS_only,loracarbef,NC(C(=O)NC1C(=O)N2C(C(=O)O)=C(Cl)CCC12)c1ccccc1,0,0,0,0
Lormetazepam,"ADReCS: Respiratory, thoracic and mediastinal disorders",13314.0,ADReCS_only,lormetazepam,CN1C(=O)C(O)N=C(c2ccccc2Cl)c2cc(Cl)ccc21,0,0,0,0
Loteprednol etabonate,ADReCS: Respiratory tract infections,444025.0,ADReCS_only,loteprednol etabonate,CCOC(=O)OC1(C(=O)OCCl)CCC2C3CC=C4CC(=O)C=CC4(C)C3C(O)CC21C,0,0,0,0
Loxapine,ADReCS: Bronchial disorders (excl neoplasms),3964.0,ADReCS_only,loxapine,CN1CCN(C2=Nc3ccccc3Oc3ccc(Cl)cc32)CC1,0,0,0,0
Lumateperone,ADReCS: Lower respiratory tract signs and symptoms,21302490.0,ADReCS_only,lumateperone,CN1CCN2c3c(cccc31)C1CN(CCCC(=O)c3ccc(F)cc3)CCC12,0,0,0,0
Lurasidone,"ADReCS: Respiratory tract infections; Respiratory, thoracic and mediastinal disorders",213046.0,ADReCS_only,lurasidone,Oc1c2c(c(O)n1CC1CCCCC1CN1CCN(c3nsc4ccccc34)CC1)C1CCC2C1,0,0,0,0
Lurbinectedin,ADReCS: Lower respiratory tract disorders (excl obstruction and infection),57327016.0,ADReCS_only,lurbinectedin,COc1ccc2[nH]c3c(c2c1)CCNC31CSC2c3c(OC(C)=O)c(C)c4c(c3C(COC1=O)N1C(O)C3Cc5cc(C)c(OC)c(O)c5C(C21)N3C)OCO4,0,0,0,0
Lutetium oxodotreotide lu-177,ADReCS: Acute respiratory failure,76966897.0,ADReCS_only,lutetium oxodotreotide lu-177,CC(O)C(NC(=O)C1CSSCC(NC(=O)C(Cc2ccccc2)NC(=O)CN2CCN(CC(=O)[O-])CCN(CC(=O)[O-])CCN(CC(=O)[O-])CC2)C(=O)NC(Cc2ccc(O)cc2)C(=O)NC(Cc2c[nH]c3ccccc23)C(=O)NC(CCCCN)C(=O)NC(C(C)O)C(=O)N1)C(=O)O.[Lu+3],0,0,0,0
Lymecycline,"ADReCS: Respiratory, thoracic and mediastinal disorders",54707177.0,ADReCS_only,lymecycline,CN(C)C1C(=O)C(C(=O)NCNCCCCC(N)C(=O)O)C(=O)C2(O)C(=O)C3C(=O)c4c(O)cccc4C(C)(O)C3CC12,0,0,0,0
Lymphazurin,ADReCS: Asthma,101316975.0,ADReCS_only,lymphazurin,CCN(CC)c1ccc(C(=C2C=CC(=[N+](CC)CC)C=C2)c2cc(S(=O)(=O)O)ccc2S(=O)(=O)[O-])cc1,0,0,0,0
Mafenide,ADReCS: Respiratory disorders NEC,3998.0,ADReCS_only,mafenide,NCc1ccc(S(N)(=O)=O)cc1,0,0,0,0
Malvidin chloride,ADReCS: Respiratory and pulmonary function diagnostic procedures,69512.0,ADReCS_only,malvidin chloride,COc1cc(-c2[o+]c3cc(O)cc(O)c3cc2O)cc(OC)c1O,0,0,0,0
Mangafodipir trisodium,ADReCS: Respiratory tract infections,160036.0,ADReCS_only,mangafodipir trisodium,Cc1ncc(COP(=O)([O-])[O-])c(CN(CCN(CC(=O)[O-])Cc2c(COP(=O)([O-])[O-])cnc(C)c2[O-])CC(=O)[O-])c1[O-].[H+].[H+].[H+].[Mn+2],0,0,0,0
Maralixibat,ADReCS: Respiratory disorders NEC,9831643.0,ADReCS_only,maralixibat,CCCCC1(CCCC)CS(=O)(=O)c2ccc(N(C)C)cc2C(c2ccc(OCc3ccc(C[N+]45CCN(CC4)CC5)cc3)cc2)C1O,0,0,0,0
Maraviroc,ADReCS: Bacterial lower respiratory tract infections,3002977.0,ADReCS_only,maraviroc,Cc1nnc(C(C)C)n1C1CC2CCC(C1)N2CCC(NC(=O)C1CCC(F)(F)CC1)c1ccccc1,0,0,0,0
Maribavir,ADReCS: Respiratory signs and symptoms NEC,471161.0,ADReCS_only,maribavir,CC(C)Nc1nc2cc(Cl)c(Cl)cc2n1C1OC(CO)C(O)C1O,0,0,0,0
Mebendazole,ADReCS: Respiratory disorders NEC,4030.0,ADReCS_only,mebendazole,COC(=O)Nc1nc2cc(C(=O)c3ccccc3)ccc2[nH]1,0,0,0,0
Mebeverine,"ADReCS: Respiratory, thoracic and mediastinal disorders",4031.0,ADReCS_only,mebeverine,CCN(CCCCOC(=O)c1ccc(OC)c(OC)c1)C(C)Cc1ccc(OC)cc1,0,0,0,0
Meclizine,ADReCS: Respiratory disorders NEC,4034.0,ADReCS_only,meclizine,Cc1cccc(CN2CCN(C(c3ccccc3)c3ccc(Cl)cc3)CC2)c1,0,0,0,0
Medronic acid,ADReCS: Bronchial disorders (excl neoplasms),16124.0,ADReCS_only,medronic acid,O=P(O)(O)CP(=O)(O)O,0,0,0,0
Melatonin,ADReCS: Respiratory tract infections,896.0,ADReCS_only,melatonin,COc1ccc2[nH]cc(CCNC(C)=O)c2c1,0,0,0,0
Memantine,ADReCS: Asthma,4054.0,ADReCS_only,memantine,CC12CC3CC(C)(C1)CC(N)(C3)C2,0,0,0,0
Mepivacaine,ADReCS: Cardio-respiratory arrest; Respiratory arrest,4062.0,ADReCS_only,mepivacaine,Cc1cccc(C)c1NC(=O)C1CCCCN1C,0,0,0,0
Meprobamate,ADReCS: Bronchial disorders (excl neoplasms),4064.0,ADReCS_only,meprobamate,CCCC(C)(COC(N)=O)COC(N)=O,0,0,0,0
Mercaptopurine,ADReCS: Lower respiratory tract disorders (excl obstruction and infection),667490.0,ADReCS_only,mercaptopurine,S=c1[nH]cnc2[nH]cnc12,0,0,0,0
Mertiatide,ADReCS: Bronchial disorders (excl neoplasms),60778.0,ADReCS_only,mertiatide,O=C(O)CNC(=O)CNC(=O)CNC(=O)CS,0,0,0,0
Mesalamine,ADReCS: Acute respiratory failure,4075.0,ADReCS_only,mesalamine,Nc1ccc(O)c(C(=O)O)c1,0,0,0,0
Mesna,ADReCS: Respiratory tract infections,23662354.0,ADReCS_only,mesna,O=S(=O)([O-])CCS,0,0,0,0
Metaxalone,ADReCS: Respiratory arrest,15459.0,ADReCS_only,metaxalone,Cc1cc(C)cc(OCC2CNC(=O)O2)c1,0,0,0,0
Methane,ADReCS: Bronchial disorders (excl neoplasms),297.0,ADReCS_only,methane,C,0,0,0,0
Methocarbamol,ADReCS: Cardio-respiratory arrest,4107.0,ADReCS_only,methocarbamol,COc1ccccc1OCC(O)COC(N)=O,0,0,0,0
Methoxsalen,ADReCS: Bronchial disorders (excl neoplasms),4114.0,ADReCS_only,methoxsalen,COc1c2occc2cc2ccc(=O)oc12,0,0,0,0
Methsuximide,ADReCS: Lower respiratory tract signs and symptoms,6476.0,ADReCS_only,methsuximide,CN1C(=O)CC(C)(c2ccccc2)C1=O,0,0,0,0
Methyclothiazide,ADReCS: Lower respiratory tract disorders (excl obstruction and infection),4121.0,ADReCS_only,methyclothiazide,CN1C(CCl)Nc2cc(Cl)c(S(N)(=O)=O)cc2S1(=O)=O,0,0,0,0
Methyl salicylate,ADReCS: Lower respiratory tract disorders (excl obstruction and infection),4133.0,ADReCS_only,methyl salicylate,COC(=O)c1ccccc1O,0,0,0,0
Methylnaltrexone,ADReCS: Pneumoperitoneum,5361918.0,ADReCS_only,methylnaltrexone,C[N+]1(CC2CC2)CCC23c4c5ccc(O)c4OC2C(=O)CCC3(O)C1C5,0,0,0,0
Methylphenidate,ADReCS: Asthma,4158.0,ADReCS_only,methylphenidate,COC(=O)C(c1ccccc1)C1CCCCN1,0,0,0,0
Methylprednisolone hemisuccinate,ADReCS: Bronchial disorders (excl neoplasms),16923.0,ADReCS_only,methylprednisolone hemisuccinate,CC1=C2CC(=O)C=CC2(C)C2C(O)CC3(C)C(CCC3(O)C(=O)COC(=O)CCC(=O)O)C2C1,0,0,0,0
Methylprednisolone sodium succinate,ADReCS: Lower respiratory tract disorders (excl obstruction and infection),23680530.0,ADReCS_only,methylprednisolone succinate,CC1=C2CC(=O)C=CC2(C)C2C(O)CC3(C)C(CCC3(O)C(=O)COC(=O)CCC(=O)[O-])C2C1,0,0,0,0
Metolazone,ADReCS: Respiratory signs and symptoms NEC,4170.0,ADReCS_only,metolazone,Cc1ccccc1N1C(=O)c2cc(S(N)(=O)=O)c(Cl)cc2NC1C,0,0,0,0
Metyrosine,"ADReCS: Respiratory, thoracic and mediastinal disorders",441350.0,ADReCS_only,metyrosine,CC(N)(Cc1ccc(O)cc1)C(=O)O,0,0,0,0
Micafungin,"ADReCS: Cardio-respiratory arrest; Respiratory, thoracic and mediastinal disorders",477468.0,ADReCS_only,micafungin,CCCCCOc1ccc(-c2cc(-c3ccc(C(=O)NC4CC(O)C(O)NC(=O)C5C(O)C(C)CN5C(=O)C(C(O)CC(N)=O)NC(=O)C(C(O)C(O)c5ccc(O)c(OS(=O)(=O)O)c5)NC(=O)C5CC(O)CN5C(=O)C(C(C)O)NC4=O)cc3)no2)cc1,0,0,0,0
Midodrine,ADReCS: Respiratory signs and symptoms NEC,4195.0,ADReCS_only,midodrine,COc1ccc(OC)c(C(O)CNC(=O)CN)c1,0,0,0,0
Mifepristone,ADReCS: Thoracic disorders (excl lung and pleura),55245.0,ADReCS_only,mifepristone,CC#CC1(O)CCC2C3=C(C4=C(CC3)CC(=O)CC4)C(c3ccc(N(C)C)cc3)CC21C,0,0,0,0
Migalastat,ADReCS: Asthma,176077.0,ADReCS_only,migalastat,OCC1NCC(O)C(O)C1O,0,0,0,0
Miglitol,ADReCS: Pneumoperitoneum,441314.0,ADReCS_only,miglitol,OCCN1CC(O)C(O)C(O)C1CO,0,0,0,0
Miglustat,ADReCS: Acute respiratory failure,51634.0,ADReCS_only,miglustat,CCCCN1CC(O)C(O)C(O)C1CO,0,0,0,0
Milrinone,ADReCS: Bronchial disorders (excl neoplasms),4197.0,ADReCS_only,milrinone,Cc1[nH]c(=O)c(C#N)cc1-c1ccncc1,0,0,0,0
Minocycline anion,ADReCS: Asthma,26275995.0,ADReCS_only,minocycline anion,CN(C)c1ccc(O)c2c1=CC1CC3C([NH+](C)C)C(=O)C(C(N)=O)=C([O-])C3(O)C(=O)C1C=2[O-],0,0,0,0
Mipomersen sodium,"ADReCS: Respiratory, thoracic and mediastinal disorders",44564107.0,ADReCS_only,mipomersen,COCCOC1C(O)C(COP(=O)([O-])SC2C(COP(=O)([O-])SC3C(COP(=O)([O-])SC4C(COP(=O)([O-])SC5C(COP(=O)([O-])SC6CC(n7cc(C)c(N)nc7=O)OC6COP(=O)([O-])SC6CC(n7cc(C)c(=O)[nH]c7=O)OC6COP(=O)([O-])SC6CC(n7cc(C)c(=O)[nH]c7=O)OC6COP(=O)([O-])SC6CC(n7cc(C)c(N)nc7=O)OC6COP(=O)([O-])SC6CC(n7cnc8c(=O)[nH]c(N)nc87)OC6COP(=O)([O-])SC6CC(n7cc(C)c(=O)[nH]c7=O)OC6COP(=O)([O-])SC6CC(n7cc(C)c(N)nc7=O)OC6COP(=O)([O-])SC6CC(n7cc(C)c(=O)[nH]c7=O)OC6COP(=O)([O-])SC6CC(n7cnc8c(=O)[nH]c(N)nc87)OC6COP(=O)([O-])SC6CC(n7cnc8c(N)ncnc87)OC6COP(=O)([O-])SC6C(COP(=O)([O-])SC7C(COP(=O)([O-])SC8C(COP(=O)([O-])SC9C(COP(=O)([O-])SC%10C(CO)OC(n%11cnc%12c(=O)[nH]c(N)nc%12%11)C%10OCCOC)OC(n%10cc(C)c(N)nc%10=O)C9OCCOC)OC(n9cc(C)c(N)nc9=O)C8OCCOC)OC(n8cc(C)c(=O)[nH]c8=O)C7OCCOC)OC(n7cc(C)c(N)nc7=O)C6OCCOC)OC(n6cnc7c(=O)[nH]c(N)nc76)C5OCCOC)OC(n5cc(C)c(N)nc5=O)C4OCCOC)OC(n4cnc5c(N)ncnc54)C3OCCOC)OC(n3cc(C)c(N)nc3=O)C2OCCOC)OC1n1cc(C)c(N)nc1=O,0,0,0,0
Mirtazapine,ADReCS: Asthma,4205.0,ADReCS_only,mirtazapine,CN1CCN2c3ncccc3Cc3ccccc3C2C1,0,0,0,0
Mivacurium chloride,ADReCS: Bronchial disorders (excl neoplasms),5281080.0,ADReCS_only,mivacurium chloride,COc1cc2c(cc1OC)C(Cc1cc(OC)c(OC)c(OC)c1)[N+](C)(CCCOC(=O)CCC=CCCC(=O)OCCC[N+]1(C)CCc3cc(OC)c(OC)cc3C1Cc1cc(OC)c(OC)c(OC)c1)CC2,0,0,0,0
Mobocertinib,ADReCS: Lower respiratory tract disorders (excl obstruction and infection),118607832.0,ADReCS_only,mobocertinib,C=CC(=O)Nc1cc(Nc2ncc(C(=O)OC(C)C)c(-c3cn(C)c4ccccc34)n2)c(OC)cc1N(C)CCN(C)C,0,0,0,0
Moclobemide,ADReCS: Respiratory signs and symptoms NEC,4235.0,ADReCS_only,moclobemide,O=C(NCCN1CCOCC1)c1ccc(Cl)cc1,0,0,0,0
Moexiprilat,ADReCS: Bronchial disorders (excl neoplasms),55331.0,ADReCS_only,moexiprilat,COc1cc2c(cc1OC)CN(C(=O)C(C)NC(CCc1ccccc1)C(=O)O)C(C(=O)O)C2,0,0,0,0
Molindone,ADReCS: Respiratory disorders NEC,23897.0,ADReCS_only,molindone,CCc1c(C)[nH]c2c1C(=O)C(CN1CCOCC1)CC2,0,0,0,0
Molnupiravir,ADReCS: Acute respiratory failure,145996610.0,ADReCS_only,molnupiravir,CC(C)C(=O)OCC1OC(n2ccc(=NO)[nH]c2=O)C(O)C1O,0,0,0,0
Mometasone,ADReCS: Asthma,441335.0,ADReCS_only,mometasone,CC1CC2C3CC=C4CC(=O)C=CC4(C)C3(Cl)C(O)CC2(C)C1(O)C(=O)CCl,0,0,0,0
Mometasone furoate,ADReCS: Acute respiratory failure; Asthma,441336.0,ADReCS_only,mometasone furoate,CC1CC2C3CC=C4CC(=O)C=CC4(C)C3(Cl)C(O)CC2(C)C1(OC(=O)c1ccco1)C(=O)CCl,0,0,0,0
Monoethanolamine,ADReCS: Respiratory tract infections,700.0,ADReCS_only,monoethanolamine,NCCO,0,0,0,0
Moxonidine,ADReCS: Bronchitis,4810.0,ADReCS_only,moxonidine,COc1nc(C)nc(Cl)c1NC1=NCCN1,0,0,0,0
Mupirocin,ADReCS: Respiratory tract infections,446596.0,ADReCS_only,mupirocin,CC(=CC(=O)OCCCCCCCCC(=O)O)CC1OCC(CC2OC2C(C)C(C)O)C(O)C1O,0,0,0,0
Mycophenolic acid,ADReCS: Asthma,446541.0,ADReCS_only,mycophenolic acid,COc1c(C)c2c(c(O)c1CC=C(C)CCC(=O)O)C(=O)OC2,0,0,0,0
Myristyl sulfate,ADReCS: Pulmonary embolism,5248.0,ADReCS_only,myristyl,CCCCCCCCCCCCCCOS(=O)(=O)O,0,0,0,1
Nabilone,ADReCS: Bronchial disorders (excl neoplasms),5284592.0,ADReCS_only,nabilone,CCCCCCC(C)(C)c1cc(O)c2c(c1)OC(C)(C)C1CCC(=O)CC21,0,0,0,0
Nafarelin,ADReCS: Interstitial lung disease; Respiratory tract infections,25077405.0,ADReCS_only,nafarelin,CC(C)CC(NC(=O)C(Cc1ccc2ccccc2c1)NC(=O)C(Cc1ccc(O)cc1)NC(=O)C(CO)NC(=O)C(Cc1c[nH]c2ccccc12)NC(=O)C(Cc1c[nH]cn1)NC(=O)C1CCC(=O)N1)C(=O)NC(CCCN=C(N)N)C(=O)N1CCCC1C(=O)NCC(N)=O,1,0,0,0
Naldemedine,ADReCS: Lower respiratory tract neoplasms,54732242.0,ADReCS_only,naldemedine,CC(C)(NC(=O)C1CC2(O)C3Cc4ccc(O)c5c4C2(CCN3CC2CC2)C(O5)C1=O)c1nc(-c2ccccc2)no1,0,0,0,0
Naloxegol,ADReCS: Lower respiratory tract neoplasms,56959087.0,ADReCS_only,naloxegol,C=CCN1CCC23c4c5ccc(O)c4OC2C(OCCOCCOCCOCCOCCOCCOCCOC)CCC3(O)C1C5,0,0,0,0
Nandrolone decanoate,ADReCS: Thoracic disorders (excl lung and pleura),9677.0,ADReCS_only,nandrolone decanoate,CCCCCCCCCC(=O)OC1CCC2C3CC=C4CC(=O)CCC4C3CCC12C,0,0,0,0
Naratriptan,ADReCS: Asthma,4440.0,ADReCS_only,naratriptan,CNS(=O)(=O)CCc1ccc2[nH]cc(C3CCN(C)CC3)c2c1,0,0,0,0
Natamycin,ADReCS: Respiratory signs and symptoms NEC,5284447.0,ADReCS_only,natamycin,CC1CC=CC=CC=CC=CC(OC2OC(C)C(O)C(N)C2O)CC2OC(O)(CC(O)CC3OC3C=CC(=O)O1)CC(O)C2C(=O)O,0,0,0,0
Nateglinide,ADReCS: Bronchitis,5311309.0,ADReCS_only,nateglinide,CC(C)C1CCC(C(=O)NC(Cc2ccccc2)C(=O)O)CC1,0,0,0,0
Natrecor,ADReCS: Respiratory disorders NEC,91976508.0,ADReCS_only,natrecor,CCC(C)C1NC(=O)C(CCCN=C(N)N)NC(=O)C(CC(=O)O)NC(=O)C(CCSC)NC(=O)C(CCCCN)NC(=O)C(CCCNC(=N)N)NC(=O)CNC(=O)C(Cc2ccccc2)NC(=O)C(NC(=O)CNC(=O)C(CO)NC(=O)CNC(=O)C(CCC(N)=O)NC(=O)C(NC(=O)C(CCSC)NC(=O)C(CCCCN)NC(=O)C2CCCN2C(=O)C(N)CO)C(C)C)CSSCC(C(=O)NC(CCCCN)C(=O)NC(C(=O)NC(CC(C)C)C(=O)NC(CCCNC(=N)N)C(=O)NC(CCCNC(=N)N)C(=O)NC(Cc2cnc[nH]2)C(=O)O)C(C)C)NC(=O)CNC(=O)C(CC(C)C)NC(=O)CNC(=O)C(CO)NC(=O)C(CO)NC(=O)C(CO)NC(=O)C(CO)NC1=O,0,0,0,0
Nedocromil sodium,ADReCS: Asthma; Bronchitis,50295.0,ADReCS_only,nedocromil,CCCc1c2oc(C(=O)[O-])cc(=O)c2cc2c(=O)cc(C(=O)[O-])n(CC)c12,0,0,0,0
Nefazodone,ADReCS: Asthma,4449.0,ADReCS_only,nefazodone,CCc1nn(CCCN2CCN(c3cccc(Cl)c3)CC2)c(=O)n1CCOc1ccccc1,0,0,0,0
Nelarabine,ADReCS: Bronchial disorders (excl neoplasms),3011155.0,ADReCS_only,nelarabine,COc1nc(N)nc2c1ncn2C1OC(CO)C(O)C1O,0,0,0,0
Nepafenac,ADReCS: Respiratory tract infections,151075.0,ADReCS_only,nepafenac,NC(=O)Cc1cccc(C(=O)c2ccccc2)c1N,0,0,0,0
Neratinib,ADReCS: Thoracic disorders (excl lung and pleura),9915743.0,ADReCS_only,neratinib,CCOc1cc2ncc(C#N)c(Nc3ccc(OCc4ccccn4)c(Cl)c3)c2cc1NC(=O)C=CCN(C)C,0,0,0,0
Nicotinate,ADReCS: Bronchitis,937.0,ADReCS_only,nicotinate,O=C([O-])c1cccnc1,0,0,0,0
Nisoldipine,ADReCS: Asthma,4499.0,ADReCS_only,nisoldipine,COC(=O)C1=C(C)N=C(C)C(C(=O)OCC(C)C)C1c1ccccc1[N+](=O)[O-],0,0,0,0
Nitazoxanide,ADReCS: Respiratory tract infections,41684.0,ADReCS_only,nitazoxanide,CC(=O)Oc1ccccc1C(=O)Nc1ncc([N+](=O)[O-])s1,0,0,0,0
Nitisinone,ADReCS: Bronchitis,115355.0,ADReCS_only,nitisinone,O=C1CCCC(=O)C1C(=O)c1ccc(C(F)(F)F)cc1[N+](=O)[O-],0,0,0,0
Nizatidine,ADReCS: Bronchial disorders (excl neoplasms),3033637.0,ADReCS_only,nizatidine,CN=C(C[N+](=O)[O-])NCCSCc1csc(CN(C)C)n1,0,0,0,0
Norepinephrine,ADReCS: Lower respiratory tract disorders (excl obstruction and infection),439260.0,ADReCS_only,norepinephrine,NCC(O)c1ccc(O)c(O)c1,0,0,0,0
Norethindrone acetate,ADReCS: Asthma; Respiratory signs and symptoms NEC,5832.0,ADReCS_only,norethindrone,C#CC1(OC(C)=O)CCC2C3CC=C4CC(=O)CCC4C3CCC21C,0,0,0,0
Norfloxacin,ADReCS: Respiratory signs and symptoms NEC,4539.0,ADReCS_only,norfloxacin,CCn1cc(C(=O)O)c(=O)c2cc(F)c(N3CCNCC3)cc21,0,0,0,0
Nortriptyline,ADReCS: Respiratory disorders NEC,4543.0,ADReCS_only,nortriptyline,CNCCC=C1c2ccccc2CCc2ccccc21,0,0,0,0
Nystatin,ADReCS: Bronchial disorders (excl neoplasms),11286230.0,ADReCS_only,nystatin,CC1C=CC=CCCC=CC=CC=CC=CC(OC2OC(C)C(O)C(N)C2O)CC2OC(O)(CC(O)C(O)CCC(O)CC(O)CC(O)CC(=O)OC(C)C(C)C1O)CC(O)C2C(=O)O,0,0,0,0
Obeticholic acid,ADReCS: Acute respiratory failure,447715.0,ADReCS_only,obeticholic acid,CCC1C(O)C2C3CCC(C(C)CCC(=O)O)C3(C)CCC2C2(C)CCC(O)CC12,0,0,0,0
Olmesartan medoxomil,ADReCS: Bronchitis,130881.0,ADReCS_only,olmesartan medoxomil,CCCc1nc(C(C)(C)O)c(C(=O)OCc2oc(=O)oc2C)n1Cc1ccc(-c2ccccc2-c2nn[nH]n2)cc1,0,0,0,0
Olodaterol,ADReCS: Bronchial disorders (excl neoplasms),11504295.0,ADReCS_only,olodaterol,COc1ccc(CC(C)(C)NCC(O)c2cc(O)cc3c2OCC(=O)N3)cc1,0,0,0,0
Olopatadine,ADReCS: Respiratory tract infections; Thoracic disorders (excl lung and pleura),5281071.0,ADReCS_only,olopatadine,CN(C)CCC=C1c2ccccc2COc2ccc(CC(=O)O)cc21,0,0,0,0
Omacetaxine mepesuccinate,ADReCS: Thoracic disorders (excl lung and pleura),285033.0,ADReCS_only,omacetaxine mepesuccinate,COC(=O)CC(O)(CCCC(C)(C)O)C(=O)OC1C(OC)=CC23CCCN2CCc2cc4c(cc2C13)OCO4,0,0,0,0
Ondansetron,ADReCS: Acute respiratory failure; Bronchial disorders (excl neoplasms),4595.0,ADReCS_only,ondansetron,Cc1nccn1CC1CCc2c(c3ccccc3n2C)C1=O,0,0,0,0
Opicapone,"ADReCS: Respiratory, thoracic and mediastinal disorders",135565903.0,ADReCS_only,opicapone,Cc1c(Cl)c(C)[n+]([O-])c(Cl)c1-c1noc(-c2cc(O)c(O)c([N+](=O)[O-])c2)n1,0,0,0,0
Orciprenaline,ADReCS: Asthma,4086.0,ADReCS_only,orciprenaline,CC(C)NCC(O)c1cc(O)cc(O)c1,0,0,0,0
Oritavancin,ADReCS: Bronchial disorders (excl neoplasms),16136912.0,ADReCS_only,oritavancin,CNC(CC(C)C)C(=O)NC1C(=O)NC(CC(N)=O)C(=O)NC2C(=O)NC3C(=O)NC(C(=O)NC(C(=O)O)c4cc(O)cc(O)c4-c4cc3ccc4O)C(OC3CC(C)(N)C(O)C(C)O3)c3ccc(c(Cl)c3)Oc3cc2cc(c3OC2OC(CO)C(O)C(O)C2OC2CC(C)(NCc3ccc(-c4ccc(Cl)cc4)cc3)C(O)C(C)O2)Oc2ccc(cc2Cl)C1O,0,0,0,0
Orlistat,ADReCS: Asthma,3034010.0,ADReCS_only,orlistat,CCCCCCCCCCCC(CC1OC(=O)C1CCCCCC)OC(=O)C(CC(C)C)NC=O,0,0,0,0
Oseltamivir,ADReCS: Asthma,65028.0,ADReCS_only,oseltamivir,CCOC(=O)C1=CC(OC(CC)CC)C(NC(C)=O)C(N)C1,0,0,0,0
Oseltamivir acid,ADReCS: Acute respiratory distress syndrome,449381.0,ADReCS_only,oseltamivir acid,CCC(CC)OC1C=C(C(=O)O)CC(N)C1NC(C)=O,0,0,0,0
Ospemifene,ADReCS: Pulmonary embolism,3036505.0,ADReCS_only,ospemifene,OCCOc1ccc(C(=C(CCCl)c2ccccc2)c2ccccc2)cc1,0,0,0,1
Oxacillin,ADReCS: Bronchial disorders (excl neoplasms),6196.0,ADReCS_only,oxacillin,Cc1onc(-c2ccccc2)c1C(=O)NC1C(=O)N2C1SC(C)(C)C2C(=O)O,0,0,0,0
Oxandrolone,ADReCS: Bronchial disorders (excl neoplasms),5878.0,ADReCS_only,oxandrolone,CC12COC(=O)CC1CCC1C2CCC2(C)C1CCC2(C)O,0,0,0,0
Oxazepam,ADReCS: Respiratory acidoses,4616.0,ADReCS_only,oxazepam,O=C1N=C(c2ccccc2)c2cc(Cl)ccc2NC1O,0,0,0,0
Oxcarbazepine,ADReCS: Asthma,34312.0,ADReCS_only,oxcarbazepine,NC(=O)N1c2ccccc2CC(=O)c2ccccc21,0,0,0,0
Oxidronic acid,ADReCS: Respiratory signs and symptoms NEC,27304.0,ADReCS_only,oxidronic acid,O=P(O)(O)C(O)P(=O)(O)O,0,0,0,0
Oxybutynin,ADReCS: Asthma,4634.0,ADReCS_only,oxybutynin,CCN(CC)CC#CCOC(=O)C(O)(c1ccccc1)C1CCCCC1,0,0,0,0
Oxymetholone,"ADReCS: Respiratory, thoracic and mediastinal disorders",5281034.0,ADReCS_only,oxymetholone,CC12CC(C=O)C(=O)CC1CCC1C2CCC2(C)C1CCC2(C)O,0,0,0,0
Oxytetracycline,"ADReCS: Respiratory, thoracic and mediastinal disorders",54675779.0,ADReCS_only,oxytetracycline,CN(C)C1C(=O)C(C(N)=O)C(=O)C2(O)C(=O)C3C(=O)c4c(O)cccc4C(C)(O)C3C(O)C12,0,0,0,0
Ozanimod,ADReCS: Asthma,52938427.0,ADReCS_only,ozanimod,CC(C)Oc1ccc(-c2nc(-c3cccc4c3CCC4NCCO)no2)cc1C#N,0,0,0,0
Pacritinib,"ADReCS: Respiratory, thoracic and mediastinal disorders",46216796.0,ADReCS_only,pacritinib,C1=CCOCc2cc(ccc2OCCN2CCCC2)Nc2nccc(n2)-c2cccc(c2)COC1,0,0,0,0
Paliperidone palmitate,ADReCS: Respiratory tract infections,9852746.0,ADReCS_only,paliperidone palmitate,CCCCCCCCCCCCCCCC(=O)OC1CCCn2c1nc(C)c(CCN1CCC(c3noc4cc(F)ccc34)CC1)c2=O,0,0,0,0
Palonosetron,ADReCS: Lower respiratory tract signs and symptoms; Thoracic disorders (excl lung and pleura),6337614.0,ADReCS_only,palonosetron,O=C1c2cccc3c2C(CCC3)CN1C1CN2CCC1CC2,0,0,0,0
Pamidronate disodium,ADReCS: Respiratory tract infections,73351.0,ADReCS_only,pamidronate disodium,NCCC(O)(P(=O)([O-])O)P(=O)([O-])O,0,0,0,0
Pantoprazole,ADReCS: Asthma; Respiratory tract infections,4679.0,ADReCS_only,pantoprazole,COc1ccnc(C[S+]([O-])c2nc3cc(OC(F)F)ccc3[nH]2)c1OC,0,0,0,0
Parecoxib,ADReCS: Bronchial disorders (excl neoplasms),119828.0,ADReCS_only,parecoxib,CCC(=O)NS(=O)(=O)c1ccc(-c2c(-c3ccccc3)noc2C)cc1,0,0,0,0
Paricalcitol,ADReCS: Acute pulmonary oedema,5281104.0,ADReCS_only,paricalcitol,CC(C=CC(C)C(C)(C)O)C1CCC2C(=CC=C3CC(O)CC(O)C3)CCCC21C,0,1,0,0
Paroxetine impurity a,ADReCS: Asthma,3038120.0,ADReCS_only,paroxetine impurity a,c1ccc(C2CCNCC2COc2ccc3c(c2)OCO3)cc1,0,0,0,0
Pasireotide,ADReCS: Respiratory tract infections,9941444.0,ADReCS_only,pasireotide,NCCCCC1NC(=O)C(Cc2c[nH]c3ccccc23)NC(=O)C(c2ccccc2)NC(=O)C2CC(OC(=O)NCCN)CN2C(=O)C(Cc2ccccc2)NC(=O)C(Cc2ccc(OCc3ccccc3)cc2)NC1=O,0,0,0,0
Pegaptanib,ADReCS: Bronchitis,56603655.0,ADReCS_only,pegaptanib,COCCOC(=O)NCCCCC(NC(=O)OCCOC)C(=O)NCCCCCCCOP(C)(=O)O,0,0,0,0
Pegaspargase,ADReCS: Bronchial disorders (excl neoplasms),436058.0,ADReCS_only,pegaspargase,C=C(CN(C)C)C(=O)c1ccc(C)cc1C,0,0,0,0
Pemetrexed disodium,ADReCS: Interstitial lung disease,135413520.0,ADReCS_only,pemetrexed disodium,Nc1nc(=O)c2c(CCc3ccc(C(=O)NC(CCC(=O)[O-])C(=O)[O-])cc3)c[nH]c2[nH]1,1,0,0,0
Pemirolast,ADReCS: Bronchitis,57697.0,ADReCS_only,pemirolast,Cc1cccn2c(=O)c(-c3nn[nH]n3)cnc12,0,0,0,0
Penbutolol,ADReCS: Respiratory tract infections,37464.0,ADReCS_only,penbutolol,CC(C)(C)NCC(O)COc1ccccc1C1CCCC1,0,0,0,0
Penciclovir,"ADReCS: Respiratory, thoracic and mediastinal disorders",135398748.0,ADReCS_only,penciclovir,Nc1nc(=O)c2ncn(CCC(CO)CO)c2[nH]1,0,0,0,0
Penicillin v,"ADReCS: Respiratory signs and symptoms NEC; Respiratory, thoracic and mediastinal disorders",6869.0,ADReCS_only,penicillin v,CC1(C)SC2C(NC(=O)COc3ccccc3)C(=O)N2C1C(=O)O,0,0,0,0
Pentetate calcium trisodium,ADReCS: Bronchial disorders (excl neoplasms),25513.0,ADReCS_only,pentetate trisodium,O=C([O-])CN(CCN(CC(=O)[O-])CC(=O)[O-])CCN(CC(=O)[O-])CC(=O)[O-],0,0,0,0
Pentetic acid,ADReCS: Bronchial disorders (excl neoplasms),3053.0,ADReCS_only,pentetic acid,O=C(O)CN(CCN(CC(=O)O)CC(=O)O)CCN(CC(=O)O)CC(=O)O,0,0,0,0
Pentosan polysulfate,ADReCS: Respiratory tract infections,37720.0,ADReCS_only,pentosan polysulfate,O=S(=O)(O)OC1C(O)COC(OC2COC(O)C(OS(=O)(=O)O)C2OS(=O)(=O)O)C1OS(=O)(=O)O,0,0,0,0
Pentostatin,ADReCS: Asthma,439693.0,ADReCS_only,pentostatin,OCC1OC(n2cnc3c2N=CNCC3O)CC1O,0,0,0,0
Perflutren,ADReCS: Bronchial disorders (excl neoplasms),6432.0,ADReCS_only,perflutren,FC(F)(F)C(F)(F)C(F)(F)F,0,0,0,0
Periciazine,ADReCS: Asthma,4747.0,ADReCS_only,periciazine,N#Cc1ccc2c(c1)N(CCCN1CCC(O)CC1)c1ccccc1S2,0,0,0,0
Perindoprilat,ADReCS: Lower respiratory tract disorders (excl obstruction and infection),72022.0,ADReCS_only,perindoprilat,CCCC(NC(C)C(=O)N1C(C(=O)O)CC2CCCCC21)C(=O)O,0,0,0,0
Perphenazine,ADReCS: Asthma,4748.0,ADReCS_only,perphenazine,OCCN1CCN(CCCN2c3ccccc3Sc3ccc(Cl)cc32)CC1,0,0,0,0
Pexidartinib,ADReCS: Bronchial disorders (excl neoplasms),25151352.0,ADReCS_only,pexidartinib,FC(F)(F)c1ccc(CNc2ccc(Cc3c[nH]c4ncc(Cl)cc34)cn2)cn1,0,0,0,0
Phenelzine,ADReCS: Respiratory depression; Respiratory signs and symptoms NEC,3675.0,ADReCS_only,phenelzine,NNCCc1ccccc1,0,0,0,0
Phenoxybenzamine,"ADReCS: Respiratory, thoracic and mediastinal disorders",4768.0,ADReCS_only,phenoxybenzamine,CC(COc1ccccc1)N(CCCl)Cc1ccccc1,0,0,0,0
Phentolamine,"ADReCS: Respiratory, thoracic and mediastinal disorders; Thoracic disorders (excl lung and pleura)",5775.0,ADReCS_only,phentolamine,Cc1ccc(N(CC2=NCCN2)c2cccc(O)c2)cc1,0,0,0,0
Phenytoin,ADReCS: Acute respiratory failure; Respiratory disorders NEC,1775.0,ADReCS_only,phenytoin,O=C1NC(=O)C(c2ccccc2)(c2ccccc2)N1,0,0,0,0
Phosphonatoformate,ADReCS: Bronchial disorders (excl neoplasms),3414.0,ADReCS_only,phosphonatoformate,O=C([O-])P(=O)([O-])[O-],0,0,0,0
Pimavanserin,ADReCS: Bronchial disorders (excl neoplasms),10071196.0,ADReCS_only,pimavanserin,CC(C)COc1ccc(CNC(=O)N(Cc2ccc(F)cc2)C2CCN(C)CC2)cc1,0,0,0,0
Pimecrolimus,ADReCS: Asthma,6447131.0,ADReCS_only,pimecrolimus,CCC1=CC(C)CC(C)CC(OC)C2OC(O)(C(=O)C(=O)N3CCCCC3C(=O)OC(C(C)=CC3CCC(Cl)C(OC)C3)C(C)C(O)CC1=O)C(C)CC2OC,0,0,0,0
Pimozide,ADReCS: Respiratory signs and symptoms NEC,16362.0,ADReCS_only,pimozide,O=c1[nH]c2ccccc2n1C1CCN(CCCC(c2ccc(F)cc2)c2ccc(F)cc2)CC1,0,0,0,0
Pinaverium bromide,"ADReCS: Respiratory, thoracic and mediastinal disorders",40703.0,ADReCS_only,pinaverium bromide,COc1cc(Br)c(C[N+]2(CCOCCC3CCC4CC3C4(C)C)CCOCC2)cc1OC,0,0,0,0
Pirbuterol,ADReCS: Bronchial disorders (excl neoplasms),4845.0,ADReCS_only,pirbuterol,CC(C)(C)NCC(O)c1ccc(O)c(CO)n1,0,0,0,0
Pixantrone,ADReCS: Bronchitis,134019.0,ADReCS_only,pixantrone,NCCNc1ccc(NCCN)c2c1C(=O)c1ccncc1C2=O,0,0,0,0
Plerixafor,ADReCS: Respiratory signs and symptoms NEC,65015.0,ADReCS_only,plerixafor,c1cc(CN2CCCNCCNCCCNCC2)ccc1CN1CCCNCCNCCCNCC1,0,0,0,0
Polidocanol,ADReCS: Asthma,656641.0,ADReCS_only,polidocanol,CCCCCCCCCCCCOCCOCCOCCOCCOCCOCCOCCOCCOCCO,0,0,0,0
Polymyxin b,ADReCS: Respiratory disorders NEC,49800004.0,ADReCS_only,polymyxin b,CCC(C)CCCCC(=O)NC(CCN)C(=O)NC(C(=O)NC(CCN)C(=O)NC1CCNC(=O)C(C(C)O)NC(=O)C(CCN)NC(=O)C(CCN)NC(=O)C(CC(C)C)NC(=O)C(Cc2ccccc2)NC(=O)C(CCN)NC1=O)C(C)O,0,0,0,0
Sodium polystyrene sulfonate,ADReCS: Bronchitis,75905.0,ADReCS_only,polystyrene sulfonate,C=Cc1ccc(S(=O)(=O)O)cc1,0,0,0,0
Porfimer,ADReCS: Bronchial conditions NEC,135577896.0,ADReCS_only,porfimer,CC1=C(C(C)O)c2cc3nc(cc4[nH]c(cc5[nH]c(cc1n2)c(C)c5CCC(=O)O)c(CCC(=O)O)c4C)C(C(C)OC(C)C1=C(C)c2cc4[nH]c(cc5[nH]c(cc6nc(cc1n2)C(C)=C6C(C)O)c(C)c5CCC(=O)O)c(CCC(=O)O)c4C)=C3C,0,0,0,0
Posaconazole,ADReCS: Acute respiratory distress syndrome,468595.0,ADReCS_only,posaconazole,CCC(C(C)O)n1ncn(-c2ccc(N3CCN(c4ccc(OCC5COC(Cn6cncn6)(c6ccc(F)cc6F)C5)cc4)CC3)cc2)c1=O,0,0,0,0
Pralatrexate,ADReCS: Cardio-respiratory arrest,148121.0,ADReCS_only,pralatrexate,C#CCC(Cc1cnc2nc(N)nc(N)c2n1)c1ccc(C(=O)NC(CCC(=O)O)C(=O)O)cc1,0,0,0,0
Pramlintide,ADReCS: Respiratory tract infections,70691388.0,ADReCS_only,pramlintide,CCC(C)C(NC(=O)C1CCCN1C(=O)CNC(=O)C(Cc1ccccc1)NC(=O)C(CC(N)=O)NC(=O)C(CC(N)=O)NC(=O)C(CO)NC(=O)C(CO)NC(=O)C(Cc1c[nH]cn1)NC(=O)C(NC(=O)C(CC(C)C)NC(=O)C(Cc1ccccc1)NC(=O)C(CC(N)=O)NC(=O)C(C)NC(=O)C(CC(C)C)NC(=O)C(CCCN=C(N)N)NC(=O)C(CCC(N)=O)NC(=O)C(NC(=O)C(C)NC(=O)C1CSSCC(NC(=O)C(N)CCCCN)C(=O)NC(CC(N)=O)C(=O)NC(C(C)O)C(=O)NC(C)C(=O)NC(C(C)O)C(=O)N1)C(C)O)C(C)C)C(=O)NC(CC(C)C)C(=O)N1CCCC1C(=O)N1CCCC1C(=O)NC(C(=O)NC(CC(N)=O)C(=O)NC(C(=O)NCC(=O)NC(CO)C(=O)NC(CC(N)=O)C(=O)NC(C(=O)NC(Cc1ccc(O)cc1)C(N)=O)C(C)O)C(C)C)C(C)O,0,0,0,0
Prasterone,ADReCS: Respiratory disorders NEC,5881.0,ADReCS_only,prasterone,CC12CCC3C(CC=C4CC(O)CCC43C)C1CCC2=O,0,0,0,0
Prednisolone,"ADReCS: Acute respiratory distress syndrome; Lower respiratory tract disorders (excl obstruction and infection); Respiratory, thoracic and mediastinal disorders",5755.0,ADReCS_only,prednisolone,CC12C=CC(=O)C=C1CCC1C2C(O)CC2(C)C1CCC2(O)C(=O)CO,0,0,0,0
Procaine,ADReCS: Respiratory arrest; Respiratory disorder,4914.0,ADReCS_only,procaine,CCN(CC)CCOC(=O)c1ccc(N)cc1,0,0,0,0
Prochlorperazine,ADReCS: Asthma,4917.0,ADReCS_only,prochlorperazine,CN1CCN(CCCN2c3ccccc3Sc3ccc(Cl)cc32)CC1,0,0,0,0
Promethazine,ADReCS: Asthma,4927.0,ADReCS_only,promethazine,CC(CN1c2ccccc2Sc2ccccc21)N(C)C,0,0,0,0
Propagermanium,ADReCS: Acute respiratory distress syndrome,83030.0,ADReCS_only,propagermanium,O=C(O)C[CH2][Ge](=[O])[O][Ge](=[O])[CH2]CC(=O)O,0,0,0,0
Propantheline,ADReCS: Respiratory signs and symptoms NEC,4934.0,ADReCS_only,propantheline,CC(C)[N+](C)(CCOC(=O)C1c2ccccc2Oc2ccccc21)C(C)C,0,0,0,0
Proparacaine,ADReCS: Respiratory signs and symptoms NEC,4935.0,ADReCS_only,proparacaine,CCCOc1ccc(C(=O)OCCN(CC)CC)cc1N,0,0,0,0
Propylthiouracil,ADReCS: Acute respiratory distress syndrome,657298.0,ADReCS_only,propylthiouracil,CCCc1cc(=O)[nH]c(=S)[nH]1,0,0,0,0
Prucalopride,ADReCS: Thoracic disorders (excl lung and pleura),3052762.0,ADReCS_only,prucalopride,COCCCN1CCC(NC(=O)c2cc(Cl)c(N)c3c2OCC3)CC1,0,0,0,0
Quinaprilat,ADReCS: Lower respiratory tract disorders (excl obstruction and infection),107994.0,ADReCS_only,quinaprilat,CC(NC(CCc1ccccc1)C(=O)O)C(=O)N1Cc2ccccc2CC1C(=O)O,0,0,0,0
Rabeprazole,ADReCS: Asthma; Interstitial lung disease,5029.0,ADReCS_only,rabeprazole,COCCCOc1ccnc(C[S+]([O-])c2nc3ccccc3[nH]2)c1C,1,0,0,0
Ramelteon,ADReCS: Interstitial lung disease,208902.0,ADReCS_only,ramelteon,CCC(=O)NCCC1CCc2ccc3c(c21)CCO3,1,0,0,0
Ramiprilat,ADReCS: Lower respiratory tract disorders (excl obstruction and infection),5464096.0,ADReCS_only,ramiprilat,CC(NC(CCc1ccccc1)C(=O)O)C(=O)N1C(C(=O)O)CC2CCCC21,0,0,0,0
Reboxetine,ADReCS: Bronchitis,127151.0,ADReCS_only,reboxetine,CCOc1ccccc1OC(c1ccccc1)C1CNCCO1,0,0,0,0
Regadenoson,ADReCS: Acute pulmonary oedema,219024.0,ADReCS_only,regadenoson,CNC(=O)c1cnn(-c2nc(N)c3ncn(C4OC(CO)C(O)C4O)c3n2)c1,0,1,0,0
Relugolix,ADReCS: Respiratory signs and symptoms NEC,10348973.0,ADReCS_only,relugolix,CONC(=O)Nc1ccc(-c2sc3c(c2CN(C)C)c(=O)n(-c2ccc(OC)nn2)c(=O)n3Cc2c(F)cccc2F)cc1,0,0,0,0
Repaglinide,ADReCS: Bronchitis,65981.0,ADReCS_only,repaglinide,CCOc1cc(CC(=O)NC(CC(C)C)c2ccccc2N2CCCCC2)ccc1C(=O)O,0,0,0,0
Rescinnamine,ADReCS: Bronchitis,5280954.0,ADReCS_only,rescinnamine,COC(=O)C1C2CC3c4[nH]c5cc(OC)ccc5c4CCN3CC2CC(OC(=O)C=Cc2cc(OC)c(OC)c(OC)c2)C1OC,0,0,0,0
Reserpine,ADReCS: Respiratory disorders NEC,5770.0,ADReCS_only,reserpine,COC(=O)C1C2CC3c4[nH]c5cc(OC)ccc5c4CCN3CC2CC(OC(=O)c2cc(OC)c(OC)c(OC)c2)C1OC,0,0,0,0
Retapamulin,ADReCS: Respiratory tract infections,6918462.0,ADReCS_only,retapamulin,C=CC1(C)CC(OC(=O)CSC2CC3CCC(C2)N3C)C2(C)C(C)CCC3(CCC(=O)C32)C(C)C1O,0,0,0,0
Revefenacin,ADReCS: Respiratory signs and symptoms NEC,11753673.0,ADReCS_only,revefenacin,CN(CCN1CCC(OC(=O)Nc2ccccc2-c2ccccc2)CC1)C(=O)c1ccc(CN2CCC(C(N)=O)CC2)cc1,0,0,0,0
Rifabutin,ADReCS: Bronchial disorders (excl neoplasms),135398743.0,ADReCS_only,rifabutin,COC1C=COC2(C)Oc3c(C)c(O)c4c(O)c(c5c(c4c3C2=O)=NC2(CCN(CC(C)C)CC2)N=5)NC(=O)C(C)=CC=CC(C)C(O)C(C)C(O)C(C)C(OC(C)=O)C1C,0,0,0,0
Rifapentine,ADReCS: Asthma,135403821.0,ADReCS_only,rifapentine,COC1C=COC2(C)Oc3c(C)c(O)c4c(O)c(c(C=NN5CCN(C6CCCC6)CC5)c(O)c4c3C2=O)NC(=O)C(C)=CC=CC(C)C(O)C(C)C(O)C(C)C(OC(C)=O)C1C,0,0,0,0
Rifaximin,ADReCS: Thoracic disorders (excl lung and pleura),6436173.0,ADReCS_only,rifaximin,COC1C=COC2(C)Oc3c(C)c(O)c4c(O)c(c5c(nc6cc(C)ccn65)c4c3C2=O)NC(=O)C(C)=CC=CC(C)C(O)C(C)C(O)C(C)C(OC(C)=O)C1C,0,0,0,0
Rilpivirine,ADReCS: Cardio-respiratory arrest,6451164.0,ADReCS_only,rilpivirine,Cc1cc(C=CC#N)cc(C)c1Nc1ccnc(Nc2ccc(C#N)cc2)n1,0,0,0,0
Rimantadine,ADReCS: Bronchial disorders (excl neoplasms),5071.0,ADReCS_only,rimantadine,CC(N)C12CC3CC(CC(C3)C1)C2,0,0,0,0
Rimexolone,ADReCS: Respiratory tract infections,5311412.0,ADReCS_only,rimexolone,CCC(=O)C1(C)C(C)CC2C3CC=C4CC(=O)C=CC4(C)C3C(O)CC21C,0,0,0,0
Riociguat,ADReCS: Acute respiratory failure,11304743.0,ADReCS_only,riociguat,COC(=O)N(C)c1c(N)nc(-c2nn(Cc3ccccc3F)c3ncccc23)nc1N,0,0,0,0
Ripretinib,ADReCS: Bronchial disorders (excl neoplasms),71584930.0,ADReCS_only,ripretinib,CCn1c(=O)c(-c2cc(NC(=O)Nc3ccccc3)c(F)cc2Br)cc2cnc(NC)cc21,0,0,0,0
Risdiplam,ADReCS: Lower respiratory tract disorders (excl obstruction and infection),118513932.0,ADReCS_only,risdiplam,Cc1cn2nc(-c3cc(=O)n4cc(N5CCNC6(CC6)C5)ccc4n3)cc(C)c2n1,0,0,0,0
Risedronic acid,ADReCS: Asthma,5245.0,ADReCS_only,risedronic acid,O=P(O)(O)C(O)(Cc1cccnc1)P(=O)(O)O,0,0,0,0
Rizatriptan,ADReCS: Bronchial disorders (excl neoplasms),5078.0,ADReCS_only,rizatriptan,CN(C)CCc1c[nH]c2ccc(Cn3cncn3)cc12,0,0,0,0
Roflumilast,ADReCS: Asthma,449193.0,ADReCS_only,roflumilast,O=C(Nc1c(Cl)cncc1Cl)c1ccc(OC(F)F)c(OCC2CC2)c1,0,0,0,0
Rolapitant,ADReCS: Lower respiratory tract signs and symptoms,10311306.0,ADReCS_only,rolapitant,CC(OCC1(c2ccccc2)CCC2(CCC(=O)N2)CN1)c1cc(C(F)(F)F)cc(C(F)(F)F)c1,0,0,0,0
Rolitetracycline,ADReCS: Respiratory disorders NEC,54682938.0,ADReCS_only,rolitetracycline,CN(C)C1C(=O)C(C(=O)NCN2CCCC2)C(=O)C2(O)C(=O)C3C(=O)c4c(O)cccc4C(C)(O)C3CC12,0,0,0,0
Rotigotine,ADReCS: Cardio-respiratory arrest; Thoracic disorders (excl lung and pleura),59227.0,ADReCS_only,rotigotine,CCCN(CCc1cccs1)C1CCc2c(O)cccc2C1,0,0,0,0
Rucaparib,ADReCS: Thoracic disorders (excl lung and pleura),9931954.0,ADReCS_only,rucaparib,CNCc1ccc(-c2[nH]c3cc(F)cc4c3c2CCNC4=O)cc1,0,0,0,0
Rufinamide,ADReCS: Bronchitis,129228.0,ADReCS_only,rufinamide,NC(=O)c1cn(Cc2c(F)cccc2F)nn1,0,0,0,0
Rupatadine,ADReCS: Bronchial disorders (excl neoplasms),133017.0,ADReCS_only,rupatadine,Cc1cncc(CN2CCC(=C3c4ccc(Cl)cc4CCc4cccnc43)CC2)c1,0,0,0,0
Salicylic acid,ADReCS: Asthma,338.0,ADReCS_only,salicylic acid,O=C(O)c1ccccc1O,0,0,0,0
Salmeterol,ADReCS: Asthma,5152.0,ADReCS_only,salmeterol,OCc1cc(C(O)CNCCCCCCOCCCCc2ccccc2)ccc1O,0,0,0,0
Salsalate,ADReCS: Bronchial disorders (excl neoplasms),5161.0,ADReCS_only,salsalate,O=C(Oc1ccccc1C(=O)O)c1ccccc1O,0,0,0,0
Secobarbital,ADReCS: Respiratory acidoses; Respiratory disorders NEC,5193.0,ADReCS_only,secobarbital,C=CCC1(C(C)CCC)C(=O)NC(=O)NC1=O,0,0,0,0
Secretin,ADReCS: Respiratory distress,16129665.0,ADReCS_only,secretin,CC(C)CC(NC(=O)CNC(=O)C(CCC(N)=O)NC(=O)C(CC(C)C)NC(=O)C(CC(C)C)NC(=O)C(CCCN=C(N)N)NC(=O)C(CCC(N)=O)NC(=O)C(CC(C)C)NC(=O)C(CCCNC(=N)N)NC(=O)C(C)NC(=O)C(CO)NC(=O)C(CC(=O)O)NC(=O)C(CCCNC(=N)N)NC(=O)C(CC(C)C)NC(=O)C(CCCNC(=N)N)NC(=O)C(CO)NC(=O)C(CC(C)C)NC(=O)C(CCC(=O)O)NC(=O)C(CO)NC(=O)C(NC(=O)C(Cc1ccccc1)NC(=O)C(NC(=O)CNC(=O)C(CC(=O)O)NC(=O)C(CO)NC(=O)C(N)Cc1ncc[nH]1)C(C)O)C(C)O)C(=O)NC(C(=O)O)C(C)C,0,0,0,0
Selegiline,ADReCS: Asthma,26757.0,ADReCS_only,selegiline,C#CCN(C)C(C)Cc1ccccc1,0,0,0,0
Selexipag,ADReCS: Acute pulmonary oedema,9913767.0,ADReCS_only,selexipag,CC(C)N(CCCCOCC(=O)NS(C)(=O)=O)c1cnc(-c2ccccc2)c(-c2ccccc2)n1,0,1,0,0
Selinexor,ADReCS: Pleural disorders,71481097.0,ADReCS_only,selinexor,O=C(C=Cn1cnc(-c2cc(C(F)(F)F)cc(C(F)(F)F)c2)n1)NNc1cnccn1,0,0,1,0
Semaxanib,ADReCS: Thoracic disorders (excl lung and pleura),5329098.0,ADReCS_only,semaxanib,C=c1cc(C)[nH]c1=Cc1c(O)[nH]c2ccccc12,0,0,0,0
Silodosin,ADReCS: Thoracic disorders (excl lung and pleura),5312125.0,ADReCS_only,silodosin,CC(Cc1cc2c(c(C(N)=O)c1)N(CCCO)CC2)NCCOc1ccccc1OCC(F)(F)F,0,0,0,0
Sincalide,ADReCS: Respiratory disorders NEC,9833444.0,ADReCS_only,sincalide,CSCCC(NC(=O)C(Cc1ccc(OS(=O)(=O)O)cc1)NC(=O)C(N)CC(=O)O)C(=O)NCC(=O)NC(Cc1c[nH]c2ccccc12)C(=O)NC(CCSC)C(=O)NC(CC(=O)O)C(=O)NC(Cc1ccccc1)C(N)=O,0,0,0,0
Siponimod,ADReCS: Acute respiratory distress syndrome,44599207.0,ADReCS_only,siponimod,CCc1cc(C(C)=NOCc2ccc(C3CCCCC3)c(C(F)(F)F)c2)ccc1CN1CC(C(=O)O)C1,0,0,0,0
Sitaxentan,ADReCS: Asthma,216235.0,ADReCS_only,sitaxentan,Cc1cc2c(cc1CC(=O)c1sccc1S(=O)(=O)Nc1onc(C)c1Cl)OCO2,0,0,0,0
Solifenacin,ADReCS: Acute pulmonary oedema,154059.0,ADReCS_only,solifenacin,O=C(OC1CN2CCC1CC2)N1CCc2ccccc2C1c1ccccc1,0,1,0,0
Solriamfetol,ADReCS: Respiratory signs and symptoms NEC,10130337.0,ADReCS_only,solriamfetol,NC(=O)OCC(N)Cc1ccccc1,0,0,0,0
Sonidegib,ADReCS: Respiratory disorders NEC,24775005.0,ADReCS_only,sonidegib,Cc1c(C(=O)Nc2ccc(N3CC(C)OC(C)C3)nc2)cccc1-c1ccc(OC(F)(F)F)cc1,0,0,0,0
Sparfloxacin,ADReCS: Asthma,60464.0,ADReCS_only,sparfloxacin,CC1CN(c2c(F)c(N)c3c(=O)c(C(=O)O)cn(C4CC4)c3c2F)CC(C)N1,0,0,0,0
Stavudine,ADReCS: Bronchitis,18283.0,ADReCS_only,stavudine,Cc1cn(C2C=CC(CO)O2)c(=O)[nH]c1=O,0,0,0,0
Styrenesulfonic acid,ADReCS: Bronchitis,168625.0,ADReCS_only,styrenesulfonic acid,C=Cc1ccccc1S(=O)(=O)O,0,0,0,0
Succimer,ADReCS: Thoracic disorders (excl lung and pleura),2724354.0,ADReCS_only,succimer,O=C(O)C(S)C(S)C(=O)O,0,0,0,0
Succinylcholine chloride,ADReCS: Respiratory depression,22475.0,ADReCS_only,succinylcholine chloride,C[N+](C)(C)CCOC(=O)CCC(=O)OCC[N+](C)(C)C,0,0,0,0
Sulfamethoxazole,ADReCS: Lower respiratory tract disorders (excl obstruction and infection),5329.0,ADReCS_only,sulfamethoxazole,Cc1cc(NS(=O)(=O)c2ccc(N)cc2)no1,0,0,0,0
Sulfisoxazole,"ADReCS: Respiratory, thoracic and mediastinal disorders",5344.0,ADReCS_only,sulfisoxazole,Cc1noc(NS(=O)(=O)c2ccc(N)cc2)c1C,0,0,0,0
Suvorexant,ADReCS: Thoracic disorders (excl lung and pleura),24965990.0,ADReCS_only,suvorexant,Cc1ccc(-n2nccn2)c(C(=O)N2CCN(c3nc4cc(Cl)ccc4o3)CCC2C)c1,0,0,0,0
Tafamidis,ADReCS: Cardio-respiratory arrest,11001318.0,ADReCS_only,tafamidis,O=C(O)c1ccc2nc(-c3cc(Cl)cc(Cl)c3)oc2c1,0,0,0,0
Tafluprost,ADReCS: Asthma,9868491.0,ADReCS_only,tafluprost,CC(C)OC(=O)CCCC=CCC1C(O)CC(O)C1C=CC(F)(F)COc1ccccc1,0,0,0,0
Talazoparib,ADReCS: Respiratory signs and symptoms NEC,135565082.0,ADReCS_only,talazoparib,Cn1ncnc1C1c2n[nH]c(=O)c3cc(F)cc(c23)NC1c1ccc(F)cc1,0,0,0,0
Tasimelteon,ADReCS: Asthma,10220503.0,ADReCS_only,tasimelteon,CCC(=O)NCC1CC1c1cccc2c1CCO2,0,0,0,0
Technetium tc-99m sestamibi,ADReCS: Respiratory signs and symptoms NEC,5384.0,ADReCS_only,technetium tc-99m sestamibi,[CH-]=NCC(C)(C)OC.[CH-]=NCC(C)(C)OC.[CH-]=NCC(C)(C)OC.[CH-]=NCC(C)(C)OC.[CH-]=NCC(C)(C)OC.[CH-]=NCC(C)(C)OC.[Tc+6],0,0,0,0
Tedizolid phosphate,ADReCS: Respiratory disorders NEC,11476460.0,ADReCS_only,tedizolid,Cn1nnc(-c2ccc(-c3ccc(N4CC(COP(=O)(O)O)OC4=O)cc3F)cn2)n1,0,0,0,0
Teduglutide,ADReCS: Respiratory tract infections,16139605.0,ADReCS_only,teduglutide,CCC(C)C(NC(=O)C(Cc1ccccc1)NC(=O)C(CC(=O)O)NC(=O)C(CCCN=C(N)N)NC(=O)C(C)NC(=O)C(C)NC(=O)C(CC(C)C)NC(=O)C(CC(N)=O)NC(=O)C(CC(=O)O)NC(=O)C(CC(C)C)NC(=O)C(NC(=O)C(NC(=O)C(CC(N)=O)NC(=O)C(CCSC)NC(=O)C(CCC(=O)O)NC(=O)C(CC(=O)O)NC(=O)C(CO)NC(=O)C(Cc1ccccc1)NC(=O)C(CO)NC(=O)CNC(=O)C(CC(=O)O)NC(=O)CNC(=O)C(N)Cc1cnc[nH]1)C(C)O)C(C)CC)C(=O)NC(CC(N)=O)C(=O)NC(Cc1c[nH]c2ccccc12)C(=O)NC(CC(C)C)C(=O)NC(C(=O)NC(CCC(N)=O)C(=O)NC(C(=O)NC(CCCCN)C(=O)NC(C(=O)NC(C(=O)NC(CC(=O)O)C(=O)O)C(C)O)C(C)CC)C(C)O)C(C)CC,0,0,0,0
Teduglutide recombinant,ADReCS: Thoracic disorders (excl lung and pleura),70683012.0,ADReCS_only,teduglutide recombinant,CCC(C)C(NC(=O)C(Cc1ccccc1)NC(=O)C(CC(=O)O)NC(=O)C(CCCN=C(N)N)NC(=O)C(C)NC(=O)C(C)NC(=O)C(CC(C)C)NC(=O)C(CC(N)=O)NC(=O)C(CC(=O)O)NC(=O)C(CC(C)C)NC(=O)C(NC(=O)C(NC(=O)C(CC(N)=O)NC(=O)C(CCSC)NC(=O)C(CCC(=O)O)NC(=O)C(CC(=O)O)NC(=O)C(CO)NC(=O)C(Cc1ccccc1)NC(=O)C(CO)NC(=O)CNC(=O)C(CC(=O)O)NC(=O)CNC(=O)C(N)Cc1c[nH]cn1)C(C)O)C(C)CC)C(=O)NC(CC(N)=O)C(=O)NC(Cc1c[nH]c2ccccc12)C(=O)NC(CC(C)C)C(=O)NC(C(=O)NC(CCC(N)=O)C(=O)NC(C(=O)NC(CCCCN)C(=O)NC(C(=O)NC(C(=O)NC(CC(=O)O)C(=O)O)C(C)O)C(C)CC)C(C)O)C(C)CC,0,0,0,0
Telavancin,ADReCS: Thoracic disorders (excl lung and pleura),3081362.0,ADReCS_only,telavancin,CCCCCCCCCCNCCNC1(C)CC(OC2C(Oc3c4cc5cc3Oc3ccc(cc3Cl)C(O)C3NC(=O)C(NC(=O)C5NC(=O)C(CC(N)=O)NC(=O)C(NC(=O)C(CC(C)C)NC)C(O)c5ccc(c(Cl)c5)O4)c4ccc(O)c(c4)-c4c(cc(O)c(CNCP(=O)(O)O)c4O)C(C(=O)O)NC3=O)OC(CO)C(O)C2O)OC(C)C1O,0,0,0,0
Telbivudine,ADReCS: Bacterial lower respiratory tract infections,159269.0,ADReCS_only,telbivudine,Cc1cn(C2CC(O)C(CO)O2)c(=O)[nH]c1=O,0,0,0,0
Telotristat ethyl,ADReCS: Respiratory signs and symptoms NEC,25181577.0,ADReCS_only,telotristat ethyl,CCOC(=O)C(N)Cc1ccc(-c2cc(OC(c3ccc(Cl)cc3-n3ccc(C)n3)C(F)(F)F)nc(N)n2)cc1,0,0,0,0
Temazepam,ADReCS: Bronchial disorders (excl neoplasms),5391.0,ADReCS_only,temazepam,CN1C(=O)C(O)N=C(c2ccccc2)c2cc(Cl)ccc21,0,0,0,0
Temoporfin,ADReCS: Bronchial disorders (excl neoplasms),60751.0,ADReCS_only,temoporfin,Oc1cccc(-c2c3nc(c(-c4cccc(O)c4)c4ccc([nH]4)c(-c4cccc(O)c4)c4ccc([nH]4)c(-c4cccc(O)c4)c4nc2CC4)C=C3)c1,0,0,0,0
Tenofovir disoproxil,ADReCS: Respiratory tract infections; Thoracic disorders (excl lung and pleura),5481350.0,ADReCS_only,tenofovir disoproxil,CC(C)OC(=O)OCOP(=O)(COC(C)Cn1cnc2c(N)ncnc21)OCOC(=O)OC(C)C,0,0,0,0
Tenoxicam,ADReCS: Asthma,54677971.0,ADReCS_only,tenoxicam,CN1C(C(=O)Nc2ccccn2)C(=O)c2sccc2S1(=O)=O,0,0,0,0
Terazosin,ADReCS: Asthma; Bronchitis,5401.0,ADReCS_only,terazosin,COc1cc2nc(N3CCN(C(=O)C4CCCO4)CC3)nc(N)c2cc1OC,0,0,0,0
Terbinafine,"ADReCS: Asthma; Respiratory, thoracic and mediastinal disorders",1549008.0,ADReCS_only,terbinafine,CN(CC=CC#CC(C)(C)C)Cc1cccc2ccccc12,0,0,0,0
Terconazole,ADReCS: Bronchial disorders (excl neoplasms),441383.0,ADReCS_only,terconazole,CC(C)N1CCN(c2ccc(OCC3COC(Cn4cncn4)(c4ccc(Cl)cc4Cl)O3)cc2)CC1,0,0,0,0
Terfenadine,ADReCS: Respiratory signs and symptoms NEC,5405.0,ADReCS_only,terfenadine,CC(C)(C)c1ccc(C(O)CCCN2CCC(C(O)(c3ccccc3)c3ccccc3)CC2)cc1,0,0,0,0
Teriparatide,ADReCS: Thoracic disorders (excl lung and pleura),16133850.0,ADReCS_only,teriparatide,CCC(C)C(NC(=O)C(CCC(=O)O)NC(=O)C(CO)NC(=O)C(NC(=O)C(N)CO)C(C)C)C(=O)NC(CCC(N)=O)C(=O)NC(CC(C)C)C(=O)NC(CCSC)C(=O)NC(Cc1c[nH]cn1)C(=O)NC(CC(N)=O)C(=O)NC(CC(C)C)C(=O)NCC(=O)NC(CCCCN)C(=O)NC(Cc1c[nH]cn1)C(=O)NC(CC(C)C)C(=O)NC(CC(N)=O)C(=O)NC(CO)C(=O)NC(CCSC)C(=O)NC(CCC(=O)O)C(=O)NC(CCCN=C(N)N)C(=O)NC(C(=O)NC(CCC(=O)O)C(=O)NC(Cc1c[nH]c2ccccc12)C(=O)NC(CC(C)C)C(=O)NC(CCCNC(=N)N)C(=O)NC(CCCCN)C(=O)NC(CCCCN)C(=O)NC(CC(C)C)C(=O)NC(CCC(N)=O)C(=O)NC(CC(=O)O)C(=O)NC(C(=O)NC(Cc1c[nH]cn1)C(=O)NC(CC(N)=O)C(=O)NC(Cc1ccccc1)C(=O)O)C(C)C)C(C)C,0,0,0,0
Tesamorelin,ADReCS: Respiratory signs and symptoms NEC,16137828.0,ADReCS_only,tesamorelin,CCC=CCC(=O)NC(Cc1ccc(O)cc1)C(=O)NC(C)C(=O)NC(CC(=O)O)C(=O)NC(C)C(=O)NC(C(=O)NC(Cc1ccccc1)C(=O)NC(C(=O)NC(CC(N)=O)C(=O)NC(CO)C(=O)NC(Cc1ccc(O)cc1)C(=O)NC(CCCN=C(N)N)C(=O)NC(CCCCN)C(=O)NC(C(=O)NC(CC(C)C)C(=O)NCC(=O)NC(CCC(N)=O)C(=O)NC(CC(C)C)C(=O)NC(CO)C(=O)NC(C)C(=O)NC(CCCNC(=N)N)C(=O)NC(CCCCN)C(=O)NC(CC(C)C)C(=O)NC(CC(C)C)C(=O)NC(CCC(N)=O)C(=O)NC(CC(=O)O)C(=O)NC(C(=O)NC(CCSC)C(=O)NC(CO)C(=O)NC(CCCNC(=N)N)C(=O)NC(CCC(N)=O)C(=O)NC(CCC(N)=O)C(=O)NCC(=O)NC(CCC(=O)O)C(=O)NC(CO)C(=O)NC(CC(N)=O)C(=O)NC(CCC(N)=O)C(=O)NC(CCC(=O)O)C(=O)NC(CCCNC(=N)N)C(=O)NCC(=O)NC(C)C(=O)NC(CCCNC(=N)N)C(=O)NC(C)C(=O)NC(CCCNC(=N)N)C(=O)NC(CC(C)C)C(N)=O)C(C)CC)C(C)C)C(C)O)C(C)CC,0,0,0,0
Testosterone enanthate,ADReCS: Thoracic disorders (excl lung and pleura),9416.0,ADReCS_only,testosterone enanthate,CCCCCCC(=O)OC1CCC2C3CC=C4CC(=O)CCC4(C)C3CCC12C,0,0,0,0
Tetracycline anion,"ADReCS: Respiratory, thoracic and mediastinal disorders",27885548.0,ADReCS_only,tetracycline anion,C[NH+](C)C1C(=O)C(C(N)=O)=C([O-])C2(O)C(=O)C3=C([O-])c4c(O)cccc4C(C)(O)C3CC12,0,0,0,0
Sodium tetradecyl sulfate,ADReCS: Asthma,23665770.0,ADReCS_only,tetradecyl,CCCCCCCCCCCCCCOS(=O)(=O)[O-],0,0,0,0
Tetradecyl hydrogen sulfate (ester),ADReCS: Asthma,8771.0,ADReCS_only,tetradecyl hydrogen (ester),CCCCC(CC)CCC(CC(C)C)OS(=O)(=O)O,0,0,0,0
Tetraethylenepentamine,ADReCS: Thoracic disorders (excl lung and pleura),8197.0,ADReCS_only,tetraethylenepentamine,NCCNCCNCCNCCN,0,0,0,0
Tetrasodium;iron(3+);nitroxyl anion;pentacyanide,ADReCS: Respiratory signs and symptoms NEC,49868142.0,ADReCS_only,tetrasodium;iron(3+);nitroxyl anion;pentacyanide,[C-]#N.[C-]#N.[C-]#N.[C-]#N.[C-]#N.[Fe+3].[N-]=O,0,0,0,0
Tetrofosmin,ADReCS: Bronchial disorders (excl neoplasms),4274.0,ADReCS_only,tetrofosmin,CCOCCP(CCOCC)CCP(CCOCC)CCOCC,0,0,0,0
Tetryzoline,ADReCS: Respiratory tract infections,5419.0,ADReCS_only,tetryzoline,c1ccc2c(c1)CCCC2C1=NCCN1,0,0,0,0
Thiabendazole,"ADReCS: Respiratory, thoracic and mediastinal disorders",5430.0,ADReCS_only,thiabendazole,c1ccc2[nH]c(-c3cscn3)nc2c1,0,0,0,0
Thiamine,ADReCS: Lower respiratory tract disorders (excl obstruction and infection),1130.0,ADReCS_only,thiamine,Cc1ncc(C[n+]2csc(CCO)c2C)c(N)n1,0,0,0,0
Thioproperazine,"ADReCS: Respiratory, thoracic and mediastinal disorders",9429.0,ADReCS_only,thioproperazine,CN1CCN(CCCN2c3ccccc3Sc3ccc(S(=O)(=O)N(C)C)cc32)CC1,0,0,0,0
Thioridazine,ADReCS: Asthma,5452.0,ADReCS_only,thioridazine,CSc1ccc2c(c1)N(CCC1CCCCN1C)c1ccccc1S2,0,0,0,0
Thiotepa,ADReCS: Asthma,5453.0,ADReCS_only,thiotepa,S=P(N1CC1)(N1CC1)N1CC1,0,0,0,0
Thiothixene,ADReCS: Respiratory disorders NEC,5454.0,ADReCS_only,thiothixene,CN1CCN(CCC=C2c3ccccc3Sc3ccc(S(=O)(=O)N(C)C)cc32)CC1,0,0,0,0
Tiagabine,ADReCS: Asthma,60648.0,ADReCS_only,tiagabine,Cc1ccsc1C(=CCCN1CCCC(C(=O)O)C1)c1sccc1C,0,0,0,0
Tiaprofenic acid,ADReCS: Asthma,5468.0,ADReCS_only,tiaprofenic acid,CC(C(=O)O)c1ccc(C(=O)c2ccccc2)s1,0,0,0,0
Tibolone,ADReCS: Pulmonary embolism,444008.0,ADReCS_only,tibolone,C#CC1(O)CCC2C3C(C)C=C4CC(=O)CCC4C3CCC21C,0,0,0,1
Tigecycline,ADReCS: Bronchial conditions NEC,54686904.0,ADReCS_only,tigecycline,CN(C)c1cc(NC(=O)CNC(C)(C)C)c(O)c2c1CC1CC3C(N(C)C)C(=O)C(C(N)=O)C(=O)C3(O)C(=O)C1C2=O,0,0,0,0
Tiludronate disodium,ADReCS: Bronchitis,60936.0,ADReCS_only,tiludronate disodium,O=P([O-])(O)C(Sc1ccc(Cl)cc1)P(=O)([O-])O,0,0,0,0
Tinidazole,ADReCS: Bronchial disorders (excl neoplasms),5479.0,ADReCS_only,tinidazole,CCS(=O)(=O)CCn1c([N+](=O)[O-])cnc1C,0,0,0,0
Tinzaparin sodium,ADReCS: Respiratory tract infections,8784.0,ADReCS_only,tinzaparin,O=C(O)C=Cc1ccccc1,0,0,0,0
Tipranavir,ADReCS: Respiratory disorders NEC,54682461.0,ADReCS_only,tipranavir,CCCC1(CCc2ccccc2)CC(=O)C(C(CC)c2cccc(NS(=O)(=O)c3ccc(C(F)(F)F)cn3)c2)C(=O)O1,0,0,0,0
Tipranavir disodium,ADReCS: Bacterial lower respiratory tract infections,163296.0,ADReCS_only,tipranavir disodium,CCCC1(CCc2ccccc2)CC([O-])=C(C(CC)c2cccc([N-]S(=O)(=O)c3ccc(C(F)(F)F)cn3)c2)C(=O)O1,0,0,0,0
Tivozanib,"ADReCS: Respiratory, thoracic and mediastinal disorders",9911830.0,ADReCS_only,tivozanib,COc1cc2nccc(Oc3ccc(NC(=O)Nc4cc(C)on4)c(Cl)c3)c2cc1OC,0,0,0,0
Tobramycin,ADReCS: Acute respiratory failure,36294.0,ADReCS_only,tobramycin,NCC1OC(OC2C(N)CC(N)C(OC3OC(CO)C(O)C(N)C3O)C2O)C(N)CC1O,0,0,0,0
Tolbutamide,ADReCS: Respiratory signs and symptoms NEC,5505.0,ADReCS_only,tolbutamide,CCCCNC(=O)NS(=O)(=O)c1ccc(C)cc1,0,0,0,0
Tolcapone,ADReCS: Asthma,4659569.0,ADReCS_only,tolcapone,Cc1ccc(C(=O)c2cc(O)c(O)c([N+](=O)[O-])c2)cc1,0,0,0,0
Tolterodine,ADReCS: Bronchitis,443879.0,ADReCS_only,tolterodine,Cc1ccc(O)c(C(CCN(C(C)C)C(C)C)c2ccccc2)c1,0,0,0,0
Torsemide,ADReCS: Respiratory tract infections,41781.0,ADReCS_only,torsemide,Cc1cccc(Nc2ccncc2S(=O)(=O)NC(=O)NC(C)C)c1,0,0,0,0
Tramazoline,ADReCS: Thoracic disorders (excl lung and pleura),5524.0,ADReCS_only,tramazoline,c1cc2c(c(NC3=NCCN3)c1)CCCC2,0,0,0,0
Trandolaprilat,ADReCS: Bronchitis,5464097.0,ADReCS_only,trandolaprilat,CC(NC(CCc1ccccc1)C(=O)O)C(=O)N1C(C(=O)O)CC2CCCCC21,0,0,0,0
Tranylcypromine,ADReCS: Respiratory disorders NEC,5530.0,ADReCS_only,tranylcypromine,NC1CC1c1ccccc1,0,0,0,0
Travoprost,ADReCS: Asthma,5282226.0,ADReCS_only,travoprost,CC(C)OC(=O)CCCC=CCC1C(O)CC(O)C1C=CC(O)COc1cccc(C(F)(F)F)c1,0,0,0,0
Triamcinolone,ADReCS: Asthma,31307.0,ADReCS_only,triamcinolone,CC12C=CC(=O)C=C1CCC1C3CC(O)C(O)(C(=O)CO)C3(C)CC(O)C12F,0,0,0,0
Triamcinolone acetonide,ADReCS: Asthma,6436.0,ADReCS_only,triamcinolone acetonide,CC1(C)OC2CC3C4CC=C5CC(=O)C=CC5(C)C4(F)C(O)CC3(C)C2(C(=O)CO)O1,0,0,0,0
Triamcinolone diacetate,ADReCS: Lower respiratory tract disorders (excl obstruction and infection),6216.0,ADReCS_only,triamcinolone diacetate,CC(=O)OCC(=O)C1(O)C(OC(C)=O)CC2C3CC=C4CC(=O)C=CC4(C)C3(F)C(O)CC21C,0,0,0,0
Triamcinolone hexacetonide,ADReCS: Lower respiratory tract disorders (excl obstruction and infection),21826.0,ADReCS_only,triamcinolone hexacetonide,CC(C)(C)CC(=O)OCC(=O)C12OC(C)(C)OC1CC1C3CC=C4CC(=O)C=CC4(C)C3(F)C(O)CC12C,0,0,0,0
Trimethadione,ADReCS: Lower respiratory tract signs and symptoms,5576.0,ADReCS_only,trimethadione,CN1C(=O)OC(C)(C)C1=O,0,0,0,0
Trimethoprim,ADReCS: Bronchial disorders (excl neoplasms),5578.0,ADReCS_only,trimethoprim,COc1cc(Cc2cnc(N)nc2N)cc(OC)c1OC,0,0,0,0
Tromethamine,ADReCS: Respiratory and pulmonary function diagnostic procedures,6503.0,ADReCS_only,tromethamine,NC(CO)(CO)CO,0,0,0,0
Tropicamide,ADReCS: Bronchial disorders (excl neoplasms),5593.0,ADReCS_only,tropicamide,CCN(Cc1ccncc1)C(=O)C(CO)c1ccccc1,0,0,0,0
Tropisetron,ADReCS: Bronchial disorders (excl neoplasms),656665.0,ADReCS_only,tropisetron,CN1C2CCC1CC(OC(=O)c1c[nH]c3ccccc13)C2,0,0,0,0
Trovafloxacin,ADReCS: Asthma,62959.0,ADReCS_only,trovafloxacin,NC1C2CN(c3nc4c(cc3F)c(=O)c(C(=O)O)cn4-c3ccc(F)cc3F)CC12,0,0,0,0
Tryptophan,ADReCS: Respiratory signs and symptoms NEC,6305.0,ADReCS_only,tryptophan,NC(Cc1c[nH]c2ccccc12)C(=O)O,0,0,0,0
Tucatinib,ADReCS: Thoracic disorders (excl lung and pleura),51039094.0,ADReCS_only,tucatinib,Cc1cc(Nc2ncnc3ccc(N=C4NC(C)(C)CO4)cc23)ccc1Oc1ccn2ncnc2c1,0,0,0,0
Ubrogepant,ADReCS: Respiratory signs and symptoms NEC,68748835.0,ADReCS_only,ubrogepant,CC1C(c2ccccc2)CC(NC(=O)c2cnc3c(c2)CC2(C3)C(=O)Nc3ncccc32)C(=O)N1CC(F)(F)F,0,0,0,0
Ulipristal,ADReCS: Respiratory signs and symptoms NEC,13559279.0,ADReCS_only,ulipristal,CC(=O)C1(O)CCC2C3=C(C4=C(CC3)CC(=O)CC4)C(c3ccc(N(C)C)cc3)CC21C,0,0,0,0
Unoprostone,ADReCS: Bronchitis,5311236.0,ADReCS_only,unoprostone,CCCCCCCC(=O)CCC1C(O)CC(O)C1CC=CCCCC(=O)O,0,0,0,0
Unoprostone isopropyl,ADReCS: Bronchitis,5282175.0,ADReCS_only,unoprostone isopropyl,CCCCCCCC(=O)CCC1C(O)CC(O)C1CC=CCCCC(=O)OC(C)C,0,0,0,0
Upadacitinib,ADReCS: Acute pulmonary oedema,58557659.0,ADReCS_only,upadacitinib,CCC1CN(C(=O)NCC(F)(F)F)CC1c1cnc2cnc3[nH]ccc3n12,0,1,0,0
Urofollitropin,ADReCS: Acute respiratory distress syndrome,62819.0,ADReCS_only,urofollitropin,CCC(C)C1NC(=O)C(Cc2ccc(O)cc2)NC(=O)C(N)CSSCC(C(=O)N2CCCC2C(=O)NC(CC(C)C)C(=O)NCC(N)=O)NC(=O)C(CC(N)=O)NC(=O)C(C(C)O)NC1=O,0,0,0,0
Ursodiol,ADReCS: Asthma,31401.0,ADReCS_only,ursodiol,CC(CCC(=O)O)C1CCC2C3C(O)CC4CC(O)CCC4(C)C3CCC12C,0,0,0,0
Valbenazine,ADReCS: Respiratory disorders NEC,24795069.0,ADReCS_only,valbenazine,COc1cc2c(cc1OC)C1CC(OC(=O)C(N)C(C)C)C(CC(C)C)CN1CC2,0,0,0,0
Valdecoxib,ADReCS: Bronchial disorders (excl neoplasms),119607.0,ADReCS_only,valdecoxib,Cc1onc(-c2ccccc2)c1-c1ccc(S(N)(=O)=O)cc1,0,0,0,0
Valganciclovir,ADReCS: Bronchitis; Respiratory tract infections,135413535.0,ADReCS_only,valganciclovir,CC(C)C(N)C(=O)OCC(CO)OCn1cnc2c(=O)[nH]c(N)nc21,0,0,0,0
Valproate sodium,ADReCS: Bronchitis,16760703.0,ADReCS_only,valproate,CCCC(CCC)C(=O)[O-],0,0,0,0
Valproic acid,ADReCS: Acute respiratory distress syndrome,3121.0,ADReCS_only,valproic acid,CCCC(CCC)C(=O)O,0,0,0,0
Valrubicin,ADReCS: Respiratory tract infections,454216.0,ADReCS_only,valrubicin,CCCCC(=O)OCC(=O)C1(O)C=C2C(=O)c3c(c(O)c4c(OC)cccc4c3O)C(=O)C2C(OC2CC(NC(=O)C(F)(F)F)C(O)C(C)O2)C1,0,0,0,0
Vardenafil,ADReCS: Respiratory tract infections; Thoracic disorders (excl lung and pleura),135400189.0,ADReCS_only,vardenafil,CCCc1nc(C)c2c(=O)[nH]c(-c3cc(S(=O)(=O)N4CCN(CC)CC4)ccc3OCC)nn12,0,0,0,0
Varenicline,ADReCS: Asthma,170361.0,ADReCS_only,varenicline,c1cnc2cc3c(cc2n1)C1CNCC3C1,0,0,0,0
Vericiguat,ADReCS: Respiratory disorders NEC,54674461.0,ADReCS_only,vericiguat,COC(=O)Nc1c(N)nc(-c2nn(Cc3ccccc3F)c3ncc(F)cc23)nc1N,0,0,0,0
Vibegron,ADReCS: Respiratory signs and symptoms NEC,44472635.0,ADReCS_only,vibegron,O=C(Nc1ccc(CC2CCC(C(O)c3ccccc3)N2)cc1)C1CCc2nccc(=O)n21,0,0,0,0
Vigabatrin,ADReCS: Acute respiratory distress syndrome,5665.0,ADReCS_only,vigabatrin,C=CC(N)CCC(=O)O,0,0,0,0
Vilazodone,ADReCS: Respiratory signs and symptoms NEC,6918314.0,ADReCS_only,vilazodone,N#Cc1ccc2[nH]cc(CCCCN3CCN(c4ccc5oc(C(N)=O)cc5c4)CC3)c2c1,0,0,0,0
Viloxazine,ADReCS: Respiratory signs and symptoms NEC,5666.0,ADReCS_only,viloxazine,CCOc1ccccc1OCC1CNCCO1,0,0,0,0
Vinflunine,ADReCS: Acute respiratory distress syndrome,10629256.0,ADReCS_only,vinflunine,CCC12C=CCN3CCC4(c5cc(C6(C(=O)OC)CC7CC(C(C)(F)F)CN(Cc8c6[nH]c6ccccc86)C7)c(OC)cc5N(C)C4C(O)(C(=O)OC)C1OC(C)=O)C32,0,0,0,0
Vismodegib,ADReCS: Acute respiratory distress syndrome,24776445.0,ADReCS_only,vismodegib,CS(=O)(=O)c1ccc(C(=O)Nc2ccc(Cl)c(-c3ccccn3)c2)c(Cl)c1,0,0,0,0
Voclosporin,ADReCS: Respiratory disorders NEC,6918486.0,ADReCS_only,voclosporin,C=CC=CCC(C)C(O)C1C(=O)NC(CC)C(=O)N(C)CC(=O)N(C)C(CC(C)C)C(=O)NC(C(C)C)C(=O)N(C)C(CC(C)C)C(=O)NC(C)C(=O)NC(C)C(=O)N(C)C(CC(C)C)C(=O)N(C)C(CC(C)C)C(=O)N(C)C(C(C)C)C(=O)N1C,0,0,0,0
Voltaren,ADReCS: Asthma,5018304.0,ADReCS_only,voltaren,O=C([O-])Cc1ccccc1Nc1c(Cl)cccc1Cl,0,0,0,0
Vorinostat,ADReCS: Bronchial disorders (excl neoplasms),5311.0,ADReCS_only,vorinostat,O=C(CCCCCCC(O)=NO)Nc1ccccc1,0,0,0,0
Vortioxetine,"ADReCS: Respiratory tract infections; Respiratory, thoracic and mediastinal disorders",9966051.0,ADReCS_only,vortioxetine,Cc1ccc(Sc2ccccc2N2CCNCC2)c(C)c1,0,0,0,0
Voxelotor,ADReCS: Lung disorder,71602803.0,ADReCS_only,voxelotor,CC(C)n1nccc1-c1ncccc1COc1cccc(O)c1C=O,0,0,0,0
Xylometazoline,ADReCS: Respiratory disorders NEC,5709.0,ADReCS_only,xylometazoline,Cc1cc(C(C)(C)C)cc(C)c1CC1=NCCN1,0,0,0,0
Zalcitabine,ADReCS: Bronchial disorders (excl neoplasms),24066.0,ADReCS_only,zalcitabine,Nc1ccn(C2CCC(CO)O2)c(=O)n1,0,0,0,0
Zaleplon,ADReCS: Asthma,5719.0,ADReCS_only,zaleplon,CCN(C(C)=O)c1cccc(-c2ccnc3c(C#N)cnn23)c1,0,0,0,0
Ziconotide,ADReCS: Respiratory tract infections; Thoracic disorders (excl lung and pleura),16135415.0,ADReCS_only,ziconotide,CSCCC1NC(=O)C(CC(C)C)NC(=O)C(CCCN=C(N)N)NC(=O)C(CO)NC(=O)C2CSSCC3NC(=O)C(CO)NC(=O)CNC(=O)C(C(C)O)NC(=O)C(CSSCC(N)C(=O)NC(CCCCN)C(=O)NCC(=O)NC(CCCCN)C(=O)NCC(=O)NC(C)C(=O)NC(CCCCN)C(=O)N2)NC(=O)C(CSSCC(C(N)=O)NC(=O)C(CCCCN)NC(=O)CNC(=O)C(CO)NC(=O)C(CCCNC(=N)N)NC3=O)NC(=O)C(CC(=O)O)NC(=O)C(Cc2ccc(O)cc2)NC1=O,0,0,0,0
Zidovudine,ADReCS: Bronchial disorders (excl neoplasms),35370.0,ADReCS_only,zidovudine,Cc1cn(C2CC(N=[N+]=[N-])C(CO)O2)c(=O)[nH]c1=O,0,0,0,0
Zileuton,ADReCS: Respiratory tract infections,60490.0,ADReCS_only,zileuton,CC(c1cc2ccccc2s1)N(O)C(N)=O,0,0,0,0
Zolmitriptan,ADReCS: Bronchial disorders (excl neoplasms),60857.0,ADReCS_only,zolmitriptan,CN(C)CCc1c[nH]c2ccc(CC3COC(=O)N3)cc12,0,0,0,0
Zuclopenthixol,ADReCS: Respiratory tract infections,5311507.0,ADReCS_only,zuclopenthixol,OCCN1CCN(CCC=C2c3ccccc3Sc3ccc(Cl)cc32)CC1,0,0,0,0
prostacyclin,Pleural effusion; Pulmonary embolism; Pulmonary oedema,,,,CC(C)c1cc(C2CCCN2C(=O)CN(C)Cc2cccnc2)no1,0,1,1,1
glucose,Pulmonary embolism,,,,CCC(NC(=O)c1ccc(CSc2ccccc2)cc1)c1ccc(C)cc1C,0,0,0,1
bupropion,Pulmonary embolism,,,,Cc1ccc(C(C)NC(=O)c2ccc(CSc3ccc(Cl)cc3)cc2)cc1C,0,0,0,1
estradiol,Pulmonary embolism,,,,NC(=S)C1CC1S(=O)(=O)c1ccc(Cl)cc1,0,0,0,1
mannitol,Pulmonary oedema,,,,CCC(NC(=O)c1ccc(CSc2ccc(Cl)cc2)cc1)c1ccc(C)c(C)c1,0,1,0,0
EACA,Pulmonary embolism,,,,COc1ccc(N2CC34C=CC(O3)C(C(=O)O)C4C2=O)cc1,0,0,0,1
cytarabine,Interstitial pneumonia; Pulmonary oedema,,,,CS(=O)(=O)C1C(C#N)C1c1ccccc1,1,1,0,0
estrone,Pulmonary embolism,,,,COc1ccc2c(c1)CCCC2(O)CNC(=O)C(=O)NCc1ccc2c(c1)OCO2,0,0,0,1
Oestrogen,Pulmonary embolism,,,,CS(=O)(=O)C1C(c2ccccc2)C1(CN)C(=O)O,0,0,0,1
monoethanolamine,Pleural effusion,,,,COC(=O)CC(c1ccc(OCCc2ccc(OC)cc2)c(OC)c1)c1oc(CN2CC3CC(C2)c2cccc(=O)n2C3)cc(=O)c1O,0,0,1,0
LMWH,Pulmonary oedema,,,,COc1ccc2c(c1)CCCC2(O)CNC(=O)Nc1ccccc1C(F)(F)F,0,1,0,0
epinephrine,Pulmonary oedema,,,,COC(=O)CC(c1c(O)cc(C)n(CCc2ccc(O)cc2)c1=O)c1ccnc2ccccc12,0,1,0,0
quinidine,Pulmonary oedema,,,,CCS(=O)(=O)C1C(C#N)C1c1ccccc1,0,1,0,0
thiamine,Pulmonary oedema,,,,CC(=O)c1c2c(c3oc(=O)cc(C)c3c1O)C(c1ccc(OCC(C)C)cc1)CC(=O)O2,0,1,0,0
naproxen,Pulmonary oedema,,,,Cc1cc2c(c(=O)o1)C(c1coc3ccc(Cl)cc3c1=O)CC(=O)O2,0,1,0,0
cladribine,Pulmonary embolism,,,,COc1ccc(CCCNC(=O)CSCc2cccc(Cl)c2)cc1,0,0,0,1
doxorubicin,Pleural effusion; Pulmonary embolism; Pulmonary oedema,,,,COc1ccc(-c2noc(CNC(=O)CSCc3cccc(Cl)c3)n2)cc1,0,1,1,1
phenytoin,Pulmonary embolism,,,,COc1ccccc1CCCNC(=O)CSCc1ccc(Cl)cc1,0,0,0,1
5-azacytidine,Pleural effusion,,,,O=CC1C(c2ccccc2)C1S(=O)(=O)c1ccccc1,0,0,1,0
amphotericin,Pleural effusion; Pulmonary oedema,,,,CCOC(=O)C1(N)C(c2ccccc2)C1S(=O)(=O)c1ccc(C)cc1,0,1,1,0
acetaminophen,Pleural effusion; Pulmonary oedema,,,,Cc1ccc(S(=O)(=O)C2C(c3ccccc3)C2(CN)CN)cc1,0,1,1,0
acyclovir,Pulmonary oedema,,,,CN(C)S(=O)(=O)c1ccc2c(c1)CCN2C(=O)CSCc1ccc([N+](=O)[O-])cc1,0,1,0,0
salbutamol,Pulmonary oedema,,,,COC(=O)CC(c1ccc(C(C)C)cc1)c1oc(CN2CC3CC(C2)c2cccc(=O)n2C3)cc(=O)c1O,0,1,0,0
allopurinol,Pulmonary embolism,,,,Cc1nn(CCC(=O)NCC2CCCN(c3ccccn3)C2)c(C)c1C,0,0,0,1
amantadine,Pulmonary oedema,,,,Cc1ccccc1OCC(C)NC(=O)CSCc1ccc([N+](=O)[O-])cc1,0,1,0,0
diatrizoate,Pulmonary embolism; Pulmonary oedema,,,,CC1CCN(c2ccc(C(C)NC(=O)CSCc3ccc([N+](=O)[O-])cc3)cc2)CC1,0,1,0,1
amiodarone,Interstitial pneumonia; Pleural effusion; Pulmonary oedema,,,,COc1cccc(C=C2Oc3c(ccc4c3C(c3cccc(OC)c3OCCc3ccc5c(c3)CCO5)CC(=O)O4)C2=O)c1OC,1,1,1,0
amisulpride,Pulmonary embolism,,,,Cc1cc2c(c(=O)o1)C(c1cc3ccccc3n(CC(C)C)c1=O)CC(=O)O2,0,0,0,1
anagrelide,Interstitial pneumonia; Pleural effusion,,,,COCC1(N)C(c2ccccc2)C1S(=O)(=O)c1ccc(C)cc1,1,0,1,0
anastrozole,Pulmonary embolism,,,,COc1cc2c(c(OC)c1OC)-c1ccc(NCC(=O)Nc3c(C)nn(C)c3C)c(=O)cc1C(NC(C)=O)CC2,0,0,0,1
argatroban,Pleural effusion; Pulmonary embolism; Pulmonary oedema,,,,O=C1CC(c2ccc(O)cc2)c2c(ccc3c2OC2(CCCCC2)CC3=O)O1,0,1,1,1
atenolol,Pulmonary oedema,,,,Cc1ccc(S(=O)(=O)C2C(C(N)=S)C2c2ccccc2)cc1,0,1,0,0
azathioprine,Interstitial pneumonia,,,,COc1ccc(C=C2Oc3c(ccc4c3C(c3cccc(OCCc5ccc6c(c5)CCO6)c3)CC(=O)O4)C2=O)cc1,1,0,0,0
azithromycin,Pleural effusion,,,,CN(Cc1nc(-c2cccs2)no1)C(=O)CSCc1ccc([N+](=O)[O-])cc1,0,0,1,0
baclofen,Pulmonary embolism,,,,COc1ccc(C2CC(=O)Oc3cc(C)oc(=O)c32)c(OC)c1OC,0,0,0,1
penicillin,Pulmonary embolism,,,,COCC1(C#N)C(c2ccccc2)C1S(=O)(=O)c1ccc(Cl)cc1,0,0,0,1
bicalutamide,Interstitial pneumonia; Pleural effusion,,,,N#CC1C(c2ccccc2)C1S(=O)(=O)c1ccc(Cl)cc1,1,0,1,0
bisoprolol,Pulmonary oedema,,,,CCOC(=O)C1(CN)C(c2ccccc2)C1S(=O)(=O)c1ccc(Cl)cc1,0,1,0,0
bromocriptine,Pleural effusion,,,,NCC1(CO)C(c2ccccc2)C1S(=O)(=O)c1ccc(Cl)cc1,0,0,1,0
bupivacaine,Pulmonary oedema,,,,NCC1(N)C(c2ccccc2)C1S(=O)(=O)c1ccc(Cl)cc1,0,1,0,0
busulfan,Interstitial pneumonia; Pleural effusion; Pulmonary oedema,,,,CC(C)(C)OC(=O)NC1(CN)C(c2ccccc2)C1S(=O)(=O)c1ccc(Cl)cc1,1,1,1,0
cabergoline,Pleural effusion,,,,COc1ccc2c(c1)OC(C)(C)CC2NC(=O)C(C)Sc1ccccc1,0,0,1,0
caffeine,Pulmonary oedema,,,,COC(=O)CC(c1cccnc1)c1c(O)[nH]cc(C(=O)OC)c1=O,0,1,0,0
verapamil,Pulmonary oedema,,,,CC(Cc1cnccn1)N(C)C(=O)c1noc2c1CCCC2,0,1,0,0
candesartan,Pulmonary oedema,,,,CCC(NC(=O)C(C)Sc1ccccc1)c1ccc(C)c(C)c1,0,1,0,0
carbamazepine,Pulmonary embolism; Pulmonary oedema,,,,CCC(NC(=O)C(C)Sc1ccccc1)c1ccc(C)cc1C,0,1,0,1
BCNU,Pulmonary embolism,,,,O=S(=O)(c1ccc(Cl)cc1)C1C(CO)C1c1ccccc1,0,0,0,1
carvedilol,Interstitial pneumonia; Pulmonary oedema,,,,O=C(NC1CC(=O)N(Cc2ccccc2)C1)c1cc2c([nH]c1=O)CCC2,1,1,0,0
celecoxib,Pulmonary embolism,,,,O=C(NCC1CC2C=CC1C2)C1CCCN(c2ncccn2)C1,0,0,0,1
cevimeline,Pleural effusion; Pulmonary embolism,,,,CC(C)(C)OC(=O)NC1(C=O)C(c2ccccc2)C1S(=O)(=O)c1ccc(Cl)cc1,0,0,1,1
chlorambucil,Interstitial pneumonia,,,,COc1ccc(C2CC(=O)Oc3ccc4c(c32)OC(=Cc2cc(OC)c(OC)cc2OC)C4=O)cc1,1,0,0,0
thiazide,Pulmonary oedema,,,,NC(=S)C1C(c2ccccc2)C1S(=O)(=O)c1ccc(Cl)cc1,0,1,0,0
chlorthalidone,Pulmonary oedema,,,,Cc1ccc(C)c(C(C)NC(=O)C(C)SCc2ccccc2)c1,0,1,0,0
cilostazol,Interstitial pneumonia,,,,COc1cncc(C(NC(=O)CCc2cc(=O)[nH]o2)C2CC(O)C2)c1,1,0,0,0
ciprofloxacin,Pleural effusion; Pulmonary embolism; Pulmonary oedema,,,,CC(=O)c1c2c(c3oc(=O)cc(C)c3c1O)C(c1cc(F)c(F)c(F)c1)CC(=O)O2,0,1,1,1
citalopram,Pulmonary embolism,,,,CCOC(=O)C1(C#N)C(c2ccc(OC)cc2)C1S(C)(=O)=O,0,0,0,1
clomiphene,Pulmonary embolism,,,,C=C(C)COc1c(OC)cccc1C1CC(=O)Oc2ccc3c(c21)OC(=Cc1cccc(OC)c1OC)C3=O,0,0,0,1
clopidogrel,Interstitial pneumonia; Pulmonary embolism; Pulmonary oedema,,,,COC(=O)CC(c1ccccc1)c1c(O)cc(C)oc1=O,1,1,0,1
clozapine,Pleural effusion; Pulmonary embolism,,,,COc1ccc(C2C(S(C)(=O)=O)C2(N)C#N)cc1,0,0,1,1
cyanocobalamin,Pulmonary oedema,,,,COc1ccc(C(NC(=O)Cn2cc(C)c(=O)[nH]c2=O)C2CC(O)C2)cn1,0,1,0,0
cyclophosphamide,Interstitial pneumonia; Pleural effusion; Pulmonary embolism; Pulmonary oedema,,,,CN(CC1Cc2ccccc2O1)C(=O)COc1ccc2nncn2n1,1,1,1,1
cyproterone,Pulmonary embolism,,,,CCOC(=O)C1(CN)C(c2ccc(OC)cc2)C1S(C)(=O)=O,0,0,0,1
danazol,Interstitial pneumonia,,,,COc1ccc(C2C(S(C)(=O)=O)C2(CN)CO)cc1,1,0,0,0
dantrolene,Pleural effusion; Pulmonary oedema,,,,COC(=O)CC(c1cc(OC)c(OC)c(OC)c1)c1cc2c(cc1O)OCO2,0,1,1,0
deferiprone,Pulmonary embolism,,,,CCC(NC(=O)C(C)SCc1ccccc1)c1ccc(C)c(C)c1,0,0,0,1
dexamethasone,Pulmonary oedema,,,,COCC1(CN)C(c2ccc(OC)cc2)C1S(C)(=O)=O,0,1,0,0
dipyridamole,Pulmonary oedema,,,,CC(SCc1ccccc1)C(=O)N(C)Cc1nc(-c2ccc(Cl)cc2)no1,0,1,0,0
valproate,Pleural effusion,,,,CC(SCc1ccccc1)C(=O)NCCCc1ccc(C(C)C)cc1,0,0,1,0
docetaxel,Interstitial pneumonia; Pleural effusion; Pulmonary embolism; Pulmonary oedema,,,,Cc1cc2c(c(=O)o1)C(c1coc3ccccc3c1=O)CC(=O)O2,1,1,1,1
dorzolamide,Pulmonary oedema,,,,COc1ccc(-c2noc(CNC(=O)c3ccc(CN4CCOCC4)cc3)n2)c(OC)c1,0,1,0,0
trabectedin,Pulmonary embolism; Pulmonary oedema,,,,O=C(c1ccccn1)C1CCCN(C(=O)COCC(F)(F)C(F)F)C1,0,1,0,1
CAS,Pulmonary embolism; Pulmonary oedema,,,,COC(=O)CC(c1ccc2c(c1)OCO2)c1cc2c(cc1O)OCO2,0,1,0,1
ergonovine,Pulmonary oedema,,,,O=C(CCSc1ccccc1)NCCCc1ccccc1Cl,0,1,0,0
estradiol,Pulmonary embolism,,,,CCOc1cc(C(CC(=O)OC)c2oc(CN3CC4CC(C3)c3cccc(=O)n3C4)cc(=O)c2O)ccc1O,0,0,0,1
etoposide,Interstitial pneumonia,,,,O=C(c1cccc(-c2ccco2)c1)N(Cc1ccccn1)CC1CCCO1,1,0,0,0
famotidine,Interstitial pneumonia,,,,CC1CCN(c2ccc(C(C)NC(=O)CCSc3ccccc3)cc2)CC1,1,0,0,0
felbamate,Pleural effusion,,,,CC1CCCN(c2ccc(C(C)NC(=O)CCSc3ccccc3)cc2)C1,0,0,1,0
fentanyl,Pleural effusion; Pulmonary embolism,,,,Cc1ccc2c(c1)OC(C)(C)CC2NC(=O)CCSc1ccccc1,0,0,1,1
flecainide,Pulmonary oedema,,,,CCOC(=O)C1(C(=O)OCC)C(c2ccc(OC)cc2)C1S(=O)(=O)CC,0,1,0,0
5-FU,Pulmonary oedema,,,,CCS(=O)(=O)C1C(c2ccc(OC)cc2)C1(CN)CN,0,1,0,0
fluoxetine,Pleural effusion; Pulmonary embolism; Pulmonary oedema,,,,Cc1nc(N)ncc1C(=O)N1CCC1c1ccc(F)cc1,0,1,1,1
fluphenazine,Pulmonary embolism,,,,CC(C)(Oc1ccc(C2CC2(Cl)Cl)cc1)C(=O)N1CC2CC(C1)c1cccc(=O)n1C2,0,0,0,1
gabapentin,Pulmonary embolism; Pulmonary oedema,,,,COc1ccc(N2CC(C(=O)N3CCCCC3c3cccnc3)CC2=O)cc1,0,1,0,1
icodextrin,Pulmonary oedema,,,,COc1ccc(CCCNC(=O)CCSc2ccc(Cl)cc2)cc1,0,1,0,0
hydrochlorothiazide,Pulmonary oedema,,,,COc1ccc(C(Nc2ncccc2C(N)=O)C2CC(O)C2)cc1F,0,1,0,0
cortisol,Pulmonary oedema,,,,COC(=O)CC(c1cc(Cl)c2c(c1)OCO2)c1c(O)[nH]cc(C(=O)OC)c1=O,0,1,0,0
hydromorphone,Pulmonary oedema,,,,CCS(=O)(=O)C1C(C(N)=S)C1c1ccc(OC)cc1,0,1,0,0
hydroxyurea,Pulmonary oedema,,,,Cc1cccc(-c2noc(CNC(=O)CCSc3ccc(Cl)cc3)n2)c1,0,1,0,0
atropine,Pulmonary oedema,,,,CC(=O)c1c(C)nn(CC(=O)NC(c2ccccc2)c2nccn2C)c1C,0,1,0,0
ifosfamide,Interstitial pneumonia; Pleural effusion; Pulmonary embolism; Pulmonary oedema,,,,COCC(NC(=O)c1ccc(N)nc1)c1ccccn1,1,1,1,1
indomethacin,Pulmonary oedema,,,,N#Cc1ccccc1C(=O)NCCCC1CCOC1,0,1,0,0
iodixanol,Pulmonary oedema,,,,COc1cccc(C=C2Oc3c(ccc4c3C(c3ccccc3OC(C)C)CC(=O)O4)C2=O)c1OC,0,1,0,0
iohexol,Pulmonary oedema,,,,COc1ccc(C2C(S(=O)(=O)c3ccccc3)C2(C#N)C(=O)O)cc1,0,1,0,0
iopamidol,Pulmonary oedema,,,,COC(O)=c1ccc(=c2cc(O)oc3c(C(C)=O)c(=O)c4c(C)cc(O)oc4c23)cc1,0,1,0,0
iopromide,Pleural effusion; Pulmonary oedema,,,,Cc1ccc(C)c(C(C)NC(=O)c2ccc(C3SCC(=O)N3Cc3ccccc3)cc2)c1,0,1,1,0
ioversol,Pulmonary oedema,,,,COc1ccc(C2CC(=O)Oc3ccc4c(c32)OC2(CCCCC2)CC4=O)cc1OCC(N)=O,0,1,0,0
irbesartan,Pulmonary oedema,,,,Cc1ccc(OCCNC(=O)c2ccc(C3SCC(=O)N3Cc3ccccc3)cc2)cc1,0,1,0,0
irinotecan,Pulmonary embolism,,,,COc1ccc(C=C2Oc3c(ccc4c3C(c3cc5ccccc5[nH]c3=O)CC(=O)O4)C2=O)cc1,0,0,0,1
isoproterenol,Pulmonary oedema,,,,CN1CCC(NC(=O)c2ccc(C3SCC(=O)N3Cc3ccccc3)cc2)CC1,0,1,0,0
isoxsuprine,Pulmonary oedema,,,,COc1ccccc1NC(=O)C(=Cc1ccco1)c1ccccc1,0,1,0,0
itraconazole,Pulmonary oedema,,,,CCOC(=O)C1(C(=O)OCC)C(c2ccc(OC)cc2)C1S(=O)(=O)c1ccccc1,0,1,0,0
ketorolac,Pulmonary oedema,,,,NC(=O)CC(c1oc(CN2CCOCC2)cc(=O)c1O)c1ccnc2ccccc12,0,1,0,0
lansoprazole,Interstitial pneumonia,,,,COc1ccc(Cl)cc1NC(=O)C(=Cc1ccco1)c1ccccc1,1,0,0,0
leflunomide,Interstitial pneumonia,,,,Cc1ccccc1-c1cccc(CN2CCCn3nc(C(C)O)cc3C2)c1,1,0,0,0
letrozole,Pleural effusion; Pulmonary embolism,,,,COc1ccc(C(=O)c2coc3ccc(O)c(CN4CCN(c5ccccc5)CC4)c23)cc1OC,0,0,1,1
Leuprorelin,Pulmonary embolism,,,,N#CCc1ccc(NC(=O)C(=Cc2ccco2)c2ccccc2)cc1,0,0,0,1
Lisinopril,Pleural effusion; Pulmonary embolism; Pulmonary oedema,,,,COC(=O)CC(c1ccc2c(c1)OCO2)c1oc(CN2CC3CC(C2)c2cccc(=O)n2C3)cc(=O)c1O,0,1,1,1
lisuride,Pleural effusion,,,,COc1ccc(N2CCN(C(=O)C(=Cc3ccco3)c3ccccc3)CC2)cc1,0,0,1,0
lomefloxacin,Pulmonary embolism; Pulmonary oedema,,,,COc1ccc(C2C(S(=O)(=O)c3ccccc3)C2(CO)C(=O)O)cc1,0,1,0,1
lorazepam,Pulmonary oedema,,,,COc1cc(OC)c(OC)cc1C=C1Oc2c(ccc3c2C(c2cc(OC)c(OC(C)=O)c(OC)c2)CC(=O)O3)C1=O,0,1,0,0
losartan,Pulmonary oedema,,,,COC(=O)CC(c1ccc(O)cc1)c1oc(CN2CC3CC(C2)c2cccc(=O)n2C3)cc(=O)c1O,0,1,0,0
maprotiline,Interstitial pneumonia,,,,O=C(CC1CC2CCC1C2)N1CCCC(C(=O)N2CCOCC2)C1,1,0,0,0
mecamylamine,Pulmonary oedema,,,,O=C(Nc1cccs1)NC1CCN(c2ccccn2)C1,0,1,0,0
medroxyprogesterone,Pulmonary embolism,,,,NC(=O)c1ccccc1NC(=O)C(=Cc1ccco1)c1ccccc1,0,0,0,1
megestrol,Pulmonary embolism,,,,COC(=O)CC(c1ccccc1)c1c(O)[nH]cc(C(=O)OC)c1=O,0,0,0,1
melphalan,Interstitial pneumonia,,,,CCOCC1(N)C(c2ccc(OC)cc2)C1S(=O)(=O)c1ccccc1,1,0,0,0
memantine,Pulmonary embolism; Pulmonary oedema,,,,O=C1CCc2ccc(OCC(=O)N3CCCCC3c3cccnc3)cc2N1,0,1,0,1
5-ASA,Interstitial pneumonia; Pleural effusion,,,,COc1ccc(C2C(S(=O)(=O)c3ccccc3)C2(C=O)NC(=O)OC(C)(C)C)cc1,1,0,1,0
methadone,Pulmonary oedema,,,,OCC(O)c1cc2n(n1)CCN(Cc1ccc(Oc3ccccc3)cc1)C2,0,1,0,0
methotrexate,Interstitial pneumonia; Pleural effusion; Pulmonary embolism; Pulmonary oedema,,,,COc1ccc(C2C(C(N)=S)C2S(=O)(=O)c2ccccc2)cc1,1,1,1,1
methyclothiazide,Pulmonary oedema,,,,CC(C)C1CCC(C(=O)NC(Cc2ccccc2)C(=O)N2CCCCC2c2cccnc2)CC1,0,1,0,0
methylprednisolone,Pulmonary oedema,,,,Cc1ccc(OCC(C)NC(=O)C(=Cc2ccco2)c2ccccc2)cc1,0,1,0,0
methysergide,Pleural effusion,,,,COC(=O)CC(c1ccc(OC)c(OC)c1)c1c(O)cc(C)oc1=O,0,0,1,0
mitoxantrone,Interstitial pneumonia,,,,COc1ccc(C2C(S(=O)(=O)c3ccc(C)cc3)C2(N)C#N)cc1,1,0,0,0
morphine,Pulmonary embolism; Pulmonary oedema,,,,COc1ccc(C2C(C#N)C2S(=O)(=O)c2ccc(C)cc2)cc1,0,1,0,1
moxifloxacin,Pleural effusion,,,,CCOC(=O)C1(C(=O)OCC)C(c2ccc(OC)cc2)C1S(=O)(=O)c1ccc(C)cc1,0,0,1,0
mycophenolate,Interstitial pneumonia; Pleural effusion; Pulmonary embolism; Pulmonary oedema,,,,CCOC(=O)C1(CN)C(c2ccc(OC)cc2)C1S(=O)(=O)c1ccc(C)cc1,1,1,1,1
mycophenolic,Pleural effusion; Pulmonary oedema,,,,Cn1cc(C(NC(=O)CN2CCCCCC2)C2CC(O)C2)cn1,0,1,1,0
nabumetone,Interstitial pneumonia,,,,COc1ccc(C2C(S(=O)(=O)c3ccc(C)cc3)C2(N)CO)cc1,1,0,0,0
nadolol,Pulmonary oedema,,,,CC(=O)c1c2c(c3oc(=O)cc(C)c3c1O)C(c1ccc3ncccc3c1)CC(=O)O2,0,1,0,0
nalbuphine,Pulmonary oedema,,,,CC(NC(=O)CSc1ccccn1)c1ccccc1-n1cccn1,0,1,0,0
naloxone,Pulmonary oedema,,,,COc1ccc(C2C(CO)C2S(=O)(=O)c2ccc(C)cc2)cc1,0,1,0,0
naltrexone,Pulmonary embolism,,,,COC(=O)CC(c1ccc(O)cc1)c1c(O)[nH]cc(C(=O)OC)c1=O,0,0,0,1
nifedipine,Pulmonary oedema,,,,O=C(NC(c1cccs1)C1CC(O)C1)c1ccncc1F,0,1,0,0
nilutamide,Interstitial pneumonia,,,,COc1ccc(CSCC(=O)NC(C)COc2ccc(OC)cc2)cc1,1,0,0,0
nisoldipine,Pleural effusion,,,,COC(=O)C=C(c1cc(OC)c(OC)c(OC)c1)c1c(O)c(O)c(C(CC(=O)OC)c2cc(OC)c(OC)c(OC)c2)c(O)c1O,0,0,1,0
nitrofurantoin,Interstitial pneumonia; Pleural effusion,,,,Cn1ccc2c(C(=O)N3CCCCC3c3cccnc3)cccc21,1,0,1,0
norethisterone,Pulmonary embolism,,,,CCCOc1ccccc1CCCNC(=O)CSCc1ccc(OC)cc1,0,0,0,1
ofloxacin,Interstitial pneumonia; Pleural effusion; Pulmonary embolism; Pulmonary oedema,,,,COc1ccc2[nH]c(=O)c(C3CC(=O)Oc4ccc5c(c43)OC(=Cc3cccc(OC)c3OC)C5=O)cc2c1,1,1,1,1
olanzapine,Pulmonary embolism; Pulmonary oedema,,,,COc1ccc(C2C(S(=O)(=O)c3ccc(Cl)cc3)C2(C#N)C#N)cc1,0,1,0,1
paclitaxel,Interstitial pneumonia; Pleural effusion; Pulmonary embolism,,,,COc1cccc(C=C2Oc3c(ccc4c3C(c3ccnc5ccccc35)CC(=O)O4)C2=O)c1OC,1,0,1,1
pamidronate,Interstitial pneumonia; Pleural effusion; Pulmonary oedema,,,,COc1ccc(CSCC(=O)N(C)Cc2nc(-c3cccc(OC)c3)no2)cc1,1,1,1,0
paroxetine,Pulmonary embolism; Pulmonary oedema,,,,CCOC(=O)C1(C(=O)OCC)C(c2ccc(OC)cc2)C1S(=O)(=O)c1ccc(Cl)cc1,0,1,0,1
D-penicillamine,Interstitial pneumonia,,,,CCOC(=O)C1(N)C(c2ccc(OC)cc2)C1S(=O)(=O)c1ccc(Cl)cc1,1,0,0,0
pentamidine,Interstitial pneumonia,,,,CSCCC(CO)NC(=O)c1cnn(-c2ccccc2Br)c1-n1cccc1,1,0,0,0
pentostatin,Pulmonary embolism,,,,COc1ccc(C2C(S(=O)(=O)c3ccc(Cl)cc3)C2(CN)CN)cc1,0,0,0,1
pergolide,Pleural effusion; Pulmonary embolism; Pulmonary oedema,,,,COc1ccc(C2C(S(=O)(=O)c3ccc(Cl)cc3)C2(CN)CO)cc1,0,1,1,1
propericiazine,Pulmonary embolism,,,,CC(C)C(NC(=O)C1CC(=O)N(c2ccccc2F)C1)c1nc2ccccc2n1C,0,0,0,1
phenylephrine,Pulmonary oedema,,,,COc1ccc(C2C(S(=O)(=O)c3ccc(Cl)cc3)C2(N)CN)cc1,0,1,0,0
pilocarpine,Pulmonary oedema,,,,O=C(O)CC(c1cccnc1)c1c(O)ccc2c1OC(=Cc1cccnc1)C2=O,0,1,0,0
pioglitazone,Pulmonary oedema,,,,CCC(NS(=O)(=O)c1ccc2oc(=O)n(C)c2c1)C1CC(O)C1,0,1,0,0
pramipexole,Pulmonary embolism; Pulmonary oedema,,,,COc1cc(OC)c(C2CC(=O)Oc3cc(C)n(CCc4ccc(O)cc4)c(=O)c32)cc1OC,0,1,0,1
prednisolone,Pulmonary oedema,,,,COc1ccc(C2C(CO)C2S(=O)(=O)c2ccc(Cl)cc2)cc1,0,1,0,0
prednisolone,Pulmonary oedema,,,,O=C(Cc1[nH]c(=O)n(CCc2ccccc2)c1O)N1CCCCC1c1cccnc1,0,1,0,0
prednisone,Pulmonary oedema,,,,COc1ccc(C2C(S(=O)(=O)c3ccc(Cl)cc3)C2(N)C(=O)O)cc1,0,1,0,0
procarbazine,Pleural effusion,,,,CCCOc1ccccc1CCCNC(=O)c1cc([N+](=O)[O-])ccc1Cl,0,0,1,0
progesterone,Pulmonary embolism,,,,COCC1(C(=O)O)C(c2ccc(OC)cc2)C1S(=O)(=O)c1ccc(Cl)cc1,0,0,0,1
propafenone,Pleural effusion,,,,COc1cccc(C=C2Oc3c(ccc4c3C(c3ccccc3OCCc3ccc5c(c3)CCO5)CC(=O)O4)C2=O)c1OC,0,0,1,0
propofol,Pulmonary oedema,,,,COCC1(N)C(c2ccc(OC)cc2)C1S(=O)(=O)c1ccc(Cl)cc1,0,1,0,0
pyridostigmine,Pulmonary oedema,,,,CCC(NC(=O)c1cc([N+](=O)[O-])ccc1Cl)c1ccc(C)cc1C,0,1,0,0
quetiapine,Pulmonary embolism,,,,CCOC(=O)Cc1[nH][nH]c(=O)c1C(CC(N)=O)c1ccc2c(c1)n(C)c(=O)n2C,0,0,0,1
rabeprazole,Interstitial pneumonia; Pulmonary embolism,,,,CC(=O)c1c2c(c3oc(=O)cc(C)c3c1O)C(c1ccc3c(c1)OCCO3)CC(=O)O2,1,0,0,1
raloxifene,Pulmonary embolism,,,,COc1ccc(-c2noc(CN(C)C(=O)c3cc([N+](=O)[O-])ccc3Cl)n2)c(OC)c1,0,0,0,1
rapamycin,Pleural effusion; Pulmonary embolism; Pulmonary oedema,,,,COc1ccc(C2C(C(N)=S)C2S(=O)(=O)c2ccc(Cl)cc2)cc1,0,1,1,1
ribavirin,Interstitial pneumonia; Pulmonary embolism; Pulmonary oedema,,,,CS(=O)(=O)C1C(c2ccc3c(c2)OCO3)C1(C#N)C#N,1,1,0,1
riluzole,Pleural effusion; Pulmonary embolism; Pulmonary oedema,,,,Cc1cc(=O)cc(C(=O)NCC2CCCN(CCO)C2)o1,0,1,1,1
ritonavir,Interstitial pneumonia,,,,COC(=O)CC(c1cnn(C)c1)c1oc(CN2CCCCC2)cc(=O)c1O,1,0,0,0
rivastigmine,Pleural effusion; Pulmonary embolism; Pulmonary oedema,,,,CS(=O)(=O)C1C(c2ccc3c(c2)OCO3)C1(C#N)C=O,0,1,1,1
rofecoxib,Pulmonary embolism; Pulmonary oedema,,,,COc1cc(C(=O)NC2CC(C)(C)Oc3ccc(C)cc32)cc(OC)c1OC,0,1,0,1
ropinirole,Pulmonary embolism; Pulmonary oedema,,,,COc1cc(C(=O)NC2CC(C)(C)Oc3cc(C)ccc32)cc(OC)c1OC,0,1,0,1
deprenyl,Pleural effusion; Pulmonary oedema,,,,Cc1ccc2c(c1)OC(C)(C)CC2NC(=O)c1ccc([N+](=O)[O-])c(C)c1,0,1,1,0
sodium,Pulmonary embolism,,,,COC(=O)CC(c1c(O)c2ccccc2oc1=O)c1ccnn1C,0,0,0,1
imatinib,Interstitial pneumonia; Pleural effusion; Pulmonary oedema,,,,CCOc1ccc(CNC(=O)C(C)Sc2ccc(C)cc2)cc1OCC,1,1,1,0
vorinostat,Pulmonary embolism,,,,CS(=O)(=O)C1C(CO)C1c1ccc2c(c1)OCO2,0,0,0,1
succinylcholine,Pulmonary oedema,,,,Cc1ccc(SC(C)C(=O)NCCCc2ccccc2Cl)cc1,0,1,0,0
sulindac,Pleural effusion,,,,COc1ccc(OCC(C)NC(=O)C(C)Sc2ccc(C)cc2)cc1,0,0,1,0
sumatriptan,Pulmonary embolism,,,,Cc1ccc(SC(C)C(=O)Nc2ccccc2C(=O)c2ccccc2)cc1,0,0,0,1
tacrolimus,Pleural effusion; Pulmonary oedema,,,,COC(=O)C(C)NC(=O)C(C)(C)Oc1ccc(C2CC2(Cl)Cl)cc1,0,1,1,0
tamoxifen,Interstitial pneumonia; Pulmonary embolism,,,,Cc1ccc(SC(C)C(=O)NCCCc2ccc(OC(C)C)cc2)cc1,1,0,0,1
temozolomide,Interstitial pneumonia; Pulmonary embolism,,,,CCOc1ccc(CCCNC(=O)C(C)Sc2ccc(C)cc2)cc1,1,0,0,1
testosterone,Pulmonary embolism,,,,Cc1ccc(SC(C)C(=O)NC(C)COc2ccccc2C)cc1,0,0,0,1
thalidomide,Pleural effusion; Pulmonary embolism; Pulmonary oedema,,,,CC(C)C(CO)NC(=O)C1CC(=O)N(Cc2ccccc2)C1,0,1,1,1
thiotepa,Pulmonary oedema,,,,Cc1ccc(SC(C)C(=O)NC2CC(C)(C)Oc3ccc(C)cc32)cc1,0,1,0,0
tibolone,Pulmonary embolism,,,,CCc1c(C)nn(CC(=O)NCC2CCCN(c3ccccn3)C2)c1C,0,0,0,1
timolol,Pulmonary oedema,,,,CCOC(=O)C1(C#N)C(c2ccc3c(c2)OCO3)C1S(=O)(=O)CC,0,1,0,0
tizanidine,Pulmonary embolism; Pulmonary oedema,,,,CCS(=O)(=O)C1C(c2ccc3c(c2)OCO3)C1(C#N)CO,0,1,0,1
topotecan,Pleural effusion; Pulmonary embolism,,,,CCS(=O)(=O)C1C(c2ccc3c(c2)OCO3)C1(C#N)COC,0,0,1,1
tranexamic,Pulmonary embolism; Pulmonary oedema,,,,CCOCC1(C#N)C(c2ccc3c(c2)OCO3)C1S(=O)(=O)CC,0,1,0,1
retinoic,Pleural effusion; Pulmonary oedema,,,,O=C(CC(c1ccc2nccnc2c1)c1c(O)n2ccccc2nc1=O)NCCc1ccc(O)c(O)c1,0,1,1,0
triamcinolone,Pulmonary oedema,,,,CSCCC(CO)NC(=O)C1CCN(c2ncccn2)CC1,0,1,0,0
UDCA,Interstitial pneumonia; Pleural effusion,,,,Cc1ccc(SC(C)C(=O)NCCCc2ccc(C(C)C)cc2)cc1,1,0,1,0
venlafaxine,Pulmonary embolism,,,,COc1nnc(CN2CCn3nc(C(O)c4ccnn4C)cc3C2)s1,0,0,0,1
vigabatrin,Pulmonary embolism,,,,CCS(=O)(=O)C1C(c2ccc3c(c2)OCO3)C1(CO)CO,0,0,0,1
vinorelbine,Pulmonary embolism; Pulmonary oedema,,,,Cc1noc(C)c1C1CCCN1C(=O)c1ccc2[nH]c(=O)c(=O)[nH]c2c1,0,1,0,1
zaleplon,Pleural effusion; Pulmonary embolism,,,,Cc1ccc(SCCC(=O)NC(C)COc2ccccc2C)cc1,0,0,1,1
zolmitriptan,Pulmonary oedema,,,,CCS(=O)(=O)C1C(C(=O)O)C1c1ccc2c(c1)OCO2,0,1,0,0
zolpidem,Pulmonary embolism; Pulmonary oedema,,,,Cc1ccc(SCCC(=O)NC(C)c2ccc(N3CCC(C)CC3)cc2)cc1,0,1,0,1
zonisamide,Pulmonary embolism,,,,Cc1ccc(SCCC(=O)NC(C)c2ccc(N3CCCC(C)C3)cc2)cc1,0,0,0,1
mitomycin,Pulmonary oedema,,,,Cc1ccc(SCCC(=O)NC2CC(C)(C)Oc3cc(C)ccc32)cc1,0,1,0,0
oxytocin,Pulmonary oedema,,,,COc1ccc(Cc2n[nH]c(NC(=O)C3CCCN(c4nc(C)cc(C)n4)C3)n2)cc1,0,1,0,0
17-hydroxyprogesterone,Pulmonary embolism,,,,Cc1ccc2c(c1)C(NC(=O)c1ccc(-c3ccccc3)cc1)CC(C)(C)O2,0,0,0,1
triamcinolone,Pulmonary oedema,,,,Cc1ccc(S(=O)(=O)C2C(c3ccc4c(c3)OCO4)C2(N)CO)cc1,0,1,0,0
medroxyprogesterone,Pulmonary embolism,,,,CCOc1ccc(N(C(C)C(=O)N2CCC(Cc3ccccc3)CC2)S(C)(=O)=O)cc1,0,0,0,1
arsenic,Pleural effusion,,,,CCS(=O)(=O)C1C(c2ccc(F)cc2)C1(CO)CO,0,0,1,0
benzathine,Pulmonary embolism,,,,N#CC1(CO)C(c2ccc(Cl)cc2)C1S(=O)(=O)c1ccc(Cl)cc1,0,0,0,1
fluorescein,Pulmonary oedema,,,,COc1ccc(Cl)cc1N(C(C)C(=O)NCCSCc1ccco1)S(C)(=O)=O,0,1,0,0
5-aza-2'-deoxycytidine,Pleural effusion; Pulmonary embolism; Pulmonary oedema,,,,CCOC(=O)C1CCN(C(=O)C(C)N(c2cc(Cl)ccc2OC)S(C)(=O)=O)CC1,0,1,1,1
megestrol,Pulmonary embolism,,,,CC1CC=CCC1COC(=O)C1CC=CCC1,0,0,0,1
gold,Interstitial pneumonia,,,,CCC(NC(=O)CCCN(c1ccc2c(c1)OCO2)S(C)(=O)=O)c1ccc(C)cc1C,1,0,0,0
ogen,Pulmonary embolism,,,,O=C(O)C1CCC(c2cc(F)cc(F)c2)O1,0,0,0,1
Fe(III,Pulmonary oedema,,,,CC1(C)CC(NC(=O)c2scc3c2OCCO3)c2ccccc2O1,0,1,0,0
gadolinium,Pulmonary oedema,,,,COc1ccc2c(c1OC)C(=O)N1CC(=O)N(CC(=O)O)C21,0,1,0,0
conjugated,Pulmonary embolism,,,,NC1CCCCC1NCC1CCCO1,0,0,0,1
oxcarbazepine,Pulmonary oedema,,,,CCC(NC(=O)CCC(F)(F)F)C1CC(O)C1,0,1,0,0
halofantrine,Pulmonary oedema,,,,CCc1ccccc1OC(C)C(=O)NC(C)c1ccc(C)c(C)c1,0,1,0,0
Supremon,Pulmonary embolism,,,,CCOc1ccc(CCCNC(=O)C(C)Oc2ccc(C)c(C)c2)cc1,0,0,0,1
misoprostol,Pulmonary embolism,,,,CC(C)C(Nc1ncncn1)c1nccn1C,0,0,0,1
Goserelin,Pulmonary embolism,,,,CCn1ncnc1C(C)NC(=O)c1cccc(C(C)=O)c1,0,0,0,1
cefpodoxime,Pleural effusion,,,,O=C(Cc1cccc(F)c1)N1CCC(O)(c2ccccc2)C1,0,0,1,0
clarithromycin,Pulmonary embolism,,,,COc1ccc(OC)c(N(C(C)C(=O)NCCCc2cccc(C)c2)S(C)(=O)=O)c1,0,0,0,1
treprostinil,Pulmonary embolism,,,,CCc1ccccc1NC(=O)C(C)N(c1ccc(OC)c(OC)c1)S(C)(=O)=O,0,0,0,1
Gd-DTPA,Pulmonary oedema,,,,CCc1ccc(N(C(C)C(=O)Nc2ccc(Br)cc2)S(C)(=O)=O)cc1,0,1,0,0
fosphenytoin,Pulmonary embolism,,,,CCCn1cnnc1C(C)NC(=O)Cn1cnnn1,0,0,0,1
Photofrin,Pleural effusion; Pulmonary embolism; Pulmonary oedema,,,,Cc1ccc(CNC(=O)C(C)N(c2ccc(C)c(Cl)c2)S(C)(=O)=O)cc1,0,1,1,1
imiquimod,Pulmonary oedema,,,,O=C(NC(c1ccc2c(c1)CCO2)C1CC(O)C1)c1ccc[nH]1,0,1,0,0
esmolol,Pleural effusion; Pulmonary oedema,,,,CNc1ncccc1CN1CCn2nc(C(O)C3CC3)cc2C1,0,1,1,0
exemestane,Pulmonary embolism,,,,O=C(NCCN1CCNC1=O)C1CCCCN1Cc1ccccc1,0,0,0,1
dexmedetomidine,Pleural effusion; Pulmonary oedema,,,,CC(C)(C)n1ccc(C(=O)N2CCCC(c3ccccc3)C2)c1,0,1,1,0
etoposide,Interstitial pneumonia,,,,CCC(C(=O)NC(C)COc1ccc(OC)cc1)N(c1cc(C)ccc1C)S(C)(=O)=O,1,0,0,0
meropenem,Pleural effusion; Pulmonary embolism; Pulmonary oedema,,,,O=C(COCC1CCCCO1)NCc1nc(-c2ccc(F)cc2)cs1,0,1,1,1
aripiprazole,Pulmonary embolism; Pulmonary oedema,,,,CCC(NC(=O)C(CC)N(c1cc(C)ccc1C)S(C)(=O)=O)c1ccc(C)c(C)c1,0,1,0,1
remifentanil,Pleural effusion; Pulmonary oedema,,,,CCC(C(=O)NC(C)c1ccccc1)N(c1cc(C)cc(C)c1)S(C)(=O)=O,0,1,1,0
pemetrexed,Interstitial pneumonia; Pulmonary embolism,,,,CCc1ccccc1NC(=O)C(CC)N(c1cc(C)cc(C)c1)S(C)(=O)=O,1,0,0,1
capecitabine,Pleural effusion; Pulmonary embolism,,,,CCC(C(=O)NCc1ccc(Cl)cc1Cl)N(c1cc(C)cc(C)c1)S(C)(=O)=O,0,0,1,1
valganciclovir,Pleural effusion,,,,O=C(Cn1cnc2ccccc21)N1CCCC(Cc2nc(C3CC3)no2)C1,0,0,1,0
Meropenem,Pleural effusion; Pulmonary embolism; Pulmonary oedema,,,,COc1cccc(C2CCN(C(=O)c3c[nH]cn3)C2)c1OC,0,1,1,1
Glat,Pleural effusion; Pulmonary embolism,,,,COC(=O)C1C(=O)NC(SCCc2ccccc2)=C(C#N)C1c1ccc(Cl)cc1,0,0,1,1
atosiban,Pulmonary oedema,,,,COc1cccc(C=C(C(=O)Nc2ccc(Cn3cncn3)cc2)n2nnnc2C)c1,0,1,0,0
zoledronic,Pleural effusion,,,,CCNC(=O)N=NC(=O)CCc1ccc(OCc2ccccn2)cc1,0,0,1,0
acamprosate,Pulmonary embolism,,,,N#CC(C(=O)Nc1cccc2ccccc12)C(=O)C1CCCC(C(F)(F)F)C1,0,0,0,1
ropivacaine,Pleural effusion; Pulmonary embolism,,,,Cc1nc(C(C)NS(=O)(=O)N2CCOC(C)C2)no1,0,0,1,1
nebivolol,Pulmonary oedema,,,,COc1ccc(C=CC(=O)N2CCN(c3cc(C)nc4ncnn34)CC2)cc1F,0,1,0,0
Lutalyse,Pulmonary embolism,,,,O=C(C=Cc1ccncc1)OCc1cnc(-c2ccccc2)s1,0,0,0,1
voriconazole,Pleural effusion; Pulmonary embolism; Pulmonary oedema,,,,Cc1ccccc1C1CCCN1CC(O)COC(C)C,0,1,1,1
Terlipressin,Pulmonary oedema,,,,CC(C#N)NC(=O)C=Cc1ccc2c(c1)OCCO2,0,1,0,0
doripenem,Interstitial pneumonia,,,,CC(C(=O)Nc1ncccn1)N1CCSC(c2ccccc2)C1,1,0,0,0
paricalcitol,Pulmonary oedema,,,,O=C(C1CCCC(C(F)(F)F)C1)N1CCCN(Cc2ccc(C(F)(F)F)cc2)CC1,0,1,0,0
rosiglitazone,Pleural effusion; Pulmonary oedema,,,,COC(=O)CC(NC(=O)C1CC1c1ccc(C)s1)c1ccc(SC)cc1,0,1,1,0
bexarotene,Pleural effusion; Pulmonary oedema,,,,COc1cc(C(C#N)=Cc2ccc(F)c(F)c2)ccc1[N+](=O)[O-],0,1,1,0
Ge-132,Pulmonary oedema,,,,O=C(c1ccc(-c2noc(C(F)(F)F)n2)cc1)N1CC2C3CCC(O3)C2C1,0,1,0,0
ketorolac,Pulmonary embolism; Pulmonary oedema,,,,N#CC(=Cc1cccc2c1OCCCO2)c1ncc(C(F)(F)F)cc1Cl,0,1,0,1
bortezomib,Pleural effusion; Pulmonary embolism; Pulmonary oedema,,,,CCOC(=O)c1ccc(NC(=O)C2CCC(n3c(O)c4c(c3O)C3C=CC4C4CC34)CC2)cc1,0,1,1,1
nelarabine,Pleural effusion,,,,COC(=O)C1(C)NC(c2ccccc2F)c2c1c(O)n(C)c2O,0,0,1,0
bosentan,Pulmonary oedema,,,,CCOc1ccccc1N(CC(=O)N(Cc1cccc(C)c1)C(Cc1ccccc1)C(=O)NCC(C)C)S(=O)(=O)c1ccc(SC)cc1,0,1,0,0
68Ga,Pleural effusion,,,,CNC(=O)C(Cc1ccccc1)N(Cc1ccccc1F)C(=O)CCCN(c1cccc(C(F)(F)F)c1)S(C)(=O)=O,0,0,1,0
paliperidone,Pulmonary embolism,,,,Cc1cc(C2C(c3ccccn3)N=C3SC(C)CN32)c(C)n1C1CC1,0,0,0,1
clofarabine,Pleural effusion; Pulmonary oedema,,,,COC(=O)c1cn(C(=O)C2CCN(Cc3ccc(Cl)cc3)CC2)c2ccccc12,0,1,1,0
valdecoxib,Pleural effusion; Pulmonary embolism; Pulmonary oedema,,,,Cc1ccc(SCC(=O)N(Cc2ccccc2)C(C)C(=O)NC(C)(C)C)cc1,0,1,1,1
parecoxib,Pulmonary embolism,,,,COC(=O)c1cn(C(=O)c2ccc(CN3CCCCCC3)cc2)c2ccccc12,0,0,0,1
rasagiline,Interstitial pneumonia; Pleural effusion,,,,CCOc1ncccc1C(=O)NC(Cc1ccccn1)C1CC(O)C1,1,0,1,0
SU5416,Pulmonary embolism,,,,CNC(=O)C(C)N(Cc1ccc(Cl)cc1Cl)C(=O)CN(c1ccccc1)S(C)(=O)=O,0,0,0,1
Cancidas,Pleural effusion; Pulmonary oedema,,,,CC(=O)N1Cc2cccnc2C(C(=O)N2CCCC(C)C2)C1,0,1,1,0
gefitinib,Interstitial pneumonia; Pleural effusion,,,,CCc1ccc(CC)c(CNC(=O)c2ccc(Cl)cc2F)c1,1,0,1,0
Trisequens,Pulmonary embolism,,,,Cc1ccc2c(c1)C(NC(=O)CCc1ccc3c(c1)OCO3)CC(C)(C)O2,0,0,0,1
pregabalin,Pleural effusion; Pulmonary embolism; Pulmonary oedema,,,,CC(C)CNC(=O)C(Cc1ccccc1)N(Cc1cccc(Cl)c1)C(=O)CCCN(c1ccc2c(c1)OCCO2)S(C)(=O)=O,0,1,1,1
pixantrone,Pleural effusion,,,,CCC(C)NC(=O)c1ccccc1NC(=O)CSCc1ccc(Cl)cc1Cl,0,0,1,0
pomalidomide,Pulmonary embolism,,,,CN1C(=S)NC(c2ccccn2)C1c1ccc[nH]1,0,0,0,1
posaconazole,Interstitial pneumonia; Pulmonary embolism,,,,CC(C(=O)NCc1ccccc1)N(Cc1ccc(Cl)cc1)C(=O)CCc1ccc(S(=O)(=O)NC2CC2)cc1,1,0,0,1
temsirolimus,Interstitial pneumonia; Pleural effusion; Pulmonary embolism,,,,CNC(=O)C(C)N(Cc1cccc(OC)c1)C(=O)CCSCc1ccccc1,1,0,1,1
eplerenone,Pulmonary oedema,,,,CC(C(=O)NC(C)(C)C)N(Cc1ccc(Cl)cc1)C(=O)CSCc1c(F)cccc1Cl,0,1,0,0
ertapenem,Pleural effusion; Pulmonary embolism,,,,CCC(C(=O)NC(C)C)N(Cc1cccc(OC)c1)C(=O)CN(c1ccccc1)S(=O)(=O)c1ccc(F)cc1,0,0,1,1
aprepitant,Pulmonary embolism,,,,CCc1noc(-c2cnc(C)nc2N2CCCC(C(=O)NCc3csc(CC)n3)C2)n1,0,0,0,1
bazedoxifene,Pulmonary embolism,,,,CCC(C(=O)NC(C)C)N(Cc1ccc(OC)cc1)C(=O)CCc1ccccc1,0,0,0,1
asenapine,Pulmonary embolism,,,,CCOc1ccccc1N(CCCC(=O)N(Cc1ccc(OC)cc1)C(C)C(=O)NC)S(C)(=O)=O,0,0,0,1
gadopentetate,Pulmonary oedema,,,,CCCN1C(=S)NC(c2ccccn2)C1c1cc(C)n(-c2ccccc2Cl)c1C,0,1,0,0
vinflunine,Pulmonary embolism; Pulmonary oedema,,,,CCCN1C(=S)NC(c2ccccn2)C1c1cc(C)n(-c2ccccc2O)c1C,0,1,0,1
pegaptanib,Pleural effusion,,,,CNC(=O)C(C)N(CCc1ccccc1)C(=O)CN(c1ccc(C)c(C)c1)S(=O)(=O)c1ccc(C)cc1,0,0,1,0
Anidulafungin,Pleural effusion,,,,Cc1ccc(S(=O)(=O)N(CC(=O)N(Cc2ccc(Cl)cc2Cl)C(C)C(=O)NC(C)(C)C)c2cccc(Cl)c2Cl)cc1,0,0,1,0
varenicline,Pulmonary embolism,,,,CCC(C(=O)NC)N(Cc1ccccc1)C(=O)CN(C)S(=O)(=O)c1ccc2ccccc2c1,0,0,0,1
erlotinib,Interstitial pneumonia,,,,CCCCNC(=O)C(C)N(Cc1ccccc1C)C(=O)Cc1ccccc1[N+](=O)[O-],1,0,0,0
gadobenate,Pulmonary embolism; Pulmonary oedema,,,,Cc1cc(C2C(c3ccccn3)NC(=S)N2CCN2CCOCC2)c(C)n1-c1cccc(C(F)(F)F)c1,0,1,0,1
ambrisentan,Pleural effusion; Pulmonary oedema,,,,Cc1cccc(OCC(=O)N(CCc2ccccc2)C(C)C(=O)NC(C)(C)C)c1,0,1,1,0
L-Dmp,Pulmonary embolism; Pulmonary oedema,,,,Cc1ccc(S(=O)(=O)NC(C)c2ccc3c(c2)CCC3)cc1,0,1,0,1
lurasidone,Pulmonary embolism,,,,COc1ccc(CN(C(=O)COc2ccc(S(=O)(=O)N3CCOCC3)cc2)C(Cc2ccccc2)C(=O)NCCCO)cc1,0,0,0,1
sitaxsentan,Pleural effusion; Pulmonary embolism,,,,CCC(C(=O)NC)N(Cc1ccc(F)cc1)C(=O)Cc1c(Cl)cccc1Cl,0,0,1,1
tolvaptan,Pulmonary embolism,,,,CCC(C)NC(=O)C(C)N(Cc1ccc(Br)cc1)C(=O)COc1cccc2ccccc12,0,0,0,1
sorafenib,Interstitial pneumonia; Pleural effusion,,,,CC(=O)Nc1nnc(S(=O)(=O)NC2CC3CCC2C3)s1,1,0,1,0
lenalidomide,Interstitial pneumonia; Pleural effusion; Pulmonary embolism; Pulmonary oedema,,,,COC(=O)c1cc(S(=O)(=O)NC(C)COc2ccc(C)cc2)ccc1Cl,1,1,1,1
lasofoxifene,Pulmonary embolism,,,,COc1ccc(CN(C(=O)CCc2ccc(S(=O)(=O)N3CCCC3)cc2)C(Cc2ccccc2)C(=O)NCc2ccc3c(c2)OCO3)cc1,0,0,0,1
carboprost,Pulmonary oedema,,,,CCNC(=O)C(CC)N(Cc1ccc(OC)cc1)C(=O)CN1C(=O)c2ccccc2S1(=O)=O,0,1,0,0
CAS,Pulmonary embolism; Pulmonary oedema,,,,CCC(C(=O)NC1CCCC1)N(Cc1ccc(OC)cc1)C(=O)CN(c1ccc2c(c1)OCO2)S(C)(=O)=O,0,1,0,1
cefditoren,Interstitial pneumonia,,,,Cc1cccc(C(=O)Nc2nnc(S(=O)(=O)NC(C)c3ccc(F)cc3)s2)c1,1,0,0,0
FK463,Pulmonary embolism,,,,CCCNC(=O)C(C)N(Cc1ccccc1Cl)C(=O)CSCc1cccc(Cl)c1,0,0,0,1
nilotinib,Pleural effusion; Pulmonary oedema,,,,CS(=O)(=O)N(CC(=O)N(Cc1ccc(Cl)cc1Cl)C(Cc1ccccc1)C(=O)NC1CCCCC1)c1cccc(Br)c1,0,1,1,0
propylthiouracil,Interstitial pneumonia,,,,COc1ccc(Cl)cc1NS(=O)(=O)c1cccc(C(=O)NN)c1,1,0,0,0
dasatinib,Pleural effusion; Pulmonary embolism; Pulmonary oedema,,,,Nc1ccc(NC2CCSC2)c(F)c1,0,1,1,1
Estrofem,Pulmonary embolism,,,,CN(C)CCOCCNS(=O)(=O)c1cccc(F)c1C#N,0,0,0,1
copolymer,Pleural effusion; Pulmonary embolism,,,,O=S(=O)(CBr)NCCOCC(F)F,0,0,1,1
Photofrin,Pleural effusion,,,,CCNC(C)c1nnnn1C(C)C1CCCC1,0,0,1,0
axitinib,Pulmonary embolism,,,,COCCNC(C)c1nnnn1-c1cccc(C)c1Br,0,0,0,1
sunitinib,Pleural effusion; Pulmonary embolism; Pulmonary oedema,,,,CCCNC(C)c1nnnn1-c1cccc(C)c1Br,0,1,1,1
2-hydroxysuccinaldehyde,Pulmonary embolism,,,,CC1CCC(CNC(=O)C(C)C(C)N)CC1,0,0,0,1
hydroxocobalamin,Pleural effusion; Pulmonary oedema,,,,CCC1CCN(CC(=O)Nc2ccc(Cl)c(N)c2)C1,0,1,1,0
tolcapone,Pulmonary embolism; Pulmonary oedema,,,,CCCOc1ccccc1C(O)CSCC,0,1,0,1
polyoxyethylene,Pulmonary oedema,,,,Cc1c(Br)cccc1C(Cc1cccc(F)c1Br)NN,0,1,0,0
bosutinib,Pleural effusion; Pulmonary oedema,,,,NNC(CCCC(F)(F)F)CCC1CCCO1,0,1,1,0
arsenic,Pleural effusion; Pulmonary oedema,,,,CC(N)c1ncn(CC(=O)Nc2cccc(F)c2)n1,0,1,1,0
balsalazide,Pleural effusion,,,,CCc1nnc(Nc2ccc(C(=O)O)c(Cl)c2)nc1CC,0,0,1,0
CGP,Pleural effusion,,,,O=C(O)CC1(CO)CCS(=O)(=O)CC1,0,0,1,0
rifapentine,Pleural effusion,,,,CCCCC(CC)(CNCC)C[Si](C)(C)C,0,0,1,0
eribulin,Pulmonary embolism,,,,CCC(C)(CC)NS(=O)(=O)c1cc(Cl)cc(CO)c1Cl,0,0,0,1
auranofin,Interstitial pneumonia,,,,CS(=O)(=O)NCCCNc1nc(=O)c2cc(N)ccc2[nH]1,1,0,0,0
cefdinir,Interstitial pneumonia,,,,COc1ccc(C#N)c(NCCc2ncon2)c1,1,0,0,0
everolimus,Pleural effusion; Pulmonary embolism; Pulmonary oedema,,,,CC(C)(SCCOc1ccccc1F)C(N)C(=O)O,0,1,1,1
ixabepilone,Pulmonary oedema,,,,CCCNC(c1c(C)ccnc1N)C1CSCCN1C,0,1,0,0
leuprorelin,Pleural effusion; Pulmonary embolism,,,,Cc1cc(Br)cc(N)c1NC(=O)c1ccoc1Br,0,0,1,1
trans,Pulmonary embolism; Pulmonary oedema,,,,CCN=C(NCc1cccc(COCc2ccccc2)c1)NCC1(CCO)CCOC1,0,1,0,1
pazopanib,Pulmonary embolism,,,,Nc1cc(CCC2CN(Cc3cccc4[nH]ccc34)CCO2)ccn1,0,0,0,1
boceprevir,Pulmonary embolism,,,,Cc1cccc2cc(CNC(=O)C(C)(C)C)c(=O)[nH]c12,0,0,0,1
Zyprexa,Pulmonary embolism,,,,CC(CCO)CNC(=O)NC(c1ccc(Cl)cc1)C1CCC1,0,0,0,1
LY146032,Pleural effusion,,,,CSCCC(C)NC(=O)NC(=O)C=CC(=O)O,0,0,1,0
Insulin,Pleural effusion,,,,CCOC(C)CNS(=O)(=O)N1CCNCC1,0,0,1,0
Bivalirudin,Pleural effusion; Pulmonary oedema,,,,C#CCC(C)N1C(=O)CC(C)(C)CC1=O,0,1,1,0
BPTI,Pleural effusion; Pulmonary embolism; Pulmonary oedema,,,,C#CCC(C)Nc1cc(F)cc(F)c1[N+](=O)[O-],0,1,1,1
Refludan,Pulmonary embolism,,,,CCOC(C)CNC(=O)c1ccc(F)cc1C#CCO,0,0,0,1
insulin,Pulmonary oedema,,,,CC(C#N)NCCC1CCC1,0,1,0,0
ponatinib,Pleural effusion; Pulmonary embolism,,,,CCOCC(=O)N1CCCC2(CC(OCc3ccncc3)CO2)C1,0,0,1,1
hetastarch,Pulmonary oedema,,,,Cc1nn(C)c(C(=O)NN=Cc2ccc(F)s2)c1Cl,0,1,0,0
Nafarelin,Interstitial pneumonia; Pleural effusion; Pulmonary embolism,,,,COc1ccc(S(=O)(=O)N(CC(=O)NC(C)c2ccc3c(c2)CCC3)c2ccccc2OC)cc1,1,0,1,1
cabozantinib,Pulmonary embolism,,,,Cc1ccc(N(CC(=O)N(Cc2ccc(Cl)cc2Cl)C(Cc2ccccc2)C(=O)NC2CCCC2)S(=O)(=O)c2ccc(F)cc2)cc1,0,0,0,1
Promacta,Pulmonary embolism,,,,COc1ccc2c(c1)C13CCN(CCN4CCCC4)C(C2)C12CCC1C3C(C2)C(=O)N1Cc1ccccc1,0,0,0,1
tigecycline,Pleural effusion,,,,CS(=O)(=O)c1ccc(Nc2nc(N3CCCC(NC(=O)C4CC5CCC(C4)N5CC4CCN(c5ccc6c(c5)C(=O)N(C5CCC(=O)NC5=O)C6=O)CC4)C3)cnc2C(N)=O)cc1,0,0,1,0
pegaptanib,Pleural effusion,,,,Cc1nccnc1CN1CC(NS(C)(=O)=O)C(C(C)C)C1,0,0,1,0
x,Interstitial pneumonia; Pulmonary oedema,,,,Nc1nc(N2CCC3(CC2)Cc2ccccc2C3N)cnc1C(=O)N1CCCn2nccc21,1,1,0,0
