Drug_Name,Pattern,PubChem_ID,Source,norm,SMILES,Label_ILD,Label_Edema,Label_Pleural,Label_Embolism,DrugBank_ID,KEGG_ID
Acepromazine,"IX.d
                
IX - Neuromuscular / CNS involvement - Disordered breathing (during sleep)

                    IX.d - Respiratory failure from ventilatory depression (due to neuromuscular blockade/paralysis)",6077.0,Pneumotox_only,acepromazine,CC(=O)c1ccc2c(c1)N(CCCN(C)C)c1ccccc1S2,0,0,0,0,,
Acetanilide,"XIV.a
                
XIV - Hemoglobinopathies - Abnormal hemoglobin states (acquired)

                    XIV.a - Methemoglobinemia                


                  XIV.b
                
XIV - Hemoglobinopathies - Abnormal hemoglobin states (acquired)

                    XIV.b - Sulfhemoglobinemia",904.0,Pneumotox_only,acetanilide,CC(=O)Nc1ccccc1,0,0,0,0,,
Aconitine,"XII.l
                
XII - Cardiovascular involvement / toxicity

                    XII.l - Cardiac arrhythmias or dysrhythmias (AF, VT, VF, TdP)",245005.0,Pneumotox_only,aconitine,CCN1CC2(COC)C(O)CC(OC)C34C5CC6(O)C(OC)C(O)C(OC(C)=O)(C5C6OC(=O)c5ccccc5)C(C(OC)C23)C14,0,0,0,0,,
Acrylfentanyl,,10314851.0,Pneumotox_only,acrylfentanyl,C=CC(=O)N(c1ccccc1)C1CCN(CCc2ccccc2)CC1,0,0,0,0,,
Adenosine,"IV.a
                
IV - Airway involvement

                    IV.a - Bronchospasm - Wheezing - Asthma                


                  IV.f
                
IV - Airway involvement

                    IV.f - Severe or catastrophic bronchospasm or asthma attack (can be fatal)                


                  XI.b
                
XI - Miscellaneous

                    XI.b - Chest pain (acute or subacute), lone or prominent                


                  XII.m
                
XII - Cardiovascular involvement / toxicity

                    XII.m - Cardiac- cardiorespiratory/pulmonary arrest",60961.0,Both,adenosine,Nc1ncnc2c1ncn2C1OC(CO)C(O)C1O,0,0,0,0,,
Adenosine 5'-triphosphate,"XI.b
                
XI - Miscellaneous

                    XI.b - Chest pain (acute or subacute), lone or prominent",5957.0,Pneumotox_only,adenosine 5'-triphosphate,Nc1ncnc2c1ncn2C1OC(COP(=O)(O)OP(=O)(O)OP(=O)(O)O)C(O)C1O,0,0,0,0,,
Afloqualone,"XXIV.i
                
XXIV - Veterinary medicine

                    XXIV.i - Veterinary: Respiratory/Ventilatory depression",2040.0,Pneumotox_only,afloqualone,Cc1ccccc1-n1c(CF)nc2ccc(N)cc2c1=O,0,0,0,0,,
Ajmaline,"XII.l
                
XII - Cardiovascular involvement / toxicity

                    XII.l - Cardiac arrhythmias or dysrhythmias (AF, VT, VF, TdP)",6100671.0,Pneumotox_only,ajmaline,CCC1C2CC3C4N(C)c5ccccc5C45CC(C2C5O)N3C1O,0,0,0,0,,
Alginate,"X.f
                
X - Systemic/Distant conditions, syndromes and reactions

                    X.f - Anaphylaxis-Anaphylactoid reaction (can be fatal)",91666324.0,Pneumotox_only,alginate,O=C([O-])C1OC(O)C(O)C(O)C1O,0,0,0,0,,
Aliskiren,"VIII.a
                
VIII - Central-large-upper airway (incl. pharyngeal-nasal) involvement

                    VIII.a - Angioedema (may cause UAO, asphyxia and death)",5493444.0,Both,aliskiren,COCCCOc1cc(CC(CC(N)C(O)CC(C(=O)NCC(C)(C)C(N)=O)C(C)C)C(C)C)ccc1OC,0,0,0,0,,
Almitrine,"XI.d
                
XI - Miscellaneous

                    XI.d - Metabolic acidosis (incl. lactic acidosis/-gap). May cause hyperpnea/dyspnea",33887.0,Pneumotox_only,almitrine,C=CCNc1nc(NCC=C)nc(N2CCN(C(c3ccc(F)cc3)c3ccc(F)cc3)CC2)n1,0,0,0,0,,
Alprazolam,"IX.d
                
IX - Neuromuscular / CNS involvement - Disordered breathing (during sleep)

                    IX.d - Respiratory failure from ventilatory depression (due to neuromuscular blockade/paralysis)",2118.0,Both,alprazolam,Cc1nnc2n1-c1ccc(Cl)cc1C(c1ccccc1)=NC2,0,0,0,0,,
Alprenolol,"IV.a
                
IV - Airway involvement

                    IV.a - Bronchospasm - Wheezing - Asthma",2119.0,Pneumotox_only,alprenolol,C=CCc1ccccc1OCC(O)CNC(C)C,0,0,0,0,,
Amifostine,"X.f
                
X - Systemic/Distant conditions, syndromes and reactions

                    X.f - Anaphylaxis-Anaphylactoid reaction (can be fatal)",2141.0,Both,amifostine,NCCCNCCSP(=O)(O)O,0,0,0,0,,
Amikacin,"X.f
                
X - Systemic/Distant conditions, syndromes and reactions

                    X.f - Anaphylaxis-Anaphylactoid reaction (can be fatal)",37768.0,Both,amikacin,NCCC(O)C(=O)NC1CC(N)C(OC2OC(CN)C(O)C(O)C2O)C(O)C1OC1OC(CO)C(O)C(N)C1O,0,0,0,0,,
Amitraz,"IX.d
                
IX - Neuromuscular / CNS involvement - Disordered breathing (during sleep)

                    IX.d - Respiratory failure from ventilatory depression (due to neuromuscular blockade/paralysis)",36324.0,Pneumotox_only,amitraz,Cc1ccc(N=CN(C)C=Nc2ccc(C)cc2C)c(C)c1,0,0,0,0,,
"Aniline, p-chloro-","XIV.a
                
XIV - Hemoglobinopathies - Abnormal hemoglobin states (acquired)

                    XIV.a - Methemoglobinemia",7812.0,Pneumotox_only,"aniline, p-chloro-",Nc1ccc(Cl)cc1,0,0,0,0,,
Bacitracin,"X.f
                
X - Systemic/Distant conditions, syndromes and reactions

                    X.f - Anaphylaxis-Anaphylactoid reaction (can be fatal)",10909430.0,Pneumotox_only,bacitracin,CCC(C)C(N)C1=NC(C(=O)NC(CC(C)C)C(=O)NC(CCC(=O)O)C(=O)NC(C(=O)NC2CCCCNC(=O)C(CC(N)=O)NC(=O)C(CC(=O)O)NC(=O)C(Cc3c[nH]cn3)NC(=O)C(Cc3ccccc3)NC(=O)C(C(C)CC)NC(=O)C(CCCN)NC2=O)C(C)CC)CS1,0,0,0,0,,
Baclofen,"VIII.e
                
VIII - Central-large-upper airway (incl. pharyngeal-nasal) involvement

                    VIII.e - Laryngospasm (a.k.a. laryngismus)                


                  VIII.h
                
VIII - Central-large-upper airway (incl. pharyngeal-nasal) involvement

                    VIII.h - Vocal cord dysfunction, adduction, closure, injury                


                  IX.d
                
IX - Neuromuscular / CNS involvement - Disordered breathing (during sleep)

                    IX.d - Respiratory failure from ventilatory depression (due to neuromuscular blockade/paralysis)                


                  IX.e
                
IX - Neuromuscular / CNS involvement - Disordered breathing (during sleep)

                    IX.e - Disordered breathing pattern incl. Cheyne-Stokes respiration                


                  IX.f
                
IX - Neuromuscular / CNS involvement - Disordered breathing (during sleep)

                    IX.f - Hiccup                


                  IX.p
                
IX - Neuromuscular / CNS involvement - Disordered breathing (during sleep)

                    IX.p - Disordered breathing during sleep - Sleep apnea                


                  IX.u
                
IX - Neuromuscular / CNS involvement - Disordered breathing (during sleep)

                    IX.u - Central sleep apnea                


                  XII.f
                
XII - Cardiovascular involvement / toxicity

                    XII.f - Cardiomyopathy (acute, subacute, chronic)                


                  XII.m
                
XII - Cardiovascular involvement / toxicity

                    XII.m - Cardiac- cardiorespiratory/pulmonary arrest",2284.0,Both,baclofen,NCC(CC(=O)O)c1ccc(Cl)cc1,0,0,0,0,,
Benazepril,"VIII.a
                
VIII - Central-large-upper airway (incl. pharyngeal-nasal) involvement

                    VIII.a - Angioedema (may cause UAO, asphyxia and death)",5362124.0,Both,benazepril,CCOC(=O)C(CCc1ccccc1)NC1CCc2ccccc2N(CC(=O)O)C1=O,0,0,0,0,,
Bendamustine,"IX.h
                
IX - Neuromuscular / CNS involvement - Disordered breathing (during sleep)

                    IX.h - Dyspnea, unexplained otherwise                


                  XVII.b
                
XVII - Infections & related conditions

                    XVII.b - Opportunistic pulmonary/systemic infections                


                  XVII.e
                
XVII - Infections & related conditions

                    XVII.e - Pneumocystis jiroveci pneumonia                


                  XVII.ag
                
XVII - Infections & related conditions

                    XVII.ag - CMV pneumonitis (reactivation)",65628.0,Both,bendamustine,Cn1c(CCCC(=O)O)nc2cc(N(CCCl)CCCl)ccc21,0,0,0,0,,
Bentazone,"IX.c
                
IX - Neuromuscular / CNS involvement - Disordered breathing (during sleep)

                    IX.c - Chest wall muscle rigidity - Stiff/wooden chest                


                  IX.k
                
IX - Neuromuscular / CNS involvement - Disordered breathing (during sleep)

                    IX.k - Trismus (lockjaw)                


                  XI.r
                
XI - Miscellaneous

                    XI.r - Death following exposure or poisoning                


                  XII.m
                
XII - Cardiovascular involvement / toxicity

                    XII.m - Cardiac- cardiorespiratory/pulmonary arrest",2328.0,Pneumotox_only,bentazone,CC(C)N1C(=O)c2ccccc2NS1(=O)=O,0,0,0,0,,
Benzalkonium chloride,"IV.a
                
IV - Airway involvement

                    IV.a - Bronchospasm - Wheezing - Asthma                


                  X.f
                
X - Systemic/Distant conditions, syndromes and reactions

                    X.f - Anaphylaxis-Anaphylactoid reaction (can be fatal)",3014024.0,Pneumotox_only,benzalkonium chloride,CCCCCCCCCCCCC[N+](C)(C)Cc1ccccc1,0,0,0,0,,
Benzonatate,"IV.a
                
IV - Airway involvement

                    IV.a - Bronchospasm - Wheezing - Asthma                


                  XI.d
                
XI - Miscellaneous

                    XI.d - Metabolic acidosis (incl. lactic acidosis/-gap). May cause hyperpnea/dyspnea                


                  XII.l
                
XII - Cardiovascular involvement / toxicity

                    XII.l - Cardiac arrhythmias or dysrhythmias (AF, VT, VF, TdP)                


                  XII.m
                
XII - Cardiovascular involvement / toxicity

                    XII.m - Cardiac- cardiorespiratory/pulmonary arrest",7699.0,Both,benzonatate,CCCCNc1ccc(C(=O)OCCOCCOCCOCCOCCOCCOCCOCCOCCOC)cc1,0,0,0,0,,
Benzonitrile,"XIV.a
                
XIV - Hemoglobinopathies - Abnormal hemoglobin states (acquired)

                    XIV.a - Methemoglobinemia",7505.0,Pneumotox_only,benzonitrile,N#Cc1ccccc1,0,0,0,0,,
Benzylbenzoate,"X.f
                
X - Systemic/Distant conditions, syndromes and reactions

                    X.f - Anaphylaxis-Anaphylactoid reaction (can be fatal)",2345.0,Pneumotox_only,benzylbenzoate,O=C(OCc1ccccc1)c1ccccc1,0,0,0,0,,
Betahistine,"IV.a
                
IV - Airway involvement

                    IV.a - Bronchospasm - Wheezing - Asthma",2366.0,Both,betahistine,CNCCc1ccccn1,0,0,0,0,,
Bezafibrate,"X.j
                
X - Systemic/Distant conditions, syndromes and reactions

                    X.j - Myopathy-Myositis-Polymyositis (see also under Xba)",39042.0,Both,bezafibrate,CC(C)(Oc1ccc(CCNC(=O)c2ccc(Cl)cc2)cc1)C(=O)O,0,0,0,0,,
Bisoprolol,"IV.a
                
IV - Airway involvement

                    IV.a - Bronchospasm - Wheezing - Asthma                


                  XII.af
                
XII - Cardiovascular involvement / toxicity

                    XII.af - Coronary vasospasm - Vasospastic angina",2405.0,Both,bisoprolol,CC(C)NCC(O)COc1ccc(COCCOC(C)C)cc1,0,0,0,0,,
Bromadiolone,,54680085.0,Pneumotox_only,bromadiolone,O=c1c(C(CC(O)c2ccc(-c3ccc(Br)cc3)cc2)c2ccccc2)c(O)oc2ccccc12,0,0,0,0,,
Butyrfentanyl,"III.a
                
III - Pulmonary/alveolar./airway hemorrhage/bleeding

                    III.a - Alveolar hemorrhage (AH), diffuse AH (DAH)                


                  III.c
                
III - Pulmonary/alveolar./airway hemorrhage/bleeding

                    III.c - Hemoptysis                


                  IX.d
                
IX - Neuromuscular / CNS involvement - Disordered breathing (during sleep)

                    IX.d - Respiratory failure from ventilatory depression (due to neuromuscular blockade/paralysis)",621174.0,Pneumotox_only,butyrfentanyl,CCCC(=O)N(c1ccccc1)C1CCN(CCc2ccccc2)CC1,0,0,0,0,,
Caffeine,"XI.r
                
XI - Miscellaneous

                    XI.r - Death following exposure or poisoning                


                  XII.g
                
XII - Cardiovascular involvement / toxicity

                    XII.g - Coronary artery disease (acute) - Myocardial ischemia/infarction                


                  XII.l
                
XII - Cardiovascular involvement / toxicity

                    XII.l - Cardiac arrhythmias or dysrhythmias (AF, VT, VF, TdP)                


                  XII.n
                
XII - Cardiovascular involvement / toxicity

                    XII.n - Cardiovascular collapse - Cardiogenic shock - Hypotension",2519.0,Both,caffeine,Cn1c(=O)c2c(ncn2C)n(C)c1=O,0,0,0,0,,
Camphor,"IX.d
                
IX - Neuromuscular / CNS involvement - Disordered breathing (during sleep)

                    IX.d - Respiratory failure from ventilatory depression (due to neuromuscular blockade/paralysis)                


                  IX.i
                
IX - Neuromuscular / CNS involvement - Disordered breathing (during sleep)

                    IX.i - Respiratory arrest - Apnea                


                  X.u
                
X - Systemic/Distant conditions, syndromes and reactions

                    X.u - Multiple organ dysfunction/failure (MODS/MOF)                


                  XII.l
                
XII - Cardiovascular involvement / toxicity

                    XII.l - Cardiac arrhythmias or dysrhythmias (AF, VT, VF, TdP)                


                  XII.m
                
XII - Cardiovascular involvement / toxicity

                    XII.m - Cardiac- cardiorespiratory/pulmonary arrest",2537.0,Pneumotox_only,camphor,CC12CCC(CC1=O)C2(C)C,0,0,0,0,,
Candesartan,"VIII.a
                
VIII - Central-large-upper airway (incl. pharyngeal-nasal) involvement

                    VIII.a - Angioedema (may cause UAO, asphyxia and death)",2540.0,Both,candesartan,CCOc1nc2cccc(C(=O)OC(C)OC(=O)OC3CCCCC3)c2n1Cc1ccc(-c2ccccc2-c2nn[nH]n2)cc1,0,0,0,0,,
Cangrelor,"IX.h
                
IX - Neuromuscular / CNS involvement - Disordered breathing (during sleep)

                    IX.h - Dyspnea, unexplained otherwise",9854012.0,Both,cangrelor,CSCCNc1nc(SCCC(F)(F)F)nc2c1ncn2C1OC(COP(=O)(O)OP(=O)(O)C(Cl)(Cl)P(=O)(O)O)C(O)C1O,0,0,0,0,,
Capsaicin,"IV.q
                
IV - Airway involvement

                    IV.q - Reactive airway dysfunction syndrome (RADS)                


                  XII.af
                
XII - Cardiovascular involvement / toxicity

                    XII.af - Coronary vasospasm - Vasospastic angina",1548943.0,Both,capsaicin,COc1cc(CNC(=O)CCCCC=CC(C)C)ccc1O,0,0,0,0,,
Carbapenems,,134085.0,Pneumotox_only,carbapenems,O=C(O)C1=CCC2CC(=O)N12,0,0,0,0,,
Carisoprodol,"XI.r
                
XI - Miscellaneous

                    XI.r - Death following exposure or poisoning",2576.0,Both,carisoprodol,CCCC(C)(COC(N)=O)COC(=O)NC(C)C,0,0,0,0,,
Carteolol,"IV.a
                
IV - Airway involvement

                    IV.a - Bronchospasm - Wheezing - Asthma",2583.0,Both,carteolol,CC(C)(C)NCC(O)COc1cccc2c1CCC(=O)N2,0,0,0,0,,
Cefazolin,"IV.f
                
IV - Airway involvement

                    IV.f - Severe or catastrophic bronchospasm or asthma attack (can be fatal)                


                  X.f
                
X - Systemic/Distant conditions, syndromes and reactions

                    X.f - Anaphylaxis-Anaphylactoid reaction (can be fatal)",33255.0,Both,cefazolin,Cc1nnc(SCC2=C(C(=O)O)N3C(=O)C(NC(=O)Cn4cnnn4)C3SC2)s1,0,0,0,0,,
Cefotetan,"X.f
                
X - Systemic/Distant conditions, syndromes and reactions

                    X.f - Anaphylaxis-Anaphylactoid reaction (can be fatal)",53025.0,Pneumotox_only,cefotetan,COC1(NC(O)=c2sc(=C(C(N)=O)C(=O)O)s2)C(=O)N2C(C(=O)O)=C(CSc3nnnn3C)CSC21,0,0,0,0,,
Cefuroxime,"IV.c
                
IV - Airway involvement

                    IV.c - Obliterative bronchiolitis (a pattern consistent with) (see also IVn, XVx)                


                  IV.ai
                
IV - Airway involvement

                    IV.ai - Bronchiolitis obliterans, post-Stevens-Johnson",41375.0,Both,cefuroxime,CON=C(C(=O)NC1C(=O)N2C(C(=O)O)=C(COC(N)=O)CSC12)c1ccco1,0,0,0,0,,
Cefuroxime axetil,"X.f
                
X - Systemic/Distant conditions, syndromes and reactions

                    X.f - Anaphylaxis-Anaphylactoid reaction (can be fatal)                


                  XII.af
                
XII - Cardiovascular involvement / toxicity

                    XII.af - Coronary vasospasm - Vasospastic angina",5361467.0,Both,cefuroxime axetil,CON=C(C(=O)NC1C(=O)N2C(C(=O)OC(C)OC(C)=O)=C(COC(N)=O)CSC12)c1ccco1,0,0,0,0,,
Cisapride,"IV.a
                
IV - Airway involvement

                    IV.a - Bronchospasm - Wheezing - Asthma",6917698.0,Both,cisapride,COc1cc(N)c(Cl)cc1C(=O)NC1CCN(CCCOc2ccc(F)cc2)CC1OC,0,0,0,0,,
Clenbuterol,"XI.b
                
XI - Miscellaneous

                    XI.b - Chest pain (acute or subacute), lone or prominent                


                  XI.d
                
XI - Miscellaneous

                    XI.d - Metabolic acidosis (incl. lactic acidosis/-gap). May cause hyperpnea/dyspnea                


                  XII.n
                
XII - Cardiovascular involvement / toxicity

                    XII.n - Cardiovascular collapse - Cardiogenic shock - Hypotension",2783.0,Pneumotox_only,clenbuterol,CC(C)(C)NCC(O)c1cc(Cl)c(N)c(Cl)c1,0,0,0,0,,
Clofarabine,"X.c
                
X - Systemic/Distant conditions, syndromes and reactions

                    X.c - Capillary leak syndrome (CLS)",119182.0,Both,clofarabine,Nc1nc(Cl)nc2c1ncn2C1OC(CO)C(O)C1F,0,0,0,0,,
Clonazepam,"IX.d
                
IX - Neuromuscular / CNS involvement - Disordered breathing (during sleep)

                    IX.d - Respiratory failure from ventilatory depression (due to neuromuscular blockade/paralysis)                


                  IX.i
                
IX - Neuromuscular / CNS involvement - Disordered breathing (during sleep)

                    IX.i - Respiratory arrest - Apnea",2802.0,Both,clonazepam,O=C1CN=C(c2ccccc2Cl)c2cc([N+](=O)[O-])ccc2N1,0,0,0,0,,
Clonidine,"IX.d
                
IX - Neuromuscular / CNS involvement - Disordered breathing (during sleep)

                    IX.d - Respiratory failure from ventilatory depression (due to neuromuscular blockade/paralysis)                


                  X.d
                
X - Systemic/Distant conditions, syndromes and reactions

                    X.d - Lupus - Lupus syndrome (see also Vd)                


                  XII.e
                
XII - Cardiovascular involvement / toxicity

                    XII.e - Takotsubo (stress) cardiomyopathy",2803.0,Both,clonidine,Clc1cccc(Cl)c1NC1=NCCN1,0,0,0,0,,
Colistimethate,"IX.d
                
IX - Neuromuscular / CNS involvement - Disordered breathing (during sleep)

                    IX.d - Respiratory failure from ventilatory depression (due to neuromuscular blockade/paralysis)                


                  IX.i
                
IX - Neuromuscular / CNS involvement - Disordered breathing (during sleep)

                    IX.i - Respiratory arrest - Apnea",216258.0,Both,colistimethate,CCC(C)CCCCC(=O)NC(CCNCS(=O)(=O)[O-])C(=O)NC(C(=O)NC(CCNCS(=O)(=O)[O-])C(=O)NC1CCNC(=O)C(C(C)O)NC(=O)C(CCNCS(=O)(=O)[O-])NC(=O)C(CCNCS(=O)(=O)[O-])NC(=O)C(CC(C)C)NC(=O)C(CC(C)C)NC(=O)C(CCNCS(=O)(=O)[O-])NC1=O)C(C)O,0,0,0,0,,
Cortisone,"XV.i
                
XV - Pathology

                    XV.i - Path: Pneumocyte atypia (reactive epithelial cells) (a.k.a. the ""Napoleon Hat"" sign)",5745.0,Both,cortisone,CC(=O)OCC(=O)C1(O)CCC2C3CC=C4CC(=O)CCC4(C)C3C(=O)CC21C,0,0,0,0,,
Cyanide,"XI.d
                
XI - Miscellaneous

                    XI.d - Metabolic acidosis (incl. lactic acidosis/-gap). May cause hyperpnea/dyspnea                


                  XI.bi
                
XI - Miscellaneous

                    XI.bi - Cyanide poisoning",5975.0,Pneumotox_only,cyanide,[C-]#N,0,0,0,0,,
Cyclopropylfentanyl,"IX.d
                
IX - Neuromuscular / CNS involvement - Disordered breathing (during sleep)

                    IX.d - Respiratory failure from ventilatory depression (due to neuromuscular blockade/paralysis)",137332271.0,Pneumotox_only,cyclopropylfentanyl,O=C(C1CC1)N(c1ccccc1)C1CCN(CCc2ccccc2)CC1,0,0,0,0,,
Dabrafenib,"X.k
                
X - Systemic/Distant conditions, syndromes and reactions

                    X.k - Sarcoid-like granulomatosis (endo-/extrathoracic)                


                  X.ah
                
X - Systemic/Distant conditions, syndromes and reactions

                    X.ah - Granulomatosis with polyangiitis (typically ANCA pos.) - GPA flare",44462760.0,Both,dabrafenib,CC(C)(C)c1nc(-c2cccc(NS(=O)(=O)c3c(F)cccc3F)c2F)c(-c2ccnc(N)n2)s1,0,0,0,0,,
Dasabuvir,,56640146.0,Both,dasabuvir,COc1c(-c2ccc3cc(NS(C)(=O)=O)ccc3c2)cc(-n2ccc(=O)[nH]c2=O)cc1C(C)(C)C,0,0,0,0,,
Daunorubicin,"XII.a
                
XII - Cardiovascular involvement / toxicity

                    XII.a - Left or biventricular dysfunction/failure                


                  XII.ai
                
XII - Cardiovascular involvement / toxicity

                    XII.ai - Cardiotoxicity",30323.0,Both,daunorubicin,COc1cccc2c(O)c3c(c(O)c12)C(=O)C1=C(CC(O)(C(C)=O)CC1OC1CC(N)C(O)C(C)O1)C3=O,0,0,0,0,,
Dexmedetomidine,"XII.af
                
XII - Cardiovascular involvement / toxicity

                    XII.af - Coronary vasospasm - Vasospastic angina",5311068.0,Both,dexmedetomidine,Cc1cccc(C(C)c2c[nH]cn2)c1C,0,0,0,0,,
Diacetylmorphine,"IX.d
                
IX - Neuromuscular / CNS involvement - Disordered breathing (during sleep)

                    IX.d - Respiratory failure from ventilatory depression (due to neuromuscular blockade/paralysis)",5462328.0,Pneumotox_only,diacetylmorphine,CC(=O)Oc1ccc2c3c1OC1C(OC(C)=O)C=CC4C(C2)N(C)CCC341,0,0,0,0,,
Diazepam,"IX.d
                
IX - Neuromuscular / CNS involvement - Disordered breathing (during sleep)

                    IX.d - Respiratory failure from ventilatory depression (due to neuromuscular blockade/paralysis)                


                  IX.i
                
IX - Neuromuscular / CNS involvement - Disordered breathing (during sleep)

                    IX.i - Respiratory arrest - Apnea",3016.0,Both,diazepam,CN1C(=O)CN=C(c2ccccc2)c2cc(Cl)ccc21,0,0,0,0,,
Diethylene glycol,"IX.d
                
IX - Neuromuscular / CNS involvement - Disordered breathing (during sleep)

                    IX.d - Respiratory failure from ventilatory depression (due to neuromuscular blockade/paralysis)                


                  XI.d
                
XI - Miscellaneous

                    XI.d - Metabolic acidosis (incl. lactic acidosis/-gap). May cause hyperpnea/dyspnea",8117.0,Pneumotox_only,diethylene glycol,OCCOCCO,0,0,0,0,,
Difenacoum,"III.c
                
III - Pulmonary/alveolar./airway hemorrhage/bleeding

                    III.c - Hemoptysis",54676884.0,Pneumotox_only,difenacoum,O=c1c(C2CC(c3ccc(-c4ccccc4)cc3)Cc3ccccc32)c(O)oc2ccccc12,0,0,0,0,,
Difluoroethane,"XI.s
                
XI - Miscellaneous

                    XI.s - Sniffing death - Death from inhalation of compound",6368.0,Pneumotox_only,difluoroethane,CC(F)F,0,0,0,0,,
Digoxin,"XII.bm
                
XII - Cardiovascular involvement / toxicity

                    XII.bm - Ventricular tachycardia",2724385.0,Both,digoxin,CC1OC(OC2C(O)CC(OC3C(O)CC(OC4CCC5(C)C(CCC6C5CC(O)C5(C)C(C7=CC(=O)OC7)CCC65O)C4)OC3C)OC2C)CC(O)C1O,0,0,0,0,,
Dihydrocodeine,"IX.d
                
IX - Neuromuscular / CNS involvement - Disordered breathing (during sleep)

                    IX.d - Respiratory failure from ventilatory depression (due to neuromuscular blockade/paralysis)",5284543.0,Both,dihydrocodeine,COc1ccc2c3c1OC1C(O)CCC4C(C2)N(C)CCC341,0,0,0,0,,
Dihydropyridine,"VIII.a
                
VIII - Central-large-upper airway (incl. pharyngeal-nasal) involvement

                    VIII.a - Angioedema (may cause UAO, asphyxia and death)                


                  X.f
                
X - Systemic/Distant conditions, syndromes and reactions

                    X.f - Anaphylaxis-Anaphylactoid reaction (can be fatal)",407038.0,Pneumotox_only,dihydropyridine,C1=CCNC=C1,0,0,0,0,,
Dimethylaminoethanol,"IX.b
                
IX - Neuromuscular / CNS involvement - Disordered breathing (during sleep)

                    IX.b - Respiratory dyskinesia",7902.0,Pneumotox_only,dimethylaminoethanol,CN(C)CCO,0,0,0,0,,
Dipyrone,"IV.a
                
IV - Airway involvement

                    IV.a - Bronchospasm - Wheezing - Asthma                


                  X.f
                
X - Systemic/Distant conditions, syndromes and reactions

                    X.f - Anaphylaxis-Anaphylactoid reaction (can be fatal)                


                  X.g
                
X - Systemic/Distant conditions, syndromes and reactions

                    X.g - Hypersensitivity reaction (may manifest with fever and/or skin, throat or airway involvement)",522325.0,Pneumotox_only,dipyrone,Cc1c(N(C)CS(=O)(=O)[O-])c(=O)n(-c2ccccc2)n1C,0,0,0,0,,
Distigmine,"IX.d
                
IX - Neuromuscular / CNS involvement - Disordered breathing (during sleep)

                    IX.d - Respiratory failure from ventilatory depression (due to neuromuscular blockade/paralysis)",3116.0,Pneumotox_only,distigmine,CN(CCCCCCN(C)C(=O)Oc1ccc[n+](C)c1)C(=O)Oc1ccc[n+](C)c1,0,0,0,0,,
Dobutamine,"XII.h
                
XII - Cardiovascular involvement / toxicity

                    XII.h - Eosinophilic myocarditis",36811.0,Both,dobutamine,CC(CCc1ccc(O)cc1)NCCc1ccc(O)c(O)c1,0,0,0,0,,
Dolasetron,"XII.t
                
XII - Cardiovascular involvement / toxicity

                    XII.t - Torsades de pointe",60654.0,Both,dolasetron,O=C(OC1CC2CC3CC(C1)N2CC3=O)c1c[nH]c2ccccc12,0,0,0,0,,
Dolutegravir,"X.an
                
X - Systemic/Distant conditions, syndromes and reactions

                    X.an - Cytokine release syndrome - Cytokine storm                


                  XII.d
                
XII - Cardiovascular involvement / toxicity

                    XII.d - Myocarditis (can be fulminant)",46216142.0,Both,dolutegravir,CC1CCOC2Cn3cc(C(=O)NCc4ccc(F)cc4F)c(=O)c([O-])c3C(=O)N12,0,0,0,0,,
Donepezil,"IX.f
                
IX - Neuromuscular / CNS involvement - Disordered breathing (during sleep)

                    IX.f - Hiccup",3152.0,Both,donepezil,COc1cc2c(cc1OC)C(=O)C(CC1CCN(Cc3ccccc3)CC1)C2,0,0,0,0,,
Doxycycline,"IV.a
                
IV - Airway involvement

                    IV.a - Bronchospasm - Wheezing - Asthma                


                  X.d
                
X - Systemic/Distant conditions, syndromes and reactions

                    X.d - Lupus - Lupus syndrome (see also Vd)                


                  X.f
                
X - Systemic/Distant conditions, syndromes and reactions

                    X.f - Anaphylaxis-Anaphylactoid reaction (can be fatal)                


                  X.g
                
X - Systemic/Distant conditions, syndromes and reactions

                    X.g - Hypersensitivity reaction (may manifest with fever and/or skin, throat or airway involvement)                


                  X.o
                
X - Systemic/Distant conditions, syndromes and reactions

                    X.o - Neutrophilic dermatosis (Pyoderma, Sweet syndrome)                


                  X.s
                
X - Systemic/Distant conditions, syndromes and reactions

                    X.s - Vasculitis, pulmonary (w/wo AH), extrapulmonary, systemic: ANCA-positive                


                  XI.h
                
XI - Miscellaneous

                    XI.h - Esophageal pathology (erosion, ulcer, tear, rupture, fistula)",54671203.0,Both,doxycycline,CC1c2cccc(O)c2C(=O)C2C(=O)C3(O)C(=O)C(C(N)=O)C(=O)C(N(C)C)C3C(O)C21,0,0,0,0,,
Dronabinol,"XII.ah
                
XII - Cardiovascular involvement / toxicity

                    XII.ah - Tachycardia",16078.0,Both,dronabinol,CCCCCc1cc(O)c2c(c1)OC(C)(C)C1CCC(C)=CC21,0,0,0,0,,
Droperidol,"IX.c
                
IX - Neuromuscular / CNS involvement - Disordered breathing (during sleep)

                    IX.c - Chest wall muscle rigidity - Stiff/wooden chest",3168.0,Both,droperidol,O=C(CCCN1CC=C(n2c(=O)[nH]c3ccccc32)CC1)c1ccc(F)cc1,0,0,0,0,,
Ecallantide,"X.f
                
X - Systemic/Distant conditions, syndromes and reactions

                    X.f - Anaphylaxis-Anaphylactoid reaction (can be fatal)",44152182.0,Both,ecallantide,CCC(C)C1NC(=O)C(Cc2ccccc2)NC(=O)C(CCC(=O)O)NC(=O)C(CCC(=O)O)NC(=O)C2CSSCC3NC(=O)C(CCC(=O)O)NC(=O)C(CCC(=O)O)NC(=O)C(CC(C)C)NC(=O)C(CO)NC(=O)C(CCC(=O)O)NC(=O)C(Cc4ccccc4)NC(=O)C(CCCN=C(N)N)NC(=O)C(CC(N)=O)NC(=O)C(CCC(N)=O)NC(=O)C(CC(N)=O)NC(=O)CNC(=O)C(CCC(=O)O)NC(=O)C(CSSCC(NC(=O)C4CCCN4C(=O)CNC(=O)C(CC(=O)O)NC(=O)C(CC(=O)O)NC(=O)C(C)NC(=O)C(CCCCN)NC(=O)C(Cc4ccccc4)NC(=O)C(C)NC(=O)C(NC(=O)C(Cc4ccccc4)NC(=O)C(CO)NC(=O)C(Cc4cnc[nH]4)NC(=O)C(CCSC)NC(=O)C(C)NC(=O)C(N)CCC(=O)O)CSSCC(C(=O)NC(C(=O)NC(CCCNC(=N)N)C(=O)NC(CC(=O)O)C(=O)O)C(C)O)NC(=O)C(CCSC)NC(=O)C(CCCCN)NC(=O)C(CCCCN)NC3=O)C(=O)NC(CCCNC(=N)N)C(=O)NC(C)C(=O)NC(C)C(=O)NC(Cc3cnc[nH]3)C(=O)N3CCCC3C(=O)NC(CCCNC(=N)N)C(=O)NC(Cc3c[nH]c4ccccc34)C(=O)NC(Cc3ccccc3)C(=O)NC(Cc3ccccc3)C(=O)NC(CC(N)=O)C(=O)NC(C(C)CC)C(=O)NC(Cc3ccccc3)C(=O)NC(C(C)O)C(=O)NC(CCCNC(=N)N)C(=O)NC(CCC(N)=O)C(=O)N2)NC(=O)CNC(=O)CNC(=O)C(Cc2ccc(O)cc2)NC1=O,0,0,0,0,,
Edoxaban,"III.a
                
III - Pulmonary/alveolar./airway hemorrhage/bleeding

                    III.a - Alveolar hemorrhage (AH), diffuse AH (DAH)",10280735.0,Both,edoxaban,CN1CCc2nc(C(=O)NC3CC(C(=O)N(C)C)CCC3NC(=O)C(=O)Nc3ccc(Cl)cn3)sc2C1,0,0,0,0,,
Elinogrel,"IX.h
                
IX - Neuromuscular / CNS involvement - Disordered breathing (during sleep)

                    IX.h - Dyspnea, unexplained otherwise",16066663.0,Pneumotox_only,elinogrel,CNc1cc2[nH]c(=O)n(-c3ccc(NC(=O)NS(=O)(=O)c4ccc(Cl)s4)cc3)c(=O)c2cc1F,0,0,0,0,,
Eltrombopag,"X.b
                
X - Systemic/Distant conditions, syndromes and reactions

                    X.b - Antiphospholipid antibodies w/wo the APL syndrome",135449332.0,Both,eltrombopag,Cc1ccc(-n2[nH]c(C)c(N=Nc3cccc(-c4cccc(C(=O)O)c4)c3O)c2=O)cc1C,0,0,0,0,,
Encorafenib (LGX818),"X.k
                
X - Systemic/Distant conditions, syndromes and reactions

                    X.k - Sarcoid-like granulomatosis (endo-/extrathoracic)",50922675.0,Pneumotox_only,encorafenib (lgx818),COC(=O)NC(C)CNc1nccc(-c2cn(C(C)C)nc2-c2cc(Cl)cc(NS(C)(=O)=O)c2F)n1,0,0,0,0,,
Eptifibatide,"III.a
                
III - Pulmonary/alveolar./airway hemorrhage/bleeding

                    III.a - Alveolar hemorrhage (AH), diffuse AH (DAH)                


                  VIII.a
                
VIII - Central-large-upper airway (incl. pharyngeal-nasal) involvement

                    VIII.a - Angioedema (may cause UAO, asphyxia and death)",448812.0,Both,eptifibatide,N=C(N)NCCCCC1NC(=O)CCSSCC(C(N)=O)NC(=O)C2CCCN2C(=O)C(Cc2c[nH]c3ccccc23)NC(=O)C(CC(=O)O)NC(=O)CNC1=O,0,0,0,0,,
Erythritol,"X.f
                
X - Systemic/Distant conditions, syndromes and reactions

                    X.f - Anaphylaxis-Anaphylactoid reaction (can be fatal)",222285.0,Pneumotox_only,erythritol,OCC(O)C(O)CO,0,0,0,0,,
Erythromycin,"VIII.a
                
VIII - Central-large-upper airway (incl. pharyngeal-nasal) involvement

                    VIII.a - Angioedema (may cause UAO, asphyxia and death)                


                  X.f
                
X - Systemic/Distant conditions, syndromes and reactions

                    X.f - Anaphylaxis-Anaphylactoid reaction (can be fatal)                


                  X.h
                
X - Systemic/Distant conditions, syndromes and reactions

                    X.h - Eosinophilic granulomatosis with polyangiitis (Churg-Strauss)",12560.0,Both,erythromycin,CCC1OC(=O)C(C)C(OC2CC(C)(OC)C(O)C(C)O2)C(C)C(OC2OC(C)CC(N(C)C)C2O)C(C)(O)CC(C)C(=O)C(C)C(O)C1(C)O,0,0,0,0,,
Esmolol,"IV.a
                
IV - Airway involvement

                    IV.a - Bronchospasm - Wheezing - Asthma",59768.0,Both,esmolol,COC(=O)CCc1ccc(OCC(O)CNC(C)C)cc1,0,0,0,0,,
Ethylphenidate,"XI.r
                
XI - Miscellaneous

                    XI.r - Death following exposure or poisoning",3080846.0,Pneumotox_only,ethylphenidate,CCOC(=O)C(c1ccccc1)C1CCCCN1,0,0,0,0,,
Ezetimibe,"X.s
                
X - Systemic/Distant conditions, syndromes and reactions

                    X.s - Vasculitis, pulmonary (w/wo AH), extrapulmonary, systemic: ANCA-positive",150311.0,Both,ezetimibe,O=C1C(CCC(O)c2ccc(F)cc2)C(c2ccc(O)cc2)N1c1ccc(F)cc1,0,0,0,0,,
Famotidine,"X.f
                
X - Systemic/Distant conditions, syndromes and reactions

                    X.f - Anaphylaxis-Anaphylactoid reaction (can be fatal)",3325.0,Both,famotidine,N=C(CCSCc1csc(N=C(N)N)n1)NS(N)(=O)=O,0,0,0,0,,
Favipiravir,"XII.ag
                
XII - Cardiovascular involvement / toxicity

                    XII.ag - Bradycardia",492405.0,Pneumotox_only,favipiravir,NC(=O)c1nc(F)c[nH]c1=O,0,0,0,0,,
Fenofibrate,"X.j
                
X - Systemic/Distant conditions, syndromes and reactions

                    X.j - Myopathy-Myositis-Polymyositis (see also under Xba)",3339.0,Both,fenofibrate,CC(C)OC(=O)C(C)(C)Oc1ccc(C(=O)c2ccc(Cl)cc2)cc1,0,0,0,0,,
Filgotinib,"XVII.a
                
XVII - Infections & related conditions

                    XVII.a - Respiratory tract infection incl. pneumonia",49831257.0,Pneumotox_only,filgotinib,O=C(Nc1nc2cccc(-c3ccc(CN4CCS(=O)(=O)CC4)cc3)n2n1)C1CC1,0,0,0,0,,
Flavopiridol,"X.n
                
X - Systemic/Distant conditions, syndromes and reactions

                    X.n - Tumor lysis syndrome (TLS)",5287969.0,Pneumotox_only,flavopiridol,CN1CCC(c2c(O)cc(O)c3c(=O)cc(-c4ccccc4Cl)oc23)C(O)C1,0,0,0,0,,
Flibanserin,"IX.c
                
IX - Neuromuscular / CNS involvement - Disordered breathing (during sleep)

                    IX.c - Chest wall muscle rigidity - Stiff/wooden chest                


                  IX.d
                
IX - Neuromuscular / CNS involvement - Disordered breathing (during sleep)

                    IX.d - Respiratory failure from ventilatory depression (due to neuromuscular blockade/paralysis)",6918248.0,Both,flibanserin,O=c1[nH]c2ccccc2n1CCN1CCN(c2cccc(C(F)(F)F)c2)CC1,0,0,0,0,,
Flucloxacillin,"X.f
                
X - Systemic/Distant conditions, syndromes and reactions

                    X.f - Anaphylaxis-Anaphylactoid reaction (can be fatal)",21319.0,Both,flucloxacillin,Cc1onc(-c2c(F)cccc2Cl)c1C(=O)NC1C(=O)N2C1SC(C)(C)C2C(=O)O,0,0,0,0,,
Flumazenil,"IX.a
                
IX - Neuromuscular / CNS involvement - Disordered breathing (during sleep)

                    IX.a - Diaphragm/inspiratory muscle weakness/paralysis (w/wo ARF)",3373.0,Both,flumazenil,CCOC(=O)c1ncn2c1CN(C)C(=O)c1cc(F)ccc1-2,0,0,0,0,,
Fluorodeoxyglucose,"X.g
                
X - Systemic/Distant conditions, syndromes and reactions

                    X.g - Hypersensitivity reaction (may manifest with fever and/or skin, throat or airway involvement)",53716604.0,Pneumotox_only,fluorodeoxyglucose,O=C(F)CC(O)C(O)C(O)CO,0,0,0,0,,
Flupentixol,"VIII.e
                
VIII - Central-large-upper airway (incl. pharyngeal-nasal) involvement

                    VIII.e - Laryngospasm (a.k.a. laryngismus)                


                  VIII.h
                
VIII - Central-large-upper airway (incl. pharyngeal-nasal) involvement

                    VIII.h - Vocal cord dysfunction, adduction, closure, injury",5281881.0,Pneumotox_only,flupentixol,OCCN1CCN(CCC=C2c3ccccc3Sc3ccc(C(F)(F)F)cc32)CC1,0,0,0,0,,
Flurbiprofen,"IV.a
                
IV - Airway involvement

                    IV.a - Bronchospasm - Wheezing - Asthma                


                  IV.f
                
IV - Airway involvement

                    IV.f - Severe or catastrophic bronchospasm or asthma attack (can be fatal)                


                  XII.d
                
XII - Cardiovascular involvement / toxicity

                    XII.d - Myocarditis (can be fulminant)",3394.0,Both,flurbiprofen,CC(C(=O)O)c1ccc(-c2ccccc2)c(F)c1,0,0,0,0,,
Folic acid,"X.f
                
X - Systemic/Distant conditions, syndromes and reactions

                    X.f - Anaphylaxis-Anaphylactoid reaction (can be fatal)",135398658.0,Both,folic acid,Nc1nc(=O)c2nc(CNc3ccc(C(=O)NC(CCC(=O)O)C(=O)O)cc3)cnc2[nH]1,0,0,0,0,,
Formic acid,"XIV.c
                
XIV - Hemoglobinopathies - Abnormal hemoglobin states (acquired)

                    XIV.c - Carboxyhemoglobinemia",284.0,Pneumotox_only,formic acid,O=CO,0,0,0,0,,
Fosphenytoin,"XII.x
                
XII - Cardiovascular involvement / toxicity

                    XII.x - Sinus arrest",56339.0,Both,fosphenytoin,O=C1NC(c2ccccc2)(c2ccccc2)C(=O)N1COP(=O)(O)O,0,0,0,0,,
Furosemide,"VIII.e
                
VIII - Central-large-upper airway (incl. pharyngeal-nasal) involvement

                    VIII.e - Laryngospasm (a.k.a. laryngismus)                


                  X.a
                
X - Systemic/Distant conditions, syndromes and reactions

                    X.a - DRES syndrome - DRESS-like reaction",3440.0,Both,furosemide,NS(=O)(=O)c1cc(C(=O)O)c(NCc2ccco2)cc1Cl,0,0,0,0,,
Gilteritinib,,49803313.0,Both,gilteritinib,CCc1nc(C(N)=O)c(Nc2ccc(N3CCC(N4CCN(C)CC4)CC3)c(OC)c2)nc1NC1CCOCC1,0,0,0,0,,
Glasdegib,"XVII.a
                
XVII - Infections & related conditions

                    XVII.a - Respiratory tract infection incl. pneumonia",25166913.0,Pneumotox_only,glasdegib,CN1CCC(NC(=O)Nc2ccc(C#N)cc2)CC1c1nc2ccccc2[nH]1,0,0,0,0,,
Glucagon,"XII.ai
                
XII - Cardiovascular involvement / toxicity

                    XII.ai - Cardiotoxicity",16132283.0,Pneumotox_only,glucagon,CSCCC(NC(=O)C(CC(C)C)NC(=O)C(Cc1c[nH]c2ccccc12)NC(=O)C(CCC(N)=O)NC(=O)C(NC(=O)C(Cc1ccccc1)NC(=O)C(CC(=O)O)NC(=O)C(CCC(N)=O)NC(=O)C(C)NC(=O)C(CCCN=C(N)N)NC(=O)C(CCCNC(=N)N)NC(=O)C(CO)NC(=O)C(CC(=O)O)NC(=O)C(CC(C)C)NC(=O)C(Cc1ccc(O)cc1)NC(=O)C(CCCCN)NC(=O)C(CO)NC(=O)C(Cc1ccc(O)cc1)NC(=O)C(CC(=O)O)NC(=O)C(CO)NC(=O)C(NC(=O)C(Cc1ccccc1)NC(=O)C(NC(=O)CNC(=O)C(CCC(N)=O)NC(=O)C(CO)NC(=O)C(N)Cc1cnc[nH]1)C(C)O)C(C)O)C(C)C)C(=O)NC(CC(N)=O)C(=O)NC(C(=O)O)C(C)O,0,0,0,0,,
Gonadorelin,"X.f
                
X - Systemic/Distant conditions, syndromes and reactions

                    X.f - Anaphylaxis-Anaphylactoid reaction (can be fatal)",638793.0,Both,gonadorelin,CC(C)CC(NC(=O)CNC(=O)C(Cc1ccc(O)cc1)NC(=O)C(CO)NC(=O)C(Cc1c[nH]c2ccccc12)NC(=O)C(Cc1c[nH]cn1)NC(=O)C1CCC(=O)N1)C(=O)NC(CCCN=C(N)N)C(=O)N1CCCC1C(=O)NCC(N)=O,0,0,0,0,,
Hexamethylmelamine,"IX.b
                
IX - Neuromuscular / CNS involvement - Disordered breathing (during sleep)

                    IX.b - Respiratory dyskinesia",2123.0,Pneumotox_only,hexamethylmelamine,CN(C)c1nc(N(C)C)nc(N(C)C)n1,0,0,0,0,,
Hirudin,"IX.h
                
IX - Neuromuscular / CNS involvement - Disordered breathing (during sleep)

                    IX.h - Dyspnea, unexplained otherwise",72941487.0,Pneumotox_only,hirudin,CCC(C)C1NC(=O)C2CSSCC(NC(=O)C(CC(C)C)NC(=O)C3CSSCC(NC(=O)C(CC(=O)O)NC(=O)C(NC(=O)C(Cc4ccc(O)cc4)NC(=O)C(NC(=O)C(N)C(C)C)C(C)C)C(C)O)C(=O)NC(C(C)O)C(=O)NC(CCC(=O)O)C(=O)NC(CO)C(=O)NCC(=O)NC(CCC(N)=O)C(=O)NC(CC(N)=O)C(=O)NC(CC(C)C)C(=O)N3)C(=O)NC(CCC(=O)O)C(=O)NCC(=O)NC(CO)C(=O)NC(CC(N)=O)C(=O)NC(C(C)C)C(=O)NC(CSSCC(C(=O)NC(C(=O)NC(C(=O)NCC(=O)NC(CCC(=O)O)C(=O)NCC(=O)NC(C(=O)N3CCCC3C(=O)NC(CCCCN)C(=O)N3CCCC3C(=O)NC(CCC(N)=O)C(=O)NC(CO)C(=O)NC(Cc3c[nH]cn3)C(=O)NC(CC(N)=O)C(=O)NC(CC(=O)O)C(=O)NCC(=O)NC(CC(=O)O)C(=O)NC(Cc3ccccc3)C(=O)NC(CCC(=O)O)C(=O)NC(CCC(=O)O)C(=O)NC(C(=O)N3CCCC3C(=O)NC(CCC(=O)O)C(=O)NC(CCC(=O)O)C(=O)NC(Cc3ccc(OS(=O)(=O)O)cc3)C(=O)NC(CC(C)C)C(=O)NC(CCC(N)=O)C(=O)O)C(C)CC)C(C)O)C(C)O)C(C)C)NC(=O)C(CCC(N)=O)NC(=O)C(CC(N)=O)NC(=O)C(CCCCN)NC(=O)C(CCC(=O)O)NC(=O)CNC(=O)C(CC(=O)O)NC(=O)C(CO)NC(=O)CNC(=O)C(CC(C)C)NC1=O)C(=O)NCC(=O)NC(CCC(N)=O)C(=O)NCC(=O)NC(CC(N)=O)C(=O)NC(CCCCN)C(=O)N2,0,0,0,0,,
Hydromorphone,"VIII.a
                
VIII - Central-large-upper airway (incl. pharyngeal-nasal) involvement

                    VIII.a - Angioedema (may cause UAO, asphyxia and death)",5284570.0,Both,hydromorphone,CN1CCC23c4c5ccc(O)c4OC2C(=O)CCC3C1C5,0,0,0,0,,
Ibogaine,"XI.r
                
XI - Miscellaneous

                    XI.r - Death following exposure or poisoning                


                  XII.m
                
XII - Cardiovascular involvement / toxicity

                    XII.m - Cardiac- cardiorespiratory/pulmonary arrest",197060.0,Pneumotox_only,ibogaine,CCC1CC2CC3c4[nH]c5ccc(OC)cc5c4CCN(C2)C13,0,0,0,0,,
Icodextrin,"X.g
                
X - Systemic/Distant conditions, syndromes and reactions

                    X.g - Hypersensitivity reaction (may manifest with fever and/or skin, throat or airway involvement)",3517.0,Both,icodextrin,N=C(N)NN=Cc1c(Cl)cccc1Cl,0,0,0,0,,
Iloperidone,"XII.p
                
XII - Cardiovascular involvement / toxicity

                    XII.p - QTc prolongation",71360.0,Both,iloperidone,COc1cc(C(C)=O)ccc1OCCCN1CCC(c2noc3cc(F)ccc23)CC1,0,0,0,0,,
Imidacloprid,"IX.d
                
IX - Neuromuscular / CNS involvement - Disordered breathing (during sleep)

                    IX.d - Respiratory failure from ventilatory depression (due to neuromuscular blockade/paralysis)",86287518.0,Pneumotox_only,imidacloprid,O=[N+]([O-])NC1=NCCN1Cc1ccc(Cl)nc1,0,0,0,0,,
Iohexol,"X.n
                
X - Systemic/Distant conditions, syndromes and reactions

                    X.n - Tumor lysis syndrome (TLS)",3730.0,Both,iohexol,CC(=O)N(CC(O)CO)c1c(I)c(C(=O)NCC(O)CO)c(I)c(C(=O)NCC(O)CO)c1I,0,0,0,0,,
Irbesartan,"VIII.a
                
VIII - Central-large-upper airway (incl. pharyngeal-nasal) involvement

                    VIII.a - Angioedema (may cause UAO, asphyxia and death)",3749.0,Both,irbesartan,CCCCC1=NC2(CCCC2)C(=O)N1Cc1ccc(-c2ccccc2-c2nn[nH]n2)cc1,0,0,0,0,,
Isoflurane,"IV.a
                
IV - Airway involvement

                    IV.a - Bronchospasm - Wheezing - Asthma                


                  IV.e
                
IV - Airway involvement

                    IV.e - Cough (acute, violent, explosive)",3763.0,Both,isoflurane,FC(F)OC(Cl)C(F)(F)F,0,0,0,0,,
Isoprenaline,"IV.a
                
IV - Airway involvement

                    IV.a - Bronchospasm - Wheezing - Asthma",3779.0,Both,isoprenaline,CC(C)NCC(O)c1ccc(O)c(O)c1,0,0,0,0,,
Isopropylantipyrine,"IV.a
                
IV - Airway involvement

                    IV.a - Bronchospasm - Wheezing - Asthma                


                  X.f
                
X - Systemic/Distant conditions, syndromes and reactions

                    X.f - Anaphylaxis-Anaphylactoid reaction (can be fatal)",3778.0,Pneumotox_only,isopropylantipyrine,Cc1c(C(C)C)c(=O)n(-c2ccccc2)n1C,0,0,0,0,,
Isosulfan blue,"XI.f
                
XI - Miscellaneous

                    XI.f - Bluish, pseudocyanotic skin discoloration                


                  XIV.g
                
XIV - Hemoglobinopathies - Abnormal hemoglobin states (acquired)

                    XIV.g - A condition mimicking methemoglobinemia",50108.0,Pneumotox_only,isosulfan blue,CCN(CC)c1ccc(C(=C2C=CC(=[N+](CC)CC)C=C2)c2cc(S(=O)(=O)[O-])ccc2S(=O)(=O)[O-])cc1,0,0,0,0,,
Ixazomib,"XII.ai
                
XII - Cardiovascular involvement / toxicity

                    XII.ai - Cardiotoxicity",25183872.0,Both,ixazomib,CC(C)CC(NC(=O)CNC(=O)c1cc(Cl)ccc1Cl)B(O)O,0,0,0,0,,
Ketoprofen,"IV.a
                
IV - Airway involvement

                    IV.a - Bronchospasm - Wheezing - Asthma",3825.0,Both,ketoprofen,CC(C(=O)O)c1cccc(C(=O)c2ccccc2)c1,0,0,0,0,,
Ketorolac,"III.a
                
III - Pulmonary/alveolar./airway hemorrhage/bleeding

                    III.a - Alveolar hemorrhage (AH), diffuse AH (DAH)                


                  IV.a
                
IV - Airway involvement

                    IV.a - Bronchospasm - Wheezing - Asthma                


                  IV.f
                
IV - Airway involvement

                    IV.f - Severe or catastrophic bronchospasm or asthma attack (can be fatal)                


                  X.f
                
X - Systemic/Distant conditions, syndromes and reactions

                    X.f - Anaphylaxis-Anaphylactoid reaction (can be fatal)                


                  XI.b
                
XI - Miscellaneous

                    XI.b - Chest pain (acute or subacute), lone or prominent",3826.0,Both,ketorolac,O=C(c1ccccc1)c1ccc2n1CCC2C(=O)O,0,0,0,0,,
Lacosamide,"XII.l
                
XII - Cardiovascular involvement / toxicity

                    XII.l - Cardiac arrhythmias or dysrhythmias (AF, VT, VF, TdP)",219078.0,Both,lacosamide,COCC(NC(C)=O)C(=O)NCc1ccccc1,0,0,0,0,,
Landiolol,"IV.a
                
IV - Airway involvement

                    IV.a - Bronchospasm - Wheezing - Asthma",114905.0,Pneumotox_only,landiolol,CC1(C)OCC(COC(=O)CCc2ccc(OCC(O)CNCCNC(=O)N3CCOCC3)cc2)O1,0,0,0,0,,
Latanoprost,"IV.a
                
IV - Airway involvement

                    IV.a - Bronchospasm - Wheezing - Asthma                


                  IV.d
                
IV - Airway involvement

                    IV.d - Cough (lone)",5311221.0,Both,latanoprost,CC(C)OC(=O)CCCC=CCC1C(O)CC(O)C1CCC(O)CCc1ccccc1,0,0,0,0,,
Levomepromazine,"VIII.c
                
VIII - Central-large-upper airway (incl. pharyngeal-nasal) involvement

                    VIII.c - Upper airway obstruction other than angioedema or hematoma",72287.0,Pneumotox_only,levomepromazine,COc1ccc2c(c1)N(CC(C)CN(C)C)c1ccccc1S2,0,0,0,0,,
Levonorgestrel,"III.a
                
III - Pulmonary/alveolar./airway hemorrhage/bleeding

                    III.a - Alveolar hemorrhage (AH), diffuse AH (DAH)",13109.0,Both,levonorgestrel,C#CC1(O)CCC2C3CC=C4CC(=O)CCC4C3CCC21CC,0,0,0,0,,
Linagliptin,"IV.d
                
IV - Airway involvement

                    IV.d - Cough (lone)",10096344.0,Both,linagliptin,CC#CCn1c(N2CCCC(N)C2)nc2c1c(=O)n(Cc1nc(C)c3ccccc3n1)c(=O)n2C,0,0,0,0,,
Linezolid,"XI.d
                
XI - Miscellaneous

                    XI.d - Metabolic acidosis (incl. lactic acidosis/-gap). May cause hyperpnea/dyspnea",441401.0,Both,linezolid,CC(=O)NCC1CN(c2ccc(N3CCOCC3)c(F)c2)C(=O)O1,0,0,0,0,,
Loratadine,"VIII.a
                
VIII - Central-large-upper airway (incl. pharyngeal-nasal) involvement

                    VIII.a - Angioedema (may cause UAO, asphyxia and death)",3957.0,Both,loratadine,CCOC(=O)N1CCC(=C2c3ccc(Cl)cc3CCc3cccnc32)CC1,0,0,0,0,,
Lorazepam,"IX.a
                
IX - Neuromuscular / CNS involvement - Disordered breathing (during sleep)

                    IX.a - Diaphragm/inspiratory muscle weakness/paralysis (w/wo ARF)",3958.0,Both,lorazepam,O=C1N=C(c2ccccc2Cl)c2cc(Cl)ccc2NC1O,0,0,0,0,,
Lovastatin,"X.d
                
X - Systemic/Distant conditions, syndromes and reactions

                    X.d - Lupus - Lupus syndrome (see also Vd)",53232.0,Both,lovastatin,CCC(C)C(=O)OC1CC(C)C=C2C=CC(C)C(CCC3CC(O)CC(=O)O3)C21,0,0,0,0,,
Lubiprostone,"XI.bk
                
XI - Miscellaneous

                    XI.bk - Finger clubbing",157920.0,Both,lubiprostone,CCCCC(F)(F)C1(O)CCC2C(CC(=O)C2CCCCCCC(=O)O)O1,0,0,0,0,,
MT-45,"XI.r
                
XI - Miscellaneous

                    XI.r - Death following exposure or poisoning",431865.0,Pneumotox_only,mt-45,c1ccc(CC(c2ccccc2)N2CCN(C3CCCCC3)CC2)cc1,0,0,0,0,,
Malachite green,"XIV.a
                
XIV - Hemoglobinopathies - Abnormal hemoglobin states (acquired)

                    XIV.a - Methemoglobinemia",11294.0,Pneumotox_only,malachite green,CN(C)c1ccc(C(=C2C=CC(=[N+](C)C)C=C2)c2ccccc2)cc1,0,0,0,0,,
Malathion,"IX.d
                
IX - Neuromuscular / CNS involvement - Disordered breathing (during sleep)

                    IX.d - Respiratory failure from ventilatory depression (due to neuromuscular blockade/paralysis)",4004.0,Pneumotox_only,malathion,CCOC(=O)CC(SP(=S)(OC)OC)C(=O)OCC,0,0,0,0,,
Masitinib,"X.h
                
X - Systemic/Distant conditions, syndromes and reactions

                    X.h - Eosinophilic granulomatosis with polyangiitis (Churg-Strauss)",10074640.0,Pneumotox_only,masitinib,Cc1ccc(NC(=O)c2ccc(CN3CCN(C)CC3)cc2)cc1Nc1nc(-c2cccnc2)cs1,0,0,0,0,,
Mephedrone,"XI.a
                
XI - Miscellaneous

                    XI.a - Cyanosis, a low SpO2 and normal measured PaO2                


                  XI.b
                
XI - Miscellaneous

                    XI.b - Chest pain (acute or subacute), lone or prominent                


                  XII.g
                
XII - Cardiovascular involvement / toxicity

                    XII.g - Coronary artery disease (acute) - Myocardial ischemia/infarction                


                  XIV.a
                
XIV - Hemoglobinopathies - Abnormal hemoglobin states (acquired)

                    XIV.a - Methemoglobinemia",45266826.0,Pneumotox_only,mephedrone,CNC(C)C(=O)c1ccc(C)cc1,0,0,0,0,,
Mephenytoin,"VII.a
                
VII - Mediastinal involvement

                    VII.a - Lymphadenopathy (intrathoracic)",4060.0,Both,mephenytoin,CCC1(c2ccccc2)NC(=O)N(C)C1=O,0,0,0,0,,
Metaflumizone,"XIV.a
                
XIV - Hemoglobinopathies - Abnormal hemoglobin states (acquired)

                    XIV.a - Methemoglobinemia",11614934.0,Pneumotox_only,metaflumizone,N#Cc1ccc(CC(=NNC(=O)Nc2ccc(OC(F)(F)F)cc2)c2cccc(C(F)(F)F)c2)cc1,0,0,0,0,,
Methohexital,"VIII.e
                
VIII - Central-large-upper airway (incl. pharyngeal-nasal) involvement

                    VIII.e - Laryngospasm (a.k.a. laryngismus)",9034.0,Both,methohexital,C=CCC1(C(C)C#CCC)C(=O)NC(=O)N(C)C1=O,0,0,0,0,,
Methoxetamine,"XI.r
                
XI - Miscellaneous

                    XI.r - Death following exposure or poisoning",52911279.0,Pneumotox_only,methoxetamine,CCNC1(c2cccc(OC)c2)CCCCC1=O,0,0,0,0,,
Methyl chloride,"XIV.c
                
XIV - Hemoglobinopathies - Abnormal hemoglobin states (acquired)

                    XIV.c - Carboxyhemoglobinemia",6327.0,Pneumotox_only,methyl chloride,CCl,0,0,0,0,,
Methylone,"XI.r
                
XI - Miscellaneous

                    XI.r - Death following exposure or poisoning                


                  XII.f
                
XII - Cardiovascular involvement / toxicity

                    XII.f - Cardiomyopathy (acute, subacute, chronic)                


                  XV.bs
                
XV - Pathology

                    XV.bs - Path: Striated heart muscle damage",45789647.0,Pneumotox_only,methylone,CNC(C)C(=O)c1ccc2c(c1)OCO2,0,0,0,0,,
Methylprednisolone,"IV.a
                
IV - Airway involvement

                    IV.a - Bronchospasm - Wheezing - Asthma                


                  IV.f
                
IV - Airway involvement

                    IV.f - Severe or catastrophic bronchospasm or asthma attack (can be fatal)                


                  VIII.a
                
VIII - Central-large-upper airway (incl. pharyngeal-nasal) involvement

                    VIII.a - Angioedema (may cause UAO, asphyxia and death)                


                  X.f
                
X - Systemic/Distant conditions, syndromes and reactions

                    X.f - Anaphylaxis-Anaphylactoid reaction (can be fatal)                


                  XII.m
                
XII - Cardiovascular involvement / toxicity

                    XII.m - Cardiac- cardiorespiratory/pulmonary arrest",6741.0,Both,methylprednisolone,CC1=C2CC(=O)C=CC2(C)C2C(O)CC3(C)C(CCC3(O)C(=O)CO)C2C1,0,0,0,0,,
Metoclopramide,"IV.a
                
IV - Airway involvement

                    IV.a - Bronchospasm - Wheezing - Asthma                


                  IV.f
                
IV - Airway involvement

                    IV.f - Severe or catastrophic bronchospasm or asthma attack (can be fatal)                


                  IX.b
                
IX - Neuromuscular / CNS involvement - Disordered breathing (during sleep)

                    IX.b - Respiratory dyskinesia                


                  XIV.a
                
XIV - Hemoglobinopathies - Abnormal hemoglobin states (acquired)

                    XIV.a - Methemoglobinemia                


                  XIV.b
                
XIV - Hemoglobinopathies - Abnormal hemoglobin states (acquired)

                    XIV.b - Sulfhemoglobinemia",4168.0,Both,metoclopramide,CCN(CC)CCNC(=O)c1cc(Cl)c(N)cc1OC,0,0,0,0,,
Miconazole,"X.f
                
X - Systemic/Distant conditions, syndromes and reactions

                    X.f - Anaphylaxis-Anaphylactoid reaction (can be fatal)",4189.0,Both,miconazole,Clc1ccc(COC(Cn2ccnc2)c2ccc(Cl)cc2Cl)c(Cl)c1,0,0,0,0,,
Midazolam,"IV.a
                
IV - Airway involvement

                    IV.a - Bronchospasm - Wheezing - Asthma                


                  VIII.z
                
VIII - Central-large-upper airway (incl. pharyngeal-nasal) involvement

                    VIII.z - An increased bite force                


                  IX.f
                
IX - Neuromuscular / CNS involvement - Disordered breathing (during sleep)

                    IX.f - Hiccup                


                  IX.g
                
IX - Neuromuscular / CNS involvement - Disordered breathing (during sleep)

                    IX.g - Hyperpnea - Hyperventilation - Low PaCO2                


                  X.f
                
X - Systemic/Distant conditions, syndromes and reactions

                    X.f - Anaphylaxis-Anaphylactoid reaction (can be fatal)                


                  XII.m
                
XII - Cardiovascular involvement / toxicity

                    XII.m - Cardiac- cardiorespiratory/pulmonary arrest",4192.0,Both,midazolam,Cc1ncc2n1-c1ccc(Cl)cc1C(c1ccccc1F)=NC2,0,0,0,0,,
Mirabegron,"IX.a
                
IX - Neuromuscular / CNS involvement - Disordered breathing (during sleep)

                    IX.a - Diaphragm/inspiratory muscle weakness/paralysis (w/wo ARF)",9865528.0,Both,mirabegron,Nc1nc(CC(=O)Nc2ccc(CCNCC(O)c3ccccc3)cc2)cs1,0,0,0,0,,
Mitotane,"IX.h
                
IX - Neuromuscular / CNS involvement - Disordered breathing (during sleep)

                    IX.h - Dyspnea, unexplained otherwise",4211.0,Both,mitotane,Clc1ccc(C(c2ccccc2Cl)C(Cl)Cl)cc1,0,0,0,0,,
Moxalactam,"III.a
                
III - Pulmonary/alveolar./airway hemorrhage/bleeding

                    III.a - Alveolar hemorrhage (AH), diffuse AH (DAH)                


                  X.f
                
X - Systemic/Distant conditions, syndromes and reactions

                    X.f - Anaphylaxis-Anaphylactoid reaction (can be fatal)",47499.0,Pneumotox_only,moxalactam,COC1(NC(=O)C(C(=O)O)c2ccc(O)cc2)C(=O)N2C(C(=O)O)=C(CSc3nnnn3C)COC21,0,0,0,0,,
Moxidectin,"XXIV.i
                
XXIV - Veterinary medicine

                    XXIV.i - Veterinary: Respiratory/Ventilatory depression",9832912.0,Pneumotox_only,moxidectin,CON=C1CC2(CC3CC(CC=C(C)CC(C)C=CC=C4COC5C(O)C(C)=CC(C(=O)O3)C45O)O2)OC(C(C)=CC(C)C)C1C,0,0,0,0,,
Moxifloxacin,"X.f
                
X - Systemic/Distant conditions, syndromes and reactions

                    X.f - Anaphylaxis-Anaphylactoid reaction (can be fatal)",152946.0,Both,moxifloxacin,COc1c(N2CC3CCCNC3C2)c(F)cc2c(=O)c(C(=O)O)cn(C3CC3)c12,0,0,0,0,,
Naftidrofuryl,"IV.b
                
IV - Airway involvement

                    IV.b - Bronchospasm and angioedema",4417.0,Pneumotox_only,naftidrofuryl,CCN(CC)CCOC(=O)C(Cc1cccc2ccccc12)CC1CCCO1,0,0,0,0,,
Nebivolol,"IV.a
                
IV - Airway involvement

                    IV.a - Bronchospasm - Wheezing - Asthma",71301.0,Both,nebivolol,OC(CNCC(O)C1CCc2cc(F)ccc2O1)C1CCc2cc(F)ccc2O1,0,0,0,0,,
Niacin,"XII.n
                
XII - Cardiovascular involvement / toxicity

                    XII.n - Cardiovascular collapse - Cardiogenic shock - Hypotension",938.0,Both,niacin,O=C(O)c1cccnc1,0,0,0,0,,
Nicorandil,"XIV.a
                
XIV - Hemoglobinopathies - Abnormal hemoglobin states (acquired)

                    XIV.a - Methemoglobinemia",47528.0,Both,nicorandil,O=C(NCCO[N+](=O)[O-])c1cccnc1,0,0,0,0,,
Nitrazepam,"IV.a
                
IV - Airway involvement

                    IV.a - Bronchospasm - Wheezing - Asthma",4506.0,Both,nitrazepam,O=C1CN=C(c2ccccc2)c2cc([N+](=O)[O-])ccc2N1,0,0,0,0,,
Olmesartan,"VIII.a
                
VIII - Central-large-upper airway (incl. pharyngeal-nasal) involvement

                    VIII.a - Angioedema (may cause UAO, asphyxia and death)                


                  VIII.q
                
VIII - Central-large-upper airway (incl. pharyngeal-nasal) involvement

                    VIII.q - Tongue involvement (edema, glossitis, hematoma)",158781.0,Both,olmesartan,CCCc1nc(C(C)(C)O)c(C(=O)O)n1Cc1ccc(-c2ccccc2-c2nn[nH]n2)cc1,0,0,0,0,,
Olsalazine,"X.d
                
X - Systemic/Distant conditions, syndromes and reactions

                    X.d - Lupus - Lupus syndrome (see also Vd)",22419.0,Both,olsalazine,O=C(O)c1cc(N=Nc2ccc(O)c(C(=O)O)c2)ccc1O,0,0,0,0,,
Omapatrilat,"IV.d
                
IV - Airway involvement

                    IV.d - Cough (lone)                


                  VIII.a
                
VIII - Central-large-upper airway (incl. pharyngeal-nasal) involvement

                    VIII.a - Angioedema (may cause UAO, asphyxia and death)",656629.0,Pneumotox_only,omapatrilat,O=C(NC1CCSC2CCCC(C(=O)O)N2C1=O)C(S)Cc1ccccc1,0,0,0,0,,
Oxaprozin,"IV.f
                
IV - Airway involvement

                    IV.f - Severe or catastrophic bronchospasm or asthma attack (can be fatal)",4614.0,Both,oxaprozin,O=C(O)CCc1nc(-c2ccccc2)c(-c2ccccc2)o1,0,0,0,0,,
Oxetorone,"XI.ba
                
XI - Miscellaneous

                    XI.ba - Nonrespiratory AE of interest                


                  XII.l
                
XII - Cardiovascular involvement / toxicity

                    XII.l - Cardiac arrhythmias or dysrhythmias (AF, VT, VF, TdP)                


                  XII.n
                
XII - Cardiovascular involvement / toxicity

                    XII.n - Cardiovascular collapse - Cardiogenic shock - Hypotension                


                  XII.p
                
XII - Cardiovascular involvement / toxicity

                    XII.p - QTc prolongation                


                  XII.s
                
XII - Cardiovascular involvement / toxicity

                    XII.s - Heart block (bundle branch- or AV-)",36846.0,Pneumotox_only,oxetorone,CN(C)CCC=C1c2ccccc2OCc2c1oc1ccccc21,0,0,0,0,,
Oxymorphone,"X.af
                
X - Systemic/Distant conditions, syndromes and reactions

                    X.af - Thrombotic microangiopathy",5284604.0,Both,oxymorphone,CN1CCC23c4c5ccc(O)c4OC2C(=O)CCC3(O)C1C5,0,0,0,0,,
Pancrelipase,"IV.a
                
IV - Airway involvement

                    IV.a - Bronchospasm - Wheezing - Asthma                


                  X.g
                
X - Systemic/Distant conditions, syndromes and reactions

                    X.g - Hypersensitivity reaction (may manifest with fever and/or skin, throat or airway involvement)",8519.0,Both,pancrelipase,O=C([O-])C1C2CCC(O2)C1C(=O)[O-],0,0,0,0,,
Para-dichlorobenzene,"XIV.a
                
XIV - Hemoglobinopathies - Abnormal hemoglobin states (acquired)

                    XIV.a - Methemoglobinemia",4685.0,Pneumotox_only,para-dichlorobenzene,Clc1ccc(Cl)cc1,0,0,0,0,,
Patent blue,"X.f
                
X - Systemic/Distant conditions, syndromes and reactions

                    X.f - Anaphylaxis-Anaphylactoid reaction (can be fatal)",77074.0,Pneumotox_only,patent blue,CCN(CC)c1ccc(C(=C2C=CC(=[N+](CC)CC)C=C2)c2cc(O)c(S(=O)(=O)O)cc2S(=O)(=O)O)cc1,0,0,0,0,,
Perampanel,"XII.n
                
XII - Cardiovascular involvement / toxicity

                    XII.n - Cardiovascular collapse - Cardiogenic shock - Hypotension                


                  XII.ag
                
XII - Cardiovascular involvement / toxicity

                    XII.ag - Bradycardia",9924495.0,Both,perampanel,N#Cc1ccccc1-c1cc(-c2ccccn2)cn(-c2ccccc2)c1=O,0,0,0,0,,
Permethrin,"XI.d
                
XI - Miscellaneous

                    XI.d - Metabolic acidosis (incl. lactic acidosis/-gap). May cause hyperpnea/dyspnea",40326.0,Pneumotox_only,permethrin,CC1(C)C(C=C(Cl)Cl)C1C(=O)OCc1cccc(Oc2ccccc2)c1,0,0,0,0,,
Phenacetin,"XIV.a
                
XIV - Hemoglobinopathies - Abnormal hemoglobin states (acquired)

                    XIV.a - Methemoglobinemia                


                  XIV.b
                
XIV - Hemoglobinopathies - Abnormal hemoglobin states (acquired)

                    XIV.b - Sulfhemoglobinemia",4754.0,Pneumotox_only,phenacetin,CCOc1ccc(NC(C)=O)cc1,0,0,0,0,,
Phenazopyridine,"XIV.a
                
XIV - Hemoglobinopathies - Abnormal hemoglobin states (acquired)

                    XIV.a - Methemoglobinemia                


                  XIV.b
                
XIV - Hemoglobinopathies - Abnormal hemoglobin states (acquired)

                    XIV.b - Sulfhemoglobinemia",4756.0,Pneumotox_only,phenazopyridine,Nc1ccc(N=Nc2ccccc2)c(N)n1,0,0,0,0,,
Phencyclidine,"XI.g
                
XI - Miscellaneous

                    XI.g - Aspiration, aspiration pneumonia (w/wo demonstrable pharyngeal dysmotility)",6468.0,Both,phencyclidine,c1ccc(C2(N3CCCCC3)CCCCC2)cc1,0,0,0,0,,
Phenobarbital,"IX.d
                
IX - Neuromuscular / CNS involvement - Disordered breathing (during sleep)

                    IX.d - Respiratory failure from ventilatory depression (due to neuromuscular blockade/paralysis)                


                  X.a
                
X - Systemic/Distant conditions, syndromes and reactions

                    X.a - DRES syndrome - DRESS-like reaction                


                  XII.h
                
XII - Cardiovascular involvement / toxicity

                    XII.h - Eosinophilic myocarditis                


                  XV.bt
                
XV - Pathology

                    XV.bt - Path: Histiocytic proliferation",4763.0,Both,phenobarbital,CCC1(c2ccccc2)C(=O)NC(=O)NC1=O,0,0,0,0,,
Phenprocoumon,"III.a
                
III - Pulmonary/alveolar./airway hemorrhage/bleeding

                    III.a - Alveolar hemorrhage (AH), diffuse AH (DAH)                


                  VIII.b
                
VIII - Central-large-upper airway (incl. pharyngeal-nasal) involvement

                    VIII.b - Hematoma of/around central airway wall potentially causing UAO                


                  VIII.q
                
VIII - Central-large-upper airway (incl. pharyngeal-nasal) involvement

                    VIII.q - Tongue involvement (edema, glossitis, hematoma)",54680692.0,Pneumotox_only,phenprocoumon,CCC(c1ccccc1)c1c(O)c2ccccc2oc1=O,0,0,0,0,,
Pholcodine,"IV.d
                
IV - Airway involvement

                    IV.d - Cough (lone)",5311356.0,Pneumotox_only,pholcodine,CN1CCC23c4c5ccc(OCCN6CCOCC6)c4OC2C(O)C=CC3C1C5,0,0,0,0,,
Piperazine,"XIV.a
                
XIV - Hemoglobinopathies - Abnormal hemoglobin states (acquired)

                    XIV.a - Methemoglobinemia",4837.0,Pneumotox_only,piperazine,C1CNCCN1,0,0,0,0,,
Pramipexole,"IX.f
                
IX - Neuromuscular / CNS involvement - Disordered breathing (during sleep)

                    IX.f - Hiccup                


                  XII.a
                
XII - Cardiovascular involvement / toxicity

                    XII.a - Left or biventricular dysfunction/failure                


                  XII.b
                
XII - Cardiovascular involvement / toxicity

                    XII.b - Valvular heart disease and/or dysfunction",119570.0,Both,pramipexole,CCCNC1CCc2nc(N)sc2C1,0,0,0,0,,
Prasugrel,"IV.a
                
IV - Airway involvement

                    IV.a - Bronchospasm - Wheezing - Asthma                


                  VIII.a
                
VIII - Central-large-upper airway (incl. pharyngeal-nasal) involvement

                    VIII.a - Angioedema (may cause UAO, asphyxia and death)",6918456.0,Both,prasugrel,CC(=O)Oc1cc2c(s1)CCN(C(C(=O)C1CC1)c1ccccc1F)C2,0,0,0,0,,
Prazosin,"VIII.a
                
VIII - Central-large-upper airway (incl. pharyngeal-nasal) involvement

                    VIII.a - Angioedema (may cause UAO, asphyxia and death)",4893.0,Both,prazosin,COc1cc2nc(N3CCN(C(=O)c4ccco4)CC3)nc(N)c2cc1OC,0,0,0,0,,
Prednisone,"X.n
                
X - Systemic/Distant conditions, syndromes and reactions

                    X.n - Tumor lysis syndrome (TLS)                


                  XVII.e
                
XVII - Infections & related conditions

                    XVII.e - Pneumocystis jiroveci pneumonia",5865.0,Both,prednisone,CC12C=CC(=O)C=C1CCC1C2C(=O)CC2(C)C1CCC2(O)C(=O)CO,0,0,0,0,,
Primidone,"X.a
                
X - Systemic/Distant conditions, syndromes and reactions

                    X.a - DRES syndrome - DRESS-like reaction                


                  X.d
                
X - Systemic/Distant conditions, syndromes and reactions

                    X.d - Lupus - Lupus syndrome (see also Vd)                


                  XII.as
                
XII - Cardiovascular involvement / toxicity

                    XII.as - Giant cell myocarditis",4909.0,Both,primidone,CCC1(c2ccccc2)C(=O)NCNC1=O,0,0,0,0,,
Propafenone,"IV.a
                
IV - Airway involvement

                    IV.a - Bronchospasm - Wheezing - Asthma                


                  IV.q
                
IV - Airway involvement

                    IV.q - Reactive airway dysfunction syndrome (RADS)                


                  VIII.a
                
VIII - Central-large-upper airway (incl. pharyngeal-nasal) involvement

                    VIII.a - Angioedema (may cause UAO, asphyxia and death)",4932.0,Both,propafenone,CCCNCC(O)COc1ccccc1C(=O)CCc1ccccc1,0,0,0,0,,
Propane,"VIII.d
                
VIII - Central-large-upper airway (incl. pharyngeal-nasal) involvement

                    VIII.d - Thermal (burns, frostbite), chemical or caustic injury on the face, mouth, tongue, pharynx or upper airway                


                  XI.r
                
XI - Miscellaneous

                    XI.r - Death following exposure or poisoning                


                  XI.s
                
XI - Miscellaneous

                    XI.s - Sniffing death - Death from inhalation of compound",6334.0,Pneumotox_only,propane,CCC,0,0,0,0,,
Propanil,"XIV.a
                
XIV - Hemoglobinopathies - Abnormal hemoglobin states (acquired)

                    XIV.a - Methemoglobinemia",4933.0,Pneumotox_only,propanil,CCC(=O)Nc1ccc(Cl)c(Cl)c1,0,0,0,0,,
Propanol,,1031.0,Pneumotox_only,propanol,CCCO,0,0,0,0,,
Propylene glycol,"IV.a
                
IV - Airway involvement

                    IV.a - Bronchospasm - Wheezing - Asthma                


                  X.u
                
X - Systemic/Distant conditions, syndromes and reactions

                    X.u - Multiple organ dysfunction/failure (MODS/MOF)                


                  XI.d
                
XI - Miscellaneous

                    XI.d - Metabolic acidosis (incl. lactic acidosis/-gap). May cause hyperpnea/dyspnea",1030.0,Both,propylene glycol,CC(O)CO,0,0,0,0,,
Psyllium,"IV.a
                
IV - Airway involvement

                    IV.a - Bronchospasm - Wheezing - Asthma                


                  IV.b
                
IV - Airway involvement

                    IV.b - Bronchospasm and angioedema                


                  IV.f
                
IV - Airway involvement

                    IV.f - Severe or catastrophic bronchospasm or asthma attack (can be fatal)                


                  IV.aa
                
IV - Airway involvement

                    IV.aa - Occupational asthma                


                  VIII.a
                
VIII - Central-large-upper airway (incl. pharyngeal-nasal) involvement

                    VIII.a - Angioedema (may cause UAO, asphyxia and death)                


                  X.f
                
X - Systemic/Distant conditions, syndromes and reactions

                    X.f - Anaphylaxis-Anaphylactoid reaction (can be fatal)                


                  XV.aa
                
XV - Pathology

                    XV.aa - Path: Foreign body bronchiolitis (see also IVi)",181572.0,Pneumotox_only,psyllium,CCCCCCCCCCCCCCCCCCCCCCCCCCCCCCCCC(=O)O,0,0,0,0,,
Pyrazinamide,"X.a
                
X - Systemic/Distant conditions, syndromes and reactions

                    X.a - DRES syndrome - DRESS-like reaction",1046.0,Both,pyrazinamide,NC(=O)c1cnccn1,0,0,0,0,,
Pyribenzamine,"XV.q
                
XV - Pathology

                    XV.q - Path: Foreign body deposits/granulomatous reaction",44370233.0,Pneumotox_only,pyribenzamine,c1ccc(CN(CCN2CC2)c2ccccn2)cc1,0,0,0,0,,
Raltegravir,"X.a
                
X - Systemic/Distant conditions, syndromes and reactions

                    X.a - DRES syndrome - DRESS-like reaction",23668479.0,Both,raltegravir,Cc1nnc(C(=O)NC(C)(C)c2nc(C(=O)NCc3ccc(F)cc3)c([O-])c(=O)n2C)o1,0,0,0,0,,
Ranitidine,"IV.a
                
IV - Airway involvement

                    IV.a - Bronchospasm - Wheezing - Asthma                


                  IV.aa
                
IV - Airway involvement

                    IV.aa - Occupational asthma                


                  X.f
                
X - Systemic/Distant conditions, syndromes and reactions

                    X.f - Anaphylaxis-Anaphylactoid reaction (can be fatal)                


                  XII.h
                
XII - Cardiovascular involvement / toxicity

                    XII.h - Eosinophilic myocarditis",3001055.0,Both,ranitidine,CN=C(C[N+](=O)[O-])NCCSCc1ccc(CN(C)C)o1,0,0,0,0,,
Ranolazine,"IX.h
                
IX - Neuromuscular / CNS involvement - Disordered breathing (during sleep)

                    IX.h - Dyspnea, unexplained otherwise",56959.0,Both,ranolazine,COc1ccccc1OCC(O)CN1CCN(CC(=O)Nc2c(C)cccc2C)CC1,0,0,0,0,,
Rapacuronium,"IV.a
                
IV - Airway involvement

                    IV.a - Bronchospasm - Wheezing - Asthma",5311399.0,Pneumotox_only,rapacuronium,C=CC[N+]1(C2CC3C4CCC5CC(OC(C)=O)C(N6CCCCC6)CC5(C)C4CCC3(C)C2OC(=O)CC)CCCCC1,0,0,0,0,,
Remdesivir,"XII.s
                
XII - Cardiovascular involvement / toxicity

                    XII.s - Heart block (bundle branch- or AV-)                


                  XII.ag
                
XII - Cardiovascular involvement / toxicity

                    XII.ag - Bradycardia",121304016.0,Both,remdesivir,CCC(CC)COC(=O)C(C)NP(=O)(OCC1OC(C#N)(c2ccc3c(N)ncnn23)C(O)C1O)Oc1ccccc1,0,0,0,0,,
Rifamycin SV,"X.f
                
X - Systemic/Distant conditions, syndromes and reactions

                    X.f - Anaphylaxis-Anaphylactoid reaction (can be fatal)",6324616.0,Pneumotox_only,rifamycin sv,COC1C=COC2(C)Oc3c(C)c(O)c4c(O)c(cc(O)c4c3C2=O)NC(=O)C(C)=CC=CC(C)C(O)C(C)C(O)C(C)C(OC(C)=O)C1C,0,0,0,0,,
Rivastigmine,"VIII.a
                
VIII - Central-large-upper airway (incl. pharyngeal-nasal) involvement

                    VIII.a - Angioedema (may cause UAO, asphyxia and death)                


                  IX.d
                
IX - Neuromuscular / CNS involvement - Disordered breathing (during sleep)

                    IX.d - Respiratory failure from ventilatory depression (due to neuromuscular blockade/paralysis)                


                  XII.l
                
XII - Cardiovascular involvement / toxicity

                    XII.l - Cardiac arrhythmias or dysrhythmias (AF, VT, VF, TdP)",77991.0,Both,rivastigmine,CCN(C)C(=O)Oc1cccc(C(C)N(C)C)c1,0,0,0,0,,
Sacubitril,"IV.d
                
IV - Airway involvement

                    IV.d - Cough (lone)                


                  VIII.a
                
VIII - Central-large-upper airway (incl. pharyngeal-nasal) involvement

                    VIII.a - Angioedema (may cause UAO, asphyxia and death)",9811834.0,Pneumotox_only,sacubitril,CCOC(=O)C(C)CC(Cc1ccc(-c2ccccc2)cc1)NC(=O)CCC(=O)O,0,0,0,0,,
Saxagliptin,"VIII.a
                
VIII - Central-large-upper airway (incl. pharyngeal-nasal) involvement

                    VIII.a - Angioedema (may cause UAO, asphyxia and death)",11235729.0,Both,saxagliptin,N#CC1CC2CC2N1C(=O)C(N)C12CC3CC(CC(O)(C3)C1)C2,0,0,0,0,,
Scopolamine,"XII.l
                
XII - Cardiovascular involvement / toxicity

                    XII.l - Cardiac arrhythmias or dysrhythmias (AF, VT, VF, TdP)",5184.0,Both,scopolamine,CN1C2CC(OC(=O)C(CO)c3ccccc3)CC1C1OC12,0,0,0,0,,
Semaglutide,"XI.g
                
XI - Miscellaneous

                    XI.g - Aspiration, aspiration pneumonia (w/wo demonstrable pharyngeal dysmotility)",56843331.0,Pneumotox_only,semaglutide,CCC(C)C(NC(=O)C(Cc1ccccc1)NC(=O)C(CCC(=O)O)NC(=O)C(CCCCNC(=O)COCCOCCNC(=O)COCCOCCNC(=O)CCC(NC(=O)CCCCCCCCCCCCCCCCC(=O)O)C(=O)O)NC(=O)C(C)NC(=O)C(C)NC(=O)C(CCC(N)=O)NC(=O)CNC(=O)C(CCC(=O)O)NC(=O)C(CC(C)C)NC(=O)C(Cc1ccc(O)cc1)NC(=O)C(CO)NC(=O)C(CO)NC(=O)C(NC(=O)C(CC(=O)O)NC(=O)C(CO)NC(=O)C(NC(=O)C(Cc1ccccc1)NC(=O)C(NC(=O)CNC(=O)C(CCC(=O)O)NC(=O)C(C)(C)NC(=O)C(N)Cc1c[nH]cn1)C(C)O)C(C)O)C(C)C)C(=O)NC(C)C(=O)NC(Cc1c[nH]c2ccccc12)C(=O)NC(CC(C)C)C(=O)NC(C(=O)NC(CCCNC(=N)N)C(=O)NCC(=O)NC(CCCNC(=N)N)C(=O)NCC(=O)O)C(C)C,0,0,0,0,,
Sodium oxybate,"IX.e
                
IX - Neuromuscular / CNS involvement - Disordered breathing (during sleep)

                    IX.e - Disordered breathing pattern incl. Cheyne-Stokes respiration                


                  IX.p
                
IX - Neuromuscular / CNS involvement - Disordered breathing (during sleep)

                    IX.p - Disordered breathing during sleep - Sleep apnea                


                  IX.u
                
IX - Neuromuscular / CNS involvement - Disordered breathing (during sleep)

                    IX.u - Central sleep apnea",23663870.0,Both,oxybate,O=C([O-])CCCO,0,0,0,0,,
Spironolactone,"X.a
                
X - Systemic/Distant conditions, syndromes and reactions

                    X.a - DRES syndrome - DRESS-like reaction",5833.0,Both,spironolactone,CC(=O)SC1C=C2CC(=O)CCC2(C)C2CCC3(C)C(CCC34CCC(=O)O4)C12,0,0,0,0,,
Strychnine,"IX.c
                
IX - Neuromuscular / CNS involvement - Disordered breathing (during sleep)

                    IX.c - Chest wall muscle rigidity - Stiff/wooden chest                


                  XI.d
                
XI - Miscellaneous

                    XI.d - Metabolic acidosis (incl. lactic acidosis/-gap). May cause hyperpnea/dyspnea",441071.0,Pneumotox_only,strychnine,O=C1CC2OCC=C3CN4CCC56c7ccccc7N1C5C2C3CC46,0,0,0,0,,
Sufentanil,"IV.e
                
IV - Airway involvement

                    IV.e - Cough (acute, violent, explosive)                


                  VIII.h
                
VIII - Central-large-upper airway (incl. pharyngeal-nasal) involvement

                    VIII.h - Vocal cord dysfunction, adduction, closure, injury                


                  IX.d
                
IX - Neuromuscular / CNS involvement - Disordered breathing (during sleep)

                    IX.d - Respiratory failure from ventilatory depression (due to neuromuscular blockade/paralysis)",41693.0,Both,sufentanil,CCC(=O)N(c1ccccc1)C1(COC)CCN(CCc2cccs2)CC1,0,0,0,0,,
Sulfacetamide,"XIV.a
                
XIV - Hemoglobinopathies - Abnormal hemoglobin states (acquired)

                    XIV.a - Methemoglobinemia",5320.0,Pneumotox_only,sulfacetamide,CC(=O)NS(=O)(=O)c1ccc(N)cc1,0,0,0,0,,
Sulfadiazine,"XIV.a
                
XIV - Hemoglobinopathies - Abnormal hemoglobin states (acquired)

                    XIV.a - Methemoglobinemia",5215.0,Pneumotox_only,sulfadiazine,Nc1ccc(S(=O)(=O)Nc2ncccn2)cc1,0,0,0,0,,
Sulfanilamide,"XIV.a
                
XIV - Hemoglobinopathies - Abnormal hemoglobin states (acquired)

                    XIV.a - Methemoglobinemia                


                  XIV.b
                
XIV - Hemoglobinopathies - Abnormal hemoglobin states (acquired)

                    XIV.b - Sulfhemoglobinemia",5333.0,Pneumotox_only,sulfanilamide,Nc1ccc(S(N)(=O)=O)cc1,0,0,0,0,,
Sulfoxone,"XIV.a
                
XIV - Hemoglobinopathies - Abnormal hemoglobin states (acquired)

                    XIV.a - Methemoglobinemia",5351.0,Pneumotox_only,sulfoxone,O=S(O)CNc1ccc(S(=O)(=O)c2ccc(NCS(=O)O)cc2)cc1,0,0,0,0,,
Sulthiame,"X.a
                
X - Systemic/Distant conditions, syndromes and reactions

                    X.a - DRES syndrome - DRESS-like reaction",5356.0,Pneumotox_only,sulthiame,NS(=O)(=O)c1ccc(N2CCCCS2(=O)=O)cc1,0,0,0,0,,
Sumatriptan,"XI.b
                
XI - Miscellaneous

                    XI.b - Chest pain (acute or subacute), lone or prominent                


                  XII.g
                
XII - Cardiovascular involvement / toxicity

                    XII.g - Coronary artery disease (acute) - Myocardial ischemia/infarction                


                  XII.h
                
XII - Cardiovascular involvement / toxicity

                    XII.h - Eosinophilic myocarditis",5358.0,Both,sumatriptan,CNS(=O)(=O)Cc1ccc2[nH]cc(CCN(C)C)c2c1,0,0,0,0,,
Synephrine,"XII.g
                
XII - Cardiovascular involvement / toxicity

                    XII.g - Coronary artery disease (acute) - Myocardial ischemia/infarction",7172.0,Pneumotox_only,synephrine,CNCC(O)c1ccc(O)cc1,0,0,0,0,,
Tafenoquine,"IV.a
                
IV - Airway involvement

                    IV.a - Bronchospasm - Wheezing - Asthma                


                  IV.aa
                
IV - Airway involvement

                    IV.aa - Occupational asthma",115358.0,Pneumotox_only,tafenoquine,COc1cc(C)c2c(Oc3cccc(C(F)(F)F)c3)c(OC)cc(NC(C)CCCN)c2n1,0,0,0,0,,
Telithromycin,"X.f
                
X - Systemic/Distant conditions, syndromes and reactions

                    X.f - Anaphylaxis-Anaphylactoid reaction (can be fatal)",3002190.0,Both,telithromycin,CCC1OC(=O)C(C)C(=O)C(C)C(OC2OC(C)CC(N(C)C)C2O)C(C)(OC)CC(C)C(=O)C(C)C2N(CCCCn3cnc(-c4cccnc4)c3)C(=O)OC12C,0,0,0,0,,
Telmisartan,"IV.d
                
IV - Airway involvement

                    IV.d - Cough (lone)                


                  VIII.a
                
VIII - Central-large-upper airway (incl. pharyngeal-nasal) involvement

                    VIII.a - Angioedema (may cause UAO, asphyxia and death)",65999.0,Both,telmisartan,CCCc1nc2c(C)cc(-c3nc4ccccc4n3C)cc2n1Cc1ccc(-c2ccccc2C(=O)O)cc1,0,0,0,0,,
Terbutaline,"IV.a
                
IV - Airway involvement

                    IV.a - Bronchospasm - Wheezing - Asthma",5403.0,Both,terbutaline,CC(C)(C)NCC(O)c1cc(O)cc(O)c1,0,0,0,0,,
Testolone,"XII.d
                
XII - Cardiovascular involvement / toxicity

                    XII.d - Myocarditis (can be fulminant)",44200882.0,Pneumotox_only,testolone,Cc1c(NC(c2nnc(-c3ccc(C#N)cc3)o2)C(C)O)ccc(C#N)c1Cl,0,0,0,0,,
Theophylline,"X.ba
                
X - Systemic/Distant conditions, syndromes and reactions

                    X.ba - Rhabdomyolysis (see also under Xj)                


                  XI.d
                
XI - Miscellaneous

                    XI.d - Metabolic acidosis (incl. lactic acidosis/-gap). May cause hyperpnea/dyspnea                


                  XI.r
                
XI - Miscellaneous

                    XI.r - Death following exposure or poisoning                


                  XII.l
                
XII - Cardiovascular involvement / toxicity

                    XII.l - Cardiac arrhythmias or dysrhythmias (AF, VT, VF, TdP)",2153.0,Both,theophylline,Cn1c(=O)c2[nH]cnc2n(C)c1=O,0,0,0,0,,
Thiamphenicol,"IV.aa
                
IV - Airway involvement

                    IV.aa - Occupational asthma",27200.0,Pneumotox_only,thiamphenicol,CS(=O)(=O)c1ccc(C(O)C(CO)NC(=O)C(Cl)Cl)cc1,0,0,0,0,,
Thiocolchicoside,"XIV.b
                
XIV - Hemoglobinopathies - Abnormal hemoglobin states (acquired)

                    XIV.b - Sulfhemoglobinemia",9915886.0,Pneumotox_only,thiocolchicoside,COc1c(OC2OC(CO)C(O)C(O)C2O)cc2c(c1OC)-c1ccc(SC)c(=O)cc1C(NC(C)=O)CC2,0,0,0,0,,
Tianeptine,"IX.d
                
IX - Neuromuscular / CNS involvement - Disordered breathing (during sleep)

                    IX.d - Respiratory failure from ventilatory depression (due to neuromuscular blockade/paralysis)",68870.0,Pneumotox_only,tianeptine,CN1c2ccccc2C(NCCCCCCC(=O)O)c2ccc(Cl)cc2S1(=O)=O,0,0,0,0,,
Ticagrelor,"III.a
                
III - Pulmonary/alveolar./airway hemorrhage/bleeding

                    III.a - Alveolar hemorrhage (AH), diffuse AH (DAH)                


                  VIII.a
                
VIII - Central-large-upper airway (incl. pharyngeal-nasal) involvement

                    VIII.a - Angioedema (may cause UAO, asphyxia and death)                


                  IX.e
                
IX - Neuromuscular / CNS involvement - Disordered breathing (during sleep)

                    IX.e - Disordered breathing pattern incl. Cheyne-Stokes respiration                


                  IX.h
                
IX - Neuromuscular / CNS involvement - Disordered breathing (during sleep)

                    IX.h - Dyspnea, unexplained otherwise                


                  IX.p
                
IX - Neuromuscular / CNS involvement - Disordered breathing (during sleep)

                    IX.p - Disordered breathing during sleep - Sleep apnea                


                  IX.u
                
IX - Neuromuscular / CNS involvement - Disordered breathing (during sleep)

                    IX.u - Central sleep apnea                


                  XII.ag
                
XII - Cardiovascular involvement / toxicity

                    XII.ag - Bradycardia",9871419.0,Both,ticagrelor,CCCSc1nc(NC2CC2c2ccc(F)c(F)c2)c2nnn(C3CC(OCCO)C(O)C3O)c2n1,0,0,0,0,,
Tipepidine,"X.f
                
X - Systemic/Distant conditions, syndromes and reactions

                    X.f - Anaphylaxis-Anaphylactoid reaction (can be fatal)",5484.0,Pneumotox_only,tipepidine,CN1CCCC(=C(c2cccs2)c2cccs2)C1,0,0,0,0,,
Tirofiban,"III.a
                
III - Pulmonary/alveolar./airway hemorrhage/bleeding

                    III.a - Alveolar hemorrhage (AH), diffuse AH (DAH)",60947.0,Both,tirofiban,CCCCS(=O)(=O)NC(Cc1ccc(OCCCCC2CCNCC2)cc1)C(=O)O,0,0,0,0,,
Tolperisone,"IX.d
                
IX - Neuromuscular / CNS involvement - Disordered breathing (during sleep)

                    IX.d - Respiratory failure from ventilatory depression (due to neuromuscular blockade/paralysis)",5511.0,Pneumotox_only,tolperisone,Cc1ccc(C(=O)C(C)CN2CCCCC2)cc1,0,0,0,0,,
Tolvaptan,"XII.n
                
XII - Cardiovascular involvement / toxicity

                    XII.n - Cardiovascular collapse - Cardiogenic shock - Hypotension",216237.0,Both,tolvaptan,Cc1ccccc1C(=O)Nc1ccc(C(=O)N2CCCC(O)c3cc(Cl)ccc32)c(C)c1,0,0,0,0,,
Trandolapril,"VIII.a
                
VIII - Central-large-upper airway (incl. pharyngeal-nasal) involvement

                    VIII.a - Angioedema (may cause UAO, asphyxia and death)",5484727.0,Both,trandolapril,CCOC(=O)C(CCc1ccccc1)NC(C)C(=O)N1C(C(=O)O)CC2CCCCC21,0,0,0,0,,
Trifluoperazine,"XI.g
                
XI - Miscellaneous

                    XI.g - Aspiration, aspiration pneumonia (w/wo demonstrable pharyngeal dysmotility)",5566.0,Both,trifluoperazine,CN1CCN(CCCN2c3ccccc3Sc3ccc(C(F)(F)F)cc32)CC1,0,0,0,0,,
Trimeperidine,"IX.i
                
IX - Neuromuscular / CNS involvement - Disordered breathing (during sleep)

                    IX.i - Respiratory arrest - Apnea",20055107.0,Pneumotox_only,trimeperidine,CCC(=O)OC1(c2ccccc2)CC(C)N(C)CC1C,0,0,0,0,,
U-47700,"IX.d
                
IX - Neuromuscular / CNS involvement - Disordered breathing (during sleep)

                    IX.d - Respiratory failure from ventilatory depression (due to neuromuscular blockade/paralysis)                


                  XI.r
                
XI - Miscellaneous

                    XI.r - Death following exposure or poisoning",71719125.0,Pneumotox_only,u-47700,CN(C)C1CCCCC1N(C)C(=O)c1ccc(Cl)c(Cl)c1,0,0,0,0,,
Valsartan,"VIII.a
                
VIII - Central-large-upper airway (incl. pharyngeal-nasal) involvement

                    VIII.a - Angioedema (may cause UAO, asphyxia and death)                


                  X.b
                
X - Systemic/Distant conditions, syndromes and reactions

                    X.b - Antiphospholipid antibodies w/wo the APL syndrome",60846.0,Both,valsartan,CCCCC(=O)N(Cc1ccc(-c2ccccc2-c2nn[nH]n2)cc1)C(C(=O)O)C(C)C,0,0,0,0,,
Vitamin D3,"XVII.a
                
XVII - Infections & related conditions

                    XVII.a - Respiratory tract infection incl. pneumonia",5280795.0,Pneumotox_only,vitamin d3,C=C1CCC(O)CC1=CC=C1CCCC2(C)C1CCC2C(C)CCCC(C)C,0,0,0,0,,
Voriconazole,"XI.al
                
XI - Miscellaneous

                    XI.al - Periostitis - Rib hypertrophy                


                  XVIII.n
                
XVIII - Distinctive patterns - 'Eye-catchers'

                    XVIII.n - Eye-catcher: Periostitis - Rib hypertrophy",71616.0,Both,voriconazole,CC(c1ncncc1F)C(O)(Cn1cncn1)c1ccc(F)cc1F,0,0,0,0,,
Xylitol,"XXIV.j
                
XXIV - Veterinary medicine

                    XXIV.j - Veterinary: Cardiotoxicity                


                  XXIV.o
                
XXIV - Veterinary medicine

                    XXIV.o - Veterinary: Myocardial dysfunction",6912.0,Pneumotox_only,xylitol,OCC(O)C(O)C(O)CO,0,0,0,0,,
Yohimbine,"IV.a
                
IV - Airway involvement

                    IV.a - Bronchospasm - Wheezing - Asthma",8969.0,Pneumotox_only,yohimbine,COC(=O)C1C(O)CCC2CN3CCc4c([nH]c5ccccc45)C3CC21,0,0,0,0,,
Zanamivir,"IV.a
                
IV - Airway involvement

                    IV.a - Bronchospasm - Wheezing - Asthma",60855.0,Both,zanamivir,CC(=O)NC1C(N=C(N)N)C=C(C(=O)O)OC1C(O)C(O)CO,0,0,0,0,,
Zanubrutinib,"XVII.j
                
XVII - Infections & related conditions

                    XVII.j - Mucormycosis (pulmonary, tracheobronchial or systemic)",135565884.0,Both,zanubrutinib,C=CC(=O)N1CCC(C2CCNc3c(C(N)=O)c(-c4ccc(Oc5ccccc5)cc4)nn32)CC1,0,0,0,0,,
Ziprasidone,"X.j
                
X - Systemic/Distant conditions, syndromes and reactions

                    X.j - Myopathy-Myositis-Polymyositis (see also under Xba)",60854.0,Both,ziprasidone,Oc1cc2cc(CCN3CCN(c4nsc5ccccc45)CC3)c(Cl)cc2[nH]1,0,0,0,0,,
Zoledronic acid,"X.n
                
X - Systemic/Distant conditions, syndromes and reactions

                    X.n - Tumor lysis syndrome (TLS)",68740.0,Both,zoledronic acid,O=P(O)(O)C(O)(Cn1ccnc1)P(=O)(O)O,0,0,0,0,,
Zomepirac,"IV.a
                
IV - Airway involvement

                    IV.a - Bronchospasm - Wheezing - Asthma                


                  X.f
                
X - Systemic/Distant conditions, syndromes and reactions

                    X.f - Anaphylaxis-Anaphylactoid reaction (can be fatal)",5733.0,Pneumotox_only,zomepirac,Cc1cc(CC(=O)O)n(C)c1C(=O)c1ccc(Cl)cc1,0,0,0,0,,
Zonisamide,"X.a
                
X - Systemic/Distant conditions, syndromes and reactions

                    X.a - DRES syndrome - DRESS-like reaction",5734.0,Both,zonisamide,NS(=O)(=O)Cc1noc2ccccc12,0,0,0,0,,
4-oxo-3-(3-oxo-1-phenylbutyl)chromen-2-olate,ADReCS: Thoracic disorders (excl lung and pleura),23690541.0,ADReCS_only,4-oxo-3-(3-oxo-1-phenylbutyl)chromen-2-olate,CC(=O)CC(c1ccccc1)c1c([O-])oc2ccccc2c1=O,0,0,0,0,,
"5-tert-butyl-2-methyl-1,3-benzodioxole",ADReCS: Asthma,135113.0,ADReCS_only,"5-tert-butyl-2-methyl-1,3-benzodioxole",CC1Oc2ccc(C(C)(C)C)cc2O1,0,0,0,0,,
Abarelix,ADReCS: Respiratory tract infections,16131215.0,ADReCS_only,abarelix,CC(=O)NC(Cc1ccc2ccccc2c1)C(=O)NC(Cc1ccc(Cl)cc1)C(=O)NC(Cc1cccnc1)C(=O)NC(CO)C(=O)N(C)C(Cc1ccc(O)cc1)C(=O)NC(CC(N)=O)C(=O)NC(CC(C)C)C(=O)NC(CCCCNC(C)C)C(=O)N1CCCC1C(=O)NC(C)C(N)=O,0,0,0,0,,
Acamprosate,ADReCS: Asthma,71158.0,ADReCS_only,acamprosate,CC(=O)NCCCS(=O)(=O)O,0,0,0,0,,
Acarbose,ADReCS: Respiratory signs and symptoms NEC,444254.0,ADReCS_only,acarbose,CC1OC(OC2C(CO)OC(OC3C(CO)OC(O)C(O)C3O)C(O)C2O)C(O)C(O)C1NC1C=C(CO)C(O)C(O)C1O,0,0,0,0,,
Acetaminophen,ADReCS: Acute respiratory distress syndrome,1983.0,ADReCS_only,acetaminophen,CC(=O)Nc1ccc(O)cc1,0,0,0,0,,
Acetyl sulfisoxazole,ADReCS: Lower respiratory tract disorders (excl obstruction and infection),6662.0,ADReCS_only,acetyl sulfisoxazole,CC(=O)N(c1onc(C)c1C)S(=O)(=O)c1ccc(N)cc1,0,0,0,0,,
Acetylcysteine,ADReCS: Asthma,12035.0,ADReCS_only,acetylcysteine,CC(=O)NC(CS)C(=O)O,0,0,0,0,,
Acetylsalicylic acid,ADReCS: Acute respiratory distress syndrome,2244.0,ADReCS_only,acetylsalicylic acid,CC(=O)Oc1ccccc1C(=O)O,0,0,0,0,,
Acipimox,ADReCS: Bronchial disorders (excl neoplasms),5310993.0,ADReCS_only,acipimox,Cc1cnc(C(=O)O)c[n+]1[O-],0,0,0,0,,
Activated charcoal,ADReCS: Bronchial disorders (excl neoplasms),5462310.0,ADReCS_only,activated charcoal,[C],0,0,0,0,,
Adefovir dipivoxil,ADReCS: Thoracic disorders (excl lung and pleura),60871.0,ADReCS_only,adefovir dipivoxil,CC(C)(C)C(=O)OCOP(=O)(COCCn1cnc2c(N)ncnc21)OCOC(=O)C(C)(C)C,0,0,0,0,,
Agomelatine,ADReCS: Respiratory tract infections,82148.0,ADReCS_only,agomelatine,COc1ccc2cccc(CCNC(C)=O)c2c1,0,0,0,0,,
Albendazole,ADReCS: Respiratory signs and symptoms NEC,2082.0,ADReCS_only,albendazole,CCCSc1ccc2[nH]c(NC(=O)OC)nc2c1,0,0,0,0,,
Albiglutide,ADReCS: Respiratory tract infections,145994868.0,ADReCS_only,albiglutide,CCC(C)C(NC(=O)C(Cc1ccccc1)NC(=O)C(CCC(=O)O)NC(=O)C(CCCCN)NC(=O)C(C)NC(=O)C(C)NC(=O)C(CCC(N)=O)NC(=O)CNC(=O)C(CCC(=O)O)NC(=O)C(CC(C)C)NC(=O)C(Cc1ccc(O)cc1)NC(=O)C(CO)NC(=O)C(CO)NC(=O)C(NC(=O)C(CC(=O)O)NC(=O)C(CO)NC(=O)C(NC(=O)C(Cc1ccccc1)NC(=O)C(NC(=O)CNC(=O)C(CCC(=O)O)NC(=O)CNC(=O)C(N)Cc1c[nH]cn1)C(C)O)C(C)O)C(C)C)C(=O)NC(C)C(=O)NC(Cc1c[nH]c2ccccc12)C(=O)NC(CC(C)C)C(=O)NC(C(=O)NC(CCCCN)C(=O)NCC(=O)NC(CCCNC(=N)N)C(N)=O)C(C)C,0,0,0,0,,
Alcaftadine,ADReCS: Respiratory tract infections,19371515.0,ADReCS_only,alcaftadine,CN1CCC(=C2c3ccccc3CCn3c(C=O)cnc32)CC1,0,0,0,0,,
Alfacalcidol,ADReCS: Lower respiratory tract disorders (excl obstruction and infection),5282181.0,ADReCS_only,alfacalcidol,C=C1C(=CC=C2CCCC3(C)C2CCC3C(C)CCCC(C)C)CC(O)CC1O,0,0,0,0,,
Alfentanil,ADReCS: Bronchial disorders (excl neoplasms),51263.0,ADReCS_only,alfentanil,CCC(=O)N(c1ccccc1)C1(COC)CCN(CCn2nnn(CC)c2=O)CC1,0,0,0,0,,
Alfuzosin,ADReCS: Bronchitis,2092.0,ADReCS_only,alfuzosin,COc1cc2nc(N(C)CCCNC(=O)C3CCCO3)nc(N)c2cc1OC,0,0,0,0,,
Almotriptan,ADReCS: Bronchitis,123606.0,ADReCS_only,almotriptan,CN(C)CCc1c[nH]c2ccc(CS(=O)(=O)N3CCCC3)cc12,0,0,0,0,,
Alosetron,ADReCS: Respiratory tract infections,2099.0,ADReCS_only,alosetron,Cc1[nH]cnc1CN1CCc2c(c3ccccc3n2C)C1=O,0,0,0,0,,
Ambenonium chloride,ADReCS: Lower respiratory tract signs and symptoms,8288.0,ADReCS_only,ambenonium chloride,CC[N+](CC)(CCNC(=O)C(=O)NCC[N+](CC)(CC)Cc1ccccc1Cl)Cc1ccccc1Cl,0,0,0,0,,
Aminohippuric acid,"ADReCS: Respiratory, thoracic and mediastinal disorders",2148.0,ADReCS_only,aminohippuric acid,Nc1ccc(C(=O)NCC(=O)O)cc1,0,0,0,0,,
Aminolevulinic acid,ADReCS: Respiratory acidoses,137.0,ADReCS_only,aminolevulinic acid,NCC(=O)CCC(=O)O,0,0,0,0,,
Aminosalicylic acid,ADReCS: Lower respiratory tract disorders (excl obstruction and infection),4649.0,ADReCS_only,aminosalicylic acid,Nc1ccc(C(=O)O)c(O)c1,0,0,0,0,,
Amlexanox,"ADReCS: Respiratory, thoracic and mediastinal disorders",2161.0,ADReCS_only,amlexanox,CC(C)c1ccc2oc3nc(N)c(C(=O)O)cc3c(=O)c2c1,0,0,0,0,,
Amobarbital,ADReCS: Lower respiratory tract disorders (excl obstruction and infection),2164.0,ADReCS_only,amobarbital,CCC1(CCC(C)C)C(=O)NC(=O)NC1=O,0,0,0,0,,
Amphotericin b,ADReCS: Asthma,14956.0,ADReCS_only,amphotericin b,CC1C=CC=CC=CC=CC=CC=CC=CC(OC2OC(C)C(O)C(N)C2O)CC2OC(O)(CC(O)CC(O)C(O)CCC(O)CC(O)CC(=O)OC(C)C(C)C1O)CC(O)C2C(=O)O,0,0,0,0,,
Amprenavir,"ADReCS: Respiratory, thoracic and mediastinal disorders",65016.0,ADReCS_only,amprenavir,CC(C)CN(CC(O)C(Cc1ccccc1)NC(=O)OC1CCOC1)S(=O)(=O)c1ccc(N)cc1,0,0,0,0,,
Amsacrine,ADReCS: Thoracic disorders (excl lung and pleura),2179.0,ADReCS_only,amsacrine,COc1cc(NS(C)(=O)=O)ccc1Nc1c2ccccc2nc2ccccc12,0,0,0,0,,
Anileridine,ADReCS: Respiratory depression,8944.0,ADReCS_only,anileridine,CCOC(=O)C1(c2ccccc2)CCN(CCc2ccc(N)cc2)CC1,0,0,0,0,,
Apomorphine,ADReCS: Respiratory tract infections,6005.0,ADReCS_only,apomorphine,CN1CCc2cccc3c2C1Cc1ccc(O)c(O)c1-3,0,0,0,0,,
Apraclonidine,ADReCS: Asthma; Respiratory signs and symptoms NEC,2216.0,ADReCS_only,apraclonidine,Nc1cc(Cl)c(NC2=NCCN2)c(Cl)c1,0,0,0,0,,
Apremilast,ADReCS: Asthma,10151715.0,ADReCS_only,apremilast,CCOc1cc(C(CS(C)(=O)=O)N2C(=O)c3cccc(NC(C)=O)c3C2=O)ccc1OC,0,0,0,0,,
Aprepitant,ADReCS: Bronchial disorders (excl neoplasms),135413536.0,ADReCS_only,aprepitant,CC(OC1OCCN(Cc2n[nH]c(=O)[nH]2)C1c1ccc(F)cc1)c1cc(C(F)(F)F)cc(C(F)(F)F)c1,0,0,0,0,,
Argatroban,ADReCS: Lower respiratory tract disorders (excl obstruction and infection),92722.0,ADReCS_only,argatroban,CC1CNc2c(cccc2S(=O)(=O)NC(CCCN=C(N)N)C(=O)N2CCC(C)CC2C(=O)O)C1,0,0,0,0,,
Arginine,"ADReCS: Respiratory, thoracic and mediastinal disorders",6322.0,ADReCS_only,arginine,N=C(N)NCCCC(N)C(=O)O,0,0,0,0,,
Aripiprazole lauroxil,ADReCS: Cardio-respiratory arrest,49831411.0,ADReCS_only,aripiprazole lauroxil,CCCCCCCCCCCC(=O)OCN1C(=O)CCc2ccc(OCCCCN3CCN(c4cccc(Cl)c4Cl)CC3)cc21,0,0,0,0,,
Ascorbic acid,ADReCS: Respiratory signs and symptoms NEC,54670067.0,ADReCS_only,ascorbic acid,OCC(O)c1oc(O)c(O)c1O,0,0,0,0,,
Asenapine,ADReCS: Bronchial disorders (excl neoplasms),9903970.0,ADReCS_only,asenapine,CN1CC2c3ccccc3Oc3ccc(Cl)cc3C2C1,0,0,0,0,,
Atazanavir,"ADReCS: Bronchial disorders (excl neoplasms); Respiratory, thoracic and mediastinal disorders",148192.0,ADReCS_only,atazanavir,COC(=O)NC(C(=O)NC(Cc1ccccc1)C(O)CN(Cc1ccc(-c2ccccn2)cc1)NC(=O)C(NC(=O)OC)C(C)(C)C)C(C)(C)C,0,0,0,0,,
Atovaquone,ADReCS: Bronchial disorders (excl neoplasms),74989.0,ADReCS_only,atovaquone,Oc1c(C2=CCC(c3ccc(Cl)cc3)CC2)c(O)c2ccccc2c1O,0,0,0,0,,
Sodium aurothiomalate,ADReCS: Bronchitis,22318.0,ADReCS_only,aurothiomalate,O=C([O-])CC([S-])C(=O)[O-].[Au+],0,0,0,0,,
Avanafil,ADReCS: Adenoviral upper respiratory infection,9869929.0,ADReCS_only,avanafil,COc1ccc(CNc2nc(N3CCCC3CO)ncc2C(=O)NCc2ncccn2)cc1Cl,0,0,0,0,,
Avapritinib,ADReCS: Respiratory signs and symptoms NEC,118023034.0,ADReCS_only,avapritinib,Cn1cc(-c2cc3c(N4CCN(c5ncc(C(C)(N)c6ccc(F)cc6)cn5)CC4)ncnn3c2)cn1,0,0,0,0,,
Avatrombopag,ADReCS: Bronchial disorders (excl neoplasms),9852519.0,ADReCS_only,avatrombopag,O=C(Nc1nc(-c2cc(Cl)cs2)c(N2CCN(C3CCCCC3)CC2)s1)c1cnc(N2CCC(C(=O)O)CC2)c(Cl)c1,0,0,0,0,,
Azelaic acid,ADReCS: Asthma,2266.0,ADReCS_only,azelaic acid,O=C(O)CCCCCCCC(=O)O,0,0,0,0,,
Azelastine,ADReCS: Asthma,2267.0,ADReCS_only,azelastine,CN1CCCC(n2nc(Cc3ccc(Cl)cc3)c3ccccc3c2=O)CC1,0,0,0,0,,
Azilsartan,ADReCS: Thoracic disorders (excl lung and pleura),135415867.0,ADReCS_only,azilsartan,CCOc1nc2cccc(C(=O)O)c2n1Cc1ccc(-c2ccccc2-c2nc(=O)o[nH]2)cc1,0,0,0,0,,
Azilsartan kamedoxomil,ADReCS: Respiratory signs and symptoms NEC,23699544.0,ADReCS_only,azilsartan kamedoxomil,CCOc1nc2cccc(C(=O)OCc3oc(=O)oc3C)c2n1Cc1ccc(-c2ccccc2-c2noc(=O)[n-]2)cc1,0,0,0,0,,
Azilsartan medoxomil,ADReCS: Respiratory disorders NEC,135409642.0,ADReCS_only,azilsartan medoxomil,CCOc1nc2cccc(C(=O)OCc3oc(=O)oc3C)c2n1Cc1ccc(-c2ccccc2-c2nc(=O)o[nH]2)cc1,0,0,0,0,,
Aztreonam,ADReCS: Bronchial disorders (excl neoplasms),2274.0,ADReCS_only,aztreonam,CC1C(=NC(=O)C(NOC(C)(C)C(=O)O)c2csc(N)n2)C(=O)N1S(=O)(=O)O,0,0,0,0,,
Baloxavir marboxil,ADReCS: Acute respiratory distress syndrome,124081896.0,ADReCS_only,baloxavir marboxil,COC(=O)OCOc1c2n(ccc1=O)N(C1c3ccccc3SCc3c1ccc(F)c3F)C1COCCN1C2=O,0,0,0,0,,
Balsalazide disodium,ADReCS: Lower respiratory tract disorders (excl obstruction and infection),135413496.0,ADReCS_only,balsalazide disodium,O=C([O-])CCNC(=O)c1ccc(N=Nc2ccc([O-])c(C(=O)O)c2)cc1,0,0,0,0,,
Beclomethasone 17-monopropionate,ADReCS: Asthma,62965.0,ADReCS_only,beclomethasone 17-monopropionate,CCC(=O)OC1(C(=O)CO)C(C)CC2C3CC=C4CC(=O)C=CC4(C)C3(Cl)C(O)CC21C,0,0,0,0,,
Beclomethasone dipropionate,ADReCS: Asthma; Bronchial disorders (excl neoplasms),21700.0,ADReCS_only,beclomethasone dipropionate,CCC(=O)OCC(=O)C1(OC(=O)CC)C(C)CC2C3CC=C4CC(=O)C=CC4(C)C3(Cl)C(O)CC21C,0,0,0,0,,
Bedaquiline,ADReCS: Respiratory signs and symptoms NEC,5388906.0,ADReCS_only,bedaquiline,COc1nc2ccc(Br)cc2cc1C(c1ccccc1)C(O)(CCN(C)C)c1cccc2ccccc12,0,0,0,0,,
Belinostat,ADReCS: Respiratory tract infections,6918638.0,ADReCS_only,belinostat,O=S(=O)(Nc1ccccc1)c1cccc(C=CC(O)=NO)c1,0,0,0,0,,
Belumosudil,ADReCS: Respiratory disorders NEC,11950170.0,ADReCS_only,belumosudil,CC(C)NC(=O)COc1cccc(-c2nc(Nc3ccc4[nH]ncc4c3)c3ccccc3n2)c1,0,0,0,0,,
Bempedoic acid,"ADReCS: Respiratory, thoracic and mediastinal disorders",10472693.0,ADReCS_only,bempedoic acid,CC(C)(CCCCCC(O)CCCCCC(C)(C)C(=O)O)C(=O)O,0,0,0,0,,
Benazeprilat,ADReCS: Asthma,5463984.0,ADReCS_only,benazeprilat,O=C(O)CN1C(=O)C(NC(CCc2ccccc2)C(=O)O)CCc2ccccc21,0,0,0,0,,
Bendroflumethiazide,ADReCS: Lower respiratory tract disorders (excl obstruction and infection),2315.0,ADReCS_only,bendroflumethiazide,NS(=O)(=O)c1cc2c(cc1C(F)(F)F)NC(Cc1ccccc1)NS2(=O)=O,0,0,0,0,,
Benzocaine,ADReCS: Respiratory distress,2337.0,ADReCS_only,benzocaine,CCOC(=O)c1ccc(N)cc1,0,0,0,0,,
Benzoyl peroxide,ADReCS: Respiratory disorders NEC,7187.0,ADReCS_only,benzoyl peroxide,O=C(OOC(=O)c1ccccc1)c1ccccc1,0,0,0,0,,
Benztropine,"ADReCS: Respiratory, thoracic and mediastinal disorders",1201549.0,ADReCS_only,benztropine,CN1C2CCC1CC(OC(c1ccccc1)c1ccccc1)C2,0,0,0,0,,
Benzydamine,ADReCS: Respiratory disorders NEC,12555.0,ADReCS_only,benzydamine,CN(C)CCCOc1nn(Cc2ccccc2)c2ccccc12,0,0,0,0,,
Benzylpenicilloyl g,ADReCS: Respiratory disorders NEC,119212.0,ADReCS_only,benzylpenicilloyl g,CC1(C)SC(C(NC(=O)Cc2ccccc2)C(=O)NCCCCCC(=O)O)NC1C(=O)O,0,0,0,0,,
Bepotastine,ADReCS: Respiratory tract infections,164522.0,ADReCS_only,bepotastine,O=C(O)CCCN1CCC(OC(c2ccc(Cl)cc2)c2ccccn2)CC1,0,0,0,0,,
Betaine,ADReCS: Respiratory distress,247.0,ADReCS_only,betaine,C[N+](C)(C)CC(=O)[O-],0,0,0,0,,
Betiatide,ADReCS: Bronchial disorders (excl neoplasms),185457.0,ADReCS_only,betiatide,O=C(O)CNC(=O)CNC(=O)CNC(=O)CSC(=O)c1ccccc1,0,0,0,0,,
Bexarotene,ADReCS: Bronchitis,82146.0,ADReCS_only,bexarotene,C=C(c1ccc(C(=O)O)cc1)c1cc2c(cc1C)C(C)(C)CCC2(C)C,0,0,0,0,,
Biguanide,"ADReCS: Respiratory, thoracic and mediastinal disorders",5939.0,ADReCS_only,biguanide,N=C(N)N=C(N)N,0,0,0,0,,
Bilastine,ADReCS: Lower respiratory tract signs and symptoms,185460.0,ADReCS_only,bilastine,CCOCCn1c(C2CCN(CCc3ccc(C(C)(C)C(=O)O)cc3)CC2)nc2ccccc21,0,0,0,0,,
Bimatoprost,ADReCS: Asthma,5311027.0,ADReCS_only,bimatoprost,CCNC(=O)CCCC=CCC1C(O)CC(O)C1C=CC(O)CCc1ccccc1,0,0,0,0,,
Bisacodyl,ADReCS: Respiratory signs and symptoms NEC,2391.0,ADReCS_only,bisacodyl,CC(=O)Oc1ccc(C(c2ccc(OC(C)=O)cc2)c2ccccn2)cc1,0,0,0,0,,
Boceprevir,ADReCS: Bronchial disorders (excl neoplasms),10324367.0,ADReCS_only,boceprevir,CC(C)(C)NC(=O)NC(C(=O)N1CC2C(C1C(=O)NC(CC1CCC1)C(=O)C(N)=O)C2(C)C)C(C)(C)C,0,0,0,0,,
Bretylium,ADReCS: Lower respiratory tract signs and symptoms,2431.0,ADReCS_only,bretylium,CC[N+](C)(C)Cc1ccccc1Br,0,0,0,0,,
Brexpiprazole,ADReCS: Bronchial disorders (excl neoplasms),11978813.0,ADReCS_only,brexpiprazole,O=c1ccc2ccc(OCCCCN3CCN(c4cccc5sccc45)CC3)cc2[nH]1,0,0,0,0,,
Brimonidine,ADReCS: Asthma,2435.0,ADReCS_only,brimonidine,Brc1c(NC2=NCCN2)ccc2nccnc12,0,0,0,0,,
Brinzolamide,ADReCS: Asthma,68844.0,ADReCS_only,brinzolamide,CCNC1CN(CCCOC)S(=O)(=O)c2sc(S(N)(=O)=O)cc21,0,0,0,0,,
Brivaracetam,ADReCS: Bronchial disorders (excl neoplasms),9837243.0,ADReCS_only,brivaracetam,CCCC1CC(=O)N(C(CC)C(N)=O)C1,0,0,0,0,,
Bromazepam,ADReCS: Respiratory and pulmonary function diagnostic procedures,2441.0,ADReCS_only,bromazepam,O=C1CN=C(c2ccccn2)c2cc(Br)ccc2N1,0,0,0,0,,
Bromfenac,ADReCS: Asthma,60726.0,ADReCS_only,bromfenac,Nc1c(CC(=O)O)cccc1C(=O)c1ccc(Br)cc1,0,0,0,0,,
Bromhexine,ADReCS: Bronchial disorders (excl neoplasms),2442.0,ADReCS_only,bromhexine,CN(Cc1cc(Br)cc(Br)c1N)C1CCCCC1,0,0,0,0,,
Budesonide,ADReCS: Acute respiratory distress syndrome,5281004.0,ADReCS_only,budesonide,CCCC1OC2CC3C4CC=C5CC(=O)C=CC5(C)C4C(O)CC3(C)C2(C(=O)CO)O1,0,0,0,0,,
Bupropion,ADReCS: Acute respiratory distress syndrome; Bronchial disorders (excl neoplasms),444.0,ADReCS_only,bupropion,CC(NC(C)(C)C)C(=O)c1cccc(Cl)c1,0,0,0,0,,
Buspirone,ADReCS: Lower respiratory tract disorders (excl obstruction and infection); Lower respiratory tract signs and symptoms,2477.0,ADReCS_only,buspirone,O=C1CC2(CCCC2)CC(=O)N1CCCCN1CCN(c2ncccn2)CC1,0,0,0,0,,
Butabarbital,ADReCS: Respiratory acidoses; Respiratory disorders NEC,2479.0,ADReCS_only,butabarbital,CCC(C)C1(CC)C(=O)NC(=O)NC1=O,0,0,0,0,,
Butorphanol,ADReCS: Bronchitis,5361092.0,ADReCS_only,butorphanol,Oc1ccc2c(c1)C13CCCCC1(O)C(C2)N(CC1CCC1)CC3,0,0,0,0,,
Butylscopolamine bromide,ADReCS: Respiratory disorders NEC,656587.0,ADReCS_only,butylscopolamine bromide,CCCC[N+]1(C)C2CC(OC(=O)C(CO)c3ccccc3)CC1C1OC12,0,0,0,0,,
Calcifediol,ADReCS: Respiratory disorders NEC,5283731.0,ADReCS_only,calcifediol,C=C1CCC(O)CC1=CC=C1CCCC2(C)C1CCC2C(C)CCCC(C)(C)O,0,0,0,0,,
Calcitonin,ADReCS: Bronchial disorders (excl neoplasms),16220016.0,ADReCS_only,calcitonin,CC(C)CC(NC(=O)C(CCCCN)NC(=O)CNC(=O)C(CC(C)C)NC(=O)C(NC(=O)C1CSSCC(N)C(=O)NC(CO)C(=O)NC(CC(N)=O)C(=O)NC(CC(C)C)C(=O)NC(CO)C(=O)NC(C(C)O)C(=O)N1)C(C)C)C(=O)NC(CO)C(=O)NC(CCC(N)=O)C(=O)NC(CCC(=O)O)C(=O)NC(CC(C)C)C(=O)NC(Cc1c[nH]cn1)C(=O)NC(CCCCN)C(=O)NC(CC(C)C)C(=O)NC(CCC(N)=O)C(=O)NC(C(=O)NC(Cc1ccc(O)cc1)C(=O)N1CCCC1C(=O)NC(CCCNC(=N)N)C(=O)NC(C(=O)NC(CC(N)=O)C(=O)NC(C(=O)NCC(=O)NC(CO)C(=O)NCC(=O)NC(C(=O)N1CCCC1C(N)=O)C(C)O)C(C)O)C(C)O)C(C)O,0,0,0,0,,
Calcitonin (salmon),ADReCS: Bronchial disorders (excl neoplasms),16133812.0,ADReCS_only,calcitonin (salmon),CC(C)CC(NC(=O)C(CCCCN)NC(=O)CNC(=O)C(CC(C)C)NC(=O)C(NC(=O)C1CSSCC(N)C(=O)NC(CO)C(=O)NC(CC(N)=O)C(=O)NC(CC(C)C)C(=O)NC(CO)C(=O)NC(C(C)O)C(=O)N1)C(C)C)C(=O)NC(CO)C(=O)NC(CCC(N)=O)C(=O)NC(CCC(=O)O)C(=O)NC(CC(C)C)C(=O)NC(Cc1c[nH]cn1)C(=O)NC(CCCCN)C(=O)NC(CC(C)C)C(=O)NC(CCC(N)=O)C(=O)NC(C(=O)NC(Cc1ccc(O)cc1)C(=O)N1CCCC1C(=O)NC(CCCN=C(N)N)C(=O)NC(C(=O)NC(CC(N)=O)C(=O)NC(C(=O)NCC(=O)NC(CO)C(=O)NCC(=O)NC(C(=O)N1CCCC1C(N)=O)C(C)O)C(C)O)C(C)O)C(C)O,0,0,0,0,,
Calcitriol,ADReCS: Respiratory tract infections,5280453.0,ADReCS_only,calcitriol,C=C1C(=CC=C2CCCC3(C)C2CCC3C(C)CCCC(C)(C)O)CC(O)CC1O,0,0,0,0,,
Canagliflozin,ADReCS: Asthma,24812758.0,ADReCS_only,canagliflozin,Cc1ccc(C2OC(CO)C(O)C(O)C2O)cc1Cc1ccc(-c2ccc(F)cc2)s1,0,0,0,0,,
Cannabidiol,ADReCS: Lower respiratory tract disorders (excl obstruction and infection),644019.0,ADReCS_only,cannabidiol,C=C(C)C1CCC(C)=CC1c1c(O)cc(CCCCC)cc1O,0,0,0,0,,
Capromab pendetide,ADReCS: Respiratory disorders NEC,135509147.0,ADReCS_only,capromab pendetide,Nc1nc(=O)c2ncn(C3OC(COP(=O)(O)O)C(OP(=O)(O)O)C3O)c2[nH]1,0,0,0,0,,
Carbachol,ADReCS: Asthma,5831.0,ADReCS_only,carbachol,C[N+](C)(C)CCOC(N)=O,0,0,0,0,,
Carbidopa,ADReCS: Respiratory tract infections,34359.0,ADReCS_only,carbidopa,CC(Cc1ccc(O)c(O)c1)(NN)C(=O)O,0,0,0,0,,
Carbinoxamine,ADReCS: Bronchial disorders (excl neoplasms),2564.0,ADReCS_only,carbinoxamine,CN(C)CCOC(c1ccc(Cl)cc1)c1ccccn1,0,0,0,0,,
Carbonic acid,ADReCS: Respiratory disorders NEC,767.0,ADReCS_only,carbonic acid,O=C(O)O,0,0,0,0,,
Carglumic acid,ADReCS: Acute respiratory failure,121396.0,ADReCS_only,carglumic acid,NC(=O)NC(CCC(=O)O)C(=O)O,0,0,0,0,,
Cariprazine,ADReCS: Respiratory tract infections,11154555.0,ADReCS_only,cariprazine,CN(C)C(=O)NC1CCC(CCN2CCN(c3cccc(Cl)c3Cl)CC2)CC1,0,0,0,0,,
Carmustine,ADReCS: Congenital respiratory tract disorders,2578.0,ADReCS_only,carmustine,O=NN(CCCl)C(=O)NCCCl,0,0,0,0,,
Caspofungin,ADReCS: Acute respiratory distress syndrome; Respiratory tract infections,2826718.0,ADReCS_only,caspofungin,CCC(C)CC(C)CCCCCCCCC(=O)NC1CC(O)C(NCCN)NC(=O)C2C(O)CCN2C(=O)C(C(O)CCN)NC(=O)C(C(O)C(O)c2ccc(O)cc2)NC(=O)C2CC(O)CN2C(=O)C(C(C)O)NC1=O,0,0,0,0,,
Cefaclor,ADReCS: Asthma,51039.0,ADReCS_only,cefaclor,NC(C(=O)NC1C(=O)N2C(C(=O)O)=C(Cl)CSC12)c1ccccc1,0,0,0,0,,
Cefadroxil,ADReCS: Respiratory signs and symptoms NEC,47965.0,ADReCS_only,cefadroxil,CC1=C(C(=O)O)N2C(=O)C(NC(=O)C(N)c3ccc(O)cc3)C2SC1,0,0,0,0,,
Cefdinir,ADReCS: Acute respiratory failure,6915944.0,ADReCS_only,cefdinir,C=CC1=C(C(=O)O)N2C(=O)C(NC(=O)C(=NO)c3csc(N)n3)C2SC1,0,0,0,0,,
Cefditoren pivoxil,ADReCS: Asthma,16667736.0,ADReCS_only,cefditoren pivoxil,CON=C(C(=O)NC1C(=O)N2C(C(=O)OCOC(=O)C(C)(C)C)=C(C=Cc3scnc3C)CSC12)c1csc(N)n1,0,0,0,0,,
Cefepime,ADReCS: Bacterial lower respiratory tract infections,5479537.0,ADReCS_only,cefepime,CON=C(C(=O)NC1C(=O)N2C(C(=O)[O-])=C(C[N+]3(C)CCCC3)CSC12)c1csc(N)n1,0,0,0,0,,
Cefixime,ADReCS: Bacterial lower respiratory tract infections,5362065.0,ADReCS_only,cefixime,C=CC1=C(C(=O)O)N2C(=O)C(=NC(=O)C(NOCC(=O)O)c3csc(N)n3)C2SC1,0,0,0,0,,
Cefotaxime,ADReCS: Bronchial disorders (excl neoplasms),5742673.0,ADReCS_only,cefotaxime,CON=C(C(=O)NC1C(=O)N2C(C(=O)O)=C(COC(C)=O)CSC12)c1csc(N)n1,0,0,0,0,,
Cefoxitin,ADReCS: Respiratory disorders NEC,441199.0,ADReCS_only,cefoxitin,COC1(NC(=O)Cc2cccs2)C(=O)N2C(C(=O)O)=C(COC(N)=O)CSC21,0,0,0,0,,
Cefprozil,ADReCS: Bacterial lower respiratory tract infections,5281006.0,ADReCS_only,cefprozil,CC=CC1=C(C(=O)O)N2C(=O)C(NC(=O)C(N)c3ccc(O)cc3)C2SC1,0,0,0,0,,
Ceftazidime,ADReCS: Bronchial disorders (excl neoplasms),5481173.0,ADReCS_only,ceftazidime,CC(C)(ON=C(C(=O)NC1C(=O)N2C(C(=O)[O-])=C(C[n+]3ccccc3)CSC12)c1csc(N)n1)C(=O)O,0,0,0,0,,
Ceftobiprole,ADReCS: Respiratory disorders NEC,135413542.0,ADReCS_only,ceftobiprole,Nc1nc(C(=NO)C(=O)NC2C(=O)N3C(C(=O)O)=C(C=C4CCN(C5CCNC5)C4=O)CSC23)ns1,0,0,0,0,,
Cenobamate,ADReCS: Respiratory signs and symptoms NEC,11962412.0,ADReCS_only,cenobamate,NC(=O)OC(Cn1ncnn1)c1ccccc1Cl,0,0,0,0,,
Cephradine,ADReCS: Respiratory signs and symptoms NEC,38103.0,ADReCS_only,cephradine,CC1=C(C(=O)O)N2C(=O)C(NC(=O)C(N)C3=CCC=CC3)C2SC1,0,0,0,0,,
Cerivastatin,ADReCS: Bronchitis,446156.0,ADReCS_only,cerivastatin,COCc1c(-c2ccc(F)cc2)c(=CCC(O)CC(O)CC(=O)O)c(C(C)C)nc1=C(C)C,0,0,0,0,,
Cetrorelix,ADReCS: Thoracic disorders (excl lung and pleura),25074887.0,ADReCS_only,cetrorelix,CC(=O)NC(Cc1ccc2ccccc2c1)C(=O)NC(Cc1ccc(Cl)cc1)C(=O)NC(Cc1cccnc1)C(=O)NC(CO)C(=O)NC(Cc1ccc(O)cc1)C(=O)NC(CCCNC(N)=O)C(=O)NC(CC(C)C)C(=O)NC(CCCN=C(N)N)C(=O)N1CCCC1C(=O)NC(C)C(N)=O,0,0,0,0,,
Cevimeline,ADReCS: Asthma,2684.0,ADReCS_only,cevimeline,CC1OC2(CS1)CN1CCC2CC1,0,0,0,0,,
Chloral hydrate,"ADReCS: Respiratory, thoracic and mediastinal disorders",2707.0,ADReCS_only,chloral hydrate,OC(O)C(Cl)(Cl)Cl,0,0,0,0,,
Chloramphenicol,ADReCS: Neonatal cardiovascular disorders (excl cardiorespiratory arrest),5959.0,ADReCS_only,chloramphenicol,O=C(NC(CO)C(O)c1ccc([N+](=O)[O-])cc1)C(Cl)Cl,0,0,0,0,,
Chloramphenicol sodium succinate,"ADReCS: Respiratory, thoracic and mediastinal disorders",656833.0,ADReCS_only,chloramphenicol succinate,O=C([O-])CCC(=O)OCC(NC(=O)C(Cl)Cl)C(O)c1ccc([N+](=O)[O-])cc1,0,0,0,0,,
Chloroprocaine,ADReCS: Respiratory arrest,8612.0,ADReCS_only,chloroprocaine,CCN(CC)CCOC(=O)c1ccc(N)cc1Cl,0,0,0,0,,
Chlorthalidone,ADReCS: Lower respiratory tract disorders (excl obstruction and infection),2732.0,ADReCS_only,chlorthalidone,NS(=O)(=O)c1cc(C2(O)NC(=O)c3ccccc32)ccc1Cl,0,0,0,0,,
Chlorzoxazone,"ADReCS: Respiratory, thoracic and mediastinal disorders",2733.0,ADReCS_only,chlorzoxazone,O=c1[nH]c2cc(Cl)ccc2o1,0,0,0,0,,
Ciclesonide,ADReCS: Asthma,6918155.0,ADReCS_only,ciclesonide,CC(C)C(=O)OCC(=O)C12OC(C3CCCCC3)OC1CC1C3CC=C4CC(=O)C=CC4(C)C3C(O)CC12C,0,0,0,0,,
Cidofovir,ADReCS: Asthma,60613.0,ADReCS_only,cidofovir,Nc1ccn(CC(CO)OCP(=O)(O)O)c(=O)n1,0,0,0,0,,
Cinoxacin,"ADReCS: Respiratory, thoracic and mediastinal disorders",2762.0,ADReCS_only,cinoxacin,CCn1nc(C(=O)O)c(=O)c2cc3c(cc21)OCO3,0,0,0,0,,
Citric acid,ADReCS: Respiratory disorders NEC,311.0,ADReCS_only,citric acid,O=C(O)CC(O)(CC(=O)O)C(=O)O,0,0,0,0,,
Clobazam,ADReCS: Asthma,2789.0,ADReCS_only,clobazam,CN1C(=O)CC(=O)N(c2ccccc2)c2cc(Cl)ccc21,0,0,0,0,,
Clobetasol,ADReCS: Bacterial upper respiratory tract infections; Respiratory disorders NEC,5311051.0,ADReCS_only,clobetasol,CC1CC2C3CC=C4CC(=O)C=CC4(C)C3(F)C(O)CC2(C)C1(O)C(=O)CCl,0,0,0,0,,
Clodronic acid,ADReCS: Bronchial disorders (excl neoplasms),25419.0,ADReCS_only,clodronic acid,O=P(O)(O)C(Cl)(Cl)P(=O)(O)O,0,0,0,0,,
Clotrimazole,ADReCS: Respiratory signs and symptoms NEC,2812.0,ADReCS_only,clotrimazole,Clc1ccccc1C(c1ccccc1)(c1ccccc1)n1ccnc1,0,0,0,0,,
Cloxacillin,ADReCS: Bronchial disorders (excl neoplasms),6098.0,ADReCS_only,cloxacillin,Cc1onc(-c2ccccc2Cl)c1C(=O)NC1C(=O)N2C1SC(C)(C)C2C(=O)O,0,0,0,0,,
Cobimetinib,ADReCS: Lower respiratory tract disorders (excl obstruction and infection),16222096.0,ADReCS_only,cobimetinib,O=C(c1ccc(F)c(F)c1Nc1ccc(I)cc1F)N1CC(O)(C2CCCCN2)C1,0,0,0,0,,
Conivaptan,ADReCS: Respiratory tract infections; Thoracic disorders (excl lung and pleura),151171.0,ADReCS_only,conivaptan,Cc1nc2c([nH]1)-c1ccccc1N(C(=O)c1ccc(NC(=O)c3ccccc3-c3ccccc3)cc1)CC2,0,0,0,0,,
Conjugated estrogens,ADReCS: Asthma,45357473.0,ADReCS_only,conjugated estrogens,CC12CCC3c4ccc(OS(=O)(=O)[O-])cc4CCC3C1CCC2=O,0,0,0,0,,
Corticorelin ovine triflutate,ADReCS: Respiratory depth increased,16132344.0,ADReCS_only,corticorelin ovine triflutate,CCC(C)C(NC(=O)C(CC(=O)O)NC(=O)C(CC(C)C)NC(=O)C(CC(C)C)NC(=O)C(CCCCN)NC(=O)C(CCCN=C(N)N)NC(=O)C(CC(N)=O)NC(=O)C(CO)NC(=O)C(Cc1cnc[nH]1)NC(=O)C(C)NC(=O)C(CCC(N)=O)NC(=O)C(CCC(N)=O)NC(=O)C(C)NC(=O)C(CC(C)C)NC(=O)C(CCC(N)=O)NC(=O)C(CC(=O)O)NC(=O)C(C)NC(=O)C(CCCCN)NC(=O)C(NC(=O)C(CCSC)NC(=O)C(CCC(=O)O)NC(=O)C(CC(C)C)NC(=O)C(NC(=O)C(CCC(=O)O)NC(=O)C(CCCNC(=N)N)NC(=O)C(CC(C)C)NC(=O)C(CC(C)C)NC(=O)C(Cc1cnc[nH]1)NC(=O)C(Cc1ccccc1)NC(=O)C(NC(=O)C(CC(C)C)NC(=O)C(CC(=O)O)NC(=O)C(CC(C)C)NC(=O)C(CO)NC(=O)C(NC(=O)C1CCCN1C(=O)C1CCCN1C(=O)C(CCC(=O)O)NC(=O)C(CCC(N)=O)NC(=O)C(N)CO)C(C)CC)C(C)O)C(C)C)C(C)O)C(=O)NC(C)C(N)=O,0,0,0,0,,
Corticotropin,ADReCS: Thoracic disorders (excl lung and pleura),16132265.0,ADReCS_only,corticotropin,CSCCC(NC(=O)C(CO)NC(=O)C(Cc1ccc(O)cc1)NC(=O)C(N)CO)C(=O)NC(CCC(=O)O)C(=O)NC(Cc1c[nH]cn1)C(=O)NC(Cc1ccccc1)C(=O)NC(CCCNC(=N)N)C(=O)NC(Cc1c[nH]c2ccccc12)C(=O)NCC(=O)NC(CCCCN)C(=O)N1CCCC1C(=O)NC(C(=O)NCC(=O)NC(CCCCN)C(=O)NC(CCCCN)C(=O)NC(CCCNC(=N)N)C(=O)NC(CCCNC(=N)N)C(=O)N1CCCC1C(=O)NC(C(=O)NC(CCCCN)C(=O)NC(C(=O)NC(Cc1ccc(O)cc1)C(=O)N1CCCC1C(=O)NC(CC(N)=O)C(=O)NCC(=O)NC(C)C(=O)NC(CCC(=O)O)C(=O)NC(CC(=O)O)C(=O)NC(CCC(=O)O)C(=O)NC(CO)C(=O)NC(C)C(=O)NC(CCC(=O)O)C(=O)NC(C)C(=O)NC(Cc1ccccc1)C(=O)N1CCCC1C(=O)NC(CC(C)C)C(=O)NC(CCC(=O)O)C(=O)NC(Cc1ccccc1)C(=O)O)C(C)C)C(C)C)C(C)C,0,0,0,0,,
Cosyntropin,ADReCS: Asthma,16133802.0,ADReCS_only,cosyntropin,CSCCC(NC(=O)C(CO)NC(=O)C(Cc1ccc(O)cc1)NC(=O)C(N)CO)C(=O)NC(CCC(=O)O)C(=O)NC(Cc1c[nH]cn1)C(=O)NC(Cc1ccccc1)C(=O)NC(CCCN=C(N)N)C(=O)NC(Cc1c[nH]c2ccccc12)C(=O)NCC(=O)NC(CCCCN)C(=O)N1CCCC1C(=O)NC(C(=O)NCC(=O)NC(CCCCN)C(=O)NC(CCCCN)C(=O)NC(CCCNC(=N)N)C(=O)NC(CCCNC(=N)N)C(=O)N1CCCC1C(=O)NC(C(=O)NC(CCCCN)C(=O)NC(C(=O)NC(Cc1ccc(O)cc1)C(=O)N1CCCC1C(=O)O)C(C)C)C(C)C)C(C)C,0,0,0,0,,
Crisaborole,"ADReCS: Respiratory, thoracic and mediastinal disorders",44591583.0,ADReCS_only,crisaborole,N#Cc1ccc(Oc2ccc3c(c2)COB3O)cc1,0,0,0,0,,
Crofelemer,ADReCS: Bronchitis,36511.0,ADReCS_only,crofelemer,CSCCC(NC(=O)C(CC(C)C)NC(=O)CNC(=O)C(Cc1ccccc1)NC(=O)C(Cc1ccccc1)NC(=O)C(CCC(N)=O)NC(=O)C(CCC(N)=O)NC(=O)C1CCCN1C(=O)C(CCCCN)NC(=O)C1CCCN1C(=O)C(N)CCCN=C(N)N)C(N)=O,0,0,0,0,,
Cyanocobalamin,ADReCS: Lower respiratory tract disorders (excl obstruction and infection),5311498.0,ADReCS_only,cyanocobalamin,CC1=C2N=C(C=C3N=C(C(C)=C4[N-]C(C)(C5N=C1C(C)(CCC(=O)NCC(C)OP(=O)([O-])OC1C(CO)OC(n6cnc7cc(C)c(C)cc76)C1O)C5CC(N)=O)C(C)(CC(N)=O)C4CCC(N)=O)C(C)(CC(N)=O)C3CCC(N)=O)C(C)(C)C2CCC(N)=O.[C-]#N.[Co+3],0,0,0,0,,
Cyclizine,ADReCS: Bronchial disorders (excl neoplasms),6726.0,ADReCS_only,cyclizine,CN1CCN(C(c2ccccc2)c2ccccc2)CC1,0,0,0,0,,
Cyclo-upup,ADReCS: Bronchial disorders (excl neoplasms),194491.0,ADReCS_only,cyclo-upup,O=c1ccn(C2OC3COP(=O)(O)OC4C(COP(=O)(O)OC3C2O)OC(n2ccc(=O)[nH]c2=O)C4O)c(=O)[nH]1,0,0,0,0,,
Cyclobenzaprine,ADReCS: Bronchial disorders (excl neoplasms); Respiratory tract infections,2895.0,ADReCS_only,cyclobenzaprine,CN(C)CCC=C1c2ccccc2C=Cc2ccccc21,0,0,0,0,,
Cyproheptadine,ADReCS: Bronchial disorders (excl neoplasms),2913.0,ADReCS_only,cyproheptadine,CN1CCC(=C2c3ccccc3C=Cc3ccccc32)CC1,0,0,0,0,,
Cysteamine,ADReCS: Lower respiratory tract disorders (excl obstruction and infection),6058.0,ADReCS_only,cysteamine,NCCS,0,0,0,0,,
Cytarabine,ADReCS: Acute respiratory distress syndrome,6253.0,ADReCS_only,cytarabine,Nc1ccn(C2OC(CO)C(O)C2O)c(=O)n1,0,0,0,0,,
Dabigatran etexilate,"ADReCS: Bronchial disorders (excl neoplasms); Respiratory, thoracic and mediastinal disorders",135565674.0,ADReCS_only,dabigatran etexilate,CCCCCCOC(=O)N=C(N)c1ccc(NCc2nc3cc(C(=O)N(CCC(=O)OCC)c4ccccn4)ccc3n2C)cc1,0,0,0,0,,
Dalbavancin,ADReCS: Bronchial disorders (excl neoplasms),16134627.0,ADReCS_only,dalbavancin,CNC1C(=O)NC2Cc3ccc(cc3)Oc3cc4cc(c3OC3OC(C(=O)O)C(O)C(O)C3NC(=O)CCCCCCCCC(C)C)Oc3ccc(cc3Cl)C(O)C3NC(=O)C(NC(=O)C4NC(=O)C(NC2=O)c2cc(cc(O)c2Cl)Oc2cc1ccc2O)c1ccc(O)c(c1)-c1c(OC2OC(CO)C(O)C(O)C2O)cc(O)cc1C(C(=O)NCCCN(C)C)NC3=O,0,0,0,0,,
Dapagliflozin,ADReCS: Respiratory tract infections,9887712.0,ADReCS_only,dapagliflozin,CCOc1ccc(Cc2cc(C3OC(CO)C(O)C(O)C3O)ccc2Cl)cc1,0,0,0,0,,
Dapsone,ADReCS: Acute respiratory failure,2955.0,ADReCS_only,dapsone,Nc1ccc(S(=O)(=O)c2ccc(N)cc2)cc1,0,0,0,0,,
Darifenacin,ADReCS: Bronchial disorders (excl neoplasms),444031.0,ADReCS_only,darifenacin,NC(=O)C(c1ccccc1)(c1ccccc1)C1CCN(CCc2ccc3c(c2)CCO3)C1,0,0,0,0,,
Darunavir,ADReCS: Acute respiratory distress syndrome,213039.0,ADReCS_only,darunavir,CC(C)CN(CC(O)C(Cc1ccccc1)NC(=O)OC1COC2OCCC12)S(=O)(=O)c1ccc(N)cc1,0,0,0,0,,
Deferasirox,ADReCS: Bronchial disorders (excl neoplasms),214348.0,ADReCS_only,deferasirox,O=C(O)c1ccc(-n2nc(-c3ccccc3O)nc2-c2ccccc2O)cc1,0,0,0,0,,
Deferiprone,ADReCS: Acute respiratory distress syndrome,2972.0,ADReCS_only,deferiprone,Cc1c(O)c(=O)ccn1C,0,0,0,0,,
Defibrotide sodium,ADReCS: Lower respiratory tract disorders (excl obstruction and infection),135565962.0,ADReCS_only,defibrotide,CC(C)c1cc(-c2n[nH]c(=O)n2-c2ccc3c(ccn3C)c2)c(O)cc1OP(=O)(O)O,0,0,0,0,,
Deflazacort,ADReCS: Asthma,189821.0,ADReCS_only,deflazacort,CC(=O)OCC(=O)C12N=C(C)OC1CC1C3CC=C4CC(=O)C=CC4(C)C3C(O)CC12C,0,0,0,0,,
Degarelix,ADReCS: Thoracic disorders (excl lung and pleura),16136245.0,ADReCS_only,degarelix,CC(=O)NC(Cc1ccc2ccccc2c1)C(=O)NC(Cc1ccc(Cl)cc1)C(=O)NC(Cc1cccnc1)C(=O)NC(CO)C(=O)NC(Cc1ccc(NC(=O)C2CC(=O)NC(=O)N2)cc1)C(=O)NC(Cc1ccc(NC(N)=O)cc1)C(=O)NC(CC(C)C)C(=O)NC(CCCCNC(C)C)C(=O)N1CCCC1C(=O)NC(C)C(N)=O,0,0,0,0,,
Delafloxacin,ADReCS: Respiratory disorders NEC,487101.0,ADReCS_only,delafloxacin,Nc1nc(-n2cc(C(=O)O)c(=O)c3cc(F)c(N4CC(O)C4)c(Cl)c32)c(F)cc1F,0,0,0,0,,
Delamanid,ADReCS: Thoracic disorders (excl lung and pleura),6480466.0,ADReCS_only,delamanid,CC1(COc2ccc(N3CCC(Oc4ccc(OC(F)(F)F)cc4)CC3)cc2)Cn2cc([N+](=O)[O-])nc2O1,0,0,0,0,,
Delavirdine,ADReCS: Bronchitis,5625.0,ADReCS_only,delavirdine,CC(C)Nc1cccnc1N1CCN(C(=O)c2cc3cc(NS(C)(=O)=O)ccc3[nH]2)CC1,0,0,0,0,,
Demeclocycline,ADReCS: Lower respiratory tract disorders (excl obstruction and infection),54680690.0,ADReCS_only,demeclocycline,CN(C)C1C(=O)C(C(N)=O)C(=O)C2(O)C(=O)C3C(=O)c4c(O)ccc(Cl)c4C(O)C3CC12,0,0,0,0,,
Deoxycholic acid,ADReCS: Bronchial disorders (excl neoplasms),222528.0,ADReCS_only,deoxycholic acid,CC(CCC(=O)O)C1CCC2C3CCC4CC(O)CCC4(C)C3CC(O)C12C,0,0,0,0,,
Desflurane,ADReCS: Asthma,42113.0,ADReCS_only,desflurane,FC(F)OC(F)C(F)(F)F,0,0,0,0,,
Desirudin,ADReCS: Thoracic disorders (excl lung and pleura),16129703.0,ADReCS_only,desirudin,CCC(C)C1NC(=O)C2CSSCC(NC(=O)C(CC(C)C)NC(=O)C3CSSCC(NC(=O)C(CC(=O)O)NC(=O)C(NC(=O)C(Cc4ccc(O)cc4)NC(=O)C(NC(=O)C(N)C(C)C)C(C)C)C(C)O)C(=O)NC(C(C)O)C(=O)NC(CCC(=O)O)C(=O)NC(CO)C(=O)NCC(=O)NC(CCC(N)=O)C(=O)NC(CC(N)=O)C(=O)NC(CC(C)C)C(=O)N3)C(=O)NC(CCC(=O)O)C(=O)NCC(=O)NC(CO)C(=O)NC(CC(N)=O)C(=O)NC(C(C)C)C(=O)NC(CSSCC(C(=O)NC(C(=O)NC(C(=O)NCC(=O)NC(CCC(=O)O)C(=O)NCC(=O)NC(C(=O)N3CCCC3C(=O)NC(CCCCN)C(=O)N3CCCC3C(=O)NC(CCC(N)=O)C(=O)NC(CO)C(=O)NC(Cc3c[nH]cn3)C(=O)NC(CC(N)=O)C(=O)NC(CC(=O)O)C(=O)NCC(=O)NC(CC(=O)O)C(=O)NC(Cc3ccccc3)C(=O)NC(CCC(=O)O)C(=O)NC(CCC(=O)O)C(=O)NC(C(=O)N3CCCC3C(=O)NC(CCC(=O)O)C(=O)NC(CCC(=O)O)C(=O)NC(Cc3ccc(O)cc3)C(=O)NC(CC(C)C)C(=O)NC(CCC(N)=O)C(=O)O)C(C)CC)C(C)O)C(C)O)C(C)C)NC(=O)C(CCC(N)=O)NC(=O)C(CC(N)=O)NC(=O)C(CCCCN)NC(=O)C(CCC(=O)O)NC(=O)CNC(=O)C(CC(=O)O)NC(=O)C(CO)NC(=O)CNC(=O)C(CC(C)C)NC1=O)C(=O)NCC(=O)NC(CCC(N)=O)C(=O)NCC(=O)NC(CC(N)=O)C(=O)NC(CCCCN)C(=O)N2,0,0,0,0,,
Desloratadine,ADReCS: Bronchial disorders (excl neoplasms),124087.0,ADReCS_only,desloratadine,Clc1ccc2c(c1)CCc1cccnc1C2=C1CCNCC1,0,0,0,0,,
Desoximetasone,ADReCS: Asthma,5311067.0,ADReCS_only,desoximetasone,CC1CC2C3CC=C4CC(=O)C=CC4(C)C3(F)C(O)CC2(C)C1C(=O)CO,0,0,0,0,,
Desvenlafaxine,ADReCS: Bronchial disorders (excl neoplasms),125017.0,ADReCS_only,desvenlafaxine,CN(C)CC(c1ccc(O)cc1)C1(O)CCCCC1,0,0,0,0,,
Deucravacitinib,ADReCS: Respiratory disorders NEC,134821691.0,ADReCS_only,deucravacitinib,CNC(=O)c1nnc(NC(=O)C2CC2)cc1Nc1cccc(-c2ncn(C)n2)c1OC,0,0,0,0,,
Dexpanthenol,ADReCS: Respiratory disorders NEC,131204.0,ADReCS_only,dexpanthenol,CC(C)(CO)C(O)C(=O)NCCCO,0,0,0,0,,
Dexrazoxane,ADReCS: Respiratory tract infections; Thoracic disorders (excl lung and pleura),71384.0,ADReCS_only,dexrazoxane,CC(CN1CC(=O)NC(=O)C1)N1CC(=O)NC(=O)C1,0,0,0,0,,
Diatrizoate sodium,ADReCS: Asthma,23672589.0,ADReCS_only,diatrizoate,CC(=O)Nc1c(I)c(NC(C)=O)c(I)c(C(=O)[O-])c1I,0,0,0,0,,
Diatrizoic acid,ADReCS: Asthma,2140.0,ADReCS_only,diatrizoic acid,CC(=O)Nc1c(I)c(NC(C)=O)c(I)c(C(=O)O)c1I,0,0,0,0,,
Dichlorphenamide,ADReCS: Asthma,3038.0,ADReCS_only,dichlorphenamide,NS(=O)(=O)c1cc(Cl)c(Cl)c(S(N)(=O)=O)c1,0,0,0,0,,
Dicloxacillin,ADReCS: Bronchial disorders (excl neoplasms),18381.0,ADReCS_only,dicloxacillin,Cc1onc(-c2c(Cl)cccc2Cl)c1C(=O)NC1C(=O)N2C1SC(C)(C)C2C(=O)O,0,0,0,0,,
Dicyclomine,ADReCS: Respiratory disorders NEC; Thoracic disorders (excl lung and pleura),3042.0,ADReCS_only,dicyclomine,CCN(CC)CCOC(=O)C1(C2CCCCC2)CCCCC1,0,0,0,0,,
Dienogest,ADReCS: Respiratory signs and symptoms NEC,68861.0,ADReCS_only,dienogest,CC12CC=C3C4=C(CCC3C1CCC2(O)CC#N)CC(=O)CC4,0,0,0,0,,
Diethylpropion,ADReCS: Respiratory signs and symptoms NEC,7029.0,ADReCS_only,diethylpropion,CCN(CC)C(C)C(=O)c1ccccc1,0,0,0,0,,
Dimercaprol,ADReCS: Respiratory tract infections,3080.0,ADReCS_only,dimercaprol,OCC(S)CS,0,0,0,0,,
Dimethyl fumarate,ADReCS: Bronchial disorders (excl neoplasms),637568.0,ADReCS_only,dimethyl,COC(=O)C=CC(=O)OC,0,0,0,0,,
Dinoprostone,ADReCS: Asthma,5280360.0,ADReCS_only,dinoprostone,CCCCCC(O)C=CC1C(O)CC(=O)C1CC=CCCCC(=O)O,0,0,0,0,,
Diroximel fumarate,"ADReCS: Respiratory, thoracic and mediastinal disorders",73330464.0,ADReCS_only,diroximel,COC(=O)C=CC(=O)OCCn1c(O)ccc1O,0,0,0,0,,
Docusate,ADReCS: Lower respiratory tract disorders (excl obstruction and infection),11339.0,ADReCS_only,docusate,CCCCC(CC)COC(=O)CC(C(=O)OCC(CC)CCCC)S(=O)(=O)O,0,0,0,0,,
Dofetilide,ADReCS: Asthma,71329.0,ADReCS_only,dofetilide,CN(CCOc1ccc(NS(C)(=O)=O)cc1)CCc1ccc(NS(C)(=O)=O)cc1,0,0,0,0,,
Domperidone,ADReCS: Respiratory signs and symptoms NEC,3151.0,ADReCS_only,domperidone,O=c1[nH]c2ccccc2n1CCCN1CCC(n2c(=O)[nH]c3cc(Cl)ccc32)CC1,0,0,0,0,,
Dopamine,ADReCS: Respiratory disorders NEC,681.0,ADReCS_only,dopamine,NCCc1ccc(O)c(O)c1,0,0,0,0,,
Doxacurium chloride,ADReCS: Bronchial disorders (excl neoplasms),60168.0,ADReCS_only,doxacurium chloride,COc1cc(CC2c3c(cc(OC)c(OC)c3OC)CC[N+]2(C)CCCOC(=O)CCC(=O)OCCC[N+]2(C)CCc3cc(OC)c(OC)c(OC)c3C2Cc2cc(OC)c(OC)c(OC)c2)cc(OC)c1OC,0,0,0,0,,
Doxapram,ADReCS: Bronchial disorders (excl neoplasms),3156.0,ADReCS_only,doxapram,CCN1CC(CCN2CCOCC2)C(c2ccccc2)(c2ccccc2)C1=O,0,0,0,0,,
Doxazosin,ADReCS: Bronchial disorders (excl neoplasms),3157.0,ADReCS_only,doxazosin,COc1cc2nc(N3CCN(C(=O)C4COc5ccccc5O4)CC3)nc(N)c2cc1OC,0,0,0,0,,
Doxepin,ADReCS: Asthma,3158.0,ADReCS_only,doxepin,CN(C)CCC=C1c2ccccc2COc2ccccc21,0,0,0,0,,
Doxercalciferol,ADReCS: Respiratory tract infections,5281107.0,ADReCS_only,doxercalciferol,C=C1C(=CC=C2CCCC3(C)C2CCC3C(C)C=CC(C)C(C)C)CC(O)CC1O,0,0,0,0,,
Doxylamine,ADReCS: Respiratory disorders NEC,3162.0,ADReCS_only,doxylamine,CN(C)CCOC(C)(c1ccccc1)c1ccccn1,0,0,0,0,,
Droxidopa,ADReCS: Lower respiratory tract disorders (excl obstruction and infection),92974.0,ADReCS_only,droxidopa,NC(C(=O)O)C(O)c1ccc(O)c(O)c1,0,0,0,0,,
Dyphylline,ADReCS: Respiratory disorders NEC,3182.0,ADReCS_only,dyphylline,Cn1c(=O)c2c(ncn2CC(O)CO)n(C)c1=O,0,0,0,0,,
Edaravone,ADReCS: Respiratory signs and symptoms NEC,4021.0,ADReCS_only,edaravone,Cc1cc(=O)n(-c2ccccc2)[nH]1,0,0,0,0,,
Edetate calcium disodium,"ADReCS: Respiratory, thoracic and mediastinal disorders",6093170.0,ADReCS_only,edetate disodium,O=C([O-])CN(CCN(CC(=O)[O-])CC(=O)[O-])CC(=O)[O-],0,0,0,0,,
Edetic acid,"ADReCS: Respiratory, thoracic and mediastinal disorders",6049.0,ADReCS_only,edetic acid,O=C(O)CN(CCN(CC(=O)O)CC(=O)O)CC(=O)O,0,0,0,0,,
Efinaconazole,ADReCS: Respiratory signs and symptoms NEC,489181.0,ADReCS_only,efinaconazole,C=C1CCN(C(C)C(O)(Cn2cncn2)c2ccc(F)cc2F)CC1,0,0,0,0,,
Elagolix,ADReCS: Respiratory signs and symptoms NEC,11250647.0,ADReCS_only,elagolix,COc1cccc(-c2c(C)n(Cc3c(F)cccc3C(F)(F)F)c(=O)n(CC(NCCCC(=O)O)c3ccccc3)c2=O)c1F,0,0,0,0,,
Eletriptan,ADReCS: Asthma,77993.0,ADReCS_only,eletriptan,CN1CCCC1Cc1c[nH]c2ccc(CCS(=O)(=O)c3ccccc3)cc12,0,0,0,0,,
Eliglustat,ADReCS: Thoracic disorders (excl lung and pleura),23652731.0,ADReCS_only,eliglustat,CCCCCCCC(=O)NC(CN1CCCC1)C(O)c1ccc2c(c1)OCCO2,0,0,0,0,,
Eluxadoline,ADReCS: Asthma,11250029.0,ADReCS_only,eluxadoline,COc1ccc(CN(C(=O)C(N)Cc2c(C)cc(C(N)=O)cc2C)C(C)c2nc(-c3ccccc3)c[nH]2)cc1C(=O)O,0,0,0,0,,
Emedastine,ADReCS: Respiratory tract infections,3219.0,ADReCS_only,emedastine,CCOCCn1c(N2CCCN(C)CC2)nc2ccccc21,0,0,0,0,,
Empagliflozin,ADReCS: Respiratory tract infections,11949646.0,ADReCS_only,empagliflozin,OCC1OC(c2ccc(Cl)c(Cc3ccc(OC4CCOC4)cc3)c2)C(O)C(O)C1O,0,0,0,0,,
Emtricitabine,ADReCS: Thoracic disorders (excl lung and pleura),60877.0,ADReCS_only,emtricitabine,Nc1nc(=O)n(C2CSC(CO)O2)cc1F,0,0,0,0,,
Enalaprilat,ADReCS: Acute respiratory failure,5462501.0,ADReCS_only,enalaprilat,CC(NC(CCc1ccccc1)C(=O)O)C(=O)N1CCCC1C(=O)O,0,0,0,0,,
Enasidenib,ADReCS: Acute respiratory distress syndrome,89683805.0,ADReCS_only,enasidenib,CC(C)(O)CNc1nc(Nc2ccnc(C(F)(F)F)c2)nc(-c2cccc(C(F)(F)F)n2)n1,0,0,0,0,,
Enflurane,ADReCS: Respiratory and pulmonary function diagnostic procedures,3226.0,ADReCS_only,enflurane,FC(F)OC(F)(F)C(F)Cl,0,0,0,0,,
Enfuvirtide,ADReCS: Bacterial lower respiratory tract infections,16130199.0,ADReCS_only,enfuvirtide,CCC(C)C(NC(=O)C(CC(C)C)NC(=O)C(CO)NC(=O)C(Cc1c[nH]cn1)NC(=O)C(NC(=O)C(CC(C)C)NC(=O)C(CO)NC(=O)C(NC(=O)C(Cc1ccc(O)cc1)NC(C)=O)C(C)O)C(C)CC)C(=O)NC(CCC(=O)O)C(=O)NC(CCC(=O)O)C(=O)NC(CO)C(=O)NC(CCC(N)=O)C(=O)NC(CC(N)=O)C(=O)NC(CCC(N)=O)C(=O)NC(CCC(N)=O)C(=O)NC(CCC(=O)O)C(=O)NC(CCCCN)C(=O)NC(CC(N)=O)C(=O)NC(CCC(=O)O)C(=O)NC(CCC(N)=O)C(=O)NC(CCC(=O)O)C(=O)NC(CC(C)C)C(=O)NC(CC(C)C)C(=O)NC(CCC(=O)O)C(=O)NC(CC(C)C)C(=O)NC(CC(=O)O)C(=O)NC(CCCCN)C(=O)NC(Cc1c[nH]c2ccccc12)C(=O)NC(C)C(=O)NC(CO)C(=O)NC(CC(C)C)C(=O)NC(Cc1c[nH]c2ccccc12)C(=O)NC(CC(N)=O)C(=O)NC(Cc1c[nH]c2ccccc12)C(=O)NC(Cc1ccccc1)C(N)=O,0,0,0,0,,
Entacapone,ADReCS: Acute respiratory failure,5281081.0,ADReCS_only,entacapone,CCN(CC)C(=O)C(C#N)=Cc1cc(O)c(O)c([N+](=O)[O-])c1,0,0,0,0,,
Entecavir,ADReCS: Cardio-respiratory arrest,135398508.0,ADReCS_only,entecavir,C=C1C(CO)C(O)CC1n1cnc2c(=O)[nH]c(N)nc21,0,0,0,0,,
Enzalutamide,ADReCS: Bronchitis,15951529.0,ADReCS_only,enzalutamide,CNC(=O)c1ccc(N2C(=S)N(c3ccc(C#N)c(C(F)(F)F)c3)C(=O)C2(C)C)cc1F,0,0,0,0,,
Epi-kal2,ADReCS: Respiratory tract infections,44201343.0,ADReCS_only,epi-kal2,CCC(C)C(NC(=O)C(Cc1ccccc1)NC(=O)C(CCC(=O)O)NC(=O)C(CCC(=O)O)NC(=O)C(CS)NC(=O)C(CCC(N)=O)NC(=O)C(CCCN=C(N)N)NC(=O)C(NC(=O)C(Cc1ccccc1)NC(=O)C(NC(=O)C(CC(N)=O)NC(=O)C(Cc1ccccc1)NC(=O)C(Cc1ccccc1)NC(=O)C(Cc1c[nH]c2ccccc12)NC(=O)C(CCCNC(=N)N)NC(=O)C1CCCN1C(=O)C(Cc1cnc[nH]1)NC(=O)C(C)NC(=O)C(C)NC(=O)C(CCCNC(=N)N)NC(=O)C(CS)NC(=O)C1CCCN1C(=O)CNC(=O)C(CC(=O)O)NC(=O)C(CC(=O)O)NC(=O)C(C)NC(=O)C(CCCCN)NC(=O)C(Cc1ccccc1)NC(=O)C(C)NC(=O)C(CS)NC(=O)C(Cc1ccccc1)NC(=O)C(CO)NC(=O)C(Cc1cnc[nH]1)NC(=O)C(CCSC)NC(=O)C(C)NC(=O)C(N)CCC(=O)O)C(C)CC)C(C)O)C(=O)NC(Cc1ccc(O)cc1)C(=O)NCC(=O)NCC(=O)NC(CS)C(=O)NC(CCC(=O)O)C(=O)NCC(=O)NC(CC(N)=O)C(=O)NC(CCC(N)=O)C(=O)NC(CC(N)=O)C(=O)NC(CCCNC(=N)N)C(=O)NC(Cc1ccccc1)C(=O)NC(CCC(=O)O)C(=O)NC(CO)C(=O)NC(CC(C)C)C(=O)NC(CCC(=O)O)C(=O)NC(CCC(=O)O)C(=O)NC(CS)C(=O)NC(CCCCN)C(=O)NC(CCCCN)C(=O)NC(CCSC)C(=O)NC(CS)C(=O)NC(C(=O)NC(CCCNC(=N)N)C(=O)NC(CC(=O)O)C(=O)O)C(C)O,0,0,0,0,,
Epinastine,ADReCS: Respiratory tract infections,3241.0,ADReCS_only,epinastine,NC1=NCC2c3ccccc3Cc3ccccc3N12,0,0,0,0,,
Eplerenone,ADReCS: Bronchitis,443872.0,ADReCS_only,eplerenone,COC(=O)C1C=C2CC(=O)CCC2(C)C23OC2CC2(C)C(CCC24CCC(=O)O4)C13,0,0,0,0,,
Epoetin alfa,ADReCS: Respiratory tract infections,127893.0,ADReCS_only,epoetin alfa,O=C(CNC(=O)c1ccccc1)CC(Cc1ccccc1)C(=O)O,0,0,0,0,,
Equilin sulfate,ADReCS: Asthma,168708.0,ADReCS_only,equilin,CC12CCC3C(=CCc4cc(OS(=O)(=O)O)ccc43)C1CCC2=O,0,0,0,0,,
Ergocalciferol,ADReCS: Asthma,5280793.0,ADReCS_only,ergocalciferol,C=C1CCC(O)CC1=CC=C1CCCC2(C)C1CCC2C(C)C=CC(C)C(C)C,0,0,0,0,,
Ertapenem,ADReCS: Asthma,150610.0,ADReCS_only,ertapenem,CC(O)C1C(=O)N2C(C(=O)O)=C(SC3CNC(C(=O)Nc4cccc(C(=O)O)c4)C3)C(C)C12,0,0,0,0,,
Erythropoietin,ADReCS: Respiratory tract infections,11751549.0,ADReCS_only,erythropoietin,CCCCc1nc(Cl)c(CO)n1Cc1ccc(-c2ccccc2-c2nnn[n-]2)cc1,0,0,0,0,,
Eslicarbazepine,ADReCS: Thoracic disorders (excl lung and pleura),9881504.0,ADReCS_only,eslicarbazepine,NC(=O)N1c2ccccc2CC(O)c2ccccc21,0,0,0,0,,
Estazolam,ADReCS: Asthma,3261.0,ADReCS_only,estazolam,Clc1ccc2c(c1)C(c1ccccc1)=NCc1nncn1-2,0,0,0,0,,
Estradiol,ADReCS: Acute respiratory failure; Asthma,5757.0,ADReCS_only,estradiol,CC12CCC3c4ccc(O)cc4CCC3C1CCC2O,0,0,0,0,,
Estradiol cypionate,ADReCS: Asthma,9403.0,ADReCS_only,estradiol cypionate,CC12CCC3c4ccc(O)cc4CCC3C1CCC2OC(=O)CCC1CCCC1,0,0,0,0,,
Estradiol valerate,ADReCS: Asthma,13791.0,ADReCS_only,estradiol valerate,CCCCC(=O)OC1CCC2C3CCc4cc(O)ccc4C3CCC12C,0,0,0,0,,
Estramustine,"ADReCS: Respiratory signs and symptoms NEC; Respiratory, thoracic and mediastinal disorders",259331.0,ADReCS_only,estramustine,CC12CCC3c4ccc(OC(=O)N(CCCl)CCCl)cc4CCC3C1CCC2O,0,0,0,0,,
Estrone,ADReCS: Asthma,5870.0,ADReCS_only,estrone,CC12CCC3c4ccc(O)cc4CCC3C1CCC2=O,0,0,0,0,,
Ethinyl estradiol,ADReCS: Lower respiratory tract signs and symptoms,5991.0,ADReCS_only,ethinyl estradiol,C#CC1(O)CCC2C3CCc4cc(O)ccc4C3CCC21C,0,0,0,0,,
Ethotoin,ADReCS: Respiratory signs and symptoms NEC,3292.0,ADReCS_only,ethotoin,CCn1c(O)c(-c2ccccc2)[nH]c1=O,0,0,0,0,,
Etidronate disodium,ADReCS: Asthma,23894.0,ADReCS_only,etidronate disodium,CC(O)(P(=O)([O-])O)P(=O)([O-])O,0,0,0,0,,
Etidronic acid,ADReCS: Asthma,3305.0,ADReCS_only,etidronic acid,CC(O)(P(=O)(O)O)P(=O)(O)O,0,0,0,0,,
Etodolac,ADReCS: Acute respiratory distress syndrome,3308.0,ADReCS_only,etodolac,CCc1cccc2c3c([nH]c12)C(CC)(CC(=O)O)OCC3,0,0,0,0,,
Etomidate,ADReCS: Lower respiratory tract signs and symptoms,667484.0,ADReCS_only,etomidate,CCOC(=O)c1cncn1C(C)c1ccccc1,0,0,0,0,,
Etonogestrel,ADReCS: Asthma,6917715.0,ADReCS_only,etonogestrel,C#CC1(O)CCC2C3CC=C4CC(=O)CCC4C3C(=C)CC21CC,0,0,0,0,,
Etophos,ADReCS: Bronchial disorders (excl neoplasms),60668.0,ADReCS_only,etophos,COc1cc(C2c3cc4c(cc3C(OC3OC5COC(C)OC5C(O)C3O)C3COC(=O)C23)OCO4)cc(OC)c1OP(=O)(O)O,0,0,0,0,,
Etravirine,ADReCS: Bronchial disorders (excl neoplasms),193962.0,ADReCS_only,etravirine,Cc1cc(C#N)cc(C)c1Oc1nc(Nc2ccc(C#N)cc2)nc(N)c1Br,0,0,0,0,,
Exenatide,"ADReCS: Respiratory, thoracic and mediastinal disorders",45588096.0,ADReCS_only,exenatide,CCC(C)C(NC(=O)C(Cc1ccccc1)NC(=O)C(CC(C)C)NC(=O)C(CCCN=C(N)N)NC(=O)C(NC(=O)C(C)NC(=O)C(CCC(=O)O)NC(=O)C(CCC(=O)O)NC(=O)C(CCC(=O)O)NC(=O)C(CCSC)NC(=O)C(CCC(N)=O)NC(=O)C(CCCCN)NC(=O)C(CO)NC(=O)C(CC(C)C)NC(=O)C(CC(=O)O)NC(=O)C(CO)NC(=O)C(NC(=O)C(Cc1ccccc1)NC(=O)C(NC(=O)CNC(=O)C(CCC(=O)O)NC(=O)CNC(=O)C(N)Cc1c[nH]cn1)C(C)O)C(C)O)C(C)C)C(=O)NC(CCC(=O)O)C(=O)NC(Cc1c[nH]c2ccccc12)C(=O)NC(CC(C)C)C(=O)NC(CCCCN)C(=O)NC(CC(N)=O)C(=O)NCC(=O)NCC(=O)N1CCCC1C(=O)NC(CO)C(=O)NC(CO)C(=O)NCC(=O)NC(C)C(=O)N1CCCC1C(=O)N1CCCC1C(=O)N1CCCC1C(=O)NC(CO)C(N)=O,0,0,0,0,,
Extendin-4,ADReCS: Thoracic disorders (excl lung and pleura),16157882.0,ADReCS_only,extendin-4,CCC(C)C(NC(=O)C(Cc1ccccc1)NC(=O)C(CC(C)C)NC(=O)C(CCCN=C(N)N)NC(=O)C(NC(=O)C(C)NC(=O)C(CCC(=O)O)NC(=O)C(CCC(=O)O)NC(=O)C(CCC(=O)O)NC(=O)C(CCSC)NC(=O)C(CCC(N)=O)NC(=O)C(CCCCN)NC(=O)C(CO)NC(=O)C(CC(C)C)NC(=O)C(CC(=O)O)NC(=O)C(CO)NC(=O)C(NC(=O)C(Cc1ccccc1)NC(=O)C(NC(=O)CNC(=O)C(CCC(=O)O)NC(=O)CNC(=O)C(N)Cc1cnc[nH]1)C(C)O)C(C)O)C(C)C)C(=O)NC(CCC(=O)O)C(=O)NC(Cc1c[nH]c2ccccc12)C(=O)NC(CC(C)C)C(=O)NC(CCCCN)C(=O)NC(CC(N)=O)C(=O)NCC(=O)NCC(=O)N1CCCC1C(=O)NC(CO)C(=O)NC(CO)C(=O)NCC(=O)NC(C)C(=O)N1CCCC1C(=O)N1CCCC1C(=O)N1CCCC1C(=O)NC(CO)C(N)=O,0,0,0,0,,
Ezogabine,ADReCS: Respiratory tract infections,121892.0,ADReCS_only,ezogabine,CCOC(=O)Nc1ccc(NCc2ccc(F)cc2)cc1N,0,0,0,0,,
Famciclovir,ADReCS: Respiratory tract infections,3324.0,ADReCS_only,famciclovir,CC(=O)OCC(CCn1cnc2cnc(N)nc21)COC(C)=O,0,0,0,0,,
Febuxostat,ADReCS: Bronchitis,134018.0,ADReCS_only,febuxostat,Cc1nc(-c2ccc(OCC(C)C)c(C#N)c2)sc1C(=O)O,0,0,0,0,,
Fedratinib,ADReCS: Lower respiratory tract disorders (excl obstruction and infection),16722836.0,ADReCS_only,fedratinib,Cc1cnc(Nc2ccc(OCCN3CCCC3)cc2)nc1Nc1cccc(S(=O)(=O)NC(C)(C)C)c1,0,0,0,0,,
Felbamate,ADReCS: Asthma,3331.0,ADReCS_only,felbamate,NC(=O)OCC(COC(N)=O)c1ccccc1,0,0,0,0,,
Felodipine,ADReCS: Bronchitis,3333.0,ADReCS_only,felodipine,CCOC(=O)C1=C(C)N=C(C)C(C(=O)OC)C1c1cccc(Cl)c1Cl,0,0,0,0,,
Fenofibric acid,ADReCS: Bronchitis,64929.0,ADReCS_only,fenofibric acid,CC(C)(Oc1ccc(C(=O)c2ccc(Cl)cc2)cc1)C(=O)O,0,0,0,0,,
Fenoldopam,ADReCS: Respiratory signs and symptoms NEC,3341.0,ADReCS_only,fenoldopam,Oc1ccc(C2CNCCc3c2cc(O)c(O)c3Cl)cc1,0,0,0,0,,
Sodium ferric gluconate complex,ADReCS: Bronchial disorders (excl neoplasms),23693558.0,ADReCS_only,ferric gluconate complex,O=C([O-])C(O)C(O)C(O)C(O)CO.[Fe+3],0,0,0,0,,
Fesoterodine,ADReCS: Asthma; Bronchial disorders (excl neoplasms),6918558.0,ADReCS_only,fesoterodine,CC(C)C(=O)Oc1ccc(CO)cc1C(CCN(C(C)C)C(C)C)c1ccccc1,0,0,0,0,,
Fidaxomicin,ADReCS: Respiratory disorders NEC,151383.0,ADReCS_only,fidaxomicin,CCc1c(Cl)c(O)c(Cl)c(O)c1C(=O)OC1C(C)OC(OCC2=CC=CCC(O)C(C)=CC(CC)C(OC3OC(C)(C)C(OC(=O)C(C)C)C(O)C3O)C(C)=CC(C)=CCC(C(C)O)OC2=O)C(OC)C1O,0,0,0,0,,
Finerenone,ADReCS: Respiratory disorders NEC,60150535.0,ADReCS_only,finerenone,CCOc1ncc(C)c2c1C(c1ccc(C#N)cc1OC)C(C(N)=O)C(C)=N2,0,0,0,0,,
Fluconazole,ADReCS: Acute respiratory distress syndrome,3365.0,ADReCS_only,fluconazole,OC(Cn1cncn1)(Cn1cncn1)c1ccc(F)cc1F,0,0,0,0,,
Flucytosine,ADReCS: Respiratory signs and symptoms NEC,3366.0,ADReCS_only,flucytosine,Nc1[nH]c(=O)ncc1F,0,0,0,0,,
Flunitrazepam,ADReCS: Lower respiratory tract signs and symptoms,3380.0,ADReCS_only,flunitrazepam,CN1C(=O)CN=C(c2ccccc2F)c2cc([N+](=O)[O-])ccc21,0,0,0,0,,
Fluocinolone acetonide,ADReCS: Bronchial disorders (excl neoplasms),6215.0,ADReCS_only,fluocinolone acetonide,CC1(C)OC2CC3C4CC(F)C5=CC(=O)C=CC5(C)C4(F)C(O)CC3(C)C2(C(=O)CO)O1,0,0,0,0,,
Fluocinonide,ADReCS: Respiratory tract infections,9642.0,ADReCS_only,fluocinonide,CC(=O)OCC(=O)C12OC(C)(C)OC1CC1C3CC(F)C4=CC(=O)C=CC4(C)C3(F)C(O)CC12C,0,0,0,0,,
Fluorometholone,ADReCS: Respiratory signs and symptoms NEC,9878.0,ADReCS_only,fluorometholone,CC(=O)C1(O)CCC2C3CC(C)=C4CC(=O)C=CC4(C)C3(F)C(O)CC21C,0,0,0,0,,
Fluoxymesterone,"ADReCS: Respiratory, thoracic and mediastinal disorders",6446.0,ADReCS_only,fluoxymesterone,CC1(O)CCC2C3CC=C4CC(=O)CCC4(C)C3(F)C(O)CC21C,0,0,0,0,,
Fluphenazine,ADReCS: Asthma,3372.0,ADReCS_only,fluphenazine,OCCN1CCN(CCCN2c3ccccc3Sc3ccc(C(F)(F)F)cc32)CC1,0,0,0,0,,
Fluphenazine decanoate,ADReCS: Asthma,3388.0,ADReCS_only,fluphenazine decanoate,CCCCCCCCCC(=O)OCCN1CCN(CCCN2c3ccccc3Sc3ccc(C(F)(F)F)cc32)CC1,0,0,0,0,,
Flurazepam,ADReCS: Respiratory signs and symptoms NEC,3393.0,ADReCS_only,flurazepam,CCN(CC)CCN1C(=O)CN=C(c2ccccc2F)c2cc(Cl)ccc21,0,0,0,0,,
Flutemetamol f-18,ADReCS: Respiratory signs and symptoms NEC,15950376.0,ADReCS_only,flutemetamol f-18,CNc1ccc(-c2nc3ccc(O)cc3s2)cc1F,0,0,0,0,,
Fluticasone propionate,ADReCS: Acute respiratory failure; Asthma,444036.0,ADReCS_only,fluticasone,CCC(=O)OC1(C(=O)SCF)C(C)CC2C3CC(F)C4=CC(=O)C=CC4(C)C3(F)C(O)CC21C,0,0,0,0,,
Fluticasone furoate,ADReCS: Asthma,9854489.0,ADReCS_only,fluticasone furoate,CC1CC2C3CC(F)C4=CC(=O)C=CC4(C)C3(F)C(O)CC2(C)C1(OC(=O)c1ccco1)C(=O)SCF,0,0,0,0,,
Fluvoxamine,ADReCS: Asthma,5324346.0,ADReCS_only,fluvoxamine,COCCCCC(=NOCCN)c1ccc(C(F)(F)F)cc1,0,0,0,0,,
Fomepizole,ADReCS: Respiratory tract infections,3406.0,ADReCS_only,fomepizole,Cc1cn[nH]c1,0,0,0,0,,
Fondaparinux,ADReCS: Cardio-respiratory arrest; Thoracic disorders (excl lung and pleura),5282448.0,ADReCS_only,fondaparinux,COC1OC(COS(=O)(=O)O)C(OC2OC(C(=O)O)C(OC3OC(COS(=O)(=O)O)C(OC4OC(C(=O)O)C(OC5OC(COS(=O)(=O)O)C(O)C(O)C5NS(=O)(=O)O)C(O)C4O)C(OS(=O)(=O)O)C3NS(=O)(=O)O)C(O)C2OS(=O)(=O)O)C(O)C1NS(=O)(=O)O,0,0,0,0,,
Fosamprenavir calcium,"ADReCS: Respiratory, thoracic and mediastinal disorders",131535.0,ADReCS_only,fosamprenavir,CC(C)CN(CC(OP(=O)([O-])[O-])C(Cc1ccccc1)NC(=O)OC1CCOC1)S(=O)(=O)c1ccc(N)cc1,0,0,0,0,,
Fosaprepitant,ADReCS: Bronchial disorders (excl neoplasms),135413538.0,ADReCS_only,fosaprepitant,CC(OC1OCCN(Cc2nc(=O)n(P(=O)(O)O)[nH]2)C1c1ccc(F)cc1)c1cc(C(F)(F)F)cc(C(F)(F)F)c1,0,0,0,0,,
Foscarnet,ADReCS: Acute respiratory distress syndrome; Bronchial disorders (excl neoplasms),3415.0,ADReCS_only,foscarnet,O=C(O)P(=O)(O)O,0,0,0,0,,
Fosfomycin,ADReCS: Asthma,446987.0,ADReCS_only,fosfomycin,CC1OC1P(=O)(O)O,0,0,0,0,,
Fosfomycin tromethamine,ADReCS: Asthma,54331.0,ADReCS_only,fosfomycin tromethamine,CC1OC1P(=O)([O-])O.[NH3+]C(CO)(CO)CO,0,0,0,0,,
Fosinoprilat,ADReCS: Bronchial disorders (excl neoplasms),62956.0,ADReCS_only,fosinoprilat,O=C(O)C1CC(C2CCCCC2)CN1C(=O)CP(=O)(O)CCCCc1ccccc1,0,0,0,0,,
Fospropofol disodium,ADReCS: Thoracic disorders (excl lung and pleura),3038497.0,ADReCS_only,fospropofol disodium,CC(C)c1cccc(C(C)C)c1OCOP(=O)([O-])[O-],0,0,0,0,,
Fostamatinib,ADReCS: Respiratory disorders NEC,11671467.0,ADReCS_only,fostamatinib,COc1cc(Nc2ncc(F)c(Nc3ccc4c(n3)N(COP(=O)(O)O)C(=O)C(C)(C)O4)n2)cc(OC)c1OC,0,0,0,0,,
Frovatriptan,ADReCS: Respiratory tract infections,77992.0,ADReCS_only,frovatriptan,CNC1CCc2[nH]c3ccc(C(N)=O)cc3c2C1,0,0,0,0,,
Gabapentin enacarbil,ADReCS: Cardio-respiratory arrest,9883933.0,ADReCS_only,gabapentin enacarbil,CC(OC(=O)NCC1(CC(=O)O)CCCCC1)OC(=O)C(C)C,0,0,0,0,,
Gadodiamide hydrate,ADReCS: Bronchial disorders (excl neoplasms),153921.0,ADReCS_only,gadodiamide hydrate,CNC(=O)CN(CCN(CCN(CC(=O)[O-])CC(=O)NC)CC(=O)[O-])CC(=O)[O-].[Gd+3],0,0,0,0,,
Gadofosveset,ADReCS: Thoracic disorders (excl lung and pleura),46174086.0,ADReCS_only,gadofosveset,O=C([O-])CN(CCN(CC(=O)[O-])CC(COP(=O)([O-])OC1CCC(c2ccccc2)(c2ccccc2)CC1)N(CC(=O)[O-])CC(=O)[O-])CC(=O)[O-].[Gd+3].[H+].[H+].[H+],0,0,0,0,,
Gadolinium-dtpa,ADReCS: Bronchial disorders (excl neoplasms),6857474.0,ADReCS_only,gadolinium-dtpa,O=C([O-])CN(CCN(CC(=O)[O-])CC(=O)O)CCN(CC(=O)[O-])CC(=O)O.[Gd+3],0,0,0,0,,
Gadopentetate dimeglumine,ADReCS: Bronchial disorders (excl neoplasms),131751658.0,ADReCS_only,gadopentetate dimeglumine,CC(C)=CC1CC(C)(O)C2C3CCC4C5(C)CCC(OC6OCC(O)C(OC7OC(CO)C(O)C(O)C7OC7OCC(O)C(O)C7O)C6OC6OCC(O)C(O)C6O)C(C)(C)C5CCC4(C)C34COC2(C4)O1,0,0,0,0,,
Gadoteridol,ADReCS: Asthma,60714.0,ADReCS_only,gadoteridol,CC(O)CN1CCN(CC(=O)[O-])CCN(CC(=O)[O-])CCN(CC(=O)[O-])CC1.[Gd+3],0,0,0,0,,
Galantamine,ADReCS: Bronchitis; Respiratory tract infections,9651.0,ADReCS_only,galantamine,COc1ccc2c3c1OC1CC(O)C=CC31CCN(C)C2,0,0,0,0,,
Gamma-aminobutyric acid,"ADReCS: Respiratory, thoracic and mediastinal disorders",119.0,ADReCS_only,gamma-aminobutyric acid,NCCCC(=O)O,0,0,0,0,,
Ganciclovir,ADReCS: Bronchial disorders (excl neoplasms),135398740.0,ADReCS_only,ganciclovir,Nc1nc(=O)c2ncn(COC(CO)CO)c2[nH]1,0,0,0,0,,
Gatifloxacin,ADReCS: Asthma,5379.0,ADReCS_only,gatifloxacin,COc1c(N2CCNC(C)C2)c(F)cc2c(=O)c(C(=O)O)cn(C3CC3)c12,0,0,0,0,,
Gemeprost,ADReCS: Respiratory signs and symptoms NEC,5282237.0,ADReCS_only,gemeprost,CCCCC(C)(C)C(O)C=CC1C(O)CC(=O)C1CCCCC=CC(=O)OC,0,0,0,0,,
Gemfibrozil,ADReCS: Thoracic disorders (excl lung and pleura),3463.0,ADReCS_only,gemfibrozil,Cc1ccc(C)c(OCCCC(C)(C)C(=O)O)c1,0,0,0,0,,
Gentamicin,ADReCS: Lower respiratory tract disorders (excl obstruction and infection),3467.0,ADReCS_only,gentamicin,CNC(C)C1CCC(N)C(OC2C(N)CC(N)C(OC3OCC(C)(O)C(NC)C3O)C2O)O1,0,0,0,0,,
Glimepiride,ADReCS: Cardio-respiratory arrest,3476.0,ADReCS_only,glimepiride,CCC1=C(C)CN(C(=O)NCCc2ccc(S(=O)(=O)NC(=O)NC3CCC(C)CC3)cc2)C1=O,0,0,0,0,,
Glipizide,ADReCS: Cardio-respiratory arrest,3478.0,ADReCS_only,glipizide,Cc1cnc(C(=O)NCCc2ccc(S(=O)(=O)NC(=O)NC3CCCCC3)cc2)cn1,0,0,0,0,,
Glutamine,ADReCS: Bacterial lower respiratory tract infections,5961.0,ADReCS_only,glutamine,NC(=O)CCC(N)C(=O)O,0,0,0,0,,
Glycerin,ADReCS: Asthma,753.0,ADReCS_only,glycerin,OCC(O)CO,0,0,0,0,,
Glycerol phenylbutyrate,ADReCS: Respiratory disorders NEC,10482134.0,ADReCS_only,glycerol phenylbutyrate,O=C(CCCc1ccccc1)OCC(COC(=O)CCCc1ccccc1)OC(=O)CCCc1ccccc1,0,0,0,0,,
Glycine,ADReCS: Lower respiratory tract disorders (excl obstruction and infection),750.0,ADReCS_only,glycine,NCC(=O)O,0,0,0,0,,
Granisetron,ADReCS: Respiratory disorders NEC; Respiratory tract infections,5284566.0,ADReCS_only,granisetron,CN1C2CCCC1CC(NC(=O)c1nn(C)c3ccccc13)C2,0,0,0,0,,
Griseofulvin,"ADReCS: Respiratory, thoracic and mediastinal disorders",441140.0,ADReCS_only,griseofulvin,COC1=CC(=O)CC(C)C12Oc1c(Cl)c(OC)cc(OC)c1C2=O,0,0,0,0,,
Guaifenesin,ADReCS: Respiratory disorders NEC,3516.0,ADReCS_only,guaifenesin,COc1ccccc1OCC(O)CO,0,0,0,0,,
Guanfacine,ADReCS: Asthma; Respiratory tract infections,3519.0,ADReCS_only,guanfacine,N=C(N)NC(=O)Cc1c(Cl)cccc1Cl,0,0,0,0,,
Guanidine,"ADReCS: Respiratory, thoracic and mediastinal disorders",3520.0,ADReCS_only,guanidine,N=C(N)N,0,0,0,0,,
Halobetasol,ADReCS: Bronchial disorders (excl neoplasms),5311167.0,ADReCS_only,halobetasol,CC1CC2C3CC(F)C4=CC(=O)C=CC4(C)C3(F)C(O)CC2(C)C1(O)C(=O)CCl,0,0,0,0,,
Haloperidol decanoate,ADReCS: Bronchial disorders (excl neoplasms),52919.0,ADReCS_only,haloperidol decanoate,CCCCCCCCCC(=O)OC1(c2ccc(Cl)cc2)CCN(CCCC(=O)c2ccc(F)cc2)CC1,0,0,0,0,,
Halothane,ADReCS: Respiratory arrest,3562.0,ADReCS_only,halothane,FC(F)(F)C(Cl)Br,0,0,0,0,,
Hemin,ADReCS: Respiratory signs and symptoms NEC,26945.0,ADReCS_only,hemin,C=CC1=C(C)c2cc3[n-]c(cc4[n-]c(cc5nc(cc1n2)C(C)=C5C=C)c(C)c4CCC(=O)O)c(CCC(=O)O)c3C.[Fe+2],0,0,0,0,,
Hepatitis b vaccine,ADReCS: Bronchial disorders (excl neoplasms),16131310.0,ADReCS_only,hepatitis b vaccine,CSCCC(N)C(=O)NC(CCC(N)=O)C(=O)NC(Cc1c[nH]c2ccccc12)C(=O)NC(CC(N)=O)C(=O)NC(CO)C(=O)NC(C(=O)NC(C(=O)NC(Cc1ccccc1)C(=O)NC(CC1C=NC=N1)C(=O)NC(CCC(N)=O)C(=O)NC(C(=O)NC(CC(C)C)C(=O)NC(CCC(N)=O)C(=O)NC(CC(=O)O)C(=O)N1CCCC1C(=O)NC(CCCN=C(N)N)C(=O)NC(C(=O)OC(=O)CNC(=O)CNC(=O)C(C)NC(=O)C1CCCN1C(=O)C(Cc1ccccc1)NC(=O)C(Cc1ccc(O)cc1)NC(=O)C(CC(C)C)NC(=O)CNC(=O)C(N)CCCNC(=N)N)C(C)C)C(C)O)C(C)O)C(C)O,0,0,0,0,,
Hetastarch,ADReCS: Bronchial disorders (excl neoplasms),24846132.0,ADReCS_only,hetastarch,COC1C(CO)OC(OCC2OC(OC3C(CO)OC(C)C(O)C3O)C(O)C(O)C2OC2OC(CO)C(OC)C(O)C2OCCO)C(O)C1O,0,0,0,0,,
Hex-hgrf,ADReCS: Respiratory signs and symptoms NEC,44201342.0,ADReCS_only,hex-hgrf,CCC=CCC(=O)NC(Cc1ccc(O)cc1)C(=O)NC(C)C(=O)NC(CC(=O)O)C(=O)NC(C)C(=O)NC(C(=O)NC(Cc1ccccc1)C(=O)NC(C(=O)NC(CC(N)=O)C(=O)NC(CO)C(=O)NC(Cc1ccc(O)cc1)C(=O)NC(CCCN=C(N)N)C(=O)NC(CCCCN)C(=O)NC(C(=O)NCC(=O)NC(CC(C)C)C(=O)NC(CCC(N)=O)C(=O)NC(CC(C)C)C(=O)NC(CO)C(=O)NC(C)C(=O)NC(CCCNC(=N)N)C(=O)NC(CCCCN)C(=O)NC(CC(C)C)C(=O)NC(CC(C)C)C(=O)NC(CCC(N)=O)C(=O)NC(CC(=O)O)C(=O)NC(C(=O)NC(CCSC)C(=O)NC(CO)C(=O)NC(CCCNC(=N)N)C(=O)NC(CCC(N)=O)C(=O)NCC(=O)NC(CCC(N)=O)C(=O)NC(CCC(=O)O)C(=O)NC(CO)C(=O)NC(CC(N)=O)C(=O)NC(CCC(N)=O)C(=O)NC(CCC(=O)O)C(=O)NC(CCCNC(=N)N)C(=O)NC(C)C(=O)NCC(=O)NC(CCCNC(=N)N)C(=O)NC(C)C(=O)NC(CCCNC(=N)N)C(=O)NC(CC(C)C)C(N)=O)C(C)CC)C(C)C)C(C)O)C(C)CC,0,0,0,0,,
Histamine,ADReCS: Asthma,774.0,ADReCS_only,histamine,NCCc1c[nH]cn1,0,0,0,0,,
Histrelin,"ADReCS: Respiratory, thoracic and mediastinal disorders; Thoracic disorders (excl lung and pleura)",25077993.0,ADReCS_only,histrelin,CCNC(=O)C1CCCN1C(=O)C(CCCN=C(N)N)NC(=O)C(CC(C)C)NC(=O)C(Cc1cn(Cc2ccccc2)cn1)NC(=O)C(Cc1ccc(O)cc1)NC(=O)C(CO)NC(=O)C(Cc1c[nH]c2ccccc12)NC(=O)C(Cc1c[nH]cn1)NC(=O)C1CCC(=O)N1,0,0,0,0,,
Homatropine,ADReCS: Respiratory and pulmonary function diagnostic procedures,688024.0,ADReCS_only,homatropine,CN1C2CCC1CC(OC(=O)C(O)c1ccccc1)C2,0,0,0,0,,
Hydrocortisone sodium succinate,ADReCS: Lower respiratory tract disorders (excl obstruction and infection),23694214.0,ADReCS_only,hydrocortisone succinate,CC12CCC(=O)C=C1CCC1C2C(O)CC2(C)C1CCC2(O)C(=O)COC(=O)CCC(=O)[O-],0,0,0,0,,
Hydroxybutanedial,ADReCS: Respiratory tract infections,5288169.0,ADReCS_only,hydroxybutanedial,O=CCC(=O)CO,0,0,0,0,,
Hydroxybutanoic acid,ADReCS: Thoracic disorders (excl lung and pleura),10413.0,ADReCS_only,hydroxybutanoic acid,O=C(O)CCCO,0,0,0,0,,
Hydroxyprogesterone,ADReCS: Respiratory signs and symptoms NEC,6238.0,ADReCS_only,hydroxyprogesterone,CC(=O)C1(O)CCC2C3CC=C4CC(=O)CCC4(C)C3CCC21C,0,0,0,0,,
Hydroxyprogesterone caproate,ADReCS: Asthma,169870.0,ADReCS_only,hydroxyprogesterone caproate,CCCCCC(=O)OC1(C(C)=O)CCC2C3CC=C4CC(=O)CCC4(C)C3CCC21C,0,0,0,0,,
Hydroxyurea,ADReCS: Acute respiratory distress syndrome,3657.0,ADReCS_only,hydroxyurea,NC(O)=NO,0,0,0,0,,
Hydroxyzine,ADReCS: Acute respiratory distress syndrome; Respiratory depression,3658.0,ADReCS_only,hydroxyzine,OCCOCCN1CCN(C(c2ccccc2)c2ccc(Cl)cc2)CC1,0,0,0,0,,
Ibandronate sodium,ADReCS: Bronchial disorders (excl neoplasms),23670359.0,ADReCS_only,ibandronate,CCCCCN(C)CCC(O)(P(=O)([O-])O)P(=O)(O)O,0,0,0,0,,
Ibandronic acid,ADReCS: Asthma,60852.0,ADReCS_only,ibandronic acid,CCCCCN(C)CCC(O)(P(=O)(O)O)P(=O)(O)O,0,0,0,0,,
Ibritumomab tiuxetan,ADReCS: Bronchitis,92002593.0,ADReCS_only,ibritumomab tiuxetan,CNC(=O)Nc1ccc(CC(CN(CC(=O)O)CC(C)N(CC(=O)O)CC(=O)O)N(CC(=O)O)CC(=O)O)cc1,0,0,0,0,,
Icatibant,ADReCS: Asthma,6918173.0,ADReCS_only,icatibant,N=C(N)NCCCC(N)C(=O)NC(CCCN=C(N)N)C(=O)N1CCCC1C(=O)N1CC(O)CC1C(=O)NCC(=O)NC(Cc1cccs1)C(=O)NC(CO)C(=O)N1Cc2ccccc2CC1C(=O)N1C(C(=O)NC(CCCN=C(N)N)C(=O)O)CC2CCCCC21,0,0,0,0,,
Icosapent ethyl,ADReCS: Respiratory signs and symptoms NEC,9831415.0,ADReCS_only,icosapent ethyl,CCC=CCC=CCC=CCC=CCC=CCCCC(=O)OCC,0,0,0,0,,
Inamrinone,ADReCS: Respiratory signs and symptoms NEC,3698.0,ADReCS_only,inamrinone,Nc1cc(-c2ccncc2)c[nH]c1=O,0,0,0,0,,
Indacaterol,ADReCS: Asthma; Respiratory tract infections,6918554.0,ADReCS_only,indacaterol,CCc1cc2c(cc1CC)CC(NCC(O)c1ccc(O)c3[nH]c(=O)ccc13)C2,0,0,0,0,,
Ingenol mebutate,ADReCS: Respiratory tract infections,6918670.0,ADReCS_only,ingenol mebutate,CC=C(C)C(=O)OC1C(C)=CC23C(=O)C(=CC(CO)C(O)C12O)C1C(CC3C)C1(C)C,0,0,0,0,,
Insulin (human),ADReCS: Asthma,118984375.0,ADReCS_only,insulin (human),CCC(C)C(NC(=O)CN)C(=O)NC(C(=O)NC(CCC(=O)O)C(=O)NC(CCC(N)=O)C(=O)NC1CSSCC2NC(=O)C(C(C)CC)NC(=O)C(CO)NC(=O)C(C(C)O)NC(=O)C(CSSCC(NC(=O)C(CC(C)C)NC(=O)C(Cc3c[nH]cn3)NC(=O)C(CCC(N)=O)NC(=O)C(CC(N)=O)NC(=O)C(NC(=O)C(N)Cc3ccccc3)C(C)C)C(=O)NCC(=O)NC(CO)C(=O)NC(Cc3c[nH]cn3)C(=O)NC(CC(C)C)C(=O)NC(C(C)C)C(=O)NC(CCC(=O)O)C(=O)NC(C)C(=O)NC(CC(C)C)C(=O)NC(Cc3ccc(O)cc3)C(=O)NC(CC(C)C)C(=O)NC(C(C)C)C(=O)NC(C(=O)NCC(=O)NC(CCC(=O)O)C(=O)NC(CCCN=C(N)N)C(=O)NCC(=O)NC(Cc3ccccc3)C(=O)NC(Cc3ccccc3)C(=O)NC(Cc3ccc(O)cc3)C(=O)NC(C(=O)N3CCCC3C(=O)NC(CCCCN)C(=O)NC(C(=O)O)C(C)O)C(C)O)CSSCC(C(=O)NC(CC(N)=O)C(=O)O)NC(=O)C(Cc3ccc(O)cc3)NC(=O)C(CC(N)=O)NC(=O)C(CCC(=O)O)NC(=O)C(CC(C)C)NC(=O)C(CCC(N)=O)NC(=O)C(Cc3ccc(O)cc3)NC(=O)C(CC(C)C)NC(=O)C(CO)NC2=O)NC1=O)C(C)C,0,0,0,0,,
Insulin aspart,ADReCS: Bronchitis,118984445.0,ADReCS_only,insulin aspart,CCC(C)C(NC(=O)CN)C(=O)NC(C(=O)NC(CCC(=O)O)C(=O)NC(CCC(N)=O)C(=O)NC1CSSCC2NC(=O)C(C(C)CC)NC(=O)C(CO)NC(=O)C(C(C)O)NC(=O)C(CSSCC(NC(=O)C(CC(C)C)NC(=O)C(Cc3c[nH]cn3)NC(=O)C(CCC(N)=O)NC(=O)C(CC(N)=O)NC(=O)C(NC(=O)C(N)Cc3ccccc3)C(C)C)C(=O)NCC(=O)NC(CO)C(=O)NC(Cc3c[nH]cn3)C(=O)NC(CC(C)C)C(=O)NC(C(C)C)C(=O)NC(CCC(=O)O)C(=O)NC(C)C(=O)NC(CC(C)C)C(=O)NC(Cc3ccc(O)cc3)C(=O)NC(CC(C)C)C(=O)NC(C(C)C)C(=O)NC(C(=O)NCC(=O)NC(CCC(=O)O)C(=O)NC(CCCN=C(N)N)C(=O)NCC(=O)NC(Cc3ccccc3)C(=O)NC(Cc3ccccc3)C(=O)NC(Cc3ccc(O)cc3)C(=O)NC(C(=O)NC(CC(=O)O)C(=O)NC(CCCCN)C(=O)NC(C(=O)O)C(C)O)C(C)O)CSSCC(C(=O)NC(CC(N)=O)C(=O)O)NC(=O)C(Cc3ccc(O)cc3)NC(=O)C(CC(N)=O)NC(=O)C(CCC(=O)O)NC(=O)C(CC(C)C)NC(=O)C(CCC(N)=O)NC(=O)C(Cc3ccc(O)cc3)NC(=O)C(CC(C)C)NC(=O)C(CO)NC2=O)NC1=O)C(C)C,0,0,0,0,,
Insulin degludec,ADReCS: Bronchial disorders (excl neoplasms),118984462.0,ADReCS_only,insulin degludec,CCC(C)C(NC(=O)CN)C(=O)NC(C(=O)NC(CCC(=O)O)C(=O)NC(CCC(N)=O)C(=O)NC1CSSCC2NC(=O)C(C(C)CC)NC(=O)C(CO)NC(=O)C(C(C)O)NC(=O)C(CSSCC(NC(=O)C(CC(C)C)NC(=O)C(Cc3c[nH]cn3)NC(=O)C(CCC(N)=O)NC(=O)C(CC(N)=O)NC(=O)C(NC(=O)C(N)Cc3ccccc3)C(C)C)C(=O)NCC(=O)NC(CO)C(=O)NC(Cc3c[nH]cn3)C(=O)NC(CC(C)C)C(=O)NC(C(C)C)C(=O)NC(CCC(=O)O)C(=O)NC(C)C(=O)NC(CC(C)C)C(=O)NC(Cc3ccc(O)cc3)C(=O)NC(CC(C)C)C(=O)NC(C(C)C)C(=O)NC(C(=O)NCC(=O)NC(CCC(=O)O)C(=O)NC(CCCN=C(N)N)C(=O)NCC(=O)NC(Cc3ccccc3)C(=O)NC(Cc3ccccc3)C(=O)NC(Cc3ccc(O)cc3)C(=O)NC(C(=O)N3CCCC3C(=O)NC(CCCCNC(=O)CCC(NC(=O)CCCCCCCCCCCCCCC(=O)O)C(=O)O)C(=O)O)C(C)O)CSSCC(C(=O)NC(CC(N)=O)C(=O)O)NC(=O)C(Cc3ccc(O)cc3)NC(=O)C(CC(N)=O)NC(=O)C(CCC(=O)O)NC(=O)C(CC(C)C)NC(=O)C(CCC(N)=O)NC(=O)C(Cc3ccc(O)cc3)NC(=O)C(CC(C)C)NC(=O)C(CO)NC2=O)NC1=O)C(C)C,0,0,0,0,,
Insulin detemir,ADReCS: Asthma,16137271.0,ADReCS_only,insulin detemir,CCCCCCCCCCCCCC(=O)NCCCCC(NC(=O)C1CCCN1C(=O)C(NC(=O)C(Cc1ccc(O)cc1)NC(=O)C(Cc1ccccc1)NC(=O)C(Cc1ccccc1)NC(=O)CNC(=O)C(CCCN=C(N)N)NC(=O)C(CCC(=O)O)NC(=O)CNC(=O)C1CSSCC(C(=O)NC(CC(N)=O)C(=O)O)NC(=O)C(Cc2ccc(O)cc2)NC(=O)C(CC(N)=O)NC(=O)C(CCC(=O)O)NC(=O)C(CC(C)C)NC(=O)C(CCC(N)=O)NC(=O)C(Cc2ccc(O)cc2)NC(=O)C(CC(C)C)NC(=O)C(CO)NC(=O)C2CSSCC(NC(=O)C(CCC(N)=O)NC(=O)C(CCC(=O)O)NC(=O)C(NC(=O)C(NC(=O)CN)C(C)CC)C(C)C)C(=O)NC(CSSCC(NC(=O)C(CC(C)C)NC(=O)C(Cc3c[nH]cn3)NC(=O)C(CCC(N)=O)NC(=O)C(CC(N)=O)NC(=O)C(NC(=O)C(N)Cc3ccccc3)C(C)C)C(=O)NCC(=O)NC(CO)C(=O)NC(Cc3c[nH]cn3)C(=O)NC(CC(C)C)C(=O)NC(C(C)C)C(=O)NC(CCC(=O)O)C(=O)NC(C)C(=O)NC(CC(C)C)C(=O)NC(Cc3ccc(O)cc3)C(=O)NC(CC(C)C)C(=O)NC(C(C)C)C(=O)N1)C(=O)NC(C(C)O)C(=O)NC(CO)C(=O)NC(C(C)CC)C(=O)N2)C(C)O)C(=O)O,0,0,0,0,,
Insulin glargine,ADReCS: Asthma,118984454.0,ADReCS_only,insulin glargine,CCC(C)C(NC(=O)CN)C(=O)NC(C(=O)NC(CCC(=O)O)C(=O)NC(CCC(N)=O)C(=O)NC1CSSCC2NC(=O)C(C(C)CC)NC(=O)C(CO)NC(=O)C(C(C)O)NC(=O)C(CSSCC(NC(=O)C(CC(C)C)NC(=O)C(Cc3c[nH]cn3)NC(=O)C(CCC(N)=O)NC(=O)C(CC(N)=O)NC(=O)C(NC(=O)C(N)Cc3ccccc3)C(C)C)C(=O)NCC(=O)NC(CO)C(=O)NC(Cc3c[nH]cn3)C(=O)NC(CC(C)C)C(=O)NC(C(C)C)C(=O)NC(CCC(=O)O)C(=O)NC(C)C(=O)NC(CC(C)C)C(=O)NC(Cc3ccc(O)cc3)C(=O)NC(CC(C)C)C(=O)NC(C(C)C)C(=O)NC(C(=O)NCC(=O)NC(CCC(=O)O)C(=O)NC(CCCN=C(N)N)C(=O)NCC(=O)NC(Cc3ccccc3)C(=O)NC(Cc3ccccc3)C(=O)NC(Cc3ccc(O)cc3)C(=O)NC(C(=O)N3CCCC3C(=O)NC(CCCCN)C(=O)NC(C(=O)NC(CCCNC(=N)N)C(=O)NC(CCCNC(=N)N)C(=O)O)C(C)O)C(C)O)CSSCC(C(=O)NCC(=O)O)NC(=O)C(Cc3ccc(O)cc3)NC(=O)C(CC(N)=O)NC(=O)C(CCC(=O)O)NC(=O)C(CC(C)C)NC(=O)C(CCC(N)=O)NC(=O)C(Cc3ccc(O)cc3)NC(=O)C(CC(C)C)NC(=O)C(CO)NC2=O)NC1=O)C(C)C,0,0,0,0,,
Insulin glulisine,ADReCS: Bronchial disorders (excl neoplasms),16136701.0,ADReCS_only,insulin glulisine,CCC(C)C(NC(=O)CN)C(=O)NC(C(=O)NC(CCC(=O)O)C(=O)NC(CCC(N)=O)C(=O)NC1CSSCC2NC(=O)C(C(C)CC)NC(=O)C(CO)NC(=O)C(C(C)O)NC(=O)C(CSSCC(NC(=O)C(CC(C)C)NC(=O)C(Cc3c[nH]cn3)NC(=O)C(CCC(N)=O)NC(=O)C(CCCCN)NC(=O)C(NC(=O)C(N)Cc3ccccc3)C(C)C)C(=O)NCC(=O)NC(CO)C(=O)NC(Cc3c[nH]cn3)C(=O)NC(CC(C)C)C(=O)NC(C(C)C)C(=O)NC(CCC(=O)O)C(=O)NC(C)C(=O)NC(CC(C)C)C(=O)NC(Cc3ccc(O)cc3)C(=O)NC(CC(C)C)C(=O)NC(C(C)C)C(=O)NC(C(=O)NCC(=O)NC(CCC(=O)O)C(=O)NC(CCCN=C(N)N)C(=O)NCC(=O)NC(Cc3ccccc3)C(=O)NC(Cc3ccccc3)C(=O)NC(Cc3ccc(O)cc3)C(=O)NC(C(=O)N3CCCC3C(=O)NC(CCC(=O)O)C(=O)NC(C(=O)O)C(C)O)C(C)O)CSSCC(C(=O)NC(CC(N)=O)C(=O)O)NC(=O)C(Cc3ccc(O)cc3)NC(=O)C(CC(N)=O)NC(=O)C(CCC(=O)O)NC(=O)C(CC(C)C)NC(=O)C(CCC(N)=O)NC(=O)C(Cc3ccc(O)cc3)NC(=O)C(CC(C)C)NC(=O)C(CO)NC2=O)NC1=O)C(C)C,0,0,0,0,,
Iodipamide,ADReCS: Respiratory disorders NEC,3739.0,ADReCS_only,iodipamide,O=C(CCCCC(=O)Nc1c(I)cc(I)c(C(=O)O)c1I)Nc1c(I)cc(I)c(C(=O)O)c1I,0,0,0,0,,
Ioflupane i-123,"ADReCS: Respiratory, thoracic and mediastinal disorders",3086674.0,ADReCS_only,ioflupane i-123,COC(=O)C1C(c2ccc(I)cc2)CC2CCC1N2CCCF,0,0,0,0,,
Iopamidol,ADReCS: Acute respiratory failure,65492.0,ADReCS_only,iopamidol,CC(O)C(=O)Nc1c(I)c(C(=O)NC(CO)CO)c(I)c(C(=O)NC(CO)CO)c1I,0,0,0,0,,
Iothalamic acid,ADReCS: Asthma,3737.0,ADReCS_only,iothalamic acid,CNC(=O)c1c(I)c(NC(C)=O)c(I)c(C(=O)O)c1I,0,0,0,0,,
Iotrolan,ADReCS: Bronchial disorders (excl neoplasms),3738.0,ADReCS_only,iotrolan,CN(C(=O)CC(=O)N(C)c1c(I)c(C(=O)NC(CO)C(O)CO)c(I)c(C(=O)NC(CO)C(O)CO)c1I)c1c(I)c(C(=O)NC(CO)C(O)CO)c(I)c(C(=O)NC(CO)C(O)CO)c1I,0,0,0,0,,
Ioxaglic acid,ADReCS: Asthma,3742.0,ADReCS_only,ioxaglic acid,CNC(=O)c1c(I)c(C(=O)NCC(=O)Nc2c(I)c(C(=O)O)c(I)c(C(=O)NCCO)c2I)c(I)c(N(C)C(C)=O)c1I,0,0,0,0,,
Ioxilan,ADReCS: Bronchial disorders (excl neoplasms),3743.0,ADReCS_only,ioxilan,CC(=O)N(CC(O)CO)c1c(I)c(C(=O)NCCO)c(I)c(C(=O)NCC(O)CO)c1I,0,0,0,0,,
Iron;nitroxyl anion;pentacyanide,ADReCS: Respiratory signs and symptoms NEC,11947681.0,ADReCS_only,iron;nitroxyl anion;pentacyanide,[C-]#N.[C-]#N.[C-]#N.[C-]#N.[C-]#N.[Fe].[N-]=O,0,0,0,0,,
Isavuconazole,ADReCS: Respiratory disorders NEC,6918485.0,ADReCS_only,isavuconazole,CC(c1nc(-c2ccc(C#N)cc2)cs1)C(O)(Cn1cncn1)c1cc(F)ccc1F,0,0,0,0,,
Isoniazid,ADReCS: Acute respiratory distress syndrome,3767.0,ADReCS_only,isoniazid,NNC(=O)c1ccncc1,0,0,0,0,,
Isosorbide,ADReCS: Asthma,12597.0,ADReCS_only,isosorbide,OC1COC2C(O)COC12,0,0,0,0,,
Isosorbide mononitrate,ADReCS: Asthma,27661.0,ADReCS_only,isosorbide mononitrate,O=[N+]([O-])OC1COC2C(O)COC12,0,0,0,0,,
Isradipine,ADReCS: Thoracic disorders (excl lung and pleura),3784.0,ADReCS_only,isradipine,COC(=O)C1=C(C)N=C(C)C(C(=O)OC(C)C)C1c1cccc2nonc12,0,0,0,0,,
Istradefylline,"ADReCS: Respiratory, thoracic and mediastinal disorders",5311037.0,ADReCS_only,istradefylline,CCn1c(=O)c2c(nc(C=Cc3ccc(OC)c(OC)c3)n2C)n(CC)c1=O,0,0,0,0,,
Ivacaftor,ADReCS: Acute respiratory distress syndrome,16220172.0,ADReCS_only,ivacaftor,CC(C)(C)c1cc(C(C)(C)C)c(NC(=O)c2c[nH]c3ccccc3c2=O)cc1O,0,0,0,0,,
Ivermectin,ADReCS: Asthma,6321424.0,ADReCS_only,ivermectin,CCC(C)C1OC2(CCC1C)CC1CC(CC=C(C)C(OC3CC(OC)C(OC4CC(OC)C(O)C(C)O4)C(C)O3)C(C)C=CC=C3COC4C(O)C(C)=CC(C(=O)O1)C34O)O2,0,0,0,0,,
Ivosidenib,ADReCS: Lower respiratory tract disorders (excl obstruction and infection),71657455.0,ADReCS_only,ivosidenib,N#Cc1ccnc(N2C(=O)CCC2C(=O)N(c2cncc(F)c2)C(C(=O)NC2CC(F)(F)C2)c2ccccc2Cl)c1,0,0,0,0,,
Kanamycin,ADReCS: Respiratory disorders NEC,6032.0,ADReCS_only,kanamycin,NCC1OC(OC2C(N)CC(N)C(OC3OC(CO)C(O)C(N)C3O)C2O)C(O)C(O)C1O,0,0,0,0,,
Ketoconazole,ADReCS: Thoracic disorders (excl lung and pleura),3823.0,ADReCS_only,ketoconazole,CC(=O)N1CCN(c2ccc(OCC3COC(Cn4ccnc4)(c4ccc(Cl)cc4Cl)O3)cc2)CC1,0,0,0,0,,
Ketotifen,"ADReCS: Respiratory, thoracic and mediastinal disorders",3827.0,ADReCS_only,ketotifen,CN1CCC(=C2c3ccccc3CC(=O)c3sccc32)CC1,0,0,0,0,,
Kinetin,"ADReCS: Respiratory, thoracic and mediastinal disorders",3830.0,ADReCS_only,kinetin,c1coc(CNc2ncnc3[nH]cnc23)c1,0,0,0,0,,
Lactulose,ADReCS: Acute respiratory failure,11333.0,ADReCS_only,lactulose,OCC1OC(OC2C(CO)OC(O)(CO)C2O)C(O)C(O)C1O,0,0,0,0,,
Lamisil,ADReCS: Respiratory tract infections,1549007.0,ADReCS_only,lamisil,C[NH+](CC=CC#CC(C)(C)C)Cc1cccc2ccccc12,0,0,0,0,,
Lanreotide acetate,ADReCS: Bronchitis,71349.0,ADReCS_only,lanreotide,CC(C)C1NC(=O)C(CCCCN)NC(=O)C(Cc2c[nH]c3ccccc23)NC(=O)C(Cc2ccc(O)cc2)NC(=O)C(NC(=O)C(N)Cc2ccc3ccccc3c2)CSSCC(C(=O)NC(C(N)=O)C(C)O)NC1=O,0,0,0,0,,
Larotrectinib,ADReCS: Lower respiratory tract neoplasms,46188928.0,ADReCS_only,larotrectinib,O=C(Nc1cnn2ccc(N3CCCC3c3cc(F)ccc3F)nc12)N1CCC(O)C1,0,0,0,0,,
Lasmiditan,ADReCS: Respiratory signs and symptoms NEC,11610526.0,ADReCS_only,lasmiditan,CN1CCC(C(=O)c2cccc(NC(=O)c3c(F)cc(F)cc3F)n2)CC1,0,0,0,0,,
Lasofoxifene,ADReCS: Bronchial disorders (excl neoplasms),216416.0,ADReCS_only,lasofoxifene,Oc1ccc2c(c1)CCC(c1ccccc1)C2c1ccc(OCCN2CCCC2)cc1,0,0,0,0,,
Lercanidipine,ADReCS: Asthma,65866.0,ADReCS_only,lercanidipine,COC(=O)C1=C(C)N=C(C)C(C(=O)OC(C)(C)CN(C)CCC(c2ccccc2)c2ccccc2)C1c1cccc([N+](=O)[O-])c1,0,0,0,0,,
Lesinurad,ADReCS: Respiratory tract infections,53465279.0,ADReCS_only,lesinurad,O=C(O)CSc1nnc(Br)n1-c1ccc(C2CC2)c2ccccc12,0,0,0,0,,
Letermovir,ADReCS: Cardio-respiratory arrest,45138674.0,ADReCS_only,letermovir,COc1cccc(N2CCN(C3=Nc4c(F)cccc4C(CC(=O)O)N3c3cc(C(F)(F)F)ccc3OC)CC2)c1,0,0,0,0,,
Levobunolol,ADReCS: Bronchial disorders (excl neoplasms),39468.0,ADReCS_only,levobunolol,CC(C)(C)NCC(O)COc1cccc2c1CCCC2=O,0,0,0,0,,
Levocarnitine,ADReCS: Bronchitis,10917.0,ADReCS_only,levocarnitine,C[N+](C)(C)CC(O)CC(=O)[O-],0,0,0,0,,
Levodopa,ADReCS: Lung disorder,6047.0,ADReCS_only,levodopa,NC(Cc1ccc(O)c(O)c1)C(=O)O,0,0,0,0,,
Levodopa-4'-monophosphate,ADReCS: Respiratory tract infections,127766.0,ADReCS_only,levodopa-4'-monophosphate,NC(Cc1ccc(OP(=O)(O)O)c(O)c1)C(=O)O,0,0,0,0,,
Levorphanol,ADReCS: Respiratory acidoses,5359272.0,ADReCS_only,levorphanol,CN1CCC23CCCCC2C1Cc1ccc(O)cc13,0,0,0,0,,
Lifitegrast,ADReCS: Bronchial disorders (excl neoplasms),11965427.0,ADReCS_only,lifitegrast,CS(=O)(=O)c1cccc(CC(NC(=O)c2c(Cl)cc3c(c2Cl)CCN(C(=O)c2ccc4ccoc4c2)C3)C(=O)O)c1,0,0,0,0,,
Linaclotide,ADReCS: Respiratory tract infections,16158208.0,ADReCS_only,linaclotide,CC1NC(=O)C2CCCN2C(=O)C(CC(N)=O)NC(=O)C2CSSCC(N)C(=O)NC3CSSCC(NC1=O)C(=O)NC(C(C)O)C(=O)NCC(=O)NC(C(=O)NC(Cc1ccc(O)cc1)C(=O)O)CSSCC(NC(=O)C(Cc1ccc(O)cc1)NC(=O)C(CCC(=O)O)NC3=O)C(=O)N2,0,0,0,0,,
Liothyronine,ADReCS: Asthma,5920.0,ADReCS_only,liothyronine,NC(Cc1cc(I)c(Oc2ccc(O)c(I)c2)c(I)c1)C(=O)O,0,0,0,0,,
Liraglutide,ADReCS: Asthma,16134956.0,ADReCS_only,liraglutide,CCCCCCCCCCCCCCCC(=O)NC(CCC(=O)NCCCCC(NC(=O)C(C)NC(=O)C(C)NC(=O)C(CCC(N)=O)NC(=O)CNC(=O)C(CCC(=O)O)NC(=O)C(CC(C)C)NC(=O)C(Cc1ccc(O)cc1)NC(=O)C(CO)NC(=O)C(CO)NC(=O)C(NC(=O)C(CC(=O)O)NC(=O)C(CO)NC(=O)C(NC(=O)C(Cc1ccccc1)NC(=O)C(NC(=O)CNC(=O)C(CCC(=O)O)NC(=O)C(C)NC(=O)C(N)Cc1c[nH]cn1)C(C)O)C(C)O)C(C)C)C(=O)NC(CCC(=O)O)C(=O)NC(Cc1ccccc1)C(=O)NC(C(=O)NC(C)C(=O)NC(Cc1c[nH]c2ccccc12)C(=O)NC(CC(C)C)C(=O)NC(C(=O)NC(CCCNC(=N)N)C(=O)NCC(=O)NC(CCCNC(=N)N)C(=O)NCC(=O)O)C(C)C)C(C)CC)C(=O)O,0,0,0,0,,
Lisdexamfetamine,ADReCS: Cardio-respiratory arrest,11597698.0,ADReCS_only,lisdexamfetamine,CC(Cc1ccccc1)NC(=O)C(N)CCCCN,0,0,0,0,,
Lodoxamide,"ADReCS: Respiratory, thoracic and mediastinal disorders",44564.0,ADReCS_only,lodoxamide,N#Cc1cc(NC(=O)C(=O)O)c(Cl)c(NC(=O)C(=O)O)c1,0,0,0,0,,
Lofexidine,ADReCS: Respiratory disorders NEC,30668.0,ADReCS_only,lofexidine,CC(Oc1c(Cl)cccc1Cl)C1=NCCN1,0,0,0,0,,
Lomefloxacin,ADReCS: Bronchial disorders (excl neoplasms),3948.0,ADReCS_only,lomefloxacin,CCn1cc(C(=O)O)c(=O)c2cc(F)c(N3CCNC(C)C3)c(F)c21,0,0,0,0,,
Lomitapide,ADReCS: Bronchial disorders (excl neoplasms); Respiratory tract infections,9853053.0,ADReCS_only,lomitapide,O=C(NC1CCN(CCCCC2(C(=O)NCC(F)(F)F)c3ccccc3-c3ccccc32)CC1)c1ccccc1-c1ccc(C(F)(F)F)cc1,0,0,0,0,,
Lomustine,ADReCS: Lower respiratory tract disorders (excl obstruction and infection),3950.0,ADReCS_only,lomustine,O=NN(CCCl)C(=O)NC1CCCCC1,0,0,0,0,,
Loperamide cation,"ADReCS: Respiratory, thoracic and mediastinal disorders",3954.0,ADReCS_only,loperamide cation,CN(C)C(=O)C(CC[NH+]1CCC(O)(c2ccc(Cl)cc2)CC1)(c1ccccc1)c1ccccc1,0,0,0,0,,
Loracarbef,ADReCS: Respiratory tract infections,5284585.0,ADReCS_only,loracarbef,NC(C(=O)NC1C(=O)N2C(C(=O)O)=C(Cl)CCC12)c1ccccc1,0,0,0,0,,
Lormetazepam,"ADReCS: Respiratory, thoracic and mediastinal disorders",13314.0,ADReCS_only,lormetazepam,CN1C(=O)C(O)N=C(c2ccccc2Cl)c2cc(Cl)ccc21,0,0,0,0,,
Loteprednol etabonate,ADReCS: Respiratory tract infections,444025.0,ADReCS_only,loteprednol etabonate,CCOC(=O)OC1(C(=O)OCCl)CCC2C3CC=C4CC(=O)C=CC4(C)C3C(O)CC21C,0,0,0,0,,
Loxapine,ADReCS: Bronchial disorders (excl neoplasms),3964.0,ADReCS_only,loxapine,CN1CCN(C2=Nc3ccccc3Oc3ccc(Cl)cc32)CC1,0,0,0,0,,
Lumateperone,ADReCS: Lower respiratory tract signs and symptoms,21302490.0,ADReCS_only,lumateperone,CN1CCN2c3c(cccc31)C1CN(CCCC(=O)c3ccc(F)cc3)CCC12,0,0,0,0,,
Lurasidone,"ADReCS: Respiratory tract infections; Respiratory, thoracic and mediastinal disorders",213046.0,ADReCS_only,lurasidone,Oc1c2c(c(O)n1CC1CCCCC1CN1CCN(c3nsc4ccccc34)CC1)C1CCC2C1,0,0,0,0,,
Lurbinectedin,ADReCS: Lower respiratory tract disorders (excl obstruction and infection),57327016.0,ADReCS_only,lurbinectedin,COc1ccc2[nH]c3c(c2c1)CCNC31CSC2c3c(OC(C)=O)c(C)c4c(c3C(COC1=O)N1C(O)C3Cc5cc(C)c(OC)c(O)c5C(C21)N3C)OCO4,0,0,0,0,,
Lutetium oxodotreotide lu-177,ADReCS: Acute respiratory failure,76966897.0,ADReCS_only,lutetium oxodotreotide lu-177,CC(O)C(NC(=O)C1CSSCC(NC(=O)C(Cc2ccccc2)NC(=O)CN2CCN(CC(=O)[O-])CCN(CC(=O)[O-])CCN(CC(=O)[O-])CC2)C(=O)NC(Cc2ccc(O)cc2)C(=O)NC(Cc2c[nH]c3ccccc23)C(=O)NC(CCCCN)C(=O)NC(C(C)O)C(=O)N1)C(=O)O.[Lu+3],0,0,0,0,,
Lymecycline,"ADReCS: Respiratory, thoracic and mediastinal disorders",54707177.0,ADReCS_only,lymecycline,CN(C)C1C(=O)C(C(=O)NCNCCCCC(N)C(=O)O)C(=O)C2(O)C(=O)C3C(=O)c4c(O)cccc4C(C)(O)C3CC12,0,0,0,0,,
Lymphazurin,ADReCS: Asthma,101316975.0,ADReCS_only,lymphazurin,CCN(CC)c1ccc(C(=C2C=CC(=[N+](CC)CC)C=C2)c2cc(S(=O)(=O)O)ccc2S(=O)(=O)[O-])cc1,0,0,0,0,,
Mafenide,ADReCS: Respiratory disorders NEC,3998.0,ADReCS_only,mafenide,NCc1ccc(S(N)(=O)=O)cc1,0,0,0,0,,
Malvidin chloride,ADReCS: Respiratory and pulmonary function diagnostic procedures,69512.0,ADReCS_only,malvidin chloride,COc1cc(-c2[o+]c3cc(O)cc(O)c3cc2O)cc(OC)c1O,0,0,0,0,,
Mangafodipir trisodium,ADReCS: Respiratory tract infections,160036.0,ADReCS_only,mangafodipir trisodium,Cc1ncc(COP(=O)([O-])[O-])c(CN(CCN(CC(=O)[O-])Cc2c(COP(=O)([O-])[O-])cnc(C)c2[O-])CC(=O)[O-])c1[O-].[H+].[H+].[H+].[Mn+2],0,0,0,0,,
Maralixibat,ADReCS: Respiratory disorders NEC,9831643.0,ADReCS_only,maralixibat,CCCCC1(CCCC)CS(=O)(=O)c2ccc(N(C)C)cc2C(c2ccc(OCc3ccc(C[N+]45CCN(CC4)CC5)cc3)cc2)C1O,0,0,0,0,,
Maraviroc,ADReCS: Bacterial lower respiratory tract infections,3002977.0,ADReCS_only,maraviroc,Cc1nnc(C(C)C)n1C1CC2CCC(C1)N2CCC(NC(=O)C1CCC(F)(F)CC1)c1ccccc1,0,0,0,0,,
Maribavir,ADReCS: Respiratory signs and symptoms NEC,471161.0,ADReCS_only,maribavir,CC(C)Nc1nc2cc(Cl)c(Cl)cc2n1C1OC(CO)C(O)C1O,0,0,0,0,,
Mebendazole,ADReCS: Respiratory disorders NEC,4030.0,ADReCS_only,mebendazole,COC(=O)Nc1nc2cc(C(=O)c3ccccc3)ccc2[nH]1,0,0,0,0,,
Mebeverine,"ADReCS: Respiratory, thoracic and mediastinal disorders",4031.0,ADReCS_only,mebeverine,CCN(CCCCOC(=O)c1ccc(OC)c(OC)c1)C(C)Cc1ccc(OC)cc1,0,0,0,0,,
Meclizine,ADReCS: Respiratory disorders NEC,4034.0,ADReCS_only,meclizine,Cc1cccc(CN2CCN(C(c3ccccc3)c3ccc(Cl)cc3)CC2)c1,0,0,0,0,,
Medronic acid,ADReCS: Bronchial disorders (excl neoplasms),16124.0,ADReCS_only,medronic acid,O=P(O)(O)CP(=O)(O)O,0,0,0,0,,
Melatonin,ADReCS: Respiratory tract infections,896.0,ADReCS_only,melatonin,COc1ccc2[nH]cc(CCNC(C)=O)c2c1,0,0,0,0,,
Memantine,ADReCS: Asthma,4054.0,ADReCS_only,memantine,CC12CC3CC(C)(C1)CC(N)(C3)C2,0,0,0,0,,
Mepivacaine,ADReCS: Cardio-respiratory arrest; Respiratory arrest,4062.0,ADReCS_only,mepivacaine,Cc1cccc(C)c1NC(=O)C1CCCCN1C,0,0,0,0,,
Meprobamate,ADReCS: Bronchial disorders (excl neoplasms),4064.0,ADReCS_only,meprobamate,CCCC(C)(COC(N)=O)COC(N)=O,0,0,0,0,,
Mercaptopurine,ADReCS: Lower respiratory tract disorders (excl obstruction and infection),667490.0,ADReCS_only,mercaptopurine,S=c1[nH]cnc2[nH]cnc12,0,0,0,0,,
Mertiatide,ADReCS: Bronchial disorders (excl neoplasms),60778.0,ADReCS_only,mertiatide,O=C(O)CNC(=O)CNC(=O)CNC(=O)CS,0,0,0,0,,
Mesalamine,ADReCS: Acute respiratory failure,4075.0,ADReCS_only,mesalamine,Nc1ccc(O)c(C(=O)O)c1,0,0,0,0,,
Mesna,ADReCS: Respiratory tract infections,23662354.0,ADReCS_only,mesna,O=S(=O)([O-])CCS,0,0,0,0,,
Metaxalone,ADReCS: Respiratory arrest,15459.0,ADReCS_only,metaxalone,Cc1cc(C)cc(OCC2CNC(=O)O2)c1,0,0,0,0,,
Methane,ADReCS: Bronchial disorders (excl neoplasms),297.0,ADReCS_only,methane,C,0,0,0,0,,
Methocarbamol,ADReCS: Cardio-respiratory arrest,4107.0,ADReCS_only,methocarbamol,COc1ccccc1OCC(O)COC(N)=O,0,0,0,0,,
Methoxsalen,ADReCS: Bronchial disorders (excl neoplasms),4114.0,ADReCS_only,methoxsalen,COc1c2occc2cc2ccc(=O)oc12,0,0,0,0,,
Methsuximide,ADReCS: Lower respiratory tract signs and symptoms,6476.0,ADReCS_only,methsuximide,CN1C(=O)CC(C)(c2ccccc2)C1=O,0,0,0,0,,
Methyclothiazide,ADReCS: Lower respiratory tract disorders (excl obstruction and infection),4121.0,ADReCS_only,methyclothiazide,CN1C(CCl)Nc2cc(Cl)c(S(N)(=O)=O)cc2S1(=O)=O,0,0,0,0,,
Methyl salicylate,ADReCS: Lower respiratory tract disorders (excl obstruction and infection),4133.0,ADReCS_only,methyl salicylate,COC(=O)c1ccccc1O,0,0,0,0,,
Methylnaltrexone,ADReCS: Pneumoperitoneum,5361918.0,ADReCS_only,methylnaltrexone,C[N+]1(CC2CC2)CCC23c4c5ccc(O)c4OC2C(=O)CCC3(O)C1C5,0,0,0,0,,
Methylphenidate,ADReCS: Asthma,4158.0,ADReCS_only,methylphenidate,COC(=O)C(c1ccccc1)C1CCCCN1,0,0,0,0,,
Methylprednisolone hemisuccinate,ADReCS: Bronchial disorders (excl neoplasms),16923.0,ADReCS_only,methylprednisolone hemisuccinate,CC1=C2CC(=O)C=CC2(C)C2C(O)CC3(C)C(CCC3(O)C(=O)COC(=O)CCC(=O)O)C2C1,0,0,0,0,,
Methylprednisolone sodium succinate,ADReCS: Lower respiratory tract disorders (excl obstruction and infection),23680530.0,ADReCS_only,methylprednisolone succinate,CC1=C2CC(=O)C=CC2(C)C2C(O)CC3(C)C(CCC3(O)C(=O)COC(=O)CCC(=O)[O-])C2C1,0,0,0,0,,
Metolazone,ADReCS: Respiratory signs and symptoms NEC,4170.0,ADReCS_only,metolazone,Cc1ccccc1N1C(=O)c2cc(S(N)(=O)=O)c(Cl)cc2NC1C,0,0,0,0,,
Metyrosine,"ADReCS: Respiratory, thoracic and mediastinal disorders",441350.0,ADReCS_only,metyrosine,CC(N)(Cc1ccc(O)cc1)C(=O)O,0,0,0,0,,
Micafungin,"ADReCS: Cardio-respiratory arrest; Respiratory, thoracic and mediastinal disorders",477468.0,ADReCS_only,micafungin,CCCCCOc1ccc(-c2cc(-c3ccc(C(=O)NC4CC(O)C(O)NC(=O)C5C(O)C(C)CN5C(=O)C(C(O)CC(N)=O)NC(=O)C(C(O)C(O)c5ccc(O)c(OS(=O)(=O)O)c5)NC(=O)C5CC(O)CN5C(=O)C(C(C)O)NC4=O)cc3)no2)cc1,0,0,0,0,,
Midodrine,ADReCS: Respiratory signs and symptoms NEC,4195.0,ADReCS_only,midodrine,COc1ccc(OC)c(C(O)CNC(=O)CN)c1,0,0,0,0,,
Mifepristone,ADReCS: Thoracic disorders (excl lung and pleura),55245.0,ADReCS_only,mifepristone,CC#CC1(O)CCC2C3=C(C4=C(CC3)CC(=O)CC4)C(c3ccc(N(C)C)cc3)CC21C,0,0,0,0,,
Migalastat,ADReCS: Asthma,176077.0,ADReCS_only,migalastat,OCC1NCC(O)C(O)C1O,0,0,0,0,,
Miglitol,ADReCS: Pneumoperitoneum,441314.0,ADReCS_only,miglitol,OCCN1CC(O)C(O)C(O)C1CO,0,0,0,0,,
Miglustat,ADReCS: Acute respiratory failure,51634.0,ADReCS_only,miglustat,CCCCN1CC(O)C(O)C(O)C1CO,0,0,0,0,,
Milrinone,ADReCS: Bronchial disorders (excl neoplasms),4197.0,ADReCS_only,milrinone,Cc1[nH]c(=O)c(C#N)cc1-c1ccncc1,0,0,0,0,,
Minocycline anion,ADReCS: Asthma,26275995.0,ADReCS_only,minocycline anion,CN(C)c1ccc(O)c2c1=CC1CC3C([NH+](C)C)C(=O)C(C(N)=O)=C([O-])C3(O)C(=O)C1C=2[O-],0,0,0,0,,
Mipomersen sodium,"ADReCS: Respiratory, thoracic and mediastinal disorders",44564107.0,ADReCS_only,mipomersen,COCCOC1C(O)C(COP(=O)([O-])SC2C(COP(=O)([O-])SC3C(COP(=O)([O-])SC4C(COP(=O)([O-])SC5C(COP(=O)([O-])SC6CC(n7cc(C)c(N)nc7=O)OC6COP(=O)([O-])SC6CC(n7cc(C)c(=O)[nH]c7=O)OC6COP(=O)([O-])SC6CC(n7cc(C)c(=O)[nH]c7=O)OC6COP(=O)([O-])SC6CC(n7cc(C)c(N)nc7=O)OC6COP(=O)([O-])SC6CC(n7cnc8c(=O)[nH]c(N)nc87)OC6COP(=O)([O-])SC6CC(n7cc(C)c(=O)[nH]c7=O)OC6COP(=O)([O-])SC6CC(n7cc(C)c(N)nc7=O)OC6COP(=O)([O-])SC6CC(n7cc(C)c(=O)[nH]c7=O)OC6COP(=O)([O-])SC6CC(n7cnc8c(=O)[nH]c(N)nc87)OC6COP(=O)([O-])SC6CC(n7cnc8c(N)ncnc87)OC6COP(=O)([O-])SC6C(COP(=O)([O-])SC7C(COP(=O)([O-])SC8C(COP(=O)([O-])SC9C(COP(=O)([O-])SC%10C(CO)OC(n%11cnc%12c(=O)[nH]c(N)nc%12%11)C%10OCCOC)OC(n%10cc(C)c(N)nc%10=O)C9OCCOC)OC(n9cc(C)c(N)nc9=O)C8OCCOC)OC(n8cc(C)c(=O)[nH]c8=O)C7OCCOC)OC(n7cc(C)c(N)nc7=O)C6OCCOC)OC(n6cnc7c(=O)[nH]c(N)nc76)C5OCCOC)OC(n5cc(C)c(N)nc5=O)C4OCCOC)OC(n4cnc5c(N)ncnc54)C3OCCOC)OC(n3cc(C)c(N)nc3=O)C2OCCOC)OC1n1cc(C)c(N)nc1=O,0,0,0,0,,
Mirtazapine,ADReCS: Asthma,4205.0,ADReCS_only,mirtazapine,CN1CCN2c3ncccc3Cc3ccccc3C2C1,0,0,0,0,,
Mivacurium chloride,ADReCS: Bronchial disorders (excl neoplasms),5281080.0,ADReCS_only,mivacurium chloride,COc1cc2c(cc1OC)C(Cc1cc(OC)c(OC)c(OC)c1)[N+](C)(CCCOC(=O)CCC=CCCC(=O)OCCC[N+]1(C)CCc3cc(OC)c(OC)cc3C1Cc1cc(OC)c(OC)c(OC)c1)CC2,0,0,0,0,,
Mobocertinib,ADReCS: Lower respiratory tract disorders (excl obstruction and infection),118607832.0,ADReCS_only,mobocertinib,C=CC(=O)Nc1cc(Nc2ncc(C(=O)OC(C)C)c(-c3cn(C)c4ccccc34)n2)c(OC)cc1N(C)CCN(C)C,0,0,0,0,,
Moclobemide,ADReCS: Respiratory signs and symptoms NEC,4235.0,ADReCS_only,moclobemide,O=C(NCCN1CCOCC1)c1ccc(Cl)cc1,0,0,0,0,,
Moexiprilat,ADReCS: Bronchial disorders (excl neoplasms),55331.0,ADReCS_only,moexiprilat,COc1cc2c(cc1OC)CN(C(=O)C(C)NC(CCc1ccccc1)C(=O)O)C(C(=O)O)C2,0,0,0,0,,
Molindone,ADReCS: Respiratory disorders NEC,23897.0,ADReCS_only,molindone,CCc1c(C)[nH]c2c1C(=O)C(CN1CCOCC1)CC2,0,0,0,0,,
Molnupiravir,ADReCS: Acute respiratory failure,145996610.0,ADReCS_only,molnupiravir,CC(C)C(=O)OCC1OC(n2ccc(=NO)[nH]c2=O)C(O)C1O,0,0,0,0,,
Mometasone,ADReCS: Asthma,441335.0,ADReCS_only,mometasone,CC1CC2C3CC=C4CC(=O)C=CC4(C)C3(Cl)C(O)CC2(C)C1(O)C(=O)CCl,0,0,0,0,,
Mometasone furoate,ADReCS: Acute respiratory failure; Asthma,441336.0,ADReCS_only,mometasone furoate,CC1CC2C3CC=C4CC(=O)C=CC4(C)C3(Cl)C(O)CC2(C)C1(OC(=O)c1ccco1)C(=O)CCl,0,0,0,0,,
Monoethanolamine,ADReCS: Respiratory tract infections,700.0,ADReCS_only,monoethanolamine,NCCO,0,0,0,0,,
Moxonidine,ADReCS: Bronchitis,4810.0,ADReCS_only,moxonidine,COc1nc(C)nc(Cl)c1NC1=NCCN1,0,0,0,0,,
Mupirocin,ADReCS: Respiratory tract infections,446596.0,ADReCS_only,mupirocin,CC(=CC(=O)OCCCCCCCCC(=O)O)CC1OCC(CC2OC2C(C)C(C)O)C(O)C1O,0,0,0,0,,
Mycophenolic acid,ADReCS: Asthma,446541.0,ADReCS_only,mycophenolic acid,COc1c(C)c2c(c(O)c1CC=C(C)CCC(=O)O)C(=O)OC2,0,0,0,0,,
Nabilone,ADReCS: Bronchial disorders (excl neoplasms),5284592.0,ADReCS_only,nabilone,CCCCCCC(C)(C)c1cc(O)c2c(c1)OC(C)(C)C1CCC(=O)CC21,0,0,0,0,,
Naldemedine,ADReCS: Lower respiratory tract neoplasms,54732242.0,ADReCS_only,naldemedine,CC(C)(NC(=O)C1CC2(O)C3Cc4ccc(O)c5c4C2(CCN3CC2CC2)C(O5)C1=O)c1nc(-c2ccccc2)no1,0,0,0,0,,
Naloxegol,ADReCS: Lower respiratory tract neoplasms,56959087.0,ADReCS_only,naloxegol,C=CCN1CCC23c4c5ccc(O)c4OC2C(OCCOCCOCCOCCOCCOCCOCCOC)CCC3(O)C1C5,0,0,0,0,,
Nandrolone decanoate,ADReCS: Thoracic disorders (excl lung and pleura),9677.0,ADReCS_only,nandrolone decanoate,CCCCCCCCCC(=O)OC1CCC2C3CC=C4CC(=O)CCC4C3CCC12C,0,0,0,0,,
Naratriptan,ADReCS: Asthma,4440.0,ADReCS_only,naratriptan,CNS(=O)(=O)CCc1ccc2[nH]cc(C3CCN(C)CC3)c2c1,0,0,0,0,,
Natamycin,ADReCS: Respiratory signs and symptoms NEC,5284447.0,ADReCS_only,natamycin,CC1CC=CC=CC=CC=CC(OC2OC(C)C(O)C(N)C2O)CC2OC(O)(CC(O)CC3OC3C=CC(=O)O1)CC(O)C2C(=O)O,0,0,0,0,,
Nateglinide,ADReCS: Bronchitis,5311309.0,ADReCS_only,nateglinide,CC(C)C1CCC(C(=O)NC(Cc2ccccc2)C(=O)O)CC1,0,0,0,0,,
Natrecor,ADReCS: Respiratory disorders NEC,91976508.0,ADReCS_only,natrecor,CCC(C)C1NC(=O)C(CCCN=C(N)N)NC(=O)C(CC(=O)O)NC(=O)C(CCSC)NC(=O)C(CCCCN)NC(=O)C(CCCNC(=N)N)NC(=O)CNC(=O)C(Cc2ccccc2)NC(=O)C(NC(=O)CNC(=O)C(CO)NC(=O)CNC(=O)C(CCC(N)=O)NC(=O)C(NC(=O)C(CCSC)NC(=O)C(CCCCN)NC(=O)C2CCCN2C(=O)C(N)CO)C(C)C)CSSCC(C(=O)NC(CCCCN)C(=O)NC(C(=O)NC(CC(C)C)C(=O)NC(CCCNC(=N)N)C(=O)NC(CCCNC(=N)N)C(=O)NC(Cc2cnc[nH]2)C(=O)O)C(C)C)NC(=O)CNC(=O)C(CC(C)C)NC(=O)CNC(=O)C(CO)NC(=O)C(CO)NC(=O)C(CO)NC(=O)C(CO)NC1=O,0,0,0,0,,
Nedocromil sodium,ADReCS: Asthma; Bronchitis,50295.0,ADReCS_only,nedocromil,CCCc1c2oc(C(=O)[O-])cc(=O)c2cc2c(=O)cc(C(=O)[O-])n(CC)c12,0,0,0,0,,
Nefazodone,ADReCS: Asthma,4449.0,ADReCS_only,nefazodone,CCc1nn(CCCN2CCN(c3cccc(Cl)c3)CC2)c(=O)n1CCOc1ccccc1,0,0,0,0,,
Nelarabine,ADReCS: Bronchial disorders (excl neoplasms),3011155.0,ADReCS_only,nelarabine,COc1nc(N)nc2c1ncn2C1OC(CO)C(O)C1O,0,0,0,0,,
Nepafenac,ADReCS: Respiratory tract infections,151075.0,ADReCS_only,nepafenac,NC(=O)Cc1cccc(C(=O)c2ccccc2)c1N,0,0,0,0,,
Neratinib,ADReCS: Thoracic disorders (excl lung and pleura),9915743.0,ADReCS_only,neratinib,CCOc1cc2ncc(C#N)c(Nc3ccc(OCc4ccccn4)c(Cl)c3)c2cc1NC(=O)C=CCN(C)C,0,0,0,0,,
Nicotinate,ADReCS: Bronchitis,937.0,ADReCS_only,nicotinate,O=C([O-])c1cccnc1,0,0,0,0,,
Nisoldipine,ADReCS: Asthma,4499.0,ADReCS_only,nisoldipine,COC(=O)C1=C(C)N=C(C)C(C(=O)OCC(C)C)C1c1ccccc1[N+](=O)[O-],0,0,0,0,,
Nitazoxanide,ADReCS: Respiratory tract infections,41684.0,ADReCS_only,nitazoxanide,CC(=O)Oc1ccccc1C(=O)Nc1ncc([N+](=O)[O-])s1,0,0,0,0,,
Nitisinone,ADReCS: Bronchitis,115355.0,ADReCS_only,nitisinone,O=C1CCCC(=O)C1C(=O)c1ccc(C(F)(F)F)cc1[N+](=O)[O-],0,0,0,0,,
Nizatidine,ADReCS: Bronchial disorders (excl neoplasms),3033637.0,ADReCS_only,nizatidine,CN=C(C[N+](=O)[O-])NCCSCc1csc(CN(C)C)n1,0,0,0,0,,
Norepinephrine,ADReCS: Lower respiratory tract disorders (excl obstruction and infection),439260.0,ADReCS_only,norepinephrine,NCC(O)c1ccc(O)c(O)c1,0,0,0,0,,
Norethindrone acetate,ADReCS: Asthma; Respiratory signs and symptoms NEC,5832.0,ADReCS_only,norethindrone,C#CC1(OC(C)=O)CCC2C3CC=C4CC(=O)CCC4C3CCC21C,0,0,0,0,,
Norfloxacin,ADReCS: Respiratory signs and symptoms NEC,4539.0,ADReCS_only,norfloxacin,CCn1cc(C(=O)O)c(=O)c2cc(F)c(N3CCNCC3)cc21,0,0,0,0,,
Nortriptyline,ADReCS: Respiratory disorders NEC,4543.0,ADReCS_only,nortriptyline,CNCCC=C1c2ccccc2CCc2ccccc21,0,0,0,0,,
Nystatin,ADReCS: Bronchial disorders (excl neoplasms),11286230.0,ADReCS_only,nystatin,CC1C=CC=CCCC=CC=CC=CC=CC(OC2OC(C)C(O)C(N)C2O)CC2OC(O)(CC(O)C(O)CCC(O)CC(O)CC(O)CC(=O)OC(C)C(C)C1O)CC(O)C2C(=O)O,0,0,0,0,,
Obeticholic acid,ADReCS: Acute respiratory failure,447715.0,ADReCS_only,obeticholic acid,CCC1C(O)C2C3CCC(C(C)CCC(=O)O)C3(C)CCC2C2(C)CCC(O)CC12,0,0,0,0,,
Olmesartan medoxomil,ADReCS: Bronchitis,130881.0,ADReCS_only,olmesartan medoxomil,CCCc1nc(C(C)(C)O)c(C(=O)OCc2oc(=O)oc2C)n1Cc1ccc(-c2ccccc2-c2nn[nH]n2)cc1,0,0,0,0,,
Olodaterol,ADReCS: Bronchial disorders (excl neoplasms),11504295.0,ADReCS_only,olodaterol,COc1ccc(CC(C)(C)NCC(O)c2cc(O)cc3c2OCC(=O)N3)cc1,0,0,0,0,,
Olopatadine,ADReCS: Respiratory tract infections; Thoracic disorders (excl lung and pleura),5281071.0,ADReCS_only,olopatadine,CN(C)CCC=C1c2ccccc2COc2ccc(CC(=O)O)cc21,0,0,0,0,,
Omacetaxine mepesuccinate,ADReCS: Thoracic disorders (excl lung and pleura),285033.0,ADReCS_only,omacetaxine mepesuccinate,COC(=O)CC(O)(CCCC(C)(C)O)C(=O)OC1C(OC)=CC23CCCN2CCc2cc4c(cc2C13)OCO4,0,0,0,0,,
Ondansetron,ADReCS: Acute respiratory failure; Bronchial disorders (excl neoplasms),4595.0,ADReCS_only,ondansetron,Cc1nccn1CC1CCc2c(c3ccccc3n2C)C1=O,0,0,0,0,,
Opicapone,"ADReCS: Respiratory, thoracic and mediastinal disorders",135565903.0,ADReCS_only,opicapone,Cc1c(Cl)c(C)[n+]([O-])c(Cl)c1-c1noc(-c2cc(O)c(O)c([N+](=O)[O-])c2)n1,0,0,0,0,,
Orciprenaline,ADReCS: Asthma,4086.0,ADReCS_only,orciprenaline,CC(C)NCC(O)c1cc(O)cc(O)c1,0,0,0,0,,
Oritavancin,ADReCS: Bronchial disorders (excl neoplasms),16136912.0,ADReCS_only,oritavancin,CNC(CC(C)C)C(=O)NC1C(=O)NC(CC(N)=O)C(=O)NC2C(=O)NC3C(=O)NC(C(=O)NC(C(=O)O)c4cc(O)cc(O)c4-c4cc3ccc4O)C(OC3CC(C)(N)C(O)C(C)O3)c3ccc(c(Cl)c3)Oc3cc2cc(c3OC2OC(CO)C(O)C(O)C2OC2CC(C)(NCc3ccc(-c4ccc(Cl)cc4)cc3)C(O)C(C)O2)Oc2ccc(cc2Cl)C1O,0,0,0,0,,
Orlistat,ADReCS: Asthma,3034010.0,ADReCS_only,orlistat,CCCCCCCCCCCC(CC1OC(=O)C1CCCCCC)OC(=O)C(CC(C)C)NC=O,0,0,0,0,,
Oseltamivir,ADReCS: Asthma,65028.0,ADReCS_only,oseltamivir,CCOC(=O)C1=CC(OC(CC)CC)C(NC(C)=O)C(N)C1,0,0,0,0,,
Oseltamivir acid,ADReCS: Acute respiratory distress syndrome,449381.0,ADReCS_only,oseltamivir acid,CCC(CC)OC1C=C(C(=O)O)CC(N)C1NC(C)=O,0,0,0,0,,
Oxacillin,ADReCS: Bronchial disorders (excl neoplasms),6196.0,ADReCS_only,oxacillin,Cc1onc(-c2ccccc2)c1C(=O)NC1C(=O)N2C1SC(C)(C)C2C(=O)O,0,0,0,0,,
Oxandrolone,ADReCS: Bronchial disorders (excl neoplasms),5878.0,ADReCS_only,oxandrolone,CC12COC(=O)CC1CCC1C2CCC2(C)C1CCC2(C)O,0,0,0,0,,
Oxazepam,ADReCS: Respiratory acidoses,4616.0,ADReCS_only,oxazepam,O=C1N=C(c2ccccc2)c2cc(Cl)ccc2NC1O,0,0,0,0,,
Oxcarbazepine,ADReCS: Asthma,34312.0,ADReCS_only,oxcarbazepine,NC(=O)N1c2ccccc2CC(=O)c2ccccc21,0,0,0,0,,
Oxidronic acid,ADReCS: Respiratory signs and symptoms NEC,27304.0,ADReCS_only,oxidronic acid,O=P(O)(O)C(O)P(=O)(O)O,0,0,0,0,,
Oxybutynin,ADReCS: Asthma,4634.0,ADReCS_only,oxybutynin,CCN(CC)CC#CCOC(=O)C(O)(c1ccccc1)C1CCCCC1,0,0,0,0,,
Oxymetholone,"ADReCS: Respiratory, thoracic and mediastinal disorders",5281034.0,ADReCS_only,oxymetholone,CC12CC(C=O)C(=O)CC1CCC1C2CCC2(C)C1CCC2(C)O,0,0,0,0,,
Oxytetracycline,"ADReCS: Respiratory, thoracic and mediastinal disorders",54675779.0,ADReCS_only,oxytetracycline,CN(C)C1C(=O)C(C(N)=O)C(=O)C2(O)C(=O)C3C(=O)c4c(O)cccc4C(C)(O)C3C(O)C12,0,0,0,0,,
Ozanimod,ADReCS: Asthma,52938427.0,ADReCS_only,ozanimod,CC(C)Oc1ccc(-c2nc(-c3cccc4c3CCC4NCCO)no2)cc1C#N,0,0,0,0,,
Pacritinib,"ADReCS: Respiratory, thoracic and mediastinal disorders",46216796.0,ADReCS_only,pacritinib,C1=CCOCc2cc(ccc2OCCN2CCCC2)Nc2nccc(n2)-c2cccc(c2)COC1,0,0,0,0,,
Paliperidone palmitate,ADReCS: Respiratory tract infections,9852746.0,ADReCS_only,paliperidone palmitate,CCCCCCCCCCCCCCCC(=O)OC1CCCn2c1nc(C)c(CCN1CCC(c3noc4cc(F)ccc34)CC1)c2=O,0,0,0,0,,
Palonosetron,ADReCS: Lower respiratory tract signs and symptoms; Thoracic disorders (excl lung and pleura),6337614.0,ADReCS_only,palonosetron,O=C1c2cccc3c2C(CCC3)CN1C1CN2CCC1CC2,0,0,0,0,,
Pamidronate disodium,ADReCS: Respiratory tract infections,73351.0,ADReCS_only,pamidronate disodium,NCCC(O)(P(=O)([O-])O)P(=O)([O-])O,0,0,0,0,,
Pantoprazole,ADReCS: Asthma; Respiratory tract infections,4679.0,ADReCS_only,pantoprazole,COc1ccnc(C[S+]([O-])c2nc3cc(OC(F)F)ccc3[nH]2)c1OC,0,0,0,0,,
Parecoxib,ADReCS: Bronchial disorders (excl neoplasms),119828.0,ADReCS_only,parecoxib,CCC(=O)NS(=O)(=O)c1ccc(-c2c(-c3ccccc3)noc2C)cc1,0,0,0,0,,
Paroxetine impurity a,ADReCS: Asthma,3038120.0,ADReCS_only,paroxetine impurity a,c1ccc(C2CCNCC2COc2ccc3c(c2)OCO3)cc1,0,0,0,0,,
Pasireotide,ADReCS: Respiratory tract infections,9941444.0,ADReCS_only,pasireotide,NCCCCC1NC(=O)C(Cc2c[nH]c3ccccc23)NC(=O)C(c2ccccc2)NC(=O)C2CC(OC(=O)NCCN)CN2C(=O)C(Cc2ccccc2)NC(=O)C(Cc2ccc(OCc3ccccc3)cc2)NC1=O,0,0,0,0,,
Pegaptanib,ADReCS: Bronchitis,56603655.0,ADReCS_only,pegaptanib,COCCOC(=O)NCCCCC(NC(=O)OCCOC)C(=O)NCCCCCCCOP(C)(=O)O,0,0,0,0,,
Pegaspargase,ADReCS: Bronchial disorders (excl neoplasms),436058.0,ADReCS_only,pegaspargase,C=C(CN(C)C)C(=O)c1ccc(C)cc1C,0,0,0,0,,
Pemirolast,ADReCS: Bronchitis,57697.0,ADReCS_only,pemirolast,Cc1cccn2c(=O)c(-c3nn[nH]n3)cnc12,0,0,0,0,,
Penbutolol,ADReCS: Respiratory tract infections,37464.0,ADReCS_only,penbutolol,CC(C)(C)NCC(O)COc1ccccc1C1CCCC1,0,0,0,0,,
Penciclovir,"ADReCS: Respiratory, thoracic and mediastinal disorders",135398748.0,ADReCS_only,penciclovir,Nc1nc(=O)c2ncn(CCC(CO)CO)c2[nH]1,0,0,0,0,,
Penicillin v,"ADReCS: Respiratory signs and symptoms NEC; Respiratory, thoracic and mediastinal disorders",6869.0,ADReCS_only,penicillin v,CC1(C)SC2C(NC(=O)COc3ccccc3)C(=O)N2C1C(=O)O,0,0,0,0,,
Pentetate calcium trisodium,ADReCS: Bronchial disorders (excl neoplasms),25513.0,ADReCS_only,pentetate trisodium,O=C([O-])CN(CCN(CC(=O)[O-])CC(=O)[O-])CCN(CC(=O)[O-])CC(=O)[O-],0,0,0,0,,
Pentetic acid,ADReCS: Bronchial disorders (excl neoplasms),3053.0,ADReCS_only,pentetic acid,O=C(O)CN(CCN(CC(=O)O)CC(=O)O)CCN(CC(=O)O)CC(=O)O,0,0,0,0,,
Pentosan polysulfate,ADReCS: Respiratory tract infections,37720.0,ADReCS_only,pentosan polysulfate,O=S(=O)(O)OC1C(O)COC(OC2COC(O)C(OS(=O)(=O)O)C2OS(=O)(=O)O)C1OS(=O)(=O)O,0,0,0,0,,
Pentostatin,ADReCS: Asthma,439693.0,ADReCS_only,pentostatin,OCC1OC(n2cnc3c2N=CNCC3O)CC1O,0,0,0,0,,
Perflutren,ADReCS: Bronchial disorders (excl neoplasms),6432.0,ADReCS_only,perflutren,FC(F)(F)C(F)(F)C(F)(F)F,0,0,0,0,,
Periciazine,ADReCS: Asthma,4747.0,ADReCS_only,periciazine,N#Cc1ccc2c(c1)N(CCCN1CCC(O)CC1)c1ccccc1S2,0,0,0,0,,
Perindoprilat,ADReCS: Lower respiratory tract disorders (excl obstruction and infection),72022.0,ADReCS_only,perindoprilat,CCCC(NC(C)C(=O)N1C(C(=O)O)CC2CCCCC21)C(=O)O,0,0,0,0,,
Perphenazine,ADReCS: Asthma,4748.0,ADReCS_only,perphenazine,OCCN1CCN(CCCN2c3ccccc3Sc3ccc(Cl)cc32)CC1,0,0,0,0,,
Pexidartinib,ADReCS: Bronchial disorders (excl neoplasms),25151352.0,ADReCS_only,pexidartinib,FC(F)(F)c1ccc(CNc2ccc(Cc3c[nH]c4ncc(Cl)cc34)cn2)cn1,0,0,0,0,,
Phenelzine,ADReCS: Respiratory depression; Respiratory signs and symptoms NEC,3675.0,ADReCS_only,phenelzine,NNCCc1ccccc1,0,0,0,0,,
Phenoxybenzamine,"ADReCS: Respiratory, thoracic and mediastinal disorders",4768.0,ADReCS_only,phenoxybenzamine,CC(COc1ccccc1)N(CCCl)Cc1ccccc1,0,0,0,0,,
Phentolamine,"ADReCS: Respiratory, thoracic and mediastinal disorders; Thoracic disorders (excl lung and pleura)",5775.0,ADReCS_only,phentolamine,Cc1ccc(N(CC2=NCCN2)c2cccc(O)c2)cc1,0,0,0,0,,
Phenytoin,ADReCS: Acute respiratory failure; Respiratory disorders NEC,1775.0,ADReCS_only,phenytoin,O=C1NC(=O)C(c2ccccc2)(c2ccccc2)N1,0,0,0,0,,
Phosphonatoformate,ADReCS: Bronchial disorders (excl neoplasms),3414.0,ADReCS_only,phosphonatoformate,O=C([O-])P(=O)([O-])[O-],0,0,0,0,,
Pimavanserin,ADReCS: Bronchial disorders (excl neoplasms),10071196.0,ADReCS_only,pimavanserin,CC(C)COc1ccc(CNC(=O)N(Cc2ccc(F)cc2)C2CCN(C)CC2)cc1,0,0,0,0,,
Pimecrolimus,ADReCS: Asthma,6447131.0,ADReCS_only,pimecrolimus,CCC1=CC(C)CC(C)CC(OC)C2OC(O)(C(=O)C(=O)N3CCCCC3C(=O)OC(C(C)=CC3CCC(Cl)C(OC)C3)C(C)C(O)CC1=O)C(C)CC2OC,0,0,0,0,,
Pimozide,ADReCS: Respiratory signs and symptoms NEC,16362.0,ADReCS_only,pimozide,O=c1[nH]c2ccccc2n1C1CCN(CCCC(c2ccc(F)cc2)c2ccc(F)cc2)CC1,0,0,0,0,,
Pinaverium bromide,"ADReCS: Respiratory, thoracic and mediastinal disorders",40703.0,ADReCS_only,pinaverium bromide,COc1cc(Br)c(C[N+]2(CCOCCC3CCC4CC3C4(C)C)CCOCC2)cc1OC,0,0,0,0,,
Pirbuterol,ADReCS: Bronchial disorders (excl neoplasms),4845.0,ADReCS_only,pirbuterol,CC(C)(C)NCC(O)c1ccc(O)c(CO)n1,0,0,0,0,,
Pixantrone,ADReCS: Bronchitis,134019.0,ADReCS_only,pixantrone,NCCNc1ccc(NCCN)c2c1C(=O)c1ccncc1C2=O,0,0,0,0,,
Plerixafor,ADReCS: Respiratory signs and symptoms NEC,65015.0,ADReCS_only,plerixafor,c1cc(CN2CCCNCCNCCCNCC2)ccc1CN1CCCNCCNCCCNCC1,0,0,0,0,,
Polidocanol,ADReCS: Asthma,656641.0,ADReCS_only,polidocanol,CCCCCCCCCCCCOCCOCCOCCOCCOCCOCCOCCOCCOCCO,0,0,0,0,,
Polymyxin b,ADReCS: Respiratory disorders NEC,49800004.0,ADReCS_only,polymyxin b,CCC(C)CCCCC(=O)NC(CCN)C(=O)NC(C(=O)NC(CCN)C(=O)NC1CCNC(=O)C(C(C)O)NC(=O)C(CCN)NC(=O)C(CCN)NC(=O)C(CC(C)C)NC(=O)C(Cc2ccccc2)NC(=O)C(CCN)NC1=O)C(C)O,0,0,0,0,,
Sodium polystyrene sulfonate,ADReCS: Bronchitis,75905.0,ADReCS_only,polystyrene sulfonate,C=Cc1ccc(S(=O)(=O)O)cc1,0,0,0,0,,
Porfimer,ADReCS: Bronchial conditions NEC,135577896.0,ADReCS_only,porfimer,CC1=C(C(C)O)c2cc3nc(cc4[nH]c(cc5[nH]c(cc1n2)c(C)c5CCC(=O)O)c(CCC(=O)O)c4C)C(C(C)OC(C)C1=C(C)c2cc4[nH]c(cc5[nH]c(cc6nc(cc1n2)C(C)=C6C(C)O)c(C)c5CCC(=O)O)c(CCC(=O)O)c4C)=C3C,0,0,0,0,,
Posaconazole,ADReCS: Acute respiratory distress syndrome,468595.0,ADReCS_only,posaconazole,CCC(C(C)O)n1ncn(-c2ccc(N3CCN(c4ccc(OCC5COC(Cn6cncn6)(c6ccc(F)cc6F)C5)cc4)CC3)cc2)c1=O,0,0,0,0,,
Pralatrexate,ADReCS: Cardio-respiratory arrest,148121.0,ADReCS_only,pralatrexate,C#CCC(Cc1cnc2nc(N)nc(N)c2n1)c1ccc(C(=O)NC(CCC(=O)O)C(=O)O)cc1,0,0,0,0,,
Pramlintide,ADReCS: Respiratory tract infections,70691388.0,ADReCS_only,pramlintide,CCC(C)C(NC(=O)C1CCCN1C(=O)CNC(=O)C(Cc1ccccc1)NC(=O)C(CC(N)=O)NC(=O)C(CC(N)=O)NC(=O)C(CO)NC(=O)C(CO)NC(=O)C(Cc1c[nH]cn1)NC(=O)C(NC(=O)C(CC(C)C)NC(=O)C(Cc1ccccc1)NC(=O)C(CC(N)=O)NC(=O)C(C)NC(=O)C(CC(C)C)NC(=O)C(CCCN=C(N)N)NC(=O)C(CCC(N)=O)NC(=O)C(NC(=O)C(C)NC(=O)C1CSSCC(NC(=O)C(N)CCCCN)C(=O)NC(CC(N)=O)C(=O)NC(C(C)O)C(=O)NC(C)C(=O)NC(C(C)O)C(=O)N1)C(C)O)C(C)C)C(=O)NC(CC(C)C)C(=O)N1CCCC1C(=O)N1CCCC1C(=O)NC(C(=O)NC(CC(N)=O)C(=O)NC(C(=O)NCC(=O)NC(CO)C(=O)NC(CC(N)=O)C(=O)NC(C(=O)NC(Cc1ccc(O)cc1)C(N)=O)C(C)O)C(C)C)C(C)O,0,0,0,0,,
Prasterone,ADReCS: Respiratory disorders NEC,5881.0,ADReCS_only,prasterone,CC12CCC3C(CC=C4CC(O)CCC43C)C1CCC2=O,0,0,0,0,,
Prednisolone,"ADReCS: Acute respiratory distress syndrome; Lower respiratory tract disorders (excl obstruction and infection); Respiratory, thoracic and mediastinal disorders",5755.0,ADReCS_only,prednisolone,CC12C=CC(=O)C=C1CCC1C2C(O)CC2(C)C1CCC2(O)C(=O)CO,0,0,0,0,,
Procaine,ADReCS: Respiratory arrest; Respiratory disorder,4914.0,ADReCS_only,procaine,CCN(CC)CCOC(=O)c1ccc(N)cc1,0,0,0,0,,
Prochlorperazine,ADReCS: Asthma,4917.0,ADReCS_only,prochlorperazine,CN1CCN(CCCN2c3ccccc3Sc3ccc(Cl)cc32)CC1,0,0,0,0,,
Promethazine,ADReCS: Asthma,4927.0,ADReCS_only,promethazine,CC(CN1c2ccccc2Sc2ccccc21)N(C)C,0,0,0,0,,
Propagermanium,ADReCS: Acute respiratory distress syndrome,83030.0,ADReCS_only,propagermanium,O=C(O)C[CH2][Ge](=[O])[O][Ge](=[O])[CH2]CC(=O)O,0,0,0,0,,
Propantheline,ADReCS: Respiratory signs and symptoms NEC,4934.0,ADReCS_only,propantheline,CC(C)[N+](C)(CCOC(=O)C1c2ccccc2Oc2ccccc21)C(C)C,0,0,0,0,,
Proparacaine,ADReCS: Respiratory signs and symptoms NEC,4935.0,ADReCS_only,proparacaine,CCCOc1ccc(C(=O)OCCN(CC)CC)cc1N,0,0,0,0,,
Propylthiouracil,ADReCS: Acute respiratory distress syndrome,657298.0,ADReCS_only,propylthiouracil,CCCc1cc(=O)[nH]c(=S)[nH]1,0,0,0,0,,
Prucalopride,ADReCS: Thoracic disorders (excl lung and pleura),3052762.0,ADReCS_only,prucalopride,COCCCN1CCC(NC(=O)c2cc(Cl)c(N)c3c2OCC3)CC1,0,0,0,0,,
Quinaprilat,ADReCS: Lower respiratory tract disorders (excl obstruction and infection),107994.0,ADReCS_only,quinaprilat,CC(NC(CCc1ccccc1)C(=O)O)C(=O)N1Cc2ccccc2CC1C(=O)O,0,0,0,0,,
Ramiprilat,ADReCS: Lower respiratory tract disorders (excl obstruction and infection),5464096.0,ADReCS_only,ramiprilat,CC(NC(CCc1ccccc1)C(=O)O)C(=O)N1C(C(=O)O)CC2CCCC21,0,0,0,0,,
Reboxetine,ADReCS: Bronchitis,127151.0,ADReCS_only,reboxetine,CCOc1ccccc1OC(c1ccccc1)C1CNCCO1,0,0,0,0,,
Relugolix,ADReCS: Respiratory signs and symptoms NEC,10348973.0,ADReCS_only,relugolix,CONC(=O)Nc1ccc(-c2sc3c(c2CN(C)C)c(=O)n(-c2ccc(OC)nn2)c(=O)n3Cc2c(F)cccc2F)cc1,0,0,0,0,,
Repaglinide,ADReCS: Bronchitis,65981.0,ADReCS_only,repaglinide,CCOc1cc(CC(=O)NC(CC(C)C)c2ccccc2N2CCCCC2)ccc1C(=O)O,0,0,0,0,,
Rescinnamine,ADReCS: Bronchitis,5280954.0,ADReCS_only,rescinnamine,COC(=O)C1C2CC3c4[nH]c5cc(OC)ccc5c4CCN3CC2CC(OC(=O)C=Cc2cc(OC)c(OC)c(OC)c2)C1OC,0,0,0,0,,
Reserpine,ADReCS: Respiratory disorders NEC,5770.0,ADReCS_only,reserpine,COC(=O)C1C2CC3c4[nH]c5cc(OC)ccc5c4CCN3CC2CC(OC(=O)c2cc(OC)c(OC)c(OC)c2)C1OC,0,0,0,0,,
Retapamulin,ADReCS: Respiratory tract infections,6918462.0,ADReCS_only,retapamulin,C=CC1(C)CC(OC(=O)CSC2CC3CCC(C2)N3C)C2(C)C(C)CCC3(CCC(=O)C32)C(C)C1O,0,0,0,0,,
Revefenacin,ADReCS: Respiratory signs and symptoms NEC,11753673.0,ADReCS_only,revefenacin,CN(CCN1CCC(OC(=O)Nc2ccccc2-c2ccccc2)CC1)C(=O)c1ccc(CN2CCC(C(N)=O)CC2)cc1,0,0,0,0,,
Rifabutin,ADReCS: Bronchial disorders (excl neoplasms),135398743.0,ADReCS_only,rifabutin,COC1C=COC2(C)Oc3c(C)c(O)c4c(O)c(c5c(c4c3C2=O)=NC2(CCN(CC(C)C)CC2)N=5)NC(=O)C(C)=CC=CC(C)C(O)C(C)C(O)C(C)C(OC(C)=O)C1C,0,0,0,0,,
Rifapentine,ADReCS: Asthma,135403821.0,ADReCS_only,rifapentine,COC1C=COC2(C)Oc3c(C)c(O)c4c(O)c(c(C=NN5CCN(C6CCCC6)CC5)c(O)c4c3C2=O)NC(=O)C(C)=CC=CC(C)C(O)C(C)C(O)C(C)C(OC(C)=O)C1C,0,0,0,0,,
Rifaximin,ADReCS: Thoracic disorders (excl lung and pleura),6436173.0,ADReCS_only,rifaximin,COC1C=COC2(C)Oc3c(C)c(O)c4c(O)c(c5c(nc6cc(C)ccn65)c4c3C2=O)NC(=O)C(C)=CC=CC(C)C(O)C(C)C(O)C(C)C(OC(C)=O)C1C,0,0,0,0,,
Rilpivirine,ADReCS: Cardio-respiratory arrest,6451164.0,ADReCS_only,rilpivirine,Cc1cc(C=CC#N)cc(C)c1Nc1ccnc(Nc2ccc(C#N)cc2)n1,0,0,0,0,,
Rimantadine,ADReCS: Bronchial disorders (excl neoplasms),5071.0,ADReCS_only,rimantadine,CC(N)C12CC3CC(CC(C3)C1)C2,0,0,0,0,,
Rimexolone,ADReCS: Respiratory tract infections,5311412.0,ADReCS_only,rimexolone,CCC(=O)C1(C)C(C)CC2C3CC=C4CC(=O)C=CC4(C)C3C(O)CC21C,0,0,0,0,,
Riociguat,ADReCS: Acute respiratory failure,11304743.0,ADReCS_only,riociguat,COC(=O)N(C)c1c(N)nc(-c2nn(Cc3ccccc3F)c3ncccc23)nc1N,0,0,0,0,,
Ripretinib,ADReCS: Bronchial disorders (excl neoplasms),71584930.0,ADReCS_only,ripretinib,CCn1c(=O)c(-c2cc(NC(=O)Nc3ccccc3)c(F)cc2Br)cc2cnc(NC)cc21,0,0,0,0,,
Risdiplam,ADReCS: Lower respiratory tract disorders (excl obstruction and infection),118513932.0,ADReCS_only,risdiplam,Cc1cn2nc(-c3cc(=O)n4cc(N5CCNC6(CC6)C5)ccc4n3)cc(C)c2n1,0,0,0,0,,
Risedronic acid,ADReCS: Asthma,5245.0,ADReCS_only,risedronic acid,O=P(O)(O)C(O)(Cc1cccnc1)P(=O)(O)O,0,0,0,0,,
Rizatriptan,ADReCS: Bronchial disorders (excl neoplasms),5078.0,ADReCS_only,rizatriptan,CN(C)CCc1c[nH]c2ccc(Cn3cncn3)cc12,0,0,0,0,,
Roflumilast,ADReCS: Asthma,449193.0,ADReCS_only,roflumilast,O=C(Nc1c(Cl)cncc1Cl)c1ccc(OC(F)F)c(OCC2CC2)c1,0,0,0,0,,
Rolapitant,ADReCS: Lower respiratory tract signs and symptoms,10311306.0,ADReCS_only,rolapitant,CC(OCC1(c2ccccc2)CCC2(CCC(=O)N2)CN1)c1cc(C(F)(F)F)cc(C(F)(F)F)c1,0,0,0,0,,
Rolitetracycline,ADReCS: Respiratory disorders NEC,54682938.0,ADReCS_only,rolitetracycline,CN(C)C1C(=O)C(C(=O)NCN2CCCC2)C(=O)C2(O)C(=O)C3C(=O)c4c(O)cccc4C(C)(O)C3CC12,0,0,0,0,,
Rotigotine,ADReCS: Cardio-respiratory arrest; Thoracic disorders (excl lung and pleura),59227.0,ADReCS_only,rotigotine,CCCN(CCc1cccs1)C1CCc2c(O)cccc2C1,0,0,0,0,,
Rucaparib,ADReCS: Thoracic disorders (excl lung and pleura),9931954.0,ADReCS_only,rucaparib,CNCc1ccc(-c2[nH]c3cc(F)cc4c3c2CCNC4=O)cc1,0,0,0,0,,
Rufinamide,ADReCS: Bronchitis,129228.0,ADReCS_only,rufinamide,NC(=O)c1cn(Cc2c(F)cccc2F)nn1,0,0,0,0,,
Rupatadine,ADReCS: Bronchial disorders (excl neoplasms),133017.0,ADReCS_only,rupatadine,Cc1cncc(CN2CCC(=C3c4ccc(Cl)cc4CCc4cccnc43)CC2)c1,0,0,0,0,,
Salicylic acid,ADReCS: Asthma,338.0,ADReCS_only,salicylic acid,O=C(O)c1ccccc1O,0,0,0,0,,
Salmeterol,ADReCS: Asthma,5152.0,ADReCS_only,salmeterol,OCc1cc(C(O)CNCCCCCCOCCCCc2ccccc2)ccc1O,0,0,0,0,,
Salsalate,ADReCS: Bronchial disorders (excl neoplasms),5161.0,ADReCS_only,salsalate,O=C(Oc1ccccc1C(=O)O)c1ccccc1O,0,0,0,0,,
Secobarbital,ADReCS: Respiratory acidoses; Respiratory disorders NEC,5193.0,ADReCS_only,secobarbital,C=CCC1(C(C)CCC)C(=O)NC(=O)NC1=O,0,0,0,0,,
Secretin,ADReCS: Respiratory distress,16129665.0,ADReCS_only,secretin,CC(C)CC(NC(=O)CNC(=O)C(CCC(N)=O)NC(=O)C(CC(C)C)NC(=O)C(CC(C)C)NC(=O)C(CCCN=C(N)N)NC(=O)C(CCC(N)=O)NC(=O)C(CC(C)C)NC(=O)C(CCCNC(=N)N)NC(=O)C(C)NC(=O)C(CO)NC(=O)C(CC(=O)O)NC(=O)C(CCCNC(=N)N)NC(=O)C(CC(C)C)NC(=O)C(CCCNC(=N)N)NC(=O)C(CO)NC(=O)C(CC(C)C)NC(=O)C(CCC(=O)O)NC(=O)C(CO)NC(=O)C(NC(=O)C(Cc1ccccc1)NC(=O)C(NC(=O)CNC(=O)C(CC(=O)O)NC(=O)C(CO)NC(=O)C(N)Cc1ncc[nH]1)C(C)O)C(C)O)C(=O)NC(C(=O)O)C(C)C,0,0,0,0,,
Selegiline,ADReCS: Asthma,26757.0,ADReCS_only,selegiline,C#CCN(C)C(C)Cc1ccccc1,0,0,0,0,,
Semaxanib,ADReCS: Thoracic disorders (excl lung and pleura),5329098.0,ADReCS_only,semaxanib,C=c1cc(C)[nH]c1=Cc1c(O)[nH]c2ccccc12,0,0,0,0,,
Silodosin,ADReCS: Thoracic disorders (excl lung and pleura),5312125.0,ADReCS_only,silodosin,CC(Cc1cc2c(c(C(N)=O)c1)N(CCCO)CC2)NCCOc1ccccc1OCC(F)(F)F,0,0,0,0,,
Sincalide,ADReCS: Respiratory disorders NEC,9833444.0,ADReCS_only,sincalide,CSCCC(NC(=O)C(Cc1ccc(OS(=O)(=O)O)cc1)NC(=O)C(N)CC(=O)O)C(=O)NCC(=O)NC(Cc1c[nH]c2ccccc12)C(=O)NC(CCSC)C(=O)NC(CC(=O)O)C(=O)NC(Cc1ccccc1)C(N)=O,0,0,0,0,,
Siponimod,ADReCS: Acute respiratory distress syndrome,44599207.0,ADReCS_only,siponimod,CCc1cc(C(C)=NOCc2ccc(C3CCCCC3)c(C(F)(F)F)c2)ccc1CN1CC(C(=O)O)C1,0,0,0,0,,
Sitaxentan,ADReCS: Asthma,216235.0,ADReCS_only,sitaxentan,Cc1cc2c(cc1CC(=O)c1sccc1S(=O)(=O)Nc1onc(C)c1Cl)OCO2,0,0,0,0,,
Solriamfetol,ADReCS: Respiratory signs and symptoms NEC,10130337.0,ADReCS_only,solriamfetol,NC(=O)OCC(N)Cc1ccccc1,0,0,0,0,,
Sonidegib,ADReCS: Respiratory disorders NEC,24775005.0,ADReCS_only,sonidegib,Cc1c(C(=O)Nc2ccc(N3CC(C)OC(C)C3)nc2)cccc1-c1ccc(OC(F)(F)F)cc1,0,0,0,0,,
Sparfloxacin,ADReCS: Asthma,60464.0,ADReCS_only,sparfloxacin,CC1CN(c2c(F)c(N)c3c(=O)c(C(=O)O)cn(C4CC4)c3c2F)CC(C)N1,0,0,0,0,,
Stavudine,ADReCS: Bronchitis,18283.0,ADReCS_only,stavudine,Cc1cn(C2C=CC(CO)O2)c(=O)[nH]c1=O,0,0,0,0,,
Styrenesulfonic acid,ADReCS: Bronchitis,168625.0,ADReCS_only,styrenesulfonic acid,C=Cc1ccccc1S(=O)(=O)O,0,0,0,0,,
Succimer,ADReCS: Thoracic disorders (excl lung and pleura),2724354.0,ADReCS_only,succimer,O=C(O)C(S)C(S)C(=O)O,0,0,0,0,,
Succinylcholine chloride,ADReCS: Respiratory depression,22475.0,ADReCS_only,succinylcholine chloride,C[N+](C)(C)CCOC(=O)CCC(=O)OCC[N+](C)(C)C,0,0,0,0,,
Sulfamethoxazole,ADReCS: Lower respiratory tract disorders (excl obstruction and infection),5329.0,ADReCS_only,sulfamethoxazole,Cc1cc(NS(=O)(=O)c2ccc(N)cc2)no1,0,0,0,0,,
Sulfisoxazole,"ADReCS: Respiratory, thoracic and mediastinal disorders",5344.0,ADReCS_only,sulfisoxazole,Cc1noc(NS(=O)(=O)c2ccc(N)cc2)c1C,0,0,0,0,,
Suvorexant,ADReCS: Thoracic disorders (excl lung and pleura),24965990.0,ADReCS_only,suvorexant,Cc1ccc(-n2nccn2)c(C(=O)N2CCN(c3nc4cc(Cl)ccc4o3)CCC2C)c1,0,0,0,0,,
Tafamidis,ADReCS: Cardio-respiratory arrest,11001318.0,ADReCS_only,tafamidis,O=C(O)c1ccc2nc(-c3cc(Cl)cc(Cl)c3)oc2c1,0,0,0,0,,
Tafluprost,ADReCS: Asthma,9868491.0,ADReCS_only,tafluprost,CC(C)OC(=O)CCCC=CCC1C(O)CC(O)C1C=CC(F)(F)COc1ccccc1,0,0,0,0,,
Talazoparib,ADReCS: Respiratory signs and symptoms NEC,135565082.0,ADReCS_only,talazoparib,Cn1ncnc1C1c2n[nH]c(=O)c3cc(F)cc(c23)NC1c1ccc(F)cc1,0,0,0,0,,
Tasimelteon,ADReCS: Asthma,10220503.0,ADReCS_only,tasimelteon,CCC(=O)NCC1CC1c1cccc2c1CCO2,0,0,0,0,,
Technetium tc-99m sestamibi,ADReCS: Respiratory signs and symptoms NEC,5384.0,ADReCS_only,technetium tc-99m sestamibi,[CH-]=NCC(C)(C)OC.[CH-]=NCC(C)(C)OC.[CH-]=NCC(C)(C)OC.[CH-]=NCC(C)(C)OC.[CH-]=NCC(C)(C)OC.[CH-]=NCC(C)(C)OC.[Tc+6],0,0,0,0,,
Tedizolid phosphate,ADReCS: Respiratory disorders NEC,11476460.0,ADReCS_only,tedizolid,Cn1nnc(-c2ccc(-c3ccc(N4CC(COP(=O)(O)O)OC4=O)cc3F)cn2)n1,0,0,0,0,,
Teduglutide,ADReCS: Respiratory tract infections,16139605.0,ADReCS_only,teduglutide,CCC(C)C(NC(=O)C(Cc1ccccc1)NC(=O)C(CC(=O)O)NC(=O)C(CCCN=C(N)N)NC(=O)C(C)NC(=O)C(C)NC(=O)C(CC(C)C)NC(=O)C(CC(N)=O)NC(=O)C(CC(=O)O)NC(=O)C(CC(C)C)NC(=O)C(NC(=O)C(NC(=O)C(CC(N)=O)NC(=O)C(CCSC)NC(=O)C(CCC(=O)O)NC(=O)C(CC(=O)O)NC(=O)C(CO)NC(=O)C(Cc1ccccc1)NC(=O)C(CO)NC(=O)CNC(=O)C(CC(=O)O)NC(=O)CNC(=O)C(N)Cc1cnc[nH]1)C(C)O)C(C)CC)C(=O)NC(CC(N)=O)C(=O)NC(Cc1c[nH]c2ccccc12)C(=O)NC(CC(C)C)C(=O)NC(C(=O)NC(CCC(N)=O)C(=O)NC(C(=O)NC(CCCCN)C(=O)NC(C(=O)NC(C(=O)NC(CC(=O)O)C(=O)O)C(C)O)C(C)CC)C(C)O)C(C)CC,0,0,0,0,,
Teduglutide recombinant,ADReCS: Thoracic disorders (excl lung and pleura),70683012.0,ADReCS_only,teduglutide recombinant,CCC(C)C(NC(=O)C(Cc1ccccc1)NC(=O)C(CC(=O)O)NC(=O)C(CCCN=C(N)N)NC(=O)C(C)NC(=O)C(C)NC(=O)C(CC(C)C)NC(=O)C(CC(N)=O)NC(=O)C(CC(=O)O)NC(=O)C(CC(C)C)NC(=O)C(NC(=O)C(NC(=O)C(CC(N)=O)NC(=O)C(CCSC)NC(=O)C(CCC(=O)O)NC(=O)C(CC(=O)O)NC(=O)C(CO)NC(=O)C(Cc1ccccc1)NC(=O)C(CO)NC(=O)CNC(=O)C(CC(=O)O)NC(=O)CNC(=O)C(N)Cc1c[nH]cn1)C(C)O)C(C)CC)C(=O)NC(CC(N)=O)C(=O)NC(Cc1c[nH]c2ccccc12)C(=O)NC(CC(C)C)C(=O)NC(C(=O)NC(CCC(N)=O)C(=O)NC(C(=O)NC(CCCCN)C(=O)NC(C(=O)NC(C(=O)NC(CC(=O)O)C(=O)O)C(C)O)C(C)CC)C(C)O)C(C)CC,0,0,0,0,,
Telavancin,ADReCS: Thoracic disorders (excl lung and pleura),3081362.0,ADReCS_only,telavancin,CCCCCCCCCCNCCNC1(C)CC(OC2C(Oc3c4cc5cc3Oc3ccc(cc3Cl)C(O)C3NC(=O)C(NC(=O)C5NC(=O)C(CC(N)=O)NC(=O)C(NC(=O)C(CC(C)C)NC)C(O)c5ccc(c(Cl)c5)O4)c4ccc(O)c(c4)-c4c(cc(O)c(CNCP(=O)(O)O)c4O)C(C(=O)O)NC3=O)OC(CO)C(O)C2O)OC(C)C1O,0,0,0,0,,
Telbivudine,ADReCS: Bacterial lower respiratory tract infections,159269.0,ADReCS_only,telbivudine,Cc1cn(C2CC(O)C(CO)O2)c(=O)[nH]c1=O,0,0,0,0,,
Telotristat ethyl,ADReCS: Respiratory signs and symptoms NEC,25181577.0,ADReCS_only,telotristat ethyl,CCOC(=O)C(N)Cc1ccc(-c2cc(OC(c3ccc(Cl)cc3-n3ccc(C)n3)C(F)(F)F)nc(N)n2)cc1,0,0,0,0,,
Temazepam,ADReCS: Bronchial disorders (excl neoplasms),5391.0,ADReCS_only,temazepam,CN1C(=O)C(O)N=C(c2ccccc2)c2cc(Cl)ccc21,0,0,0,0,,
Temoporfin,ADReCS: Bronchial disorders (excl neoplasms),60751.0,ADReCS_only,temoporfin,Oc1cccc(-c2c3nc(c(-c4cccc(O)c4)c4ccc([nH]4)c(-c4cccc(O)c4)c4ccc([nH]4)c(-c4cccc(O)c4)c4nc2CC4)C=C3)c1,0,0,0,0,,
Tenofovir disoproxil,ADReCS: Respiratory tract infections; Thoracic disorders (excl lung and pleura),5481350.0,ADReCS_only,tenofovir disoproxil,CC(C)OC(=O)OCOP(=O)(COC(C)Cn1cnc2c(N)ncnc21)OCOC(=O)OC(C)C,0,0,0,0,,
Tenoxicam,ADReCS: Asthma,54677971.0,ADReCS_only,tenoxicam,CN1C(C(=O)Nc2ccccn2)C(=O)c2sccc2S1(=O)=O,0,0,0,0,,
Terazosin,ADReCS: Asthma; Bronchitis,5401.0,ADReCS_only,terazosin,COc1cc2nc(N3CCN(C(=O)C4CCCO4)CC3)nc(N)c2cc1OC,0,0,0,0,,
Terbinafine,"ADReCS: Asthma; Respiratory, thoracic and mediastinal disorders",1549008.0,ADReCS_only,terbinafine,CN(CC=CC#CC(C)(C)C)Cc1cccc2ccccc12,0,0,0,0,,
Terconazole,ADReCS: Bronchial disorders (excl neoplasms),441383.0,ADReCS_only,terconazole,CC(C)N1CCN(c2ccc(OCC3COC(Cn4cncn4)(c4ccc(Cl)cc4Cl)O3)cc2)CC1,0,0,0,0,,
Terfenadine,ADReCS: Respiratory signs and symptoms NEC,5405.0,ADReCS_only,terfenadine,CC(C)(C)c1ccc(C(O)CCCN2CCC(C(O)(c3ccccc3)c3ccccc3)CC2)cc1,0,0,0,0,,
Teriparatide,ADReCS: Thoracic disorders (excl lung and pleura),16133850.0,ADReCS_only,teriparatide,CCC(C)C(NC(=O)C(CCC(=O)O)NC(=O)C(CO)NC(=O)C(NC(=O)C(N)CO)C(C)C)C(=O)NC(CCC(N)=O)C(=O)NC(CC(C)C)C(=O)NC(CCSC)C(=O)NC(Cc1c[nH]cn1)C(=O)NC(CC(N)=O)C(=O)NC(CC(C)C)C(=O)NCC(=O)NC(CCCCN)C(=O)NC(Cc1c[nH]cn1)C(=O)NC(CC(C)C)C(=O)NC(CC(N)=O)C(=O)NC(CO)C(=O)NC(CCSC)C(=O)NC(CCC(=O)O)C(=O)NC(CCCN=C(N)N)C(=O)NC(C(=O)NC(CCC(=O)O)C(=O)NC(Cc1c[nH]c2ccccc12)C(=O)NC(CC(C)C)C(=O)NC(CCCNC(=N)N)C(=O)NC(CCCCN)C(=O)NC(CCCCN)C(=O)NC(CC(C)C)C(=O)NC(CCC(N)=O)C(=O)NC(CC(=O)O)C(=O)NC(C(=O)NC(Cc1c[nH]cn1)C(=O)NC(CC(N)=O)C(=O)NC(Cc1ccccc1)C(=O)O)C(C)C)C(C)C,0,0,0,0,,
Tesamorelin,ADReCS: Respiratory signs and symptoms NEC,16137828.0,ADReCS_only,tesamorelin,CCC=CCC(=O)NC(Cc1ccc(O)cc1)C(=O)NC(C)C(=O)NC(CC(=O)O)C(=O)NC(C)C(=O)NC(C(=O)NC(Cc1ccccc1)C(=O)NC(C(=O)NC(CC(N)=O)C(=O)NC(CO)C(=O)NC(Cc1ccc(O)cc1)C(=O)NC(CCCN=C(N)N)C(=O)NC(CCCCN)C(=O)NC(C(=O)NC(CC(C)C)C(=O)NCC(=O)NC(CCC(N)=O)C(=O)NC(CC(C)C)C(=O)NC(CO)C(=O)NC(C)C(=O)NC(CCCNC(=N)N)C(=O)NC(CCCCN)C(=O)NC(CC(C)C)C(=O)NC(CC(C)C)C(=O)NC(CCC(N)=O)C(=O)NC(CC(=O)O)C(=O)NC(C(=O)NC(CCSC)C(=O)NC(CO)C(=O)NC(CCCNC(=N)N)C(=O)NC(CCC(N)=O)C(=O)NC(CCC(N)=O)C(=O)NCC(=O)NC(CCC(=O)O)C(=O)NC(CO)C(=O)NC(CC(N)=O)C(=O)NC(CCC(N)=O)C(=O)NC(CCC(=O)O)C(=O)NC(CCCNC(=N)N)C(=O)NCC(=O)NC(C)C(=O)NC(CCCNC(=N)N)C(=O)NC(C)C(=O)NC(CCCNC(=N)N)C(=O)NC(CC(C)C)C(N)=O)C(C)CC)C(C)C)C(C)O)C(C)CC,0,0,0,0,,
Testosterone enanthate,ADReCS: Thoracic disorders (excl lung and pleura),9416.0,ADReCS_only,testosterone enanthate,CCCCCCC(=O)OC1CCC2C3CC=C4CC(=O)CCC4(C)C3CCC12C,0,0,0,0,,
Tetracycline anion,"ADReCS: Respiratory, thoracic and mediastinal disorders",27885548.0,ADReCS_only,tetracycline anion,C[NH+](C)C1C(=O)C(C(N)=O)=C([O-])C2(O)C(=O)C3=C([O-])c4c(O)cccc4C(C)(O)C3CC12,0,0,0,0,,
Sodium tetradecyl sulfate,ADReCS: Asthma,23665770.0,ADReCS_only,tetradecyl,CCCCCCCCCCCCCCOS(=O)(=O)[O-],0,0,0,0,,
Tetradecyl hydrogen sulfate (ester),ADReCS: Asthma,8771.0,ADReCS_only,tetradecyl hydrogen (ester),CCCCC(CC)CCC(CC(C)C)OS(=O)(=O)O,0,0,0,0,,
Tetraethylenepentamine,ADReCS: Thoracic disorders (excl lung and pleura),8197.0,ADReCS_only,tetraethylenepentamine,NCCNCCNCCNCCN,0,0,0,0,,
Tetrasodium;iron(3+);nitroxyl anion;pentacyanide,ADReCS: Respiratory signs and symptoms NEC,49868142.0,ADReCS_only,tetrasodium;iron(3+);nitroxyl anion;pentacyanide,[C-]#N.[C-]#N.[C-]#N.[C-]#N.[C-]#N.[Fe+3].[N-]=O,0,0,0,0,,
Tetrofosmin,ADReCS: Bronchial disorders (excl neoplasms),4274.0,ADReCS_only,tetrofosmin,CCOCCP(CCOCC)CCP(CCOCC)CCOCC,0,0,0,0,,
Tetryzoline,ADReCS: Respiratory tract infections,5419.0,ADReCS_only,tetryzoline,c1ccc2c(c1)CCCC2C1=NCCN1,0,0,0,0,,
Thiabendazole,"ADReCS: Respiratory, thoracic and mediastinal disorders",5430.0,ADReCS_only,thiabendazole,c1ccc2[nH]c(-c3cscn3)nc2c1,0,0,0,0,,
Thiamine,ADReCS: Lower respiratory tract disorders (excl obstruction and infection),1130.0,ADReCS_only,thiamine,Cc1ncc(C[n+]2csc(CCO)c2C)c(N)n1,0,0,0,0,,
Thioproperazine,"ADReCS: Respiratory, thoracic and mediastinal disorders",9429.0,ADReCS_only,thioproperazine,CN1CCN(CCCN2c3ccccc3Sc3ccc(S(=O)(=O)N(C)C)cc32)CC1,0,0,0,0,,
Thioridazine,ADReCS: Asthma,5452.0,ADReCS_only,thioridazine,CSc1ccc2c(c1)N(CCC1CCCCN1C)c1ccccc1S2,0,0,0,0,,
Thiotepa,ADReCS: Asthma,5453.0,ADReCS_only,thiotepa,S=P(N1CC1)(N1CC1)N1CC1,0,0,0,0,,
Thiothixene,ADReCS: Respiratory disorders NEC,5454.0,ADReCS_only,thiothixene,CN1CCN(CCC=C2c3ccccc3Sc3ccc(S(=O)(=O)N(C)C)cc32)CC1,0,0,0,0,,
Tiagabine,ADReCS: Asthma,60648.0,ADReCS_only,tiagabine,Cc1ccsc1C(=CCCN1CCCC(C(=O)O)C1)c1sccc1C,0,0,0,0,,
Tiaprofenic acid,ADReCS: Asthma,5468.0,ADReCS_only,tiaprofenic acid,CC(C(=O)O)c1ccc(C(=O)c2ccccc2)s1,0,0,0,0,,
Tigecycline,ADReCS: Bronchial conditions NEC,54686904.0,ADReCS_only,tigecycline,CN(C)c1cc(NC(=O)CNC(C)(C)C)c(O)c2c1CC1CC3C(N(C)C)C(=O)C(C(N)=O)C(=O)C3(O)C(=O)C1C2=O,0,0,0,0,,
Tiludronate disodium,ADReCS: Bronchitis,60936.0,ADReCS_only,tiludronate disodium,O=P([O-])(O)C(Sc1ccc(Cl)cc1)P(=O)([O-])O,0,0,0,0,,
Tinidazole,ADReCS: Bronchial disorders (excl neoplasms),5479.0,ADReCS_only,tinidazole,CCS(=O)(=O)CCn1c([N+](=O)[O-])cnc1C,0,0,0,0,,
Tinzaparin sodium,ADReCS: Respiratory tract infections,8784.0,ADReCS_only,tinzaparin,O=C(O)C=Cc1ccccc1,0,0,0,0,,
Tipranavir,ADReCS: Respiratory disorders NEC,54682461.0,ADReCS_only,tipranavir,CCCC1(CCc2ccccc2)CC(=O)C(C(CC)c2cccc(NS(=O)(=O)c3ccc(C(F)(F)F)cn3)c2)C(=O)O1,0,0,0,0,,
Tipranavir disodium,ADReCS: Bacterial lower respiratory tract infections,163296.0,ADReCS_only,tipranavir disodium,CCCC1(CCc2ccccc2)CC([O-])=C(C(CC)c2cccc([N-]S(=O)(=O)c3ccc(C(F)(F)F)cn3)c2)C(=O)O1,0,0,0,0,,
Tivozanib,"ADReCS: Respiratory, thoracic and mediastinal disorders",9911830.0,ADReCS_only,tivozanib,COc1cc2nccc(Oc3ccc(NC(=O)Nc4cc(C)on4)c(Cl)c3)c2cc1OC,0,0,0,0,,
Tobramycin,ADReCS: Acute respiratory failure,36294.0,ADReCS_only,tobramycin,NCC1OC(OC2C(N)CC(N)C(OC3OC(CO)C(O)C(N)C3O)C2O)C(N)CC1O,0,0,0,0,,
Tolbutamide,ADReCS: Respiratory signs and symptoms NEC,5505.0,ADReCS_only,tolbutamide,CCCCNC(=O)NS(=O)(=O)c1ccc(C)cc1,0,0,0,0,,
Tolcapone,ADReCS: Asthma,4659569.0,ADReCS_only,tolcapone,Cc1ccc(C(=O)c2cc(O)c(O)c([N+](=O)[O-])c2)cc1,0,0,0,0,,
Tolterodine,ADReCS: Bronchitis,443879.0,ADReCS_only,tolterodine,Cc1ccc(O)c(C(CCN(C(C)C)C(C)C)c2ccccc2)c1,0,0,0,0,,
Torsemide,ADReCS: Respiratory tract infections,41781.0,ADReCS_only,torsemide,Cc1cccc(Nc2ccncc2S(=O)(=O)NC(=O)NC(C)C)c1,0,0,0,0,,
Tramazoline,ADReCS: Thoracic disorders (excl lung and pleura),5524.0,ADReCS_only,tramazoline,c1cc2c(c(NC3=NCCN3)c1)CCCC2,0,0,0,0,,
Trandolaprilat,ADReCS: Bronchitis,5464097.0,ADReCS_only,trandolaprilat,CC(NC(CCc1ccccc1)C(=O)O)C(=O)N1C(C(=O)O)CC2CCCCC21,0,0,0,0,,
Tranylcypromine,ADReCS: Respiratory disorders NEC,5530.0,ADReCS_only,tranylcypromine,NC1CC1c1ccccc1,0,0,0,0,,
Travoprost,ADReCS: Asthma,5282226.0,ADReCS_only,travoprost,CC(C)OC(=O)CCCC=CCC1C(O)CC(O)C1C=CC(O)COc1cccc(C(F)(F)F)c1,0,0,0,0,,
Triamcinolone,ADReCS: Asthma,31307.0,ADReCS_only,triamcinolone,CC12C=CC(=O)C=C1CCC1C3CC(O)C(O)(C(=O)CO)C3(C)CC(O)C12F,0,0,0,0,,
Triamcinolone acetonide,ADReCS: Asthma,6436.0,ADReCS_only,triamcinolone acetonide,CC1(C)OC2CC3C4CC=C5CC(=O)C=CC5(C)C4(F)C(O)CC3(C)C2(C(=O)CO)O1,0,0,0,0,,
Triamcinolone diacetate,ADReCS: Lower respiratory tract disorders (excl obstruction and infection),6216.0,ADReCS_only,triamcinolone diacetate,CC(=O)OCC(=O)C1(O)C(OC(C)=O)CC2C3CC=C4CC(=O)C=CC4(C)C3(F)C(O)CC21C,0,0,0,0,,
Triamcinolone hexacetonide,ADReCS: Lower respiratory tract disorders (excl obstruction and infection),21826.0,ADReCS_only,triamcinolone hexacetonide,CC(C)(C)CC(=O)OCC(=O)C12OC(C)(C)OC1CC1C3CC=C4CC(=O)C=CC4(C)C3(F)C(O)CC12C,0,0,0,0,,
Trimethadione,ADReCS: Lower respiratory tract signs and symptoms,5576.0,ADReCS_only,trimethadione,CN1C(=O)OC(C)(C)C1=O,0,0,0,0,,
Trimethoprim,ADReCS: Bronchial disorders (excl neoplasms),5578.0,ADReCS_only,trimethoprim,COc1cc(Cc2cnc(N)nc2N)cc(OC)c1OC,0,0,0,0,,
Tromethamine,ADReCS: Respiratory and pulmonary function diagnostic procedures,6503.0,ADReCS_only,tromethamine,NC(CO)(CO)CO,0,0,0,0,,
Tropicamide,ADReCS: Bronchial disorders (excl neoplasms),5593.0,ADReCS_only,tropicamide,CCN(Cc1ccncc1)C(=O)C(CO)c1ccccc1,0,0,0,0,,
Tropisetron,ADReCS: Bronchial disorders (excl neoplasms),656665.0,ADReCS_only,tropisetron,CN1C2CCC1CC(OC(=O)c1c[nH]c3ccccc13)C2,0,0,0,0,,
Trovafloxacin,ADReCS: Asthma,62959.0,ADReCS_only,trovafloxacin,NC1C2CN(c3nc4c(cc3F)c(=O)c(C(=O)O)cn4-c3ccc(F)cc3F)CC12,0,0,0,0,,
Tryptophan,ADReCS: Respiratory signs and symptoms NEC,6305.0,ADReCS_only,tryptophan,NC(Cc1c[nH]c2ccccc12)C(=O)O,0,0,0,0,,
Tucatinib,ADReCS: Thoracic disorders (excl lung and pleura),51039094.0,ADReCS_only,tucatinib,Cc1cc(Nc2ncnc3ccc(N=C4NC(C)(C)CO4)cc23)ccc1Oc1ccn2ncnc2c1,0,0,0,0,,
Ubrogepant,ADReCS: Respiratory signs and symptoms NEC,68748835.0,ADReCS_only,ubrogepant,CC1C(c2ccccc2)CC(NC(=O)c2cnc3c(c2)CC2(C3)C(=O)Nc3ncccc32)C(=O)N1CC(F)(F)F,0,0,0,0,,
Ulipristal,ADReCS: Respiratory signs and symptoms NEC,13559279.0,ADReCS_only,ulipristal,CC(=O)C1(O)CCC2C3=C(C4=C(CC3)CC(=O)CC4)C(c3ccc(N(C)C)cc3)CC21C,0,0,0,0,,
Unoprostone,ADReCS: Bronchitis,5311236.0,ADReCS_only,unoprostone,CCCCCCCC(=O)CCC1C(O)CC(O)C1CC=CCCCC(=O)O,0,0,0,0,,
Unoprostone isopropyl,ADReCS: Bronchitis,5282175.0,ADReCS_only,unoprostone isopropyl,CCCCCCCC(=O)CCC1C(O)CC(O)C1CC=CCCCC(=O)OC(C)C,0,0,0,0,,
Urofollitropin,ADReCS: Acute respiratory distress syndrome,62819.0,ADReCS_only,urofollitropin,CCC(C)C1NC(=O)C(Cc2ccc(O)cc2)NC(=O)C(N)CSSCC(C(=O)N2CCCC2C(=O)NC(CC(C)C)C(=O)NCC(N)=O)NC(=O)C(CC(N)=O)NC(=O)C(C(C)O)NC1=O,0,0,0,0,,
Ursodiol,ADReCS: Asthma,31401.0,ADReCS_only,ursodiol,CC(CCC(=O)O)C1CCC2C3C(O)CC4CC(O)CCC4(C)C3CCC12C,0,0,0,0,,
Valbenazine,ADReCS: Respiratory disorders NEC,24795069.0,ADReCS_only,valbenazine,COc1cc2c(cc1OC)C1CC(OC(=O)C(N)C(C)C)C(CC(C)C)CN1CC2,0,0,0,0,,
Valdecoxib,ADReCS: Bronchial disorders (excl neoplasms),119607.0,ADReCS_only,valdecoxib,Cc1onc(-c2ccccc2)c1-c1ccc(S(N)(=O)=O)cc1,0,0,0,0,,
Valganciclovir,ADReCS: Bronchitis; Respiratory tract infections,135413535.0,ADReCS_only,valganciclovir,CC(C)C(N)C(=O)OCC(CO)OCn1cnc2c(=O)[nH]c(N)nc21,0,0,0,0,,
Valproate sodium,ADReCS: Bronchitis,16760703.0,ADReCS_only,valproate,CCCC(CCC)C(=O)[O-],0,0,0,0,,
Valproic acid,ADReCS: Acute respiratory distress syndrome,3121.0,ADReCS_only,valproic acid,CCCC(CCC)C(=O)O,0,0,0,0,,
Valrubicin,ADReCS: Respiratory tract infections,454216.0,ADReCS_only,valrubicin,CCCCC(=O)OCC(=O)C1(O)C=C2C(=O)c3c(c(O)c4c(OC)cccc4c3O)C(=O)C2C(OC2CC(NC(=O)C(F)(F)F)C(O)C(C)O2)C1,0,0,0,0,,
Vardenafil,ADReCS: Respiratory tract infections; Thoracic disorders (excl lung and pleura),135400189.0,ADReCS_only,vardenafil,CCCc1nc(C)c2c(=O)[nH]c(-c3cc(S(=O)(=O)N4CCN(CC)CC4)ccc3OCC)nn12,0,0,0,0,,
Varenicline,ADReCS: Asthma,170361.0,ADReCS_only,varenicline,c1cnc2cc3c(cc2n1)C1CNCC3C1,0,0,0,0,,
Vericiguat,ADReCS: Respiratory disorders NEC,54674461.0,ADReCS_only,vericiguat,COC(=O)Nc1c(N)nc(-c2nn(Cc3ccccc3F)c3ncc(F)cc23)nc1N,0,0,0,0,,
Vibegron,ADReCS: Respiratory signs and symptoms NEC,44472635.0,ADReCS_only,vibegron,O=C(Nc1ccc(CC2CCC(C(O)c3ccccc3)N2)cc1)C1CCc2nccc(=O)n21,0,0,0,0,,
Vigabatrin,ADReCS: Acute respiratory distress syndrome,5665.0,ADReCS_only,vigabatrin,C=CC(N)CCC(=O)O,0,0,0,0,,
Vilazodone,ADReCS: Respiratory signs and symptoms NEC,6918314.0,ADReCS_only,vilazodone,N#Cc1ccc2[nH]cc(CCCCN3CCN(c4ccc5oc(C(N)=O)cc5c4)CC3)c2c1,0,0,0,0,,
Viloxazine,ADReCS: Respiratory signs and symptoms NEC,5666.0,ADReCS_only,viloxazine,CCOc1ccccc1OCC1CNCCO1,0,0,0,0,,
Vinflunine,ADReCS: Acute respiratory distress syndrome,10629256.0,ADReCS_only,vinflunine,CCC12C=CCN3CCC4(c5cc(C6(C(=O)OC)CC7CC(C(C)(F)F)CN(Cc8c6[nH]c6ccccc86)C7)c(OC)cc5N(C)C4C(O)(C(=O)OC)C1OC(C)=O)C32,0,0,0,0,,
Vismodegib,ADReCS: Acute respiratory distress syndrome,24776445.0,ADReCS_only,vismodegib,CS(=O)(=O)c1ccc(C(=O)Nc2ccc(Cl)c(-c3ccccn3)c2)c(Cl)c1,0,0,0,0,,
Voclosporin,ADReCS: Respiratory disorders NEC,6918486.0,ADReCS_only,voclosporin,C=CC=CCC(C)C(O)C1C(=O)NC(CC)C(=O)N(C)CC(=O)N(C)C(CC(C)C)C(=O)NC(C(C)C)C(=O)N(C)C(CC(C)C)C(=O)NC(C)C(=O)NC(C)C(=O)N(C)C(CC(C)C)C(=O)N(C)C(CC(C)C)C(=O)N(C)C(C(C)C)C(=O)N1C,0,0,0,0,,
Voltaren,ADReCS: Asthma,5018304.0,ADReCS_only,voltaren,O=C([O-])Cc1ccccc1Nc1c(Cl)cccc1Cl,0,0,0,0,,
Vorinostat,ADReCS: Bronchial disorders (excl neoplasms),5311.0,ADReCS_only,vorinostat,O=C(CCCCCCC(O)=NO)Nc1ccccc1,0,0,0,0,,
Vortioxetine,"ADReCS: Respiratory tract infections; Respiratory, thoracic and mediastinal disorders",9966051.0,ADReCS_only,vortioxetine,Cc1ccc(Sc2ccccc2N2CCNCC2)c(C)c1,0,0,0,0,,
Voxelotor,ADReCS: Lung disorder,71602803.0,ADReCS_only,voxelotor,CC(C)n1nccc1-c1ncccc1COc1cccc(O)c1C=O,0,0,0,0,,
Xylometazoline,ADReCS: Respiratory disorders NEC,5709.0,ADReCS_only,xylometazoline,Cc1cc(C(C)(C)C)cc(C)c1CC1=NCCN1,0,0,0,0,,
Zalcitabine,ADReCS: Bronchial disorders (excl neoplasms),24066.0,ADReCS_only,zalcitabine,Nc1ccn(C2CCC(CO)O2)c(=O)n1,0,0,0,0,,
Zaleplon,ADReCS: Asthma,5719.0,ADReCS_only,zaleplon,CCN(C(C)=O)c1cccc(-c2ccnc3c(C#N)cnn23)c1,0,0,0,0,,
Ziconotide,ADReCS: Respiratory tract infections; Thoracic disorders (excl lung and pleura),16135415.0,ADReCS_only,ziconotide,CSCCC1NC(=O)C(CC(C)C)NC(=O)C(CCCN=C(N)N)NC(=O)C(CO)NC(=O)C2CSSCC3NC(=O)C(CO)NC(=O)CNC(=O)C(C(C)O)NC(=O)C(CSSCC(N)C(=O)NC(CCCCN)C(=O)NCC(=O)NC(CCCCN)C(=O)NCC(=O)NC(C)C(=O)NC(CCCCN)C(=O)N2)NC(=O)C(CSSCC(C(N)=O)NC(=O)C(CCCCN)NC(=O)CNC(=O)C(CO)NC(=O)C(CCCNC(=N)N)NC3=O)NC(=O)C(CC(=O)O)NC(=O)C(Cc2ccc(O)cc2)NC1=O,0,0,0,0,,
Zidovudine,ADReCS: Bronchial disorders (excl neoplasms),35370.0,ADReCS_only,zidovudine,Cc1cn(C2CC(N=[N+]=[N-])C(CO)O2)c(=O)[nH]c1=O,0,0,0,0,,
Zileuton,ADReCS: Respiratory tract infections,60490.0,ADReCS_only,zileuton,CC(c1cc2ccccc2s1)N(O)C(N)=O,0,0,0,0,,
Zolmitriptan,ADReCS: Bronchial disorders (excl neoplasms),60857.0,ADReCS_only,zolmitriptan,CN(C)CCc1c[nH]c2ccc(CC3COC(=O)N3)cc12,0,0,0,0,,
Zuclopenthixol,ADReCS: Respiratory tract infections,5311507.0,ADReCS_only,zuclopenthixol,OCCN1CCN(CCC=C2c3ccccc3Sc3ccc(Cl)cc32)CC1,0,0,0,0,,
fluoroestradiol F 18,,,,,CC12CCC3c4ccc(O)cc4CCC3C1CC(F)C2O,0,0,0,0,,
flortaucipir F 18,,,,,Fc1ccc(-c2ccc3c(c2)[nH]c2ccncc23)cn1,0,0,0,0,,
cepharanthine,,,,,COc1ccc2cc1Oc1ccc(cc1)CC1c3c(cc4c(c3Oc3cc5c(cc3OC)CCN(C)C5C2)OCO4)CCN1C,0,0,0,0,,
EIDD-1931,,,,,CC(C)C(=O)OCC1OC(n2ccc(=NO)[nH]c2=O)C(O)C1O,0,0,0,0,,
mefuparib,,,,,CNCc1ccc(-c2cc3cc(F)cc(C(N)=O)c3o2)cc1,0,0,0,0,,
fosnetupitant,,,,,Cc1ccccc1-c1cc(N2CC[N+](C)(COP(=O)(O)O)CC2)ncc1N(C)C(=O)C(C)(C)c1cc(C(F)(F)F)cc(C(F)(F)F)c1,0,0,0,0,,
latanoprostene bunod,,,,,O=C(CCCC=CCC1C(O)CC(O)C1CCC(O)CCc1ccccc1)OCCCCO[N+](=O)[O-],0,0,0,0,,
vaborbactam,,,,,O=C(O)CC1CCC(NC(=O)Cc2cccs2)B(O)O1,0,0,0,0,,
levornidazole,,,,,Cc1ncc([N+](=O)[O-])n1CC(C)CCl,0,0,0,0,,
morinidazole,,,,,Cc1ncc([N+](=O)[O-])n1CC(O)CN1CCOCC1,0,0,0,0,,
forodesine,,,,,O=c1[nH]cnc2c(C3NC(CO)C(O)C3O)c[nH]c12,0,0,0,0,,
tazemetostat,,,,,CCN(c1cc(-c2ccc(CN3CCOCC3)cc2)cc(C(=O)NCc2c(C)cc(C)[nH]c2=O)c1C)C1CCOCC1,0,0,0,0,,
rimegepant,,,,,NC1c2cccnc2C(OC(=O)N2CCC(n3c(=O)[nH]c4ncccc43)CC2)CCC1c1cccc(F)c1F,0,0,0,0,,
plazomicin,,,,,CNC1C(O)C(OC2C(NC(=O)C(O)CCN)CC(N)C(OC3OC(CNCCO)=CCC3N)C2O)OCC1(C)O,0,0,0,0,,
macimorelin,,,,,CC(C)(N)C(=O)NC(Cc1cc2ccccc2[nH]1)C(=O)NC(Cc1c[nH]c2ccccc12)NC=O,0,0,0,0,,
olmutinib,,,,,C=CC(=O)Nc1cccc(Oc2nc(Nc3ccc(N4CCN(C)CC4)cc3)nc3ccsc23)c1,0,0,0,0,,
radotinib,,,,,Cc1cn(-c2cc(NC(=O)c3ccc(C)c(Nc4nccc(-c5cnccn5)n4)c3)cc(C(F)(F)F)c2)cn1,0,0,0,0,,
pemafibrate,,,,,CCC(Oc1cccc(CN(CCCOc2ccc(OC)cc2)c2nc3ccccc3o2)c1)C(=O)O,0,0,0,0,,
zabofloxacin,,,,,CON=C1CN(c2nc3c(cc2F)c(=O)c(C(=O)O)cn3C2CC2)CC12CNC2,0,0,0,0,,
imrecoxib,,,,,CCCN1CC(c2ccc(S(C)(=O)=O)cc2)=C(c2ccc(C)cc2)C1=O,0,0,0,0,,
hydrocortisone phosphate,,,,,CC12CCC(=O)C=C1CCC1C2C(O)CC2(C)C1CCC2(O)C(=O)COP(=O)(O)O,0,0,0,0,,
meglumine,,,,,CNCC(O)C(O)C(O)C(O)CO,0,0,0,0,,
cefathiamidine,,,,,CC(=O)OCC1=C(C(=O)O)N2C(=O)C(NC(=O)CSC(=NC(C)C)NC(C)C)C2SC1,0,0,0,0,,
eldecalcitol,,,,,C=C1C(=CC=C2CCCC3(C)C2CCC3C(C)CCCC(C)(C)O)CC(O)C(OCCCO)C1O,0,0,0,0,,
encorafenib,,,,,COC(=O)NC(C)CNc1nccc(-c2cn(C(C)C)nc2-c2cc(Cl)cc(NS(C)(=O)=O)c2F)n1,0,0,0,0,,
tecovirimat,,,,,O=C(Nn1c(O)c2c(c1O)C1C=CC2C2CC12)c1ccc(C(F)(F)F)cc1,0,0,0,0,,
bictegravir,,,,,O=C(NCc1c(F)cc(F)cc1F)c1cn2c(c(O)c1=O)C(=O)N1C3CCC(C3)OC1C2,0,0,0,0,,
tezacaftor,,,,,CC(C)(CO)c1cc2cc(NC(=O)C3(c4ccc5c(c4)OC(F)(F)O5)CC3)c(F)cc2n1CC(O)CO,0,0,0,0,,
mepiprazole,,,,,Cc1cc(CCN2CCN(c3cccc(Cl)c3)CC2)[nH]n1,0,0,0,0,,
lorpiprazole,,,,,FC(F)(F)c1cccc(N2CCN(CCc3nnc4n3CC3CCCC43)CC2)c1,0,0,0,0,,
osilodrostat,,,,,N#Cc1ccc(C2CCc3cncn32)c(F)c1,0,0,0,0,,
elobixibat,,,,,CCCCC1(CCCC)CN(c2ccccc2)c2cc(SC)c(OCC(=O)NC(C(=O)NCC(=O)O)c3ccccc3)cc2S(=O)(=O)C1,0,0,0,0,,
fluciclovine (18F),,,,,NC1(C(=O)O)CC(F)C1,0,0,0,0,,
velpatasvir,,,,,COCC1CC(c2nc(-c3ccc4c(c3)COc3cc5c(ccc6[nH]c(C7CCC(C)N7C(=O)C(NC(=O)OC)C(C)C)nc65)cc3-4)c[nH]2)N(C(=O)C(NC(=O)OC)c2ccccc2)C1,0,0,0,0,,
monoxerutin,,,,,CC1OC(OCC2OC(Oc3c(-c4ccc(O)c(O)c4)oc4cc(OCCO)cc(O)c4c3=O)C(O)C(O)C2O)C(O)C(O)C1O,0,0,0,0,,
oxiglutatione,,,,,NC(CCC(=O)NC(CSSCC(NC(=O)CCC(N)C(=O)O)C(=O)NCC(=O)O)C(=O)NCC(=O)O)C(=O)O,0,0,0,0,,
eravacycline dihydrochloride,,,,,CN(C)C1C(=O)C(C(N)=O)C(=O)C2(O)C(=O)C3C(=O)c4c(O)c(NC(=O)CN5CCCC5)cc(F)c4CC3CC12,0,0,0,0,,
omadacycline,,,,,CN(C)c1cc(CNCC(C)(C)C)c(O)c2c1CC1CC3C(N(C)C)C(=O)C(C(N)=O)C(=O)C3(O)C(=O)C1C2=O,0,0,0,0,,
talazoparib tosylate,,,,,Cn1ncnc1C1c2n[nH]c(=O)c3cc(F)cc(c23)NC1c1ccc(F)cc1,0,0,0,0,,
elbasvir,,,,,COC(=O)NC(C(=O)N1CCCC1c1nc(-c2ccc3c(c2)OC(c2ccccc2)n2c-3cc3cc(-c4c[nH]c(C5CCCN5C(=O)C(NC(=O)OC)C(C)C)n4)ccc32)c[nH]1)C(C)C,0,0,0,0,,
pemigatinib,,,,,CCN1C(=O)N(c2c(F)c(OC)cc(OC)c2F)Cc2cnc3[nH]c(CN4CCOCC4)cc3c21,0,0,0,0,,
ibrexafungerp,,,,,CC(C)C(C)C1(C)CCC2(C)C3CCC4C5(COCC4(C)C(OCC(C)(N)C(C)(C)C)C(n4ncnc4-c4ccncc4)C5)C3=CCC2(C)C1C(=O)O,0,0,0,0,,
etimicin,,,,,CCNC1CC(N)C(OC2OC(CN)CCC2N)C(O)C1OC1OCC(C)(O)C(NC)C1O,0,0,0,0,,
grazoprevir,,,,,C=CC1CC1(NC(=O)C1CC2CN1C(=O)C(C(C)(C)C)NC(=O)OC1CC1CCCCCc1nc3ccc(OC)cc3nc1O2)C(=O)NS(=O)(=O)C1CC1,0,0,0,0,,
climbazole,,,,,CC(C)(C)C(=O)C(Oc1ccc(Cl)cc1)n1ccnc1,0,0,0,0,,
trenbolone hexahydrobenzylcarbonate,,,,,CC12C=CC3=C(CC=C4CC(=O)CCC43)C1CCC2OC(=O)OCC1CCCCC1,0,0,0,0,,
pentapiperium metilsulfate,,,,,CCC(C)C(C(=O)OC1CC[N+](C)(C)CC1)c1ccccc1,0,0,0,0,,
alfadolone acetate,,,,,CC(=O)OCC(=O)C1CCC2C3CCC4CC(O)CCC4(C)C3C(=O)CC12C,0,0,0,0,,
saroglitazar,,,,,CCOC(Cc1ccc(OCCn2c(C)ccc2-c2ccc(SC)cc2)cc1)C(=O)O,0,0,0,0,,
pitolisant,,,,,Clc1ccc(CCCOCCCN2CCCCC2)cc1,0,0,0,0,,
gluconolactone,,,,,O=C1OC(CO)C(O)C(O)C1O,0,0,0,0,,
angiotensin II,,,,,CCC(C)C(NC(=O)C(Cc1ccc(O)cc1)NC(=O)C(NC(=O)C(CCCN=C(N)N)NC(=O)C(N)CC(=O)O)C(C)C)C(=O)NC(Cc1c[nH]cn1)C(=O)N1CCCC1C(=O)NC(Cc1ccccc1)C(=O)O,0,0,0,0,,
faropenem medoxil,,,,,Cc1oc(=O)oc1COC(=O)C1=C(C2CCCO2)SC2C(C(C)O)C(=O)N12,0,0,0,0,,
evocalcet,,,,,CC(NC1CCN(c2ccc(CC(=O)O)cc2)C1)c1cccc2ccccc12,0,0,0,0,,
copanlisib,,,,,COc1c(OCCCN2CCOCC2)ccc2c3n(c(=NC(=O)c4cnc(N)nc4)nc12)CCN3,0,0,0,0,,
uridine triacetate,,,,,CC(=O)OC1OC(n2ccc(=O)[nH]c2=O)C(OC(C)=O)C1OC(C)=O,0,0,0,0,,
olanexidine,,,,,CCCCCCCCN=C(N)N=C(N)NCc1ccc(Cl)c(Cl)c1,0,0,0,0,,
menadiol sodium diphosphate,,,,,Cc1cc(OP(=O)(O)O)c2ccccc2c1OP(=O)(O)O,0,0,0,0,,
omidenepag isopropyl,,,,,CC(C)OC(=O)CNc1cccc(CN(Cc2ccc(-n3cccn3)cc2)S(=O)(=O)c2cccnc2)n1,0,0,0,0,,
trelagliptin,,,,,Cn1c(=O)cc(N2CCCC(N)C2)n(Cc2cc(F)ccc2C#N)c1=O,0,0,0,0,,
isavuconazonium,,,,,CNCC(=O)OCc1cccnc1N(C)C(=O)OC(C)[n+]1cnn(CC(O)(c2cc(F)ccc2F)C(C)c2nc(-c3ccc(C#N)cc3)cs2)c1,0,0,0,0,,
isoflupredone acetate,,,,,CC(=O)OCC(=O)C1(O)CCC2C3CC=C4CC(=O)C=CC4(C)C3(F)C(O)CC21C,0,0,0,0,,
drofenine,,,,,CCN(CC)CCOC(=O)C(c1ccccc1)C1CCCCC1,0,0,0,0,,
tenofovir alafenamide,,,,,CC(C)OC(=O)C(C)NP(=O)(COC(C)Cn1cnc2c(N)ncnc21)Oc1ccccc1,0,0,0,0,,
avibactam,,,,,NC(=O)C1CCC2CN1C(=O)N2OS(=O)(=O)O,0,0,0,0,,
decamethoxine,,,,,CC1CCC(C(C)C)C(OC(=O)C[N+](C)(C)CCCCCCCCCC[N+](C)(C)CC(=O)OC2CC(C)CCC2C(C)C)C1,0,0,0,0,,
finafloxacin,,,,,N#Cc1c(N2CC3NCCOC3C2)c(F)cc2c(=O)c(C(=O)O)cn(C3CC3)c12,0,0,0,0,,
safinamide,,,,,CC(NCc1ccc(OCc2cccc(F)c2)cc1)C(N)=O,0,0,0,0,,
ceftolozane,,,,,Cn1c(N)c(NC(=O)NCCN)c[n+]1CC1=C(C(=O)O)N2C(=O)C(=NC(=O)C(NOC(C)(C)C(=O)O)c3nsc(N)n3)C2SC1,0,0,0,0,,
acotiamide,,,,,COc1cc(O)c(C(=O)Nc2nc(C(=O)NCCN(C(C)C)C(C)C)cs2)cc1OC,0,0,0,0,,
felypressin,,,,,NCCCCC(NC(=O)C1CCCN1C(=O)C1CSSCC(N)C(=O)NC(Cc2ccccc2)C(=O)NC(Cc2ccccc2)C(=O)NC(CCC(N)=O)C(=O)NC(CC(N)=O)C(=O)N1)C(=O)NCC(N)=O,0,0,0,0,,
netupitant,,,,,Cc1ccccc1-c1cc(N2CCN(C)CC2)ncc1N(C)C(=O)C(C)(C)c1cc(C(F)(F)F)cc(C(F)(F)F)c1,0,0,0,0,,
bremelanotide,,,,,CCCCC(NC(C)=O)C(=O)NC1CC(=O)NCCCCC(C(=O)O)NC(=O)C(Cc2c[nH]c3ccccc23)NC(=O)C(CCCN=C(N)N)NC(=O)C(Cc2ccccc2)NC(=O)C(Cc2c[nH]cn2)NC1=O,0,0,0,0,,
sotagliflozin,,,,,CCOc1ccc(Cc2cc(C3OC(SC)C(O)C(O)C3O)ccc2Cl)cc1,0,0,0,0,,
diquafosol,,,,,O=c1ccn(C2OC(COP(=O)(O)OP(=O)(O)OP(=O)(O)OP(=O)(O)OCC3OC(n4ccc(=O)[nH]c4=O)C(O)C3O)C(O)C2O)c(=O)[nH]1,0,0,0,0,,
quizartinib,,,,,CC(C)(C)c1cc(NC(=O)Nc2ccc(-c3cn4c(n3)sc3cc(OCCN5CCOCC5)ccc34)cc2)no1,0,0,0,0,,
relebactam,,,,,O=C(NC1CCNCC1)C1CCC2CN1C(=O)N2OS(=O)(=O)O,0,0,0,0,,
imidafenacin,,,,,Cc1nccn1CCC(C(N)=O)(c1ccccc1)c1ccccc1,0,0,0,0,,
cetilistat,,,,,CCCCCCCCCCCCCCCCOc1nc2ccc(C)cc2c(=O)o1,0,0,0,0,,
pretomanid,,,,,O=[N+]([O-])c1cn2c(n1)OCC(OCc1ccc(OC(F)(F)F)cc1)C2,0,0,0,0,,
topiroxostat,,,,,N#Cc1cc(-c2n[nH]c(-c3ccncc3)n2)ccn1,0,0,0,0,,
lefamulin,,,,,C=CC1(C)CC(OC(=O)CSC2CCC(N)CC2O)C2(C)C(C)CCC3(CCC(=O)C32)C(C)C1O,0,0,0,0,,
ipragliflozin,,,,,OCC1OC(c2ccc(F)c(Cc3cc4ccccc4s3)c2)C(O)C(O)C1O,0,0,0,0,,
luseogliflozin,,,,,CCOc1ccc(Cc2cc(C3SC(CO)C(O)C(O)C3O)c(OC)cc2C)cc1,0,0,0,0,,
simetride,,,,,CCCc1ccc(OCC(=O)N2CCN(C(=O)COc3ccc(CCC)cc3OC)CC2)c(OC)c1,0,0,0,0,,
tavaborole,,,,,OB1OCc2cc(F)ccc21,0,0,0,0,,
cefiderocol,,,,,CC(C)(ON=C(C(=O)NC1C(=O)N2C(C(=O)[O-])=C(C[N+]3(CCNC(=O)c4ccc(O)c(O)c4Cl)CCCC3)CSC12)c1csc(N)n1)C(=O)O,0,0,0,0,,
ataluren,,,,,O=C(O)c1cccc(-c2noc(-c3ccccc3F)n2)c1,0,0,0,0,,
mebanazine,,,,,CC(NN)c1ccccc1,0,0,0,0,,
dexrabeprazole,,,,,COCCCOc1ccnc(C[S+]([O-])c2nc3ccccc3[nH]2)c1C,0,0,0,0,,
umifenovir,,,,,CCOC(=O)c1c(CSc2ccccc2)n(C)c2cc(Br)c(O)c(CN(C)C)c12,0,0,0,0,,
gemigliptin,,,,,NC(CC(=O)N1CCc2c(nc(C(F)(F)F)nc2C(F)(F)F)C1)CN1CC(F)(F)CCC1=O,0,0,0,0,,
ethacizine,,,,,CCOC(=O)Nc1ccc2c(c1)N(C(=O)CCN(CC)CC)c1ccccc1S2,0,0,0,0,,
amino(diphenylhydantoin) valeric acid,,,,,NC(CCCN1C(=O)NC(c2ccccc2)(c2ccccc2)C1=O)C(=O)O,0,0,0,0,,
omarigliptin,,,,,CS(=O)(=O)n1cc2c(n1)CN(C1COC(c3cc(F)ccc3F)C(N)C1)C2,0,0,0,0,,
vintafolide,,,,,CCC1(O)CC2CN(CCc3c([nH]c4ccccc34)C(C(=O)OC)(c3cc4c(cc3OC)N(C)C3C(O)(C(=O)NNC(=O)OCCSSCC(NC(=O)C(CC(=O)O)NC(=O)C(CC(=O)O)NC(=O)C(CCCN=C(N)N)NC(=O)C(CC(=O)O)NC(=O)CCC(NC(=O)c5ccc(NCc6cnc7[nH]c(N)nc(=O)c7n6)cc5)C(=O)O)C(=O)O)C(O)C5(CC)C=CCN6CCC43C65)C2)C1,0,0,0,0,,
etilefrine pivalate,,,,,CCNCC(O)c1cccc(OC(=O)C(C)(C)C)c1,0,0,0,0,,
laquinimod,,,,,CCN(C(=O)c1c(O)c2c(Cl)cccc2n(C)c1=O)c1ccccc1,0,0,0,0,,
laninamivir octanoate hydrate,,,,,CCCCCCCC(=O)OCC(O)C(OC)C1OC(C(=O)O)=CC(N=C(N)N)C1NC(C)=O,0,0,0,0,,
peramivir,,,,,CCC(CC)C(NC(C)=O)C1C(N=C(N)N)CC(C(=O)O)C1O,0,0,0,0,,
florbetaben F18,,,,,CNc1ccc(C=Cc2ccc(OCCOCCOCCF)cc2)cc1,0,0,0,0,,
rifamycin,,,,,COC1C=COC2(C)Oc3c(C)c(O)c4c(O)c(cc(O)c4c3C2=O)NC(=O)C(C)=CC=CC(C)C(O)C(C)C(O)C(C)C(OC(C)=O)C1C,0,0,0,0,,
luliconazole,,,,,N#CC(=C1SCC(c2ccc(Cl)cc2Cl)S1)n1ccnc1,0,0,0,0,,
umeclidinium,,,,,OC(c1ccccc1)(c1ccccc1)C12CC[N+](CCOCc3ccccc3)(CC1)CC2,0,0,0,0,,
ipidacrine,,,,,Nc1c2c(nc3c1CCC3)CCCC2,0,0,0,0,,
lascufloxacin,,,,,COc1c(N2CC(F)C(CNC3CC3)C2)c(F)cc2c(=O)c(C(=O)O)cn(CCF)c12,0,0,0,0,,
roxadustat,,,,,Cc1nc(C(=O)NCC(=O)O)c(O)c2ccc(Oc3ccccc3)cc12,0,0,0,0,,
quifenadine,,,,,OC(c1ccccc1)(c1ccccc1)C1CN2CCC1CC2,0,0,0,0,,
cetyl alcohol,,,,,CCCCCCCCCCCCCCCCO,0,0,0,0,,
levobetaxolol,,,,,CC(C)NCC(O)COc1ccc(CCOCC2CC2)cc1,0,0,0,0,,
tedisamil,,,,,C1CCC2(C1)C1CN(CC3CC3)CC2CN(CC2CC2)C1,0,0,0,0,,
meprotixol,,,,,COc1ccc2c(c1)C(O)(CCCN(C)C)c1ccccc1S2,0,0,0,0,,
metabutethamine,,,,,CC(C)CNCCOC(=O)c1cccc(N)c1,0,0,0,0,,
methylatropine,,,,,C[N+]1(C)C2CCC1CC(OC(=O)C(CO)c1ccccc1)C2,0,0,0,0,,
creatine,,,,,CN(CC(=O)O)C(=N)N,0,0,0,0,,
benzoin,,,,,O=C(c1ccccc1)C(O)c1ccccc1,0,0,0,0,,
octinoxate,,,,,CCCCC(CC)COC(=O)C=Cc1ccc(OC)cc1,0,0,0,0,,
octisalate,,,,,CCCCC(CC)COC(=O)c1ccccc1O,0,0,0,0,,
avobenzone,,,,,COc1ccc(C(=O)CC(=O)c2ccc(C(C)(C)C)cc2)cc1,0,0,0,0,,
mequinol,,,,,COc1ccc(O)cc1,0,0,0,0,,
formaldehyde,,,,,C=O,0,0,0,0,,
ethanol,,,,,CCO,0,0,0,0,,
corticorelin ovine,,,,,CCC(C)C(NC(=O)C(CC(=O)O)NC(=O)C(CC(C)C)NC(=O)C(CC(C)C)NC(=O)C(CCCCN)NC(=O)C(CCCN=C(N)N)NC(=O)C(CC(N)=O)NC(=O)C(CO)NC(=O)C(Cc1c[nH]cn1)NC(=O)C(C)NC(=O)C(CCC(N)=O)NC(=O)C(CCC(N)=O)NC(=O)C(C)NC(=O)C(CC(C)C)NC(=O)C(CCC(N)=O)NC(=O)C(CC(=O)O)NC(=O)C(C)NC(=O)C(CCCCN)NC(=O)C(NC(=O)C(CCSC)NC(=O)C(CCC(=O)O)NC(=O)C(CC(C)C)NC(=O)C(NC(=O)C(CCC(=O)O)NC(=O)C(CCCNC(=N)N)NC(=O)C(CC(C)C)NC(=O)C(CC(C)C)NC(=O)C(Cc1c[nH]cn1)NC(=O)C(Cc1ccccc1)NC(=O)C(NC(=O)C(CC(C)C)NC(=O)C(CC(=O)O)NC(=O)C(CC(C)C)NC(=O)C(CO)NC(=O)C(NC(=O)C1CCCN1C(=O)C1CCCN1C(=O)C(CCC(=O)O)NC(=O)C(CCC(N)=O)NC(=O)C(N)CO)C(C)CC)C(C)O)C(C)C)C(C)O)C(=O)NC(C)C(N)=O,0,0,0,0,,
ethyl chloride,,,,,CCCl,0,0,0,0,,
vinyl ether,,,,,C=COC=C,0,0,0,0,,
propiolactone,,,,,O=C1CCO1,0,0,0,0,,
binimetinib,,,,,Cn1cnc2c(F)c(Nc3ccc(Br)cc3F)c(C(=O)NOCCO)cc21,0,0,0,0,,
doravirine,,,,,Cn1c(Cn2ccc(C(F)(F)F)c(Oc3cc(Cl)cc(C#N)c3)c2=O)n[nH]c1=O,0,0,0,0,,
sarecycline,,,,,CON(C)Cc1ccc(O)c2c1CC1CC3C(N(C)C)C(=O)C(C(N)=O)C(=O)C3(O)C(=O)C1C2=O,0,0,0,0,,
darolutamide,,,,,CC(Cn1ccc(-c2ccc(C#N)c(Cl)c2)n1)NC(=O)c1cc(C(C)O)[nH]n1,0,0,0,0,,
tenapanor,,,,,CN1Cc2c(Cl)cc(Cl)cc2C(c2cccc(S(=O)(=O)NCCOCCOCCNC(=O)NCCCCNC(=O)NCCOCCOCCNS(=O)(=O)c3cccc(C4CN(C)Cc5c(Cl)cc(Cl)cc54)c3)c2)C1,0,0,0,0,,
trifarotene,,,,,CC(C)(C)c1cc(-c2cc(-c3ccc(C(=O)O)cc3)ccc2OCCO)ccc1N1CCCC1,0,0,0,0,,
hydroxycarbamide,,,,,NC(O)=NO,0,0,0,0,,
mercaptamine,,,,,NCCS,0,0,0,0,,
dimethyl sulfoxide,,,,,C[S+](C)[O-],0,0,0,0,,
deanol,,,,,CN(C)CCO,0,0,0,0,,
lactic acid,,,,,CC(O)C(=O)O,0,0,0,0,,
glycerol,,,,,OCC(O)CO,0,0,0,0,,
methylpentynol,,,,,C#CC(C)(O)CC,0,0,0,0,,
secretin porcine,,,,,CC(C)CC(NC(=O)CNC(=O)C(CCC(N)=O)NC(=O)C(CC(C)C)NC(=O)C(CC(C)C)NC(=O)C(CCCN=C(N)N)NC(=O)C(CCC(N)=O)NC(=O)C(CC(C)C)NC(=O)C(CCCNC(=N)N)NC(=O)C(C)NC(=O)C(CO)NC(=O)C(CC(=O)O)NC(=O)C(CCCNC(=N)N)NC(=O)C(CC(C)C)NC(=O)C(CCCNC(=N)N)NC(=O)C(CO)NC(=O)C(CC(C)C)NC(=O)C(CCC(=O)O)NC(=O)C(CO)NC(=O)C(NC(=O)C(Cc1ccccc1)NC(=O)C(NC(=O)CNC(=O)C(CC(=O)O)NC(=O)C(CO)NC(=O)C(N)Cc1c[nH]cn1)C(C)O)C(C)O)C(=O)NC(C(N)=O)C(C)C,0,0,0,0,,
glutaral,,,,,O=CCCCC=O,0,0,0,0,,
cycloserine,,,,,NC1CONC1=O,0,0,0,0,,
aminobutyric acid,,,,,NCCCC(=O)O,0,0,0,0,,
benzyl alcohol,,,,,OCc1ccccc1,0,0,0,0,,
aminopicoline,,,,,Cc1ccnc(N)c1,0,0,0,0,,
nicotinyl alcohol,,,,,OCc1cccnc1,0,0,0,0,,
resorcinol,,,,,Oc1cccc(O)c1,0,0,0,0,,
hydroquinone,,,,,Oc1ccc(O)cc1,0,0,0,0,,
betazole,,,,,NCCc1cc[nH]n1,0,0,0,0,,
thiamazole,,,,,Cn1cc[nH]c1=S,0,0,0,0,,
tuaminoheptane,,,,,CCCCCC(C)N,0,0,0,0,,
methylhexaneamine,,,,,CCC(C)CC(C)N,0,0,0,0,,
fumaric acid,,,,,O=C(O)C=CC(=O)O,0,0,0,0,,
succinic acid,,,,,O=C(O)CCC(=O)O,0,0,0,0,,
aminohydroxybutyric acid,,,,,NCC(O)CC(=O)O,0,0,0,0,,
oxymethurea,,,,,O=C(NCO)NCO,0,0,0,0,,
noxytiolin,,,,,CNC(=S)NCO,0,0,0,0,,
trometamol,,,,,NC(CO)(CO)CO,0,0,0,0,,
cysteine,,,,,NC(CS)C(=O)O,0,0,0,0,,
nicotinamide,,,,,NC(=O)c1cccnc1,0,0,0,0,,
nicotinic acid,,,,,O=C(O)c1cccnc1,0,0,0,0,,
guaiacol,,,,,COc1ccccc1O,0,0,0,0,,
fluroxene,,,,,C=COCC(F)(F)F,0,0,0,0,,
phloroglucinol,,,,,Oc1cc(O)cc(O)c1,0,0,0,0,,
orazamide,,,,,NC(=O)c1[nH]cnc1N,0,0,0,0,,
pyrithione,,,,,[O-][n+]1ccccc1S,0,0,0,0,,
thiouracil,,,,,O=c1cc[nH]c(=S)[nH]1,0,0,0,0,,
dichloroacetic acid,,,,,O=C(O)C(Cl)Cl,0,0,0,0,,
octodrine,,,,,CC(C)CCCC(C)N,0,0,0,0,,
leucine,,,,,CC(C)CC(N)C(=O)O,0,0,0,0,,
ornithine,,,,,NCCCC(N)C(=O)O,0,0,0,0,,
prenderol,,,,,CCC(CC)(CO)CO,0,0,0,0,,
aspartic acid,,,,,NC(CC(=O)O)C(=O)O,0,0,0,0,,
timonacic,,,,,O=C(O)C1CSCN1,0,0,0,0,,
adenine,,,,,Nc1ncnc2[nH]cnc12,0,0,0,0,,
mecysteine,,,,,COC(=O)C(N)CS,0,0,0,0,,
pentaerythritol,,,,,OCC(CO)(CO)CO,0,0,0,0,,
phenylpropanol,,,,,CCC(O)c1ccccc1,0,0,0,0,,
homonicotinic acid,,,,,O=C(O)Cc1cccnc1,0,0,0,0,,
methyl nicotinate,,,,,COC(=O)c1cccnc1,0,0,0,0,,
salicylamide,,,,,NC(=O)c1ccccc1O,0,0,0,0,,
aminobenzoic acid,,,,,Nc1ccc(C(=O)O)cc1,0,0,0,0,,
pralidoxime,,,,,C[n+]1ccccc1C=NO,0,0,0,0,,
phenylethanolamine,,,,,NCC(O)c1ccccc1,0,0,0,0,,
tyramine,,,,,NCCc1ccc(O)cc1,0,0,0,0,,
isaxonine,,,,,CC(C)Nc1ncccn1,0,0,0,0,,
cacodylic acid,,,,,C[As](C)(=O)O,0,0,0,0,,
phenoxyethanol,,,,,OCCOc1ccccc1,0,0,0,0,,
pentetrazol,,,,,C1CCc2nnnn2CC1,0,0,0,0,,
oxiniacic acid,,,,,O=C(O)c1ccc[n+]([O-])c1,0,0,0,0,,
methenamine,,,,,C1N2CN3CN1CN(C2)C3,0,0,0,0,,
furtrethonium,,,,,C[N+](C)(C)Cc1ccco1,0,0,0,0,,
isometheptene,,,,,CNC(C)CCC=C(C)C,0,0,0,0,,
cyclopentamine,,,,,CNC(C)CC1CCCC1,0,0,0,0,,
kojic acid,,,,,O=c1cc(CO)occ1O,0,0,0,0,,
piracetam,,,,,NC(=O)CN1CCCC1=O,0,0,0,0,,
methylthiouracil,,,,,Cc1cc(=O)[nH]c(=S)[nH]1,0,0,0,0,,
valpromide,,,,,CCCC(CCC)C(N)=O,0,0,0,0,,
valnoctamide,,,,,CCC(C)C(CC)C(N)=O,0,0,0,0,,
betanaphthol,,,,,Oc1ccc2ccccc2c1,0,0,0,0,,
octanoic acid,,,,,CCCCCCCC(=O)O,0,0,0,0,,
octamoxin,,,,,CCCCCCC(C)NN,0,0,0,0,,
methyl aminolevulinate,,,,,COC(=O)CCC(=O)CN,0,0,0,0,,
oxyquinoline,,,,,Oc1cccc2cccnc12,0,0,0,0,,
emylcamate,,,,,CCC(C)(CC)OC(N)=O,0,0,0,0,,
heptaminol,,,,,CC(N)CCCC(C)(C)O,0,0,0,0,,
gimeracil,,,,,O=c1cc(O)[nH]cc1Cl,0,0,0,0,,
adipic acid,,,,,O=C(O)CCCCC(=O)O,0,0,0,0,,
coumarin,,,,,O=c1ccc2ccccc2o1,0,0,0,0,,
lysine,,,,,NCCCCC(N)C(=O)O,0,0,0,0,,
oxapropanium,,,,,C[N+](C)(C)CC1COCO1,0,0,0,0,,
acetylcholine,,,,,CC(=O)OCC[N+](C)(C)C,0,0,0,0,,
trientine,,,,,NCCNCCNCCN,0,0,0,0,,
glutamic acid,,,,,NC(CCC(=O)O)C(=O)O,0,0,0,0,,
meldonium,,,,,C[N+](C)(C)NCCC(=O)[O-],0,0,0,0,,
ketoxal,,,,,CCOC(C)C(O)C(=O)O,0,0,0,0,,
trolamine,,,,,OCCN(CCO)CCO,0,0,0,0,,
methionine,,,,,CSCCC(N)C(=O)O,0,0,0,0,,
phenpromethamine,,,,,CNCC(C)c1ccccc1,0,0,0,0,,
ditiocarb,,,,,CCN(CC)C(=S)S,0,0,0,0,,
tartaric acid,,,,,O=C(O)C(O)C(O)C(=O)O,0,0,0,0,,
xylose,,,,,OC1COC(O)C(O)C1O,0,0,0,0,,
cresatin,,,,,CC(=O)Oc1cccc(C)c1,0,0,0,0,,
paroxypropione,,,,,CCC(=O)c1ccc(O)cc1,0,0,0,0,,
pheniprazine,,,,,CC(Cc1ccccc1)NN,0,0,0,0,,
paracetamol,,,,,CC(=O)Nc1ccc(O)cc1,0,0,0,0,,
aminomethylbenzoic acid,,,,,NCc1ccc(C(=O)O)cc1,0,0,0,0,,
phenicarbazide,,,,,NC(=O)NNc1ccccc1,0,0,0,0,,
cathine,,,,,CC(N)C(O)c1ccccc1,0,0,0,0,,
hydroxyamfetamine,,,,,CC(N)Cc1ccc(O)cc1,0,0,0,0,,
gepefrine,,,,,CC(N)Cc1cccc(O)c1,0,0,0,0,,
methylparaben,,,,,COC(=O)c1ccc(O)cc1,0,0,0,0,,
mandelic acid,,,,,O=C(O)C(O)c1ccccc1,0,0,0,0,,
hydroxymethylnicotinamide,,,,,O=C(NCO)c1cccnc1,0,0,0,0,,
tisopurine,,,,,S=c1[nH]cnc2[nH]ncc12,0,0,0,0,,
homocamfin,,,,,CC1=CC(=O)CC(C(C)C)C1,0,0,0,0,,
mesalazine,,,,,Nc1ccc(O)c(C(=O)O)c1,0,0,0,0,,
octopamine,,,,,NCC(O)c1ccc(O)cc1,0,0,0,0,,
enbucrilate,,,,,C=C(C#N)C(=O)OCCCC,0,0,0,0,,
norfenefrine,,,,,NCC(O)c1cccc(O)c1,0,0,0,0,,
carbon tetrachloride,,,,,ClC(Cl)(Cl)Cl,0,0,0,0,,
gentisic acid,,,,,O=C(O)c1cc(O)ccc1O,0,0,0,0,,
guancidine,,,,,CCC(C)(C)N=C(N)NC#N,0,0,0,0,,
allomethadione,,,,,C=CCn1c(O)c(C)oc1=O,0,0,0,0,,
histidine,,,,,NC(Cc1c[nH]cn1)C(=O)O,0,0,0,0,,
bemegride,,,,,CCC1(C)CC(=O)NC(=O)C1,0,0,0,0,,
valdetamide,,,,,C=CCC(CC)(CC)C(N)=O,0,0,0,0,,
pempidine,,,,,CN1C(C)(C)CCCC1(C)C,0,0,0,0,,
mechlorethamine,,,,,CN(CCCl)CCCl,0,0,0,0,,
orotic acid,,,,,O=C(O)c1cc(=O)[nH]c(=O)[nH]1,0,0,0,0,,
nifuroxime,,,,,O=[N+]([O-])c1ccc(C=NO)o1,0,0,0,0,,
ectylurea,,,,,CC=C(CC)C(=O)NC(N)=O,0,0,0,0,,
levomenthol,,,,,CC1CCC(C(C)C)C(O)C1,0,0,0,0,,
chloroxylenol,,,,,Cc1cc(O)cc(C)c1Cl,0,0,0,0,,
oteracil,,,,,O=C(O)c1nc(=O)[nH]c(=O)[nH]1,0,0,0,0,,
furamicid,,,,,COCc1ccc([N+](=O)[O-])o1,0,0,0,0,,
paramethadione,,,,,CCC1(C)OC(=O)N(C)C1=O,0,0,0,0,,
ethadione,,,,,CCN1C(=O)OC(C)(C)C1=O,0,0,0,0,,
oxanamide,,,,,CCCC1OC1(CC)C(N)=O,0,0,0,0,,
buformin,,,,,CCCCN=C(N)N=C(N)N,0,0,0,0,,
isovaleryl diethylamide,,,,,CCN(CC)C(=O)CC(C)C,0,0,0,0,,
oxiracetam,,,,,NC(=O)CN1CC(O)CC1=O,0,0,0,0,,
tiliquinol,,,,,Cc1ccc(O)c2ncccc12,0,0,0,0,,
citiolone,,,,,CC(=O)NC1CCSC1=O,0,0,0,0,,
pargyline,,,,,C#CCN(C)Cc1ccccc1,0,0,0,0,,
methylchromone,,,,,Cc1coc2ccccc2c1=O,0,0,0,0,,
tolazoline,,,,,c1ccc(CC2=NCCN2)cc1,0,0,0,0,,
methacholine,,,,,CC(=O)OC(C)C[N+](C)(C)C,0,0,0,0,,
carpronium,,,,,COC(=O)CCC[N+](C)(C)C,0,0,0,0,,
bethanechol,,,,,CC(C[N+](C)(C)C)OC(N)=O,0,0,0,0,,
clomethiazole,,,,,Cc1ncsc1CCCl,0,0,0,0,,
meglutol,,,,,CC(O)(CC(=O)O)CC(=O)O,0,0,0,0,,
fenadiazole,,,,,Oc1ccccc1-c1nnco1,0,0,0,0,,
oxydibutanol,,,,,CC(O)CCOCCC(C)O,0,0,0,0,,
nicotine,,,,,CN1CCCC1c1cccnc1,0,0,0,0,,
carsalam,,,,,O=c1[nH]c(=O)c2ccccc2o1,0,0,0,0,,
tiopronin,,,,,CC(S)C(=O)NCC(=O)O,0,0,0,0,,
pentorex,,,,,CC(c1ccccc1)C(C)(C)N,0,0,0,0,,
mephentermine,,,,,CNC(C)(C)Cc1ccccc1,0,0,0,0,,
etilamfetamine,,,,,CCNC(C)Cc1ccccc1,0,0,0,0,,
trichloroacetic acid,,,,,O=C(O)C(Cl)(Cl)Cl,0,0,0,0,,
phenylbutanoic acid,,,,,O=C(O)CCCc1ccccc1,0,0,0,0,,
fenipentol,,,,,CCCCC(O)c1ccccc1,0,0,0,0,,
methiosulfonium chloride,,,,,C[S+](C)CCC(N)C(=O)O,0,0,0,0,,
methoxyflurane,,,,,COC(F)(F)C(Cl)Cl,0,0,0,0,,
atrolactamide,,,,,CC(O)(C(N)=O)c1ccccc1,0,0,0,0,,
phenylalanine,,,,,NC(Cc1ccccc1)C(=O)O,0,0,0,0,,
ethenzamide,,,,,CCOc1ccccc1C(N)=O,0,0,0,0,,
pholedrine,,,,,CNC(C)Cc1ccc(O)cc1,0,0,0,0,,
tetrachloroethylene,,,,,ClC(Cl)=C(Cl)Cl,0,0,0,0,,
fenoxypropazine,,,,,CC(COc1ccccc1)NN,0,0,0,0,,
edrophonium,,,,,CC[N+](C)(C)c1cccc(O)c1,0,0,0,0,,
ethionamide,,,,,CCc1cc(C(N)=S)ccn1,0,0,0,0,,
orthocaine,,,,,COC(=O)c1ccc(O)c(N)c1,0,0,0,0,,
aminosalicylic acid hydrazide,,,,,NNC(=O)c1ccc(N)cc1O,0,0,0,0,,
thioguanine,,,,,Nc1nc(=S)c2[nH]cnc2[nH]1,0,0,0,0,,
oxedrine,,,,,CNCC(O)c1ccc(O)cc1,0,0,0,0,,
pyrithyldione,,,,,CCC1(CC)C(=O)CC=NC1=O,0,0,0,0,,
ethinamate,,,,,C#CC1(OC(N)=O)CCCCC1,0,0,0,0,,
tioxolone,,,,,O=c1oc2cc(O)ccc2s1,0,0,0,0,,
cicrotoic acid,,,,,CC(=CC(=O)O)C1CCCCC1,0,0,0,0,,
zoxazolamine,,,,,Nc1nc2cc(Cl)ccc2o1,0,0,0,0,,
pyridoxine,,,,,Cc1ncc(CO)c(CO)c1O,0,0,0,0,,
piperidione,,,,,CCC1(CC)C(=O)CCNC1=O,0,0,0,0,,
sobrerol,,,,,CC1=CCC(C(C)(C)O)CC1O,0,0,0,0,,
diethadione,,,,,CCC1(CC)COC(=O)NC1=O,0,0,0,0,,
moroxydine,,,,,N=C(N)N=C(N)N1CCOCC1,0,0,0,0,,
iproheptine,,,,,CC(C)CCCC(C)NC(C)C,0,0,0,0,,
menadione,,,,,CC1=CC(=O)c2ccccc2C1=O,0,0,0,0,,
sodium hexacyclonate,,,,,O=C(O)CC1(CO)CCCCC1,0,0,0,0,,
terpin,,,,,CC1(O)CCC(C(C)(C)O)CC1,0,0,0,0,,
loprodiol,,,,,OCC(CO)(CCl)CCl,0,0,0,0,,
oxaceprol,,,,,CC(=O)N1CC(O)CC1C(=O)O,0,0,0,0,,
acexamic acid,,,,,CC(=O)NCCCCCC(=O)O,0,0,0,0,,
acetylleucine,,,,,CC(=O)NC(CC(C)C)C(=O)O,0,0,0,0,,
menadiol sulfate,,,,,Cc1cc(OS(=O)(=O)O)c2ccccc2c1OS(=O)(=O)O,0,0,0,0,,
arginine hydrochloride,,,,,N=C(N)NCCCC(N)C(=O)O,0,0,0,0,,
carfimate,,,,,C#CC(OC(N)=O)c1ccccc1,0,0,0,0,,
citrulline,,,,,NC(=O)NCCCC(N)C(=O)O,0,0,0,0,,
benzalamide,,,,,CC(=Cc1ccccc1)CC(N)=O,0,0,0,0,,
debrisoquine,,,,,N=C(N)N1CCc2ccccc2C1,0,0,0,0,,
glucurolactone,,,,,O=C1OC(C(=O)CO)C(O)C1O,0,0,0,0,,
hymecromone,,,,,Cc1cc(=O)oc2cc(O)ccc12,0,0,0,0,,
pemoline,,,,,Nc1nc(O)c(-c2ccccc2)o1,0,0,0,0,,
cotinine,,,,,CN1C(=O)CCC1c1cccnc1,0,0,0,0,,
dichlorobenzyl alcohol,,,,,OCc1ccc(Cl)cc1Cl,0,0,0,0,,
tidiacic,,,,,O=C(O)C1CSC(C(=O)O)N1,0,0,0,0,,
metamfepramone,,,,,CC(C(=O)c1ccccc1)N(C)C,0,0,0,0,,
phenmetrazine,,,,,CC1NCCOC1c1ccccc1,0,0,0,0,,
betanidine,,,,,CN=C(NC)NCc1ccccc1,0,0,0,0,,
chlorobutanol,,,,,CC(C)(O)C(Cl)(Cl)Cl,0,0,0,0,,
phenacemide,,,,,NC(=O)NC(=O)Cc1ccccc1,0,0,0,0,,
nikethamide,,,,,CCN(CC)C(=O)c1cccnc1,0,0,0,0,,
glucosamine,,,,,NC1C(O)OC(CO)C(O)C1O,0,0,0,0,,
salacetamide,,,,,CC(=O)NC(=O)c1ccccc1O,0,0,0,0,,
phenprobamate,,,,,NC(=O)OCCCc1ccccc1,0,0,0,0,,
homarylamine,,,,,CNCCc1ccc2c(c1)OCO2,0,0,0,0,,
iproniazid,,,,,CC(C)NNC(=O)c1ccncc1,0,0,0,0,,
fudosteine,,,,,NC(CSCCCO)C(=O)O,0,0,0,0,,
methylephedrine,,,,,CC(C(O)c1ccccc1)N(C)C,0,0,0,0,,
methoxyphenamine,,,,,CNC(C)Cc1ccccc1OC,0,0,0,0,,
cloxiquine,,,,,Oc1ccc(Cl)c2cccnc12,0,0,0,0,,
inositol,,,,,OC1C(O)C(O)C(O)C(O)C1O,0,0,0,0,,
fructose,,,,,OCC1(O)OCC(O)C(O)C1O,0,0,0,0,,
theobromine,,,,,Cn1cnc2c1c(=O)[nH]c(=O)n2C,0,0,0,0,,
propylparaben,,,,,CCCOC(=O)c1ccc(O)cc1,0,0,0,0,,
rilmenidine,,,,,C1COC(=NC(C2CC2)C2CC2)N1,0,0,0,0,,
protionamide,,,,,CCCc1cc(C(N)=S)ccn1,0,0,0,0,,
teflurane,,,,,FC(Br)C(F)(F)F,0,0,0,0,,
tyrosine,,,,,NC(Cc1ccc(O)cc1)C(=O)O,0,0,0,0,,
styramate,,,,,NC(=O)OCC(O)c1ccccc1,0,0,0,0,,
adrenalone,,,,,CNCC(=O)c1ccc(O)c(O)c1,0,0,0,0,,
oxilofrine,,,,,CNC(C)C(O)c1ccc(O)cc1,0,0,0,0,,
hexapropymate,,,,,C#CCC1(OC(N)=O)CCCCC1,0,0,0,0,,
etilefrine,,,,,CCNCC(O)c1cccc(O)c1,0,0,0,0,,
flurotyl,,,,,FC(F)(F)COCC(F)(F)F,0,0,0,0,,
eflornithine,,,,,NCCCC(N)(C(=O)O)C(F)F,0,0,0,0,,
glycol salicylate,,,,,O=C(OCCO)c1ccccc1O,0,0,0,0,,
flopropione,,,,,CCC(=O)c1c(O)cc(O)cc1O,0,0,0,0,,
guanacline,,,,,CC1=CCN(CCN=C(N)N)CC1,0,0,0,0,,
methyprylon,,,,,CCC1(CC)C(=O)NCC(C)C1=O,0,0,0,0,,
clortermine,,,,,CC(C)(N)Cc1ccccc1Cl,0,0,0,0,,
chlorphentermine,,,,,CC(C)(N)Cc1ccc(Cl)cc1,0,0,0,0,,
fluostigmine,,,,,CC(C)OP(=O)(F)OC(C)C,0,0,0,0,,
phosphorylcholine,,,,,C[N+](C)(C)CCOP(=O)([O-])O,0,0,0,0,,
barbital,,,,,CCC1(CC)C(=O)NC(=O)NC1=O,0,0,0,0,,
mitoguazone,,,,,CC(C=NN=C(N)N)=NN=C(N)N,0,0,0,0,,
apronal,,,,,C=CCC(C(=O)NC(N)=O)C(C)C,0,0,0,0,,
undecylenic acid,,,,,C=CCCCCCCCCC(=O)O,0,0,0,0,,
guanazodine,,,,,N=C(N)NCC1CCCCCCN1,0,0,0,0,,
secnidazole,,,,,Cc1ncc([N+](=O)[O-])n1CC(C)O,0,0,0,0,,
procymate,,,,,CCC(OC(N)=O)C1CCCCC1,0,0,0,0,,
amphenidone,,,,,Nc1cccc(-n2ccccc2=O)c1,0,0,0,0,,
epomediol,,,,,CC1(C)OC2(C)C(O)CC1CC2O,0,0,0,0,,
cyclobutyrol,,,,,CCC(C(=O)O)C1(O)CCCCC1,0,0,0,0,,
capuride,,,,,CCC(C)C(CC)C(=O)NC(N)=O,0,0,0,0,,
aminitrozole,,,,,CC(=O)Nc1ncc([N+](=O)[O-])s1,0,0,0,0,,
amrinone,,,,,Nc1cc(-c2ccncc2)c[nH]c1=O,0,0,0,0,,
amanozine,,,,,Nc1ncnc(Nc2ccccc2)n1,0,0,0,0,,
pivagabine,,,,,CC(C)(C)C(=O)NCCCC(=O)O,0,0,0,0,,
aceglutamide,,,,,CC(=O)NC(CCC(N)=O)C(=O)O,0,0,0,0,,
fluoresone,,,,,CCS(=O)(=O)c1ccc(F)cc1,0,0,0,0,,
phenazone,,,,,Cc1cc(=O)n(-c2ccccc2)n1C,0,0,0,0,,
promoxolane,,,,,CC(C)C1(C(C)C)OCC(CO)O1,0,0,0,0,,
fenproporex,,,,,CC(Cc1ccccc1)NCCC#N,0,0,0,0,,
etryptamine,,,,,CCC(N)Cc1c[nH]c2ccccc12,0,0,0,0,,
unithiol,,,,,O=S(=O)(O)CC(S)CS,0,0,0,0,,
pentamethonium bromide,,,,,C[N+](C)(C)CCCCC[N+](C)(C)C,0,0,0,0,,
phensuximide,,,,,Cn1c(O)cc(-c2ccccc2)c1O,0,0,0,0,,
chromocarb,,,,,O=C(O)c1cc(=O)c2ccccc2o1,0,0,0,0,,
nitroxoline,,,,,O=[N+]([O-])c1ccc(O)c2ncccc12,0,0,0,0,,
procodazole,,,,,O=C(O)CCc1nc2ccccc2[nH]1,0,0,0,0,,
idrocilamide,,,,,O=C(C=Cc1ccccc1)NCCO,0,0,0,0,,
amiphenazole,,,,,Nc1nc(N)c(-c2ccccc2)s1,0,0,0,0,,
ibufenac,,,,,CC(C)Cc1ccc(CC(=O)O)cc1,0,0,0,0,,
bitoscanate,,,,,S=C=Nc1ccc(N=C=S)cc1,0,0,0,0,,
glucuronamide,,,,,NC(=O)C1OC(O)C(O)C(O)C1O,0,0,0,0,,
betamipron,,,,,O=C(O)CCNC(=O)c1ccccc1,0,0,0,0,,
actarit,,,,,CC(=O)Nc1ccc(CC(=O)O)cc1,0,0,0,0,,
butamben,,,,,CCCCOC(=O)c1ccc(N)cc1,0,0,0,0,,
sabcomeline,,,,,CON=C(C#N)C1CN2CCC1CC2,0,0,0,0,,
etafedrine,,,,,CCN(C)C(C)C(O)c1ccccc1,0,0,0,0,,
enprofylline,,,,,CCCn1c(=O)[nH]c(=O)c2[nH]cnc21,0,0,0,0,,
phenamine,,,,,CCOc1ccc(NC(=O)CN)cc1,0,0,0,0,,
aminoacridine,,,,,Nc1c2ccccc2nc2ccccc12,0,0,0,0,,
hexylresorcinol,,,,,CCCCCCc1ccc(O)cc1O,0,0,0,0,,
halopropane,,,,,FC(F)C(F)(F)CBr,0,0,0,0,,
salamidacetic acid,,,,,NC(=O)c1ccccc1OCC(=O)O,0,0,0,0,,
buramate,,,,,O=C(NCc1ccccc1)OCCO,0,0,0,0,,
metirosine,,,,,CC(N)(Cc1ccc(O)cc1)C(=O)O,0,0,0,0,,
amisometradine,,,,,C=C(C)Cn1c(N)cc(=O)n(C)c1=O,0,0,0,0,,
aminometradine,,,,,C=CCn1c(N)cc(=O)n(CC)c1=O,0,0,0,0,,
pimeclone,,,,,O=C1CCCCC1CN1CCCCC1,0,0,0,0,,
selenomethionine,,,,,C[Se]CCC(N)C(=O)O,0,0,0,0,,
gluconic acid,,,,,O=C(O)C(O)C(O)C(O)C(O)CO,0,0,0,0,,
bismuth camphocarbonate,,,,,CC12CCC(C(C(=O)[O][Bi]([OH])[O][Bi]([O]C(=O)C3C(=O)C4(C)CCC3C4(C)C)[O]C(=O)C3C(=O)C4(C)CCC3C4(C)C)C1=O)C2(C)C,0,0,0,0,,
creatinolfosfate,,,,,CN(CCOP(=O)(O)O)C(=N)N,0,0,0,0,,
ethylnorepinephrine,,,,,CCC(N)C(O)c1ccc(O)c(O)c1,0,0,0,0,,
pildralazine,,,,,CC(O)CN(C)c1ccc(NN)nn1,0,0,0,0,,
beclamide,,,,,O=C(CCCl)NCc1ccccc1,0,0,0,0,,
nitrofurazone,,,,,NC(=O)NN=Cc1ccc([N+](=O)[O-])o1,0,0,0,0,,
mimosine,,,,,NC(Cn1ccc(=O)c(O)c1)C(=O)O,0,0,0,0,,
metharbital,,,,,CCC1(CC)C(=O)NC(=O)N(C)C1=O,0,0,0,0,,
tacrine,,,,,Nc1c2c(nc3ccccc13)CCCC2,0,0,0,0,,
guaiazulen,,,,,Cc1ccc(C(C)C)cc2c(C)ccc1-2,0,0,0,0,,
guanethidine,,,,,N=C(N)NCCN1CCCCCCC1,0,0,0,0,,
oxophenarsine,,,,,Nc1cc([As]=O)ccc1O,0,0,0,0,,
clavulanic acid,,,,,O=C(O)C1C(=CCO)OC2CC(=O)N21,0,0,0,0,,
diethylcarbamazine,,,,,CCN(CC)C(=O)N1CCN(C)CC1,0,0,0,0,,
octamylamine,,,,,CC(C)CCCC(C)NCCC(C)C,0,0,0,0,,
monobenzone,,,,,Oc1ccc(OCc2ccccc2)cc1,0,0,0,0,,
medetomidine,,,,,Cc1cccc(C(C)c2c[nH]cn2)c1C,0,0,0,0,,
clonitrate,,,,,O=[N+]([O-])OCC(CCl)O[N+](=O)[O-],0,0,0,0,,
carbaryl,,,,,CNC(=O)Oc1cccc2ccccc12,0,0,0,0,,
indanazoline,,,,,c1cc2c(c(NC3=NCCN3)c1)CCC2,0,0,0,0,,
spizofurone,,,,,CC(=O)c1ccc2c(c1)C(=O)C1(CC1)O2,0,0,0,0,,
amezinium metilsulfate,,,,,COc1cc(N)cn[n+]1-c1ccccc1,0,0,0,0,,
acetylcarnitine,,,,,CC(=O)OC(CC(=O)[O-])C[N+](C)(C)C,0,0,0,0,,
chloramphenicol palmitate,,,,,CCCCCCCCCCCCCCCC(=O)OCC(NC(=O)C(Cl)Cl)C(O)c1ccc([N+](=O)[O-])cc1,0,0,0,0,,
crotamiton,,,,,CC=CC(=O)N(CC)c1ccccc1C,0,0,0,0,,
fenozolone,,,,,CCNc1nc(O)c(-c2ccccc2)o1,0,0,0,0,,
tretamine,,,,,C1CN1c1nc(N2CC2)nc(N2CC2)n1,0,0,0,0,,
levamisole,,,,,c1ccc(C2CN3CCSC3=N2)cc1,0,0,0,0,,
telmesteine,,,,,CCOC(=O)N1CSCC1C(=O)O,0,0,0,0,,
trapidil,,,,,CCN(CC)c1cc(C)nc2ncnn12,0,0,0,0,,
tosylchloramide sodium,,,,,Cc1ccc(S(=O)(=O)NCl)cc1,0,0,0,0,,
caroxazone,,,,,NC(=O)CN1Cc2ccccc2OC1=O,0,0,0,0,,
pheneturide,,,,,CCC(C(=O)NC(N)=O)c1ccccc1,0,0,0,0,,
dexibuprofen,,,,,CC(C)Cc1ccc(C(C)C(=O)O)cc1,0,0,0,0,,
pivhydrazine,,,,,CC(C)(C)C(=O)NNCc1ccccc1,0,0,0,0,,
pyrantel,,,,,CN1CCCN=C1C=Cc1cccs1,0,0,0,0,,
thurfyl nicotinate,,,,,O=C(OCC1CCCO1)c1cccnc1,0,0,0,0,,
toloxatone,,,,,Cc1cccc(N2CC(CO)OC2=O)c1,0,0,0,0,,
guanoxan,,,,,N=C(N)NCC1COc2ccccc2O1,0,0,0,0,,
guabenxan,,,,,N=C(N)NCc1ccc2c(c1)OCCO2,0,0,0,0,,
butacetin,,,,,CC(=O)Nc1ccc(OC(C)(C)C)cc1,0,0,0,0,,
ciclopirox,,,,,Cc1cc(C2CCCCC2)n(O)c(=O)c1,0,0,0,0,,
meobentine,,,,,CN=C(NC)NCc1ccc(OC)cc1,0,0,0,0,,
allobarbital,,,,,C=CCC1(CC=C)C(=O)NC(=O)NC1=O,0,0,0,0,,
bendazol,,,,,c1ccc(Cc2nc3ccccc3[nH]2)cc1,0,0,0,0,,
oxyfenamate,,,,,CCC(O)(COC(N)=O)c1ccccc1,0,0,0,0,,
proflavine,,,,,Nc1ccc2cc3ccc(N)cc3nc2c1,0,0,0,0,,
fepradinol,,,,,CC(C)(CO)NCC(O)c1ccccc1,0,0,0,0,,
bamethan,,,,,CCCCNCC(O)c1ccc(O)cc1,0,0,0,0,,
talipexole,,,,,C=CCN1CCc2nc(N)sc2CC1,0,0,0,0,,
tolonidine,,,,,Cc1ccc(NC2=NCCN2)c(Cl)c1,0,0,0,0,,
phanquinone,,,,,O=C1C(=O)c2ncccc2-c2cccnc21,0,0,0,0,,
aprobarbital,,,,,C=CCC1(C(C)C)C(=O)NC(=O)NC1=O,0,0,0,0,,
naphazoline,,,,,c1ccc2c(CC3=NCCN3)cccc2c1,0,0,0,0,,
altretamine,,,,,CN(C)c1nc(N(C)C)nc(N(C)C)n1,0,0,0,0,,
phosphocreatine,,,,,CN(CC(=O)O)C(=N)NP(=O)(O)O,0,0,0,0,,
melevodopa,,,,,COC(=O)C(N)Cc1ccc(O)c(O)c1,0,0,0,0,,
levisoprenaline,,,,,CC(C)NCC(O)c1ccc(O)c(O)c1,0,0,0,0,,
methoxamine,,,,,COc1ccc(OC)c(C(O)C(C)N)c1,0,0,0,0,,
dioxethedrin,,,,,CCNC(C)C(O)c1ccc(O)c(O)c1,0,0,0,0,,
chlorthenoxazine,,,,,O=C1NC(CCCl)Oc2ccccc21,0,0,0,0,,
mefenorex,,,,,CC(Cc1ccccc1)NCCCCl,0,0,0,0,,
felbinac,,,,,O=C(O)Cc1ccc(-c2ccccc2)cc1,0,0,0,0,,
benzyl benzoate,,,,,O=C(OCc1ccccc1)c1ccccc1,0,0,0,0,,
butobarbital,,,,,CCCCC1(CC)C(=O)NC(=O)NC1=O,0,0,0,0,,
secbutabarbital,,,,,CCC(C)C1(CC)C(=O)NC(=O)NC1=O,0,0,0,0,,
albutoin,,,,,C=CCn1c(O)c(CC(C)C)[nH]c1=S,0,0,0,0,,
troxacitabine,,,,,Nc1ccn(C2COC(CO)O2)c(=O)n1,0,0,0,0,,
kainic acid,,,,,C=C(C)C1CNC(C(=O)O)C1CC(=O)O,0,0,0,0,,
salicylanilide,,,,,O=C(Nc1ccccc1)c1ccccc1O,0,0,0,0,,
benzyl nicotinate,,,,,O=C(OCc1ccccc1)c1cccnc1,0,0,0,0,,
guanadrel,,,,,N=C(N)NCC1COC2(CCCCC2)O1,0,0,0,0,,
clorprenaline,,,,,CC(C)NCC(O)c1ccccc1Cl,0,0,0,0,,
chloroxine,,,,,Oc1c(Cl)cc(Cl)c2cccnc12,0,0,0,0,,
niridazole,,,,,O=C1NCCN1c1ncc([N+](=O)[O-])s1,0,0,0,0,,
phenyl salicylate,,,,,O=C(Oc1ccccc1)c1ccccc1O,0,0,0,0,,
sulfaguanidine,,,,,N=C(N)NS(=O)(=O)c1ccc(N)cc1,0,0,0,0,,
velnacrine,,,,,Nc1c2c(nc3ccccc13)CCCC2O,0,0,0,0,,
fenyramidol,,,,,OC(CNc1ccccn1)c1ccccc1,0,0,0,0,,
clofibric acid,,,,,CC(C)(Oc1ccc(Cl)cc1)C(=O)O,0,0,0,0,,
phenaglycodol,,,,,CC(C)(O)C(C)(O)c1ccc(Cl)cc1,0,0,0,0,,
naftazone,,,,,NC(=O)N=Nc1ccc2ccccc2c1O,0,0,0,0,,
sulfacarbamide,,,,,NC(=O)NS(=O)(=O)c1ccc(N)cc1,0,0,0,0,,
5-aminolevulinic acid hexyl ester,,,,,CCCCCCOC(=O)CCC(=O)CN,0,0,0,0,,
butoctamide,,,,,CCCCC(CC)CNC(=O)CC(C)O,0,0,0,0,,
fencamfamin,,,,,CCNC1C2CCC(C2)C1c1ccccc1,0,0,0,0,,
tiamenidine,,,,,Cc1csc(Cl)c1NC1=NCCN1,0,0,0,0,,
bergapten,,,,,COc1c2ccoc2cc2oc(=O)ccc12,0,0,0,0,,
bisorcic,,,,,CC(=O)NCCCC(NC(C)=O)C(=O)O,0,0,0,0,,
arsanilic acid,,,,,Nc1ccc([As](=O)(O)O)cc1,0,0,0,0,,
glutethimide,,,,,CCC1(c2ccccc2)CCC(=O)NC1=O,0,0,0,0,,
tinazoline,,,,,c1ccc2c(SC3=NCCN3)c[nH]c2c1,0,0,0,0,,
prolintane,,,,,CCCC(Cc1ccccc1)N1CCCC1,0,0,0,0,,
fosfosal,,,,,O=C(O)c1ccccc1OP(=O)(O)O,0,0,0,0,,
salicylsulfuric acid,,,,,O=C(O)c1ccccc1OS(=O)(=O)O,0,0,0,0,,
triacetin,,,,,CC(=O)OCC(COC(C)=O)OC(C)=O,0,0,0,0,,
heptobarbital,,,,,CC1(c2ccccc2)C(=O)NC(=O)NC1=O,0,0,0,0,,
levocarnitine propionate,,,,,CCC(=O)OC(CC(=O)O)C[N+](C)(C)C,0,0,0,0,,
aclatonium,,,,,CC(=O)OC(C)C(=O)OCC[N+](C)(C)C,0,0,0,0,,
fenoxazoline,,,,,CC(C)c1ccccc1OCC1=NCCN1,0,0,0,0,,
uredepa,,,,,CCOC(=O)NP(=O)(N1CC1)N1CC1,0,0,0,0,,
calcium pantothenate,,,,,CC(C)(CO)C(O)C(=O)NCCC(=O)O,0,0,0,0,,
aniracetam,,,,,COc1ccc(C(=O)N2CCCC2=O)cc1,0,0,0,0,,
dacisteine,,,,,CC(=O)NC(CSC(C)=O)C(=O)O,0,0,0,0,,
alminoprofen,,,,,C=C(C)CNc1ccc(C(C)C(=O)O)cc1,0,0,0,0,,
ornidazole,,,,,Cc1ncc([N+](=O)[O-])n1CC(O)CCl,0,0,0,0,,
oxitriptan,,,,,NC(Cc1c[nH]c2ccc(O)cc12)C(=O)O,0,0,0,0,,
cycloxilic acid,,,,,O=C(O)C1CCCCC1(O)c1ccccc1,0,0,0,0,,
lidamidine,,,,,CN=C(N)NC(=O)Nc1c(C)cccc1C,0,0,0,0,,
butibufen,,,,,CCC(C(=O)O)c1ccc(CC(C)C)cc1,0,0,0,0,,
prilocaine,,,,,CCCNC(C)C(=O)Nc1ccccc1C,0,0,0,0,,
phenamacide,,,,,CC(C)CCOC(=O)C(N)c1ccccc1,0,0,0,0,,
ibuproxam,,,,,CC(C)Cc1ccc(C(C)C(O)=NO)cc1,0,0,0,0,,
exalamide,,,,,CCCCCCOc1ccccc1C(N)=O,0,0,0,0,,
mecloralurea,,,,,CNC(=O)NC(O)C(Cl)(Cl)Cl,0,0,0,0,,
chlorazanil,,,,,Nc1ncnc(Nc2ccc(Cl)cc2)n1,0,0,0,0,,
methiodal,,,,,O=S(=O)(O)CI,0,0,0,0,,
dimecrotic acid,,,,,COc1ccc(C(C)=CC(=O)O)c(OC)c1,0,0,0,0,,
phenindione,,,,,O=C1c2ccccc2C(=O)C1c1ccccc1,0,0,0,0,,
morinamide,,,,,O=C(NCN1CCOCC1)c1cnccn1,0,0,0,0,,
nicametate,,,,,CCN(CC)CCOC(=O)c1cccnc1,0,0,0,0,,
bromisoval,,,,,CC(C)C(Br)C(=O)NC(N)=O,0,0,0,0,,
mephenoxalone,,,,,COc1ccccc1OCC1CNC(=O)O1,0,0,0,0,,
bufexamac,,,,,CCCCOc1ccc(CC(O)=NO)cc1,0,0,0,0,,
rimiterol,,,,,Oc1ccc(C(O)C2CCCCN2)cc1O,0,0,0,0,,
etamivan,,,,,CCN(CC)C(=O)c1ccc(O)c(OC)c1,0,0,0,0,,
cerulenin,,,,,CC=CCC=CCCC(=O)C1OC1C(N)=O,0,0,0,0,,
bucetin,,,,,CCOc1ccc(NC(=O)CC(C)O)cc1,0,0,0,0,,
fadrozole,,,,,N#Cc1ccc(C2CCCc3cncn32)cc1,0,0,0,0,,
toliprolol,,,,,Cc1cccc(OCC(O)CNC(C)C)c1,0,0,0,0,,
tigloidine,,,,,CC=C(C)C(=O)OC1CC2CCC(C1)N2C,0,0,0,0,,
nifuradene,,,,,O=C1NCCN1N=Cc1ccc([N+](=O)[O-])o1,0,0,0,0,,
etofylline,,,,,Cn1c(=O)c2c(ncn2CCO)n(C)c1=O,0,0,0,0,,
vinbarbital,,,,,CCC=C(C)C1(CC)C(=O)NC(=O)NC1=O,0,0,0,0,,
enallylpropymal,,,,,C=CCC1(C(C)C)C(=O)NC(=O)N(C)C1=O,0,0,0,0,,
nifenalol,,,,,CC(C)NCC(O)c1ccc([N+](=O)[O-])cc1,0,0,0,0,,
vinylbital,,,,,C=CC1(C(C)CCC)C(=O)NC(=O)NC1=O,0,0,0,0,,
talbutal,,,,,C=CCC1(C(C)CC)C(=O)NC(=O)NC1=O,0,0,0,0,,
butalbital,,,,,C=CCC1(CC(C)C)C(=O)NC(=O)NC1=O,0,0,0,0,,
febuprol,,,,,CCCCOCC(O)COc1ccccc1,0,0,0,0,,
ancitabine,,,,,N=c1ccn2c(n1)OC1C(O)C(CO)OC12,0,0,0,0,,
mephenesin carbamate,,,,,Cc1ccccc1OCC(O)COC(N)=O,0,0,0,0,,
drometrizole,,,,,Cc1ccc(O)c(-n2nc3ccccc3n2)c1,0,0,0,0,,
prenalterol,,,,,CC(C)NCC(O)COc1ccc(O)cc1,0,0,0,0,,
lefetamine,,,,,CN(C)C(Cc1ccccc1)c1ccccc1,0,0,0,0,,
dithranol,,,,,Oc1cccc2cc3cccc(O)c3c(O)c12,0,0,0,0,,
proxibarbal,,,,,C=CCC1(CC(C)O)C(=O)NC(=O)NC1=O,0,0,0,0,,
nimorazole,,,,,O=[N+]([O-])c1cncn1CCN1CCOCC1,0,0,0,0,,
methallatal,,,,,C=C(C)CC1(CC)C(=O)NC(=S)NC1=O,0,0,0,0,,
crotetamide,,,,,CC=CC(=O)N(CC)C(CC)C(=O)N(C)C,0,0,0,0,,
pirlindole,,,,,Cc1ccc2c(c1)c1c3n2CCNC3CCC1,0,0,0,0,,
alclofenac,,,,,C=CCOc1ccc(CC(=O)O)cc1Cl,0,0,0,0,,
glyceryl trinitrate,,,,,O=[N+]([O-])OCC(CO[N+](=O)[O-])O[N+](=O)[O-],0,0,0,0,,
dimetofrine,,,,,CNCC(O)c1cc(OC)c(O)c(OC)c1,0,0,0,0,,
diphenan,,,,,NC(=O)Oc1ccc(Cc2ccccc2)cc1,0,0,0,0,,
cyprodenate,,,,,CN(C)CCOC(=O)CCC1CCCCC1,0,0,0,0,,
buclosamide,,,,,CCCCNC(=O)c1ccc(Cl)cc1O,0,0,0,0,,
tulobuterol,,,,,CC(C)(C)NCC(O)c1ccccc1Cl,0,0,0,0,,
chlorquinaldol,,,,,Cc1ccc2c(Cl)cc(Cl)c(O)c2n1,0,0,0,0,,
guaiacol benzoate,,,,,COc1ccccc1OC(=O)c1ccccc1,0,0,0,0,,
oxybenzone,,,,,COc1ccc(C(=O)c2ccccc2)c(O)c1,0,0,0,0,,
trioxsalen,,,,,Cc1cc2cc3c(C)cc(=O)oc3c(C)c2o1,0,0,0,0,,
ozagrel,,,,,O=C(O)C=Cc1ccc(Cn2ccnc2)cc1,0,0,0,0,,
indalpine,,,,,c1ccc2c(CCC3CCNCC3)c[nH]c2c1,0,0,0,0,,
fenpentadiol,,,,,CC(C)(O)CC(C)(O)c1ccc(Cl)cc1,0,0,0,0,,
fenamisal,,,,,Nc1ccc(C(=O)Oc2ccccc2)c(O)c1,0,0,0,0,,
osalmid,,,,,O=C(Nc1ccc(O)cc1)c1ccccc1O,0,0,0,0,,
furonazide,,,,,CC(=NNC(=O)c1ccncc1)c1ccco1,0,0,0,0,,
furfenorex,,,,,CC(Cc1ccccc1)N(C)Cc1ccco1,0,0,0,0,,
pronetalol,,,,,CC(C)NCC(O)c1ccc2ccccc2c1,0,0,0,0,,
triclofos,,,,,O=P(O)(O)OCC(Cl)(Cl)Cl,0,0,0,0,,
amiloride,,,,,N=C(N)NC(=O)c1nc(Cl)c(N)nc1N,0,0,0,0,,
propyphenazone,,,,,Cc1c(C(C)C)c(=O)n(-c2ccccc2)n1C,0,0,0,0,,
ibudilast,,,,,CC(C)C(=O)c1c(C(C)C)nn2ccccc12,0,0,0,0,,
guanabenz,,,,,N=C(N)NN=Cc1c(Cl)cccc1Cl,0,0,0,0,,
methaniazide,,,,,O=C(NNCS(=O)(=O)O)c1ccncc1,0,0,0,0,,
isocarboxazid,,,,,Cc1cc(C(=O)NNCc2ccccc2)no1,0,0,0,0,,
indeloxazine,,,,,C1=Cc2cccc(OCC3CNCCO3)c2C1,0,0,0,0,,
aminophenazone,,,,,Cc1c(N(C)C)c(=O)n(-c2ccccc2)n1C,0,0,0,0,,
sulfathiourea,,,,,NC(=S)NS(=O)(=O)c1ccc(N)cc1,0,0,0,0,,
eptazocine,,,,,CN1CCC2(C)CC(Cc3ccc(O)cc32)C1,0,0,0,0,,
nifurprazine,,,,,Nc1ccc(C=Cc2ccc([N+](=O)[O-])o2)nn1,0,0,0,0,,
todralazine,,,,,CCOC(=O)NNc1nncc2ccccc12,0,0,0,0,,
mebutamate,,,,,CCC(C)C(C)(COC(N)=O)COC(N)=O,0,0,0,0,,
mofebutazone,,,,,CCCCc1c(O)[nH]n(-c2ccccc2)c1=O,0,0,0,0,,
pyrrocaine,,,,,Cc1cccc(C)c1NC(=O)CN1CCCC1,0,0,0,0,,
tymazoline,,,,,Cc1ccc(C(C)C)c(OCC2=NCCN2)c1,0,0,0,0,,
symclosene,,,,,O=c1n(Cl)c(=O)n(Cl)c(=O)n1Cl,0,0,0,0,,
acitazanolast,,,,,O=C(O)C(=O)Nc1cccc(-c2nn[nH]n2)c1,0,0,0,0,,
sulbactam,,,,,CC1(C)C(C(=O)O)N2C(=O)CC2S1(=O)=O,0,0,0,0,,
hopantenic acid,,,,,CC(C)(CO)C(O)C(=O)NCCCC(=O)O,0,0,0,0,,
levofacetoperane,,,,,CC(=O)OC(c1ccccc1)C1CCCCN1,0,0,0,0,,
dexmethylphenidate,,,,,COC(=O)C(c1ccccc1)C1CCCCN1,0,0,0,0,,
meptazinol,,,,,CCC1(c2cccc(O)c2)CCCCN(C)C1,0,0,0,0,,
cyclopentobarbital,,,,,C=CCC1(C2C=CCC2)C(=O)NC(=O)NC1=O,0,0,0,0,,
epirizole,,,,,COc1cc(C)nc(-n2nc(C)cc2OC)n1,0,0,0,0,,
metisazone,,,,,Cn1c(O)c(N=NC(N)=S)c2ccccc21,0,0,0,0,,
monoctanoin,,,,,CCCCCCCC(=O)OCC(O)CO,0,0,0,0,,
stiripentol,,,,,CC(C)(C)C(O)C=Cc1ccc2c(c1)OCO2,0,0,0,0,,
octacaine,,,,,CCN(CC)C(C)CC(=O)Nc1ccccc1,0,0,0,0,,
lidocaine,,,,,CCN(CC)CC(=O)Nc1c(C)cccc1C,0,0,0,0,,
sparteine,,,,,C1CCN2CC3CC(CN4CCCCC34)C2C1,0,0,0,0,,
pamidronic acid,,,,,NCCC(O)(P(=O)(O)O)P(=O)(O)O,0,0,0,0,,
taurosteine,,,,,O=C(NCCS(=O)(=O)O)c1cccs1,0,0,0,0,,
meprylcaine,,,,,CCCNC(C)(C)COC(=O)c1ccccc1,0,0,0,0,,
amylocaine,,,,,CCC(C)(CN(C)C)OC(=O)c1ccccc1,0,0,0,0,,
azapetine,,,,,C=CCN1Cc2ccccc2-c2ccccc2C1,0,0,0,0,,
procainamide,,,,,CCN(CC)CCNC(=O)c1ccc(N)cc1,0,0,0,0,,
picilorex,,,,,CC1NC(C2CC2)CC1c1ccc(Cl)cc1,0,0,0,0,,
isosorbide dinitrate,,,,,O=[N+]([O-])OC1COC2C(O[N+](=O)[O-])COC12,0,0,0,0,,
didanosine,,,,,O=c1[nH]cnc2c1ncn2C1CCC(CO)O1,0,0,0,0,,
hexobarbital,,,,,CN1C(=O)NC(=O)C(C)(C2=CCCCC2)C1=O,0,0,0,0,,
cyclobarbital,,,,,CCC1(C2=CCCCC2)C(=O)NC(=O)NC1=O,0,0,0,0,,
methazolamide,,,,,CC(=O)N=c1sc(S(N)(=O)=O)nn1C,0,0,0,0,,
thioacetazone,,,,,CC(=O)Nc1ccc(C=NNC(N)=S)cc1,0,0,0,0,,
butethamine,,,,,CC(C)CNCCOC(=O)c1ccc(N)cc1,0,0,0,0,,
carbocloral,,,,,CCOC(=O)NC(O)C(Cl)(Cl)Cl,0,0,0,0,,
carbromal,,,,,CCC(Br)(CC)C(=O)NC(N)=O,0,0,0,0,,
ambazone,,,,,N=C(N)N=Nc1ccc(NNC(N)=S)cc1,0,0,0,0,,
piroctone,,,,,Cc1cc(CC(C)CC(C)(C)C)n(O)c(=O)c1,0,0,0,0,,
etifelmine,,,,,CCC(CN)=C(c1ccccc1)c1ccccc1,0,0,0,0,,
perflubutane,,,,,FC(F)(F)C(F)(F)C(F)(F)C(F)(F)F,0,0,0,0,,
tilbroquinol,,,,,Cc1cc(Br)c(O)c2ncccc12,0,0,0,0,,
dipyrocetyl,,,,,CC(=O)Oc1cccc(C(=O)O)c1OC(C)=O,0,0,0,0,,
acefylline,,,,,Cn1c(=O)c2c(ncn2CC(=O)O)n(C)c1=O,0,0,0,0,,
cinametic acid,,,,,COc1cc(C=CC(=O)O)ccc1OCCO,0,0,0,0,,
pronilide,,,,,CCCOc1ccc([N+](=O)[O-])cc1NC(C)=O,0,0,0,0,,
protheobromine,,,,,CC(O)Cn1c(=O)c2c(ncn2C)n(C)c1=O,0,0,0,0,,
proxyphylline,,,,,CC(O)Cn1cnc2c1c(=O)n(C)c(=O)n2C,0,0,0,0,,
nealbarbital,,,,,C=CCC1(CC(C)(C)C)C(=O)NC(=O)NC1=O,0,0,0,0,,
flosequinan,,,,,Cn1cc([S+](C)[O-])c(=O)c2ccc(F)cc21,0,0,0,0,,
emorfazone,,,,,CCOc1c(N2CCOCC2)cnn(C)c1=O,0,0,0,0,,
isoetarine,,,,,CCC(NC(C)C)C(O)c1ccc(O)c(O)c1,0,0,0,0,,
benzphetamine,,,,,CC(Cc1ccccc1)N(C)Cc1ccccc1,0,0,0,0,,
dantron,,,,,O=C1c2cccc(O)c2C(=O)c2c(O)cccc21,0,0,0,0,,
xenbucin,,,,,CCC(C(=O)O)c1ccc(-c2ccccc2)cc1,0,0,0,0,,
tetrabarbital,,,,,CCCC(CC)C1(CC)C(=O)NC(=O)NC1=O,0,0,0,0,,
benmoxin,,,,,CC(NNC(=O)c1ccccc1)c1ccccc1,0,0,0,0,,
budralazine,,,,,CC(C)=CC(C)=NNc1nncc2ccccc12,0,0,0,0,,
buthalital,,,,,C=CCC1(CC(C)C)C(=O)NC(=S)NC1=O,0,0,0,0,,
cropropamide,,,,,CC=CC(=O)N(CCC)C(CC)C(=O)N(C)C,0,0,0,0,,
pheniramine,,,,,CN(C)CCC(c1ccccc1)c1ccccn1,0,0,0,0,,
anethole trithione,,,,,COc1ccc(-c2cc(=S)ss2)cc1,0,0,0,0,,
pentolonium,,,,,C[N+]1(CCCCC[N+]2(C)CCCC2)CCCC1,0,0,0,0,,
thiram,,,,,CN(C)C(=S)SSC(=S)N(C)C,0,0,0,0,,
salinazid,,,,,O=C(NN=Cc1ccccc1O)c1ccncc1,0,0,0,0,,
sapropterin,,,,,CC(O)C(O)C1CNc2[nH]c(N)nc(=O)c2N1,0,0,0,0,,
enfenamic acid,,,,,O=C(O)c1ccccc1NCCc1ccccc1,0,0,0,0,,
nidroxyzone,,,,,NC(=O)N(CCO)N=Cc1ccc([N+](=O)[O-])o1,0,0,0,0,,
mexenone,,,,,COc1ccc(C(=O)c2ccc(C)cc2)c(O)c1,0,0,0,0,,
isonixin,,,,,Cc1cccc(C)c1NC(=O)c1ccc[nH]c1=O,0,0,0,0,,
thiopental,,,,,CCCC(C)C1(CC)C(=O)NC(=S)NC1=O,0,0,0,0,,
methylsulfonal,,,,,CCC(C)(S(=O)(=O)CC)S(=O)(=O)CC,0,0,0,0,,
dixanthogen,,,,,CCOC(=S)SSC(=S)OCC,0,0,0,0,,
iproclozide,,,,,CC(C)NNC(=O)COc1ccc(Cl)cc1,0,0,0,0,,
taribavirin,,,,,N=C(N)c1ncn(C2OC(CO)C(O)C2O)n1,0,0,0,0,,
molsidomine,,,,,CCOC(=O)N=c1c[n+](N2CCOCC2)[n-]o1,0,0,0,0,,
domiodol,,,,,OCC1COC(CI)O1,0,0,0,0,,
dioxybenzone,,,,,COc1ccc(C(=O)c2ccccc2O)c(O)c1,0,0,0,0,,
phenallymal,,,,,C=CCC1(c2ccccc2)C(=O)NC(=O)NC1=O,0,0,0,0,,
pidotimod,,,,,O=C1CCC(C(=O)N2CSCC2C(=O)O)N1,0,0,0,0,,
biotin,,,,,O=C(O)CCCCC1SCC2NC(=O)NC21,0,0,0,0,,
amidefrine,,,,,CNCC(O)c1cccc(NS(C)(=O)=O)c1,0,0,0,0,,
mesulfen,,,,,Cc1ccc2c(c1)Sc1ccc(C)cc1S2,0,0,0,0,,
isoaminile,,,,,CC(CC(C#N)(c1ccccc1)C(C)C)N(C)C,0,0,0,0,,
menadoxime,,,,,CC1=CC(=NOCC(=O)O)c2ccccc2C1=O,0,0,0,0,,
ramifenazone,,,,,Cc1c(NC(C)C)c(=O)n(-c2ccccc2)n1C,0,0,0,0,,
oxolamine,,,,,CCN(CC)CCc1nc(-c2ccccc2)no1,0,0,0,0,,
pinacidil,,,,,CC(N=C(N=c1cc[nH]cc1)NC#N)C(C)(C)C,0,0,0,0,,
pyrovalerone,,,,,CCCC(C(=O)c1ccc(C)cc1)N1CCCC1,0,0,0,0,,
inaperisone,,,,,CCc1ccc(C(=O)C(C)CN2CCCC2)cc1,0,0,0,0,,
dezocine,,,,,CC12CCCCCC(Cc3ccc(O)cc31)C2N,0,0,0,0,,
chlorphenesin carbamate,,,,,NC(=O)OCC(O)COc1ccc(Cl)cc1,0,0,0,0,,
doxifluridine,,,,,CC1OC(n2cc(F)c(=O)[nH]c2=O)C(O)C1O,0,0,0,0,,
nifurpirinol,,,,,O=[N+]([O-])c1ccc(C=Cc2cccc(CO)n2)o1,0,0,0,0,,
azanidazole,,,,,Cn1c([N+](=O)[O-])cnc1C=Cc1ccnc(N)n1,0,0,0,0,,
methylphenobarbital,,,,,CCC1(c2ccccc2)C(=O)NC(=O)N(C)C1=O,0,0,0,0,,
parsalmide,,,,,C#CCOc1ccc(N)cc1C(=O)NCCCC,0,0,0,0,,
nefiracetam,,,,,Cc1cccc(C)c1NC(=O)CN1CCCC1=O,0,0,0,0,,
guanoxabenz,,,,,NC(=NO)NN=Cc1c(Cl)cccc1Cl,0,0,0,0,,
pyridoxal phosphate,,,,,Cc1ncc(COP(=O)(O)O)c(C=O)c1O,0,0,0,0,,
ciclonicate,,,,,CC1CC(OC(=O)c2cccnc2)CC(C)(C)C1,0,0,0,0,,
pethidine,,,,,CCOC(=O)C1(c2ccccc2)CCN(C)CC1,0,0,0,0,,
ketobemidone,,,,,CCC(=O)C1(c2cccc(O)c2)CCN(C)CC1,0,0,0,0,,
butidrine,,,,,CCC(C)NCC(O)c1ccc2c(c1)CCCC2,0,0,0,0,,
triflusal,,,,,CC(=O)Oc1cc(C(F)(F)F)ccc1C(=O)O,0,0,0,0,,
nitrefazole,,,,,Cc1nc([N+](=O)[O-])cn1-c1ccc([N+](=O)[O-])cc1,0,0,0,0,,
acetylpheneturide,,,,,CCC(C(=O)NC(=O)NC(C)=O)c1ccccc1,0,0,0,0,,
enoximone,,,,,CSc1ccc(C(=O)c2[nH]c(=O)[nH]c2C)cc1,0,0,0,0,,
piridocaine,,,,,Nc1ccccc1C(=O)OCCC1CCCCN1,0,0,0,0,,
bunitrolol,,,,,CC(C)(C)NCC(O)COc1ccccc1C#N,0,0,0,0,,
trimecaine,,,,,CCN(CC)CC(=O)Nc1c(C)cc(C)cc1C,0,0,0,0,,
alendronic acid,,,,,NCCCC(O)(P(=O)(O)O)P(=O)(O)O,0,0,0,0,,
cinchophen,,,,,O=C(O)c1cc(-c2ccccc2)nc2ccccc12,0,0,0,0,,
sulfapyridine,,,,,Nc1ccc(S(=O)(=O)Nc2ccccn2)cc1,0,0,0,0,,
erdosteine,,,,,O=C(O)CSCC(=O)NC1CCSC1=O,0,0,0,0,,
mabuprofen,,,,,CC(C)Cc1ccc(C(C)C(=O)NCCO)cc1,0,0,0,0,,
ciramadol,,,,,CN(C)C(c1cccc(O)c1)C1CCCCC1O,0,0,0,0,,
benzoctamine,,,,,CNCC12CCC(c3ccccc31)c1ccccc12,0,0,0,0,,
metesculetol,,,,,Cc1cc(=O)oc2cc(O)c(OCC(=O)O)cc12,0,0,0,0,,
olprinone,,,,,Cc1[nH]c(=O)c(C#N)cc1-c1ccc2nccn2c1,0,0,0,0,,
heptabarb,,,,,CCC1(C2=CCCCCC2)C(=O)NC(=O)NC1=O,0,0,0,0,,
butazolamide,,,,,CCCC(=O)Nc1nnc(S(N)(=O)=O)s1,0,0,0,0,,
naepaine,,,,,CCCCCNCCOC(=O)c1ccc(N)cc1,0,0,0,0,,
amfetaminil,,,,,CC(Cc1ccccc1)NC(C#N)c1ccccc1,0,0,0,0,,
alibendol,,,,,C=CCc1cc(OC)c(O)c(C(=O)NCCO)c1,0,0,0,0,,
dimethazan,,,,,CN(C)CCn1cnc2c1c(=O)n(C)c(=O)n2C,0,0,0,0,,
rimazolium,,,,,CCOC(=O)c1c[n+](C)c2n(c1=O)C(C)CCC2,0,0,0,0,,
xibenolol,,,,,Cc1cccc(OCC(O)CNC(C)(C)C)c1C,0,0,0,0,,
cyverine,,,,,CN(CCC1CCCCC1)CCC1CCCCC1,0,0,0,0,,
pirprofen,,,,,CC(C(=O)O)c1ccc(N2CC=CC2)c(Cl)c1,0,0,0,0,,
cycloguanil,,,,,CC1(C)N=C(N)N=C(N)N1c1ccc(Cl)cc1,0,0,0,0,,
uracil mustard,,,,,O=c1[nH]cc(N(CCCl)CCCl)c(=O)[nH]1,0,0,0,0,,
anisindione,,,,,COc1ccc(C2C(=O)c3ccccc3C2=O)cc1,0,0,0,0,,
cioteronel,,,,,CCC(CCCCC1CCC2CC(=O)CC12)OC,0,0,0,0,,
bromoform,,,,,BrC(Br)Br,0,0,0,0,,
pyricarbate,,,,,CNC(=O)OCc1cccc(COC(=O)NC)n1,0,0,0,0,,
triamterene,,,,,Nc1nc(N)c2nc(-c3ccccc3)c(N)nc2n1,0,0,0,0,,
actinoquinol,,,,,CCOc1ccc(S(=O)(=O)O)c2cccnc12,0,0,0,0,,
ethacridine,,,,,CCOc1ccc2nc3cc(N)ccc3c(N)c2c1,0,0,0,0,,
vanitiolide,,,,,COc1cc(C(=S)N2CCOCC2)ccc1O,0,0,0,0,,
nefopam,,,,,CN1CCOC(c2ccccc2)c2ccccc2C1,0,0,0,0,,
meladrazine,,,,,CCN(CC)c1nc(NN)nc(N(CC)CC)n1,0,0,0,0,,
tolpropamine,,,,,Cc1ccc(C(CCN(C)C)c2ccccc2)cc1,0,0,0,0,,
dichlorophenarsine,,,,,Nc1cc([As](Cl)Cl)ccc1O,0,0,0,0,,
iodothiouracil,,,,,O=c1[nH]c(=S)[nH]cc1I,0,0,0,0,,
cinromide,,,,,CCNC(=O)C=Cc1cccc(Br)c1,0,0,0,0,,
diprophylline,,,,,Cn1c(=O)c2c(ncn2CC(O)CO)n(C)c1=O,0,0,0,0,,
menadione sodium bisulfite,,,,,CC1(S(=O)(=O)O)CC(=O)c2ccccc2C1=O,0,0,0,0,,
dexketoprofen,,,,,CC(C(=O)O)c1cccc(C(=O)c2ccccc2)c1,0,0,0,0,,
sulfadicramide,,,,,CC(C)=CC(=O)NS(=O)(=O)c1ccc(N)cc1,0,0,0,0,,
thiamylal,,,,,C=CCC1(C(C)CCC)C(=O)NC(=S)NC1=O,0,0,0,0,,
bucricaine,,,,,CCCCNc1c2c(nc3ccccc13)CCCC2,0,0,0,0,,
phenbenzamine,,,,,CN(C)CCN(Cc1ccccc1)c1ccccc1,0,0,0,0,,
butanilicaine,,,,,CCCCNCC(=O)Nc1c(C)cccc1Cl,0,0,0,0,,
tenonitrozole,,,,,O=C(Nc1ncc([N+](=O)[O-])s1)c1cccs1,0,0,0,0,,
cetoxime,,,,,NC(CN(Cc1ccccc1)c1ccccc1)=NO,0,0,0,0,,
metralindole,,,,,COc1ccc2c(c1)c1c3n2CCN(C)C3=NCC1,0,0,0,0,,
thiazosulfone,,,,,Nc1ccc(S(=O)(=O)c2cnc(N)s2)cc1,0,0,0,0,,
sulfathiazole,,,,,Nc1ccc(S(=O)(=O)Nc2nccs2)cc1,0,0,0,0,,
tofenacin,,,,,CNCCOC(c1ccccc1)c1ccccc1C,0,0,0,0,,
phenyltoloxamine,,,,,CN(C)CCOc1ccccc1Cc1ccccc1,0,0,0,0,,
atomoxetine,,,,,CNCCC(Oc1ccccc1C)c1ccccc1,0,0,0,0,,
tripelennamine,,,,,CN(C)CCN(Cc1ccccc1)c1ccccn1,0,0,0,0,,
dimemorfan,,,,,Cc1ccc2c(c1)C13CCCCC1C(C2)N(C)CC3,0,0,0,0,,
cloforex,,,,,CCOC(=O)NC(C)(C)Cc1ccc(Cl)cc1,0,0,0,0,,
clobutinol,,,,,CC(CN(C)C)C(C)(O)Cc1ccc(Cl)cc1,0,0,0,0,,
irsogladine,,,,,Nc1nc(N)nc(-c2cc(Cl)ccc2Cl)n1,0,0,0,0,,
phenyl acetylsalicylate,,,,,CC(=O)Oc1ccccc1C(=O)Oc1ccccc1,0,0,0,0,,
edoxudine,,,,,CCc1cn(C2CC(O)C(CO)O2)c(=O)[nH]c1=O,0,0,0,0,,
phenosulfazole,,,,,O=S(=O)(Nc1nccs1)c1ccc(O)cc1,0,0,0,0,,
etoxazene,,,,,CCOc1ccc(N=Nc2ccc(N)cc2N)cc1,0,0,0,0,,
phenbutamide,,,,,CCCCNC(=O)NS(=O)(=O)c1ccccc1,0,0,0,0,,
echothiophate,,,,,CCOP(=O)(OCC)SCC[N+](C)(C)C,0,0,0,0,,
bephenium,,,,,C[N+](C)(CCOc1ccccc1)Cc1ccccc1,0,0,0,0,,
hexyldecanoic acid,,,,,CCCCCCCCC(CCCCCC)C(=O)O,0,0,0,0,,
clorindione,,,,,O=C1c2ccccc2C(=O)C1c1ccc(Cl)cc1,0,0,0,0,,
chlormidazole,,,,,Cc1nc2ccccc2n1Cc1ccc(Cl)cc1,0,0,0,0,,
pyrrolnitrin,,,,,O=[N+]([O-])c1c(Cl)cccc1-c1c[nH]cc1Cl,0,0,0,0,,
benzamidosalicylate,,,,,O=C(Nc1ccc(C(=O)O)c(O)c1)c1ccccc1,0,0,0,0,,
benserazide,,,,,NC(CO)C(=O)NNCc1ccc(O)c(O)c1O,0,0,0,0,,
carmofur,,,,,CCCCCCNC(=O)n1cc(F)c(=O)[nH]c1=O,0,0,0,0,,
tolmetin,,,,,Cc1ccc(C(=O)c2ccc(CC(=O)O)n2C)cc1,0,0,0,0,,
etebenecid,,,,,CCN(CC)S(=O)(=O)c1ccc(C(=O)O)cc1,0,0,0,0,,
medifoxamine,,,,,CN(C)CC(Oc1ccccc1)Oc1ccccc1,0,0,0,0,,
metrifonate,,,,,COP(=O)(OC)C(O)C(Cl)(Cl)Cl,0,0,0,0,,
meclofenoxate,,,,,CN(C)CCOC(=O)COc1ccc(Cl)cc1,0,0,0,0,,
iodinated glycerol,,,,,CC(I)C1OCC(CO)O1,0,0,0,0,,
aceglatone,,,,,CC(=O)OC1C(=O)OC2C(OC(C)=O)C(=O)OC12,0,0,0,0,,
acadesine,,,,,NC(=O)c1ncn(C2OC(CO)C(O)C2O)c1N,0,0,0,0,,
menbutone,,,,,COc1ccc(C(=O)CCC(=O)O)c2ccccc12,0,0,0,0,,
phethenylate,,,,,O=C1NC(=O)C(c2ccccc2)(c2cccs2)N1,0,0,0,0,,
ethoxzolamide,,,,,CCOc1ccc2nc(S(N)(=O)=O)sc2c1,0,0,0,0,,
xibornol,,,,,Cc1cc(O)c(C2CC3CCC2(C)C3(C)C)cc1C,0,0,0,0,,
decamethonium,,,,,C[N+](C)(C)CCCCCCCCCC[N+](C)(C)C,0,0,0,0,,
cloridarol,,,,,OC(c1ccc(Cl)cc1)c1cc2ccccc2o1,0,0,0,0,,
pamabrom,,,,,Cn1c(=O)c2[nH]c(Br)nc2n(C)c1=O,0,0,0,0,,
mizoribine,,,,,NC(=O)c1ncn(C2OC(CO)C(O)C2O)c1O,0,0,0,0,,
ciclobendazole,,,,,COC(=O)Nc1nc2cc(C(=O)C3CC3)ccc2[nH]1,0,0,0,0,,
eperisone,,,,,CCc1ccc(C(=O)C(C)CN2CCCCC2)cc1,0,0,0,0,,
azintamide,,,,,CCN(CC)C(=O)CSc1ccc(Cl)nn1,0,0,0,0,,
clobenzorex,,,,,CC(Cc1ccccc1)NCc1ccccc1Cl,0,0,0,0,,
carbarsone,,,,,NC(=O)Nc1ccc([As](=O)(O)O)cc1,0,0,0,0,,
glucose-1-phosphate,,,,,O=P(O)(O)OC1OC(CO)C(O)C(O)C1O,0,0,0,0,,
khellin,,,,,COc1c2occc2c(OC)c2c(=O)cc(C)oc12,0,0,0,0,,
tiazofurine,,,,,NC(=O)c1csc(C2OC(CO)C(O)C2O)n1,0,0,0,0,,
phetharbital,,,,,CCC1(CC)C(=O)NC(=O)N(c2ccccc2)C1=O,0,0,0,0,,
nadoxolol,,,,,NC(CC(O)COc1cccc2ccccc12)=NO,0,0,0,0,,
suprofen,,,,,CC(C(=O)O)c1ccc(C(=O)c2cccs2)cc1,0,0,0,0,,
fenspiride,,,,,O=C1NCC2(CCN(CCc3ccccc3)CC2)O1,0,0,0,0,,
imolamine,,,,,CCN(CC)CCn1c(-c2ccccc2)noc1=N,0,0,0,0,,
methaphenilene,,,,,CN(C)CCN(Cc1cccs1)c1ccccc1,0,0,0,0,,
oxolinic acid,,,,,CCn1cc(C(=O)O)c(=O)c2cc3c(cc21)OCO3,0,0,0,0,,
flumequine,,,,,CC1CCc2cc(F)cc3c(=O)c(C(=O)O)cn1c23,0,0,0,0,,
benznidazole,,,,,O=C(Cn1ccnc1[N+](=O)[O-])NCc1ccccc1,0,0,0,0,,
etoxadrol,,,,,CCC1(c2ccccc2)OCC(C2CCCCN2)O1,0,0,0,0,,
hexylcaine,,,,,CC(CNC1CCCCC1)OC(=O)c1ccccc1,0,0,0,0,,
ethoheptazine,,,,,CCOC(=O)C1(c2ccccc2)CCCN(C)CC1,0,0,0,0,,
bufuralol,,,,,CCc1cccc2cc(C(O)CNC(C)(C)C)oc12,0,0,0,0,,
alphaprodine,,,,,CCC(=O)OC1(c2ccccc2)CCN(C)CC1C,0,0,0,0,,
setiptiline,,,,,CN1CCC2=C(C1)c1ccccc1Cc1ccccc12,0,0,0,0,,
phenindamine,,,,,CN1CCC2=C(C1)C(c1ccccc1)c1ccccc12,0,0,0,0,,
methapyrilene,,,,,CN(C)CCN(Cc1cccs1)c1ccccn1,0,0,0,0,,
amixetrine,,,,,CC(C)CCOC(CN1CCCC1)c1ccccc1,0,0,0,0,,
cicletanine,,,,,Cc1ncc2c(c1O)COC2c1ccc(Cl)cc1,0,0,0,0,,
etoglucid,,,,,C(COCCOCC1CO1)OCCOCC1CO1,0,0,0,0,,
reposal,,,,,CCC1(C2=CC3CCC(C2)C3)C(=O)NC(=O)NC1=O,0,0,0,0,,
benzylsulfamide,,,,,NS(=O)(=O)c1ccc(NCc2ccccc2)cc1,0,0,0,0,,
fencibutirol,,,,,CCC(C(=O)O)C1(O)CCC(c2ccccc2)CC1,0,0,0,0,,
homosalate,,,,,CC1CC(OC(=O)c2ccccc2O)CC(C)(C)C1,0,0,0,0,,
mepindolol,,,,,Cc1cc2c(OCC(O)CNC(C)C)cccc2[nH]1,0,0,0,0,,
clonixin,,,,,Cc1c(Cl)cccc1Nc1ncccc1C(=O)O,0,0,0,0,,
miloxacin,,,,,COn1cc(C(=O)O)c(=O)c2cc3c(cc21)OCO3,0,0,0,0,,
hydroxypethidine,,,,,CCOC(=O)C1(c2cccc(O)c2)CCN(C)CC1,0,0,0,0,,
melperone,,,,,CC1CCN(CCCC(=O)c2ccc(F)cc2)CC1,0,0,0,0,,
butetamate,,,,,CCC(C(=O)OCCN(CC)CC)c1ccccc1,0,0,0,0,,
protriptyline,,,,,CNCCCC1c2ccccc2C=Cc2ccccc21,0,0,0,0,,
dimethylthiambutene,,,,,CC(C=C(c1cccs1)c1cccs1)N(C)C,0,0,0,0,,
clopirac,,,,,Cc1cc(CC(=O)O)c(C)n1-c1ccc(Cl)cc1,0,0,0,0,,
iprazochrome,,,,,CC(C)N1CC(O)c2cc(N=NC(N)=O)c(O)cc21,0,0,0,0,,
sulfaperin,,,,,Cc1cnc(NS(=O)(=O)c2ccc(N)cc2)nc1,0,0,0,0,,
sulfamerazine,,,,,Cc1ccnc(NS(=O)(=O)c2ccc(N)cc2)n1,0,0,0,0,,
propacetamol,,,,,CCN(CC)CC(=O)Oc1ccc(NC(C)=O)cc1,0,0,0,0,,
etaqualone,,,,,CCc1ccccc1-n1c(C)nc2ccccc2c1=O,0,0,0,0,,
pentifylline,,,,,CCCCCCn1c(=O)c2c(ncn2C)n(C)c1=O,0,0,0,0,,
thialbarbital,,,,,C=CCC1(C2C=CCCC2)C(=O)NC(=S)NC1=O,0,0,0,0,,
tetracaine,,,,,CCCCNc1ccc(C(=O)OCCN(C)C)cc1,0,0,0,0,,
sulfiram,,,,,CCN(CC)C(=S)SC(=S)N(CC)CC,0,0,0,0,,
streptozocin,,,,,CN(N=O)C(=O)NC1C(O)OC(CO)C(O)C1O,0,0,0,0,,
oxycinchophen,,,,,O=C(O)c1c(O)c(-c2ccccc2)nc2ccccc12,0,0,0,0,,
parethoxycaine,,,,,CCOc1ccc(C(=O)OCCN(CC)CC)cc1,0,0,0,0,,
myrtecaine,,,,,CCN(CC)CCOCCC1=CCC2CC1C2(C)C,0,0,0,0,,
chloralodol,,,,,CC(CC(C)(C)O)OC(O)C(Cl)(Cl)Cl,0,0,0,0,,
bropirimine,,,,,Nc1nc(-c2ccccc2)c(Br)c(=O)[nH]1,0,0,0,0,,
doxofylline,,,,,Cn1c(=O)c2c(ncn2CC2OCCO2)n(C)c1=O,0,0,0,0,,
benzarone,,,,,CCc1oc2ccccc2c1C(=O)c1ccc(O)cc1,0,0,0,0,,
dienestrol,,,,,CC=C(C(=CC)c1ccc(O)cc1)c1ccc(O)cc1,0,0,0,0,,
bucolome,,,,,CCCCc1c(O)[nH]c(=O)n(C2CCCCC2)c1=O,0,0,0,0,,
trimetazidine,,,,,COc1ccc(CN2CCNCC2)c(OC)c1OC,0,0,0,0,,
propenidazole,,,,,CCOC(=O)C(=Cc1ncc([N+](=O)[O-])n1C)C(C)=O,0,0,0,0,,
vidarabine,,,,,Nc1ncnc2c1ncn2C1OC(CO)C(O)C1O,0,0,0,0,,
voglibose,,,,,OCC(CO)NC1CC(O)(CO)C(O)C(O)C1O,0,0,0,0,,
cafaminol,,,,,CN(CCO)c1nc2c(c(=O)n(C)c(=O)n2C)n1C,0,0,0,0,,
sulfafurazole,,,,,Cc1noc(NS(=O)(=O)c2ccc(N)cc2)c1C,0,0,0,0,,
sulfamoxole,,,,,Cc1nc(NS(=O)(=O)c2ccc(N)cc2)oc1C,0,0,0,0,,
carbuterol,,,,,CC(C)(C)NCC(O)c1ccc(O)c(NC(N)=O)c1,0,0,0,0,,
azacyclonol,,,,,OC(c1ccccc1)(c1ccccc1)C1CCNCC1,0,0,0,0,,
pipradrol,,,,,OC(c1ccccc1)(c1ccccc1)C1CCCCN1,0,0,0,0,,
chlornaphazine,,,,,ClCCN(CCCl)c1ccc2ccccc2c1,0,0,0,0,,
nifurtoinol,,,,,O=c1n(N=Cc2ccc([N+](=O)[O-])o2)cc(O)n1CO,0,0,0,0,,
inosine,,,,,O=c1[nH]cnc2c1ncn2C1OC(CO)C(O)C1O,0,0,0,0,,
isoxepac,,,,,O=C(O)Cc1ccc2c(c1)C(=O)c1ccccc1CO2,0,0,0,0,,
razoxane,,,,,CC(CN1CC(=O)NC(=O)C1)N1CC(=O)NC(=O)C1,0,0,0,0,,
ripazepam,,,,,CCn1nc(C)c2c1C(c1ccccc1)=NCC(=O)N2,0,0,0,0,,
diethylstilbestrol,,,,,CC=C(c1ccc(O)cc1)C(CC)c1ccc(O)cc1,0,0,0,0,,
trimethidinium,,,,,CC12CCC(C[N+](C)(CCC[N+](C)(C)C)C1)C2(C)C,0,0,0,0,,
dichlorophen,,,,,Oc1ccc(Cl)cc1Cc1cc(Cl)ccc1O,0,0,0,0,,
propatylnitrate,,,,,CCC(CO[N+](=O)[O-])(CO[N+](=O)[O-])CO[N+](=O)[O-],0,0,0,0,,
endralazine,,,,,NNc1cc2c(nn1)CCN(C(=O)c1ccccc1)C2,0,0,0,0,,
sulfasomizole,,,,,Cc1cc(NS(=O)(=O)c2ccc(N)cc2)sn1,0,0,0,0,,
sulfamethylthiazole,,,,,Cc1csc(NS(=O)(=O)c2ccc(N)cc2)n1,0,0,0,0,,
orphenadrine,,,,,Cc1ccccc1C(OCCN(C)C)c1ccccc1,0,0,0,0,,
moxastine,,,,,CN(C)CCOC(C)(c1ccccc1)c1ccccc1,0,0,0,0,,
dextrofemine,,,,,CC(COc1ccccc1)NC(C)Cc1ccccc1,0,0,0,0,,
bifemelane,,,,,CNCCCCOc1ccccc1Cc1ccccc1,0,0,0,0,,
pramiracetam,,,,,CC(C)N(CCNC(=O)CN1CCCC1=O)C(C)C,0,0,0,0,,
epervudine,,,,,CC(C)c1cn(C2CC(O)C(CO)O2)c(=O)[nH]c1=O,0,0,0,0,,
sulfamethizole,,,,,Cc1nnc(NS(=O)(=O)c2ccc(N)cc2)s1,0,0,0,0,,
hexestrol,,,,,CCC(c1ccc(O)cc1)C(CC)c1ccc(O)cc1,0,0,0,0,,
tolonium,,,,,Cc1cc2nc3ccc(N(C)C)cc3[s+]c2cc1N,0,0,0,0,,
fenethazine,,,,,CN(C)CCN1c2ccccc2Sc2ccccc21,0,0,0,0,,
mecloqualone,,,,,Cc1nc2ccccc2c(=O)n1-c1ccccc1Cl,0,0,0,0,,
nordazepam,,,,,O=C1CN=C(c2ccccc2)c2cc(Cl)ccc2N1,0,0,0,0,,
clofenamide,,,,,NS(=O)(=O)c1ccc(Cl)c(S(N)(=O)=O)c1,0,0,0,0,,
medazepam,,,,,CN1CCN=C(c2ccccc2)c2cc(Cl)ccc21,0,0,0,0,,
pentrinitrol,,,,,O=[N+]([O-])OCC(CO)(CO[N+](=O)[O-])CO[N+](=O)[O-],0,0,0,0,,
acetaminosalol,,,,,CC(=O)Nc1ccc(OC(=O)c2ccccc2O)cc1,0,0,0,0,,
carbubarb,,,,,CCCCC1(CCOC(N)=O)C(=O)NC(=O)NC1=O,0,0,0,0,,
ftivazide,,,,,COc1cc(C=NNC(=O)c2ccncc2)ccc1O,0,0,0,0,,
amoscanate,,,,,O=[N+]([O-])c1ccc(Nc2ccc(N=C=S)cc2)cc1,0,0,0,0,,
metiazinic acid,,,,,CN1c2ccccc2Sc2ccc(CC(=O)O)cc21,0,0,0,0,,
carbutamide,,,,,CCCCNC(=O)NS(=O)(=O)c1ccc(N)cc1,0,0,0,0,,
desomorphine,,,,,CN1CCC23c4c5ccc(O)c4OC2CCCC3C1C5,0,0,0,0,,
subathizone,,,,,CCS(=O)(=O)c1ccc(C=NNC(N)=S)cc1,0,0,0,0,,
nepinalone,,,,,CC1(CCN2CCCCC2)C(=O)CCc2ccccc21,0,0,0,0,,
delmopinol,,,,,CCCC(CCC)CCCC1COCCN1CCO,0,0,0,0,,
bupranolol,,,,,Cc1ccc(Cl)c(OCC(O)CNC(C)(C)C)c1,0,0,0,0,,
muzolimine,,,,,CC(c1ccc(Cl)c(Cl)c1)n1[nH]c(N)cc1=O,0,0,0,0,,
zolimidine,,,,,CS(=O)(=O)c1ccc(-c2cn3ccccc3n2)cc1,0,0,0,0,,
perisoxal,,,,,OC(CN1CCCCC1)c1cc(-c2ccccc2)on1,0,0,0,0,,
quinisocaine,,,,,CCCCc1cc2ccccc2c(OCCN(C)C)n1,0,0,0,0,,
pilsicainide,,,,,Cc1cccc(C)c1NC(=O)CC12CCCN1CCC2,0,0,0,0,,
nimustine,,,,,Cc1ncc(CNC(=O)N(CCCl)N=O)c(N)n1,0,0,0,0,,
oxaflozane,,,,,CC(C)N1CCOC(c2cccc(C(F)(F)F)c2)C1,0,0,0,0,,
stepronin,,,,,CC(SC(=O)c1cccs1)C(=O)NCC(=O)O,0,0,0,0,,
tilidine,,,,,CCOC(=O)C1(c2ccccc2)CCC=CC1N(C)C,0,0,0,0,,
carprofen,,,,,CC(C(=O)O)c1ccc2c(c1)[nH]c1ccc(Cl)cc12,0,0,0,0,,
chlormezanone,,,,,CN1C(=O)CCS(=O)(=O)C1c1ccc(Cl)cc1,0,0,0,0,,
tryparsamide,,,,,NC(=O)CNc1ccc([As](=O)(O)O)cc1,0,0,0,0,,
guaiacol carbonate,,,,,COc1ccccc1OC(=O)Oc1ccccc1OC,0,0,0,0,,
ensulizole,,,,,O=S(=O)(O)c1ccc2[nH]c(-c3ccccc3)nc2c1,0,0,0,0,,
tybamate,,,,,CCCCNC(=O)OCC(C)(CCC)COC(N)=O,0,0,0,0,,
nandrolone,,,,,CC12CCC3C4=C(CCC3C1CCC2O)CC(=O)CC4,0,0,0,0,,
acetarsol,,,,,CC(=O)Nc1cc([As](=O)(O)O)ccc1O,0,0,0,0,,
nifuroxazide,,,,,O=C(NN=Cc1ccc([N+](=O)[O-])o1)c1ccc(O)cc1,0,0,0,0,,
furalazine,,,,,Nc1ncc(C=Cc2ccc([N+](=O)[O-])o2)nn1,0,0,0,0,,
meturedepa,,,,,CCOC(=O)NP(=O)(N1CC1(C)C)N1CC1(C)C,0,0,0,0,,
meticrane,,,,,Cc1cc2c(cc1S(N)(=O)=O)S(=O)(=O)CCC2,0,0,0,0,,
physostigmine,,,,,CNC(=O)Oc1ccc2c(c1)C1(C)CCN(C)C1N2C,0,0,0,0,,
propipocaine,,,,,CCCOc1ccc(C(=O)CCN2CCCCC2)cc1,0,0,0,0,,
propiram,,,,,CCC(=O)N(c1ccccn1)C(C)CN1CCCCC1,0,0,0,0,,
oxagrelate,,,,,CCOC(=O)c1c(C)cc2c(CO)n[nH]c(=O)c2c1C,0,0,0,0,,
sulfabenzamide,,,,,Nc1ccc(S(=O)(=O)NC(=O)c2ccccc2)cc1,0,0,0,0,,
cyclandelate,,,,,CC1CC(OC(=O)C(O)c2ccccc2)CC(C)(C)C1,0,0,0,0,,
tetraethylphthalamide,,,,,CCN(CC)C(=O)c1ccccc1C(=O)N(CC)CC,0,0,0,0,,
mebhydrolin,,,,,CN1CCc2c(c3ccccc3n2Cc2ccccc2)C1,0,0,0,0,,
bolandiol dipropionate,,,,,CCC(=O)OC1C=C2CCC3C(CCC4(C)C(OC(=O)CC)CCC34)C2CC1,0,0,0,0,,
etidocaine,,,,,CCCN(CC)C(CC)C(=O)Nc1c(C)cccc1C,0,0,0,0,,
neridronic acid,,,,,NCCCCCC(O)(P(=O)(O)O)P(=O)(O)O,0,0,0,0,,
folescutol,,,,,O=c1cc(CN2CCOCC2)c2cc(O)c(O)cc2o1,0,0,0,0,,
elliptinium,,,,,Cc1c2cc[n+](C)cc2c(C)c2c1[nH]c1ccc(O)cc12,0,0,0,0,,
acetamidoeugenol,,,,,C=CCc1ccc(OCC(=O)N(CC)CC)c(OC)c1,0,0,0,0,,
ethylmethylthiambutene,,,,,CCN(C)C(C)C=C(c1cccs1)c1cccs1,0,0,0,0,,
treosulfan,,,,,CS(=O)(=O)OCC(O)C(O)COS(C)(=O)=O,0,0,0,0,,
lomifylline,,,,,CC(=O)CCCCn1cnc2c1c(=O)n(C)c(=O)n2C,0,0,0,0,,
pentoxifylline,,,,,CC(=O)CCCCn1c(=O)c2c(ncn2C)n(C)c1=O,0,0,0,0,,
sulfisomidine,,,,,Cc1cc(NS(=O)(=O)c2ccc(N)cc2)nc(C)n1,0,0,0,0,,
sulfadimidine,,,,,Cc1cc(C)nc(NS(=O)(=O)c2ccc(N)cc2)n1,0,0,0,0,,
tolycaine,,,,,CCN(CC)CC(=O)Nc1c(C)cccc1C(=O)OC,0,0,0,0,,
proquazone,,,,,Cc1ccc2c(-c3ccccc3)nc(=O)n(C(C)C)c2c1,0,0,0,0,,
demexiptiline,,,,,CNCCON=c1c2ccccc2ccc2ccccc12,0,0,0,0,,
sodium gualenate,,,,,Cc1cc(S(=O)(=O)O)c2c(C)ccc(C(C)C)cc1-2,0,0,0,0,,
egualen,,,,,CCc1cc(S(=O)(=O)O)c2cc(C(C)C)cccc1-2,0,0,0,0,,
dimethocaine,,,,,CCN(CC)CC(C)(C)COC(=O)c1ccc(N)cc1,0,0,0,0,,
triprolidine,,,,,Cc1ccc(C(=CCN2CCCC2)c2ccccn2)cc1,0,0,0,0,,
diphemanil,,,,,C[N+]1(C)CCC(=C(c2ccccc2)c2ccccc2)CC1,0,0,0,0,,
gamolenic acid,,,,,CCCCCC=CCC=CCC=CCCCCC(=O)O,0,0,0,0,,
clidanac,,,,,O=C(O)C1CCc2cc(C3CCCCC3)c(Cl)cc21,0,0,0,0,,
acecarbromal,,,,,CCC(Br)(CC)C(=O)NC(=O)NC(C)=O,0,0,0,0,,
oxamniquine,,,,,CC(C)NCC1CCc2cc(CO)c([N+](=O)[O-])cc2N1,0,0,0,0,,
ramosetron,,,,,Cn1cc(C(=O)C2CCc3[nH]cnc3C2)c2ccccc21,0,0,0,0,,
etamiphylline,,,,,CCN(CC)CCn1cnc2c1c(=O)n(C)c(=O)n2C,0,0,0,0,,
moxisylyte,,,,,CC(=O)Oc1cc(C(C)C)c(OCCN(C)C)cc1C,0,0,0,0,,
letosteine,,,,,CCOC(=O)CSCCC1NC(C(=O)O)CS1,0,0,0,0,,
fenpiprane,,,,,c1ccc(C(CCN2CCCCC2)c2ccccc2)cc1,0,0,0,0,,
levosimendan,,,,,CC1CC(=O)NN=C1c1ccc(NN=C(C#N)C#N)cc1,0,0,0,0,,
flumecinol,,,,,CCC(O)(c1ccccc1)c1cccc(C(F)(F)F)c1,0,0,0,0,,
sulfamonomethoxine,,,,,COc1cc(NS(=O)(=O)c2ccc(N)cc2)ncn1,0,0,0,0,,
sulfalene,,,,,COc1nccnc1NS(=O)(=O)c1ccc(N)cc1,0,0,0,0,,
sulfameter,,,,,COc1cnc(NS(=O)(=O)c2ccc(N)cc2)nc1,0,0,0,0,,
ipriflavone,,,,,CC(C)Oc1ccc2c(=O)c(-c3ccccc3)coc2c1,0,0,0,0,,
hydroxystilbamidine,,,,,N=C(N)c1ccc(C=Cc2ccc(C(=N)N)cc2O)cc1,0,0,0,0,,
mefexamide,,,,,CCN(CC)CCNC(=O)COc1ccc(OC)cc1,0,0,0,0,,
hydroxytetracaine,,,,,CCCCNc1ccc(C(=O)OCCN(C)C)c(O)c1,0,0,0,0,,
tromantadine,,,,,CN(C)CCOCC(=O)NC12CC3CC(CC(C3)C1)C2,0,0,0,0,,
histapyrrodine,,,,,c1ccc(CN(CCN2CCCC2)c2ccccc2)cc1,0,0,0,0,,
bamipine,,,,,CN1CCC(N(Cc2ccccc2)c2ccccc2)CC1,0,0,0,0,,
linoleic acid,,,,,CCCCCC=CCC=CCCCCCCCC(=O)O,0,0,0,0,,
flufenamic acid,,,,,O=C(O)c1ccccc1Nc1cccc(C(F)(F)F)c1,0,0,0,0,,
trimetozine,,,,,COc1cc(C(=O)N2CCOCC2)cc(OC)c1OC,0,0,0,0,,
indoprofen,,,,,CC(C(=O)O)c1ccc(N2Cc3ccccc3C2=O)cc1,0,0,0,0,,
ciclosidomine,,,,,O=C([N-]c1c[n+](N2CCOCC2)no1)C1CCCCC1,0,0,0,0,,
albendazole sulfoxide,,,,,CCC[S+]([O-])c1ccc2[nH]c(NC(=O)OC)nc2c1,0,0,0,0,,
piberaline,,,,,O=C(c1ccccn1)N1CCN(Cc2ccccc2)CC1,0,0,0,0,,
diphenylpyraline,,,,,CN1CCC(OC(c2ccccc2)c2ccccc2)CC1,0,0,0,0,,
xanomeline,,,,,CCCCCCOc1nsnc1C1=CCCN(C)C1,0,0,0,0,,
terodiline,,,,,CC(CC(c1ccccc1)c1ccccc1)NC(C)(C)C,0,0,0,0,,
alverine,,,,,CCN(CCCc1ccccc1)CCCc1ccccc1,0,0,0,0,,
bendazac,,,,,O=C(O)COc1nn(Cc2ccccc2)c2ccccc12,0,0,0,0,,
artemisinin,,,,,CC1CCC2C(C)C(=O)OC3OC4(C)CCC1C32OO4,0,0,0,0,,
vedaprofen,,,,,CC(C(=O)O)c1ccc(C2CCCCC2)c2ccccc12,0,0,0,0,,
octatropine methylbromide,,,,,CCCC(CCC)C(=O)OC1CC2CCC(C1)[N+]2(C)C,0,0,0,0,,
emepronium,,,,,CC[N+](C)(C)C(C)CC(c1ccccc1)c1ccccc1,0,0,0,0,,
oleic acid,,,,,CCCCCCCCC=CCCCCCCCC(=O)O,0,0,0,0,,
tribromoethanol,,,,,OCC(Br)(Br)Br,0,0,0,0,,
papaveroline,,,,,Oc1ccc(Cc2nccc3cc(O)c(O)cc23)cc1O,0,0,0,0,,
cadralazine,,,,,CCOC(=O)NNc1ccc(N(CC)CC(C)O)nn1,0,0,0,0,,
levallorphan,,,,,C=CCN1CCC23CCCCC2C1Cc1ccc(O)cc13,0,0,0,0,,
trolnitrate,,,,,O=[N+]([O-])OCCN(CCO[N+](=O)[O-])CCO[N+](=O)[O-],0,0,0,0,,
taurolidine,,,,,O=S1(=O)CCN(CN2CCS(=O)(=O)NC2)CN1,0,0,0,0,,
sulfaethidole,,,,,CCc1nnc(NS(=O)(=O)c2ccc(N)cc2)s1,0,0,0,0,,
articaine,,,,,CCCNC(C)C(=O)Nc1c(C)csc1C(=O)OC,0,0,0,0,,
etozolin,,,,,CCOC(=O)C=C1SC(N2CCCCC2)C(=O)N1C,0,0,0,0,,
methylthioninium chloride,,,,,CN(C)c1ccc2nc3ccc(N(C)C)cc3[s+]c2c1,0,0,0,0,,
bibenzonium,,,,,C[N+](C)(C)CCOC(Cc1ccccc1)c1ccccc1,0,0,0,0,,
isopromethazine,,,,,CC(CN(C)C)N1c2ccccc2Sc2ccccc21,0,0,0,0,,
promazine,,,,,CN(C)CCCN1c2ccccc2Sc2ccccc21,0,0,0,0,,
lynestrenol,,,,,C#CC1(O)CCC2C3CCC4=CCCCC4C3CCC21C,0,0,0,0,,
iprindole,,,,,CN(C)CCCn1c2c(c3ccccc31)CCCCCC2,0,0,0,0,,
cetrimonium,,,,,CCCCCCCCCCCCCCCC[N+](C)(C)C,0,0,0,0,,
sulfachlorpyridazine,,,,,Nc1ccc(S(=O)(=O)Nc2ccc(Cl)nn2)cc1,0,0,0,0,,
disulfamide,,,,,Cc1cc(Cl)c(S(N)(=O)=O)cc1S(N)(=O)=O,0,0,0,0,,
bromebric acid,,,,,COc1ccc(C(=O)C(Br)=CC(=O)O)cc1,0,0,0,0,,
flunoxaprofen,,,,,CC(C(=O)O)c1ccc2oc(-c3ccc(F)cc3)nc2c1,0,0,0,0,,
nifuratel,,,,,CSCC1CN(N=Cc2ccc([N+](=O)[O-])o2)C(=O)O1,0,0,0,0,,
faropenem,,,,,CC(O)C1C(=O)N2C(C(=O)O)=C(C3CCCO3)SC12,0,0,0,0,,
probenecid,,,,,CCCN(CCC)S(=O)(=O)c1ccc(C(=O)O)cc1,0,0,0,0,,
medrylamine,,,,,COc1ccc(C(OCCN(C)C)c2ccccc2)cc1,0,0,0,0,,
mepyramine,,,,,COc1ccc(CN(CCN(C)C)c2ccccn2)cc1,0,0,0,0,,
prothipendyl,,,,,CN(C)CCCN1c2ccccc2Sc2cccnc21,0,0,0,0,,
isothipendyl,,,,,CC(CN1c2ccccc2Sc2cccnc21)N(C)C,0,0,0,0,,
pentazocine,,,,,CC(C)=CCN1CCC2(C)c3cc(O)ccc3CC1C2C,0,0,0,0,,
guaimesal,,,,,COc1ccccc1OC1(C)OC(=O)c2ccccc2O1,0,0,0,0,,
guacetisal,,,,,COc1ccccc1OC(=O)c1ccccc1OC(C)=O,0,0,0,0,,
sulfametrole,,,,,COc1nsnc1NS(=O)(=O)c1ccc(N)cc1,0,0,0,0,,
butazopyridine,,,,,CCCCOc1ccc(N=Nc2ccc(N)nc2N)cn1,0,0,0,0,,
methallenestril,,,,,CCC(c1ccc2cc(OC)ccc2c1)C(C)(C)C(=O)O,0,0,0,0,,
thonzylamine,,,,,COc1ccc(CN(CCN(C)C)c2ncccn2)cc1,0,0,0,0,,
androstenedione,,,,,CC12CCC3C(CC=C4CC(=O)CCC43C)C1CCC2=O,0,0,0,0,,
thenalidine,,,,,CN1CCC(N(Cc2cccs2)c2ccccc2)CC1,0,0,0,0,,
retinol,,,,,CC(C=CC1=C(C)CCCC1(C)C)=CC=CC(C)=CCO,0,0,0,0,,
brallobarbital,,,,,C=CCC1(CC(=C)Br)C(=O)NC(=O)NC1=O,0,0,0,0,,
fenticlor,,,,,Oc1ccc(Cl)cc1Sc1cc(Cl)ccc1O,0,0,0,0,,
incadronic acid,,,,,O=P(O)(O)C(NC1CCCCCC1)P(=O)(O)O,0,0,0,0,,
nifurtimox,,,,,CC1CS(=O)(=O)CCN1N=Cc1ccc([N+](=O)[O-])o1,0,0,0,0,,
sulmazole,,,,,COc1cc([S+](C)[O-])ccc1-c1nc2cccnc2[nH]1,0,0,0,0,,
naftifine,,,,,CN(CC=Cc1ccccc1)Cc1cccc2ccccc12,0,0,0,0,,
rhodoquine,,,,,CCN(CC)CCCNc1cc(OC)cc2cccnc12,0,0,0,0,,
proxazole,,,,,CCC(c1ccccc1)c1noc(CCN(CC)CC)n1,0,0,0,0,,
procyclidine,,,,,OC(CCN1CCCC1)(c1ccccc1)C1CCCCC1,0,0,0,0,,
cycrimine,,,,,OC(CCN1CCCCC1)(c1ccccc1)C1CCCC1,0,0,0,0,,
chlorproguanil,,,,,CC(C)N=C(N)N=C(N)Nc1ccc(Cl)c(Cl)c1,0,0,0,0,,
fospropofol,,,,,CC(C)c1cccc(C(C)C)c1OCOP(=O)(O)O,0,0,0,0,,
piromidic acid,,,,,CCn1cc(C(=O)O)c(=O)c2cnc(N3CCCC3)nc21,0,0,0,0,,
protiofate,,,,,CCCOC(=O)c1sc(C(=O)OCCC)c(O)c1O,0,0,0,0,,
difenpiramide,,,,,O=C(Cc1ccc(-c2ccccc2)cc1)Nc1ccccn1,0,0,0,0,,
malotilate,,,,,CC(C)OC(=O)C(C(=O)OC(C)C)=C1SC=CS1,0,0,0,0,,
phenglutarimide,,,,,CCN(CC)CCC1(c2ccccc2)CCC(=O)NC1=O,0,0,0,0,,
milverine,,,,,c1ccc(C(CCNc2ccncc2)c2ccccc2)cc1,0,0,0,0,,
methylestrenolone,,,,,CC1(O)CCC2C3CC=C4CC(=O)CCC4C3CCC21C,0,0,0,0,,
methitural,,,,,CCCC(C)C1(CCSC)C(=O)NC(=S)NC1=O,0,0,0,0,,
ethylestrenol,,,,,CCC1(O)CCC2C3CCC4=CCCCC4C3CCC21C,0,0,0,0,,
desalkylflurazepam,,,,,O=C1CN=C(c2ccccc2F)c2cc(Cl)ccc2N1,0,0,0,0,,
tetrazepam,,,,,CN1C(=O)C=NC(=C2CCCCC2)c2cc(Cl)ccc21,0,0,0,0,,
propallylonal,,,,,C=C(Br)CC1(C(C)C)C(=O)NC(=O)NC1=O,0,0,0,0,,
ciprofibrate,,,,,CC(C)(Oc1ccc(C2CC2(Cl)Cl)cc1)C(=O)O,0,0,0,0,,
tazanolast,,,,,CCCCOC(=O)C(=O)Nc1cccc(-c2nn[nH]n2)c1,0,0,0,0,,
adrafinil,,,,,[O-][S+](CC(O)=NO)C(c1ccccc1)c1ccccc1,0,0,0,0,,
rotraxate,,,,,NCC1CCC(C(=O)c2ccc(CCC(=O)O)cc2)CC1,0,0,0,0,,
improsulfan,,,,,CS(=O)(=O)OCCCNCCCOS(C)(=O)=O,0,0,0,0,,
butaverine,,,,,CCCCOC(=O)CC(c1ccccc1)N1CCCCC1,0,0,0,0,,
dyclonine,,,,,CCCCOc1ccc(C(=O)CCN2CCCCC2)cc1,0,0,0,0,,
caramiphen,,,,,CCN(CC)CCOC(=O)C1(c2ccccc2)CCCC1,0,0,0,0,,
bencyclane,,,,,CN(C)CCCOC1(Cc2ccccc2)CCCCCC1,0,0,0,0,,
triclosan,,,,,Oc1cc(Cl)ccc1Oc1ccc(Cl)cc1Cl,0,0,0,0,,
quinethazone,,,,,CCC1NC(=O)c2cc(S(N)(=O)=O)c(Cl)cc2N1,0,0,0,0,,
nicoclonate,,,,,CC(C)C(OC(=O)c1cccnc1)c1ccc(Cl)cc1,0,0,0,0,,
clofedanol,,,,,CN(C)CCC(O)(c1ccccc1)c1ccccc1Cl,0,0,0,0,,
chloropyramine,,,,,CN(C)CCN(Cc1ccc(Cl)cc1)c1ccccn1,0,0,0,0,,
cianidanol,,,,,Oc1cc(O)c2c(c1)OC(c1ccc(O)c(O)c1)C(O)C2,0,0,0,0,,
bagrosin,,,,,CC1(c2ccc3ccc4ccccc4c3c2)NC(=O)NC1=O,0,0,0,0,,
procaterol,,,,,CCC(NC(C)C)C(O)c1ccc(O)c2[nH]c(=O)ccc12,0,0,0,0,,
sulcaine,,,,,CCOC(=O)c1ccc(NC(=O)CN2CCCCC2)cc1,0,0,0,0,,
sultiame,,,,,NS(=O)(=O)c1ccc(N2CCCCS2(=O)=O)cc1,0,0,0,0,,
methylhomatropine,,,,,C[N+]1(C)C2CCC1CC(OC(=O)C(O)c1ccccc1)C2,0,0,0,0,,
oxabolone,,,,,CC12CCC3C4CCC(=O)C(=O)C4CCC3C1CCC2O,0,0,0,0,,
suxamethonium,,,,,C[N+](C)(C)CCOC(=O)CCC(=O)OCC[N+](C)(C)C,0,0,0,0,,
azatadine,,,,,CN1CCC(=C2c3ccccc3CCc3cccnc32)CC1,0,0,0,0,,
androstanolone,,,,,CC12CCC3C(CCC4CC(=O)CCC43C)C1CCC2O,0,0,0,0,,
androstenediol,,,,,CC12CCC(O)CC1=CCC1C2CCC2(C)C(O)CCC12,0,0,0,0,,
mepiperphenidol,,,,,CC(C)C(c1ccccc1)C(O)CC[N+]1(C)CCCCC1,0,0,0,0,,
lindane,,,,,ClC1C(Cl)C(Cl)C(Cl)C(Cl)C1Cl,0,0,0,0,,
sulfamidochrysoidine,,,,,Nc1ccc(N=Nc2ccc(S(N)(=O)=O)cc2)c(N)c1,0,0,0,0,,
befunolol,,,,,CC(=O)c1cc2cccc(OCC(O)CNC(C)C)c2o1,0,0,0,0,,
eseridine,,,,,CNC(=O)Oc1ccc2c(c1)C1(C)CCN(C)OC1N2C,0,0,0,0,,
fasudil,,,,,O=S(=O)(c1cccc2cnccc12)N1CCCNCC1,0,0,0,0,,
pecilocin,,,,,CCCCC(O)C=C(C)C=CC=CC(=O)N1CCCC1=O,0,0,0,0,,
eucatropine,,,,,CC1CC(OC(=O)C(O)c2ccccc2)CC(C)(C)N1C,0,0,0,0,,
cyclopentolate,,,,,CN(C)CCOC(=O)C(c1ccccc1)C1(O)CCCC1,0,0,0,0,,
butinoline,,,,,OC(C#CCN1CCCC1)(c1ccccc1)c1ccccc1,0,0,0,0,,
perlapine,,,,,CN1CCN(C2=Nc3ccccc3Cc3ccccc32)CC1,0,0,0,0,,
melitracen,,,,,CN(C)CCC=C1c2ccccc2C(C)(C)c2ccccc21,0,0,0,0,,
lobenzarit,,,,,O=C(O)c1ccccc1Nc1cc(Cl)ccc1C(=O)O,0,0,0,0,,
butedronic acid,,,,,O=C(O)CC(C(=O)O)C(P(=O)(O)O)P(=O)(O)O,0,0,0,0,,
cloranolol,,,,,CC(C)(C)NCC(O)COc1cc(Cl)ccc1Cl,0,0,0,0,,
tiamiprine,,,,,Cn1cnc([N+](=O)[O-])c1Sc1nc(N)nc2[nH]cnc12,0,0,0,0,,
bifluranol,,,,,CCC(c1ccc(O)c(F)c1)C(C)c1ccc(O)c(F)c1,0,0,0,0,,
leucinocaine,,,,,CCN(CC)C(COC(=O)c1ccc(N)cc1)CC(C)C,0,0,0,0,,
ambucetamide,,,,,CCCCN(CCCC)C(C(N)=O)c1ccc(OC)cc1,0,0,0,0,,
dimetindene,,,,,CC(C1=C(CCN(C)C)Cc2ccccc21)c1ccccn1,0,0,0,0,,
perfosfamide,,,,,O=P1(N(CCCl)CCCl)NC(OO)CCO1,0,0,0,0,,
pramocaine,,,,,CCCCOc1ccc(OCCCN2CCOCC2)cc1,0,0,0,0,,
butoxycaine,,,,,CCCCOc1ccc(C(=O)OCCN(CC)CC)cc1,0,0,0,0,,
amitriptylinoxide,,,,,C[N+](C)([O-])CCC=C1c2ccccc2CCc2ccccc21,0,0,0,0,,
pimethixene,,,,,CN1CCC(=C2c3ccccc3Sc3ccccc32)CC1,0,0,0,0,,
dimazole,,,,,CCN(CC)CCOc1ccc2nc(N(C)C)sc2c1,0,0,0,0,,
prozapine,,,,,c1ccc(C(CCN2CCCCCC2)c2ccccc2)cc1,0,0,0,0,,
pramiverine,,,,,CC(C)NC1CCC(c2ccccc2)(c2ccccc2)CC1,0,0,0,0,,
butriptyline,,,,,CC(CC1c2ccccc2CCc2ccccc21)CN(C)C,0,0,0,0,,
budipine,,,,,CC(C)(C)N1CCC(c2ccccc2)(c2ccccc2)CC1,0,0,0,0,,
lumiracoxib,,,,,Cc1ccc(Nc2c(F)cccc2Cl)c(CC(=O)O)c1,0,0,0,0,,
lidofenin,,,,,Cc1cccc(C)c1NC(=O)CN(CC(=O)O)CC(=O)O,0,0,0,0,,
rosoxacin,,,,,CCn1cc(C(=O)O)c(=O)c2ccc(-c3ccncc3)cc21,0,0,0,0,,
sulfametomidine,,,,,COc1cc(NS(=O)(=O)c2ccc(N)cc2)nc(C)n1,0,0,0,0,,
sulfacytine,,,,,CCn1ccc(NS(=O)(=O)c2ccc(N)cc2)nc1=O,0,0,0,0,,
troxipide,,,,,COc1cc(C(=O)NC2CCCNC2)cc(OC)c1OC,0,0,0,0,,
norgestrienone,,,,,C#CC1(O)CCC2C3=C(C=CC21C)C1=C(CC3)CC(=O)CC1,0,0,0,0,,
propoxycaine,,,,,CCCOc1cc(N)ccc1C(=O)OCCN(CC)CC,0,0,0,0,,
noxiptiline,,,,,CN(C)CCON=C1c2ccccc2CCc2ccccc21,0,0,0,0,,
dimetacrine,,,,,CN(C)CCCN1c2ccccc2C(C)(C)c2ccccc21,0,0,0,0,,
sodium myristyl sulfate,,,,,CCCCCCCCCCCCCCOS(=O)(=O)O,0,0,0,0,,
tiadenol,,,,,OCCSCCCCCCCCCCSCCO,0,0,0,0,,
bucloxic acid,,,,,O=C(O)CCC(=O)c1ccc(C2CCCCC2)c(Cl)c1,0,0,0,0,,
glyconiazide,,,,,O=C(NN=CC(O)C1OC(=O)C(O)C1O)c1ccncc1,0,0,0,0,,
azidamfenicol,,,,,[N-]=[N+]=NCC(=O)NC(CO)C(O)c1ccc([N+](=O)[O-])cc1,0,0,0,0,,
nimetazepam,,,,,CN1C(=O)CN=C(c2ccccc2)c2cc([N+](=O)[O-])ccc21,0,0,0,0,,
indobufen,,,,,CCC(C(=O)O)c1ccc(N2Cc3ccccc3C2=O)cc1,0,0,0,0,,
floredil,,,,,CCOc1cc(OCC)cc(OCCN2CCOCC2)c1,0,0,0,0,,
difemetorex,,,,,OCCN1CCCCC1C(c1ccccc1)c1ccccc1,0,0,0,0,,
pridinol,,,,,OC(CCN1CCCCC1)(c1ccccc1)c1ccccc1,0,0,0,0,,
normethadone,,,,,CCC(=O)C(CCN(C)C)(c1ccccc1)c1ccccc1,0,0,0,0,,
picoperine,,,,,c1ccc(N(CCN2CCCCC2)Cc2ccccn2)cc1,0,0,0,0,,
tertatolol,,,,,CC(C)(C)NCC(O)COc1cccc2c1SCCC2,0,0,0,0,,
pizotifen,,,,,CN1CCC(=C2c3ccccc3CCc3sccc32)CC1,0,0,0,0,,
dosulepin,,,,,CN(C)CCC=C1c2ccccc2CSc2ccccc21,0,0,0,0,,
diisopromine,,,,,CC(C)N(CCC(c1ccccc1)c1ccccc1)C(C)C,0,0,0,0,,
chloropyrilene,,,,,CN(C)CCN(Cc1ccc(Cl)s1)c1ccccn1,0,0,0,0,,
sulfarside,,,,,Nc1cc(S(N)(=O)=O)ccc1[As](=O)(O)O,0,0,0,0,,
meclofenamic acid,,,,,Cc1ccc(Cl)c(Nc2ccccc2C(=O)O)c1Cl,0,0,0,0,,
trifluridine,,,,,O=c1[nH]c(=O)n(C2CC(O)C(CO)O2)cc1C(F)(F)F,0,0,0,0,,
bermoprofen,,,,,Cc1ccc2c(c1)CC(=O)c1cc(C(C)C(=O)O)ccc1O2,0,0,0,0,,
exiproben,,,,,CCCCCCOCC(O)COc1ccccc1C(=O)O,0,0,0,0,,
propizepine,,,,,CC(CN1C(=O)c2cccnc2Nc2ccccc21)N(C)C,0,0,0,0,,
glycyclamide,,,,,Cc1ccc(S(=O)(=O)NC(=O)NC2CCCCC2)cc1,0,0,0,0,,
bentazepam,,,,,O=C1CN=C(c2ccccc2)c2c(sc3c2CCCC3)N1,0,0,0,0,,
ethinylestradiol,,,,,C#CC1(O)CCC2C3CCc4cc(O)ccc4C3CCC21C,0,0,0,0,,
dimevamide,,,,,CC(CC(C(N)=O)(c1ccccc1)c1ccccc1)N(C)C,0,0,0,0,,
parathiazine,,,,,c1ccc2c(c1)Sc1ccccc1N2CCN1CCCC1,0,0,0,0,,
methdilazine,,,,,CN1CCC(CN2c3ccccc3Sc3ccccc32)C1,0,0,0,0,,
disulfiram,,,,,CCN(CC)C(=S)SSC(=S)N(CC)CC,0,0,0,0,,
fenclofenac,,,,,O=C(O)Cc1ccccc1Oc1ccc(Cl)cc1Cl,0,0,0,0,,
enilconazole,,,,,C=CCOC(Cn1ccnc1)c1ccc(Cl)cc1Cl,0,0,0,0,,
tritiozine,,,,,COc1cc(C(=S)N2CCOCC2)cc(OC)c1OC,0,0,0,0,,
ibuprofen piconol,,,,,CC(C)Cc1ccc(C(C)C(=O)OCc2ccccn2)cc1,0,0,0,0,,
glybuzole,,,,,CC(C)(C)c1nnc(NS(=O)(=O)c2ccccc2)s1,0,0,0,0,,
imipramine oxide,,,,,C[N+](C)([O-])CCCN1c2ccccc2CCc2ccccc21,0,0,0,0,,
tolindate,,,,,Cc1cccc(N(C)C(=S)Oc2ccc3c(c2)CCC3)c1,0,0,0,0,,
duloxetine,,,,,CNCCC(Oc1cccc2ccccc12)c1cccs1,0,0,0,0,,
dimantine,,,,,CCCCCCCCCCCCCCCCCCN(C)C,0,0,0,0,,
metochalcone,,,,,COc1ccc(C=CC(=O)c2ccc(OC)cc2OC)cc1,0,0,0,0,,
piribedil,,,,,c1cnc(N2CCN(Cc3ccc4c(c3)OCO4)CC2)nc1,0,0,0,0,,
nialamide,,,,,O=C(CCNNC(=O)c1ccncc1)NCc1ccccc1,0,0,0,0,,
zaltoprofen,,,,,CC(C(=O)O)c1ccc2c(c1)CC(=O)c1ccccc1S2,0,0,0,0,,
artemether,,,,,COC1OC2OC3(C)CCC4C(C)CCC(C1C)C24OO3,0,0,0,0,,
phenacaine,,,,,CCOc1ccc(N=C(C)Nc2ccc(OCC)cc2)cc1,0,0,0,0,,
carazolol,,,,,CC(C)NCC(O)COc1cccc2[nH]c3ccccc3c12,0,0,0,0,,
minaprine,,,,,Cc1cc(-c2ccccc2)nnc1NCCN1CCOCC1,0,0,0,0,,
piprozolin,,,,,CCOC(=O)C=C1SC(N2CCCCC2)C(=O)N1CC,0,0,0,0,,
methestrol,,,,,CCC(c1ccc(O)c(C)c1)C(CC)c1ccc(O)c(C)c1,0,0,0,0,,
benzestrol,,,,,CCC(c1ccc(O)cc1)C(CC)C(C)c1ccc(O)cc1,0,0,0,0,,
alimemazine,,,,,CC(CN(C)C)CN1c2ccccc2Sc2ccccc21,0,0,0,0,,
diethazine,,,,,CCN(CC)CCN1c2ccccc2Sc2ccccc21,0,0,0,0,,
ricinoleic acid,,,,,CCCCCCC(O)CC=CCCCCCCCC(=O)O,0,0,0,0,,
rosaprostol,,,,,CCCCCCC1CCC(O)C1CCCCCCC(=O)O,0,0,0,0,,
imipenem,,,,,CC(O)C1C(=O)N2C(C(=O)O)=C(SCCN=CN)CC12,0,0,0,0,,
metopon,,,,,CN1CCC23c4c5ccc(O)c4OC2(C)C(=O)CCC3C1C5,0,0,0,0,,
buphenine,,,,,CC(CCc1ccccc1)NC(C)C(O)c1ccc(O)cc1,0,0,0,0,,
thiazinam,,,,,CC(CN1c2ccccc2Sc2ccccc21)[N+](C)(C)C,0,0,0,0,,
palmidrol,,,,,CCCCCCCCCCCCCCCC(=O)NCCO,0,0,0,0,,
traxanox,,,,,O=c1c2cccnc2oc2c(Cl)cc(-c3nn[nH]n3)cc12,0,0,0,0,,
carbazochrome,,,,,CN1CC(O)c2cc(N=NC(N)=O)c(O)cc21,0,0,0,0,,
testolactone,,,,,CC12CCC3C(CC=C4CC(=O)C=CC43C)C1CCC(=O)O2,0,0,0,0,,
metandienone,,,,,CC12C=CC(=O)C=C1CCC1C2CCC2(C)C1CCC2(C)O,0,0,0,0,,
etynodiol,,,,,C#CC1(OC(C)=O)CCC2C3CCC4=CC(OC(C)=O)CCC4C3CCC21C,0,0,0,0,,
allylestrenol,,,,,C=CCC1(O)CCC2C3CCC4=CCCCC4C3CCC21C,0,0,0,0,,
etifoxine,,,,,CCN=C1Nc2ccc(Cl)cc2C(C)(c2ccccc2)O1,0,0,0,0,,
clomacran,,,,,CN(C)CCCC1c2ccccc2Nc2ccc(Cl)cc21,0,0,0,0,,
chlorcyclizine,,,,,CN1CCN(C(c2ccccc2)c2ccc(Cl)cc2)CC1,0,0,0,0,,
bromindione,,,,,O=C1c2ccccc2C(=O)C1c1ccc(Br)cc1,0,0,0,0,,
isobromindione,,,,,O=C1c2ccc(Br)cc2C(=O)C1c1ccccc1,0,0,0,0,,
levdobutamine,,,,,CC(CCc1ccc(O)cc1)NCCc1ccc(O)c(O)c1,0,0,0,0,,
tegaserod,,,,,CCCCCN=C(N)NN=Cc1c[nH]c2ccc(OC)cc12,0,0,0,0,,
trihexyphenidyl,,,,,OC(CCN1CCCCC1)(c1ccccc1)C1CCCCC1,0,0,0,0,,
bisulepine,,,,,CN(C)CCC=C1c2ccccc2CSc2sccc21,0,0,0,0,,
benoxaprofen,,,,,CC(C(=O)O)c1ccc2oc(-c3ccc(Cl)cc3)nc2c1,0,0,0,0,,
eritrityl tetranitrate,,,,,O=[N+]([O-])OCC(O[N+](=O)[O-])C(CO[N+](=O)[O-])O[N+](=O)[O-],0,0,0,0,,
quercetin,,,,,O=c1c(O)c(-c2ccc(O)c(O)c2)oc2cc(O)cc(O)c12,0,0,0,0,,
hesperetin,,,,,COc1ccc(C2CC(=O)c3c(O)cc(O)cc3O2)cc1O,0,0,0,0,,
terizidone,,,,,O=C1NOCC1N=Cc1ccc(C=NC2CONC2=O)cc1,0,0,0,0,,
florantyrone,,,,,O=C(O)CCC(=O)c1ccc2c(c1)-c1cccc3cccc-2c13,0,0,0,0,,
masoprocol,,,,,CC(Cc1ccc(O)c(O)c1)C(C)Cc1ccc(O)c(O)c1,0,0,0,0,,
aminopropylone,,,,,Cc1c(NC(=O)C(C)N(C)C)c(=O)n(-c2ccccc2)n1C,0,0,0,0,,
formestane,,,,,CC12CCC3C(CCC4C(=O)C(=O)CCC43C)C1CCC2=O,0,0,0,0,,
epimestrol,,,,,COc1ccc2c(c1)CCC1C2CCC2(C)C(O)C(O)CC12,0,0,0,0,,
neticonazole,,,,,CCCCCOc1ccccc1C(=CSC)n1ccnc1,0,0,0,0,,
oxendolone,,,,,CCC1CC2C3CC=C4CC(=O)CCC4C3CCC2(C)C1O,0,0,0,0,,
methyltestosterone,,,,,CC12CCC(=O)C=C1CCC1C2CCC2(C)C1CCC2(C)O,0,0,0,0,,
eicosapentaenoic acid,,,,,CCC=CCC=CCC=CCC=CCC=CCCCC(=O)O,0,0,0,0,,
norethandrolone,,,,,CCC1(O)CCC2C3CC=C4CC(=O)CCC4C3CCC21C,0,0,0,0,,
tricyclamol chloride,,,,,C[N+]1(CCC(O)(c2ccccc2)C2CCCCC2)CCCC1,0,0,0,0,,
fludiazepam,,,,,CN1C(=O)CN=C(c2ccccc2F)c2cc(Cl)ccc21,0,0,0,0,,
broxyquinoline,,,,,Oc1c(Br)cc(Br)c2cccnc12,0,0,0,0,,
ethacrynic acid,,,,,C=C(CC)C(=O)c1ccc(OCC(=O)O)c(Cl)c1Cl,0,0,0,0,,
narcobarbital,,,,,C=C(Br)CC1(C(C)C)C(=O)NC(=O)N(C)C1=O,0,0,0,0,,
Iofetamine (123I),,,,,CC(C)NC(C)Cc1ccc(I)cc1,0,0,0,0,,
pipemidic acid,,,,,CCn1cc(C(=O)O)c(=O)c2cnc(N3CCNCC3)nc21,0,0,0,0,,
cocaine,,,,,COC(=O)C1C(OC(=O)c2ccccc2)CC2CCC1N2C,0,0,0,0,,
piroheptine,,,,,CCN1CCC(=C2c3ccccc3CCc3ccccc32)C1C,0,0,0,0,,
chlorphenoxamine,,,,,CN(C)CCOC(C)(c1ccccc1)c1ccc(Cl)cc1,0,0,0,0,,
spaglumic acid,,,,,CC(=O)NC(CC(=O)NC(CCC(=O)O)C(=O)O)C(=O)O,0,0,0,0,,
flupirtine,,,,,CCOC(=O)Nc1ccc(NCc2ccc(F)cc2)nc1N,0,0,0,0,,
xyloylsulfamine,,,,,Cc1ccc(C(=O)NS(=O)(=O)c2ccc(N)cc2)cc1C,0,0,0,0,,
tilisolol,,,,,Cn1cc(OCC(O)CNC(C)(C)C)c2ccccc2c1=O,0,0,0,0,,
quinupramine,,,,,c1ccc2c(c1)CCc1ccccc1N2C1CN2CCC1CC2,0,0,0,0,,
mesterolone,,,,,CC1CC(=O)CC2CCC3C4CCC(O)C4(C)CCC3C12C,0,0,0,0,,
mestanolone,,,,,CC12CCC(=O)CC1CCC1C2CCC2(C)C1CCC2(C)O,0,0,0,0,,
methandriol,,,,,CC12CCC(O)CC1=CCC1C2CCC2(C)C1CCC2(C)O,0,0,0,0,,
cetylpyridinium,,,,,CCCCCCCCCCCCCCCC[n+]1ccccc1,0,0,0,0,,
clobuzarit,,,,,CC(C)(OCc1ccc(-c2ccc(Cl)cc2)cc1)C(=O)O,0,0,0,0,,
chlorfenethazine,,,,,CN(C)CCN1c2ccccc2Sc2ccc(Cl)cc21,0,0,0,0,,
delorazepam,,,,,O=C1CN=C(c2ccccc2Cl)c2cc(Cl)ccc2N1,0,0,0,0,,
mannomustine,,,,,OC(CNCCCl)C(O)C(O)C(O)CNCCCl,0,0,0,0,,
cetraxate,,,,,NCC1CCC(C(=O)Oc2ccc(CCC(=O)O)cc2)CC1,0,0,0,0,,
bucumolol,,,,,Cc1ccc(OCC(O)CNC(C)(C)C)c2oc(=O)ccc12,0,0,0,0,,
atropine oxyde,,,,,C[N+]1([O-])C2CCC1CC(OC(=O)C(CO)c1ccccc1)C2,0,0,0,0,,
clioquinol,,,,,Oc1c(I)cc(Cl)c2cccnc12,0,0,0,0,,
nicofibrate,,,,,CC(C)(Oc1ccc(Cl)cc1)C(=O)OCc1cccnc1,0,0,0,0,,
acediasulfone,,,,,Nc1ccc(S(=O)(=O)c2ccc(NCC(=O)O)cc2)cc1,0,0,0,0,,
formylsulfamethin,,,,,Cc1cc(NS(=O)(=O)c2ccc(NC=O)cc2)nc(C)n1,0,0,0,0,,
phenolphthalol,,,,,OCc1ccccc1C(c1ccc(O)cc1)c1ccc(O)cc1,0,0,0,0,,
propentofylline,,,,,CCCn1cnc2c1c(=O)n(CCCCC(C)=O)c(=O)n2C,0,0,0,0,,
roxatidine acetate,,,,,CC(=O)OCC(=O)NCCCOc1cccc(CN2CCCCC2)c1,0,0,0,0,,
butacaine,,,,,CCCCN(CCCC)CCCOC(=O)c1ccc(N)cc1,0,0,0,0,,
valethamate,,,,,CCC(C)C(C(=O)OCC[N+](C)(CC)CC)c1ccccc1,0,0,0,0,,
prifinium,,,,,CC[N+]1(CC)CCC(=C(c2ccccc2)c2ccccc2)C1C,0,0,0,0,,
plaunotol,,,,,CC(C)=CCCC(C)=CCCC(=CCCC(C)=CCO)CO,0,0,0,0,,
epitiostanol,,,,,CC12CCC3C(CCC4CC5SC5CC43C)C1CCC2O,0,0,0,0,,
broxuridine,,,,,O=c1[nH]c(=O)n(C2CC(O)C(CO)O2)cc1Br,0,0,0,0,,
glutathione,,,,,NC(CCC(=O)NC(CS)C(=O)NCC(=O)O)C(=O)O,0,0,0,0,,
carbocysteine-lysine,,,,,NCCCCC(NC(=O)C(N)CSCC(=O)O)C(=O)O,0,0,0,0,,
sulfasymazine,,,,,CCc1nc(CC)nc(NS(=O)(=O)c2ccc(N)cc2)n1,0,0,0,0,,
ibopamine,,,,,CNCCc1ccc(OC(=O)C(C)C)c(OC(=O)C(C)C)c1,0,0,0,0,,
buflomedil,,,,,COc1cc(OC)c(C(=O)CCCN2CCCC2)c(OC)c1,0,0,0,0,,
moxaverine,,,,,CCc1cc2cc(OC)c(OC)cc2c(Cc2ccccc2)n1,0,0,0,0,,
talastine,,,,,CN(C)CCn1nc(Cc2ccccc2)c2ccccc2c1=O,0,0,0,0,,
tolnaftate,,,,,Cc1cccc(N(C)C(=S)Oc2ccc3ccccc3c2)c1,0,0,0,0,,
fabomotizole,,,,,CCOc1ccc2[nH]c(SCCN3CCOCC3)nc2c1,0,0,0,0,,
amprotropine,,,,,CCN(CC)CC(C)(C)COC(=O)C(CO)c1ccccc1,0,0,0,0,,
butamirate,,,,,CCC(C(=O)OCCOCCN(CC)CC)c1ccccc1,0,0,0,0,,
benzatropine,,,,,CN1C2CCC1CC(OC(c1ccccc1)c1ccccc1)C2,0,0,0,0,,
pirenoxine,,,,,O=C(O)c1cc(=O)c2c3nc4ccccc4oc-3cc(=O)c2[nH]1,0,0,0,0,,
sulisobenzone,,,,,COc1cc(O)c(C(=O)c2ccccc2)cc1S(=O)(=O)O,0,0,0,0,,
warfarin,,,,,CC(=O)CC(c1ccccc1)c1c(O)c2ccccc2oc1=O,0,0,0,0,,
roquinimex,,,,,CN(C(=O)c1c(O)c2ccccc2n(C)c1=O)c1ccccc1,0,0,0,0,,
nifenazone,,,,,Cc1c(NC(=O)c2cccnc2)c(=O)n(-c2ccccc2)n1C,0,0,0,0,,
ubenimex,,,,,CC(C)CC(NC(=O)C(O)C(N)Cc1ccccc1)C(=O)O,0,0,0,0,,
gestrinone,,,,,C#CC1(O)CCC2C3=C(C=CC21CC)C1=C(CC3)CC(=O)CC1,0,0,0,0,,
metabutoxycaine,,,,,CCCCOc1c(N)cccc1C(=O)OCCN(CC)CC,0,0,0,0,,
oxybuprocaine,,,,,CCCCOc1cc(C(=O)OCCN(CC)CC)ccc1N,0,0,0,0,,
indecainide,,,,,CC(C)NCCCC1(C(N)=O)c2ccccc2-c2ccccc21,0,0,0,0,,
pinazepam,,,,,C#CCN1C(=O)CN=C(c2ccccc2)c2cc(Cl)ccc21,0,0,0,0,,
aminaphthone,,,,,Cc1c(OC(=O)c2ccc(N)cc2)c(O)c2ccccc2c1O,0,0,0,0,,
glymidine,,,,,COCCOc1cnc(NS(=O)(=O)c2ccccc2)nc1,0,0,0,0,,
sulfaguanole,,,,,Cc1[nH]c(=NC(=N)NS(=O)(=O)c2ccc(N)cc2)oc1C,0,0,0,0,,
diacetazotol,,,,,CC(=O)N(C(C)=O)c1ccc(N=Nc2ccccc2C)cc1C,0,0,0,0,,
dioxadrol,,,,,c1ccc(C2(c3ccccc3)OCC(C3CCCCN3)O2)cc1,0,0,0,0,,
amolanone,,,,,CCN(CC)CCC1(c2ccccc2)C(=O)Oc2ccccc21,0,0,0,0,,
isomethadone,,,,,CCC(=O)C(c1ccccc1)(c1ccccc1)C(C)CN(C)C,0,0,0,0,,
diphenidol,,,,,OC(CCCN1CCCCC1)(c1ccccc1)c1ccccc1,0,0,0,0,,
metixene,,,,,CN1CCCC(CC2c3ccccc3Sc3ccccc32)C1,0,0,0,0,,
dicycloverine,,,,,CCN(CC)CCOC(=O)C1(C2CCCCC2)CCCCC1,0,0,0,0,,
chloralose,,,,,OCC(O)C1OC2OC(C(Cl)(Cl)Cl)OC2C1O,0,0,0,0,,
picrotin,,,,,CC(C)(O)C1C2OC(=O)C1C1(O)CC3OC34C(=O)OC2C14C,0,0,0,0,,
sulfadimethoxine,,,,,COc1cc(NS(=O)(=O)c2ccc(N)cc2)nc(OC)n1,0,0,0,0,,
trepibutone,,,,,CCOc1cc(OCC)c(C(=O)CCC(=O)O)cc1OCC,0,0,0,0,,
cetamolol,,,,,CNC(=O)COc1ccccc1OCC(O)CNC(C)(C)C,0,0,0,0,,
bifonazole,,,,,c1ccc(-c2ccc(C(c3ccccc3)n3ccnc3)cc2)cc1,0,0,0,0,,
mestranol,,,,,C#CC1(O)CCC2C3CCc4cc(OC)ccc4C3CCC21C,0,0,0,0,,
gestodene,,,,,C#CC1(O)C=CC2C3CC=C4CC(=O)CCC4C3CCC21CC,0,0,0,0,,
pecazine,,,,,CN1CCCC(CN2c3ccccc3Sc3ccccc32)C1,0,0,0,0,,
desogestrel,,,,,C#CC1(O)CCC2C3CCC4=CCCCC4C3C(=C)CC21CC,0,0,0,0,,
mabuterol,,,,,CC(C)(C)NCC(O)c1cc(Cl)c(N)c(C(F)(F)F)c1,0,0,0,0,,
croconazole,,,,,C=C(c1ccccc1OCc1cccc(Cl)c1)n1ccnc1,0,0,0,0,,
alloclamide,,,,,C=CCOc1cc(Cl)ccc1C(=O)NCCN(CC)CC,0,0,0,0,,
nalorphine,,,,,C=CCN1CCC23c4c5ccc(O)c4OC2C(O)C=CC3C1C5,0,0,0,0,,
butofilolol,,,,,CCCC(=O)c1cc(F)ccc1OCC(O)CNC(C)(C)C,0,0,0,0,,
metahexamide,,,,,Cc1ccc(S(=O)(=O)NC(=O)NC2CCCCC2)cc1N,0,0,0,0,,
fomocaine,,,,,c1ccc(OCc2ccc(CCCN3CCOCC3)cc2)cc1,0,0,0,0,,
femoxetine,,,,,COc1ccc(OCC2CN(C)CCC2c2ccccc2)cc1,0,0,0,0,,
adiphenine,,,,,CCN(CC)CCOC(=O)C(c1ccccc1)c1ccccc1,0,0,0,0,,
ambutonium,,,,,CC[N+](C)(C)CCC(C(N)=O)(c1ccccc1)c1ccccc1,0,0,0,0,,
dimepheptanol,,,,,CCC(O)C(CC(C)N(C)C)(c1ccccc1)c1ccccc1,0,0,0,0,,
biperiden,,,,,OC(CCN1CCCCC1)(c1ccccc1)C1CC2C=CC1C2,0,0,0,0,,
pyrrobutamine,,,,,Clc1ccc(CC(=CCN2CCCC2)c2ccccc2)cc1,0,0,0,0,,
propamidine,,,,,N=C(N)c1ccc(OCCCOc2ccc(C(=N)N)cc2)cc1,0,0,0,0,,
artemotil,,,,,CCOC1OC2OC3(C)CCC4C(C)CCC(C1C)C24OO3,0,0,0,0,,
ibuprofen guaiacol ester,,,,,COc1ccccc1OC(=O)C(C)c1ccc(CC(C)C)cc1,0,0,0,0,,
glybuthiazol,,,,,CC(C)(C)c1nnc(NS(=O)(=O)c2ccc(N)cc2)s1,0,0,0,0,,
ethisterone,,,,,C#CC1(O)CCC2C3CC=C4CC(=O)CCC4(C)C3CCC21C,0,0,0,0,,
dydrogesterone,,,,,CC(=O)C1CCC2C3=CC=C4CC(=O)CCC4(C)C3CCC12C,0,0,0,0,,
demegestone,,,,,CC(=O)C1(C)CCC2C3=C(CCC21C)C1=C(CC3)CC(=O)CC1,0,0,0,0,,
profenamine,,,,,CCN(CC)C(C)CN1c2ccccc2Sc2ccccc21,0,0,0,0,,
lonazolac,,,,,O=C(O)Cc1cn(-c2ccccc2)nc1-c1ccc(Cl)cc1,0,0,0,0,,
flubendazole,,,,,COC(=O)Nc1nc2cc(C(=O)c3ccc(F)cc3)ccc2[nH]1,0,0,0,0,,
benorilate,,,,,CC(=O)Nc1ccc(OC(=O)c2ccccc2OC(C)=O)cc1,0,0,0,0,,
ethylmorphine,,,,,CCOc1ccc2c3c1OC1C(O)C=CC4C(C2)N(C)CCC341,0,0,0,0,,
xenysalate,,,,,CCN(CC)CCOC(=O)c1cccc(-c2ccccc2)c1O,0,0,0,0,,
oxyfedrine,,,,,COc1cccc(C(=O)CCNC(C)C(O)c2ccccc2)c1,0,0,0,0,,
indisetron,,,,,CN1CC2CC(NC(=O)c3[nH]nc4ccccc34)CC(C1)N2C,0,0,0,0,,
fenalcomine,,,,,CCC(O)c1ccc(OCCNC(C)Cc2ccccc2)cc1,0,0,0,0,,
chlorozotocin,,,,,O=NN(CCCl)C(=O)NC1C(O)OC(CO)C(O)C1O,0,0,0,0,,
pimefylline,,,,,Cn1c(=O)c2c(ncn2CCNCc2cccnc2)n(C)c1=O,0,0,0,0,,
sulfaphenazole,,,,,Nc1ccc(S(=O)(=O)Nc2ccnn2-c2ccccc2)cc1,0,0,0,0,,
methopromazine,,,,,COc1ccc2c(c1)N(CCCN(C)C)c1ccccc1S2,0,0,0,0,,
sulbentine,,,,,S=C1SCN(Cc2ccccc2)CN1Cc1ccccc1,0,0,0,0,,
clorazepate,,,,,O=C(O)C1N=C(c2ccccc2)c2cc(Cl)ccc2NC1=O,0,0,0,0,,
homochlorcyclizine,,,,,CN1CCCN(C(c2ccccc2)c2ccc(Cl)cc2)CC1,0,0,0,0,,
loflucarban,,,,,Fc1ccc(NC(=S)Nc2cc(Cl)cc(Cl)c2)cc1,0,0,0,0,,
alizapride,,,,,C=CCN1CCCC1CNC(=O)c1cc2[nH]nnc2cc1OC,0,0,0,0,,
protizinic acid,,,,,COc1ccc2c(c1)Sc1ccc(C(C)C(=O)O)cc1N2C,0,0,0,0,,
mitiglinide,,,,,O=C(O)C(CC(=O)N1CC2CCCCC2C1)Cc1ccccc1,0,0,0,0,,
fendiline,,,,,CC(NCCC(c1ccccc1)c1ccccc1)c1ccccc1,0,0,0,0,,
pamaquine,,,,,CCN(CC)CCCC(C)Nc1cc(OC)cc2cccnc12,0,0,0,0,,
triclocarban,,,,,O=C(Nc1ccc(Cl)cc1)Nc1ccc(Cl)c(Cl)c1,0,0,0,0,,
fentiazac,,,,,O=C(O)Cc1sc(-c2ccccc2)nc1-c1ccc(Cl)cc1,0,0,0,0,,
clobenzepam,,,,,CN(C)CCN1C(=O)c2ccccc2Nc2cc(Cl)ccc21,0,0,0,0,,
chlorprothixene,,,,,CN(C)CCC=C1c2ccccc2Sc2ccc(Cl)cc21,0,0,0,0,,
pentaerithrityl tetranitrate,,,,,O=[N+]([O-])OCC(CO[N+](=O)[O-])(CO[N+](=O)[O-])CO[N+](=O)[O-],0,0,0,0,,
tinoridine,,,,,CCOC(=O)c1c(N)sc2c1CCN(Cc1ccccc1)C2,0,0,0,0,,
butalamine,,,,,CCCCN(CCCC)CCNc1nc(-c2ccccc2)no1,0,0,0,0,,
pregnenolone succinate,,,,,CC(=O)C1CCC2C3CC=C4CC(OC(=O)CCC(=O)O)CCC4(C)C3CCC12C,0,0,0,0,,
calusterone,,,,,CC1C=C2CC(=O)CCC2(C)C2CCC3(C)C(CCC3(C)O)C12,0,0,0,0,,
zimeldine,,,,,CN(C)CC=C(c1ccc(Br)cc1)c1cccnc1,0,0,0,0,,
oxyphenisatine,,,,,O=C1Nc2ccccc2C1(c1ccc(O)cc1)c1ccc(O)cc1,0,0,0,0,,
denopamine,,,,,COc1ccc(CCNCC(O)c2ccc(O)cc2)cc1OC,0,0,0,0,,
arbutamine,,,,,Oc1ccc(CCCCNCC(O)c2ccc(O)c(O)c2)cc1,0,0,0,0,,
butenafine,,,,,CN(Cc1ccc(C(C)(C)C)cc1)Cc1cccc2ccccc12,0,0,0,0,,
hexocyclium,,,,,C[N+]1(C)CCN(CC(O)(c2ccccc2)C2CCCCC2)CC1,0,0,0,0,,
amorolfine,,,,,CCC(C)(C)c1ccc(CC(C)CN2CC(C)OC(C)C2)cc1,0,0,0,0,,
mecloxamine,,,,,CC(CN(C)C)OC(C)(c1ccccc1)c1ccc(Cl)cc1,0,0,0,0,,
pazufloxacin,,,,,CC1COc2c(C3(N)CC3)c(F)cc3c(=O)c(C(=O)O)cn1c23,0,0,0,0,,
phenolphthalein,,,,,O=C1OC(c2ccc(O)cc2)(c2ccc(O)cc2)c2ccccc21,0,0,0,0,,
methscopolamine,,,,,C[N+]1(C)C2CC(OC(=O)C(CO)c3ccccc3)CC1C1OC12,0,0,0,0,,
oxymesterone,,,,,CC12CCC(=O)C(=O)C1CCC1C2CCC2(C)C1CCC2(C)O,0,0,0,0,,
bietamiverine,,,,,CCN(CC)CCOC(=O)C(c1ccccc1)N1CCCCC1,0,0,0,0,,
tiemonium,,,,,C[N+]1(CCC(O)(c2ccccc2)c2cccs2)CCOCC1,0,0,0,0,,
tridihexethyl,,,,,CC[N+](CC)(CC)CCC(O)(c1ccccc1)C1CCCCC1,0,0,0,0,,
tiludronic acid,,,,,O=P(O)(O)C(Sc1ccc(Cl)cc1)P(=O)(O)O,0,0,0,0,,
clotiazepam,,,,,CCc1cc2c(s1)N(C)C(=O)CN=C2c1ccccc1Cl,0,0,0,0,,
epalrestat,,,,,CC(=Cc1ccccc1)C=C1SC(=S)N(CC(=O)O)C1=O,0,0,0,0,,
cyclodrine,,,,,CCN(CC)CCOC(=O)C(c1ccccc1)C1(O)CCCC1,0,0,0,0,,
lanoconazole,,,,,N#CC(=C1SCC(c2ccccc2Cl)S1)n1ccnc1,0,0,0,0,,
enoxacin,,,,,CCn1cc(C(=O)O)c(=O)c2cc(F)c(N3CCNCC3)nc21,0,0,0,0,,
eterobarb,,,,,CCC1(c2ccccc2)C(=O)N(COC)C(=O)N(COC)C1=O,0,0,0,0,,
feprazone,,,,,CC(C)=CCc1c(O)n(-c2ccccc2)n(-c2ccccc2)c1=O,0,0,0,0,,
dibunate,,,,,CC(C)(C)c1ccc2c(S(=O)(=O)O)c(C(C)(C)C)ccc2c1,0,0,0,0,,
camylofin,,,,,CCN(CC)CCNC(C(=O)OCCC(C)C)c1ccccc1,0,0,0,0,,
timepidium,,,,,COC1CC(=C(c2cccs2)c2cccs2)C[N+](C)(C)C1,0,0,0,0,,
lonidamine,,,,,O=C(O)c1nn(Cc2ccc(Cl)cc2Cl)c2ccccc12,0,0,0,0,,
carboquone,,,,,COC(COC(N)=O)C1=C(N2CC2)C(=O)C(C)=C(N2CC2)C1=O,0,0,0,0,,
gabexate,,,,,CCOC(=O)c1ccc(OC(=O)CCCCCN=C(N)N)cc1,0,0,0,0,,
phenazocine,,,,,CC1C2Cc3ccc(O)cc3C1(C)CCN2CCc1ccccc1,0,0,0,0,,
dihexyverine,,,,,O=C(OCCN1CCCCC1)C1(C2CCCCC2)CCCCC1,0,0,0,0,,
minodronic acid,,,,,O=P(O)(O)C(O)(Cc1cnc2ccccn12)P(=O)(O)O,0,0,0,0,,
cyclocoumarol,,,,,COC1(C)CC(c2ccccc2)c2c(c3ccccc3oc2=O)O1,0,0,0,0,,
kebuzone,,,,,CC(=O)CCc1c(O)n(-c2ccccc2)n(-c2ccccc2)c1=O,0,0,0,0,,
zeranol,,,,,CC1CCCC(O)CCCCCc2cc(O)cc(O)c2C(=O)O1,0,0,0,0,,
glyhexamide,,,,,O=C(NC1CCCCC1)NS(=O)(=O)c1ccc2c(c1)CCC2,0,0,0,0,,
mequitazine,,,,,c1ccc2c(c1)Sc1ccccc1N2CC1CN2CCC1CC2,0,0,0,0,,
bisaramil,,,,,CCN1CC2CN(C)CC(C1)C2OC(=O)c1ccc(Cl)cc1,0,0,0,0,,
clostebol,,,,,CC12CCC(=O)C(Cl)=C1CCC1C2CCC2(C)C(O)CCC12,0,0,0,0,,
mepixanox,,,,,COc1ccc2c(=O)c3ccccc3oc2c1CN1CCCCC1,0,0,0,0,,
dimefline,,,,,COc1ccc2c(=O)c(C)c(-c3ccccc3)oc2c1CN(C)C,0,0,0,0,,
guaiapate,,,,,COc1ccccc1OCCOCCOCCN1CCCCC1,0,0,0,0,,
bufetolol,,,,,CC(C)(C)NCC(O)COc1ccccc1OCC1CCCO1,0,0,0,0,,
cicloprolol,,,,,CC(C)NCC(O)COc1ccc(OCCOCC2CC2)cc1,0,0,0,0,,
piperidolate,,,,,CCN1CCCC(OC(=O)C(c2ccccc2)c2ccccc2)C1,0,0,0,0,,
cinnamaverine,,,,,CCN(CC)CCOC(=O)C(=Cc1ccccc1)c1ccccc1,0,0,0,0,,
lysergide,,,,,CCN(CC)C(=O)C1C=C2c3cccc4[nH]cc(c34)CC2N(C)C1,0,0,0,0,,
tolciclate,,,,,Cc1cccc(N(C)C(=S)Oc2ccc3c(c2)C2CCC3C2)c1,0,0,0,0,,
cyamemazine,,,,,CC(CN(C)C)CN1c2ccccc2Sc2ccc(C#N)cc21,0,0,0,0,,
oxysonium,,,,,C[S+](C)CCOC(=O)C(O)(c1ccccc1)C1CCCCC1,0,0,0,0,,
furaltadone,,,,,O=C1OC(CN2CCOCC2)CN1N=Cc1ccc([N+](=O)[O-])o1,0,0,0,0,,
efloxate,,,,,CCOC(=O)COc1ccc2c(=O)cc(-c3ccccc3)oc2c1,0,0,0,0,,
valaciclovir,,,,,CC(C)C(N)C(=O)OCCOCn1cnc2c(=O)[nH]c(N)nc21,0,0,0,0,,
amphotalide,,,,,Nc1ccc(OCCCCCN2C(=O)c3ccccc3C2=O)cc1,0,0,0,0,,
ditazole,,,,,OCCN(CCO)c1nc(-c2ccccc2)c(-c2ccccc2)o1,0,0,0,0,,
nitracrine,,,,,CN(C)CCCNc1c2ccccc2nc2cccc([N+](=O)[O-])c12,0,0,0,0,,
acetohexamide,,,,,CC(=O)c1ccc(S(=O)(=O)NC(=O)NC2CCCCC2)cc1,0,0,0,0,,
viquidil,,,,,C=CC1CNCCC1CCC(=O)c1ccnc2ccc(OC)cc12,0,0,0,0,,
diampromide,,,,,CCC(=O)N(CC(C)N(C)CCc1ccccc1)c1ccccc1,0,0,0,0,,
vorozole,,,,,Cn1nnc2ccc(C(c3ccc(Cl)cc3)n3cncn3)cc21,0,0,0,0,,
prazepam,,,,,O=C1CN=C(c2ccccc2)c2cc(Cl)ccc2N1CC1CC1,0,0,0,0,,
capobenic acid,,,,,COc1cc(C(=O)NCCCCCC(=O)O)cc(OC)c1OC,0,0,0,0,,
ergometrine,,,,,CC(CO)NC(=O)C1C=C2c3cccc4[nH]cc(c34)CC2N(C)C1,0,0,0,0,,
mecillinam,,,,,CC1(C)SC2C(N=CN3CCCCCC3)C(=O)N2C1C(=O)O,0,0,0,0,,
etafenone,,,,,CCN(CC)CCOc1ccccc1C(=O)CCc1ccccc1,0,0,0,0,,
dapiprazole,,,,,Cc1ccccc1N1CCN(CCc2nnc3n2CCCC3)CC1,0,0,0,0,,
clemizole,,,,,Clc1ccc(Cn2c(CN3CCCC3)nc3ccccc32)cc1,0,0,0,0,,
nipradilol,,,,,CC(C)NCC(O)COc1cccc2c1OCC(O[N+](=O)[O-])C2,0,0,0,0,,
bumadizone,,,,,CCCCC(C(=O)O)C(=O)N(Nc1ccccc1)c1ccccc1,0,0,0,0,,
octabenzone,,,,,CCCCCCCCOc1ccc(C(=O)c2ccccc2)c(O)c1,0,0,0,0,,
moxestrol,,,,,C#CC1(O)CCC2C3CCc4cc(O)ccc4C3C(OC)CC21C,0,0,0,0,,
tiazesim,,,,,CN(C)CCN1C(=O)CC(c2ccccc2)Sc2ccccc21,0,0,0,0,,
aceprometazine,,,,,CC(=O)c1ccc2c(c1)N(CC(C)N(C)C)c1ccccc1S2,0,0,0,0,,
promegestone,,,,,CCC(=O)C1(C)CCC2C3=C(CCC21C)C1=C(CC3)CC(=O)CC1,0,0,0,0,,
bunaftine,,,,,CCCCN(CCN(CC)CC)C(=O)c1cccc2ccccc12,0,0,0,0,,
etymemazine,,,,,CCc1ccc2c(c1)N(CC(C)CN(C)C)c1ccccc1S2,0,0,0,0,,
bromochlorosalicylanilide,,,,,O=C(Nc1ccc(Cl)cc1)c1cc(Br)ccc1O,0,0,0,0,,
docosanol,,,,,CCCCCCCCCCCCCCCCCCCCCCO,0,0,0,0,,
niclosamide,,,,,O=C(Nc1ccc([N+](=O)[O-])cc1Cl)c1cc(Cl)ccc1O,0,0,0,0,,
leteprinim,,,,,O=C(CCn1cnc2c(=O)[nH]cnc21)Nc1ccc(C(=O)O)cc1,0,0,0,0,,
tranilast,,,,,COc1ccc(C=CC(=O)Nc2ccccc2C(=O)O)cc1OC,0,0,0,0,,
dimenoxadol,,,,,CCOC(C(=O)OCCN(C)C)(c1ccccc1)c1ccccc1,0,0,0,0,,
difemerine,,,,,CN(C)CC(C)(C)OC(=O)C(O)(c1ccccc1)c1ccccc1,0,0,0,0,,
benactyzine,,,,,CCN(CC)CCOC(=O)C(O)(c1ccccc1)c1ccccc1,0,0,0,0,,
norelgestromin,,,,,C#CC1(O)CCC2C3CCC4=CC(=NO)CCC4C3CCC21CC,0,0,0,0,,
tifenamil,,,,,CCN(CC)CCSC(=O)C(c1ccccc1)c1ccccc1,0,0,0,0,,
aminopromazine,,,,,CN(C)CC(CN1c2ccccc2Sc2ccccc21)N(C)C,0,0,0,0,,
clofibride,,,,,CN(C)C(=O)CCCOC(=O)C(C)(C)Oc1ccc(Cl)cc1,0,0,0,0,,
diloxanide furoate,,,,,CN(C(=O)C(Cl)Cl)c1ccc(OC(=O)c2ccco2)cc1,0,0,0,0,,
dilevalol,,,,,CC(CCc1ccccc1)NCC(O)c1ccc(O)c(C(N)=O)c1,0,0,0,0,,
tiapride,,,,,CCN(CC)CCNC(=O)c1cc(S(C)(=O)=O)ccc1OC,0,0,0,0,,
liranaftate,,,,,COc1cccc(N(C)C(=S)Oc2ccc3c(c2)CCCC3)n1,0,0,0,0,,
suplatast,,,,,CCOCC(O)COc1ccc(NC(=O)CC[S+](C)C)cc1,0,0,0,0,,
promestriene,,,,,CCCOc1ccc2c(c1)CCC1C2CCC2(C)C(OC)CCC12,0,0,0,0,,
retinol acetate,,,,,CC(=O)OCC=C(C)C=CC=C(C)C=CC1=C(C)CCCC1(C)C,0,0,0,0,,
stanozolol,,,,,CC12Cc3c[nH]nc3CC1CCC1C2CCC2(C)C1CCC2(C)O,0,0,0,0,,
ciclonium,,,,,CC[N+](C)(CC)CCOC(C)(c1ccccc1)C1CC2C=CC1C2,0,0,0,0,,
oxazolam,,,,,CC1CN2CC(=O)Nc3ccc(Cl)cc3C2(c2ccccc2)O1,0,0,0,0,,
clorexolone,,,,,NS(=O)(=O)c1cc2c(cc1Cl)CN(C1CCCCC1)C2=O,0,0,0,0,,
eberconazole,,,,,Clc1cc(Cl)c2c(c1)CCc1ccccc1C2n1ccnc1,0,0,0,0,,
flumethiazide,,,,,NS(=O)(=O)c1cc2c(cc1C(F)(F)F)N=CNS2(=O)=O,0,0,0,0,,
etofylline nicotinate,,,,,Cn1c(=O)c2c(ncn2CCOC(=O)c2cccnc2)n(C)c1=O,0,0,0,0,,
trilostane,,,,,CC12CCC3C(CCC45OC4C(=O)C(C#N)CC35C)C1CCC2O,0,0,0,0,,
bornaprine,,,,,CCN(CC)CCCOC(=O)C1(c2ccccc2)CC2CCC1C2,0,0,0,0,,
androisoxazole,,,,,CC12Cc3conc3CC1CCC1C2CCC2(C)C1CCC2(C)O,0,0,0,0,,
prenylamine,,,,,CC(Cc1ccccc1)NCCC(c1ccccc1)c1ccccc1,0,0,0,0,,
cloperastine,,,,,Clc1ccc(C(OCCN2CCCCC2)c2ccccc2)cc1,0,0,0,0,,
flurbiprofen axetil,,,,,CC(=O)OC(C)OC(=O)C(C)c1ccc(-c2ccccc2)c(F)c1,0,0,0,0,,
almecillin,,,,,C=CCSCC(=O)NC1C(=O)N2C1SC(C)(C)C2C(=O)O,0,0,0,0,,
oxomemazine,,,,,CC(CN(C)C)CN1c2ccccc2S(=O)(=O)c2ccccc21,0,0,0,0,,
mivotilate,,,,,Cc1csc(NC(=O)C(C(=O)OC(C)C)=C2SCS2)n1,0,0,0,0,,
desoxycortone,,,,,CC12CCC(=O)C=C1CCC1C2CCC2(C)C(C(=O)CO)CCC12,0,0,0,0,,
prasterone acetate,,,,,CC(=O)OC1CCC2(C)C(=CCC3C4CCC(=O)C4(C)CCC32)C1,0,0,0,0,,
dipiproverine,,,,,O=C(OCCN1CCCCC1)C(c1ccccc1)N1CCCCC1,0,0,0,0,,
tiquizium,,,,,C[N+]12CCCCC1CCC(=C(c1cccs1)c1cccs1)C2,0,0,0,0,,
teprenone,,,,,CC(=O)CCC=C(C)CCC=C(C)CCC=C(C)CCC=C(C)C,0,0,0,0,,
chlorbetamide,,,,,O=C(C(Cl)Cl)N(CCO)Cc1ccc(Cl)cc1Cl,0,0,0,0,,
tienilic acid,,,,,O=C(O)COc1ccc(C(=O)c2cccs2)c(Cl)c1Cl,0,0,0,0,,
hydroflumethiazide,,,,,NS(=O)(=O)c1cc2c(cc1C(F)(F)F)NCNS2(=O)=O,0,0,0,0,,
protokylol,,,,,CC(Cc1ccc2c(c1)OCO2)NCC(O)c1ccc(O)c(O)c1,0,0,0,0,,
oxyclipine,,,,,CN1CCCC(OC(=O)C(O)(c2ccccc2)C2CCCCC2)C1,0,0,0,0,,
glypinamide,,,,,O=C(NN1CCCCCC1)NS(=O)(=O)c1ccc(Cl)cc1,0,0,0,0,,
zotepine,,,,,CN(C)CCOC1=Cc2ccccc2Sc2ccc(Cl)cc21,0,0,0,0,,
dibromol,,,,,O=S(=O)(O)c1cc(Br)c(O)c(Br)c1,0,0,0,0,,
spectinomycin,,,,,CNC1C(O)C(NC)C2OC3(O)C(=O)CC(C)OC3OC2C1O,0,0,0,0,,
acedapsone,,,,,CC(=O)Nc1ccc(S(=O)(=O)c2ccc(NC(C)=O)cc2)cc1,0,0,0,0,,
oxitropium,,,,,CC[N+]1(C)C2CC(OC(=O)C(CO)c3ccccc3)CC1C1OC12,0,0,0,0,,
ipratropium,,,,,CC(C)[N+]1(C)C2CCC1CC(OC(=O)C(CO)c1ccccc1)C2,0,0,0,0,,
alfaxalone,,,,,CC(=O)C1CCC2C3CCC4CC(O)CCC4(C)C3C(=O)CC12C,0,0,0,0,,
brivudine,,,,,O=c1[nH]c(=O)n(C2CC(O)C(CO)O2)cc1C=CBr,0,0,0,0,,
pefloxacin,,,,,CCn1cc(C(=O)O)c(=O)c2cc(F)c(N3CCN(C)CC3)cc21,0,0,0,0,,
drotebanol,,,,,COc1ccc2c(c1OC)C13CCN(C)C(C2)C1(O)CCC(O)C3,0,0,0,0,,
pentoxyverine,,,,,CCN(CC)CCOCCOC(=O)C1(c2ccccc2)CCCC1,0,0,0,0,,
deptropine,,,,,CN1C2CCC1CC(OC1c3ccccc3CCc3ccccc31)C2,0,0,0,0,,
tropatepine,,,,,CN1C2CCC1CC(=C1c3ccccc3CSc3ccccc31)C2,0,0,0,0,,
bromazine,,,,,CN(C)CCOC(c1ccccc1)c1ccc(Br)cc1,0,0,0,0,,
tetroxoprim,,,,,COCCOc1c(OC)cc(Cc2cnc(N)nc2N)cc1OC,0,0,0,0,,
pimobendan,,,,,COc1ccc(-c2nc3cc(C4=NNC(=O)CC4C)ccc3[nH]2)cc1,0,0,0,0,,
benzylpenicillin,,,,,CC1(C)SC2C(NC(=O)Cc3ccccc3)C(=O)N2C1C(=O)O,0,0,0,0,,
proglumide,,,,,CCCN(CCC)C(=O)C(CCC(=O)O)NC(=O)c1ccccc1,0,0,0,0,,
fenalamide,,,,,CCOC(=O)C(CC)(C(=O)NCCN(CC)CC)c1ccccc1,0,0,0,0,,
progabide,,,,,NC(=O)CCCN=C(c1ccc(Cl)cc1)c1cc(F)ccc1O,0,0,0,0,,
isoxicam,,,,,Cc1cc(NC(=O)C2C(=O)c3ccccc3S(=O)(=O)N2C)no1,0,0,0,0,,
sulfachrysoidine,,,,,Nc1cc(N)c(N=Nc2ccc(S(N)(=O)=O)cc2)c(C(=O)O)c1,0,0,0,0,,
oxeladin,,,,,CCN(CC)CCOCCOC(=O)C(CC)(CC)c1ccccc1,0,0,0,0,,
norpipanone,,,,,CCC(=O)C(CCN1CCCCC1)(c1ccccc1)c1ccccc1,0,0,0,0,,
droprenilamine,,,,,CC(CC1CCCCC1)NCCC(c1ccccc1)c1ccccc1,0,0,0,0,,
pirifibrate,,,,,CC(C)(Oc1ccc(Cl)cc1)C(=O)OCc1cccc(CO)n1,0,0,0,0,,
nifurzide,,,,,O=C(NN=CC=Cc1ccc([N+](=O)[O-])o1)c1ccc([N+](=O)[O-])s1,0,0,0,0,,
buzepide metiodide,,,,,C[N+]1(CCC(C(N)=O)(c2ccccc2)c2ccccc2)CCCCCC1,0,0,0,0,,
nifurfoline,,,,,O=c1n(N=Cc2ccc([N+](=O)[O-])o2)cc(O)n1CN1CCOCC1,0,0,0,0,,
ufenamate,,,,,CCCCOC(=O)c1ccccc1Nc1cccc(C(F)(F)F)c1,0,0,0,0,,
disufenton,,,,,CC(C)(C)[N+]([O-])=Cc1ccc(S(=O)(=O)O)cc1S(=O)(=O)O,0,0,0,0,,
propanidid,,,,,CCCOC(=O)Cc1ccc(OCC(=O)N(CC)CC)c(OC)c1,0,0,0,0,,
pargeverine,,,,,C#CCOC(C(=O)OCCN(C)C)(c1ccccc1)c1ccccc1,0,0,0,0,,
decimemide,,,,,CCCCCCCCCCOc1c(OC)cc(C(N)=O)cc1OC,0,0,0,0,,
amineptine,,,,,O=C(O)CCCCCCNC1c2ccccc2CCc2ccccc21,0,0,0,0,,
fenpiverinium,,,,,C[N+]1(CCC(C(N)=O)(c2ccccc2)c2ccccc2)CCCCC1,0,0,0,0,,
suloctidil,,,,,CCCCCCCCNC(C)C(O)c1ccc(SC(C)C)cc1,0,0,0,0,,
fenquizone,,,,,NS(=O)(=O)c1cc2c(cc1Cl)NC(c1ccccc1)NC2=O,0,0,0,0,,
perflexane,,,,,FC(F)(F)C(F)(F)C(F)(F)C(F)(F)C(F)(F)C(F)(F)F,0,0,0,0,,
idebenone,,,,,COc1c(O)c(C)c(C=CCCCCCCCCO)c(O)c1OC,0,0,0,0,,
pirmenol,,,,,CC1CCCC(C)N1CCCC(O)(c1ccccc1)c1ccccn1,0,0,0,0,,
chlortalidone,,,,,NS(=O)(=O)c1cc(C2(O)NC(=O)c3ccccc32)ccc1Cl,0,0,0,0,,
brodimoprim,,,,,COc1cc(Cc2cnc(N)nc2N)cc(OC)c1Br,0,0,0,0,,
cefacetrile,,,,,CC(=O)OCC1=C(C(=O)O)N2C(=O)C(NC(=O)CC#N)C2SC1,0,0,0,0,,
mofezolac,,,,,COc1ccc(-c2noc(CC(=O)O)c2-c2ccc(OC)cc2)cc1,0,0,0,0,,
papaverine,,,,,COc1ccc(Cc2nccc3cc(OC)c(OC)cc23)cc1OC,0,0,0,0,,
xamoterol,,,,,O=C(NCCNCC(O)COc1ccc(O)cc1)N1CCOCC1,0,0,0,0,,
panipenem,,,,,CC(=N)N1CCC(SC2=C(C(=O)O)N3C(=O)C(C(C)O)C3C2)C1,0,0,0,0,,
pipethanate,,,,,O=C(OCCN1CCCCC1)C(O)(c1ccccc1)c1ccccc1,0,0,0,0,,
methylergometrine,,,,,CCC(CO)NC(=O)C1C=C2c3cccc4[nH]cc(c34)CC2N(C)C1,0,0,0,0,,
propyromazine,,,,,CC(C(=O)N1c2ccccc2Sc2ccccc21)[N+]1(C)CCCC1,0,0,0,0,,
perazine,,,,,CN1CCN(CCCN2c3ccccc3Sc3ccccc32)CC1,0,0,0,0,,
rociverine,,,,,CCN(CC)CC(C)OC(=O)C1CCCCC1(O)C1CCCCC1,0,0,0,0,,
hexetidine,,,,,CCCCC(CC)CN1CN(CC(CC)CCCC)CC(C)(N)C1,0,0,0,0,,
metipamide,,,,,CN(NC(=O)c1ccc(Cl)c(S(N)(=O)=O)c1)c1ccccc1,0,0,0,0,,
pirisudanol,,,,,Cc1ncc(COC(=O)CCC(=O)OCCN(C)C)c(CO)c1O,0,0,0,0,,
poldine,,,,,C[N+]1(C)CCCC1COC(=O)C(O)(c1ccccc1)c1ccccc1,0,0,0,0,,
parapenzolate,,,,,C[N+]1(C)CCC(OC(=O)C(O)(c2ccccc2)c2ccccc2)CC1,0,0,0,0,,
methanthelinium,,,,,CC[N+](C)(CC)CCOC(=O)C1c2ccccc2Oc2ccccc21,0,0,0,0,,
mepenzolate,,,,,C[N+]1(C)CCCC(OC(=O)C(O)(c2ccccc2)c2ccccc2)C1,0,0,0,0,,
canrenone,,,,,CC12CCC(=O)C=C1C=CC1C2CCC2(C)C1CCC21CCC(=O)O1,0,0,0,0,,
ethylhydrocupreine,,,,,CCOc1ccc2nccc(C(O)C3CC4CCN3CC4CC)c2c1,0,0,0,0,,
terguride,,,,,CCN(CC)C(=O)NC1CC2c3cccc4[nH]cc(c34)CC2N(C)C1,0,0,0,0,,
propiomazine,,,,,CCC(=O)c1ccc2c(c1)N(CC(C)N(C)C)c1ccccc1S2,0,0,0,0,,
lucanthone,,,,,CCN(CC)CCNc1ccc(C)c2sc3ccccc3c(=O)c12,0,0,0,0,,
medrogestone,,,,,CC(=O)C1(C)CCC2C3=CC(C)=C4CC(=O)CCC4(C)C3CCC21C,0,0,0,0,,
dimethisterone,,,,,CC#CC1(O)CCC2C3CC(C)=C4CC(=O)CCC4(C)C3CCC21C,0,0,0,0,,
penthienate,,,,,CC[N+](C)(CC)CCOC(=O)C(O)(c1cccs1)C1CCCC1,0,0,0,0,,
docosanoic acid,,,,,CCCCCCCCCCCCCCCCCCCCCC(=O)O,0,0,0,0,,
nitroxazepine,,,,,CN(C)CCCN1C(=O)c2cc([N+](=O)[O-])ccc2Oc2ccccc21,0,0,0,0,,
thebacon,,,,,COc1ccc2c3c1OC1C(OC(C)=O)=CCC4C(C2)N(C)CCC314,0,0,0,0,,
diseptal B ,,,,,CNS(=O)(=O)c1ccc(NS(=O)(=O)c2ccc(N)cc2)cc1,0,0,0,0,,
fenetylline,,,,,CC(Cc1ccccc1)NCCn1cnc2c1c(=O)n(C)c(=O)n2C,0,0,0,0,,
cyclacillin,,,,,CC1(C)SC2C(NC(=O)C3(N)CCCCC3)C(=O)N2C1C(=O)O,0,0,0,0,,
clobenztropine,,,,,CN1C2CCC1CC(OC(c1ccccc1)c1ccc(Cl)cc1)C2,0,0,0,0,,
siccanin,,,,,Cc1cc(O)c2c(c1)OC1(C)CCC3C(C)(C)CCCC34COC2C14,0,0,0,0,,
megestrol acetate,,,,,CC(=O)OC1(C(C)=O)CCC2C3=CC(C)=C4CC(=O)CCC4(C)C3CCC21C,0,0,0,0,,
flutoprazepam,,,,,O=C1CN=C(c2ccccc2F)c2cc(Cl)ccc2N1CC1CC1,0,0,0,0,,
etizolam,,,,,CCc1cc2c(s1)-n1c(C)nnc1CN=C2c1ccccc1Cl,0,0,0,0,,
acetyldihydrocodeine,,,,,COc1ccc2c3c1OC1C(OC(C)=O)CCC4C(C2)N(C)CCC341,0,0,0,0,,
cinchocaine,,,,,CCCCOc1cc(C(=O)NCCN(CC)CC)c2ccccc2n1,0,0,0,0,,
clotiapine,,,,,CN1CCN(C2=Nc3ccccc3Sc3ccc(Cl)cc32)CC1,0,0,0,0,,
clemastine,,,,,CN1CCCC1CCOC(C)(c1ccccc1)c1ccc(Cl)cc1,0,0,0,0,,
bromopride,,,,,CCN(CC)CCNC(=O)c1cc(Br)c(N)cc1OC,0,0,0,0,,
lactitol,,,,,OCC(O)C(O)C(OC1OC(CO)C(O)C(O)C1O)C(O)CO,0,0,0,0,,
sultosilic acid,,,,,Cc1ccc(S(=O)(=O)Oc2ccc(O)c(S(=O)(=O)O)c2)cc1,0,0,0,0,,
piketoprofen,,,,,Cc1ccnc(NC(=O)C(C)c2cccc(C(=O)c3ccccc3)c2)c1,0,0,0,0,,
formebolone,,,,,CC12C=C(C=O)C(=O)C=C1CCC1C2C(O)CC2(C)C1CCC2(C)O,0,0,0,0,,
oxyphencyclimine,,,,,CN1CCCN=C1COC(=O)C(O)(c1ccccc1)C1CCCCC1,0,0,0,0,,
medrysone,,,,,CC(=O)C1CCC2C3CC(C)=C4CC(=O)CCC4(C)C3C(O)CC12C,0,0,0,0,,
tribromometacresol,,,,,Cc1c(Br)cc(Br)c(O)c1Br,0,0,0,0,,
trengestone,,,,,CC(=O)C1CCC2C3=CC(Cl)=C4CC(=O)C=CC4(C)C3CCC12C,0,0,0,0,,
clorotepine,,,,,CN1CCN(C2Cc3ccccc3Sc3ccc(Cl)cc32)CC1,0,0,0,0,,
niclofolan,,,,,O=[N+]([O-])c1cc(Cl)cc(-c2cc(Cl)cc([N+](=O)[O-])c2O)c1O,0,0,0,0,,
tretoquinol,,,,,COc1cc(CC2NCCc3cc(O)c(O)cc32)cc(OC)c1OC,0,0,0,0,,
bevantolol,,,,,COc1ccc(CCNCC(O)COc2cccc(C)c2)cc1OC,0,0,0,0,,
clopamide,,,,,CC1CCCC(C)N1NC(=O)c1ccc(Cl)c(S(N)(=O)=O)c1,0,0,0,0,,
metofoline,,,,,COc1cc2c(cc1OC)C(CCc1ccc(Cl)cc1)N(C)CC2,0,0,0,0,,
flutrimazole,,,,,Fc1ccc(C(c2ccccc2)(c2ccccc2F)n2ccnc2)cc1,0,0,0,0,,
beclobrate,,,,,CCOC(=O)C(C)(CC)Oc1ccc(Cc2ccc(Cl)cc2)cc1,0,0,0,0,,
chlorproethazine,,,,,CCN(CC)CCCN1c2ccccc2Sc2ccc(Cl)cc21,0,0,0,0,,
adenosine phosphate,,,,,Nc1ncnc2c1ncn2C1OC(COP(=O)(O)O)C(O)C1O,0,0,0,0,,
arsthinol,,,,,CC(=O)Nc1cc([As]2SCC(CO)S2)ccc1O,0,0,0,0,,
nafamostat,,,,,N=C(N)Nc1ccc(C(=O)Oc2ccc3cc(C(=N)N)ccc3c2)cc1,0,0,0,0,,
sulbactam pivoxyl,,,,,CC(C)(C)C(=O)OCOC(=O)C1N2C(=O)CC2S(=O)(=O)C1(C)C,0,0,0,0,,
cefalexin,,,,,CC1=C(C(=O)O)N2C(=O)C(NC(=O)C(N)c3ccccc3)C2SC1,0,0,0,0,,
fedrilate,,,,,CC(CCN1CCOCC1)OC(=O)C1(c2ccccc2)CCOCC1,0,0,0,0,,
benzpiperylone,,,,,CN1CCC(n2[nH]c(-c3ccccc3)c(Cc3ccccc3)c2=O)CC1,0,0,0,0,,
indoramin,,,,,O=C(NC1CCN(CCc2c[nH]c3ccccc23)CC1)c1ccccc1,0,0,0,0,,
clanobutin,,,,,COc1ccc(N(CCCC(=O)O)C(=O)c2ccc(Cl)cc2)cc1,0,0,0,0,,
embramine,,,,,CN(C)CCOC(C)(c1ccccc1)c1ccc(Br)cc1,0,0,0,0,,
succisulfone,,,,,Nc1ccc(S(=O)(=O)c2ccc(NC(=O)CCC(=O)O)cc2)cc1,0,0,0,0,,
acrivastine,,,,,Cc1ccc(C(=CCN2CCCC2)c2cccc(C=CC(=O)O)n2)cc1,0,0,0,0,,
intoplicine,,,,,Cc1cnc(NCCCN(C)C)c2c1[nH]c1ccc3cc(O)ccc3c12,0,0,0,0,,
leiopyrrole,,,,,CCN(CC)CCOc1ccccc1-n1c(C)ccc1-c1ccccc1,0,0,0,0,,
oxyphenonium,,,,,CC[N+](C)(CC)CCOC(=O)C(O)(c1ccccc1)C1CCCCC1,0,0,0,0,,
ethyl dibunate,,,,,CCOS(=O)(=O)c1cc(C(C)(C)C)cc2cc(C(C)(C)C)ccc12,0,0,0,0,,
doxefazepam,,,,,O=C1C(O)N=C(c2ccccc2F)c2cc(Cl)ccc2N1CCO,0,0,0,0,,
halocarban,,,,,O=C(Nc1ccc(Cl)cc1)Nc1ccc(Cl)c(C(F)(F)F)c1,0,0,0,0,,
sorivudine,,,,,O=c1[nH]c(=O)n(C2OC(CO)C(O)C2O)cc1C=CBr,0,0,0,0,,
cloxazolam,,,,,O=C1CN2CCOC2(c2ccccc2Cl)c2cc(Cl)ccc2N1,0,0,0,0,,
cinmetacin,,,,,COc1ccc2c(c1)c(CC(=O)O)c(C)n2C(=O)C=Cc1ccccc1,0,0,0,0,,
cefradine,,,,,CC1=C(C(=O)O)N2C(=O)C(NC(=O)C(N)C3=CCC=CC3)C2SC1,0,0,0,0,,
dipipanone,,,,,CCC(=O)C(CC(C)N1CCCCC1)(c1ccccc1)c1ccccc1,0,0,0,0,,
cetiedil,,,,,O=C(OCCN1CCCCCC1)C(c1ccsc1)C1CCCCC1,0,0,0,0,,
azasetron,,,,,CN1C(=O)COc2c(C(=O)NC3CN4CCC3CC4)cc(Cl)cc21,0,0,0,0,,
phenoxymethylpenicillin,,,,,CC1(C)SC2C(NC(=O)COc3ccccc3)C(=O)N2C1C(=O)O,0,0,0,0,,
biapenem,,,,,CC(O)C1C(=O)N2C(C(=O)[O-])=C(SC3Cn4cnc[n+]4C3)C(C)C12,0,0,0,0,,
disofenin,,,,,CC(C)c1cccc(C(C)C)c1NC(=O)CN(CC(=O)O)CC(=O)O,0,0,0,0,,
vinpocetine,,,,,CCOC(=O)C1=CC2(CC)CCCN3CCc4c(n1c1ccccc41)C32,0,0,0,0,,
loretin,,,,,O=S(=O)(O)c1cc(I)c(O)c2ncccc12,0,0,0,0,,
moquizone,,,,,O=C1c2ccccc2N(C(=O)CN2CCOCC2)CN1c1ccccc1,0,0,0,0,,
pirenzepine,,,,,CN1CCN(CC(=O)N2c3ccccc3C(=O)Nc3cccnc32)CC1,0,0,0,0,,
epicillin,,,,,CC1(C)SC2C(NC(=O)C(N)C3=CCC=CC3)C(=O)N2C1C(=O)O,0,0,0,0,,
dipivefrine,,,,,CNCC(O)c1ccc(OC(=O)C(C)(C)C)c(OC(=O)C(C)(C)C)c1,0,0,0,0,,
tamibarotene,,,,,CC1(C)CCC(C)(C)c2cc(NC(=O)c3ccc(C(=O)O)cc3)ccc21,0,0,0,0,,
pipoxolan,,,,,O=C1OC(CCN2CCCCC2)OC1(c1ccccc1)c1ccccc1,0,0,0,0,,
tazarotene,,,,,CCOC(=O)c1ccc(C#Cc2ccc3c(c2)C(C)(C)CCS3)nc1,0,0,0,0,,
phenadoxone,,,,,CCC(=O)C(CC(C)N1CCOCC1)(c1ccccc1)c1ccccc1,0,0,0,0,,
adinazolam,,,,,CN(C)Cc1nnc2n1-c1ccc(Cl)cc1C(c1ccccc1)=NC2,0,0,0,0,,
sulmarin,,,,,Cc1cc(=O)oc2cc(OS(=O)(=O)O)c(OS(=O)(=O)O)cc12,0,0,0,0,,
triflupromazine,,,,,CN(C)CCCN1c2ccccc2Sc2ccc(C(F)(F)F)cc21,0,0,0,0,,
posatirelin,,,,,CC(C)CC(NC(=O)C1CCCC(=O)N1)C(=O)N1CCCC1C(N)=O,0,0,0,0,,
clidinium,,,,,C[N+]12CCC(CC1)C(OC(=O)C(O)(c1ccccc1)c1ccccc1)C2,0,0,0,0,,
epoprostenol,,,,,CCCCCC(O)C=CC1C(O)CC2OC(=CCCCC(=O)O)CC21,0,0,0,0,,
betoxycaine,,,,,CCCCOc1ccc(C(=O)OCCOCCN(CC)CC)cc1N,0,0,0,0,,
encainide,,,,,COc1ccc(C(=O)Nc2ccccc2CCC2CCCCN2C)cc1,0,0,0,0,,
quinbolone,,,,,CC12C=CC(=O)C=C1CCC1C2CCC2(C)C(OC3=CCCC3)CCC12,0,0,0,0,,
halazepam,,,,,O=C1CN=C(c2ccccc2)c2cc(Cl)ccc2N1CC(F)(F)F,0,0,0,0,,
dioxaphetyl butyrate,,,,,CCOC(=O)C(CCN1CCOCC1)(c1ccccc1)c1ccccc1,0,0,0,0,,
motretinide,,,,,CCNC(=O)C=C(C)C=CC=C(C)C=Cc1c(C)cc(OC)c(C)c1C,0,0,0,0,,
isopropamide,,,,,CC(C)[N+](C)(CCC(C(N)=O)(c1ccccc1)c1ccccc1)C(C)C,0,0,0,0,,
butizide,,,,,CC(C)CC1Nc2cc(Cl)c(S(N)(=O)=O)cc2S(=O)(=O)N1,0,0,0,0,,
idoxuridine,,,,,O=c1[nH]c(=O)n(C2CC(O)C(CO)O2)cc1I,0,0,0,0,,
quinfamide,,,,,O=C(Oc1ccc2c(c1)CCCN2C(=O)C(Cl)Cl)c1ccco1,0,0,0,0,,
aceclofenac,,,,,O=C(O)COC(=O)Cc1ccccc1Nc1c(Cl)cccc1Cl,0,0,0,0,,
phenolsulfonphthalein,,,,,O=S1(=O)OC(c2ccc(O)cc2)(c2ccc(O)cc2)c2ccccc21,0,0,0,0,,
isofezolac,,,,,O=C(O)Cc1c(-c2ccccc2)c(-c2ccccc2)nn1-c1ccccc1,0,0,0,0,,
seratrodast,,,,,Cc1c(C)c(O)c(C(=CCCCCC(=O)O)c2ccccc2)c(C)c1O,0,0,0,0,,
vincamine,,,,,CCC12CCCN3CCc4c(n(c5ccccc45)C(O)(C(=O)OC)C1)C32,0,0,0,0,,
hexamidine,,,,,N=C(N)c1ccc(OCCCCCCOc2ccc(C(=N)N)cc2)cc1,0,0,0,0,,
bevonium,,,,,C[N+]1(C)CCCCC1COC(=O)C(O)(c1ccccc1)c1ccccc1,0,0,0,0,,
pipenzolate,,,,,CC[N+]1(C)CCCC(OC(=O)C(O)(c2ccccc2)c2ccccc2)C1,0,0,0,0,,
benzilonium,,,,,CC[N+]1(CC)CCC(OC(=O)C(O)(c2ccccc2)c2ccccc2)C1,0,0,0,0,,
sultopride,,,,,CCN1CCCC1CNC(=O)c1cc(S(=O)(=O)CC)ccc1OC,0,0,0,0,,
dinoprost,,,,,CCCCCC(O)C=CC1C(O)CC(O)C1CC=CCCCC(=O)O,0,0,0,0,,
alprostadil,,,,,CCCCCC(O)C=CC1C(O)CC(=O)C1CCCCCCC(=O)O,0,0,0,0,,
eprozinol,,,,,COC(CN1CCN(CCC(O)c2ccccc2)CC1)c1ccccc1,0,0,0,0,,
rioprostil,,,,,CCCCC(C)(O)CC=CC1C(O)CC(=O)C1CCCCCCCO,0,0,0,0,,
xipamide,,,,,Cc1cccc(C)c1NC(=O)c1cc(S(N)(=O)=O)c(Cl)cc1O,0,0,0,0,,
repirinast,,,,,Cc1ccc2c([nH]c(=O)c3c(=O)cc(C(=O)OCCC(C)C)oc32)c1C,0,0,0,0,,
succinylsulfathiazole,,,,,O=C(O)CCC(=O)Nc1ccc(S(=O)(=O)Nc2nccs2)cc1,0,0,0,0,,
moperone,,,,,Cc1ccc(C2(O)CCN(CCCC(=O)c3ccc(F)cc3)CC2)cc1,0,0,0,0,,
benzomethamine,,,,,CC[N+](C)(CC)CCN(C)C(=O)C(O)(c1ccccc1)c1ccccc1,0,0,0,0,,
tinofedrine,,,,,CC(NCC=C(c1ccsc1)c1ccsc1)C(O)c1ccccc1,0,0,0,0,,
plafibride,,,,,CC(C)(Oc1ccc(Cl)cc1)C(=O)NC(=O)NCN1CCOCC1,0,0,0,0,,
tiaramide,,,,,O=C(Cn1c(=O)sc2ccc(Cl)cc21)N1CCN(CCO)CC1,0,0,0,0,,
amodiaquine,,,,,CCN(CC)Cc1cc(Nc2ccnc3cc(Cl)ccc23)ccc1O,0,0,0,0,,
bithionol,,,,,Oc1c(Cl)cc(Cl)cc1Sc1cc(Cl)cc(Cl)c1O,0,0,0,0,,
pipobroman,,,,,O=C(CCBr)N1CCN(C(=O)CCBr)CC1,0,0,0,0,,
niaprazine,,,,,CC(CCN1CCN(c2ccc(F)cc2)CC1)NC(=O)c1cccnc1,0,0,0,0,,
hycanthone,,,,,CCN(CC)CCNc1ccc(CO)c2sc3ccccc3c(=O)c12,0,0,0,0,,
quinestradol,,,,,CC12CCC3c4ccc(OC5CCCC5)cc4CCC3C1CC(O)C2O,0,0,0,0,,
dopexamine,,,,,Oc1ccc(CCNCCCCCCNCCc2ccccc2)cc1O,0,0,0,0,,
tevenel,,,,,NS(=O)(=O)c1ccc(C(O)C(CO)NC(=O)C(Cl)Cl)cc1,0,0,0,0,,
droxicam,,,,,CN1c2c(oc(=O)n(-c3ccccn3)c2=O)-c2ccccc2S1(=O)=O,0,0,0,0,,
tolrestat,,,,,COc1ccc2c(C(=S)N(C)CC(=O)O)cccc2c1C(F)(F)F,0,0,0,0,,
etersalate,,,,,CC(=O)Nc1ccc(OCCOC(=O)c2ccccc2OC(C)=O)cc1,0,0,0,0,,
cafedrine,,,,,CC(NCCn1cnc2c1c(=O)n(C)c(=O)n2C)C(O)c1ccccc1,0,0,0,0,,
cinacalcet,,,,,CC(NCCCc1cccc(C(F)(F)F)c1)c1cccc2ccccc12,0,0,0,0,,
cinolazepam,,,,,N#CCCN1C(=O)C(O)N=C(c2ccccc2F)c2cc(Cl)ccc21,0,0,0,0,,
clometacin,,,,,COc1ccc2c(C(=O)c3ccc(Cl)cc3)c(C)n(CC(=O)O)c2c1,0,0,0,0,,
setastine,,,,,CC(OCCN1CCCCCC1)(c1ccccc1)c1ccc(Cl)cc1,0,0,0,0,,
chlorisondamine,,,,,C[N+](C)(C)CC[N+]1(C)Cc2c(Cl)c(Cl)c(Cl)c(Cl)c2C1,0,0,0,0,,
itopride,,,,,COc1ccc(C(=O)NCc2ccc(OCCN(C)C)cc2)cc1OC,0,0,0,0,,
cimetropium,,,,,C[N+]1(CC2CC2)C2CC(OC(=O)C(CO)c3ccccc3)CC1C1OC12,0,0,0,0,,
cilastatin,,,,,CC1(C)CC1C(=O)N=C(CCCCCSCC(N)C(=O)O)C(=O)O,0,0,0,0,,
dimethoxanate,,,,,CN(C)CCOCCOC(=O)N1c2ccccc2Sc2ccccc21,0,0,0,0,,
potassium canrenoate,,,,,CC12CCC(=O)C=C1C=CC1C2CCC2(C)C1CCC2(O)CCC(=O)O,0,0,0,0,,
feclemine,,,,,CCN(CC)CC(CN(CC)CC)C(c1ccccc1)C1CCCCC1,0,0,0,0,,
phentetramine,,,,,CN(CC(O)c1cccc(O)c1)c1nc2c(c(=O)n(C)c(=O)n2C)n1C,0,0,0,0,,
grepafloxacin,,,,,Cc1c(F)c(N2CCNC(C)C2)cc2c1c(=O)c(C(=O)O)cn2C1CC1,0,0,0,0,,
adicillin,,,,,CC1(C)SC2C(NC(=O)CCCC(N)C(=O)O)C(=O)N2C1C(=O)O,0,0,0,0,,
cyclomethycaine,,,,,CC1CCCCN1CCCOC(=O)c1ccc(OC2CCCCC2)cc1,0,0,0,0,,
captodiame,,,,,CCCCSc1ccc(C(SCCN(C)C)c2ccccc2)cc1,0,0,0,0,,
triclabendazole,,,,,CSc1nc2cc(Cl)c(Oc3cccc(Cl)c3Cl)cc2[nH]1,0,0,0,0,,
methylclothiazide,,,,,CN1C(CCl)Nc2cc(Cl)c(S(N)(=O)=O)cc2S1(=O)=O,0,0,0,0,,
nadifloxacin,,,,,CC1CCc2c(N3CCC(O)CC3)c(F)cc3c(=O)c(C(=O)O)cn1c23,0,0,0,0,,
cortisone acetate,,,,,CC(=O)OCC(=O)C1(O)CCC2C3CC=C4CC(=O)CCC4(C)C3C(=O)CC21C,0,0,0,0,,
aldosterone,,,,,CC12CCC(=O)C=C1CCC1C2C(O)CC2(C=O)C(C(=O)CO)CCC12,0,0,0,0,,
scopolamine butylbromide,,,,,CCCC[N+]1(C)C2CC(OC(=O)C(CO)c3ccccc3)CC1C1OC12,0,0,0,0,,
drostanolone propionate,,,,,CCC(=O)OC1CCC2C3CCC4CC(=O)C(C)CC4(C)C3CCC12C,0,0,0,0,,
cetalkonium chloride,,,,,CCCCCCCCCCCCCCCC[N+](C)(C)Cc1ccccc1,0,0,0,0,,
ethyl loflazepate,,,,,CCOC(=O)C1N=C(c2ccccc2F)c2cc(Cl)ccc2NC1=O,0,0,0,0,,
haletazole,,,,,CCN(CC)CCOc1ccc(-c2nc3cc(Cl)ccc3s2)cc1,0,0,0,0,,
haloprogin,,,,,Clc1cc(Cl)c(OCC#CI)cc1Cl,0,0,0,0,,
metampicillin,,,,,C=NC(C(=O)NC1C(=O)N2C1SC(C)(C)C2C(=O)O)c1ccccc1,0,0,0,0,,
carbocromen,,,,,CCOC(=O)COc1ccc2c(C)c(CCN(CC)CC)c(=O)oc2c1,0,0,0,0,,
octocrylene,,,,,CCCCC(CC)COC(=O)C(C#N)=C(c1ccccc1)c1ccccc1,0,0,0,0,,
prenoxdiazine,,,,,c1ccc(C(Cc2noc(CCN3CCCCC3)n2)c2ccccc2)cc1,0,0,0,0,,
phthalylsulfacetamide,,,,,CC(=O)NS(=O)(=O)c1ccc(NC(=O)c2ccccc2C(=O)O)cc1,0,0,0,0,,
protirelin,,,,,NC(=O)C1CCCN1C(=O)C(Cc1c[nH]cn1)NC(=O)C1CCC(=O)N1,0,0,0,0,,
piretanide,,,,,NS(=O)(=O)c1cc(C(=O)O)cc(N2CCCC2)c1Oc1ccccc1,0,0,0,0,,
revaprazan,,,,,Cc1nc(Nc2ccc(F)cc2)nc(N2CCc3ccccc3C2C)c1C,0,0,0,0,,
dexetimide,,,,,O=C1CCC(c2ccccc2)(C2CCN(Cc3ccccc3)CC2)C(=O)N1,0,0,0,0,,
viminol,,,,,CCC(C)N(CC(O)c1cccn1Cc1ccccc1Cl)C(C)CC,0,0,0,0,,
mexazolam,,,,,CC1COC2(c3ccccc3Cl)c3cc(Cl)ccc3NC(=O)CN12,0,0,0,0,,
rufloxacin,,,,,CN1CCN(c2c(F)cc3c(=O)c(C(=O)O)cn4c3c2SCC4)CC1,0,0,0,0,,
talinolol,,,,,CC(C)(C)NCC(O)COc1ccc(NC(=O)NC2CCCCC2)cc1,0,0,0,0,,
opipramol,,,,,OCCN1CCN(CCCN2c3ccccc3C=Cc3ccccc32)CC1,0,0,0,0,,
lapyrium chloride,,,,,CCCCCCCCCCCC(=O)OCCNC(=O)C[n+]1ccccc1,0,0,0,0,,
etofibrate,,,,,CC(C)(Oc1ccc(Cl)cc1)C(=O)OCCOC(=O)c1cccnc1,0,0,0,0,,
diaziquone,,,,,CCOC(=O)NC1=C(N2CC2)C(=O)C(NC(=O)OCC)=C(N2CC2)C1=O,0,0,0,0,,
pheneticillin,,,,,CC(Oc1ccccc1)C(=O)NC1C(=O)N2C1SC(C)(C)C2C(=O)O,0,0,0,0,,
cyclofenil,,,,,CC(=O)Oc1ccc(C(=C2CCCCC2)c2ccc(OC(C)=O)cc2)cc1,0,0,0,0,,
tribuzone,,,,,CC(C)(C)C(=O)CCc1c(O)n(-c2ccccc2)n(-c2ccccc2)c1=O,0,0,0,0,,
quinestrol,,,,,C#CC1(O)CCC2C3CCc4cc(OC5CCCC5)ccc4C3CCC21C,0,0,0,0,,
benzoxonium chloride,,,,,CCCCCCCCCCCC[N+](CCO)(CCO)Cc1ccccc1,0,0,0,0,,
suclofenide,,,,,NS(=O)(=O)c1ccc(-n2c(O)cc(-c3ccccc3)c2O)c(Cl)c1,0,0,0,0,,
clostebol acetate,,,,,CC(=O)OC1CCC2C3CC=C4C(Cl)C(=O)CCC4(C)C3CCC12C,0,0,0,0,,
fludarabine phosphate,,,,,Nc1nc(F)nc2c1ncn2C1OC(COP(=O)(O)O)C(O)C1O,0,0,0,0,,
clofoctol,,,,,CC(C)(C)CC(C)(C)c1ccc(O)c(Cc2ccc(Cl)cc2Cl)c1,0,0,0,0,,
cefroxadine,,,,,COC1=C(C(=O)O)N2C(=O)C(NC(=O)C(N)C3=CCC=CC3)C2SC1,0,0,0,0,,
alkofanone,,,,,Nc1ccc(S(=O)(=O)C(CC(=O)c2ccccc2)c2ccccc2)cc1,0,0,0,0,,
caroverine,,,,,CCN(CC)CCn1c(=O)c(Cc2ccc(OC)cc2)nc2ccccc21,0,0,0,0,,
trimetaphan,,,,,O=C1N(Cc2ccccc2)C2C[S+]3CCCC3C2N1Cc1ccccc1,0,0,0,0,,
clinafloxacin,,,,,NC1CCN(c2c(F)cc3c(=O)c(C(=O)O)cn(C4CC4)c3c2Cl)C1,0,0,0,0,,
cyclovalone,,,,,COc1cc(C=C2CCCC(=Cc3ccc(O)c(OC)c3)C2=O)ccc1O,0,0,0,0,,
ilaprazole,,,,,COc1ccnc(C[S+]([O-])c2nc3cc(-n4cccc4)ccc3[nH]2)c1C,0,0,0,0,,
glibornuride,,,,,Cc1ccc(S(=O)(=O)NC(=O)NC2C3CCC(C)(C2O)C3(C)C)cc1,0,0,0,0,,
drospirenone,,,,,CC12CCC(=O)C=C1C1CC1C1C2CCC2(C)C1C1CC1C21CCC(=O)O1,0,0,0,0,,
piminodine,,,,,CCOC(=O)C1(c2ccccc2)CCN(CCCNc2ccccc2)CC1,0,0,0,0,,
pitofenone,,,,,COC(=O)c1ccccc1C(=O)c1ccc(OCCN2CCCCC2)cc1,0,0,0,0,,
dioxyline,,,,,CCOc1ccc(Cc2nc(C)cc3cc(OC)c(OC)cc23)cc1OC,0,0,0,0,,
bambuterol,,,,,CN(C)C(=O)Oc1cc(OC(=O)N(C)C)cc(C(O)CNC(C)(C)C)c1,0,0,0,0,,
tiracizine,,,,,CCOC(=O)Nc1ccc2c(c1)N(C(=O)CN(C)C)c1ccccc1CC2,0,0,0,0,,
phenoperidine,,,,,CCOC(=O)C1(c2ccccc2)CCN(CCC(O)c2ccccc2)CC1,0,0,0,0,,
fenbutrazate,,,,,CCC(C(=O)OCCN1CCOC(c2ccccc2)C1C)c1ccccc1,0,0,0,0,,
propiverine,,,,,CCCOC(C(=O)OC1CCN(C)CC1)(c1ccccc1)c1ccccc1,0,0,0,0,,
blonanserin,,,,,CCN1CCN(c2cc(-c3ccc(F)cc3)c3c(n2)CCCCCC3)CC1,0,0,0,0,,
diacerein,,,,,CC(=O)Oc1cccc2c1C(=O)c1c(OC(C)=O)cc(C(=O)O)cc1C2=O,0,0,0,0,,
cyclarbamate,,,,,O=C(Nc1ccccc1)OCC1(COC(=O)Nc2ccccc2)CCCC1,0,0,0,0,,
pyritinol,,,,,Cc1ncc(CSSCc2cnc(C)c(O)c2CO)c(CO)c1O,0,0,0,0,,
prasterone sulfate,,,,,CC12CCC3C(CC=C4CC(OS(=O)(=O)O)CCC43C)C1CCC2=O,0,0,0,0,,
cinnarizine,,,,,C(=Cc1ccccc1)CN1CCN(C(c2ccccc2)c2ccccc2)CC1,0,0,0,0,,
cethexonium,,,,,CCCCCCCCCCCCCCCC[N+](C)(C)C1CCCCC1O,0,0,0,0,,
ketazolam,,,,,CC1=CC(=O)N2CC(=O)N(C)c3ccc(Cl)cc3C2(c2ccccc2)O1,0,0,0,0,,
etofenamate,,,,,O=C(OCCOCCO)c1ccccc1Nc1cccc(C(F)(F)F)c1,0,0,0,0,,
fleroxacin,,,,,CN1CCN(c2c(F)cc3c(=O)c(C(=O)O)cn(CCF)c3c2F)CC1,0,0,0,0,,
sulfadiasulfone,,,,,CC(=O)NS(=O)(=O)c1cc(N)ccc1S(=O)(=O)c1ccc(N)cc1,0,0,0,0,,
trimetrexate,,,,,COc1cc(NCc2ccc3nc(N)nc(N)c3c2C)cc(OC)c1OC,0,0,0,0,,
bulaquine,,,,,COc1cc(NC(C)CCCN=C(C)C2CCOC2=O)c2ncccc2c1,0,0,0,0,,
norgestimate,,,,,C#CC1(OC(C)=O)CCC2C3CCC4=CC(=NO)CCC4C3CCC21CC,0,0,0,0,,
diprafenone,,,,,CCC(C)(C)NCC(O)COc1ccccc1C(=O)CCc1ccccc1,0,0,0,0,,
prajmalium,,,,,CCC[N+]12C(O)C(CC)C3CC1C1N(C)c4ccccc4C14CC2C3C4O,0,0,0,0,,
tripamide,,,,,NS(=O)(=O)c1cc(C(=O)NN2CC3C4CCC(C4)C3C2)ccc1Cl,0,0,0,0,,
flavodic acid,,,,,O=C(O)COc1cc(OCC(=O)O)c2c(=O)cc(-c3ccccc3)oc2c1,0,0,0,0,,
hydroxyestrone diacetate,,,,,CC(=O)Oc1ccc2c(c1)CCC1C2CCC2(C)C(=O)C(OC(C)=O)CC12,0,0,0,0,,
elcometrine,,,,,C=C1CC2C3CC=C4CC(=O)CCC4C3CCC2(C)C1(OC(C)=O)C(C)=O,0,0,0,0,,
nomegestrol acetate,,,,,CC(=O)OC1(C(C)=O)CCC2C3=CC(C)=C4CC(=O)CCC4C3CCC21C,0,0,0,0,,
oxypendyl,,,,,OCCN1CCN(CCCN2c3ccccc3Sc3cccnc32)CC1,0,0,0,0,,
penmesterol,,,,,CC12CCC(OC3CCCC3)=CC1=CCC1C2CCC2(C)C1CCC2(C)O,0,0,0,0,,
rebamipide,,,,,O=C(NC(Cc1cc(=O)[nH]c2ccccc12)C(=O)O)c1ccc(Cl)cc1,0,0,0,0,,
azosemide,,,,,NS(=O)(=O)c1cc(-c2nn[nH]n2)c(NCc2cccs2)cc1Cl,0,0,0,0,,
lorcainide,,,,,CC(C)N1CCC(N(C(=O)Cc2ccccc2)c2ccc(Cl)cc2)CC1,0,0,0,0,,
remoxipride,,,,,CCN1CCCC1CNC(=O)c1c(OC)ccc(Br)c1OC,0,0,0,0,,
azaribine,,,,,CC(=O)OCC1OC(n2ncc(=O)[nH]c2=O)C(OC(C)=O)C1OC(C)=O,0,0,0,0,,
nedocromil,,,,,CCCc1c2oc(C(=O)O)cc(=O)c2cc2c(=O)cc(C(=O)O)n(CC)c12,0,0,0,0,,
amocarzine,,,,,CN1CCN(C(=S)Nc2ccc(Nc3ccc([N+](=O)[O-])cc3)cc2)CC1,0,0,0,0,,
arotinolol,,,,,CC(C)(C)NCC(O)CSc1nc(-c2ccc(C(N)=O)s2)cs1,0,0,0,0,,
camazepam,,,,,CN(C)C(=O)OC1N=C(c2ccccc2)c2cc(Cl)ccc2N(C)C1=O,0,0,0,0,,
lornoxicam,,,,,CN1C(C(=O)Nc2ccccn2)C(=O)c2sc(Cl)cc2S1(=O)=O,0,0,0,0,,
exisulind,,,,,CC1=C(CC(=O)O)c2cc(F)ccc2C1=Cc1ccc(S(C)(=O)=O)cc1,0,0,0,0,,
medroxalol,,,,,CC(CCc1ccc2c(c1)OCO2)NCC(O)c1ccc(O)c(C(N)=O)c1,0,0,0,0,,
aminoquinuride,,,,,Cc1cc(N)c2cc(NC(=O)Nc3ccc4nc(C)cc(N)c4c3)ccc2n1,0,0,0,0,,
prednylidene,,,,,C=C1CC2C3CC=C4CC(=O)C=CC4(C)C3C(O)CC2(C)C1(O)C(=O)CO,0,0,0,0,,
meprednisone,,,,,CC1CC2C3CC=C4CC(=O)C=CC4(C)C3C(=O)CC2(C)C1(O)C(=O)CO,0,0,0,0,,
desoxycorticosterone acetate,,,,,CC(=O)OCC(=O)C1CCC2C3CC=C4CC(=O)CCC4(C)C3CCC12C,0,0,0,0,,
anagestone acetate,,,,,CC(=O)OC1(C(C)=O)CCC2C3CC(C)C4=CCCCC4(C)C3CCC21C,0,0,0,0,,
oxametacin,,,,,COc1ccc2c(c1)c(CC(O)=NO)c(C)n2C(=O)c1ccc(Cl)cc1,0,0,0,0,,
bunazosin,,,,,CCCC(=O)N1CCCN(c2nc(N)c3cc(OC)c(OC)cc3n2)CC1,0,0,0,0,,
clebopride,,,,,COc1cc(N)c(Cl)cc1C(=O)NC1CCN(Cc2ccccc2)CC1,0,0,0,0,,
trospectomycin,,,,,CCCCC1CC(=O)C2(O)OC3C(NC)C(O)C(NC)C(O)C3OC2O1,0,0,0,0,,
cicaprost,,,,,CCC#CCC(C)C(O)C#CC1C(O)CC2CC(=CCOCC(=O)O)CC21,0,0,0,0,,
artisone acetate,,,,,CC(=O)OCC(=O)C1CCC2C3CC=C4CC(O)CCC4(C)C3CCC12C,0,0,0,0,,
cyproterone acetate,,,,,CC(=O)OC1(C(C)=O)CCC2C3=CC(Cl)=C4CC(=O)C5CC5C4(C)C3CCC21C,0,0,0,0,,
theodrenaline,,,,,Cn1c(=O)c2c(ncn2CCNCC(O)c2ccc(O)c(O)c2)n(C)c1=O,0,0,0,0,,
azidocillin,,,,,CC1(C)SC2C(NC(=O)C(N=[N+]=[N-])c3ccccc3)C(=O)N2C1C(=O)O,0,0,0,0,,
pipamperone,,,,,NC(=O)C1(N2CCCCC2)CCN(CCCC(=O)c2ccc(F)cc2)CC1,0,0,0,0,,
riboflavin,,,,,Cc1cc2nc3c(=O)[nH]c(=O)nc-3n(CC(O)C(O)C(O)CO)c2cc1C,0,0,0,0,,
picotamide,,,,,COc1ccc(C(=O)NCc2cccnc2)cc1C(=O)NCc1cccnc1,0,0,0,0,,
enalapril,,,,,CCOC(=O)C(CCc1ccccc1)NC(C)C(=O)N1CCCC1C(=O)O,0,0,0,0,,
fluocortolone,,,,,CC1CC2C3CC(F)C4=CC(=O)C=CC4(C)C3C(O)CC2(C)C1C(=O)CO,0,0,0,0,,
estradiol benzoate,,,,,CC12CCC3c4ccc(OC(=O)c5ccccc5)cc4CCC3C1CCC2O,0,0,0,0,,
hexcarbacholine,,,,,C[N+](C)(C)CCOC(=O)NCCCCCCNC(=O)OCC[N+](C)(C)C,0,0,0,0,,
lauroguadine,,,,,CCCCCCCCCCCCOc1ccc(N=C(N)N)cc1N=C(N)N,0,0,0,0,,
flutazolam,,,,,O=C1CN2CCOC2(c2ccccc2F)c2cc(Cl)ccc2N1CCO,0,0,0,0,,
haloxazolam,,,,,O=C1CN2CCOC2(c2ccccc2F)c2cc(Br)ccc2N1,0,0,0,0,,
morazone,,,,,Cc1c(CN2CCOC(c3ccccc3)C2C)c(=O)n(-c2ccccc2)n1C,0,0,0,0,,
sulfinalol,,,,,COc1ccc(CCC(C)NCC(O)c2ccc(O)c([S+](C)[O-])c2)cc1,0,0,0,0,,
domitroban,,,,,O=C(O)CCCC=CCC1C2CCC(C2)C1NS(=O)(=O)c1ccccc1,0,0,0,0,,
famprofazone,,,,,CC(C)c1c(CCN(C)C(C)Cc2ccccc2)n(C)n(-c2ccccc2)c1=O,0,0,0,0,,
ronifibrate,,,,,CC(C)(Oc1ccc(Cl)cc1)C(=O)OCCCOC(=O)c1cccnc1,0,0,0,0,,
etoperidone,,,,,CCc1nn(CCCN2CCN(c3cccc(Cl)c3)CC2)c(=O)n1CC,0,0,0,0,,
ambroxol,,,,,Nc1c(Br)cc(Br)cc1CNC1CCC(O)CC1,0,0,0,0,,
carbenicillin,,,,,CC1(C)SC2C(NC(=O)C(C(=O)O)c3ccccc3)C(=O)N2C1C(=O)O,0,0,0,0,,
fluprednisolone,,,,,CC12C=CC(=O)C=C1C(F)CC1C2C(O)CC2(C)C1CCC2(O)C(=O)CO,0,0,0,0,,
propicillin,,,,,CCC(Oc1ccccc1)C(=O)NC1C(=O)N2C1SC(C)(C)C2C(=O)O,0,0,0,0,,
etomidoline,,,,,CCN1C(=O)c2ccccc2C1Nc1ccc(OCCN2CCCCC2)cc1,0,0,0,0,,
oxypertine,,,,,COc1cc2[nH]c(C)c(CCN3CCN(c4ccccc4)CC3)c2cc1OC,0,0,0,0,,
cyclopenthiazide,,,,,NS(=O)(=O)c1cc2c(cc1Cl)NC(CC1CCCC1)NS2(=O)=O,0,0,0,0,,
coumetarol,,,,,COCC(c1c(O)c2ccccc2oc1=O)c1c(O)c2ccccc2oc1=O,0,0,0,0,,
meticillin,,,,,COc1cccc(OC)c1C(=O)NC1C(=O)N2C1SC(C)(C)C2C(=O)O,0,0,0,0,,
scarlet red,,,,,Cc1ccccc1N=Nc1ccc(N=Nc2c(O)ccc3ccccc23)c(C)c1,0,0,0,0,,
fludrocortisone acetate,,,,,CC(=O)OCC(=O)C1(O)CCC2C3CC=C4CC(=O)CCC4(C)C3(F)C(O)CC21C,0,0,0,0,,
amosulalol,,,,,COc1ccccc1OCCNCC(O)c1ccc(C)c(S(N)(=O)=O)c1,0,0,0,0,,
bopindolol,,,,,Cc1cc2c(OCC(CNC(C)(C)C)OC(=O)c3ccccc3)cccc2[nH]1,0,0,0,0,,
ecabet,,,,,CC(C)c1cc2c(cc1S(=O)(=O)O)C1(C)CCCC(C)(C(=O)O)C1CC2,0,0,0,0,,
limaprost,,,,,CCCCC(C)CC(O)C=CC1C(O)CC(=O)C1CCCCC=CC(=O)O,0,0,0,0,,
eprazinone,,,,,CCOC(CN1CCN(CC(C)C(=O)c2ccccc2)CC1)c1ccccc1,0,0,0,0,,
trichlormethiazide,,,,,NS(=O)(=O)c1cc2c(cc1Cl)NC(C(Cl)Cl)NS2(=O)=O,0,0,0,0,,
chlorotrianisene,,,,,COc1ccc(C(Cl)=C(c2ccc(OC)cc2)c2ccc(OC)cc2)cc1,0,0,0,0,,
fendosal,,,,,O=C(O)c1cc(-n2c(-c3ccccc3)cc3c2CCc2ccccc2-3)ccc1O,0,0,0,0,,
benperidol,,,,,O=C(CCCN1CCC(n2c(=O)[nH]c3ccccc32)CC1)c1ccc(F)cc1,0,0,0,0,,
micinicate,,,,,CC1CC(OC(=O)C(OC(=O)c2cccnc2)c2ccccc2)CC(C)(C)C1,0,0,0,0,,
econazole,,,,,Clc1ccc(COC(Cn2ccnc2)c2ccc(Cl)cc2Cl)cc1,0,0,0,0,,
mebutizide,,,,,CCC(C)C(C)C1Nc2cc(Cl)c(S(N)(=O)=O)cc2S(=O)(=O)N1,0,0,0,0,,
tofisopam,,,,,CCC1C(C)=NN=C(c2ccc(OC)c(OC)c2)c2cc(OC)c(OC)cc21,0,0,0,0,,
alpiropride,,,,,C=CCN1CCCC1CNC(=O)c1cc(S(=O)(=O)NC)c(N)cc1OC,0,0,0,0,,
pyrvinium,,,,,Cc1cc(C=Cc2ccc3cc(N(C)C)ccc3[n+]2C)c(C)n1-c1ccccc1,0,0,0,0,,
mefruside,,,,,CN(CC1(C)CCCO1)S(=O)(=O)c1ccc(Cl)c(S(N)(=O)=O)c1,0,0,0,0,,
ceftizoxime,,,,,CON=C(C(=O)NC1C(=O)N2C(C(=O)O)=CCSC12)c1csc(N)n1,0,0,0,0,,
veralipride,,,,,C=CCN1CCCC1CNC(=O)c1cc(S(N)(=O)=O)cc(OC)c1OC,0,0,0,0,,
tandospirone,,,,,Oc1c2c(c(O)n1CCCCN1CCN(c3ncccn3)CC1)C1CCC2C1,0,0,0,0,,
denaverine,,,,,CCC(CC)COC(C(=O)OCCN(C)C)(c1ccccc1)c1ccccc1,0,0,0,0,,
melinamide,,,,,CCCCCC=CCC=CCCCCCCCC(=O)NC(C)c1ccccc1,0,0,0,0,,
altizide,,,,,C=CCSCC1Nc2cc(Cl)c(S(N)(=O)=O)cc2S(=O)(=O)N1,0,0,0,0,,
artesunate,,,,,CC1CCC2C(C)C(OC(=O)CCC(=O)O)OC3OC4(C)CCC1C32OO4,0,0,0,0,,
ticarcillin,,,,,CC1(C)SC2C(NC(=O)C(C(=O)O)c3ccsc3)C(=O)N2C1C(=O)O,0,0,0,0,,
bufogenin,,,,,CC12CCC(O)CC1CCC1C2CCC2(C)C(c3ccc(=O)oc3)CC3OC312,0,0,0,0,,
estradiol dipropionate,,,,,CCC(=O)Oc1ccc2c(c1)CCC1C2CCC2(C)C(OC(=O)CC)CCC12,0,0,0,0,,
zipeprol,,,,,COC(CN1CCN(CC(O)C(OC)c2ccccc2)CC1)c1ccccc1,0,0,0,0,,
perimetazine,,,,,COc1ccc2c(c1)N(CC(C)CN1CCC(O)CC1)c1ccccc1S2,0,0,0,0,,
estradiol enanthate,,,,,CCCCCCC(=O)OC1CCC2C3CCc4cc(O)ccc4C3CCC12C,0,0,0,0,,
ibutilide,,,,,CCCCCCCN(CC)CCCC(O)c1ccc(NS(C)(=O)=O)cc1,0,0,0,0,,
nilvadipine,,,,,COC(=O)C1=C(C#N)N=C(C)C(C(=O)OC(C)C)C1c1cccc([N+](=O)[O-])c1,0,0,0,0,,
bamifylline,,,,,CCN(CCO)CCn1c(Cc2ccccc2)nc2c1c(=O)n(C)c(=O)n2C,0,0,0,0,,
racecadotril,,,,,CC(=O)SCC(Cc1ccccc1)C(=O)NCC(=O)OCc1ccccc1,0,0,0,0,,
fosfluconazole,,,,,O=P(O)(O)OC(Cn1cncn1)(Cn1cncn1)c1ccc(F)cc1F,0,0,0,0,,
piposulfan,,,,,CS(=O)(=O)OCCC(=O)N1CCN(C(=O)CCOS(C)(=O)=O)CC1,0,0,0,0,,
anecortave,,,,,CC(=O)OCC(=O)C1(O)CCC2C3CC=C4CC(=O)CCC4(C)C3=CCC21C,0,0,0,0,,
medibazine,,,,,c1ccc(C(c2ccccc2)N2CCN(Cc3ccc4c(c3)OCO4)CC2)cc1,0,0,0,0,,
mesoridazine,,,,,CN1CCCCC1CCN1c2ccccc2Sc2ccc([S+](C)[O-])cc21,0,0,0,0,,
quazepam,,,,,Fc1ccccc1C1=NCC(=S)N(CC(F)(F)F)c2ccc(Cl)cc21,0,0,0,0,,
mebrofenin,,,,,Cc1cc(C)c(NC(=O)CN(CC(=O)O)CC(=O)O)c(C)c1Br,0,0,0,0,,
trimebutine,,,,,CCC(COC(=O)c1cc(OC)c(OC)c(OC)c1)(c1ccccc1)N(C)C,0,0,0,0,,
urapidil,,,,,COc1ccccc1N1CCN(CCCNc2cc(=O)n(C)c(=O)n2C)CC1,0,0,0,0,,
gusperimus,,,,,N=C(N)NCCCCCCC(=O)NC(=O)C(O)NCCCCNCCCN,0,0,0,0,,
tioconazole,,,,,Clc1ccc(C(Cn2ccnc2)OCc2ccsc2Cl)c(Cl)c1,0,0,0,0,,
benzylhydrochlorothiazide,,,,,NS(=O)(=O)c1cc2c(cc1Cl)NC(Cc1ccccc1)NS2(=O)=O,0,0,0,0,,
nemonapride,,,,,CNc1cc(OC)c(C(=O)NC2CCN(Cc3ccccc3)C2C)cc1Cl,0,0,0,0,,
oxantel,,,,,CN1CCCN=C1C=Cc1cccc(O)c1,0,0,0,0,,
aranidipine,,,,,COC(=O)C1=C(C)N=C(C)C(C(=O)OCC(C)=O)C1c1ccccc1[N+](=O)[O-],0,0,0,0,,
visnadine,,,,,CCC(C)C(=O)OC1C(OC(C)=O)c2c(ccc3ccc(=O)oc23)OC1(C)C,0,0,0,0,,
trimethobenzamide,,,,,COc1cc(C(=O)NCc2ccc(OCCN(C)C)cc2)cc(OC)c1OC,0,0,0,0,,
benzalkonium,,,,,CCCCCCCCCCCC[N+](C)(C)Cc1ccccc1,0,0,0,0,,
fipexide,,,,,O=C(COc1ccc(Cl)cc1)N1CCN(Cc2ccc3c(c2)OCO3)CC1,0,0,0,0,,
gemifloxacin,,,,,CON=C1CN(c2nc3c(cc2F)c(=O)c(C(=O)O)cn3C2CC2)CC1CN,0,0,0,0,,
reproterol,,,,,Cn1c(=O)c2c(ncn2CCCNCC(O)c2cc(O)cc(O)c2)n(C)c1=O,0,0,0,0,,
balofloxacin,,,,,CNC1CCCN(c2c(F)cc3c(=O)c(C(=O)O)cn(C4CC4)c3c2OC)C1,0,0,0,0,,
hetacillin,,,,,CC1(C)SC2C(N3C(=O)C(c4ccccc4)NC3(C)C)C(=O)N2C1C(=O)O,0,0,0,0,,
cyclothiazide,,,,,NS(=O)(=O)c1cc2c(cc1Cl)NC(C1CC3C=CC1C3)NS2(=O)=O,0,0,0,0,,
oxamarin,,,,,CCN(CC)CCOc1cc2oc(=O)cc(C)c2cc1OCCN(CC)CC,0,0,0,0,,
meclozine,,,,,Cc1cccc(CN2CCN(C(c3ccccc3)c3ccc(Cl)cc3)CC2)c1,0,0,0,0,,
flavoxate,,,,,Cc1c(-c2ccccc2)oc2c(C(=O)OCCN3CCCCC3)cccc2c1=O,0,0,0,0,,
biriperone,,,,,O=C(CCCN1CCN2Cc3[nH]c4ccccc4c3CC2C1)c1ccc(F)cc1,0,0,0,0,,
dimetotiazine,,,,,CC(CN1c2ccccc2Sc2ccc(S(=O)(=O)N(C)C)cc21)N(C)C,0,0,0,0,,
dithiazanine,,,,,CCN1C(=CC=CC=Cc2sc3ccccc3[n+]2CC)Sc2ccccc21,0,0,0,0,,
cinepazet,,,,,CCOC(=O)CN1CCN(C(=O)C=Cc2cc(OC)c(OC)c(OC)c2)CC1,0,0,0,0,,
paramethasone acetate,,,,,CC(=O)OCC(=O)C1(O)C(C)CC2C3CC(F)C4=CC(=O)C=CC4(C)C3C(O)CC21C,0,0,0,0,,
naftopidil,,,,,COc1ccccc1N1CCN(CC(O)COc2cccc3ccccc23)CC1,0,0,0,0,,
trospium,,,,,O=C(OC1CC2CCC(C1)[N+]21CCCC1)C(O)(c1ccccc1)c1ccccc1,0,0,0,0,,
tiotropium bromide,,,,,C[N+]1(C)C2CC(OC(=O)C(O)(c3cccs3)c3cccs3)CC1C1OC12,0,0,0,0,,
dextromoramide,,,,,CC(CN1CCOCC1)C(C(=O)N1CCCC1)(c1ccccc1)c1ccccc1,0,0,0,0,,
chloroprednisone,,,,,CC12C=CC(=O)C=C1C(Cl)CC1C2C(=O)CC2(C)C1CCC2(O)C(=O)CO,0,0,0,0,,
cloprednol,,,,,CC12C=CC(=O)C=C1C(Cl)=CC1C2C(O)CC2(C)C1CCC2(O)C(=O)CO,0,0,0,0,,
rubitecan,,,,,CCC1(O)C(=O)OCc2c1cc1n(c2=O)Cc2cc3c([N+](=O)[O-])cccc3nc2-1,0,0,0,0,,
sulfaloxic acid,,,,,O=C(NCO)NS(=O)(=O)c1ccc(NC(=O)c2ccccc2C(=O)O)cc1,0,0,0,0,,
brotizolam,,,,,Cc1nnc2n1-c1sc(Br)cc1C(c1ccccc1Cl)=NC2,0,0,0,0,,
metaclazepam,,,,,COCC1CN=C(c2ccccc2Cl)c2cc(Br)ccc2N1C,0,0,0,0,,
besifloxacin,,,,,NC1CCCCN(c2c(F)cc3c(=O)c(C(=O)O)cn(C4CC4)c3c2Cl)C1,0,0,0,0,,
ambuside,,,,,C=CCNS(=O)(=O)c1cc(S(N)(=O)=O)c(Cl)cc1N=CCC(C)=O,0,0,0,0,,
diflucortolone,,,,,CC1CC2C3CC(F)C4=CC(=O)C=CC4(C)C3(F)C(O)CC2(C)C1C(=O)CO,0,0,0,0,,
fluacizine,,,,,CCN(CC)CCC(=O)N1c2ccccc2Sc2ccc(C(F)(F)F)cc21,0,0,0,0,,
ketanserin,,,,,O=C(c1ccc(F)cc1)C1CCN(CCn2c(=O)[nH]c3ccccc3c2=O)CC1,0,0,0,0,,
vesnarinone,,,,,COc1ccc(C(=O)N2CCN(c3ccc4c(c3)CCC(=O)N4)CC2)cc1OC,0,0,0,0,,
spiperone,,,,,O=C(CCCN1CCC2(CC1)C(=O)NCN2c1ccccc1)c1ccc(F)cc1,0,0,0,0,,
ethaverine,,,,,CCOc1ccc(Cc2nccc3cc(OCC)c(OCC)cc23)cc1OCC,0,0,0,0,,
quinagolide,,,,,CCCN1CC(NS(=O)(=O)N(CC)CC)CC2Cc3c(O)cccc3CC21,0,0,0,0,,
cloricromen,,,,,CCOC(=O)COc1ccc2c(C)c(CCN(CC)CC)c(=O)oc2c1Cl,0,0,0,0,,
cefalotin,,,,,CC(=O)OCC1=C(C(=O)O)N2C(=O)C(NC(=O)Cc3cccs3)C2SC1,0,0,0,0,,
diiodohydroxyquinoline,,,,,Oc1c(I)cc(I)c2cccnc12,0,0,0,0,,
cefetamet,,,,,CON=C(C(=O)NC1C(=O)N2C(C(=O)O)=C(C)CSC12)c1csc(N)n1,0,0,0,0,,
diperodon,,,,,O=C(Nc1ccccc1)OCC(CN1CCCCC1)OC(=O)Nc1ccccc1,0,0,0,0,,
drotaverine,,,,,CCOc1ccc(CC2=NCCc3cc(OCC)c(OCC)cc32)cc1OCC,0,0,0,0,,
timiperone,,,,,O=C(CCCN1CCC(n2c(=S)[nH]c3ccccc32)CC1)c1ccc(F)cc1,0,0,0,0,,
sulconazole,,,,,Clc1ccc(CSC(Cn2ccnc2)c2ccc(Cl)cc2Cl)cc1,0,0,0,0,,
melarsoprol,,,,,Nc1nc(N)nc(Nc2ccc([As]3SCC(CO)S3)cc2)n1,0,0,0,0,,
camostat,,,,,CN(C)C(=O)COC(=O)Cc1ccc(OC(=O)c2ccc(N=C(N)N)cc2)cc1,0,0,0,0,,
bisantrene,,,,,C(=NNC1=NCCN1)c1c2ccccc2c(C=NNC2=NCCN2)c2ccccc12,0,0,0,0,,
flutropium,,,,,C[N+]1(CCF)C2CCC1CC(OC(=O)C(O)(c1ccccc1)c1ccccc1)C2,0,0,0,0,,
beraprost,,,,,CC#CCC(C)C(O)C=CC1C(O)CC2Oc3c(CCCC(=O)O)cccc3C21,0,0,0,0,,
dimorpholamine,,,,,CCCCN(CCN(CCCC)C(=O)N1CCOCC1)C(=O)N1CCOCC1,0,0,0,0,,
pentagestrone,,,,,CC(=O)C1(O)CCC2C3CC=C4C=C(OC5CCCC5)CCC4(C)C3CCC21C,0,0,0,0,,
dihydrotachysterol,,,,,CC1CCC(O)CC1=CC=C1CCCC2(C)C1CCC2C(C)C=CC(C)C(C)C,0,0,0,0,,
ademetionine,,,,,C[S+](CCC(N)C(=O)[O-])CC1OC(n2cnc3c(N)ncnc32)C(O)C1O,0,0,0,0,,
pipazetate,,,,,O=C(OCCOCCN1CCCCC1)N1c2ccccc2Sc2cccnc21,0,0,0,0,,
thiethylperazine,,,,,CCSc1ccc2c(c1)N(CCCN1CCN(C)CC1)c1ccccc1S2,0,0,0,0,,
mepacrine,,,,,CCN(CC)CCCC(C)Nc1c2ccc(Cl)cc2nc2ccc(OC)cc12,0,0,0,0,,
enprostil,,,,,COC(=O)CCC=C=CCC1C(=O)CC(O)C1C=CC(O)COc1ccccc1,0,0,0,0,,
fursultiamine,,,,,CC(=C(CCO)SSCC1CCCO1)N(C=O)Cc1cnc(C)nc1N,0,0,0,0,,
tiocarlide,,,,,CC(C)CCOc1ccc(NC(=S)Nc2ccc(OCCC(C)C)cc2)cc1,0,0,0,0,,
gefarnate,,,,,CC(C)=CCCC(C)=CCCC(C)=CCCC(=O)OCC=C(C)CCC=C(C)C,0,0,0,0,,
oxyphenisatine acetate,,,,,CC(=O)Oc1ccc(C2(c3ccc(OC(C)=O)cc3)C(=O)Nc3ccccc32)cc1,0,0,0,0,,
amperozide,,,,,CCNC(=O)N1CCN(CCCC(c2ccc(F)cc2)c2ccc(F)cc2)CC1,0,0,0,0,,
fominoben,,,,,CN(CC(=O)N1CCOCC1)Cc1c(Cl)cccc1NC(=O)c1ccccc1,0,0,0,0,,
bemetizide,,,,,CC(c1ccccc1)C1Nc2cc(Cl)c(S(N)(=O)=O)cc2S(=O)(=O)N1,0,0,0,0,,
pipamazine,,,,,NC(=O)C1CCN(CCCN2c3ccccc3Sc3ccc(Cl)cc32)CC1,0,0,0,0,,
prednisolone acetate,,,,,CC(=O)OCC(=O)C1(O)CCC2C3CC=C4CC(=O)C=CC4(C)C3C(O)CC21C,0,0,0,0,,
cinitapride,,,,,CCOc1cc(N)c([N+](=O)[O-])cc1C(=O)NC1CCN(CC2CC=CCC2)CC1,0,0,0,0,,
dehydrocholic acid,,,,,CC(CCC(=O)O)C1CCC2C3C(=O)CC4CC(=O)CCC4(C)C3CC(=O)C12C,0,0,0,0,,
ethinylestradiol sulfonate,,,,,C#CC1(O)CCC2C3CCc4cc(OS(=O)(=O)C(C)C)ccc4C3CCC21C,0,0,0,0,,
sulforidazine,,,,,CN1CCCCC1CCN1c2ccccc2Sc2ccc(S(C)(=O)=O)cc21,0,0,0,0,,
delmadinone acetate,,,,,CC(=O)OC1(C(C)=O)CCC2C3=CC(Cl)=C4CC(=O)C=CC4(C)C3CCC21C,0,0,0,0,,
lorajmine,,,,,CCC1C2CC3C4N(C)c5ccccc5C45CC(C2C5OC(=O)CCl)N3C1O,0,0,0,0,,
clocinizine,,,,,Clc1ccc(C(c2ccccc2)N2CCN(CC=Cc3ccccc3)CC2)cc1,0,0,0,0,,
phthalylsulfathiazole,,,,,O=C(O)c1ccccc1C(=O)Nc1ccc(S(=O)(=O)Nc2nccs2)cc1,0,0,0,0,,
aminoxytriphene,,,,,COc1ccc(C(CN(C)C)=C(c2ccc(OC)cc2)c2ccc(OC)cc2)cc1,0,0,0,0,,
metergoline,,,,,CN1CC(CNC(=O)OCc2ccccc2)CC2c3cccc4c3c(cn4C)CC21,0,0,0,0,,
alpidem,,,,,CCCN(CCC)C(=O)Cc1c(-c2ccc(Cl)cc2)nc2ccc(Cl)cn12,0,0,0,0,,
bentiromide,,,,,O=C(O)c1ccc(NC(=O)C(Cc2ccc(O)cc2)NC(=O)c2ccccc2)cc1,0,0,0,0,,
nicocodine,,,,,COc1ccc2c3c1OC1C(OC(=O)c4cccnc4)C=CC4C(C2)N(C)CCC341,0,0,0,0,,
aldesulfone,,,,,O=S(O)CNc1ccc(S(=O)(=O)c2ccc(NCS(=O)O)cc2)cc1,0,0,0,0,,
sulfinpyrazone,,,,,O=c1c(CC[S+]([O-])c2ccccc2)c(O)n(-c2ccccc2)n1-c1ccccc1,0,0,0,0,,
flunarizine,,,,,Fc1ccc(C(c2ccc(F)cc2)N2CCN(CC=Cc3ccccc3)CC2)cc1,0,0,0,0,,
benzquinamide,,,,,CCN(CC)C(=O)C1CN2CCc3cc(OC)c(OC)cc3C2CC1OC(C)=O,0,0,0,0,,
mepitiostane,,,,,COC1(OC2CCC3C4CCC5CC6SC6CC5(C)C4CCC23C)CCCC1,0,0,0,0,,
chlormadinone,,,,,CC(=O)OC1(C(C)=O)CCC2C3=CC(Cl)=C4CC(=O)CCC4(C)C3CCC21C,0,0,0,0,,
taltirelin,,,,,CN1C(=O)CC(C(=O)NC(Cc2c[nH]cn2)C(=O)N2CCCC2C(N)=O)NC1=O,0,0,0,0,,
cefaloglycin,,,,,CC(=O)OCC1=C(C(=O)O)N2C(=O)C(NC(=O)C(N)c3ccccc3)C2SC1,0,0,0,0,,
nifekalant,,,,,Cn1c(NCCN(CCO)CCCc2ccc([N+](=O)[O-])cc2)cc(=O)n(C)c1=O,0,0,0,0,,
astromicin,,,,,COC1C(O)C(N)C(OC2OC(C(C)N)CCC2N)C(O)C1N(C)C(=O)CN,0,0,0,0,,
mazaticol,,,,,CN1C2CCC(C)(C)C1CC(OC(=O)C(O)(c1cccs1)c1cccs1)C2,0,0,0,0,,
morclofone,,,,,COc1cc(C(=O)c2ccc(Cl)cc2)cc(OC)c1OCCN1CCOCC1,0,0,0,0,,
toremifene,,,,,CN(C)CCOc1ccc(C(=C(CCCl)c2ccccc2)c2ccccc2)cc1,0,0,0,0,,
clomifene,,,,,CCN(CC)CCOc1ccc(C(=C(Cl)c2ccccc2)c2ccccc2)cc1,0,0,0,0,,
floctafenine,,,,,O=C(OCC(O)CO)c1ccccc1Nc1ccnc2c(C(F)(F)F)cccc12,0,0,0,0,,
penamecillin,,,,,CC(=O)OCOC(=O)C1N2C(=O)C(NC(=O)Cc3ccccc3)C2SC1(C)C,0,0,0,0,,
alacepril,,,,,CC(=O)SCC(C)C(=O)N1CCCC1C(=O)NC(Cc1ccccc1)C(=O)O,0,0,0,0,,
lincomycin,,,,,CCCC1CC(C(=O)NC(C(C)O)C2OC(SC)C(O)C(O)C2O)N(C)C1,0,0,0,0,,
nandrolone phenpropionate,,,,,CC12CCC3C4=C(CCC3C1CCC2OC(=O)CCc1ccccc1)CC(=O)CC4,0,0,0,0,,
hexachlorophene,,,,,Oc1c(Cl)cc(Cl)c(Cl)c1Cc1c(O)c(Cl)cc(Cl)c1Cl,0,0,0,0,,
bidisomide,,,,,CC(=O)N(CCC(CCN1CCCCC1)(C(N)=O)c1ccccc1Cl)C(C)C,0,0,0,0,,
ethyl biscoumacetate,,,,,CCOC(=O)C(c1c(O)c2ccccc2oc1=O)c1c(O)c2ccccc2oc1=O,0,0,0,0,,
cholic acid,,,,,CC(CCC(=O)O)C1CCC2C3C(O)CC4CC(O)CCC4(C)C3CC(O)C12C,0,0,0,0,,
quingestanol acetate,,,,,C#CC1(OC(C)=O)CCC2C3CC=C4C=C(OC5CCCC5)CCC4C3CCC21C,0,0,0,0,,
levamlodipine,,,,,CCOC(=O)C1=C(COCCN)N=C(C)C(C(=O)OC)C1c1ccccc1Cl,0,0,0,0,,
beclometasone dipropionate,,,,,CCC(=O)OCC(=O)C1(OC(=O)CC)C(C)CC2C3CC=C4CC(=O)C=CC4(C)C3(Cl)C(O)CC21C,0,0,0,0,,
trifluperidol,,,,,O=C(CCCN1CCC(O)(c2cccc(C(F)(F)F)c2)CC1)c1ccc(F)cc1,0,0,0,0,,
benexate,,,,,N=C(N)NCC1CCC(C(=O)Oc2ccccc2C(=O)OCc2ccccc2)CC1,0,0,0,0,,
butaperazine,,,,,CCCC(=O)c1ccc2c(c1)N(CCCN1CCN(C)CC1)c1ccccc1S2,0,0,0,0,,
sitafloxacin,,,,,NC1CN(c2c(F)cc3c(=O)c(C(=O)O)cn(C4CC4F)c3c2Cl)CC12CC2,0,0,0,0,,
ceftibuten,,,,,Nc1nc(C(CCC(=O)O)C(=O)N=C2C(=O)N3C(C(=O)O)=CCSC23)cs1,0,0,0,0,,
ornoprostil,,,,,CCCCC(C)CC(O)C=CC1C(O)CC(=O)C1CC(=O)CCCCC(=O)OC,0,0,0,0,,
methestrol dipropionate,,,,,CCC(=O)Oc1ccc(C(CC)C(CC)c2ccc(OC(=O)CC)c(C)c2)cc1C,0,0,0,0,,
piperacetazine,,,,,CC(=O)c1ccc2c(c1)N(CCCN1CCC(CCO)CC1)c1ccccc1S2,0,0,0,0,,
norethindrone enanthate,,,,,C#CC1(OC(=O)CCCCCC)CCC2C3CC=C4CC(=O)CCC4C3CCC21C,0,0,0,0,,
iomazenil (123I),,,,,CCOC(=O)c1ncn2c1CN(C)C(=O)c1c(I)cccc1-2,0,0,0,0,,
tasosartan,,,,,Cc1nc(C)c2c(n1)N(Cc1ccc(-c3ccccc3-c3nn[nH]n3)cc1)C(=O)CC2,0,0,0,0,,
acetophenazine,,,,,CC(=O)c1ccc2c(c1)N(CCCN1CCN(CCO)CC1)c1ccccc1S2,0,0,0,0,,
butoconazole,,,,,Clc1ccc(CCC(Cn2ccnc2)Sc2c(Cl)cccc2Cl)cc1,0,0,0,0,,
reserpiline,,,,,COC(=O)C1=COC(C)C2CN3CCc4c([nH]c5cc(OC)c(OC)cc45)C3CC12,0,0,0,0,,
cinalukast,,,,,CCC(CC)(CC(=O)Nc1cccc(C=Cc2nc(C3CCC3)cs2)c1)C(=O)O,0,0,0,0,,
calcipotriene,,,,,C=C1C(=CC=C2CCCC3(C)C2CCC3C(C)C=CC(O)C2CC2)CC(O)CC1O,0,0,0,0,,
benzethonium,,,,,CC(C)(C)CC(C)(C)c1ccc(OCCOCC[N+](C)(C)Cc2ccccc2)cc1,0,0,0,0,,
nizofenone,,,,,CCN(CC)Cc1nccn1-c1ccc([N+](=O)[O-])cc1C(=O)c1ccccc1Cl,0,0,0,0,,
thiamphenicol glycinate,,,,,CS(=O)(=O)c1ccc(C(O)C(COC(=O)CN)NC(=O)C(Cl)Cl)cc1,0,0,0,0,,
dichlorisone,,,,,CC(=O)OCC(=O)C1(O)CCC2C3CC=C4CC(=O)C=CC4(C)C3(Cl)C(Cl)CC21C,0,0,0,0,,
noscapine,,,,,COc1ccc2c(c1OC)C(=O)OC2C1c2c(cc3c(c2OC)OCO3)CCN1C,0,0,0,0,,
talniflumate,,,,,O=C1OC(OC(=O)c2cccnc2Nc2cccc(C(F)(F)F)c2)c2ccccc21,0,0,0,0,,
podophyllotoxin,,,,,COc1cc(C2c3cc4c(cc3C(O)C3COC(=O)C23)OCO4)cc(OC)c1OC,0,0,0,0,,
sancycline,,,,,CN(C)C1C(=O)C(C(N)=O)C(=O)C2(O)C(=O)C3C(=O)c4c(O)cccc4CC3CC12,0,0,0,0,,
sulbenicillin,,,,,CC1(C)SC2C(NC(=O)C(c3ccccc3)S(=O)(=O)O)C(=O)N2C1C(=O)O,0,0,0,0,,
temocillin,,,,,COC1(NC(=O)C(C(=O)O)c2ccsc2)C(=O)N2C(C(=O)O)C(C)(C)SC21,0,0,0,0,,
gestonorone caproate,,,,,CCCCCC(=O)OC1(C(C)=O)CCC2C3CC=C4CC(=O)CCC4C3CCC21C,0,0,0,0,,
desoxycorticosterone pivalate,,,,,CC(C)(C)C(=O)OCC(=O)C1CCC2C3CC=C4CC(=O)CCC4(C)C3CCC12C,0,0,0,0,,
sitosterol,,,,,CCC(CCC(C)C1CCC2C3CC=C4CC(O)CCC4(C)C3CCC12C)C(C)C,0,0,0,0,,
teclothiazide,,,,,NS(=O)(=O)c1cc2c(cc1Cl)NC(C(Cl)(Cl)Cl)NS2(=O)=O,0,0,0,0,,
acemetacin,,,,,COc1ccc2c(c1)c(CC(=O)OCC(=O)O)c(C)n2C(=O)c1ccc(Cl)cc1,0,0,0,0,,
isoconazole,,,,,Clc1ccc(C(Cn2ccnc2)OCc2c(Cl)cccc2Cl)c(Cl)c1,0,0,0,0,,
tenitramine,,,,,O=[N+]([O-])OCCN(CCO[N+](=O)[O-])CCN(CCO[N+](=O)[O-])CCO[N+](=O)[O-],0,0,0,0,,
guaiacol phosphate,,,,,COc1ccccc1OP(=O)(Oc1ccccc1OC)Oc1ccccc1OC,0,0,0,0,,
ramatroban,,,,,O=C(O)CCn1c2c(c3ccccc31)CC(NS(=O)(=O)c1ccc(F)cc1)CC2,0,0,0,0,,
pyrinoline,,,,,OC(C1=CC(=C(c2ccccn2)c2ccccn2)C=C1)(c1ccccn1)c1ccccn1,0,0,0,0,,
cefaloridine,,,,,O=C(Cc1cccs1)NC1C(=O)N2C(C(=O)[O-])=C(C[n+]3ccccc3)CSC12,0,0,0,0,,
desonide,,,,,CC1(C)OC2CC3C4CC=C5CC(=O)C=CC5(C)C4C(O)CC3(C)C2(C(=O)CO)O1,0,0,0,0,,
methylprednisolone acetate,,,,,CC(=O)OCC(=O)C1(O)CCC2C3CC(C)=C4CC(=O)C=CC4(C)C3C(O)CC21C,0,0,0,0,,
colecalciferol,,,,,C=C1CCC(O)CC1=CC=C1CCCC2(C)C1CCC2C(C)CCCC(C)C,0,0,0,0,,
secalciferol,,,,,C=C1CCC(O)CC1=CC=C1CCCC2(C)C1CCC2C(C)CCC(O)C(C)(C)O,0,0,0,0,,
temafloxacin,,,,,CC1CN(c2cc3c(cc2F)c(=O)c(C(=O)O)cn3-c2ccc(F)cc2F)CCN1,0,0,0,0,,
bisoxatin acetate,,,,,CC(=O)Oc1ccc(C2(c3ccc(OC(C)=O)cc3)Oc3ccccc3NC2=O)cc1,0,0,0,0,,
cinepazide,,,,,COc1cc(C=CC(=O)N2CCN(CC(=O)N3CCCC3)CC2)cc(OC)c1OC,0,0,0,0,,
cilazapril,,,,,CCOC(=O)C(CCc1ccccc1)NC1CCCN2CCCC(C(=O)O)N2C1=O,0,0,0,0,,
maxacalcitol,,,,,C=C1C(=CC=C2CCCC3(C)C2CCC3C(C)OCCC(C)(C)O)CC(O)CC1O,0,0,0,0,,
etodroxizine,,,,,OCCOCCOCCN1CCN(C(c2ccccc2)c2ccc(Cl)cc2)CC1,0,0,0,0,,
lofepramine,,,,,CN(CCCN1c2ccccc2CCc2ccccc21)CC(=O)c1ccc(Cl)cc1,0,0,0,0,,
bromperidol,,,,,O=C(CCCN1CCC(O)(c2ccc(Br)cc2)CC1)c1ccc(F)cc1,0,0,0,0,,
amtolmetin guacil,,,,,COc1ccccc1OC(=O)CNC(=O)Cc1ccc(C(=O)c2ccc(C)cc2)n1C,0,0,0,0,,
hexoprenaline,,,,,Oc1ccc(C(O)CNCCCCCCNCC(O)c2ccc(O)c(O)c2)cc1O,0,0,0,0,,
levocabastine,,,,,CC1CN(C2CCC(C#N)(c3ccc(F)cc3)CC2)CCC1(C(=O)O)c1ccccc1,0,0,0,0,,
pipebuzone,,,,,CCCCC1(CN2CCN(C)CC2)C(=O)N(c2ccccc2)N(c2ccccc2)C1=O,0,0,0,0,,
etofylline clofibrate,,,,,Cn1c(=O)c2c(ncn2CCOC(=O)C(C)(C)Oc2ccc(Cl)cc2)n(C)c1=O,0,0,0,0,,
pitavastatin,,,,,O=C(O)CC(O)CC(O)C=Cc1c(C2CC2)nc2ccccc2c1-c1ccc(F)cc1,0,0,0,0,,
mopidamol,,,,,OCCN(CCO)c1nc(N2CCCCC2)c2nc(N(CCO)CCO)ncc2n1,0,0,0,0,,
pentacynium chloride,,,,,C[N+](C)(CCCCC(C#N)(c1ccccc1)c1ccccc1)CC[N+]1(C)CCOCC1,0,0,0,0,,
mosapride,,,,,CCOc1cc(N)c(Cl)cc1C(=O)NCC1CN(Cc2ccc(F)cc2)CCO1,0,0,0,0,,
nandrolone cyclotate,,,,,CC12C=CC(C(=O)OC3CCC4C5CC=C6CC(=O)CCC6C5CCC34C)(CC1)CC2,0,0,0,0,,
cefapirin,,,,,CC(=O)OCC1=C(C(=O)O)N2C(=O)C(NC(=O)CSc3ccncc3)C2SC1,0,0,0,0,,
gallamine,,,,,CC[N+](CC)(CC)CCOc1cccc(OCC[N+](CC)(CC)CC)c1OCC[N+](CC)(CC)CC,0,0,0,0,,
omoconazole,,,,,CC(=C(OCCOc1ccc(Cl)cc1)c1ccc(Cl)cc1Cl)n1ccnc1,0,0,0,0,,
alvimopan,,,,,CC1CN(CC(Cc2ccccc2)C(=O)NCC(=O)O)CCC1(C)c1cccc(O)c1,0,0,0,0,,
difenoxin,,,,,N#CC(CCN1CCC(C(=O)O)(c2ccccc2)CC1)(c1ccccc1)c1ccccc1,0,0,0,0,,
pifarnine,,,,,CC(C)=CCCC(C)=CCCC(C)=CCN1CCN(Cc2ccc3c(c2)OCO3)CC1,0,0,0,0,,
carfenazine,,,,,CCC(=O)c1ccc2c(c1)N(CCCN1CCN(CCO)CC1)c1ccccc1S2,0,0,0,0,,
epitizide,,,,,NS(=O)(=O)c1cc2c(cc1Cl)NC(CSCC(F)(F)F)NS2(=O)=O,0,0,0,0,,
sozoiodolic acid,,,,,O=S(=O)(O)c1cc(I)c(O)c(I)c1,0,0,0,0,,
garenoxacin,,,,,CC1NCc2cc(-c3ccc4c(=O)c(C(=O)O)cn(C5CC5)c4c3OC(F)F)ccc21,0,0,0,0,,
fenbenicillin,,,,,CC1(C)SC2C(NC(=O)C(Oc3ccccc3)c3ccccc3)C(=O)N2C1C(=O)O,0,0,0,0,,
cetotiamine,,,,,CCOC(=O)OCCC(SC(=O)OCC)=C(C)N(C=O)Cc1cnc(C)nc1N,0,0,0,0,,
oxatomide,,,,,O=c1[nH]c2ccccc2n1CCCN1CCN(C(c2ccccc2)c2ccccc2)CC1,0,0,0,0,,
perospirone,,,,,Oc1c2c(c(O)n1CCCCN1CCN(c3nsc4ccccc34)CC1)CCCC2,0,0,0,0,,
etofamide,,,,,CCOCCN(Cc1ccc(Oc2ccc([N+](=O)[O-])cc2)cc1)C(=O)C(Cl)Cl,0,0,0,0,,
salazosulfadimidine,,,,,Cc1cc(C)nc(NS(=O)(=O)c2ccc(N=Nc3ccc(O)c(C(=O)O)c3)cc2)n1,0,0,0,0,,
moracizine,,,,,CCOC(=O)Nc1ccc2c(c1)N(C(=O)CCN1CCOCC1)c1ccccc1S2,0,0,0,0,,
mozavaptan,,,,,Cc1ccccc1C(=O)Nc1ccc(C(=O)N2CCCC(N(C)C)c3ccccc32)cc1,0,0,0,0,,
dixyrazine,,,,,CC(CN1CCN(CCOCCO)CC1)CN1c2ccccc2Sc2ccccc21,0,0,0,0,,
fosfestrol,,,,,CCC(=C(CC)c1ccc(OP(=O)(O)O)cc1)c1ccc(OP(=O)(O)O)cc1,0,0,0,0,,
oxiconazole,,,,,Clc1ccc(CON=C(Cn2ccnc2)c2ccc(Cl)cc2Cl)c(Cl)c1,0,0,0,0,,
altropane,,,,,COC(=O)C1C(c2ccc(F)cc2)CC2CCC1N2CC=CI,0,0,0,0,,
sarpogrelate,,,,,COc1cccc(CCc2ccccc2OCC(CN(C)C)OC(=O)CCC(=O)O)c1,0,0,0,0,,
zofenopril,,,,,CC(CSC(=O)c1ccccc1)C(=O)N1CC(Sc2ccccc2)CC1C(=O)O,0,0,0,0,,
carbifene,,,,,CCOC(C(=O)N(C)CCN(C)CCc1ccccc1)(c1ccccc1)c1ccccc1,0,0,0,0,,
piritramide,,,,,N#CC(CCN1CCC(C(N)=O)(N2CCCCC2)CC1)(c1ccccc1)c1ccccc1,0,0,0,0,,
lafutidine,,,,,O=C(C[S+]([O-])Cc1ccco1)NCC=CCOc1cc(CN2CCCCC2)ccn1,0,0,0,0,,
benzthiazide,,,,,NS(=O)(=O)c1cc2c(cc1Cl)N=C(CSCc1ccccc1)NS2(=O)=O,0,0,0,0,,
fluprednidene acetate,,,,,C=C1CC2C3CC=C4CC(=O)C=CC4(C)C3(F)C(O)CC2(C)C1(O)C(=O)COC(C)=O,0,0,0,0,,
mizolastine,,,,,CN(c1nc(=O)cc[nH]1)C1CCN(c2nc3ccccc3n2Cc2ccc(F)cc2)CC1,0,0,0,0,,
hydrocortisone butyrate,,,,,CCCC(=O)OC1(C(=O)CO)CCC2C3CC=C4CC(=O)CCC4(C)C3C(O)CC21C,0,0,0,0,,
diiodotyrosine,,,,,NC(Cc1cc(I)c(O)c(I)c1)C(=O)O,0,0,0,0,,
buclizine,,,,,CC(C)(C)c1ccc(CN2CCN(C(c3ccccc3)c3ccc(Cl)cc3)CC2)cc1,0,0,0,0,,
clometocillin,,,,,COC(C(=O)NC1C(=O)N2C1SC(C)(C)C2C(=O)O)c1ccc(Cl)c(Cl)c1,0,0,0,0,,
brovincamine,,,,,CCC12CCCN3CCc4c(n(c5cc(Br)ccc45)C(O)(C(=O)OC)C1)C32,0,0,0,0,,
belotecan,,,,,CCC1(O)C(=O)OCc2c1cc1n(c2=O)Cc2c-1nc1ccccc1c2CCNC(C)C,0,0,0,0,,
lubeluzole,,,,,CN(c1nc2ccccc2s1)C1CCN(CC(O)COc2ccc(F)c(F)c2)CC1,0,0,0,0,,
sivelestat,,,,,CC(C)(C)C(=O)Oc1ccc(S(=O)(=O)Nc2ccccc2C(=O)NCC(=O)O)cc1,0,0,0,0,,
fluperolone,,,,,CC(=O)OC(C)C(=O)C1(O)CCC2C3CC=C4CC(=O)C=CC4(C)C3(F)C(O)CC21C,0,0,0,0,,
flunisolide,,,,,CC1(C)OC2CC3C4CC(F)C5=CC(=O)C=CC5(C)C4C(O)CC3(C)C2(C(=O)CO)O1,0,0,0,0,,
niperotidine,,,,,CN(C)Cc1ccc(CSCCN=C(C[N+](=O)[O-])NCc2ccc3c(c2)OCO3)o1,0,0,0,0,,
glisolamide,,,,,Cc1cc(C(=O)NCCc2ccc(S(=O)(=O)NC(=O)NC3CCCCC3)cc2)no1,0,0,0,0,,
chlorbenzoxamine,,,,,Cc1ccccc1CN1CCN(CCOC(c2ccccc2)c2ccccc2Cl)CC1,0,0,0,0,,
exatecan,,,,,CCC1(O)C(=O)OCc2c1cc1n(c2=O)Cc2c-1nc1cc(F)c(C)c3c1c2C(N)CC3,0,0,0,0,,
trimazosin,,,,,COc1cc2c(N)nc(N3CCN(C(=O)OCC(C)(C)O)CC3)nc2c(OC)c1OC,0,0,0,0,,
cloxotestosterone,,,,,CC12CCC(=O)C=C1CCC1C2CCC2(C)C(OC(O)C(Cl)(Cl)Cl)CCC12,0,0,0,0,,
fludroxycortide,,,,,CC1(C)OC2CC3C4CC(F)C5=CC(=O)CCC5(C)C4C(O)CC3(C)C2(C(=O)CO)O1,0,0,0,0,,
docusate sodium,,,,,CCCCC(CC)COC(=O)CC(C(=O)OCC(CC)CCCC)S(=O)(=O)O,0,0,0,0,,
bialamicol,,,,,C=CCc1cc(-c2cc(CC=C)c(O)c(CN(CC)CC)c2)cc(CN(CC)CC)c1O,0,0,0,0,,
tigemonam,,,,,CC1(C)C(=NC(=O)C(NOCC(=O)O)c2csc(N)n2)C(=O)N1OS(=O)(=O)O,0,0,0,0,,
sertaconazole,,,,,Clc1ccc(C(Cn2ccnc2)OCc2csc3c(Cl)cccc23)c(Cl)c1,0,0,0,0,,
triparanol,,,,,CCN(CC)CCOc1ccc(C(O)(Cc2ccc(Cl)cc2)c2ccc(C)cc2)cc1,0,0,0,0,,
suxibuzone,,,,,CCCCC1(COC(=O)CCC(=O)O)C(=O)N(c2ccccc2)N(c2ccccc2)C1=O,0,0,0,0,,
quinapril,,,,,CCOC(=O)C(CCc1ccccc1)NC(C)C(=O)N1Cc2ccccc2CC1C(=O)O,0,0,0,0,,
flusalan,,,,,O=C(Nc1cccc(C(F)(F)F)c1)c1cc(Br)cc(Br)c1O,0,0,0,0,,
pivmecillinam,,,,,CC(C)(C)C(=O)OCOC(=O)C1N2C(=O)C(N=CN3CCCCCC3)C2SC1(C)C,0,0,0,0,,
polythiazide,,,,,CN1C(CSCC(F)(F)F)Nc2cc(Cl)c(S(N)(=O)=O)cc2S1(=O)=O,0,0,0,0,,
aminopterin,,,,,Nc1nc(N)c2nc(CNc3ccc(C(=O)NC(CCC(=O)O)C(=O)O)cc3)cnc2n1,0,0,0,0,,
ceftezole,,,,,O=C(Cn1cnnn1)NC1C(=O)N2C(C(=O)O)=C(CSc3nncs3)CSC12,0,0,0,0,,
flumedroxone acetate,,,,,CC(=O)OC1(C(C)=O)CCC2C3CC(C(F)(F)F)=C4CC(=O)CCC4(C)C3CCC21C,0,0,0,0,,
pentagestrone acetate,,,,,CC(=O)OC1(C(C)=O)CCC2C3CC=C4C=C(OC5CCCC5)CCC4(C)C3CCC21C,0,0,0,0,,
estradiol undecylate,,,,,CCCCCCCCCCC(=O)OC1CCC2C3CCc4cc(O)ccc4C3CCC12C,0,0,0,0,,
sertindole,,,,,O=C1NCCN1CCN1CCC(c2cn(-c3ccc(F)cc3)c3ccc(Cl)cc23)CC1,0,0,0,0,,
metacycline,,,,,C=C1c2cccc(O)c2C(=O)C2C(=O)C3(O)C(=O)C(C(N)=O)C(=O)C(N(C)C)C3C(O)C12,0,0,0,0,,
mazipredone,,,,,CN1CCN(CC(=O)C2(O)CCC3C4CC=C5CC(=O)C=CC5(C)C4C(O)CC32C)CC1,0,0,0,0,,
zuclopenthixol acetate,,,,,CC(=O)OCCN1CCN(CCC=C2c3ccccc3Sc3ccc(Cl)cc32)CC1,0,0,0,0,,
prednival,,,,,CCCCC(=O)OC1(C(=O)CO)CCC2C3CC=C4CC(=O)C=CC4(C)C3C(O)CC21C,0,0,0,0,,
menatetrenone,,,,,CC(C)=CCCC(C)=CCCC(C)=CCC=C(C)C=Cc1c(C)c(O)c2ccccc2c1O,0,0,0,0,,
halometasone,,,,,CC1CC2C3CC(F)C4=CC(=O)C(Cl)=CC4(C)C3(F)C(O)CC2(C)C1(O)C(=O)CO,0,0,0,0,,
glisentide,,,,,COc1ccccc1C(=O)NCCc1ccc(S(=O)(=O)NC(=O)NC2CCCC2)cc1,0,0,0,0,,
metopimazine,,,,,CS(=O)(=O)c1ccc2c(c1)N(CCCN1CCC(C(N)=O)CC1)c1ccccc1S2,0,0,0,0,,
thiopropazate,,,,,CC(=O)OCCN1CCN(CCCN2c3ccccc3Sc3ccc(Cl)cc32)CC1,0,0,0,0,,
spiclomazine,,,,,O=C1CSC2(CCN(CCCN3c4ccccc4Sc4ccc(Cl)cc43)CC2)N1,0,0,0,0,,
baicalin,,,,,O=C(O)C1OC(Oc2cc3oc(-c4ccccc4)cc(=O)c3c(O)c2O)C(O)C(O)C1O,0,0,0,0,,
fluocortin butyl,,,,,CCCCOC(=O)C(=O)C1C(C)CC2C3CC(F)C4=CC(=O)C=CC4(C)C3C(O)CC21C,0,0,0,0,,
carpipramine,,,,,NC(=O)C1(N2CCCCC2)CCN(CCCN2c3ccccc3CCc3ccccc32)CC1,0,0,0,0,,
tioclomarol,,,,,O=c1c(C(CC(O)c2ccc(Cl)cc2)c2ccc(Cl)s2)c(O)oc2ccccc12,0,0,0,0,,
ampiroxicam,,,,,CCOC(=O)OC(C)OC1=C(C(=O)Nc2ccccn2)N(C)S(=O)(=O)c2ccccc21,0,0,0,0,,
sisomicin,,,,,CNC1C(O)C(OC2C(N)CC(N)C(OC3OC(CN)=CCC3N)C2O)OCC1(C)O,0,0,0,0,,
algestone acetophenide,,,,,CC(=O)C12OC(C)(c3ccccc3)OC1CC1C3CC=C4CC(=O)CCC4(C)C3CCC12C,0,0,0,0,,
glisoxepide,,,,,Cc1cc(C(=O)NCCc2ccc(S(=O)(=O)NC(=O)NN3CCCCCC3)cc2)no1,0,0,0,0,,
sofalcone,,,,,CC(C)=CCOc1ccc(C=CC(=O)c2ccc(OCC=C(C)C)cc2OCC(=O)O)cc1,0,0,0,0,,
tiomesterone,,,,,CC(=O)SC1C=C2CC(=O)CC(SC(C)=O)C2(C)C2CCC3(C)C(CCC3(C)O)C12,0,0,0,0,,
phytomenadione,,,,,CC(C=Cc1c(C)c(O)c2ccccc2c1O)=CCCC(C)CCCC(C)CCCC(C)C,0,0,0,0,,
dibekacin,,,,,NCC1CCC(N)C(OC2C(N)CC(N)C(OC3OC(CO)C(O)C(N)C3O)C2O)O1,0,0,0,0,,
homofenazine,,,,,OCCN1CCCN(CCCN2c3ccccc3Sc3ccc(C(F)(F)F)cc32)CC1,0,0,0,0,,
mannite hexanitrate,,,,,O=[N+]([O-])OCC(O[N+](=O)[O-])C(O[N+](=O)[O-])C(O[N+](=O)[O-])C(CO[N+](=O)[O-])O[N+](=O)[O-],0,0,0,0,,
delapril,,,,,CCOC(=O)C(CCc1ccccc1)NC(C)C(=O)N(CC(=O)O)C1Cc2ccccc2C1,0,0,0,0,,
diphenoxylate,,,,,CCOC(=O)C1(c2ccccc2)CCN(CCC(C#N)(c2ccccc2)c2ccccc2)CC1,0,0,0,0,,
butropium,,,,,CCCCOc1ccc(C[N+]2(C)C3CCC2CC(OC(=O)C(CO)c2ccccc2)C3)cc1,0,0,0,0,,
floxacillin,,,,,Cc1onc(-c2c(F)cccc2Cl)c1C(=O)NC1C(=O)N2C1SC(C)(C)C2C(=O)O,0,0,0,0,,
ribostamycin,,,,,NCC1OC(OC2C(N)CC(N)C(O)C2OC2OC(CO)C(O)C2O)C(N)C(O)C1O,0,0,0,0,,
carfecillin,,,,,CC1(C)SC2C(NC(=O)C(C(=O)Oc3ccccc3)c3ccccc3)C(=O)N2C1C(=O)O,0,0,0,0,,
fenticonazole,,,,,Clc1ccc(C(Cn2ccnc2)OCc2ccc(Sc3ccccc3)cc2)c(Cl)c1,0,0,0,0,,
lacidipine,,,,,CCOC(=O)C1=C(C)N=C(C)C(C(=O)OCC)C1c1ccccc1C=CC(=O)OC(C)(C)C,0,0,0,0,,
riboflavin phosphate,,,,,Cc1cc2nc3c(=O)[nH]c(=O)nc-3n(CC(O)C(O)C(O)COP(=O)(O)O)c2cc1C,0,0,0,0,,
xenytropium,,,,,C[N+]1(Cc2ccc(-c3ccccc3)cc2)C2CCC1CC(OC(=O)C(CO)c1ccccc1)C2,0,0,0,0,,
detajmium,,,,,CCC1C2CC3C4N(C)c5ccccc5C45CC(C2C5O)[N+]3(CC(O)CN(CC)CC)C1O,0,0,0,0,,
ormeloxifene,,,,,COc1ccc2c(c1)OC(C)(C)C(c1ccccc1)C2c1ccc(OCCN2CCCC2)cc1,0,0,0,0,,
azimilide,,,,,CN1CCN(CCCCn2c(O)cn(N=Cc3ccc(-c4ccc(Cl)cc4)o3)c2=O)CC1,0,0,0,0,,
fumagillin,,,,,COC1C(OC(=O)C=CC=CC=CC=CC(=O)O)CCC2(CO2)C1C1(C)OC1CC=C(C)C,0,0,0,0,,
astemizole,,,,,COc1ccc(CCN2CCC(Nc3nc4ccccc4n3Cc3ccc(F)cc3)CC2)cc1,0,0,0,0,,
prednisolone tebutate,,,,,CC(C)(C)CC(=O)OCC(=O)C1(O)CCC2C3CC=C4CC(=O)C=CC4(C)C3C(O)CC21C,0,0,0,0,,
fluazacort,,,,,CC(=O)OCC(=O)C12N=C(C)OC1CC1C3CC=C4CC(=O)C=CC4(C)C3(F)C(O)CC12C,0,0,0,0,,
fenoverine,,,,,O=C(CN1CCN(Cc2ccc3c(c2)OCO3)CC1)N1c2ccccc2Sc2ccccc21,0,0,0,0,,
prednisolone succinate,,,,,CC12C=CC(=O)C=C1CCC1C2C(O)CC2(C)C1CCC2(O)C(=O)COC(=O)CCC(=O)O,0,0,0,0,,
hydrocortisone aceponate,,,,,CCC(=O)OC1(C(=O)COC(C)=O)CCC2C3CC=C4CC(=O)CCC4(C)C3C(O)CC21C,0,0,0,0,,
prulifloxacin,,,,,Cc1oc(=O)oc1CN1CCN(c2cc3c(cc2F)c(=O)c(C(=O)O)c2n3C(C)S2)CC1,0,0,0,0,,
lenampicillin,,,,,Cc1oc(=O)oc1COC(=O)C1N2C(=O)C(NC(=O)C(N)c3ccccc3)C2SC1(C)C,0,0,0,0,,
cinnoxicam,,,,,CN1C(C(=O)Nc2ccccn2)=C(OC(=O)C=Cc2ccccc2)c2ccccc2S1(=O)=O,0,0,0,0,,
azlocillin,,,,,CC1(C)SC2C(NC(=O)C(NC(=O)N3CCNC3=O)c3ccccc3)C(=O)N2C1C(=O)O,0,0,0,0,,
cefalexin pivoxil,,,,,CC1=C(C(=O)OCOC(=O)C(C)(C)C)N2C(=O)C(NC(=O)C(N)c3ccccc3)C2SC1,0,0,0,0,,
tobuterol,,,,,Cc1ccc(C(=O)Oc2cc(OC(=O)c3ccc(C)cc3)cc(C(O)CNC(C)(C)C)c2)cc1,0,0,0,0,,
bitolterol,,,,,Cc1ccc(C(=O)Oc2ccc(C(O)CNC(C)(C)C)cc2OC(=O)c2ccc(C)cc2)cc1,0,0,0,0,,
perflunafene,,,,,FC1(F)C(F)(F)C(F)(F)C2(F)C(F)(F)C(F)(F)C(F)(F)C(F)(F)C2(F)C1(F)F,0,0,0,0,,
cefatrizine,,,,,NC(C(=O)NC1C(=O)N2C(C(=O)O)=C(CSc3c[nH]nn3)CSC12)c1ccc(O)cc1,0,0,0,0,,
cefamandole,,,,,Cn1nnnc1SCC1=C(C(=O)O)N2C(=O)C(NC(=O)C(O)c3ccccc3)C2SC1,0,0,0,0,,
tixocortol,,,,,CC(C)(C)C(=O)SCC(=O)C1(O)CCC2C3CC=C4CC(=O)CCC4(C)C3C(O)CC21C,0,0,0,0,,
pivampicillin,,,,,CC(C)(C)C(=O)OCOC(=O)C1N2C(=O)C(NC(=O)C(N)c3ccccc3)C2SC1(C)C,0,0,0,0,,
micronomicin,,,,,CNCC1CCC(N)C(OC2C(N)CC(N)C(OC3OCC(C)(O)C(NC)C3O)C2O)O1,0,0,0,0,,
asulacrine,,,,,CNC(=O)c1cccc2c(Nc3ccc(NS(C)(=O)=O)cc3OC)c3cccc(C)c3nc12,0,0,0,0,,
loprazolam,,,,,CN1CCN(C=C2N=C3CN=C(c4ccccc4Cl)c4cc([N+](=O)[O-])ccc4N3C2=O)CC1,0,0,0,0,,
bacampicillin,,,,,CCOC(=O)OC(C)OC(=O)C1N2C(=O)C(NC(=O)C(N)c3ccccc3)C2SC1(C)C,0,0,0,0,,
carumonam,,,,,NC(=O)OCC1C(=NC(=O)C(NOCC(=O)O)c2csc(N)n2)C(=O)N1S(=O)(=O)O,0,0,0,0,,
benfotiamine,,,,,CC(=C(CCOP(=O)(O)O)SC(=O)c1ccccc1)N(C=O)Cc1cnc(C)nc1N,0,0,0,0,,
spirapril,,,,,CCOC(=O)C(CCc1ccccc1)NC(C)C(=O)N1CC2(CC1C(=O)O)SCCS2,0,0,0,0,,
edatrexate,,,,,CCC(Cc1cnc2nc(N)nc(N)c2n1)c1ccc(C(=O)NC(CCC(=O)O)C(=O)O)cc1,0,0,0,0,,
oxetacaine,,,,,CN(C(=O)CN(CCO)CC(=O)N(C)C(C)(C)Cc1ccccc1)C(C)(C)Cc1ccccc1,0,0,0,0,,
tiropramide,,,,,CCCN(CCC)C(=O)C(Cc1ccc(OCCN(CC)CC)cc1)NC(=O)c1ccccc1,0,0,0,0,,
cromoglicic acid,,,,,O=C(O)c1cc(=O)c2c(OCC(O)COc3cccc4oc(C(=O)O)cc(=O)c34)cccc2o1,0,0,0,0,,
tartrazine,,,,,O=C(O)c1[nH]n(-c2ccc(S(=O)(=O)O)cc2)c(=O)c1N=Nc1ccc(S(=O)(=O)O)cc1,0,0,0,0,,
lomerizine,,,,,COc1ccc(CN2CCN(C(c3ccc(F)cc3)c3ccc(F)cc3)CC2)c(OC)c1OC,0,0,0,0,,
ruboxistaurin,,,,,CN(C)CC1CCn2cc(c3ccccc32)C2=C(C(=O)NC2=O)c2cn(c3ccccc23)CCO1,0,0,0,0,,
clinofibrate,,,,,CCC(C)(Oc1ccc(C2(c3ccc(OC(C)(CC)C(=O)O)cc3)CCCCC2)cc1)C(=O)O,0,0,0,0,,
diethylaminoethoxyhexestrol,,,,,CCC(c1ccc(OCCN(CC)CC)cc1)C(CC)c1ccc(OCCN(CC)CC)cc1,0,0,0,0,,
simfibrate,,,,,CC(C)(Oc1ccc(Cl)cc1)C(=O)OCCCOC(=O)C(C)(C)Oc1ccc(Cl)cc1,0,0,0,0,,
bucladesine,,,,,CCCC(=O)Nc1ncnc2c1ncn2C1OC2COP(=O)(O)OC2C1OC(=O)CCC,0,0,0,0,,
ebastine,,,,,CC(C)(C)c1ccc(C(=O)CCCN2CCC(OC(c3ccccc3)c3ccccc3)CC2)cc1,0,0,0,0,,
dibrompropamidine,,,,,N=C(N)c1ccc(OCCCOc2ccc(C(=N)N)cc2Br)c(Br)c1,0,0,0,0,,
adamexine,,,,,CC(=O)Nc1c(Br)cc(Br)cc1CN(C)C12CC3CC(CC(C3)C1)C2,0,0,0,0,,
docarpamine,,,,,CCOC(=O)Oc1ccc(CCNC(=O)C(CCSC)NC(C)=O)cc1OC(=O)OCC,0,0,0,0,,
enoxolone,,,,,CC1(C(=O)O)CCC2(C)CCC3(C)C(=C2C1)CC(=O)C1C2(C)CCC(O)C(C)(C)C2CCC13C,0,0,0,0,,
cefmetazole,,,,,COC1(NC(=O)CSCC#N)C(=O)N2C(C(=O)O)=C(CSc3nnnn3C)CSC21,0,0,0,0,,
methylprednisolone aceponate,,,,,CCC(=O)OC1(C(=O)COC(C)=O)CCC2C3CC(C)=C4CC(=O)C=CC4(C)C3C(O)CC21C,0,0,0,0,,
ximelagatran,,,,,CCOC(=O)CNC(C(=O)N1CCC1C(=O)NCc1ccc(C(N)=NO)cc1)C1CCCCC1,0,0,0,0,,
prednisolamate,,,,,CCN(CC)CC(=O)OCC(=O)C1(O)CCC2C3CC=C4CC(=O)C=CC4(C)C3C(O)CC21C,0,0,0,0,,
mitopodozide,,,,,CCNNC(=O)C1C(c2cc(OC)c(OC)c(OC)c2)c2cc3c(cc2C(O)C1CO)OCO3,0,0,0,0,,
methylprednisolone succinate,,,,,CC1=C2CC(=O)C=CC2(C)C2C(O)CC3(C)C(CCC3(O)C(=O)COC(=O)CCC(=O)O)C2C1,0,0,0,0,,
tibezonium,,,,,CC[N+](C)(CC)CCSC1=Nc2ccccc2N=C(c2ccc(Sc3ccccc3)cc2)C1,0,0,0,0,,
rilmazafone,,,,,CN(C)C(=O)c1nc(CNC(=O)CN)n(-c2ccc(Cl)cc2C(=O)c2ccccc2Cl)n1,0,0,0,0,,
picloxydine,,,,,N=C(N=C(N)N1CCN(C(N)=NC(=N)Nc2ccc(Cl)cc2)CC1)Nc1ccc(Cl)cc1,0,0,0,0,,
fluspirilene,,,,,O=C1NCN(c2ccccc2)C12CCN(CCCC(c1ccc(F)cc1)c1ccc(F)cc1)CC2,0,0,0,0,,
netilmicin,,,,,CCNC1CC(N)C(OC2OC(CN)=CCC2N)C(O)C1OC1OCC(C)(O)C(NC)C1O,0,0,0,0,,
hydrocortamate,,,,,CCN(CC)CC(=O)OCC(=O)C1(O)CCC2C3CC=C4CC(=O)CCC4(C)C3C(O)CC21C,0,0,0,0,,
pipotiazine palmitate,,,,,CCCCCCCCCCCCCCCC(=O)OCCC1CCN(CCCN2c3ccccc3Sc3ccc(S(=O)(=O)N(C)C)cc32)CC1,0,0,0,0,,
temocapril,,,,,CCOC(=O)C(CCc1ccccc1)NC1CSC(c2cccs2)CN(CC(=O)O)C1=O,0,0,0,0,,
meclocycline,,,,,C=C1c2c(Cl)ccc(O)c2C(=O)C2C(=O)C3(O)C(=O)C(C(N)=O)C(=O)C(N(C)C)C3C(O)C12,0,0,0,0,,
feclobuzone,,,,,CCCCC1(COC(=O)c2ccc(Cl)cc2)C(=O)N(c2ccccc2)N(c2ccccc2)C1=O,0,0,0,0,,
ebrotidine,,,,,N=C(N)N=c1[nH]c(CSCCN=CNS(=O)(=O)c2ccc(Br)cc2)cs1,0,0,0,0,,
tribenoside,,,,,CCOC1OC(C(COCc2ccccc2)OCc2ccccc2)C(OCc2ccccc2)C1O,0,0,0,0,,
dihydroemetine,,,,,CCC1=C(CC2NCCc3cc(OC)c(OC)cc32)CC2c3cc(OC)c(OC)cc3CCN2C1,0,0,0,0,,
chlortetracycline,,,,,CN(C)C1C(=O)C(C(N)=O)C(=O)C2(O)C(=O)C3C(=O)c4c(O)ccc(Cl)c4C(C)(O)C3CC12,0,0,0,0,,
clobetasone butyrate,,,,,CCCC(=O)OC1(C(=O)CCl)C(C)CC2C3CC=C4CC(=O)C=CC4(C)C3(F)C(=O)CC21C,0,0,0,0,,
mosapramine,,,,,O=C1NC2CCCCN2C12CCN(CCCN1c3ccccc3CCc3ccc(Cl)cc31)CC2,0,0,0,0,,
cefteram,,,,,CON=C(C(=O)NC1C(=O)N2C(C(=O)O)=C(Cn3nnc(C)n3)CSC12)c1csc(N)n1,0,0,0,0,,
(S)-nicardipine,,,,,COC(=O)C1=C(C)N=C(C)C(C(=O)OCCN(C)Cc2ccccc2)C1c1cccc([N+](=O)[O-])c1,0,0,0,0,,
emetine,,,,,CCC1CN2CCc3cc(OC)c(OC)cc3C2CC1CC1NCCc2cc(OC)c(OC)cc21,0,0,0,0,,
clocapramine,,,,,NC(=O)C1(N2CCCCC2)CCN(CCCN2c3ccccc3CCc3ccc(Cl)cc32)CC1,0,0,0,0,,
stallimycin,,,,,Cn1cc(NC(=O)c2cc(NC(=O)c3cc(NC=O)cn3C)cn2C)cc1C(=O)NCCC(=N)N,0,0,0,0,,
talampicillin,,,,,CC1(C)SC2C(NC(=O)C(N)c3ccccc3)C(=O)N2C1C(=O)OC1OC(=O)c2ccccc21,0,0,0,0,,
bekanamycin,,,,,NCC1OC(OC2C(N)CC(N)C(OC3OC(CO)C(O)C(N)C3O)C2O)C(N)C(O)C1O,0,0,0,0,,
otilonium bromide,,,,,CCCCCCCCOc1ccccc1C(=O)Nc1ccc(C(=O)OCC[N+](C)(CC)CC)cc1,0,0,0,0,,
uridine triphosphate,,,,,O=c1ccn(C2OC(COP(=O)(O)OP(=O)(O)OP(=O)(O)O)C(O)C2O)c(=O)[nH]1,0,0,0,0,,
fentonium,,,,,C[N+]1(CC(=O)c2ccc(-c3ccccc3)cc2)C2CCC1CC(OC(=O)C(CO)c1ccccc1)C2,0,0,0,0,,
gallopamil,,,,,COc1ccc(CCN(C)CCCC(C#N)(c2cc(OC)c(OC)c(OC)c2)C(C)C)cc1OC,0,0,0,0,,
ulobetasol propionate,,,,,CCC(=O)OC1(C(=O)CCl)C(C)CC2C3CC(F)C4=CC(=O)C=CC4(C)C3(F)C(O)CC21C,0,0,0,0,,
etiprednol dicloacetate,,,,,CCOC(=O)C1(OC(=O)C(Cl)Cl)CCC2C3CC=C4CC(=O)C=CC4(C)C3C(O)CC21C,0,0,0,0,,
imiclopazine,,,,,CN1CCN(CCN2CCN(CCCN3c4ccccc4Sc4ccc(Cl)cc43)CC2)C1=O,0,0,0,0,,
prednisolone valerate acetate,,,,,CCCCC(=O)OC1(C(=O)COC(C)=O)CCC2C3CC=C4CC(=O)C=CC4(C)C3C(O)CC21C,0,0,0,0,,
hydrocortisone cypionate,,,,,CC12CCC(=O)C=C1CCC1C2C(O)CC2(C)C1CCC2(O)C(=O)COC(=O)CCC1CCCC1,0,0,0,0,,
fenoxedil,,,,,CCCCOc1ccc(OCC(=O)N(CCN(CC)CC)c2cc(OCC)ccc2OCC)cc1,0,0,0,0,,
fluclorolone acetonide,,,,,CC1(C)OC2CC3C4CC(F)C5=CC(=O)C=CC5(C)C4(Cl)C(Cl)CC3(C)C2(C(=O)CO)O1,0,0,0,0,,
riodoxol,,,,,Oc1c(I)cc(I)c(O)c1I,0,0,0,0,,
neltenexine,,,,,O=C(Nc1c(Br)cc(Br)cc1CNC1CCC(O)CC1)c1cccs1,0,0,0,0,,
estriol succinate,,,,,CC12CCC3c4ccc(O)cc4CCC3C1CC(OC(=O)CCC(=O)O)C2OC(=O)CCC(=O)O,0,0,0,0,,
prednicarbate,,,,,CCOC(=O)OC1(C(=O)COC(=O)CC)CCC2C3CC=C4CC(=O)C=CC4(C)C3C(O)CC21C,0,0,0,0,,
citicoline,,,,,C[N+](C)(C)CCOP(=O)([O-])OP(=O)(O)OCC1OC(n2ccc(N)nc2=O)C(O)C1O,0,0,0,0,,
cefamandole nafate,,,,,Cn1nnnc1SCC1=C(C(=O)O)N2C(=O)C(NC(=O)C(OC=O)c3ccccc3)C2SC1,0,0,0,0,,
sulisatin,,,,,Cc1cccc2c1NC(=O)C2(c1ccc(OS(=O)(=O)O)cc1)c1ccc(OS(=O)(=O)O)cc1,0,0,0,0,,
barnidipine,,,,,COC(=O)C1=C(C)N=C(C)C(C(=O)OC2CCN(Cc3ccccc3)C2)C1c1cccc([N+](=O)[O-])c1,0,0,0,0,,
lidoflazine,,,,,Cc1cccc(C)c1NC(=O)CN1CCN(CCCC(c2ccc(F)cc2)c2ccc(F)cc2)CC1,0,0,0,0,,
cilnidipine,,,,,COCCOC(=O)C1=C(C)N=C(C)C(C(=O)OCC=Cc2ccccc2)C1c1cccc([N+](=O)[O-])c1,0,0,0,0,,
bezitramide,,,,,CCC(=O)n1c(=O)n(C2CCN(CCC(C#N)(c3ccccc3)c3ccccc3)CC2)c2ccccc21,0,0,0,0,,
loperamide oxide,,,,,CN(C)C(=O)C(CC[N+]1([O-])CCC(O)(c2ccc(Cl)cc2)CC1)(c1ccccc1)c1ccccc1,0,0,0,0,,
aspoxicillin,,,,,CNC(=O)CC(N)C(=O)NC(C(=O)NC1C(=O)N2C1SC(C)(C)C2C(=O)O)c1ccc(O)cc1,0,0,0,0,,
glibenclamide,,,,,COc1ccc(Cl)cc1C(=O)NCCc1ccc(S(=O)(=O)NC(=O)NC2CCCCC2)cc1,0,0,0,0,,
pheniodol sodium,,,,,O=C(O)C(Cc1cc(I)c(O)c(I)c1)c1ccccc1,0,0,0,0,,
carindacillin,,,,,CC1(C)SC2C(NC(=O)C(C(=O)Oc3ccc4c(c3)CCC4)c3ccccc3)C(=O)N2C1C(=O)O,0,0,0,0,,
flumetasone pivalate,,,,,CC1CC2C3CC(F)C4=CC(=O)C=CC4(C)C3(F)C(O)CC2(C)C1(O)C(=O)COC(=O)C(C)(C)C,0,0,0,0,,
nicomorphine,,,,,CN1CCC23c4c5ccc(OC(=O)c6cccnc6)c4OC2C(OC(=O)c2cccnc2)C=CC3C1C5,0,0,0,0,,
mibefradil,,,,,COCC(=O)OC1(CCN(C)CCCc2nc3ccccc3[nH]2)CCc2cc(F)ccc2C1C(C)C,0,0,0,0,,
betamethasone benzoate,,,,,CC1CC2C3CC=C4CC(=O)C=CC4(C)C3(F)C(O)CC2(C)C1(OC(=O)c1ccccc1)C(=O)CO,0,0,0,0,,
idarubicin,,,,,CC(=O)C1(O)C=C2C(=O)c3c(c(O)c4ccccc4c3O)C(=O)C2C(OC2CC(N)C(O)C(C)O2)C1,0,0,0,0,,
tebipenem pivoxil,,,,,CC(O)C1C(=O)N2C(C(=O)OCOC(=O)C(C)(C)C)=C(SC3CN(C4=NCCS4)C3)C(C)C12,0,0,0,0,,
moexipril,,,,,CCOC(=O)C(CCc1ccccc1)NC(C)C(=O)N1Cc2cc(OC)c(OC)cc2CC1C(=O)O,0,0,0,0,,
binifibrate,,,,,CC(C)(Oc1ccc(Cl)cc1)C(=O)OC(COC(=O)c1cccnc1)COC(=O)c1cccnc1,0,0,0,0,,
perflubron,,,,,FC(F)(F)C(F)(F)C(F)(F)C(F)(F)C(F)(F)C(F)(F)C(F)(F)C(F)(F)Br,0,0,0,0,,
clobenoside,,,,,CCCOC1C(O)C(OCC)OC1C(COCc1ccc(Cl)cc1)OCc1ccc(Cl)cc1,0,0,0,0,,
tritoqualine,,,,,CCOc1c(N)c2c(c(OCC)c1OCC)C(C1c3c(cc4c(c3OC)OCO4)CCN1C)OC2=O,0,0,0,0,,
teclozan,,,,,CCOCCN(Cc1ccc(CN(CCOCC)C(=O)C(Cl)Cl)cc1)C(=O)C(Cl)Cl,0,0,0,0,,
amcinonide,,,,,CC(=O)OCC(=O)C12OC3(CCCC3)OC1CC1C3CC=C4CC(=O)C=CC4(C)C3(F)C(O)CC12C,0,0,0,0,,
hexafluronium,,,,,C[N+](C)(CCCCCC[N+](C)(C)C1c2ccccc2-c2ccccc21)C1c2ccccc2-c2ccccc21,0,0,0,0,,
betamethasone acibutate,,,,,CC(=O)OCC(=O)C1(OC(=O)C(C)C)C(C)CC2C3CC=C4CC(=O)C=CC4(C)C3(F)C(O)CC21C,0,0,0,0,,
clindamycin phosphate,,,,,CCCC1CC(C(=O)NC(C(C)Cl)C2OC(SC)C(OP(=O)(O)O)C(O)C2O)N(C)C1,0,0,0,0,,
benidipine,,,,,COC(=O)C1=C(C)N=C(C)C(C(=O)OC2CCCN(Cc3ccccc3)C2)C1c1cccc([N+](=O)[O-])c1,0,0,0,0,,
hepronicate,,,,,CCCCCCC(COC(=O)c1cccnc1)(COC(=O)c1cccnc1)COC(=O)c1cccnc1,0,0,0,0,,
tropesin,,,,,COc1ccc2c(c1)c(CC(=O)OCC(C(=O)O)c1ccccc1)c(C)n2C(=O)c1ccc(Cl)cc1,0,0,0,0,,
adenosine triphosphate,,,,,Nc1ncnc2c1ncn2C1OC(COP(=O)(O)OP(=O)(O)OP(=O)(O)O)C(O)C1O,0,0,0,0,,
oxaflumazine,,,,,FC(F)(F)c1ccc2c(c1)N(CCCN1CCN(CCC3OCCCO3)CC1)c1ccccc1S2,0,0,0,0,,
difluprednate,,,,,CCCC(=O)OC1(C(=O)COC(C)=O)CCC2C3CC(F)C4=CC(=O)C=CC4(C)C3(F)C(O)CC21C,0,0,0,0,,
alexidine,,,,,CCCCC(CC)CN=C(N)N=C(N)NCCCCCCN=C(N)N=C(N)NCC(CC)CCCC,0,0,0,0,,
clomocycline,,,,,CN(C)C1C(=O)C(C(=O)NCO)C(=O)C2(O)C(=O)C3C(=O)c4c(O)ccc(Cl)c4C(C)(O)C3CC12,0,0,0,0,,
colforsin daropate,,,,,C=CC1(C)CC(=O)C2(O)C(C)(O1)C(OC(C)=O)C(OC(=O)CCN(C)C)C1C(C)(C)CCC(O)C12C,0,0,0,0,,
pinaverium,,,,,COc1cc(Br)c(C[N+]2(CCOCCC3CCC4CC3C4(C)C)CCOCC2)cc1OC,0,0,0,0,,
cefmenoxime,,,,,CON=C(C(=O)NC1C(=O)N2C(C(=O)O)=C(CSc3nnnn3C)CSC12)c1csc(N)n1,0,0,0,0,,
cefetamet pivoxil,,,,,CON=C(C(=O)NC1C(=O)N2C(C(=O)OCOC(=O)C(C)(C)C)=C(C)CSC12)c1csc(N)n1,0,0,0,0,,
flomoxef,,,,,COC1(NC(=O)CSC(F)F)C(=O)N2C(C(=O)O)=C(CSc3nnnn3CCO)COC21,0,0,0,0,,
acetoxolone,,,,,CC(=O)OC1CCC2(C)C(CCC3(C)C2C(=O)C=C2C4CC(C)(C(=O)O)CCC4(C)CCC23C)C1(C)C,0,0,0,0,,
carubicin,,,,,CC(=O)C1(O)C=C2C(=O)c3c(c(O)c4c(O)cccc4c3O)C(=O)C2C(OC2CC(N)C(O)C(C)O2)C1,0,0,0,0,,
cefuzonam,,,,,CON=C(C(=O)NC1C(=O)N2C(C(=O)O)=C(CSc3cnns3)CSC12)c1csc(N)n1,0,0,0,0,,
sobuzoxane,,,,,CC(C)COC(=O)OCN1C(=O)CN(CCN2CC(=O)N(COC(=O)OCC(C)C)C(=O)C2)CC1=O,0,0,0,0,,
cefpirome,,,,,CON=C(C(=O)NC1C(=O)N2C(C(=O)[O-])=C(C[n+]3cccc4c3CCC4)CSC12)c1csc(N)n1,0,0,0,0,,
cynarine,,,,,O=C(C=Cc1ccc(O)c(O)c1)OC1CC(OC(=O)C=Cc2ccc(O)c(O)c2)(C(=O)O)CC(O)C1O,0,0,0,0,,
cefozopran,,,,,CON=C(C(=O)NC1C(=O)N2C(C(=O)[O-])=C(C[n+]3ccn4ncccc43)CSC12)c1nsc(N)n1,0,0,0,0,,
fusidic acid,,,,,CC(=O)OC1CC2(C)C(CC(O)C3C4(C)CCC(O)C(C)C4CCC32C)C1=C(CCC=C(C)C)C(=O)O,0,0,0,0,,
probucol,,,,,CC(C)(Sc1cc(C(C)(C)C)c(O)c(C(C)(C)C)c1)Sc1cc(C(C)(C)C)c(O)c(C(C)(C)C)c1,0,0,0,0,,
piperacillin,,,,,CCN1CCN(C(=O)NC(C(=O)NC2C(=O)N3C2SC(C)(C)C3C(=O)O)c2ccccc2)C(=O)C1=O,0,0,0,0,,
benziodarone,,,,,CCc1oc2ccccc2c1C(=O)c1cc(I)c(O)c(I)c1,0,0,0,0,,
gossypol,,,,,Cc1cc2c(C(C)C)c(O)c(O)c(C=O)c2c(O)c1-c1c(C)cc2c(C(C)C)c(O)c(O)c(C=O)c2c1O,0,0,0,0,,
betamethasone butyrate propionate,,,,,CCCC(=O)OC1(C(=O)COC(=O)CC)C(C)CC2C3CC=C4CC(=O)C=CC4(C)C3(F)C(O)CC21C,0,0,0,0,,
glucametacin,,,,,COc1ccc2c(c1)c(CC(=O)NC1C(O)OC(CO)C(O)C1O)c(C)n2C(=O)c1ccc(Cl)cc1,0,0,0,0,,
ceforanide,,,,,NCc1ccccc1CC(=O)NC1C(=O)N2C(C(=O)O)=C(CSc3nnnn3CC(=O)O)CSC12,0,0,0,0,,
cefminox,,,,,COC1(NC(=O)CSCC(N)C(=O)O)C(=O)N2C(C(=O)O)=C(CSc3nnnn3C)CSC21,0,0,0,0,,
estramustine phosphate,,,,,CC12CCC3c4ccc(OC(=O)N(CCCl)CCCl)cc4CCC3C1CCC2OP(=O)(O)O,0,0,0,0,,
latamoxef,,,,,COC1(NC(=O)C(C(=O)O)c2ccc(O)cc2)C(=O)N2C(C(=O)O)=C(CSc3nnnn3C)COC21,0,0,0,0,,
perfluamine,,,,,FC(F)(F)C(F)(F)C(F)(F)N(C(F)(F)C(F)(F)C(F)(F)F)C(F)(F)C(F)(F)C(F)(F)F,0,0,0,0,,
apalcillin,,,,,CC1(C)SC2C(NC(=O)C(NC(=O)c3c[nH]c4cccnc4c3=O)c3ccccc3)C(=O)N2C1C(=O)O,0,0,0,0,,
cefoselis,,,,,CON=C(C(=O)NC1C(=O)N2C(C(=O)[O-])=C(C[n+]3ccc(N)n3CCO)CSC12)c1csc(N)n1,0,0,0,0,,
penfluridol,,,,,OC1(c2ccc(Cl)c(C(F)(F)F)c2)CCN(CCCC(c2ccc(F)cc2)c2ccc(F)cc2)CC1,0,0,0,0,,
falecalcitriol,,,,,C=C1C(=CC=C2CCCC3(C)C2CCC3C(C)CCCC(O)(C(F)(F)F)C(F)(F)F)CC(O)CC1O,0,0,0,0,,
protoverine,,,,,CC1CCC2N(C1)CC1C(C(O)C(O)C3(O)C1CC14OC5(O)C(O)CCC1(C)C5C(O)C(O)C34)C2(C)O,0,0,0,0,,
pirozadil,,,,,COc1cc(C(=O)OCc2cccc(COC(=O)c3cc(OC)c(OC)c(OC)c3)n2)cc(OC)c1OC,0,0,0,0,,
gliquidone,,,,,COc1ccc2c(c1)C(=O)N(CCc1ccc(S(=O)(=O)NC(=O)NC3CCCCC3)cc1)C(=O)C2(C)C,0,0,0,0,,
dexamethasone acefurate,,,,,CC(=O)OCC(=O)C1(OC(=O)c2ccco2)C(C)CC2C3CC=C4CC(=O)C=CC4(C)C3(F)C(O)CC21C,0,0,0,0,,
lumefantrine,,,,,CCCCN(CCCC)CC(O)c1cc(Cl)cc2c1-c1ccc(Cl)cc1C2=Cc1ccc(Cl)cc1,0,0,0,0,,
rocuronium,,,,,C=CC[N+]1(C2CC3C4CCC5CC(O)C(N6CCOCC6)CC5(C)C4CCC3(C)C2OC(C)=O)CCCC1,0,0,0,0,,
proscillaridin,,,,,CC1OC(OC2C=C3CCC4C(CCC5(C)C(c6ccc(=O)oc6)CCC45O)C3(C)CC2)C(O)C(O)C1O,0,0,0,0,,
cortivazol,,,,,CC(=O)OCC(=O)C1(O)C(C)CC2C3C=C(C)C4=Cc5c(cnn5-c5ccccc5)CC4(C)C3C(O)CC21C,0,0,0,0,,
tocopherol succinate,,,,,Cc1c(C)c2c(c(C)c1OC(=O)CCC(=O)O)CCC(C)(CCCC(C)CCCC(C)CCCC(C)C)O2,0,0,0,0,,
cefsulodin,,,,,NC(=O)c1cc[n+](CC2=C(C(=O)[O-])N3C(=O)C(NC(=O)C(c4ccccc4)S(=O)(=O)O)C3SC2)cc1,0,0,0,0,,
tocopheryl nicotinate,,,,,Cc1c(C)c2c(c(C)c1OC(=O)c1cccnc1)CCC(C)(CCCC(C)CCCC(C)CCCC(C)C)O2,0,0,0,0,,
betacarotene,,,,,CC(C=CC=C(C)C=CC1=C(C)CCCC1(C)C)=CC=CC=C(C)C=CC=C(C)C=CC1=C(C)CCCC1(C)C,0,0,0,0,,
ambenonium,,,,,CC[N+](CC)(CCNC(=O)C(=O)NCC[N+](CC)(CC)Cc1ccccc1Cl)Cc1ccccc1Cl,0,0,0,0,,
nafiverine,,,,,CC(C(=O)OCCN1CCN(CCOC(=O)C(C)c2cccc3ccccc23)CC1)c1cccc2ccccc12,0,0,0,0,,
mezlocillin,,,,,CC1(C)SC2C(NC(=O)C(NC(=O)N3CCN(S(C)(=O)=O)C3=O)c3ccccc3)C(=O)N2C1C(=O)O,0,0,0,0,,
amenamevir,,,,,Cc1cccc(C)c1N(CC(=O)Nc1ccc(-c2ncon2)cc1)C(=O)C1CCS(=O)(=O)CC1,0,0,0,0,,
netarsudil,,,,,Cc1ccc(C(=O)OCc2ccc(C(CN)C(=O)Nc3ccc4cnccc4c3)cc2)c(C)c1,0,0,0,0,,
cefonicid,,,,,O=C(O)C1=C(CSc2nnnn2CS(=O)(=O)O)CSC2C(NC(=O)C(O)c3ccccc3)C(=O)N12,0,0,0,0,,
epirubicin,,,,,COc1cccc2c(O)c3c(c(O)c12)C(=O)C1=C(CC(O)(C(=O)CO)CC1OC1CC(N)C(O)C(C)O1)C3=O,0,0,0,0,,
prednisolone sulfobenzoate,,,,,CC12C=CC(=O)C=C1CCC1C2C(O)CC2(C)C1CCC2(O)C(=O)COC(=O)c1cccc(S(=O)(=O)O)c1,0,0,0,0,,
meproscillarin,,,,,COC1C(C)OC(OC2C=C3CCC4C(CCC5(C)C(c6ccc(=O)oc6)CCC45O)C3(C)CC2)C(O)C1O,0,0,0,0,,
octotiamine,,,,,COC(=O)CCCCC(CCSSC(CCO)=C(C)N(C=O)Cc1cnc(C)nc1N)SC(C)=O,0,0,0,0,,
cefazedone,,,,,Cc1nnc(SCC2=C(C(=O)O)N3C(=O)C(NC(=O)Cn4cc(Cl)c(=O)c(Cl)c4)C3SC2)s1,0,0,0,0,,
peruvoside,,,,,COC1C(O)C(C)OC(OC2CCC3(C=O)C(CCC4C3CCC3(C)C(C5=CC(=O)OC5)CCC43O)C2)C1O,0,0,0,0,,
fluphenazine enanthate,,,,,CCCCCCC(=O)OCCN1CCN(CCCN2c3ccccc3Sc3ccc(C(F)(F)F)cc32)CC1,0,0,0,0,,
octenidine,,,,,CCCCCCCCN=c1ccn(CCCCCCCCCCn2ccc(=NCCCCCCCC)cc2)cc1,0,0,0,0,,
bufeniode,,,,,CC(CCc1ccccc1)NC(C)C(O)c1cc(I)c(O)c(I)c1,0,0,0,0,,
arbekacin,,,,,NCCC(O)C(=O)NC1CC(N)C(OC2OC(CN)CCC2N)C(O)C1OC1OC(CO)C(O)C(N)C1O,0,0,0,0,,
pantethine,,,,,CC(C)(CO)C(O)C(=O)NCCC(=O)NCCSSCCNC(=O)CCNC(=O)C(O)C(C)(C)CO,0,0,0,0,,
niceritrol,,,,,O=C(OCC(COC(=O)c1cccnc1)(COC(=O)c1cccnc1)COC(=O)c1cccnc1)c1cccnc1,0,0,0,0,,
demecarium,,,,,CN(CCCCCCCCCCN(C)C(=O)Oc1cccc([N+](C)(C)C)c1)C(=O)Oc1cccc([N+](C)(C)C)c1,0,0,0,0,,
acetrizoic acid,,,,,CC(=O)Nc1c(I)cc(I)c(C(=O)O)c1I,0,0,0,0,,
voacamine,,,,,CC=C1CN(C)C2Cc3c([nH]c4ccccc34)C(c3cc4[nH]c5c(c4cc3OC)CCN3CC4CC(CC)C3C5(C(=O)OC)C4)CC1C2C(=O)OC,0,0,0,0,,
ertugliflozin,,,,,CCOc1ccc(Cc2cc(C34OCC(CO)(O3)C(O)C(O)C4O)ccc2Cl)cc1,0,0,0,0,,
cefpodoxime proxetil,,,,,COCC1=C(C(=O)OC(C)OC(=O)OC(C)C)N2C(=O)C(=NC(=O)C(NOC)c3csc(N)n3)C2SC1,0,0,0,0,,
vecuronium,,,,,CC(=O)OC1CC2CCC3C(CCC4(C)C3CC([N+]3(C)CCCCC3)C4OC(C)=O)C2(C)CC1N1CCCCC1,0,0,0,0,,
phenobutiodil,,,,,CCC(Oc1c(I)cc(I)cc1I)C(=O)O,0,0,0,0,,
alatrofloxacin,,,,,CC(N)C(=O)NC(C)C(=O)NC1C2CN(c3nc4c(cc3F)c(=O)c(C(=O)O)cn4-c3ccc(F)cc3F)CC21,0,0,0,0,,
triheptanoin,,,,,CCCCCCC(=O)OCC(COC(=O)CCCCCC)OC(=O)CCCCCC,0,0,0,0,,
atorvastatin,,,,,CC(C)c1c(C(=O)Nc2ccccc2)c(-c2ccccc2)c(-c2ccc(F)cc2)n1CCC(O)CC(O)CC(=O)O,0,0,0,0,,
halopredone acetate,,,,,CC(=O)OCC(=O)C1(OC(C)=O)CCC2C3CC(F)C4=CC(=O)C(Br)=CC4(C)C3(F)C(O)CC21C,0,0,0,0,,
sulfamazone,,,,,COc1ccc(NS(=O)(=O)c2ccc(NC(c3c(C)n(C)n(-c4ccccc4)c3=O)S(=O)(=O)O)cc2)nn1,0,0,0,0,,
protoporphyrin,,,,,C=C1C(=CC)c2cc3[nH]c(cc4[nH]c(cc5nc(cc1n2)C(CC)=C5C)c(C)c4CCC(=O)O)c(C=CC(=O)O)c3C,0,0,0,0,,
ecamsule,,,,,CC1(C)C2CCC1(CS(=O)(=O)O)C(=O)C2=Cc1ccc(C=C2C(=O)C3(CS(=O)(=O)O)CCC2C3(C)C)cc1,0,0,0,0,,
dihydroergocornine,,,,,CC(C)C1C(=O)N2CCCC2C2(O)OC(NC(=O)C3CC4c5cccc6[nH]cc(c56)CC4N(C)C3)(C(C)C)C(=O)N12,0,0,0,0,,
enocitabine,,,,,CCCCCCCCCCCCCCCCCCCCCC(=O)Nc1ccn(C2OC(CO)C(O)C2O)c(=O)n1,0,0,0,0,,
desoxymycin,,,,,CNC1C(OC2C(OC3C(O)C(O)C(N=C(N)N)C(O)C3N=C(N)N)OC(C)C2CO)OC(CO)C(O)C1O,0,0,0,0,,
cefcapene pivoxil,,,,,CCCC(C(=O)N=C1C(=O)N2C(C(=O)OCOC(=O)C(C)(C)C)=C(COC(N)=O)CSC12)c1csc(N)n1,0,0,0,0,,
nelfinavir,,,,,Cc1c(O)cccc1C(=O)NC(CSc1ccccc1)C(O)CN1CC2CCCCC2CC1C(=O)NC(C)(C)C,0,0,0,0,,
brovanexine,,,,,COc1cc(C(=O)Nc2c(Br)cc(Br)cc2CN(C)C2CCCCC2)ccc1OC(C)=O,0,0,0,0,,
cefuroxime pivoxetil,,,,,CON=C(C(=O)NC1C(=O)N2C(C(=O)OC(C)OC(=O)C(C)(C)OC)=C(COC(N)=O)CSC12)c1ccco1,0,0,0,0,,
formocortal,,,,,CC(=O)OCC(=O)C12OC(C)(C)OC1CC1C3CC(C=O)=C4C=C(OCCCl)CCC4(C)C3(F)C(O)CC12C,0,0,0,0,,
remimazolam,,,,,COC(=O)CCC1N=C(c2ccccn2)c2cc(Br)ccc2-n2c(C)cnc21,0,0,0,0,,
fostemsavir,,,,,COc1cnc(-n2cnc(C)n2)c2c1c(C(=O)C(=O)N1CCN(C(=O)c3ccccc3)CC1)cn2COP(=O)(O)O,0,0,0,0,,
abametapir,,,,,Cc1ccc(-c2ccc(C)cn2)nc1,0,0,0,0,,
isepamicin,,,,,CNC1C(O)C(OC2C(NC(=O)C(O)CN)CC(N)C(OC3OC(CN)C(O)C(O)C3O)C2O)OCC1(C)O,0,0,0,0,,
iodol,,,,,Ic1[nH]c(I)c(I)c1I,0,0,0,0,,
diathymosulfone,,,,,Cc1cc(O)c(C(C)C)cc1N=Nc1ccc(S(=O)(=O)c2ccc(N=Nc3cc(C(C)C)c(O)cc3C)cc2)cc1,0,0,0,0,,
carbenoxolone,,,,,CC1(C(=O)O)CCC2(C)CCC3(C)C(=C2C1)CC(=O)C1C2(C)CCC(OC(=O)CCC(=O)O)C(C)(C)C2CCC13C,0,0,0,0,,
iopanoic acid,,,,,CCC(Cc1c(I)cc(I)c(N)c1I)C(=O)O,0,0,0,0,,
iophenoic acid,,,,,CCC(Cc1c(I)cc(I)c(O)c1I)C(=O)O,0,0,0,0,,
pancuronium,,,,,CC(=O)OC1CC2CCC3C(CCC4(C)C3CC([N+]3(C)CCCCC3)C4OC(C)=O)C2(C)CC1[N+]1(C)CCCCC1,0,0,0,0,,
cytarabine ocfosfate,,,,,CCCCCCCCCCCCCCCCCCOP(=O)(O)OCC1OC(n2ccc(N)nc2=O)C(O)C1O,0,0,0,0,,
oleandrin,,,,,COC1CC(OC2CCC3(C)C(CCC4C3CCC3(C)C(C5=CC(=O)OC5)C(OC(C)=O)CC43O)C2)OC(C)C1O,0,0,0,0,,
beta-Ergocryptine,,,,,CCC(C)C1C(=O)N2CCCC2C2(O)OC(NC(=O)C3C=C4c5cccc6[nH]cc(c56)CC4N(C)C3)(C(C)C)C(=O)N12,0,0,0,0,,
alpha-Ergocryptine,,,,,CC(C)CC1C(=O)N2CCCC2C2(O)OC(NC(=O)C3C=C4c5cccc6[nH]cc(c56)CC4N(C)C3)(C(C)C)C(=O)N12,0,0,0,0,,
deserpidine,,,,,COC(=O)C1C2CC3c4[nH]c5ccccc5c4CCN3CC2CC(OC(=O)c2cc(OC)c(OC)c(OC)c2)C1OC,0,0,0,0,,
difebarbamate,,,,,CCCCOCC(CN1C(=O)N(CC(COCCCC)OC(N)=O)C(=O)C(CC)(c2ccccc2)C1=O)OC(N)=O,0,0,0,0,,
prednisolone farnesylate,,,,,CC(C)=CCCC(C)=CCCC(C)=CC(=O)OCC(=O)C1(O)CCC2C3CC=C4CC(=O)C=CC4(C)C3C(O)CC21C,0,0,0,0,,
azelnidipine,,,,,CC1=NC(=N)C(C(=O)OC2CN(C(c3ccccc3)c3ccccc3)C2)C(c2cccc([N+](=O)[O-])c2)C1C(=O)OC(C)C,0,0,0,0,,
dihydrostreptomycin,,,,,CNC1C(OC2C(OC3C(O)C(O)C(N=C(N)N)C(O)C3N=C(N)N)OC(C)C2(O)CO)OC(CO)C(O)C1O,0,0,0,0,,
ouabain,,,,,CC1OC(OC2CC(O)C3(CO)C4C(O)CC5(C)C(C6=CC(=O)OC6)CCC5(O)C4CCC3(O)C2)C(O)C(O)C1O,0,0,0,0,,
cefodizime,,,,,CON=C(C(=O)NC1C(=O)N2C(C(=O)O)=C(CSc3nc(C)c(CC(=O)O)s3)CSC12)c1csc(N)n1,0,0,0,0,,
fosamprenavir,,,,,CC(C)CN(CC(OP(=O)(O)O)C(Cc1ccccc1)NC(=O)OC1CCOC1)S(=O)(=O)c1ccc(N)cc1,0,0,0,0,,
myrophine,,,,,CCCCCCCCCCCCCC(=O)OC1C=CC2C3Cc4ccc(OCc5ccccc5)c5c4C2(CCN3C)C1O5,0,0,0,0,,
hidrosmin,,,,,COc1ccc(-c2cc(=O)c3c(OCCO)cc(OC4OC(COC5OC(C)C(O)C(O)C5O)C(O)C(O)C4O)cc3o2)cc1O,0,0,0,0,,
antrafenine,,,,,O=C(OCCN1CCN(c2cccc(C(F)(F)F)c2)CC1)c1ccccc1Nc1ccnc2cc(C(F)(F)F)ccc12,0,0,0,0,,
rescimetol,,,,,COC(=O)C1C2CC3c4[nH]c5cc(OC)ccc5c4CCN3CC2CC(OC(=O)C=Cc2ccc(O)c(OC)c2)C1OC,0,0,0,0,,
hexobendine,,,,,COc1cc(C(=O)OCCCN(C)CCN(C)CCCOC(=O)c2cc(OC)c(OC)c(OC)c2)cc(OC)c1OC,0,0,0,0,,
cefteram pivoxil,,,,,CON=C(C(=O)NC1C(=O)N2C(C(=O)OCOC(=O)C(C)(C)C)=C(Cn3nnc(C)n3)CSC12)c1csc(N)n1,0,0,0,0,,
sultamicillin,,,,,CC1(C)SC2C(NC(=O)C(N)c3ccccc3)C(=O)N2C1C(=O)OCOC(=O)C1N2C(=O)CC2S(=O)(=O)C1(C)C,0,0,0,0,,
selenium (75Se) tauroselcholic acid,,,,,CC(C[Se]CC(=O)NCCS(=O)(=O)O)C1CCC2C3C(O)CC4CC(O)CCC4(C)C3CC(O)C12C,0,0,0,0,,
keracyanin,,,,,CC1OC(OCC2OC(Oc3cc4c(O)cc(O)cc4[o+]c3-c3ccc(O)c(O)c3)C(O)C(O)C2O)C(O)C(O)C1O,0,0,0,0,,
iopodic acid,,,,,CN(C)C=Nc1c(I)cc(I)c(CCC(=O)O)c1I,0,0,0,0,,
metofenazate,,,,,COc1cc(C(=O)OCCN2CCN(CCCN3c4ccccc4Sc4ccc(Cl)cc43)CC2)cc(OC)c1OC,0,0,0,0,,
hematoporphyrin,,,,,CC1=C(C(C)O)c2cc3nc(cc4[nH]c(cc5[nH]c(cc1n2)c(C)c5CCC(=O)O)c(CCC(=O)O)c4C)C(C(C)O)=C3C,0,0,0,0,,
nicofuranose,,,,,O=C(OCC1OC(O)(COC(=O)c2cccnc2)C(OC(=O)c2cccnc2)C1OC(=O)c1cccnc1)c1cccnc1,0,0,0,0,,
pipecuronium,,,,,CC(=O)OC1CC2CCC3C(CCC4(C)C3CC(N3CC[N+](C)(C)CC3)C4OC(C)=O)C2(C)CC1N1CC[N+](C)(C)CC1,0,0,0,0,,
dilazep,,,,,COc1cc(C(=O)OCCCN2CCCN(CCCOC(=O)c3cc(OC)c(OC)c(OC)c3)CC2)cc(OC)c1OC,0,0,0,0,,
diosmin,,,,,COc1ccc(-c2cc(=O)c3c(O)cc(OC4OC(COC5OC(C)C(O)C(O)C5O)C(O)C(O)C4O)cc3o2)cc1O,0,0,0,0,,
methoserpidine,,,,,COC(=O)C1C2CC3c4[nH]c5ccc(OC)cc5c4CCN3CC2CC(OC(=O)c2cc(OC)c(OC)c(OC)c2)C1OC,0,0,0,0,,
dexniguldipine,,,,,COC(=O)C1=C(C)N=C(C)C(C(=O)OCCCN2CCC(c3ccccc3)(c3ccccc3)CC2)C1c1cccc([N+](=O)[O-])c1,0,0,0,0,,
tubocurarine,,,,,COc1cc2c3cc1Oc1cc(ccc1O)CC1c4c(cc(OC)c(O)c4Oc4ccc(cc4)CC3N(C)CC2)CC[N+]1(C)C,0,0,0,0,,
rutoside,,,,,CC1OC(OCC2OC(Oc3c(-c4ccc(O)c(O)c4)oc4cc(O)cc(O)c4c3=O)C(O)C(O)C2O)C(O)C(O)C1O,0,0,0,0,,
candesartan cilexetil,,,,,CCOc1nc2cccc(C(=O)OC(C)OC(=O)OC3CCCCC3)c2n1Cc1ccc(-c2ccccc2-c2nn[nH]n2)cc1,0,0,0,0,,
novobiocin,,,,,COC1C(OC(N)=O)C(O)C(Oc2ccc3c(=O)c(NC(=O)c4ccc(O)c(CC=C(C)C)c4)c(O)oc3c2C)OC1(C)C,0,0,0,0,,
cefpiramide,,,,,Cc1cc(=O)c(C(=O)NC(C(=O)NC2C(=O)N3C(C(=O)O)=C(CSc4nnnn4C)CSC23)c2ccc(O)cc2)c[nH]1,0,0,0,0,,
iotalamic acid,,,,,CNC(=O)c1c(I)c(NC(C)=O)c(I)c(C(=O)O)c1I,0,0,0,0,,
iomeglamic acid,,,,,CN(C(=O)CCCC(=O)O)c1c(I)cc(I)c(N)c1I,0,0,0,0,,
iocetamic acid,,,,,CC(=O)N(CC(C)C(=O)O)c1c(I)cc(I)c(N)c1I,0,0,0,0,,
framycetin,,,,,NCC1OC(OC2C(CO)OC(OC3C(O)C(N)CC(N)C3OC3OC(CN)C(O)C(O)C3N)C2O)C(N)C(O)C1O,0,0,0,0,,
paromomycin,,,,,NCC1OC(OC2C(CO)OC(OC3C(O)C(N)CC(N)C3OC3OC(CO)C(O)C(O)C3N)C2O)C(N)C(O)C1O,0,0,0,0,,
butobendine,,,,,CCC(COC(=O)c1cc(OC)c(OC)c(OC)c1)N(C)CCN(C)C(CC)COC(=O)c1cc(OC)c(OC)c(OC)c1,0,0,0,0,,
tiratricol,,,,,O=C(O)Cc1cc(I)c(Oc2ccc(O)c(I)c2)c(I)c1,0,0,0,0,,
triamcinolone benetonide,,,,,CC(CNC(=O)c1ccccc1)C(=O)OCC(=O)C12OC(C)(C)OC1CC1C3CC=C4CC(=O)C=CC4(C)C3(F)C(O)CC12C,0,0,0,0,,
tirilazad,,,,,CC1CC2C3CC=C4CC(=O)C=CC4(C)C3=CCC2(C)C1C(=O)CN1CCN(c2cc(N3CCCC3)nc(N3CCCC3)n2)CC1,0,0,0,0,,
guamecycline,,,,,CN(C)C1C(=O)C(C(=O)NCN2CCN(C(N)=NC(=N)N)CC2)C(=O)C2(O)C(=O)C3C(=O)c4c(O)cccc4C(C)(O)C3CC12,0,0,0,0,,
tocofibrate,,,,,Cc1c(C)c2c(c(C)c1OC(=O)C(C)(C)Oc1ccc(Cl)cc1)CCC(C)(CCCC(C)CCCC(C)CCCC(C)C)O2,0,0,0,0,,
pirarubicin,,,,,COc1cccc2c(O)c3c(c(O)c12)C(=O)C1=C(CC(O)(C(=O)CO)CC1OC1CC(N)C(OC2CCCCO2)C(C)O1)C3=O,0,0,0,0,,
cefbuperazone,,,,,CCN1CCN(C(=O)NC(C(=O)NC2(OC)C(=O)N3C(C(=O)O)=C(CSc4nnnn4C)CSC32)C(C)O)C(=O)C1=O,0,0,0,0,,
bemotrizinol,,,,,CCCCC(CC)COc1ccc(-c2nc(-c3ccc(OC)cc3)nc(-c3ccc(OCC(CC)CCCC)cc3O)n2)c(O)c1,0,0,0,0,,
metrizoic acid,,,,,CC(=O)Nc1c(I)c(C(=O)O)c(I)c(N(C)C(C)=O)c1I,0,0,0,0,,
iodamide,,,,,CC(=O)NCc1c(I)c(NC(C)=O)c(I)c(C(=O)O)c1I,0,0,0,0,,
lopinavir,,,,,Cc1cccc(C)c1OCC(=O)NC(Cc1ccccc1)C(O)CC(Cc1ccccc1)NC(=O)C(C(C)C)N1CCCNC1=O,0,0,0,0,,
anazolene,,,,,O=S(=O)(O)c1cc(O)c2c(N=Nc3ccc(Nc4ccccc4)c4c(S(=O)(=O)O)cccc34)cc(S(=O)(=O)O)cc2c1,0,0,0,0,,
dexamethasone palmitate,,,,,CCCCCCCCCCCCCCCC(=O)OCC(=O)C1(O)C(C)CC2C3CC=C4CC(=O)C=CC4(C)C3(F)C(O)CC21C,0,0,0,0,,
efonidipine,,,,,CC1=NC(C)=C(P2(=O)OCC(C)(C)CO2)C(c2cccc([N+](=O)[O-])c2)C1C(=O)OCCN(Cc1ccccc1)c1ccccc1,0,0,0,0,,
thyropropic acid,,,,,O=C(O)CCc1cc(I)c(Oc2ccc(O)c(I)c2)c(I)c1,0,0,0,0,,
bunamiodyl,,,,,CCCC(=O)Nc1c(I)cc(I)c(C=C(CC)C(=O)O)c1I,0,0,0,0,,
nicomol,,,,,O=C(OCC1(COC(=O)c2cccnc2)CCCC(COC(=O)c2cccnc2)(COC(=O)c2cccnc2)C1O)c1cccnc1,0,0,0,0,,
tyropanoate,,,,,CCCC(=O)Nc1c(I)cc(I)c(CC(CC)C(=O)O)c1I,0,0,0,0,,
zorubicin,,,,,COc1cccc2c(O)c3c(c(O)c12)C(=O)C1=C(CC(O)(C(C)=NNC(=O)c2ccccc2)CC1OC1CC(N)C(O)C(C)O1)C3=O,0,0,0,0,,
cefoperazone,,,,,CCN1CCN(C(=O)NC(C(=O)NC2C(=O)N3C(C(=O)O)=C(CSc4nnnn4C)CSC23)c2ccc(O)cc2)C(=O)C1=O,0,0,0,0,,
prednimustine,,,,,CC12C=CC(=O)C=C1CCC1C2C(O)CC2(C)C1CCC2(O)C(=O)COC(=O)CCCc1ccc(N(CCCl)CCCl)cc1,0,0,0,0,,
methylprednisolone suleptanate,,,,,CC1=C2CC(=O)C=CC2(C)C2C(O)CC3(C)C(CCC3(O)C(=O)COC(=O)CCCCCCC(=O)N(C)CCS(=O)(=O)O)C2C1,0,0,0,0,,
dimethyltubocurarinium,,,,,COc1ccc2cc1Oc1cc3c(cc1OC)CC[N+](C)(C)C3Cc1ccc(cc1)Oc1c(OC)c(OC)cc3c1C(C2)[N+](C)(C)CC3,0,0,0,0,,
bisoctrizole,,,,,CC(C)(C)CC(C)(C)c1cc(Cc2cc(C(C)(C)CC(C)(C)C)cc(-n3nc4ccccc4n3)c2O)c(O)c(-n2nc3ccccc3n2)c1,0,0,0,0,,
fytic acid,,,,,O=P(O)(O)OC1C(OP(=O)(O)O)C(OP(=O)(O)O)C(OP(=O)(O)O)C(OP(=O)(O)O)C1OP(=O)(O)O,0,0,0,0,,
zinostatin,,,,,CNC1C(OC2C3=CC#CC4OC4(C4COC(=O)O4)C#CC3=CC2OC(=O)c2c(O)ccc3c(C)cc(OC)cc23)OC(C)C(O)C1O,0,0,0,0,,
iobenzamic acid,,,,,Nc1c(I)cc(I)c(C(=O)N(CCC(=O)O)c2ccccc2)c1I,0,0,0,0,,
clindamycin palmitate,,,,,CCCCCCCCCCCCCCCC(=O)OC1C(SC)OC(C(NC(=O)C2CC(CCC)CN2C)C(C)Cl)C(O)C1O,0,0,0,0,,
syrosingopine,,,,,CCOC(=O)Oc1c(OC)cc(C(=O)OC2CC3CN4CCc5c([nH]c6cc(OC)ccc56)C4CC3C(C(=O)OC)C2OC)cc1OC,0,0,0,0,,
alcuronium,,,,,C=CC[N+]12CCC34c5ccccc5N5C=C6C7CC8C9(CC[N+]8(CC=C)CC7=CCO)c7ccccc7N(C=C(C(CC31)C(=CCO)C2)C54)C69,0,0,0,0,,
etoposide phosphate,,,,,COc1cc(C2c3cc4c(cc3C(OC3OC5COC(C)OC5C(O)C3O)C3COC(=O)C23)OCO4)cc(OC)c1OP(=O)(O)O,0,0,0,0,,
pentamycin,,,,,CCCCCC(O)C1C(=O)OC(C)C(O)C=CC=CC=CC=CC=C(C)C(O)C(O)C(O)CC(O)CC(O)CC(O)CC(O)CC1O,0,0,0,0,,
saquinavir,,,,,CC(C)(C)NC(=O)C1CC2CCCCC2CN1CC(O)C(Cc1ccccc1)NC(=O)C(CC(N)=O)NC(=O)c1ccc2ccccc2n1,0,0,0,0,,
cefpimizole,,,,,O=C(O)C1=C(C[n+]2ccc(CCS(=O)(=O)[O-])cc2)CSC2C(NC(=O)C(NC(=O)c3[nH]cnc3C(=O)O)c3ccccc3)C(=O)N12,0,0,0,0,,
iopronic acid,,,,,CCC(COCCOc1c(I)cc(I)c(NC(C)=O)c1I)C(=O)O,0,0,0,0,,
thymopentin,,,,,CC(C)C(NC(=O)C(CC(=O)O)NC(=O)C(CCCCN)NC(=O)C(N)CCCN=C(N)N)C(=O)NC(Cc1ccc(O)cc1)C(=O)O,0,0,0,0,,
prednisolone steaglate,,,,,CCCCCCCCCCCCCCCCCC(=O)OCC(=O)OCC(=O)C1(O)CCC2C3CC=C4CC(=O)C=CC4(C)C3C(O)CC21C,0,0,0,0,,
enviomycin,,,,,NCCC(O)C(N)CC(=O)NC1CNC(=O)C(C2CCNC(N)=N2)NC(=O)C(C=NC(N)=O)NC(=O)C(CO)NC(=O)C(CO)NC1=O,0,0,0,0,,
viomycin,,,,,NCCCC(N)CC(=O)NC1CNC(=O)C(C2CC(O)N=C(N)N2)NC(=O)C(C=NC(N)=O)NC(=O)C(CO)NC(=O)C(CO)NC1=O,0,0,0,0,,
oleandomycin,,,,,COC1CC(OC2C(C)C(=O)OC(C)C(C)C(O)C(C)C(=O)C3(CO3)CC(C)C(OC3OC(C)CC(N(C)C)C3O)C2C)OC(C)C1O,0,0,0,0,,
dalfopristin,,,,,CCN(CC)CCS(=O)(=O)C1CN2CC1C(=O)OC(C(C)C)C(C)C=CC(=O)NCC=CC(C)=CC(O)CC(=O)Cc1nc(co1)C2=O,0,0,0,0,,
glucosaminylmuramyl dipeptide,,,,,CC(=O)NC(C=O)C(OC(C)C(=O)NC(C)C(=O)NC(CCC(=O)O)C(N)=O)C(OC1OC(CO)C(O)C(O)C1NC(C)=O)C(O)CO,0,0,0,0,,
inqovi,,,,,O=C1NC(O)CCN1C1OC(CO)C(O)C1(F)F,0,0,0,0,,
clascoterone,,,,,CCC(=O)OC1(C(=O)CO)CCC2C3CC=C4CC(=O)CCC4(C)C3CCC21C,0,0,0,0,,
cefotiam hexetil,,,,,CC(OC(=O)OC1CCCCC1)OC(=O)C1=C(CSc2nnnn2CCN(C)C)CSC2C(NC(=O)Cc3csc(N)n3)C(=O)N12,0,0,0,0,,
sulbutiamine,,,,,CC(=C(CCOC(=O)C(C)C)SSC(CCOC(=O)C(C)C)=C(C)N(C=O)Cc1cnc(C)nc1N)N(C=O)Cc1cnc(C)nc1N,0,0,0,0,,
copper dotatate Cu-64,,,,,CC(O)C(NC(=O)C1CSSCC(NC(=O)C(Cc2ccccc2)NC(=O)CN2CCN(CC(=O)[O-])CCN(CC(=O)[O-])CCN(CC(=O)O)CC2)C(=O)NC(Cc2ccc(O)cc2)C(=O)NC(Cc2c[nH]c3ccccc23)C(=O)NC(CCCCN)C(=O)NC(C(C)O)C(=O)N1)C(=O)O.[Cu+2],0,0,0,0,,
lucimycin,,,,,CCCCC1CC=CC=CC=CC=CC(OC2OC(C)C(O)C(N)C2O)CC2OC(O)(CC(O)CC3OC3C=CC(=O)O1)CC(O)C2C(=O)O,0,0,0,0,,
bietaserpine,,,,,CCN(CC)CCn1c2c(c3ccc(OC)cc31)CCN1CC3CC(OC(=O)c4cc(OC)c(OC)c(OC)c4)C(OC)C(C(=O)OC)C3CC21,0,0,0,0,,
talaporfin,,,,,C=Cc1c(C)c2[nH]c1=Cc1[nH]c(c(CC)c1C)C=c1[nH]c(c(C(=O)O)c1C)=C(CC(=O)NC(CC(=O)O)C(=O)O)C1=C(CCC(=O)O)C(C)C(=N1)C=2,0,0,0,0,,
digitalin,,,,,COC1C(O)C(OC2CCC3(C)C(CCC4C3CCC3(C)C(C5=CC(=O)OC5)C(O)CC43O)C2)OC(C)C1OC1OC(CO)C(O)C(O)C1O,0,0,0,0,,
pralsetinib,,,,,COC1(C(=O)NC(C)c2ccc(-n3cc(F)cn3)nc2)CCC(c2nc(C)cc(Nc3cc(C)[nH]n3)n2)CC1,0,0,0,0,,
tretinoin tocoferil,,,,,CC(C=CC1=C(C)CCCC1(C)C)=CC=CC(C)=CC(=O)Oc1c(C)c(C)c2c(c1C)CCC(C)(CCCC(C)CCCC(C)CCCC(C)C)O2,0,0,0,0,,
petrichloral,,,,,OC(OCC(COC(O)C(Cl)(Cl)Cl)(COC(O)C(Cl)(Cl)Cl)COC(O)C(Cl)(Cl)Cl)C(Cl)(Cl)Cl,0,0,0,0,,
vadadustat,,,,,O=C(O)CNC(=O)c1ncc(-c2cccc(Cl)c2)cc1O,0,0,0,0,,
colfosceril palmitate,,,,,CCCCCCCCCCCCCCCC(=O)OCC(COP(=O)([O-])OCC[N+](C)(C)C)OC(=O)CCCCCCCCCCCCCCC,0,0,0,0,,
glucosulfone,,,,,O=S(=O)(c1ccc(NC(C(O)C(O)C(O)C(O)CO)S(=O)(=O)O)cc1)c1ccc(NC(C(O)C(O)C(O)C(O)CO)S(=O)(=O)O)cc1,0,0,0,0,,
troxerutin,,,,,CC1OC(OCC2OC(Oc3c(-c4ccc(OCCO)c(OCCO)c4)oc4cc(OCCO)cc(O)c4c3=O)C(O)C(O)C2O)C(O)C(O)C1O,0,0,0,0,,
Streptomycin B,,,,,CNC1C(OC2C(OC3C(O)C(O)C(N=C(N)N)C(O)C3N=C(N)N)OC(C)C2(O)C=O)OC(CO)C(OC2OC(CO)C(O)C(O)C2O)C1O,0,0,0,0,,
flurithromycin,,,,,CCC1OC(=O)C(C)C(OC2CC(C)(OC)C(O)C(C)O2)C(C)C(OC2OC(C)CC(N(C)C)C2O)C(C)(O)CC(C)(F)C(=O)C(C)C(O)C1(C)O,0,0,0,0,,
benzquercin,,,,,O=c1c(OCc2ccccc2)c(-c2ccc(OCc3ccccc3)c(OCc3ccccc3)c2)oc2cc(OCc3ccccc3)cc(OCc3ccccc3)c12,0,0,0,0,,
indocyanine green,,,,,CC1(C)C(=CC=CC=CC=CC2=[N+](CCCCS(=O)(=O)O)c3ccc4ccccc4c3C2(C)C)N(CCCCS(=O)(=O)O)c2ccc3ccccc3c21,0,0,0,0,,
davercin,,,,,CCC1OC(=O)C(C)C(OC2CC(C)(OC)C(O)C(C)O2)C(C)C(OC2OC(C)CC(N(C)C)C2O)C(C)(O)CC(C)C(=O)C(C)C2OC(=O)OC12C,0,0,0,0,,
daprodustat,,,,,O=C(O)CNC(=O)c1c(O)n(C2CCCCC2)c(=O)n(C2CCCCC2)c1=O,0,0,0,0,,
borofalan (10B),,,,,NC(Cc1ccc(B(O)O)cc1)C(=O)O,0,0,0,0,,
tirabrutinib hydrochloride,,,,,CC#CC(=O)N1CCC(n2c(=O)n(-c3ccc(Oc4ccccc4)cc3)c3c(N)ncnc32)C1,0,0,0,0,,
lividomycin,,,,,NCC1OC(OC2C(CO)OC(OC3C(O)C(N)CC(N)C3OC3OC(CO)C(O)CC3N)C2O)C(N)C(O)C1OC1OC(CO)C(O)C(O)C1O,0,0,0,0,,
digitoxin,,,,,CC1OC(OC2C(O)CC(OC3C(O)CC(OC4CCC5(C)C(CCC6C5CCC5(C)C(C7=CC(=O)OC7)CCC65O)C4)OC3C)OC2C)CC(O)C1O,0,0,0,0,,
pentagastrin,,,,,CSCCC(NC(=O)C(Cc1c[nH]c2ccccc12)NC(=O)CCNC(=O)OC(C)(C)C)C(=O)NC(CC(=O)O)C(=O)NC(Cc1ccccc1)C(N)=O,0,0,0,0,,
bisbentiamine,,,,,CC(=C(CCOC(=O)c1ccccc1)SSC(CCOC(=O)c1ccccc1)=C(C)N(C=O)Cc1cnc(C)nc1N)N(C=O)Cc1cnc(C)nc1N,0,0,0,0,,
erythromycin acistrate,,,,,CCC1OC(=O)C(C)C(OC2CC(C)(OC)C(O)C(C)O2)C(C)C(OC2OC(C)CC(N(C)C)C2OC(C)=O)C(C)(O)CC(C)C(=O)C(C)C(O)C1(C)O,0,0,0,0,,
dextrothyroxine,,,,,NC(Cc1cc(I)c(Oc2cc(I)c(O)c(I)c2)c(I)c1)C(=O)O,0,0,0,0,,
iomeprol,,,,,CN(C(=O)CO)c1c(I)c(C(=O)NCC(O)CO)c(I)c(C(=O)NCC(O)CO)c1I,0,0,0,0,,
gitoxin,,,,,CC1OC(OC2C(O)CC(OC3C(O)CC(OC4CCC5(C)C(CCC6C5CCC5(C)C(C7=CC(=O)OC7)C(O)CC65O)C4)OC3C)OC2C)CC(O)C1O,0,0,0,0,,
canfosfamide,,,,,NC(CCC(=O)NC(CS(=O)(=O)CCOP(=O)(N(CCCl)CCCl)N(CCCl)CCCl)C(=O)NC(C(=O)O)c1ccccc1)C(=O)O,0,0,0,0,,
estradiol mustard,,,,,CC12CCC3c4ccc(OC(=O)Cc5ccc(N(CCCl)CCCl)cc5)cc4CCC3C1CCC2OC(=O)Cc1ccc(N(CCCl)CCCl)cc1,0,0,0,0,,
metrizamide,,,,,CC(=O)Nc1c(I)c(C(=O)NC2C(O)OC(CO)C(O)C2O)c(I)c(N(C)C(C)=O)c1I,0,0,0,0,,
erythromycin propionate,,,,,CCC(=O)OC1C(OC2C(C)C(OC3CC(C)(OC)C(O)C(C)O3)C(C)C(=O)OC(CC)C(C)(O)C(O)C(C)C(=O)C(C)CC2(C)O)OC(C)CC1N(C)C,0,0,0,0,,
anhydrovinblastine,,,,,CCC1=CC2CN(CCc3c([nH]c4ccccc34)C(C(=O)OC)(c3cc4c(cc3OC)N(C)C3C(O)(C(=O)OC)C(OC(C)=O)C5(CC)C=CCN6CCC43C65)C2)C1,0,0,0,0,,
sulfobromophthalein,,,,,O=C1OC(c2ccc(O)c(S(=O)(=O)O)c2)(c2ccc(O)c(S(=O)(=O)O)c2)c2c(Br)c(Br)c(Br)c(Br)c21,0,0,0,0,,
metildigoxin,,,,,COC1C(O)CC(OC2C(O)CC(OC3C(O)CC(OC4CCC5(C)C(CCC6C5CC(O)C5(C)C(C7=CC(=O)OC7)CCC65O)C4)OC3C)OC2C)OC1C,0,0,0,0,,
bisdequalinium chloride,,,,,Cc1cc2c3ccccc3[n+]1CCCCCCCCCC[n+]1c(C)cc(c3ccccc31)NCCCCCCCCCCN2,0,0,0,0,,
solasulfone,,,,,O=S(=O)(c1ccc(NC(CC(c2ccccc2)S(=O)(=O)O)S(=O)(=O)O)cc1)c1ccc(NC(CC(c2ccccc2)S(=O)(=O)O)S(=O)(=O)O)cc1,0,0,0,0,,
acetyldigitoxin,,,,,CC(=O)OC1CC(OC2C(O)CC(OC3C(O)CC(OC4CCC5(C)C(CCC6C5CCC5(C)C(C7=CC(=O)OC7)CCC65O)C4)OC3C)OC2C)OC(C)C1O,0,0,0,0,,
inositol nicotinate,,,,,O=C(OC1C(OC(=O)c2cccnc2)C(OC(=O)c2cccnc2)C(OC(=O)c2cccnc2)C(OC(=O)c2cccnc2)C1OC(=O)c1cccnc1)c1cccnc1,0,0,0,0,,
aclarubicin,,,,,CCC1(O)CC(OC2CC(N(C)C)C(OC3CC(O)C(OC4CCC(=O)C(C)O4)C(C)O3)C(C)O2)c2c(cc3c(c2O)C(=O)c2c(O)cccc2C3=O)C1C(=O)OC,0,0,0,0,,
sorbinicate,,,,,O=C(OCC(OC(=O)c1cccnc1)C(OC(=O)c1cccnc1)C(OC(=O)c1cccnc1)C(COC(=O)c1cccnc1)OC(=O)c1cccnc1)c1cccnc1,0,0,0,0,,
troleandomycin,,,,,COC1CC(OC2C(C)C(=O)OC(C)C(C)C(OC(C)=O)C(C)C(=O)C3(CO3)CC(C)C(OC3OC(C)CC(N(C)C)C3OC(C)=O)C2C)OC(C)C1OC(C)=O,0,0,0,0,,
mydecamycin,,,,,CCC(=O)OC1CC(=O)OC(C)CC=CC=CC(O)C(C)CC(CC=O)C(OC2OC(C)C(OC3CC(C)(O)C(OC(=O)CC)C(C)O3)C(N(C)C)C2O)C1OC,0,0,0,0,,
pralmorelin,,,,,CC(N)C(=O)NC(Cc1ccc2ccccc2c1)C(=O)NC(C)C(=O)NC(Cc1c[nH]c2ccccc12)C(=O)NC(Cc1ccccc1)C(=O)NC(CCCCN)C(N)=O,0,0,0,0,,
benproperine,,,,,CC(COc1ccccc1Cc1ccccc1)N1CCCCC1,0,0,0,0,,
evogliptin,,,,,CC(C)(C)OCC1C(=O)NCCN1C(=O)CC(N)Cc1cc(F)c(F)cc1F,0,0,0,0,,
etiroxate,,,,,CCOC(=O)C(C)(N)Cc1cc(I)c(Oc2cc(I)c(O)c(I)c2)c(I)c1,0,0,0,0,,
glycyrrhizic acid,,,,,CC1(C(=O)O)CCC2(C)CCC3(C)C(=C2C1)CC(=O)C1C2(C)CCC(OC4OC(C(=O)O)C(O)C(O)C4OC4OC(C(=O)O)C(O)C(O)C4O)C(C)(C)C2CCC13C,0,0,0,0,,
polmacoxib,,,,,CC1(C)OC(c2ccc(S(N)(=O)=O)cc2)=C(c2cccc(F)c2)C1=O,0,0,0,0,,
betrixaban,,,,,COc1ccc(NC(=O)c2ccc(C(=N)N(C)C)cc2)c(C(=O)Nc2ccc(Cl)cn2)c1,0,0,0,0,,
acetyldigoxin,,,,,CC(=O)OC1C(O)CC(OC2C(O)CC(OC3C(O)CC(OC4CCC5(C)C(CCC6C5CC(O)C5(C)C(C7=CC(=O)OC7)CCC65O)C4)OC3C)OC2C)OC1C,0,0,0,0,,
rokitamycin,,,,,CCCC(=O)OC1C(C)OC(OC2C(C)OC(OC3C(CC=O)CC(C)C(O)C=CC=CCC(C)OC(=O)CC(O)C3OC)C(O)C2N(C)C)CC1(C)OC(=O)CC,0,0,0,0,,
josamycin,,,,,COC1C(OC(C)=O)CC(=O)OC(C)CC=CC=CC(O)C(C)CC(CC=O)C1OC1OC(C)C(OC2CC(C)(O)C(OC(=O)CC(C)C)C(C)O2)C(N(C)C)C1O,0,0,0,0,,
pibrentasvir,,,,,COC(=O)NC(C(=O)N1CCCC1c1nc2cc(C3CCC(c4cc5[nH]c(C6CCCN6C(=O)C(NC(=O)OC)C(C)OC)nc5cc4F)N3c3cc(F)c(N4CCC(c5ccc(F)cc5)CC4)c(F)c3)c(F)cc2[nH]1)C(C)OC,0,0,0,0,,
dirithromycin,,,,,CCC1OC(=O)C(C)C(OC2CC(C)(OC)C(O)C(C)O2)C(C)C(OC2OC(C)CC(N(C)C)C2O)C(C)(O)CC(C)C2NC(COCCOC)OC(C2C)C1(C)O,0,0,0,0,,
iopentol,,,,,COCC(O)CN(C(C)=O)c1c(I)c(C(=O)NCC(O)CO)c(I)c(C(=O)NCC(O)CO)c1I,0,0,0,0,,
iobitridol,,,,,CN(CC(O)CO)C(=O)c1c(I)c(NC(=O)C(CO)CO)c(I)c(C(=O)N(C)CC(O)CO)c1I,0,0,0,0,,
Spiramycin I,,,,,COC1C(O)CC(=O)OC(C)CC=CC=CC(OC2CCC(N(C)C)C(C)O2)C(C)CC(CC=O)C1OC1OC(C)C(OC2CC(C)(O)C(O)C(C)O2)C(N(C)C)C1O,0,0,0,0,,
proglumetacin,,,,,CCCN(CCC)C(=O)C(CCC(=O)OCCCN1CCN(CCOC(=O)Cc2c(C)n(C(=O)c3ccc(Cl)cc3)c3ccc(OC)cc23)CC1)NC(=O)c1ccccc1,0,0,0,0,,
erythromycin ethyl succinate,,,,,CCOC(=O)CCC(=O)OC1C(OC2C(C)C(OC3CC(C)(OC)C(O)C(C)O3)C(C)C(=O)OC(CC)C(C)(O)C(O)C(C)C(=O)C(C)CC2(C)O)OC(C)CC1N(C)C,0,0,0,0,,
evans blue,,,,,Cc1cc(-c2ccc(N=Nc3ccc4c(S(=O)(=O)O)cc(S(=O)(=O)O)c(N)c4c3O)c(C)c2)ccc1N=Nc1ccc2c(S(=O)(=O)O)cc(S(=O)(=O)O)c(N)c2c1O,0,0,0,0,,
Spiramycin II,,,,,COC1C(OC(C)=O)CC(=O)OC(C)CC=CC=CC(OC2CCC(N(C)C)C(C)O2)C(C)CC(CC=O)C1OC1OC(C)C(OC2CC(C)(O)C(O)C(C)O2)C(N(C)C)C1O,0,0,0,0,,
romurtide,,,,,CCCCCCCCCCCCCCCCCC(=O)NCCCCC(NC(=O)CCC(NC(=O)C(C)NC(=O)C(C)OC1C(O)C(CO)OC(O)C1NC(C)=O)C(N)=O)C(=O)O,0,0,0,0,,
miocamycin,,,,,CCC(=O)OC1CC(=O)OC(C)CC=CC=CC(OC(C)=O)C(C)CC(CC=O)C(OC2OC(C)C(OC3CC(C)(OC(C)=O)C(OC(=O)CC)C(C)O3)C(N(C)C)C2O)C1OC,0,0,0,0,,
Spiramycin III,,,,,CCC(=O)OC1CC(=O)OC(C)CC=CC=CC(OC2CCC(N(C)C)C(C)O2)C(C)CC(CC=O)C(OC2OC(C)C(OC3CC(C)(O)C(O)C(C)O3)C(N(C)C)C2O)C1OC,0,0,0,0,,
saralasin,,,,,CNCC(=O)NC(CCCN=C(N)N)C(=O)NC(C(=O)NC(Cc1ccc(O)cc1)C(=O)NC(C(=O)NC(Cc1c[nH]cn1)C(=O)N1CCCC1C(=O)NC(C)C(=O)O)C(C)C)C(C)C,0,0,0,0,,
cargutocin,,,,,CCC(C)C1NC(=O)C(Cc2ccc(O)cc2)NC(=O)CCCCCC(C(=O)NCC(=O)NC(CC(C)C)C(=O)NCC(N)=O)NC(=O)C(CC(N)=O)NC(=O)C(CCC(N)=O)NC1=O,0,0,0,0,,
gitoformate,,,,,CC1OC(OC2C(C)OC(OC3C(C)OC(OC4CCC5(C)C(CCC6C5CCC5(C)C(C7=CC(=O)OC7)C(OC=O)CC65O)C4)CC3OC=O)CC2OC=O)CC(OC=O)C1OC=O,0,0,0,0,,
deslanoside,,,,,CC1OC(OC2CCC3(C)C(CCC4C3CC(O)C3(C)C(C5=CC(=O)OC5)CCC43O)C2)CC(O)C1OC1CC(O)C(OC2CC(O)C(OC3OC(CO)C(O)C(O)C3O)C(C)O2)C(C)O1,0,0,0,0,,
ceruletide,,,,,CSCCC(NC(=O)C(Cc1c[nH]c2ccccc12)NC(=O)CNC(=O)C(NC(=O)C(Cc1ccc(OS(=O)(=O)O)cc1)NC(=O)C(CC(=O)O)NC(=O)C(CCC(N)=O)NC(=O)C1CCC(=O)N1)C(C)O)C(=O)NC(CC(=O)O)C(=O)NC(Cc1ccccc1)C(N)=O,0,0,0,0,,
lanatoside C,,,,,CC(=O)OC1CC(OC2C(O)CC(OC3C(O)CC(OC4CCC5(C)C(CCC6C5CC(O)C5(C)C(C7=CC(=O)OC7)CCC65O)C4)OC3C)OC2C)OC(C)C1OC1OC(CO)C(O)C(O)C1O,0,0,0,0,,
carbetocin,,,,,CCC(C)C1NC(=O)C(Cc2ccc(OC)cc2)NC(=O)CCCSCC(C(=O)N2CCCC2C(=O)NC(CC(C)C)C(=O)NCC(N)=O)NC(=O)C(CC(N)=O)NC(=O)C(CCC(N)=O)NC1=O,0,0,0,0,,
demoxytocin,,,,,CCC(C)C1NC(=O)C(Cc2ccc(O)cc2)NC(=O)CCSSCC(C(=O)N2CCCC2C(=O)NC(CC(C)C)C(=O)NCC(N)=O)NC(=O)C(CC(N)=O)NC(=O)C(CCC(N)=O)NC1=O,0,0,0,0,,
octreotide,,,,,CC(O)C(CO)NC(=O)C1CSSCC(NC(=O)C(N)Cc2ccccc2)C(=O)NC(Cc2ccccc2)C(=O)NC(Cc2c[nH]c3ccccc23)C(=O)NC(CCCCN)C(=O)NC(C(C)O)C(=O)N1,0,0,0,0,,
quinupristin,,,,,CCC1NC(=O)C(NC(=O)c2ncccc2O)C(C)OC(=O)C(c2ccccc2)NC(=O)C2CC(=O)C(CSC3CN4CCC3CC4)CN2C(=O)C(Cc2ccc(N(C)C)cc2)N(C)C(=O)C2CCCN2C1=O,0,0,0,0,,
mivacurium,,,,,COc1cc2c(cc1OC)C(Cc1cc(OC)c(OC)c(OC)c1)[N+](C)(CCCOC(=O)CCC=CCCC(=O)OCCC[N+]1(C)CCc3cc(OC)c(OC)cc3C1Cc1cc(OC)c(OC)c(OC)c1)CC2,0,0,0,0,,
doxacurium,,,,,COc1cc(CC2c3c(cc(OC)c(OC)c3OC)CC[N+]2(C)CCCOC(=O)CCC(=O)OCCC[N+]2(C)CCc3cc(OC)c(OC)c(OC)c3C2Cc2cc(OC)c(OC)c(OC)c2)cc(OC)c1OC,0,0,0,0,,
apatinib,,,,,N#CC1(c2ccc(NC(=O)c3cccnc3NCc3ccncc3)cc2)CCCC1,0,0,0,0,,
lumacaftor,,,,,Cc1ccc(NC(=O)C2(c3ccc4c(c3)OC(F)(F)O4)CC2)nc1-c1cccc(C(=O)O)c1,0,0,0,0,,
vasopressin,,,,,N=C(N)NCCCC(NC(=O)C1CCCN1C(=O)C1CSSCC(N)C(=O)NC(Cc2ccc(O)cc2)C(=O)NC(Cc2ccccc2)C(=O)NC(CCC(N)=O)C(=O)NC(CC(N)=O)C(=O)N1)C(=O)NCC(N)=O,0,0,0,0,,
plicamycin,,,,,COC(C(=O)C(O)C(C)O)C1Cc2cc3cc(OC4CC(OC5CC(O)C(O)C(C)O5)C(O)C(C)O4)c(C)c(O)c3c(O)c2C(=O)C1OC1CC(OC2CC(OC3CC(C)(O)C(O)C(C)O3)C(O)C(C)O2)C(O)C(C)O1,0,0,0,0,,
lypressin,,,,,NCCCCC(NC(=O)C1CCCN1C(=O)C1CSSCC(N)C(=O)NC(Cc2ccc(O)cc2)C(=O)NC(Cc2ccccc2)C(=O)NC(CCC(N)=O)C(=O)NC(CC(N)=O)C(=O)N1)C(=O)NCC(N)=O,0,0,0,0,,
lanreotide,,,,,CC(C)C1NC(=O)C(CCCCN)NC(=O)C(Cc2c[nH]c3ccccc23)NC(=O)C(Cc2ccc(O)cc2)NC(=O)C(NC(=O)C(N)Cc2ccc3ccccc3c2)CSSCC(C(=O)NC(C(N)=O)C(C)O)NC1=O,0,0,0,0,,
ioglycamic acid,,,,,O=C(COCC(=O)Nc1c(I)cc(I)c(C(=O)O)c1I)Nc1c(I)cc(I)c(C(=O)O)c1I,0,0,0,0,,
adipiodone,,,,,O=C(CCCCC(=O)Nc1c(I)cc(I)c(C(=O)O)c1I)Nc1c(I)cc(I)c(C(=O)O)c1I,0,0,0,0,,
eledoisin,,,,,CCC(C)C(NC(=O)C(Cc1ccccc1)NC(=O)C(C)NC(=O)C(CC(=O)O)NC(=O)C(CCCCN)NC(=O)C(CO)NC(=O)C1CCCN1C(=O)C1CCC(=O)N1)C(=O)NCC(=O)NC(CC(C)C)C(=O)NC(CCSC)C(N)=O,0,0,0,0,,
teicoplanin aglycone,,,,,NC1C(=O)NC2Cc3ccc(c(Cl)c3)Oc3cc4cc(c3O)Oc3ccc(cc3Cl)C(O)C3NC(=O)C(NC(=O)C4NC(=O)C(NC2=O)c2cc(O)cc(c2)Oc2cc1ccc2O)c1ccc(O)c(c1)-c1c(O)cc(O)cc1C(C(=O)O)NC3=O,0,0,0,0,,
ciclosporin,,,,,CC=CCC(C)C(O)C1C(=O)NC(CC)C(=O)N(C)CC(=O)N(C)C(CC(C)C)C(=O)NC(C(C)C)C(=O)N(C)C(CC(C)C)C(=O)NC(C)C(=O)NC(C)C(=O)N(C)C(CC(C)C)C(=O)N(C)C(CC(C)C)C(=O)N(C)C(C(C)C)C(=O)N1C,0,0,0,0,,
iotroxic acid,,,,,O=C(COCCOCCOCC(=O)Nc1c(I)cc(I)c(C(=O)O)c1I)Nc1c(I)cc(I)c(C(=O)O)c1I,0,0,0,0,,
mifamurtide,,,,,CCCCCCCCCCCCCCCC(=O)OCC(COP(=O)(O)OCCNC(=O)C(C)NC(=O)CCC(NC(=O)C(C)NC(=O)C(C)OC1C(O)C(CO)OC(O)C1NC(C)=O)C(N)=O)OC(=O)CCCCCCCCCCCCCCC,0,0,0,0,,
buserelin,,,,,CCNC(=O)C1CCCN1C(=O)C(CCCN=C(N)N)NC(=O)C(CC(C)C)NC(=O)C(COC(C)(C)C)NC(=O)C(Cc1ccc(O)cc1)NC(=O)C(CO)NC(=O)C(Cc1c[nH]c2ccccc12)NC(=O)C(Cc1c[nH]cn1)NC(=O)C1CCC(=O)N1,0,0,0,0,,
iocarmic acid,,,,,CNC(=O)c1c(I)c(NC(=O)CCCCC(=O)Nc2c(I)c(C(=O)O)c(I)c(C(=O)NC)c2I)c(I)c(C(=O)O)c1I,0,0,0,0,,
iodoxamic acid,,,,,O=C(CCOCCOCCOCCOCCC(=O)Nc1c(I)cc(I)c(C(=O)O)c1I)Nc1c(I)cc(I)c(C(=O)O)c1I,0,0,0,0,,
suramin,,,,,Cc1ccc(C(=O)Nc2ccc(S(=O)(=O)O)c3cc(S(=O)(=O)O)cc(S(=O)(=O)O)c23)cc1NC(=O)c1cccc(NC(=O)Nc2cccc(C(=O)Nc3cc(C(=O)Nc4ccc(S(=O)(=O)O)c5cc(S(=O)(=O)O)cc(S(=O)(=O)O)c45)ccc3C)c2)c1,0,0,0,0,,
eritoran,,,,,CCCCCCC=CCCCCCCCCCC(=O)NC1C(OCC2OC(OP(=O)(O)O)C(NC(=O)CC(=O)CCCCCCCCCCC)C(OCCCCCCCCCC)C2O)OC(COC)C(OP(=O)(O)O)C1OCCC(CCCCCCC)OC,0,0,0,0,,
depreotide,,,,,CC(C)C1NC(=O)C(CCCCN)NC(=O)C(Cc2c[nH]c3ccccc23)NC(=O)C(Cc2ccc(O)cc2)NC(=O)C(Cc2ccccc2)N(C)C(=O)C(CCSCC(=O)NCC(N)C(=O)NC(CCCCN)C(=O)NC(CS)C(=O)NC(CCCCN)C(N)=O)NC1=O,0,0,0,0,,
peplomycin,,,,,Cc1c(N)nc(C(CC(N)=O)NCC(N)C(N)=O)nc1C(=O)NC(C(=O)NC(C)C(O)C(C)C(=O)NC(C(=O)NCCc1nc(-c2nc(C(=O)NCCCNC(C)c3ccccc3)cs2)cs1)C(C)O)C(OC1OC(CO)C(O)C(O)C1OC1OC(CO)C(O)C(OC(N)=O)C1O)c1c[nH]cn1,0,0,0,0,,
betadex,,,,,OCC1OC2OC3C(CO)OC(OC4C(CO)OC(OC5C(CO)OC(OC6C(CO)OC(OC7C(CO)OC(OC8C(CO)OC(OC1C(O)C2O)C(O)C8O)C(O)C7O)C(O)C6O)C(O)C5O)C(O)C4O)C(O)C3O,0,0,0,0,,
somatostatin,,,,,CC(N)C(=O)NCC(=O)NC1CSSCC(C(=O)O)NC(=O)C(CO)NC(=O)C(C(C)O)NC(=O)C(Cc2ccccc2)NC(=O)C(C(C)O)NC(=O)C(CCCCN)NC(=O)C(Cc2c[nH]c3ccccc23)NC(=O)C(Cc2ccccc2)NC(=O)C(Cc2ccccc2)NC(=O)C(CC(N)=O)NC(=O)C(CCCCN)NC1=O,0,0,0,0,,
alsactide,,,,,CSCCC(NC(=O)C(CO)NC(=O)C(Cc1ccc(O)cc1)NC(=O)CCN)C(=O)NC(CCC(=O)O)C(=O)NC(Cc1c[nH]cn1)C(=O)NC(Cc1ccccc1)C(=O)NC(CCCN=C(N)N)C(=O)NC(Cc1c[nH]c2ccccc12)C(=O)NCC(=O)NC(CCCCN)C(=O)N1CCCC1C(=O)NC(C(=O)NCC(=O)NC(CCCCN)C(=O)NC(CCCCN)C(=O)NC(CCCCN)C(=O)NCCCCN)C(C)C,0,0,0,0,,
secretin human,,,,,CC(C)CC(NC(=O)CNC(=O)C(CCC(N)=O)NC(=O)C(CC(C)C)NC(=O)C(CC(C)C)NC(=O)C(CCCN=C(N)N)NC(=O)C(CCC(N)=O)NC(=O)C(CC(C)C)NC(=O)C(CCCNC(=N)N)NC(=O)C(C)NC(=O)CNC(=O)C(CCC(=O)O)NC(=O)C(CCCNC(=N)N)NC(=O)C(CC(C)C)NC(=O)C(CCCNC(=N)N)NC(=O)C(CO)NC(=O)C(CC(C)C)NC(=O)C(CCC(=O)O)NC(=O)C(CO)NC(=O)C(NC(=O)C(Cc1ccccc1)NC(=O)C(NC(=O)CNC(=O)C(CC(=O)O)NC(=O)C(CO)NC(=O)C(N)Cc1c[nH]cn1)C(C)O)C(C)O)C(=O)NC(C(N)=O)C(C)C,0,0,0,0,,
carperitide,,,,,CCC(C)C1NC(=O)C(CCCN=C(N)N)NC(=O)C(CC(=O)O)NC(=O)C(CCSC)NC(=O)C(CCCNC(=N)N)NC(=O)CNC(=O)CNC(=O)C(Cc2ccccc2)NC(=O)C(NC(=O)C(CO)NC(=O)C(CO)NC(=O)C(CCCNC(=N)N)NC(=O)C(CCCNC(=N)N)NC(=O)C(CC(C)C)NC(=O)C(N)CO)CSSCC(C(=O)NC(CC(N)=O)C(=O)NC(CO)C(=O)NC(Cc2ccccc2)C(=O)NC(CCCNC(=N)N)C(=O)NC(Cc2ccc(O)cc2)C(=O)O)NC(=O)CNC(=O)C(CC(C)C)NC(=O)CNC(=O)C(CO)NC(=O)C(CCC(N)=O)NC(=O)C(C)NC(=O)CNC1=O,0,0,0,0,,
lixisenatide,,,,,CCC(C)C(NC(=O)C(Cc1ccccc1)NC(=O)C(CC(C)C)NC(=O)C(CCCN=C(N)N)NC(=O)C(NC(=O)C(C)NC(=O)C(CCC(=O)O)NC(=O)C(CCC(=O)O)NC(=O)C(CCC(=O)O)NC(=O)C(CCSC)NC(=O)C(CCC(N)=O)NC(=O)C(CCCCN)NC(=O)C(CO)NC(=O)C(CC(C)C)NC(=O)C(CC(=O)O)NC(=O)C(CO)NC(=O)C(NC(=O)C(Cc1ccccc1)NC(=O)C(NC(=O)CNC(=O)C(CCC(=O)O)NC(=O)CNC(=O)C(N)Cc1c[nH]cn1)C(C)O)C(C)O)C(C)C)C(=O)NC(CCC(=O)O)C(=O)NC(Cc1c[nH]c2ccccc12)C(=O)NC(CC(C)C)C(=O)NC(CCCCN)C(=O)NC(CC(N)=O)C(=O)NCC(=O)NCC(=O)N1CCCC1C(=O)NC(CO)C(=O)NC(CO)C(=O)NCC(=O)NC(C)C(=O)N1CCCC1C(=O)N1CCCC1C(=O)NC(CO)C(=O)NC(CCCCN)C(=O)NC(CCCCN)C(=O)NC(CCCCN)C(=O)NC(CCCCN)C(=O)NC(CCCCN)C(=O)NC(CCCCN)C(N)=O,0,0,0,0,,
beclabuvir,,,,,COc1ccc2c(c1)C1CC1(C(=O)N1C3CCC1CN(C)C3)Cn1c-2c(C2CCCCC2)c2ccc(C(=O)NS(=O)(=O)N(C)C)cc21,0,0,0,0,,
thymalfasin,,,,,CCC(C)C(NC(=O)C(CCC(=O)O)NC(=O)C(CO)NC(=O)C(CO)NC(=O)C(NC(=O)C(CC(=O)O)NC(=O)C(NC(=O)C(C)NC(=O)C(C)NC(=O)C(CC(=O)O)NC(=O)C(CO)NC(C)=O)C(C)C)C(C)O)C(=O)NC(C(=O)NC(C(=O)NC(CCCCN)C(=O)NC(CC(=O)O)C(=O)NC(CC(C)C)C(=O)NC(CCCCN)C(=O)NC(CCC(=O)O)C(=O)NC(CCCCN)C(=O)NC(CCCCN)C(=O)NC(CCC(=O)O)C(=O)NC(C(=O)NC(C(=O)NC(CCC(=O)O)C(=O)NC(CCC(=O)O)C(=O)NC(C)C(=O)NC(CCC(=O)O)C(=O)NC(CC(N)=O)C(=O)O)C(C)C)C(C)C)C(C)O)C(C)O,0,0,0,0,,
sermorelin,,,,,CCC(C)C(NC(=O)C(C)NC(=O)C(CC(=O)O)NC(=O)C(C)NC(=O)C(N)Cc1ccc(O)cc1)C(=O)NC(Cc1ccccc1)C(=O)NC(C(=O)NC(CC(N)=O)C(=O)NC(CO)C(=O)NC(Cc1ccc(O)cc1)C(=O)NC(CCCN=C(N)N)C(=O)NC(CCCCN)C(=O)NC(C(=O)NC(CC(C)C)C(=O)NCC(=O)NC(CCC(N)=O)C(=O)NC(CC(C)C)C(=O)NC(CO)C(=O)NC(C)C(=O)NC(CCCNC(=N)N)C(=O)NC(CCCCN)C(=O)NC(CC(C)C)C(=O)NC(CC(C)C)C(=O)NC(CCC(N)=O)C(=O)NC(CC(=O)O)C(=O)NC(C(=O)NC(CCSC)C(=O)NC(CO)C(=O)NC(CCCNC(=N)N)C(N)=O)C(C)CC)C(C)C)C(C)O,0,0,0,0,,
elcatonin,,,,,CC(C)CC(NC(=O)C(CCCCN)NC(=O)CNC(=O)C(CC(C)C)NC(=O)C(NC(=O)C1CCCCCC(=O)NC(CO)C(=O)NC(CC(N)=O)C(=O)NC(CC(C)C)C(=O)NC(CO)C(=O)NC(C(C)O)C(=O)N1)C(C)C)C(=O)NC(CO)C(=O)NC(CCC(N)=O)C(=O)NC(CCC(=O)O)C(=O)NC(CC(C)C)C(=O)NC(Cc1c[nH]cn1)C(=O)NC(CCCCN)C(=O)NC(CC(C)C)C(=O)NC(CCC(N)=O)C(=O)NC(C(=O)NC(Cc1ccc(O)cc1)C(=O)N1CCCC1C(=O)NC(CCCN=C(N)N)C(=O)NC(C(=O)NC(CC(=O)O)C(=O)NC(C(=O)NCC(=O)NC(C)C(=O)NCC(=O)NC(C(=O)N1CCCC1C(N)=O)C(C)O)C(C)C)C(C)O)C(C)O,0,0,0,0,,
calcitonin (salmon synthetic),,,,,CC(C)CC(NC(=O)C(CCCCN)NC(=O)CNC(=O)C(CC(C)C)NC(=O)C(NC(=O)C1CSSCC(N)C(=O)NC(CO)C(=O)NC(CC(N)=O)C(=O)NC(CC(C)C)C(=O)NC(CO)C(=O)NC(C(C)O)C(=O)N1)C(C)C)C(=O)NC(CO)C(=O)NC(CCC(N)=O)C(=O)NC(CCC(=O)O)C(=O)NC(CC(C)C)C(=O)NC(Cc1c[nH]cn1)C(=O)NC(CCCCN)C(=O)NC(CC(C)C)C(=O)NC(CCC(N)=O)C(=O)NC(C(=O)NC(Cc1ccc(O)cc1)C(=O)N1CCCC1C(=O)NC(CCCN=C(N)N)C(=O)NC(C(=O)NC(CC(N)=O)C(=O)NC(C(=O)NCC(=O)NC(CO)C(=O)NCC(=O)NC(C(=O)N1CCCC1C(N)=O)C(C)O)C(C)O)C(C)O)C(C)O,0,0,0,0,,
calcitonin (pork natural),,,,,CSCCC(NC(=O)CNC(=O)C(CO)NC(=O)C(Cc1ccccc1)NC(=O)C(CCCN=C(N)N)NC(=O)C(Cc1c[nH]cn1)NC(=O)C(Cc1ccc(O)cc1)NC(=O)C(CC(N)=O)NC(=O)C(CC(N)=O)NC(=O)C(CC(C)C)NC(=O)C(CC(=O)O)NC(=O)C(CCCCN)NC(=O)C(Cc1c[nH]c2ccccc12)NC(=O)C(Cc1ccc(O)cc1)NC(=O)C(C)NC(=O)C(CO)NC(=O)C(CC(C)C)NC(=O)C(CC(C)C)NC(=O)C1CSSCC(N)C(=O)NC(CO)C(=O)NC(CC(N)=O)C(=O)NC(CC(C)C)C(=O)NC(CO)C(=O)NC(C(C)O)C(=O)N1)C(=O)NCC(=O)NC(Cc1ccccc1)C(=O)NCC(=O)N1CCCC1C(=O)NC(CCC(=O)O)C(=O)NC(C(=O)N1CCCC1C(N)=O)C(C)O,0,0,0,0,,
chidamide,,,,,Nc1cc(F)ccc1NC(=O)c1ccc(CNC(=O)C=Cc2cccnc2)cc1,0,0,0,0,,
nesiritide,,,,,CCC(C)C1NC(=O)C(CCCN=C(N)N)NC(=O)C(CC(=O)O)NC(=O)C(CCSC)NC(=O)C(CCCCN)NC(=O)C(CCCNC(=N)N)NC(=O)CNC(=O)C(Cc2ccccc2)NC(=O)C(NC(=O)CNC(=O)C(CO)NC(=O)CNC(=O)C(CCC(N)=O)NC(=O)C(NC(=O)C(CCSC)NC(=O)C(CCCCN)NC(=O)C2CCCN2C(=O)C(N)CO)C(C)C)CSSCC(C(=O)NC(CCCCN)C(=O)NC(C(=O)NC(CC(C)C)C(=O)NC(CCCNC(=N)N)C(=O)NC(CCCNC(=N)N)C(=O)NC(Cc2c[nH]cn2)C(=O)O)C(C)C)NC(=O)CNC(=O)C(CC(C)C)NC(=O)CNC(=O)C(CO)NC(=O)C(CO)NC(=O)C(CO)NC(=O)C(CO)NC1=O,0,0,0,0,,
piperaquine,,,,,Clc1ccc2c(N3CCN(CCCN4CCN(c5ccnc6cc(Cl)ccc56)CC4)CC3)ccnc2c1,0,0,0,0,,
artenimol,,,,,CC1CCC2C(C)C(O)OC3OC4(C)CCC1C32OO4,0,0,0,0,,
alpha-tocopherol acetate,,,,,CC(=O)Oc1c(C)c(C)c2c(c1C)CCC(C)(CCCC(C)CCCC(C)CCCC(C)C)O2,0,0,0,0,,
vitamin A palmitate,,,,,CCCCCCCCCCCCCCCC(=O)OCC=C(C)C=CC=C(C)C=CC1=C(C)CCCC1(C)C,0,0,0,0,,
acetic acid,,,,,CC(=O)O,0,0,0,0,,
hydrocortisone acetate,,,,,CC(=O)OCC(=O)C1(O)CCC2C3CC=C4CC(=O)CCC4(C)C3C(O)CC21C,0,0,0,0,,
isopropanol,,,,,CC(C)O,0,0,0,0,,
amfecloral,,,,,CC(Cc1ccccc1)N=CC(Cl)(Cl)Cl,0,0,0,0,,
dexfosfoserine,,,,,NC(COP(=O)(O)O)C(=O)O,0,0,0,0,,
proline,,,,,O=C(O)C1CCCN1,0,0,0,0,,
asparagine,,,,,NC(=O)CC(N)C(=O)O,0,0,0,0,,
serine,,,,,NC(CO)C(=O)O,0,0,0,0,,
valine,,,,,CC(C)C(N)C(=O)O,0,0,0,0,,
isoleucine,,,,,CCC(C)C(N)C(=O)O,0,0,0,0,,
cystine,,,,,NC(CSSCC(N)C(=O)O)C(=O)O,0,0,0,0,,
pyridoxal,,,,,Cc1ncc(CO)c(C=O)c1O,0,0,0,0,,
gentian violet,,,,,CN(C)c1ccc(C(=C2C=CC(=[N+](C)C)C=C2)c2ccc(N(C)C)cc2)cc1,0,0,0,0,,
nadide,,,,,NC(=O)c1ccc[n+](C2OC(COP(=O)([O-])OP(=O)(O)OCC3OC(n4cnc5c(N)ncnc54)C(O)C3O)C(O)C2O)c1,0,0,0,0,,
udenafil,,,,,CCCOc1ccc(S(=O)(=O)NCCC2CCCN2C)cc1-c1nc(=O)c2c([nH]1)c(CCC)nn2C,0,0,0,0,,
lutein,,,,,CC(C=CC=C(C)C=CC1=C(C)CC(O)CC1(C)C)=CC=CC=C(C)C=CC=C(C)C=CC1C(C)=CC(O)CC1(C)C,0,0,0,0,,
testosterone propionate,,,,,CCC(=O)OC1CCC2C3CC=C4CC(=O)CCC4(C)C3CCC12C,0,0,0,0,,
epicriptine,,,,,CCC(C)C1C(=O)N2CCCC2C2(O)OC(NC(=O)C3CC4c5cccc6[nH]cc(c56)CC4N(C)C3)(C(C)C)C(=O)N12,0,0,0,0,,
rimonabant,,,,,Cc1c(C(=O)NN2CCCCC2)nn(-c2ccc(Cl)cc2Cl)c1-c1ccc(Cl)cc1,0,0,0,0,,
sodium stibogluconate,,,,,O=C(O)C1[O][Sb](=[O])([O][Sb]2(=[O])[O]C(C(=O)O)C(O)C(C(O)CO)[O]2)[O]C(C(O)CO)C1O,0,0,0,0,,
cefcapene,,,,,CCCC(C(=O)N=C1C(=O)N2C(C(=O)O)=C(COC(N)=O)CSC12)c1csc(N)n1,0,0,0,0,,
carbocisteine,,,,,NC(CSCC(=O)O)C(=O)O,0,0,0,0,,
fampridine,,,,,Nc1ccncc1,0,0,0,0,,
methyldopate,,,,,CCOC(=O)C(C)(N)Cc1ccc(O)c(O)c1,0,0,0,0,,
ceftaroline fosamil,,,,,CCON=C(C(=O)NC1C(=O)N2C(C(=O)[O-])=C(Sc3nc(-c4cc[n+](C)cc4)cs3)CSC12)c1nsc(NP(=O)(O)O)n1,0,0,0,0,,
telaprevir,,,,,CCCC(NC(=O)C1C2CCCC2CN1C(=O)C(NC(=O)C(NC(=O)c1cnccn1)C1CCCCC1)C(C)(C)C)C(=O)C(=O)NC1CC1,0,0,0,0,,
abiraterone acetate,,,,,CC(=O)OC1CCC2(C)C(=CCC3C2CCC2(C)C(c4cccnc4)=CCC32)C1,0,0,0,0,,
retigabine,,,,,CCOC(=O)Nc1ccc(NCc2ccc(F)cc2)cc1N,0,0,0,0,,
threonine,,,,,CC(O)C(N)C(=O)O,0,0,0,0,,
carbon dioxide,,,,,O=C=O,0,0,0,0,,
bismuth subsalicylate,,,,,O=C1[O][Bi]([OH])[O]c2ccccc21,0,0,0,0,,
thymol,,,,,Cc1ccc(C(C)C)c(O)c1,0,0,0,0,,
cineole,,,,,CC12CCC(CC1)C(C)(C)O2,0,0,0,0,,
phenol,,,,,Oc1ccccc1,0,0,0,0,,
arbutin,,,,,OCC1OC(Oc2ccc(O)cc2)C(O)C(O)C1O,0,0,0,0,,
allantoin,,,,,NC(=O)Nc1[nH]c(=O)[nH]c1O,0,0,0,0,,
Padimate O,,,,,CCCCC(CC)COC(=O)c1ccc(N(C)C)cc1,0,0,0,0,,
hydroxyproline,,,,,O=C(O)C1CC(O)CN1,0,0,0,0,,
piperonyl butoxide,,,,,CCCCOCCOCCOCc1cc2c(cc1CCC)OCO2,0,0,0,0,,
tocofersolan,,,,,Cc1c(C)c2c(c(C)c1O)CCC(C)(CCCC(C)CCCC(C)CCCC(C)C)O2,0,0,0,0,,
Florbetapir F-18,,,,,CNc1ccc(C=Cc2ccc(OCCOCCOCCF)nc2)cc1,0,0,0,0,,
doconexent,,,,,CCC=CCC=CCC=CCC=CCC=CCC=CCCC(=O)O,0,0,0,0,,
enzacamene,,,,,Cc1ccc(C=C2C(=O)C3(C)CCC2C3(C)C)cc1,0,0,0,0,,
cobicistat,,,,,CC(C)c1nc(CN(C)C(=O)NC(CCN2CCOCC2)C(=O)NC(CCC(Cc2ccccc2)NC(=O)OCc2cncs2)Cc2ccccc2)cs1,0,0,0,0,,
elvitegravir,,,,,COc1cc2c(cc1Cc1cccc(Cl)c1F)c(=O)c(C(=O)O)cn2C(CO)C(C)C,0,0,0,0,,
Flutemetamol (18F),,,,,CNc1ccc(-c2nc3ccc(O)cc3s2)cc1F,0,0,0,0,,
glycopyrronium bromide,,,,,C[N+]1(C)CCC(OC(=O)C(O)(c2ccccc2)C2CCCC2)C1,0,0,0,0,,
eslicarbazepine acetate,,,,,CC(=O)OC1Cc2ccccc2N(C(N)=O)c2ccccc21,0,0,0,0,,
enarodustat,,,,,O=C(O)CNC(=O)C1C(=O)CC(CCc2ccccc2)n2ncnc21,0,0,0,0,,
sofpironium bromide,,,,,CCOC(=O)C[N+]1(C)CCC(OC(=O)C(O)(c2ccccc2)C2CCCC2)C1,0,0,0,0,,
berotralstat,,,,,N#Cc1cccc(C(NCC2CC2)c2ccc(F)c(NC(=O)c3cc(C(F)(F)F)nn3-c3cccc(CN)c3)c2)c1,0,0,0,0,,
olaflur,,,,,CCCCCCCCCCCCCCCCCCN(CCO)CCCN(CCO)CCO,0,0,0,0,,
4-dimethylaminophenol,,,,,CN(C)c1ccc(O)cc1,0,0,0,0,,
aceclidine,,,,,CC(=O)OC1CN2CCC1CC2,0,0,0,0,,
alanyl glutamine,,,,,CC(N)C(=O)NC(CCC(N)=O)C(=O)O,0,0,0,0,,
laropiprant,,,,,CS(=O)(=O)c1cc(F)cc2c3c(n(Cc4ccc(Cl)cc4)c12)C(CC(=O)O)CC3,0,0,0,0,,
(2-benzhydryloxyethyl)diethyl-methylammonium iodide,,,,,CC[N+](C)(CC)CCOC(c1ccccc1)c1ccccc1,0,0,0,0,,
2-(4-chlorphenoxy)-ethanol,,,,,OCCOc1ccc(Cl)cc1,0,0,0,0,,
gallium (68Ga) gozetotide,,,,,O=C([O-])CN(CCN(CC(=O)[O-])Cc1cc(CCC(=O)NCCCCCC(=O)NCCCCC(NC(=O)NC(CCC(=O)O)C(=O)O)C(=O)O)ccc1[O-])Cc1cc(CCC(=O)O)ccc1[O-].[Ga+3].[H+],0,0,0,0,,
trinitrophenol,,,,,O=[N+]([O-])c1cc([N+](=O)[O-])c(O)c([N+](=O)[O-])c1,0,0,0,0,,
amifampridine,,,,,Nc1ccncc1N,0,0,0,0,,
angiotensinamide,,,,,CC(C)C(NC(=O)C(CCCN=C(N)N)NC(=O)C(N)CC(N)=O)C(=O)NC(Cc1ccc(O)cc1)C(=O)NC(C(=O)NC(Cc1c[nH]cn1)C(=O)N1CCCC1C(=O)NC(Cc1ccccc1)C(=O)O)C(C)C,0,0,0,0,,
pyronaridine,,,,,COc1ccc2nc3cc(Cl)ccc3c(Nc3cc(CN4CCCC4)c(O)c(CN4CCCC4)c3)c2n1,0,0,0,0,,
zucapsaicin,,,,,COc1cc(CNC(=O)CCCCC=CC(C)C)ccc1O,0,0,0,0,,
bibrocathol,,,,,[OH][Bi]1[O]c2c(Br)c(Br)c(Br)c(Br)c2[O]1,0,0,0,0,,
bioallethrin,,,,,C=CCC1=C(C)C(OC(=O)C2C(C=C(C)C)C2(C)C)CC1=O,0,0,0,0,,
bisoxatin,,,,,O=C1Nc2ccccc2OC1(c1ccc(O)cc1)c1ccc(O)cc1,0,0,0,0,,
chenodiol,,,,,CC(CCC(=O)O)C1CCC2C3C(O)CC4CC(O)CCC4(C)C3CCC12C,0,0,0,0,,
chloroform,,,,,ClC(Cl)Cl,0,0,0,0,,
vernakalant,,,,,COc1ccc(CCOC2CCCCC2N2CCC(O)C2)cc1OC,0,0,0,0,,
xantinol,,,,,CN(CCO)CC(O)Cn1cnc2c1c(=O)n(C)c(=O)n2C,0,0,0,0,,
triaziquone,,,,,O=C1C=C(N2CC2)C(=O)C(N2CC2)=C1N1CC1,0,0,0,0,,
lorcaserin,,,,,CC1CNCCc2ccc(Cl)cc21,0,0,0,0,,
demecolcine,,,,,CNC1CCc2cc(OC)c(OC)c(OC)c2-c2ccc(OC)c(=O)cc21,0,0,0,0,,
dequalinium,,,,,Cc1cc(N)c2ccccc2[n+]1CCCCCCCCCC[n+]1c(C)cc(N)c2ccccc21,0,0,0,0,,
desaspidin,,,,,CCCC(=O)c1c(O)cc(OC)c(CC2C(=O)C(C(=O)CCC)C(=O)C(C)(C)C2=O)c1O,0,0,0,0,,
decamethrin,,,,,CC1(C)C(C=C(Br)Br)C1C(=O)OC(C#N)c1cccc(Oc2ccccc2)c1,0,0,0,0,,
dapoxetine,,,,,CN(C)C(CCOc1cccc2ccccc12)c1ccccc1,0,0,0,0,,
clefamide,,,,,O=C(C(Cl)Cl)N(CCO)Cc1ccc(Oc2ccc([N+](=O)[O-])cc2)cc1,0,0,0,0,,
clevudine,,,,,Cc1cn(C2OC(CO)C(O)C2F)c(=O)[nH]c1=O,0,0,0,0,,
clodantoin,,,,,CCCCC(CC)c1[nH]c(=O)n(SC(Cl)(Cl)Cl)c1O,0,0,0,0,,
clofenotane,,,,,Clc1ccc(C(c2ccc(Cl)cc2)C(Cl)(Cl)Cl)cc1,0,0,0,0,,
clopenthixol,,,,,OCCN1CCN(CCC=C2c3ccccc3Sc3ccc(Cl)cc32)CC1,0,0,0,0,,
tegafur,,,,,O=c1[nH]c(=O)n(C2CCCO2)cc1F,0,0,0,0,,
carisbamate,,,,,NC(=O)OCC(O)c1ccccc1Cl,0,0,0,0,,
casopitant,,,,,CC(=O)N1CCN(C2CCN(C(=O)N(C)C(C)c3cc(C(F)(F)F)cc(C(F)(F)F)c3)C(c3ccc(F)cc3C)C2)CC1,0,0,0,0,,
ceftobiprole medocaril,,,,,Cc1oc(=O)oc1COC(=O)N1CCC(N2CC=C(C=C3CSC4C(NC(=O)C(=NO)c5nsc(N)n5)C(=O)N4C3C(=O)O)C2=O)C1,0,0,0,0,,
cyfluthrin,,,,,CC1(C)C(C=C(Cl)Cl)C1C(=O)OC(C#N)c1ccc(F)c(Oc2ccccc2)c1,0,0,0,0,,
cymarin,,,,,COC1CC(OC2CCC3(C=O)C4CCC5(C)C(C6=CC(=O)OC6)CCC5(O)C4CCC3(O)C2)OC(C)C1O,0,0,0,0,,
cypermethrin,,,,,CC1(C)C(C=C(Cl)Cl)C1C(=O)OC(C#N)c1cccc(Oc2ccccc2)c1,0,0,0,0,,
diamorphine,,,,,CC(=O)Oc1ccc2c3c1OC1C(OC(C)=O)C=CC4C(C2)N(C)CCC341,0,0,0,0,,
dibromotyrosine,,,,,NC(Cc1cc(Br)c(O)c(Br)c1)C(=O)O,0,0,0,0,,
dibutylphthalate,,,,,CCCCOC(=O)c1ccccc1C(=O)OCCCC,0,0,0,0,,
dibutylsuccinate,,,,,CCCCOC(=O)CCC(=O)OCCCC,0,0,0,0,,
diethyl ether,,,,,CCOCC,0,0,0,0,,
diethyltoluamide,,,,,CCN(CC)C(=O)c1cccc(C)c1,0,0,0,0,,
difetarsone,,,,,O=[As](O)(O)c1ccc(NCCNc2ccc([As](=O)(O)O)cc2)cc1,0,0,0,0,,
diiodohydroxypropane,,,,,OC(CI)CI,0,0,0,0,,
etilevodopa,,,,,CCOC(=O)C(N)Cc1ccc(O)c(O)c1,0,0,0,0,,
etybenzatropine,,,,,CCN1C2CCC1CC(OC(c1ccccc1)c1ccccc1)C2,0,0,0,0,,
candicidin,,,,,CC1C=CC=CC=CC=CC=CC=CC=CC(OC2OC(C)C(O)C(N)C2O)CC2OC(O)(CC(O)CC(O)CC(O)CC(=O)CCCC(=O)CC(=O)OC1C(C)CC(C)C(O)CC(=O)c1ccc(N)cc1)CC(O)C2C(=O)O,0,0,0,0,,
calcitonin human,,,,,CCC(C)C(NC(=O)C(C)NC(=O)C(NC(=O)C(CCC(N)=O)NC(=O)C1CCCN1C(=O)C(Cc1ccccc1)NC(=O)C(NC(=O)C(Cc1c[nH]cn1)NC(=O)C(Cc1ccccc1)NC(=O)C(CCCCN)NC(=O)C(CC(N)=O)NC(=O)C(Cc1ccccc1)NC(=O)C(CC(=O)O)NC(=O)C(CCC(N)=O)NC(=O)C(NC(=O)C(Cc1ccc(O)cc1)NC(=O)C(NC(=O)CNC(=O)C(CC(C)C)NC(=O)C(CCSC)NC(=O)C1CSSCC(N)C(=O)NCC(=O)NC(CC(N)=O)C(=O)NC(CC(C)C)C(=O)NC(CO)C(=O)NC(C(C)O)C(=O)N1)C(C)O)C(C)O)C(C)O)C(C)O)C(=O)NCC(=O)NC(C(=O)NCC(=O)NC(C)C(=O)N1CCCC1C(N)=O)C(C)C,0,0,0,0,,
meradimate,,,,,CC1CCC(C(C)C)C(OC(=O)c2ccccc2N)C1,0,0,0,0,,
diphenadione,,,,,O=C1c2ccccc2C(=O)C1C(=O)C(c1ccccc1)c1ccccc1,0,0,0,0,,
prednisolone sodium phosphate,,,,,CC12C=CC(=O)C=C1CCC1C2C(O)CC2(C)C1CCC2(O)C(=O)COP(=O)(O)O,0,0,0,0,,
clobetasol propionate,,,,,CCC(=O)OC1(C(=O)CCl)C(C)CC2C3CC=C4CC(=O)C=CC4(C)C3(F)C(O)CC21C,0,0,0,0,,
fludeoxyglucose (18F),,,,,OCC1OC(O)C(F)C(O)C1O,0,0,0,0,,
hydrocortisone succinate,,,,,CC12CCC(=O)C=C1CCC1C2C(O)CC2(C)C1CCC2(O)C(=O)COC(=O)CCC(=O)O,0,0,0,0,,
sulfisoxazole acetyl,,,,,CC(=O)N(c1onc(C)c1C)S(=O)(=O)c1ccc(N)cc1,0,0,0,0,,
menthyl salicylate,,,,,CC1CCC(C(C)C)C(OC(=O)c2ccccc2O)C1,0,0,0,0,,
dodeclonium bromide,,,,,CCCCCCCCCCCC[N+](C)(C)CCOc1ccc(Cl)cc1,0,0,0,0,,
domiphen,,,,,CCCCCCCCCCCC[N+](C)(C)CCOc1ccccc1,0,0,0,0,,
droxypropine,,,,,CCC(=O)C1(c2ccccc2)CCN(CCOCCO)CC1,0,0,0,0,,
efaproxiral,,,,,Cc1cc(C)cc(NC(=O)Cc2ccc(OC(C)(C)C(=O)O)cc2)c1,0,0,0,0,,
eosin,,,,,O=C1OC2(c3ccccc31)c1cc(Br)c(O)c(Br)c1Oc1c2cc(Br)c(O)c1Br,0,0,0,0,,
epanolol,,,,,N#Cc1ccccc1OCC(O)CNCCNC(=O)Cc1ccc(O)cc1,0,0,0,0,,
N-Acetyltyrosine,,,,,CC(=O)NC(Cc1ccc(O)cc1)C(=O)O,0,0,0,0,,
aclidinium bromide,,,,,O=C(OC1C[N+]2(CCCOc3ccccc3)CCC1CC2)C(O)(c1cccs1)c1cccs1,0,0,0,0,,
diflorasone diacetate,,,,,CC(=O)OCC(=O)C1(OC(C)=O)C(C)CC2C3CC(F)C4=CC(=O)C=CC4(C)C3(F)C(O)CC21C,0,0,0,0,,
taurine,,,,,NCCS(=O)(=O)O,0,0,0,0,,
alclometasone dipropionate,,,,,CCC(=O)OCC(=O)C1(OC(=O)CC)C(C)CC2C3C(Cl)C=C4CC(=O)C=CC4(C)C3C(O)CC21C,0,0,0,0,,
estradiol acetate,,,,,CC(=O)Oc1ccc2c(c1)CCC1C2CCC2(C)C(O)CCC12,0,0,0,0,,
amiloxate,,,,,COc1ccc(C=CC(=O)OCCC(C)C)cc1,0,0,0,0,,
hydrocortisone valerate,,,,,CCCCC(=O)OC1(C(=O)CO)CCC2C3CC=C4CC(=O)CCC4(C)C3C(O)CC21C,0,0,0,0,,
choline fenofibrate,,,,,CC(C)(Oc1ccc(C(=O)c2ccc(Cl)cc2)cc1)C(=O)O,0,0,0,0,,
halcinonide,,,,,CC1(C)OC2CC3C4CC=C5CC(=O)CCC5(C)C4(F)C(O)CC3(C)C2(C(=O)CCl)O1,0,0,0,0,,
racepinefrine,,,,,CNCC(O)c1ccc(O)c(O)c1,0,0,0,0,,
tetracosactide,,,,,CSCCC(NC(=O)C(CO)NC(=O)C(Cc1ccc(O)cc1)NC(=O)C(N)CO)C(=O)NC(CCC(=O)O)C(=O)NC(Cc1c[nH]cn1)C(=O)NC(Cc1ccccc1)C(=O)NC(CCCN=C(N)N)C(=O)NC(Cc1c[nH]c2ccccc12)C(=O)NCC(=O)NC(CCCCN)C(=O)N1CCCC1C(=O)NC(C(=O)NCC(=O)NC(CCCCN)C(=O)NC(CCCCN)C(=O)NC(CCCNC(=N)N)C(=O)NC(CCCNC(=N)N)C(=O)N1CCCC1C(=O)NC(C(=O)NC(CCCCN)C(=O)NC(C(=O)NC(Cc1ccc(O)cc1)C(=O)N1CCCC1C(=O)O)C(C)C)C(C)C)C(C)C,0,0,0,0,,
bismuth subgallate,,,,,O=C(O)c1cc(O)c2c(c1)[O][Bi]([OH])[O]2,0,0,0,0,,
fazadinium,,,,,Cc1c(-c2ccccc2)[n+](N=N[n+]2c(-c3ccccc3)c(C)n3ccccc32)c2ccccn12,0,0,0,0,,
fenbendazole,,,,,COC(=O)Nc1nc2cc(Sc3ccccc3)ccc2[nH]1,0,0,0,0,,
fluclorolone,,,,,CC12C=CC(=O)C=C1C(F)CC1C3CC(O)C(O)(C(=O)CO)C3(C)CC(Cl)C12Cl,0,0,0,0,,
flumedroxone,,,,,CC(=O)C1(O)CCC2C3CC(C(F)(F)F)=C4CC(=O)CCC4(C)C3CCC21C,0,0,0,0,,
flumetasone,,,,,CC1CC2C3CC(F)C4=CC(=O)C=CC4(C)C3(F)C(O)CC2(C)C1(O)C(=O)CO,0,0,0,0,,
fluorodopa (18F),,,,,NC(Cc1cc(O)c(O)cc1F)C(=O)O,0,0,0,0,,
fluoroethylcholine (18F),,,,,C[N+](C)(CCO)CCF,0,0,0,0,,
fluprednidene,,,,,C=C1CC2C3CC=C4CC(=O)C=CC4(C)C3(F)C(O)CC2(C)C1(O)C(=O)CO,0,0,0,0,,
gepirone,,,,,CC1(C)CC(=O)N(CCCCN2CCN(c3ncccn3)CC2)C(=O)C1,0,0,0,0,,
gestonorone,,,,,CC(=O)C1(O)CCC2C3CC=C4CC(=O)CCC4C3CCC21C,0,0,0,0,,
guanoclor,,,,,N=C(N)NNCCOc1c(Cl)cccc1Cl,0,0,0,0,,
nomegestrol,,,,,CC(=O)C1(O)CCC2C3=CC(C)=C4CC(=O)CCC4C3CCC21C,0,0,0,0,,
hydrocortisone probutate,,,,,CCCC(=O)OC1(C(=O)COC(=O)CC)CCC2C3CC=C4CC(=O)CCC4(C)C3C(O)CC21C,0,0,0,0,,
hydroxyethylpromethazine,,,,,CC(CN1c2ccccc2Sc2ccccc21)[N+](C)(C)CCO,0,0,0,0,,
ibacitabine,,,,,Nc1nc(=O)n(C2CC(O)C(CO)O2)cc1I,0,0,0,0,,
iclaprim,,,,,COc1cc(Cc2cnc(N)nc2N)c2c(c1OC)OC(C1CC1)C=C2,0,0,0,0,,
idanpramine,,,,,COc1ccc(C2(c3ccc(OC)cc3)NC(=O)N(CCN3CCCCC3)C2=O)cc1,0,0,0,0,,
indigo carmine,,,,,O=C1C(c2[nH]c3ccc(S(=O)(=O)O)cc3c2O)=Nc2ccc(S(=O)(=O)O)cc21,0,0,0,0,,
iodocholesterol (131I),,,,,CC(C)CCCC(C)C1CCC2C3CC=C4CC(O)CCC4(CI)C3CCC12C,0,0,0,0,,
iodoform,,,,,IC(I)I,0,0,0,0,,
ioglicic acid,,,,,CNC(=O)CNC(=O)c1c(I)c(NC(C)=O)c(I)c(C(=O)O)c1I,0,0,0,0,,
iopydol,,,,,O=c1c(I)cn(CC(O)CO)cc1I,0,0,0,0,,
ioxitalamic acid,,,,,CC(=O)Nc1c(I)c(C(=O)O)c(I)c(C(=O)NCCO)c1I,0,0,0,0,,
itramin tosilate,,,,,NCCO[N+](=O)[O-],0,0,0,0,,
levomethadone,,,,,CCC(=O)C(CC(C)N(C)C)(c1ccccc1)c1ccccc1,0,0,0,0,,
levoverbenone,,,,,CC1=C2CC(C(=O)C1)C2(C)C,0,0,0,0,,
linopirdine,,,,,O=C1N(c2ccccc2)c2ccccc2C1(Cc1ccncc1)Cc1ccncc1,0,0,0,0,,
linsidomine,,,,,N=c1c[n+](N2CCOCC2)[n-]o1,0,0,0,0,,
mannosulfan,,,,,CS(=O)(=O)OCC(OS(C)(=O)=O)C(O)C(O)C(COS(C)(=O)=O)OS(C)(=O)=O,0,0,0,0,,
diosmetin,,,,,COc1ccc(-c2cc(=O)c3c(O)cc(O)cc3o2)cc1O,0,0,0,0,,
diethylamino hydroxybenzoyl hexyl benzoate,,,,,CCCCCCOC(=O)c1ccccc1C(=O)c1ccc(N(CC)CC)cc1O,0,0,0,0,,
tonzonium,,,,,CCCCCCCCCCCCCCCC[N+](C)(C)CCN(Cc1ccc(OC)cc1)c1ncccn1,0,0,0,0,,
clocortolone pivalate,,,,,CC1CC2C3CC(F)C4=CC(=O)C=CC4(C)C3(Cl)C(O)CC2(C)C1C(=O)COC(=O)C(C)(C)C,0,0,0,0,,
ubidecarenone,,,,,COc1c(O)c(C)c(C=CC(C)=CCC=C(C)CCC=C(C)CCC=C(C)CCC=C(C)CCC=C(C)CCC=C(C)CCC=C(C)CCC=C(C)CCC=C(C)C)c(O)c1OC,0,0,0,0,,
trypan blue,,,,,Cc1cc(-c2ccc(N=Nc3c(S(=O)(=O)O)cc4cc(S(=O)(=O)O)cc(N)c4c3O)c(C)c2)ccc1N=Nc1c(S(=O)(=O)O)cc2cc(S(=O)(=O)O)cc(N)c2c1O,0,0,0,0,,
testosterone enantate,,,,,CCCCCCC(=O)OC1CCC2C3CC=C4CC(=O)CCC4(C)C3CCC12C,0,0,0,0,,
sucrose,,,,,OCC1OC(OC2(CO)OC(CO)C(O)C2O)C(O)C(O)C1O,0,0,0,0,,
stearic acid,,,,,CCCCCCCCCCCCCCCCCC(=O)O,0,0,0,0,,
protocatechualdehyde,,,,,O=Cc1ccc(O)c(O)c1,0,0,0,0,,
polydatin,,,,,OCC1OC(Oc2cc(O)cc(C=Cc3ccc(O)cc3)c2)C(O)C(O)C1O,0,0,0,0,,
N-Acetylglucosamine,,,,,CC(=O)NC1C(O)OC(CO)C(O)C1O,0,0,0,0,,
lycopene,,,,,CC(C)=CCCC(C)=CC=CC(C)=CC=CC(C)=CC=CC=C(C)C=CC=C(C)C=CC=C(C)CCC=C(C)C,0,0,0,0,,
linolenic acid,,,,,CCC=CCC=CCC=CCCCCCCCC(=O)O,0,0,0,0,,
levomenol,,,,,CC(C)=CCCC(C)(O)C1CC=C(C)CC1,0,0,0,0,,
diacetyl benzoyl lathyrol,,,,,C=C1CCC2C(=CC(C)C(=O)C3(OC(C)=O)CC(C)C(OC(=O)c4ccccc4)C3C1OC(C)=O)C2(C)C,0,0,0,0,,
levomefolic acid,,,,,CN1c2c([nH]c(N)nc2=O)NCC1CNc1ccc(C(=O)NC(CCC(=O)O)C(=O)O)cc1,0,0,0,0,,
phenylacetic acid,,,,,O=C(O)Cc1ccccc1,0,0,0,0,,
eugenol,,,,,C=CCc1ccc(O)c(OC)c1,0,0,0,0,,
dipyrithione,,,,,[O-][n+]1ccccc1SSc1cccc[n+]1[O-],0,0,0,0,,
dimyristoylphosphatidylglycerol,,,,,CCCCCCCCCCCCCC(=O)OCC(COP(=O)(O)OCC(O)CO)OC(=O)CCCCCCCCCCCCC,0,0,0,0,,
Padimate A,,,,,CC(C)CCOC(=O)c1ccc(N(C)C)cc1,0,0,0,0,,
oftasceine,,,,,O=C(O)CN(CC(=O)O)Cc1cc2c(cc1O)Oc1cc(O)c(CN(CC(=O)O)CC(=O)O)cc1C21OC(=O)c2ccccc21,0,0,0,0,,
octyltriethoxysilane,,,,,CCCCCCCC[Si](OCC)(OCC)OCC,0,0,0,0,,
levmetamfetamine,,,,,CNC(C)Cc1ccccc1,0,0,0,0,,
dodecanoic acid,,,,,CCCCCCCCCCCC(=O)O,0,0,0,0,,
glycolic acid,,,,,O=C(O)CO,0,0,0,0,,
fluorometholone acetate,,,,,CC(=O)OC1(C(C)=O)CCC2C3CC(C)=C4CC(=O)C=CC4(C)C3(F)C(O)CC21C,0,0,0,0,,
dimyristoylphosphatidylcholine,,,,,CCCCCCCCCCCCCC(=O)OCC(COP(=O)([O-])OCC[N+](C)(C)C)OC(=O)CCCCCCCCCCCCC,0,0,0,0,,
diazolidinylurea,,,,,O=C(NCO)N(CO)c1c(O)n(CO)c(=O)n1CO,0,0,0,0,,
chloramphenicol succinate,,,,,O=C(O)CCC(=O)OCC(NC(=O)C(Cl)Cl)C(O)c1ccc([N+](=O)[O-])cc1,0,0,0,0,,
benzoic acid,,,,,O=C(O)c1ccccc1,0,0,0,0,,
brilliant green,,,,,CCN(CC)c1ccc(C(=C2C=CC(=[N+](CC)CC)C=C2)c2ccccc2)cc1,0,0,0,0,,
1-Octacosanol,,,,,CCCCCCCCCCCCCCCCCCCCCCCCCCCCO,0,0,0,0,,
methylrosaniline,,,,,CN(C)c1ccc(C(O)(c2ccc(N(C)C)cc2)c2ccc(N(C)C)cc2)cc1,0,0,0,0,,
metizoline,,,,,Cc1sc2ccccc2c1CC1=NCCN1,0,0,0,0,,
morniflumate,,,,,O=C(OCCN1CCOCC1)c1cccnc1Nc1cccc(C(F)(F)F)c1,0,0,0,0,,
nalfurafine,,,,,CN(C(=O)C=Cc1ccoc1)C1CCC2(O)C3Cc4ccc(O)c5c4C2(CCN3CC2CC2)C1O5,0,0,0,0,,
naproxcinod,,,,,COc1ccc2cc(C(C)C(=O)OCCCCO[N+](=O)[O-])ccc2c1,0,0,0,0,,
nicofetamide,,,,,O=C(NC(Cc1ccccc1)c1ccccc1)c1cccnc1,0,0,0,0,,
obidoxime,,,,,ON=Cc1cc[n+](COC[n+]2ccc(C=NO)cc2)cc1,0,0,0,0,,
oxabolone cipionate,,,,,CC12CCC3C4CCC(=O)C(=O)C4CCC3C1CCC2OC(=O)CCC1CCCC1,0,0,0,0,,
paraoxon,,,,,CCOP(=O)(OCC)Oc1ccc([N+](=O)[O-])cc1,0,0,0,0,,
perflenapent,,,,,FC(F)(F)C(F)(F)C(F)(F)C(F)(F)C(F)(F)F,0,0,0,0,,
phenothrin,,,,,CC(C)=CC1C(C(=O)OCc2cccc(Oc3ccccc3)c2)C1(C)C,0,0,0,0,,
picodralazine,,,,,NNc1nnc(Cc2ccncc2)c2ccccc12,0,0,0,0,,
pleconaril,,,,,Cc1cc(CCCOc2c(C)cc(-c3noc(C(F)(F)F)n3)cc2C)on1,0,0,0,0,,
remikiren,,,,,CC(C)(C)S(=O)(=O)CC(Cc1ccccc1)C(=O)NC(Cc1c[nH]cn1)C(=O)NC(CC1CCCCC1)C(O)C(O)C1CC1,0,0,0,0,,
ritiometan,,,,,O=C(O)CSC(SCC(=O)O)SCC(=O)O,0,0,0,0,,
semustine,,,,,CC1CCC(NC(=O)N(CCCl)N=O)CC1,0,0,0,0,,
daunorubicinol,,,,,COc1cccc2c(O)c3c(c(O)c12)C(=O)C1=C(CC(O)(C(C)O)CC1OC1CC(N)C(O)C(C)O1)C3=O,0,0,0,0,,
succinimide,,,,,Oc1ccc(O)[nH]1,0,0,0,0,,
tacalcitol,,,,,C=C1C(=CC=C2CCCC3(C)C2CCC3C(C)CCC(O)C(C)C)CC(O)CC1O,0,0,0,0,,
trimethyldiphenylpropylamine,,,,,CC(CC(c1ccccc1)c1ccccc1)N(C)C,0,0,0,0,,
tetragalacturonic acid hydroxymethylester,,,,,COC(=O)C1OC(OC2C(C(=O)OC)OC(OC3C(C(=O)OC)OC(OC4C(C(=O)OC)OC(O)C(O)C4O)C(O)C3O)C(O)C2O)C(O)C(O)C1O,0,0,0,0,,
tetramethrin,,,,,CC(C)=CC1C(C(=O)OCN2C(=O)C3=C(CCCC3)C2=O)C1(C)C,0,0,0,0,,
thioctic acid,,,,,O=C(O)CCCCC1CCSS1,0,0,0,0,,
ticlatone,,,,,O=c1[nH]sc2cc(Cl)ccc12,0,0,0,0,,
trimegestone,,,,,CC(=O)C(O)C1(C)CCC2C3=C(CCC21C)C1=C(CC3)CC(=O)CC1,0,0,0,0,,
etallobarbital,,,,,C=CCC1(CC)C(=O)NC(=O)NC1=O,0,0,0,0,,
biphenylol,,,,,Oc1ccccc1-c1ccccc1,0,0,0,0,,
dimethylaminopropionylphenothiazine,,,,,CC(C(=O)N1c2ccccc2Sc2ccccc21)N(C)C,0,0,0,0,,
dimethylcarbate,,,,,COC(=O)C1C2C=CC(C2)C1C(=O)OC,0,0,0,0,,
dimethylphthalate,,,,,COC(=O)c1ccccc1C(=O)OC,0,0,0,0,,
dipiperonylaminoethanol,,,,,OCCN(Cc1ccc2c(c1)OCO2)Cc1ccc2c(c1)OCO2,0,0,0,0,,
ethyl hydroxybenzoate,,,,,CCOC(=O)c1ccc(O)cc1,0,0,0,0,,
etohexadiol,,,,,CCCC(O)C(CC)CO,0,0,0,0,,
fluoromethylcholine (18F),,,,,C[N+](C)(CF)CCO,0,0,0,0,,
vilanterol,,,,,OCc1cc(C(O)CNCCCCCCOCCOCc2c(Cl)cccc2Cl)ccc1O,0,0,0,0,,
sequifenadine,,,,,Cc1ccccc1C(O)(c1ccccc1C)C1CN2CCC1CC2,0,0,0,0,,
seractide,,,,,CSCCC(NC(=O)C(CO)NC(=O)C(Cc1ccc(O)cc1)NC(=O)C(N)CO)C(=O)NC(CCC(=O)O)C(=O)NC(Cc1c[nH]cn1)C(=O)NC(Cc1ccccc1)C(=O)NC(CCCN=C(N)N)C(=O)NC(Cc1c[nH]c2ccccc12)C(=O)NCC(=O)NC(CCCCN)C(=O)N1CCCC1C(=O)NC(C(=O)NCC(=O)NC(CCCCN)C(=O)NC(CCCCN)C(=O)NC(CCCNC(=N)N)C(=O)NC(CCCNC(=N)N)C(=O)N1CCCC1C(=O)NC(C(=O)NC(CCCCN)C(=O)NC(C(=O)NC(Cc1ccc(O)cc1)C(=O)N1CCCC1C(=O)NC(CC(=O)O)C(=O)NC(C)C(=O)NCC(=O)NC(CCC(=O)O)C(=O)NC(CC(=O)O)C(=O)NC(CCC(N)=O)C(=O)NC(CO)C(=O)NC(C)C(=O)NC(CCC(=O)O)C(=O)NC(C)C(=O)NC(Cc1ccccc1)C(=O)N1CCCC1C(=O)NC(CC(C)C)C(=O)NC(CCC(=O)O)C(=O)NC(Cc1ccccc1)C(=O)O)C(C)C)C(C)C)C(C)C,0,0,0,0,,
afamelanotide,,,,,CCCCC(NC(=O)C(CO)NC(=O)C(Cc1ccc(O)cc1)NC(=O)C(CO)NC(C)=O)C(=O)NC(CCC(=O)O)C(=O)NC(Cc1c[nH]cn1)C(=O)NC(Cc1ccccc1)C(=O)NC(CCCN=C(N)N)C(=O)NC(Cc1c[nH]c2ccccc12)C(=O)NCC(=O)NC(CCCCN)C(=O)N1CCCC1C(=O)NC(C(N)=O)C(C)C,0,0,0,0,,
vorapaxar,,,,,CCOC(=O)NC1CCC2C(C1)CC1C(=O)OC(C)C1C2C=Cc1ccc(-c2cccc(F)c2)cn1,0,0,0,0,,
glycobiarsol,,,,,[O]=[Bi][O][As](=O)(O)c1ccc(NC(=O)CO)cc1,0,0,0,0,,
cridanimod,,,,,O=C(O)Cn1c2ccccc2c(=O)c2ccccc21,0,0,0,0,,
sodium thiosalicylate,,,,,O=C(O)c1ccccc1S,0,0,0,0,,
estrone sulphate,,,,,CC12CCC3c4ccc(OS(=O)(=O)O)cc4CCC3C1CCC2=O,0,0,0,0,,
corticorelin,,,,,CCC(C)C(NC(=O)C(NC(=O)C(CCC(=O)O)NC(=O)C(CCSC)NC(=O)C(CC(C)C)NC(=O)C(CCCCN)NC(=O)C(CCCN=C(N)N)NC(=O)C(CC(N)=O)NC(=O)C(CO)NC(=O)C(Cc1c[nH]cn1)NC(=O)C(C)NC(=O)C(CCC(N)=O)NC(=O)C(CCC(N)=O)NC(=O)C(C)NC(=O)C(CC(C)C)NC(=O)C(CCC(N)=O)NC(=O)C(CCC(=O)O)NC(=O)C(C)NC(=O)C(CCCNC(=N)N)NC(=O)C(C)NC(=O)C(CCSC)NC(=O)C(CCC(=O)O)NC(=O)C(CC(C)C)NC(=O)C(NC(=O)C(CCC(=O)O)NC(=O)C(CCCNC(=N)N)NC(=O)C(CC(C)C)NC(=O)C(CC(C)C)NC(=O)C(Cc1c[nH]cn1)NC(=O)C(Cc1ccccc1)NC(=O)C(NC(=O)C(CC(C)C)NC(=O)C(CC(=O)O)NC(=O)C(CC(C)C)NC(=O)C(CO)NC(=O)C(NC(=O)C1CCCN1C(=O)C1CCCN1C(=O)C(CCC(=O)O)NC(=O)C(CCC(=O)O)NC(=O)C(N)CO)C(C)CC)C(C)O)C(C)C)C(C)CC)C(N)=O,0,0,0,0,,
mebicar,,,,,CN1C(=O)N(C)C2C1N(C)C(=O)N2C,0,0,0,0,,
nicotinyl methylamide,,,,,CNC(=O)c1cccnc1,0,0,0,0,,
phenibut,,,,,NCC(CC(=O)O)c1ccccc1,0,0,0,0,,
tofogliflozin,,,,,CCc1ccc(Cc2ccc3c(c2)C2(OC3)OC(CO)C(O)C(O)C2O)cc1,0,0,0,0,,
tipiracil,,,,,N=C1CCCN1Cc1[nH]c(=O)[nH]c(=O)c1Cl,0,0,0,0,,
teneligliptin,,,,,Cc1cc(N2CCN(C3CNC(C(=O)N4CCSC4)C3)CC2)n(-c2ccccc2)n1,0,0,0,0,,
anagliptin,,,,,Cc1cc2ncc(C(=O)NCC(C)(C)NCC(=O)N3CCCC3C#N)cn2n1,0,0,0,0,,
fimasartan,,,,,CCCCc1nc(C)c(CC(=S)N(C)C)c(=O)n1Cc1ccc(-c2ccccc2-c2nn[nH]n2)cc1,0,0,0,0,,
brilliant Blue G,,,,,CCOc1ccc(Nc2ccc(C(=C3C=CC(=[N+](CC)Cc4cccc(S(=O)(=O)[O-])c4)C=C3C)c3ccc(N(CC)Cc4cccc(S(=O)(=O)[O-])c4)cc3C)cc2)cc1,0,0,0,0,,
ripasudil,,,,,CC1CNCCCN1S(=O)(=O)c1cccc2cncc(F)c12,0,0,0,0,,
vaniprevir,,,,,CCC1CC1(NC(=O)C1C2CCN1C(=O)C(C(C)(C)C)NC(=O)OCC(C)(C)CCCCc1cccc3c1CN(C3)C(=O)O2)C(=O)NS(=O)(=O)C1CC1,0,0,0,0,,
vonoprazan,,,,,CNCc1cc(-c2ccccc2F)n(S(=O)(=O)c2cccnc2)c1,0,0,0,0,,
mirodenafil,,,,,CCCOc1ccc(S(=O)(=O)N2CCN(CCO)CC2)cc1C1=NC(=O)C2C(N1)C(CCC)=CN2CC,0,0,0,0,,
ozenoxacin,,,,,CNc1ncc(-c2ccc3c(=O)c(C(=O)O)cn(C4CC4)c3c2C)cc1C,0,0,0,0,,
lusutrombopag,,,,,CCCCCCOC(C)c1cccc(-c2csc(NC(=O)c3cc(Cl)c(C=C(C)C(=O)O)c(Cl)c3)n2)c1OC,0,0,0,0,,
esflurbiprofen,,,,,CC(C(=O)O)c1ccc(-c2ccccc2)c(F)c1,0,0,0,0,,
lobeglitazone,,,,,COc1ccc(Oc2cc(N(C)CCOc3ccc(Cc4sc(=O)[nH]c4O)cc3)ncn2)cc1,0,0,0,0,,
nemonoxacin,,,,,COc1c(N2CC(C)CC(N)C2)ccc2c(=O)c(C(=O)O)cn(C3CC3)c12,0,0,0,0,,
arterolane,,,,,CC(C)(N)NC(=O)CC1CCC2(CC1)OOC1(O2)C2CC3CC(C2)CC1C3,0,0,0,0,,
hydracarbazine,,,,,NNc1ccc(C(N)=O)nn1,0,0,0,0,,
cytisine,,,,,O=c1cccc2n1CC1CNCC2C1,0,0,0,0,,
plecanatide,,,,,CC(C)CC(NC(=O)C1CSSCC2NC(=O)C(CC(C)C)NC(=O)C(CCC(=O)O)NC(=O)C(NC(=O)C(CCC(=O)O)NC(=O)C(CC(=O)O)NC(=O)C(N)CC(N)=O)CSSCC(NC(=O)C(C)NC(=O)C(C(C)C)NC(=O)C(CC(N)=O)NC(=O)C(C(C)C)NC2=O)C(=O)NC(C(C)O)C(=O)NCC(=O)N1)C(=O)O,0,0,0,0,,
abaloparatide,,,,,CCC(C)C(NC(=O)C(CO)NC(=O)C(CCCCN)NC(=O)CNC(=O)C(CCCCN)NC(=O)C(CC(=O)O)NC(=O)C(Cc1c[nH]cn1)NC(=O)C(CC(C)C)NC(=O)C(CC(C)C)NC(=O)C(CCC(N)=O)NC(=O)C(Cc1c[nH]cn1)NC(=O)C(CCC(=O)O)NC(=O)C(CO)NC(=O)C(NC(=O)C(C)N)C(C)C)C(=O)NC(CCC(N)=O)C(=O)NC(CC(=O)O)C(=O)NC(CC(C)C)C(=O)NC(CCCN=C(N)N)C(=O)NC(CCCNC(=N)N)C(=O)NC(CCCNC(=N)N)C(=O)NC(CCC(=O)O)C(=O)NC(CC(C)C)C(=O)NC(CC(C)C)C(=O)NC(CCC(=O)O)C(=O)NC(CCCCN)C(=O)NC(CC(C)C)C(=O)NC(CC(C)C)C(=O)NC(C)(C)C(=O)NC(CCCCN)C(=O)NC(CC(C)C)C(=O)NC(Cc1c[nH]cn1)C(=O)NC(C(=O)NC(C)C(N)=O)C(C)O,0,0,0,0,,
voxilaprevir,,,,,CCC1C2CN(C(=O)C(C(C)(C)C)NC(=O)OC3CC3CCCCC(F)(F)c3nc4ccc(OC)cc4nc3O2)C1C(=O)NC1(C(=O)NS(=O)(=O)C2(C)CC2)CC1C(F)F,0,0,0,0,,
glecaprevir,,,,,CC(C)(C)C1NC(=O)OC2CCCC2OCC=CC(F)(F)c2nc3ccccc3nc2OC2CC(C(=O)NC3(C(=O)NS(=O)(=O)C4(C)CC4)CC3C(F)F)N(C2)C1=O,0,0,0,0,,
butylphthalide,,,,,CCCCC1OC(=O)c2ccccc21,0,0,0,0,,
elexacaftor,,,,,Cc1nn(C)cc1S(=O)(=O)NC(=O)c1ccc(-n2ccc(OCC(C)(C)C(F)(F)F)n2)nc1N1CC(C)CC1(C)C,0,0,0,0,,
oliceridine,,,,,COc1ccsc1CNCCC1(c2ccccn2)CCOC2(CCCC2)C1,0,0,0,0,,
lonafarnib,,,,,NC(=O)N1CCC(CC(=O)N2CCC(C3c4ncc(Br)cc4CCc4cc(Cl)cc(Br)c43)CC2)CC1,0,0,0,0,,
setmelanotide,,,,,CC(=O)NC(CCCN=C(N)N)C(=O)NC1CSSCC(C(N)=O)NC(=O)C(Cc2c[nH]c3ccccc23)NC(=O)C(CCCN=C(N)N)NC(=O)C(Cc2ccccc2)NC(=O)C(Cc2c[nH]cn2)NC(=O)C(C)NC1=O,0,0,0,0,,
dotinurad,,,,,O=C(c1cc(Cl)c(O)c(Cl)c1)N1CS(=O)(=O)c2ccccc21,0,0,0,0,,
delgocitinib,,,,,CC1CN(C(=O)CC#N)C12CCN(c1ncnc3[nH]ccc13)C2,0,0,0,0,,
tirbanibulin,,,,,O=C(Cc1ccc(-c2ccc(OCCN3CCOCC3)cc2)cn1)NCc1ccccc1,0,0,0,0,,
cabotegravir,,,,,CC1COC2Cn3cc(C(=O)NCc4ccc(F)cc4F)c(=O)c(O)c3C(=O)N12,0,0,0,0,,
trilaciclib,,,,,CN1CCN(c2ccc(Nc3ncc4cc5n(c4n3)C3(CCCCC3)CNC5=O)nc2)CC1,0,0,0,0,,
fosdenopterin,,,,,Nc1nc(=O)c2c([nH]1)NC1OC3COP(=O)(O)OC3C(O)(O)C1N2,0,0,0,0,,
melphalan flufenamide,,,,,CCOC(=O)C(Cc1ccc(F)cc1)NC(=O)C(N)Cc1ccc(N(CCCl)CCCl)cc1,0,0,0,0,,
ponesimod,,,,,CCCN=C1SC(=Cc2ccc(OCC(O)CO)c(Cl)c2)C(=O)N1c1ccccc1C,0,0,0,0,,
dasiglucagon,,,,,CC(C)CC(NC(=O)C(Cc1c[nH]c2ccccc12)NC(=O)C(CCCCN)NC(=O)C(NC(=O)C(Cc1ccccc1)NC(=O)C(CCC(=O)O)NC(=O)C(CCC(=O)O)NC(=O)C(C)NC(=O)C(CCCN=C(N)N)NC(=O)C(C)NC(=O)C(C)(C)NC(=O)C(CC(=O)O)NC(=O)C(CC(C)C)NC(=O)C(Cc1ccc(O)cc1)NC(=O)C(CCCCN)NC(=O)C(CO)NC(=O)C(Cc1ccc(O)cc1)NC(=O)C(CC(=O)O)NC(=O)C(CO)NC(=O)C(NC(=O)C(Cc1ccccc1)NC(=O)C(NC(=O)CNC(=O)C(CCC(N)=O)NC(=O)C(CO)NC(=O)C(N)Cc1c[nH]cn1)C(C)O)C(C)O)C(C)C)C(=O)NC(CCC(=O)O)C(=O)NC(CO)C(=O)NC(C(=O)O)C(C)O,0,0,0,0,,
serdexmethylphenidate,,,,,COC(=O)C(c1ccccc1)C1CCCCN1C(=O)OC[n+]1cccc(C(=O)NC(CO)C(=O)[O-])c1,0,0,0,0,,
estetrol,,,,,CC12CCC3c4ccc(O)cc4CCC3C1C(O)C(O)C2O,0,0,0,0,,
piflufolastat F-18,,,,,O=C(O)CCC(NC(=O)NC(CCCCNC(=O)c1ccc(F)nc1)C(=O)O)C(=O)O,0,0,0,0,,
infigratinib,,,,,CCN1CCN(c2ccc(Nc3cc(N(C)C(=O)Nc4c(Cl)c(OC)cc(OC)c4Cl)ncn3)cc2)CC1,0,0,0,0,,
samidorphan,,,,,NC(=O)c1ccc2c(c1O)C13CCN(CC4CC4)C(C2)C1(O)CCC(=O)C3,0,0,0,0,,
