Drug_Name,SMILES,PubChem_ID,CID,CID_Source,score,status,PUG_View,Assay_Summary
Acepromazine,CC(=O)c1ccc2c(c1)N(CCCN(C)C)c1ccccc1S2,6077.0,6077.0,PubChem_ID,2,ok,2,0
Acetanilide,CC(=O)Nc1ccccc1,904.0,904.0,PubChem_ID,74,ok,74,0
Aconitine,CCN1CC2(COC)C(O)CC(OC)C34C5CC6(O)C(OC)C(O)C(OC(C)=O)(C5C6OC(=O)c5ccccc5)C(C(OC)C23)C14,245005.0,245005.0,PubChem_ID,13,ok,13,0
Acrylfentanyl,C=CC(=O)N(c1ccccc1)C1CCN(CCc2ccccc2)CC1,10314851.0,10314851.0,PubChem_ID,0,ok,0,0
Adenosine,Nc1ncnc2c1ncn2C1OC(CO)C(O)C1O,60961.0,60961.0,PubChem_ID,113,ok,113,0
Adenosine 5'-triphosphate,Nc1ncnc2c1ncn2C1OC(COP(=O)(O)OP(=O)(O)OP(=O)(O)O)C(O)C1O,5957.0,5957.0,PubChem_ID,9,ok,9,0
Afloqualone,Cc1ccccc1-n1c(CF)nc2ccc(N)cc2c1=O,2040.0,2040.0,PubChem_ID,1,ok,1,0
Ajmaline,CCC1C2CC3C4N(C)c5ccccc5C45CC(C2C5O)N3C1O,6100671.0,6100671.0,PubChem_ID,0,ok,0,0
Alginate,O=C(O)C1OC(O)C(O)C(O)C1O,91666324.0,91666324.0,PubChem_ID,0,ok,0,0
Aliskiren,COCCCOc1cc(CC(CC(N)C(O)CC(C(=O)NCC(C)(C)C(N)=O)C(C)C)C(C)C)ccc1OC,5493444.0,5493444.0,PubChem_ID,91,ok,91,0
Almitrine,C=CCNc1nc(NCC=C)nc(N2CCN(C(c3ccc(F)cc3)c3ccc(F)cc3)CC2)n1,33887.0,33887.0,PubChem_ID,0,ok,0,0
Alprazolam,Cc1nnc2n1-c1ccc(Cl)cc1C(c1ccccc1)=NC2,2118.0,2118.0,PubChem_ID,149,ok,149,0
Alprenolol,C=CCc1ccccc1OCC(O)CNC(C)C,2119.0,2119.0,PubChem_ID,4,ok,4,0
Amifostine,NCCCNCCSP(=O)(O)O,2141.0,2141.0,PubChem_ID,87,ok,87,0
Amikacin,NCCC(O)C(=O)NC1CC(N)C(OC2OC(CN)C(O)C(O)C2O)C(O)C1OC1OC(CO)C(O)C(N)C1O,37768.0,37768.0,PubChem_ID,139,ok,139,0
Amitraz,Cc1ccc(N=CN(C)C=Nc2ccc(C)cc2C)c(C)c1,36324.0,36324.0,PubChem_ID,2,ok,2,0
"Aniline, p-chloro-",Nc1ccc(Cl)cc1,7812.0,7812.0,PubChem_ID,189,ok,189,0
Articaine,CCCNC(C)C(=O)Nc1c(C)csc1C(=O)OC,32170.0,32170.0,PubChem_ID,1,ok,1,0
Bacitracin,CCC(C)C(N)C1=NC(C(=O)NC(CC(C)C)C(=O)NC(CCC(=O)O)C(=O)NC(C(=O)NC2CCCCNC(=O)C(CC(N)=O)NC(=O)C(CC(=O)O)NC(=O)C(Cc3c[nH]cn3)NC(=O)C(Cc3ccccc3)NC(=O)C(C(C)CC)NC(=O)C(CCCN)NC2=O)C(C)CC)CS1,10909430.0,10909430.0,PubChem_ID,130,ok,130,0
Baclofen,NCC(CC(=O)O)c1ccc(Cl)cc1,2284.0,2284.0,PubChem_ID,48,ok,48,0
Benazepril,CCOC(=O)C(CCc1ccccc1)NC1CCc2ccccc2N(CC(=O)O)C1=O,5362124.0,5362124.0,PubChem_ID,141,ok,141,0
Bendamustine,Cn1c(CCCC(=O)O)nc2cc(N(CCCl)CCCl)ccc21,65628.0,65628.0,PubChem_ID,83,ok,83,0
Bentazone,CC(C)N1C(=O)c2ccccc2NS1(=O)=O,2328.0,2328.0,PubChem_ID,190,ok,190,0
Benzalkonium chloride,CCCCCCCCCCCCC[N+](C)(C)Cc1ccccc1,3014024.0,3014024.0,PubChem_ID,155,ok,155,0
Benzonatate,CCCCNc1ccc(C(=O)OCCOCCOCCOCCOCCOCCOCCOCCOCCOC)cc1,7699.0,7699.0,PubChem_ID,40,ok,40,0
Benzonitrile,N#Cc1ccccc1,7505.0,7505.0,PubChem_ID,160,ok,160,0
Benzylbenzoate,O=C(OCc1ccccc1)c1ccccc1,2345.0,2345.0,PubChem_ID,183,ok,183,0
Betahistine,CNCCc1ccccn1,2366.0,2366.0,PubChem_ID,1,ok,1,0
Bezafibrate,CC(C)(Oc1ccc(CCNC(=O)c2ccc(Cl)cc2)cc1)C(=O)O,39042.0,39042.0,PubChem_ID,4,ok,4,0
Bisoprolol,CC(C)NCC(O)COc1ccc(COCCOC(C)C)cc1,2405.0,2405.0,PubChem_ID,137,ok,137,0
Bromadiolone,O=c1c(C(CC(O)c2ccc(-c3ccc(Br)cc3)cc2)c2ccccc2)c(O)oc2ccccc12,54680085.0,54680085.0,PubChem_ID,181,ok,181,0
"Butanediol (1,4-butanediol)",OCCCCO,8064.0,8064.0,PubChem_ID,148,ok,148,0
Butyrfentanyl,CCCC(=O)N(c1ccccc1)C1CCN(CCc2ccccc2)CC1,621174.0,621174.0,PubChem_ID,3,ok,3,0
Caffeine,Cn1c(=O)c2c(ncn2C)n(C)c1=O,2519.0,2519.0,PubChem_ID,384,ok,384,0
Camphor,CC12CCC(CC1=O)C2(C)C,2537.0,2537.0,PubChem_ID,142,ok,142,0
Candesartan,CCOc1nc2cccc(C(=O)O)c2n1Cc1ccc(-c2ccccc2-c2nn[nH]n2)cc1,2541.0,2541.0,PubChem_ID,117,ok,117,0
Cangrelor,CSCCNc1nc(SCCC(F)(F)F)nc2c1ncn2C1OC(COP(=O)(O)OP(=O)(O)C(Cl)(Cl)P(=O)(O)O)C(O)C1O,9854012.0,9854012.0,PubChem_ID,198,ok,198,0
Capsaicin,COc1cc(CNC(=O)CCCCC=CC(C)C)ccc1O,1548943.0,1548943.0,PubChem_ID,225,ok,225,0
Carbapenems,O=C(O)C1=CCC2CC(=O)N12,134085.0,134085.0,PubChem_ID,0,ok,0,0
Carbon dioxide (CO2),O=C=O,280.0,280.0,PubChem_ID,226,ok,226,0
Carisoprodol,CCCC(C)(COC(N)=O)COC(=O)NC(C)C,2576.0,2576.0,PubChem_ID,121,ok,121,0
Carteolol,CC(C)(C)NCC(O)COc1cccc2c1CCC(=O)N2,2583.0,2583.0,PubChem_ID,0,ok,0,0
Cefazolin,Cc1nnc(SCC2=C(C(=O)O)N3C(=O)C(NC(=O)Cn4cnnn4)C3SC2)s1,33255.0,33255.0,PubChem_ID,102,ok,102,0
,COC1(NC(O)=c2sc(=C(C(N)=O)C(=O)O)s2)C(=O)N2C(C(=O)O)=C(CSc3nnnn3C)CSC21,53025.0,53025.0,PubChem_ID,0,ok,0,0
Cefuroxime,CON=C(C(=O)NC1C(=O)N2C(C(=O)O)=C(COC(N)=O)CSC12)c1ccco1,5479529.0,5479529.0,PubChem_ID,41,ok,41,0
Cefuroxime axetil,CON=C(C(=O)NC1C(=O)N2C(C(=O)OC(C)OC(C)=O)=C(COC(N)=O)CSC12)c1ccco1,6321416.0,6321416.0,PubChem_ID,113,ok,113,0
Cisapride,COc1cc(N)c(Cl)cc1C(=O)NC1CCN(CCCOc2ccc(F)cc2)CC1OC,6917698.0,6917698.0,PubChem_ID,44,ok,44,0
Clenbuterol,CC(C)(C)NCC(O)c1cc(Cl)c(N)c(Cl)c1,2783.0,2783.0,PubChem_ID,5,ok,5,0
Clofarabine,Nc1nc(Cl)nc2c1ncn2C1OC(CO)C(O)C1F,119182.0,119182.0,PubChem_ID,10,ok,10,0
Clonazepam,O=C1CN=C(c2ccccc2Cl)c2cc([N+](=O)[O-])ccc2N1,2802.0,2802.0,PubChem_ID,178,ok,178,0
Clonidine,Clc1cccc(Cl)c1NC1=NCCN1,2803.0,2803.0,PubChem_ID,181,ok,181,0
Dasabuvir,COc1c(-c2ccc3cc(NS(C)(=O)=O)ccc3c2)cc(-n2ccc(=O)[nH]c2=O)cc1C(C)(C)C,56640146.0,56640146.0,PubChem_ID,0,ok,0,0
Daunorubicin,COc1cccc2c(O)c3c(c(O)c12)C(=O)C1=C(CC(O)(C(C)=O)CC1OC1CC(N)C(O)C(C)O1)C3=O,30323.0,30323.0,PubChem_ID,104,ok,104,0
Dexmedetomidine,Cc1cccc(C(C)c2c[nH]cn2)c1C,5311068.0,5311068.0,PubChem_ID,9,ok,9,0
Diacetylmorphine,CC(=O)Oc1ccc2c3c1OC1C(OC(C)=O)C=CC4C(C2)N(C)CCC341,5462328.0,5462328.0,PubChem_ID,216,ok,216,0
Diazepam,CN1C(=O)CN=C(c2ccccc2)c2cc(Cl)ccc21,3016.0,3016.0,PubChem_ID,390,ok,390,0
Diethylene glycol,OCCOCCO,8117.0,8117.0,PubChem_ID,124,ok,124,0
Difenacoum,O=c1c(C2CC(c3ccc(-c4ccccc4)cc3)Cc3ccccc32)c(O)oc2ccccc12,54676884.0,54676884.0,PubChem_ID,157,ok,157,0
Difluoroethane,CC(F)F,6368.0,6368.0,PubChem_ID,123,ok,123,0
Digoxin,CC1OC(OC2C(O)CC(OC3C(O)CC(OC4CCC5(C)C(CCC6C5CC(O)C5(C)C(C7=CC(=O)OC7)CCC65O)C4)OC3C)OC2C)CC(O)C1O,2724385.0,2724385.0,PubChem_ID,279,ok,279,0
Dihydrocodeine,COc1ccc2c3c1OC1C(O)CCC4C(C2)N(C)CCC341,5284543.0,5284543.0,PubChem_ID,3,ok,3,0
Dihydropyridine,C1=CCNC=C1,407038.0,407038.0,PubChem_ID,0,ok,0,0
Dimethylaminoethanol,CN(C)CCO,7902.0,7902.0,PubChem_ID,176,ok,176,0
Distigmine,CN(CCCCCCN(C)C(=O)Oc1ccc[n+](C)c1)C(=O)Oc1ccc[n+](C)c1,3116.0,3116.0,PubChem_ID,0,ok,0,0
Droperidol,O=C(CCCN1CC=C(n2c(=O)[nH]c3ccccc32)CC1)c1ccc(F)cc1,3168.0,3168.0,PubChem_ID,216,ok,216,0
Ecallantide,CCC(C)C1NC(=O)C(Cc2ccccc2)NC(=O)C(CCC(=O)O)NC(=O)C(CCC(=O)O)NC(=O)C2CSSCC3NC(=O)C(CCC(=O)O)NC(=O)C(CCC(=O)O)NC(=O)C(CC(C)C)NC(=O)C(CO)NC(=O)C(CCC(=O)O)NC(=O)C(Cc4ccccc4)NC(=O)C(CCCN=C(N)N)NC(=O)C(CC(N)=O)NC(=O)C(CCC(N)=O)NC(=O)C(CC(N)=O)NC(=O)CNC(=O)C(CCC(=O)O)NC(=O)C(CSSCC(NC(=O)C4CCCN4C(=O)CNC(=O)C(CC(=O)O)NC(=O)C(CC(=O)O)NC(=O)C(C)NC(=O)C(CCCCN)NC(=O)C(Cc4ccccc4)NC(=O)C(C)NC(=O)C(NC(=O)C(Cc4ccccc4)NC(=O)C(CO)NC(=O)C(Cc4cnc[nH]4)NC(=O)C(CCSC)NC(=O)C(C)NC(=O)C(N)CCC(=O)O)CSSCC(C(=O)NC(C(=O)NC(CCCNC(=N)N)C(=O)NC(CC(=O)O)C(=O)O)C(C)O)NC(=O)C(CCSC)NC(=O)C(CCCCN)NC(=O)C(CCCCN)NC3=O)C(=O)NC(CCCNC(=N)N)C(=O)NC(C)C(=O)NC(C)C(=O)NC(Cc3cnc[nH]3)C(=O)N3CCCC3C(=O)NC(CCCNC(=N)N)C(=O)NC(Cc3c[nH]c4ccccc34)C(=O)NC(Cc3ccccc3)C(=O)NC(Cc3ccccc3)C(=O)NC(CC(N)=O)C(=O)NC(C(C)CC)C(=O)NC(Cc3ccccc3)C(=O)NC(C(C)O)C(=O)NC(CCCNC(=N)N)C(=O)NC(CCC(N)=O)C(=O)N2)NC(=O)CNC(=O)CNC(=O)C(Cc2ccc(O)cc2)NC1=O,44152182.0,44152182.0,PubChem_ID,54,ok,54,0
Edoxaban,CN1CCc2nc(C(=O)NC3CC(C(=O)N(C)C)CCC3NC(=O)C(=O)Nc3ccc(Cl)cn3)sc2C1,10280735.0,10280735.0,PubChem_ID,115,ok,115,0
Elinogrel,CNc1cc2[nH]c(=O)n(-c3ccc(NC(=O)NS(=O)(=O)c4ccc(Cl)s4)cc3)c(=O)c2cc1F,16066663.0,16066663.0,PubChem_ID,0,ok,0,0
Eltrombopag,Cc1ccc(-n2[nH]c(C)c(N=Nc3cccc(-c4cccc(C(=O)O)c4)c3O)c2=O)cc1C,135449332.0,135449332.0,PubChem_ID,0,ok,0,0
Enalapril,CCOC(=O)C(CCc1ccccc1)NC(C)C(=O)N1CCCC1C(=O)O,5388962.0,5388962.0,PubChem_ID,221,ok,221,0
Encainide,COc1ccc(C(=O)Nc2ccccc2CCC2CCCCN2C)cc1,48041.0,48041.0,PubChem_ID,4,ok,4,0
Encorafenib (LGX818),COC(=O)NC(C)CNc1nccc(-c2cn(C(C)C)nc2-c2cc(Cl)cc(NS(C)(=O)=O)c2F)n1,50922675.0,50922675.0,PubChem_ID,2,ok,2,0
Erythritol,OCC(O)C(O)CO,222285.0,222285.0,PubChem_ID,220,ok,220,0
Erythromycin,CCC1OC(=O)C(C)C(OC2CC(C)(OC)C(O)C(C)O2)C(C)C(OC2OC(C)CC(N(C)C)C2O)C(C)(O)CC(C)C(=O)C(C)C(O)C1(C)O,12560.0,12560.0,PubChem_ID,198,ok,198,0
Esmolol,COC(=O)CCc1ccc(OCC(O)CNC(C)C)cc1,59768.0,59768.0,PubChem_ID,54,ok,54,0
Ethylphenidate,CCOC(=O)C(c1ccccc1)C1CCCCN1,3080846.0,3080846.0,PubChem_ID,0,ok,0,0
Ezetimibe,O=C1C(CCC(O)c2ccc(F)cc2)C(c2ccc(O)cc2)N1c1ccc(F)cc1,150311.0,150311.0,PubChem_ID,131,ok,131,0
Famotidine,N=C(CCSCc1csc(N=C(N)N)n1)NS(N)(=O)=O,5702160.0,5702160.0,PubChem_ID,94,ok,94,0
Favipiravir,NC(=O)c1nc(F)c[nH]c1=O,492405.0,492405.0,PubChem_ID,2,ok,2,0
Fenofibrate,CC(C)OC(=O)C(C)(C)Oc1ccc(C(=O)c2ccc(Cl)cc2)cc1,3339.0,3339.0,PubChem_ID,193,ok,193,0
Filgotinib,O=C(Nc1nc2cccc(-c3ccc(CN4CCS(=O)(=O)CC4)cc3)n2n1)C1CC1,49831257.0,49831257.0,PubChem_ID,1,ok,1,0
Flavopiridol,CN1CCC(c2c(O)cc(O)c3c(=O)cc(-c4ccccc4Cl)oc23)C(O)C1,5287969.0,5287969.0,PubChem_ID,0,ok,0,0
Flibanserin,O=c1[nH]c2ccccc2n1CCN1CCN(c2cccc(C(F)(F)F)c2)CC1,6918248.0,6918248.0,PubChem_ID,184,ok,184,0
Fluorodeoxyglucose,O=C(F)CC(O)C(O)C(O)CO,53716604.0,53716604.0,PubChem_ID,0,ok,0,0
Flupentixol,OCCN1CCN(CCC=C2c3ccccc3Sc3ccc(C(F)(F)F)cc32)CC1,5281881.0,5281881.0,PubChem_ID,20,ok,20,0
Flurbiprofen,CC(C(=O)O)c1ccc(-c2ccccc2)c(F)c1,3394.0,3394.0,PubChem_ID,21,ok,21,0
Fluticasone (inhaled - ICS),CC1CC2C3CC(F)C4=CC(=O)C=CC4(C)C3(F)C(O)CC2(C)C1(O)C(=O)SCF,5311101.0,5311101.0,PubChem_ID,84,ok,84,0
Folic acid,Nc1nc(=O)c2nc(CNc3ccc(C(=O)NC(CCC(=O)O)C(=O)O)cc3)cnc2[nH]1,135398658.0,135398658.0,PubChem_ID,161,ok,161,0
Formic acid,O=CO,284.0,284.0,PubChem_ID,177,ok,177,0
Fosphenytoin,O=C1NC(c2ccccc2)(c2ccccc2)C(=O)N1COP(=O)(O)O,56339.0,56339.0,PubChem_ID,119,ok,119,0
Furosemide,NS(=O)(=O)c1cc(C(=O)O)c(NCc2ccco2)cc1Cl,3440.0,3440.0,PubChem_ID,234,ok,234,0
Glucagon,CSCCC(NC(=O)C(CC(C)C)NC(=O)C(Cc1c[nH]c2ccccc12)NC(=O)C(CCC(N)=O)NC(=O)C(NC(=O)C(Cc1ccccc1)NC(=O)C(CC(=O)O)NC(=O)C(CCC(N)=O)NC(=O)C(C)NC(=O)C(CCCN=C(N)N)NC(=O)C(CCCNC(=N)N)NC(=O)C(CO)NC(=O)C(CC(=O)O)NC(=O)C(CC(C)C)NC(=O)C(Cc1ccc(O)cc1)NC(=O)C(CCCCN)NC(=O)C(CO)NC(=O)C(Cc1ccc(O)cc1)NC(=O)C(CC(=O)O)NC(=O)C(CO)NC(=O)C(NC(=O)C(Cc1ccccc1)NC(=O)C(NC(=O)CNC(=O)C(CCC(N)=O)NC(=O)C(CO)NC(=O)C(N)Cc1cnc[nH]1)C(C)O)C(C)O)C(C)C)C(=O)NC(CC(N)=O)C(=O)NC(C(=O)O)C(C)O,16132283.0,16132283.0,PubChem_ID,55,ok,55,0
Hexamethylmelamine,CN(C)c1nc(N(C)C)nc(N(C)C)n1,2123.0,2123.0,PubChem_ID,73,ok,73,0
Hirudin,CCC(C)C1NC(=O)C2CSSCC(NC(=O)C(CC(C)C)NC(=O)C3CSSCC(NC(=O)C(CC(=O)O)NC(=O)C(NC(=O)C(Cc4ccc(O)cc4)NC(=O)C(NC(=O)C(N)C(C)C)C(C)C)C(C)O)C(=O)NC(C(C)O)C(=O)NC(CCC(=O)O)C(=O)NC(CO)C(=O)NCC(=O)NC(CCC(N)=O)C(=O)NC(CC(N)=O)C(=O)NC(CC(C)C)C(=O)N3)C(=O)NC(CCC(=O)O)C(=O)NCC(=O)NC(CO)C(=O)NC(CC(N)=O)C(=O)NC(C(C)C)C(=O)NC(CSSCC(C(=O)NC(C(=O)NC(C(=O)NCC(=O)NC(CCC(=O)O)C(=O)NCC(=O)NC(C(=O)N3CCCC3C(=O)NC(CCCCN)C(=O)N3CCCC3C(=O)NC(CCC(N)=O)C(=O)NC(CO)C(=O)NC(Cc3c[nH]cn3)C(=O)NC(CC(N)=O)C(=O)NC(CC(=O)O)C(=O)NCC(=O)NC(CC(=O)O)C(=O)NC(Cc3ccccc3)C(=O)NC(CCC(=O)O)C(=O)NC(CCC(=O)O)C(=O)NC(C(=O)N3CCCC3C(=O)NC(CCC(=O)O)C(=O)NC(CCC(=O)O)C(=O)NC(Cc3ccc(OS(=O)(=O)O)cc3)C(=O)NC(CC(C)C)C(=O)NC(CCC(N)=O)C(=O)O)C(C)CC)C(C)O)C(C)O)C(C)C)NC(=O)C(CCC(N)=O)NC(=O)C(CC(N)=O)NC(=O)C(CCCCN)NC(=O)C(CCC(=O)O)NC(=O)CNC(=O)C(CC(=O)O)NC(=O)C(CO)NC(=O)CNC(=O)C(CC(C)C)NC1=O)C(=O)NCC(=O)NC(CCC(N)=O)C(=O)NCC(=O)NC(CC(N)=O)C(=O)NC(CCCCN)C(=O)N2,72941487.0,72941487.0,PubChem_ID,2,ok,2,0
Hydromorphone,CN1CCC23c4c5ccc(O)c4OC2C(=O)CCC3C1C5,5284570.0,5284570.0,PubChem_ID,283,ok,283,0
Ibogaine,CCC1CC2CC3c4[nH]c5ccc(OC)cc5c4CCN(C2)C13,197060.0,197060.0,PubChem_ID,146,ok,146,0
Idarubicin,CC(=O)C1(O)C=C2C(=O)c3c(c(O)c4ccccc4c3O)C(=O)C2C(OC2CC(N)C(O)C(C)O2)C1,42890.0,42890.0,PubChem_ID,0,ok,0,0
Iloperidone,COc1cc(C(C)=O)ccc1OCCCN1CCC(c2noc3cc(F)ccc23)CC1,71360.0,71360.0,PubChem_ID,223,ok,223,0
Imidacloprid,O=[N+]([O-])NC1=NCCN1Cc1ccc(Cl)nc1,86287518.0,86287518.0,PubChem_ID,159,ok,159,0
Isoflurane,FC(F)OC(Cl)C(F)(F)F,3763.0,3763.0,PubChem_ID,216,ok,216,0
Isopropylantipyrine,Cc1c(C(C)C)c(=O)n(-c2ccccc2)n1C,3778.0,3778.0,PubChem_ID,3,ok,3,0
Ixazomib,CC(C)CC(NC(=O)CNC(=O)c1cc(Cl)ccc1Cl)B(O)O,25183872.0,25183872.0,PubChem_ID,48,ok,48,0
Ketoprofen,CC(C(=O)O)c1cccc(C(=O)c2ccccc2)c1,3825.0,3825.0,PubChem_ID,9,ok,9,0
Ketorolac,O=C(c1ccccc1)c1ccc2n1CCC2C(=O)O,3826.0,3826.0,PubChem_ID,41,ok,41,0
Lacosamide,COCC(NC(C)=O)C(=O)NCc1ccccc1,219078.0,219078.0,PubChem_ID,8,ok,8,0
Landiolol,CC1(C)OCC(COC(=O)CCc2ccc(OCC(O)CNCCNC(=O)N3CCOCC3)cc2)O1,114905.0,114905.0,PubChem_ID,0,ok,0,0
Latanoprost,CC(C)OC(=O)CCCC=CCC1C(O)CC(O)C1CCC(O)CCc1ccccc1,5311221.0,5311221.0,PubChem_ID,48,ok,48,0
Levomepromazine,COc1ccc2c(c1)N(CC(C)CN(C)C)c1ccccc1S2,72287.0,72287.0,PubChem_ID,31,ok,31,0
Levonorgestrel,C#CC1(O)CCC2C3CC=C4CC(=O)CCC4C3CCC21CC,13109.0,13109.0,PubChem_ID,227,ok,227,0
Licorice,CC1(C(=O)O)CCC2(C)CCC3(C)C(=C2C1)CC(=O)C1C2(C)CCC(OC4OC(C(=O)O)C(O)C(O)C4OC4OC(C(=O)O)C(O)C(O)C4O)C(C)(C)C2CCC13C.[Zn],163463.0,163463.0,PubChem_ID,0,ok,0,0
Linagliptin,CC#CCn1c(N2CCCC(N)C2)nc2c1c(=O)n(Cc1nc(C)c3ccccc3n1)c(=O)n2C,10096344.0,10096344.0,PubChem_ID,122,ok,122,0
Linezolid,CC(=O)NCC1CN(c2ccc(N3CCOCC3)c(F)c2)C(=O)O1,441401.0,441401.0,PubChem_ID,178,ok,178,0
Loratadine,CCOC(=O)N1CCC(=C2c3ccc(Cl)cc3CCc3cccnc32)CC1,3957.0,3957.0,PubChem_ID,109,ok,109,0
Lorazepam,O=C1N=C(c2ccccc2Cl)c2cc(Cl)ccc2NC1O,3958.0,3958.0,PubChem_ID,66,ok,66,0
Lubiprostone,CCCCC(F)(F)C1(O)CCC2C(CC(=O)C2CCCCCCC(=O)O)O1,157920.0,157920.0,PubChem_ID,5,ok,5,0
MT-45,c1ccc(CC(c2ccccc2)N2CCN(C3CCCCC3)CC2)cc1,431865.0,431865.0,PubChem_ID,0,ok,0,0
Malachite green,CN(C)c1ccc(C(=C2C=CC(=[N+](C)C)C=C2)c2ccccc2)cc1,11294.0,11294.0,PubChem_ID,115,ok,115,0
Malathion,CCOC(=O)CC(SP(=S)(OC)OC)C(=O)OCC,4004.0,4004.0,PubChem_ID,335,ok,335,0
Masitinib,Cc1ccc(NC(=O)c2ccc(CN3CCN(C)CC3)cc2)cc1Nc1nc(-c2cccnc2)cs1,10074640.0,10074640.0,PubChem_ID,0,ok,0,0
Mephedrone,CNC(C)C(=O)c1ccc(C)cc1,45266826.0,45266826.0,PubChem_ID,79,ok,79,0
Mephenytoin,CCC1(c2ccccc2)NC(=O)N(C)C1=O,4060.0,4060.0,PubChem_ID,76,ok,76,0
Metaflumizone,N#Cc1ccc(CC(=NNC(=O)Nc2ccc(OC(F)(F)F)cc2)c2cccc(C(F)(F)F)c2)cc1,11614934.0,11614934.0,PubChem_ID,10,ok,10,0
Methohexital,C=CCC1(C(C)C#CCC)C(=O)NC(=O)N(C)C1=O,9034.0,9034.0,PubChem_ID,49,ok,49,0
Methoxetamine,CCNC1(c2cccc(OC)c2)CCCCC1=O,52911279.0,52911279.0,PubChem_ID,0,ok,0,0
Methyl chloride,CCl,6327.0,6327.0,PubChem_ID,200,ok,200,0
Methylone,CNC(C)C(=O)c1ccc2c(c1)OCO2,45789647.0,45789647.0,PubChem_ID,127,ok,127,0
Methylprednisolone,CC1=C2CC(=O)C=CC2(C)C2C(O)CC3(C)C(CCC3(O)C(=O)CO)C2C1,6741.0,6741.0,PubChem_ID,177,ok,177,0
Metoclopramide,CCN(CC)CCNC(=O)c1cc(Cl)c(N)cc1OC,4168.0,4168.0,PubChem_ID,184,ok,184,0
Miconazole,Clc1ccc(COC(Cn2ccnc2)c2ccc(Cl)cc2Cl)c(Cl)c1,4189.0,4189.0,PubChem_ID,11,ok,11,0
Midazolam,Cc1ncc2n1-c1ccc(Cl)cc1C(c1ccccc1F)=NC2,4192.0,4192.0,PubChem_ID,301,ok,301,0
Mitotane,Clc1ccc(C(c2ccccc2Cl)C(Cl)Cl)cc1,4211.0,4211.0,PubChem_ID,117,ok,117,0
Moxalactam,COC1(NC(=O)C(C(=O)O)c2ccc(O)cc2)C(=O)N2C(C(=O)O)=C(CSc3nnnn3C)COC21,47499.0,47499.0,PubChem_ID,0,ok,0,0
Moxidectin,CON=C1CC2(CC3CC(CC=C(C)CC(C)C=CC=C4COC5C(O)C(C)=CC(C(=O)O3)C45O)O2)OC(C(C)=CC(C)C)C1C,9832912.0,9832912.0,PubChem_ID,4,ok,4,0
Moxifloxacin,COc1c(N2CC3CCCNC3C2)c(F)cc2c(=O)c(C(=O)O)cn(C3CC3)c12,152946.0,152946.0,PubChem_ID,124,ok,124,0
Naftidrofuryl,CCN(CC)CCOC(=O)C(Cc1cccc2ccccc12)CC1CCCO1,4417.0,4417.0,PubChem_ID,8,ok,8,0
Nebivolol,OC(CNCC(O)C1CCc2cc(F)ccc2O1)C1CCc2cc(F)ccc2O1,71301.0,71301.0,PubChem_ID,39,ok,39,0
Neprilysin,O=C(O)CNC(=O)C(CS)Cc1ccccc1,3132.0,3132.0,PubChem_ID,0,ok,0,0
Nicorandil,O=C(NCCO[N+](=O)[O-])c1cccnc1,47528.0,47528.0,PubChem_ID,2,ok,2,0
Nitrazepam,O=C1CN=C(c2ccccc2)c2cc([N+](=O)[O-])ccc2N1,4506.0,4506.0,PubChem_ID,16,ok,16,0
Olmesartan,CCCc1nc(C(C)(C)O)c(C(=O)O)n1Cc1ccc(-c2ccccc2-c2nn[nH]n2)cc1,158781.0,158781.0,PubChem_ID,101,ok,101,0
Olsalazine,O=C(O)c1cc(N=Nc2ccc(O)c(C(=O)O)c2)ccc1O,22419.0,22419.0,PubChem_ID,0,ok,0,0
Omadacycline,CN(C)c1cc(CNCC(C)(C)C)c(O)c2c1CC1CC3C(N(C)C)C(=O)C(C(N)=O)C(=O)C3(O)C(=O)C1C2=O,54697325.0,54697325.0,PubChem_ID,0,ok,0,0
Omapatrilat,O=C(NC1CCSC2CCCC(C(=O)O)N2C1=O)C(S)Cc1ccccc1,656629.0,656629.0,PubChem_ID,1,ok,1,0
Oxaprozin,O=C(O)CCc1nc(-c2ccccc2)c(-c2ccccc2)o1,4614.0,4614.0,PubChem_ID,84,ok,84,0
Oxetorone,CN(C)CCC=C1c2ccccc2OCc2c1oc1ccccc21,36846.0,36846.0,PubChem_ID,0,ok,0,0
Oxymorphone,CN1CCC23c4c5ccc(O)c4OC2C(=O)CCC3(O)C1C5,5284604.0,5284604.0,PubChem_ID,111,ok,111,0
Para-dichlorobenzene,Clc1ccc(Cl)cc1,4685.0,4685.0,PubChem_ID,240,ok,240,0
Patent blue,CCN(CC)c1ccc(C(=C2C=CC(=[N+](CC)CC)C=C2)c2cc(O)c(S(=O)(=O)O)cc2S(=O)(=O)O)cc1,77074.0,77074.0,PubChem_ID,0,ok,0,0
Perampanel,N#Cc1ccccc1-c1cc(-c2ccccn2)cn(-c2ccccc2)c1=O,9924495.0,9924495.0,PubChem_ID,20,ok,20,0
Phenazopyridine,Nc1ccc(N=Nc2ccccc2)c(N)n1,4756.0,4756.0,PubChem_ID,0,ok,0,0
Phencyclidine,c1ccc(C2(N3CCCCC3)CCCCC2)cc1,6468.0,6468.0,PubChem_ID,82,ok,82,0
Phenobarbital,CCC1(c2ccccc2)C(=O)NC(=O)NC1=O,4763.0,4763.0,PubChem_ID,208,ok,208,0
Phenprocoumon,CCC(c1ccccc1)c1c(O)c2ccccc2oc1=O,54680692.0,54680692.0,PubChem_ID,70,ok,70,0
Pholcodine,CN1CCC23c4c5ccc(OCCN6CCOCC6)c4OC2C(O)C=CC3C1C5,5311356.0,5311356.0,PubChem_ID,4,ok,4,0
Piperazine,C1CNCCN1,4837.0,4837.0,PubChem_ID,259,ok,259,0
Pitavastatin,O=C(O)CC(O)CC(O)C=Cc1c(C2CC2)nc2ccccc2c1-c1ccc(F)cc1,5282452.0,5282452.0,PubChem_ID,136,ok,136,0
Pramipexole,CCCNC1CCc2nc(N)sc2C1,119570.0,119570.0,PubChem_ID,377,ok,377,0
Prasugrel,CC(=O)Oc1cc2c(s1)CCN(C(C(=O)C1CC1)c1ccccc1F)C2,6918456.0,6918456.0,PubChem_ID,124,ok,124,0
Prazosin,COc1cc2nc(N3CCN(C(=O)c4ccco4)CC3)nc(N)c2cc1OC,4893.0,4893.0,PubChem_ID,32,ok,32,0
Prednisone,CC12C=CC(=O)C=C1CCC1C2C(=O)CC2(C)C1CCC2(O)C(=O)CO,5865.0,5865.0,PubChem_ID,207,ok,207,0
Primidone,CCC1(c2ccccc2)C(=O)NCNC1=O,4909.0,4909.0,PubChem_ID,189,ok,189,0
Propafenone,CCCNCC(O)COc1ccccc1C(=O)CCc1ccccc1,4932.0,4932.0,PubChem_ID,92,ok,92,0
Propane,CCC,6334.0,6334.0,PubChem_ID,121,ok,121,0
Propanil,CCC(=O)Nc1ccc(Cl)c(Cl)c1,4933.0,4933.0,PubChem_ID,181,ok,181,0
Propanol,CCCO,1031.0,1031.0,PubChem_ID,97,ok,97,0
Propylene glycol,CC(O)CO,1030.0,1030.0,PubChem_ID,251,ok,251,0
Prostaglandins ,CCCCCC(C=CC1=C(CC=CCCCC(=O)OC)C(=O)CC1)OC(C)=O,6145931.0,6145931.0,PubChem_ID,36,ok,36,0
Psyllium,CCCCCCCCCCCCCCCCCCCCCCCCCCCCCCCCC(=O)O,181572.0,181572.0,PubChem_ID,1,ok,1,0
Pyrazinamide,NC(=O)c1cnccn1,1046.0,1046.0,PubChem_ID,85,ok,85,0
Pyribenzamine,c1ccc(CN(CCN2CC2)c2ccccn2)cc1,44370233.0,44370233.0,PubChem_ID,0,ok,0,0
Quinapril,CCOC(=O)C(CCc1ccccc1)NC(C)C(=O)N1Cc2ccccc2CC1C(=O)O,54892.0,54892.0,PubChem_ID,57,ok,57,0
Raltegravir,Cc1nnc(C(=O)NC(C)(C)c2nc(C(=O)NCc3ccc(F)cc3)c(O)c(=O)n2C)o1,54671008.0,54671008.0,PubChem_ID,79,ok,79,0
Ranitidine,CN=C(C[N+](=O)[O-])NCCSCc1ccc(CN(C)C)o1,3001055.0,3001055.0,PubChem_ID,94,ok,94,0
Ranolazine,COc1ccccc1OCC(O)CN1CCN(CC(=O)Nc2c(C)cccc2C)CC1,56959.0,56959.0,PubChem_ID,114,ok,114,0
Rapacuronium,C=CC[N+]1(C2CC3C4CCC5CC(OC(C)=O)C(N6CCCCC6)CC5(C)C4CCC3(C)C2OC(=O)CC)CCCCC1,5311399.0,5311399.0,PubChem_ID,0,ok,0,0
Remdesivir,CCC(CC)COC(=O)C(C)NP(=O)(OCC1OC(C#N)(c2ccc3c(N)ncnn23)C(O)C1O)Oc1ccccc1,121304016.0,121304016.0,PubChem_ID,44,ok,44,0
Remifentanil,CCC(=O)N(c1ccccc1)C1(C(=O)OC)CCN(CCC(=O)OC)CC1,60815.0,60815.0,PubChem_ID,143,ok,143,0
"Resorcinol (1, 3 benzenediol) (topical/systemic)",CC(c1ccccc1)c1ccc(O)cc1O,11171903.0,11171903.0,PubChem_ID,3,ok,3,0
Rifamycin SV,COC1C=COC2(C)Oc3c(C)c(O)c4c(O)c(cc(O)c4c3C2=O)NC(=O)C(C)=CC=CC(C)C(O)C(C)C(O)C(C)C(OC(C)=O)C1C,6324616.0,6324616.0,PubChem_ID,7,ok,7,0
Rivastigmine,CCN(C)C(=O)Oc1cccc(C(C)N(C)C)c1,77991.0,77991.0,PubChem_ID,38,ok,38,0
Sacubitril,CCOC(=O)C(C)CC(Cc1ccc(-c2ccccc2)cc1)NC(=O)CCC(=O)O,9811834.0,9811834.0,PubChem_ID,19,ok,19,0
Saxagliptin,N#CC1CC2CC2N1C(=O)C(N)C12CC3CC(CC(O)(C3)C1)C2,11243969.0,11243969.0,PubChem_ID,135,ok,135,0
Scopolamine,CN1C2CC(OC(=O)C(CO)c3ccccc3)CC1C1OC12,3000322.0,3000322.0,PubChem_ID,0,ok,0,0
Semaglutide,CCC(C)C(NC(=O)C(Cc1ccccc1)NC(=O)C(CCC(=O)O)NC(=O)C(CCCCNC(=O)COCCOCCNC(=O)COCCOCCNC(=O)CCC(NC(=O)CCCCCCCCCCCCCCCCC(=O)O)C(=O)O)NC(=O)C(C)NC(=O)C(C)NC(=O)C(CCC(N)=O)NC(=O)CNC(=O)C(CCC(=O)O)NC(=O)C(CC(C)C)NC(=O)C(Cc1ccc(O)cc1)NC(=O)C(CO)NC(=O)C(CO)NC(=O)C(NC(=O)C(CC(=O)O)NC(=O)C(CO)NC(=O)C(NC(=O)C(Cc1ccccc1)NC(=O)C(NC(=O)CNC(=O)C(CCC(=O)O)NC(=O)C(C)(C)NC(=O)C(N)Cc1c[nH]cn1)C(C)O)C(C)O)C(C)C)C(=O)NC(C)C(=O)NC(Cc1c[nH]c2ccccc12)C(=O)NC(CC(C)C)C(=O)NC(C(=O)NC(CCCNC(=N)N)C(=O)NCC(=O)NC(CCCNC(=N)N)C(=O)NCC(=O)O)C(C)C,56843331.0,56843331.0,PubChem_ID,59,ok,59,0
Spironolactone,CC(=O)SC1C=C2CC(=O)CCC2(C)C2CCC3(C)C(CCC34CCC(=O)O4)C12,5833.0,5833.0,PubChem_ID,160,ok,160,0
Strychnine,O=C1CC2OCC=C3CN4CCC56c7ccccc7N1C5C2C3CC46,441071.0,441071.0,PubChem_ID,348,ok,348,0
Sufentanil,CCC(=O)N(c1ccccc1)C1(COC)CCN(CCc2cccs2)CC1,41693.0,41693.0,PubChem_ID,148,ok,148,0
Thiosemicarbazone 3-aminopyridine-2-carboxaldehyde,NC(=S)NN=Cc1ncccc1N,9571836.0,9571836.0,PubChem_ID,2,ok,2,0
Tipepidine,CN1CCCC(=C(c2cccs2)c2cccs2)C1,5484.0,5484.0,PubChem_ID,0,ok,0,0
Tirofiban,CCCCS(=O)(=O)NC(Cc1ccc(OCCCCC2CCNCC2)cc1)C(=O)O,60947.0,60947.0,PubChem_ID,35,ok,35,0
Tolperisone,Cc1ccc(C(=O)C(C)CN2CCCCC2)cc1,5511.0,5511.0,PubChem_ID,1,ok,1,0
Tolvaptan,Cc1ccccc1C(=O)Nc1ccc(C(=O)N2CCCC(O)c3cc(Cl)ccc32)c(C)c1,216237.0,216237.0,PubChem_ID,141,ok,141,0
Trandolapril,CCOC(=O)C(CCc1ccccc1)NC(C)C(=O)N1C(C(=O)O)CC2CCCCC21,5484727.0,5484727.0,PubChem_ID,119,ok,119,0
Trifluoperazine,CN1CCN(CCCN2c3ccccc3Sc3ccc(C(F)(F)F)cc32)CC1,5566.0,5566.0,PubChem_ID,70,ok,70,0
Trimeperidine,CCC(=O)OC1(c2ccccc2)CC(C)N(C)CC1C,20055107.0,20055107.0,PubChem_ID,0,ok,0,0
Triptans,CC(C)C(C)(C)C,10044.0,10044.0,PubChem_ID,8,ok,8,0
U-47700,CN(C)C1CCCCC1N(C)C(=O)c1ccc(Cl)c(Cl)c1,71719125.0,71719125.0,PubChem_ID,59,ok,59,0
Valsartan,CCCCC(=O)N(Cc1ccc(-c2ccccc2-c2nn[nH]n2)cc1)C(C(=O)O)C(C)C,60846.0,60846.0,PubChem_ID,105,ok,105,0
Vernakalant,COc1ccc(CCOC2CCCCC2N2CCC(O)C2)cc1OC,9930049.0,9930049.0,PubChem_ID,1,ok,1,0
Vitamin D3,C=C1CCC(O)CC1=CC=C1CCCC2(C)C1CCC2C(C)CCCC(C)C,5280795.0,5280795.0,PubChem_ID,92,ok,92,0
Voriconazole,CC(c1ncncc1F)C(O)(Cn1cncn1)c1ccc(F)cc1F,71616.0,71616.0,PubChem_ID,10,ok,10,0
Xylitol,OCC(O)C(O)C(O)CO,6912.0,6912.0,PubChem_ID,0,ok,0,0
Yohimbine,COC(=O)C1C(O)CCC2CN3CCc4c([nH]c5ccccc45)C3CC21,8969.0,8969.0,PubChem_ID,5,ok,5,0
Zanamivir,CC(=O)NC1C(N=C(N)N)C=C(C(=O)O)OC1C(O)C(O)CO,60855.0,60855.0,PubChem_ID,46,ok,46,0
Zanubrutinib,C=CC(=O)N1CCC(C2CCNc3c(C(N)=O)c(-c4ccc(Oc5ccccc5)cc4)nn32)CC1,135565884.0,135565884.0,PubChem_ID,10,ok,10,0
Ziprasidone,Oc1cc2cc(CCN3CCN(c4nsc5ccccc45)CC3)c(Cl)cc2[nH]1,60854.0,60854.0,PubChem_ID,201,ok,201,0
Zoledronic acid,O=P(O)(O)C(O)(Cn1ccnc1)P(=O)(O)O,68740.0,68740.0,PubChem_ID,68,ok,68,0
Zomepirac,Cc1cc(CC(=O)O)n(C)c1C(=O)c1ccc(Cl)cc1,5733.0,5733.0,PubChem_ID,2,ok,2,0
Zonisamide,NS(=O)(=O)Cc1noc2ccccc12,5734.0,5734.0,PubChem_ID,173,ok,173,0
"5-tert-butyl-2-methyl-1,3-benzodioxole",CC1Oc2ccc(C(C)(C)C)cc2O1,135113.0,135113.0,PubChem_ID,0,ok,0,0
Abarelix,CC(=O)NC(Cc1ccc2ccccc2c1)C(=O)NC(Cc1ccc(Cl)cc1)C(=O)NC(Cc1cccnc1)C(=O)NC(CO)C(=O)N(C)C(Cc1ccc(O)cc1)C(=O)NC(CC(N)=O)C(=O)NC(CC(C)C)C(=O)NC(CCCCNC(C)C)C(=O)N1CCCC1C(=O)NC(C)C(N)=O,16131215.0,16131215.0,PubChem_ID,0,ok,0,0
Acamprosate,CC(=O)NCCCS(=O)(=O)O,71158.0,71158.0,PubChem_ID,42,ok,42,0
Acarbose,CC1OC(OC2C(CO)OC(OC3C(CO)OC(O)C(O)C3O)C(O)C2O)C(O)C(O)C1NC1C=C(CO)C(O)C(O)C1O,444254.0,444254.0,PubChem_ID,0,ok,0,0
Acetaminophen,CC(=O)Nc1ccc(O)cc1,1983.0,1983.0,PubChem_ID,403,ok,403,0
Acetyl sulfisoxazole,CC(=O)N(c1onc(C)c1C)S(=O)(=O)c1ccc(N)cc1,6662.0,6662.0,PubChem_ID,0,ok,0,0
Acetylcysteine,CC(=O)NC(CS)C(=O)O,12035.0,12035.0,PubChem_ID,149,ok,149,0
Acetylsalicylic acid,CC(=O)Oc1ccccc1C(=O)O,2244.0,2244.0,PubChem_ID,299,ok,299,0
Acipimox,Cc1cnc(C(=O)O)c[n+]1[O-],5310993.0,5310993.0,PubChem_ID,1,ok,1,0
Activated charcoal,[C],5462310.0,5462310.0,PubChem_ID,121,ok,121,0
Adefovir dipivoxil,CC(C)(C)C(=O)OCOP(=O)(COCCn1cnc2c(N)ncnc21)OCOC(=O)C(C)(C)C,60871.0,60871.0,PubChem_ID,3,ok,3,0
Agomelatine,COc1ccc2cccc(CCNC(C)=O)c2c1,82148.0,82148.0,PubChem_ID,2,ok,2,0
Albendazole,CCCSc1ccc2[nH]c(NC(=O)OC)nc2c1,2082.0,2082.0,PubChem_ID,104,ok,104,0
Albiglutide,CCC(C)C(NC(=O)C(Cc1ccccc1)NC(=O)C(CCC(=O)O)NC(=O)C(CCCCN)NC(=O)C(C)NC(=O)C(C)NC(=O)C(CCC(N)=O)NC(=O)CNC(=O)C(CCC(=O)O)NC(=O)C(CC(C)C)NC(=O)C(Cc1ccc(O)cc1)NC(=O)C(CO)NC(=O)C(CO)NC(=O)C(NC(=O)C(CC(=O)O)NC(=O)C(CO)NC(=O)C(NC(=O)C(Cc1ccccc1)NC(=O)C(NC(=O)CNC(=O)C(CCC(=O)O)NC(=O)CNC(=O)C(N)Cc1c[nH]cn1)C(C)O)C(C)O)C(C)C)C(=O)NC(C)C(=O)NC(Cc1c[nH]c2ccccc12)C(=O)NC(CC(C)C)C(=O)NC(C(=O)NC(CCCCN)C(=O)NCC(=O)NC(CCCNC(=N)N)C(N)=O)C(C)C,145994868.0,145994868.0,PubChem_ID,0,ok,0,0
Alcaftadine,CN1CCC(=C2c3ccccc3CCn3c(C=O)cnc32)CC1,19371515.0,19371515.0,PubChem_ID,1,ok,1,0
Alfacalcidol,C=C1C(=CC=C2CCCC3(C)C2CCC3C(C)CCCC(C)C)CC(O)CC1O,5282181.0,5282181.0,PubChem_ID,1,ok,1,0
Alfentanil,CCC(=O)N(c1ccccc1)C1(COC)CCN(CCn2nnn(CC)c2=O)CC1,51263.0,51263.0,PubChem_ID,223,ok,223,0
Alfuzosin,COc1cc2nc(N(C)CCCNC(=O)C3CCCO3)nc(N)c2cc1OC,2092.0,2092.0,PubChem_ID,63,ok,63,0
Almotriptan,CN(C)CCc1c[nH]c2ccc(CS(=O)(=O)N3CCCC3)cc12,123606.0,123606.0,PubChem_ID,12,ok,12,0
Alosetron,Cc1[nH]cnc1CN1CCc2c(c3ccccc3n2C)C1=O,2099.0,2099.0,PubChem_ID,34,ok,34,0
Ambenonium chloride,CC[N+](CC)(CCNC(=O)C(=O)NCC[N+](CC)(CC)Cc1ccccc1Cl)Cc1ccccc1Cl,8288.0,8288.0,PubChem_ID,40,ok,40,0
Aminohippuric acid,Nc1ccc(C(=O)NCC(=O)O)cc1,2148.0,2148.0,PubChem_ID,17,ok,17,0
Aminolevulinic acid,NCC(=O)CCC(=O)O,137.0,137.0,PubChem_ID,16,ok,16,0
Amlexanox,CC(C)c1ccc2oc3nc(N)c(C(=O)O)cc3c(=O)c2c1,2161.0,2161.0,PubChem_ID,1,ok,1,0
Amobarbital,CCC1(CCC(C)C)C(=O)NC(=O)NC1=O,2164.0,2164.0,PubChem_ID,151,ok,151,0
Amphotericin b,CC1C=CC=CC=CC=CC=CC=CC=CC(OC2OC(C)C(O)C(N)C2O)CC2OC(O)(CC(O)CC(O)C(O)CCC(O)CC(O)CC(=O)OC(C)C(C)C1O)CC(O)C2C(=O)O,14956.0,14956.0,PubChem_ID,0,ok,0,0
Amprenavir,CC(C)CN(CC(O)C(Cc1ccccc1)NC(=O)OC1CCOC1)S(=O)(=O)c1ccc(N)cc1,65016.0,65016.0,PubChem_ID,85,ok,85,0
Amsacrine,COc1cc(NS(C)(=O)=O)ccc1Nc1c2ccccc2nc2ccccc12,2179.0,2179.0,PubChem_ID,97,ok,97,0
Anileridine,CCOC(=O)C1(c2ccccc2)CCN(CCc2ccc(N)cc2)CC1,8944.0,8944.0,PubChem_ID,68,ok,68,0
Apomorphine,CN1CCc2cccc3c2C1Cc1ccc(O)c(O)c1-3,6005.0,6005.0,PubChem_ID,114,ok,114,0
Apraclonidine,Nc1cc(Cl)c(NC2=NCCN2)c(Cl)c1,2216.0,2216.0,PubChem_ID,1,ok,1,0
Apremilast,CCOc1cc(C(CS(C)(=O)=O)N2C(=O)c3cccc(NC(C)=O)c3C2=O)ccc1OC,10151715.0,10151715.0,PubChem_ID,0,ok,0,0
Aprepitant,CC(OC1OCCN(Cc2n[nH]c(=O)[nH]2)C1c1ccc(F)cc1)c1cc(C(F)(F)F)cc(C(F)(F)F)c1,135413536.0,135413536.0,PubChem_ID,51,ok,51,0
Argatroban,CC1CNc2c(cccc2S(=O)(=O)NC(CCCN=C(N)N)C(=O)N2CCC(C)CC2C(=O)O)C1,92722.0,92722.0,PubChem_ID,95,ok,95,0
Arginine,N=C(N)NCCCC(N)C(=O)O,6322.0,6322.0,PubChem_ID,45,ok,45,0
Aripiprazole lauroxil,CCCCCCCCCCCC(=O)OCN1C(=O)CCc2ccc(OCCCCN3CCN(c4cccc(Cl)c4Cl)CC3)cc21,49831411.0,49831411.0,PubChem_ID,4,ok,4,0
Ascorbic acid,OCC(O)c1oc(O)c(O)c1O,54670067.0,54670067.0,PubChem_ID,204,ok,204,0
Asenapine,CN1CC2c3ccccc3Oc3ccc(Cl)cc3C2C1,9903970.0,9903970.0,PubChem_ID,0,ok,0,0
Atazanavir,COC(=O)NC(C(=O)NC(Cc1ccccc1)C(O)CN(Cc1ccc(-c2ccccn2)cc1)NC(=O)C(NC(=O)OC)C(C)(C)C)C(C)(C)C,148192.0,148192.0,PubChem_ID,96,ok,96,0
Atovaquone,Oc1c(C2=CCC(c3ccc(Cl)cc3)CC2)c(O)c2ccccc2c1O,74989.0,74989.0,PubChem_ID,1,ok,1,0
Sodium aurothiomalate,O=C([O-])CC([S-])C(=O)[O-].[Au+],22318.0,22318.0,PubChem_ID,82,ok,82,0
Aminosalicylic acid,Nc1ccc(C(=O)O)c(O)c1,4649.0,4649.0,PubChem_ID,73,ok,73,0
Avanafil,COc1ccc(CNc2nc(N3CCCC3CO)ncc2C(=O)NCc2ncccn2)cc1Cl,9869929.0,9869929.0,PubChem_ID,10,ok,10,0
Avapritinib,Cn1cc(-c2cc3c(N4CCN(c5ncc(C(C)(N)c6ccc(F)cc6)cn5)CC4)ncnn3c2)cn1,118023034.0,118023034.0,PubChem_ID,8,ok,8,0
Avatrombopag,O=C(Nc1nc(-c2cc(Cl)cs2)c(N2CCN(C3CCCCC3)CC2)s1)c1cnc(N2CCC(C(=O)O)CC2)c(Cl)c1,9852519.0,9852519.0,PubChem_ID,0,ok,0,0
Azelaic acid,O=C(O)CCCCCCCC(=O)O,2266.0,2266.0,PubChem_ID,101,ok,101,0
Azelastine,CN1CCCC(n2nc(Cc3ccc(Cl)cc3)c3ccccc3c2=O)CC1,2267.0,2267.0,PubChem_ID,58,ok,58,0
Azilsartan,CCOc1nc2cccc(C(=O)O)c2n1Cc1ccc(-c2ccccc2-c2nc(=O)o[nH]2)cc1,135415867.0,135415867.0,PubChem_ID,127,ok,127,0
Azilsartan kamedoxomil,CCOc1nc2cccc(C(=O)OCc3oc(=O)oc3C)c2n1Cc1ccc(-c2ccccc2-c2noc(=O)[n-]2)cc1,23699544.0,23699544.0,PubChem_ID,3,ok,3,0
Azilsartan medoxomil,CCOc1nc2cccc(C(=O)OCc3oc(=O)oc3C)c2n1Cc1ccc(-c2ccccc2-c2nc(=O)o[nH]2)cc1,135409642.0,135409642.0,PubChem_ID,0,ok,0,0
Aztreonam,CC1C(=NC(=O)C(NOC(C)(C)C(=O)O)c2csc(N)n2)C(=O)N1S(=O)(=O)O,2274.0,2274.0,PubChem_ID,0,ok,0,0
Baloxavir marboxil,COC(=O)OCOc1c2n(ccc1=O)N(C1c3ccccc3SCc3c1ccc(F)c3F)C1COCCN1C2=O,124081896.0,124081896.0,PubChem_ID,3,ok,3,0
Balsalazide disodium,O=C([O-])CCNC(=O)c1ccc(N=Nc2ccc([O-])c(C(=O)O)c2)cc1,135413496.0,135413496.0,PubChem_ID,0,ok,0,0
Beclomethasone 17-monopropionate,CCC(=O)OC1(C(=O)CO)C(C)CC2C3CC=C4CC(=O)C=CC4(C)C3(Cl)C(O)CC21C,62965.0,62965.0,PubChem_ID,2,ok,2,0
Beclomethasone dipropionate,CCC(=O)OCC(=O)C1(OC(=O)CC)C(C)CC2C3CC=C4CC(=O)C=CC4(C)C3(Cl)C(O)CC21C,21700.0,21700.0,PubChem_ID,3,ok,3,0
Bedaquiline,COc1nc2ccc(Br)cc2cc1C(c1ccccc1)C(O)(CCN(C)C)c1cccc2ccccc12,5388906.0,5388906.0,PubChem_ID,89,ok,89,0
Belinostat,O=S(=O)(Nc1ccccc1)c1cccc(C=CC(O)=NO)c1,6918638.0,6918638.0,PubChem_ID,7,ok,7,0
Belumosudil,CC(C)NC(=O)COc1cccc(-c2nc(Nc3ccc4[nH]ncc4c3)c3ccccc3n2)c1,11950170.0,11950170.0,PubChem_ID,6,ok,6,0
Bempedoic acid,CC(C)(CCCCCC(O)CCCCCC(C)(C)C(=O)O)C(=O)O,10472693.0,10472693.0,PubChem_ID,112,ok,112,0
Benazeprilat,O=C(O)CN1C(=O)C(NC(CCc2ccccc2)C(=O)O)CCc2ccccc21,5463984.0,5463984.0,PubChem_ID,0,ok,0,0
Bendroflumethiazide,NS(=O)(=O)c1cc2c(cc1C(F)(F)F)NC(Cc1ccccc1)NS2(=O)=O,2315.0,2315.0,PubChem_ID,58,ok,58,0
Benzocaine,CCOC(=O)c1ccc(N)cc1,2337.0,2337.0,PubChem_ID,127,ok,127,0
Benzoyl peroxide,O=C(OOC(=O)c1ccccc1)c1ccccc1,7187.0,7187.0,PubChem_ID,261,ok,261,0
Benztropine,CN1C2CCC1CC(OC(c1ccccc1)c1ccccc1)C2,1201549.0,1201549.0,PubChem_ID,4,ok,4,0
Benzydamine,CN(C)CCCOc1nn(Cc2ccccc2)c2ccccc12,12555.0,12555.0,PubChem_ID,3,ok,3,0
Benzylpenicilloyl g,CC1(C)SC(C(NC(=O)Cc2ccccc2)C(=O)NCCCCCC(=O)O)NC1C(=O)O,119212.0,119212.0,PubChem_ID,0,ok,0,0
Bepotastine,O=C(O)CCCN1CCC(OC(c2ccc(Cl)cc2)c2ccccn2)CC1,164522.0,164522.0,PubChem_ID,6,ok,6,0
Betaine,C[N+](C)(C)CC(=O)[O-],247.0,247.0,PubChem_ID,60,ok,60,0
Betiatide,O=C(O)CNC(=O)CNC(=O)CNC(=O)CSC(=O)c1ccccc1,185457.0,185457.0,PubChem_ID,0,ok,0,0
Bexarotene,C=C(c1ccc(C(=O)O)cc1)c1cc2c(cc1C)C(C)(C)CCC2(C)C,82146.0,82146.0,PubChem_ID,52,ok,52,0
Biguanide,N=C(N)N=C(N)N,5939.0,5939.0,PubChem_ID,0,ok,0,0
Bilastine,CCOCCn1c(C2CCN(CCc3ccc(C(C)(C)C(=O)O)cc3)CC2)nc2ccccc21,185460.0,185460.0,PubChem_ID,1,ok,1,0
Bimatoprost,CCNC(=O)CCCC=CCC1C(O)CC(O)C1C=CC(O)CCc1ccccc1,5311027.0,5311027.0,PubChem_ID,2,ok,2,0
Bisacodyl,CC(=O)Oc1ccc(C(c2ccc(OC(C)=O)cc2)c2ccccn2)cc1,2391.0,2391.0,PubChem_ID,95,ok,95,0
Boceprevir,CC(C)(C)NC(=O)NC(C(=O)N1CC2C(C1C(=O)NC(CC1CCC1)C(=O)C(N)=O)C2(C)C)C(C)(C)C,10324367.0,10324367.0,PubChem_ID,103,ok,103,0
Bretylium,CC[N+](C)(C)Cc1ccccc1Br,2431.0,2431.0,PubChem_ID,0,ok,0,0
Brexpiprazole,O=c1ccc2ccc(OCCCCN3CCN(c4cccc5sccc45)CC3)cc2[nH]1,11978813.0,11978813.0,PubChem_ID,9,ok,9,0
Brimonidine,Brc1c(NC2=NCCN2)ccc2nccnc12,2435.0,2435.0,PubChem_ID,4,ok,4,0
Brinzolamide,CCNC1CN(CCCOC)S(=O)(=O)c2sc(S(N)(=O)=O)cc21,68844.0,68844.0,PubChem_ID,1,ok,1,0
Brivaracetam,CCCC1CC(=O)N(C(CC)C(N)=O)C1,9837243.0,9837243.0,PubChem_ID,8,ok,8,0
Bromazepam,O=C1CN=C(c2ccccn2)c2cc(Br)ccc2N1,2441.0,2441.0,PubChem_ID,6,ok,6,0
Bromfenac,Nc1c(CC(=O)O)cccc1C(=O)c1ccc(Br)cc1,60726.0,60726.0,PubChem_ID,1,ok,1,0
Bromhexine,CN(Cc1cc(Br)cc(Br)c1N)C1CCCCC1,2442.0,2442.0,PubChem_ID,3,ok,3,0
Budesonide,CCCC1OC2CC3C4CC=C5CC(=O)C=CC5(C)C4C(O)CC3(C)C2(C(=O)CO)O1,5281004.0,5281004.0,PubChem_ID,271,ok,271,0
Bupropion,CC(NC(C)(C)C)C(=O)c1cccc(Cl)c1,444.0,444.0,PubChem_ID,265,ok,265,0
Buspirone,O=C1CC2(CCCC2)CC(=O)N1CCCCN1CCN(c2ncccn2)CC1,2477.0,2477.0,PubChem_ID,31,ok,31,0
Butabarbital,CCC(C)C1(CC)C(=O)NC(=O)NC1=O,2479.0,2479.0,PubChem_ID,57,ok,57,0
Butorphanol,Oc1ccc2c(c1)C13CCCCC1(O)C(C2)N(CC1CCC1)CC3,5361092.0,5361092.0,PubChem_ID,8,ok,8,0
Butylscopolamine bromide,CCCC[N+]1(C)C2CC(OC(=O)C(CO)c3ccccc3)CC1C1OC12,656587.0,656587.0,PubChem_ID,0,ok,0,0
Calcifediol,C=C1CCC(O)CC1=CC=C1CCCC2(C)C1CCC2C(C)CCCC(C)(C)O,5283731.0,5283731.0,PubChem_ID,22,ok,22,0
Calcitonin,CC(C)CC(NC(=O)C(CCCCN)NC(=O)CNC(=O)C(CC(C)C)NC(=O)C(NC(=O)C1CSSCC(N)C(=O)NC(CO)C(=O)NC(CC(N)=O)C(=O)NC(CC(C)C)C(=O)NC(CO)C(=O)NC(C(C)O)C(=O)N1)C(C)C)C(=O)NC(CO)C(=O)NC(CCC(N)=O)C(=O)NC(CCC(=O)O)C(=O)NC(CC(C)C)C(=O)NC(Cc1c[nH]cn1)C(=O)NC(CCCCN)C(=O)NC(CC(C)C)C(=O)NC(CCC(N)=O)C(=O)NC(C(=O)NC(Cc1ccc(O)cc1)C(=O)N1CCCC1C(=O)NC(CCCNC(=N)N)C(=O)NC(C(=O)NC(CC(N)=O)C(=O)NC(C(=O)NCC(=O)NC(CO)C(=O)NCC(=O)NC(C(=O)N1CCCC1C(N)=O)C(C)O)C(C)O)C(C)O)C(C)O,16220016.0,16220016.0,PubChem_ID,2,ok,2,0
Calcitonin (salmon),CC(C)CC(NC(=O)C(CCCCN)NC(=O)CNC(=O)C(CC(C)C)NC(=O)C(NC(=O)C1CSSCC(N)C(=O)NC(CO)C(=O)NC(CC(N)=O)C(=O)NC(CC(C)C)C(=O)NC(CO)C(=O)NC(C(C)O)C(=O)N1)C(C)C)C(=O)NC(CO)C(=O)NC(CCC(N)=O)C(=O)NC(CCC(=O)O)C(=O)NC(CC(C)C)C(=O)NC(Cc1c[nH]cn1)C(=O)NC(CCCCN)C(=O)NC(CC(C)C)C(=O)NC(CCC(N)=O)C(=O)NC(C(=O)NC(Cc1ccc(O)cc1)C(=O)N1CCCC1C(=O)NC(CCCN=C(N)N)C(=O)NC(C(=O)NC(CC(N)=O)C(=O)NC(C(=O)NCC(=O)NC(CO)C(=O)NCC(=O)NC(C(=O)N1CCCC1C(N)=O)C(C)O)C(C)O)C(C)O)C(C)O,16133812.0,16133812.0,PubChem_ID,0,ok,0,0
Calcitriol,C=C1C(=CC=C2CCCC3(C)C2CCC3C(C)CCCC(C)(C)O)CC(O)CC1O,5280453.0,5280453.0,PubChem_ID,201,ok,201,0
Canagliflozin,Cc1ccc(C2OC(CO)C(O)C(O)C2O)cc1Cc1ccc(-c2ccc(F)cc2)s1,24812758.0,24812758.0,PubChem_ID,188,ok,188,0
Cannabidiol,C=C(C)C1CCC(C)=CC1c1c(O)cc(CCCCC)cc1O,644019.0,644019.0,PubChem_ID,11,ok,11,0
Capromab pendetide,Nc1nc(=O)c2ncn(C3OC(COP(=O)(O)O)C(OP(=O)(O)O)C3O)c2[nH]1,135509147.0,135509147.0,PubChem_ID,0,ok,0,0
Carbachol,C[N+](C)(C)CCOC(N)=O,5831.0,5831.0,PubChem_ID,52,ok,52,0
Carbidopa,CC(Cc1ccc(O)c(O)c1)(NN)C(=O)O,34359.0,34359.0,PubChem_ID,20,ok,20,0
Carbinoxamine,CN(C)CCOC(c1ccc(Cl)cc1)c1ccccn1,2564.0,2564.0,PubChem_ID,10,ok,10,0
Carbonic acid,O=C(O)O,767.0,767.0,PubChem_ID,5,ok,5,0
Carglumic acid,NC(=O)NC(CCC(=O)O)C(=O)O,121396.0,121396.0,PubChem_ID,9,ok,9,0
Cariprazine,CN(C)C(=O)NC1CCC(CCN2CCN(c3cccc(Cl)c3Cl)CC2)CC1,11154555.0,11154555.0,PubChem_ID,0,ok,0,0
Carmustine,O=NN(CCCl)C(=O)NCCCl,2578.0,2578.0,PubChem_ID,116,ok,116,0
Caspofungin,CCC(C)CC(C)CCCCCCCCC(=O)NC1CC(O)C(NCCN)NC(=O)C2C(O)CCN2C(=O)C(C(O)CCN)NC(=O)C(C(O)C(O)c2ccc(O)cc2)NC(=O)C2CC(O)CN2C(=O)C(C(C)O)NC1=O,2826718.0,2826718.0,PubChem_ID,0,ok,0,0
Cefaclor,NC(C(=O)NC1C(=O)N2C(C(=O)O)=C(Cl)CSC12)c1ccccc1,51039.0,51039.0,PubChem_ID,4,ok,4,0
Cefadroxil,CC1=C(C(=O)O)N2C(=O)C(NC(=O)C(N)c3ccc(O)cc3)C2SC1,47965.0,47965.0,PubChem_ID,2,ok,2,0
Cefdinir,C=CC1=C(C(=O)O)N2C(=O)C(NC(=O)C(=NO)c3csc(N)n3)C2SC1,6915944.0,6915944.0,PubChem_ID,4,ok,4,0
Cefditoren pivoxil,CON=C(C(=O)NC1C(=O)N2C(C(=O)OCOC(=O)C(C)(C)C)=C(C=Cc3scnc3C)CSC12)c1csc(N)n1,16667736.0,16667736.0,PubChem_ID,0,ok,0,0
Cefepime,CON=C(C(=O)NC1C(=O)N2C(C(=O)[O-])=C(C[N+]3(C)CCCC3)CSC12)c1csc(N)n1,5479537.0,5479537.0,PubChem_ID,25,ok,25,0
Cefixime,C=CC1=C(C(=O)O)N2C(=O)C(=NC(=O)C(NOCC(=O)O)c3csc(N)n3)C2SC1,5362065.0,5362065.0,PubChem_ID,4,ok,4,0
Cefotaxime,CON=C(C(=O)NC1C(=O)N2C(C(=O)O)=C(COC(C)=O)CSC12)c1csc(N)n1,5742673.0,5742673.0,PubChem_ID,18,ok,18,0
Cefoxitin,COC1(NC(=O)Cc2cccs2)C(=O)N2C(C(=O)O)=C(COC(N)=O)CSC21,441199.0,441199.0,PubChem_ID,2,ok,2,0
Cefprozil,CC=CC1=C(C(=O)O)N2C(=O)C(NC(=O)C(N)c3ccc(O)cc3)C2SC1,5281006.0,5281006.0,PubChem_ID,0,ok,0,0
Ceftazidime,CC(C)(ON=C(C(=O)NC1C(=O)N2C(C(=O)[O-])=C(C[n+]3ccccc3)CSC12)c1csc(N)n1)C(=O)O,5481173.0,5481173.0,PubChem_ID,5,ok,5,0
Ceftobiprole,Nc1nc(C(=NO)C(=O)NC2C(=O)N3C(C(=O)O)=C(C=C4CCN(C5CCNC5)C4=O)CSC23)ns1,135413542.0,135413542.0,PubChem_ID,2,ok,2,0
Cenobamate,NC(=O)OC(Cn1ncnn1)c1ccccc1Cl,11962412.0,11962412.0,PubChem_ID,12,ok,12,0
Cephradine,CC1=C(C(=O)O)N2C(=O)C(NC(=O)C(N)C3=CCC=CC3)C2SC1,38103.0,38103.0,PubChem_ID,132,ok,132,0
Cerivastatin,COCc1c(-c2ccc(F)cc2)c(=CCC(O)CC(O)CC(=O)O)c(C(C)C)nc1=C(C)C,446156.0,446156.0,PubChem_ID,46,ok,46,0
Cetrorelix,CC(=O)NC(Cc1ccc2ccccc2c1)C(=O)NC(Cc1ccc(Cl)cc1)C(=O)NC(Cc1cccnc1)C(=O)NC(CO)C(=O)NC(Cc1ccc(O)cc1)C(=O)NC(CCCNC(N)=O)C(=O)NC(CC(C)C)C(=O)NC(CCCN=C(N)N)C(=O)N1CCCC1C(=O)NC(C)C(N)=O,25074887.0,25074887.0,PubChem_ID,74,ok,74,0
Cevimeline,CC1OC2(CS1)CN1CCC2CC1,2684.0,2684.0,PubChem_ID,0,ok,0,0
Chloral hydrate,OC(O)C(Cl)(Cl)Cl,2707.0,2707.0,PubChem_ID,187,ok,187,0
Chloramphenicol,O=C(NC(CO)C(O)c1ccc([N+](=O)[O-])cc1)C(Cl)Cl,5959.0,5959.0,PubChem_ID,228,ok,228,0
Chloramphenicol sodium succinate,O=C([O-])CCC(=O)OCC(NC(=O)C(Cl)Cl)C(O)c1ccc([N+](=O)[O-])cc1,656833.0,656833.0,PubChem_ID,3,ok,3,0
Chloroprocaine,CCN(CC)CCOC(=O)c1ccc(N)cc1Cl,8612.0,8612.0,PubChem_ID,64,ok,64,0
Chlorthalidone,NS(=O)(=O)c1cc(C2(O)NC(=O)c3ccccc32)ccc1Cl,2732.0,2732.0,PubChem_ID,187,ok,187,0
Chlorzoxazone,O=c1[nH]c2cc(Cl)ccc2o1,2733.0,2733.0,PubChem_ID,15,ok,15,0
Ciclesonide,CC(C)C(=O)OCC(=O)C12OC(C3CCCCC3)OC1CC1C3CC=C4CC(=O)C=CC4(C)C3C(O)CC12C,6918155.0,6918155.0,PubChem_ID,1,ok,1,0
Cidofovir,Nc1ccn(CC(CO)OCP(=O)(O)O)c(=O)n1,60613.0,60613.0,PubChem_ID,90,ok,90,0
Cinoxacin,CCn1nc(C(=O)O)c(=O)c2cc3c(cc21)OCO3,2762.0,2762.0,PubChem_ID,1,ok,1,0
Citric acid,O=C(O)CC(O)(CC(=O)O)C(=O)O,311.0,311.0,PubChem_ID,102,ok,102,0
Clobazam,CN1C(=O)CC(=O)N(c2ccccc2)c2cc(Cl)ccc21,2789.0,2789.0,PubChem_ID,148,ok,148,0
Clobetasol,CC1CC2C3CC=C4CC(=O)C=CC4(C)C3(F)C(O)CC2(C)C1(O)C(=O)CCl,5311051.0,5311051.0,PubChem_ID,56,ok,56,0
Clodronic acid,O=P(O)(O)C(Cl)(Cl)P(=O)(O)O,25419.0,25419.0,PubChem_ID,14,ok,14,0
Clotrimazole,Clc1ccccc1C(c1ccccc1)(c1ccccc1)n1ccnc1,2812.0,2812.0,PubChem_ID,101,ok,101,0
Cloxacillin,Cc1onc(-c2ccccc2Cl)c1C(=O)NC1C(=O)N2C1SC(C)(C)C2C(=O)O,6098.0,6098.0,PubChem_ID,98,ok,98,0
Cobimetinib,O=C(c1ccc(F)c(F)c1Nc1ccc(I)cc1F)N1CC(O)(C2CCCCN2)C1,16222096.0,16222096.0,PubChem_ID,7,ok,7,0
Conivaptan,Cc1nc2c([nH]1)-c1ccccc1N(C(=O)c1ccc(NC(=O)c3ccccc3-c3ccccc3)cc1)CC2,151171.0,151171.0,PubChem_ID,0,ok,0,0
Conjugated estrogens,CC12CCC3c4ccc(OS(=O)(=O)[O-])cc4CCC3C1CCC2=O,45357473.0,45357473.0,PubChem_ID,0,ok,0,0
Corticorelin ovine triflutate,CCC(C)C(NC(=O)C(CC(=O)O)NC(=O)C(CC(C)C)NC(=O)C(CC(C)C)NC(=O)C(CCCCN)NC(=O)C(CCCN=C(N)N)NC(=O)C(CC(N)=O)NC(=O)C(CO)NC(=O)C(Cc1cnc[nH]1)NC(=O)C(C)NC(=O)C(CCC(N)=O)NC(=O)C(CCC(N)=O)NC(=O)C(C)NC(=O)C(CC(C)C)NC(=O)C(CCC(N)=O)NC(=O)C(CC(=O)O)NC(=O)C(C)NC(=O)C(CCCCN)NC(=O)C(NC(=O)C(CCSC)NC(=O)C(CCC(=O)O)NC(=O)C(CC(C)C)NC(=O)C(NC(=O)C(CCC(=O)O)NC(=O)C(CCCNC(=N)N)NC(=O)C(CC(C)C)NC(=O)C(CC(C)C)NC(=O)C(Cc1cnc[nH]1)NC(=O)C(Cc1ccccc1)NC(=O)C(NC(=O)C(CC(C)C)NC(=O)C(CC(=O)O)NC(=O)C(CC(C)C)NC(=O)C(CO)NC(=O)C(NC(=O)C1CCCN1C(=O)C1CCCN1C(=O)C(CCC(=O)O)NC(=O)C(CCC(N)=O)NC(=O)C(N)CO)C(C)CC)C(C)O)C(C)C)C(C)O)C(=O)NC(C)C(N)=O,16132344.0,16132344.0,PubChem_ID,2,ok,2,0
Corticotropin,CSCCC(NC(=O)C(CO)NC(=O)C(Cc1ccc(O)cc1)NC(=O)C(N)CO)C(=O)NC(CCC(=O)O)C(=O)NC(Cc1c[nH]cn1)C(=O)NC(Cc1ccccc1)C(=O)NC(CCCNC(=N)N)C(=O)NC(Cc1c[nH]c2ccccc12)C(=O)NCC(=O)NC(CCCCN)C(=O)N1CCCC1C(=O)NC(C(=O)NCC(=O)NC(CCCCN)C(=O)NC(CCCCN)C(=O)NC(CCCNC(=N)N)C(=O)NC(CCCNC(=N)N)C(=O)N1CCCC1C(=O)NC(C(=O)NC(CCCCN)C(=O)NC(C(=O)NC(Cc1ccc(O)cc1)C(=O)N1CCCC1C(=O)NC(CC(N)=O)C(=O)NCC(=O)NC(C)C(=O)NC(CCC(=O)O)C(=O)NC(CC(=O)O)C(=O)NC(CCC(=O)O)C(=O)NC(CO)C(=O)NC(C)C(=O)NC(CCC(=O)O)C(=O)NC(C)C(=O)NC(Cc1ccccc1)C(=O)N1CCCC1C(=O)NC(CC(C)C)C(=O)NC(CCC(=O)O)C(=O)NC(Cc1ccccc1)C(=O)O)C(C)C)C(C)C)C(C)C,16132265.0,16132265.0,PubChem_ID,106,ok,106,0
Cosyntropin,CSCCC(NC(=O)C(CO)NC(=O)C(Cc1ccc(O)cc1)NC(=O)C(N)CO)C(=O)NC(CCC(=O)O)C(=O)NC(Cc1c[nH]cn1)C(=O)NC(Cc1ccccc1)C(=O)NC(CCCN=C(N)N)C(=O)NC(Cc1c[nH]c2ccccc12)C(=O)NCC(=O)NC(CCCCN)C(=O)N1CCCC1C(=O)NC(C(=O)NCC(=O)NC(CCCCN)C(=O)NC(CCCCN)C(=O)NC(CCCNC(=N)N)C(=O)NC(CCCNC(=N)N)C(=O)N1CCCC1C(=O)NC(C(=O)NC(CCCCN)C(=O)NC(C(=O)NC(Cc1ccc(O)cc1)C(=O)N1CCCC1C(=O)O)C(C)C)C(C)C)C(C)C,16133802.0,16133802.0,PubChem_ID,0,ok,0,0
Crisaborole,N#Cc1ccc(Oc2ccc3c(c2)COB3O)cc1,44591583.0,44591583.0,PubChem_ID,1,ok,1,0
Crofelemer,CSCCC(NC(=O)C(CC(C)C)NC(=O)CNC(=O)C(Cc1ccccc1)NC(=O)C(Cc1ccccc1)NC(=O)C(CCC(N)=O)NC(=O)C(CCC(N)=O)NC(=O)C1CCCN1C(=O)C(CCCCN)NC(=O)C1CCCN1C(=O)C(N)CCCN=C(N)N)C(N)=O,36511.0,36511.0,PubChem_ID,1,ok,1,0
Cyanocobalamin,CC1=C2N=C(C=C3N=C(C(C)=C4[N-]C(C)(C5N=C1C(C)(CCC(=O)NCC(C)OP(=O)([O-])OC1C(CO)OC(n6cnc7cc(C)c(C)cc76)C1O)C5CC(N)=O)C(C)(CC(N)=O)C4CCC(N)=O)C(C)(CC(N)=O)C3CCC(N)=O)C(C)(C)C2CCC(N)=O.[C-]#N.[Co+3],5311498.0,5311498.0,PubChem_ID,0,ok,0,0
Cyclizine,CN1CCN(C(c2ccccc2)c2ccccc2)CC1,6726.0,6726.0,PubChem_ID,43,ok,43,0
Cyclo-upup,O=c1ccn(C2OC3COP(=O)(O)OC4C(COP(=O)(O)OC3C2O)OC(n2ccc(=O)[nH]c2=O)C4O)c(=O)[nH]1,194491.0,194491.0,PubChem_ID,0,ok,0,0
Cyclobenzaprine,CN(C)CCC=C1c2ccccc2C=Cc2ccccc21,2895.0,2895.0,PubChem_ID,148,ok,148,0
Cyproheptadine,CN1CCC(=C2c3ccccc3C=Cc3ccccc32)CC1,2913.0,2913.0,PubChem_ID,70,ok,70,0
Cysteamine,NCCS,6058.0,6058.0,PubChem_ID,71,ok,71,0
Cytarabine,Nc1ccn(C2OC(CO)C(O)C2O)c(=O)n1,6253.0,6253.0,PubChem_ID,131,ok,131,0
Dabigatran etexilate,CCCCCCOC(=O)N=C(N)c1ccc(NCc2nc3cc(C(=O)N(CCC(=O)OCC)c4ccccn4)ccc3n2C)cc1,135565674.0,135565674.0,PubChem_ID,1,ok,1,0
Dalbavancin,CNC1C(=O)NC2Cc3ccc(cc3)Oc3cc4cc(c3OC3OC(C(=O)O)C(O)C(O)C3NC(=O)CCCCCCCCC(C)C)Oc3ccc(cc3Cl)C(O)C3NC(=O)C(NC(=O)C4NC(=O)C(NC2=O)c2cc(cc(O)c2Cl)Oc2cc1ccc2O)c1ccc(O)c(c1)-c1c(OC2OC(CO)C(O)C(O)C2O)cc(O)cc1C(C(=O)NCCCN(C)C)NC3=O,16134627.0,16134627.0,PubChem_ID,2,ok,2,0
Dapagliflozin,CCOc1ccc(Cc2cc(C3OC(CO)C(O)C(O)C3O)ccc2Cl)cc1,9887712.0,9887712.0,PubChem_ID,6,ok,6,0
Dapsone,Nc1ccc(S(=O)(=O)c2ccc(N)cc2)cc1,2955.0,2955.0,PubChem_ID,189,ok,189,0
Darifenacin,NC(=O)C(c1ccccc1)(c1ccccc1)C1CCN(CCc2ccc3c(c2)CCO3)C1,444031.0,444031.0,PubChem_ID,5,ok,5,0
Darunavir,CC(C)CN(CC(O)C(Cc1ccccc1)NC(=O)OC1COC2OCCC12)S(=O)(=O)c1ccc(N)cc1,213039.0,213039.0,PubChem_ID,88,ok,88,0
Deferasirox,O=C(O)c1ccc(-n2nc(-c3ccccc3O)nc2-c2ccccc2O)cc1,214348.0,214348.0,PubChem_ID,131,ok,131,0
Deferiprone,Cc1c(O)c(=O)ccn1C,2972.0,2972.0,PubChem_ID,137,ok,137,0
Defibrotide sodium,CC(C)c1cc(-c2n[nH]c(=O)n2-c2ccc3c(ccn3C)c2)c(O)cc1OP(=O)(O)O,135565962.0,135565962.0,PubChem_ID,0,ok,0,0
Deflazacort,CC(=O)OCC(=O)C12N=C(C)OC1CC1C3CC=C4CC(=O)C=CC4(C)C3C(O)CC12C,189821.0,189821.0,PubChem_ID,3,ok,3,0
Degarelix,CC(=O)NC(Cc1ccc2ccccc2c1)C(=O)NC(Cc1ccc(Cl)cc1)C(=O)NC(Cc1cccnc1)C(=O)NC(CO)C(=O)NC(Cc1ccc(NC(=O)C2CC(=O)NC(=O)N2)cc1)C(=O)NC(Cc1ccc(NC(N)=O)cc1)C(=O)NC(CC(C)C)C(=O)NC(CCCCNC(C)C)C(=O)N1CCCC1C(=O)NC(C)C(N)=O,16136245.0,16136245.0,PubChem_ID,48,ok,48,0
Delafloxacin,Nc1nc(-n2cc(C(=O)O)c(=O)c3cc(F)c(N4CC(O)C4)c(Cl)c32)c(F)cc1F,487101.0,487101.0,PubChem_ID,15,ok,15,0
Delamanid,CC1(COc2ccc(N3CCC(Oc4ccc(OC(F)(F)F)cc4)CC3)cc2)Cn2cc([N+](=O)[O-])nc2O1,6480466.0,6480466.0,PubChem_ID,2,ok,2,0
Delavirdine,CC(C)Nc1cccnc1N1CCN(C(=O)c2cc3cc(NS(C)(=O)=O)ccc3[nH]2)CC1,5625.0,5625.0,PubChem_ID,7,ok,7,0
Demeclocycline,CN(C)C1C(=O)C(C(N)=O)C(=O)C2(O)C(=O)C3C(=O)c4c(O)ccc(Cl)c4C(O)C3CC12,54680690.0,54680690.0,PubChem_ID,0,ok,0,0
Deoxycholic acid,CC(CCC(=O)O)C1CCC2C3CCC4CC(O)CCC4(C)C3CC(O)C12C,222528.0,222528.0,PubChem_ID,51,ok,51,0
Desflurane,FC(F)OC(F)C(F)(F)F,42113.0,42113.0,PubChem_ID,150,ok,150,0
Desirudin,CCC(C)C1NC(=O)C2CSSCC(NC(=O)C(CC(C)C)NC(=O)C3CSSCC(NC(=O)C(CC(=O)O)NC(=O)C(NC(=O)C(Cc4ccc(O)cc4)NC(=O)C(NC(=O)C(N)C(C)C)C(C)C)C(C)O)C(=O)NC(C(C)O)C(=O)NC(CCC(=O)O)C(=O)NC(CO)C(=O)NCC(=O)NC(CCC(N)=O)C(=O)NC(CC(N)=O)C(=O)NC(CC(C)C)C(=O)N3)C(=O)NC(CCC(=O)O)C(=O)NCC(=O)NC(CO)C(=O)NC(CC(N)=O)C(=O)NC(C(C)C)C(=O)NC(CSSCC(C(=O)NC(C(=O)NC(C(=O)NCC(=O)NC(CCC(=O)O)C(=O)NCC(=O)NC(C(=O)N3CCCC3C(=O)NC(CCCCN)C(=O)N3CCCC3C(=O)NC(CCC(N)=O)C(=O)NC(CO)C(=O)NC(Cc3c[nH]cn3)C(=O)NC(CC(N)=O)C(=O)NC(CC(=O)O)C(=O)NCC(=O)NC(CC(=O)O)C(=O)NC(Cc3ccccc3)C(=O)NC(CCC(=O)O)C(=O)NC(CCC(=O)O)C(=O)NC(C(=O)N3CCCC3C(=O)NC(CCC(=O)O)C(=O)NC(CCC(=O)O)C(=O)NC(Cc3ccc(O)cc3)C(=O)NC(CC(C)C)C(=O)NC(CCC(N)=O)C(=O)O)C(C)CC)C(C)O)C(C)O)C(C)C)NC(=O)C(CCC(N)=O)NC(=O)C(CC(N)=O)NC(=O)C(CCCCN)NC(=O)C(CCC(=O)O)NC(=O)CNC(=O)C(CC(=O)O)NC(=O)C(CO)NC(=O)CNC(=O)C(CC(C)C)NC1=O)C(=O)NCC(=O)NC(CCC(N)=O)C(=O)NCC(=O)NC(CC(N)=O)C(=O)NC(CCCCN)C(=O)N2,16129703.0,16129703.0,PubChem_ID,2,ok,2,0
Desloratadine,Clc1ccc2c(c1)CCc1cccnc1C2=C1CCNCC1,124087.0,124087.0,PubChem_ID,11,ok,11,0
Desoximetasone,CC1CC2C3CC=C4CC(=O)C=CC4(C)C3(F)C(O)CC2(C)C1C(=O)CO,5311067.0,5311067.0,PubChem_ID,2,ok,2,0
Desvenlafaxine,CN(C)CC(c1ccc(O)cc1)C1(O)CCCCC1,125017.0,125017.0,PubChem_ID,87,ok,87,0
Deucravacitinib,CNC(=O)c1nnc(NC(=O)C2CC2)cc1Nc1cccc(-c2ncn(C)n2)c1OC,134821691.0,134821691.0,PubChem_ID,94,ok,94,0
Dexpanthenol,CC(C)(CO)C(O)C(=O)NCCCO,131204.0,131204.0,PubChem_ID,75,ok,75,0
Dexrazoxane,CC(CN1CC(=O)NC(=O)C1)N1CC(=O)NC(=O)C1,71384.0,71384.0,PubChem_ID,66,ok,66,0
Diatrizoate sodium,CC(=O)Nc1c(I)c(NC(C)=O)c(I)c(C(=O)[O-])c1I,23672589.0,23672589.0,PubChem_ID,121,ok,121,0
Diatrizoic acid,CC(=O)Nc1c(I)c(NC(C)=O)c(I)c(C(=O)O)c1I,2140.0,2140.0,PubChem_ID,96,ok,96,0
Dichlorphenamide,NS(=O)(=O)c1cc(Cl)c(Cl)c(S(N)(=O)=O)c1,3038.0,3038.0,PubChem_ID,38,ok,38,0
Dicloxacillin,Cc1onc(-c2c(Cl)cccc2Cl)c1C(=O)NC1C(=O)N2C1SC(C)(C)C2C(=O)O,18381.0,18381.0,PubChem_ID,130,ok,130,0
Dicyclomine,CCN(CC)CCOC(=O)C1(C2CCCCC2)CCCCC1,3042.0,3042.0,PubChem_ID,39,ok,39,0
Dienogest,CC12CC=C3C4=C(CCC3C1CCC2(O)CC#N)CC(=O)CC4,68861.0,68861.0,PubChem_ID,3,ok,3,0
Diethylpropion,CCN(CC)C(C)C(=O)c1ccccc1,7029.0,7029.0,PubChem_ID,192,ok,192,0
Dimercaprol,OCC(S)CS,3080.0,3080.0,PubChem_ID,120,ok,120,0
Dimethyl fumarate,COC(=O)C=CC(=O)OC,637568.0,637568.0,PubChem_ID,201,ok,201,0
Dinoprostone,CCCCCC(O)C=CC1C(O)CC(=O)C1CC=CCCCC(=O)O,5280360.0,5280360.0,PubChem_ID,13,ok,13,0
Diroximel fumarate,COC(=O)C=CC(=O)OCCn1c(O)ccc1O,73330464.0,73330464.0,PubChem_ID,0,ok,0,0
Docusate,CCCCC(CC)COC(=O)CC(C(=O)OCC(CC)CCCC)S(=O)(=O)O,11339.0,11339.0,PubChem_ID,27,ok,27,0
Dofetilide,CN(CCOc1ccc(NS(C)(=O)=O)cc1)CCc1ccc(NS(C)(=O)=O)cc1,71329.0,71329.0,PubChem_ID,207,ok,207,0
Domperidone,O=c1[nH]c2ccccc2n1CCCN1CCC(n2c(=O)[nH]c3cc(Cl)ccc32)CC1,3151.0,3151.0,PubChem_ID,6,ok,6,0
Dopamine,NCCc1ccc(O)c(O)c1,681.0,681.0,PubChem_ID,145,ok,145,0
Doxacurium chloride,COc1cc(CC2c3c(cc(OC)c(OC)c3OC)CC[N+]2(C)CCCOC(=O)CCC(=O)OCCC[N+]2(C)CCc3cc(OC)c(OC)c(OC)c3C2Cc2cc(OC)c(OC)c(OC)c2)cc(OC)c1OC,60168.0,60168.0,PubChem_ID,0,ok,0,0
Doxapram,CCN1CC(CCN2CCOCC2)C(c2ccccc2)(c2ccccc2)C1=O,3156.0,3156.0,PubChem_ID,17,ok,17,0
Doxazosin,COc1cc2nc(N3CCN(C(=O)C4COc5ccccc5O4)CC3)nc(N)c2cc1OC,3157.0,3157.0,PubChem_ID,24,ok,24,0
Doxepin,CN(C)CCC=C1c2ccccc2COc2ccccc21,3158.0,3158.0,PubChem_ID,122,ok,122,0
Doxercalciferol,C=C1C(=CC=C2CCCC3(C)C2CCC3C(C)C=CC(C)C(C)C)CC(O)CC1O,5281107.0,5281107.0,PubChem_ID,1,ok,1,0
Doxylamine,CN(C)CCOC(C)(c1ccccc1)c1ccccn1,3162.0,3162.0,PubChem_ID,104,ok,104,0
Droxidopa,NC(C(=O)O)C(O)c1ccc(O)c(O)c1,92974.0,92974.0,PubChem_ID,7,ok,7,0
Dyphylline,Cn1c(=O)c2c(ncn2CC(O)CO)n(C)c1=O,3182.0,3182.0,PubChem_ID,36,ok,36,0
Edaravone,Cc1cc(=O)n(-c2ccccc2)[nH]1,4021.0,4021.0,PubChem_ID,31,ok,31,0
Edetate calcium disodium,O=C([O-])CN(CCN(CC(=O)[O-])CC(=O)[O-])CC(=O)[O-],6093170.0,6093170.0,PubChem_ID,136,ok,136,0
Edetic acid,O=C(O)CN(CCN(CC(=O)O)CC(=O)O)CC(=O)O,6049.0,6049.0,PubChem_ID,383,ok,383,0
Efinaconazole,C=C1CCN(C(C)C(O)(Cn2cncn2)c2ccc(F)cc2F)CC1,489181.0,489181.0,PubChem_ID,87,ok,87,0
Elagolix,COc1cccc(-c2c(C)n(Cc3c(F)cccc3C(F)(F)F)c(=O)n(CC(NCCCC(=O)O)c3ccccc3)c2=O)c1F,11250647.0,11250647.0,PubChem_ID,5,ok,5,0
Eletriptan,CN1CCCC1Cc1c[nH]c2ccc(CCS(=O)(=O)c3ccccc3)cc12,77993.0,77993.0,PubChem_ID,48,ok,48,0
Eliglustat,CCCCCCCC(=O)NC(CN1CCCC1)C(O)c1ccc2c(c1)OCCO2,23652731.0,23652731.0,PubChem_ID,8,ok,8,0
Eluxadoline,COc1ccc(CN(C(=O)C(N)Cc2c(C)cc(C(N)=O)cc2C)C(C)c2nc(-c3ccccc3)c[nH]2)cc1C(=O)O,11250029.0,11250029.0,PubChem_ID,9,ok,9,0
Emedastine,CCOCCn1c(N2CCCN(C)CC2)nc2ccccc21,3219.0,3219.0,PubChem_ID,0,ok,0,0
Empagliflozin,OCC1OC(c2ccc(Cl)c(Cc3ccc(OC4CCOC4)cc3)c2)C(O)C(O)C1O,11949646.0,11949646.0,PubChem_ID,24,ok,24,0
Emtricitabine,Nc1nc(=O)n(C2CSC(CO)O2)cc1F,60877.0,60877.0,PubChem_ID,63,ok,63,0
Enalaprilat,CC(NC(CCc1ccccc1)C(=O)O)C(=O)N1CCCC1C(=O)O,5462501.0,5462501.0,PubChem_ID,38,ok,38,0
Enasidenib,CC(C)(O)CNc1nc(Nc2ccnc(C(F)(F)F)c2)nc(-c2cccc(C(F)(F)F)n2)n1,89683805.0,89683805.0,PubChem_ID,12,ok,12,0
Enflurane,FC(F)OC(F)(F)C(F)Cl,3226.0,3226.0,PubChem_ID,188,ok,188,0
Enfuvirtide,CCC(C)C(NC(=O)C(CC(C)C)NC(=O)C(CO)NC(=O)C(Cc1c[nH]cn1)NC(=O)C(NC(=O)C(CC(C)C)NC(=O)C(CO)NC(=O)C(NC(=O)C(Cc1ccc(O)cc1)NC(C)=O)C(C)O)C(C)CC)C(=O)NC(CCC(=O)O)C(=O)NC(CCC(=O)O)C(=O)NC(CO)C(=O)NC(CCC(N)=O)C(=O)NC(CC(N)=O)C(=O)NC(CCC(N)=O)C(=O)NC(CCC(N)=O)C(=O)NC(CCC(=O)O)C(=O)NC(CCCCN)C(=O)NC(CC(N)=O)C(=O)NC(CCC(=O)O)C(=O)NC(CCC(N)=O)C(=O)NC(CCC(=O)O)C(=O)NC(CC(C)C)C(=O)NC(CC(C)C)C(=O)NC(CCC(=O)O)C(=O)NC(CC(C)C)C(=O)NC(CC(=O)O)C(=O)NC(CCCCN)C(=O)NC(Cc1c[nH]c2ccccc12)C(=O)NC(C)C(=O)NC(CO)C(=O)NC(CC(C)C)C(=O)NC(Cc1c[nH]c2ccccc12)C(=O)NC(CC(N)=O)C(=O)NC(Cc1c[nH]c2ccccc12)C(=O)NC(Cc1ccccc1)C(N)=O,16130199.0,16130199.0,PubChem_ID,57,ok,57,0
Entacapone,CCN(CC)C(=O)C(C#N)=Cc1cc(O)c(O)c([N+](=O)[O-])c1,5281081.0,5281081.0,PubChem_ID,194,ok,194,0
Entecavir,C=C1C(CO)C(O)CC1n1cnc2c(=O)[nH]c(N)nc21,135398508.0,135398508.0,PubChem_ID,51,ok,51,0
Enzalutamide,CNC(=O)c1ccc(N2C(=S)N(c3ccc(C#N)c(C(F)(F)F)c3)C(=O)C2(C)C)cc1F,15951529.0,15951529.0,PubChem_ID,10,ok,10,0
Epi-kal2,CCC(C)C(NC(=O)C(Cc1ccccc1)NC(=O)C(CCC(=O)O)NC(=O)C(CCC(=O)O)NC(=O)C(CS)NC(=O)C(CCC(N)=O)NC(=O)C(CCCN=C(N)N)NC(=O)C(NC(=O)C(Cc1ccccc1)NC(=O)C(NC(=O)C(CC(N)=O)NC(=O)C(Cc1ccccc1)NC(=O)C(Cc1ccccc1)NC(=O)C(Cc1c[nH]c2ccccc12)NC(=O)C(CCCNC(=N)N)NC(=O)C1CCCN1C(=O)C(Cc1cnc[nH]1)NC(=O)C(C)NC(=O)C(C)NC(=O)C(CCCNC(=N)N)NC(=O)C(CS)NC(=O)C1CCCN1C(=O)CNC(=O)C(CC(=O)O)NC(=O)C(CC(=O)O)NC(=O)C(C)NC(=O)C(CCCCN)NC(=O)C(Cc1ccccc1)NC(=O)C(C)NC(=O)C(CS)NC(=O)C(Cc1ccccc1)NC(=O)C(CO)NC(=O)C(Cc1cnc[nH]1)NC(=O)C(CCSC)NC(=O)C(C)NC(=O)C(N)CCC(=O)O)C(C)CC)C(C)O)C(=O)NC(Cc1ccc(O)cc1)C(=O)NCC(=O)NCC(=O)NC(CS)C(=O)NC(CCC(=O)O)C(=O)NCC(=O)NC(CC(N)=O)C(=O)NC(CCC(N)=O)C(=O)NC(CC(N)=O)C(=O)NC(CCCNC(=N)N)C(=O)NC(Cc1ccccc1)C(=O)NC(CCC(=O)O)C(=O)NC(CO)C(=O)NC(CC(C)C)C(=O)NC(CCC(=O)O)C(=O)NC(CCC(=O)O)C(=O)NC(CS)C(=O)NC(CCCCN)C(=O)NC(CCCCN)C(=O)NC(CCSC)C(=O)NC(CS)C(=O)NC(C(=O)NC(CCCNC(=N)N)C(=O)NC(CC(=O)O)C(=O)O)C(C)O,44201343.0,44201343.0,PubChem_ID,0,ok,0,0
Epinastine,NC1=NCC2c3ccccc3Cc3ccccc3N12,3241.0,3241.0,PubChem_ID,6,ok,6,0
Eplerenone,COC(=O)C1C=C2CC(=O)CCC2(C)C23OC2CC2(C)C(CCC24CCC(=O)O4)C13,443872.0,443872.0,PubChem_ID,86,ok,86,0
Epoetin alfa,O=C(CNC(=O)c1ccccc1)CC(Cc1ccccc1)C(=O)O,127893.0,127893.0,PubChem_ID,0,ok,0,0
Equilin sulfate,CC12CCC3C(=CCc4cc(OS(=O)(=O)O)ccc43)C1CCC2=O,168708.0,168708.0,PubChem_ID,0,ok,0,0
Ergocalciferol,C=C1CCC(O)CC1=CC=C1CCCC2(C)C1CCC2C(C)C=CC(C)C(C)C,5280793.0,5280793.0,PubChem_ID,96,ok,96,0
Ertapenem,CC(O)C1C(=O)N2C(C(=O)O)=C(SC3CNC(C(=O)Nc4cccc(C(=O)O)c4)C3)C(C)C12,150610.0,150610.0,PubChem_ID,158,ok,158,0
Erythropoietin,CCCCc1nc(Cl)c(CO)n1Cc1ccc(-c2ccccc2-c2nnn[n-]2)cc1,11751549.0,11751549.0,PubChem_ID,5,ok,5,0
Eslicarbazepine,NC(=O)N1c2ccccc2CC(O)c2ccccc21,9881504.0,9881504.0,PubChem_ID,2,ok,2,0
Estazolam,Clc1ccc2c(c1)C(c1ccccc1)=NCc1nncn1-2,3261.0,3261.0,PubChem_ID,25,ok,25,0
Estradiol,CC12CCC3c4ccc(O)cc4CCC3C1CCC2O,5757.0,5757.0,PubChem_ID,104,ok,104,0
Estradiol cypionate,CC12CCC3c4ccc(O)cc4CCC3C1CCC2OC(=O)CCC1CCCC1,9403.0,9403.0,PubChem_ID,6,ok,6,0
Estradiol valerate,CCCCC(=O)OC1CCC2C3CCc4cc(O)ccc4C3CCC12C,13791.0,13791.0,PubChem_ID,4,ok,4,0
Estramustine,CC12CCC3c4ccc(OC(=O)N(CCCl)CCCl)cc4CCC3C1CCC2O,259331.0,259331.0,PubChem_ID,1,ok,1,0
Estrone,CC12CCC3c4ccc(O)cc4CCC3C1CCC2=O,5870.0,5870.0,PubChem_ID,123,ok,123,0
Ethinyl estradiol,C#CC1(O)CCC2C3CCc4cc(O)ccc4C3CCC21C,5991.0,5991.0,PubChem_ID,244,ok,244,0
Ethotoin,CCn1c(O)c(-c2ccccc2)[nH]c1=O,3292.0,3292.0,PubChem_ID,77,ok,77,0
Etidronate disodium,CC(O)(P(=O)([O-])O)P(=O)([O-])O,23894.0,23894.0,PubChem_ID,14,ok,14,0
Etidronic acid,CC(O)(P(=O)(O)O)P(=O)(O)O,3305.0,3305.0,PubChem_ID,53,ok,53,0
Etodolac,CCc1cccc2c3c([nH]c12)C(CC)(CC(=O)O)OCC3,3308.0,3308.0,PubChem_ID,20,ok,20,0
Etomidate,CCOC(=O)c1cncn1C(C)c1ccccc1,667484.0,667484.0,PubChem_ID,31,ok,31,0
Etonogestrel,C#CC1(O)CCC2C3CC=C4CC(=O)CCC4C3C(=C)CC21CC,6917715.0,6917715.0,PubChem_ID,2,ok,2,0
Etophos,COc1cc(C2c3cc4c(cc3C(OC3OC5COC(C)OC5C(O)C3O)C3COC(=O)C23)OCO4)cc(OC)c1OP(=O)(O)O,60668.0,60668.0,PubChem_ID,0,ok,0,0
Etravirine,Cc1cc(C#N)cc(C)c1Oc1nc(Nc2ccc(C#N)cc2)nc(N)c1Br,193962.0,193962.0,PubChem_ID,15,ok,15,0
Exenatide,CCC(C)C(NC(=O)C(Cc1ccccc1)NC(=O)C(CC(C)C)NC(=O)C(CCCN=C(N)N)NC(=O)C(NC(=O)C(C)NC(=O)C(CCC(=O)O)NC(=O)C(CCC(=O)O)NC(=O)C(CCC(=O)O)NC(=O)C(CCSC)NC(=O)C(CCC(N)=O)NC(=O)C(CCCCN)NC(=O)C(CO)NC(=O)C(CC(C)C)NC(=O)C(CC(=O)O)NC(=O)C(CO)NC(=O)C(NC(=O)C(Cc1ccccc1)NC(=O)C(NC(=O)CNC(=O)C(CCC(=O)O)NC(=O)CNC(=O)C(N)Cc1c[nH]cn1)C(C)O)C(C)O)C(C)C)C(=O)NC(CCC(=O)O)C(=O)NC(Cc1c[nH]c2ccccc12)C(=O)NC(CC(C)C)C(=O)NC(CCCCN)C(=O)NC(CC(N)=O)C(=O)NCC(=O)NCC(=O)N1CCCC1C(=O)NC(CO)C(=O)NC(CO)C(=O)NCC(=O)NC(C)C(=O)N1CCCC1C(=O)N1CCCC1C(=O)N1CCCC1C(=O)NC(CO)C(N)=O,45588096.0,45588096.0,PubChem_ID,185,ok,185,0
Extendin-4,CCC(C)C(NC(=O)C(Cc1ccccc1)NC(=O)C(CC(C)C)NC(=O)C(CCCN=C(N)N)NC(=O)C(NC(=O)C(C)NC(=O)C(CCC(=O)O)NC(=O)C(CCC(=O)O)NC(=O)C(CCC(=O)O)NC(=O)C(CCSC)NC(=O)C(CCC(N)=O)NC(=O)C(CCCCN)NC(=O)C(CO)NC(=O)C(CC(C)C)NC(=O)C(CC(=O)O)NC(=O)C(CO)NC(=O)C(NC(=O)C(Cc1ccccc1)NC(=O)C(NC(=O)CNC(=O)C(CCC(=O)O)NC(=O)CNC(=O)C(N)Cc1cnc[nH]1)C(C)O)C(C)O)C(C)C)C(=O)NC(CCC(=O)O)C(=O)NC(Cc1c[nH]c2ccccc12)C(=O)NC(CC(C)C)C(=O)NC(CCCCN)C(=O)NC(CC(N)=O)C(=O)NCC(=O)NCC(=O)N1CCCC1C(=O)NC(CO)C(=O)NC(CO)C(=O)NCC(=O)NC(C)C(=O)N1CCCC1C(=O)N1CCCC1C(=O)N1CCCC1C(=O)NC(CO)C(N)=O,16157882.0,16157882.0,PubChem_ID,0,ok,0,0
Ezogabine,CCOC(=O)Nc1ccc(NCc2ccc(F)cc2)cc1N,121892.0,121892.0,PubChem_ID,96,ok,96,0
Famciclovir,CC(=O)OCC(CCn1cnc2cnc(N)nc21)COC(C)=O,3324.0,3324.0,PubChem_ID,137,ok,137,0
Febuxostat,Cc1nc(-c2ccc(OCC(C)C)c(C#N)c2)sc1C(=O)O,134018.0,134018.0,PubChem_ID,68,ok,68,0
Fedratinib,Cc1cnc(Nc2ccc(OCCN3CCCC3)cc2)nc1Nc1cccc(S(=O)(=O)NC(C)(C)C)c1,16722836.0,16722836.0,PubChem_ID,9,ok,9,0
Felbamate,NC(=O)OCC(COC(N)=O)c1ccccc1,3331.0,3331.0,PubChem_ID,172,ok,172,0
Felodipine,CCOC(=O)C1=C(C)N=C(C)C(C(=O)OC)C1c1cccc(Cl)c1Cl,3333.0,3333.0,PubChem_ID,85,ok,85,0
Fenofibric acid,CC(C)(Oc1ccc(C(=O)c2ccc(Cl)cc2)cc1)C(=O)O,64929.0,64929.0,PubChem_ID,4,ok,4,0
Fenoldopam,Oc1ccc(C2CNCCc3c2cc(O)c(O)c3Cl)cc1,3341.0,3341.0,PubChem_ID,0,ok,0,0
Sodium ferric gluconate complex,O=C([O-])C(O)C(O)C(O)C(O)CO.[Fe+3],23693558.0,23693558.0,PubChem_ID,0,ok,0,0
Fesoterodine,CC(C)C(=O)Oc1ccc(CO)cc1C(CCN(C(C)C)C(C)C)c1ccccc1,6918558.0,6918558.0,PubChem_ID,5,ok,5,0
Fidaxomicin,CCc1c(Cl)c(O)c(Cl)c(O)c1C(=O)OC1C(C)OC(OCC2=CC=CCC(O)C(C)=CC(CC)C(OC3OC(C)(C)C(OC(=O)C(C)C)C(O)C3O)C(C)=CC(C)=CCC(C(C)O)OC2=O)C(OC)C1O,151383.0,151383.0,PubChem_ID,0,ok,0,0
Finerenone,CCOc1ncc(C)c2c1C(c1ccc(C#N)cc1OC)C(C(N)=O)C(C)=N2,60150535.0,60150535.0,PubChem_ID,8,ok,8,0
Fluconazole,OC(Cn1cncn1)(Cn1cncn1)c1ccc(F)cc1F,3365.0,3365.0,PubChem_ID,208,ok,208,0
Flucytosine,Nc1[nH]c(=O)ncc1F,3366.0,3366.0,PubChem_ID,154,ok,154,0
Flunitrazepam,CN1C(=O)CN=C(c2ccccc2F)c2cc([N+](=O)[O-])ccc21,3380.0,3380.0,PubChem_ID,125,ok,125,0
Fluocinolone acetonide,CC1(C)OC2CC3C4CC(F)C5=CC(=O)C=CC5(C)C4(F)C(O)CC3(C)C2(C(=O)CO)O1,6215.0,6215.0,PubChem_ID,49,ok,49,0
Fluocinonide,CC(=O)OCC(=O)C12OC(C)(C)OC1CC1C3CC(F)C4=CC(=O)C=CC4(C)C3(F)C(O)CC12C,9642.0,9642.0,PubChem_ID,4,ok,4,0
Fluorometholone,CC(=O)C1(O)CCC2C3CC(C)=C4CC(=O)C=CC4(C)C3(F)C(O)CC21C,9878.0,9878.0,PubChem_ID,4,ok,4,0
Fluoxymesterone,CC1(O)CCC2C3CC=C4CC(=O)CCC4(C)C3(F)C(O)CC21C,6446.0,6446.0,PubChem_ID,116,ok,116,0
Fluphenazine,OCCN1CCN(CCCN2c3ccccc3Sc3ccc(C(F)(F)F)cc32)CC1,3372.0,3372.0,PubChem_ID,179,ok,179,0
Fluphenazine decanoate,CCCCCCCCCC(=O)OCCN1CCN(CCCN2c3ccccc3Sc3ccc(C(F)(F)F)cc32)CC1,3388.0,3388.0,PubChem_ID,3,ok,3,0
Flurazepam,CCN(CC)CCN1C(=O)CN=C(c2ccccc2F)c2cc(Cl)ccc21,3393.0,3393.0,PubChem_ID,94,ok,94,0
Flutemetamol f-18,CNc1ccc(-c2nc3ccc(O)cc3s2)cc1F,15950376.0,15950376.0,PubChem_ID,2,ok,2,0
Fluticasone propionate,CCC(=O)OC1(C(=O)SCF)C(C)CC2C3CC(F)C4=CC(=O)C=CC4(C)C3(F)C(O)CC21C,444036.0,444036.0,PubChem_ID,3,ok,3,0
Fluticasone furoate,CC1CC2C3CC(F)C4=CC(=O)C=CC4(C)C3(F)C(O)CC2(C)C1(OC(=O)c1ccco1)C(=O)SCF,9854489.0,9854489.0,PubChem_ID,2,ok,2,0
Fluvoxamine,COCCCCC(=NOCCN)c1ccc(C(F)(F)F)cc1,5324346.0,5324346.0,PubChem_ID,118,ok,118,0
Fomepizole,Cc1cn[nH]c1,3406.0,3406.0,PubChem_ID,2,ok,2,0
Fondaparinux,COC1OC(COS(=O)(=O)O)C(OC2OC(C(=O)O)C(OC3OC(COS(=O)(=O)O)C(OC4OC(C(=O)O)C(OC5OC(COS(=O)(=O)O)C(O)C(O)C5NS(=O)(=O)O)C(O)C4O)C(OS(=O)(=O)O)C3NS(=O)(=O)O)C(O)C2OS(=O)(=O)O)C(O)C1NS(=O)(=O)O,5282448.0,5282448.0,PubChem_ID,70,ok,70,0
Fosamprenavir calcium,CC(C)CN(CC(OP(=O)([O-])[O-])C(Cc1ccccc1)NC(=O)OC1CCOC1)S(=O)(=O)c1ccc(N)cc1,131535.0,131535.0,PubChem_ID,2,ok,2,0
Fosaprepitant,CC(OC1OCCN(Cc2nc(=O)n(P(=O)(O)O)[nH]2)C1c1ccc(F)cc1)c1cc(C(F)(F)F)cc(C(F)(F)F)c1,135413538.0,135413538.0,PubChem_ID,0,ok,0,0
Foscarnet,O=C(O)P(=O)(O)O,3415.0,3415.0,PubChem_ID,164,ok,164,0
Fosfomycin,CC1OC1P(=O)(O)O,446987.0,446987.0,PubChem_ID,6,ok,6,0
Fosfomycin tromethamine,CC1OC1P(=O)([O-])O.[NH3+]C(CO)(CO)CO,54331.0,54331.0,PubChem_ID,0,ok,0,0
Fosinoprilat,O=C(O)C1CC(C2CCCCC2)CN1C(=O)CP(=O)(O)CCCCc1ccccc1,62956.0,62956.0,PubChem_ID,1,ok,1,0
Fospropofol disodium,CC(C)c1cccc(C(C)C)c1OCOP(=O)([O-])[O-],3038497.0,3038497.0,PubChem_ID,3,ok,3,0
Fostamatinib,COc1cc(Nc2ncc(F)c(Nc3ccc4c(n3)N(COP(=O)(O)O)C(=O)C(C)(C)O4)n2)cc(OC)c1OC,11671467.0,11671467.0,PubChem_ID,5,ok,5,0
Frovatriptan,CNC1CCc2[nH]c3ccc(C(N)=O)cc3c2C1,77992.0,77992.0,PubChem_ID,47,ok,47,0
Gabapentin enacarbil,CC(OC(=O)NCC1(CC(=O)O)CCCCC1)OC(=O)C(C)C,9883933.0,9883933.0,PubChem_ID,18,ok,18,0
Gadodiamide hydrate,CNC(=O)CN(CCN(CCN(CC(=O)[O-])CC(=O)NC)CC(=O)[O-])CC(=O)[O-].[Gd+3],153921.0,153921.0,PubChem_ID,164,ok,164,0
Gadofosveset,O=C([O-])CN(CCN(CC(=O)[O-])CC(COP(=O)([O-])OC1CCC(c2ccccc2)(c2ccccc2)CC1)N(CC(=O)[O-])CC(=O)[O-])CC(=O)[O-].[Gd+3].[H+].[H+].[H+],46174086.0,46174086.0,PubChem_ID,0,ok,0,0
Gadolinium-dtpa,O=C([O-])CN(CCN(CC(=O)[O-])CC(=O)O)CCN(CC(=O)[O-])CC(=O)O.[Gd+3],6857474.0,6857474.0,PubChem_ID,0,ok,0,0
Gadopentetate dimeglumine,CC(C)=CC1CC(C)(O)C2C3CCC4C5(C)CCC(OC6OCC(O)C(OC7OC(CO)C(O)C(O)C7OC7OCC(O)C(O)C7O)C6OC6OCC(O)C(O)C6O)C(C)(C)C5CCC4(C)C34COC2(C4)O1,131751658.0,131751658.0,PubChem_ID,0,ok,0,0
Gadoteridol,CC(O)CN1CCN(CC(=O)[O-])CCN(CC(=O)[O-])CCN(CC(=O)[O-])CC1.[Gd+3],60714.0,60714.0,PubChem_ID,142,ok,142,0
Galantamine,COc1ccc2c3c1OC1CC(O)C=CC31CCN(C)C2,9651.0,9651.0,PubChem_ID,193,ok,193,0
Gamma-aminobutyric acid,NCCCC(=O)O,119.0,119.0,PubChem_ID,2,ok,2,0
Ganciclovir,Nc1nc(=O)c2ncn(COC(CO)CO)c2[nH]1,135398740.0,135398740.0,PubChem_ID,95,ok,95,0
Gatifloxacin,COc1c(N2CCNC(C)C2)c(F)cc2c(=O)c(C(=O)O)cn(C3CC3)c12,5379.0,5379.0,PubChem_ID,2,ok,2,0
Gemeprost,CCCCC(C)(C)C(O)C=CC1C(O)CC(=O)C1CCCCC=CC(=O)OC,5282237.0,5282237.0,PubChem_ID,2,ok,2,0
Gemfibrozil,Cc1ccc(C)c(OCCCC(C)(C)C(=O)O)c1,3463.0,3463.0,PubChem_ID,219,ok,219,0
Gentamicin,CNC(C)C1CCC(N)C(OC2C(N)CC(N)C(OC3OCC(C)(O)C(NC)C3O)C2O)O1,3467.0,3467.0,PubChem_ID,221,ok,221,0
Glimepiride,CCC1=C(C)CN(C(=O)NCCc2ccc(S(=O)(=O)NC(=O)NC3CCC(C)CC3)cc2)C1=O,3476.0,3476.0,PubChem_ID,2,ok,2,0
Glipizide,Cc1cnc(C(=O)NCCc2ccc(S(=O)(=O)NC(=O)NC3CCCCC3)cc2)cn1,3478.0,3478.0,PubChem_ID,124,ok,124,0
Glutamine,NC(=O)CCC(N)C(=O)O,5961.0,5961.0,PubChem_ID,121,ok,121,0
Glycerin,OCC(O)CO,753.0,753.0,PubChem_ID,96,ok,96,0
Glycerol phenylbutyrate,O=C(CCCc1ccccc1)OCC(COC(=O)CCCc1ccccc1)OC(=O)CCCc1ccccc1,10482134.0,10482134.0,PubChem_ID,2,ok,2,0
Glycine,NCC(=O)O,750.0,750.0,PubChem_ID,34,ok,34,0
Granisetron,CN1C2CCCC1CC(NC(=O)c1nn(C)c3ccccc13)C2,5284566.0,5284566.0,PubChem_ID,0,ok,0,0
Griseofulvin,COC1=CC(=O)CC(C)C12Oc1c(Cl)c(OC)cc(OC)c1C2=O,441140.0,441140.0,PubChem_ID,67,ok,67,0
Guaifenesin,COc1ccccc1OCC(O)CO,3516.0,3516.0,PubChem_ID,61,ok,61,0
Guanfacine,N=C(N)NC(=O)Cc1c(Cl)cccc1Cl,3519.0,3519.0,PubChem_ID,8,ok,8,0
Guanidine,N=C(N)N,3520.0,3520.0,PubChem_ID,164,ok,164,0
Halobetasol,CC1CC2C3CC(F)C4=CC(=O)C=CC4(C)C3(F)C(O)CC2(C)C1(O)C(=O)CCl,5311167.0,5311167.0,PubChem_ID,0,ok,0,0
Haloperidol decanoate,CCCCCCCCCC(=O)OC1(c2ccc(Cl)cc2)CCN(CCCC(=O)c2ccc(F)cc2)CC1,52919.0,52919.0,PubChem_ID,12,ok,12,0
Halothane,FC(F)(F)C(Cl)Br,3562.0,3562.0,PubChem_ID,229,ok,229,0
Hemin,C=CC1=C(C)c2cc3[n-]c(cc4[n-]c(cc5nc(cc1n2)C(C)=C5C=C)c(C)c4CCC(=O)O)c(CCC(=O)O)c3C.[Fe+2],26945.0,26945.0,PubChem_ID,0,ok,0,0
Hepatitis b vaccine,CSCCC(N)C(=O)NC(CCC(N)=O)C(=O)NC(Cc1c[nH]c2ccccc12)C(=O)NC(CC(N)=O)C(=O)NC(CO)C(=O)NC(C(=O)NC(C(=O)NC(Cc1ccccc1)C(=O)NC(CC1C=NC=N1)C(=O)NC(CCC(N)=O)C(=O)NC(C(=O)NC(CC(C)C)C(=O)NC(CCC(N)=O)C(=O)NC(CC(=O)O)C(=O)N1CCCC1C(=O)NC(CCCN=C(N)N)C(=O)NC(C(=O)OC(=O)CNC(=O)CNC(=O)C(C)NC(=O)C1CCCN1C(=O)C(Cc1ccccc1)NC(=O)C(Cc1ccc(O)cc1)NC(=O)C(CC(C)C)NC(=O)CNC(=O)C(N)CCCNC(=N)N)C(C)C)C(C)O)C(C)O)C(C)O,16131310.0,16131310.0,PubChem_ID,7,ok,7,0
Hetastarch,COC1C(CO)OC(OCC2OC(OC3C(CO)OC(C)C(O)C3O)C(O)C(O)C2OC2OC(CO)C(OC)C(O)C2OCCO)C(O)C1O,24846132.0,24846132.0,PubChem_ID,0,ok,0,0
Hex-hgrf,CCC=CCC(=O)NC(Cc1ccc(O)cc1)C(=O)NC(C)C(=O)NC(CC(=O)O)C(=O)NC(C)C(=O)NC(C(=O)NC(Cc1ccccc1)C(=O)NC(C(=O)NC(CC(N)=O)C(=O)NC(CO)C(=O)NC(Cc1ccc(O)cc1)C(=O)NC(CCCN=C(N)N)C(=O)NC(CCCCN)C(=O)NC(C(=O)NCC(=O)NC(CC(C)C)C(=O)NC(CCC(N)=O)C(=O)NC(CC(C)C)C(=O)NC(CO)C(=O)NC(C)C(=O)NC(CCCNC(=N)N)C(=O)NC(CCCCN)C(=O)NC(CC(C)C)C(=O)NC(CC(C)C)C(=O)NC(CCC(N)=O)C(=O)NC(CC(=O)O)C(=O)NC(C(=O)NC(CCSC)C(=O)NC(CO)C(=O)NC(CCCNC(=N)N)C(=O)NC(CCC(N)=O)C(=O)NCC(=O)NC(CCC(N)=O)C(=O)NC(CCC(=O)O)C(=O)NC(CO)C(=O)NC(CC(N)=O)C(=O)NC(CCC(N)=O)C(=O)NC(CCC(=O)O)C(=O)NC(CCCNC(=N)N)C(=O)NC(C)C(=O)NCC(=O)NC(CCCNC(=N)N)C(=O)NC(C)C(=O)NC(CCCNC(=N)N)C(=O)NC(CC(C)C)C(N)=O)C(C)CC)C(C)C)C(C)O)C(C)CC,44201342.0,44201342.0,PubChem_ID,0,ok,0,0
Histamine,NCCc1c[nH]cn1,774.0,774.0,PubChem_ID,26,ok,26,0
Histrelin,CCNC(=O)C1CCCN1C(=O)C(CCCN=C(N)N)NC(=O)C(CC(C)C)NC(=O)C(Cc1cn(Cc2ccccc2)cn1)NC(=O)C(Cc1ccc(O)cc1)NC(=O)C(CO)NC(=O)C(Cc1c[nH]c2ccccc12)NC(=O)C(Cc1c[nH]cn1)NC(=O)C1CCC(=O)N1,25077993.0,25077993.0,PubChem_ID,65,ok,65,0
Homatropine,CN1C2CCC1CC(OC(=O)C(O)c1ccccc1)C2,688024.0,688024.0,PubChem_ID,0,ok,0,0
Hydrocortisone sodium succinate,CC12CCC(=O)C=C1CCC1C2C(O)CC2(C)C1CCC2(O)C(=O)COC(=O)CCC(=O)[O-],23694214.0,23694214.0,PubChem_ID,6,ok,6,0
Hydroxybutanedial,O=CCC(=O)CO,5288169.0,5288169.0,PubChem_ID,0,ok,0,0
Hydroxybutanoic acid,O=C(O)CCCO,10413.0,10413.0,PubChem_ID,116,ok,116,0
Hydroxyprogesterone,CC(=O)C1(O)CCC2C3CC=C4CC(=O)CCC4(C)C3CCC21C,6238.0,6238.0,PubChem_ID,34,ok,34,0
Hydroxyprogesterone caproate,CCCCCC(=O)OC1(C(C)=O)CCC2C3CC=C4CC(=O)CCC4(C)C3CCC21C,169870.0,169870.0,PubChem_ID,4,ok,4,0
Hydroxyurea,NC(O)=NO,3657.0,3657.0,PubChem_ID,161,ok,161,0
Hydroxyzine,OCCOCCN1CCN(C(c2ccccc2)c2ccc(Cl)cc2)CC1,3658.0,3658.0,PubChem_ID,107,ok,107,0
Ibandronate sodium,CCCCCN(C)CCC(O)(P(=O)([O-])O)P(=O)(O)O,23670359.0,23670359.0,PubChem_ID,0,ok,0,0
Ibandronic acid,CCCCCN(C)CCC(O)(P(=O)(O)O)P(=O)(O)O,60852.0,60852.0,PubChem_ID,13,ok,13,0
Ibritumomab tiuxetan,CNC(=O)Nc1ccc(CC(CN(CC(=O)O)CC(C)N(CC(=O)O)CC(=O)O)N(CC(=O)O)CC(=O)O)cc1,92002593.0,92002593.0,PubChem_ID,0,ok,0,0
Icatibant,N=C(N)NCCCC(N)C(=O)NC(CCCN=C(N)N)C(=O)N1CCCC1C(=O)N1CC(O)CC1C(=O)NCC(=O)NC(Cc1cccs1)C(=O)NC(CO)C(=O)N1Cc2ccccc2CC1C(=O)N1C(C(=O)NC(CCCN=C(N)N)C(=O)O)CC2CCCCC21,6918173.0,6918173.0,PubChem_ID,0,ok,0,0
Icosapent ethyl,CCC=CCC=CCC=CCC=CCC=CCCCC(=O)OCC,9831415.0,9831415.0,PubChem_ID,2,ok,2,0
Inamrinone,Nc1cc(-c2ccncc2)c[nH]c1=O,3698.0,3698.0,PubChem_ID,1,ok,1,0
Indacaterol,CCc1cc2c(cc1CC)CC(NCC(O)c1ccc(O)c3[nH]c(=O)ccc13)C2,6918554.0,6918554.0,PubChem_ID,1,ok,1,0
Ingenol mebutate,CC=C(C)C(=O)OC1C(C)=CC23C(=O)C(=CC(CO)C(O)C12O)C1C(CC3C)C1(C)C,6918670.0,6918670.0,PubChem_ID,155,ok,155,0
Insulin (human),CCC(C)C(NC(=O)CN)C(=O)NC(C(=O)NC(CCC(=O)O)C(=O)NC(CCC(N)=O)C(=O)NC1CSSCC2NC(=O)C(C(C)CC)NC(=O)C(CO)NC(=O)C(C(C)O)NC(=O)C(CSSCC(NC(=O)C(CC(C)C)NC(=O)C(Cc3c[nH]cn3)NC(=O)C(CCC(N)=O)NC(=O)C(CC(N)=O)NC(=O)C(NC(=O)C(N)Cc3ccccc3)C(C)C)C(=O)NCC(=O)NC(CO)C(=O)NC(Cc3c[nH]cn3)C(=O)NC(CC(C)C)C(=O)NC(C(C)C)C(=O)NC(CCC(=O)O)C(=O)NC(C)C(=O)NC(CC(C)C)C(=O)NC(Cc3ccc(O)cc3)C(=O)NC(CC(C)C)C(=O)NC(C(C)C)C(=O)NC(C(=O)NCC(=O)NC(CCC(=O)O)C(=O)NC(CCCN=C(N)N)C(=O)NCC(=O)NC(Cc3ccccc3)C(=O)NC(Cc3ccccc3)C(=O)NC(Cc3ccc(O)cc3)C(=O)NC(C(=O)N3CCCC3C(=O)NC(CCCCN)C(=O)NC(C(=O)O)C(C)O)C(C)O)CSSCC(C(=O)NC(CC(N)=O)C(=O)O)NC(=O)C(Cc3ccc(O)cc3)NC(=O)C(CC(N)=O)NC(=O)C(CCC(=O)O)NC(=O)C(CC(C)C)NC(=O)C(CCC(N)=O)NC(=O)C(Cc3ccc(O)cc3)NC(=O)C(CC(C)C)NC(=O)C(CO)NC2=O)NC1=O)C(C)C,118984375.0,118984375.0,PubChem_ID,5,ok,5,0
Insulin aspart,CCC(C)C(NC(=O)CN)C(=O)NC(C(=O)NC(CCC(=O)O)C(=O)NC(CCC(N)=O)C(=O)NC1CSSCC2NC(=O)C(C(C)CC)NC(=O)C(CO)NC(=O)C(C(C)O)NC(=O)C(CSSCC(NC(=O)C(CC(C)C)NC(=O)C(Cc3c[nH]cn3)NC(=O)C(CCC(N)=O)NC(=O)C(CC(N)=O)NC(=O)C(NC(=O)C(N)Cc3ccccc3)C(C)C)C(=O)NCC(=O)NC(CO)C(=O)NC(Cc3c[nH]cn3)C(=O)NC(CC(C)C)C(=O)NC(C(C)C)C(=O)NC(CCC(=O)O)C(=O)NC(C)C(=O)NC(CC(C)C)C(=O)NC(Cc3ccc(O)cc3)C(=O)NC(CC(C)C)C(=O)NC(C(C)C)C(=O)NC(C(=O)NCC(=O)NC(CCC(=O)O)C(=O)NC(CCCN=C(N)N)C(=O)NCC(=O)NC(Cc3ccccc3)C(=O)NC(Cc3ccccc3)C(=O)NC(Cc3ccc(O)cc3)C(=O)NC(C(=O)NC(CC(=O)O)C(=O)NC(CCCCN)C(=O)NC(C(=O)O)C(C)O)C(C)O)CSSCC(C(=O)NC(CC(N)=O)C(=O)O)NC(=O)C(Cc3ccc(O)cc3)NC(=O)C(CC(N)=O)NC(=O)C(CCC(=O)O)NC(=O)C(CC(C)C)NC(=O)C(CCC(N)=O)NC(=O)C(Cc3ccc(O)cc3)NC(=O)C(CC(C)C)NC(=O)C(CO)NC2=O)NC1=O)C(C)C,118984445.0,118984445.0,PubChem_ID,0,ok,0,0
Insulin degludec,CCC(C)C(NC(=O)CN)C(=O)NC(C(=O)NC(CCC(=O)O)C(=O)NC(CCC(N)=O)C(=O)NC1CSSCC2NC(=O)C(C(C)CC)NC(=O)C(CO)NC(=O)C(C(C)O)NC(=O)C(CSSCC(NC(=O)C(CC(C)C)NC(=O)C(Cc3c[nH]cn3)NC(=O)C(CCC(N)=O)NC(=O)C(CC(N)=O)NC(=O)C(NC(=O)C(N)Cc3ccccc3)C(C)C)C(=O)NCC(=O)NC(CO)C(=O)NC(Cc3c[nH]cn3)C(=O)NC(CC(C)C)C(=O)NC(C(C)C)C(=O)NC(CCC(=O)O)C(=O)NC(C)C(=O)NC(CC(C)C)C(=O)NC(Cc3ccc(O)cc3)C(=O)NC(CC(C)C)C(=O)NC(C(C)C)C(=O)NC(C(=O)NCC(=O)NC(CCC(=O)O)C(=O)NC(CCCN=C(N)N)C(=O)NCC(=O)NC(Cc3ccccc3)C(=O)NC(Cc3ccccc3)C(=O)NC(Cc3ccc(O)cc3)C(=O)NC(C(=O)N3CCCC3C(=O)NC(CCCCNC(=O)CCC(NC(=O)CCCCCCCCCCCCCCC(=O)O)C(=O)O)C(=O)O)C(C)O)CSSCC(C(=O)NC(CC(N)=O)C(=O)O)NC(=O)C(Cc3ccc(O)cc3)NC(=O)C(CC(N)=O)NC(=O)C(CCC(=O)O)NC(=O)C(CC(C)C)NC(=O)C(CCC(N)=O)NC(=O)C(Cc3ccc(O)cc3)NC(=O)C(CC(C)C)NC(=O)C(CO)NC2=O)NC1=O)C(C)C,118984462.0,118984462.0,PubChem_ID,0,ok,0,0
Insulin detemir,CCCCCCCCCCCCCC(=O)NCCCCC(NC(=O)C1CCCN1C(=O)C(NC(=O)C(Cc1ccc(O)cc1)NC(=O)C(Cc1ccccc1)NC(=O)C(Cc1ccccc1)NC(=O)CNC(=O)C(CCCN=C(N)N)NC(=O)C(CCC(=O)O)NC(=O)CNC(=O)C1CSSCC(C(=O)NC(CC(N)=O)C(=O)O)NC(=O)C(Cc2ccc(O)cc2)NC(=O)C(CC(N)=O)NC(=O)C(CCC(=O)O)NC(=O)C(CC(C)C)NC(=O)C(CCC(N)=O)NC(=O)C(Cc2ccc(O)cc2)NC(=O)C(CC(C)C)NC(=O)C(CO)NC(=O)C2CSSCC(NC(=O)C(CCC(N)=O)NC(=O)C(CCC(=O)O)NC(=O)C(NC(=O)C(NC(=O)CN)C(C)CC)C(C)C)C(=O)NC(CSSCC(NC(=O)C(CC(C)C)NC(=O)C(Cc3c[nH]cn3)NC(=O)C(CCC(N)=O)NC(=O)C(CC(N)=O)NC(=O)C(NC(=O)C(N)Cc3ccccc3)C(C)C)C(=O)NCC(=O)NC(CO)C(=O)NC(Cc3c[nH]cn3)C(=O)NC(CC(C)C)C(=O)NC(C(C)C)C(=O)NC(CCC(=O)O)C(=O)NC(C)C(=O)NC(CC(C)C)C(=O)NC(Cc3ccc(O)cc3)C(=O)NC(CC(C)C)C(=O)NC(C(C)C)C(=O)N1)C(=O)NC(C(C)O)C(=O)NC(CO)C(=O)NC(C(C)CC)C(=O)N2)C(C)O)C(=O)O,16137271.0,16137271.0,PubChem_ID,0,ok,0,0
Insulin glargine,CCC(C)C(NC(=O)CN)C(=O)NC(C(=O)NC(CCC(=O)O)C(=O)NC(CCC(N)=O)C(=O)NC1CSSCC2NC(=O)C(C(C)CC)NC(=O)C(CO)NC(=O)C(C(C)O)NC(=O)C(CSSCC(NC(=O)C(CC(C)C)NC(=O)C(Cc3c[nH]cn3)NC(=O)C(CCC(N)=O)NC(=O)C(CC(N)=O)NC(=O)C(NC(=O)C(N)Cc3ccccc3)C(C)C)C(=O)NCC(=O)NC(CO)C(=O)NC(Cc3c[nH]cn3)C(=O)NC(CC(C)C)C(=O)NC(C(C)C)C(=O)NC(CCC(=O)O)C(=O)NC(C)C(=O)NC(CC(C)C)C(=O)NC(Cc3ccc(O)cc3)C(=O)NC(CC(C)C)C(=O)NC(C(C)C)C(=O)NC(C(=O)NCC(=O)NC(CCC(=O)O)C(=O)NC(CCCN=C(N)N)C(=O)NCC(=O)NC(Cc3ccccc3)C(=O)NC(Cc3ccccc3)C(=O)NC(Cc3ccc(O)cc3)C(=O)NC(C(=O)N3CCCC3C(=O)NC(CCCCN)C(=O)NC(C(=O)NC(CCCNC(=N)N)C(=O)NC(CCCNC(=N)N)C(=O)O)C(C)O)C(C)O)CSSCC(C(=O)NCC(=O)O)NC(=O)C(Cc3ccc(O)cc3)NC(=O)C(CC(N)=O)NC(=O)C(CCC(=O)O)NC(=O)C(CC(C)C)NC(=O)C(CCC(N)=O)NC(=O)C(Cc3ccc(O)cc3)NC(=O)C(CC(C)C)NC(=O)C(CO)NC2=O)NC1=O)C(C)C,118984454.0,118984454.0,PubChem_ID,1,ok,1,0
Insulin glulisine,CCC(C)C(NC(=O)CN)C(=O)NC(C(=O)NC(CCC(=O)O)C(=O)NC(CCC(N)=O)C(=O)NC1CSSCC2NC(=O)C(C(C)CC)NC(=O)C(CO)NC(=O)C(C(C)O)NC(=O)C(CSSCC(NC(=O)C(CC(C)C)NC(=O)C(Cc3c[nH]cn3)NC(=O)C(CCC(N)=O)NC(=O)C(CCCCN)NC(=O)C(NC(=O)C(N)Cc3ccccc3)C(C)C)C(=O)NCC(=O)NC(CO)C(=O)NC(Cc3c[nH]cn3)C(=O)NC(CC(C)C)C(=O)NC(C(C)C)C(=O)NC(CCC(=O)O)C(=O)NC(C)C(=O)NC(CC(C)C)C(=O)NC(Cc3ccc(O)cc3)C(=O)NC(CC(C)C)C(=O)NC(C(C)C)C(=O)NC(C(=O)NCC(=O)NC(CCC(=O)O)C(=O)NC(CCCN=C(N)N)C(=O)NCC(=O)NC(Cc3ccccc3)C(=O)NC(Cc3ccccc3)C(=O)NC(Cc3ccc(O)cc3)C(=O)NC(C(=O)N3CCCC3C(=O)NC(CCC(=O)O)C(=O)NC(C(=O)O)C(C)O)C(C)O)CSSCC(C(=O)NC(CC(N)=O)C(=O)O)NC(=O)C(Cc3ccc(O)cc3)NC(=O)C(CC(N)=O)NC(=O)C(CCC(=O)O)NC(=O)C(CC(C)C)NC(=O)C(CCC(N)=O)NC(=O)C(Cc3ccc(O)cc3)NC(=O)C(CC(C)C)NC(=O)C(CO)NC2=O)NC1=O)C(C)C,16136701.0,16136701.0,PubChem_ID,0,ok,0,0
Iodipamide,O=C(CCCCC(=O)Nc1c(I)cc(I)c(C(=O)O)c1I)Nc1c(I)cc(I)c(C(=O)O)c1I,3739.0,3739.0,PubChem_ID,57,ok,57,0
Ioflupane i-123,COC(=O)C1C(c2ccc(I)cc2)CC2CCC1N2CCCF,3086674.0,3086674.0,PubChem_ID,2,ok,2,0
Iopamidol,CC(O)C(=O)Nc1c(I)c(C(=O)NC(CO)CO)c(I)c(C(=O)NC(CO)CO)c1I,65492.0,65492.0,PubChem_ID,95,ok,95,0
Iothalamic acid,CNC(=O)c1c(I)c(NC(C)=O)c(I)c(C(=O)O)c1I,3737.0,3737.0,PubChem_ID,2,ok,2,0
Iotrolan,CN(C(=O)CC(=O)N(C)c1c(I)c(C(=O)NC(CO)C(O)CO)c(I)c(C(=O)NC(CO)C(O)CO)c1I)c1c(I)c(C(=O)NC(CO)C(O)CO)c(I)c(C(=O)NC(CO)C(O)CO)c1I,3738.0,3738.0,PubChem_ID,0,ok,0,0
Ioxaglic acid,CNC(=O)c1c(I)c(C(=O)NCC(=O)Nc2c(I)c(C(=O)O)c(I)c(C(=O)NCCO)c2I)c(I)c(N(C)C(C)=O)c1I,3742.0,3742.0,PubChem_ID,129,ok,129,0
Ioxilan,CC(=O)N(CC(O)CO)c1c(I)c(C(=O)NCCO)c(I)c(C(=O)NCC(O)CO)c1I,3743.0,3743.0,PubChem_ID,0,ok,0,0
Iron;nitroxyl anion;pentacyanide,[C-]#N.[C-]#N.[C-]#N.[C-]#N.[C-]#N.[Fe].[N-]=O,11947681.0,11947681.0,PubChem_ID,0,ok,0,0
Isavuconazole,CC(c1nc(-c2ccc(C#N)cc2)cs1)C(O)(Cn1cncn1)c1cc(F)ccc1F,6918485.0,6918485.0,PubChem_ID,2,ok,2,0
Isoniazid,NNC(=O)c1ccncc1,3767.0,3767.0,PubChem_ID,374,ok,374,0
Isosorbide,OC1COC2C(O)COC12,12597.0,12597.0,PubChem_ID,112,ok,112,0
Isosorbide mononitrate,O=[N+]([O-])OC1COC2C(O)COC12,27661.0,27661.0,PubChem_ID,10,ok,10,0
Isradipine,COC(=O)C1=C(C)N=C(C)C(C(=O)OC(C)C)C1c1cccc2nonc12,3784.0,3784.0,PubChem_ID,6,ok,6,0
Istradefylline,CCn1c(=O)c2c(nc(C=Cc3ccc(OC)c(OC)c3)n2C)n(CC)c1=O,5311037.0,5311037.0,PubChem_ID,6,ok,6,0
Ivacaftor,CC(C)(C)c1cc(C(C)(C)C)c(NC(=O)c2c[nH]c3ccccc3c2=O)cc1O,16220172.0,16220172.0,PubChem_ID,4,ok,4,0
Ivermectin,CCC(C)C1OC2(CCC1C)CC1CC(CC=C(C)C(OC3CC(OC)C(OC4CC(OC)C(O)C(C)O4)C(C)O3)C(C)C=CC=C3COC4C(O)C(C)=CC(C(=O)O1)C34O)O2,6321424.0,6321424.0,PubChem_ID,17,ok,17,0
Ivosidenib,N#Cc1ccnc(N2C(=O)CCC2C(=O)N(c2cncc(F)c2)C(C(=O)NC2CC(F)(F)C2)c2ccccc2Cl)c1,71657455.0,71657455.0,PubChem_ID,13,ok,13,0
Kanamycin,NCC1OC(OC2C(N)CC(N)C(OC3OC(CO)C(O)C(N)C3O)C2O)C(O)C(O)C1O,6032.0,6032.0,PubChem_ID,157,ok,157,0
Ketoconazole,CC(=O)N1CCN(c2ccc(OCC3COC(Cn4ccnc4)(c4ccc(Cl)cc4Cl)O3)cc2)CC1,3823.0,3823.0,PubChem_ID,17,ok,17,0
Ketotifen,CN1CCC(=C2c3ccccc3CC(=O)c3sccc32)CC1,3827.0,3827.0,PubChem_ID,68,ok,68,0
Kinetin,c1coc(CNc2ncnc3[nH]cnc23)c1,3830.0,3830.0,PubChem_ID,85,ok,85,0
Lactulose,OCC1OC(OC2C(CO)OC(O)(CO)C2O)C(O)C(O)C1O,11333.0,11333.0,PubChem_ID,15,ok,15,0
Lamisil,C[NH+](CC=CC#CC(C)(C)C)Cc1cccc2ccccc12,1549007.0,1549007.0,PubChem_ID,0,ok,0,0
Lanreotide acetate,CC(C)C1NC(=O)C(CCCCN)NC(=O)C(Cc2c[nH]c3ccccc23)NC(=O)C(Cc2ccc(O)cc2)NC(=O)C(NC(=O)C(N)Cc2ccc3ccccc3c2)CSSCC(C(=O)NC(C(N)=O)C(C)O)NC1=O,71349.0,71349.0,PubChem_ID,0,ok,0,0
Larotrectinib,O=C(Nc1cnn2ccc(N3CCCC3c3cc(F)ccc3F)nc12)N1CCC(O)C1,46188928.0,46188928.0,PubChem_ID,5,ok,5,0
Lasmiditan,CN1CCC(C(=O)c2cccc(NC(=O)c3c(F)cc(F)cc3F)n2)CC1,11610526.0,11610526.0,PubChem_ID,4,ok,4,0
Lasofoxifene,Oc1ccc2c(c1)CCC(c1ccccc1)C2c1ccc(OCCN2CCCC2)cc1,216416.0,216416.0,PubChem_ID,0,ok,0,0
Lercanidipine,COC(=O)C1=C(C)N=C(C)C(C(=O)OC(C)(C)CN(C)CCC(c2ccccc2)c2ccccc2)C1c1cccc([N+](=O)[O-])c1,65866.0,65866.0,PubChem_ID,2,ok,2,0
Lesinurad,O=C(O)CSc1nnc(Br)n1-c1ccc(C2CC2)c2ccccc12,53465279.0,53465279.0,PubChem_ID,5,ok,5,0
Letermovir,COc1cccc(N2CCN(C3=Nc4c(F)cccc4C(CC(=O)O)N3c3cc(C(F)(F)F)ccc3OC)CC2)c1,45138674.0,45138674.0,PubChem_ID,10,ok,10,0
Levobunolol,CC(C)(C)NCC(O)COc1cccc2c1CCCC2=O,39468.0,39468.0,PubChem_ID,0,ok,0,0
Levocarnitine,C[N+](C)(C)CC(O)CC(=O)[O-],10917.0,10917.0,PubChem_ID,102,ok,102,0
Levodopa,NC(Cc1ccc(O)c(O)c1)C(=O)O,6047.0,6047.0,PubChem_ID,237,ok,237,0
Levodopa-4'-monophosphate,NC(Cc1ccc(OP(=O)(O)O)c(O)c1)C(=O)O,127766.0,127766.0,PubChem_ID,0,ok,0,0
Levorphanol,CN1CCC23CCCCC2C1Cc1ccc(O)cc13,5359272.0,5359272.0,PubChem_ID,161,ok,161,0
Lifitegrast,CS(=O)(=O)c1cccc(CC(NC(=O)c2c(Cl)cc3c(c2Cl)CCN(C(=O)c2ccc4ccoc4c2)C3)C(=O)O)c1,11965427.0,11965427.0,PubChem_ID,1,ok,1,0
Linaclotide,CC1NC(=O)C2CCCN2C(=O)C(CC(N)=O)NC(=O)C2CSSCC(N)C(=O)NC3CSSCC(NC1=O)C(=O)NC(C(C)O)C(=O)NCC(=O)NC(C(=O)NC(Cc1ccc(O)cc1)C(=O)O)CSSCC(NC(=O)C(Cc1ccc(O)cc1)NC(=O)C(CCC(=O)O)NC3=O)C(=O)N2,16158208.0,16158208.0,PubChem_ID,131,ok,131,0
Liothyronine,NC(Cc1cc(I)c(Oc2ccc(O)c(I)c2)c(I)c1)C(=O)O,5920.0,5920.0,PubChem_ID,52,ok,52,0
Liraglutide,CCCCCCCCCCCCCCCC(=O)NC(CCC(=O)NCCCCC(NC(=O)C(C)NC(=O)C(C)NC(=O)C(CCC(N)=O)NC(=O)CNC(=O)C(CCC(=O)O)NC(=O)C(CC(C)C)NC(=O)C(Cc1ccc(O)cc1)NC(=O)C(CO)NC(=O)C(CO)NC(=O)C(NC(=O)C(CC(=O)O)NC(=O)C(CO)NC(=O)C(NC(=O)C(Cc1ccccc1)NC(=O)C(NC(=O)CNC(=O)C(CCC(=O)O)NC(=O)C(C)NC(=O)C(N)Cc1c[nH]cn1)C(C)O)C(C)O)C(C)C)C(=O)NC(CCC(=O)O)C(=O)NC(Cc1ccccc1)C(=O)NC(C(=O)NC(C)C(=O)NC(Cc1c[nH]c2ccccc12)C(=O)NC(CC(C)C)C(=O)NC(C(=O)NC(CCCNC(=N)N)C(=O)NCC(=O)NC(CCCNC(=N)N)C(=O)NCC(=O)O)C(C)C)C(C)CC)C(=O)O,16134956.0,16134956.0,PubChem_ID,180,ok,180,0
Lisdexamfetamine,CC(Cc1ccccc1)NC(=O)C(N)CCCCN,11597698.0,11597698.0,PubChem_ID,123,ok,123,0
Lodoxamide,N#Cc1cc(NC(=O)C(=O)O)c(Cl)c(NC(=O)C(=O)O)c1,44564.0,44564.0,PubChem_ID,0,ok,0,0
Lofexidine,CC(Oc1c(Cl)cccc1Cl)C1=NCCN1,30668.0,30668.0,PubChem_ID,0,ok,0,0
Lomefloxacin,CCn1cc(C(=O)O)c(=O)c2cc(F)c(N3CCNC(C)C3)c(F)c21,3948.0,3948.0,PubChem_ID,1,ok,1,0
Lomitapide,O=C(NC1CCN(CCCCC2(C(=O)NCC(F)(F)F)c3ccccc3-c3ccccc32)CC1)c1ccccc1-c1ccc(C(F)(F)F)cc1,9853053.0,9853053.0,PubChem_ID,227,ok,227,0
Lomustine,O=NN(CCCl)C(=O)NC1CCCCC1,3950.0,3950.0,PubChem_ID,130,ok,130,0
Loperamide cation,CN(C)C(=O)C(CC[NH+]1CCC(O)(c2ccc(Cl)cc2)CC1)(c1ccccc1)c1ccccc1,3954.0,3954.0,PubChem_ID,0,ok,0,0
Loracarbef,NC(C(=O)NC1C(=O)N2C(C(=O)O)=C(Cl)CCC12)c1ccccc1,5284585.0,5284585.0,PubChem_ID,2,ok,2,0
Lormetazepam,CN1C(=O)C(O)N=C(c2ccccc2Cl)c2cc(Cl)ccc21,13314.0,13314.0,PubChem_ID,13,ok,13,0
Loteprednol etabonate,CCOC(=O)OC1(C(=O)OCCl)CCC2C3CC=C4CC(=O)C=CC4(C)C3C(O)CC21C,444025.0,444025.0,PubChem_ID,2,ok,2,0
Loxapine,CN1CCN(C2=Nc3ccccc3Oc3ccc(Cl)cc32)CC1,3964.0,3964.0,PubChem_ID,49,ok,49,0
Lumateperone,CN1CCN2c3c(cccc31)C1CN(CCCC(=O)c3ccc(F)cc3)CCC12,21302490.0,21302490.0,PubChem_ID,36,ok,36,0
Lurasidone,Oc1c2c(c(O)n1CC1CCCCC1CN1CCN(c3nsc4ccccc34)CC1)C1CCC2C1,213046.0,213046.0,PubChem_ID,145,ok,145,0
Lurbinectedin,COc1ccc2[nH]c3c(c2c1)CCNC31CSC2c3c(OC(C)=O)c(C)c4c(c3C(COC1=O)N1C(O)C3Cc5cc(C)c(OC)c(O)c5C(C21)N3C)OCO4,57327016.0,57327016.0,PubChem_ID,11,ok,11,0
Lutetium oxodotreotide lu-177,CC(O)C(NC(=O)C1CSSCC(NC(=O)C(Cc2ccccc2)NC(=O)CN2CCN(CC(=O)[O-])CCN(CC(=O)[O-])CCN(CC(=O)[O-])CC2)C(=O)NC(Cc2ccc(O)cc2)C(=O)NC(Cc2c[nH]c3ccccc23)C(=O)NC(CCCCN)C(=O)NC(C(C)O)C(=O)N1)C(=O)O.[Lu+3],76966897.0,76966897.0,PubChem_ID,0,ok,0,0
Lymecycline,CN(C)C1C(=O)C(C(=O)NCNCCCCC(N)C(=O)O)C(=O)C2(O)C(=O)C3C(=O)c4c(O)cccc4C(C)(O)C3CC12,54707177.0,54707177.0,PubChem_ID,0,ok,0,0
Lymphazurin,CCN(CC)c1ccc(C(=C2C=CC(=[N+](CC)CC)C=C2)c2cc(S(=O)(=O)O)ccc2S(=O)(=O)[O-])cc1,101316975.0,101316975.0,PubChem_ID,0,ok,0,0
Mafenide,NCc1ccc(S(N)(=O)=O)cc1,3998.0,3998.0,PubChem_ID,0,ok,0,0
Malvidin chloride,COc1cc(-c2[o+]c3cc(O)cc(O)c3cc2O)cc(OC)c1O,69512.0,69512.0,PubChem_ID,0,ok,0,0
Mangafodipir trisodium,Cc1ncc(COP(=O)([O-])[O-])c(CN(CCN(CC(=O)[O-])Cc2c(COP(=O)([O-])[O-])cnc(C)c2[O-])CC(=O)[O-])c1[O-].[H+].[H+].[H+].[Mn+2],160036.0,160036.0,PubChem_ID,16,ok,16,0
Maralixibat,CCCCC1(CCCC)CS(=O)(=O)c2ccc(N(C)C)cc2C(c2ccc(OCc3ccc(C[N+]45CCN(CC4)CC5)cc3)cc2)C1O,9831643.0,9831643.0,PubChem_ID,12,ok,12,0
Maraviroc,Cc1nnc(C(C)C)n1C1CC2CCC(C1)N2CCC(NC(=O)C1CCC(F)(F)CC1)c1ccccc1,3002977.0,3002977.0,PubChem_ID,0,ok,0,0
Maribavir,CC(C)Nc1nc2cc(Cl)c(Cl)cc2n1C1OC(CO)C(O)C1O,471161.0,471161.0,PubChem_ID,10,ok,10,0
Mebendazole,COC(=O)Nc1nc2cc(C(=O)c3ccccc3)ccc2[nH]1,4030.0,4030.0,PubChem_ID,61,ok,61,0
Mebeverine,CCN(CCCCOC(=O)c1ccc(OC)c(OC)c1)C(C)Cc1ccc(OC)cc1,4031.0,4031.0,PubChem_ID,1,ok,1,0
Meclizine,Cc1cccc(CN2CCN(C(c3ccccc3)c3ccc(Cl)cc3)CC2)c1,4034.0,4034.0,PubChem_ID,94,ok,94,0
Medronic acid,O=P(O)(O)CP(=O)(O)O,16124.0,16124.0,PubChem_ID,1,ok,1,0
Melatonin,COc1ccc2[nH]cc(CCNC(C)=O)c2c1,896.0,896.0,PubChem_ID,178,ok,178,0
Memantine,CC12CC3CC(C)(C1)CC(N)(C3)C2,4054.0,4054.0,PubChem_ID,150,ok,150,0
Mepivacaine,Cc1cccc(C)c1NC(=O)C1CCCCN1C,4062.0,4062.0,PubChem_ID,3,ok,3,0
Meprobamate,CCCC(C)(COC(N)=O)COC(N)=O,4064.0,4064.0,PubChem_ID,137,ok,137,0
Mercaptopurine,S=c1[nH]cnc2[nH]cnc12,667490.0,667490.0,PubChem_ID,186,ok,186,0
Mertiatide,O=C(O)CNC(=O)CNC(=O)CNC(=O)CS,60778.0,60778.0,PubChem_ID,0,ok,0,0
Mesalamine,Nc1ccc(O)c(C(=O)O)c1,4075.0,4075.0,PubChem_ID,161,ok,161,0
Mesna,O=S(=O)([O-])CCS,23662354.0,23662354.0,PubChem_ID,30,ok,30,0
Metaxalone,Cc1cc(C)cc(OCC2CNC(=O)O2)c1,15459.0,15459.0,PubChem_ID,110,ok,110,0
Methane,C,297.0,297.0,PubChem_ID,147,ok,147,0
Methocarbamol,COc1ccccc1OCC(O)COC(N)=O,4107.0,4107.0,PubChem_ID,116,ok,116,0
Methoxsalen,COc1c2occc2cc2ccc(=O)oc12,4114.0,4114.0,PubChem_ID,182,ok,182,0
Methsuximide,CN1C(=O)CC(C)(c2ccccc2)C1=O,6476.0,6476.0,PubChem_ID,83,ok,83,0
Methyclothiazide,CN1C(CCl)Nc2cc(Cl)c(S(N)(=O)=O)cc2S1(=O)=O,4121.0,4121.0,PubChem_ID,30,ok,30,0
Methyl salicylate,COC(=O)c1ccccc1O,4133.0,4133.0,PubChem_ID,107,ok,107,0
Methylnaltrexone,C[N+]1(CC2CC2)CCC23c4c5ccc(O)c4OC2C(=O)CCC3(O)C1C5,5361918.0,5361918.0,PubChem_ID,0,ok,0,0
Methylphenidate,COC(=O)C(c1ccccc1)C1CCCCN1,4158.0,4158.0,PubChem_ID,151,ok,151,0
Methylprednisolone hemisuccinate,CC1=C2CC(=O)C=CC2(C)C2C(O)CC3(C)C(CCC3(O)C(=O)COC(=O)CCC(=O)O)C2C1,16923.0,16923.0,PubChem_ID,2,ok,2,0
Methylprednisolone sodium succinate,CC1=C2CC(=O)C=CC2(C)C2C(O)CC3(C)C(CCC3(O)C(=O)COC(=O)CCC(=O)[O-])C2C1,23680530.0,23680530.0,PubChem_ID,6,ok,6,0
Metolazone,Cc1ccccc1N1C(=O)c2cc(S(N)(=O)=O)c(Cl)cc2NC1C,4170.0,4170.0,PubChem_ID,48,ok,48,0
Metyrosine,CC(N)(Cc1ccc(O)cc1)C(=O)O,441350.0,441350.0,PubChem_ID,5,ok,5,0
Micafungin,CCCCCOc1ccc(-c2cc(-c3ccc(C(=O)NC4CC(O)C(O)NC(=O)C5C(O)C(C)CN5C(=O)C(C(O)CC(N)=O)NC(=O)C(C(O)C(O)c5ccc(O)c(OS(=O)(=O)O)c5)NC(=O)C5CC(O)CN5C(=O)C(C(C)O)NC4=O)cc3)no2)cc1,477468.0,477468.0,PubChem_ID,0,ok,0,0
Midodrine,COc1ccc(OC)c(C(O)CNC(=O)CN)c1,4195.0,4195.0,PubChem_ID,57,ok,57,0
Mifepristone,CC#CC1(O)CCC2C3=C(C4=C(CC3)CC(=O)CC4)C(c3ccc(N(C)C)cc3)CC21C,55245.0,55245.0,PubChem_ID,134,ok,134,0
Migalastat,OCC1NCC(O)C(O)C1O,176077.0,176077.0,PubChem_ID,4,ok,4,0
Miglitol,OCCN1CC(O)C(O)C(O)C1CO,441314.0,441314.0,PubChem_ID,113,ok,113,0
Miglustat,CCCCN1CC(O)C(O)C(O)C1CO,51634.0,51634.0,PubChem_ID,8,ok,8,0
Milrinone,Cc1[nH]c(=O)c(C#N)cc1-c1ccncc1,4197.0,4197.0,PubChem_ID,24,ok,24,0
Minocycline anion,CN(C)c1ccc(O)c2c1=CC1CC3C([NH+](C)C)C(=O)C(C(N)=O)=C([O-])C3(O)C(=O)C1C=2[O-],26275995.0,26275995.0,PubChem_ID,0,ok,0,0
Mipomersen sodium,COCCOC1C(O)C(COP(=O)([O-])SC2C(COP(=O)([O-])SC3C(COP(=O)([O-])SC4C(COP(=O)([O-])SC5C(COP(=O)([O-])SC6CC(n7cc(C)c(N)nc7=O)OC6COP(=O)([O-])SC6CC(n7cc(C)c(=O)[nH]c7=O)OC6COP(=O)([O-])SC6CC(n7cc(C)c(=O)[nH]c7=O)OC6COP(=O)([O-])SC6CC(n7cc(C)c(N)nc7=O)OC6COP(=O)([O-])SC6CC(n7cnc8c(=O)[nH]c(N)nc87)OC6COP(=O)([O-])SC6CC(n7cc(C)c(=O)[nH]c7=O)OC6COP(=O)([O-])SC6CC(n7cc(C)c(N)nc7=O)OC6COP(=O)([O-])SC6CC(n7cc(C)c(=O)[nH]c7=O)OC6COP(=O)([O-])SC6CC(n7cnc8c(=O)[nH]c(N)nc87)OC6COP(=O)([O-])SC6CC(n7cnc8c(N)ncnc87)OC6COP(=O)([O-])SC6C(COP(=O)([O-])SC7C(COP(=O)([O-])SC8C(COP(=O)([O-])SC9C(COP(=O)([O-])SC%10C(CO)OC(n%11cnc%12c(=O)[nH]c(N)nc%12%11)C%10OCCOC)OC(n%10cc(C)c(N)nc%10=O)C9OCCOC)OC(n9cc(C)c(N)nc9=O)C8OCCOC)OC(n8cc(C)c(=O)[nH]c8=O)C7OCCOC)OC(n7cc(C)c(N)nc7=O)C6OCCOC)OC(n6cnc7c(=O)[nH]c(N)nc76)C5OCCOC)OC(n5cc(C)c(N)nc5=O)C4OCCOC)OC(n4cnc5c(N)ncnc54)C3OCCOC)OC(n3cc(C)c(N)nc3=O)C2OCCOC)OC1n1cc(C)c(N)nc1=O,44564107.0,44564107.0,PubChem_ID,0,ok,0,0
Mirtazapine,CN1CCN2c3ncccc3Cc3ccccc3C2C1,4205.0,4205.0,PubChem_ID,54,ok,54,0
Mivacurium chloride,COc1cc2c(cc1OC)C(Cc1cc(OC)c(OC)c(OC)c1)[N+](C)(CCCOC(=O)CCC=CCCC(=O)OCCC[N+]1(C)CCc3cc(OC)c(OC)cc3C1Cc1cc(OC)c(OC)c(OC)c1)CC2,5281080.0,5281080.0,PubChem_ID,3,ok,3,0
Mobocertinib,C=CC(=O)Nc1cc(Nc2ncc(C(=O)OC(C)C)c(-c3cn(C)c4ccccc34)n2)c(OC)cc1N(C)CCN(C)C,118607832.0,118607832.0,PubChem_ID,7,ok,7,0
Moclobemide,O=C(NCCN1CCOCC1)c1ccc(Cl)cc1,4235.0,4235.0,PubChem_ID,264,ok,264,0
Moexiprilat,COc1cc2c(cc1OC)CN(C(=O)C(C)NC(CCc1ccccc1)C(=O)O)C(C(=O)O)C2,55331.0,55331.0,PubChem_ID,0,ok,0,0
Molindone,CCc1c(C)[nH]c2c1C(=O)C(CN1CCOCC1)CC2,23897.0,23897.0,PubChem_ID,47,ok,47,0
Molnupiravir,CC(C)C(=O)OCC1OC(n2ccc(=NO)[nH]c2=O)C(O)C1O,145996610.0,145996610.0,PubChem_ID,6,ok,6,0
Mometasone,CC1CC2C3CC=C4CC(=O)C=CC4(C)C3(Cl)C(O)CC2(C)C1(O)C(=O)CCl,441335.0,441335.0,PubChem_ID,1,ok,1,0
Mometasone furoate,CC1CC2C3CC=C4CC(=O)C=CC4(C)C3(Cl)C(O)CC2(C)C1(OC(=O)c1ccco1)C(=O)CCl,441336.0,441336.0,PubChem_ID,2,ok,2,0
Monoethanolamine,NCCO,700.0,700.0,PubChem_ID,164,ok,164,0
Moxonidine,COc1nc(C)nc(Cl)c1NC1=NCCN1,4810.0,4810.0,PubChem_ID,2,ok,2,0
Mupirocin,CC(=CC(=O)OCCCCCCCCC(=O)O)CC1OCC(CC2OC2C(C)C(C)O)C(O)C1O,446596.0,446596.0,PubChem_ID,18,ok,18,0
Mycophenolic acid,COc1c(C)c2c(c(O)c1CC=C(C)CCC(=O)O)C(=O)OC2,446541.0,446541.0,PubChem_ID,17,ok,17,0
Nabilone,CCCCCCC(C)(C)c1cc(O)c2c(c1)OC(C)(C)C1CCC(=O)CC21,5284592.0,5284592.0,PubChem_ID,7,ok,7,0
Naldemedine,CC(C)(NC(=O)C1CC2(O)C3Cc4ccc(O)c5c4C2(CCN3CC2CC2)C(O5)C1=O)c1nc(-c2ccccc2)no1,54732242.0,54732242.0,PubChem_ID,3,ok,3,0
Naloxegol,C=CCN1CCC23c4c5ccc(O)c4OC2C(OCCOCCOCCOCCOCCOCCOCCOC)CCC3(O)C1C5,56959087.0,56959087.0,PubChem_ID,87,ok,87,0
Nandrolone decanoate,CCCCCCCCCC(=O)OC1CCC2C3CC=C4CC(=O)CCC4C3CCC12C,9677.0,9677.0,PubChem_ID,5,ok,5,0
Naratriptan,CNS(=O)(=O)CCc1ccc2[nH]cc(C3CCN(C)CC3)c2c1,4440.0,4440.0,PubChem_ID,0,ok,0,0
Natamycin,CC1CC=CC=CC=CC=CC(OC2OC(C)C(O)C(N)C2O)CC2OC(O)(CC(O)CC3OC3C=CC(=O)O1)CC(O)C2C(=O)O,5284447.0,5284447.0,PubChem_ID,6,ok,6,0
Nateglinide,CC(C)C1CCC(C(=O)NC(Cc2ccccc2)C(=O)O)CC1,5311309.0,5311309.0,PubChem_ID,8,ok,8,0
Natrecor,CCC(C)C1NC(=O)C(CCCN=C(N)N)NC(=O)C(CC(=O)O)NC(=O)C(CCSC)NC(=O)C(CCCCN)NC(=O)C(CCCNC(=N)N)NC(=O)CNC(=O)C(Cc2ccccc2)NC(=O)C(NC(=O)CNC(=O)C(CO)NC(=O)CNC(=O)C(CCC(N)=O)NC(=O)C(NC(=O)C(CCSC)NC(=O)C(CCCCN)NC(=O)C2CCCN2C(=O)C(N)CO)C(C)C)CSSCC(C(=O)NC(CCCCN)C(=O)NC(C(=O)NC(CC(C)C)C(=O)NC(CCCNC(=N)N)C(=O)NC(CCCNC(=N)N)C(=O)NC(Cc2cnc[nH]2)C(=O)O)C(C)C)NC(=O)CNC(=O)C(CC(C)C)NC(=O)CNC(=O)C(CO)NC(=O)C(CO)NC(=O)C(CO)NC(=O)C(CO)NC1=O,91976508.0,91976508.0,PubChem_ID,0,ok,0,0
Nedocromil sodium,CCCc1c2oc(C(=O)[O-])cc(=O)c2cc2c(=O)cc(C(=O)[O-])n(CC)c12,50295.0,50295.0,PubChem_ID,5,ok,5,0
Nefazodone,CCc1nn(CCCN2CCN(c3cccc(Cl)c3)CC2)c(=O)n1CCOc1ccccc1,4449.0,4449.0,PubChem_ID,116,ok,116,0
Nelarabine,COc1nc(N)nc2c1ncn2C1OC(CO)C(O)C1O,3011155.0,3011155.0,PubChem_ID,12,ok,12,0
Nepafenac,NC(=O)Cc1cccc(C(=O)c2ccccc2)c1N,151075.0,151075.0,PubChem_ID,1,ok,1,0
Neratinib,CCOc1cc2ncc(C#N)c(Nc3ccc(OCc4ccccn4)c(Cl)c3)c2cc1NC(=O)C=CCN(C)C,9915743.0,9915743.0,PubChem_ID,11,ok,11,0
Nicotinate,O=C([O-])c1cccnc1,937.0,937.0,PubChem_ID,15,ok,15,0
Nisoldipine,COC(=O)C1=C(C)N=C(C)C(C(=O)OCC(C)C)C1c1ccccc1[N+](=O)[O-],4499.0,4499.0,PubChem_ID,56,ok,56,0
Nitazoxanide,CC(=O)Oc1ccccc1C(=O)Nc1ncc([N+](=O)[O-])s1,41684.0,41684.0,PubChem_ID,8,ok,8,0
Nitisinone,O=C1CCCC(=O)C1C(=O)c1ccc(C(F)(F)F)cc1[N+](=O)[O-],115355.0,115355.0,PubChem_ID,56,ok,56,0
Nizatidine,CN=C(C[N+](=O)[O-])NCCSCc1csc(CN(C)C)n1,3033637.0,3033637.0,PubChem_ID,0,ok,0,0
Norepinephrine,NCC(O)c1ccc(O)c(O)c1,439260.0,439260.0,PubChem_ID,140,ok,140,0
Norethindrone acetate,C#CC1(OC(C)=O)CCC2C3CC=C4CC(=O)CCC4C3CCC21C,5832.0,5832.0,PubChem_ID,19,ok,19,0
Norfloxacin,CCn1cc(C(=O)O)c(=O)c2cc(F)c(N3CCNCC3)cc21,4539.0,4539.0,PubChem_ID,223,ok,223,0
Nortriptyline,CNCCC=C1c2ccccc2CCc2ccccc21,4543.0,4543.0,PubChem_ID,158,ok,158,0
Nystatin,CC1C=CC=CCCC=CC=CC=CC=CC(OC2OC(C)C(O)C(N)C2O)CC2OC(O)(CC(O)C(O)CCC(O)CC(O)CC(O)CC(=O)OC(C)C(C)C1O)CC(O)C2C(=O)O,11286230.0,11286230.0,PubChem_ID,64,ok,64,0
Obeticholic acid,CCC1C(O)C2C3CCC(C(C)CCC(=O)O)C3(C)CCC2C2(C)CCC(O)CC12,447715.0,447715.0,PubChem_ID,60,ok,60,0
Olmesartan medoxomil,CCCc1nc(C(C)(C)O)c(C(=O)OCc2oc(=O)oc2C)n1Cc1ccc(-c2ccccc2-c2nn[nH]n2)cc1,130881.0,130881.0,PubChem_ID,4,ok,4,0
Olodaterol,COc1ccc(CC(C)(C)NCC(O)c2cc(O)cc3c2OCC(=O)N3)cc1,11504295.0,11504295.0,PubChem_ID,2,ok,2,0
Olopatadine,CN(C)CCC=C1c2ccccc2COc2ccc(CC(=O)O)cc21,5281071.0,5281071.0,PubChem_ID,11,ok,11,0
Omacetaxine mepesuccinate,COC(=O)CC(O)(CCCC(C)(C)O)C(=O)OC1C(OC)=CC23CCCN2CCc2cc4c(cc2C13)OCO4,285033.0,285033.0,PubChem_ID,1,ok,1,0
Ondansetron,Cc1nccn1CC1CCc2c(c3ccccc3n2C)C1=O,4595.0,4595.0,PubChem_ID,102,ok,102,0
Opicapone,Cc1c(Cl)c(C)[n+]([O-])c(Cl)c1-c1noc(-c2cc(O)c(O)c([N+](=O)[O-])c2)n1,135565903.0,135565903.0,PubChem_ID,7,ok,7,0
Orciprenaline,CC(C)NCC(O)c1cc(O)cc(O)c1,4086.0,4086.0,PubChem_ID,3,ok,3,0
Oritavancin,CNC(CC(C)C)C(=O)NC1C(=O)NC(CC(N)=O)C(=O)NC2C(=O)NC3C(=O)NC(C(=O)NC(C(=O)O)c4cc(O)cc(O)c4-c4cc3ccc4O)C(OC3CC(C)(N)C(O)C(C)O3)c3ccc(c(Cl)c3)Oc3cc2cc(c3OC2OC(CO)C(O)C(O)C2OC2CC(C)(NCc3ccc(-c4ccc(Cl)cc4)cc3)C(O)C(C)O2)Oc2ccc(cc2Cl)C1O,16136912.0,16136912.0,PubChem_ID,0,ok,0,0
Orlistat,CCCCCCCCCCCC(CC1OC(=O)C1CCCCCC)OC(=O)C(CC(C)C)NC=O,3034010.0,3034010.0,PubChem_ID,142,ok,142,0
Oseltamivir,CCOC(=O)C1=CC(OC(CC)CC)C(NC(C)=O)C(N)C1,65028.0,65028.0,PubChem_ID,70,ok,70,0
Oseltamivir acid,CCC(CC)OC1C=C(C(=O)O)CC(N)C1NC(C)=O,449381.0,449381.0,PubChem_ID,0,ok,0,0
Oxacillin,Cc1onc(-c2ccccc2)c1C(=O)NC1C(=O)N2C1SC(C)(C)C2C(=O)O,6196.0,6196.0,PubChem_ID,27,ok,27,0
Oxandrolone,CC12COC(=O)CC1CCC1C2CCC2(C)C1CCC2(C)O,5878.0,5878.0,PubChem_ID,91,ok,91,0
Oxazepam,O=C1N=C(c2ccccc2)c2cc(Cl)ccc2NC1O,4616.0,4616.0,PubChem_ID,161,ok,161,0
Oxcarbazepine,NC(=O)N1c2ccccc2CC(=O)c2ccccc21,34312.0,34312.0,PubChem_ID,148,ok,148,0
Oxidronic acid,O=P(O)(O)C(O)P(=O)(O)O,27304.0,27304.0,PubChem_ID,0,ok,0,0
Oxybutynin,CCN(CC)CC#CCOC(=O)C(O)(c1ccccc1)C1CCCCC1,4634.0,4634.0,PubChem_ID,49,ok,49,0
Oxymetholone,CC12CC(C=O)C(=O)CC1CCC1C2CCC2(C)C1CCC2(C)O,5281034.0,5281034.0,PubChem_ID,108,ok,108,0
Oxytetracycline,CN(C)C1C(=O)C(C(N)=O)C(=O)C2(O)C(=O)C3C(=O)c4c(O)cccc4C(C)(O)C3C(O)C12,54675779.0,54675779.0,PubChem_ID,7,ok,7,0
Ozanimod,CC(C)Oc1ccc(-c2nc(-c3cccc4c3CCC4NCCO)no2)cc1C#N,52938427.0,52938427.0,PubChem_ID,13,ok,13,0
Pacritinib,C1=CCOCc2cc(ccc2OCCN2CCCC2)Nc2nccc(n2)-c2cccc(c2)COC1,46216796.0,46216796.0,PubChem_ID,6,ok,6,0
Paliperidone palmitate,CCCCCCCCCCCCCCCC(=O)OC1CCCn2c1nc(C)c(CCN1CCC(c3noc4cc(F)ccc34)CC1)c2=O,9852746.0,9852746.0,PubChem_ID,2,ok,2,0
Palonosetron,O=C1c2cccc3c2C(CCC3)CN1C1CN2CCC1CC2,6337614.0,6337614.0,PubChem_ID,0,ok,0,0
Pamidronate disodium,NCCC(O)(P(=O)([O-])O)P(=O)([O-])O,73351.0,73351.0,PubChem_ID,17,ok,17,0
Pantoprazole,COc1ccnc(C[S+]([O-])c2nc3cc(OC(F)F)ccc3[nH]2)c1OC,4679.0,4679.0,PubChem_ID,121,ok,121,0
Parecoxib,CCC(=O)NS(=O)(=O)c1ccc(-c2c(-c3ccccc3)noc2C)cc1,119828.0,119828.0,PubChem_ID,1,ok,1,0
Paroxetine impurity a,c1ccc(C2CCNCC2COc2ccc3c(c2)OCO3)cc1,3038120.0,3038120.0,PubChem_ID,0,ok,0,0
Pasireotide,NCCCCC1NC(=O)C(Cc2c[nH]c3ccccc23)NC(=O)C(c2ccccc2)NC(=O)C2CC(OC(=O)NCCN)CN2C(=O)C(Cc2ccccc2)NC(=O)C(Cc2ccc(OCc3ccccc3)cc2)NC1=O,9941444.0,9941444.0,PubChem_ID,15,ok,15,0
Pegaptanib,COCCOC(=O)NCCCCC(NC(=O)OCCOC)C(=O)NCCCCCCCOP(C)(=O)O,56603655.0,56603655.0,PubChem_ID,0,ok,0,0
Pegaspargase,C=C(CN(C)C)C(=O)c1ccc(C)cc1C,436058.0,436058.0,PubChem_ID,0,ok,0,0
Pemirolast,Cc1cccn2c(=O)c(-c3nn[nH]n3)cnc12,57697.0,57697.0,PubChem_ID,80,ok,80,0
Penbutolol,CC(C)(C)NCC(O)COc1ccccc1C1CCCC1,37464.0,37464.0,PubChem_ID,12,ok,12,0
Penciclovir,Nc1nc(=O)c2ncn(CCC(CO)CO)c2[nH]1,135398748.0,135398748.0,PubChem_ID,134,ok,134,0
Penicillin v,CC1(C)SC2C(NC(=O)COc3ccccc3)C(=O)N2C1C(=O)O,6869.0,6869.0,PubChem_ID,105,ok,105,0
Pentetate calcium trisodium,O=C([O-])CN(CCN(CC(=O)[O-])CC(=O)[O-])CCN(CC(=O)[O-])CC(=O)[O-],25513.0,25513.0,PubChem_ID,0,ok,0,0
Pentetic acid,O=C(O)CN(CCN(CC(=O)O)CC(=O)O)CCN(CC(=O)O)CC(=O)O,3053.0,3053.0,PubChem_ID,13,ok,13,0
Pentosan polysulfate,O=S(=O)(O)OC1C(O)COC(OC2COC(O)C(OS(=O)(=O)O)C2OS(=O)(=O)O)C1OS(=O)(=O)O,37720.0,37720.0,PubChem_ID,0,ok,0,0
Pentostatin,OCC1OC(n2cnc3c2N=CNCC3O)CC1O,439693.0,439693.0,PubChem_ID,161,ok,161,0
Perflutren,FC(F)(F)C(F)(F)C(F)(F)F,6432.0,6432.0,PubChem_ID,182,ok,182,0
Periciazine,N#Cc1ccc2c(c1)N(CCCN1CCC(O)CC1)c1ccccc1S2,4747.0,4747.0,PubChem_ID,27,ok,27,0
Perindoprilat,CCCC(NC(C)C(=O)N1C(C(=O)O)CC2CCCCC21)C(=O)O,72022.0,72022.0,PubChem_ID,1,ok,1,0
Perphenazine,OCCN1CCN(CCCN2c3ccccc3Sc3ccc(Cl)cc32)CC1,4748.0,4748.0,PubChem_ID,235,ok,235,0
Pexidartinib,FC(F)(F)c1ccc(CNc2ccc(Cc3c[nH]c4ncc(Cl)cc34)cn2)cn1,25151352.0,25151352.0,PubChem_ID,11,ok,11,0
Phenelzine,NNCCc1ccccc1,3675.0,3675.0,PubChem_ID,102,ok,102,0
Phenoxybenzamine,CC(COc1ccccc1)N(CCCl)Cc1ccccc1,4768.0,4768.0,PubChem_ID,74,ok,74,0
Phentolamine,Cc1ccc(N(CC2=NCCN2)c2cccc(O)c2)cc1,5775.0,5775.0,PubChem_ID,80,ok,80,0
Phenytoin,O=C1NC(=O)C(c2ccccc2)(c2ccccc2)N1,1775.0,1775.0,PubChem_ID,368,ok,368,0
Phosphonatoformate,O=C([O-])P(=O)([O-])[O-],3414.0,3414.0,PubChem_ID,0,ok,0,0
Pimavanserin,CC(C)COc1ccc(CNC(=O)N(Cc2ccc(F)cc2)C2CCN(C)CC2)cc1,10071196.0,10071196.0,PubChem_ID,16,ok,16,0
Pimecrolimus,CCC1=CC(C)CC(C)CC(OC)C2OC(O)(C(=O)C(=O)N3CCCCC3C(=O)OC(C(C)=CC3CCC(Cl)C(OC)C3)C(C)C(O)CC1=O)C(C)CC2OC,6447131.0,6447131.0,PubChem_ID,0,ok,0,0
Pimozide,O=c1[nH]c2ccccc2n1C1CCN(CCCC(c2ccc(F)cc2)c2ccc(F)cc2)CC1,16362.0,16362.0,PubChem_ID,15,ok,15,0
Pinaverium bromide,COc1cc(Br)c(C[N+]2(CCOCCC3CCC4CC3C4(C)C)CCOCC2)cc1OC,40703.0,40703.0,PubChem_ID,2,ok,2,0
Pirbuterol,CC(C)(C)NCC(O)c1ccc(O)c(CO)n1,4845.0,4845.0,PubChem_ID,0,ok,0,0
Pixantrone,NCCNc1ccc(NCCN)c2c1C(=O)c1ccncc1C2=O,134019.0,134019.0,PubChem_ID,2,ok,2,0
Plerixafor,c1cc(CN2CCCNCCNCCCNCC2)ccc1CN1CCCNCCNCCCNCC1,65015.0,65015.0,PubChem_ID,6,ok,6,0
Polidocanol,CCCCCCCCCCCCOCCOCCOCCOCCOCCOCCOCCOCCOCCO,656641.0,656641.0,PubChem_ID,11,ok,11,0
Polymyxin b,CCC(C)CCCCC(=O)NC(CCN)C(=O)NC(C(=O)NC(CCN)C(=O)NC1CCNC(=O)C(C(C)O)NC(=O)C(CCN)NC(=O)C(CCN)NC(=O)C(CC(C)C)NC(=O)C(Cc2ccccc2)NC(=O)C(CCN)NC1=O)C(C)O,49800004.0,49800004.0,PubChem_ID,2,ok,2,0
Sodium polystyrene sulfonate,C=Cc1ccc(S(=O)(=O)O)cc1,75905.0,75905.0,PubChem_ID,2,ok,2,0
Porfimer,CC1=C(C(C)O)c2cc3nc(cc4[nH]c(cc5[nH]c(cc1n2)c(C)c5CCC(=O)O)c(CCC(=O)O)c4C)C(C(C)OC(C)C1=C(C)c2cc4[nH]c(cc5[nH]c(cc6nc(cc1n2)C(C)=C6C(C)O)c(C)c5CCC(=O)O)c(CCC(=O)O)c4C)=C3C,135577896.0,135577896.0,PubChem_ID,0,ok,0,0
Posaconazole,CCC(C(C)O)n1ncn(-c2ccc(N3CCN(c4ccc(OCC5COC(Cn6cncn6)(c6ccc(F)cc6F)C5)cc4)CC3)cc2)c1=O,468595.0,468595.0,PubChem_ID,43,ok,43,0
Pralatrexate,C#CCC(Cc1cnc2nc(N)nc(N)c2n1)c1ccc(C(=O)NC(CCC(=O)O)C(=O)O)cc1,148121.0,148121.0,PubChem_ID,50,ok,50,0
Pramlintide,CCC(C)C(NC(=O)C1CCCN1C(=O)CNC(=O)C(Cc1ccccc1)NC(=O)C(CC(N)=O)NC(=O)C(CC(N)=O)NC(=O)C(CO)NC(=O)C(CO)NC(=O)C(Cc1c[nH]cn1)NC(=O)C(NC(=O)C(CC(C)C)NC(=O)C(Cc1ccccc1)NC(=O)C(CC(N)=O)NC(=O)C(C)NC(=O)C(CC(C)C)NC(=O)C(CCCN=C(N)N)NC(=O)C(CCC(N)=O)NC(=O)C(NC(=O)C(C)NC(=O)C1CSSCC(NC(=O)C(N)CCCCN)C(=O)NC(CC(N)=O)C(=O)NC(C(C)O)C(=O)NC(C)C(=O)NC(C(C)O)C(=O)N1)C(C)O)C(C)C)C(=O)NC(CC(C)C)C(=O)N1CCCC1C(=O)N1CCCC1C(=O)NC(C(=O)NC(CC(N)=O)C(=O)NC(C(=O)NCC(=O)NC(CO)C(=O)NC(CC(N)=O)C(=O)NC(C(=O)NC(Cc1ccc(O)cc1)C(N)=O)C(C)O)C(C)C)C(C)O,70691388.0,70691388.0,PubChem_ID,0,ok,0,0
Prasterone,CC12CCC3C(CC=C4CC(O)CCC43C)C1CCC2=O,5881.0,5881.0,PubChem_ID,5,ok,5,0
Prednisolone,CC12C=CC(=O)C=C1CCC1C2C(O)CC2(C)C1CCC2(O)C(=O)CO,5755.0,5755.0,PubChem_ID,140,ok,140,0
Procaine,CCN(CC)CCOC(=O)c1ccc(N)cc1,4914.0,4914.0,PubChem_ID,89,ok,89,0
Prochlorperazine,CN1CCN(CCCN2c3ccccc3Sc3ccc(Cl)cc32)CC1,4917.0,4917.0,PubChem_ID,247,ok,247,0
Promethazine,CC(CN1c2ccccc2Sc2ccccc21)N(C)C,4927.0,4927.0,PubChem_ID,356,ok,356,0
Propagermanium,O=C(O)C[CH2][Ge](=[O])[O][Ge](=[O])[CH2]CC(=O)O,83030.0,83030.0,PubChem_ID,1,ok,1,0
Propantheline,CC(C)[N+](C)(CCOC(=O)C1c2ccccc2Oc2ccccc21)C(C)C,4934.0,4934.0,PubChem_ID,43,ok,43,0
Proparacaine,CCCOc1ccc(C(=O)OCCN(CC)CC)cc1N,4935.0,4935.0,PubChem_ID,6,ok,6,0
Propylthiouracil,CCCc1cc(=O)[nH]c(=S)[nH]1,657298.0,657298.0,PubChem_ID,132,ok,132,0
Prucalopride,COCCCN1CCC(NC(=O)c2cc(Cl)c(N)c3c2OCC3)CC1,3052762.0,3052762.0,PubChem_ID,3,ok,3,0
Quinaprilat,CC(NC(CCc1ccccc1)C(=O)O)C(=O)N1Cc2ccccc2CC1C(=O)O,107994.0,107994.0,PubChem_ID,0,ok,0,0
Ramiprilat,CC(NC(CCc1ccccc1)C(=O)O)C(=O)N1C(C(=O)O)CC2CCCC21,5464096.0,5464096.0,PubChem_ID,1,ok,1,0
Reboxetine,CCOc1ccccc1OC(c1ccccc1)C1CNCCO1,127151.0,127151.0,PubChem_ID,80,ok,80,0
Relugolix,CONC(=O)Nc1ccc(-c2sc3c(c2CN(C)C)c(=O)n(-c2ccc(OC)nn2)c(=O)n3Cc2c(F)cccc2F)cc1,10348973.0,10348973.0,PubChem_ID,11,ok,11,0
Repaglinide,CCOc1cc(CC(=O)NC(CC(C)C)c2ccccc2N2CCCCC2)ccc1C(=O)O,65981.0,65981.0,PubChem_ID,20,ok,20,0
Rescinnamine,COC(=O)C1C2CC3c4[nH]c5cc(OC)ccc5c4CCN3CC2CC(OC(=O)C=Cc2cc(OC)c(OC)c(OC)c2)C1OC,5280954.0,5280954.0,PubChem_ID,47,ok,47,0
Reserpine,COC(=O)C1C2CC3c4[nH]c5cc(OC)ccc5c4CCN3CC2CC(OC(=O)c2cc(OC)c(OC)c(OC)c2)C1OC,5770.0,5770.0,PubChem_ID,268,ok,268,0
Retapamulin,C=CC1(C)CC(OC(=O)CSC2CC3CCC(C2)N3C)C2(C)C(C)CCC3(CCC(=O)C32)C(C)C1O,6918462.0,6918462.0,PubChem_ID,0,ok,0,0
Revefenacin,CN(CCN1CCC(OC(=O)Nc2ccccc2-c2ccccc2)CC1)C(=O)c1ccc(CN2CCC(C(N)=O)CC2)cc1,11753673.0,11753673.0,PubChem_ID,2,ok,2,0
Rifabutin,COC1C=COC2(C)Oc3c(C)c(O)c4c(O)c(c5c(c4c3C2=O)=NC2(CCN(CC(C)C)CC2)N=5)NC(=O)C(C)=CC=CC(C)C(O)C(C)C(O)C(C)C(OC(C)=O)C1C,135398743.0,135398743.0,PubChem_ID,0,ok,0,0
Rifapentine,COC1C=COC2(C)Oc3c(C)c(O)c4c(O)c(c(C=NN5CCN(C6CCCC6)CC5)c(O)c4c3C2=O)NC(=O)C(C)=CC=CC(C)C(O)C(C)C(O)C(C)C(OC(C)=O)C1C,135403821.0,135403821.0,PubChem_ID,42,ok,42,0
Rifaximin,COC1C=COC2(C)Oc3c(C)c(O)c4c(O)c(c5c(nc6cc(C)ccn65)c4c3C2=O)NC(=O)C(C)=CC=CC(C)C(O)C(C)C(O)C(C)C(OC(C)=O)C1C,6436173.0,6436173.0,PubChem_ID,25,ok,25,0
Rilpivirine,Cc1cc(C=CC#N)cc(C)c1Nc1ccnc(Nc2ccc(C#N)cc2)n1,6451164.0,6451164.0,PubChem_ID,35,ok,35,0
Rimantadine,CC(N)C12CC3CC(CC(C3)C1)C2,5071.0,5071.0,PubChem_ID,34,ok,34,0
Rimexolone,CCC(=O)C1(C)C(C)CC2C3CC=C4CC(=O)C=CC4(C)C3C(O)CC21C,5311412.0,5311412.0,PubChem_ID,2,ok,2,0
Riociguat,COC(=O)N(C)c1c(N)nc(-c2nn(Cc3ccccc3F)c3ncccc23)nc1N,11304743.0,11304743.0,PubChem_ID,5,ok,5,0
Ripretinib,CCn1c(=O)c(-c2cc(NC(=O)Nc3ccccc3)c(F)cc2Br)cc2cnc(NC)cc21,71584930.0,71584930.0,PubChem_ID,10,ok,10,0
Risdiplam,Cc1cn2nc(-c3cc(=O)n4cc(N5CCNC6(CC6)C5)ccc4n3)cc(C)c2n1,118513932.0,118513932.0,PubChem_ID,8,ok,8,0
Risedronic acid,O=P(O)(O)C(O)(Cc1cccnc1)P(=O)(O)O,5245.0,5245.0,PubChem_ID,56,ok,56,0
Rizatriptan,CN(C)CCc1c[nH]c2ccc(Cn3cncn3)cc12,5078.0,5078.0,PubChem_ID,2,ok,2,0
Roflumilast,O=C(Nc1c(Cl)cncc1Cl)c1ccc(OC(F)F)c(OCC2CC2)c1,449193.0,449193.0,PubChem_ID,5,ok,5,0
Rolapitant,CC(OCC1(c2ccccc2)CCC2(CCC(=O)N2)CN1)c1cc(C(F)(F)F)cc(C(F)(F)F)c1,10311306.0,10311306.0,PubChem_ID,5,ok,5,0
Rolitetracycline,CN(C)C1C(=O)C(C(=O)NCN2CCCC2)C(=O)C2(O)C(=O)C3C(=O)c4c(O)cccc4C(C)(O)C3CC12,54682938.0,54682938.0,PubChem_ID,0,ok,0,0
Rotigotine,CCCN(CCc1cccs1)C1CCc2c(O)cccc2C1,59227.0,59227.0,PubChem_ID,130,ok,130,0
Rucaparib,CNCc1ccc(-c2[nH]c3cc(F)cc4c3c2CCNC4=O)cc1,9931954.0,9931954.0,PubChem_ID,7,ok,7,0
Rufinamide,NC(=O)c1cn(Cc2c(F)cccc2F)nn1,129228.0,129228.0,PubChem_ID,26,ok,26,0
Rupatadine,Cc1cncc(CN2CCC(=C3c4ccc(Cl)cc4CCc4cccnc43)CC2)c1,133017.0,133017.0,PubChem_ID,1,ok,1,0
Salicylic acid,O=C(O)c1ccccc1O,338.0,338.0,PubChem_ID,453,ok,453,0
Salmeterol,OCc1cc(C(O)CNCCCCCCOCCCCc2ccccc2)ccc1O,5152.0,5152.0,PubChem_ID,69,ok,69,0
Salsalate,O=C(Oc1ccccc1C(=O)O)c1ccccc1O,5161.0,5161.0,PubChem_ID,22,ok,22,0
Secobarbital,C=CCC1(C(C)CCC)C(=O)NC(=O)NC1=O,5193.0,5193.0,PubChem_ID,105,ok,105,0
Secretin,CC(C)CC(NC(=O)CNC(=O)C(CCC(N)=O)NC(=O)C(CC(C)C)NC(=O)C(CC(C)C)NC(=O)C(CCCN=C(N)N)NC(=O)C(CCC(N)=O)NC(=O)C(CC(C)C)NC(=O)C(CCCNC(=N)N)NC(=O)C(C)NC(=O)C(CO)NC(=O)C(CC(=O)O)NC(=O)C(CCCNC(=N)N)NC(=O)C(CC(C)C)NC(=O)C(CCCNC(=N)N)NC(=O)C(CO)NC(=O)C(CC(C)C)NC(=O)C(CCC(=O)O)NC(=O)C(CO)NC(=O)C(NC(=O)C(Cc1ccccc1)NC(=O)C(NC(=O)CNC(=O)C(CC(=O)O)NC(=O)C(CO)NC(=O)C(N)Cc1ncc[nH]1)C(C)O)C(C)O)C(=O)NC(C(=O)O)C(C)C,16129665.0,16129665.0,PubChem_ID,0,ok,0,0
Selegiline,C#CCN(C)C(C)Cc1ccccc1,26757.0,26757.0,PubChem_ID,46,ok,46,0
Semaxanib,C=c1cc(C)[nH]c1=Cc1c(O)[nH]c2ccccc12,5329098.0,5329098.0,PubChem_ID,0,ok,0,0
Silodosin,CC(Cc1cc2c(c(C(N)=O)c1)N(CCCO)CC2)NCCOc1ccccc1OCC(F)(F)F,5312125.0,5312125.0,PubChem_ID,6,ok,6,0
Sincalide,CSCCC(NC(=O)C(Cc1ccc(OS(=O)(=O)O)cc1)NC(=O)C(N)CC(=O)O)C(=O)NCC(=O)NC(Cc1c[nH]c2ccccc12)C(=O)NC(CCSC)C(=O)NC(CC(=O)O)C(=O)NC(Cc1ccccc1)C(N)=O,9833444.0,9833444.0,PubChem_ID,2,ok,2,0
Siponimod,CCc1cc(C(C)=NOCc2ccc(C3CCCCC3)c(C(F)(F)F)c2)ccc1CN1CC(C(=O)O)C1,44599207.0,44599207.0,PubChem_ID,11,ok,11,0
Sitaxentan,Cc1cc2c(cc1CC(=O)c1sccc1S(=O)(=O)Nc1onc(C)c1Cl)OCO2,216235.0,216235.0,PubChem_ID,2,ok,2,0
Solriamfetol,NC(=O)OCC(N)Cc1ccccc1,10130337.0,10130337.0,PubChem_ID,3,ok,3,0
Sonidegib,Cc1c(C(=O)Nc2ccc(N3CC(C)OC(C)C3)nc2)cccc1-c1ccc(OC(F)(F)F)cc1,24775005.0,24775005.0,PubChem_ID,8,ok,8,0
Sparfloxacin,CC1CN(c2c(F)c(N)c3c(=O)c(C(=O)O)cn(C4CC4)c3c2F)CC(C)N1,60464.0,60464.0,PubChem_ID,1,ok,1,0
Stavudine,Cc1cn(C2C=CC(CO)O2)c(=O)[nH]c1=O,18283.0,18283.0,PubChem_ID,157,ok,157,0
Styrenesulfonic acid,C=Cc1ccccc1S(=O)(=O)O,168625.0,168625.0,PubChem_ID,0,ok,0,0
Succimer,O=C(O)C(S)C(S)C(=O)O,2724354.0,2724354.0,PubChem_ID,109,ok,109,0
Succinylcholine chloride,C[N+](C)(C)CCOC(=O)CCC(=O)OCC[N+](C)(C)C,22475.0,22475.0,PubChem_ID,93,ok,93,0
Sulfamethoxazole,Cc1cc(NS(=O)(=O)c2ccc(N)cc2)no1,5329.0,5329.0,PubChem_ID,159,ok,159,0
Sulfisoxazole,Cc1noc(NS(=O)(=O)c2ccc(N)cc2)c1C,5344.0,5344.0,PubChem_ID,107,ok,107,0
Suvorexant,Cc1ccc(-n2nccn2)c(C(=O)N2CCN(c3nc4cc(Cl)ccc4o3)CCC2C)c1,24965990.0,24965990.0,PubChem_ID,8,ok,8,0
Tafamidis,O=C(O)c1ccc2nc(-c3cc(Cl)cc(Cl)c3)oc2c1,11001318.0,11001318.0,PubChem_ID,22,ok,22,0
Tafluprost,CC(C)OC(=O)CCCC=CCC1C(O)CC(O)C1C=CC(F)(F)COc1ccccc1,9868491.0,9868491.0,PubChem_ID,2,ok,2,0
Talazoparib,Cn1ncnc1C1c2n[nH]c(=O)c3cc(F)cc(c23)NC1c1ccc(F)cc1,135565082.0,135565082.0,PubChem_ID,7,ok,7,0
Tasimelteon,CCC(=O)NCC1CC1c1cccc2c1CCO2,10220503.0,10220503.0,PubChem_ID,13,ok,13,0
Technetium tc-99m sestamibi,[CH-]=NCC(C)(C)OC.[CH-]=NCC(C)(C)OC.[CH-]=NCC(C)(C)OC.[CH-]=NCC(C)(C)OC.[CH-]=NCC(C)(C)OC.[CH-]=NCC(C)(C)OC.[Tc+6],5384.0,5384.0,PubChem_ID,0,ok,0,0
Tedizolid phosphate,Cn1nnc(-c2ccc(-c3ccc(N4CC(COP(=O)(O)O)OC4=O)cc3F)cn2)n1,11476460.0,11476460.0,PubChem_ID,2,ok,2,0
Teduglutide,CCC(C)C(NC(=O)C(Cc1ccccc1)NC(=O)C(CC(=O)O)NC(=O)C(CCCN=C(N)N)NC(=O)C(C)NC(=O)C(C)NC(=O)C(CC(C)C)NC(=O)C(CC(N)=O)NC(=O)C(CC(=O)O)NC(=O)C(CC(C)C)NC(=O)C(NC(=O)C(NC(=O)C(CC(N)=O)NC(=O)C(CCSC)NC(=O)C(CCC(=O)O)NC(=O)C(CC(=O)O)NC(=O)C(CO)NC(=O)C(Cc1ccccc1)NC(=O)C(CO)NC(=O)CNC(=O)C(CC(=O)O)NC(=O)CNC(=O)C(N)Cc1cnc[nH]1)C(C)O)C(C)CC)C(=O)NC(CC(N)=O)C(=O)NC(Cc1c[nH]c2ccccc12)C(=O)NC(CC(C)C)C(=O)NC(C(=O)NC(CCC(N)=O)C(=O)NC(C(=O)NC(CCCCN)C(=O)NC(C(=O)NC(C(=O)NC(CC(=O)O)C(=O)O)C(C)O)C(C)CC)C(C)O)C(C)CC,16139605.0,16139605.0,PubChem_ID,128,ok,128,0
Teduglutide recombinant,CCC(C)C(NC(=O)C(Cc1ccccc1)NC(=O)C(CC(=O)O)NC(=O)C(CCCN=C(N)N)NC(=O)C(C)NC(=O)C(C)NC(=O)C(CC(C)C)NC(=O)C(CC(N)=O)NC(=O)C(CC(=O)O)NC(=O)C(CC(C)C)NC(=O)C(NC(=O)C(NC(=O)C(CC(N)=O)NC(=O)C(CCSC)NC(=O)C(CCC(=O)O)NC(=O)C(CC(=O)O)NC(=O)C(CO)NC(=O)C(Cc1ccccc1)NC(=O)C(CO)NC(=O)CNC(=O)C(CC(=O)O)NC(=O)CNC(=O)C(N)Cc1c[nH]cn1)C(C)O)C(C)CC)C(=O)NC(CC(N)=O)C(=O)NC(Cc1c[nH]c2ccccc12)C(=O)NC(CC(C)C)C(=O)NC(C(=O)NC(CCC(N)=O)C(=O)NC(C(=O)NC(CCCCN)C(=O)NC(C(=O)NC(C(=O)NC(CC(=O)O)C(=O)O)C(C)O)C(C)CC)C(C)O)C(C)CC,70683012.0,70683012.0,PubChem_ID,0,ok,0,0
Telavancin,CCCCCCCCCCNCCNC1(C)CC(OC2C(Oc3c4cc5cc3Oc3ccc(cc3Cl)C(O)C3NC(=O)C(NC(=O)C5NC(=O)C(CC(N)=O)NC(=O)C(NC(=O)C(CC(C)C)NC)C(O)c5ccc(c(Cl)c5)O4)c4ccc(O)c(c4)-c4c(cc(O)c(CNCP(=O)(O)O)c4O)C(C(=O)O)NC3=O)OC(CO)C(O)C2O)OC(C)C1O,3081362.0,3081362.0,PubChem_ID,114,ok,114,0
Telbivudine,Cc1cn(C2CC(O)C(CO)O2)c(=O)[nH]c1=O,159269.0,159269.0,PubChem_ID,12,ok,12,0
Telotristat ethyl,CCOC(=O)C(N)Cc1ccc(-c2cc(OC(c3ccc(Cl)cc3-n3ccc(C)n3)C(F)(F)F)nc(N)n2)cc1,25181577.0,25181577.0,PubChem_ID,0,ok,0,0
Temazepam,CN1C(=O)C(O)N=C(c2ccccc2)c2cc(Cl)ccc21,5391.0,5391.0,PubChem_ID,68,ok,68,0
Temoporfin,Oc1cccc(-c2c3nc(c(-c4cccc(O)c4)c4ccc([nH]4)c(-c4cccc(O)c4)c4ccc([nH]4)c(-c4cccc(O)c4)c4nc2CC4)C=C3)c1,60751.0,60751.0,PubChem_ID,0,ok,0,0
Tenofovir disoproxil,CC(C)OC(=O)OCOP(=O)(COC(C)Cn1cnc2c(N)ncnc21)OCOC(=O)OC(C)C,5481350.0,5481350.0,PubChem_ID,0,ok,0,0
Tenoxicam,CN1C(C(=O)Nc2ccccn2)C(=O)c2sccc2S1(=O)=O,54677971.0,54677971.0,PubChem_ID,1,ok,1,0
Terazosin,COc1cc2nc(N3CCN(C(=O)C4CCCO4)CC3)nc(N)c2cc1OC,5401.0,5401.0,PubChem_ID,25,ok,25,0
Terbinafine,CN(CC=CC#CC(C)(C)C)Cc1cccc2ccccc12,1549008.0,1549008.0,PubChem_ID,22,ok,22,0
Terconazole,CC(C)N1CCN(c2ccc(OCC3COC(Cn4cncn4)(c4ccc(Cl)cc4Cl)O3)cc2)CC1,441383.0,441383.0,PubChem_ID,1,ok,1,0
Terfenadine,CC(C)(C)c1ccc(C(O)CCCN2CCC(C(O)(c3ccccc3)c3ccccc3)CC2)cc1,5405.0,5405.0,PubChem_ID,82,ok,82,0
Teriparatide,CCC(C)C(NC(=O)C(CCC(=O)O)NC(=O)C(CO)NC(=O)C(NC(=O)C(N)CO)C(C)C)C(=O)NC(CCC(N)=O)C(=O)NC(CC(C)C)C(=O)NC(CCSC)C(=O)NC(Cc1c[nH]cn1)C(=O)NC(CC(N)=O)C(=O)NC(CC(C)C)C(=O)NCC(=O)NC(CCCCN)C(=O)NC(Cc1c[nH]cn1)C(=O)NC(CC(C)C)C(=O)NC(CC(N)=O)C(=O)NC(CO)C(=O)NC(CCSC)C(=O)NC(CCC(=O)O)C(=O)NC(CCCN=C(N)N)C(=O)NC(C(=O)NC(CCC(=O)O)C(=O)NC(Cc1c[nH]c2ccccc12)C(=O)NC(CC(C)C)C(=O)NC(CCCNC(=N)N)C(=O)NC(CCCCN)C(=O)NC(CCCCN)C(=O)NC(CC(C)C)C(=O)NC(CCC(N)=O)C(=O)NC(CC(=O)O)C(=O)NC(C(=O)NC(Cc1c[nH]cn1)C(=O)NC(CC(N)=O)C(=O)NC(Cc1ccccc1)C(=O)O)C(C)C)C(C)C,16133850.0,16133850.0,PubChem_ID,107,ok,107,0
Tesamorelin,CCC=CCC(=O)NC(Cc1ccc(O)cc1)C(=O)NC(C)C(=O)NC(CC(=O)O)C(=O)NC(C)C(=O)NC(C(=O)NC(Cc1ccccc1)C(=O)NC(C(=O)NC(CC(N)=O)C(=O)NC(CO)C(=O)NC(Cc1ccc(O)cc1)C(=O)NC(CCCN=C(N)N)C(=O)NC(CCCCN)C(=O)NC(C(=O)NC(CC(C)C)C(=O)NCC(=O)NC(CCC(N)=O)C(=O)NC(CC(C)C)C(=O)NC(CO)C(=O)NC(C)C(=O)NC(CCCNC(=N)N)C(=O)NC(CCCCN)C(=O)NC(CC(C)C)C(=O)NC(CC(C)C)C(=O)NC(CCC(N)=O)C(=O)NC(CC(=O)O)C(=O)NC(C(=O)NC(CCSC)C(=O)NC(CO)C(=O)NC(CCCNC(=N)N)C(=O)NC(CCC(N)=O)C(=O)NC(CCC(N)=O)C(=O)NCC(=O)NC(CCC(=O)O)C(=O)NC(CO)C(=O)NC(CC(N)=O)C(=O)NC(CCC(N)=O)C(=O)NC(CCC(=O)O)C(=O)NC(CCCNC(=N)N)C(=O)NCC(=O)NC(C)C(=O)NC(CCCNC(=N)N)C(=O)NC(C)C(=O)NC(CCCNC(=N)N)C(=O)NC(CC(C)C)C(N)=O)C(C)CC)C(C)C)C(C)O)C(C)CC,16137828.0,16137828.0,PubChem_ID,0,ok,0,0
Testosterone enanthate,CCCCCCC(=O)OC1CCC2C3CC=C4CC(=O)CCC4(C)C3CCC12C,9416.0,9416.0,PubChem_ID,6,ok,6,0
Tetracycline anion,C[NH+](C)C1C(=O)C(C(N)=O)=C([O-])C2(O)C(=O)C3=C([O-])c4c(O)cccc4C(C)(O)C3CC12,27885548.0,27885548.0,PubChem_ID,0,ok,0,0
Sodium tetradecyl sulfate,CCCCCCCCCCCCCCOS(=O)(=O)[O-],23665770.0,23665770.0,PubChem_ID,3,ok,3,0
Tetradecyl hydrogen sulfate (ester),CCCCC(CC)CCC(CC(C)C)OS(=O)(=O)O,8771.0,8771.0,PubChem_ID,0,ok,0,0
Tetraethylenepentamine,NCCNCCNCCNCCN,8197.0,8197.0,PubChem_ID,61,ok,61,0
Tetrasodium;iron(3+);nitroxyl anion;pentacyanide,[C-]#N.[C-]#N.[C-]#N.[C-]#N.[C-]#N.[Fe+3].[N-]=O,49868142.0,49868142.0,PubChem_ID,0,ok,0,0
Tetrofosmin,CCOCCP(CCOCC)CCP(CCOCC)CCOCC,4274.0,4274.0,PubChem_ID,0,ok,0,0
Tetryzoline,c1ccc2c(c1)CCCC2C1=NCCN1,5419.0,5419.0,PubChem_ID,139,ok,139,0
Thiabendazole,c1ccc2[nH]c(-c3cscn3)nc2c1,5430.0,5430.0,PubChem_ID,145,ok,145,0
Thiamine,Cc1ncc(C[n+]2csc(CCO)c2C)c(N)n1,1130.0,1130.0,PubChem_ID,99,ok,99,0
Thioproperazine,CN1CCN(CCCN2c3ccccc3Sc3ccc(S(=O)(=O)N(C)C)cc32)CC1,9429.0,9429.0,PubChem_ID,0,ok,0,0
Thioridazine,CSc1ccc2c(c1)N(CCC1CCCCN1C)c1ccccc1S2,5452.0,5452.0,PubChem_ID,115,ok,115,0
Thiotepa,S=P(N1CC1)(N1CC1)N1CC1,5453.0,5453.0,PubChem_ID,149,ok,149,0
Thiothixene,CN1CCN(CCC=C2c3ccccc3Sc3ccc(S(=O)(=O)N(C)C)cc32)CC1,5454.0,5454.0,PubChem_ID,0,ok,0,0
Tiagabine,Cc1ccsc1C(=CCCN1CCCC(C(=O)O)C1)c1sccc1C,60648.0,60648.0,PubChem_ID,70,ok,70,0
Tiaprofenic acid,CC(C(=O)O)c1ccc(C(=O)c2ccccc2)s1,5468.0,5468.0,PubChem_ID,4,ok,4,0
Tigecycline,CN(C)c1cc(NC(=O)CNC(C)(C)C)c(O)c2c1CC1CC3C(N(C)C)C(=O)C(C(N)=O)C(=O)C3(O)C(=O)C1C2=O,54686904.0,54686904.0,PubChem_ID,0,ok,0,0
Tiludronate disodium,O=P([O-])(O)C(Sc1ccc(Cl)cc1)P(=O)([O-])O,60936.0,60936.0,PubChem_ID,4,ok,4,0
Tinidazole,CCS(=O)(=O)CCn1c([N+](=O)[O-])cnc1C,5479.0,5479.0,PubChem_ID,41,ok,41,0
Tinzaparin sodium,O=C(O)C=Cc1ccccc1,8784.0,8784.0,PubChem_ID,1,ok,1,0
Tipranavir,CCCC1(CCc2ccccc2)CC(=O)C(C(CC)c2cccc(NS(=O)(=O)c3ccc(C(F)(F)F)cn3)c2)C(=O)O1,54682461.0,54682461.0,PubChem_ID,111,ok,111,0
Tipranavir disodium,CCCC1(CCc2ccccc2)CC([O-])=C(C(CC)c2cccc([N-]S(=O)(=O)c3ccc(C(F)(F)F)cn3)c2)C(=O)O1,163296.0,163296.0,PubChem_ID,0,ok,0,0
Tivozanib,COc1cc2nccc(Oc3ccc(NC(=O)Nc4cc(C)on4)c(Cl)c3)c2cc1OC,9911830.0,9911830.0,PubChem_ID,5,ok,5,0
Tobramycin,NCC1OC(OC2C(N)CC(N)C(OC3OC(CO)C(O)C(N)C3O)C2O)C(N)CC1O,36294.0,36294.0,PubChem_ID,202,ok,202,0
Tolbutamide,CCCCNC(=O)NS(=O)(=O)c1ccc(C)cc1,5505.0,5505.0,PubChem_ID,52,ok,52,0
Tolcapone,Cc1ccc(C(=O)c2cc(O)c(O)c([N+](=O)[O-])c2)cc1,4659569.0,4659569.0,PubChem_ID,40,ok,40,0
Tolterodine,Cc1ccc(O)c(C(CCN(C(C)C)C(C)C)c2ccccc2)c1,443879.0,443879.0,PubChem_ID,11,ok,11,0
Torsemide,Cc1cccc(Nc2ccncc2S(=O)(=O)NC(=O)NC(C)C)c1,41781.0,41781.0,PubChem_ID,15,ok,15,0
Tramazoline,c1cc2c(c(NC3=NCCN3)c1)CCCC2,5524.0,5524.0,PubChem_ID,0,ok,0,0
Trandolaprilat,CC(NC(CCc1ccccc1)C(=O)O)C(=O)N1C(C(=O)O)CC2CCCCC21,5464097.0,5464097.0,PubChem_ID,1,ok,1,0
Tranylcypromine,NC1CC1c1ccccc1,5530.0,5530.0,PubChem_ID,121,ok,121,0
Travoprost,CC(C)OC(=O)CCCC=CCC1C(O)CC(O)C1C=CC(O)COc1cccc(C(F)(F)F)c1,5282226.0,5282226.0,PubChem_ID,2,ok,2,0
Triamcinolone,CC12C=CC(=O)C=C1CCC1C3CC(O)C(O)(C(=O)CO)C3(C)CC(O)C12F,31307.0,31307.0,PubChem_ID,76,ok,76,0
Triamcinolone acetonide,CC1(C)OC2CC3C4CC=C5CC(=O)C=CC5(C)C4(F)C(O)CC3(C)C2(C(=O)CO)O1,6436.0,6436.0,PubChem_ID,4,ok,4,0
Triamcinolone diacetate,CC(=O)OCC(=O)C1(O)C(OC(C)=O)CC2C3CC=C4CC(=O)C=CC4(C)C3(F)C(O)CC21C,6216.0,6216.0,PubChem_ID,5,ok,5,0
Triamcinolone hexacetonide,CC(C)(C)CC(=O)OCC(=O)C12OC(C)(C)OC1CC1C3CC=C4CC(=O)C=CC4(C)C3(F)C(O)CC12C,21826.0,21826.0,PubChem_ID,4,ok,4,0
Trimethadione,CN1C(=O)OC(C)(C)C1=O,5576.0,5576.0,PubChem_ID,9,ok,9,0
Trimethoprim,COc1cc(Cc2cnc(N)nc2N)cc(OC)c1OC,5578.0,5578.0,PubChem_ID,110,ok,110,0
Tromethamine,NC(CO)(CO)CO,6503.0,6503.0,PubChem_ID,45,ok,45,0
Tropicamide,CCN(Cc1ccncc1)C(=O)C(CO)c1ccccc1,5593.0,5593.0,PubChem_ID,39,ok,39,0
Tropisetron,CN1C2CCC1CC(OC(=O)c1c[nH]c3ccccc13)C2,656665.0,656665.0,PubChem_ID,0,ok,0,0
Trovafloxacin,NC1C2CN(c3nc4c(cc3F)c(=O)c(C(=O)O)cn4-c3ccc(F)cc3F)CC12,62959.0,62959.0,PubChem_ID,0,ok,0,0
Tryptophan,NC(Cc1c[nH]c2ccccc12)C(=O)O,6305.0,6305.0,PubChem_ID,128,ok,128,0
Tucatinib,Cc1cc(Nc2ncnc3ccc(N=C4NC(C)(C)CO4)cc23)ccc1Oc1ccn2ncnc2c1,51039094.0,51039094.0,PubChem_ID,23,ok,23,0
Ubrogepant,CC1C(c2ccccc2)CC(NC(=O)c2cnc3c(c2)CC2(C3)C(=O)Nc3ncccc32)C(=O)N1CC(F)(F)F,68748835.0,68748835.0,PubChem_ID,8,ok,8,0
Ulipristal,CC(=O)C1(O)CCC2C3=C(C4=C(CC3)CC(=O)CC4)C(c3ccc(N(C)C)cc3)CC21C,13559279.0,13559279.0,PubChem_ID,0,ok,0,0
Unoprostone,CCCCCCCC(=O)CCC1C(O)CC(O)C1CC=CCCCC(=O)O,5311236.0,5311236.0,PubChem_ID,1,ok,1,0
Unoprostone isopropyl,CCCCCCCC(=O)CCC1C(O)CC(O)C1CC=CCCCC(=O)OC(C)C,5282175.0,5282175.0,PubChem_ID,0,ok,0,0
Urofollitropin,CCC(C)C1NC(=O)C(Cc2ccc(O)cc2)NC(=O)C(N)CSSCC(C(=O)N2CCCC2C(=O)NC(CC(C)C)C(=O)NCC(N)=O)NC(=O)C(CC(N)=O)NC(=O)C(C(C)O)NC1=O,62819.0,62819.0,PubChem_ID,0,ok,0,0
Ursodiol,CC(CCC(=O)O)C1CCC2C3C(O)CC4CC(O)CCC4(C)C3CCC12C,31401.0,31401.0,PubChem_ID,27,ok,27,0
Valbenazine,COc1cc2c(cc1OC)C1CC(OC(=O)C(N)C(C)C)C(CC(C)C)CN1CC2,24795069.0,24795069.0,PubChem_ID,2,ok,2,0
Valdecoxib,Cc1onc(-c2ccccc2)c1-c1ccc(S(N)(=O)=O)cc1,119607.0,119607.0,PubChem_ID,67,ok,67,0
Valganciclovir,CC(C)C(N)C(=O)OCC(CO)OCn1cnc2c(=O)[nH]c(N)nc21,135413535.0,135413535.0,PubChem_ID,139,ok,139,0
Valproate sodium,CCCC(CCC)C(=O)[O-],16760703.0,16760703.0,PubChem_ID,42,ok,42,0
Valproic acid,CCCC(CCC)C(=O)O,3121.0,3121.0,PubChem_ID,243,ok,243,0
Valrubicin,CCCCC(=O)OCC(=O)C1(O)C=C2C(=O)c3c(c(O)c4c(OC)cccc4c3O)C(=O)C2C(OC2CC(NC(=O)C(F)(F)F)C(O)C(C)O2)C1,454216.0,454216.0,PubChem_ID,47,ok,47,0
Vardenafil,CCCc1nc(C)c2c(=O)[nH]c(-c3cc(S(=O)(=O)N4CCN(CC)CC4)ccc3OCC)nn12,135400189.0,135400189.0,PubChem_ID,86,ok,86,0
Varenicline,c1cnc2cc3c(cc2n1)C1CNCC3C1,170361.0,170361.0,PubChem_ID,0,ok,0,0
Vericiguat,COC(=O)Nc1c(N)nc(-c2nn(Cc3ccccc3F)c3ncc(F)cc23)nc1N,54674461.0,54674461.0,PubChem_ID,44,ok,44,0
Vibegron,O=C(Nc1ccc(CC2CCC(C(O)c3ccccc3)N2)cc1)C1CCc2nccc(=O)n21,44472635.0,44472635.0,PubChem_ID,6,ok,6,0
Vigabatrin,C=CC(N)CCC(=O)O,5665.0,5665.0,PubChem_ID,208,ok,208,0
Vilazodone,N#Cc1ccc2[nH]cc(CCCCN3CCN(c4ccc5oc(C(N)=O)cc5c4)CC3)c2c1,6918314.0,6918314.0,PubChem_ID,252,ok,252,0
Viloxazine,CCOc1ccccc1OCC1CNCCO1,5666.0,5666.0,PubChem_ID,40,ok,40,0
Vinflunine,CCC12C=CCN3CCC4(c5cc(C6(C(=O)OC)CC7CC(C(C)(F)F)CN(Cc8c6[nH]c6ccccc86)C7)c(OC)cc5N(C)C4C(O)(C(=O)OC)C1OC(C)=O)C32,10629256.0,10629256.0,PubChem_ID,0,ok,0,0
Vismodegib,CS(=O)(=O)c1ccc(C(=O)Nc2ccc(Cl)c(-c3ccccn3)c2)c(Cl)c1,24776445.0,24776445.0,PubChem_ID,69,ok,69,0
Voclosporin,C=CC=CCC(C)C(O)C1C(=O)NC(CC)C(=O)N(C)CC(=O)N(C)C(CC(C)C)C(=O)NC(C(C)C)C(=O)N(C)C(CC(C)C)C(=O)NC(C)C(=O)NC(C)C(=O)N(C)C(CC(C)C)C(=O)N(C)C(CC(C)C)C(=O)N(C)C(C(C)C)C(=O)N1C,6918486.0,6918486.0,PubChem_ID,42,ok,42,0
Voltaren,O=C([O-])Cc1ccccc1Nc1c(Cl)cccc1Cl,5018304.0,5018304.0,PubChem_ID,14,ok,14,0
Vorinostat,O=C(CCCCCCC(O)=NO)Nc1ccccc1,5311.0,5311.0,PubChem_ID,56,ok,56,0
Vortioxetine,Cc1ccc(Sc2ccccc2N2CCNCC2)c(C)c1,9966051.0,9966051.0,PubChem_ID,190,ok,190,0
Voxelotor,CC(C)n1nccc1-c1ncccc1COc1cccc(O)c1C=O,71602803.0,71602803.0,PubChem_ID,11,ok,11,0
Xylometazoline,Cc1cc(C(C)(C)C)cc(C)c1CC1=NCCN1,5709.0,5709.0,PubChem_ID,2,ok,2,0
Zalcitabine,Nc1ccn(C2CCC(CO)O2)c(=O)n1,24066.0,24066.0,PubChem_ID,112,ok,112,0
Zaleplon,CCN(C(C)=O)c1cccc(-c2ccnc3c(C#N)cnn23)c1,5719.0,5719.0,PubChem_ID,71,ok,71,0
Ziconotide,CSCCC1NC(=O)C(CC(C)C)NC(=O)C(CCCN=C(N)N)NC(=O)C(CO)NC(=O)C2CSSCC3NC(=O)C(CO)NC(=O)CNC(=O)C(C(C)O)NC(=O)C(CSSCC(N)C(=O)NC(CCCCN)C(=O)NCC(=O)NC(CCCCN)C(=O)NCC(=O)NC(C)C(=O)NC(CCCCN)C(=O)N2)NC(=O)C(CSSCC(C(N)=O)NC(=O)C(CCCCN)NC(=O)CNC(=O)C(CO)NC(=O)C(CCCNC(=N)N)NC3=O)NC(=O)C(CC(=O)O)NC(=O)C(Cc2ccc(O)cc2)NC1=O,16135415.0,16135415.0,PubChem_ID,131,ok,131,0
Zidovudine,Cc1cn(C2CC(N=[N+]=[N-])C(CO)O2)c(=O)[nH]c1=O,35370.0,35370.0,PubChem_ID,171,ok,171,0
Zileuton,CC(c1cc2ccccc2s1)N(O)C(N)=O,60490.0,60490.0,PubChem_ID,56,ok,56,0
Zolmitriptan,CN(C)CCc1c[nH]c2ccc(CC3COC(=O)N3)cc12,60857.0,60857.0,PubChem_ID,55,ok,55,0
Zuclopenthixol,OCCN1CCN(CCC=C2c3ccccc3Sc3ccc(Cl)cc32)CC1,5311507.0,5311507.0,PubChem_ID,1,ok,1,0
capmatinib,CNC(=O)c1ccc(-c2cnc3ncc(Cc4ccc5ncccc5c4)n3n2)cc1F,,25145656.0,Drug_Name,17,ok,17,0
selpercatinib,COc1ccc(CN2C3CC2CN(c2ccc(-c4cc(OCC(C)(C)O)cn5ncc(C#N)c45)cn2)C3)cn1,,134436906.0,Drug_Name,18,ok,18,0
fluoroestradiol F 18,CC12CCC3c4ccc(O)cc4CCC3C1CC(F)C2O,,10869981.0,Drug_Name,2,ok,2,0
flortaucipir F 18,Fc1ccc(-c2ccc3c(c2)[nH]c2ccncc23)cn1,,70957463.0,Drug_Name,2,ok,2,0
cepharanthine,COc1ccc2cc1Oc1ccc(cc1)CC1c3c(cc4c(c3Oc3cc5c(cc3OC)CCN(C)C5C2)OCO4)CCN1C,,10206.0,Drug_Name,1,ok,1,0
remdesivir,CCC(CC)COC(=O)C(C)NP(=O)(OCC1OC(C#N)(c2ccc3c(N)ncnn23)C(O)C1O)Oc1ccccc1,,121304016.0,Drug_Name,44,ok,44,0
EIDD-1931,CC(C)C(=O)OCC1OC(n2ccc(=NO)[nH]c2=O)C(O)C1O,,197020.0,Drug_Name,1,ok,1,0
mefuparib,CNCc1ccc(-c2cc3cc(F)cc(C(N)=O)c3o2)cc1,,71488522.0,Drug_Name,0,ok,0,0
fosnetupitant,Cc1ccccc1-c1cc(N2CC[N+](C)(COP(=O)(O)O)CC2)ncc1N(C)C(=O)C(C)(C)c1cc(C(F)(F)F)cc(C(F)(F)F)c1,,71544786.0,Drug_Name,5,ok,5,0
latanoprostene bunod,O=C(CCCC=CCC1C(O)CC(O)C1CCC(O)CCc1ccccc1)OCCCCO[N+](=O)[O-],,11156438.0,Drug_Name,2,ok,2,0
vaborbactam,O=C(O)CC1CCC(NC(=O)Cc2cccs2)B(O)O1,,56649692.0,Drug_Name,1,ok,1,0
levornidazole,Cc1ncc([N+](=O)[O-])n1CC(C)CCl,,6541429.0,Drug_Name,0,ok,0,0
morinidazole,Cc1ncc([N+](=O)[O-])n1CC(O)CN1CCOCC1,,11644726.0,Drug_Name,0,ok,0,0
forodesine,O=c1[nH]cnc2c(C3NC(CO)C(O)C3O)c[nH]c12,,135409409.0,Drug_Name,0,ok,0,0
midostaurin,COC1C(N(C)C(=O)c2ccccc2)CC2OC1(C)n1c3ccccc3c3c4c(c5c6ccccc6n2c5c31)C(=O)NC4,,9829523.0,Drug_Name,10,ok,10,0
tazemetostat,CCN(c1cc(-c2ccc(CN3CCOCC3)cc2)cc(C(=O)NCc2c(C)cc(C)[nH]c2=O)c1C)C1CCOCC1,,66558664.0,Drug_Name,7,ok,7,0
rimegepant,NC1c2cccnc2C(OC(=O)N2CCC(n3c(=O)[nH]c4ncccc43)CC2)CCC1c1cccc(F)c1F,,51049968.0,Drug_Name,6,ok,6,0
moxidectin,CON=C1CC2(CC3CC(CC=C(C)CC(C)C=CC=C4COC5C(O)C(C)=CC(C(=O)O3)C45O)O2)OC(C(C)=CC(C)C)C1C,,9832912.0,Drug_Name,4,ok,4,0
plazomicin,CNC1C(O)C(OC2C(NC(=O)C(O)CCN)CC(N)C(OC3OC(CNCCO)=CCC3N)C2O)OCC1(C)O,,42613186.0,Drug_Name,1,ok,1,0
macimorelin,CC(C)(N)C(=O)NC(Cc1cc2ccccc2[nH]1)C(=O)NC(Cc1c[nH]c2ccccc12)NC=O,,9804938.0,Drug_Name,0,ok,0,0
baricitinib,CCS(=O)(=O)N1CC(CC#N)(n2cc(-c3ncnc4[nH]ccc34)cn2)C1,,44205240.0,Drug_Name,56,ok,56,0
icotinib,C#Cc1cccc(Nc2ncnc3cc4c(cc23)OCCOCCOCCO4)c1,,22024915.0,Drug_Name,0,ok,0,0
olmutinib,C=CC(=O)Nc1cccc(Oc2nc(Nc3ccc(N4CCN(C)CC4)cc3)nc3ccsc23)c1,,54758501.0,Drug_Name,0,ok,0,0
radotinib,Cc1cn(-c2cc(NC(=O)c3ccc(C)c(Nc4nccc(-c5cnccn5)n4)c3)cc(C(F)(F)F)c2)cn1,,16063245.0,Drug_Name,0,ok,0,0
pemafibrate,CCC(Oc1cccc(CN(CCCOc2ccc(OC)cc2)c2nc3ccccc3o2)c1)C(=O)O,,11526038.0,Drug_Name,0,ok,0,0
zabofloxacin,CON=C1CN(c2nc3c(cc2F)c(=O)c(C(=O)O)cn3C2CC2)CC12CNC2,,54556623.0,Drug_Name,0,ok,0,0
imrecoxib,CCCN1CC(c2ccc(S(C)(=O)=O)cc2)=C(c2ccc(C)cc2)C1=O,,11682175.0,Drug_Name,0,ok,0,0
hydrocortisone phosphate,CC12CCC(=O)C=C1CCC1C2C(O)CC2(C)C1CCC2(O)C(=O)COP(=O)(O)O,,441407.0,Drug_Name,0,ok,0,0
meglumine,CNCC(O)C(O)C(O)C(O)CO,,8567.0,Drug_Name,0,ok,0,0
cefathiamidine,CC(=O)OCC1=C(C(=O)O)N2C(=O)C(NC(=O)CSC(=NC(C)C)NC(C)C)C2SC1,,15942748.0,Drug_Name,0,ok,0,0
eldecalcitol,C=C1C(=CC=C2CCCC3(C)C2CCC3C(C)CCCC(C)(C)O)CC(O)C(OCCCO)C1O,,6918141.0,Drug_Name,0,ok,0,0
venetoclax,CC1(C)CCC(CN2CCN(c3ccc(C(=O)NS(=O)(=O)c4ccc(NCC5CCOCC5)c([N+](=O)[O-])c4)c(Oc4cnc5[nH]ccc5c4)c3)CC2)=C(c2ccc(Cl)cc2)C1,,49846579.0,Drug_Name,13,ok,13,0
encorafenib,COC(=O)NC(C)CNc1nccc(-c2cn(C(C)C)nc2-c2cc(Cl)cc(NS(C)(=O)=O)c2F)n1,,50922675.0,Drug_Name,2,ok,2,0
tecovirimat,O=C(Nn1c(O)c2c(c1O)C1C=CC2C2CC12)c1ccc(C(F)(F)F)cc1,,16124688.0,Drug_Name,8,ok,8,0
bictegravir,O=C(NCc1c(F)cc(F)cc1F)c1cn2c(c(O)c1=O)C(=O)N1C3CCC(C3)OC1C2,,90311989.0,Drug_Name,14,ok,14,0
tezacaftor,CC(C)(CO)c1cc2cc(NC(=O)C3(c4ccc5c(c4)OC(F)(F)O5)CC3)c(F)cc2n1CC(O)CO,,46199646.0,Drug_Name,0,ok,0,0
mepiprazole,Cc1cc(CCN2CCN(c3cccc(Cl)c3)CC2)[nH]n1,,71897.0,Drug_Name,0,ok,0,0
lorpiprazole,FC(F)(F)c1cccc(N2CCN(CCc3nnc4n3CC3CCCC43)CC2)c1,,3045380.0,Drug_Name,0,ok,0,0
osilodrostat,N#Cc1ccc(C2CCc3cncn32)c(F)c1,,44139752.0,Drug_Name,3,ok,3,0
selumetinib,Cn1cnc2c(F)c(Nc3ccc(Br)cc3Cl)c(C(=O)NOCCO)cc21,,10127622.0,Drug_Name,16,ok,16,0
elobixibat,CCCCC1(CCCC)CN(c2ccccc2)c2cc(SC)c(OCC(=O)NC(C(=O)NCC(=O)O)c3ccccc3)cc2S(=O)(=O)C1,,9939892.0,Drug_Name,0,ok,0,0
apalutamide,CNC(=O)c1ccc(N2C(=S)N(c3cnc(C#N)c(C(F)(F)F)c3)C(=O)C23CCC3)cc1F,,24872560.0,Drug_Name,12,ok,12,0
fluciclovine (18F),NC1(C(=O)O)CC(F)C1,,450601.0,Drug_Name (fallback),0,ok,0,0
velpatasvir,COCC1CC(c2nc(-c3ccc4c(c3)COc3cc5c(ccc6[nH]c(C7CCC(C)N7C(=O)C(NC(=O)OC)C(C)C)nc65)cc3-4)c[nH]2)N(C(=O)C(NC(=O)OC)c2ccccc2)C1,,67683363.0,Drug_Name,0,ok,0,0
monoxerutin,CC1OC(OCC2OC(Oc3c(-c4ccc(O)c(O)c4)oc4cc(OCCO)cc(O)c4c3=O)C(O)C(O)C2O)C(O)C(O)C1O,,9852585.0,Drug_Name,0,ok,0,0
oxiglutatione,NC(CCC(=O)NC(CSSCC(NC(=O)CCC(N)C(=O)O)C(=O)NCC(=O)O)C(=O)NCC(=O)O)C(=O)O,,65359.0,Drug_Name,1,ok,1,0
eravacycline dihydrochloride,CN(C)C1C(=O)C(C(N)=O)C(=O)C2(O)C(=O)C3C(=O)c4c(O)c(NC(=O)CN5CCCC5)cc(F)c4CC3CC12,,56951485.0,Drug_Name,0,ok,0,0
omadacycline,CN(C)c1cc(CNCC(C)(C)C)c(O)c2c1CC1CC3C(N(C)C)C(=O)C(C(N)=O)C(=O)C3(O)C(=O)C1C2=O,,54697325.0,Drug_Name,0,ok,0,0
talazoparib tosylate,Cn1ncnc1C1c2n[nH]c(=O)c3cc(F)cc(c23)NC1c1ccc(F)cc1,,135565654.0,Drug_Name,2,ok,2,0
elbasvir,COC(=O)NC(C(=O)N1CCCC1c1nc(-c2ccc3c(c2)OC(c2ccccc2)n2c-3cc3cc(-c4c[nH]c(C5CCCN5C(=O)C(NC(=O)OC)C(C)C)n4)ccc32)c[nH]1)C(C)C,,71661251.0,Drug_Name,1,ok,1,0
pemigatinib,CCN1C(=O)N(c2c(F)c(OC)cc(OC)c2F)Cc2cnc3[nH]c(CN4CCOCC4)cc3c21,,86705695.0,Drug_Name,12,ok,12,0
lorlatinib,CC1Oc2cc(cnc2N)-c2c(nn(C)c2C#N)CN(C)C(=O)c2ccc(F)cc21,,71731823.0,Drug_Name,5,ok,5,0
etimicin,CCNC1CC(N)C(OC2OC(CN)CCC2N)C(O)C1OC1OCC(C)(O)C(NC)C1O,,9912913.0,Drug_Name,0,ok,0,0
grazoprevir,C=CC1CC1(NC(=O)C1CC2CN1C(=O)C(C(C)(C)C)NC(=O)OC1CC1CCCCCc1nc3ccc(OC)cc3nc1O2)C(=O)NS(=O)(=O)C1CC1,,44603531.0,Drug_Name,1,ok,1,0
glasdegib,CN1CCC(NC(=O)Nc2ccc(C#N)cc2)CC1c1nc2ccccc2[nH]1,,25166913.0,Drug_Name,6,ok,6,0
climbazole,CC(C)(C)C(=O)C(Oc1ccc(Cl)cc1)n1ccnc1,,37907.0,Drug_Name,3,ok,3,0
trenbolone hexahydrobenzylcarbonate,CC12C=CC3=C(CC=C4CC(=O)CCC43)C1CCC2OC(=O)OCC1CCCCC1,,20055297.0,Drug_Name,0,ok,0,0
ixazomib,CC(C)CC(NC(=O)CNC(=O)c1cc(Cl)ccc1Cl)B(O)O,,25183872.0,Drug_Name,48,ok,48,0
pentapiperium metilsulfate,CCC(C)C(C(=O)OC1CC[N+](C)(C)CC1)c1ccccc1,,71367.0,Drug_Name,1,ok,1,0
alfadolone acetate,CC(=O)OCC(=O)C1CCC2C3CCC4CC(O)CCC4(C)C3C(=O)CC12C,,24733.0,Drug_Name,0,ok,0,0
saroglitazar,CCOC(Cc1ccc(OCCn2c(C)ccc2-c2ccc(SC)cc2)cc1)C(=O)O,,60151560.0,Drug_Name,0,ok,0,0
pitolisant,Clc1ccc(CCCOCCCN2CCCCC2)cc1,,9948102.0,Drug_Name,5,ok,5,0
flibanserin,O=c1[nH]c2ccccc2n1CCN1CCN(c2cccc(C(F)(F)F)c2)CC1,,6918248.0,Drug_Name,184,ok,184,0
gluconolactone,O=C1OC(CO)C(O)C(O)C1O,,7027.0,Drug_Name,33,ok,33,0
angiotensin II,CCC(C)C(NC(=O)C(Cc1ccc(O)cc1)NC(=O)C(NC(=O)C(CCCN=C(N)N)NC(=O)C(N)CC(=O)O)C(C)C)C(=O)NC(Cc1c[nH]cn1)C(=O)N1CCCC1C(=O)NC(Cc1ccccc1)C(=O)O,,172198.0,Drug_Name,11,ok,11,0
faropenem medoxil,Cc1oc(=O)oc1COC(=O)C1=C(C2CCCO2)SC2C(C(C)O)C(=O)N12,,6918218.0,Drug_Name,0,ok,0,0
gilteritinib,CCc1nc(C(N)=O)c(Nc2ccc(N3CCC(N4CCN(C)CC4)CC3)c(OC)c2)nc1NC1CCOCC1,,49803313.0,Drug_Name,6,ok,6,0
evocalcet,CC(NC1CCN(c2ccc(CC(=O)O)cc2)C1)c1cccc2ccccc12,,71242808.0,Drug_Name,0,ok,0,0
copanlisib,COc1c(OCCCN2CCOCC2)ccc2c3n(c(=NC(=O)c4cnc(N)nc4)nc12)CCN3,,135565596.0,Drug_Name,0,ok,0,0
uridine triacetate,CC(=O)OC1OC(n2ccc(=O)[nH]c2=O)C(OC(C)=O)C1OC(C)=O,,20058.0,Drug_Name,2,ok,2,0
olanexidine,CCCCCCCCN=C(N)N=C(N)NCc1ccc(Cl)c(Cl)c1,,636391.0,Drug_Name,0,ok,0,0
menadiol sodium diphosphate,Cc1cc(OP(=O)(O)O)c2ccccc2c1OP(=O)(O)O,,197855.0,Drug_Name,0,ok,0,0
omidenepag isopropyl,CC(C)OC(=O)CNc1cccc(CN(Cc2ccc(-n3cccn3)cc2)S(=O)(=O)c2cccnc2)n1,,44230999.0,Drug_Name,0,ok,0,0
sacubitril,CCOC(=O)C(C)CC(Cc1ccc(-c2ccccc2)cc1)NC(=O)CCC(=O)O,,9811834.0,Drug_Name,19,ok,19,0
trelagliptin,Cn1c(=O)cc(N2CCCC(N)C2)n(Cc2cc(F)ccc2C#N)c1=O,,15983988.0,Drug_Name,0,ok,0,0
isavuconazonium,CNCC(=O)OCc1cccnc1N(C)C(=O)OC(C)[n+]1cnn(CC(O)(c2cc(F)ccc2F)C(C)c2nc(-c3ccc(C#N)cc3)cs2)c1,,6918606.0,Drug_Name,6,ok,6,0
isoflupredone acetate,CC(=O)OCC(=O)C1(O)CCC2C3CC=C4CC(=O)C=CC4(C)C3(F)C(O)CC21C,,224246.0,Drug_Name,3,ok,3,0
drofenine,CCN(CC)CCOC(=O)C(c1ccccc1)C1CCCCC1,,3166.0,Drug_Name,0,ok,0,0
tenofovir alafenamide,CC(C)OC(=O)C(C)NP(=O)(COC(C)Cn1cnc2c(N)ncnc21)Oc1ccccc1,,9574768.0,Drug_Name,2,ok,2,0
avibactam,NC(=O)C1CCC2CN1C(=O)N2OS(=O)(=O)O,,9835049.0,Drug_Name,0,ok,0,0
palbociclib,CC(=O)c1c(C)c2cnc(Nc3ccc(N4CCNCC4)cn3)nc2n(C2CCCC2)c1=O,,5330286.0,Drug_Name,11,ok,11,0
lenvatinib,COc1cc2nccc(Oc3ccc(NC(=O)NC4CC4)c(Cl)c3)c2cc1C(N)=O,,9823820.0,Drug_Name,22,ok,22,0
decamethoxine,CC1CCC(C(C)C)C(OC(=O)C[N+](C)(C)CCCCCCCCCC[N+](C)(C)CC(=O)OC2CC(C)CCC2C(C)C)C1,,118984404.0,Drug_Name,0,ok,0,0
finafloxacin,N#Cc1c(N2CC3NCCOC3C2)c(F)cc2c(=O)c(C(=O)O)cn(C3CC3)c12,,11567473.0,Drug_Name,1,ok,1,0
safinamide,CC(NCc1ccc(OCc2cccc(F)c2)cc1)C(N)=O,,131682.0,Drug_Name,7,ok,7,0
ceftolozane,Cn1c(N)c(NC(=O)NCCN)c[n+]1CC1=C(C(=O)O)N2C(=O)C(=NC(=O)C(NOC(C)(C)C(=O)O)c3nsc(N)n3)C2SC1,,53234134.0,Drug_Name,2,ok,2,0
acotiamide,COc1cc(O)c(C(=O)Nc2nc(C(=O)NCCN(C(C)C)C(C)C)cs2)cc1OC,,5282338.0,Drug_Name,0,ok,0,0
felypressin,NCCCCC(NC(=O)C1CCCN1C(=O)C1CSSCC(N)C(=O)NC(Cc2ccccc2)C(=O)NC(Cc2ccccc2)C(=O)NC(CCC(N)=O)C(=O)NC(CC(N)=O)C(=O)N1)C(=O)NCC(N)=O,,14257662.0,Drug_Name,0,ok,0,0
ombitasvir,COC(=O)NC(C(=O)N1CCCC1C(=O)Nc1ccc(C2CCC(c3ccc(NC(=O)C4CCCN4C(=O)C(NC(=O)OC)C(C)C)cc3)N2c2ccc(C(C)(C)C)cc2)cc1)C(C)C,,54767916.0,Drug_Name,0,ok,0,0
alpelisib,Cc1nc(NC(=O)N2CCCC2C(N)=O)sc1-c1ccnc(C(C)(C)C(F)(F)F)c1,,56649450.0,Drug_Name,25,ok,25,0
netupitant,Cc1ccccc1-c1cc(N2CCN(C)CC2)ncc1N(C)C(=O)C(C)(C)c1cc(C(F)(F)F)cc(C(F)(F)F)c1,,6451149.0,Drug_Name,2,ok,2,0
bremelanotide,CCCCC(NC(C)=O)C(=O)NC1CC(=O)NCCCCC(C(=O)O)NC(=O)C(Cc2c[nH]c3ccccc23)NC(=O)C(CCCN=C(N)N)NC(=O)C(Cc2ccccc2)NC(=O)C(Cc2c[nH]cn2)NC1=O,,9941379.0,Drug_Name,7,ok,7,0
ledipasvir,COC(=O)NC(C(=O)N1CC2(CC2)CC1c1nc(-c2ccc3c(c2)C(F)(F)c2cc(-c4ccc5[nH]c(C6C7CCC(C7)N6C(=O)C(NC(=O)OC)C(C)C)nc5c4)ccc2-3)c[nH]1)C(C)C,,67505836.0,Drug_Name,1,ok,1,0
sotagliflozin,CCOc1ccc(Cc2cc(C3OC(SC)C(O)C(O)C3O)ccc2Cl)cc1,,24831714.0,Drug_Name,2,ok,2,0
diquafosol,O=c1ccn(C2OC(COP(=O)(O)OP(=O)(O)OP(=O)(O)OP(=O)(O)OCC3OC(n4ccc(=O)[nH]c4=O)C(O)C3O)C(O)C2O)c(=O)[nH]1,,148197.0,Drug_Name,0,ok,0,0
quizartinib,CC(C)(C)c1cc(NC(=O)Nc2ccc(-c3cn4c(n3)sc3cc(OCCN5CCOCC5)ccc34)cc2)no1,,24889392.0,Drug_Name,8,ok,8,0
relebactam,O=C(NC1CCNCC1)C1CCC2CN1C(=O)N2OS(=O)(=O)O,,44129647.0,Drug_Name,1,ok,1,0
imidafenacin,Cc1nccn1CCC(C(N)=O)(c1ccccc1)c1ccccc1,,6433090.0,Drug_Name,1,ok,1,0
nintedanib,COC(=O)c1ccc2c(C(=Nc3ccc(N(C)C(=O)CN4CCN(C)CC4)cc3)c3ccccc3)c(O)[nH]c2c1,,135423438.0,Drug_Name,0,ok,0,0
cetilistat,CCCCCCCCCCCCCCCCOc1nc2ccc(C)cc2c(=O)o1,,9952916.0,Drug_Name,0,ok,0,0
pretomanid,O=[N+]([O-])c1cn2c(n1)OCC(OCc1ccc(OC(F)(F)F)cc1)C2,,456199.0,Drug_Name,21,ok,21,0
entrectinib,CN1CCN(c2ccc(C(=O)Nc3[nH]nc4ccc(Cc5cc(F)cc(F)c5)cc34)c(NC3CCOCC3)c2)CC1,,25141092.0,Drug_Name,9,ok,9,0
favipiravir,NC(=O)c1nc(F)c[nH]c1=O,,492405.0,Drug_Name,2,ok,2,0
topiroxostat,N#Cc1cc(-c2n[nH]c(-c3ccncc3)n2)ccn1,,5288320.0,Drug_Name,0,ok,0,0
asunaprevir,C=CC1CC1(NC(=O)C1CC(Oc2ncc(OC)c3ccc(Cl)cc23)CN1C(=O)C(NC(=O)OC(C)(C)C)C(C)(C)C)C(=O)NS(=O)(=O)C1CC1,,16076883.0,Drug_Name,1,ok,1,0
lefamulin,C=CC1(C)CC(OC(=O)CSC2CCC(N)CC2O)C2(C)C(C)CCC3(CCC(=O)C32)C(C)C1O,,58076382.0,Drug_Name,9,ok,9,0
ipragliflozin,OCC1OC(c2ccc(F)c(Cc3cc4ccccc4s3)c2)C(O)C(O)C1O,,10453870.0,Drug_Name,0,ok,0,0
luseogliflozin,CCOc1ccc(Cc2cc(C3SC(CO)C(O)C(O)C3O)c(OC)cc2C)cc1,,11988953.0,Drug_Name,0,ok,0,0
simetride,CCCc1ccc(OCC(=O)N2CCN(C(=O)COc3ccc(CCC)cc3OC)CC2)c(OC)c1,,71622.0,Drug_Name,0,ok,0,0
daclatasvir,COC(=O)NC(C(=O)N1CCCC1c1nc(-c2ccc(-c3ccc(-c4c[nH]c(C5CCCN5C(=O)C(NC(=O)OC)C(C)C)n4)cc3)cc2)c[nH]1)C(C)C,,25154714.0,Drug_Name,18,ok,18,0
tavaborole,OB1OCc2cc(F)ccc21,,11499245.0,Drug_Name,72,ok,72,0
cefiderocol,CC(C)(ON=C(C(=O)NC1C(=O)N2C(C(=O)[O-])=C(C[N+]3(CCNC(=O)c4ccc(O)c(O)c4Cl)CCCC3)CSC12)c1csc(N)n1)C(=O)O,,77843966.0,Drug_Name,0,ok,0,0
idelalisib,CCC(Nc1ncnc2[nH]cnc12)c1nc2cccc(F)c2c(=O)n1-c1ccccc1,,11625818.0,Drug_Name,95,ok,95,0
ataluren,O=C(O)c1cccc(-c2noc(-c3ccccc3F)n2)c1,,11219835.0,Drug_Name,0,ok,0,0
mebanazine,CC(NN)c1ccccc1,,6179.0,Drug_Name,4,ok,4,0
ceritinib,Cc1cc(Nc2ncc(Cl)c(Nc3ccccc3S(=O)(=O)C(C)C)n2)c(OC(C)C)cc1C1CCNCC1,,57379345.0,Drug_Name,14,ok,14,0
dexrabeprazole,COCCCOc1ccnc(C[S+]([O-])c2nc3ccccc3[nH]2)c1C,,9906855.0,Drug_Name,0,ok,0,0
umifenovir,CCOC(=O)c1c(CSc2ccccc2)n(C)c2cc(Br)c(O)c(CN(C)C)c12,,131411.0,Drug_Name,0,ok,0,0
furazidin,O=c1[nH]c(O)cn1N=CC=Cc1ccc([N+](=O)[O-])o1,,6870646.0,Drug_Name,1,ok,1,0
gemigliptin,NC(CC(=O)N1CCc2c(nc(C(F)(F)F)nc2C(F)(F)F)C1)CN1CC(F)(F)CCC1=O,,11953153.0,Drug_Name,0,ok,0,0
ethacizine,CCOC(=O)Nc1ccc2c(c1)N(C(=O)CCN(CC)CC)c1ccccc1S2,,107841.0,Drug_Name,0,ok,0,0
amino(diphenylhydantoin) valeric acid,NC(CCCN1C(=O)NC(c2ccccc2)(c2ccccc2)C1=O)C(=O)O,,3084726.0,Drug_Name (fallback),0,ok,0,0
omarigliptin,CS(=O)(=O)n1cc2c(n1)CN(C1COC(c3cc(F)ccc3F)C(N)C1)C2,,46209133.0,Drug_Name,1,ok,1,0
vintafolide,CCC1(O)CC2CN(CCc3c([nH]c4ccccc34)C(C(=O)OC)(c3cc4c(cc3OC)N(C)C3C(O)(C(=O)NNC(=O)OCCSSCC(NC(=O)C(CC(=O)O)NC(=O)C(CC(=O)O)NC(=O)C(CCCN=C(N)N)NC(=O)C(CC(=O)O)NC(=O)CCC(NC(=O)c5ccc(NCc6cnc7[nH]c(N)nc(=O)c7n6)cc5)C(=O)O)C(=O)O)C(O)C5(CC)C=CCN6CCC43C65)C2)C1,,25014653.0,Drug_Name,2,ok,2,0
etilefrine pivalate,CCNCC(O)c1cccc(OC(=O)C(C)(C)C)c1,,157211.0,Drug_Name,0,ok,0,0
laquinimod,CCN(C(=O)c1c(O)c2c(Cl)cccc2n(C)c1=O)c1ccccc1,,54677946.0,Drug_Name,3,ok,3,0
laninamivir octanoate hydrate,CCCCCCCC(=O)OCC(O)C(OC)C1OC(C(=O)O)=CC(N=C(N)N)C1NC(C)=O,,46919879.0,Drug_Name,0,ok,0,0
peramivir,CCC(CC)C(NC(C)=O)C1C(N=C(N)N)CC(C(=O)O)C1O,,154234.0,Drug_Name,10,ok,10,0
florbetaben F18,CNc1ccc(C=Cc2ccc(OCCOCCOCCF)cc2)cc1,,11501341.0,Drug_Name,2,ok,2,0
zanubrutinib,C=CC(=O)N1CCC(C2CCNc3c(C(N)=O)c(-c4ccc(Oc5ccccc5)cc4)nn32)CC1,,135565884.0,Drug_Name,10,ok,10,0
rifamycin,COC1C=COC2(C)Oc3c(C)c(O)c4c(O)c(cc(O)c4c3C2=O)NC(=O)C(C)=CC=CC(C)C(O)C(C)C(O)C(C)C(OC(C)=O)C1C,,6324616.0,Drug_Name,7,ok,7,0
luliconazole,N#CC(=C1SCC(c2ccc(Cl)cc2Cl)S1)n1ccnc1,,3003141.0,Drug_Name,1,ok,1,0
umeclidinium,OC(c1ccccc1)(c1ccccc1)C12CC[N+](CCOCc3ccccc3)(CC1)CC2,,11519070.0,Drug_Name,0,ok,0,0
ipidacrine,Nc1c2c(nc3c1CCC3)CCCC2,,604519.0,Drug_Name,1,ok,1,0
lascufloxacin,COc1c(N2CC(F)C(CNC3CC3)C2)c(F)cc2c(=O)c(C(=O)O)cn(CCF)c12,,71528768.0,Drug_Name,0,ok,0,0
roxadustat,Cc1nc(C(=O)NCC(=O)O)c(O)c2ccc(Oc3ccccc3)cc12,,11256664.0,Drug_Name,1,ok,1,0
macitentan,CCCNS(=O)(=O)Nc1ncnc(OCCOc2ncc(Br)cn2)c1-c1ccc(Br)cc1,,16004692.0,Drug_Name,12,ok,12,0
ibrutinib,C=CC(=O)N1CCCC(n2nc(-c3ccc(Oc4ccccc4)cc3)c3c(N)ncnc32)C1,,24821094.0,Drug_Name,153,ok,153,0
sofosbuvir,CC(C)OC(=O)C(C)NP(=O)(OCC1OC(n2ccc(=O)[nH]c2=O)C(C)(F)C1O)Oc1ccccc1,,45375808.0,Drug_Name,161,ok,161,0
simeprevir,COc1ccc2c(OC3CC4C(=O)NC5(C(=O)NS(=O)(=O)C6CC6)CC5C=CCCCCN(C)C(=O)C4C3)cc(-c3nc(C(C)C)cs3)nc2c1C,,24873435.0,Drug_Name,106,ok,106,0
dolutegravir,CC1CCOC2Cn3cc(C(=O)NCc4ccc(F)cc4F)c(=O)c(O)c3C(=O)N12,,54726191.0,Drug_Name,53,ok,53,0
pomalidomide,Nc1cccc2c1C(=O)N(C1CCC(=O)NC1=O)C2=O,,134780.0,Drug_Name,154,ok,154,0
quifenadine,OC(c1ccccc1)(c1ccccc1)C1CN2CCC1CC2,,65600.0,Drug_Name,0,ok,0,0
cetyl alcohol,CCCCCCCCCCCCCCCCO,,2682.0,Drug_Name,61,ok,61,0
regorafenib,CNC(=O)c1cc(Oc2ccc(NC(=O)Nc3ccc(Cl)c(C(F)(F)F)c3)c(F)c2)ccn1,,11167602.0,Drug_Name,15,ok,15,0
tedisamil,C1CCC2(C1)C1CN(CC3CC3)CC2CN(CC2CC2)C1,,65825.0,Drug_Name,0,ok,0,0
meprotixol,COc1ccc2c(c1)C(O)(CCCN(C)C)c1ccccc1S2,,71195.0,Drug_Name,0,ok,0,0
metabutethamine,CC(C)CNCCOC(=O)c1cccc(N)c1,,11115.0,Drug_Name,0,ok,0,0
metamizole,Cc1c(N(C)CS(=O)(=O)O)c(=O)n(-c2ccccc2)n1C,,3111.0,Drug_Name,18,ok,18,0
methylatropine,C[N+]1(C)C2CCC1CC(OC(=O)C(CO)c1ccccc1)C2,,656598.0,Drug_Name,0,ok,0,0
creatine,CN(CC(=O)O)C(=N)N,,586.0,Drug_Name,31,ok,31,0
benzoin,O=C(c1ccccc1)C(O)c1ccccc1,,8400.0,Drug_Name,19,ok,19,0
octinoxate,CCCCC(CC)COC(=O)C=Cc1ccc(OC)cc1,,5355130.0,Drug_Name,109,ok,109,0
octisalate,CCCCC(CC)COC(=O)c1ccccc1O,,8364.0,Drug_Name,3,ok,3,0
avobenzone,COc1ccc(C(=O)CC(=O)c2ccc(C(C)(C)C)cc2)cc1,,51040.0,Drug_Name,80,ok,80,0
mequinol,COc1ccc(O)cc1,,9015.0,Drug_Name,153,ok,153,0
pirfenidone,Cc1ccc(=O)n(-c2ccccc2)c1,,40632.0,Drug_Name,79,ok,79,0
axitinib,CNC(=O)c1ccccc1Sc1ccc2c(C=Cc3ccccn3)[nH]nc2c1,,6450551.0,Drug_Name,21,ok,21,0
crizotinib,CC(Oc1cc(-c2cnn(C3CCNCC3)c2)cnc1N)c1c(Cl)ccc(F)c1Cl,,11626560.0,Drug_Name,12,ok,12,0
formaldehyde,C=O,,712.0,Drug_Name,313,ok,313,0
ethanol,CCO,,702.0,Drug_Name,494,ok,494,0
corticorelin ovine,CCC(C)C(NC(=O)C(CC(=O)O)NC(=O)C(CC(C)C)NC(=O)C(CC(C)C)NC(=O)C(CCCCN)NC(=O)C(CCCN=C(N)N)NC(=O)C(CC(N)=O)NC(=O)C(CO)NC(=O)C(Cc1c[nH]cn1)NC(=O)C(C)NC(=O)C(CCC(N)=O)NC(=O)C(CCC(N)=O)NC(=O)C(C)NC(=O)C(CC(C)C)NC(=O)C(CCC(N)=O)NC(=O)C(CC(=O)O)NC(=O)C(C)NC(=O)C(CCCCN)NC(=O)C(NC(=O)C(CCSC)NC(=O)C(CCC(=O)O)NC(=O)C(CC(C)C)NC(=O)C(NC(=O)C(CCC(=O)O)NC(=O)C(CCCNC(=N)N)NC(=O)C(CC(C)C)NC(=O)C(CC(C)C)NC(=O)C(Cc1c[nH]cn1)NC(=O)C(Cc1ccccc1)NC(=O)C(NC(=O)C(CC(C)C)NC(=O)C(CC(=O)O)NC(=O)C(CC(C)C)NC(=O)C(CO)NC(=O)C(NC(=O)C1CCCN1C(=O)C1CCCN1C(=O)C(CCC(=O)O)NC(=O)C(CCC(N)=O)NC(=O)C(N)CO)C(C)CC)C(C)O)C(C)C)C(C)O)C(=O)NC(C)C(N)=O,,16132344.0,Drug_Name,2,ok,2,0
ethyl chloride,CCCl,,6337.0,Drug_Name,108,ok,108,0
vinyl ether,C=COC=C,,8024.0,Drug_Name,24,ok,24,0
propiolactone,O=C1CCO1,,2365.0,Drug_Name,54,ok,54,0
doravirine,Cn1c(Cn2ccc(C(F)(F)F)c(Oc3cc(Cl)cc(C#N)c3)c2=O)n[nH]c1=O,,58460047.0,Drug_Name,6,ok,6,0
duvelisib,CC(Nc1ncnc2[nH]cnc12)c1cc2cccc(Cl)c2c(=O)n1-c1ccccc1,,50905713.0,Drug_Name,9,ok,9,0
sarecycline,CON(C)Cc1ccc(O)c2c1CC1CC3C(N(C)C)C(=O)C(C(N)=O)C(=O)C3(O)C(=O)C1C2=O,,54681908.0,Drug_Name,0,ok,0,0
darolutamide,CC(Cn1ccc(-c2ccc(C#N)c(Cl)c2)n1)NC(=O)c1cc(C(C)O)[nH]n1,,67171867.0,Drug_Name,3,ok,3,0
tenapanor,CN1Cc2c(Cl)cc(Cl)cc2C(c2cccc(S(=O)(=O)NCCOCCOCCNC(=O)NCCCCNC(=O)NCCOCCOCCNS(=O)(=O)c3cccc(C4CN(C)Cc5c(Cl)cc(Cl)cc54)c3)c2)C1,,71587953.0,Drug_Name,4,ok,4,0
trifarotene,CC(C)(C)c1cc(-c2cc(-c3ccc(C(=O)O)cc3)ccc2OCCO)ccc1N1CCCC1,,11518241.0,Drug_Name,2,ok,2,0
hydroxycarbamide,NC(O)=NO,,3657.0,Drug_Name,161,ok,161,0
propylene glycol,CC(O)CO,,1030.0,Drug_Name,251,ok,251,0
mercaptamine,NCCS,,6058.0,Drug_Name,71,ok,71,0
dimethyl sulfoxide,C[S+](C)[O-],,679.0,Drug_Name,276,ok,276,0
piperazine,C1CNCCN1,,4837.0,Drug_Name,259,ok,259,0
deanol,CN(C)CCO,,7902.0,Drug_Name,176,ok,176,0
lactic acid,CC(O)C(=O)O,,612.0,Drug_Name,188,ok,188,0
glycerol,OCC(O)CO,,753.0,Drug_Name,96,ok,96,0
methylpentynol,C#CC(C)(O)CC,,6494.0,Drug_Name,3,ok,3,0
secretin porcine,CC(C)CC(NC(=O)CNC(=O)C(CCC(N)=O)NC(=O)C(CC(C)C)NC(=O)C(CC(C)C)NC(=O)C(CCCN=C(N)N)NC(=O)C(CCC(N)=O)NC(=O)C(CC(C)C)NC(=O)C(CCCNC(=N)N)NC(=O)C(C)NC(=O)C(CO)NC(=O)C(CC(=O)O)NC(=O)C(CCCNC(=N)N)NC(=O)C(CC(C)C)NC(=O)C(CCCNC(=N)N)NC(=O)C(CO)NC(=O)C(CC(C)C)NC(=O)C(CCC(=O)O)NC(=O)C(CO)NC(=O)C(NC(=O)C(Cc1ccccc1)NC(=O)C(NC(=O)CNC(=O)C(CC(=O)O)NC(=O)C(CO)NC(=O)C(N)Cc1c[nH]cn1)C(C)O)C(C)O)C(=O)NC(C(N)=O)C(C)C,,16158472.0,Drug_Name,0,ok,0,0
glutaral,O=CCCCC=O,,3485.0,Drug_Name,275,ok,275,0
cycloserine,NC1CONC1=O,,6234.0,Drug_Name,47,ok,47,0
aminobutyric acid,NCCCC(=O)O,,119.0,Drug_Name,2,ok,2,0
benzyl alcohol,OCc1ccccc1,,244.0,Drug_Name,178,ok,178,0
aminopicoline,Cc1ccnc(N)c1,,1533.0,Drug_Name,13,ok,13,0
nicotinyl alcohol,OCc1cccnc1,,7510.0,Drug_Name,20,ok,20,0
resorcinol,Oc1cccc(O)c1,,5054.0,Drug_Name,156,ok,156,0
hydroquinone,Oc1ccc(O)cc1,,785.0,Drug_Name,207,ok,207,0
betazole,NCCc1cc[nH]n1,,7741.0,Drug_Name,1,ok,1,0
thiamazole,Cn1cc[nH]c1=S,,1349907.0,Drug_Name,171,ok,171,0
tuaminoheptane,CCCCCC(C)N,,5603.0,Drug_Name,3,ok,3,0
methylhexaneamine,CCC(C)CC(C)N,,7753.0,Drug_Name,66,ok,66,0
fumaric acid,O=C(O)C=CC(=O)O,,444972.0,Drug_Name,119,ok,119,0
succinic acid,O=C(O)CCC(=O)O,,1110.0,Drug_Name,61,ok,61,0
aminohydroxybutyric acid,NCC(O)CC(=O)O,,2149.0,Drug_Name,1,ok,1,0
oxymethurea,O=C(NCO)NCO,,8827.0,Drug_Name,4,ok,4,0
noxytiolin,CNC(=S)NCO,,5251503.0,Drug_Name,0,ok,0,0
trometamol,NC(CO)(CO)CO,,6503.0,Drug_Name,45,ok,45,0
cysteine,NC(CS)C(=O)O,,5862.0,Drug_Name,115,ok,115,0
nicotinamide,NC(=O)c1cccnc1,,936.0,Drug_Name,167,ok,167,0
nicotinic acid,O=C(O)c1cccnc1,,938.0,Drug_Name,414,ok,414,0
pyrazinamide,NC(=O)c1cnccn1,,1046.0,Drug_Name,85,ok,85,0
guaiacol,COc1ccccc1O,,460.0,Drug_Name,101,ok,101,0
fluroxene,C=COCC(F)(F)F,,9844.0,Drug_Name,9,ok,9,0
phloroglucinol,Oc1cc(O)cc(O)c1,,359.0,Drug_Name,4,ok,4,0
orazamide,NC(=O)c1[nH]cnc1N,,167459.0,Drug_Name,0,ok,0,0
pyrithione,[O-][n+]1ccccc1S,,1570.0,Drug_Name,12,ok,12,0
thiouracil,O=c1cc[nH]c(=S)[nH]1,,1269845.0,Drug_Name,61,ok,61,0
dichloroacetic acid,O=C(O)C(Cl)Cl,,6597.0,Drug_Name,235,ok,235,0
metformin,CN(C)C(N)=NC(=N)N,,4091.0,Drug_Name,309,ok,309,0
octodrine,CC(C)CCCC(C)N,,10982.0,Drug_Name,3,ok,3,0
leucine,CC(C)CC(N)C(=O)O,,6106.0,Drug_Name,107,ok,107,0
trichloroethylene,ClC=C(Cl)Cl,,6575.0,Drug_Name,269,ok,269,0
paraldehyde,CC1OC(C)OC(C)O1,,31264.0,Drug_Name,110,ok,110,0
ornithine,NCCCC(N)C(=O)O,,6262.0,Drug_Name,8,ok,8,0
prenderol,CCC(CC)(CO)CO,,8284.0,Drug_Name,1,ok,1,0
aspartic acid,NC(CC(=O)O)C(=O)O,,5960.0,Drug_Name,74,ok,74,0
timonacic,O=C(O)C1CSCN1,,9934.0,Drug_Name,1,ok,1,0
adenine,Nc1ncnc2[nH]cnc12,,190.0,Drug_Name,23,ok,23,0
acetanilide,CC(=O)Nc1ccccc1,,904.0,Drug_Name,74,ok,74,0
mecysteine,COC(=O)C(N)CS,,29145.0,Drug_Name,0,ok,0,0
allopurinol,O=c1[nH]cnc2[nH]ncc12,,135401907.0,Drug_Name,273,ok,273,0
pentaerythritol,OCC(CO)(CO)CO,,8285.0,Drug_Name,152,ok,152,0
phenylpropanol,CCC(O)c1ccccc1,,7147.0,Drug_Name,3,ok,3,0
betahistine,CNCCc1ccccn1,,2366.0,Drug_Name,1,ok,1,0
homonicotinic acid,O=C(O)Cc1cccnc1,,108.0,Drug_Name,11,ok,11,0
methyl nicotinate,COC(=O)c1cccnc1,,7151.0,Drug_Name,6,ok,6,0
salicylamide,NC(=O)c1ccccc1O,,5147.0,Drug_Name,53,ok,53,0
aminobenzoic acid,Nc1ccc(C(=O)O)cc1,,978.0,Drug_Name,127,ok,127,0
pralidoxime,C[n+]1ccccc1C=NO,,135398747.0,Drug_Name,125,ok,125,0
phenylethanolamine,NCC(O)c1ccccc1,,1000.0,Drug_Name,3,ok,3,0
tyramine,NCCc1ccc(O)cc1,,5610.0,Drug_Name,57,ok,57,0
isaxonine,CC(C)Nc1ncccn1,,71169.0,Drug_Name,3,ok,3,0
cacodylic acid,C[As](C)(=O)O,,2513.0,Drug_Name,132,ok,132,0
phenoxyethanol,OCCOc1ccccc1,,31236.0,Drug_Name,177,ok,177,0
pentetrazol,C1CCc2nnnn2CC1,,5917.0,Drug_Name,20,ok,20,0
oxiniacic acid,O=C(O)c1ccc[n+]([O-])c1,,16976.0,Drug_Name,1,ok,1,0
methenamine,C1N2CN3CN1CN(C2)C3,,4101.0,Drug_Name,136,ok,136,0
furtrethonium,C[N+](C)(C)Cc1ccco1,,10938.0,Drug_Name,0,ok,0,0
ethosuximide,CCC1(C)CC(=O)NC1=O,,3291.0,Drug_Name,129,ok,129,0
isometheptene,CNC(C)CCC=C(C)C,,22297.0,Drug_Name,3,ok,3,0
cyclopentamine,CNC(C)CC1CCCC1,,7608.0,Drug_Name,3,ok,3,0
kojic acid,O=c1cc(CO)occ1O,,3840.0,Drug_Name,57,ok,57,0
piracetam,NC(=O)CN1CCCC1=O,,4843.0,Drug_Name,57,ok,57,0
methylthiouracil,Cc1cc(=O)[nH]c(=S)[nH]1,,667493.0,Drug_Name,56,ok,56,0
valpromide,CCCC(CCC)C(N)=O,,71113.0,Drug_Name,1,ok,1,0
valnoctamide,CCC(C)C(CC)C(N)=O,,20140.0,Drug_Name,26,ok,26,0
betanaphthol,Oc1ccc2ccccc2c1,,8663.0,Drug_Name,200,ok,200,0
octanoic acid,CCCCCCCC(=O)O,,379.0,Drug_Name,160,ok,160,0
octamoxin,CCCCCCC(C)NN,,20811.0,Drug_Name,0,ok,0,0
ethchlorvynol,C#CC(O)(C=CCl)CC,,5281077.0,Drug_Name,121,ok,121,0
methyl aminolevulinate,COC(=O)CCC(=O)CN,,157922.0,Drug_Name,0,ok,0,0
oxyquinoline,Oc1cccc2cccnc12,,1923.0,Drug_Name,51,ok,51,0
emylcamate,CCC(C)(CC)OC(N)=O,,6526.0,Drug_Name,0,ok,0,0
heptaminol,CC(N)CCCC(C)(C)O,,3590.0,Drug_Name,2,ok,2,0
gimeracil,O=c1cc(O)[nH]cc1Cl,,54679224.0,Drug_Name,1,ok,1,0
adipic acid,O=C(O)CCCCC(=O)O,,196.0,Drug_Name,110,ok,110,0
coumarin,O=c1ccc2ccccc2o1,,323.0,Drug_Name,112,ok,112,0
lysine,NCCCCC(N)C(=O)O,,5962.0,Drug_Name,118,ok,118,0
oxapropanium,C[N+](C)(C)CC1COCO1,,10940.0,Drug_Name,0,ok,0,0
acetylcholine,CC(=O)OCC[N+](C)(C)C,,187.0,Drug_Name,0,ok,0,0
trientine,NCCNCCNCCN,,5565.0,Drug_Name,50,ok,50,0
glutamic acid,NC(CCC(=O)O)C(=O)O,,33032.0,Drug_Name,147,ok,147,0
meldonium,C[N+](C)(C)NCCC(=O)[O-],,123868.0,Drug_Name,1,ok,1,0
ketoxal,CCOC(C)C(O)C(=O)O,,34006.0,Drug_Name,1,ok,1,0
trolamine,OCCN(CCO)CCO,,7618.0,Drug_Name,120,ok,120,0
methionine,CSCCC(N)C(=O)O,,6137.0,Drug_Name,136,ok,136,0
penicillamine,CC(C)(S)C(N)C(=O)O,,5852.0,Drug_Name,162,ok,162,0
phenpromethamine,CNCC(C)c1ccccc1,,22276.0,Drug_Name,2,ok,2,0
phentermine,CC(C)(N)Cc1ccccc1,,4771.0,Drug_Name,213,ok,213,0
ditiocarb,CCN(CC)C(=S)S,,8987.0,Drug_Name,1,ok,1,0
tartaric acid,O=C(O)C(O)C(O)C(=O)O,,444305.0,Drug_Name,28,ok,28,0
xylose,OC1COC(O)C(O)C1O,,135191.0,Drug_Name,30,ok,30,0
cresatin,CC(=O)Oc1cccc(C)c1,,67406.0,Drug_Name,2,ok,2,0
paroxypropione,CCC(=O)c1ccc(O)cc1,,6271.0,Drug_Name,1,ok,1,0
pheniprazine,CC(Cc1ccccc1)NN,,5929.0,Drug_Name,1,ok,1,0
paracetamol,CC(=O)Nc1ccc(O)cc1,,1983.0,Drug_Name,403,ok,403,0
aminomethylbenzoic acid,NCc1ccc(C(=O)O)cc1,,65526.0,Drug_Name,2,ok,2,0
phenicarbazide,NC(=O)NNc1ccccc1,,61002.0,Drug_Name,2,ok,2,0
hydroxyamfetamine,CC(N)Cc1ccc(O)cc1,,3651.0,Drug_Name,2,ok,2,0
gepefrine,CC(N)Cc1cccc(O)c1,,219105.0,Drug_Name,0,ok,0,0
amantadine,NC12CC3CC(CC(C3)C1)C2,,2130.0,Drug_Name,102,ok,102,0
methylparaben,COC(=O)c1ccc(O)cc1,,7456.0,Drug_Name,173,ok,173,0
mandelic acid,O=C(O)C(O)c1ccccc1,,1292.0,Drug_Name,5,ok,5,0
hydroxymethylnicotinamide,O=C(NCO)c1cccnc1,,77116.0,Drug_Name,1,ok,1,0
tisopurine,S=c1[nH]cnc2[nH]ncc12,,135445058.0,Drug_Name,1,ok,1,0
homocamfin,CC1=CC(=O)CC(C(C)C)C1,,222994.0,Drug_Name,0,ok,0,0
camphor,CC12CCC(CC1=O)C2(C)C,,2537.0,Drug_Name,142,ok,142,0
mesalazine,Nc1ccc(O)c(C(=O)O)c1,,4075.0,Drug_Name,161,ok,161,0
octopamine,NCC(O)c1ccc(O)cc1,,4581.0,Drug_Name,1,ok,1,0
enbucrilate,C=C(C#N)C(=O)OCCCC,,23087.0,Drug_Name,23,ok,23,0
norfenefrine,NCC(O)c1cccc(O)c1,,4538.0,Drug_Name,0,ok,0,0
carbon tetrachloride,ClC(Cl)(Cl)Cl,,5943.0,Drug_Name,244,ok,244,0
gentisic acid,O=C(O)c1cc(O)ccc1O,,3469.0,Drug_Name,2,ok,2,0
guancidine,CCC(C)(C)N=C(N)NC#N,,14211.0,Drug_Name,0,ok,0,0
allomethadione,C=CCn1c(O)c(C)oc1=O,,10683.0,Drug_Name,0,ok,0,0
histidine,NC(Cc1c[nH]cn1)C(=O)O,,6274.0,Drug_Name,42,ok,42,0
bemegride,CCC1(C)CC(=O)NC(=O)C1,,2310.0,Drug_Name,1,ok,1,0
valdetamide,C=CCC(CC)(CC)C(N)=O,,68845.0,Drug_Name,0,ok,0,0
propylhexedrine,CNC(C)CC1CCCCC1,,7558.0,Drug_Name,1,ok,1,0
pempidine,CN1C(C)(C)CCCC1(C)C,,6603.0,Drug_Name,6,ok,6,0
orotic acid,O=C(O)c1cc(=O)[nH]c(=O)[nH]1,,967.0,Drug_Name,73,ok,73,0
nifuroxime,O=[N+]([O-])c1ccc(C=NO)o1,,5373493.0,Drug_Name,0,ok,0,0
ectylurea,CC=C(CC)C(=O)NC(N)=O,,5895404.0,Drug_Name,0,ok,0,0
levomenthol,CC1CCC(C(C)C)C(O)C1,,16666.0,Drug_Name,84,ok,84,0
chloroxylenol,Cc1cc(O)cc(C)c1Cl,,2723.0,Drug_Name,94,ok,94,0
oteracil,O=C(O)c1nc(=O)[nH]c(=O)[nH]1,,4604.0,Drug_Name,0,ok,0,0
furamicid,COCc1ccc([N+](=O)[O-])o1,,11469.0,Drug_Name,0,ok,0,0
paramethadione,CCC1(C)OC(=O)N(C)C1=O,,8280.0,Drug_Name,38,ok,38,0
ethadione,CCN1C(=O)OC(C)(C)C1=O,,10630.0,Drug_Name,1,ok,1,0
tranexamic acid,NCC1CCC(C(=O)O)CC1,,5526.0,Drug_Name,1,ok,1,0
oxanamide,CCCC1OC1(CC)C(N)=O,,31365.0,Drug_Name,0,ok,0,0
buformin,CCCCN=C(N)N=C(N)N,,2468.0,Drug_Name,0,ok,0,0
isovaleryl diethylamide,CCN(CC)C(=O)CC(C)C,,68290.0,Drug_Name,0,ok,0,0
oxiracetam,NC(=O)CN1CC(O)CC1=O,,4626.0,Drug_Name,1,ok,1,0
tiliquinol,Cc1ccc(O)c2ncccc12,,71208.0,Drug_Name,1,ok,1,0
citiolone,CC(=O)NC1CCSC1=O,,14520.0,Drug_Name,3,ok,3,0
pregabalin,CC(C)CC(CN)CC(=O)O,,5486971.0,Drug_Name,104,ok,104,0
pargyline,C#CCN(C)Cc1ccccc1,,4688.0,Drug_Name,2,ok,2,0
methylchromone,Cc1coc2ccccc2c1=O,,66569.0,Drug_Name,1,ok,1,0
hydralazine,NNc1nncc2ccccc12,,3637.0,Drug_Name,29,ok,29,0
tolazoline,c1ccc(CC2=NCCN2)cc1,,5504.0,Drug_Name,3,ok,3,0
methacholine,CC(=O)OC(C)C[N+](C)(C)C,,1993.0,Drug_Name,0,ok,0,0
carpronium,COC(=O)CCC[N+](C)(C)C,,2582.0,Drug_Name,0,ok,0,0
bethanechol,CC(C[N+](C)(C)C)OC(N)=O,,2370.0,Drug_Name,26,ok,26,0
clomethiazole,Cc1ncsc1CCCl,,10783.0,Drug_Name,1,ok,1,0
meglutol,CC(O)(CC(=O)O)CC(=O)O,,1662.0,Drug_Name,1,ok,1,0
fenadiazole,Oc1ccccc1-c1nnco1,,13883.0,Drug_Name,8,ok,8,0
aminorex,N=C1NCC(c2ccccc2)O1,,16630.0,Drug_Name,171,ok,171,0
oxydibutanol,CC(O)CCOCCC(C)O,,92141.0,Drug_Name,0,ok,0,0
nicotine,CN1CCCC1c1cccnc1,,89594.0,Drug_Name,275,ok,275,0
carsalam,O=c1[nH]c(=O)c2ccccc2o1,,16258.0,Drug_Name,1,ok,1,0
pentorex,CC(c1ccccc1)C(C)(C)N,,22031.0,Drug_Name,0,ok,0,0
mephentermine,CNC(C)(C)Cc1ccccc1,,3677.0,Drug_Name,31,ok,31,0
etilamfetamine,CCNC(C)Cc1ccccc1,,9982.0,Drug_Name,2,ok,2,0
trichloroacetic acid,O=C(O)C(Cl)(Cl)Cl,,6421.0,Drug_Name,204,ok,204,0
phenylbutanoic acid,O=C(O)CCCc1ccccc1,,4775.0,Drug_Name,15,ok,15,0
fenipentol,CCCCC(O)c1ccccc1,,3338.0,Drug_Name,2,ok,2,0
methiosulfonium chloride,C[S+](C)CCC(N)C(=O)O,,16217806.0,Drug_Name,3,ok,3,0
methoxyflurane,COC(F)(F)C(Cl)Cl,,4116.0,Drug_Name,104,ok,104,0
atrolactamide,CC(O)(C(N)=O)c1ccccc1,,16235.0,Drug_Name,0,ok,0,0
phenylalanine,NC(Cc1ccccc1)C(=O)O,,6140.0,Drug_Name,93,ok,93,0
ethenzamide,CCOc1ccccc1C(N)=O,,3282.0,Drug_Name,0,ok,0,0
pholedrine,CNC(C)Cc1ccc(O)cc1,,4655.0,Drug_Name,1,ok,1,0
tetrachloroethylene,ClC(Cl)=C(Cl)Cl,,31373.0,Drug_Name,262,ok,262,0
fenoxypropazine,CC(COc1ccccc1)NN,,71467.0,Drug_Name,3,ok,3,0
edrophonium,CC[N+](C)(C)c1cccc(O)c1,,3202.0,Drug_Name,18,ok,18,0
ethionamide,CCc1cc(C(N)=S)ccn1,,2761171.0,Drug_Name,104,ok,104,0
orthocaine,COC(=O)c1ccc(O)c(N)c1,,10815.0,Drug_Name,1,ok,1,0
aminosalicylic acid hydrazide,NNC(=O)c1ccc(N)cc1O,,72490.0,Drug_Name,2,ok,2,0
thioguanine,Nc1nc(=S)c2[nH]cnc2[nH]1,,2723601.0,Drug_Name,173,ok,173,0
oxedrine,CNCC(O)c1ccc(O)cc1,,7172.0,Drug_Name,1,ok,1,0
pyrithyldione,CCC1(CC)C(=O)CC=NC1=O,,4994.0,Drug_Name,1,ok,1,0
phenylephrine,CNCC(O)c1cccc(O)c1,,6041.0,Drug_Name,128,ok,128,0
metaraminol,CC(N)C(O)c1cccc(O)c1,,5906.0,Drug_Name,70,ok,70,0
ethinamate,C#CC1(OC(N)=O)CCCCC1,,3284.0,Drug_Name,82,ok,82,0
mecamylamine,CNC1(C)C2CCC(C2)C1(C)C,,4032.0,Drug_Name,1,ok,1,0
tioxolone,O=c1oc2cc(O)ccc2s1,,72139.0,Drug_Name,1,ok,1,0
cicrotoic acid,CC(=CC(=O)O)C1CCCCC1,,71704.0,Drug_Name,1,ok,1,0
zoxazolamine,Nc1nc2cc(Cl)ccc2o1,,6103.0,Drug_Name,1,ok,1,0
pyridoxine,Cc1ncc(CO)c(CO)c1O,,1054.0,Drug_Name,20,ok,20,0
piperidione,CCC1(CC)C(=O)CCNC1=O,,6465.0,Drug_Name,1,ok,1,0
levetiracetam,CCC(C(N)=O)N1CCCC1=O,,5284583.0,Drug_Name,110,ok,110,0
sobrerol,CC1=CCC(C(C)(C)O)CC1O,,91463.0,Drug_Name,1,ok,1,0
metronidazole,Cc1ncc([N+](=O)[O-])n1CCO,,4173.0,Drug_Name,166,ok,166,0
diethadione,CCC1(CC)COC(=O)NC1=O,,12798.0,Drug_Name,5,ok,5,0
moroxydine,N=C(N)N=C(N)N1CCOCC1,,71655.0,Drug_Name,1,ok,1,0
gabapentin,NCC1(CC(=O)O)CCCCC1,,3446.0,Drug_Name,337,ok,337,0
rasagiline,C#CCNC1CCc2ccccc21,,3052776.0,Drug_Name,107,ok,107,0
iproheptine,CC(C)CCCC(C)NC(C)C,,19917.0,Drug_Name,1,ok,1,0
menadione,CC1=CC(=O)c2ccccc2C1=O,,4055.0,Drug_Name,109,ok,109,0
sulfanilamide,Nc1ccc(S(N)(=O)=O)cc1,,5333.0,Drug_Name,41,ok,41,0
sodium hexacyclonate,O=C(O)CC1(CO)CCCCC1,,23675742.0,Drug_Name,0,ok,0,0
terpin,CC1(O)CCC(C(C)(C)O)CC1,,6651.0,Drug_Name,2,ok,2,0
loprodiol,OCC(CO)(CCl)CCl,,71813.0,Drug_Name,0,ok,0,0
oxaceprol,CC(=O)N1CC(O)CC1C(=O)O,,65784.0,Drug_Name,2,ok,2,0
acexamic acid,CC(=O)NCCCCCC(=O)O,,2005.0,Drug_Name,2,ok,2,0
acetylleucine,CC(=O)NC(CC(C)C)C(=O)O,,1995.0,Drug_Name,2,ok,2,0
menadiol sulfate,Cc1cc(OS(=O)(=O)O)c2ccccc2c1OS(=O)(=O)O,,71103.0,Drug_Name,0,ok,0,0
arginine hydrochloride,N=C(N)NCCCC(N)C(=O)O,,66250.0,Drug_Name,40,ok,40,0
carfimate,C#CC(OC(N)=O)c1ccccc1,,19111.0,Drug_Name,2,ok,2,0
citrulline,NC(=O)NCCCC(N)C(=O)O,,9750.0,Drug_Name,43,ok,43,0
benzalamide,CC(=Cc1ccccc1)CC(N)=O,,23660.0,Drug_Name,0,ok,0,0
debrisoquine,N=C(N)N1CCc2ccccc2C1,,2966.0,Drug_Name,0,ok,0,0
glucurolactone,O=C1OC(C(=O)CO)C(O)C1O,,92283.0,Drug_Name,3,ok,3,0
hymecromone,Cc1cc(=O)oc2cc(O)ccc12,,5280567.0,Drug_Name,11,ok,11,0
pemoline,Nc1nc(O)c(-c2ccccc2)o1,,4723.0,Drug_Name,295,ok,295,0
cotinine,CN1C(=O)CCC1c1cccnc1,,854019.0,Drug_Name,184,ok,184,0
dichlorobenzyl alcohol,OCc1ccc(Cl)cc1Cl,,15684.0,Drug_Name,3,ok,3,0
tidiacic,O=C(O)C1CSC(C(=O)O)N1,,72150.0,Drug_Name,1,ok,1,0
metamfepramone,CC(C(=O)c1ccccc1)N(C)C,,71872.0,Drug_Name,1,ok,1,0
phenmetrazine,CC1NCCOC1c1ccccc1,,4762.0,Drug_Name,255,ok,255,0
betanidine,CN=C(NC)NCc1ccccc1,,135449343.0,Drug_Name,0,ok,0,0
chlorobutanol,CC(C)(O)C(Cl)(Cl)Cl,,5977.0,Drug_Name,66,ok,66,0
phenacemide,NC(=O)NC(=O)Cc1ccccc1,,4753.0,Drug_Name,112,ok,112,0
nikethamide,CCN(CC)C(=O)c1cccnc1,,5497.0,Drug_Name,2,ok,2,0
propofol,CC(C)c1cccc(C(C)C)c1O,,4943.0,Drug_Name,86,ok,86,0
glucosamine,NC1C(O)OC(CO)C(O)C1O,,439213.0,Drug_Name,74,ok,74,0
salacetamide,CC(=O)NC(=O)c1ccccc1O,,10252.0,Drug_Name,0,ok,0,0
phenprobamate,NC(=O)OCCCc1ccccc1,,4770.0,Drug_Name,0,ok,0,0
phenacetin,CCOc1ccc(NC(C)=O)cc1,,4754.0,Drug_Name,122,ok,122,0
homarylamine,CNCCc1ccc2c(c1)OCO2,,10776.0,Drug_Name,2,ok,2,0
iproniazid,CC(C)NNC(=O)c1ccncc1,,3748.0,Drug_Name,4,ok,4,0
fudosteine,NC(CSCCCO)C(=O)O,,134669.0,Drug_Name,0,ok,0,0
methylephedrine,CC(C(O)c1ccccc1)N(C)C,,64782.0,Drug_Name,1,ok,1,0
mexiletine,Cc1cccc(C)c1OCC(C)N,,4178.0,Drug_Name,24,ok,24,0
methoxyphenamine,CNC(C)Cc1ccccc1OC,,4117.0,Drug_Name,1,ok,1,0
cloxiquine,Oc1ccc(Cl)c2cccnc12,,2817.0,Drug_Name,3,ok,3,0
inositol,OC1C(O)C(O)C(O)C(O)C1O,,892.0,Drug_Name,1,ok,1,0
fructose,OCC1(O)OCC(O)C(O)C1O,,2723872.0,Drug_Name,27,ok,27,0
theophylline,Cn1c(=O)c2[nH]cnc2n(C)c1=O,,2153.0,Drug_Name,205,ok,205,0
theobromine,Cn1cnc2c1c(=O)[nH]c(=O)n2C,,5429.0,Drug_Name,131,ok,131,0
propylparaben,CCCOC(=O)c1ccc(O)cc1,,7175.0,Drug_Name,158,ok,158,0
rilmenidine,C1COC(=NC(C2CC2)C2CC2)N1,,68712.0,Drug_Name,0,ok,0,0
protionamide,CCCc1cc(C(N)=S)ccn1,,666418.0,Drug_Name,3,ok,3,0
teflurane,FC(Br)C(F)(F)F,,31300.0,Drug_Name,0,ok,0,0
tyrosine,NC(Cc1ccc(O)cc1)C(=O)O,,6057.0,Drug_Name,49,ok,49,0
styramate,NC(=O)OCC(O)c1ccccc1,,7186.0,Drug_Name,0,ok,0,0
adrenalone,CNCC(=O)c1ccc(O)c(O)c1,,7436.0,Drug_Name,0,ok,0,0
pyridostigmine,CN(C)C(=O)Oc1ccc[n+](C)c1,,4991.0,Drug_Name,12,ok,12,0
oxilofrine,CNC(C)C(O)c1ccc(O)cc1,,688009.0,Drug_Name,0,ok,0,0
hexapropymate,C#CCC1(OC(N)=O)CCCCC1,,9661.0,Drug_Name,0,ok,0,0
etilefrine,CCNCC(O)c1cccc(O)c1,,3306.0,Drug_Name,2,ok,2,0
flurotyl,FC(F)(F)COCC(F)(F)F,,9528.0,Drug_Name,2,ok,2,0
eflornithine,NCCCC(N)(C(=O)O)C(F)F,,3009.0,Drug_Name,59,ok,59,0
glycol salicylate,O=C(OCCO)c1ccccc1O,,6880.0,Drug_Name,1,ok,1,0
flopropione,CCC(=O)c1c(O)cc(O)cc1O,,3362.0,Drug_Name,1,ok,1,0
dacarbazine,CN(C)N=Nc1[nH]cnc1C(N)=O,,135398738.0,Drug_Name,76,ok,76,0
mephenesin,Cc1ccccc1OCC(O)CO,,4059.0,Drug_Name,1,ok,1,0
guanacline,CC1=CCN(CCN=C(N)N)CC1,,15102.0,Drug_Name,0,ok,0,0
methyprylon,CCC1(CC)C(=O)NCC(C)C1=O,,4162.0,Drug_Name,54,ok,54,0
clortermine,CC(C)(N)Cc1ccccc1Cl,,25223.0,Drug_Name,100,ok,100,0
chlorphentermine,CC(C)(N)Cc1ccc(Cl)cc1,,10007.0,Drug_Name,134,ok,134,0
fluostigmine,CC(C)OP(=O)(F)OC(C)C,,5936.0,Drug_Name,64,ok,64,0
phosphorylcholine,C[N+](C)(C)CCOP(=O)([O-])O,,135437.0,Drug_Name,0,ok,0,0
barbital,CCC1(CC)C(=O)NC(=O)NC1=O,,2294.0,Drug_Name,3,ok,3,0
mitoguazone,CC(C=NN=C(N)N)=NN=C(N)N,,5351154.0,Drug_Name,0,ok,0,0
apronal,C=CCC(C(=O)NC(N)=O)C(C)C,,10715.0,Drug_Name,0,ok,0,0
undecylenic acid,C=CCCCCCCCCC(=O)O,,5634.0,Drug_Name,6,ok,6,0
guanazodine,N=C(N)NCC1CCCCCCN1,,36054.0,Drug_Name,0,no_data,0,0
isoflurane,FC(F)OC(Cl)C(F)(F)F,,3763.0,Drug_Name,216,ok,216,0
secnidazole,Cc1ncc([N+](=O)[O-])n1CC(C)O,,71815.0,Drug_Name,3,ok,3,0
procymate,CCC(OC(N)=O)C1CCCCC1,,3050432.0,Drug_Name,0,no_data,0,0
amphenidone,Nc1cccc(-n2ccccc2=O)c1,,8641.0,Drug_Name,0,no_data,0,0
carbimazole,CCOC(=O)n1ccn(C)c1=S,,31072.0,Drug_Name,0,ok,0,0
epomediol,CC1(C)OC2(C)C(O)CC1CC2O,,115056.0,Drug_Name,0,ok,0,0
cyclobutyrol,CCC(C(=O)O)C1(O)CCCCC1,,72065.0,Drug_Name,2,ok,2,0
capuride,CCC(C)C(CC)C(=O)NC(N)=O,,231285.0,Drug_Name,25,ok,25,0
aminitrozole,CC(=O)Nc1ncc([N+](=O)[O-])s1,,8798.0,Drug_Name,1,ok,1,0
amrinone,Nc1cc(-c2ccncc2)c[nH]c1=O,,3698.0,Drug_Name,1,ok,1,0
amanozine,Nc1ncnc(Nc2ccccc2)n1,,10832.0,Drug_Name,1,ok,1,0
pivagabine,CC(C)(C)C(=O)NCCCC(=O)O,,68888.0,Drug_Name,1,ok,1,0
aceglutamide,CC(=O)NC(CCC(N)=O)C(=O)O,,182230.0,Drug_Name,1,ok,1,0
fluoresone,CCS(=O)(=O)c1ccc(F)cc1,,71814.0,Drug_Name,1,ok,1,0
phenazone,Cc1cc(=O)n(-c2ccccc2)n1C,,2206.0,Drug_Name,3,ok,3,0
promoxolane,CC(C)C1(C(C)C)OCC(CO)O1,,10105.0,Drug_Name,1,ok,1,0
fenproporex,CC(Cc1ccccc1)NCCC#N,,61810.0,Drug_Name,2,ok,2,0
etryptamine,CCC(N)Cc1c[nH]c2ccccc12,,8367.0,Drug_Name,0,ok,0,0
unithiol,O=S(=O)(O)CC(S)CS,,2724039.0,Drug_Name,1,ok,1,0
pentamethonium bromide,C[N+](C)(C)CCCCC[N+](C)(C)C,,10919.0,Drug_Name,1,ok,1,0
phensuximide,Cn1c(O)cc(-c2ccccc2)c1O,,6839.0,Drug_Name,3,ok,3,0
chromocarb,O=C(O)c1cc(=O)c2ccccc2o1,,2741.0,Drug_Name,1,ok,1,0
nitroxoline,O=[N+]([O-])c1ccc(O)c2ncccc12,,19910.0,Drug_Name,4,ok,4,0
procodazole,O=C(O)CCc1nc2ccccc2[nH]1,,65708.0,Drug_Name,1,ok,1,0
dihydralazine,NNc1nnc(NN)c2ccccc12,,10230.0,Drug_Name,2,ok,2,0
idrocilamide,O=C(C=Cc1ccccc1)NCCO,,1550874.0,Drug_Name,1,ok,1,0
amiphenazole,Nc1nc(N)c(-c2ccccc2)s1,,10275.0,Drug_Name,0,ok,0,0
phendimetrazine,CC1C(c2ccccc2)OCCN1C,,30487.0,Drug_Name,148,ok,148,0
ibufenac,CC(C)Cc1ccc(CC(=O)O)cc1,,15250.0,Drug_Name,6,ok,6,0
tocainide,Cc1cccc(C)c1NC(=O)C(C)N,,38945.0,Drug_Name,0,ok,0,0
bitoscanate,S=C=Nc1ccc(N=C=S)cc1,,19958.0,Drug_Name,55,ok,55,0
glucuronamide,NC(=O)C1OC(O)C(O)C(O)C1O,,636367.0,Drug_Name,0,ok,0,0
betamipron,O=C(O)CCNC(=O)c1ccccc1,,71651.0,Drug_Name,1,ok,1,0
actarit,CC(=O)Nc1ccc(CC(=O)O)cc1,,2018.0,Drug_Name,1,ok,1,0
butamben,CCCCOC(=O)c1ccc(N)cc1,,2482.0,Drug_Name,33,ok,33,0
sabcomeline,CON=C(C#N)C1CN2CCC1CC2,,9577995.0,Drug_Name,0,ok,0,0
etafedrine,CCN(C)C(C)C(O)c1ccccc1,,94532.0,Drug_Name,0,ok,0,0
temozolomide,Cn1nnc2c(C(N)=O)ncn2c1=O,,5394.0,Drug_Name,17,ok,17,0
enprofylline,CCCn1c(=O)[nH]c(=O)c2[nH]cnc21,,1676.0,Drug_Name,1,ok,1,0
caffeine,Cn1c(=O)c2c(ncn2C)n(C)c1=O,,2519.0,Drug_Name,384,ok,384,0
phenamine,CCOc1ccc(NC(=O)CN)cc1,,3007.0,Drug_Name,185,ok,185,0
aminoacridine,Nc1c2ccccc2nc2ccccc12,,7019.0,Drug_Name,1,ok,1,0
hexylresorcinol,CCCCCCc1ccc(O)cc1O,,3610.0,Drug_Name,81,ok,81,0
halopropane,FC(F)C(F)(F)CBr,,69623.0,Drug_Name,0,ok,0,0
salamidacetic acid,NC(=O)c1ccccc1OCC(=O)O,,93086.0,Drug_Name,1,ok,1,0
buramate,O=C(NCc1ccccc1)OCCO,,20787.0,Drug_Name,0,ok,0,0
metirosine,CC(N)(Cc1ccc(O)cc1)C(=O)O,,441350.0,Drug_Name,5,ok,5,0
amisometradine,C=C(C)Cn1c(N)cc(=O)n(C)c1=O,,11071.0,Drug_Name,0,ok,0,0
aminometradine,C=CCn1c(N)cc(=O)n(CC)c1=O,,12551.0,Drug_Name,0,ok,0,0
pimeclone,O=C1CCCCC1CN1CCCCC1,,197861.0,Drug_Name,0,ok,0,0
selenomethionine,C[Se]CCC(N)C(=O)O,,15103.0,Drug_Name,235,ok,235,0
gluconic acid,O=C(O)C(O)C(O)C(O)C(O)CO,,10690.0,Drug_Name,5,ok,5,0
bismuth camphocarbonate,CC12CCC(C(C(=O)[O][Bi]([OH])[O][Bi]([O]C(=O)C3C(=O)C4(C)CCC3C4(C)C)[O]C(=O)C3C(=O)C4(C)CCC3C4(C)C)C1=O)C2(C)C,,76957812.0,Drug_Name,0,ok,0,0
creatinolfosfate,CN(CCOP(=O)(O)O)C(=N)N,,23342.0,Drug_Name,1,ok,1,0
ethylnorepinephrine,CCC(N)C(O)c1ccc(O)c(O)c1,,18538.0,Drug_Name,2,ok,2,0
pildralazine,CC(O)CN(C)c1ccc(NN)nn1,,68829.0,Drug_Name,0,ok,0,0
beclamide,O=C(CCCl)NCc1ccccc1,,10391.0,Drug_Name,2,ok,2,0
nitrofurazone,NC(=O)NN=Cc1ccc([N+](=O)[O-])o1,,5447130.0,Drug_Name,67,ok,67,0
mimosine,NC(Cn1ccc(=O)c(O)c1)C(=O)O,,440473.0,Drug_Name,20,ok,20,0
metharbital,CCC1(CC)C(=O)NC(=O)N(C)C1=O,,4099.0,Drug_Name,34,ok,34,0
tacrine,Nc1c2c(nc3ccccc13)CCCC2,,1935.0,Drug_Name,27,ok,27,0
guaiazulen,Cc1ccc(C(C)C)cc2c(C)ccc1-2,,3515.0,Drug_Name,1,ok,1,0
guanethidine,N=C(N)NCCN1CCCCCCC1,,3518.0,Drug_Name,40,ok,40,0
oxophenarsine,Nc1cc([As]=O)ccc1O,,10845.0,Drug_Name,0,ok,0,0
clavulanic acid,O=C(O)C1C(=CCO)OC2CC(=O)N21,,5280980.0,Drug_Name,27,ok,27,0
diethylcarbamazine,CCN(CC)C(=O)N1CCN(C)CC1,,3052.0,Drug_Name,1,ok,1,0
octamylamine,CC(C)CCCC(C)NCCC(C)C,,10406.0,Drug_Name,0,ok,0,0
sevoflurane,FCOC(C(F)(F)F)C(F)(F)F,,5206.0,Drug_Name,203,ok,203,0
monobenzone,Oc1ccc(OCc2ccccc2)cc1,,7638.0,Drug_Name,41,ok,41,0
clonitrate,O=[N+]([O-])OCC(CCl)O[N+](=O)[O-],,17468.0,Drug_Name,0,ok,0,0
carbaryl,CNC(=O)Oc1cccc2ccccc12,,6129.0,Drug_Name,375,ok,375,0
indanazoline,c1cc2c(c(NC3=NCCN3)c1)CCC2,,65979.0,Drug_Name,0,ok,0,0
spizofurone,CC(=O)c1ccc2c(c1)C(=O)C1(CC1)O2,,71755.0,Drug_Name,0,ok,0,0
amezinium metilsulfate,COc1cc(N)cn[n+]1-c1ccccc1,,71926.0,Drug_Name,1,ok,1,0
hexamethonium,C[N+](C)(C)CCCCCC[N+](C)(C)C,,3604.0,Drug_Name,0,ok,0,0
acetylcarnitine,CC(=O)OC(CC(=O)[O-])C[N+](C)(C)C,,7045767.0,Drug_Name,97,ok,97,0
chloramphenicol palmitate,CCCCCCCCCCCCCCCC(=O)OCC(NC(=O)C(Cl)Cl)C(O)c1ccc([N+](=O)[O-])cc1,,443382.0,Drug_Name,1,ok,1,0
crotamiton,CC=CC(=O)N(CC)c1ccccc1C,,2883.0,Drug_Name,3,ok,3,0
fenozolone,CCNc1nc(O)c(-c2ccccc2)o1,,135436543.0,Drug_Name,0,ok,0,0
tretamine,C1CN1c1nc(N2CC2)nc(N2CC2)n1,,5799.0,Drug_Name,63,ok,63,0
levamisole,c1ccc(C2CN3CCSC3=N2)cc1,,26879.0,Drug_Name,3,ok,3,0
ethambutol,CCC(CO)NCCNC(CC)CO,,14052.0,Drug_Name,229,ok,229,0
telmesteine,CCOC(=O)N1CSCC1C(=O)O,,65946.0,Drug_Name,0,ok,0,0
trapidil,CCN(CC)c1cc(C)nc2ncnn12,,5531.0,Drug_Name,1,ok,1,0
phenformin,N=C(N)N=C(N)NCCc1ccccc1,,8249.0,Drug_Name,28,ok,28,0
tosylchloramide sodium,Cc1ccc(S(=O)(=O)NCl)cc1,,3641960.0,Drug_Name,62,ok,62,0
caroxazone,NC(=O)CN1Cc2ccccc2OC1=O,,29083.0,Drug_Name,0,ok,0,0
pheneturide,CCC(C(=O)NC(N)=O)c1ccccc1,,72060.0,Drug_Name,1,ok,1,0
pivhydrazine,CC(C)(C)C(=O)NNCc1ccccc1,,9375.0,Drug_Name,1,ok,1,0
pyrantel,CN1CCCN=C1C=Cc1cccs1,,708857.0,Drug_Name,44,ok,44,0
thurfyl nicotinate,O=C(OCC1CCCO1)c1cccnc1,,6260.0,Drug_Name,0,ok,0,0
toloxatone,Cc1cccc(N2CC(CO)OC2=O)c1,,34521.0,Drug_Name,1,ok,1,0
guanoxan,N=C(N)NCC1COc2ccccc2O1,,16564.0,Drug_Name,0,ok,0,0
guabenxan,N=C(N)NCc1ccc2c(c1)OCCO2,,28563.0,Drug_Name,0,ok,0,0
butacetin,CC(=O)Nc1ccc(OC(C)(C)C)cc1,,16426.0,Drug_Name,0,ok,0,0
ciclopirox,Cc1cc(C2CCCCC2)n(O)c(=O)c1,,2749.0,Drug_Name,8,ok,8,0
meobentine,CN=C(NC)NCc1ccc(OC)cc1,,42765.0,Drug_Name,0,ok,0,0
allobarbital,C=CCC1(CC=C)C(=O)NC(=O)NC1=O,,5842.0,Drug_Name,30,ok,30,0
pilocarpine,CCC1C(=O)OCC1Cc1cncn1C,,5910.0,Drug_Name,41,ok,41,0
bendazol,c1ccc(Cc2nc3ccccc3[nH]2)cc1,,12132.0,Drug_Name,2,ok,2,0
oxyfenamate,CCC(O)(COC(N)=O)c1ccccc1,,5752.0,Drug_Name,1,ok,1,0
proflavine,Nc1ccc2cc3ccc(N)cc3nc2c1,,7099.0,Drug_Name,51,ok,51,0
minoxidil,Nc1cc(N2CCCCC2)nc(N)[n+]1[O-],,4201.0,Drug_Name,0,ok,0,0
fepradinol,CC(C)(CO)NCC(O)c1ccccc1,,68819.0,Drug_Name,0,ok,0,0
bamethan,CCCCNCC(O)c1ccc(O)cc1,,2292.0,Drug_Name,0,ok,0,0
talipexole,C=CCN1CCc2nc(N)sc2CC1,,5374.0,Drug_Name,0,ok,0,0
tolonidine,Cc1ccc(NC2=NCCN2)c(Cl)c1,,72138.0,Drug_Name,0,ok,0,0
phanquinone,O=C1C(=O)c2ncccc2-c2cccnc21,,6764.0,Drug_Name,1,ok,1,0
aprobarbital,C=CCC1(C(C)C)C(=O)NC(=O)NC1=O,,6464.0,Drug_Name,51,ok,51,0
naphazoline,c1ccc2c(CC3=NCCN3)cccc2c1,,4436.0,Drug_Name,0,ok,0,0
altretamine,CN(C)c1nc(N(C)C)nc(N(C)C)n1,,2123.0,Drug_Name,73,ok,73,0
phosphocreatine,CN(CC(=O)O)C(=N)NP(=O)(O)O,,9548602.0,Drug_Name,1,ok,1,0
nicorandil,O=C(NCCO[N+](=O)[O-])c1cccnc1,,47528.0,Drug_Name,2,ok,2,0
methyldopa,CC(N)(Cc1ccc(O)c(O)c1)C(=O)O,,38853.0,Drug_Name,222,ok,222,0
melevodopa,COC(=O)C(N)Cc1ccc(O)c(O)c1,,23497.0,Drug_Name,0,ok,0,0
methoxamine,COc1ccc(OC)c(C(O)C(C)N)c1,,6082.0,Drug_Name,0,ok,0,0
dioxethedrin,CCNC(C)C(O)c1ccc(O)c(O)c1,,71632.0,Drug_Name,0,ok,0,0
pramipexole,CCCNC1CCc2nc(N)sc2C1,,119570.0,Drug_Name,377,ok,377,0
chlorthenoxazine,O=C1NC(CCCl)Oc2ccccc21,,8602.0,Drug_Name,0,ok,0,0
mefenorex,CC(Cc1ccccc1)NCCCCl,,21777.0,Drug_Name,0,ok,0,0
zonisamide,NS(=O)(=O)Cc1noc2ccccc12,,5734.0,Drug_Name,173,ok,173,0
felbinac,O=C(O)Cc1ccc(-c2ccccc2)cc1,,3332.0,Drug_Name,2,ok,2,0
benzyl benzoate,O=C(OCc1ccccc1)c1ccccc1,,2345.0,Drug_Name,183,ok,183,0
butobarbital,CCCCC1(CC)C(=O)NC(=O)NC1=O,,6473.0,Drug_Name,37,ok,37,0
secbutabarbital,CCC(C)C1(CC)C(=O)NC(=O)NC1=O,,2479.0,Drug_Name,57,ok,57,0
albutoin,C=CCn1c(O)c(CC(C)C)[nH]c1=S,,3032361.0,Drug_Name,2,ok,2,0
troxacitabine,Nc1ccn(C2COC(CO)O2)c(=O)n1,,454194.0,Drug_Name,0,ok,0,0
kainic acid,C=C(C)C1CNC(C(=O)O)C1CC(=O)O,,10255.0,Drug_Name,0,ok,0,0
salicylanilide,O=C(Nc1ccccc1)c1ccccc1O,,6872.0,Drug_Name,2,ok,2,0
benzyl nicotinate,O=C(OCc1ccccc1)c1cccnc1,,7191.0,Drug_Name,1,ok,1,0
phenazopyridine,Nc1ccc(N=Nc2ccccc2)c(N)n1,,4756.0,Drug_Name,0,ok,0,0
guanadrel,N=C(N)NCC1COC2(CCCCC2)O1,,38521.0,Drug_Name,0,ok,0,0
baclofen,NCC(CC(=O)O)c1ccc(Cl)cc1,,2284.0,Drug_Name,48,ok,48,0
clorprenaline,CC(C)NCC(O)c1ccccc1Cl,,2810.0,Drug_Name,1,ok,1,0
chloroxine,Oc1c(Cl)cc(Cl)c2cccnc12,,2722.0,Drug_Name,2,ok,2,0
niridazole,O=C1NCCN1c1ncc([N+](=O)[O-])s1,,6093.0,Drug_Name,74,ok,74,0
phenyl salicylate,O=C(Oc1ccccc1)c1ccccc1O,,8361.0,Drug_Name,7,ok,7,0
amifostine,NCCCNCCSP(=O)(O)O,,2141.0,Drug_Name,87,ok,87,0
sulfacetamide,CC(=O)NS(=O)(=O)c1ccc(N)cc1,,5320.0,Drug_Name,4,ok,4,0
sulfaguanidine,N=C(N)NS(=O)(=O)c1ccc(N)cc1,,5324.0,Drug_Name,3,ok,3,0
velnacrine,Nc1c2c(nc3ccccc13)CCCC2O,,3655.0,Drug_Name,0,ok,0,0
fenyramidol,OC(CNc1ccccn1)c1ccccc1,,9470.0,Drug_Name,2,ok,2,0
clofibric acid,CC(C)(Oc1ccc(Cl)cc1)C(=O)O,,2797.0,Drug_Name,1,ok,1,0
phenaglycodol,CC(C)(O)C(C)(O)c1ccc(Cl)cc1,,6617.0,Drug_Name,25,ok,25,0
naftazone,NC(=O)N=Nc1ccc2ccccc2c1O,,71688.0,Drug_Name,0,ok,0,0
sulfacarbamide,NC(=O)NS(=O)(=O)c1ccc(N)cc1,,11033.0,Drug_Name,4,ok,4,0
5-aminolevulinic acid hexyl ester,CCCCCCOC(=O)CCC(=O)CN,,6433083.0,Drug_Name,0,ok,0,0
butoctamide,CCCCC(CC)CNC(=O)CC(C)O,,65780.0,Drug_Name,0,ok,0,0
fencamfamin,CCNC1C2CCC(C2)C1c1ccccc1,,14584.0,Drug_Name,16,ok,16,0
tiamenidine,Cc1csc(Cl)c1NC1=NCCN1,,39974.0,Drug_Name,0,ok,0,0
bergapten,COc1c2ccoc2cc2oc(=O)ccc12,,2355.0,Drug_Name,95,ok,95,0
bisorcic,CC(=O)NCCCC(NC(C)=O)C(=O)O,,65977.0,Drug_Name,0,ok,0,0
arsanilic acid,Nc1ccc([As](=O)(O)O)cc1,,7389.0,Drug_Name,70,ok,70,0
glutethimide,CCC1(c2ccccc2)CCC(=O)NC1=O,,3487.0,Drug_Name,197,ok,197,0
captopril,CC(CS)C(=O)N1CCCC1C(=O)O,,44093.0,Drug_Name,268,ok,268,0
tinazoline,c1ccc2c(SC3=NCCN3)c[nH]c2c1,,68818.0,Drug_Name,0,ok,0,0
prolintane,CCCC(Cc1ccccc1)N1CCCC1,,14592.0,Drug_Name,0,ok,0,0
fosfosal,O=C(O)c1ccccc1OP(=O)(O)O,,3418.0,Drug_Name,1,ok,1,0
salicylsulfuric acid,O=C(O)c1ccccc1OS(=O)(=O)O,,10198308.0,Drug_Name,0,ok,0,0
triacetin,CC(=O)OCC(COC(C)=O)OC(C)=O,,5541.0,Drug_Name,135,ok,135,0
heptobarbital,CC1(c2ccccc2)C(=O)NC(=O)NC1=O,,66160.0,Drug_Name,1,ok,1,0
primidone,CCC1(c2ccccc2)C(=O)NCNC1=O,,4909.0,Drug_Name,189,ok,189,0
mephenytoin,CCC1(c2ccccc2)NC(=O)N(C)C1=O,,4060.0,Drug_Name,76,ok,76,0
levocarnitine propionate,CCC(=O)OC(CC(=O)O)C[N+](C)(C)C,,188824.0,Drug_Name,0,ok,0,0
aclatonium,CC(=O)OC(C)C(=O)OCC[N+](C)(C)C,,2009.0,Drug_Name,0,ok,0,0
benzylthiouracil,O=c1cc(Cc2ccccc2)[nH]c(=S)[nH]1,,685814.0,Drug_Name,1,ok,1,0
fenoxazoline,CC(C)c1ccccc1OCC1=NCCN1,,71899.0,Drug_Name,0,ok,0,0
uredepa,CCOC(=O)NP(=O)(N1CC1)N1CC1,,9332.0,Drug_Name,0,ok,0,0
calcium pantothenate,CC(C)(CO)C(O)C(=O)NCCC(=O)O,,443753.0,Drug_Name,1,ok,1,0
aniracetam,COc1ccc(C(=O)N2CCCC2=O)cc1,,2196.0,Drug_Name,1,ok,1,0
dacisteine,CC(=O)NC(CSC(C)=O)C(=O)O,,65690.0,Drug_Name,4,ok,4,0
alminoprofen,C=C(C)CNc1ccc(C(C)C(=O)O)cc1,,2097.0,Drug_Name,0,ok,0,0
ornidazole,Cc1ncc([N+](=O)[O-])n1CC(O)CCl,,28061.0,Drug_Name,3,ok,3,0
oxitriptan,NC(Cc1c[nH]c2ccc(O)cc12)C(=O)O,,439280.0,Drug_Name,11,ok,11,0
cycloxilic acid,O=C(O)C1CCCCC1(O)c1ccccc1,,68776.0,Drug_Name,1,ok,1,0
lidamidine,CN=C(N)NC(=O)Nc1c(C)cccc1C,,47510.0,Drug_Name,0,ok,0,0
butibufen,CCC(C(=O)O)c1ccc(CC(C)C)cc1,,41643.0,Drug_Name,0,ok,0,0
prilocaine,CCCNC(C)C(=O)Nc1ccccc1C,,4906.0,Drug_Name,52,ok,52,0
phenamacide,CC(C)CCOC(=O)C(N)c1ccccc1,,35719.0,Drug_Name,0,ok,0,0
ibuproxam,CC(C)Cc1ccc(C(C)C(O)=NO)cc1,,68704.0,Drug_Name,0,ok,0,0
exalamide,CCCCCCOc1ccccc1C(N)=O,,3316.0,Drug_Name,0,ok,0,0
procarbazine,CNNCc1ccc(C(=O)NC(C)C)cc1,,4915.0,Drug_Name,87,ok,87,0
mecloralurea,CNC(=O)NC(O)C(Cl)(Cl)Cl,,71808.0,Drug_Name,1,ok,1,0
chlorazanil,Nc1ncnc(Nc2ccc(Cl)cc2)n1,,10374.0,Drug_Name,1,ok,1,0
methiodal,O=S(=O)(O)CI,,31346.0,Drug_Name,0,ok,0,0
dimecrotic acid,COc1ccc(C(C)=CC(=O)O)c(OC)c1,,6445007.0,Drug_Name,1,ok,1,0
phenindione,O=C1c2ccccc2C(=O)C1c1ccccc1,,4760.0,Drug_Name,47,ok,47,0
morinamide,O=C(NCN1CCOCC1)c1cnccn1,,70374.0,Drug_Name,0,ok,0,0
acetazolamide,CC(=O)Nc1nnc(S(N)(=O)=O)s1,,1986.0,Drug_Name,156,ok,156,0
nicametate,CCN(CC)CCOC(=O)c1cccnc1,,71650.0,Drug_Name,0,ok,0,0
bromisoval,CC(C)C(Br)C(=O)NC(N)=O,,2447.0,Drug_Name,1,ok,1,0
mephenoxalone,COc1ccccc1OCC1CNC(=O)O1,,6257.0,Drug_Name,26,ok,26,0
bufexamac,CCCCOc1ccc(CC(O)=NO)cc1,,2466.0,Drug_Name,3,ok,3,0
rimiterol,Oc1ccc(C(O)C2CCCCN2)cc1O,,46886609.0,Drug_Name,0,ok,0,0
etamivan,CCN(CC)C(=O)c1ccc(O)c(OC)c1,,9363.0,Drug_Name,1,ok,1,0
cerulenin,CC=CCC=CCCC(=O)C1OC1C(N)=O,,5282054.0,Drug_Name,5,ok,5,0
bucetin,CCOc1ccc(NC(=O)CC(C)O)cc1,,14130.0,Drug_Name,2,ok,2,0
fadrozole,N#Cc1ccc(C2CCCc3cncn32)cc1,,59693.0,Drug_Name,1,ok,1,0
neostigmine,CN(C)C(=O)Oc1cccc([N+](C)(C)C)c1,,4456.0,Drug_Name,88,ok,88,0
toliprolol,Cc1cccc(OCC(O)CNC(C)C)c1,,18047.0,Drug_Name,0,ok,0,0
tigloidine,CC=C(C)C(=O)OC1CC2CCC(C1)N2C,,12444363.0,Drug_Name,0,ok,0,0
bucillamine,CC(C)(S)C(=O)NC(CS)C(=O)O,,656604.0,Drug_Name,0,ok,0,0
nifuradene,O=C1NCCN1N=Cc1ccc([N+](=O)[O-])o1,,9568055.0,Drug_Name,4,ok,4,0
etofylline,Cn1c(=O)c2c(ncn2CCO)n(C)c1=O,,1892.0,Drug_Name,3,ok,3,0
vinbarbital,CCC=C(C)C1(CC)C(=O)NC(=O)NC1=O,,5284636.0,Drug_Name,0,ok,0,0
enallylpropymal,C=CCC1(C(C)C)C(=O)NC(=O)N(C)C1=O,,95636.0,Drug_Name,0,ok,0,0
nifenalol,CC(C)NCC(O)c1ccc([N+](=O)[O-])cc1,,6317.0,Drug_Name,0,ok,0,0
vinylbital,C=CC1(C(C)CCC)C(=O)NC(=O)NC1=O,,72135.0,Drug_Name,0,ok,0,0
talbutal,C=CCC1(C(C)CC)C(=O)NC(=O)NC1=O,,8275.0,Drug_Name,73,ok,73,0
butalbital,C=CCC1(CC(C)C)C(=O)NC(=O)NC1=O,,2481.0,Drug_Name,75,ok,75,0
febuprol,CCCCOCC(O)COc1ccccc1,,71119.0,Drug_Name,0,ok,0,0
furazolidone,O=C1OCCN1N=Cc1ccc([N+](=O)[O-])o1,,5323714.0,Drug_Name,100,ok,100,0
ancitabine,N=c1ccn2c(n1)OC1C(O)C(CO)OC12,,25051.0,Drug_Name,0,ok,0,0
acyclovir,Nc1nc(=O)c2ncn(COCCO)c2[nH]1,,135398513.0,Drug_Name,109,ok,109,0
mephenesin carbamate,Cc1ccccc1OCC(O)COC(N)=O,,10775.0,Drug_Name,0,ok,0,0
drometrizole,Cc1ccc(O)c(-n2nc3ccccc3n2)c1,,17113.0,Drug_Name,5,ok,5,0
terbutaline,CC(C)(C)NCC(O)c1cc(O)cc(O)c1,,5403.0,Drug_Name,3,ok,3,0
prenalterol,CC(C)NCC(O)COc1ccc(O)cc1,,42396.0,Drug_Name,0,ok,0,0
lefetamine,CN(C)C(Cc1ccccc1)c1ccccc1,,443970.0,Drug_Name,0,ok,0,0
dithranol,Oc1cccc2cc3cccc(O)c3c(O)c12,,2202.0,Drug_Name,3,ok,3,0
proxibarbal,C=CCC1(CC(C)O)C(=O)NC(=O)NC1=O,,17336.0,Drug_Name,4,ok,4,0
nimorazole,O=[N+]([O-])c1cncn1CCN1CCOCC1,,23009.0,Drug_Name,2,ok,2,0
pentobarbital,CCCC(C)C1(CC)C(=O)NC(=O)NC1=O,,4737.0,Drug_Name,224,ok,224,0
metyrapone,CC(C)(C(=O)c1cccnc1)c1cccnc1,,4174.0,Drug_Name,64,ok,64,0
methallatal,C=C(C)CC1(CC)C(=O)NC(=S)NC1=O,,3032288.0,Drug_Name,1,ok,1,0
crotetamide,CC=CC(=O)N(CC)C(CC)C(=O)N(C)C,,5368010.0,Drug_Name,0,ok,0,0
pirlindole,Cc1ccc2c(c1)c1c3n2CCNC3CCC1,,68802.0,Drug_Name,1,ok,1,0
alclofenac,C=CCOc1ccc(CC(=O)O)cc1Cl,,30951.0,Drug_Name,4,ok,4,0
glyceryl trinitrate,O=[N+]([O-])OCC(CO[N+](=O)[O-])O[N+](=O)[O-],,4510.0,Drug_Name,227,ok,227,0
decitabine,Nc1ncn(C2CC(O)C(CO)O2)c(=O)n1,,451668.0,Drug_Name,16,ok,16,0
dimetofrine,CNCC(O)c1cc(OC)c(O)c(OC)c1,,31513.0,Drug_Name,0,ok,0,0
diphenan,NC(=O)Oc1ccc(Cc2ccccc2)cc1,,7572.0,Drug_Name,2,ok,2,0
cyprodenate,CN(C)CCOC(=O)CCC1CCCCC1,,71875.0,Drug_Name,0,ok,0,0
buclosamide,CCCCNC(=O)c1ccc(Cl)cc1O,,68466.0,Drug_Name,2,ok,2,0
tulobuterol,CC(C)(C)NCC(O)c1ccccc1Cl,,5606.0,Drug_Name,1,ok,1,0
chlorquinaldol,Cc1ccc2c(Cl)cc(Cl)c(O)c2n1,,6301.0,Drug_Name,4,ok,4,0
guaiacol benzoate,COc1ccccc1OC(=O)c1ccccc1,,68272.0,Drug_Name,2,ok,2,0
oxybenzone,COc1ccc(C(=O)c2ccccc2)c(O)c1,,4632.0,Drug_Name,178,ok,178,0
trioxsalen,Cc1cc2cc3c(C)cc(=O)oc3c(C)c2o1,,5585.0,Drug_Name,4,ok,4,0
ozagrel,O=C(O)C=Cc1ccc(Cn2ccnc2)cc1,,5282440.0,Drug_Name,0,ok,0,0
nabumetone,COc1ccc2cc(CCC(C)=O)ccc2c1,,4409.0,Drug_Name,14,ok,14,0
indalpine,c1ccc2c(CCC3CCNCC3)c[nH]c2c1,,44668.0,Drug_Name,0,ok,0,0
fenpentadiol,CC(C)(O)CC(C)(O)c1ccc(Cl)cc1,,85896.0,Drug_Name,0,ok,0,0
fenamisal,Nc1ccc(C(=O)Oc2ccccc2)c(O)c1,,8609.0,Drug_Name,1,ok,1,0
osalmid,O=C(Nc1ccc(O)cc1)c1ccccc1O,,4602.0,Drug_Name,1,ok,1,0
furonazide,CC(=NNC(=O)c1ccncc1)c1ccco1,,5338184.0,Drug_Name,0,ok,0,0
furfenorex,CC(Cc1ccccc1)N(C)Cc1ccco1,,26762.0,Drug_Name,0,ok,0,0
pronetalol,CC(C)NCC(O)c1ccc2ccccc2c1,,4930.0,Drug_Name,0,ok,0,0
triclofos,O=P(O)(O)OCC(Cl)(Cl)Cl,,5563.0,Drug_Name,33,ok,33,0
amiloride,N=C(N)NC(=O)c1nc(Cl)c(N)nc1N,,16231.0,Drug_Name,55,ok,55,0
clonidine,Clc1cccc(Cl)c1NC1=NCCN1,,2803.0,Drug_Name,181,ok,181,0
naproxen,COc1ccc2cc(C(C)C(=O)O)ccc2c1,,156391.0,Drug_Name,188,ok,188,0
propyphenazone,Cc1c(C(C)C)c(=O)n(-c2ccccc2)n1C,,3778.0,Drug_Name,3,ok,3,0
ibudilast,CC(C)C(=O)c1c(C(C)C)nn2ccccc12,,3671.0,Drug_Name,1,ok,1,0
diazoxide,CC1=NS(=O)(=O)c2cc(Cl)ccc2N1,,3019.0,Drug_Name,4,ok,4,0
guanabenz,N=C(N)NN=Cc1c(Cl)cccc1Cl,,5702063.0,Drug_Name,2,ok,2,0
methaniazide,O=C(NNCS(=O)(=O)O)c1ccncc1,,3769.0,Drug_Name,0,ok,0,0
isocarboxazid,Cc1cc(C(=O)NNCc2ccccc2)no1,,3759.0,Drug_Name,16,ok,16,0
indeloxazine,C1=Cc2cccc(OCC3CNCCO3)c2C1,,3704.0,Drug_Name,0,ok,0,0
aminophenazone,Cc1c(N(C)C)c(=O)n(-c2ccccc2)n1C,,6009.0,Drug_Name,52,ok,52,0
sulfathiourea,NC(=S)NS(=O)(=O)c1ccc(N)cc1,,3000579.0,Drug_Name,0,ok,0,0
eptazocine,CN1CCC2(C)CC(Cc3ccc(O)cc32)C1,,3042090.0,Drug_Name,0,ok,0,0
nifurprazine,Nc1ccc(C=Cc2ccc([N+](=O)[O-])o2)nn1,,6436113.0,Drug_Name,0,ok,0,0
phenobarbital,CCC1(c2ccccc2)C(=O)NC(=O)NC1=O,,4763.0,Drug_Name,208,ok,208,0
nalidixic acid,CCn1cc(C(=O)O)c(=O)c2ccc(C)nc21,,4421.0,Drug_Name,38,ok,38,0
todralazine,CCOC(=O)NNc1nncc2ccccc12,,5501.0,Drug_Name,0,ok,0,0
mebutamate,CCC(C)C(C)(COC(N)=O)COC(N)=O,,6151.0,Drug_Name,28,ok,28,0
mofebutazone,CCCCc1c(O)[nH]n(-c2ccccc2)c1=O,,16639.0,Drug_Name,3,ok,3,0
aminoglutethimide,CCC1(c2ccc(N)cc2)CCC(=O)NC1=O,,2145.0,Drug_Name,96,ok,96,0
pyrrocaine,Cc1cccc(C)c1NC(=O)CN1CCCC1,,24361.0,Drug_Name,0,ok,0,0
tymazoline,Cc1ccc(C(C)C)c(OCC2=NCCN2)c1,,34154.0,Drug_Name,0,ok,0,0
symclosene,O=c1n(Cl)c(=O)n(Cl)c(=O)n1Cl,,6909.0,Drug_Name,165,ok,165,0
acitazanolast,O=C(O)C(=O)Nc1cccc(-c2nn[nH]n2)c1,,2006.0,Drug_Name,0,ok,0,0
sulbactam,CC1(C)C(C(=O)O)N2C(=O)CC2S1(=O)=O,,130313.0,Drug_Name,2,ok,2,0
hopantenic acid,CC(C)(CO)C(O)C(=O)NCCCC(=O)O,,28281.0,Drug_Name,0,ok,0,0
levofacetoperane,CC(=O)OC(c1ccccc1)C1CCCCN1,,15706387.0,Drug_Name,0,ok,0,0
dexmethylphenidate,COC(=O)C(c1ccccc1)C1CCCCN1,,154101.0,Drug_Name,8,ok,8,0
meptazinol,CCC1(c2cccc(O)c2)CCCCN(C)C1,,41049.0,Drug_Name,0,ok,0,0
riluzole,Nc1nc2ccc(OC(F)(F)F)cc2s1,,5070.0,Drug_Name,15,ok,15,0
cyclopentobarbital,C=CCC1(C2C=CCC2)C(=O)NC(=O)NC1=O,,6454.0,Drug_Name,1,ok,1,0
epirizole,COc1cc(C)nc(-n2nc(C)cc2OC)n1,,3242.0,Drug_Name,1,ok,1,0
metisazone,Cn1c(O)c(N=NC(N)=S)c2ccccc21,,667492.0,Drug_Name,0,ok,0,0
monoctanoin,CCCCCCCC(=O)OCC(O)CO,,3033877.0,Drug_Name,2,ok,2,0
stiripentol,CC(C)(C)C(O)C=Cc1ccc2c(c1)OCO2,,5311454.0,Drug_Name,23,ok,23,0
octacaine,CCN(CC)C(C)CC(=O)Nc1ccccc1,,26329.0,Drug_Name,0,ok,0,0
sparteine,C1CCN2CC3CC(CN4CCCCC34)C2C1,,644020.0,Drug_Name,2,ok,2,0
taurosteine,O=C(NCCS(=O)(=O)O)c1cccs1,,3086612.0,Drug_Name,0,ok,0,0
meprylcaine,CCCNC(C)(C)COC(=O)c1ccccc1,,4065.0,Drug_Name,0,ok,0,0
amylocaine,CCC(C)(CN(C)C)OC(=O)c1ccccc1,,10767.0,Drug_Name,0,ok,0,0
azapetine,C=CCN1Cc2ccccc2-c2ccccc2C1,,8966.0,Drug_Name,0,ok,0,0
procainamide,CCN(CC)CCNC(=O)c1ccc(N)cc1,,4913.0,Drug_Name,199,ok,199,0
picilorex,CC1NC(C2CC2)CC1c1ccc(Cl)cc1,,191657.0,Drug_Name,0,ok,0,0
isosorbide dinitrate,O=[N+]([O-])OC1COC2C(O[N+](=O)[O-])COC12,,6883.0,Drug_Name,128,ok,128,0
didanosine,O=c1[nH]cnc2c1ncn2C1CCC(CO)O1,,135398739.0,Drug_Name,149,ok,149,0
hexobarbital,CN1C(=O)NC(=O)C(C)(C2=CCCCC2)C1=O,,3608.0,Drug_Name,32,ok,32,0
cyclobarbital,CCC1(C2=CCCCC2)C(=O)NC(=O)NC1=O,,5838.0,Drug_Name,28,ok,28,0
carbamazepine,NC(=O)N1c2ccccc2C=Cc2ccccc21,,2554.0,Drug_Name,192,ok,192,0
methazolamide,CC(=O)N=c1sc(S(N)(=O)=O)nn1C,,4100.0,Drug_Name,0,ok,0,0
thioacetazone,CC(=O)Nc1ccc(C=NNC(N)=S)cc1,,9568512.0,Drug_Name,1,ok,1,0
butethamine,CC(C)CNCCOC(=O)c1ccc(N)cc1,,11117.0,Drug_Name,0,ok,0,0
carbocloral,CCOC(=O)NC(O)C(Cl)(Cl)Cl,,10944.0,Drug_Name,0,ok,0,0
carbromal,CCC(Br)(CC)C(=O)NC(N)=O,,6488.0,Drug_Name,51,ok,51,0
ambazone,N=C(N)N=Nc1ccc(NNC(N)=S)cc1,,1549158.0,Drug_Name,3,ok,3,0
piroctone,Cc1cc(CC(C)CC(C)(C)C)n(O)c(=O)c1,,50259.0,Drug_Name,2,ok,2,0
etifelmine,CCC(CN)=C(c1ccccc1)c1ccccc1,,68840.0,Drug_Name,0,ok,0,0
ketamine,CNC1(c2ccccc2Cl)CCCCC1=O,,3821.0,Drug_Name,236,ok,236,0
perflubutane,FC(F)(F)C(F)(F)C(F)(F)C(F)(F)F,,9638.0,Drug_Name,65,ok,65,0
tilbroquinol,Cc1cc(Br)c(O)c2ncccc12,,65592.0,Drug_Name,3,ok,3,0
nitrofurantoin,O=c1[nH]c(O)cn1N=Cc1ccc([N+](=O)[O-])o1,,6604200.0,Drug_Name,232,ok,232,0
dipyrocetyl,CC(=O)Oc1cccc(C(=O)O)c1OC(C)=O,,68093.0,Drug_Name,0,ok,0,0
acefylline,Cn1c(=O)c2c(ncn2CC(=O)O)n(C)c1=O,,69550.0,Drug_Name,1,ok,1,0
cinametic acid,COc1cc(C=CC(=O)O)ccc1OCCO,,6436159.0,Drug_Name,0,ok,0,0
pronilide,CCCOc1ccc([N+](=O)[O-])cc1NC(C)=O,,68377.0,Drug_Name,1,ok,1,0
protheobromine,CC(O)Cn1c(=O)c2c(ncn2C)n(C)c1=O,,66120.0,Drug_Name,1,ok,1,0
proxyphylline,CC(O)Cn1cnc2c1c(=O)n(C)c(=O)n2C,,4977.0,Drug_Name,3,ok,3,0
nealbarbital,C=CCC1(CC(C)(C)C)C(=O)NC(=O)NC1=O,,521716.0,Drug_Name,0,ok,0,0
nomifensine,CN1Cc2c(N)cccc2C(c2ccccc2)C1,,4528.0,Drug_Name,81,ok,81,0
metapramine,CNC1Cc2ccccc2N(C)c2ccccc21,,65700.0,Drug_Name,0,ok,0,0
flosequinan,Cn1cc([S+](C)[O-])c(=O)c2ccc(F)cc21,,4474062.0,Drug_Name,0,ok,0,0
emorfazone,CCOc1c(N2CCOCC2)cnn(C)c1=O,,3221.0,Drug_Name,1,ok,1,0
isoetarine,CCC(NC(C)C)C(O)c1ccc(O)c(O)c1,,3762.0,Drug_Name,0,ok,0,0
benzphetamine,CC(Cc1ccccc1)N(C)Cc1ccccc1,,5311017.0,Drug_Name,133,ok,133,0
dantron,O=C1c2cccc(O)c2C(=O)c2c(O)cccc21,,2950.0,Drug_Name,113,ok,113,0
fluindione,O=C1c2ccccc2C(=O)C1c1ccc(F)cc1,,68942.0,Drug_Name,0,ok,0,0
xenbucin,CCC(C(=O)O)c1ccc(-c2ccccc2)cc1,,13737.0,Drug_Name,0,ok,0,0
tetrabarbital,CCCC(CC)C1(CC)C(=O)NC(=O)NC1=O,,101534.0,Drug_Name,0,ok,0,0
benmoxin,CC(NNC(=O)c1ccccc1)c1ccccc1,,71671.0,Drug_Name,1,ok,1,0
imiquimod,CC(C)Cn1cnc2c(N)nc3ccccc3c21,,57469.0,Drug_Name,66,ok,66,0
budralazine,CC(C)=CC(C)=NNc1nncc2ccccc12,,2463.0,Drug_Name,0,ok,0,0
buthalital,C=CCC1(CC(C)C)C(=O)NC(=S)NC1=O,,3032321.0,Drug_Name,0,ok,0,0
cropropamide,CC=CC(=O)N(CCC)C(CC)C(=O)N(C)C,,5369258.0,Drug_Name,0,ok,0,0
pheniramine,CN(C)CCC(c1ccccc1)c1ccccn1,,4761.0,Drug_Name,3,ok,3,0
anethole trithione,COc1ccc(-c2cc(=S)ss2)cc1,,2194.0,Drug_Name,4,ok,4,0
pentolonium,C[N+]1(CCCCC[N+]2(C)CCCC2)CCCC1,,5850.0,Drug_Name,0,ok,0,0
thiram,CN(C)C(=S)SSC(=S)N(C)C,,5455.0,Drug_Name,215,ok,215,0
salinazid,O=C(NN=Cc1ccccc1O)c1ccncc1,,135400471.0,Drug_Name,1,ok,1,0
sapropterin,CC(O)C(O)C1CNc2[nH]c(N)nc(=O)c2N1,,135398654.0,Drug_Name,1,ok,1,0
enfenamic acid,O=C(O)c1ccccc1NCCc1ccccc1,,31635.0,Drug_Name,1,ok,1,0
mefenamic acid,Cc1cccc(Nc2ccccc2C(=O)O)c1C,,4044.0,Drug_Name,59,ok,59,0
nidroxyzone,NC(=O)N(CCO)N=Cc1ccc([N+](=O)[O-])o1,,9570072.0,Drug_Name,0,ok,0,0
mexenone,COc1ccc(C(=O)c2ccc(C)cc2)c(O)c1,,71645.0,Drug_Name,78,ok,78,0
fenoprofen,CC(C(=O)O)c1cccc(Oc2ccccc2)c1,,3342.0,Drug_Name,29,ok,29,0
isonixin,Cc1cccc(C)c1NC(=O)c1ccc[nH]c1=O,,68767.0,Drug_Name,0,ok,0,0
thiopental,CCCC(C)C1(CC)C(=O)NC(=S)NC1=O,,3000715.0,Drug_Name,88,ok,88,0
methylsulfonal,CCC(C)(S(=O)(=O)CC)S(=O)(=O)CC,,6433.0,Drug_Name,0,ok,0,0
dixanthogen,CCOC(=S)SSC(=S)OCC,,10404.0,Drug_Name,1,ok,1,0
clofibrate,CCOC(=O)C(C)(C)Oc1ccc(Cl)cc1,,2796.0,Drug_Name,92,ok,92,0
iproclozide,CC(C)NNC(=O)COc1ccc(Cl)cc1,,19063.0,Drug_Name,1,ok,1,0
taribavirin,N=C(N)c1ncn(C2OC(CO)C(O)C2O)n1,,451448.0,Drug_Name,0,ok,0,0
molsidomine,CCOC(=O)N=c1c[n+](N2CCOCC2)[n-]o1,,5353788.0,Drug_Name,1,ok,1,0
phencyclidine,c1ccc(C2(N3CCCCC3)CCCCC2)cc1,,6468.0,Drug_Name,82,ok,82,0
domiodol,OCC1COC(CI)O1,,43814.0,Drug_Name,0,ok,0,0
ribavirin,NC(=O)c1ncn(C2OC(CO)C(O)C2O)n1,,37542.0,Drug_Name,120,ok,120,0
azacitidine,Nc1ncn(C2OC(CO)C(O)C2O)c(=O)n1,,9444.0,Drug_Name,119,ok,119,0
dioxybenzone,COc1ccc(C(=O)c2ccccc2O)c(O)c1,,8569.0,Drug_Name,124,ok,124,0
phenallymal,C=CCC1(c2ccccc2)C(=O)NC(=O)NC1=O,,8274.0,Drug_Name,2,ok,2,0
pidotimod,O=C1CCC(C(=O)N2CSCC2C(=O)O)N1,,65944.0,Drug_Name,0,ok,0,0
biotin,O=C(O)CCCCC1SCC2NC(=O)NC21,,171548.0,Drug_Name,77,ok,77,0
amidefrine,CNCC(O)c1cccc(NS(C)(=O)=O)c1,,15010.0,Drug_Name,10,ok,10,0
mesulfen,Cc1ccc2c(c1)Sc1ccc(C)cc1S2,,667491.0,Drug_Name,2,ok,2,0
isoaminile,CC(CC(C#N)(c1ccccc1)C(C)C)N(C)C,,6481.0,Drug_Name,0,ok,0,0
menadoxime,CC1=CC(=NOCC(=O)O)c2ccccc2C1=O,,73656839.0,Drug_Name,0,ok,0,0
ramifenazone,Cc1c(NC(C)C)c(=O)n(-c2ccccc2)n1C,,5037.0,Drug_Name,2,ok,2,0
oxolamine,CCN(CC)CCc1nc(-c2ccccc2)no1,,13738.0,Drug_Name,0,ok,0,0
pinacidil,CC(N=C(N=c1cc[nH]cc1)NC#N)C(C)(C)C,,55329.0,Drug_Name,1,ok,1,0
pyrovalerone,CCCC(C(=O)c1ccc(C)cc1)N1CCCC1,,14373.0,Drug_Name,3,ok,3,0
inaperisone,CCc1ccc(C(=O)C(C)CN2CCCC2)cc1,,65860.0,Drug_Name,0,ok,0,0
tolperisone,Cc1ccc(C(=O)C(C)CN2CCCCC2)cc1,,5511.0,Drug_Name,1,ok,1,0
dezocine,CC12CCCCCC(Cc3ccc(O)cc31)C2N,,3033053.0,Drug_Name,0,ok,0,0
chlorphenesin carbamate,NC(=O)OCC(O)COc1ccc(Cl)cc1,,2724.0,Drug_Name,58,ok,58,0
floxuridine,O=c1[nH]c(=O)n(C2CC(O)C(CO)O2)cc1F,,5790.0,Drug_Name,80,ok,80,0
doxifluridine,CC1OC(n2cc(F)c(=O)[nH]c2=O)C(O)C1O,,18343.0,Drug_Name,4,ok,4,0
nifurpirinol,O=[N+]([O-])c1ccc(C=Cc2cccc(CO)n2)o1,,6436061.0,Drug_Name,3,ok,3,0
azanidazole,Cn1c([N+](=O)[O-])cnc1C=Cc1ccnc(N)n1,,6436171.0,Drug_Name,0,ok,0,0
methylphenobarbital,CCC1(c2ccccc2)C(=O)NC(=O)N(C)C1=O,,8271.0,Drug_Name,97,ok,97,0
loxoprofen,CC(C(=O)O)c1ccc(CC2CCCC2=O)cc1,,3965.0,Drug_Name,0,ok,0,0
irofulven,CC1=C(CO)C2=C(C)C3(CC3)C(C)(O)C(=O)C2=C1,,148189.0,Drug_Name,0,ok,0,0
busulfan,CS(=O)(=O)OCCCCOS(C)(=O)=O,,2478.0,Drug_Name,239,ok,239,0
parsalmide,C#CCOc1ccc(N)cc1C(=O)NCCCC,,72095.0,Drug_Name,0,ok,0,0
nefiracetam,Cc1cccc(C)c1NC(=O)CN1CCCC1=O,,71157.0,Drug_Name,1,ok,1,0
guanoxabenz,NC(=NO)NN=Cc1c(Cl)cccc1Cl,,9567831.0,Drug_Name,0,ok,0,0
pyridoxal phosphate,Cc1ncc(COP(=O)(O)O)c(C=O)c1O,,1051.0,Drug_Name,3,ok,3,0
ciclonicate,CC1CC(OC(=O)c2cccnc2)CC(C)(C)C1,,10444661.0,Drug_Name,0,ok,0,0
pethidine,CCOC(=O)C1(c2ccccc2)CCN(C)CC1,,4058.0,Drug_Name,458,ok,458,0
ketobemidone,CCC(=O)C1(c2cccc(O)c2)CCN(C)CC1,,10101.0,Drug_Name,0,ok,0,0
butidrine,CCC(C)NCC(O)c1ccc2c(c1)CCCC2,,15177.0,Drug_Name,0,ok,0,0
triflusal,CC(=O)Oc1cc(C(F)(F)F)ccc1C(=O)O,,9458.0,Drug_Name,1,ok,1,0
nitrefazole,Cc1nc([N+](=O)[O-])cn1-c1ccc([N+](=O)[O-])cc1,,71900.0,Drug_Name,3,ok,3,0
acetylpheneturide,CCC(C(=O)NC(=O)NC(C)=O)c1ccccc1,,1999.0,Drug_Name,0,ok,0,0
enoximone,CSc1ccc(C(=O)c2[nH]c(=O)[nH]c2C)cc1,,53708.0,Drug_Name,2,ok,2,0
piridocaine,Nc1ccccc1C(=O)OCCC1CCCCN1,,6875.0,Drug_Name,0,ok,0,0
pindolol,CC(C)NCC(O)COc1cccc2[nH]ccc12,,4828.0,Drug_Name,61,ok,61,0
bunitrolol,CC(C)(C)NCC(O)COc1ccccc1C#N,,2473.0,Drug_Name,0,ok,0,0
trimecaine,CCN(CC)CC(=O)Nc1c(C)cc(C)cc1C,,12028.0,Drug_Name,0,ok,0,0
pyrimethamine,CCc1nc(N)nc(N)c1-c1ccc(Cl)cc1,,4993.0,Drug_Name,112,ok,112,0
alendronic acid,NCCCC(O)(P(=O)(O)O)P(=O)(O)O,,2088.0,Drug_Name,147,ok,147,0
cinchophen,O=C(O)c1cc(-c2ccccc2)nc2ccccc12,,8593.0,Drug_Name,48,ok,48,0
sulfapyridine,Nc1ccc(S(=O)(=O)Nc2ccccn2)cc1,,5336.0,Drug_Name,8,ok,8,0
erdosteine,O=C(O)CSCC(=O)NC1CCSC1=O,,65632.0,Drug_Name,1,ok,1,0
mabuprofen,CC(C)Cc1ccc(C(C)C(=O)NCCO)cc1,,71261.0,Drug_Name,0,ok,0,0
ciramadol,CN(C)C(c1cccc(O)c1)C1CCCCC1O,,44463.0,Drug_Name,0,ok,0,0
alprenolol,C=CCc1ccccc1OCC(O)CNC(C)C,,2119.0,Drug_Name,4,ok,4,0
benzoctamine,CNCC12CCC(c3ccccc31)c1ccccc12,,28425.0,Drug_Name,0,ok,0,0
diflunisal,O=C(O)c1cc(-c2ccc(F)cc2F)ccc1O,,3059.0,Drug_Name,18,ok,18,0
metesculetol,Cc1cc(=O)oc2cc(O)c(OCC(=O)O)cc12,,5390106.0,Drug_Name,0,ok,0,0
olprinone,Cc1[nH]c(=O)c(C#N)cc1-c1ccc2nccn2c1,,4593.0,Drug_Name,0,ok,0,0
sulfadiazine,Nc1ccc(S(=O)(=O)Nc2ncccn2)cc1,,5215.0,Drug_Name,16,ok,16,0
heptabarb,CCC1(C2=CCCCCC2)C(=O)NC(=O)NC1=O,,10518.0,Drug_Name,0,ok,0,0
methaqualone,Cc1ccccc1-n1c(C)nc2ccccc2c1=O,,6292.0,Drug_Name,63,ok,63,0
butazolamide,CCCC(=O)Nc1nnc(S(N)(=O)=O)s1,,519309.0,Drug_Name,0,ok,0,0
naepaine,CCCCCNCCOC(=O)c1ccc(N)cc1,,11964.0,Drug_Name,0,ok,0,0
rivastigmine,CCN(C)C(=O)Oc1cccc(C(C)N(C)C)c1,,77991.0,Drug_Name,38,ok,38,0
amfetaminil,CC(Cc1ccccc1)NC(C#N)c1ccccc1,,28615.0,Drug_Name,0,ok,0,0
alibendol,C=CCc1cc(OC)c(O)c(C(=O)NCCO)c1,,71916.0,Drug_Name,0,ok,0,0
dimethazan,CN(C)CCn1cnc2c1c(=O)n(C)c(=O)n2C,,10612.0,Drug_Name,0,ok,0,0
rimazolium,CCOC(=O)c1c[n+](C)c2n(c1=O)C(C)CCC2,,71940.0,Drug_Name,0,ok,0,0
xibenolol,Cc1cccc(OCC(O)CNC(C)(C)C)c1C,,146256.0,Drug_Name,0,ok,0,0
cyverine,CN(CCC1CCCCC1)CCC1CCCCC1,,10859.0,Drug_Name,0,ok,0,0
pirprofen,CC(C(=O)O)c1ccc(N2CC=CC2)c(Cl)c1,,35935.0,Drug_Name,3,ok,3,0
cycloguanil,CC1(C)N=C(N)N=C(N)N1c1ccc(Cl)cc1,,9049.0,Drug_Name,0,ok,0,0
uracil mustard,O=c1[nH]cc(N(CCCl)CCCl)c(=O)[nH]1,,6194.0,Drug_Name,0,ok,0,0
anisindione,COc1ccc(C2C(=O)c3ccccc3C2=O)cc1,,2197.0,Drug_Name,28,ok,28,0
cimetidine,CN=C(NC#N)NCCSCc1[nH]cnc1C,,2756.0,Drug_Name,140,ok,140,0
cioteronel,CCC(CCCCC1CCC2CC(=O)CC12)OC,,55994.0,Drug_Name,0,ok,0,0
bromoform,BrC(Br)Br,,5558.0,Drug_Name,0,ok,0,0
pyricarbate,CNC(=O)OCc1cccc(COC(=O)NC)n1,,4990.0,Drug_Name,2,ok,2,0
triamterene,Nc1nc(N)c2nc(-c3ccccc3)c(N)nc2n1,,5546.0,Drug_Name,164,ok,164,0
actinoquinol,CCOc1ccc(S(=O)(=O)O)c2cccnc12,,23674.0,Drug_Name,0,ok,0,0
ethacridine,CCOc1ccc2nc3cc(N)ccc3c(N)c2c1,,2017.0,Drug_Name,0,ok,0,0
vanitiolide,COc1cc(C(=S)N2CCOCC2)ccc1O,,72146.0,Drug_Name,1,ok,1,0
nefopam,CN1CCOC(c2ccccc2)c2ccccc2C1,,4450.0,Drug_Name,2,ok,2,0
meladrazine,CCN(CC)c1nc(NN)nc(N(CC)CC)n1,,71679.0,Drug_Name,1,ok,1,0
tolpropamine,Cc1ccc(C(CCN(C)C)c2ccccc2)cc1,,72141.0,Drug_Name,0,ok,0,0
tizanidine,Clc1ccc2nsnc2c1NC1=NCCN1,,5487.0,Drug_Name,48,ok,48,0
proguanil,CC(C)N=C(N)N=C(N)Nc1ccc(Cl)cc1,,6178111.0,Drug_Name,10,ok,10,0
dichlorophenarsine,Nc1cc([As](Cl)Cl)ccc1O,,68302.0,Drug_Name,0,ok,0,0
iodothiouracil,O=c1[nH]c(=S)[nH]cc1I,,3032445.0,Drug_Name,0,ok,0,0
cinromide,CCNC(=O)C=Cc1cccc(Br)c1,,688145.0,Drug_Name,1,ok,1,0
diprophylline,Cn1c(=O)c2c(ncn2CC(O)CO)n(C)c1=O,,3182.0,Drug_Name,36,ok,36,0
menadione sodium bisulfite,CC1(S(=O)(=O)O)CC(=O)c2ccccc2C1=O,,23665888.0,Drug_Name,4,ok,4,0
fenbufen,O=C(O)CCC(=O)c1ccc(-c2ccccc2)cc1,,3335.0,Drug_Name,3,ok,3,0
sulfadicramide,CC(C)=CC(=O)NS(=O)(=O)c1ccc(N)cc1,,8281.0,Drug_Name,0,ok,0,0
thiamylal,C=CCC1(C(C)CCC)C(=O)NC(=S)NC1=O,,3032285.0,Drug_Name,1,ok,1,0
bucricaine,CCCCNc1c2c(nc3ccccc13)CCCC2,,9423.0,Drug_Name,0,ok,0,0
phenbenzamine,CN(C)CCN(Cc1ccccc1)c1ccccc1,,13751.0,Drug_Name,0,ok,0,0
butanilicaine,CCCCNCC(=O)Nc1c(C)cccc1Cl,,22379.0,Drug_Name,0,ok,0,0
pranoprofen,CC(C(=O)O)c1ccc2c(c1)Cc1cccnc1O2,,4888.0,Drug_Name,2,ok,2,0
ketorolac,O=C(c1ccccc1)c1ccc2n1CCC2C(=O)O,,3826.0,Drug_Name,41,ok,41,0
tenonitrozole,O=C(Nc1ncc([N+](=O)[O-])s1)c1cccs1,,19646.0,Drug_Name,3,ok,3,0
cetoxime,NC(CN(Cc1ccccc1)c1ccccc1)=NO,,9570370.0,Drug_Name,0,ok,0,0
metralindole,COc1ccc2c(c1)c1c3n2CCN(C)C3=NCC1,,68713.0,Drug_Name,0,ok,0,0
thiazosulfone,Nc1ccc(S(=O)(=O)c2cnc(N)s2)cc1,,10124.0,Drug_Name,0,ok,0,0
sulfathiazole,Nc1ccc(S(=O)(=O)Nc2nccs2)cc1,,5340.0,Drug_Name,96,ok,96,0
tofenacin,CNCCOC(c1ccccc1)c1ccccc1C,,25315.0,Drug_Name,0,ok,0,0
phenyltoloxamine,CN(C)CCOc1ccccc1Cc1ccccc1,,7077.0,Drug_Name,4,ok,4,0
diphenhydramine,CN(C)CCOC(c1ccccc1)c1ccccc1,,3100.0,Drug_Name,226,ok,226,0
atomoxetine,CNCCC(Oc1ccccc1C)c1ccccc1,,54841.0,Drug_Name,155,ok,155,0
tripelennamine,CN(C)CCN(Cc1ccccc1)c1ccccn1,,5587.0,Drug_Name,43,ok,43,0
dimemorfan,Cc1ccc2c(c1)C13CCCCC1C(C2)N(C)CC3,,3037918.0,Drug_Name,0,ok,0,0
cloforex,CCOC(=O)NC(C)(C)Cc1ccc(Cl)cc1,,26602.0,Drug_Name,0,ok,0,0
clobutinol,CC(CN(C)C)C(C)(O)Cc1ccc(Cl)cc1,,26937.0,Drug_Name,0,ok,0,0
anagrelide,Oc1cn2c(n1)Nc1ccc(Cl)c(Cl)c1C2,,135409400.0,Drug_Name,71,ok,71,0
lamotrigine,Nc1nnc(-c2cccc(Cl)c2Cl)c(N)n1,,3878.0,Drug_Name,185,ok,185,0
irsogladine,Nc1nc(N)nc(-c2cc(Cl)ccc2Cl)n1,,3752.0,Drug_Name,0,ok,0,0
phenyl acetylsalicylate,CC(=O)Oc1ccccc1C(=O)Oc1ccccc1,,67256.0,Drug_Name,0,ok,0,0
edoxudine,CCc1cn(C2CC(O)C(CO)O2)c(=O)[nH]c1=O,,66377.0,Drug_Name,0,ok,0,0
phenosulfazole,O=S(=O)(Nc1nccs1)c1ccc(O)cc1,,95285.0,Drug_Name,0,ok,0,0
etoxazene,CCOc1ccc(N=Nc2ccc(N)cc2N)cc1,,16837.0,Drug_Name,0,ok,0,0
phenbutamide,CCCCNC(=O)NS(=O)(=O)c1ccccc1,,18466.0,Drug_Name,0,ok,0,0
echothiophate,CCOP(=O)(OCC)SCC[N+](C)(C)C,,10548.0,Drug_Name,0,ok,0,0
bephenium,C[N+](C)(CCOc1ccccc1)Cc1ccccc1,,19667.0,Drug_Name,23,ok,23,0
hexyldecanoic acid,CCCCCCCCC(CCCCCC)C(=O)O,,32912.0,Drug_Name,1,ok,1,0
clorindione,O=C1c2ccccc2C(=O)C1c1ccc(Cl)cc1,,70846.0,Drug_Name,2,ok,2,0
chlormidazole,Cc1nc2ccccc2n1Cc1ccc(Cl)cc1,,71821.0,Drug_Name,0,ok,0,0
pyrrolnitrin,O=[N+]([O-])c1c(Cl)cccc1-c1c[nH]cc1Cl,,13916.0,Drug_Name,1,ok,1,0
benzamidosalicylate,O=C(Nc1ccc(C(=O)O)c(O)c1)c1ccccc1,,10718.0,Drug_Name,0,ok,0,0
benserazide,NC(CO)C(=O)NNCc1ccc(O)c(O)c1O,,2327.0,Drug_Name,0,ok,0,0
carmofur,CCCCCCNC(=O)n1cc(F)c(=O)[nH]c1=O,,2577.0,Drug_Name,2,ok,2,0
tolmetin,Cc1ccc(C(=O)c2ccc(CC(=O)O)n2C)cc1,,5509.0,Drug_Name,52,ok,52,0
etebenecid,CCN(CC)S(=O)(=O)c1ccc(C(=O)O)cc1,,14604.0,Drug_Name,1,ok,1,0
medifoxamine,CN(C)CC(Oc1ccccc1)Oc1ccccc1,,36109.0,Drug_Name,0,ok,0,0
metrifonate,COP(=O)(OC)C(O)C(Cl)(Cl)Cl,,5853.0,Drug_Name,261,ok,261,0
meclofenoxate,CN(C)CCOC(=O)COc1ccc(Cl)cc1,,4039.0,Drug_Name,0,ok,0,0
iodinated glycerol,CC(I)C1OCC(CO)O1,,21852.0,Drug_Name,9,ok,9,0
aceglatone,CC(=O)OC1C(=O)OC2C(OC(C)=O)C(=O)OC12,,636372.0,Drug_Name,0,ok,0,0
thalidomide,O=C1CCC(N2C(=O)c3ccccc3C2=O)C(=O)N1,,5426.0,Drug_Name,213,ok,213,0
acadesine,NC(=O)c1ncn(C2OC(CO)C(O)C2O)c1N,,17513.0,Drug_Name,1,ok,1,0
menbutone,COc1ccc(C(=O)CCC(=O)O)c2ccccc12,,71818.0,Drug_Name,0,ok,0,0
phethenylate,O=C1NC(=O)C(c2ccccc2)(c2cccs2)N1,,31325.0,Drug_Name,0,ok,0,0
ethoxzolamide,CCOc1ccc2nc(S(N)(=O)=O)sc2c1,,3295.0,Drug_Name,18,ok,18,0
xibornol,Cc1cc(O)c(C2CC3CCC2(C)C3(C)C)cc1C,,76967262.0,Drug_Name,0,ok,0,0
decamethonium,C[N+](C)(C)CCCCCCCCCC[N+](C)(C)C,,2968.0,Drug_Name,33,ok,33,0
cloridarol,OC(c1ccc(Cl)cc1)c1cc2ccccc2o1,,71132.0,Drug_Name,1,ok,1,0
pamabrom,Cn1c(=O)c2[nH]c(Br)nc2n(C)c1=O,,11806.0,Drug_Name,7,ok,7,0
mizoribine,NC(=O)c1ncn(C2OC(CO)C(O)C2O)c1O,,104762.0,Drug_Name,2,ok,2,0
lenalidomide,Nc1cccc2c1CN(C1CCC(=O)NC1=O)C2=O,,216326.0,Drug_Name,162,ok,162,0
ciclobendazole,COC(=O)Nc1nc2cc(C(=O)C3CC3)ccc2[nH]1,,35803.0,Drug_Name,1,ok,1,0
propranolol,CC(C)NCC(O)COc1cccc2ccccc12,,4946.0,Drug_Name,15,ok,15,0
primaquine,COc1cc(NC(C)CCCN)c2ncccc2c1,,4908.0,Drug_Name,167,ok,167,0
eperisone,CCc1ccc(C(=O)C(C)CN2CCCCC2)cc1,,3236.0,Drug_Name,1,ok,1,0
azintamide,CCN(CC)C(=O)CSc1ccc(Cl)nn1,,71105.0,Drug_Name,1,ok,1,0
clobenzorex,CC(Cc1ccccc1)NCc1ccccc1Cl,,735998.0,Drug_Name,1,ok,1,0
carbarsone,NC(=O)Nc1ccc([As](=O)(O)O)cc1,,8480.0,Drug_Name,20,ok,20,0
glucose-1-phosphate,O=P(O)(O)OC1OC(CO)C(O)C(O)C1O,,65533.0,Drug_Name,0,ok,0,0
khellin,COc1c2occc2c(OC)c2c(=O)cc(C)oc12,,3828.0,Drug_Name,2,ok,2,0
tiazofurine,NC(=O)c1csc(C2OC(CO)C(O)C2O)n1,,457954.0,Drug_Name,0,ok,0,0
phetharbital,CCC1(CC)C(=O)NC(=O)N(c2ccccc2)C1=O,,9650.0,Drug_Name,2,ok,2,0
nadoxolol,NC(CC(O)COc1cccc2ccccc12)=NO,,6328253.0,Drug_Name,0,ok,0,0
suprofen,CC(C(=O)O)c1ccc(C(=O)c2cccs2)cc1,,5359.0,Drug_Name,1,ok,1,0
carisoprodol,CCCC(C)(COC(N)=O)COC(=O)NC(C)C,,2576.0,Drug_Name,121,ok,121,0
fenspiride,O=C1NCC2(CCN(CCc3ccccc3)CC2)O1,,3344.0,Drug_Name,2,ok,2,0
imolamine,CCN(CC)CCn1c(-c2ccccc2)noc1=N,,27501.0,Drug_Name,0,ok,0,0
ropinirole,CCCN(CCC)CCc1cccc2[nH]c(O)cc12,,5095.0,Drug_Name,246,ok,246,0
oxymetazoline,Cc1cc(C(C)(C)C)c(O)c(C)c1CC1=NCCN1,,4636.0,Drug_Name,80,ok,80,0
methaphenilene,CN(C)CCN(Cc1cccs1)c1ccccc1,,10306.0,Drug_Name,2,ok,2,0
ifosfamide,O=P1(NCCCl)OCCCN1CCCl,,3690.0,Drug_Name,242,ok,242,0
cyclophosphamide,O=P1(N(CCCl)CCCl)NCCCO1,,2907.0,Drug_Name,179,ok,179,0
oxolinic acid,CCn1cc(C(=O)O)c(=O)c2cc3c(cc21)OCO3,,4628.0,Drug_Name,19,ok,19,0
flumequine,CC1CCc2cc(F)cc3c(=O)c(C(=O)O)cn1c23,,3374.0,Drug_Name,127,ok,127,0
benznidazole,O=C(Cn1ccnc1[N+](=O)[O-])NCc1ccccc1,,31593.0,Drug_Name,9,ok,9,0
etoxadrol,CCC1(c2ccccc2)OCC(C2CCCCN2)O1,,14208380.0,Drug_Name,0,ok,0,0
hexylcaine,CC(CNC1CCCCC1)OC(=O)c1ccccc1,,10770.0,Drug_Name,0,ok,0,0
ethoheptazine,CCOC(=O)C1(c2ccccc2)CCCN(C)CC1,,6469.0,Drug_Name,38,ok,38,0
bufuralol,CCc1cccc2cc(C(O)CNC(C)(C)C)oc12,,71733.0,Drug_Name,0,ok,0,0
alphaprodine,CCC(=O)OC1(c2ccccc2)CCN(C)CC1C,,120738.0,Drug_Name,41,ok,41,0
setiptiline,CN1CCC2=C(C1)c1ccccc1Cc1ccccc12,,5205.0,Drug_Name,0,ok,0,0
phenindamine,CN1CCC2=C(C1)C(c1ccccc1)c1ccccc12,,11291.0,Drug_Name,7,ok,7,0
methapyrilene,CN(C)CCN(Cc1cccs1)c1ccccn1,,4098.0,Drug_Name,36,ok,36,0
amixetrine,CC(C)CCOC(CN1CCCC1)c1ccccc1,,71911.0,Drug_Name,0,ok,0,0
tolfenamic acid,Cc1c(Cl)cccc1Nc1ccccc1C(=O)O,,610479.0,Drug_Name,3,ok,3,0
cicletanine,Cc1ncc2c(c1O)COC2c1ccc(Cl)cc1,,54910.0,Drug_Name,1,ok,1,0
etoglucid,C(COCCOCC1CO1)OCCOCC1CO1,,16058.0,Drug_Name,3,ok,3,0
reposal,CCC1(C2=CC3CCC(C2)C3)C(=O)NC(=O)NC1=O,,19254.0,Drug_Name,0,ok,0,0
methohexital,C=CCC1(C(C)C#CCC)C(=O)NC(=O)N(C)C1=O,,9034.0,Drug_Name,49,ok,49,0
benzylsulfamide,NS(=O)(=O)c1ccc(NCc2ccccc2)cc1,,2755709.0,Drug_Name,0,ok,0,0
fencibutirol,CCC(C(=O)O)C1(O)CCC(c2ccccc2)CC1,,71170.0,Drug_Name,0,ok,0,0
homosalate,CC1CC(OC(=O)c2ccccc2O)CC(C)(C)C1,,8362.0,Drug_Name,3,ok,3,0
mepindolol,Cc1cc2c(OCC(O)CNC(C)C)cccc2[nH]1,,71698.0,Drug_Name,0,ok,0,0
cibenzoline,c1ccc(C2(c3ccccc3)CC2C2=NCCN2)cc1,,2747.0,Drug_Name,1,ok,1,0
clonixin,Cc1c(Cl)cccc1Nc1ncccc1C(=O)O,,28718.0,Drug_Name,3,ok,3,0
gemcitabine,Nc1ccn(C2OC(CO)C(O)C2(F)F)c(=O)n1,,60750.0,Drug_Name,65,ok,65,0
miloxacin,COn1cc(C(=O)O)c(=O)c2cc3c(cc21)OCO3,,37614.0,Drug_Name,0,ok,0,0
hydroxypethidine,CCOC(=O)C1(c2cccc(O)c2)CCN(C)CC1,,61120.0,Drug_Name,0,ok,0,0
melperone,CC1CCN(CCCC(=O)c2ccc(F)cc2)CC1,,15387.0,Drug_Name,6,ok,6,0
tramadol,COc1cccc(C2(O)CCCCC2CN(C)C)c1,,33741.0,Drug_Name,266,ok,266,0
butetamate,CCC(C(=O)OCCN(CC)CC)c1ccccc1,,27368.0,Drug_Name,0,ok,0,0
protriptyline,CNCCCC1c2ccccc2C=Cc2ccccc21,,4976.0,Drug_Name,101,ok,101,0
dimethylthiambutene,CC(C=C(c1cccs1)c1cccs1)N(C)C,,10668.0,Drug_Name,0,ok,0,0
clopirac,Cc1cc(CC(=O)O)c(C)n1-c1ccc(Cl)cc1,,39299.0,Drug_Name,1,ok,1,0
ticlopidine,Clc1ccccc1CN1CCc2sccc2C1,,5472.0,Drug_Name,9,ok,9,0
iprazochrome,CC(C)N1CC(O)c2cc(N=NC(N)=O)c(O)cc21,,65594.0,Drug_Name,0,ok,0,0
sulfaperin,Cc1cnc(NS(=O)(=O)c2ccc(N)cc2)nc1,,68933.0,Drug_Name,0,ok,0,0
sulfamerazine,Cc1ccnc(NS(=O)(=O)c2ccc(N)cc2)n1,,5325.0,Drug_Name,3,ok,3,0
propacetamol,CCN(CC)CC(=O)Oc1ccc(NC(C)=O)cc1,,68865.0,Drug_Name,0,ok,0,0
etaqualone,CCc1ccccc1-n1c(C)nc2ccccc2c1=O,,23914.0,Drug_Name,0,ok,0,0
pentifylline,CCCCCCn1c(=O)c2c(ncn2C)n(C)c1=O,,70569.0,Drug_Name,1,ok,1,0
thialbarbital,C=CCC1(C2C=CCCC2)C(=O)NC(=S)NC1=O,,3032306.0,Drug_Name,0,ok,0,0
tetracaine,CCCCNc1ccc(C(=O)OCCN(C)C)cc1,,5411.0,Drug_Name,84,ok,84,0
mianserin,CN1CCN2c3ccccc3Cc3ccccc3C2C1,,4184.0,Drug_Name,65,ok,65,0
sulfiram,CCN(CC)C(=S)SC(=S)N(CC)CC,,7215.0,Drug_Name,3,ok,3,0
streptozocin,CN(N=O)C(=O)NC1C(O)OC(CO)C(O)C1O,,29327.0,Drug_Name,91,ok,91,0
oxycinchophen,O=C(O)c1c(O)c(-c2ccccc2)nc2ccccc12,,10239.0,Drug_Name,1,ok,1,0
parethoxycaine,CCOc1ccc(C(=O)OCCN(CC)CC)cc1,,7183.0,Drug_Name,0,ok,0,0
oxprenolol,C=CCOc1ccccc1OCC(O)CNC(C)C,,4631.0,Drug_Name,2,ok,2,0
antazoline,c1ccc(CN(CC2=NCCN2)c2ccccc2)cc1,,2200.0,Drug_Name,101,ok,101,0
myrtecaine,CCN(CC)CCOCCC1=CCC2CC1C2(C)C,,76969111.0,Drug_Name,2,ok,2,0
chloralodol,CC(CC(C)(C)O)OC(O)C(Cl)(Cl)Cl,,19094.0,Drug_Name,0,ok,0,0
bropirimine,Nc1nc(-c2ccccc2)c(Br)c(=O)[nH]1,,135413497.0,Drug_Name,1,ok,1,0
doxofylline,Cn1c(=O)c2c(ncn2CC2OCCO2)n(C)c1=O,,50942.0,Drug_Name,1,ok,1,0
benzarone,CCc1oc2ccccc2c1C(=O)c1ccc(O)cc1,,255968.0,Drug_Name,6,ok,6,0
nevirapine,Cc1ccnc2c1NC(=O)c1cccnc1N2C1CC1,,4463.0,Drug_Name,63,ok,63,0
dienestrol,CC=C(C(=CC)c1ccc(O)cc1)c1ccc(O)cc1,,667476.0,Drug_Name,76,ok,76,0
practolol,CC(=O)Nc1ccc(OCC(O)CNC(C)C)cc1,,4883.0,Drug_Name,4,ok,4,0
bucolome,CCCCc1c(O)[nH]c(=O)n(C2CCCCC2)c1=O,,2461.0,Drug_Name,0,ok,0,0
trimetazidine,COc1ccc(CN2CCNCC2)c(OC)c1OC,,21109.0,Drug_Name,3,ok,3,0
desipramine,CNCCCN1c2ccccc2CCc2ccccc21,,2995.0,Drug_Name,183,ok,183,0
propenidazole,CCOC(=O)C(=Cc1ncc([N+](=O)[O-])n1C)C(C)=O,,6446788.0,Drug_Name,0,ok,0,0
voglibose,OCC(CO)NC1CC(O)(CO)C(O)C(O)C1O,,444020.0,Drug_Name,0,ok,0,0
cafaminol,CN(CCO)c1nc2c(c(=O)n(C)c(=O)n2C)n1C,,35685.0,Drug_Name,0,ok,0,0
sulfafurazole,Cc1noc(NS(=O)(=O)c2ccc(N)cc2)c1C,,5344.0,Drug_Name,107,ok,107,0
sulfamoxole,Cc1nc(NS(=O)(=O)c2ccc(N)cc2)oc1C,,12894.0,Drug_Name,1,ok,1,0
carbuterol,CC(C)(C)NCC(O)c1ccc(O)c(NC(N)=O)c1,,36976.0,Drug_Name,0,ok,0,0
metoprolol,COCCc1ccc(OCC(O)CNC(C)C)cc1,,4171.0,Drug_Name,139,ok,139,0
azacyclonol,OC(c1ccccc1)(c1ccccc1)C1CCNCC1,,15723.0,Drug_Name,1,ok,1,0
pipradrol,OC(c1ccccc1)(c1ccccc1)C1CCCCN1,,10083.0,Drug_Name,72,ok,72,0
chlornaphazine,ClCCN(CCCl)c1ccc2ccccc2c1,,10307.0,Drug_Name,41,ok,41,0
nifurtoinol,O=c1n(N=Cc2ccc([N+](=O)[O-])o2)cc(O)n1CO,,9571062.0,Drug_Name,0,ok,0,0
inosine,O=c1[nH]cnc2c1ncn2C1OC(CO)C(O)C1O,,135398641.0,Drug_Name,2,ok,2,0
isoxepac,O=C(O)Cc1ccc2c(c1)C(=O)c1ccccc1CO2,,41448.0,Drug_Name,3,ok,3,0
razoxane,CC(CN1CC(=O)NC(=O)C1)N1CC(=O)NC(=O)C1,,30623.0,Drug_Name,0,ok,0,0
ripazepam,CCn1nc(C)c2c1C(c1ccccc1)=NCC(=O)N2,,33474.0,Drug_Name,0,ok,0,0
diethylstilbestrol,CC=C(c1ccc(O)cc1)C(CC)c1ccc(O)cc1,,448537.0,Drug_Name,109,ok,109,0
trimethidinium,CC12CCC(C[N+](C)(CCC[N+](C)(C)C)C1)C2(C)C,,26484.0,Drug_Name,0,ok,0,0
dichlorophen,Oc1ccc(Cl)cc1Cc1cc(Cl)ccc1O,,3037.0,Drug_Name,91,ok,91,0
propatylnitrate,CCC(CO[N+](=O)[O-])(CO[N+](=O)[O-])CO[N+](=O)[O-],,66261.0,Drug_Name,2,ok,2,0
endralazine,NNc1cc2c(nn1)CCN(C(=O)c1ccccc1)C2,,47608.0,Drug_Name,0,ok,0,0
sulfasomizole,Cc1cc(NS(=O)(=O)c2ccc(N)cc2)sn1,,69433.0,Drug_Name,0,ok,0,0
sulfamethylthiazole,Cc1csc(NS(=O)(=O)c2ccc(N)cc2)n1,,68194.0,Drug_Name,1,ok,1,0
orphenadrine,Cc1ccccc1C(OCCN(C)C)c1ccccc1,,4601.0,Drug_Name,53,ok,53,0
moxastine,CN(C)CCOC(C)(c1ccccc1)c1ccccc1,,19142.0,Drug_Name,0,ok,0,0
dextrofemine,CC(COc1ccccc1)NC(C)Cc1ccccc1,,71879.0,Drug_Name,0,ok,0,0
bifemelane,CNCCCCOc1ccccc1Cc1ccccc1,,2377.0,Drug_Name,1,ok,1,0
pramiracetam,CC(C)N(CCNC(=O)CN1CCCC1=O)C(C)C,,51712.0,Drug_Name,1,ok,1,0
leflunomide,Cc1oncc1C(=O)Nc1ccc(C(F)(F)F)cc1,,3899.0,Drug_Name,78,ok,78,0
epervudine,CC(C)c1cn(C2CC(O)C(CO)O2)c(=O)[nH]c1=O,,512735.0,Drug_Name,0,ok,0,0
sulfamethizole,Cc1nnc(NS(=O)(=O)c2ccc(N)cc2)s1,,5328.0,Drug_Name,71,ok,71,0
hexestrol,CCC(c1ccc(O)cc1)C(CC)c1ccc(O)cc1,,192197.0,Drug_Name,35,ok,35,0
tolonium,Cc1cc2nc3ccc(N(C)C)cc3[s+]c2cc1N,,7084.0,Drug_Name,0,ok,0,0
fenethazine,CN(C)CCN1c2ccccc2Sc2ccccc21,,68223.0,Drug_Name,0,ok,0,0
mecloqualone,Cc1nc2ccccc2c(=O)n1-c1ccccc1Cl,,9567.0,Drug_Name,25,ok,25,0
nordazepam,O=C1CN=C(c2ccccc2)c2cc(Cl)ccc2N1,,2997.0,Drug_Name,12,ok,12,0
clofenamide,NS(=O)(=O)c1ccc(Cl)c(S(N)(=O)=O)c1,,69594.0,Drug_Name,0,ok,0,0
medazepam,CN1CCN=C(c2ccccc2)c2cc(Cl)ccc21,,4041.0,Drug_Name,15,ok,15,0
pentrinitrol,O=[N+]([O-])OCC(CO)(CO[N+](=O)[O-])CO[N+](=O)[O-],,15353.0,Drug_Name,0,ok,0,0
acetaminosalol,CC(=O)Nc1ccc(OC(=O)c2ccccc2O)cc1,,1984.0,Drug_Name,1,ok,1,0
carbubarb,CCCCC1(CCOC(N)=O)C(=O)NC(=O)NC1=O,,13743.0,Drug_Name,0,ok,0,0
ftivazide,COc1cc(C=NNC(=O)c2ccncc2)ccc1O,,135412163.0,Drug_Name,0,ok,0,0
amoscanate,O=[N+]([O-])c1ccc(Nc2ccc(N=C=S)cc2)cc1,,33488.0,Drug_Name,0,ok,0,0
metiazinic acid,CN1c2ccccc2Sc2ccc(CC(=O)O)cc21,,4164.0,Drug_Name,0,ok,0,0
carbutamide,CCCCNC(=O)NS(=O)(=O)c1ccc(N)cc1,,9564.0,Drug_Name,33,ok,33,0
desomorphine,CN1CCC23c4c5ccc(O)c4OC2CCCC3C1C5,,5362456.0,Drug_Name,69,ok,69,0
subathizone,CCS(=O)(=O)c1ccc(C=NNC(N)=S)cc1,,6474578.0,Drug_Name,0,ok,0,0
nepinalone,CC1(CCN2CCCCC2)C(=O)CCc2ccccc21,,3047788.0,Drug_Name,0,ok,0,0
dextromethorphan,COc1ccc2c(c1)C13CCCCC1C(C2)N(C)CC3,,5360696.0,Drug_Name,306,ok,306,0
delmopinol,CCCC(CCC)CCCC1COCCN1CCO,,57337.0,Drug_Name,0,ok,0,0
bupranolol,Cc1ccc(Cl)c(OCC(O)CNC(C)(C)C)c1,,2475.0,Drug_Name,1,ok,1,0
zoledronic acid,O=P(O)(O)C(O)(Cn1ccnc1)P(=O)(O)O,,68740.0,Drug_Name,68,ok,68,0
muzolimine,CC(c1ccc(Cl)c(Cl)c1)n1[nH]c(N)cc1=O,,41386.0,Drug_Name,0,ok,0,0
zolimidine,CS(=O)(=O)c1ccc(-c2cn3ccccc3n2)cc1,,14652.0,Drug_Name,2,ok,2,0
perisoxal,OC(CN1CCCCC1)c1cc(-c2ccccc2)on1,,71109.0,Drug_Name,0,ok,0,0
sotalol,CC(C)NCC(O)c1ccc(NS(C)(=O)=O)cc1,,5253.0,Drug_Name,64,ok,64,0
quinisocaine,CCCCc1cc2ccccc2c(OCCN(C)C)n1,,6857.0,Drug_Name,0,ok,0,0
pilsicainide,Cc1cccc(C)c1NC(=O)CC12CCCN1CCC2,,4820.0,Drug_Name,0,ok,0,0
nimustine,Cc1ncc(CNC(=O)N(CCCl)N=O)c(N)n1,,39214.0,Drug_Name,0,ok,0,0
oxaflozane,CC(C)N1CCOC(c2cccc(C(F)(F)F)c2)C1,,432824.0,Drug_Name,0,ok,0,0
stepronin,CC(SC(=O)c1cccs1)C(=O)NCC(=O)O,,54120.0,Drug_Name,0,ok,0,0
tilidine,CCOC(=O)C1(c2ccccc2)CCC=CC1N(C)C,,30131.0,Drug_Name,1,ok,1,0
carprofen,CC(C(=O)O)c1ccc2c(c1)[nH]c1ccc(Cl)cc12,,2581.0,Drug_Name,3,ok,3,0
chlormezanone,CN1C(=O)CCS(=O)(=O)C1c1ccc(Cl)cc1,,2717.0,Drug_Name,61,ok,61,0
tryparsamide,NC(=O)CNc1ccc([As](=O)(O)O)cc1,,23665572.0,Drug_Name,15,ok,15,0
guaiacol carbonate,COc1ccccc1OC(=O)Oc1ccccc1OC,,11104.0,Drug_Name,4,ok,4,0
ensulizole,O=S(=O)(O)c1ccc2[nH]c(-c3ccccc3)nc2c1,,33919.0,Drug_Name,16,ok,16,0
tybamate,CCCCNC(=O)OCC(C)(CCC)COC(N)=O,,20266.0,Drug_Name,71,ok,71,0
nandrolone,CC12CCC3C4=C(CCC3C1CCC2O)CC(=O)CC4,,9904.0,Drug_Name,70,ok,70,0
ropivacaine,CCCN1CCCCC1C(=O)Nc1c(C)cccc1C,,175805.0,Drug_Name,58,ok,58,0
acetarsol,CC(=O)Nc1cc([As](=O)(O)O)ccc1O,,1985.0,Drug_Name,20,ok,20,0
nifuroxazide,O=C(NN=Cc1ccc([N+](=O)[O-])o1)c1ccc(O)cc1,,5337997.0,Drug_Name,1,ok,1,0
furalazine,Nc1ncc(C=Cc2ccc([N+](=O)[O-])o2)nn1,,6436102.0,Drug_Name,0,ok,0,0
meturedepa,CCOC(=O)NP(=O)(N1CC1(C)C)N1CC1(C)C,,15456.0,Drug_Name,0,ok,0,0
meticrane,Cc1cc2c(cc1S(N)(=O)=O)S(=O)(=O)CCC2,,4165.0,Drug_Name,0,ok,0,0
physostigmine,CNC(=O)Oc1ccc2c(c1)C1(C)CCN(C)C1N2C,,5983.0,Drug_Name,104,ok,104,0
propipocaine,CCCOc1ccc(C(=O)CCN2CCCCC2)cc1,,70864.0,Drug_Name,0,ok,0,0
propiram,CCC(=O)N(c1ccccn1)C(C)CN1CCCCC1,,26216.0,Drug_Name,0,ok,0,0
tipepidine,CN1CCCC(=C(c2cccs2)c2cccs2)C1,,5484.0,Drug_Name,0,ok,0,0
flutamide,CC(C)C(=O)Nc1ccc([N+](=O)[O-])c(C(F)(F)F)c1,,3397.0,Drug_Name,36,ok,36,0
oxagrelate,CCOC(=O)c1c(C)cc2c(CO)n[nH]c(=O)c2c1C,,41946.0,Drug_Name,0,ok,0,0
sulfabenzamide,Nc1ccc(S(=O)(=O)NC(=O)c2ccccc2)cc1,,5319.0,Drug_Name,1,ok,1,0
cyclandelate,CC1CC(OC(=O)C(O)c2ccccc2)CC(C)(C)C1,,2893.0,Drug_Name,18,ok,18,0
tetraethylphthalamide,CCN(CC)C(=O)c1ccccc1C(=O)N(CC)CC,,66526.0,Drug_Name,0,ok,0,0
mebhydrolin,CN1CCc2c(c3ccccc3n2Cc2ccccc2)C1,,22530.0,Drug_Name,2,ok,2,0
bolandiol dipropionate,CCC(=O)OC1C=C2CCC3C(CCC4(C)C(OC(=O)CC)CCC34)C2CC1,,443979.0,Drug_Name,0,ok,0,0
etidocaine,CCCN(CC)C(CC)C(=O)Nc1c(C)cccc1C,,37497.0,Drug_Name,0,ok,0,0
chlorpropamide,CCCNC(=O)NS(=O)(=O)c1ccc(Cl)cc1,,2727.0,Drug_Name,59,ok,59,0
neridronic acid,NCCCCCC(O)(P(=O)(O)O)P(=O)(O)O,,71237.0,Drug_Name,1,ok,1,0
clenbuterol,CC(C)(C)NCC(O)c1cc(Cl)c(N)c(Cl)c1,,2783.0,Drug_Name,5,ok,5,0
azathioprine,Cn1cnc([N+](=O)[O-])c1Sc1ncnc2[nH]cnc12,,2265.0,Drug_Name,283,ok,283,0
folescutol,O=c1cc(CN2CCOCC2)c2cc(O)c(O)cc2o1,,5390105.0,Drug_Name,0,ok,0,0
elliptinium,Cc1c2cc[n+](C)cc2c(C)c2c1[nH]c1ccc(O)cc12,,42723.0,Drug_Name,0,ok,0,0
acetamidoeugenol,C=CCc1ccc(OCC(=O)N(CC)CC)c(OC)c1,,67538.0,Drug_Name,0,ok,0,0
venlafaxine,COc1ccc(C(CN(C)C)C2(O)CCCCC2)cc1,,5656.0,Drug_Name,234,ok,234,0
maprotiline,CNCCCC12CCC(c3ccccc31)c1ccccc12,,4011.0,Drug_Name,12,ok,12,0
amitriptyline,CN(C)CCC=C1c2ccccc2CCc2ccccc21,,2160.0,Drug_Name,202,ok,202,0
ethylmethylthiambutene,CCN(C)C(C)C=C(c1cccs1)c1cccs1,,46424.0,Drug_Name,0,ok,0,0
perhexiline,C1CCC(C(CC2CCCCN2)C2CCCCC2)CC1,,4746.0,Drug_Name,14,ok,14,0
treosulfan,CS(=O)(=O)OCC(O)C(O)COS(C)(=O)=O,,9882105.0,Drug_Name,81,ok,81,0
lomifylline,CC(=O)CCCCn1cnc2c1c(=O)n(C)c(=O)n2C,,65599.0,Drug_Name,1,ok,1,0
sulfisomidine,Cc1cc(NS(=O)(=O)c2ccc(N)cc2)nc(C)n1,,5343.0,Drug_Name,1,ok,1,0
sulfadimidine,Cc1cc(C)nc(NS(=O)(=O)c2ccc(N)cc2)n1,,5327.0,Drug_Name,150,ok,150,0
tolycaine,CCN(CC)CC(=O)Nc1c(C)cccc1C(=O)OC,,72137.0,Drug_Name,0,ok,0,0
proquazone,Cc1ccc2c(-c3ccccc3)nc(=O)n(C(C)C)c2c1,,31508.0,Drug_Name,0,ok,0,0
demexiptiline,CNCCON=c1c2ccccc2ccc2ccccc12,,28876.0,Drug_Name,0,ok,0,0
sodium gualenate,Cc1cc(S(=O)(=O)O)c2c(C)ccc(C(C)C)cc1-2,,23669592.0,Drug_Name,0,ok,0,0
egualen,CCc1cc(S(=O)(=O)O)c2cc(C(C)C)cccc1-2,,65858.0,Drug_Name,0,ok,0,0
dimethocaine,CCN(CC)CC(C)(C)COC(=O)c1ccc(N)cc1,,7177.0,Drug_Name,0,ok,0,0
triprolidine,Cc1ccc(C(=CCN2CCCC2)c2ccccn2)cc1,,5282443.0,Drug_Name,66,ok,66,0
diphemanil,C[N+]1(C)CCC(=C(c2ccccc2)c2ccccc2)CC1,,6127.0,Drug_Name,0,ok,0,0
gamolenic acid,CCCCCC=CCC=CCC=CCCCCC(=O)O,,5280933.0,Drug_Name,1,ok,1,0
clidanac,O=C(O)C1CCc2cc(C3CCCCC3)c(Cl)cc21,,120108.0,Drug_Name,0,ok,0,0
acecarbromal,CCC(Br)(CC)C(=O)NC(=O)NC(C)=O,,6489.0,Drug_Name,0,ok,0,0
oxamniquine,CC(C)NCC1CCc2cc(CO)c([N+](=O)[O-])cc2N1,,4612.0,Drug_Name,51,ok,51,0
ramosetron,Cn1cc(C(=O)C2CCc3[nH]cnc3C2)c2ccccc21,,108000.0,Drug_Name,0,ok,0,0
etamiphylline,CCN(CC)CCn1cnc2c1c(=O)n(C)c(=O)n2C,,28329.0,Drug_Name,2,ok,2,0
moxisylyte,CC(=O)Oc1cc(C(C)C)c(OCCN(C)C)cc1C,,4260.0,Drug_Name,7,ok,7,0
letosteine,CCOC(=O)CSCCC1NC(C(=O)O)CS1,,68707.0,Drug_Name,0,ok,0,0
fenpiprane,c1ccc(C(CCN2CCCCC2)c2ccccc2)cc1,,197785.0,Drug_Name,0,ok,0,0
sibutramine,CC(C)CC(N(C)C)C1(c2ccc(Cl)cc2)CCC1,,5210.0,Drug_Name,127,ok,127,0
levosimendan,CC1CC(=O)NN=C1c1ccc(NN=C(C#N)C#N)cc1,,3033825.0,Drug_Name,1,ok,1,0
flumecinol,CCC(O)(c1ccccc1)c1cccc(C(F)(F)F)c1,,41870.0,Drug_Name,0,ok,0,0
sulfamonomethoxine,COc1cc(NS(=O)(=O)c2ccc(N)cc2)ncn1,,5332.0,Drug_Name,1,ok,1,0
sulfalene,COc1nccnc1NS(=O)(=O)c1ccc(N)cc1,,9047.0,Drug_Name,4,ok,4,0
sulfamethoxypyridazine,COc1ccc(NS(=O)(=O)c2ccc(N)cc2)nn1,,5330.0,Drug_Name,5,ok,5,0
sulfameter,COc1cnc(NS(=O)(=O)c2ccc(N)cc2)nc1,,5326.0,Drug_Name,3,ok,3,0
phenprocoumon,CCC(c1ccccc1)c1c(O)c2ccccc2oc1=O,,54680692.0,Drug_Name,70,ok,70,0
ipriflavone,CC(C)Oc1ccc2c(=O)c(-c3ccccc3)coc2c1,,3747.0,Drug_Name,0,ok,0,0
hydroxystilbamidine,N=C(N)c1ccc(C=Cc2ccc(C(=N)N)cc2O)cc1,,5284571.0,Drug_Name,0,ok,0,0
mefexamide,CCN(CC)CCNC(=O)COc1ccc(OC)cc1,,4045.0,Drug_Name,1,ok,1,0
hydroxytetracaine,CCCCNc1ccc(C(=O)OCCN(C)C)c(O)c1,,71630.0,Drug_Name,0,ok,0,0
tromantadine,CN(C)CCOCC(=O)NC12CC3CC(CC(C3)C1)C2,,64377.0,Drug_Name,0,ok,0,0
imipramine,CN(C)CCCN1c2ccccc2CCc2ccccc21,,3696.0,Drug_Name,192,ok,192,0
histapyrrodine,c1ccc(CN(CCN2CCCC2)c2ccccc2)cc1,,68122.0,Drug_Name,0,ok,0,0
bamipine,CN1CCC(N(Cc2ccccc2)c2ccccc2)CC1,,72075.0,Drug_Name,0,ok,0,0
linoleic acid,CCCCCC=CCC=CCCCCCCCC(=O)O,,5280450.0,Drug_Name,78,ok,78,0
flufenamic acid,O=C(O)c1ccccc1Nc1cccc(C(F)(F)F)c1,,3371.0,Drug_Name,5,ok,5,0
nitrazepam,O=C1CN=C(c2ccccc2)c2cc([N+](=O)[O-])ccc2N1,,4506.0,Drug_Name,16,ok,16,0
trimetozine,COc1cc(C(=O)N2CCOCC2)cc(OC)c1OC,,12478.0,Drug_Name,26,ok,26,0
indoprofen,CC(C(=O)O)c1ccc(N2Cc3ccccc3C2=O)cc1,,3718.0,Drug_Name,4,ok,4,0
ciclosidomine,O=C([N-]c1c[n+](N2CCOCC2)no1)C1CCCCC1,,9571081.0,Drug_Name,0,ok,0,0
albendazole sulfoxide,CCC[S+]([O-])c1ccc2[nH]c(NC(=O)OC)nc2c1,,83969.0,Drug_Name,3,ok,3,0
piberaline,O=C(c1ccccn1)N1CCN(Cc2ccccc2)CC1,,65975.0,Drug_Name,0,ok,0,0
diphenylpyraline,CN1CCC(OC(c2ccccc2)c2ccccc2)CC1,,3103.0,Drug_Name,1,ok,1,0
xanomeline,CCCCCCOc1nsnc1C1=CCCN(C)C1,,60809.0,Drug_Name,1,ok,1,0
terodiline,CC(CC(c1ccccc1)c1ccccc1)NC(C)(C)C,,23480.0,Drug_Name,0,ok,0,0
alverine,CCN(CCCc1ccccc1)CCCc1ccccc1,,3678.0,Drug_Name,9,ok,9,0
niflumic acid,O=C(O)c1cccnc1Nc1cccc(C(F)(F)F)c1,,4488.0,Drug_Name,4,ok,4,0
bendazac,O=C(O)COc1nn(Cc2ccccc2)c2ccccc12,,2313.0,Drug_Name,4,ok,4,0
artemisinin,CC1CCC2C(C)C(=O)OC3OC4(C)CCC1C32OO4,,68827.0,Drug_Name,5,ok,5,0
vedaprofen,CC(C(=O)O)c1ccc(C2CCCCC2)c2ccccc12,,72158.0,Drug_Name,1,ok,1,0
octatropine methylbromide,CCCC(CCC)C(=O)OC1CC2CCC(C1)[N+]2(C)C,,657201.0,Drug_Name,0,ok,0,0
emepronium,CC[N+](C)(C)C(C)CC(c1ccccc1)c1ccccc1,,34055.0,Drug_Name,0,ok,0,0
oleic acid,CCCCCCCCC=CCCCCCCCC(=O)O,,445639.0,Drug_Name,155,ok,155,0
tribromoethanol,OCC(Br)(Br)Br,,6400.0,Drug_Name,26,ok,26,0
papaveroline,Oc1ccc(Cc2nccc3cc(O)c(O)cc23)cc1O,,5459346.0,Drug_Name,0,ok,0,0
afloqualone,Cc1ccccc1-n1c(CF)nc2ccc(N)cc2c1=O,,2040.0,Drug_Name,1,ok,1,0
cadralazine,CCOC(=O)NNc1ccc(N(CC)CC(C)O)nn1,,2515.0,Drug_Name,0,ok,0,0
levallorphan,C=CCN1CCC23CCCCC2C1Cc1ccc(O)cc13,,5359371.0,Drug_Name,55,ok,55,0
trolnitrate,O=[N+]([O-])OCCN(CCO[N+](=O)[O-])CCO[N+](=O)[O-],,11499.0,Drug_Name,0,ok,0,0
taurolidine,O=S1(=O)CCN(CN2CCS(=O)(=O)NC2)CN1,,29566.0,Drug_Name,0,ok,0,0
sulfaethidole,CCc1nnc(NS(=O)(=O)c2ccc(N)cc2)s1,,7181.0,Drug_Name,1,ok,1,0
articaine,CCCNC(C)C(=O)Nc1c(C)csc1C(=O)OC,,32170.0,Drug_Name,1,ok,1,0
etozolin,CCOC(=O)C=C1SC(N2CCCCC2)C(=O)N1C,,5743585.0,Drug_Name,0,ok,0,0
methylthioninium chloride,CN(C)c1ccc2nc3ccc(N(C)C)cc3[s+]c2c1,,6099.0,Drug_Name,0,ok,0,0
bibenzonium,C[N+](C)(C)CCOC(Cc1ccccc1)c1ccccc1,,71954.0,Drug_Name,0,ok,0,0
isopromethazine,CC(CN(C)C)N1c2ccccc2Sc2ccccc21,,110669.0,Drug_Name,0,ok,0,0
promazine,CN(C)CCCN1c2ccccc2Sc2ccccc21,,4926.0,Drug_Name,111,ok,111,0
lynestrenol,C#CC1(O)CCC2C3CCC4=CCCCC4C3CCC21C,,5857.0,Drug_Name,72,ok,72,0
iprindole,CN(C)CCCn1c2c(c3ccccc31)CCCCCC2,,21722.0,Drug_Name,0,ok,0,0
cetrimonium,CCCCCCCCCCCCCCCC[N+](C)(C)C,,2681.0,Drug_Name,0,ok,0,0
sulfachlorpyridazine,Nc1ccc(S(=O)(=O)Nc2ccc(Cl)nn2)cc1,,6634.0,Drug_Name,1,ok,1,0
disulfamide,Cc1cc(Cl)c(S(N)(=O)=O)cc1S(N)(=O)=O,,68935.0,Drug_Name,0,ok,0,0
mazindol,OC1(c2ccc(Cl)cc2)c2ccccc2C2=NCCN21,,4020.0,Drug_Name,56,ok,56,0
diazepam,CN1C(=O)CN=C(c2ccccc2)c2cc(Cl)ccc21,,3016.0,Drug_Name,390,ok,390,0
bromebric acid,COc1ccc(C(=O)C(Br)=CC(=O)O)cc1,,5358572.0,Drug_Name,0,ok,0,0
flunoxaprofen,CC(C(=O)O)c1ccc2oc(-c3ccc(F)cc3)nc2c1,,68869.0,Drug_Name,0,ok,0,0
nifuratel,CSCC1CN(N=Cc2ccc([N+](=O)[O-])o2)C(=O)O1,,6433427.0,Drug_Name,0,ok,0,0
letrozole,N#Cc1ccc(C(c2ccc(C#N)cc2)n2cncn2)cc1,,3902.0,Drug_Name,122,ok,122,0
faropenem,CC(O)C1C(=O)N2C(C(=O)O)=C(C3CCCO3)SC12,,65894.0,Drug_Name,0,ok,0,0
morphine,CN1CCC23c4c5ccc(O)c4OC2C(O)C=CC3C1C5,,5288826.0,Drug_Name,323,ok,323,0
hydromorphone,CN1CCC23c4c5ccc(O)c4OC2C(=O)CCC3C1C5,,5284570.0,Drug_Name,283,ok,283,0
probenecid,CCCN(CCC)S(=O)(=O)c1ccc(C(=O)O)cc1,,4911.0,Drug_Name,83,ok,83,0
medrylamine,COc1ccc(C(OCCN(C)C)c2ccccc2)cc1,,10669.0,Drug_Name,0,ok,0,0
mepyramine,COc1ccc(CN(CCN(C)C)c2ccccn2)cc1,,4992.0,Drug_Name,67,ok,67,0
prothipendyl,CN(C)CCCN1c2ccccc2Sc2cccnc21,,14670.0,Drug_Name,1,ok,1,0
isothipendyl,CC(CN1c2ccccc2Sc2cccnc21)N(C)C,,3781.0,Drug_Name,1,ok,1,0
pentazocine,CC(C)=CCN1CCC2(C)c3cc(O)ccc3CC1C2C,,441278.0,Drug_Name,236,ok,236,0
cladribine,Nc1nc(Cl)nc2c1ncn2C1CC(O)C(CO)O1,,20279.0,Drug_Name,120,ok,120,0
guaimesal,COc1ccccc1OC1(C)OC(=O)c2ccccc2O1,,71250.0,Drug_Name,0,ok,0,0
guacetisal,COc1ccccc1OC(=O)c1ccccc1OC(C)=O,,68749.0,Drug_Name,0,ok,0,0
sulfametrole,COc1nsnc1NS(=O)(=O)c1ccc(N)cc1,,64939.0,Drug_Name,0,ok,0,0
butazopyridine,CCCCOc1ccc(N=Nc2ccc(N)nc2N)cn1,,96213.0,Drug_Name,1,ok,1,0
abacavir,Nc1nc(NC2CC2)c2ncn(C3C=CC(CO)C3)c2n1,,441300.0,Drug_Name,32,ok,32,0
methallenestril,CCC(c1ccc2cc(OC)ccc2c1)C(C)(C)C(=O)O,,10599.0,Drug_Name,27,ok,27,0
thonzylamine,COc1ccc(CN(CCN(C)C)c2ncccn2)cc1,,5457.0,Drug_Name,0,ok,0,0
androstenedione,CC12CCC3C(CC=C4CC(=O)CCC43C)C1CCC2=O,,6128.0,Drug_Name,195,ok,195,0
thenalidine,CN1CCC(N(Cc2cccs2)c2ccccc2)CC1,,27901.0,Drug_Name,0,ok,0,0
retinol,CC(C=CC1=C(C)CCCC1(C)C)=CC=CC(C)=CCO,,445354.0,Drug_Name,134,ok,134,0
brallobarbital,C=CCC1(CC(=C)Br)C(=O)NC(=O)NC1=O,,68416.0,Drug_Name,0,ok,0,0
fenticlor,Oc1ccc(Cl)cc1Sc1cc(Cl)ccc1O,,7329.0,Drug_Name,4,ok,4,0
incadronic acid,O=P(O)(O)C(NC1CCCCCC1)P(=O)(O)O,,3699.0,Drug_Name,0,ok,0,0
tenofovir,CC(Cn1cnc2c(N)ncnc21)OCP(=O)(O)O,,464205.0,Drug_Name,10,ok,10,0
nifurtimox,CC1CS(=O)(=O)CCN1N=Cc1ccc([N+](=O)[O-])o1,,6842999.0,Drug_Name,7,ok,7,0
sulmazole,COc1cc([S+](C)[O-])ccc1-c1nc2cccnc2[nH]1,,5353.0,Drug_Name,1,ok,1,0
ritodrine,CC(NCCc1ccc(O)cc1)C(O)c1ccc(O)cc1,,33572.0,Drug_Name,0,ok,0,0
naftifine,CN(CC=Cc1ccccc1)Cc1cccc2ccccc12,,47641.0,Drug_Name,0,ok,0,0
rhodoquine,CCN(CC)CCCNc1cc(OC)cc2cccnc12,,,none,0,no_cid,0,0
proxazole,CCC(c1ccccc1)c1noc(CCN(CC)CC)n1,,8590.0,Drug_Name,0,ok,0,0
procyclidine,OC(CCN1CCCC1)(c1ccccc1)C1CCCCC1,,4919.0,Drug_Name,123,ok,123,0
cycrimine,OC(CCN1CCCCC1)(c1ccccc1)C1CCCC1,,2911.0,Drug_Name,0,ok,0,0
chlorproguanil,CC(C)N=C(N)N=C(N)Nc1ccc(Cl)c(Cl)c1,,9571037.0,Drug_Name,0,ok,0,0
fospropofol,CC(C)c1cccc(C(C)C)c1OCOP(=O)(O)O,,3038498.0,Drug_Name,0,ok,0,0
piromidic acid,CCn1cc(C(=O)O)c(=O)c2cnc(N3CCCC3)nc21,,4855.0,Drug_Name,0,ok,0,0
protiofate,CCCOC(=O)c1sc(C(=O)OCCC)c(O)c1O,,68780.0,Drug_Name,0,ok,0,0
difenpiramide,O=C(Cc1ccc(-c2ccccc2)cc1)Nc1ccccn1,,100472.0,Drug_Name,0,ok,0,0
malotilate,CC(C)OC(=O)C(C(=O)OC(C)C)=C1SC=CS1,,4006.0,Drug_Name,0,ok,0,0
phenglutarimide,CCN(CC)CCC1(c2ccccc2)CCC(=O)NC1=O,,102669.0,Drug_Name,0,ok,0,0
milverine,c1ccc(C(CCNc2ccncc2)c2ccccc2)cc1,,71139.0,Drug_Name,0,ok,0,0
testosterone,CC12CCC(=O)C=C1CCC1C2CCC2(C)C(O)CCC12,,6013.0,Drug_Name,195,ok,195,0
methylestrenolone,CC1(O)CCC2C3CC=C4CC(=O)CCC4C3CCC21C,,5284597.0,Drug_Name,2,ok,2,0
bupivacaine,CCCCN1CCCCC1C(=O)Nc1c(C)cccc1C,,2474.0,Drug_Name,13,ok,13,0
methitural,CCCC(C)C1(CCSC)C(=O)NC(=S)NC1=O,,3032307.0,Drug_Name,0,ok,0,0
ethylestrenol,CCC1(O)CCC2C3CCC4=CCCCC4C3CCC21C,,13765.0,Drug_Name,52,ok,52,0
desalkylflurazepam,O=C1CN=C(c2ccccc2F)c2cc(Cl)ccc2N1,,,none,0,no_cid,0,0
tetrazepam,CN1C(=O)C=NC(=C2CCCCC2)c2cc(Cl)ccc21,,25215.0,Drug_Name,15,ok,15,0
propallylonal,C=C(Br)CC1(C(C)C)C(=O)NC(=O)NC1=O,,11020.0,Drug_Name,0,ok,0,0
ciprofibrate,CC(C)(Oc1ccc(C2CC2(Cl)Cl)cc1)C(=O)O,,2763.0,Drug_Name,1,ok,1,0
tazanolast,CCCCOC(=O)C(=O)Nc1cccc(-c2nn[nH]n2)c1,,5380.0,Drug_Name,0,ok,0,0
adrafinil,[O-][S+](CC(O)=NO)C(c1ccccc1)c1ccccc1,,3033226.0,Drug_Name,1,ok,1,0
rotraxate,NCC1CCC(C(=O)c2ccc(CCC(=O)O)cc2)CC1,,65829.0,Drug_Name,0,ok,0,0
atropine,CN1C2CCC1CC(OC(=O)C(CO)c1ccccc1)C2,,174174.0,Drug_Name,12,ok,12,0
improsulfan,CS(=O)(=O)OCCCNCCCOS(C)(=O)=O,,18949.0,Drug_Name,0,ok,0,0
butaverine,CCCCOC(=O)CC(c1ccccc1)N1CCCCC1,,189889.0,Drug_Name,0,ok,0,0
dyclonine,CCCCOc1ccc(C(=O)CCN2CCCCC2)cc1,,3180.0,Drug_Name,0,ok,0,0
caramiphen,CCN(CC)CCOC(=O)C1(c2ccccc2)CCCC1,,6472.0,Drug_Name,0,ok,0,0
bencyclane,CN(C)CCCOC1(Cc2ccccc2)CCCCCC1,,2312.0,Drug_Name,1,ok,1,0
triclosan,Oc1cc(Cl)ccc1Oc1ccc(Cl)cc1Cl,,5564.0,Drug_Name,222,ok,222,0
quinethazone,CCC1NC(=O)c2cc(S(N)(=O)=O)c(Cl)cc2N1,,6307.0,Drug_Name,37,ok,37,0
nicoclonate,CC(C)C(OC(=O)c1cccnc1)c1ccc(Cl)cc1,,71854.0,Drug_Name,0,ok,0,0
clofedanol,CN(C)CCC(O)(c1ccccc1)c1ccccc1Cl,,2795.0,Drug_Name,0,ok,0,0
chloropyramine,CN(C)CCN(Cc1ccc(Cl)cc1)c1ccccn1,,,none,0,no_cid,0,0
cianidanol,Oc1cc(O)c2c(c1)OC(c1ccc(O)c(O)c1)C(O)C2,,9064.0,Drug_Name (fallback),0,ok,0,0
bagrosin,CC1(c2ccc3ccc4ccccc4c3c2)NC(=O)NC1=O,,21893707.0,Drug_Name (fallback),0,ok,0,0
procaterol,CCC(NC(C)C)C(O)c1ccc(O)c2[nH]c(=O)ccc12,,688563.0,Drug_Name,0,ok,0,0
sulcaine,CCOC(=O)c1ccc(NC(=O)CN2CCCCC2)cc1,,3300.0,Drug_Name,0,ok,0,0
sultiame,NS(=O)(=O)c1ccc(N2CCCCS2(=O)=O)cc1,,5356.0,Drug_Name,0,ok,0,0
methylhomatropine,C[N+]1(C)C2CCC1CC(OC(=O)C(O)c1ccccc1)C2,,5282592.0,Drug_Name (fallback),0,ok,0,0
oxabolone,CC12CCC3C4CCC(=O)C(=O)C4CCC3C1CCC2O,,20055236.0,Drug_Name,1,ok,1,0
suxamethonium,C[N+](C)(C)CCOC(=O)CCC(=O)OCC[N+](C)(C)C,,5314.0,Drug_Name,0,ok,0,0
azatadine,CN1CCC(=C2c3ccccc3CCc3cccnc32)CC1,,19861.0,Drug_Name,0,ok,0,0
androstanolone,CC12CCC3C(CCC4CC(=O)CCC43C)C1CCC2O,,,none,0,no_cid,0,0
androstenediol,CC12CCC(O)CC1=CCC1C2CCC2(C)C(O)CCC12,,10634.0,Drug_Name,0,ok,0,0
mepiperphenidol,CC(C)C(c1ccccc1)C(O)CC[N+]1(C)CCCCC1,,10620.0,Drug_Name,0,ok,0,0
lindane,ClC1C(Cl)C(Cl)C(Cl)C(Cl)C1Cl,,727.0,Drug_Name,287,ok,287,0
sulfamidochrysoidine,Nc1ccc(N=Nc2ccc(S(N)(=O)=O)cc2)c(N)c1,,66895.0,Drug_Name,0,ok,0,0
befunolol,CC(=O)c1cc2cccc(OCC(O)CNC(C)C)c2o1,,2309.0,Drug_Name,0,ok,0,0
eseridine,CNC(=O)Oc1ccc2c(c1)C1(C)CCN(C)OC1N2C,,65719.0,Drug_Name,0,ok,0,0
fasudil,O=S(=O)(c1cccc2cnccc12)N1CCCNCC1,,3547.0,Drug_Name,1,ok,1,0
pecilocin,CCCCC(O)C=C(C)C=CC=CC(=O)N1CCCC1=O,,5282176.0,Drug_Name,0,ok,0,0
eucatropine,CC1CC(OC(=O)C(O)c2ccccc2)CC(C)(C)N1C,,7534.0,Drug_Name,0,ok,0,0
cyclopentolate,CN(C)CCOC(=O)C(c1ccccc1)C1(O)CCCC1,,2905.0,Drug_Name,5,ok,5,0
butinoline,OC(C#CCN1CCCC1)(c1ccccc1)c1ccccc1,,68943.0,Drug_Name,0,ok,0,0
perlapine,CN1CCN(C2=Nc3ccccc3Cc3ccccc32)CC1,,16106.0,Drug_Name,1,ok,1,0
melitracen,CN(C)CCC=C1c2ccccc2C(C)(C)c2ccccc21,,25382.0,Drug_Name,0,ok,0,0
lobenzarit,O=C(O)c1ccccc1Nc1cc(Cl)ccc1C(=O)O,,3946.0,Drug_Name,0,ok,0,0
zomepirac,Cc1cc(CC(=O)O)n(C)c1C(=O)c1ccc(Cl)cc1,,5733.0,Drug_Name,2,ok,2,0
butedronic acid,O=C(O)CC(C(=O)O)C(P(=O)(O)O)P(=O)(O)O,,189891.0,Drug_Name,2,ok,2,0
cloranolol,CC(C)(C)NCC(O)COc1cc(Cl)ccc1Cl,,65814.0,Drug_Name,0,ok,0,0
tiamiprine,Cn1cnc([N+](=O)[O-])c1Sc1nc(N)nc2[nH]cnc12,,3379405.0,Drug_Name,2,ok,2,0
bifluranol,CCC(c1ccc(O)c(F)c1)C(C)c1ccc(O)c(F)c1,,12850912.0,Drug_Name,0,ok,0,0
carteolol,CC(C)(C)NCC(O)COc1cccc2c1CCC(=O)N2,,2583.0,Drug_Name,0,ok,0,0
leucinocaine,CCN(CC)C(COC(=O)c1ccc(N)cc1)CC(C)C,,68648.0,Drug_Name,0,ok,0,0
ambucetamide,CCCCN(CCCC)C(C(N)=O)c1ccc(OC)cc1,,10616.0,Drug_Name,0,ok,0,0
dimetindene,CC(C1=C(CCN(C)C)Cc2ccccc21)c1ccccn1,,21855.0,Drug_Name,1,ok,1,0
perfosfamide,O=P1(N(CCCl)CCCl)NC(OO)CCO1,,9554809.0,Drug_Name,0,ok,0,0
oxaprozin,O=C(O)CCc1nc(-c2ccccc2)c(-c2ccccc2)o1,,4614.0,Drug_Name,84,ok,84,0
anastrozole,CC(C)(C#N)c1cc(Cn2cncn2)cc(C(C)(C)C#N)c1,,2187.0,Drug_Name,103,ok,103,0
pramocaine,CCCCOc1ccc(OCCCN2CCOCC2)cc1,,4886.0,Drug_Name,25,ok,25,0
butoxycaine,CCCCOc1ccc(C(=O)OCCN(CC)CC)cc1,,16882.0,Drug_Name,0,ok,0,0
amitriptylinoxide,C[N+](C)([O-])CCC=C1c2ccccc2CCc2ccccc21,,20313.0,Drug_Name,1,ok,1,0
pimethixene,CN1CCC(=C2c3ccccc3Sc3ccccc32)CC1,,4822.0,Drug_Name,0,ok,0,0
dimazole,CCN(CC)CCOc1ccc2nc(N(C)C)sc2c1,,8708.0,Drug_Name,0,ok,0,0
prozapine,c1ccc(C(CCN2CCCCCC2)c2ccccc2)cc1,,71127.0,Drug_Name,0,ok,0,0
pramiverine,CC(C)NC1CCC(c2ccccc2)(c2ccccc2)CC1,,71681.0,Drug_Name,0,ok,0,0
butriptyline,CC(CC1c2ccccc2CCc2ccccc21)CN(C)C,,21772.0,Drug_Name,0,ok,0,0
budipine,CC(C)(C)N1CCC(c2ccccc2)(c2ccccc2)CC1,,68778.0,Drug_Name,0,ok,0,0
lumiracoxib,Cc1ccc(Nc2c(F)cccc2Cl)c(CC(=O)O)c1,,151166.0,Drug_Name,4,ok,4,0
lidofenin,Cc1cccc(C)c1NC(=O)CN(CC(=O)O)CC(=O)O,,42963.0,Drug_Name,1,ok,1,0
rosoxacin,CCn1cc(C(=O)O)c(=O)c2ccc(-c3ccncc3)cc21,,287180.0,Drug_Name,0,ok,0,0
sulfametomidine,COc1cc(NS(=O)(=O)c2ccc(N)cc2)nc(C)n1,,19596.0,Drug_Name,0,ok,0,0
sulfacytine,CCn1ccc(NS(=O)(=O)c2ccc(N)cc2)nc1=O,,5322.0,Drug_Name,20,ok,20,0
troxipide,COc1cc(C(=O)NC2CCCNC2)cc(OC)c1OC,,5597.0,Drug_Name,1,ok,1,0
norgestrienone,C#CC1(O)CCC2C3=C(C=CC21C)C1=C(CC3)CC(=O)CC1,,13313.0,Drug_Name,1,ok,1,0
propoxycaine,CCCOc1cc(N)ccc1C(=O)OCCN(CC)CC,,6843.0,Drug_Name,1,ok,1,0
noxiptiline,CN(C)CCON=C1c2ccccc2CCc2ccccc21,,21087.0,Drug_Name,0,ok,0,0
trimipramine,CC(CN(C)C)CN1c2ccccc2CCc2ccccc21,,5584.0,Drug_Name,10,ok,10,0
dimetacrine,CN(C)CCCN1c2ccccc2C(C)(C)c2ccccc21,,94280.0,Drug_Name,0,ok,0,0
sodium myristyl sulfate,CCCCCCCCCCCCCCOS(=O)(=O)O,,23665770.0,Drug_Name,3,ok,3,0
tiadenol,OCCSCCCCCCCCCCSCCO,,23403.0,Drug_Name,0,ok,0,0
bucloxic acid,O=C(O)CCC(=O)c1ccc(C2CCCCC2)c(Cl)c1,,93159.0,Drug_Name,0,ok,0,0
glyconiazide,O=C(NN=CC(O)C1OC(=O)C(O)C1O)c1ccncc1,,9571091.0,Drug_Name,0,ok,0,0
azidamfenicol,[N-]=[N+]=NCC(=O)NC(CO)C(O)c1ccc([N+](=O)[O-])cc1,,62858.0,Drug_Name,1,ok,1,0
nimetazepam,CN1C(=O)CN=C(c2ccccc2)c2cc([N+](=O)[O-])ccc21,,4496.0,Drug_Name,13,ok,13,0
indobufen,CCC(C(=O)O)c1ccc(N2Cc3ccccc3C2=O)cc1,,107641.0,Drug_Name,1,ok,1,0
floredil,CCOc1cc(OCC)cc(OCCN2CCOCC2)c1,,216221.0,Drug_Name,0,ok,0,0
esmolol,COC(=O)CCc1ccc(OCC(O)CNC(C)C)cc1,,59768.0,Drug_Name,54,ok,54,0
dibenzepin,CN(C)CCN1C(=O)c2ccccc2N(C)c2ccccc21,,9419.0,Drug_Name,0,ok,0,0
sumatriptan,CNS(=O)(=O)Cc1ccc2[nH]cc(CCN(C)C)c2c1,,5358.0,Drug_Name,131,ok,131,0
difemetorex,OCCN1CCCCC1C(c1ccccc1)c1ccccc1,,65607.0,Drug_Name,0,ok,0,0
pridinol,OC(CCN1CCCCC1)(c1ccccc1)c1ccccc1,,4904.0,Drug_Name,2,ok,2,0
normethadone,CCC(=O)C(CCN(C)C)(c1ccccc1)c1ccccc1,,10090.0,Drug_Name,0,ok,0,0
picoperine,c1ccc(N(CCN2CCCCC2)Cc2ccccn2)cc1,,65701.0,Drug_Name,0,ok,0,0
tertatolol,CC(C)(C)NCC(O)COc1cccc2c1SCCC2,,36920.0,Drug_Name,0,ok,0,0
pizotifen,CN1CCC(=C2c3ccccc3CCc3sccc32)CC1,,27400.0,Drug_Name,2,ok,2,0
dosulepin,CN(C)CCC=C1c2ccccc2CSc2ccccc21,,5284550.0,Drug_Name,2,ok,2,0
diisopromine,CC(C)N(CCC(c1ccccc1)c1ccccc1)C(C)C,,22262.0,Drug_Name,0,ok,0,0
chlorothiazide,NS(=O)(=O)c1cc2c(cc1Cl)N=CNS2(=O)=O,,2720.0,Drug_Name,74,ok,74,0
chloropyrilene,CN(C)CCN(Cc1ccc(Cl)s1)c1ccccn1,,8993.0,Drug_Name,20,ok,20,0
sulfarside,Nc1cc(S(N)(=O)=O)ccc1[As](=O)(O)O,,,none,0,no_cid,0,0
meclofenamic acid,Cc1ccc(Cl)c(Nc2ccccc2C(=O)O)c1Cl,,4037.0,Drug_Name,1,ok,1,0
diclofenac,O=C(O)Cc1ccccc1Nc1c(Cl)cccc1Cl,,3033.0,Drug_Name,218,ok,218,0
trifluridine,O=c1[nH]c(=O)n(C2CC(O)C(CO)O2)cc1C(F)(F)F,,6256.0,Drug_Name,79,ok,79,0
bermoprofen,Cc1ccc2c(c1)CC(=O)c1cc(C(C)C(=O)O)ccc1O2,,54204.0,Drug_Name,0,ok,0,0
exiproben,CCCCCCOCC(O)COc1ccccc1C(=O)O,,18995.0,Drug_Name,0,ok,0,0
propizepine,CC(CN1C(=O)c2cccnc2Nc2ccccc21)N(C)C,,112029.0,Drug_Name,0,ok,0,0
glycyclamide,Cc1ccc(S(=O)(=O)NC(=O)NC2CCCCC2)cc1,,12628.0,Drug_Name,0,ok,0,0
bentazepam,O=C1CN=C(c2ccccc2)c2c(sc3c2CCCC3)N1,,135412795.0,Drug_Name,2,ok,2,0
exemestane,C=C1CC2C(CCC3(C)C(=O)CCC23)C2(C)C=CC(=O)C=C12,,60198.0,Drug_Name,42,ok,42,0
ethinylestradiol,C#CC1(O)CCC2C3CCc4cc(O)ccc4C3CCC21C,,5991.0,Drug_Name,244,ok,244,0
dimevamide,CC(CC(C(N)=O)(c1ccccc1)c1ccccc1)N(C)C,,22565.0,Drug_Name,0,ok,0,0
parathiazine,c1ccc2c(c1)Sc1ccccc1N2CCN1CCCC1,,10646.0,Drug_Name,1,ok,1,0
methdilazine,CN1CCC(CN2c3ccccc3Sc3ccccc32)C1,,14677.0,Drug_Name,4,ok,4,0
disulfiram,CCN(CC)C(=S)SSC(=S)N(CC)CC,,3117.0,Drug_Name,217,ok,217,0
fenclofenac,O=C(O)Cc1ccccc1Oc1ccc(Cl)cc1Cl,,65394.0,Drug_Name,1,ok,1,0
enilconazole,C=CCOC(Cn1ccnc1)c1ccc(Cl)cc1Cl,,37175.0,Drug_Name,166,ok,166,0
tritiozine,COc1cc(C(=S)N2CCOCC2)cc(OC)c1OC,,65790.0,Drug_Name,0,ok,0,0
ibuprofen piconol,CC(C)Cc1ccc(C(C)C(=O)OCc2ccccn2)cc1,,3673.0,Drug_Name,0,ok,0,0
glybuzole,CC(C)(C)c1nnc(NS(=O)(=O)c2ccccc2)s1,,3489.0,Drug_Name,0,ok,0,0
imipramine oxide,C[N+](C)([O-])CCCN1c2ccccc2CCc2ccccc21,,65589.0,Drug_Name,1,ok,1,0
tolindate,Cc1cccc(N(C)C(=S)Oc2ccc3c(c2)CCC3)c1,,34051.0,Drug_Name,0,ok,0,0
duloxetine,CNCCC(Oc1cccc2ccccc12)c1cccs1,,60835.0,Drug_Name,148,ok,148,0
dimantine,CCCCCCCCCCCCCCCCCCN(C)C,,15365.0,Drug_Name,13,ok,13,0
hydrochlorothiazide,NS(=O)(=O)c1cc2c(cc1Cl)NCNS2(=O)=O,,3639.0,Drug_Name,165,ok,165,0
metochalcone,COc1ccc(C=CC(=O)c2ccc(OC)cc2OC)cc1,,6063342.0,Drug_Name,0,ok,0,0
piribedil,c1cnc(N2CCN(Cc3ccc4c(c3)OCO4)CC2)nc1,,4850.0,Drug_Name,2,ok,2,0
nialamide,O=C(CCNNC(=O)c1ccncc1)NCc1ccccc1,,4472.0,Drug_Name,70,ok,70,0
zaltoprofen,CC(C(=O)O)c1ccc2c(c1)CC(=O)c1ccccc1S2,,5720.0,Drug_Name,1,ok,1,0
artemether,COC1OC2OC3(C)CCC4C(C)CCC(C1C)C24OO3,,68911.0,Drug_Name,110,ok,110,0
phenacaine,CCOc1ccc(N=C(C)Nc2ccc(OCC)cc2)cc1,,7588.0,Drug_Name,0,ok,0,0
carazolol,CC(C)NCC(O)COc1cccc2[nH]c3ccccc3c12,,71739.0,Drug_Name,1,ok,1,0
minaprine,Cc1cc(-c2ccccc2)nnc1NCCN1CCOCC1,,4199.0,Drug_Name,1,ok,1,0
piprozolin,CCOC(=O)C=C1SC(N2CCCCC2)C(=O)N1CC,,5911905.0,Drug_Name,0,ok,0,0
methestrol,CCC(c1ccc(O)c(C)c1)C(CC)c1ccc(O)c(C)c1,,71620.0,Drug_Name,0,ok,0,0
benzestrol,CCC(c1ccc(O)cc1)C(CC)C(C)c1ccc(O)cc1,,6827.0,Drug_Name,0,ok,0,0
alimemazine,CC(CN(C)C)CN1c2ccccc2Sc2ccccc21,,5574.0,Drug_Name,39,ok,39,0
diethazine,CCN(CC)CCN1c2ccccc2Sc2ccccc21,,65535.0,Drug_Name,0,ok,0,0
ricinoleic acid,CCCCCCC(O)CC=CCCCCCCCC(=O)O,,643684.0,Drug_Name,60,ok,60,0
rosaprostol,CCCCCCC1CCC(O)C1CCCCCCC(=O)O,,6917723.0,Drug_Name,0,ok,0,0
imipenem,CC(O)C1C(=O)N2C(C(=O)O)=C(SCCN=CN)CC12,,104838.0,Drug_Name,8,ok,8,0
metopon,CN1CCC23c4c5ccc(O)c4OC2(C)C(=O)CCC3C1C5,,5359353.0,Drug_Name,0,ok,0,0
hydrocodone,COc1ccc2c3c1OC1C(=O)CCC4C(C2)N(C)CCC314,,5284569.0,Drug_Name,185,ok,185,0
codeine,COc1ccc2c3c1OC1C(O)C=CC4C(C2)N(C)CCC341,,5284371.0,Drug_Name,246,ok,246,0
buphenine,CC(CCc1ccccc1)NC(C)C(O)c1ccc(O)cc1,,4567.0,Drug_Name,31,ok,31,0
thiazinam,CC(CN1c2ccccc2Sc2ccccc21)[N+](C)(C)C,,6016.0,Drug_Name,0,ok,0,0
palmidrol,CCCCCCCCCCCCCCCC(=O)NCCO,,4671.0,Drug_Name,6,ok,6,0
traxanox,O=c1c2cccnc2oc2c(Cl)cc(-c3nn[nH]n3)cc12,,68784.0,Drug_Name,0,ok,0,0
chlordiazepoxide,CN=C1C[N+]([O-])=C(c2ccccc2)c2cc(Cl)ccc2N1,,2712.0,Drug_Name,11,ok,11,0
metoclopramide,CCN(CC)CCNC(=O)c1cc(Cl)c(N)cc1OC,,4168.0,Drug_Name,184,ok,184,0
tazobactam,CC1(Cn2ccnn2)C(C(=O)O)N2C(=O)CC2S1(=O)=O,,123630.0,Drug_Name,3,ok,3,0
carbazochrome,CN1CC(O)c2cc(N=NC(N)=O)c(O)cc21,,2557.0,Drug_Name,0,ok,0,0
azapropazone,CCCc1c(O)n2c(N(C)C)nc3ccc(C)cc3n2c1=O,,26098.0,Drug_Name,0,ok,0,0
testolactone,CC12CCC3C(CC=C4CC(=O)C=CC43C)C1CCC(=O)O2,,13769.0,Drug_Name,48,ok,48,0
metandienone,CC12C=CC(=O)C=C1CCC1C2CCC2(C)C1CCC2(C)O,,6300.0,Drug_Name,141,ok,141,0
etynodiol,C#CC1(OC(C)=O)CCC2C3CCC4=CC(OC(C)=O)CCC4C3CCC21C,,14687.0,Drug_Name,65,ok,65,0
allylestrenol,C=CCC1(O)CCC2C3CCC4=CCCCC4C3CCC21C,,235905.0,Drug_Name,4,ok,4,0
etifoxine,CCN=C1Nc2ccc(Cl)cc2C(C)(c2ccccc2)O1,,135413553.0,Drug_Name,1,ok,1,0
clomacran,CN(C)CCCC1c2ccccc2Nc2ccc(Cl)cc21,,21382.0,Drug_Name,3,ok,3,0
chlorcyclizine,CN1CCN(C(c2ccccc2)c2ccc(Cl)cc2)CC1,,2710.0,Drug_Name,68,ok,68,0
bromindione,O=C1c2ccccc2C(=O)C1c1ccc(Br)cc1,,14369.0,Drug_Name,1,ok,1,0
isobromindione,O=C1c2ccc(Br)cc2C(=O)C1c1ccccc1,,68953.0,Drug_Name,0,ok,0,0
oxymorphone,CN1CCC23c4c5ccc(O)c4OC2C(=O)CCC3(O)C1C5,,5284604.0,Drug_Name,111,ok,111,0
isoxsuprine,CC(COc1ccccc1)NC(C)C(O)c1ccc(O)cc1,,11779629.0,Drug_Name,2,ok,2,0
dihydrocodeine,COc1ccc2c3c1OC1C(O)CCC4C(C2)N(C)CCC341,,5284543.0,Drug_Name,3,ok,3,0
tegaserod,CCCCCN=C(N)NN=Cc1c[nH]c2ccc(OC)cc12,,135409453.0,Drug_Name,0,ok,0,0
trihexyphenidyl,OC(CCN1CCCCC1)(c1ccccc1)C1CCCCC1,,5572.0,Drug_Name,163,ok,163,0
bisulepine,CN(C)CCC=C1c2ccccc2CSc2sccc21,,6537425.0,Drug_Name,0,ok,0,0
benoxaprofen,CC(C(=O)O)c1ccc2oc(-c3ccc(Cl)cc3)nc2c1,,39941.0,Drug_Name,4,ok,4,0
eritrityl tetranitrate,O=[N+]([O-])OCC(O[N+](=O)[O-])C(CO[N+](=O)[O-])O[N+](=O)[O-],,5284553.0,Drug_Name,0,ok,0,0
quercetin,O=c1c(O)c(-c2ccc(O)c(O)c2)oc2cc(O)cc(O)c12,,5280343.0,Drug_Name,113,ok,113,0
olsalazine,O=C(O)c1cc(N=Nc2ccc(O)c(C(=O)O)c2)ccc1O,,22419.0,Drug_Name,0,ok,0,0
hesperetin,COc1ccc(C2CC(=O)c3c(O)cc(O)cc3O2)cc1O,,72281.0,Drug_Name,4,ok,4,0
terizidone,O=C1NOCC1N=Cc1ccc(C=NC2CONC2=O)cc1,,65720.0,Drug_Name,0,ok,0,0
florantyrone,O=C(O)CCC(=O)c1ccc2c(c1)-c1cccc3cccc-2c13,,10617.0,Drug_Name,6,ok,6,0
masoprocol,CC(Cc1ccc(O)c(O)c1)C(C)Cc1ccc(O)c(O)c1,,71398.0,Drug_Name,4,ok,4,0
aminopropylone,Cc1c(NC(=O)C(C)N(C)C)c(=O)n(-c2ccccc2)n1C,,107150.0,Drug_Name,0,ok,0,0
formestane,CC12CCC3C(CCC4C(=O)C(=O)CCC43C)C1CCC2=O,,11273.0,Drug_Name,1,ok,1,0
epimestrol,COc1ccc2c(c1)CCC1C2CCC2(C)C(O)C(O)CC12,,244809.0,Drug_Name,0,ok,0,0
neticonazole,CCCCCOc1ccccc1C(=CSC)n1ccnc1,,5282433.0,Drug_Name,0,ok,0,0
oxendolone,CCC1CC2C3CC=C4CC(=O)CCC4C3CCC2(C)C1O,,443947.0,Drug_Name,0,ok,0,0
methyltestosterone,CC12CCC(=O)C=C1CCC1C2CCC2(C)C1CCC2(C)O,,6010.0,Drug_Name,155,ok,155,0
eicosapentaenoic acid,CCC=CCC=CCC=CCC=CCC=CCCCC(=O)O,,5282847.0,Drug_Name,1,ok,1,0
norethandrolone,CCC1(O)CCC2C3CC=C4CC(=O)CCC4C3CCC21C,,5858.0,Drug_Name,1,ok,1,0
methenolone,CC1=CC(=O)CC2CCC3C4CCC(O)C4(C)CCC3C12C,,3037705.0,Drug_Name,2,ok,2,0
tricyclamol chloride,C[N+]1(CCC(O)(c2ccccc2)C2CCCCC2)CCCC1,,72169.0,Drug_Name,0,ok,0,0
fludiazepam,CN1C(=O)CN=C(c2ccccc2F)c2cc(Cl)ccc21,,3369.0,Drug_Name,4,ok,4,0
broxyquinoline,Oc1c(Br)cc(Br)c2cccnc12,,2453.0,Drug_Name,15,ok,15,0
ethacrynic acid,C=C(CC)C(=O)c1ccc(OCC(=O)O)c(Cl)c1Cl,,3278.0,Drug_Name,98,ok,98,0
narcobarbital,C=C(Br)CC1(C(C)C)C(=O)NC(=O)N(C)C1=O,,18735.0,Drug_Name,0,ok,0,0
Iofetamine (123I),CC(C)NC(C)Cc1ccc(I)cc1,,156375.0,Drug_Name (fallback),0,ok,0,0
flumazenil,CCOC(=O)c1ncn2c1CN(C)C(=O)c1cc(F)ccc1-2,,3373.0,Drug_Name,45,ok,45,0
pipemidic acid,CCn1cc(C(=O)O)c(=O)c2cnc(N3CCNCC3)nc21,,4831.0,Drug_Name,6,ok,6,0
scopolamine,CN1C2CC(OC(=O)C(CO)c3ccccc3)CC1C1OC12,,3000322.0,Drug_Name,0,ok,0,0
fenoterol,CC(Cc1ccc(O)cc1)NCC(O)c1cc(O)cc(O)c1,,3343.0,Drug_Name,3,ok,3,0
cocaine,COC(=O)C1C(OC(=O)c2ccccc2)CC2CCC1N2C,,446220.0,Drug_Name,230,ok,230,0
vildagliptin,N#CC1CCCN1C(=O)CNC12CC3CC(CC(O)(C3)C1)C2,,6918537.0,Drug_Name,0,ok,0,0
piroheptine,CCN1CCC(=C2c3ccccc3CCc3ccccc32)C1C,,4854.0,Drug_Name,0,ok,0,0
clofarabine,Nc1nc(Cl)nc2c1ncn2C1OC(CO)C(O)C1F,,119182.0,Drug_Name,10,ok,10,0
chlorphenoxamine,CN(C)CCOC(C)(c1ccccc1)c1ccc(Cl)cc1,,6475.0,Drug_Name,1,ok,1,0
chlorambucil,O=C(O)CCCc1ccc(N(CCCl)CCCl)cc1,,2708.0,Drug_Name,148,ok,148,0
spaglumic acid,CC(=O)NC(CC(=O)NC(CCC(=O)O)C(=O)O)C(=O)O,,210320.0,Drug_Name,0,ok,0,0
flupirtine,CCOC(=O)Nc1ccc(NCc2ccc(F)cc2)nc1N,,53276.0,Drug_Name,1,ok,1,0
xyloylsulfamine,Cc1ccc(C(=O)NS(=O)(=O)c2ccc(N)cc2)cc1C,,67118.0,Drug_Name,0,ok,0,0
tilisolol,Cn1cc(OCC(O)CNC(C)(C)C)c2ccccc2c1=O,,5474.0,Drug_Name,0,ok,0,0
quinupramine,c1ccc2c(c1)CCc1ccccc1N2C1CN2CCC1CC2,,93154.0,Drug_Name,0,ok,0,0
mesterolone,CC1CC(=O)CC2CCC3C4CCC(O)C4(C)CCC3C12C,,15020.0,Drug_Name,1,ok,1,0
mestanolone,CC12CCC(=O)CC1CCC1C2CCC2(C)C1CCC2(C)O,,10633.0,Drug_Name,2,ok,2,0
methandriol,CC12CCC(O)CC1=CCC1C2CCC2(C)C1CCC2(C)O,,229021.0,Drug_Name,4,ok,4,0
cetylpyridinium,CCCCCCCCCCCCCCCC[n+]1ccccc1,,2683.0,Drug_Name,0,ok,0,0
clobuzarit,CC(C)(OCc1ccc(-c2ccc(Cl)cc2)cc1)C(=O)O,,71697.0,Drug_Name,0,ok,0,0
chlorfenethazine,CN(C)CCN1c2ccccc2Sc2ccc(Cl)cc21,,62861.0,Drug_Name,0,ok,0,0
delorazepam,O=C1CN=C(c2ccccc2Cl)c2cc(Cl)ccc2N1,,17925.0,Drug_Name,12,ok,12,0
mannomustine,OC(CNCCCl)C(O)C(O)C(O)CNCCCl,,3033867.0,Drug_Name,0,ok,0,0
melphalan,NC(Cc1ccc(N(CCCl)CCCl)cc1)C(=O)O,,460612.0,Drug_Name,150,ok,150,0
cetraxate,NCC1CCC(C(=O)Oc2ccc(CCC(=O)O)cc2)CC1,,2680.0,Drug_Name,0,ok,0,0
bucumolol,Cc1ccc(OCC(O)CNC(C)(C)C)c2oc(=O)ccc12,,169787.0,Drug_Name,0,ok,0,0
atropine oxyde,C[N+]1([O-])C2CCC1CC(OC(=O)C(CO)c1ccccc1)C2,,3000668.0,Drug_Name,0,ok,0,0
clioquinol,Oc1c(I)cc(Cl)c2cccnc12,,2788.0,Drug_Name,66,ok,66,0
nicofibrate,CC(C)(Oc1ccc(Cl)cc1)C(=O)OCc1cccnc1,,65778.0,Drug_Name,0,ok,0,0
sertraline,CNC1CCC(c2ccc(Cl)c(Cl)c2)c2ccccc21,,68617.0,Drug_Name,283,ok,283,0
acediasulfone,Nc1ccc(S(=O)(=O)c2ccc(NCC(=O)O)cc2)cc1,,66451.0,Drug_Name,0,ok,0,0
formylsulfamethin,Cc1cc(NS(=O)(=O)c2ccc(NC=O)cc2)nc(C)n1,,617853.0,Drug_Name,0,ok,0,0
phenolphthalol,OCc1ccccc1C(c1ccc(O)cc1)c1ccc(O)cc1,,66495.0,Drug_Name,0,ok,0,0
propentofylline,CCCn1cnc2c1c(=O)n(CCCCC(C)=O)c(=O)n2C,,4938.0,Drug_Name,2,ok,2,0
roxatidine acetate,CC(=O)OCC(=O)NCCCOc1cccc(CN2CCCCC2)c1,,5105.0,Drug_Name,0,ok,0,0
butacaine,CCCCN(CCCC)CCCOC(=O)c1ccc(N)cc1,,2480.0,Drug_Name,0,ok,0,0
valethamate,CCC(C)C(C(=O)OCC[N+](C)(CC)CC)c1ccccc1,,5648.0,Drug_Name,0,ok,0,0
prifinium,CC[N+]1(CC)CCC(=C(c2ccccc2)c2ccccc2)C1C,,4905.0,Drug_Name,0,ok,0,0
plaunotol,CC(C)=CCCC(C)=CCCC(=CCCC(C)=CCO)CO,,5282197.0,Drug_Name,0,ok,0,0
epitiostanol,CC12CCC3C(CCC4CC5SC5CC43C)C1CCC2O,,443935.0,Drug_Name,0,ok,0,0
broxuridine,O=c1[nH]c(=O)n(C2CC(O)C(CO)O2)cc1Br,,6035.0,Drug_Name,119,ok,119,0
glutathione,NC(CCC(=O)NC(CS)C(=O)NCC(=O)O)C(=O)O,,124886.0,Drug_Name,22,ok,22,0
carbocysteine-lysine,NCCCCC(NC(=O)C(N)CSCC(=O)O)C(=O)O,,134128.0,Drug_Name,0,ok,0,0
sulfasymazine,CCc1nc(CC)nc(NS(=O)(=O)c2ccc(N)cc2)n1,,16132.0,Drug_Name,0,ok,0,0
ibopamine,CNCCc1ccc(OC(=O)C(C)C)c(OC(=O)C(C)C)c1,,68555.0,Drug_Name,0,ok,0,0
buflomedil,COc1cc(OC)c(C(=O)CCCN2CCCC2)c(OC)c1,,2467.0,Drug_Name,2,ok,2,0
moxaverine,CCc1cc2cc(OC)c(OC)cc2c(Cc2ccccc2)n1,,70882.0,Drug_Name,0,ok,0,0
talastine,CN(C)CCn1nc(Cc2ccccc2)c2ccccc2c1=O,,65624.0,Drug_Name,0,ok,0,0
zolpidem,Cc1ccc(-c2nc3ccc(C)cn3c2CC(=O)N(C)C)cc1,,5732.0,Drug_Name,59,ok,59,0
tolnaftate,Cc1cccc(N(C)C(=S)Oc2ccc3ccccc3c2)c1,,5510.0,Drug_Name,5,ok,5,0
fabomotizole,CCOc1ccc2[nH]c(SCCN3CCOCC3)nc2c1,,9862937.0,Drug_Name,1,ok,1,0
amprotropine,CCN(CC)CC(C)(C)COC(=O)C(CO)c1ccccc1,,8645.0,Drug_Name,0,ok,0,0
butamirate,CCC(C(=O)OCCOCCN(CC)CC)c1ccccc1,,28892.0,Drug_Name,0,ok,0,0
benzatropine,CN1C2CCC1CC(OC(c1ccccc1)c1ccccc1)C2,,1201549.0,Drug_Name,4,ok,4,0
pirenoxine,O=C(O)c1cc(=O)c2c3nc4ccccc4oc-3cc(=O)c2[nH]1,,4846.0,Drug_Name,1,ok,1,0
sulisobenzone,COc1cc(O)c(C(=O)c2ccccc2)cc1S(=O)(=O)O,,19988.0,Drug_Name,123,ok,123,0
nimesulide,CS(=O)(=O)Nc1ccc([N+](=O)[O-])cc1Oc1ccccc1,,4495.0,Drug_Name,21,ok,21,0
warfarin,CC(=O)CC(c1ccccc1)c1c(O)c2ccccc2oc1=O,,54678486.0,Drug_Name,239,ok,239,0
roquinimex,CN(C(=O)c1c(O)c2ccccc2n(C)c1=O)c1ccccc1,,54676478.0,Drug_Name,1,ok,1,0
nifenazone,Cc1c(NC(=O)c2cccnc2)c(=O)n(-c2ccccc2)n1C,,4487.0,Drug_Name,0,ok,0,0
ubenimex,CC(C)CC(NC(=O)C(O)C(N)Cc1ccccc1)C(=O)O,,72172.0,Drug_Name,1,ok,1,0
phenylbutazone,CCCCc1c(O)n(-c2ccccc2)n(-c2ccccc2)c1=O,,4781.0,Drug_Name,112,ok,112,0
gestrinone,C#CC1(O)CCC2C3=C(C=CC21CC)C1=C(CC3)CC(=O)CC1,,27812.0,Drug_Name,1,ok,1,0
metabutoxycaine,CCCCOc1c(N)cccc1C(=O)OCCN(CC)CC,,19247.0,Drug_Name,0,ok,0,0
oxybuprocaine,CCCCOc1cc(C(=O)OCCN(CC)CC)ccc1N,,4633.0,Drug_Name,0,ok,0,0
indecainide,CC(C)NCCCC1(C(N)=O)c2ccccc2-c2ccccc21,,52195.0,Drug_Name,0,ok,0,0
pinazepam,C#CCN1C(=O)CN=C(c2ccccc2)c2cc(Cl)ccc21,,40391.0,Drug_Name,11,ok,11,0
alprazolam,Cc1nnc2n1-c1ccc(Cl)cc1C(c1ccccc1)=NC2,,2118.0,Drug_Name,149,ok,149,0
aminaphthone,Cc1c(OC(=O)c2ccc(N)cc2)c(O)c2ccccc2c1O,,84621.0,Drug_Name,1,ok,1,0
fluoxetine,CNCCC(Oc1ccc(C(F)(F)F)cc1)c1ccccc1,,3386.0,Drug_Name,102,ok,102,0
glymidine,COCCOc1cnc(NS(=O)(=O)c2ccccc2)nc1,,9565.0,Drug_Name,0,ok,0,0
sulfaguanole,Cc1[nH]c(=NC(=N)NS(=O)(=O)c2ccc(N)cc2)oc1C,,9571041.0,Drug_Name,0,ok,0,0
diacetazotol,CC(=O)N(C(C)=O)c1ccc(N=Nc2ccccc2C)cc1C,,6751.0,Drug_Name,0,ok,0,0
nadolol,CC(C)(C)NCC(O)COc1cccc2c1CC(O)C(O)C2,,39147.0,Drug_Name,90,ok,90,0
metipranolol,CC(=O)Oc1c(C)cc(OCC(O)CNC(C)C)c(C)c1C,,31477.0,Drug_Name,2,ok,2,0
dioxadrol,c1ccc(C2(c3ccccc3)OCC(C3CCCCN3)O2)cc1,,66270.0,Drug_Name,0,ok,0,0
amolanone,CCN(CC)CCC1(c2ccccc2)C(=O)Oc2ccccc21,,6453.0,Drug_Name,0,ok,0,0
isomethadone,CCC(=O)C(c1ccccc1)(c1ccccc1)C(C)CN(C)C,,10072.0,Drug_Name,0,ok,0,0
diphenidol,OC(CCCN1CCCCC1)(c1ccccc1)c1ccccc1,,3055.0,Drug_Name,28,ok,28,0
metixene,CN1CCCC(CC2c3ccccc3Sc3ccccc32)C1,,4167.0,Drug_Name,5,ok,5,0
dicycloverine,CCN(CC)CCOC(=O)C1(C2CCCCC2)CCCCC1,,3042.0,Drug_Name,39,ok,39,0
chloralose,OCC(O)C1OC2OC(C(Cl)(Cl)Cl)OC2C1O,,7057995.0,Drug_Name,37,ok,37,0
picrotin,CC(C)(O)C1C2OC(=O)C1C1(O)CC3OC34C(=O)OC2C14C,,442291.0,Drug_Name,0,ok,0,0
sulfadoxine,COc1ncnc(NS(=O)(=O)c2ccc(N)cc2)c1OC,,17134.0,Drug_Name,4,ok,4,0
sulfadimethoxine,COc1cc(NS(=O)(=O)c2ccc(N)cc2)nc(OC)n1,,5323.0,Drug_Name,3,ok,3,0
trepibutone,CCOc1cc(OCC)c(C(=O)CCC(=O)O)cc1OCC,,5536.0,Drug_Name,0,ok,0,0
cetamolol,CNC(=O)COc1ccccc1OCC(O)CNC(C)(C)C,,53698.0,Drug_Name,0,ok,0,0
bifonazole,c1ccc(-c2ccc(C(c3ccccc3)n3ccnc3)cc2)cc1,,2378.0,Drug_Name,1,ok,1,0
mestranol,C#CC1(O)CCC2C3CCc4cc(OC)ccc4C3CCC21C,,6291.0,Drug_Name,120,ok,120,0
gestodene,C#CC1(O)C=CC2C3CC=C4CC(=O)CCC4C3CCC21CC,,3033968.0,Drug_Name,66,ok,66,0
pecazine,CN1CCCC(CN2c3ccccc3Sc3ccccc32)C1,,6075.0,Drug_Name,13,ok,13,0
desogestrel,C#CC1(O)CCC2C3CCC4=CCCCC4C3C(=C)CC21CC,,40973.0,Drug_Name,72,ok,72,0
mabuterol,CC(C)(C)NCC(O)c1cc(Cl)c(N)c(C(F)(F)F)c1,,3995.0,Drug_Name,0,ok,0,0
croconazole,C=C(c1ccccc1OCc1cccc(Cl)c1)n1ccnc1,,2880.0,Drug_Name,0,ok,0,0
alloclamide,C=CCOc1cc(Cl)ccc1C(=O)NCCN(CC)CC,,71837.0,Drug_Name,0,ok,0,0
nalorphine,C=CCN1CCC23c4c5ccc(O)c4OC2C(O)C=CC3C1C5,,5284595.0,Drug_Name,65,ok,65,0
butofilolol,CCCC(=O)c1cc(F)ccc1OCC(O)CNC(C)(C)C,,68838.0,Drug_Name,0,ok,0,0
tolazamide,Cc1ccc(S(=O)(=O)NC(=O)NN2CCCCCC2)cc1,,5503.0,Drug_Name,41,ok,41,0
metahexamide,Cc1ccc(S(=O)(=O)NC(=O)NC2CCCCC2)cc1N,,11259.0,Drug_Name,0,ok,0,0
fomocaine,c1ccc(OCc2ccc(CCCN3CCOCC3)cc2)cc1,,71693.0,Drug_Name,3,ok,3,0
femoxetine,COc1ccc(OCC2CN(C)CCC2c2ccccc2)cc1,,3012003.0,Drug_Name,0,ok,0,0
adiphenine,CCN(CC)CCOC(=O)C(c1ccccc1)c1ccccc1,,2031.0,Drug_Name,39,ok,39,0
ambutonium,CC[N+](C)(C)CCC(C(N)=O)(c1ccccc1)c1ccccc1,,8277.0,Drug_Name,0,ok,0,0
dimepheptanol,CCC(O)C(CC(C)N(C)C)(c1ccccc1)c1ccccc1,,28397.0,Drug_Name,0,ok,0,0
biperiden,OC(CCN1CCCCC1)(c1ccccc1)C1CC2C=CC1C2,,2381.0,Drug_Name,172,ok,172,0
pyrrobutamine,Clc1ccc(CC(=CCN2CCCC2)c2ccccc2)cc1,,8669.0,Drug_Name,0,ok,0,0
propamidine,N=C(N)c1ccc(OCCCOc2ccc(C(=N)N)cc2)cc1,,64949.0,Drug_Name,0,ok,0,0
artemotil,CCOC1OC2OC3(C)CCC4C(C)CCC(C1C)C24OO3,,3000469.0,Drug_Name,4,ok,4,0
ibuprofen guaiacol ester,COc1ccccc1OC(=O)C(C)c1ccc(CC(C)C)cc1,,4464271.0,Drug_Name,0,ok,0,0
praziquantel,O=C(C1CCCCC1)N1CC(=O)N2CCc3ccccc3C2C1,,4891.0,Drug_Name,19,ok,19,0
glybuthiazol,CC(C)(C)c1nnc(NS(=O)(=O)c2ccc(N)cc2)s1,,10811.0,Drug_Name,0,ok,0,0
olanzapine,Cc1cc2c(s1)Nc1ccccc1N=C2N1CCN(C)CC1,,135398745.0,Drug_Name,171,ok,171,0
levonorgestrel,C#CC1(O)CCC2C3CC=C4CC(=O)CCC4C3CCC21CC,,13109.0,Drug_Name,227,ok,227,0
ethisterone,C#CC1(O)CCC2C3CC=C4CC(=O)CCC4(C)C3CCC21C,,5284557.0,Drug_Name,1,ok,1,0
dydrogesterone,CC(=O)C1CCC2C3=CC=C4CC(=O)CCC4(C)C3CCC12C,,9051.0,Drug_Name,91,ok,91,0
demegestone,CC(=O)C1(C)CCC2C3=C(CCC21C)C1=C(CC3)CC(=O)CC1,,93057.0,Drug_Name,0,ok,0,0
profenamine,CCN(CC)C(C)CN1c2ccccc2Sc2ccccc21,,3290.0,Drug_Name,0,ok,0,0
lonazolac,O=C(O)Cc1cn(-c2ccccc2)nc1-c1ccc(Cl)cc1,,68706.0,Drug_Name,0,ok,0,0
flubendazole,COC(=O)Nc1nc2cc(C(=O)c3ccc(F)cc3)ccc2[nH]1,,35802.0,Drug_Name,3,ok,3,0
benorilate,CC(=O)Nc1ccc(OC(=O)c2ccccc2OC(C)=O)cc1,,21102.0,Drug_Name,2,ok,2,0
ethylmorphine,CCOc1ccc2c3c1OC1C(O)C=CC4C(C2)N(C)CCC341,,5359271.0,Drug_Name,1,ok,1,0
xenysalate,CCN(CC)CCOC(=O)c1cccc(-c2ccccc2)c1O,,21720.0,Drug_Name,0,ok,0,0
oxyfedrine,COc1cccc(C(=O)CCNC(C)C(O)c2ccccc2)c1,,5489013.0,Drug_Name,0,ok,0,0
indisetron,CN1CC2CC(NC(=O)c3[nH]nc4ccccc34)CC(C1)N2C,,178039.0,Drug_Name,0,ok,0,0
fenalcomine,CCC(O)c1ccc(OCCNC(C)Cc2ccccc2)cc1,,71934.0,Drug_Name,0,ok,0,0
chlorozotocin,O=NN(CCCl)C(=O)NC1C(O)OC(CO)C(O)C1O,,451706.0,Drug_Name,121,ok,121,0
amoxapine,Clc1ccc2c(c1)C(N1CCNCC1)=Nc1ccccc1O2,,2170.0,Drug_Name,53,ok,53,0
dantrolene,O=c1[nH]c(O)cn1N=Cc1ccc(-c2ccc([N+](=O)[O-])cc2)o1,,6914273.0,Drug_Name,70,ok,70,0
pimefylline,Cn1c(=O)c2c(ncn2CCNCc2cccnc2)n(C)c1=O,,65597.0,Drug_Name,0,ok,0,0
rofecoxib,CS(=O)(=O)c1ccc(C2=C(c3ccccc3)C(=O)OC2)cc1,,5090.0,Drug_Name,92,ok,92,0
sulfaphenazole,Nc1ccc(S(=O)(=O)Nc2ccnn2-c2ccccc2)cc1,,5335.0,Drug_Name,0,ok,0,0
ranitidine,CN=C(C[N+](=O)[O-])NCCSCc1ccc(CN(C)C)o1,,3001055.0,Drug_Name,94,ok,94,0
methopromazine,COc1ccc2c(c1)N(CCCN(C)C)c1ccccc1S2,,18847.0,Drug_Name,0,ok,0,0
dronabinol,CCCCCc1cc(O)c2c(c1)OC(C)(C)C1CCC(C)=CC21,,16078.0,Drug_Name,281,ok,281,0
progesterone,CC(=O)C1CCC2C3CC=C4CC(=O)CCC4(C)C3CCC12C,,5994.0,Drug_Name,92,ok,92,0
sulbentine,S=C1SCN(Cc2ccccc2)CN1Cc1ccccc1,,67686.0,Drug_Name,2,ok,2,0
pergolide,CCCN1CC(CSC)CC2c3cccc4[nH]cc(c34)CC21,,47811.0,Drug_Name,43,ok,43,0
clorazepate,O=C(O)C1N=C(c2ccccc2)c2cc(Cl)ccc2NC1=O,,2809.0,Drug_Name,111,ok,111,0
homochlorcyclizine,CN1CCCN(C(c2ccccc2)c2ccc(Cl)cc2)CC1,,3627.0,Drug_Name,2,ok,2,0
clomipramine,CN(C)CCCN1c2ccccc2CCc2ccc(Cl)cc21,,2801.0,Drug_Name,130,ok,130,0
loflucarban,Fc1ccc(NC(=S)Nc2cc(Cl)cc(Cl)c2)cc1,,3033993.0,Drug_Name,0,ok,0,0
oxycodone,COc1ccc2c3c1OC1C(=O)CCC4(O)C(C2)N(C)CCC314,,5284603.0,Drug_Name,284,ok,284,0
alizapride,C=CCN1CCCC1CNC(=O)c1cc2[nH]nnc2cc1OC,,135413504.0,Drug_Name,1,ok,1,0
protizinic acid,COc1ccc2c(c1)Sc1ccc(C(C)C(=O)O)cc1N2C,,71862.0,Drug_Name,0,ok,0,0
mitiglinide,O=C(O)C(CC(=O)N1CC2CCCCC2C1)Cc1ccccc1,,121891.0,Drug_Name,0,ok,0,0
saxagliptin,N#CC1CC2CC2N1C(=O)C(N)C12CC3CC(CC(O)(C3)C1)C2,,11243969.0,Drug_Name,135,ok,135,0
fendiline,CC(NCCC(c1ccccc1)c1ccccc1)c1ccccc1,,3336.0,Drug_Name,2,ok,2,0
pamaquine,CCN(CC)CCCC(C)Nc1cc(OC)cc2cccnc12,,10290.0,Drug_Name,0,ok,0,0
triclocarban,O=C(Nc1ccc(Cl)cc1)Nc1ccc(Cl)c(Cl)c1,,7547.0,Drug_Name,143,ok,143,0
efavirenz,O=C1Nc2ccc(Cl)cc2C(C#CC2CC2)(C(F)(F)F)O1,,64139.0,Drug_Name,101,ok,101,0
fotemustine,CCOP(=O)(OCC)C(C)NC(=O)N(CCCl)N=O,,104799.0,Drug_Name,106,ok,106,0
clonazepam,O=C1CN=C(c2ccccc2Cl)c2cc([N+](=O)[O-])ccc2N1,,2802.0,Drug_Name,178,ok,178,0
fentiazac,O=C(O)Cc1sc(-c2ccccc2)nc1-c1ccc(Cl)cc1,,28871.0,Drug_Name,0,ok,0,0
clobenzepam,CN(C)CCN1C(=O)c2ccccc2Nc2cc(Cl)ccc21,,14396.0,Drug_Name,0,ok,0,0
chlorprothixene,CN(C)CCC=C1c2ccccc2Sc2ccc(Cl)cc21,,667467.0,Drug_Name,65,ok,65,0
pentaerithrityl tetranitrate,O=[N+]([O-])OCC(CO[N+](=O)[O-])(CO[N+](=O)[O-])CO[N+](=O)[O-],,6518.0,Drug_Name,282,ok,282,0
tinoridine,CCOC(=O)c1c(N)sc2c1CCN(Cc1ccccc1)C2,,5480.0,Drug_Name,1,ok,1,0
timolol,CC(C)(C)NCC(O)COc1nsnc1N1CCOCC1,,33624.0,Drug_Name,199,ok,199,0
butalamine,CCCCN(CCCC)CCNc1nc(-c2ccccc2)no1,,30949.0,Drug_Name,0,ok,0,0
pregnenolone succinate,CC(=O)C1CCC2C3CC=C4CC(OC(=O)CCC(=O)O)CCC4(C)C3CCC12C,,10070529.0,Drug_Name,4,ok,4,0
calusterone,CC1C=C2CC(=O)CCC2(C)C2CCC3(C)C(CCC3(C)O)C12,,28204.0,Drug_Name,9,ok,9,0
nilutamide,CC1(C)NC(=O)N(c2ccc([N+](=O)[O-])c(C(F)(F)F)c2)C1=O,,4493.0,Drug_Name,14,ok,14,0
zimeldine,CN(C)CC=C(c1ccc(Br)cc1)c1cccnc1,,5365247.0,Drug_Name,130,ok,130,0
oxyphenisatine,O=C1Nc2ccccc2C1(c1ccc(O)cc1)c1ccc(O)cc1,,31315.0,Drug_Name,4,ok,4,0
denopamine,COc1ccc(CCNCC(O)c2ccc(O)cc2)cc1OC,,5311064.0,Drug_Name,1,ok,1,0
arbutamine,Oc1ccc(CCCCNCC(O)c2ccc(O)c(O)c2)cc1,,60789.0,Drug_Name,0,ok,0,0
butenafine,CN(Cc1ccc(C(C)(C)C)cc1)Cc1cccc2ccccc12,,2484.0,Drug_Name,0,ok,0,0
hexocyclium,C[N+]1(C)CCN(CC(O)(c2ccccc2)C2CCCCC2)CC1,,24199.0,Drug_Name,0,ok,0,0
amorolfine,CCC(C)(C)c1ccc(CC(C)CN2CC(C)OC(C)C2)cc1,,54260.0,Drug_Name,0,ok,0,0
mecloxamine,CC(CN(C)C)OC(C)(c1ccccc1)c1ccc(Cl)cc1,,3045406.0,Drug_Name,1,ok,1,0
pazufloxacin,CC1COc2c(C3(N)CC3)c(F)cc3c(=O)c(C(=O)O)cn1c23,,65957.0,Drug_Name,1,ok,1,0
phenolphthalein,O=C1OC(c2ccc(O)cc2)(c2ccc(O)cc2)c2ccccc21,,4764.0,Drug_Name,61,ok,61,0
methscopolamine,C[N+]1(C)C2CC(OC(=O)C(CO)c3ccccc3)CC1C1OC12,,71183.0,Drug_Name,0,ok,0,0
oxymesterone,CC12CCC(=O)C(=O)C1CCC1C2CCC2(C)C1CCC2(C)O,,72061.0,Drug_Name,1,ok,1,0
bietamiverine,CCN(CC)CCOC(=O)C(c1ccccc1)N1CCCCC1,,72064.0,Drug_Name,0,ok,0,0
tiemonium,C[N+]1(CCC(O)(c2ccccc2)c2cccs2)CCOCC1,,5473.0,Drug_Name,0,ok,0,0
tridihexethyl,CC[N+](CC)(CC)CCC(O)(c1ccccc1)C1CCCCC1,,20299.0,Drug_Name,0,ok,0,0
tiludronic acid,O=P(O)(O)C(Sc1ccc(Cl)cc1)P(=O)(O)O,,60937.0,Drug_Name,0,ok,0,0
clotiazepam,CCc1cc2c(s1)N(C)C(=O)CN=C2c1ccccc1Cl,,2811.0,Drug_Name,7,ok,7,0
chlorpromazine,CN(C)CCCN1c2ccccc2Sc2ccc(Cl)cc21,,2726.0,Drug_Name,252,ok,252,0
oxetorone,CN(C)CCC=C1c2ccccc2OCc2c1oc1ccccc21,,36846.0,Drug_Name,0,ok,0,0
epalrestat,CC(=Cc1ccccc1)C=C1SC(=S)N(CC(=O)O)C1=O,,1549120.0,Drug_Name,2,ok,2,0
cyclodrine,CCN(CC)CCOC(=O)C(c1ccccc1)C1(O)CCCC1,,162669.0,Drug_Name,0,ok,0,0
lanoconazole,N#CC(=C1SCC(c2ccccc2Cl)S1)n1ccnc1,,3002820.0,Drug_Name,2,ok,2,0
chloroquine,CCN(CC)CCCC(C)Nc1ccnc2cc(Cl)ccc12,,2719.0,Drug_Name,199,ok,199,0
mitotane,Clc1ccc(C(c2ccccc2Cl)C(Cl)Cl)cc1,,4211.0,Drug_Name,117,ok,117,0
enoxacin,CCn1cc(C(=O)O)c(=O)c2cc(F)c(N3CCNCC3)nc21,,3229.0,Drug_Name,0,ok,0,0
eterobarb,CCC1(c2ccccc2)C(=O)N(COC)C(=O)N(COC)C1=O,,33925.0,Drug_Name,0,ok,0,0
feprazone,CC(C)=CCc1c(O)n(-c2ccccc2)n(-c2ccccc2)c1=O,,35455.0,Drug_Name,2,ok,2,0
dibunate,CC(C)(C)c1ccc2c(S(=O)(=O)O)c(C(C)(C)C)ccc2c1,,84746.0,Drug_Name,0,ok,0,0
camylofin,CCN(CC)CCNC(C(=O)OCCC(C)C)c1ccccc1,,5902.0,Drug_Name,1,ok,1,0
timepidium,COC1CC(=C(c2cccs2)c2cccs2)C[N+](C)(C)C1,,5476.0,Drug_Name,0,ok,0,0
lorazepam,O=C1N=C(c2ccccc2Cl)c2cc(Cl)ccc2NC1O,,3958.0,Drug_Name,66,ok,66,0
lonidamine,O=C(O)c1nn(Cc2ccc(Cl)cc2Cl)c2ccccc12,,39562.0,Drug_Name,2,ok,2,0
carboquone,COC(COC(N)=O)C1=C(N2CC2)C(=O)C(C)=C(N2CC2)C1=O,,2569.0,Drug_Name,0,ok,0,0
gabexate,CCOC(=O)c1ccc(OC(=O)CCCCCN=C(N)N)cc1,,3447.0,Drug_Name,0,ok,0,0
phenazocine,CC1C2Cc3ccc(O)cc3C1(C)CCN2CCc1ccccc1,,14707.0,Drug_Name,0,ok,0,0
dihexyverine,O=C(OCCN1CCCCC1)C1(C2CCCCC2)CCCCC1,,21788.0,Drug_Name,0,ok,0,0
clopidogrel,COC(=O)C(c1ccccc1Cl)N1CCc2sccc2C1,,60606.0,Drug_Name,127,ok,127,0
minodronic acid,O=P(O)(O)C(O)(Cc1cnc2ccccn12)P(=O)(O)O,,130956.0,Drug_Name,0,ok,0,0
cyclocoumarol,COC1(C)CC(c2ccccc2)c2c(c3ccccc3oc2=O)O1,,10606.0,Drug_Name,1,ok,1,0
kebuzone,CC(=O)CCc1c(O)n(-c2ccccc2)n(-c2ccccc2)c1=O,,3824.0,Drug_Name,3,ok,3,0
zeranol,CC1CCCC(O)CCCCCc2cc(O)cc(O)c2C(=O)O1,,2999413.0,Drug_Name,6,ok,6,0
glyhexamide,O=C(NC1CCCCC1)NS(=O)(=O)c1ccc2c(c1)CCC2,,9953.0,Drug_Name,0,ok,0,0
mequitazine,c1ccc2c(c1)Sc1ccccc1N2CC1CN2CCC1CC2,,4066.0,Drug_Name,4,ok,4,0
aprindine,CCN(CC)CCCN(c1ccccc1)C1Cc2ccccc2C1,,2218.0,Drug_Name,0,ok,0,0
bisaramil,CCN1CC2CN(C)CC(C1)C2OC(=O)c1ccc(Cl)cc1,,3033742.0,Drug_Name,0,ok,0,0
clostebol,CC12CCC(=O)C(Cl)=C1CCC1C2CCC2(C)C(O)CCC12,,68947.0,Drug_Name,1,ok,1,0
mepixanox,COc1ccc2c(=O)c3ccccc3oc2c1CN1CCCCC1,,65687.0,Drug_Name,0,ok,0,0
dimefline,COc1ccc2c(=O)c(C)c(-c3ccccc3)oc2c1CN(C)C,,3078.0,Drug_Name,0,ok,0,0
gliclazide,Cc1ccc(S(=O)(=O)NC(=O)NN2CC3CCCC3C2)cc1,,3475.0,Drug_Name,2,ok,2,0
guaiapate,COc1ccccc1OCCOCCOCCN1CCCCC1,,70066.0,Drug_Name,0,ok,0,0
bufetolol,CC(C)(C)NCC(O)COc1ccccc1OCC1CCCO1,,2465.0,Drug_Name,0,ok,0,0
cicloprolol,CC(C)NCC(O)COc1ccc(OCCOCC2CC2)cc1,,146294.0,Drug_Name,0,ok,0,0
piperidolate,CCN1CCCC(OC(=O)C(c2ccccc2)c2ccccc2)C1,,4839.0,Drug_Name,1,ok,1,0
cinnamaverine,CCN(CC)CCOC(=O)C(=Cc1ccccc1)c1ccccc1,,193981.0,Drug_Name,0,ok,0,0
lysergide,CCN(CC)C(=O)C1C=C2c3cccc4[nH]cc(c34)CC2N(C)C1,,5761.0,Drug_Name,267,ok,267,0
tolciclate,Cc1cccc(N(C)C(=S)Oc2ccc3c(c2)C2CCC3C2)c1,,92169693.0,Drug_Name,0,ok,0,0
cyamemazine,CC(CN(C)C)CN1c2ccccc2Sc2ccc(C#N)cc21,,62865.0,Drug_Name,1,ok,1,0
oxysonium,C[S+](C)CCOC(=O)C(O)(c1ccccc1)C1CCCCC1,,71524.0,Drug_Name,0,ok,0,0
trofosfamide,O=P1(N(CCCl)CCCl)OCCCN1CCCl,,65702.0,Drug_Name,2,ok,2,0
furaltadone,O=C1OC(CN2CCOCC2)CN1N=Cc1ccc([N+](=O)[O-])o1,,9553856.0,Drug_Name,6,ok,6,0
efloxate,CCOC(=O)COc1ccc2c(=O)cc(-c3ccccc3)oc2c1,,8395.0,Drug_Name,0,ok,0,0
valaciclovir,CC(C)C(N)C(=O)OCCOCn1cnc2c(=O)[nH]c(N)nc21,,135398742.0,Drug_Name,119,ok,119,0
dolasetron,O=C(OC1CC2CC3CC(C1)N2CC3=O)c1c[nH]c2ccccc12,,3033818.0,Drug_Name,0,ok,0,0
amphotalide,Nc1ccc(OCCCCCN2C(=O)c3ccccc3C2=O)cc1,,71806.0,Drug_Name,0,ok,0,0
oxyphenbutazone,CCCCc1c(O)n(-c2ccc(O)cc2)n(-c2ccccc2)c1=O,,4641.0,Drug_Name,56,ok,56,0
ditazole,OCCN(CCO)c1nc(-c2ccccc2)c(-c2ccccc2)o1,,29088.0,Drug_Name,0,ok,0,0
nitracrine,CN(C)CCCNc1c2ccccc2nc2cccc([N+](=O)[O-])c12,,20628.0,Drug_Name,0,ok,0,0
acetohexamide,CC(=O)c1ccc(S(=O)(=O)NC(=O)NC2CCCCC2)cc1,,1989.0,Drug_Name,39,ok,39,0
viquidil,C=CC1CNCCC1CCC(=O)c1ccnc2ccc(OC)cc12,,65753.0,Drug_Name,0,ok,0,0
dorzolamide,CCNC1CC(C)S(=O)(=O)c2sc(S(N)(=O)=O)cc21,,5284549.0,Drug_Name,1,ok,1,0
diampromide,CCC(=O)N(CC(C)N(C)CCc1ccccc1)c1ccccc1,,62370.0,Drug_Name,0,ok,0,0
vorozole,Cn1nnc2ccc(C(c3ccc(Cl)cc3)n3cncn3)cc21,,6918191.0,Drug_Name,0,ok,0,0
prazepam,O=C1CN=C(c2ccccc2)c2cc(Cl)ccc2N1CC1CC1,,4890.0,Drug_Name,7,ok,7,0
capobenic acid,COc1cc(C(=O)NCCCCCC(=O)O)cc(OC)c1OC,,30627.0,Drug_Name,1,ok,1,0
ergometrine,CC(CO)NC(=O)C1C=C2c3cccc4[nH]cc(c34)CC2N(C)C1,,443884.0,Drug_Name,65,ok,65,0
mecillinam,CC1(C)SC2C(N=CN3CCCCCC3)C(=O)N2C1C(=O)O,,36273.0,Drug_Name,0,ok,0,0
bisoprolol,CC(C)NCC(O)COc1ccc(COCCOC(C)C)cc1,,2405.0,Drug_Name,137,ok,137,0
ifenprodil,CC(C(O)c1ccc(O)cc1)N1CCC(Cc2ccccc2)CC1,,3689.0,Drug_Name,0,ok,0,0
etafenone,CCN(CC)CCOc1ccccc1C(=O)CCc1ccccc1,,3275.0,Drug_Name,0,ok,0,0
dapiprazole,Cc1ccccc1N1CCN(CCc2nnc3n2CCCC3)CC1,,3033538.0,Drug_Name,1,ok,1,0
midazolam,Cc1ncc2n1-c1ccc(Cl)cc1C(c1ccccc1F)=NC2,,4192.0,Drug_Name,301,ok,301,0
clemizole,Clc1ccc(Cn2c(CN3CCCC3)nc3ccccc32)cc1,,2782.0,Drug_Name,0,ok,0,0
nipradilol,CC(C)NCC(O)COc1cccc2c1OCC(O[N+](=O)[O-])C2,,72006.0,Drug_Name,0,ok,0,0
bumadizone,CCCCC(C(=O)O)C(=O)N(Nc1ccccc1)c1ccccc1,,19161.0,Drug_Name,1,ok,1,0
octabenzone,CCCCCCCCOc1ccc(C(=O)c2ccccc2)c(O)c1,,15797.0,Drug_Name,41,ok,41,0
moxestrol,C#CC1(O)CCC2C3CCc4cc(O)ccc4C3C(OC)CC21C,,11954041.0,Drug_Name,0,ok,0,0
acitretin,COc1cc(C)c(C=CC(C)=CC=CC(C)=CC(=O)O)c(C)c1C,,5284513.0,Drug_Name,225,ok,225,0
ajmaline,CCC1C2CC3C4N(C)c5ccccc5C45CC(C2C5O)N3C1O,,6100671.0,Drug_Name,0,ok,0,0
tiazesim,CN(C)CCN1C(=O)CC(c2ccccc2)Sc2ccccc21,,22107.0,Drug_Name,0,ok,0,0
acepromazine,CC(=O)c1ccc2c(c1)N(CCCN(C)C)c1ccccc1S2,,6077.0,Drug_Name,2,ok,2,0
aceprometazine,CC(=O)c1ccc2c(c1)N(CC(C)N(C)C)c1ccccc1S2,,26035.0,Drug_Name,3,ok,3,0
promegestone,CCC(=O)C1(C)CCC2C3=C(CCC21C)C1=C(CC3)CC(=O)CC1,,36709.0,Drug_Name,1,ok,1,0
bunaftine,CCCCN(CCN(CC)CC)C(=O)c1cccc2ccccc12,,36131.0,Drug_Name,0,ok,0,0
etymemazine,CCc1ccc2c(c1)N(CC(C)CN(C)C)c1ccccc1S2,,71823.0,Drug_Name,0,ok,0,0
bromochlorosalicylanilide,O=C(Nc1ccc(Cl)cc1)c1cc(Br)ccc1O,,77254.0,Drug_Name,3,ok,3,0
docosanol,CCCCCCCCCCCCCCCCCCCCCCO,,12620.0,Drug_Name,49,ok,49,0
clozapine,CN1CCN(C2=Nc3cc(Cl)ccc3Nc3ccccc32)CC1,,135398737.0,Drug_Name,290,ok,290,0
niclosamide,O=C(Nc1ccc([N+](=O)[O-])cc1Cl)c1cc(Cl)ccc1O,,4477.0,Drug_Name,115,ok,115,0
leteprinim,O=C(CCn1cnc2c(=O)[nH]cnc21)Nc1ccc(C(=O)O)cc1,,135409548.0,Drug_Name,0,ok,0,0
tranilast,COc1ccc(C=CC(=O)Nc2ccccc2C(=O)O)cc1OC,,5282230.0,Drug_Name,1,ok,1,0
naloxone,C=CCN1CCC23c4c5ccc(O)c4OC2C(=O)CCC3(O)C1C5,,5284596.0,Drug_Name,185,ok,185,0
dimenoxadol,CCOC(C(=O)OCCN(C)C)(c1ccccc1)c1ccccc1,,17036.0,Drug_Name,0,ok,0,0
difemerine,CN(C)CC(C)(C)OC(=O)C(O)(c1ccccc1)c1ccccc1,,165124.0,Drug_Name,0,ok,0,0
benactyzine,CCN(CC)CCOC(=O)C(O)(c1ccccc1)c1ccccc1,,9330.0,Drug_Name,81,ok,81,0
norelgestromin,C#CC1(O)CCC2C3CCC4=CC(=NO)CCC4C3CCC21CC,,62930.0,Drug_Name,2,ok,2,0
tifenamil,CCN(CC)CCSC(=O)C(c1ccccc1)c1ccccc1,,11061.0,Drug_Name,0,ok,0,0
aminopromazine,CN(C)CC(CN1c2ccccc2Sc2ccccc21)N(C)C,,19392.0,Drug_Name,0,ok,0,0
ranimustine,COC1OC(CNC(=O)N(CCCl)N=O)C(O)C(O)C1O,,71741.0,Drug_Name,0,ok,0,0
clofibride,CN(C)C(=O)CCCOC(=O)C(C)(C)Oc1ccc(Cl)cc1,,160134.0,Drug_Name,0,ok,0,0
diloxanide furoate,CN(C(=O)C(Cl)Cl)c1ccc(OC(=O)c2ccco2)cc1,,19529.0,Drug_Name,1,ok,1,0
tiapride,CCN(CC)CCNC(=O)c1cc(S(C)(=O)=O)ccc1OC,,5467.0,Drug_Name,0,ok,0,0
liranaftate,COc1cccc(N(C)C(=S)Oc2ccc3c(c2)CCCC3)n1,,3936.0,Drug_Name,1,ok,1,0
suplatast,CCOCC(O)COc1ccc(NC(=O)CC[S+](C)C)cc1,,71774.0,Drug_Name,0,ok,0,0
levomepromazine,COc1ccc2c(c1)N(CC(C)CN(C)C)c1ccccc1S2,,72287.0,Drug_Name,31,ok,31,0
promestriene,CCCOc1ccc2c(c1)CCC1C2CCC2(C)C(OC)CCC12,,9883915.0,Drug_Name,2,ok,2,0
retinol acetate,CC(=O)OCC=C(C)C=CC=C(C)C=CC1=C(C)CCCC1(C)C,,638034.0,Drug_Name,4,ok,4,0
stanozolol,CC12Cc3c[nH]nc3CC1CCC1C2CCC2(C)C1CCC2(C)O,,25249.0,Drug_Name,147,ok,147,0
ciclonium,CC[N+](C)(CC)CCOC(C)(c1ccccc1)C1CC2C=CC1C2,,34626.0,Drug_Name,0,ok,0,0
oxazolam,CC1CN2CC(=O)Nc3ccc(Cl)cc3C2(c2ccccc2)O1,,4617.0,Drug_Name,12,ok,12,0
clorexolone,NS(=O)(=O)c1cc2c(cc1Cl)CN(C1CCCCC1)C2=O,,16473.0,Drug_Name,2,ok,2,0
eberconazole,Clc1cc(Cl)c2c(c1)CCc1ccccc1C2n1ccnc1,,72051.0,Drug_Name,0,ok,0,0
flumethiazide,NS(=O)(=O)c1cc2c(cc1C(F)(F)F)N=CNS2(=O)=O,,8992.0,Drug_Name,37,ok,37,0
etofylline nicotinate,Cn1c(=O)c2c(ncn2CCOC(=O)c2cccnc2)n(C)c1=O,,83435.0,Drug_Name,2,ok,2,0
paroxetine,Fc1ccc(C2CCNCC2COc2ccc3c(c2)OCO3)cc1,,43815.0,Drug_Name,244,ok,244,0
trilostane,CC12CCC3C(CCC45OC4C(=O)C(C#N)CC35C)C1CCC2O,,656583.0,Drug_Name,2,ok,2,0
bornaprine,CCN(CC)CCCOC(=O)C1(c2ccccc2)CC2CCC1C2,,70687267.0,Drug_Name,2,ok,2,0
androisoxazole,CC12Cc3conc3CC1CCC1C2CCC2(C)C1CCC2(C)O,,9676.0,Drug_Name,0,ok,0,0
prenylamine,CC(Cc1ccccc1)NCCC(c1ccccc1)c1ccccc1,,9801.0,Drug_Name,0,ok,0,0
cloperastine,Clc1ccc(C(OCCN2CCCCC2)c2ccccc2)cc1,,2805.0,Drug_Name,3,ok,3,0
flurbiprofen axetil,CC(=O)OC(C)OC(=O)C(C)c1ccc(-c2ccccc2)c(F)c1,,3395.0,Drug_Name,1,ok,1,0
malathion,CCOC(=O)CC(SP(=S)(OC)OC)C(=O)OCC,,4004.0,Drug_Name,335,ok,335,0
almecillin,C=CCSCC(=O)NC1C(=O)N2C1SC(C)(C)C2C(=O)O,,71365.0,Drug_Name,0,ok,0,0
oxomemazine,CC(CN(C)C)CN1c2ccccc2S(=O)(=O)c2ccccc21,,19396.0,Drug_Name,2,ok,2,0
mivotilate,Cc1csc(NC(=O)C(C(=O)OC(C)C)=C2SCS2)n1,,148185.0,Drug_Name,0,ok,0,0
desoxycortone,CC12CCC(=O)C=C1CCC1C2CCC2(C)C(C(=O)CO)CCC12,,6166.0,Drug_Name,1,ok,1,0
prasterone acetate,CC(=O)OC1CCC2(C)C(=CCC3C4CCC(=O)C4(C)CCC32)C1,,14709.0,Drug_Name,2,ok,2,0
dipiproverine,O=C(OCCN1CCCCC1)C(c1ccccc1)N1CCCCC1,,72072.0,Drug_Name,0,ok,0,0
tiquizium,C[N+]12CCCCC1CCC(=C(c1cccs1)c1cccs1)C2,,72160.0,Drug_Name,0,ok,0,0
teprenone,CC(=O)CCC=C(C)CCC=C(C)CCC=C(C)CCC=C(C)C,,5282199.0,Drug_Name,0,ok,0,0
furosemide,NS(=O)(=O)c1cc(C(=O)O)c(NCc2ccco2)cc1Cl,,3440.0,Drug_Name,234,ok,234,0
chlorbetamide,O=C(C(Cl)Cl)N(CCO)Cc1ccc(Cl)cc1Cl,,7330.0,Drug_Name,0,ok,0,0
tienilic acid,O=C(O)COc1ccc(C(=O)c2cccs2)c(Cl)c1Cl,,38409.0,Drug_Name,4,ok,4,0
hydroflumethiazide,NS(=O)(=O)c1cc2c(cc1C(F)(F)F)NCNS2(=O)=O,,3647.0,Drug_Name,47,ok,47,0
ciprofloxacin,O=C(O)c1cn(C2CC2)c2cc(N3CCNCC3)c(F)cc2c1=O,,2764.0,Drug_Name,196,ok,196,0
piroxicam,CN1C(C(=O)Nc2ccccn2)C(=O)c2ccccc2S1(=O)=O,,54676228.0,Drug_Name,10,ok,10,0
protokylol,CC(Cc1ccc2c(c1)OCO2)NCC(O)c1ccc(O)c(O)c1,,4969.0,Drug_Name,0,ok,0,0
oxyclipine,CN1CCCC(OC(=O)C(O)(c2ccccc2)C2CCCCC2)C1,,118984357.0,Drug_Name,0,ok,0,0
glypinamide,O=C(NN1CCCCCC1)NS(=O)(=O)c1ccc(Cl)cc1,,219111.0,Drug_Name,0,ok,0,0
zotepine,CN(C)CCOC1=Cc2ccccc2Sc2ccc(Cl)cc21,,5736.0,Drug_Name,5,ok,5,0
dibromol,O=S(=O)(O)c1cc(Br)c(O)c(Br)c1,,76970223.0,Drug_Name,0,ok,0,0
zanamivir,CC(=O)NC1C(N=C(N)N)C=C(C(=O)O)OC1C(O)C(O)CO,,60855.0,Drug_Name,46,ok,46,0
spectinomycin,CNC1C(O)C(NC)C2OC3(O)C(=O)CC(C)OC3OC2C1O,,15541.0,Drug_Name,1,ok,1,0
acedapsone,CC(=O)Nc1ccc(S(=O)(=O)c2ccc(NC(C)=O)cc2)cc1,,6477.0,Drug_Name,2,ok,2,0
oxitropium,CC[N+]1(C)C2CC(OC(=O)C(CO)c3ccccc3)CC1C1OC12,,6917866.0,Drug_Name,0,ok,0,0
ipratropium,CC(C)[N+]1(C)C2CCC1CC(OC(=O)C(CO)c1ccccc1)C2,,657309.0,Drug_Name,0,ok,0,0
alfaxalone,CC(=O)C1CCC2C3CCC4CC(O)CCC4(C)C3C(=O)CC12C,,104845.0,Drug_Name,1,ok,1,0
brivudine,O=c1[nH]c(=O)n(C2CC(O)C(CO)O2)cc1C=CBr,,446727.0,Drug_Name,0,ok,0,0
pefloxacin,CCn1cc(C(=O)O)c(=O)c2cc(F)c(N3CCN(C)CC3)cc21,,51081.0,Drug_Name,1,ok,1,0
drotebanol,COc1ccc2c(c1OC)C13CCN(C)C(C2)C1(O)CCC(O)C3,,5463863.0,Drug_Name,0,ok,0,0
pentoxyverine,CCN(CC)CCOCCOC(=O)C1(c2ccccc2)CCCC1,,2562.0,Drug_Name,17,ok,17,0
deptropine,CN1C2CCC1CC(OC1c3ccccc3CCc3ccccc31)C2,,203911.0,Drug_Name,0,ok,0,0
tropatepine,CN1C2CCC1CC(=C1c3ccccc3CSc3ccccc31)C2,,3034047.0,Drug_Name,0,ok,0,0
bromazine,CN(C)CCOC(c1ccccc1)c1ccc(Br)cc1,,2444.0,Drug_Name,5,ok,5,0
tetroxoprim,COCCOc1c(OC)cc(Cc2cnc(N)nc2N)cc1OC,,65450.0,Drug_Name,0,ok,0,0
pimobendan,COc1ccc(-c2nc3cc(C4=NNC(=O)CC4C)ccc3[nH]2)cc1,,4823.0,Drug_Name,3,ok,3,0
benzylpenicillin,CC1(C)SC2C(NC(=O)Cc3ccccc3)C(=O)N2C1C(=O)O,,5904.0,Drug_Name,104,ok,104,0
proglumide,CCCN(CCC)C(=O)C(CCC(=O)O)NC(=O)c1ccccc1,,4922.0,Drug_Name,6,ok,6,0
strychnine,O=C1CC2OCC=C3CN4CCC56c7ccccc7N1C5C2C3CC46,,441071.0,Drug_Name,348,ok,348,0
fenalamide,CCOC(=O)C(CC)(C(=O)NCCN(CC)CC)c1ccccc1,,20683.0,Drug_Name,0,ok,0,0
progabide,NC(=O)CCCN=C(c1ccc(Cl)cc1)c1cc(F)ccc1O,,44115.0,Drug_Name,4,ok,4,0
isoxicam,Cc1cc(NC(=O)C2C(=O)c3ccccc3S(=O)(=O)N2C)no1,,54677972.0,Drug_Name,0,ok,0,0
sulfachrysoidine,Nc1cc(N)c(N=Nc2ccc(S(N)(=O)=O)cc2)c(C(=O)O)c1,,68090.0,Drug_Name,0,ok,0,0
oxeladin,CCN(CC)CCOCCOC(=O)C(CC)(CC)c1ccccc1,,4619.0,Drug_Name,3,ok,3,0
norpipanone,CCC(=O)C(CCN1CCCCC1)(c1ccccc1)c1ccccc1,,22391.0,Drug_Name,0,ok,0,0
droprenilamine,CC(CC1CCCCC1)NCCC(c1ccccc1)c1ccccc1,,65470.0,Drug_Name,0,ok,0,0
pirifibrate,CC(C)(Oc1ccc(Cl)cc1)C(=O)OCc1cccc(CO)n1,,68720.0,Drug_Name,0,ok,0,0
hydroxychloroquine,CCN(CCO)CCCC(C)Nc1ccnc2cc(Cl)ccc12,,3652.0,Drug_Name,19,ok,19,0
nifurzide,O=C(NN=CC=Cc1ccc([N+](=O)[O-])o1)c1ccc([N+](=O)[O-])s1,,9571044.0,Drug_Name,0,ok,0,0
dicoumarol,O=c1c(Cc2c(O)oc3ccccc3c2=O)c(O)oc2ccccc12,,54676038.0,Drug_Name,117,ok,117,0
acebutolol,CCCC(=O)Nc1ccc(OCC(O)CNC(C)C)c(C(C)=O)c1,,1978.0,Drug_Name,8,ok,8,0
fentanyl,CCC(=O)N(c1ccccc1)C1CCN(CCc2ccccc2)CC1,,3345.0,Drug_Name,253,ok,253,0
buzepide metiodide,C[N+]1(CCC(C(N)=O)(c2ccccc2)c2ccccc2)CCCCCC1,,27206.0,Drug_Name,0,ok,0,0
nifurfoline,O=c1n(N=Cc2ccc([N+](=O)[O-])o2)cc(O)n1CN1CCOCC1,,9571068.0,Drug_Name,0,ok,0,0
ufenamate,CCCCOC(=O)c1ccccc1Nc1cccc(C(F)(F)F)c1,,5632.0,Drug_Name,1,ok,1,0
linezolid,CC(=O)NCC1CN(c2ccc(N3CCOCC3)c(F)c2)C(=O)O1,,441401.0,Drug_Name,178,ok,178,0
disufenton,CC(C)(C)[N+]([O-])=Cc1ccc(S(=O)(=O)O)cc1S(=O)(=O)O,,6913176.0,Drug_Name,0,ok,0,0
propanidid,CCCOC(=O)Cc1ccc(OCC(=O)N(CC)CC)c(OC)c1,,15004.0,Drug_Name,0,ok,0,0
pargeverine,C#CCOC(C(=O)OCCN(C)C)(c1ccccc1)c1ccccc1,,17700.0,Drug_Name,0,ok,0,0
famotidine,N=C(CCSCc1csc(N=C(N)N)n1)NS(N)(=O)=O,,5702160.0,Drug_Name,94,ok,94,0
decimemide,CCCCCCCCCCOc1c(OC)cc(C(N)=O)cc1OC,,26929.0,Drug_Name,0,ok,0,0
danazol,C#CC1(O)CCC2C3CCC4=Cc5oncc5CC4(C)C3CCC21C,,28417.0,Drug_Name,22,ok,22,0
amineptine,O=C(O)CCCCCCNC1c2ccccc2CCc2ccccc21,,34870.0,Drug_Name,3,ok,3,0
fenpiverinium,C[N+]1(CCC(C(N)=O)(c2ccccc2)c2ccccc2)CCCCC1,,71490.0,Drug_Name,0,ok,0,0
suloctidil,CCCCCCCCNC(C)C(O)c1ccc(SC(C)C)cc1,,6604413.0,Drug_Name,6,ok,6,0
fenquizone,NS(=O)(=O)c1cc2c(cc1Cl)NC(c1ccccc1)NC2=O,,68548.0,Drug_Name,0,ok,0,0
perflexane,FC(F)(F)C(F)(F)C(F)(F)C(F)(F)C(F)(F)C(F)(F)F,,9639.0,Drug_Name,30,ok,30,0
idebenone,COc1c(O)c(C)c(C=CCCCCCCCCO)c(O)c1OC,,3686.0,Drug_Name,2,ok,2,0
lisuride,CCN(CC)C(=O)NC1C=C2c3cccc4[nH]cc(c34)CC2N(C)C1,,28864.0,Drug_Name,1,ok,1,0
pirmenol,CC1CCCC(C)N1CCCC(O)(c1ccccc1)c1ccccn1,,65502.0,Drug_Name,0,ok,0,0
chlortalidone,NS(=O)(=O)c1cc(C2(O)NC(=O)c3ccccc32)ccc1Cl,,2732.0,Drug_Name,187,ok,187,0
brodimoprim,COc1cc(Cc2cnc(N)nc2N)cc(OC)c1Br,,68760.0,Drug_Name,0,ok,0,0
cefacetrile,CC(=O)OCC1=C(C(=O)O)N2C(=O)C(NC(=O)CC#N)C2SC1,,91562.0,Drug_Name,0,ok,0,0
mofezolac,COc1ccc(-c2noc(CC(=O)O)c2-c2ccc(OC)cc2)cc1,,4237.0,Drug_Name,0,ok,0,0
topiramate,CC1(C)OC2COC3(COS(N)(=O)=O)OC(C)(C)OC3C2O1,,5284627.0,Drug_Name,159,ok,159,0
papaverine,COc1ccc(Cc2nccc3cc(OC)c(OC)cc23)cc1OC,,4680.0,Drug_Name,82,ok,82,0
xamoterol,O=C(NCCNCC(O)COc1ccc(O)cc1)N1CCOCC1,,155774.0,Drug_Name,0,ok,0,0
panipenem,CC(=N)N1CCC(SC2=C(C(=O)O)N3C(=O)C(C(C)O)C3C2)C1,,72015.0,Drug_Name,1,ok,1,0
pipethanate,O=C(OCCN1CCCCC1)C(O)(c1ccccc1)c1ccccc1,,20674.0,Drug_Name,0,ok,0,0
nalmefene,C=C1CCC2(O)C3Cc4ccc(O)c5c4C2(CCN3CC2CC2)C1O5,,5284594.0,Drug_Name,59,ok,59,0
methylergometrine,CCC(CO)NC(=O)C1C=C2c3cccc4[nH]cc(c34)CC2N(C)C1,,8226.0,Drug_Name,70,ok,70,0
propyromazine,CC(C(=O)N1c2ccccc2Sc2ccccc21)[N+]1(C)CCCC1,,71494.0,Drug_Name,0,ok,0,0
disopyramide,CC(C)N(CCC(C(N)=O)(c1ccccc1)c1ccccn1)C(C)C,,3114.0,Drug_Name,60,ok,60,0
perazine,CN1CCN(CCCN2c3ccccc3Sc3ccccc32)CC1,,4744.0,Drug_Name,1,ok,1,0
rociverine,CCN(CC)CC(C)OC(=O)C1CCCCC1(O)C1CCCCC1,,24892842.0,Drug_Name,1,ok,1,0
hexetidine,CCCCC(CC)CN1CN(CC(CC)CCCC)CC(C)(N)C1,,3607.0,Drug_Name,121,ok,121,0
metipamide,CN(NC(=O)c1ccc(Cl)c(S(N)(=O)=O)c1)c1ccccc1,,135086.0,Drug_Name,0,ok,0,0
pirisudanol,Cc1ncc(COC(=O)CCC(=O)OCCN(C)C)c(CO)c1O,,65782.0,Drug_Name,0,ok,0,0
pentamidine,N=C(N)c1ccc(OCCCCCOc2ccc(C(=N)N)cc2)cc1,,4735.0,Drug_Name,259,ok,259,0
poldine,C[N+]1(C)CCCC1COC(=O)C(O)(c1ccccc1)c1ccccc1,,11018.0,Drug_Name,0,ok,0,0
parapenzolate,C[N+]1(C)CCC(OC(=O)C(O)(c2ccccc2)c2ccccc2)CC1,,68640.0,Drug_Name,0,ok,0,0
methanthelinium,CC[N+](C)(CC)CCOC(=O)C1c2ccccc2Oc2ccccc21,,4097.0,Drug_Name,0,ok,0,0
mepenzolate,C[N+]1(C)CCCC(OC(=O)C(O)(c2ccccc2)c2ccccc2)C1,,4057.0,Drug_Name,13,ok,13,0
canrenone,CC12CCC(=O)C=C1C=CC1C2CCC2(C)C1CCC21CCC(=O)O1,,13789.0,Drug_Name,3,ok,3,0
ethylhydrocupreine,CCOc1ccc2nccc(C(O)C3CC4CCN3CC4CC)c2c1,,87880.0,Drug_Name,1,ok,1,0
terguride,CCN(CC)C(=O)NC1CC2c3cccc4[nH]cc(c34)CC2N(C)C1,,443951.0,Drug_Name,1,ok,1,0
propiomazine,CCC(=O)c1ccc2c(c1)N(CC(C)N(C)C)c1ccccc1S2,,4940.0,Drug_Name,45,ok,45,0
lucanthone,CCN(CC)CCNc1ccc(C)c2sc3ccccc3c(=O)c12,,10180.0,Drug_Name,0,ok,0,0
medrogestone,CC(=O)C1(C)CCC2C3=CC(C)=C4CC(=O)CCC4(C)C3CCC21C,,9949848.0,Drug_Name,1,ok,1,0
dimethisterone,CC#CC1(O)CCC2C3CC(C)=C4CC(=O)CCC4(C)C3CCC21C,,6607.0,Drug_Name,0,ok,0,0
penthienate,CC[N+](C)(CC)CCOC(=O)C(O)(c1cccs1)C1CCCC1,,6067.0,Drug_Name,0,ok,0,0
docosanoic acid,CCCCCCCCCCCCCCCCCCCCCC(=O)O,,8215.0,Drug_Name,119,ok,119,0
nitroxazepine,CN(C)CCCN1C(=O)c2cc([N+](=O)[O-])ccc2Oc2ccccc21,,27857.0,Drug_Name,0,ok,0,0
thebacon,COc1ccc2c3c1OC1C(OC(C)=O)=CCC4C(C2)N(C)CCC314,,11508377.0,Drug_Name,0,ok,0,0
naltrexone,O=C1CCC2(O)C3Cc4ccc(O)c5c4C2(CCN3CC2CC2)C1O5,,5360515.0,Drug_Name,179,ok,179,0
diseptal B ,CNS(=O)(=O)c1ccc(NS(=O)(=O)c2ccc(N)cc2)cc1,,22174198.0,Drug_Name,0,ok,0,0
fenetylline,CC(Cc1ccccc1)NCCn1cnc2c1c(=O)n(C)c(=O)n2C,,19527.0,Drug_Name,48,ok,48,0
cyclacillin,CC1(C)SC2C(NC(=O)C3(N)CCCCC3)C(=O)N2C1C(=O)O,,19003.0,Drug_Name,0,ok,0,0
propafenone,CCCNCC(O)COc1ccccc1C(=O)CCc1ccccc1,,4932.0,Drug_Name,92,ok,92,0
clobenztropine,CN1C2CCC1CC(OC(c1ccccc1)c1ccc(Cl)cc1)C2,,1687.0,Drug_Name,0,ok,0,0
siccanin,Cc1cc(O)c2c(c1)OC1(C)CCC3C(C)(C)CCCC34COC2C14,,71902.0,Drug_Name,0,ok,0,0
megestrol acetate,CC(=O)OC1(C(C)=O)CCC2C3=CC(C)=C4CC(=O)CCC4(C)C3CCC21C,,11683.0,Drug_Name,4,ok,4,0
flutoprazepam,O=C1CN=C(c2ccccc2F)c2cc(Cl)ccc2N1CC1CC1,,3400.0,Drug_Name,0,ok,0,0
etizolam,CCc1cc2c(s1)-n1c(C)nnc1CN=C2c1ccccc1Cl,,3307.0,Drug_Name,13,ok,13,0
triazolam,Cc1nnc2n1-c1ccc(Cl)cc1C(c1ccccc1Cl)=NC2,,5556.0,Drug_Name,62,ok,62,0
acetyldihydrocodeine,COc1ccc2c3c1OC1C(OC(C)=O)CCC4C(C2)N(C)CCC341,,5463874.0,Drug_Name,0,ok,0,0
cinchocaine,CCCCOc1cc(C(=O)NCCN(CC)CC)c2ccccc2n1,,3025.0,Drug_Name,57,ok,57,0
clotiapine,CN1CCN(C2=Nc3ccccc3Sc3ccc(Cl)cc32)CC1,,16351.0,Drug_Name,3,ok,3,0
clemastine,CN1CCCC1CCOC(C)(c1ccccc1)c1ccc(Cl)cc1,,26987.0,Drug_Name,2,ok,2,0
bromopride,CCN(CC)CCNC(=O)c1cc(Br)c(N)cc1OC,,2446.0,Drug_Name,1,ok,1,0
lactitol,OCC(O)C(O)C(OC1OC(CO)C(O)C(O)C1O)C(O)CO,,157355.0,Drug_Name,79,ok,79,0
sultosilic acid,Cc1ccc(S(=O)(=O)Oc2ccc(O)c(S(=O)(=O)O)c2)cc1,,68775.0,Drug_Name,0,ok,0,0
piketoprofen,Cc1ccnc(NC(=O)C(C)c2cccc(C(=O)c3ccccc3)c2)c1,,68801.0,Drug_Name,0,ok,0,0
formebolone,CC12C=C(C=O)C(=O)C=C1CCC1C2C(O)CC2(C)C1CCC2(C)O,,17150.0,Drug_Name,0,ok,0,0
oxyphencyclimine,CN1CCCN=C1COC(=O)C(O)(c1ccccc1)C1CCCCC1,,4642.0,Drug_Name,2,ok,2,0
medrysone,CC(=O)C1CCC2C3CC(C)=C4CC(=O)CCC4(C)C3C(O)CC12C,,247839.0,Drug_Name,2,ok,2,0
medroxyprogesterone,CC(=O)OC1(C(C)=O)CCC2C3CC(C)=C4CC(=O)CCC4(C)C3CCC21C,,10631.0,Drug_Name,123,ok,123,0
tribromometacresol,Cc1c(Br)cc(Br)c(O)c1Br,,20737.0,Drug_Name,1,ok,1,0
trengestone,CC(=O)C1CCC2C3=CC(Cl)=C4CC(=O)C=CC4(C)C3CCC12C,,56840930.0,Drug_Name,0,ok,0,0
clorotepine,CN1CCN(C2Cc3ccccc3Sc3ccc(Cl)cc32)CC1,,1238.0,Drug_Name,0,ok,0,0
niclofolan,O=[N+]([O-])c1cc(Cl)cc(-c2cc(Cl)cc([N+](=O)[O-])c2O)c1O,,5284586.0,Drug_Name,16,ok,16,0
tretoquinol,COc1cc(CC2NCCc3cc(O)c(O)cc32)cc(OC)c1OC,,65772.0,Drug_Name,0,ok,0,0
bevantolol,COc1ccc(CCNCC(O)COc2cccc(C)c2)cc1OC,,2372.0,Drug_Name,0,ok,0,0
clopamide,CC1CCCC(C)N1NC(=O)c1ccc(Cl)c(S(N)(=O)=O)c1,,12492.0,Drug_Name,2,ok,2,0
metofoline,COc1cc2c(cc1OC)C(CCc1ccc(Cl)cc1)N(C)CC2,,16538.0,Drug_Name,0,ok,0,0
nifedipine,COC(=O)C1=C(C)N=C(C)C(C(=O)OC)C1c1ccccc1[N+](=O)[O-],,4485.0,Drug_Name,180,ok,180,0
flutrimazole,Fc1ccc(C(c2ccccc2)(c2ccccc2F)n2ccnc2)cc1,,3401.0,Drug_Name,1,ok,1,0
beclobrate,CCOC(=O)C(C)(CC)Oc1ccc(Cc2ccc(Cl)cc2)cc1,,51348.0,Drug_Name,0,ok,0,0
chlorproethazine,CCN(CC)CCCN1c2ccccc2Sc2ccc(Cl)cc21,,65750.0,Drug_Name,0,ok,0,0
adenosine phosphate,Nc1ncnc2c1ncn2C1OC(COP(=O)(O)O)C(O)C1O,,6083.0,Drug_Name,9,ok,9,0
arsthinol,CC(=O)Nc1cc([As]2SCC(CO)S2)ccc1O,,8414.0,Drug_Name,0,ok,0,0
nafamostat,N=C(N)Nc1ccc(C(=O)Oc2ccc3cc(C(=N)N)ccc3c2)cc1,,4413.0,Drug_Name,0,ok,0,0
sulbactam pivoxyl,CC(C)(C)C(=O)OCOC(=O)C1N2C(=O)CC2S(=O)(=O)C1(C)C,,9997821.0,Drug_Name,0,ok,0,0
cefalexin,CC1=C(C(=O)O)N2C(=O)C(NC(=O)C(N)c3ccccc3)C2SC1,,27447.0,Drug_Name,108,ok,108,0
fedrilate,CC(CCN1CCOCC1)OC(=O)C1(c2ccccc2)CCOCC1,,31796.0,Drug_Name,0,ok,0,0
benzpiperylone,CN1CCC(n2[nH]c(-c3ccccc3)c(Cc3ccccc3)c2=O)CC1,,98514.0,Drug_Name,0,ok,0,0
indoramin,O=C(NC1CCN(CCc2c[nH]c3ccccc23)CC1)c1ccccc1,,33625.0,Drug_Name,1,ok,1,0
clanobutin,COc1ccc(N(CCCC(=O)O)C(=O)c2ccc(Cl)cc2)cc1,,35378.0,Drug_Name,3,ok,3,0
embramine,CN(C)CCOC(C)(c1ccccc1)c1ccc(Br)cc1,,19105.0,Drug_Name,0,ok,0,0
succisulfone,Nc1ccc(S(=O)(=O)c2ccc(NC(=O)CCC(=O)O)cc2)cc1,,68350.0,Drug_Name,0,ok,0,0
acrivastine,Cc1ccc(C(=CCN2CCCC2)c2cccc(C=CC(=O)O)n2)cc1,,5284514.0,Drug_Name,1,ok,1,0
intoplicine,Cc1cnc(NCCCN(C)C)c2c1[nH]c1ccc3cc(O)ccc3c12,,65954.0,Drug_Name,0,ok,0,0
leiopyrrole,CCN(CC)CCOc1ccccc1-n1c(C)ccc1-c1ccccc1,,26377.0,Drug_Name,0,ok,0,0
oxyphenonium,CC[N+](C)(CC)CCOC(=O)C(O)(c1ccccc1)C1CCCCC1,,5749.0,Drug_Name,0,ok,0,0
ethyl dibunate,CCOS(=O)(=O)c1cc(C(C)(C)C)cc2cc(C(C)(C)C)ccc12,,21721.0,Drug_Name,0,ok,0,0
doxefazepam,O=C1C(O)N=C(c2ccccc2F)c2cc(Cl)ccc2N1CCO,,38668.0,Drug_Name,11,ok,11,0
halocarban,O=C(Nc1ccc(Cl)cc1)Nc1ccc(Cl)c(C(F)(F)F)c1,,9719.0,Drug_Name,0,ok,0,0
sorivudine,O=c1[nH]c(=O)n(C2OC(CO)C(O)C2O)cc1C=CBr,,5282192.0,Drug_Name,0,ok,0,0
cloxazolam,O=C1CN2CCOC2(c2ccccc2Cl)c2cc(Cl)ccc2N1,,2816.0,Drug_Name,4,ok,4,0
voriconazole,CC(c1ncncc1F)C(O)(Cn1cncn1)c1ccc(F)cc1F,,71616.0,Drug_Name,10,ok,10,0
cinmetacin,COc1ccc2c(c1)c(CC(=O)O)c(C)n2C(=O)C=Cc1ccccc1,,6433761.0,Drug_Name,0,ok,0,0
cefradine,CC1=C(C(=O)O)N2C(=O)C(NC(=O)C(N)C3=CCC=CC3)C2SC1,,38103.0,Drug_Name,132,ok,132,0
ampicillin,CC1(C)SC2C(NC(=O)C(N)c3ccccc3)C(=O)N2C1C(=O)O,,6249.0,Drug_Name,121,ok,121,0
dipipanone,CCC(=O)C(CC(C)N1CCCCC1)(c1ccccc1)c1ccccc1,,13331.0,Drug_Name,0,ok,0,0
cetiedil,O=C(OCCN1CCCCCC1)C(c1ccsc1)C1CCCCC1,,66384.0,Drug_Name,0,ok,0,0
azasetron,CN1C(=O)COc2c(C(=O)NC3CN4CCC3CC4)cc(Cl)cc21,,2264.0,Drug_Name,0,ok,0,0
phenoxymethylpenicillin,CC1(C)SC2C(NC(=O)COc3ccccc3)C(=O)N2C1C(=O)O,,6869.0,Drug_Name,105,ok,105,0
biapenem,CC(O)C1C(=O)N2C(C(=O)[O-])=C(SC3Cn4cnc[n+]4C3)C(C)C12,,71339.0,Drug_Name,0,ok,0,0
disofenin,CC(C)c1cccc(C(C)C)c1NC(=O)CN(CC(=O)O)CC(=O)O,,171682.0,Drug_Name,0,ok,0,0
vinpocetine,CCOC(=O)C1=CC2(CC)CCCN3CCc4c(n1c1ccccc41)C32,,443955.0,Drug_Name,1,ok,1,0
loretin,O=S(=O)(O)c1cc(I)c(O)c2ncccc12,,11043.0,Drug_Name,4,ok,4,0
benfluorex,CC(Cc1cccc(C(F)(F)F)c1)NCCOC(=O)c1ccccc1,,2318.0,Drug_Name,2,ok,2,0
moquizone,O=C1c2ccccc2N(C(=O)CN2CCOCC2)CN1c1ccccc1,,63216.0,Drug_Name,0,ok,0,0
meloxicam,Cc1cnc(NC(=O)C2C(=O)c3ccccc3S(=O)(=O)N2C)s1,,54677470.0,Drug_Name,89,ok,89,0
pirenzepine,CN1CCN(CC(=O)N2c3ccccc3C(=O)Nc3cccnc32)CC1,,4848.0,Drug_Name,4,ok,4,0
epicillin,CC1(C)SC2C(NC(=O)C(N)C3=CCC=CC3)C(=O)N2C1C(=O)O,,71392.0,Drug_Name,0,ok,0,0
dipivefrine,CNCC(O)c1ccc(OC(=O)C(C)(C)C)c(OC(=O)C(C)(C)C)c1,,3105.0,Drug_Name,0,ok,0,0
tamibarotene,CC1(C)CCC(C)(C)c2cc(NC(=O)c3ccc(C(=O)O)cc3)ccc21,,108143.0,Drug_Name,0,ok,0,0
pipoxolan,O=C1OC(CCN2CCCCC2)OC1(c1ccccc1)c1ccccc1,,28932.0,Drug_Name,0,ok,0,0
tazarotene,CCOC(=O)c1ccc(C#Cc2ccc3c(c2)C(C)(C)CCS3)nc1,,5381.0,Drug_Name,0,ok,0,0
phenadoxone,CCC(=O)C(CC(C)N1CCOCC1)(c1ccccc1)c1ccccc1,,10089.0,Drug_Name,0,ok,0,0
adinazolam,CN(C)Cc1nnc2n1-c1ccc(Cl)cc1C(c1ccccc1)=NC2,,37632.0,Drug_Name,0,ok,0,0
sulmarin,Cc1cc(=O)oc2cc(OS(=O)(=O)O)c(OS(=O)(=O)O)cc12,,13963.0,Drug_Name,0,ok,0,0
triflupromazine,CN(C)CCCN1c2ccccc2Sc2ccc(C(F)(F)F)cc21,,5568.0,Drug_Name,53,ok,53,0
posatirelin,CC(C)CC(NC(=O)C1CCCC(=O)N1)C(=O)N1CCCC1C(N)=O,,71230.0,Drug_Name,0,ok,0,0
clidinium,C[N+]12CCC(CC1)C(OC(=O)C(O)(c1ccccc1)c1ccccc1)C2,,2784.0,Drug_Name,0,ok,0,0
epoprostenol,CCCCCC(O)C=CC1C(O)CC2OC(=CCCCC(=O)O)CC21,,5282411.0,Drug_Name,0,ok,0,0
betoxycaine,CCCCOc1ccc(C(=O)OCCOCCN(CC)CC)cc1N,,19668.0,Drug_Name,0,ok,0,0
encainide,COc1ccc(C(=O)Nc2ccccc2CCC2CCCCN2C)cc1,,48041.0,Drug_Name,4,ok,4,0
quinbolone,CC12C=CC(=O)C=C1CCC1C2CCC2(C)C(OC3=CCCC3)CCC12,,10360683.0,Drug_Name,0,ok,0,0
halazepam,O=C1CN=C(c2ccccc2)c2cc(Cl)ccc2N1CC(F)(F)F,,31640.0,Drug_Name,13,ok,13,0
acenocoumarol,CC(=O)CC(c1ccc([N+](=O)[O-])cc1)c1c(O)c2ccccc2oc1=O,,54676537.0,Drug_Name,76,ok,76,0
dioxaphetyl butyrate,CCOC(=O)C(CCN1CCOCC1)(c1ccccc1)c1ccccc1,,48194.0,Drug_Name,0,ok,0,0
methysergide,CCC(CO)NC(=O)C1C=C2c3cccc4c3c(cn4C)CC2N(C)C1,,9681.0,Drug_Name,72,ok,72,0
motretinide,CCNC(=O)C=C(C)C=CC=C(C)C=Cc1c(C)cc(OC)c(C)c1C,,6314185.0,Drug_Name,0,ok,0,0
isopropamide,CC(C)[N+](C)(CCC(C(N)=O)(c1ccccc1)c1ccccc1)C(C)C,,3775.0,Drug_Name,1,ok,1,0
butizide,CC(C)CC1Nc2cc(Cl)c(S(N)(=O)=O)cc2S(=O)(=O)N1,,16274.0,Drug_Name,0,ok,0,0
idoxuridine,O=c1[nH]c(=O)n(C2CC(O)C(CO)O2)cc1I,,5905.0,Drug_Name,59,ok,59,0
quinfamide,O=C(Oc1ccc2c(c1)CCCN2C(=O)C(Cl)Cl)c1ccco1,,71743.0,Drug_Name,0,ok,0,0
aceclofenac,O=C(O)COC(=O)Cc1ccccc1Nc1c(Cl)cccc1Cl,,71771.0,Drug_Name,5,ok,5,0
phenolsulfonphthalein,O=S1(=O)OC(c2ccc(O)cc2)(c2ccc(O)cc2)c2ccccc21,,4766.0,Drug_Name,1,ok,1,0
isofezolac,O=C(O)Cc1c(-c2ccccc2)c(-c2ccccc2)nn1-c1ccccc1,,68677.0,Drug_Name,0,ok,0,0
seratrodast,Cc1c(C)c(O)c(C(=CCCCCC(=O)O)c2ccccc2)c(C)c1O,,2449.0,Drug_Name,1,ok,1,0
yohimbine,COC(=O)C1C(O)CCC2CN3CCc4c([nH]c5ccccc45)C3CC21,,8969.0,Drug_Name,5,ok,5,0
vincamine,CCC12CCCN3CCc4c(n(c5ccccc45)C(O)(C(=O)OC)C1)C32,,15376.0,Drug_Name,90,ok,90,0
hexamidine,N=C(N)c1ccc(OCCCCCCOc2ccc(C(=N)N)cc2)cc1,,65130.0,Drug_Name,4,ok,4,0
bevonium,C[N+]1(C)CCCCC1COC(=O)C(O)(c1ccccc1)c1ccccc1,,31800.0,Drug_Name,6,ok,6,0
pipenzolate,CC[N+]1(C)CCCC(OC(=O)C(O)(c2ccccc2)c2ccccc2)C1,,4832.0,Drug_Name,6,ok,6,0
benzilonium,CC[N+]1(CC)CCC(OC(=O)C(O)(c2ccccc2)c2ccccc2)C1,,66248.0,Drug_Name,0,ok,0,0
sultopride,CCN1CCCC1CNC(=O)c1cc(S(=O)(=O)CC)ccc1OC,,5357.0,Drug_Name,3,ok,3,0
etretinate,CCOC(=O)C=C(C)C=CC=C(C)C=Cc1c(C)cc(OC)c(C)c1C,,5282375.0,Drug_Name,96,ok,96,0
eprozinol,COC(CN1CCN(CCC(O)c2ccccc2)CC1)c1ccccc1,,122553.0,Drug_Name,0,ok,0,0
rioprostil,CCCCC(C)(O)CC=CC1C(O)CC(=O)C1CCCCCCCO,,5311413.0,Drug_Name,0,ok,0,0
xipamide,Cc1cccc(C)c1NC(=O)c1cc(S(N)(=O)=O)c(Cl)cc1O,,26618.0,Drug_Name,1,ok,1,0
repirinast,Cc1ccc2c([nH]c(=O)c3c(=O)cc(C(=O)OCCC(C)C)oc32)c1C,,5050.0,Drug_Name,0,ok,0,0
succinylsulfathiazole,O=C(O)CCC(=O)Nc1ccc(S(=O)(=O)Nc2nccs2)cc1,,5315.0,Drug_Name,13,ok,13,0
moperone,Cc1ccc(C2(O)CCN(CCCC(=O)c3ccc(F)cc3)CC2)cc1,,4249.0,Drug_Name,0,ok,0,0
benzomethamine,CC[N+](C)(CC)CCN(C)C(=O)C(O)(c1ccccc1)c1ccccc1,,10520.0,Drug_Name,0,ok,0,0
tinofedrine,CC(NCC=C(c1ccsc1)c1ccsc1)C(O)c1ccccc1,,3033341.0,Drug_Name,0,ok,0,0
plafibride,CC(C)(Oc1ccc(Cl)cc1)C(=O)NC(=O)NCN1CCOCC1,,68822.0,Drug_Name,0,ok,0,0
tiaramide,O=C(Cn1c(=O)sc2ccc(Cl)cc21)N1CCN(CCO)CC1,,5469.0,Drug_Name,0,ok,0,0
amodiaquine,CCN(CC)Cc1cc(Nc2ccnc3cc(Cl)ccc23)ccc1O,,2165.0,Drug_Name,78,ok,78,0
bithionol,Oc1c(Cl)cc(Cl)cc1Sc1cc(Cl)cc(Cl)c1O,,2406.0,Drug_Name,66,ok,66,0
pipobroman,O=C(CCBr)N1CCN(C(=O)CCBr)CC1,,4842.0,Drug_Name,36,ok,36,0
thiamphenicol,CS(=O)(=O)c1ccc(C(O)C(CO)NC(=O)C(Cl)Cl)cc1,,27200.0,Drug_Name,0,ok,0,0
sulindac,CC1=C(CC(=O)O)c2cc(F)ccc2C1=Cc1ccc([S+](C)[O-])cc1,,1548887.0,Drug_Name,65,ok,65,0
niaprazine,CC(CCN1CCN(c2ccc(F)cc2)CC1)NC(=O)c1cccnc1,,71919.0,Drug_Name,1,ok,1,0
pioglitazone,CCc1ccc(CCOc2ccc(Cc3sc(=O)[nH]c3O)cc2)nc1,,4829.0,Drug_Name,194,ok,194,0
hycanthone,CCN(CC)CCNc1ccc(CO)c2sc3ccccc3c(=O)c12,,3634.0,Drug_Name,2,ok,2,0
quinestradol,CC12CCC3c4ccc(OC5CCCC5)cc4CCC3C1CC(O)C2O,,14626804.0,Drug_Name,0,ok,0,0
dopexamine,Oc1ccc(CCNCCCCCCNCCc2ccccc2)cc1O,,55483.0,Drug_Name,0,ok,0,0
tevenel,NS(=O)(=O)c1ccc(C(O)C(CO)NC(=O)C(Cl)Cl)cc1,,160746.0,Drug_Name,0,ok,0,0
balsalazide,O=C(O)CCNC(=O)c1ccc(N=Nc2ccc(O)c(C(=O)O)c2)cc1,,54585.0,Drug_Name,0,ok,0,0
droxicam,CN1c2c(oc(=O)n(-c3ccccn3)c2=O)-c2ccccc2S1(=O)=O,,65679.0,Drug_Name,3,ok,3,0
tolrestat,COc1ccc2c(C(=S)N(C)CC(=O)O)cccc2c1C(F)(F)F,,53359.0,Drug_Name,3,ok,3,0
etersalate,CC(=O)Nc1ccc(OCCOC(=O)c2ccccc2OC(C)=O)cc1,,44258.0,Drug_Name,0,ok,0,0
cafedrine,CC(NCCn1cnc2c1c(=O)n(C)c(=O)n2C)C(O)c1ccccc1,,5489638.0,Drug_Name,0,ok,0,0
cinacalcet,CC(NCCCc1cccc(C(F)(F)F)c1)c1cccc2ccccc12,,156419.0,Drug_Name,70,ok,70,0
rosiglitazone,CN(CCOc1ccc(Cc2sc(=O)[nH]c2O)cc1)c1ccccn1,,77999.0,Drug_Name,160,ok,160,0
nalbuphine,Oc1ccc2c3c1OC1C(O)CCC4(O)C(C2)N(CC2CCC2)CCC314,,5311304.0,Drug_Name,39,ok,39,0
cinolazepam,N#CCCN1C(=O)C(O)N=C(c2ccccc2F)c2cc(Cl)ccc21,,3033621.0,Drug_Name,4,ok,4,0
indomethacin,COc1ccc2c(c1)c(CC(=O)O)c(C)n2C(=O)c1ccc(Cl)cc1,,3715.0,Drug_Name,228,ok,228,0
clometacin,COc1ccc2c(C(=O)c3ccc(Cl)cc3)c(C)n(CC(=O)O)c2c1,,33176.0,Drug_Name,4,ok,4,0
setastine,CC(OCCN1CCCCCC1)(c1ccccc1)c1ccc(Cl)cc1,,43082.0,Drug_Name,0,ok,0,0
chlorisondamine,C[N+](C)(C)CC[N+]1(C)Cc2c(Cl)c(Cl)c(Cl)c(Cl)c2C1,,6244.0,Drug_Name,0,ok,0,0
bendamustine,Cn1c(CCCC(=O)O)nc2cc(N(CCCl)CCCl)ccc21,,65628.0,Drug_Name,83,ok,83,0
prednisone,CC12C=CC(=O)C=C1CCC1C2C(=O)CC2(C)C1CCC2(O)C(=O)CO,,5865.0,Drug_Name,207,ok,207,0
itopride,COc1ccc(C(=O)NCc2ccc(OCCN(C)C)cc2)cc1OC,,3792.0,Drug_Name,1,ok,1,0
cimetropium,C[N+]1(CC2CC2)C2CC(OC(=O)C(CO)c3ccccc3)CC1C1OC12,,20054871.0,Drug_Name,0,ok,0,0
cilastatin,CC1(C)CC1C(=O)N=C(CCCCCSCC(N)C(=O)O)C(=O)O,,6435415.0,Drug_Name,1,ok,1,0
dimethoxanate,CN(C)CCOCCOC(=O)N1c2ccccc2Sc2ccccc21,,10610.0,Drug_Name,0,ok,0,0
potassium canrenoate,CC12CCC(=O)C=C1C=CC1C2CCC2(C)C1CCC2(O)CCC(=O)O,,23671691.0,Drug_Name,2,ok,2,0
feclemine,CCN(CC)CC(CN(CC)CC)C(c1ccccc1)C1CCCCC1,,3030835.0,Drug_Name,0,ok,0,0
etoricoxib,Cc1ccc(-c2ncc(Cl)cc2-c2ccc(S(C)(=O)=O)cc2)cn1,,123619.0,Drug_Name,4,ok,4,0
capecitabine,CCCCCOC(=O)Nc1nc(=O)n(C2OC(C)C(O)C2O)cc1F,,60953.0,Drug_Name,223,ok,223,0
phentetramine,CN(CC(O)c1cccc(O)c1)c1nc2c(c(=O)n(C)c(=O)n2C)n1C,,86278184.0,Drug_Name,0,ok,0,0
grepafloxacin,Cc1c(F)c(N2CCNC(C)C2)cc2c1c(=O)c(C(=O)O)cn2C1CC1,,72474.0,Drug_Name,1,ok,1,0
adicillin,CC1(C)SC2C(NC(=O)CCCC(N)C(=O)O)C(=O)N2C1C(=O)O,,71724.0,Drug_Name,0,ok,0,0
cyclomethycaine,CC1CCCCN1CCCOC(=O)c1ccc(OC2CCCCC2)cc1,,10839.0,Drug_Name,0,ok,0,0
captodiame,CCCCSc1ccc(C(SCCN(C)C)c2ccccc2)cc1,,10240.0,Drug_Name,0,ok,0,0
triclabendazole,CSc1nc2cc(Cl)c(Oc3cccc(Cl)c3Cl)cc2[nH]1,,50248.0,Drug_Name,8,ok,8,0
methylclothiazide,CN1C(CCl)Nc2cc(Cl)c(S(N)(=O)=O)cc2S1(=O)=O,,4121.0,Drug_Name,30,ok,30,0
nadifloxacin,CC1CCc2c(N3CCC(O)CC3)c(F)cc3c(=O)c(C(=O)O)cn1c23,,4410.0,Drug_Name,1,ok,1,0
cortisone acetate,CC(=O)OCC(=O)C1(O)CCC2C3CC=C4CC(=O)CCC4(C)C3C(=O)CC21C,,5745.0,Drug_Name,6,ok,6,0
aldosterone,CC12CCC(=O)C=C1CCC1C2C(O)CC2(C=O)C(C(=O)CO)CCC12,,5839.0,Drug_Name,0,ok,0,0
scopolamine butylbromide,CCCC[N+]1(C)C2CC(OC(=O)C(CO)c3ccccc3)CC1C1OC12,,6852391.0,Drug_Name,0,ok,0,0
iloprost,CC#CCC(C)C(O)C=CC1C(O)CC2CC(=CCCCC(=O)O)CC21,,5311181.0,Drug_Name,2,ok,2,0
drostanolone propionate,CCC(=O)OC1CCC2C3CCC4CC(=O)C(C)CC4(C)C3CCC12C,,224004.0,Drug_Name,1,ok,1,0
cetalkonium chloride,CCCCCCCCCCCCCCCC[N+](C)(C)Cc1ccccc1,,31202.0,Drug_Name,6,ok,6,0
ethyl loflazepate,CCOC(=O)C1N=C(c2ccccc2F)c2cc(Cl)ccc2NC1=O,,3299.0,Drug_Name,12,ok,12,0
fenofibrate,CC(C)OC(=O)C(C)(C)Oc1ccc(C(=O)c2ccc(Cl)cc2)cc1,,3339.0,Drug_Name,193,ok,193,0
haletazole,CCN(CC)CCOc1ccc(-c2nc3cc(Cl)ccc3s2)cc1,,17457.0,Drug_Name,0,ok,0,0
levofloxacin,CC1COc2c(N3CCN(C)CC3)c(F)cc3c(=O)c(C(=O)O)cn1c23,,149096.0,Drug_Name,196,ok,196,0
haloprogin,Clc1cc(Cl)c(OCC#CI)cc1Cl,,3561.0,Drug_Name,1,ok,1,0
metampicillin,C=NC(C(=O)NC1C(=O)N2C1SC(C)(C)C2C(=O)O)c1ccccc1,,6713928.0,Drug_Name,1,ok,1,0
carbocromen,CCOC(=O)COc1ccc2c(C)c(CCN(CC)CC)c(=O)oc2c1,,12604.0,Drug_Name,0,ok,0,0
octocrylene,CCCCC(CC)COC(=O)C(C#N)=C(c1ccccc1)c1ccccc1,,22571.0,Drug_Name,1,ok,1,0
prenoxdiazine,c1ccc(C(Cc2noc(CCN3CCCCC3)n2)c2ccccc2)cc1,,120508.0,Drug_Name,0,ok,0,0
bezafibrate,CC(C)(Oc1ccc(CCNC(=O)c2ccc(Cl)cc2)cc1)C(=O)O,,39042.0,Drug_Name,4,ok,4,0
fosphenytoin,O=C1NC(c2ccccc2)(c2ccccc2)C(=O)N1COP(=O)(O)O,,56339.0,Drug_Name,119,ok,119,0
phthalylsulfacetamide,CC(=O)NS(=O)(=O)c1ccc(NC(=O)c2ccccc2C(=O)O)cc1,,8574.0,Drug_Name,2,ok,2,0
protirelin,NC(=O)C1CCCN1C(=O)C(Cc1c[nH]cn1)NC(=O)C1CCC(=O)N1,,638678.0,Drug_Name,3,ok,3,0
piretanide,NS(=O)(=O)c1cc(C(=O)O)cc(N2CCCC2)c1Oc1ccccc1,,4849.0,Drug_Name,0,ok,0,0
revaprazan,Cc1nc(Nc2ccc(F)cc2)nc(N2CCc3ccccc3C2C)c1C,,204104.0,Drug_Name,0,ok,0,0
hydrocortisone,CC12CCC(=O)C=C1CCC1C2C(O)CC2(C)C1CCC2(O)C(=O)CO,,5754.0,Drug_Name,101,ok,101,0
dexetimide,O=C1CCC(c2ccccc2)(C2CCN(Cc3ccccc3)CC2)C(=O)N1,,30843.0,Drug_Name,0,ok,0,0
viminol,CCC(C)N(CC(O)c1cccn1Cc1ccccc1Cl)C(C)CC,,65697.0,Drug_Name,0,ok,0,0
mexazolam,CC1COC2(c3ccccc3Cl)c3cc(Cl)ccc3NC(=O)CN12,,4177.0,Drug_Name,11,ok,11,0
rufloxacin,CN1CCN(c2c(F)cc3c(=O)c(C(=O)O)cn4c3c2SCC4)CC1,,58258.0,Drug_Name,1,ok,1,0
talinolol,CC(C)(C)NCC(O)COc1ccc(NC(=O)NC2CCCCC2)cc1,,68770.0,Drug_Name,2,ok,2,0
opipramol,OCCN1CCN(CCCN2c3ccccc3C=Cc3ccccc32)CC1,,9417.0,Drug_Name,2,ok,2,0
lapyrium chloride,CCCCCCCCCCCC(=O)OCCNC(=O)C[n+]1ccccc1,,22659.0,Drug_Name,0,ok,0,0
etofibrate,CC(C)(Oc1ccc(Cl)cc1)C(=O)OCCOC(=O)c1cccnc1,,65777.0,Drug_Name,0,ok,0,0
diaziquone,CCOC(=O)NC1=C(N2CC2)C(=O)C(NC(=O)OCC)=C(N2CC2)C1=O,,42616.0,Drug_Name,0,ok,0,0
pheneticillin,CC(Oc1ccccc1)C(=O)NC1C(=O)N2C1SC(C)(C)C2C(=O)O,,272833.0,Drug_Name,0,ok,0,0
bumetanide,CCCCNc1cc(C(=O)O)cc(S(N)(=O)=O)c1Oc1ccccc1,,2471.0,Drug_Name,17,ok,17,0
cyclofenil,CC(=O)Oc1ccc(C(=C2CCCCC2)c2ccc(OC(C)=O)cc2)cc1,,2898.0,Drug_Name,5,ok,5,0
tribuzone,CC(C)(C)C(=O)CCc1c(O)n(-c2ccccc2)n(-c2ccccc2)c1=O,,65605.0,Drug_Name,0,ok,0,0
quinestrol,C#CC1(O)CCC2C3CCc4cc(OC5CCCC5)ccc4C3CCC21C,,9046.0,Drug_Name,5,ok,5,0
benzoxonium chloride,CCCCCCCCCCCC[N+](CCO)(CCO)Cc1ccccc1,,29563.0,Drug_Name,2,ok,2,0
suclofenide,NS(=O)(=O)c1ccc(-n2c(O)cc(-c3ccccc3)c2O)c(Cl)c1,,72094.0,Drug_Name,0,ok,0,0
clostebol acetate,CC(=O)OC1CCC2C3CC=C4C(Cl)C(=O)CCC4(C)C3CCC12C,,13327.0,Drug_Name,0,ok,0,0
fludarabine phosphate,Nc1nc(F)nc2c1ncn2C1OC(COP(=O)(O)O)C(O)C1O,,30751.0,Drug_Name,8,ok,8,0
clofoctol,CC(C)(C)CC(C)(C)c1ccc(O)c(Cc2ccc(Cl)cc2Cl)c1,,2799.0,Drug_Name,0,ok,0,0
cefroxadine,COC1=C(C(=O)O)N2C(=O)C(NC(=O)C(N)C3=CCC=CC3)C2SC1,,5284529.0,Drug_Name,1,ok,1,0
amoxicillin,CC1(C)SC2C(NC(=O)C(N)c3ccc(O)cc3)C(=O)N2C1C(=O)O,,33613.0,Drug_Name,339,ok,339,0
alkofanone,Nc1ccc(S(=O)(=O)C(CC(=O)c2ccccc2)c2ccccc2)cc1,,24145.0,Drug_Name,0,ok,0,0
caroverine,CCN(CC)CCn1c(=O)c(Cc2ccc(OC)cc2)nc2ccccc21,,65709.0,Drug_Name,1,ok,1,0
trimetaphan,O=C1N(Cc2ccccc2)C2C[S+]3CCCC3C2N1Cc1ccccc1,,23576.0,Drug_Name,124,ok,124,0
clinafloxacin,NC1CCN(c2c(F)cc3c(=O)c(C(=O)O)cn(C4CC4)c3c2Cl)C1,,60063.0,Drug_Name,1,ok,1,0
indapamide,CC1Cc2ccccc2N1NC(=O)c1ccc(Cl)c(S(N)(=O)=O)c1,,3702.0,Drug_Name,1,ok,1,0
cyclovalone,COc1cc(C=C2CCCC(=Cc3ccc(O)c(OC)c3)C2=O)ccc1O,,11366.0,Drug_Name,2,ok,2,0
ilaprazole,COc1ccnc(C[S+]([O-])c2nc3cc(-n4cccc4)ccc3[nH]2)c1C,,214351.0,Drug_Name,0,ok,0,0
glibornuride,Cc1ccc(S(=O)(=O)NC(=O)NC2C3CCC(C)(C2O)C3(C)C)cc1,,12818200.0,Drug_Name,0,ok,0,0
drospirenone,CC12CCC(=O)C=C1C1CC1C1C2CCC2(C)C1C1CC1C21CCC(=O)O1,,68873.0,Drug_Name,103,ok,103,0
piminodine,CCOC(=O)C1(c2ccccc2)CCN(CCCNc2ccccc2)CC1,,21950.0,Drug_Name,0,ok,0,0
bepridil,CC(C)COCC(CN(Cc1ccccc1)c1ccccc1)N1CCCC1,,2351.0,Drug_Name,0,ok,0,0
pitofenone,COC(=O)c1ccccc1C(=O)c1ccc(OCCN2CCCCC2)cc1,,121098.0,Drug_Name,0,ok,0,0
dioxyline,CCOc1ccc(Cc2nc(C)cc3cc(OC)c(OC)cc23)cc1OC,,21878.0,Drug_Name,0,ok,0,0
bambuterol,CN(C)C(=O)Oc1cc(OC(=O)N(C)C)cc(C(O)CNC(C)(C)C)c1,,54766.0,Drug_Name,0,ok,0,0
tiracizine,CCOC(=O)Nc1ccc2c(c1)N(C(=O)CN(C)C)c1ccccc1CC2,,71264.0,Drug_Name,0,ok,0,0
phenoperidine,CCOC(=O)C1(c2ccccc2)CCN(CCC(O)c2ccccc2)CC1,,11226.0,Drug_Name,0,ok,0,0
fenbutrazate,CCC(C(=O)OCCN1CCOC(c2ccccc2)C1C)c1ccccc1,,20395.0,Drug_Name,0,ok,0,0
propiverine,CCCOC(C(=O)OC1CCN(C)CC1)(c1ccccc1)c1ccccc1,,4942.0,Drug_Name,0,ok,0,0
blonanserin,CCN1CCN(c2cc(-c3ccc(F)cc3)c3c(n2)CCCCCC3)CC1,,125564.0,Drug_Name,1,ok,1,0
diacerein,CC(=O)Oc1cccc2c1C(=O)c1c(OC(C)=O)cc(C(=O)O)cc1C2=O,,26248.0,Drug_Name,1,ok,1,0
cyclarbamate,O=C(Nc1ccccc1)OCC1(COC(=O)Nc2ccccc2)CCCC1,,72076.0,Drug_Name,0,ok,0,0
perindopril,CCCC(NC(C)C(=O)N1C(C(=O)O)CC2CCCCC21)C(=O)OCC,,107807.0,Drug_Name,7,ok,7,0
pyritinol,Cc1ncc(CSSCc2cnc(C)c(O)c2CO)c(CO)c1O,,14190.0,Drug_Name,4,ok,4,0
prasterone sulfate,CC12CCC3C(CC=C4CC(OS(=O)(=O)O)CCC43C)C1CCC2=O,,12594.0,Drug_Name,16,ok,16,0
carboprost,CCCCCC(C)(O)C=CC1C(O)CC(O)C1CC=CCCCC(=O)O,,5281075.0,Drug_Name,0,ok,0,0
cinnarizine,C(=Cc1ccccc1)CN1CCN(C(c2ccccc2)c2ccccc2)CC1,,1547484.0,Drug_Name,11,ok,11,0
cethexonium,CCCCCCCCCCCCCCCC[N+](C)(C)C1CCCCC1O,,110926.0,Drug_Name,0,ok,0,0
ketazolam,CC1=CC(=O)N2CC(=O)N(C)c3ccc(Cl)cc3C2(c2ccccc2)O1,,33746.0,Drug_Name,6,ok,6,0
etofenamate,O=C(OCCOCCO)c1ccccc1Nc1cccc(C(F)(F)F)c1,,35375.0,Drug_Name,4,ok,4,0
fleroxacin,CN1CCN(c2c(F)cc3c(=O)c(C(=O)O)cn(CCF)c3c2F)CC1,,3357.0,Drug_Name,1,ok,1,0
lansoprazole,Cc1c(OCC(F)(F)F)ccnc1C[S+]([O-])c1nc2ccccc2[nH]1,,3883.0,Drug_Name,85,ok,85,0
sulfadiasulfone,CC(=O)NS(=O)(=O)c1cc(N)ccc1S(=O)(=O)c1ccc(N)cc1,,31400.0,Drug_Name,0,ok,0,0
trimetrexate,COc1cc(NCc2ccc3nc(N)nc(N)c3c2C)cc(OC)c1OC,,5583.0,Drug_Name,112,ok,112,0
bulaquine,COc1cc(NC(C)CCCN=C(C)C2CCOC2=O)c2ncccc2c1,,9831444.0,Drug_Name,0,ok,0,0
cilostazol,O=C1CCc2cc(OCCCCc3nnnn3C3CCCCC3)ccc2N1,,2754.0,Drug_Name,133,ok,133,0
norgestimate,C#CC1(OC(C)=O)CCC2C3CCC4=CC(=NO)CCC4C3CCC21CC,,6540478.0,Drug_Name,40,ok,40,0
diprafenone,CCC(C)(C)NCC(O)COc1ccccc1C(=O)CCc1ccccc1,,71249.0,Drug_Name,0,ok,0,0
prajmalium,CCC[N+]12C(O)C(CC)C3CC1C1N(C)c4ccccc4C14CC2C3C4O,,76959818.0,Drug_Name,0,ok,0,0
tripamide,NS(=O)(=O)c1cc(C(=O)NN2CC3C4CCC(C4)C3C2)ccc1Cl,,5282210.0,Drug_Name,0,ok,0,0
flavodic acid,O=C(O)COc1cc(OCC(=O)O)c2c(=O)cc(-c3ccccc3)oc2c1,,71944.0,Drug_Name,0,ok,0,0
hydroxyestrone diacetate,CC(=O)Oc1ccc2c(c1)CCC1C2CCC2(C)C(=O)C(OC(C)=O)CC12,,102046.0,Drug_Name,1,ok,1,0
elcometrine,C=C1CC2C3CC=C4CC(=O)CCC4C3CCC2(C)C1(OC(C)=O)C(C)=O,,108059.0,Drug_Name,1,ok,1,0
nomegestrol acetate,CC(=O)OC1(C(C)=O)CCC2C3=CC(C)=C4CC(=O)CCC4C3CCC21C,,91668.0,Drug_Name,2,ok,2,0
oxypendyl,OCCN1CCN(CCCN2c3ccccc3Sc3cccnc32)CC1,,168893.0,Drug_Name,0,ok,0,0
penmesterol,CC12CCC(OC3CCCC3)=CC1=CCC1C2CCC2(C)C1CCC2(C)O,,20054971.0,Drug_Name,0,ok,0,0
rebamipide,O=C(NC(Cc1cc(=O)[nH]c2ccccc12)C(=O)O)c1ccc(Cl)cc1,,5042.0,Drug_Name,1,ok,1,0
azosemide,NS(=O)(=O)c1cc(-c2nn[nH]n2)c(NCc2cccs2)cc1Cl,,2273.0,Drug_Name,0,ok,0,0
lorcainide,CC(C)N1CCC(N(C(=O)Cc2ccccc2)c2ccc(Cl)cc2)CC1,,42884.0,Drug_Name,0,ok,0,0
remoxipride,CCN1CCCC1CNC(=O)c1c(OC)ccc(Br)c1OC,,54477.0,Drug_Name,0,ok,0,0
azaribine,CC(=O)OCC1OC(n2ncc(=O)[nH]c2=O)C(OC(C)=O)C1OC(C)=O,,16574.0,Drug_Name,0,ok,0,0
nedocromil,CCCc1c2oc(C(=O)O)cc(=O)c2cc2c(=O)cc(C(=O)O)n(CC)c12,,50294.0,Drug_Name,1,ok,1,0
amocarzine,CN1CCN(C(=S)Nc2ccc(Nc3ccc([N+](=O)[O-])cc3)cc2)CC1,,5464102.0,Drug_Name,0,ok,0,0
tamoxifen,CCC(=C(c1ccccc1)c1ccc(OCCN(C)C)cc1)c1ccccc1,,2733526.0,Drug_Name,240,ok,240,0
arotinolol,CC(C)(C)NCC(O)CSc1nc(-c2ccc(C(N)=O)s2)cs1,,2239.0,Drug_Name,0,ok,0,0
camazepam,CN(C)C(=O)OC1N=C(c2ccccc2)c2cc(Cl)ccc2N(C)C1=O,,37367.0,Drug_Name,14,ok,14,0
lornoxicam,CN1C(C(=O)Nc2ccccn2)C(=O)c2sc(Cl)cc2S1(=O)=O,,54690031.0,Drug_Name,1,ok,1,0
trazodone,O=c1n(CCCN2CCN(c3cccc(Cl)c3)CC2)nc2ccccn12,,5533.0,Drug_Name,145,ok,145,0
exisulind,CC1=C(CC(=O)O)c2cc(F)ccc2C1=Cc1ccc(S(C)(=O)=O)cc1,,5472495.0,Drug_Name,0,ok,0,0
medroxalol,CC(CCc1ccc2c(c1)OCO2)NCC(O)c1ccc(O)c(C(N)=O)c1,,41835.0,Drug_Name,0,ok,0,0
aminoquinuride,Cc1cc(N)c2cc(NC(=O)Nc3ccc4nc(C)cc(N)c4c3)ccc2n1,,71166.0,Drug_Name,0,ok,0,0
prednylidene,C=C1CC2C3CC=C4CC(=O)C=CC4(C)C3C(O)CC2(C)C1(O)C(=O)CO,,20055008.0,Drug_Name,0,ok,0,0
meprednisone,CC1CC2C3CC=C4CC(=O)C=CC4(C)C3C(=O)CC2(C)C1(O)C(=O)CO,,5284587.0,Drug_Name,1,ok,1,0
desoxycorticosterone acetate,CC(=O)OCC(=O)C1CCC2C3CC=C4CC(=O)CCC4(C)C3CCC12C,,5952.0,Drug_Name,1,ok,1,0
anagestone acetate,CC(=O)OC1(C(C)=O)CCC2C3CC(C)C4=CCCCC4(C)C3CCC21C,,252301.0,Drug_Name,0,ok,0,0
finasteride,CC(C)(C)NC(=O)C1CCC2C3CCC4NC(=O)C=CC4(C)C3CCC12C,,57363.0,Drug_Name,73,ok,73,0
oxametacin,COc1ccc2c(c1)c(CC(O)=NO)c(C)n2C(=O)c1ccc(Cl)cc1,,33675.0,Drug_Name,0,ok,0,0
glafenine,O=C(OCC(O)CO)c1ccccc1Nc1ccnc2cc(Cl)ccc12,,3474.0,Drug_Name,3,ok,3,0
prasugrel,CC(=O)Oc1cc2c(s1)CCN(C(C(=O)C1CC1)c1ccccc1F)C2,,6918456.0,Drug_Name,124,ok,124,0
bunazosin,CCCC(=O)N1CCCN(c2nc(N)c3cc(OC)c(OC)cc3n2)CC1,,2472.0,Drug_Name,0,ok,0,0
clebopride,COc1cc(N)c(Cl)cc1C(=O)NC1CCN(Cc2ccccc2)CC1,,2780.0,Drug_Name,1,ok,1,0
trospectomycin,CCCCC1CC(=O)C2(O)OC3C(NC)C(O)C(NC)C(O)C3OC2O1,,55886.0,Drug_Name,0,ok,0,0
methylprednisolone,CC1=C2CC(=O)C=CC2(C)C2C(O)CC3(C)C(CCC3(O)C(=O)CO)C2C1,,6741.0,Drug_Name,177,ok,177,0
cicaprost,CCC#CCC(C)C(O)C#CC1C(O)CC2CC(=CCOCC(=O)O)CC21,,5311044.0,Drug_Name,0,ok,0,0
artisone acetate,CC(=O)OCC(=O)C1CCC2C3CC=C4CC(O)CCC4(C)C3CCC12C,,248856.0,Drug_Name,0,ok,0,0
cyproterone acetate,CC(=O)OC1(C(C)=O)CCC2C3=CC(Cl)=C4CC(=O)C5CC5C4(C)C3CCC21C,,9880.0,Drug_Name,210,ok,210,0
theodrenaline,Cn1c(=O)c2c(ncn2CCNCC(O)c2ccc(O)c(O)c2)n(C)c1=O,,71857.0,Drug_Name,0,ok,0,0
azidocillin,CC1(C)SC2C(NC(=O)C(N=[N+]=[N-])c3ccccc3)C(=O)N2C1C(=O)O,,15574941.0,Drug_Name,0,ok,0,0
pipamperone,NC(=O)C1(N2CCCCC2)CCN(CCCC(=O)c2ccc(F)cc2)CC1,,4830.0,Drug_Name,3,ok,3,0
haloperidol,O=C(CCCN1CCC(O)(c2ccc(Cl)cc2)CC1)c1ccc(F)cc1,,3559.0,Drug_Name,431,ok,431,0
riboflavin,Cc1cc2nc3c(=O)[nH]c(=O)nc-3n(CC(O)C(O)C(O)CO)c2cc1C,,493570.0,Drug_Name,132,ok,132,0
picotamide,COc1ccc(C(=O)NCc2cccnc2)cc1C(=O)NCc1cccnc1,,4814.0,Drug_Name,0,ok,0,0
remifentanil,CCC(=O)N(c1ccccc1)C1(C(=O)OC)CCN(CCC(=O)OC)CC1,,60815.0,Drug_Name,143,ok,143,0
enalapril,CCOC(=O)C(CCc1ccccc1)NC(C)C(=O)N1CCCC1C(=O)O,,5388962.0,Drug_Name,221,ok,221,0
fluocortolone,CC1CC2C3CC(F)C4=CC(=O)C=CC4(C)C3C(O)CC2(C)C1C(=O)CO,,9053.0,Drug_Name,2,ok,2,0
estradiol benzoate,CC12CCC3c4ccc(OC(=O)c5ccccc5)cc4CCC3C1CCC2O,,222757.0,Drug_Name,3,ok,3,0
hexcarbacholine,C[N+](C)(C)CCOC(=O)NCCCCCCNC(=O)OCC[N+](C)(C)C,,71496.0,Drug_Name,0,ok,0,0
lauroguadine,CCCCCCCCCCCCOc1ccc(N=C(N)N)cc1N=C(N)N,,3038489.0,Drug_Name,0,ok,0,0
flutazolam,O=C1CN2CCOC2(c2ccccc2F)c2cc(Cl)ccc2N1CCO,,3398.0,Drug_Name,0,ok,0,0
haloxazolam,O=C1CN2CCOC2(c2ccccc2F)c2cc(Br)ccc2N1,,3563.0,Drug_Name,11,ok,11,0
morazone,Cc1c(CN2CCOC(c3ccccc3)C2C)c(=O)n(-c2ccccc2)n1C,,39609.0,Drug_Name,0,ok,0,0
sulfinalol,COc1ccc(CCC(C)NCC(O)c2ccc(O)c([S+](C)[O-])c2)cc1,,44439.0,Drug_Name,0,ok,0,0
domitroban,O=C(O)CCCC=CCC1C2CCC(C2)C1NS(=O)(=O)c1ccccc1,,5312138.0,Drug_Name,0,ok,0,0
famprofazone,CC(C)c1c(CCN(C)C(C)Cc2ccccc2)n(C)n(-c2ccccc2)c1=O,,3326.0,Drug_Name,1,ok,1,0
ronifibrate,CC(C)(Oc1ccc(Cl)cc1)C(=O)OCCCOC(=O)c1cccnc1,,68671.0,Drug_Name,0,ok,0,0
etoperidone,CCc1nn(CCCN2CCN(c3cccc(Cl)c3)CC2)c(=O)n1CC,,40589.0,Drug_Name,0,ok,0,0
ambroxol,Nc1c(Br)cc(Br)cc1CNC1CCC(O)CC1,,2132.0,Drug_Name,0,ok,0,0
mefloquine,OC(c1cc(C(F)(F)F)nc2c(C(F)(F)F)cccc12)C1CCCCN1,,4046.0,Drug_Name,119,ok,119,0
carbenicillin,CC1(C)SC2C(NC(=O)C(C(=O)O)c3ccccc3)C(=O)N2C1C(=O)O,,20824.0,Drug_Name,94,ok,94,0
fluprednisolone,CC12C=CC(=O)C=C1C(F)CC1C2C(O)CC2(C)C1CCC2(O)C(=O)CO,,5876.0,Drug_Name,25,ok,25,0
propicillin,CCC(Oc1ccccc1)C(=O)NC1C(=O)N2C1SC(C)(C)C2C(=O)O,,92879.0,Drug_Name,0,ok,0,0
droperidol,O=C(CCCN1CC=C(n2c(=O)[nH]c3ccccc32)CC1)c1ccc(F)cc1,,3168.0,Drug_Name,216,ok,216,0
donepezil,COc1cc2c(cc1OC)C(=O)C(CC1CCN(Cc3ccccc3)CC1)C2,,3152.0,Drug_Name,270,ok,270,0
celiprolol,CCN(CC)C(=O)Nc1ccc(OCC(O)CNC(C)(C)C)c(C(C)=O)c1,,2663.0,Drug_Name,0,ok,0,0
etomidoline,CCN1C(=O)c2ccccc2C1Nc1ccc(OCCN2CCCCC2)cc1,,3309.0,Drug_Name,0,ok,0,0
oxypertine,COc1cc2[nH]c(C)c(CCN3CCN(c4ccccc4)CC3)c2cc1OC,,4640.0,Drug_Name,0,ok,0,0
cyclopenthiazide,NS(=O)(=O)c1cc2c(cc1Cl)NC(CC1CCCC1)NS2(=O)=O,,2904.0,Drug_Name,5,ok,5,0
coumetarol,COCC(c1c(O)c2ccccc2oc1=O)c1c(O)c2ccccc2oc1=O,,54716150.0,Drug_Name,0,ok,0,0
meticillin,COc1cccc(OC)c1C(=O)NC1C(=O)N2C1SC(C)(C)C2C(=O)O,,6087.0,Drug_Name,78,ok,78,0
scarlet red,Cc1ccccc1N=Nc1ccc(N=Nc2c(O)ccc3ccccc23)c(C)c1,,62330.0,Drug_Name,0,ok,0,0
fludrocortisone acetate,CC(=O)OCC(=O)C1(O)CCC2C3CC=C4CC(=O)CCC4(C)C3(F)C(O)CC21C,,225609.0,Drug_Name,6,ok,6,0
amosulalol,COc1ccccc1OCCNCC(O)c1ccc(C)c(S(N)(=O)=O)c1,,2169.0,Drug_Name,0,ok,0,0
bopindolol,Cc1cc2c(OCC(CNC(C)(C)C)OC(=O)c3ccccc3)cccc2[nH]1,,44112.0,Drug_Name,0,ok,0,0
ecabet,CC(C)c1cc2c(cc1S(=O)(=O)O)C1(C)CCCC(C)(C(=O)O)C1CC2,,65781.0,Drug_Name,0,ok,0,0
limaprost,CCCCC(C)CC(O)C=CC1C(O)CC(=O)C1CCCCC=CC(=O)O,,6438378.0,Drug_Name,1,ok,1,0
eprazinone,CCOC(CN1CCN(CC(C)C(=O)c2ccccc2)CC1)c1ccccc1,,3245.0,Drug_Name,0,ok,0,0
trichlormethiazide,NS(=O)(=O)c1cc2c(cc1Cl)NC(C(Cl)Cl)NS2(=O)=O,,5560.0,Drug_Name,57,ok,57,0
chlorotrianisene,COc1ccc(C(Cl)=C(c2ccc(OC)cc2)c2ccc(OC)cc2)cc1,,11289.0,Drug_Name,26,ok,26,0
celecoxib,Cc1ccc(-c2cc(C(F)(F)F)nn2-c2ccc(S(N)(=O)=O)cc2)cc1,,2662.0,Drug_Name,148,ok,148,0
fendosal,O=C(O)c1cc(-n2c(-c3ccccc3)cc3c2CCc2ccccc2-3)ccc1O,,40821.0,Drug_Name,0,ok,0,0
benperidol,O=C(CCCN1CCC(n2c(=O)[nH]c3ccccc32)CC1)c1ccc(F)cc1,,16363.0,Drug_Name,26,ok,26,0
micinicate,CC1CC(OC(=O)C(OC(=O)c2cccnc2)c2ccccc2)CC(C)(C)C1,,20055289.0,Drug_Name,0,ok,0,0
econazole,Clc1ccc(COC(Cn2ccnc2)c2ccc(Cl)cc2Cl)cc1,,3198.0,Drug_Name,8,ok,8,0
mebutizide,CCC(C)C(C)C1Nc2cc(Cl)c(S(N)(=O)=O)cc2S(=O)(=O)N1,,71652.0,Drug_Name,0,ok,0,0
tofisopam,CCC1C(C)=NN=C(c2ccc(OC)c(OC)c2)c2cc(OC)c(OC)cc21,,5502.0,Drug_Name,6,ok,6,0
alpiropride,C=CCN1CCCC1CNC(=O)c1cc(S(=O)(=O)NC)c(N)cc1OC,,71253.0,Drug_Name,0,ok,0,0
pyrvinium,Cc1cc(C=Cc2ccc3cc(N(C)C)ccc3[n+]2C)c(C)n1-c1ccccc1,,5281035.0,Drug_Name,22,ok,22,0
misoprostol,CCCCC(C)(O)CC=CC1C(O)CC(=O)C1CCCCCCC(=O)OC,,5282381.0,Drug_Name,116,ok,116,0
mefruside,CN(CC1(C)CCCO1)S(=O)(=O)c1ccc(Cl)c(S(N)(=O)=O)c1,,4047.0,Drug_Name,2,ok,2,0
loratadine,CCOC(=O)N1CCC(=C2c3ccc(Cl)cc3CCc3cccnc32)CC1,,3957.0,Drug_Name,109,ok,109,0
ceftizoxime,CON=C(C(=O)NC1C(=O)N2C(C(=O)O)=CCSC12)c1csc(N)n1,,6533629.0,Drug_Name,2,ok,2,0
veralipride,C=CCN1CCCC1CNC(=O)c1cc(S(N)(=O)=O)cc(OC)c1OC,,47979.0,Drug_Name,1,ok,1,0
meropenem,CC(O)C1C(=O)N2C(C(=O)O)=C(SC3CNC(C(=O)N(C)C)C3)C(C)C12,,441130.0,Drug_Name,138,ok,138,0
tandospirone,Oc1c2c(c(O)n1CCCCN1CCN(c3ncccn3)CC1)C1CCC2C1,,91273.0,Drug_Name,1,ok,1,0
quetiapine,OCCOCCN1CCN(C2=Nc3ccccc3Sc3ccccc32)CC1,,5002.0,Drug_Name,156,ok,156,0
naftidrofuryl,CCN(CC)CCOC(=O)C(Cc1cccc2ccccc12)CC1CCCO1,,4417.0,Drug_Name,8,ok,8,0
denaverine,CCC(CC)COC(C(=O)OCCN(C)C)(c1ccccc1)c1ccccc1,,71130.0,Drug_Name,0,ok,0,0
melinamide,CCCCCC=CCC=CCCCCCCCC(=O)NC(C)c1ccccc1,,20054967.0,Drug_Name,0,ok,0,0
altizide,C=CCSCC1Nc2cc(Cl)c(S(N)(=O)=O)cc2S(=O)(=O)N1,,2122.0,Drug_Name,0,ok,0,0
bortezomib,CC(C)CC(NC(=O)C(Cc1ccccc1)NC(=O)c1cnccn1)B(O)O,,387447.0,Drug_Name,120,ok,120,0
artesunate,CC1CCC2C(C)C(OC(=O)CCC(=O)O)OC3OC4(C)CCC1C32OO4,,6917864.0,Drug_Name,124,ok,124,0
ticarcillin,CC1(C)SC2C(NC(=O)C(C(=O)O)c3ccsc3)C(=O)N2C1C(=O)O,,36921.0,Drug_Name,20,ok,20,0
bufogenin,CC12CCC(O)CC1CCC1C2CCC2(C)C(c3ccc(=O)oc3)CC3OC312,,6917974.0,Drug_Name,1,ok,1,0
estradiol dipropionate,CCC(=O)Oc1ccc2c(c1)CCC1C2CCC2(C)C(OC(=O)CC)CCC12,,8225.0,Drug_Name,2,ok,2,0
zipeprol,COC(CN1CCN(CC(O)C(OC)c2ccccc2)CC1)c1ccccc1,,36910.0,Drug_Name,6,ok,6,0
perimetazine,COc1ccc2c(c1)N(CC(C)CN1CCC(O)CC1)c1ccccc1S2,,62870.0,Drug_Name,0,ok,0,0
estradiol enanthate,CCCCCCC(=O)OC1CCC2C3CCc4cc(O)ccc4C3CCC12C,,21070.0,Drug_Name,4,ok,4,0
ibutilide,CCCCCCCN(CC)CCCC(O)c1ccc(NS(C)(=O)=O)cc1,,60753.0,Drug_Name,95,ok,95,0
nilvadipine,COC(=O)C1=C(C#N)N=C(C)C(C(=O)OC(C)C)C1c1cccc([N+](=O)[O-])c1,,4494.0,Drug_Name,1,ok,1,0
bamifylline,CCN(CCO)CCn1c(Cc2ccccc2)nc2c1c(=O)n(C)c(=O)n2C,,16229.0,Drug_Name,1,ok,1,0
racecadotril,CC(=O)SCC(Cc1ccccc1)C(=O)NCC(=O)OCc1ccccc1,,107751.0,Drug_Name,2,ok,2,0
fosfluconazole,O=P(O)(O)OC(Cn1cncn1)(Cn1cncn1)c1ccc(F)cc1F,,214356.0,Drug_Name,2,ok,2,0
piposulfan,CS(=O)(=O)OCCC(=O)N1CCN(C(=O)CCOS(C)(=O)=O)CC1,,17458.0,Drug_Name,0,ok,0,0
anecortave,CC(=O)OCC(=O)C1(O)CCC2C3CC=C4CC(=O)CCC4(C)C3=CCC21C,,7074810.0,Drug_Name,0,ok,0,0
medibazine,c1ccc(C(c2ccccc2)N2CCN(Cc3ccc4c(c3)OCO4)CC2)cc1,,30974.0,Drug_Name,0,ok,0,0
sufentanil,CCC(=O)N(c1ccccc1)C1(COC)CCN(CCc2cccs2)CC1,,41693.0,Drug_Name,148,ok,148,0
mesoridazine,CN1CCCCC1CCN1c2ccccc2Sc2ccc([S+](C)[O-])cc21,,4078.0,Drug_Name,75,ok,75,0
quazepam,Fc1ccccc1C1=NCC(=S)N(CC(F)(F)F)c2ccc(Cl)cc21,,4999.0,Drug_Name,25,ok,25,0
mebrofenin,Cc1cc(C)c(NC(=O)CN(CC(=O)O)CC(=O)O)c(C)c1Br,,54158.0,Drug_Name,1,ok,1,0
trimebutine,CCC(COC(=O)c1cc(OC)c(OC)c(OC)c1)(c1ccccc1)N(C)C,,5573.0,Drug_Name,1,ok,1,0
urapidil,COc1ccccc1N1CCN(CCCNc2cc(=O)n(C)c(=O)n2C)CC1,,5639.0,Drug_Name,1,ok,1,0
gusperimus,N=C(N)NCCCCCCC(=O)NC(=O)C(O)NCCCCNCCCN,,55362.0,Drug_Name,0,ok,0,0
tioconazole,Clc1ccc(C(Cn2ccnc2)OCc2ccsc2Cl)c(Cl)c1,,5482.0,Drug_Name,13,ok,13,0
benzylhydrochlorothiazide,NS(=O)(=O)c1cc2c(cc1Cl)NC(Cc1ccccc1)NS2(=O)=O,,2348.0,Drug_Name,0,ok,0,0
nemonapride,CNc1cc(OC)c(C(=O)NC2CCN(Cc3ccccc3)C2C)cc1Cl,,156333.0,Drug_Name,1,ok,1,0
oxantel,CN1CCCN=C1C=Cc1cccc(O)c1,,5281087.0,Drug_Name,2,ok,2,0
aranidipine,COC(=O)C1=C(C)N=C(C)C(C(=O)OCC(C)=O)C1c1ccccc1[N+](=O)[O-],,2225.0,Drug_Name,0,ok,0,0
visnadine,CCC(C)C(=O)OC1C(OC(C)=O)c2c(ccc3ccc(=O)oc23)OC1(C)C,,442151.0,Drug_Name,2,ok,2,0
trimethobenzamide,COc1cc(C(=O)NCc2ccc(OCCN(C)C)cc2)cc(OC)c1OC,,5577.0,Drug_Name,37,ok,37,0
benzalkonium,CCCCCCCCCCCC[N+](C)(C)Cc1ccccc1,,2330.0,Drug_Name,0,ok,0,0
zopiclone,CN1CCN(C(=O)OC2c3nccnc3C(=O)N2c2ccc(Cl)cn2)CC1,,5735.0,Drug_Name,10,ok,10,0
fipexide,O=C(COc1ccc(Cl)cc1)N1CCN(Cc2ccc3c(c2)OCO3)CC1,,3351.0,Drug_Name,6,ok,6,0
cetirizine,O=C(O)COCCN1CCN(C(c2ccccc2)c2ccc(Cl)cc2)CC1,,2678.0,Drug_Name,153,ok,153,0
gemifloxacin,CON=C1CN(c2nc3c(cc2F)c(=O)c(C(=O)O)cn3C2CC2)CC1CN,,9571107.0,Drug_Name,81,ok,81,0
tadalafil,CN1CC(=O)N2C(Cc3c([nH]c4ccccc34)C2c2ccc3c(c2)OCO3)C1=O,,110635.0,Drug_Name,129,ok,129,0
reproterol,Cn1c(=O)c2c(ncn2CCCNCC(O)c2cc(O)cc(O)c2)n(C)c1=O,,25654.0,Drug_Name,2,ok,2,0
balofloxacin,CNC1CCCN(c2c(F)cc3c(=O)c(C(=O)O)cn(C4CC4)c3c2OC)C1,,65958.0,Drug_Name,0,ok,0,0
hetacillin,CC1(C)SC2C(N3C(=O)C(c4ccccc4)NC3(C)C)C(=O)N2C1C(=O)O,,443387.0,Drug_Name,1,ok,1,0
cyclothiazide,NS(=O)(=O)c1cc2c(cc1Cl)NC(C1CC3C=CC1C3)NS2(=O)=O,,2910.0,Drug_Name,45,ok,45,0
treprostinil,CCCCCC(O)CCC1C(O)CC2Cc3c(cccc3OCC(=O)O)CC21,,6918140.0,Drug_Name,5,ok,5,0
oxamarin,CCN(CC)CCOc1cc2oc(=O)cc(C)c2cc1OCCN(CC)CC,,27190.0,Drug_Name,0,ok,0,0
meclozine,Cc1cccc(CN2CCN(C(c3ccccc3)c3ccc(Cl)cc3)CC2)c1,,4034.0,Drug_Name,94,ok,94,0
flavoxate,Cc1c(-c2ccccc2)oc2c(C(=O)OCCN3CCCCC3)cccc2c1=O,,3354.0,Drug_Name,2,ok,2,0
biriperone,O=C(CCCN1CCN2Cc3[nH]c4ccccc4c3CC2C1)c1ccc(F)cc1,,68663.0,Drug_Name,0,ok,0,0
dimetotiazine,CC(CN1c2ccccc2Sc2ccc(S(=O)(=O)N(C)C)cc21)N(C)C,,3089.0,Drug_Name,0,ok,0,0
dithiazanine,CCN1C(=CC=CC=Cc2sc3ccccc3[n+]2CC)Sc2ccccc21,,5473758.0,Drug_Name,0,ok,0,0
cinepazet,CCOC(=O)CN1CCN(C(=O)C=Cc2cc(OC)c(OC)c(OC)c2)CC1,,6434395.0,Drug_Name,1,ok,1,0
paramethasone acetate,CC(=O)OCC(=O)C1(O)C(C)CC2C3CC(F)C4=CC(=O)C=CC4(C)C3C(O)CC21C,,443928.0,Drug_Name,1,ok,1,0
naftopidil,COc1ccccc1N1CCN(CC(O)COc2cccc3ccccc23)CC1,,4418.0,Drug_Name,1,ok,1,0
trospium,O=C(OC1CC2CCC(C1)[N+]21CCCC1)C(O)(c1ccccc1)c1ccccc1,,5284632.0,Drug_Name,4,ok,4,0
tiotropium bromide,C[N+]1(C)C2CC(OC(=O)C(O)(c3cccs3)c3cccs3)CC1C1OC12,,5487426.0,Drug_Name,0,ok,0,0
dextromoramide,CC(CN1CCOCC1)C(C(=O)N1CCCC1)(c1ccccc1)c1ccccc1,,92943.0,Drug_Name,0,ok,0,0
chloroprednisone,CC12C=CC(=O)C=C1C(Cl)CC1C2C(=O)CC2(C)C1CCC2(O)C(=O)CO,,3034026.0,Drug_Name,0,ok,0,0
cloprednol,CC12C=CC(=O)C=C1C(Cl)=CC1C2C(O)CC2(C)C1CCC2(O)C(=O)CO,,5284535.0,Drug_Name,1,ok,1,0
rubitecan,CCC1(O)C(=O)OCc2c1cc1n(c2=O)Cc2cc3c([N+](=O)[O-])cccc3nc2-1,,472335.0,Drug_Name,2,ok,2,0
sulfaloxic acid,O=C(NCO)NS(=O)(=O)c1ccc(NC(=O)c2ccccc2C(=O)O)cc1,,65610.0,Drug_Name,0,ok,0,0
erlotinib,C#Cc1cccc(Nc2ncnc3cc(OCCOC)c(OCCOC)cc23)c1,,176870.0,Drug_Name,110,ok,110,0
brotizolam,Cc1nnc2n1-c1sc(Br)cc1C(c1ccccc1Cl)=NC2,,2451.0,Drug_Name,13,ok,13,0
metaclazepam,COCC1CN=C(c2ccccc2Cl)c2cc(Br)ccc2N1C,,71272.0,Drug_Name,0,ok,0,0
besifloxacin,NC1CCCCN(c2c(F)cc3c(=O)c(C(=O)O)cn(C4CC4)c3c2Cl)C1,,10178705.0,Drug_Name,0,ok,0,0
ambuside,C=CCNS(=O)(=O)c1cc(S(N)(=O)=O)c(Cl)cc1N=CCC(C)=O,,5359940.0,Drug_Name,0,ok,0,0
diflucortolone,CC1CC2C3CC(F)C4=CC(=O)C=CC4(C)C3(F)C(O)CC2(C)C1C(=O)CO,,11954369.0,Drug_Name,0,ok,0,0
fluacizine,CCN(CC)CCC(=O)N1c2ccccc2Sc2ccc(C(F)(F)F)cc21,,161562.0,Drug_Name,0,ok,0,0
ketanserin,O=C(c1ccc(F)cc1)C1CCN(CCn2c(=O)[nH]c3ccccc3c2=O)CC1,,3822.0,Drug_Name,5,ok,5,0
vesnarinone,COc1ccc(C(=O)N2CCN(c3ccc4c(c3)CCC(=O)N4)CC2)cc1OC,,5663.0,Drug_Name,0,ok,0,0
spiperone,O=C(CCCN1CCC2(CC1)C(=O)NCN2c1ccccc1)c1ccc(F)cc1,,5265.0,Drug_Name,2,ok,2,0
ethaverine,CCOc1ccc(Cc2nccc3cc(OCC)c(OCC)cc23)cc1OCC,,3280.0,Drug_Name,2,ok,2,0
quinagolide,CCCN1CC(NS(=O)(=O)N(CC)CC)CC2Cc3c(O)cccc3CC21,,3086401.0,Drug_Name,0,ok,0,0
cloricromen,CCOC(=O)COc1ccc2c(C)c(CCN(CC)CC)c(=O)oc2c1Cl,,68876.0,Drug_Name,1,ok,1,0
cefalotin,CC(=O)OCC1=C(C(=O)O)N2C(=O)C(NC(=O)Cc3cccs3)C2SC1,,6024.0,Drug_Name,140,ok,140,0
diiodohydroxyquinoline,Oc1c(I)cc(I)c2cccnc12,,3728.0,Drug_Name,55,ok,55,0
cefetamet,CON=C(C(=O)NC1C(=O)N2C(C(=O)O)=C(C)CSC12)c1csc(N)n1,,5487888.0,Drug_Name,1,ok,1,0
diperodon,O=C(Nc1ccccc1)OCC(CN1CCCCC1)OC(=O)Nc1ccccc1,,10831.0,Drug_Name,1,ok,1,0
drotaverine,CCOc1ccc(CC2=NCCc3cc(OCC)c(OCC)cc32)cc1OCC,,1712095.0,Drug_Name,0,ok,0,0
timiperone,O=C(CCCN1CCC(n2c(=S)[nH]c3ccccc32)CC1)c1ccc(F)cc1,,3033151.0,Drug_Name,0,ok,0,0
sulconazole,Clc1ccc(CSC(Cn2ccnc2)c2ccc(Cl)cc2Cl)cc1,,5318.0,Drug_Name,0,ok,0,0
melarsoprol,Nc1nc(N)nc(Nc2ccc([As]3SCC(CO)S3)cc2)n1,,10311.0,Drug_Name,2,ok,2,0
sulfasalazine,O=C(O)c1cc(N=Nc2ccc(S(=O)(=O)Nc3ccccn3)cc2)ccc1O,,5339.0,Drug_Name,0,ok,0,0
camostat,CN(C)C(=O)COC(=O)Cc1ccc(OC(=O)c2ccc(N=C(N)N)cc2)cc1,,2536.0,Drug_Name,0,ok,0,0
bisantrene,C(=NNC1=NCCN1)c1c2ccccc2c(C=NNC2=NCCN2)c2ccccc12,,5351322.0,Drug_Name,0,ok,0,0
sunitinib,C=c1c(C(=O)NCCN(CC)CC)c(C)[nH]c1=Cc1c(O)[nH]c2ccc(F)cc12,,5329102.0,Drug_Name,83,ok,83,0
flutropium,C[N+]1(CCF)C2CCC1CC(OC(=O)C(O)(c1ccccc1)c1ccccc1)C2,,656603.0,Drug_Name,0,ok,0,0
beraprost,CC#CCC(C)C(O)C=CC1C(O)CC2Oc3c(CCCC(=O)O)cccc3C21,,6917951.0,Drug_Name,0,ok,0,0
pholcodine,CN1CCC23c4c5ccc(OCCN6CCOCC6)c4OC2C(O)C=CC3C1C5,,5311356.0,Drug_Name,4,ok,4,0
dimorpholamine,CCCCN(CCN(CCCC)C(=O)N1CCOCC1)C(=O)N1CCOCC1,,3091.0,Drug_Name,0,ok,0,0
pentagestrone,CC(=O)C1(O)CCC2C3CC=C4C=C(OC5CCCC5)CCC4(C)C3CCC21C,,3047827.0,Drug_Name,0,ok,0,0
dihydrotachysterol,CC1CCC(O)CC1=CC=C1CCCC2(C)C1CCC2C(C)C=CC(C)C(C)C,,5311071.0,Drug_Name,65,ok,65,0
colchicine,COc1cc2c(c(OC)c1OC)-c1ccc(OC)c(=O)cc1C(NC(C)=O)CC2,,6167.0,Drug_Name,303,ok,303,0
ademetionine,C[S+](CCC(N)C(=O)[O-])CC1OC(n2cnc3c(N)ncnc32)C(O)C1O,,34755.0,Drug_Name,12,ok,12,0
pipazetate,O=C(OCCOCCN1CCCCC1)N1c2ccccc2Sc2cccnc21,,22425.0,Drug_Name,0,ok,0,0
thiethylperazine,CCSc1ccc2c(c1)N(CCCN1CCN(C)CC1)c1ccccc1S2,,5440.0,Drug_Name,26,ok,26,0
mepacrine,CCN(CC)CCCC(C)Nc1c2ccc(Cl)cc2nc2ccc(OC)cc12,,237.0,Drug_Name,74,ok,74,0
enprostil,COC(=O)CCC=C=CCC1C(=O)CC(O)C1C=CC(O)COc1ccccc1,,9978336.0,Drug_Name,0,ok,0,0
fursultiamine,CC(=C(CCO)SSCC1CCCO1)N(C=O)Cc1cnc(C)nc1N,,3002119.0,Drug_Name,2,ok,2,0
tiocarlide,CC(C)CCOc1ccc(NC(=S)Nc2ccc(OCCC(C)C)cc2)cc1,,3001386.0,Drug_Name,0,ok,0,0
gefarnate,CC(C)=CCCC(C)=CCCC(C)=CCCC(=O)OCC=C(C)CCC=C(C)C,,5282182.0,Drug_Name,0,ok,0,0
oxyphenisatine acetate,CC(=O)Oc1ccc(C2(c3ccc(OC(C)=O)cc3)C(=O)Nc3ccccc32)cc1,,8269.0,Drug_Name,0,ok,0,0
moxifloxacin,COc1c(N2CC3CCCNC3C2)c(F)cc2c(=O)c(C(=O)O)cn(C3CC3)c12,,152946.0,Drug_Name,124,ok,124,0
amperozide,CCNC(=O)N1CCN(CCCC(c2ccc(F)cc2)c2ccc(F)cc2)CC1,,73333.0,Drug_Name,1,ok,1,0
fominoben,CN(CC(=O)N1CCOCC1)Cc1c(Cl)cccc1NC(=O)c1ccccc1,,3407.0,Drug_Name,2,ok,2,0
bemetizide,CC(c1ccccc1)C1Nc2cc(Cl)c(S(N)(=O)=O)cc2S(=O)(=O)N1,,72070.0,Drug_Name,0,ok,0,0
pipamazine,NC(=O)C1CCN(CCCN2c3ccccc3Sc3ccc(Cl)cc32)CC1,,6761.0,Drug_Name,4,ok,4,0
prednisolone acetate,CC(=O)OCC(=O)C1(O)CCC2C3CC=C4CC(=O)C=CC4(C)C3C(O)CC21C,,5834.0,Drug_Name,5,ok,5,0
cinitapride,CCOc1cc(N)c([N+](=O)[O-])cc1C(=O)NC1CCN(CC2CC=CCC2)CC1,,68867.0,Drug_Name,0,ok,0,0
dehydrocholic acid,CC(CCC(=O)O)C1CCC2C3C(=O)CC4CC(=O)CCC4(C)C3CC(=O)C12C,,6674.0,Drug_Name,1,ok,1,0
ethinylestradiol sulfonate,C#CC1(O)CCC2C3CCc4cc(OS(=O)(=O)C(C)C)ccc4C3CCC21C,,68582.0,Drug_Name,0,ok,0,0
sulforidazine,CN1CCCCC1CCN1c2ccccc2Sc2ccc(S(C)(=O)=O)cc21,,31765.0,Drug_Name,0,ok,0,0
delmadinone acetate,CC(=O)OC1(C(C)=O)CCC2C3=CC(Cl)=C4CC(=O)C=CC4(C)C3CCC21C,,10135765.0,Drug_Name,3,ok,3,0
lorajmine,CCC1C2CC3C4N(C)c5ccccc5C45CC(C2C5OC(=O)CCl)N3C1O,,76957773.0,Drug_Name,0,ok,0,0
clocinizine,Clc1ccc(C(c2ccccc2)N2CCN(CC=Cc3ccccc3)CC2)cc1,,5375618.0,Drug_Name,0,ok,0,0
phthalylsulfathiazole,O=C(O)c1ccccc1C(=O)Nc1ccc(S(=O)(=O)Nc2nccs2)cc1,,4806.0,Drug_Name,2,ok,2,0
aminoxytriphene,COc1ccc(C(CN(C)C)=C(c2ccc(OC)cc2)c2ccc(OC)cc2)cc1,,11283.0,Drug_Name,0,ok,0,0
metergoline,CN1CC(CNC(=O)OCc2ccccc2)CC2c3cccc4c3c(cn4C)CC21,,28693.0,Drug_Name,1,ok,1,0
alpidem,CCCN(CCC)C(=O)Cc1c(-c2ccc(Cl)cc2)nc2ccc(Cl)cn12,,54897.0,Drug_Name,4,ok,4,0
tosufloxacin,NC1CCN(c2nc3c(cc2F)c(=O)c(C(=O)O)cn3-c2ccc(F)cc2F)C1,,5517.0,Drug_Name,0,ok,0,0
bentiromide,O=C(O)c1ccc(NC(=O)C(Cc2ccc(O)cc2)NC(=O)c2ccccc2)cc1,,6957673.0,Drug_Name,0,ok,0,0
nicocodine,COc1ccc2c3c1OC1C(OC(=O)c4cccnc4)C=CC4C(C2)N(C)CCC341,,5463872.0,Drug_Name,0,ok,0,0
aldesulfone,O=S(O)CNc1ccc(S(=O)(=O)c2ccc(NCS(=O)O)cc2)cc1,,5351.0,Drug_Name,0,ok,0,0
sulfinpyrazone,O=c1c(CC[S+]([O-])c2ccccc2)c(O)n(-c2ccccc2)n1-c1ccccc1,,5342.0,Drug_Name,38,ok,38,0
flunarizine,Fc1ccc(C(c2ccc(F)cc2)N2CCN(CC=Cc3ccccc3)CC2)cc1,,941361.0,Drug_Name,8,ok,8,0
benzquinamide,CCN(CC)C(=O)C1CN2CCc3cc(OC)c(OC)cc3C2CC1OC(C)=O,,2342.0,Drug_Name,40,ok,40,0
lovastatin,CCC(C)C(=O)OC1CC(C)C=C2C=CC(C)C(CCC3CC(O)CC(=O)O3)C21,,53232.0,Drug_Name,193,ok,193,0
mepitiostane,COC1(OC2CCC3C4CCC5CC6SC6CC5(C)C4CCC23C)CCCC1,,9909202.0,Drug_Name,0,ok,0,0
chlormadinone,CC(=O)OC1(C(C)=O)CCC2C3=CC(Cl)=C4CC(=O)CCC4(C)C3CCC21C,,5284533.0,Drug_Name,2,ok,2,0
taltirelin,CN1C(=O)CC(C(=O)NC(Cc2c[nH]cn2)C(=O)N2CCCC2C(N)=O)NC1=O,,114750.0,Drug_Name,0,ok,0,0
cefaloglycin,CC(=O)OCC1=C(C(=O)O)N2C(=O)C(NC(=O)C(N)c3ccccc3)C2SC1,,19150.0,Drug_Name,22,ok,22,0
nebivolol,OC(CNCC(O)C1CCc2cc(F)ccc2O1)C1CCc2cc(F)ccc2O1,,71301.0,Drug_Name,39,ok,39,0
imidapril,CCOC(=O)C(CCc1ccccc1)NC(C)C(=O)N1C(=O)N(C)CC1C(=O)O,,5464343.0,Drug_Name,0,ok,0,0
febarbamate,CCCCOCC(CN1C(=O)NC(=O)C(CC)(c2ccccc2)C1=O)OC(N)=O,,25803.0,Drug_Name,0,ok,0,0
nifekalant,Cn1c(NCCN(CCO)CCCc2ccc([N+](=O)[O-])cc2)cc(=O)n(C)c1=O,,4486.0,Drug_Name,0,ok,0,0
lisinopril,NCCCCC(NC(CCc1ccccc1)C(=O)O)C(=O)N1CCCC1C(=O)O,,5362119.0,Drug_Name,173,ok,173,0
astromicin,COC1C(O)C(N)C(OC2OC(C(C)N)CCC2N)C(O)C1N(C)C(=O)CN,,5284517.0,Drug_Name,0,ok,0,0
mazaticol,CN1C2CCC(C)(C)C1CC(OC(=O)C(O)(c1cccs1)c1cccs1)C2,,68667.0,Drug_Name,0,ok,0,0
morclofone,COc1cc(C(=O)c2ccc(Cl)cc2)cc(OC)c1OCCN1CCOCC1,,35949.0,Drug_Name,1,ok,1,0
toremifene,CN(C)CCOc1ccc(C(=C(CCCl)c2ccccc2)c2ccccc2)cc1,,3005573.0,Drug_Name,3,ok,3,0
clomifene,CCN(CC)CCOc1ccc(C(=C(Cl)c2ccccc2)c2ccccc2)cc1,,1548955.0,Drug_Name,2,ok,2,0
floctafenine,O=C(OCC(O)CO)c1ccccc1Nc1ccnc2c(C(F)(F)F)cccc12,,3360.0,Drug_Name,1,ok,1,0
penamecillin,CC(=O)OCOC(=O)C1N2C(=O)C(NC(=O)Cc3ccccc3)C2SC1(C)C,,10250769.0,Drug_Name,0,ok,0,0
carvedilol,COc1ccccc1OCCNCC(O)COc1cccc2[nH]c3ccccc3c12,,2585.0,Drug_Name,138,ok,138,0
alacepril,CC(=O)SCC(C)C(=O)N1CCCC1C(=O)NC(Cc1ccccc1)C(=O)O,,71992.0,Drug_Name,0,ok,0,0
lincomycin,CCCC1CC(C(=O)NC(C(C)O)C2OC(SC)C(O)C(O)C2O)N(C)C1,,3000540.0,Drug_Name,103,ok,103,0
nandrolone phenpropionate,CC12CCC3C4=C(CCC3C1CCC2OC(=O)CCc1ccccc1)CC(=O)CC4,,229455.0,Drug_Name,6,ok,6,0
hexachlorophene,Oc1c(Cl)cc(Cl)c(Cl)c1Cc1c(O)c(Cl)cc(Cl)c1Cl,,3598.0,Drug_Name,129,ok,129,0
sitagliptin,NC(CC(=O)N1CCn2c(nnc2C(F)(F)F)C1)Cc1cc(F)c(F)cc1F,,4369359.0,Drug_Name,155,ok,155,0
trifluoperazine,CN1CCN(CCCN2c3ccccc3Sc3ccc(C(F)(F)F)cc32)CC1,,5566.0,Drug_Name,70,ok,70,0
bidisomide,CC(=O)N(CCC(CCN1CCCCC1)(C(N)=O)c1ccccc1Cl)C(C)C,,59798.0,Drug_Name,0,ok,0,0
ethyl biscoumacetate,CCOC(=O)C(c1c(O)c2ccccc2oc1=O)c1c(O)c2ccccc2oc1=O,,54685524.0,Drug_Name,0,ok,0,0
tamsulosin,CCOc1ccccc1OCCNC(C)Cc1ccc(OC)c(S(N)(=O)=O)c1,,129211.0,Drug_Name,87,ok,87,0
omapatrilat,O=C(NC1CCSC2CCCC(C(=O)O)N2C1=O)C(S)Cc1ccccc1,,656629.0,Drug_Name,1,ok,1,0
cholic acid,CC(CCC(=O)O)C1CCC2C3C(O)CC4CC(O)CCC4(C)C3CC(O)C12C,,221493.0,Drug_Name,198,ok,198,0
quingestanol acetate,C#CC1(OC(C)=O)CCC2C3CC=C4C=C(OC5CCCC5)CCC4C3CCC21C,,18142.0,Drug_Name,0,ok,0,0
miltefosine,CCCCCCCCCCCCCCCCOP(=O)([O-])OCC[N+](C)(C)C,,3599.0,Drug_Name,7,ok,7,0
beclometasone dipropionate,CCC(=O)OCC(=O)C1(OC(=O)CC)C(C)CC2C3CC=C4CC(=O)C=CC4(C)C3(Cl)C(O)CC21C,,21700.0,Drug_Name,3,ok,3,0
trifluperidol,O=C(CCCN1CCC(O)(c2cccc(C(F)(F)F)c2)CC1)c1ccc(F)cc1,,5567.0,Drug_Name,0,ok,0,0
ezetimibe,O=C1C(CCC(O)c2ccc(F)cc2)C(c2ccc(O)cc2)N1c1ccc(F)cc1,,150311.0,Drug_Name,131,ok,131,0
benexate,N=C(N)NCC1CCC(C(=O)Oc2ccccc2C(=O)OCc2ccccc2)CC1,,2316.0,Drug_Name,0,ok,0,0
butaperazine,CCCC(=O)c1ccc2c(c1)N(CCCN1CCN(C)CC1)c1ccccc1S2,,12598.0,Drug_Name,32,ok,32,0
sitafloxacin,NC1CN(c2c(F)cc3c(=O)c(C(=O)O)cn(C4CC4F)c3c2Cl)CC12CC2,,461399.0,Drug_Name,0,ok,0,0
ceftibuten,Nc1nc(C(CCC(=O)O)C(=O)N=C2C(=O)N3C(C(=O)O)=CCSC23)cs1,,5282242.0,Drug_Name,3,ok,3,0
risperidone,Cc1nc2n(c(=O)c1CCN1CCC(c3noc4cc(F)ccc34)CC1)CCCC2,,5073.0,Drug_Name,337,ok,337,0
ornoprostil,CCCCC(C)CC(O)C=CC1C(O)CC(=O)C1CC(=O)CCCCC(=O)OC,,5282205.0,Drug_Name,0,ok,0,0
methestrol dipropionate,CCC(=O)Oc1ccc(C(CC)C(CC)c2ccc(OC(=O)CC)c(C)c2)cc1C,,6765.0,Drug_Name,0,ok,0,0
piperacetazine,CC(=O)c1ccc2c(c1)N(CCCN1CCC(CCO)CC1)c1ccccc1S2,,19675.0,Drug_Name,2,ok,2,0
norethindrone enanthate,C#CC1(OC(=O)CCCCCC)CCC2C3CC=C4CC(=O)CCC4C3CCC21C,,229295.0,Drug_Name,2,ok,2,0
iomazenil (123I),CCOC(=O)c1ncn2c1CN(C)C(=O)c1c(I)cccc1-2,,65959.0,Drug_Name (fallback),0,ok,0,0
tasosartan,Cc1nc(C)c2c(n1)N(Cc1ccc(-c3ccccc3-c3nn[nH]n3)cc1)C(=O)CC2,,60919.0,Drug_Name,4,ok,4,0
fluvastatin,CC(C)n1c(C=CC(O)CC(O)CC(=O)O)c(-c2ccc(F)cc2)c2ccccc21,,1548972.0,Drug_Name,175,ok,175,0
acetophenazine,CC(=O)c1ccc2c(c1)N(CCCN1CCN(CCO)CC1)c1ccccc1S2,,17676.0,Drug_Name,0,ok,0,0
butoconazole,Clc1ccc(CCC(Cn2ccnc2)Sc2c(Cl)cccc2Cl)cc1,,47472.0,Drug_Name,0,ok,0,0
reserpiline,COC(=O)C1=COC(C)C2CN3CCc4c([nH]c5cc(OC)c(OC)cc45)C3CC12,,67228.0,Drug_Name,0,ok,0,0
cinalukast,CCC(CC)(CC(=O)Nc1cccc(C=Cc2nc(C3CCC3)cs2)c1)C(=O)O,,6436135.0,Drug_Name,0,ok,0,0
calcipotriene,C=C1C(=CC=C2CCCC3(C)C2CCC3C(C)C=CC(O)C2CC2)CC(O)CC1O,,5288783.0,Drug_Name,9,ok,9,0
benzethonium,CC(C)(C)CC(C)(C)c1ccc(OCCOCC[N+](C)(C)Cc2ccccc2)cc1,,2335.0,Drug_Name,1,ok,1,0
nizofenone,CCN(CC)Cc1nccn1-c1ccc([N+](=O)[O-])cc1C(=O)c1ccccc1Cl,,4514.0,Drug_Name,0,ok,0,0
ziprasidone,Oc1cc2cc(CCN3CCN(c4nsc5ccccc45)CC3)c(Cl)cc2[nH]1,,60854.0,Drug_Name,201,ok,201,0
thiamphenicol glycinate,CS(=O)(=O)c1ccc(C(O)C(COC(=O)CN)NC(=O)C(Cl)Cl)cc1,,115817.0,Drug_Name,0,ok,0,0
dichlorisone,CC(=O)OCC(=O)C1(O)CCC2C3CC=C4CC(=O)C=CC4(C)C3(Cl)C(Cl)CC21C,,20054892.0,Drug_Name,0,ok,0,0
noscapine,COc1ccc2c(c1OC)C(=O)OC2C1c2c(cc3c(c2OC)OCO3)CCN1C,,275196.0,Drug_Name,23,ok,23,0
talniflumate,O=C1OC(OC(=O)c2cccnc2Nc2cccc(C(F)(F)F)c2)c2ccccc21,,48229.0,Drug_Name,0,ok,0,0
flecainide,O=C(NCC1CCCCN1)c1cc(OCC(F)(F)F)ccc1OCC(F)(F)F,,3356.0,Drug_Name,87,ok,87,0
podophyllotoxin,COc1cc(C2c3cc4c(cc3C(O)C3COC(=O)C23)OCO4)cc(OC)c1OC,,10607.0,Drug_Name,161,ok,161,0
sancycline,CN(C)C1C(=O)C(C(N)=O)C(=O)C2(O)C(=O)C3C(=O)c4c(O)cccc4CC3CC12,,54688686.0,Drug_Name,0,ok,0,0
sulbenicillin,CC1(C)SC2C(NC(=O)C(c3ccccc3)S(=O)(=O)O)C(=O)N2C1C(=O)O,,20055036.0,Drug_Name,0,ok,0,0
temocillin,COC1(NC(=O)C(C(=O)O)c2ccsc2)C(=O)N2C(C(=O)O)C(C)(C)SC21,,171758.0,Drug_Name,0,ok,0,0
nafcillin,CCOc1ccc2ccccc2c1C(=O)NC1C(=O)N2C1SC(C)(C)C2C(=O)O,,8982.0,Drug_Name,72,ok,72,0
diltiazem,COc1ccc(C2Sc3ccccc3N(CCN(C)C)C(=O)C2OC(C)=O)cc1,,39186.0,Drug_Name,124,ok,124,0
gestonorone caproate,CCCCCC(=O)OC1(C(C)=O)CCC2C3CC=C4CC(=O)CCC4C3CCC21C,,443881.0,Drug_Name,1,ok,1,0
desoxycorticosterone pivalate,CC(C)(C)C(=O)OCC(=O)C1CCC2C3CC=C4CC(=O)CCC4(C)C3CCC12C,,11876263.0,Drug_Name,1,ok,1,0
sitosterol,CCC(CCC(C)C1CCC2C3CC=C4CC(O)CCC4(C)C3CCC12C)C(C)C,,222284.0,Drug_Name,0,ok,0,0
teclothiazide,NS(=O)(=O)c1cc2c(cc1Cl)NC(C(Cl)(Cl)Cl)NS2(=O)=O,,71656.0,Drug_Name,1,ok,1,0
acemetacin,COc1ccc2c(c1)c(CC(=O)OCC(=O)O)c(C)n2C(=O)c1ccc(Cl)cc1,,1981.0,Drug_Name,1,ok,1,0
isoconazole,Clc1ccc(C(Cn2ccnc2)OCc2c(Cl)cccc2Cl)c(Cl)c1,,3760.0,Drug_Name,1,ok,1,0
miconazole,Clc1ccc(COC(Cn2ccnc2)c2ccc(Cl)cc2Cl)c(Cl)c1,,4189.0,Drug_Name,11,ok,11,0
tenitramine,O=[N+]([O-])OCCN(CCO[N+](=O)[O-])CCN(CCO[N+](=O)[O-])CCO[N+](=O)[O-],,168009.0,Drug_Name,0,ok,0,0
guaiacol phosphate,COc1ccccc1OP(=O)(Oc1ccccc1OC)Oc1ccccc1OC,,68420.0,Drug_Name,2,ok,2,0
ramatroban,O=C(O)CCn1c2c(c3ccccc31)CC(NS(=O)(=O)c1ccc(F)cc1)CC2,,123879.0,Drug_Name,1,ok,1,0
pyrinoline,OC(C1=CC(=C(c2ccccn2)c2ccccn2)C=C1)(c1ccccn1)c1ccccn1,,3052765.0,Drug_Name,0,ok,0,0
cefaloridine,O=C(Cc1cccs1)NC1C(=O)N2C(C(=O)[O-])=C(C[n+]3ccccc3)CSC12,,5773.0,Drug_Name,56,ok,56,0
desonide,CC1(C)OC2CC3C4CC=C5CC(=O)C=CC5(C)C4C(O)CC3(C)C2(C(=O)CO)O1,,5311066.0,Drug_Name,4,ok,4,0
methylprednisolone acetate,CC(=O)OCC(=O)C1(O)CCC2C3CC(C)=C4CC(=O)C=CC4(C)C3C(O)CC21C,,5877.0,Drug_Name,3,ok,3,0
ramipril,CCOC(=O)C(CCc1ccccc1)NC(C)C(=O)N1C(C(=O)O)CC2CCCC21,,5362129.0,Drug_Name,134,ok,134,0
distigmine,CN(CCCCCCN(C)C(=O)Oc1ccc[n+](C)c1)C(=O)Oc1ccc[n+](C)c1,,3116.0,Drug_Name,0,ok,0,0
spironolactone,CC(=O)SC1C=C2CC(=O)CCC2(C)C2CCC3(C)C(CCC34CCC(=O)O4)C12,,5833.0,Drug_Name,160,ok,160,0
colecalciferol,C=C1CCC(O)CC1=CC=C1CCCC2(C)C1CCC2C(C)CCCC(C)C,,5280795.0,Drug_Name,92,ok,92,0
secalciferol,C=C1CCC(O)CC1=CC=C1CCCC2(C)C1CCC2C(C)CCC(O)C(C)(C)O,,5283748.0,Drug_Name,2,ok,2,0
temafloxacin,CC1CN(c2cc3c(cc2F)c(=O)c(C(=O)O)cn3-c2ccc(F)cc2F)CCN1,,60021.0,Drug_Name,0,ok,0,0
bisoxatin acetate,CC(=O)Oc1ccc(C2(c3ccc(OC(C)=O)cc3)Oc3ccccc3NC2=O)cc1,,26391.0,Drug_Name,0,ok,0,0
cinepazide,COc1cc(C=CC(=O)N2CCN(CC(=O)N3CCCC3)CC2)cc(OC)c1OC,,5282459.0,Drug_Name,0,ok,0,0
cilazapril,CCOC(=O)C(CCc1ccccc1)NC1CCCN2CCCC(C(=O)O)N2C1=O,,56330.0,Drug_Name,0,ok,0,0
nimodipine,COCCOC(=O)C1=C(C)N=C(C)C(C(=O)OC(C)C)C1c1cccc([N+](=O)[O-])c1,,4497.0,Drug_Name,44,ok,44,0
simvastatin,CCC(C)(C)C(=O)OC1CC(C)C=C2C=CC(C)C(CCC3CC(O)CC(=O)O3)C21,,54454.0,Drug_Name,170,ok,170,0
maxacalcitol,C=C1C(=CC=C2CCCC3(C)C2CCC3C(C)OCCC(C)(C)O)CC(O)CC1O,,6398761.0,Drug_Name,2,ok,2,0
etodroxizine,OCCOCCOCCN1CCN(C(c2ccccc2)c2ccc(Cl)cc2)CC1,,63345.0,Drug_Name,0,ok,0,0
lofepramine,CN(CCCN1c2ccccc2CCc2ccccc21)CC(=O)c1ccc(Cl)cc1,,3947.0,Drug_Name,50,ok,50,0
bromperidol,O=C(CCCN1CCC(O)(c2ccc(Br)cc2)CC1)c1ccc(F)cc1,,2448.0,Drug_Name,1,ok,1,0
amtolmetin guacil,COc1ccccc1OC(=O)CNC(=O)Cc1ccc(C(=O)c2ccc(C)cc2)n1C,,65655.0,Drug_Name,2,ok,2,0
hexoprenaline,Oc1ccc(C(O)CNCCCCCCNCC(O)c2ccc(O)c(O)c2)cc1O,,3609.0,Drug_Name,0,ok,0,0
levocabastine,CC1CN(C2CCC(C#N)(c3ccc(F)cc3)CC2)CCC1(C(=O)O)c1ccccc1,,54385.0,Drug_Name,0,ok,0,0
pipebuzone,CCCCC1(CN2CCN(C)CC2)C(=O)N(c2ccccc2)N(c2ccccc2)C1=O,,71917.0,Drug_Name,0,ok,0,0
etofylline clofibrate,Cn1c(=O)c2c(ncn2CCOC(=O)C(C)(C)Oc2ccc(Cl)cc2)n(C)c1=O,,41109.0,Drug_Name,0,ok,0,0
topotecan,CCC1(O)C(=O)OCc2c1cc1n(c2=O)Cc2cc3c(CN(C)C)c(O)ccc3nc2-1,,60700.0,Drug_Name,136,ok,136,0
pitavastatin,O=C(O)CC(O)CC(O)C=Cc1c(C2CC2)nc2ccccc2c1-c1ccc(F)cc1,,5282452.0,Drug_Name,136,ok,136,0
mopidamol,OCCN(CCO)c1nc(N2CCCCC2)c2nc(N(CCO)CCO)ncc2n1,,26172.0,Drug_Name,0,ok,0,0
pentacynium chloride,C[N+](C)(CCCCC(C#N)(c1ccccc1)c1ccccc1)CC[N+]1(C)CCOCC1,,10390947.0,Drug_Name,0,ok,0,0
mosapride,CCOc1cc(N)c(Cl)cc1C(=O)NCC1CN(Cc2ccc(F)cc2)CCO1,,119584.0,Drug_Name,0,ok,0,0
nandrolone cyclotate,CC12C=CC(C(=O)OC3CCC4C5CC=C6CC(=O)CCC6C5CCC34C)(CC1)CC2,,164526.0,Drug_Name,0,ok,0,0
losartan,CCCCc1nc(Cl)c(CO)n1Cc1ccc(-c2ccccc2-c2nn[nH]n2)cc1,,3961.0,Drug_Name,155,ok,155,0
cefapirin,CC(=O)OCC1=C(C(=O)O)N2C(=O)C(NC(=O)CSc3ccncc3)C2SC1,,30699.0,Drug_Name,72,ok,72,0
gallamine,CC[N+](CC)(CC)CCOc1cccc(OCC[N+](CC)(CC)CC)c1OCC[N+](CC)(CC)CC,,67425.0,Drug_Name,0,ok,0,0
omoconazole,CC(=C(OCCOc1ccc(Cl)cc1)c1ccc(Cl)cc1Cl)n1ccnc1,,3033988.0,Drug_Name,0,ok,0,0
benzbromarone,CCc1oc2ccccc2c1C(=O)c1cc(Br)c(O)c(Br)c1,,2333.0,Drug_Name,13,ok,13,0
cefuroxime,CON=C(C(=O)NC1C(=O)N2C(C(=O)O)=C(COC(N)=O)CSC12)c1ccco1,,5479529.0,Drug_Name,41,ok,41,0
benazepril,CCOC(=O)C(CCc1ccccc1)NC1CCc2ccccc2N(CC(=O)O)C1=O,,5362124.0,Drug_Name,141,ok,141,0
eprosartan,CCCC=c1ncc(=CC(Cc2cccs2)C(=O)O)n1Cc1ccc(C(=O)O)cc1,,5281037.0,Drug_Name,95,ok,95,0
pravastatin,CCC(C)C(=O)OC1CC(O)C=C2C=CC(C)C(CCC(O)CC(O)CC(=O)O)C21,,54687.0,Drug_Name,149,ok,149,0
alvimopan,CC1CN(CC(Cc2ccccc2)C(=O)NCC(=O)O)CCC1(C)c1cccc(O)c1,,5488548.0,Drug_Name,30,ok,30,0
difenoxin,N#CC(CCN1CCC(C(=O)O)(c2ccccc2)CC1)(c1ccccc1)c1ccccc1,,34328.0,Drug_Name,0,ok,0,0
pifarnine,CC(C)=CCCC(C)=CCCC(C)=CCN1CCN(Cc2ccc3c(c2)OCO3)CC1,,6436032.0,Drug_Name,0,ok,0,0
clindamycin,CCCC1CC(C(=O)NC(C(C)Cl)C2OC(SC)C(O)C(O)C2O)N(C)C1,,446598.0,Drug_Name,142,ok,142,0
carfenazine,CCC(=O)c1ccc2c(c1)N(CCCN1CCN(CCO)CC1)c1ccccc1S2,,18104.0,Drug_Name,4,ok,4,0
epitizide,NS(=O)(=O)c1cc2c(cc1Cl)NC(CSCC(F)(F)F)NS2(=O)=O,,15671.0,Drug_Name,2,ok,2,0
sozoiodolic acid,O=S(=O)(O)c1cc(I)c(O)c(I)c1,,68193.0,Drug_Name,0,ok,0,0
garenoxacin,CC1NCc2cc(-c3ccc4c(=O)c(C(=O)O)cn(C5CC5)c4c3OC(F)F)ccc21,,124093.0,Drug_Name,0,ok,0,0
iloperidone,COc1cc(C(C)=O)ccc1OCCCN1CCC(c2noc3cc(F)ccc23)CC1,,71360.0,Drug_Name,223,ok,223,0
fenbenicillin,CC1(C)SC2C(NC(=O)C(Oc3ccccc3)c3ccccc3)C(=O)N2C1C(=O)O,,71107.0,Drug_Name,0,ok,0,0
cetotiamine,CCOC(=O)OCCC(SC(=O)OCC)=C(C)N(C=O)Cc1cnc(C)nc1N,,3033983.0,Drug_Name,0,ok,0,0
oxatomide,O=c1[nH]c2ccccc2n1CCCN1CCN(C(c2ccccc2)c2ccccc2)CC1,,4615.0,Drug_Name,5,ok,5,0
perospirone,Oc1c2c(c(O)n1CCCCN1CCN(c3nsc4ccccc34)CC1)CCCC2,,115368.0,Drug_Name,0,ok,0,0
etofamide,CCOCCN(Cc1ccc(Oc2ccc([N+](=O)[O-])cc2)cc1)C(=O)C(Cl)Cl,,65718.0,Drug_Name,0,ok,0,0
pemetrexed,Nc1nc(=O)c2c(CCc3ccc(C(=O)NC(CCC(=O)O)C(=O)O)cc3)c[nH]c2[nH]1,,135410875.0,Drug_Name,121,ok,121,0
salazosulfadimidine,Cc1cc(C)nc(NS(=O)(=O)c2ccc(N=Nc3ccc(O)c(C(=O)O)c3)cc2)n1,,71111.0,Drug_Name,0,ok,0,0
moracizine,CCOC(=O)Nc1ccc2c(c1)N(C(=O)CCN1CCOCC1)c1ccccc1S2,,34633.0,Drug_Name,0,ok,0,0
ranolazine,COc1ccccc1OCC(O)CN1CCN(CC(=O)Nc2c(C)cccc2C)CC1,,56959.0,Drug_Name,114,ok,114,0
mozavaptan,Cc1ccccc1C(=O)Nc1ccc(C(=O)N2CCCC(N(C)C)c3ccccc32)cc1,,119369.0,Drug_Name,0,ok,0,0
dixyrazine,CC(CN1CCN(CCOCCO)CC1)CN1c2ccccc2Sc2ccccc21,,17182.0,Drug_Name,0,ok,0,0
fosfestrol,CCC(=C(CC)c1ccc(OP(=O)(O)O)cc1)c1ccc(OP(=O)(O)O)cc1,,3032325.0,Drug_Name,4,ok,4,0
irbesartan,CCCCC1=NC2(CCCC2)C(=O)N1Cc1ccc(-c2ccccc2-c2nn[nH]n2)cc1,,3749.0,Drug_Name,86,ok,86,0
oxiconazole,Clc1ccc(CON=C(Cn2ccnc2)c2ccc(Cl)cc2Cl)c(Cl)c1,,5353853.0,Drug_Name,9,ok,9,0
altropane,COC(=O)C1C(c2ccc(F)cc2)CC2CCC1N2CC=CI,,6440180.0,Drug_Name,0,ok,0,0
sarpogrelate,COc1cccc(CCc2ccccc2OCC(CN(C)C)OC(=O)CCC(=O)O)c1,,5160.0,Drug_Name,0,ok,0,0
zofenopril,CC(CSC(=O)c1ccccc1)C(=O)N1CC(Sc2ccccc2)CC1C(=O)O,,92400.0,Drug_Name,0,ok,0,0
bicalutamide,CC(O)(CS(=O)(=O)c1ccc(F)cc1)C(=O)Nc1ccc(C#N)c(C(F)(F)F)c1,,2375.0,Drug_Name,93,ok,93,0
trandolapril,CCOC(=O)C(CCc1ccccc1)NC(C)C(=O)N1C(C(=O)O)CC2CCCCC21,,5484727.0,Drug_Name,119,ok,119,0
carbifene,CCOC(C(=O)N(C)CCN(C)CCc1ccccc1)(c1ccccc1)c1ccccc1,,10080.0,Drug_Name,0,ok,0,0
piritramide,N#CC(CCN1CCC(C(N)=O)(N2CCCCC2)CC1)(c1ccccc1)c1ccccc1,,9331.0,Drug_Name,3,ok,3,0
lafutidine,O=C(C[S+]([O-])Cc1ccco1)NCC=CCOc1cc(CN2CCCCC2)ccn1,,5282136.0,Drug_Name,1,ok,1,0
benzthiazide,NS(=O)(=O)c1cc2c(cc1Cl)N=C(CSCc1ccccc1)NS2(=O)=O,,2343.0,Drug_Name,59,ok,59,0
fluprednidene acetate,C=C1CC2C3CC=C4CC(=O)C=CC4(C)C3(F)C(O)CC2(C)C1(O)C(=O)COC(C)=O,,9980241.0,Drug_Name,2,ok,2,0
mizolastine,CN(c1nc(=O)cc[nH]1)C1CCN(c2nc3ccccc3n2Cc2ccc(F)cc2)CC1,,65906.0,Drug_Name,1,ok,1,0
hydrocortisone butyrate,CCCC(=O)OC1(C(=O)CO)CCC2C3CC=C4CC(=O)CCC4(C)C3C(O)CC21C,,26133.0,Drug_Name,2,ok,2,0
latanoprost,CC(C)OC(=O)CCCC=CCC1C(O)CC(O)C1CCC(O)CCc1ccccc1,,5311221.0,Drug_Name,48,ok,48,0
diiodotyrosine,NC(Cc1cc(I)c(O)c(I)c1)C(=O)O,,9305.0,Drug_Name,3,ok,3,0
buclizine,CC(C)(C)c1ccc(CN2CCN(C(c3ccccc3)c3ccc(Cl)cc3)CC2)cc1,,6729.0,Drug_Name,31,ok,31,0
clometocillin,COC(C(=O)NC1C(=O)N2C1SC(C)(C)C2C(=O)O)c1ccc(Cl)c(Cl)c1,,71807.0,Drug_Name,0,ok,0,0
brovincamine,CCC12CCCN3CCc4c(n(c5cc(Br)ccc45)C(O)(C(=O)OC)C1)C32,,68771.0,Drug_Name,0,ok,0,0
mycophenolate mofetil,COc1c(C)c2c(c(O)c1CC=C(C)CCC(=O)OCCN1CCOCC1)C(=O)OC2,,5281078.0,Drug_Name,43,ok,43,0
belotecan,CCC1(O)C(=O)OCc2c1cc1n(c2=O)Cc2c-1nc1ccccc1c2CCNC(C)C,,6456014.0,Drug_Name,0,ok,0,0
lubeluzole,CN(c1nc2ccccc2s1)C1CCN(CC(O)COc2ccc(F)c(F)c2)CC1,,65998.0,Drug_Name,1,ok,1,0
sivelestat,CC(C)(C)C(=O)Oc1ccc(S(=O)(=O)Nc2ccccc2C(=O)NCC(=O)O)cc1,,107706.0,Drug_Name,0,ok,0,0
fluperolone,CC(=O)OC(C)C(=O)C1(O)CCC2C3CC=C4CC(=O)C=CC4(C)C3(F)C(O)CC21C,,56841872.0,Drug_Name,0,ok,0,0
flunisolide,CC1(C)OC2CC3C4CC(F)C5=CC(=O)C=CC5(C)C4C(O)CC3(C)C2(C(=O)CO)O1,,82153.0,Drug_Name,1,ok,1,0
niperotidine,CN(C)Cc1ccc(CSCCN=C(C[N+](=O)[O-])NCc2ccc3c(c2)OCO3)o1,,66753191.0,Drug_Name,7,ok,7,0
glisolamide,Cc1cc(C(=O)NCCc2ccc(S(=O)(=O)NC(=O)NC3CCCCC3)cc2)no1,,65713.0,Drug_Name,0,ok,0,0
flupentixol,OCCN1CCN(CCC=C2c3ccccc3Sc3ccc(C(F)(F)F)cc32)CC1,,5281881.0,Drug_Name,20,ok,20,0
chlorbenzoxamine,Cc1ccccc1CN1CCN(CCOC(c2ccccc2)c2ccccc2Cl)CC1,,71636.0,Drug_Name,0,ok,0,0
exatecan,CCC1(O)C(=O)OCc2c1cc1n(c2=O)Cc2c-1nc1cc(F)c(C)c3c1c2C(N)CC3,,151115.0,Drug_Name,2,ok,2,0
trimazosin,COc1cc2c(N)nc(N3CCN(C(=O)OCC(C)(C)O)CC3)nc2c(OC)c1OC,,37264.0,Drug_Name,0,ok,0,0
valsartan,CCCCC(=O)N(Cc1ccc(-c2ccccc2-c2nn[nH]n2)cc1)C(C(=O)O)C(C)C,,60846.0,Drug_Name,105,ok,105,0
cloxotestosterone,CC12CCC(=O)C=C1CCC1C2CCC2(C)C(OC(O)C(Cl)(Cl)Cl)CCC12,,20055048.0,Drug_Name,0,ok,0,0
fludroxycortide,CC1(C)OC2CC3C4CC(F)C5=CC(=O)CCC5(C)C4C(O)CC3(C)C2(C(=O)CO)O1,,15209.0,Drug_Name,31,ok,31,0
docusate sodium,CCCCC(CC)COC(=O)CC(C(=O)OCC(CC)CCCC)S(=O)(=O)O,,23673837.0,Drug_Name,50,ok,50,0
bialamicol,C=CCc1cc(-c2cc(CC=C)c(O)c(CN(CC)CC)c2)cc(CN(CC)CC)c1O,,10304.0,Drug_Name,0,ok,0,0
tianeptine,CN1c2ccccc2C(NCCCCCCC(=O)O)c2ccc(Cl)cc2S1(=O)=O,,68870.0,Drug_Name,1,ok,1,0
tigemonam,CC1(C)C(=NC(=O)C(NOCC(=O)O)c2csc(N)n2)C(=O)N1OS(=O)(=O)O,,9576769.0,Drug_Name,0,ok,0,0
pazopanib,Cc1ccc(Nc2nccc(N(C)c3ccc4c(C)n(C)nc4c3)n2)cc1S(N)(=O)=O,,10113978.0,Drug_Name,102,ok,102,0
sertaconazole,Clc1ccc(C(Cn2ccnc2)OCc2csc3c(Cl)cccc23)c(Cl)c1,,65863.0,Drug_Name,8,ok,8,0
triparanol,CCN(CC)CCOc1ccc(C(O)(Cc2ccc(Cl)cc2)c2ccc(C)cc2)cc1,,6536.0,Drug_Name,2,ok,2,0
suxibuzone,CCCCC1(COC(=O)CCC(=O)O)C(=O)N(c2ccccc2)N(c2ccccc2)C1=O,,5362.0,Drug_Name,1,ok,1,0
quinapril,CCOC(=O)C(CCc1ccccc1)NC(C)C(=O)N1Cc2ccccc2CC1C(=O)O,,54892.0,Drug_Name,57,ok,57,0
flusalan,O=C(Nc1cccc(C(F)(F)F)c1)c1cc(Br)cc(Br)c1O,,20906.0,Drug_Name,0,ok,0,0
pivmecillinam,CC(C)(C)C(=O)OCOC(=O)C1N2C(=O)C(N=CN3CCCCCC3)C2SC1(C)C,,115163.0,Drug_Name,0,ok,0,0
polythiazide,CN1C(CSCC(F)(F)F)Nc2cc(Cl)c(S(N)(=O)=O)cc2S1(=O)=O,,,none,0,no_cid,0,0
aminopterin,Nc1nc(N)c2nc(CNc3ccc(C(=O)NC(CCC(=O)O)C(=O)O)cc3)cnc2n1,,169371.0,Drug_Name,51,ok,51,0
ceftezole,O=C(Cn1cnnn1)NC1C(=O)N2C(C(=O)O)=C(CSc3nncs3)CSC12,,65755.0,Drug_Name,1,ok,1,0
flumedroxone acetate,CC(=O)OC1(C(C)=O)CCC2C3CC(C(F)(F)F)=C4CC(=O)CCC4(C)C3CCC21C,,192154.0,Drug_Name,0,ok,0,0
tirofiban,CCCCS(=O)(=O)NC(Cc1ccc(OCCCCC2CCNCC2)cc1)C(=O)O,,60947.0,Drug_Name,35,ok,35,0
pentagestrone acetate,CC(=O)OC1(C(C)=O)CCC2C3CC=C4C=C(OC5CCCC5)CCC4(C)C3CCC21C,,10321047.0,Drug_Name,0,ok,0,0
estradiol undecylate,CCCCCCCCCCC(=O)OC1CCC2C3CCc4cc(O)ccc4C3CCC12C,,19135.0,Drug_Name,1,ok,1,0
sertindole,O=C1NCCN1CCN1CCC(c2cn(-c3ccc(F)cc3)c3ccc(Cl)cc23)CC1,,60149.0,Drug_Name,1,ok,1,0
folic acid,Nc1nc(=O)c2nc(CNc3ccc(C(=O)NC(CCC(=O)O)C(=O)O)cc3)cnc2[nH]1,,135398658.0,Drug_Name,161,ok,161,0
troglitazone,Cc1c(C)c2c(c(C)c1O)CCC(C)(COc1ccc(Cc3sc(=O)[nH]c3O)cc1)O2,,5591.0,Drug_Name,22,ok,22,0
metacycline,C=C1c2cccc(O)c2C(=O)C2C(=O)C3(O)C(=O)C(C(N)=O)C(=O)C(N(C)C)C3C(O)C12,,54675785.0,Drug_Name,0,ok,0,0
mazipredone,CN1CCN(CC(=O)C2(O)CCC3C4CC=C5CC(=O)C=CC5(C)C4C(O)CC32C)CC1,,6064.0,Drug_Name,0,ok,0,0
zuclopenthixol acetate,CC(=O)OCCN1CCN(CCC=C2c3ccccc3Sc3ccc(Cl)cc32)CC1,,6436640.0,Drug_Name,1,ok,1,0
raltegravir,Cc1nnc(C(=O)NC(C)(C)c2nc(C(=O)NCc3ccc(F)cc3)c(O)c(=O)n2C)o1,,54671008.0,Drug_Name,79,ok,79,0
tetracycline,CN(C)C1C(=O)C(C(N)=O)C(=O)C2(O)C(=O)C3C(=O)c4c(O)cccc4C(C)(O)C3CC12,,54675776.0,Drug_Name,0,ok,0,0
doxycycline,CC1c2cccc(O)c2C(=O)C2C(=O)C3(O)C(=O)C(C(N)=O)C(=O)C(N(C)C)C3C(O)C21,,54671203.0,Drug_Name,0,ok,0,0
mitoxantrone,O=C1C=CC(=O)c2c1c(O)c1c(NCCNCCO)ccc(NCCNCCO)c1c2O,,4212.0,Drug_Name,17,ok,17,0
prednival,CCCCC(=O)OC1(C(=O)CO)CCC2C3CC=C4CC(=O)C=CC4(C)C3C(O)CC21C,,9824723.0,Drug_Name,0,ok,0,0
menatetrenone,CC(C)=CCCC(C)=CCCC(C)=CCC=C(C)C=Cc1c(C)c(O)c2ccccc2c1O,,5282367.0,Drug_Name,0,ok,0,0
halometasone,CC1CC2C3CC(F)C4=CC(=O)C(Cl)=CC4(C)C3(F)C(O)CC2(C)C1(O)C(=O)CO,,9846332.0,Drug_Name,2,ok,2,0
glisentide,COc1ccccc1C(=O)NCCc1ccc(S(=O)(=O)NC(=O)NC2CCCC2)cc1,,65779.0,Drug_Name,1,ok,1,0
metopimazine,CS(=O)(=O)c1ccc2c(c1)N(CCCN1CCC(C(N)=O)CC1)c1ccccc1S2,,26388.0,Drug_Name,1,ok,1,0
thiopropazate,CC(=O)OCCN1CCN(CCCN2c3ccccc3Sc3ccc(Cl)cc32)CC1,,6762.0,Drug_Name,38,ok,38,0
spiclomazine,O=C1CSC2(CCN(CCCN3c4ccccc4Sc4ccc(Cl)cc43)CC2)N1,,65714.0,Drug_Name,0,ok,0,0
baicalin,O=C(O)C1OC(Oc2cc3oc(-c4ccccc4)cc(=O)c3c(O)c2O)C(O)C(O)C1O,,64982.0,Drug_Name,1,ok,1,0
fluocortin butyl,CCCCOC(=O)C(=O)C1C(C)CC2C3CC(F)C4=CC(=O)C=CC4(C)C3C(O)CC21C,,15942715.0,Drug_Name,0,ok,0,0
carpipramine,NC(=O)C1(N2CCCCC2)CCN(CCCN2c3ccccc3CCc3ccccc32)CC1,,2580.0,Drug_Name,0,ok,0,0
gefitinib,COc1cc2ncnc(Nc3ccc(F)c(Cl)c3)c2cc1OCCCN1CCOCC1,,123631.0,Drug_Name,13,ok,13,0
propyliodone,CCCOC(=O)Cn1cc(I)c(=O)c(I)c1,,4949.0,Drug_Name,0,ok,0,0
tioclomarol,O=c1c(C(CC(O)c2ccc(Cl)cc2)c2ccc(Cl)s2)c(O)oc2ccccc12,,54708299.0,Drug_Name,0,ok,0,0
ampiroxicam,CCOC(=O)OC(C)OC1=C(C(=O)Nc2ccccn2)N(C)S(=O)(=O)c2ccccc21,,2176.0,Drug_Name,1,ok,1,0
sisomicin,CNC1C(O)C(OC2C(N)CC(N)C(OC3OC(CN)=CCC3N)C2O)OCC1(C)O,,36119.0,Drug_Name,2,ok,2,0
aripiprazole,O=C1CCc2ccc(OCCCCN3CCN(c4cccc(Cl)c4Cl)CC3)cc2N1,,60795.0,Drug_Name,130,ok,130,0
algestone acetophenide,CC(=O)C12OC(C)(c3ccccc3)OC1CC1C3CC=C4CC(=O)CCC4(C)C3CCC12C,,5284538.0,Drug_Name,2,ok,2,0
tolvaptan,Cc1ccccc1C(=O)Nc1ccc(C(=O)N2CCCC(O)c3cc(Cl)ccc32)c(C)c1,,216237.0,Drug_Name,141,ok,141,0
glisoxepide,Cc1cc(C(=O)NCCc2ccc(S(=O)(=O)NC(=O)NN3CCCCCC3)cc2)no1,,32778.0,Drug_Name,0,ok,0,0
sofalcone,CC(C)=CCOc1ccc(C=CC(=O)c2ccc(OCC=C(C)C)cc2OCC(=O)O)cc1,,5282219.0,Drug_Name,0,ok,0,0
tiomesterone,CC(=O)SC1C=C2CC(=O)CC(SC(C)=O)C2(C)C2CCC3(C)C(CCC3(C)O)C12,,16626.0,Drug_Name,0,ok,0,0
phytomenadione,CC(C=Cc1c(C)c(O)c2ccccc2c1O)=CCCC(C)CCCC(C)CCCC(C)C,,5284607.0,Drug_Name,105,ok,105,0
dibekacin,NCC1CCC(N)C(OC2C(N)CC(N)C(OC3OC(CO)C(O)C(N)C3O)C2O)O1,,470999.0,Drug_Name,0,ok,0,0
homofenazine,OCCN1CCCN(CCCN2c3ccccc3Sc3ccc(C(F)(F)F)cc32)CC1,,19687.0,Drug_Name,0,ok,0,0
cabergoline,C=CCN1CC(C(=O)N(CCCN(C)C)C(=O)NCC)CC2c3cccc4[nH]cc(c34)CC21,,54746.0,Drug_Name,28,ok,28,0
mannite hexanitrate,O=[N+]([O-])OCC(O[N+](=O)[O-])C(O[N+](=O)[O-])C(O[N+](=O)[O-])C(CO[N+](=O)[O-])O[N+](=O)[O-],,61818.0,Drug_Name,59,ok,59,0
delapril,CCOC(=O)C(CCc1ccccc1)NC(C)C(=O)N(CC(=O)O)C1Cc2ccccc2C1,,5362116.0,Drug_Name,0,ok,0,0
diphenoxylate,CCOC(=O)C1(c2ccccc2)CCN(CCC(C#N)(c2ccccc2)c2ccccc2)CC1,,13505.0,Drug_Name,64,ok,64,0
butropium,CCCCOc1ccc(C[N+]2(C)C3CCC2CC(OC(=O)C(CO)c2ccccc2)C3)cc1,,656593.0,Drug_Name,0,ok,0,0
floxacillin,Cc1onc(-c2c(F)cccc2Cl)c1C(=O)NC1C(=O)N2C1SC(C)(C)C2C(=O)O,,21319.0,Drug_Name,2,ok,2,0
methotrexate,CN(Cc1cnc2nc(N)nc(N)c2n1)c1ccc(C(=O)NC(CCC(=O)O)C(=O)O)cc1,,126941.0,Drug_Name,208,ok,208,0
ribostamycin,NCC1OC(OC2C(N)CC(N)C(O)C2OC2OC(CO)C(O)C2O)C(N)C(O)C1O,,33042.0,Drug_Name,0,ok,0,0
carfecillin,CC1(C)SC2C(NC(=O)C(C(=O)Oc3ccccc3)c3ccccc3)C(=O)N2C1C(=O)O,,33672.0,Drug_Name,0,ok,0,0
cefazolin,Cc1nnc(SCC2=C(C(=O)O)N3C(=O)C(NC(=O)Cn4cnnn4)C3SC2)s1,,33255.0,Drug_Name,102,ok,102,0
verapamil,COc1ccc(CCN(C)CCCC(C#N)(c2ccc(OC)c(OC)c2)C(C)C)cc1OC,,2520.0,Drug_Name,368,ok,368,0
fenticonazole,Clc1ccc(C(Cn2ccnc2)OCc2ccc(Sc3ccccc3)cc2)c(Cl)c1,,51755.0,Drug_Name,0,ok,0,0
lacidipine,CCOC(=O)C1=C(C)N=C(C)C(C(=O)OCC)C1c1ccccc1C=CC(=O)OC(C)(C)C,,5311217.0,Drug_Name,1,ok,1,0
clevidipine,CCCC(=O)OCOC(=O)C1=C(C)N=C(C)C(C(=O)OC)C1c1cccc(Cl)c1Cl,,153994.0,Drug_Name,4,ok,4,0
riboflavin phosphate,Cc1cc2nc3c(=O)[nH]c(=O)nc-3n(CC(O)C(O)C(O)COP(=O)(O)O)c2cc1C,,643976.0,Drug_Name,2,ok,2,0
xenytropium,C[N+]1(Cc2ccc(-c3ccccc3)cc2)C2CCC1CC(OC(=O)C(CO)c1ccccc1)C2,,98104038.0,Drug_Name,0,ok,0,0
detajmium,CCC1C2CC3C4N(C)c5ccccc5C45CC(C2C5O)[N+]3(CC(O)CN(CC)CC)C1O,,118984402.0,Drug_Name,0,ok,0,0
testosterone undecanoate,CCCCCCCCCCC(=O)OC1CCC2C3CC=C4CC(=O)CCC4(C)C3CCC12C,,65157.0,Drug_Name,2,ok,2,0
minocycline,CN(C)c1ccc(O)c2c1CC1CC3C(N(C)C)C(=O)C(C(N)=O)C(=O)C3(O)C(=O)C1C2=O,,54675783.0,Drug_Name,0,ok,0,0
ormeloxifene,COc1ccc2c(c1)OC(C)(C)C(c1ccccc1)C2c1ccc(OCCN2CCCC2)cc1,,35805.0,Drug_Name,0,ok,0,0
azimilide,CN1CCN(CCCCn2c(O)cn(N=Cc3ccc(-c4ccc(Cl)cc4)o3)c2=O)CC1,,9571004.0,Drug_Name,0,ok,0,0
raltitrexed,Cc1nc(=O)c2cc(CN(C)c3ccc(C(=O)NC(CCC(=O)O)C(=O)O)s3)ccc2[nH]1,,135400182.0,Drug_Name,1,ok,1,0
fumagillin,COC1C(OC(=O)C=CC=CC=CC=CC(=O)O)CCC2(CO2)C1C1(C)OC1CC=C(C)C,,6917655.0,Drug_Name,6,ok,6,0
astemizole,COc1ccc(CCN2CCC(Nc3nc4ccccc4n3Cc3ccc(F)cc3)CC2)cc1,,2247.0,Drug_Name,128,ok,128,0
prednisolone tebutate,CC(C)(C)CC(=O)OCC(=O)C1(O)CCC2C3CC=C4CC(=O)C=CC4(C)C3C(O)CC21C,,93055.0,Drug_Name,1,ok,1,0
fluazacort,CC(=O)OCC(=O)C12N=C(C)OC1CC1C3CC=C4CC(=O)C=CC4(C)C3(F)C(O)CC12C,,10072906.0,Drug_Name,0,ok,0,0
fenoverine,O=C(CN1CCN(Cc2ccc3c(c2)OCO3)CC1)N1c2ccccc2Sc2ccccc21,,72098.0,Drug_Name,0,ok,0,0
prednisolone succinate,CC12C=CC(=O)C=C1CCC1C2C(O)CC2(C)C1CCC2(O)C(=O)COC(=O)CCC(=O)O,,656804.0,Drug_Name,1,ok,1,0
hydrocortisone aceponate,CCC(=O)OC1(C(=O)COC(C)=O)CCC2C3CC=C4CC(=O)CCC4(C)C3C(O)CC21C,,68921.0,Drug_Name,1,ok,1,0
prulifloxacin,Cc1oc(=O)oc1CN1CCN(c2cc3c(cc2F)c(=O)c(C(=O)O)c2n3C(C)S2)CC1,,65947.0,Drug_Name,2,ok,2,0
lenampicillin,Cc1oc(=O)oc1COC(=O)C1N2C(=O)C(NC(=O)C(N)c3ccccc3)C2SC1(C)C,,65646.0,Drug_Name,0,ok,0,0
cinnoxicam,CN1C(C(=O)Nc2ccccn2)=C(OC(=O)C=Cc2ccccc2)c2ccccc2S1(=O)=O,,6436090.0,Drug_Name,2,ok,2,0
azlocillin,CC1(C)SC2C(NC(=O)C(NC(=O)N3CCNC3=O)c3ccccc3)C(=O)N2C1C(=O)O,,6479523.0,Drug_Name,0,ok,0,0
cefalexin pivoxil,CC1=C(C(=O)OCOC(=O)C(C)(C)C)N2C(=O)C(NC(=O)C(N)c3ccccc3)C2SC1,,20055002.0,Drug_Name,0,ok,0,0
tobuterol,Cc1ccc(C(=O)Oc2cc(OC(=O)c3ccc(C)cc3)cc(C(O)CNC(C)(C)C)c2)cc1,,178147.0,Drug_Name,0,ok,0,0
bitolterol,Cc1ccc(C(=O)Oc2ccc(C(O)CNC(C)(C)C)cc2OC(=O)c2ccc(C)cc2)cc1,,35330.0,Drug_Name,0,ok,0,0
perflunafene,FC1(F)C(F)(F)C(F)(F)C2(F)C(F)(F)C(F)(F)C(F)(F)C(F)(F)C2(F)C1(F)F,,9386.0,Drug_Name,0,ok,0,0
cefatrizine,NC(C(=O)NC1C(=O)N2C(C(=O)O)=C(CSc3c[nH]nn3)CSC12)c1ccc(O)cc1,,6410758.0,Drug_Name,0,ok,0,0
cefamandole,Cn1nnnc1SCC1=C(C(=O)O)N2C(=O)C(NC(=O)C(O)c3ccccc3)C2SC1,,456255.0,Drug_Name,0,ok,0,0
tixocortol,CC(C)(C)C(=O)SCC(=O)C1(O)CCC2C3CC=C4CC(=O)CCC4(C)C3C(O)CC21C,,162955.0,Drug_Name,0,ok,0,0
tafenoquine,COc1cc(C)c2c(Oc3cccc(C(F)(F)F)c3)c(OC)cc(NC(C)CCCN)c2n1,,115358.0,Drug_Name,9,ok,9,0
pivampicillin,CC(C)(C)C(=O)OCOC(=O)C1N2C(=O)C(NC(=O)C(N)c3ccccc3)C2SC1(C)C,,33478.0,Drug_Name,0,ok,0,0
micronomicin,CNCC1CCC(N)C(OC2C(N)CC(N)C(OC3OCC(C)(O)C(NC)C3O)C2O)O1,,3037206.0,Drug_Name,0,ok,0,0
asulacrine,CNC(=O)c1cccc2c(Nc3ccc(NS(C)(=O)=O)cc3OC)c3cccc(C)c3nc12,,107924.0,Drug_Name,0,ok,0,0
sorafenib,CNC(=O)c1cc(Oc2ccc(NC(=O)Nc3ccc(Cl)c(C(F)(F)F)c3)cc2)ccn1,,216239.0,Drug_Name,124,ok,124,0
loprazolam,CN1CCN(C=C2N=C3CN=C(c4ccccc4Cl)c4cc([N+](=O)[O-])ccc4N3C2=O)CC1,,3033860.0,Drug_Name,11,ok,11,0
bacampicillin,CCOC(=O)OC(C)OC(=O)C1N2C(=O)C(NC(=O)C(N)c3ccccc3)C2SC1(C)C,,441397.0,Drug_Name,0,ok,0,0
sulprostone,CS(=O)(=O)NC(=O)CCCC=CCC1C(=O)CC(O)C1C=CC(O)COc1ccccc1,,5312153.0,Drug_Name,3,ok,3,0
cisapride,COc1cc(N)c(Cl)cc1C(=O)NC1CCN(CCCOc2ccc(F)cc2)CC1OC,,6917698.0,Drug_Name,44,ok,44,0
carumonam,NC(=O)OCC1C(=NC(=O)C(NOCC(=O)O)c2csc(N)n2)C(=O)N1S(=O)(=O)O,,6540466.0,Drug_Name,0,ok,0,0
benfotiamine,CC(=C(CCOP(=O)(O)O)SC(=O)c1ccccc1)N(C=O)Cc1cnc(C)nc1N,,3032771.0,Drug_Name,3,ok,3,0
spirapril,CCOC(=O)C(CCc1ccccc1)NC(C)C(=O)N1CC2(CC1C(=O)O)SCCS2,,5311447.0,Drug_Name,0,ok,0,0
edatrexate,CCC(Cc1cnc2nc(N)nc(N)c2n1)c1ccc(C(=O)NC(CCC(=O)O)C(=O)O)cc1,,6917908.0,Drug_Name,0,ok,0,0
buprenorphine,COC12CCC3(CC1C(C)(O)C(C)(C)C)C1Cc4ccc(O)c5c4C3(CCN1CC1CC1)C2O5,,644073.0,Drug_Name,108,ok,108,0
oxetacaine,CN(C(=O)CN(CCO)CC(=O)N(C)C(C)(C)Cc1ccccc1)C(C)(C)Cc1ccccc1,,4621.0,Drug_Name,28,ok,28,0
tiropramide,CCCN(CCC)C(=O)C(Cc1ccc(OCCN(CC)CC)cc1)NC(=O)c1ccccc1,,42262.0,Drug_Name,0,ok,0,0
cromoglicic acid,O=C(O)c1cc(=O)c2c(OCC(O)COc3cccc4oc(C(=O)O)cc(=O)c34)cccc2o1,,2882.0,Drug_Name,43,ok,43,0
tartrazine,O=C(O)c1[nH]n(-c2ccc(S(=O)(=O)O)cc2)c(=O)c1N=Nc1ccc(S(=O)(=O)O)cc1,,164825.0,Drug_Name,0,ok,0,0
lomerizine,COc1ccc(CN2CCN(C(c3ccc(F)cc3)c3ccc(F)cc3)CC2)c(OC)c1OC,,3949.0,Drug_Name,1,ok,1,0
ruboxistaurin,CN(C)CC1CCn2cc(c3ccccc32)C2=C(C(=O)NC2=O)c2cn(c3ccccc23)CCO1,,153999.0,Drug_Name,0,ok,0,0
clinofibrate,CCC(C)(Oc1ccc(C2(c3ccc(OC(C)(CC)C(=O)O)cc3)CCCCC2)cc1)C(=O)O,,2787.0,Drug_Name,0,ok,0,0
ivabradine,COc1cc2c(cc1OC)CC(=O)N(CCCN(C)CC1Cc3cc(OC)c(OC)cc31)CC2,,132999.0,Drug_Name,52,ok,52,0
diethylaminoethoxyhexestrol,CCC(c1ccc(OCCN(CC)CC)cc1)C(CC)c1ccc(OCCN(CC)CC)cc1,,66143.0,Drug_Name,0,ok,0,0
simfibrate,CC(C)(Oc1ccc(Cl)cc1)C(=O)OCCCOC(=O)C(C)(C)Oc1ccc(Cl)cc1,,5217.0,Drug_Name,0,ok,0,0
bucladesine,CCCC(=O)Nc1ncnc2c1ncn2C1OC2COP(=O)(O)OC2C1OC(=O)CCC,,9687.0,Drug_Name,2,ok,2,0
ebastine,CC(C)(C)c1ccc(C(=O)CCCN2CCC(OC(c3ccccc3)c3ccccc3)CC2)cc1,,3191.0,Drug_Name,0,ok,0,0
dibrompropamidine,N=C(N)c1ccc(OCCCOc2ccc(C(=N)N)cc2Br)c(Br)c1,,11974.0,Drug_Name,10,ok,10,0
adamexine,CC(=O)Nc1c(Br)cc(Br)cc1CN(C)C12CC3CC(CC(C3)C1)C2,,64387.0,Drug_Name,0,ok,0,0
docarpamine,CCOC(=O)Oc1ccc(CCNC(=O)C(CCSC)NC(C)=O)cc1OC(=O)OCC,,71137.0,Drug_Name,0,ok,0,0
enoxolone,CC1(C(=O)O)CCC2(C)CCC3(C)C(=C2C1)CC(=O)C1C2(C)CCC(O)C(C)(C)C2CCC13C,,10114.0,Drug_Name,1,ok,1,0
cefmetazole,COC1(NC(=O)CSCC#N)C(=O)N2C(C(=O)O)=C(CSc3nnnn3C)CSC21,,42008.0,Drug_Name,2,ok,2,0
methylprednisolone aceponate,CCC(=O)OC1(C(=O)COC(C)=O)CCC2C3CC(C)=C4CC(=O)C=CC4(C)C3C(O)CC21C,,63019.0,Drug_Name,1,ok,1,0
clofazimine,CC(C)N=c1cc2n(-c3ccc(Cl)cc3)c3ccccc3nc-2cc1Nc1ccc(Cl)cc1,,2794.0,Drug_Name,13,ok,13,0
ximelagatran,CCOC(=O)CNC(C(=O)N1CCC1C(=O)NCc1ccc(C(N)=NO)cc1)C1CCCCC1,,9574101.0,Drug_Name,3,ok,3,0
raloxifene,O=C(c1ccc(OCCN2CCCCC2)cc1)c1c(-c2ccc(O)cc2)sc2cc(O)ccc12,,5035.0,Drug_Name,131,ok,131,0
prednisolamate,CCN(CC)CC(=O)OCC(=O)C1(O)CCC2C3CC=C4CC(=O)C=CC4(C)C3C(O)CC21C,,20055007.0,Drug_Name,0,ok,0,0
mitopodozide,CCNNC(=O)C1C(c2cc(OC)c(OC)c(OC)c2)c2cc3c(cc2C(O)C1CO)OCO3,,251643.0,Drug_Name,0,ok,0,0
methylprednisolone succinate,CC1=C2CC(=O)C=CC2(C)C2C(O)CC3(C)C(CCC3(O)C(=O)COC(=O)CCC(=O)O)C2C1,,16923.0,Drug_Name,2,ok,2,0
sildenafil,CCCc1nn(C)c2c(=O)[nH]c(-c3cc(S(=O)(=O)N4CCN(C)CC4)ccc3OCC)nc12,,135398744.0,Drug_Name,420,ok,420,0
tibezonium,CC[N+](C)(CC)CCSC1=Nc2ccccc2N=C(c2ccc(Sc3ccccc3)cc2)C1,,432452.0,Drug_Name,0,ok,0,0
rilmazafone,CN(C)C(=O)c1nc(CNC(=O)CN)n(-c2ccc(Cl)cc2C(=O)c2ccccc2Cl)n1,,5069.0,Drug_Name,0,ok,0,0
picloxydine,N=C(N=C(N)N1CCN(C(N)=NC(=N)Nc2ccc(Cl)cc2)CC1)Nc1ccc(Cl)cc1,,5748610.0,Drug_Name,0,ok,0,0
fluspirilene,O=C1NCN(c2ccccc2)C12CCN(CCCC(c1ccc(F)cc1)c1ccc(F)cc1)CC2,,3396.0,Drug_Name,4,ok,4,0
netilmicin,CCNC1CC(N)C(OC2OC(CN)=CCC2N)C(O)C1OC1OCC(C)(O)C(NC)C1O,,441306.0,Drug_Name,13,ok,13,0
hydrocortamate,CCN(CC)CC(=O)OCC(=O)C1(O)CCC2C3CC=C4CC(=O)CCC4(C)C3C(O)CC21C,,84088.0,Drug_Name,0,ok,0,0
pipotiazine palmitate,CCCCCCCCCCCCCCCC(=O)OCCC1CCN(CCCN2c3ccccc3Sc3ccc(S(=O)(=O)N(C)C)cc32)CC1,,37767.0,Drug_Name,1,ok,1,0
temocapril,CCOC(=O)C(CCc1ccccc1)NC1CSC(c2cccs2)CN(CC(=O)O)C1=O,,443874.0,Drug_Name,0,ok,0,0
meclocycline,C=C1c2c(Cl)ccc(O)c2C(=O)C2C(=O)C3(O)C(=O)C(C(N)=O)C(=O)C(N(C)C)C3C(O)C12,,54676539.0,Drug_Name,0,ok,0,0
feclobuzone,CCCCC1(COC(=O)c2ccc(Cl)cc2)C(=O)N(c2ccccc2)N(c2ccccc2)C1=O,,176165.0,Drug_Name,0,ok,0,0
loperamide,CN(C)C(=O)C(CCN1CCC(O)(c2ccc(Cl)cc2)CC1)(c1ccccc1)c1ccccc1,,3955.0,Drug_Name,347,ok,347,0
ebrotidine,N=C(N)N=c1[nH]c(CSCCN=CNS(=O)(=O)c2ccc(Br)cc2)cs1,,65869.0,Drug_Name,3,ok,3,0
almitrine,C=CCNc1nc(NCC=C)nc(N2CCN(C(c3ccc(F)cc3)c3ccc(F)cc3)CC2)n1,,33887.0,Drug_Name,0,ok,0,0
tribenoside,CCOC1OC(C(COCc2ccccc2)OCc2ccccc2)C(OCc2ccccc2)C1O,,196122.0,Drug_Name,1,ok,1,0
dihydroemetine,CCC1=C(CC2NCCc3cc(OC)c(OC)cc32)CC2c3cc(OC)c(OC)cc3CCN2C1,,17558.0,Drug_Name,0,ok,0,0
chlortetracycline,CN(C)C1C(=O)C(C(N)=O)C(=O)C2(O)C(=O)C3C(=O)c4c(O)ccc(Cl)c4C(C)(O)C3CC12,,54675777.0,Drug_Name,0,ok,0,0
clobetasone butyrate,CCCC(=O)OC1(C(=O)CCl)C(C)CC2C3CC=C4CC(=O)C=CC4(C)C3(F)C(=O)CC21C,,71386.0,Drug_Name,1,ok,1,0
mosapramine,O=C1NC2CCCCN2C12CCN(CCCN1c3ccccc3CCc3ccc(Cl)cc31)CC2,,4257.0,Drug_Name,0,ok,0,0
cefteram,CON=C(C(=O)NC1C(=O)N2C(C(=O)O)=C(Cn3nnc(C)n3)CSC12)c1csc(N)n1,,6537431.0,Drug_Name,0,ok,0,0
emetine,CCC1CN2CCc3cc(OC)c(OC)cc3C2CC1CC1NCCc2cc(OC)c(OC)cc21,,10219.0,Drug_Name,57,ok,57,0
clocapramine,NC(=O)C1(N2CCCCC2)CCN(CCCN2c3ccccc3CCc3ccc(Cl)cc32)CC1,,2793.0,Drug_Name,0,ok,0,0
pranlukast,O=C(Nc1cccc2c(=O)cc(-c3nn[nH]n3)oc12)c1ccc(OCCCCc2ccccc2)cc1,,4887.0,Drug_Name,1,ok,1,0
stallimycin,Cn1cc(NC(=O)c2cc(NC(=O)c3cc(NC=O)cn3C)cn2C)cc1C(=O)NCCC(=N)N,,3115.0,Drug_Name,19,ok,19,0
talampicillin,CC1(C)SC2C(NC(=O)C(N)c3ccccc3)C(=O)N2C1C(=O)OC1OC(=O)c2ccccc21,,71447.0,Drug_Name,2,ok,2,0
rosuvastatin,CC(C)=c1nc(N(C)S(C)(=O)=O)nc(-c2ccc(F)cc2)c1=CCC(O)CC(O)CC(=O)O,,446157.0,Drug_Name,234,ok,234,0
amrubicin,CC(=O)C1(N)C=C2C(=O)c3c(c(O)c4ccccc4c3O)C(=O)C2C(OC2CC(O)C(O)CO2)C1,,3035016.0,Drug_Name,0,ok,0,0
bekanamycin,NCC1OC(OC2C(N)CC(N)C(OC3OC(CO)C(O)C(N)C3O)C2O)C(N)C(O)C1O,,439318.0,Drug_Name,0,ok,0,0
otilonium bromide,CCCCCCCCOc1ccccc1C(=O)Nc1ccc(C(=O)OCC[N+](C)(CC)CC)cc1,,72092.0,Drug_Name,1,ok,1,0
uridine triphosphate,O=c1ccn(C2OC(COP(=O)(O)OP(=O)(O)OP(=O)(O)O)C(O)C2O)c(=O)[nH]1,,6133.0,Drug_Name,1,ok,1,0
nicergoline,COC12CC(COC(=O)c3cncc(Br)c3)CN(C)C1Cc1cn(C)c3cccc2c13,,34040.0,Drug_Name,1,ok,1,0
fentonium,C[N+]1(CC(=O)c2ccc(-c3ccccc3)cc2)C2CCC1CC(OC(=O)C(CO)c1ccccc1)C2,,10347880.0,Drug_Name,0,ok,0,0
gallopamil,COc1ccc(CCN(C)CCCC(C#N)(c2cc(OC)c(OC)c(OC)c2)C(C)C)cc1OC,,1234.0,Drug_Name,0,ok,0,0
ulobetasol propionate,CCC(=O)OC1(C(=O)CCl)C(C)CC2C3CC(F)C4=CC(=O)C=CC4(C)C3(F)C(O)CC21C,,6918178.0,Drug_Name,2,ok,2,0
etiprednol dicloacetate,CCOC(=O)C1(OC(=O)C(Cl)Cl)CCC2C3CC=C4CC(=O)C=CC4(C)C3C(O)CC21C,,9935073.0,Drug_Name,0,ok,0,0
imiclopazine,CN1CCN(CCN2CCN(CCCN3c4ccccc4Sc4ccc(Cl)cc43)CC2)C1=O,,23896.0,Drug_Name,0,ok,0,0
prednisolone valerate acetate,CCCCC(=O)OC1(C(=O)COC(C)=O)CCC2C3CC=C4CC(=O)C=CC4(C)C3C(O)CC21C,,5284612.0,Drug_Name,2,ok,2,0
hydrocortisone cypionate,CC12CCC(=O)C=C1CCC1C2C(O)CC2(C)C1CCC2(O)C(=O)COC(=O)CCC1CCCC1,,223253.0,Drug_Name,0,ok,0,0
fenoxedil,CCCCOc1ccc(OCC(=O)N(CCN(CC)CC)c2cc(OCC)ccc2OCC)cc1,,71731.0,Drug_Name,0,ok,0,0
fluclorolone acetonide,CC1(C)OC2CC3C4CC(F)C5=CC(=O)C=CC5(C)C4(Cl)C(Cl)CC3(C)C2(C(=O)CO)O1,,20054914.0,Drug_Name,1,ok,1,0
riodoxol,Oc1c(I)cc(I)c(O)c1I,,152256.0,Drug_Name,2,ok,2,0
dasatinib,Cc1nc(Nc2ncc(C(=O)Nc3c(C)cccc3Cl)s2)cc(N2CCN(CCO)CC2)n1,,3062316.0,Drug_Name,27,ok,27,0
neltenexine,O=C(Nc1c(Br)cc(Br)cc1CNC1CCC(O)CC1)c1cccs1,,3047787.0,Drug_Name,0,ok,0,0
estriol succinate,CC12CCC3c4ccc(O)cc4CCC3C1CC(OC(=O)CCC(=O)O)C2OC(=O)CCC(=O)O,,10577.0,Drug_Name,2,ok,2,0
prednicarbate,CCOC(=O)OC1(C(=O)COC(=O)CC)CCC2C3CC=C4CC(=O)C=CC4(C)C3C(O)CC21C,,6714002.0,Drug_Name,1,ok,1,0
citicoline,C[N+](C)(C)CCOP(=O)([O-])OP(=O)(O)OCC1OC(n2ccc(N)nc2=O)C(O)C1O,,13804.0,Drug_Name,2,ok,2,0
cefamandole nafate,Cn1nnnc1SCC1=C(C(=O)O)N2C(=O)C(NC(=O)C(OC=O)c3ccccc3)C2SC1,,23665731.0,Drug_Name,4,ok,4,0
sulisatin,Cc1cccc2c1NC(=O)C2(c1ccc(OS(=O)(=O)O)cc1)c1ccc(OS(=O)(=O)O)cc1,,41238.0,Drug_Name,0,ok,0,0
barnidipine,COC(=O)C1=C(C)N=C(C)C(C(=O)OC2CCN(Cc3ccccc3)C2)C1c1cccc([N+](=O)[O-])c1,,443869.0,Drug_Name,0,ok,0,0
lidoflazine,Cc1cccc(C)c1NC(=O)CN1CCN(CCCC(c2ccc(F)cc2)c2ccc(F)cc2)CC1,,3926.0,Drug_Name,0,ok,0,0
cilnidipine,COCCOC(=O)C1=C(C)N=C(C)C(C(=O)OCC=Cc2ccccc2)C1c1cccc([N+](=O)[O-])c1,,5282138.0,Drug_Name,1,ok,1,0
bezitramide,CCC(=O)n1c(=O)n(C2CCN(CCC(C#N)(c3ccccc3)c3ccccc3)CC2)c2ccccc21,,61791.0,Drug_Name,0,ok,0,0
loperamide oxide,CN(C)C(=O)C(CC[N+]1([O-])CCC(O)(c2ccc(Cl)cc2)CC1)(c1ccccc1)c1ccccc1,,71421.0,Drug_Name,1,ok,1,0
aspoxicillin,CNC(=O)CC(N)C(=O)NC(C(=O)NC1C(=O)N2C1SC(C)(C)C2C(=O)O)c1ccc(O)cc1,,71961.0,Drug_Name,1,ok,1,0
imatinib,Cc1ccc(NC(=O)c2ccc(CN3CCN(C)CC3)cc2)cc1Nc1nccc(-c2cccnc2)n1,,5291.0,Drug_Name,53,ok,53,0
glibenclamide,COc1ccc(Cl)cc1C(=O)NCCc1ccc(S(=O)(=O)NC(=O)NC2CCCCC2)cc1,,3488.0,Drug_Name,53,ok,53,0
pheniodol sodium,O=C(O)C(Cc1cc(I)c(O)c(I)c1)c1ccccc1,,23665871.0,Drug_Name,0,ok,0,0
carindacillin,CC1(C)SC2C(NC(=O)C(C(=O)Oc3ccc4c(c3)CCC4)c3ccccc3)C(=O)N2C1C(=O)O,,93184.0,Drug_Name,2,ok,2,0
flumetasone pivalate,CC1CC2C3CC(F)C4=CC(=O)C=CC4(C)C3(F)C(O)CC2(C)C1(O)C(=O)COC(=O)C(C)(C)C,,443980.0,Drug_Name,3,ok,3,0
nicomorphine,CN1CCC23c4c5ccc(OC(=O)c6cccnc6)c4OC2C(OC(=O)c2cccnc2)C=CC3C1C5,,5362460.0,Drug_Name,0,ok,0,0
mibefradil,COCC(=O)OC1(CCN(C)CCCc2nc3ccccc3[nH]2)CCc2cc(F)ccc2C1C(C)C,,60663.0,Drug_Name,0,ok,0,0
betamethasone benzoate,CC1CC2C3CC=C4CC(=O)C=CC4(C)C3(F)C(O)CC2(C)C1(OC(=O)c1ccccc1)C(=O)CO,,5282492.0,Drug_Name,1,ok,1,0
idarubicin,CC(=O)C1(O)C=C2C(=O)c3c(c(O)c4ccccc4c3O)C(=O)C2C(OC2CC(N)C(O)C(C)O2)C1,,42890.0,Drug_Name,0,ok,0,0
tebipenem pivoxil,CC(O)C1C(=O)N2C(C(=O)OCOC(=O)C(C)(C)C)=C(SC3CN(C4=NCCS4)C3)C(C)C12,,9892071.0,Drug_Name,0,ok,0,0
moexipril,CCOC(=O)C(CCc1ccccc1)NC(C)C(=O)N1Cc2cc(OC)c(OC)cc2CC1C(=O)O,,91270.0,Drug_Name,2,ok,2,0
binifibrate,CC(C)(Oc1ccc(Cl)cc1)C(=O)OC(COC(=O)c1cccnc1)COC(=O)c1cccnc1,,68884.0,Drug_Name,0,ok,0,0
perflubron,FC(F)(F)C(F)(F)C(F)(F)C(F)(F)C(F)(F)C(F)(F)C(F)(F)C(F)(F)Br,,9873.0,Drug_Name,1,ok,1,0
clobenoside,CCCOC1C(O)C(OCC)OC1C(COCc1ccc(Cl)cc1)OCc1ccc(Cl)cc1,,65769.0,Drug_Name,0,ok,0,0
halofantrine,CCCCN(CCCC)CCC(O)c1cc2c(Cl)cc(Cl)cc2c2cc(C(F)(F)F)ccc12,,37393.0,Drug_Name,0,ok,0,0
tritoqualine,CCOc1c(N)c2c(c(OCC)c1OCC)C(C1c3c(cc4c(c3OC)OCO4)CCN1C)OC2=O,,72145.0,Drug_Name,0,ok,0,0
teclozan,CCOCCN(Cc1ccc(CN(CCOCC)C(=O)C(Cl)Cl)cc1)C(=O)C(Cl)Cl,,21723.0,Drug_Name,0,ok,0,0
amcinonide,CC(=O)OCC(=O)C12OC3(CCCC3)OC1CC1C3CC=C4CC(=O)C=CC4(C)C3(F)C(O)CC12C,,443958.0,Drug_Name,1,ok,1,0
hexafluronium,C[N+](C)(CCCCCC[N+](C)(C)C1c2ccccc2-c2ccccc21)C1c2ccccc2-c2ccccc21,,3601.0,Drug_Name,32,ok,32,0
betamethasone acibutate,CC(=O)OCC(=O)C1(OC(=O)C(C)C)C(C)CC2C3CC=C4CC(=O)C=CC4(C)C3(F)C(O)CC21C,,111080.0,Drug_Name,0,ok,0,0
dipyridamole,OCCN(CCO)c1nc(N2CCCCC2)c2nc(N(CCO)CCO)nc(N3CCCCC3)c2n1,,3108.0,Drug_Name,52,ok,52,0
clindamycin phosphate,CCCC1CC(C(=O)NC(C(C)Cl)C2OC(SC)C(OP(=O)(O)O)C(O)C2O)N(C)C1,,443385.0,Drug_Name,3,ok,3,0
chlorhexidine,N=C(N=C(N)NCCCCCCN=C(N)N=C(N)Nc1ccc(Cl)cc1)Nc1ccc(Cl)cc1,,9552079.0,Drug_Name,206,ok,206,0
benidipine,COC(=O)C1=C(C)N=C(C)C(C(=O)OC2CCCN(Cc3ccccc3)C2)C1c1cccc([N+](=O)[O-])c1,,656668.0,Drug_Name,1,ok,1,0
hepronicate,CCCCCCC(COC(=O)c1cccnc1)(COC(=O)c1cccnc1)COC(=O)c1cccnc1,,3588.0,Drug_Name,0,ok,0,0
tropesin,COc1ccc2c(c1)c(CC(=O)OCC(C(=O)O)c1ccccc1)c(C)n2C(=O)c1ccc(Cl)cc1,,47530.0,Drug_Name,0,ok,0,0
adenosine triphosphate,Nc1ncnc2c1ncn2C1OC(COP(=O)(O)OP(=O)(O)OP(=O)(O)O)C(O)C1O,,5957.0,Drug_Name,9,ok,9,0
oxaflumazine,FC(F)(F)c1ccc2c(c1)N(CCCN1CCN(CCC3OCCCO3)CC1)c1ccccc1S2,,62862.0,Drug_Name,0,ok,0,0
difluprednate,CCCC(=O)OC1(C(=O)COC(C)=O)CCC2C3CC(F)C4=CC(=O)C=CC4(C)C3(F)C(O)CC21C,,443936.0,Drug_Name,2,ok,2,0
alexidine,CCCCC(CC)CN=C(N)N=C(N)NCCCCCCN=C(N)N=C(N)NCC(CC)CCCC,,2090.0,Drug_Name,2,ok,2,0
clomocycline,CN(C)C1C(=O)C(C(=O)NCO)C(=O)C2(O)C(=O)C3C(=O)c4c(O)ccc(Cl)c4C(C)(O)C3CC12,,54680675.0,Drug_Name,0,ok,0,0
landiolol,CC1(C)OCC(COC(=O)CCc2ccc(OCC(O)CNCCNC(=O)N3CCOCC3)cc2)O1,,114905.0,Drug_Name,0,ok,0,0
colforsin daropate,C=CC1(C)CC(=O)C2(O)C(C)(O1)C(OC(C)=O)C(OC(=O)CCN(C)C)C1C(C)(C)CCC(O)C12C,,444029.0,Drug_Name,0,ok,0,0
cefuroxime axetil,CON=C(C(=O)NC1C(=O)N2C(C(=O)OC(C)OC(C)=O)=C(COC(N)=O)CSC12)c1ccco1,,6321416.0,Drug_Name,113,ok,113,0
pinaverium,COc1cc(Br)c(C[N+]2(CCOCCC3CCC4CC3C4(C)C)CCOCC2)cc1OC,,40704.0,Drug_Name,0,ok,0,0
cefmenoxime,CON=C(C(=O)NC1C(=O)N2C(C(=O)O)=C(CSc3nnnn3C)CSC12)c1csc(N)n1,,9570757.0,Drug_Name,0,ok,0,0
cefetamet pivoxil,CON=C(C(=O)NC1C(=O)N2C(C(=O)OCOC(=O)C(C)(C)C)=C(C)CSC12)c1csc(N)n1,,5486182.0,Drug_Name,0,ok,0,0
flomoxef,COC1(NC(=O)CSC(F)F)C(=O)N2C(C(=O)O)=C(CSc3nnnn3CCO)COC21,,65864.0,Drug_Name,0,ok,0,0
acetoxolone,CC(=O)OC1CCC2(C)C(CCC3(C)C2C(=O)C=C2C4CC(C)(C(=O)O)CCC4(C)CCC23C)C1(C)C,,94320.0,Drug_Name,0,ok,0,0
carubicin,CC(=O)C1(O)C=C2C(=O)c3c(c(O)c4c(O)cccc4c3O)C(=O)C2C(OC2CC(N)C(O)C(C)O2)C1,,443831.0,Drug_Name,0,ok,0,0
cefuzonam,CON=C(C(=O)NC1C(=O)N2C(C(=O)O)=C(CSc3cnns3)CSC12)c1csc(N)n1,,6336505.0,Drug_Name,0,ok,0,0
sobuzoxane,CC(C)COC(=O)OCN1C(=O)CN(CCN2CC(=O)N(COC(=O)OCC(C)C)C(=O)C2)CC1=O,,5233.0,Drug_Name,0,ok,0,0
telmisartan,CCCc1nc2c(C)cc(-c3nc4ccccc4n3C)cc2n1Cc1ccc(-c2ccccc2C(=O)O)cc1,,65999.0,Drug_Name,94,ok,94,0
cefpirome,CON=C(C(=O)NC1C(=O)N2C(C(=O)[O-])=C(C[n+]3cccc4c3CCC4)CSC12)c1csc(N)n1,,5479539.0,Drug_Name,0,ok,0,0
cynarine,O=C(C=Cc1ccc(O)c(O)c1)OC1CC(OC(=O)C=Cc2ccc(O)c(O)c2)(C(=O)O)CC(O)C1O,,5281769.0,Drug_Name,0,ok,0,0
cefozopran,CON=C(C(=O)NC1C(=O)N2C(C(=O)[O-])=C(C[n+]3ccn4ncccc43)CSC12)c1nsc(N)n1,,9571080.0,Drug_Name,1,ok,1,0
probucol,CC(C)(Sc1cc(C(C)(C)C)c(O)c(C(C)(C)C)c1)Sc1cc(C(C)(C)C)c(O)c(C(C)(C)C)c1,,4912.0,Drug_Name,3,ok,3,0
benziodarone,CCc1oc2ccccc2c1C(=O)c1cc(I)c(O)c(I)c1,,6237.0,Drug_Name,4,ok,4,0
gossypol,Cc1cc2c(C(C)C)c(O)c(O)c(C=O)c2c(O)c1-c1c(C)cc2c(C(C)C)c(O)c(O)c(C=O)c2c1O,,3503.0,Drug_Name,95,ok,95,0
betamethasone butyrate propionate,CCCC(=O)OC1(C(=O)COC(=O)CC)C(C)CC2C3CC=C4CC(=O)C=CC4(C)C3(F)C(O)CC21C,,71470.0,Drug_Name,1,ok,1,0
glucametacin,COc1ccc2c(c1)c(CC(=O)NC1C(O)OC(CO)C(O)C1O)c(C)n2C(=O)c1ccc(Cl)cc1,,3033980.0,Drug_Name,0,ok,0,0
ceforanide,NCc1ccccc1CC(=O)NC1C(=O)N2C(C(=O)O)=C(CSc3nnnn3CC(=O)O)CSC12,,43507.0,Drug_Name,1,ok,1,0
cefminox,COC1(NC(=O)CSCC(N)C(=O)O)C(=O)N2C(C(=O)O)=C(CSc3nnnn3C)CSC21,,71141.0,Drug_Name,0,ok,0,0
estramustine phosphate,CC12CCC3c4ccc(OC(=O)N(CCCl)CCCl)cc4CCC3C1CCC2OP(=O)(O)O,,259329.0,Drug_Name,3,ok,3,0
latamoxef,COC1(NC(=O)C(C(=O)O)c2ccc(O)cc2)C(=O)N2C(C(=O)O)=C(CSc3nnnn3C)COC21,,47499.0,Drug_Name,0,ok,0,0
perfluamine,FC(F)(F)C(F)(F)C(F)(F)N(C(F)(F)C(F)(F)C(F)(F)F)C(F)(F)C(F)(F)C(F)(F)F,,67645.0,Drug_Name,59,ok,59,0
apalcillin,CC1(C)SC2C(NC(=O)C(NC(=O)c3c[nH]c4cccnc4c3=O)c3ccccc3)C(=O)N2C1C(=O)O,,6602341.0,Drug_Name,0,ok,0,0
cefoselis,CON=C(C(=O)NC1C(=O)N2C(C(=O)[O-])=C(C[n+]3ccc(N)n3CCO)CSC12)c1csc(N)n1,,5748845.0,Drug_Name,0,ok,0,0
penfluridol,OC1(c2ccc(Cl)c(C(F)(F)F)c2)CCN(CCCC(c2ccc(F)cc2)c2ccc(F)cc2)CC1,,33630.0,Drug_Name,1,ok,1,0
falecalcitriol,C=C1C(=CC=C2CCCC3(C)C2CCC3C(C)CCCC(O)(C(F)(F)F)C(F)(F)F)CC(O)CC1O,,5282190.0,Drug_Name,0,ok,0,0
cefotiam,CN(C)CCn1nnnc1SCC1=C(C(=O)O)N2C(=O)C(NC(=O)Cc3csc(N)n3)C2SC1,,43708.0,Drug_Name,1,ok,1,0
protoverine,CC1CCC2N(C1)CC1C(C(O)C(O)C3(O)C1CC14OC5(O)C(O)CCC1(C)C5C(O)C(O)C34)C2(C)O,,442982.0,Drug_Name,0,ok,0,0
pirozadil,COc1cc(C(=O)OCc2cccc(COC(=O)c3cc(OC)c(OC)c(OC)c3)n2)cc(OC)c1OC,,68711.0,Drug_Name,0,ok,0,0
daunorubicin,COc1cccc2c(O)c3c(c(O)c12)C(=O)C1=C(CC(O)(C(C)=O)CC1OC1CC(N)C(O)C(C)O1)C3=O,,30323.0,Drug_Name,104,ok,104,0
gliquidone,COc1ccc2c(c1)C(=O)N(CCc1ccc(S(=O)(=O)NC(=O)NC3CCCCC3)cc1)C(=O)C2(C)C,,91610.0,Drug_Name,0,ok,0,0
dutasteride,CC12C=CC(=O)NC1CCC1C2CCC2(C)C(C(=O)Nc3cc(C(F)(F)F)ccc3C(F)(F)F)CCC12,,6918296.0,Drug_Name,66,ok,66,0
dexamethasone acefurate,CC(=O)OCC(=O)C1(OC(=O)c2ccco2)C(C)CC2C3CC=C4CC(=O)C=CC4(C)C3(F)C(O)CC21C,,656777.0,Drug_Name,0,ok,0,0
lumefantrine,CCCCN(CCCC)CC(O)c1cc(Cl)cc2c1-c1ccc(Cl)cc1C2=Cc1ccc(Cl)cc1,,6437380.0,Drug_Name,54,ok,54,0
nilotinib,Cc1cn(-c2cc(NC(=O)c3ccc(C)c(Nc4nccc(-c5cccnc5)n4)c3)cc(C(F)(F)F)c2)cn1,,644241.0,Drug_Name,90,ok,90,0
rocuronium,C=CC[N+]1(C2CC3C4CCC5CC(O)C(N6CCOCC6)CC5(C)C4CCC3(C)C2OC(C)=O)CCCC1,,441290.0,Drug_Name,50,ok,50,0
proscillaridin,CC1OC(OC2C=C3CCC4C(CCC5(C)C(c6ccc(=O)oc6)CCC45O)C3(C)CC2)C(O)C(O)C1O,,5284613.0,Drug_Name,1,ok,1,0
cortivazol,CC(=O)OCC(=O)C1(O)C(C)CC2C3C=C(C)C4=Cc5c(cnn5-c5ccccc5)CC4(C)C3C(O)CC21C,,66249.0,Drug_Name,1,ok,1,0
tocopherol succinate,Cc1c(C)c2c(c(C)c1OC(=O)CCC(=O)O)CCC(C)(CCCC(C)CCCC(C)CCCC(C)C)O2,,20353.0,Drug_Name,2,ok,2,0
cefsulodin,NC(=O)c1cc[n+](CC2=C(C(=O)[O-])N3C(=O)C(NC(=O)C(c4ccccc4)S(=O)(=O)O)C3SC2)cc1,,656575.0,Drug_Name,0,ok,0,0
tocopheryl nicotinate,Cc1c(C)c2c(c(C)c1OC(=O)c1cccnc1)CCC(C)(CCCC(C)CCCC(C)CCCC(C)C)O2,,27990.0,Drug_Name,0,ok,0,0
betacarotene,CC(C=CC=C(C)C=CC1=C(C)CCCC1(C)C)=CC=CC=C(C)C=CC=C(C)C=CC1=C(C)CCCC1(C)C,,5280489.0,Drug_Name,97,ok,97,0
ambenonium,CC[N+](CC)(CCNC(=O)C(=O)NCC[N+](CC)(CC)Cc1ccccc1Cl)Cc1ccccc1Cl,,2131.0,Drug_Name,12,ok,12,0
nafiverine,CC(C(=O)OCCN1CCN(CCOC(=O)C(C)c2cccc3ccccc23)CC1)c1cccc2ccccc12,,21137.0,Drug_Name,0,ok,0,0
mezlocillin,CC1(C)SC2C(NC(=O)C(NC(=O)N3CCN(S(C)(=O)=O)C3=O)c3ccccc3)C(=O)N2C1C(=O)O,,656511.0,Drug_Name,0,ok,0,0
amenamevir,Cc1cccc(C)c1N(CC(=O)Nc1ccc(-c2ncon2)cc1)C(=O)C1CCS(=O)(=O)CC1,,11397521.0,Drug_Name,0,ok,0,0
netarsudil,Cc1ccc(C(=O)OCc2ccc(C(CN)C(=O)Nc3ccc4cnccc4c3)cc2)c(C)c1,,66599893.0,Drug_Name,1,ok,1,0
romidepsin,CCC1=NC(=O)C2CSSCCC=CC(CC(=O)NC(C(C)C)C(=O)N2)OC(=O)C(C(C)C)NC1=O,,5352062.0,Drug_Name,13,ok,13,0
cefonicid,O=C(O)C1=C(CSc2nnnn2CS(=O)(=O)O)CSC2C(NC(=O)C(O)c3ccccc3)C(=O)N12,,43594.0,Drug_Name,0,ok,0,0
epirubicin,COc1cccc2c(O)c3c(c(O)c12)C(=O)C1=C(CC(O)(C(=O)CO)CC1OC1CC(N)C(O)C(C)O1)C3=O,,41867.0,Drug_Name,115,ok,115,0
prednisolone sulfobenzoate,CC12C=CC(=O)C=C1CCC1C2C(O)CC2(C)C1CCC2(O)C(=O)COC(=O)c1cccc(S(=O)(=O)O)c1,,181625.0,Drug_Name,0,ok,0,0
meproscillarin,COC1C(C)OC(OC2C=C3CCC4C(CCC5(C)C(c6ccc(=O)oc6)CCC45O)C3(C)CC2)C(O)C1O,,15942714.0,Drug_Name,0,ok,0,0
octotiamine,COC(=O)CCCCC(CCSSC(CCO)=C(C)N(C=O)Cc1cnc(C)nc1N)SC(C)=O,,5353843.0,Drug_Name,0,ok,0,0
cefazedone,Cc1nnc(SCC2=C(C(=O)O)N3C(=O)C(NC(=O)Cn4cc(Cl)c(=O)c(Cl)c4)C3SC2)s1,,71736.0,Drug_Name,2,ok,2,0
peruvoside,COC1C(O)C(C)OC(OC2CCC3(C=O)C(CCC4C3CCC3(C)C(C5=CC(=O)OC5)CCC43O)C2)C1O,,12314120.0,Drug_Name,0,ok,0,0
fluphenazine enanthate,CCCCCCC(=O)OCCN1CCN(CCCN2c3ccccc3Sc3ccc(C(F)(F)F)cc32)CC1,,3389.0,Drug_Name,8,ok,8,0
octenidine,CCCCCCCCN=c1ccn(CCCCCCCCCCn2ccc(=NCCCCCCCC)cc2)cc1,,51167.0,Drug_Name,0,ok,0,0
bufeniode,CC(CCc1ccccc1)NC(C)C(O)c1cc(I)c(O)c(I)c1,,72087.0,Drug_Name,0,ok,0,0
aliskiren,COCCCOc1cc(CC(CC(N)C(O)CC(C(=O)NCC(C)(C)C(N)=O)C(C)C)C(C)C)ccc1OC,,5493444.0,Drug_Name,91,ok,91,0
arbekacin,NCCC(O)C(=O)NC1CC(N)C(OC2OC(CN)CCC2N)C(O)C1OC1OC(CO)C(O)C(N)C1O,,68682.0,Drug_Name,0,ok,0,0
ceftriaxone,CON=C(C(=O)NC1C(=O)N2C(C(=O)O)=C(CSc3nc(=O)c(=O)[nH]n3C)CSC12)c1csc(N)n1,,5479530.0,Drug_Name,20,ok,20,0
pantethine,CC(C)(CO)C(O)C(=O)NCCC(=O)NCCSSCCNC(=O)CCNC(=O)C(O)C(C)(C)CO,,452306.0,Drug_Name,3,ok,3,0
niceritrol,O=C(OCC(COC(=O)c1cccnc1)(COC(=O)c1cccnc1)COC(=O)c1cccnc1)c1cccnc1,,4476.0,Drug_Name,0,ok,0,0
dronedarone,CCCCc1oc2ccc(NS(C)(=O)=O)cc2c1C(=O)c1ccc(OCCCN(CCCC)CCCC)cc1,,208898.0,Drug_Name,136,ok,136,0
demecarium,CN(CCCCCCCCCCN(C)C(=O)Oc1cccc([N+](C)(C)C)c1)C(=O)Oc1cccc([N+](C)(C)C)c1,,5966.0,Drug_Name,0,ok,0,0
acetrizoic acid,CC(=O)Nc1c(I)cc(I)c(C(=O)O)c1I,,6806.0,Drug_Name,3,ok,3,0
voacamine,CC=C1CN(C)C2Cc3c([nH]c4ccccc34)C(c3cc4[nH]c5c(c4cc3OC)CCN3CC4CC(CC)C3C5(C(=O)OC)C4)CC1C2C(=O)OC,,11953931.0,Drug_Name,0,ok,0,0
ertugliflozin,CCOc1ccc(Cc2cc(C34OCC(CO)(O3)C(O)C(O)C4O)ccc2Cl)cc1,,44814423.0,Drug_Name,3,ok,3,0
cefpodoxime proxetil,COCC1=C(C(=O)OC(C)OC(=O)OC(C)C)N2C(=O)C(=NC(=O)C(NOC)c3csc(N)n3)C2SC1,,6526396.0,Drug_Name,2,ok,2,0
vecuronium,CC(=O)OC1CC2CCC3C(CCC4(C)C3CC([N+]3(C)CCCCC3)C4OC(C)=O)C2(C)CC1N1CCCCC1,,39765.0,Drug_Name,70,ok,70,0
phenobutiodil,CCC(Oc1c(I)cc(I)cc1I)C(=O)O,,11127.0,Drug_Name,0,ok,0,0
alatrofloxacin,CC(N)C(=O)NC(C)C(=O)NC1C2CN(c3nc4c(cc3F)c(=O)c(C(=O)O)cn4-c3ccc(F)cc3F)CC21,,3086677.0,Drug_Name,0,ok,0,0
triheptanoin,CCCCCCC(=O)OCC(COC(=O)CCCCCC)OC(=O)CCCCCC,,69286.0,Drug_Name,10,ok,10,0
atorvastatin,CC(C)c1c(C(=O)Nc2ccccc2)c(-c2ccccc2)c(-c2ccc(F)cc2)n1CCC(O)CC(O)CC(=O)O,,60823.0,Drug_Name,223,ok,223,0
halopredone acetate,CC(=O)OCC(=O)C1(OC(C)=O)CCC2C3CC(F)C4=CC(=O)C(Br)=CC4(C)C3(F)C(O)CC21C,,91667.0,Drug_Name,0,ok,0,0
sulfamazone,COc1ccc(NS(=O)(=O)c2ccc(NC(c3c(C)n(C)n(-c4ccccc4)c3=O)S(=O)(=O)O)cc2)nn1,,187764.0,Drug_Name,0,ok,0,0
deferoxamine,CC(=O)N(O)CCCCCNC(=O)CCC(=O)N(O)CCCCCNC(=O)CCC(=O)N(O)CCCCCN,,2973.0,Drug_Name,73,ok,73,0
protoporphyrin,C=C1C(=CC)c2cc3[nH]c(cc4[nH]c(cc5nc(cc1n2)C(CC)=C5C)c(C)c4CCC(=O)O)c(C=CC(=O)O)c3C,,4971.0,Drug_Name,0,ok,0,0
ecamsule,CC1(C)C2CCC1(CS(=O)(=O)O)C(=O)C2=Cc1ccc(C=C2C(=O)C3(CS(=O)(=O)O)CCC2C3(C)C)cc1,,146382.0,Drug_Name,14,ok,14,0
fosinopril,CCC(=O)OC(OP(=O)(CCCCc1ccccc1)CC(=O)N1CC(C2CCCCC2)CC1C(=O)O)C(C)C,,9601226.0,Drug_Name,40,ok,40,0
dihydroergocornine,CC(C)C1C(=O)N2CCCC2C2(O)OC(NC(=O)C3CC4c5cccc6[nH]cc(c56)CC4N(C)C3)(C(C)C)C(=O)N12,,168871.0,Drug_Name,2,ok,2,0
enocitabine,CCCCCCCCCCCCCCCCCCCCCC(=O)Nc1ccn(C2OC(CO)C(O)C2O)c(=O)n1,,71734.0,Drug_Name,0,ok,0,0
desoxymycin,CNC1C(OC2C(OC3C(O)C(O)C(N=C(N)N)C(O)C3N=C(N)N)OC(C)C2CO)OC(CO)C(O)C1O,,11953824.0,Drug_Name,0,ok,0,0
cefcapene pivoxil,CCCC(C(=O)N=C1C(=O)N2C(C(=O)OCOC(=O)C(C)(C)C)=C(COC(N)=O)CSC12)c1csc(N)n1,,5282438.0,Drug_Name,0,ok,0,0
nelfinavir,Cc1c(O)cccc1C(=O)NC(CSc1ccccc1)C(O)CN1CC2CCCCC2CC1C(=O)NC(C)(C)C,,64143.0,Drug_Name,9,ok,9,0
brovanexine,COc1cc(C(=O)Nc2c(Br)cc(Br)cc2CN(C)C2CCCCC2)ccc1OC(C)=O,,162137.0,Drug_Name,0,ok,0,0
cefuroxime pivoxetil,CON=C(C(=O)NC1C(=O)N2C(C(=O)OC(C)OC(=O)C(C)(C)OC)=C(COC(N)=O)CSC12)c1ccco1,,6321417.0,Drug_Name,0,ok,0,0
formocortal,CC(=O)OCC(=O)C12OC(C)(C)OC1CC1C3CC(C=O)=C4C=C(OCCCl)CCC4(C)C3(F)C(O)CC12C,,289085.0,Drug_Name,0,ok,0,0
remimazolam,COC(=O)CCC1N=C(c2ccccn2)c2cc(Br)ccc2-n2c(C)cnc21,,9867812.0,Drug_Name,10,ok,10,0
fostemsavir,COc1cnc(-n2cnc(C)n2)c2c1c(C(=O)C(=O)N1CCN(C(=O)c3ccccc3)CC1)cn2COP(=O)(O)O,,11319217.0,Drug_Name,9,ok,9,0
abametapir,Cc1ccc(-c2ccc(C)cn2)nc1,,15664.0,Drug_Name,1,ok,1,0
isepamicin,CNC1C(O)C(OC2C(NC(=O)C(O)CN)CC(N)C(OC3OC(CN)C(O)C(O)C3O)C2O)OCC1(C)O,,3037209.0,Drug_Name,0,ok,0,0
iodol,Ic1[nH]c(I)c(I)c1I,,66602.0,Drug_Name,1,ok,1,0
diathymosulfone,Cc1cc(O)c(C(C)C)cc1N=Nc1ccc(S(=O)(=O)c2ccc(N=Nc3cc(C(C)C)c(O)cc3C)cc2)cc1,,208828.0,Drug_Name,0,ok,0,0
carbenoxolone,CC1(C(=O)O)CCC2(C)CCC3(C)C(=C2C1)CC(=O)C1C2(C)CCC(OC(=O)CCC(=O)O)C(C)(C)C2CCC13C,,636403.0,Drug_Name,0,ok,0,0
iopanoic acid,CCC(Cc1c(I)cc(I)c(N)c1I)C(=O)O,,3735.0,Drug_Name,51,ok,51,0
iophenoic acid,CCC(Cc1c(I)cc(I)c(O)c1I)C(=O)O,,7315.0,Drug_Name,1,ok,1,0
pancuronium,CC(=O)OC1CC2CCC3C(CCC4(C)C3CC([N+]3(C)CCCCC3)C4OC(C)=O)C2(C)CC1[N+]1(C)CCCCC1,,441289.0,Drug_Name,15,ok,15,0
cytarabine ocfosfate,CCCCCCCCCCCCCCCCCCOP(=O)(O)OCC1OC(n2ccc(N)nc2=O)C(O)C1O,,23671562.0,Drug_Name,0,ok,0,0
cefotetan,COC1(NC(O)=c2sc(=C(C(N)=O)C(=O)O)s2)C(=O)N2C(C(=O)O)=C(CSc3nnnn3C)CSC21,,53025.0,Drug_Name,0,ok,0,0
zafirlukast,COc1cc(C(=O)NS(=O)(=O)c2ccccc2C)ccc1Cc1cn(C)c2ccc(NC(=O)OC3CCCC3)cc12,,5717.0,Drug_Name,54,ok,54,0
oleandrin,COC1CC(OC2CCC3(C)C(CCC4C3CCC3(C)C(C5=CC(=O)OC5)C(OC(C)=O)CC43O)C2)OC(C)C1O,,11541511.0,Drug_Name,111,ok,111,0
beta-Ergocryptine,CCC(C)C1C(=O)N2CCCC2C2(O)OC(NC(=O)C3C=C4c5cccc6[nH]cc(c56)CC4N(C)C3)(C(C)C)C(=O)N12,,15586930.0,Drug_Name,0,ok,0,0
alpha-Ergocryptine,CC(C)CC1C(=O)N2CCCC2C2(O)OC(NC(=O)C3C=C4c5cccc6[nH]cc(c56)CC4N(C)C3)(C(C)C)C(=O)N12,,134551.0,Drug_Name,9,ok,9,0
deserpidine,COC(=O)C1C2CC3c4[nH]c5ccccc5c4CCN3CC2CC(OC(=O)c2cc(OC)c(OC)c(OC)c2)C1OC,,8550.0,Drug_Name,0,ok,0,0
difebarbamate,CCCCOCC(CN1C(=O)N(CC(COCCCC)OC(N)=O)C(=O)C(CC)(c2ccccc2)C1=O)OC(N)=O,,71880.0,Drug_Name,0,ok,0,0
prednisolone farnesylate,CC(C)=CCCC(C)=CCCC(C)=CC(=O)OCC(=O)C1(O)CCC2C3CC=C4CC(=O)C=CC4(C)C3C(O)CC21C,,5282229.0,Drug_Name,0,ok,0,0
lapatinib,CS(=O)(=O)CCNCc1ccc(-c2ccc3ncnc(Nc4ccc(OCc5cccc(F)c5)c(Cl)c4)c3c2)o1,,208908.0,Drug_Name,113,ok,113,0
streptomycin,CNC1C(OC2C(OC3C(O)C(O)C(N=C(N)N)C(O)C3N=C(N)N)OC(C)C2(O)C=O)OC(CO)C(O)C1O,,19649.0,Drug_Name,207,ok,207,0
ergotamine,CN1CC(C(=O)NC2(C)OC3(O)C4CCCN4C(=O)C(Cc4ccccc4)N3C2=O)C=C2c3cccc4[nH]cc(c34)CC21,,8223.0,Drug_Name,169,ok,169,0
azelnidipine,CC1=NC(=N)C(C(=O)OC2CN(C(c3ccccc3)c3ccccc3)C2)C(c2cccc([N+](=O)[O-])c2)C1C(=O)OC(C)C,,65948.0,Drug_Name,2,ok,2,0
dihydrostreptomycin,CNC1C(OC2C(OC3C(O)C(O)C(N=C(N)N)C(O)C3N=C(N)N)OC(C)C2(O)CO)OC(CO)C(O)C1O,,439369.0,Drug_Name,2,ok,2,0
dihydroergotamine,CN1CC(C(=O)NC2(C)OC3(O)C4CCCN4C(=O)C(Cc4ccccc4)N3C2=O)CC2c3cccc4[nH]cc(c34)CC21,,10531.0,Drug_Name,3,ok,3,0
ouabain,CC1OC(OC2CC(O)C3(CO)C4C(O)CC5(C)C(C6=CC(=O)OC6)CCC5(O)C4CCC3(O)C2)C(O)C(O)C1O,,439501.0,Drug_Name,169,ok,169,0
cefodizime,CON=C(C(=O)NC1C(=O)N2C(C(=O)O)=C(CSc3nc(C)c(CC(=O)O)s3)CSC12)c1csc(N)n1,,5361871.0,Drug_Name,0,ok,0,0
amikacin,NCCC(O)C(=O)NC1CC(N)C(OC2OC(CN)C(O)C(O)C2O)C(O)C1OC1OC(CO)C(O)C(N)C1O,,37768.0,Drug_Name,139,ok,139,0
fosamprenavir,CC(C)CN(CC(OP(=O)(O)O)C(Cc1ccccc1)NC(=O)OC1CCOC1)S(=O)(=O)c1ccc(N)cc1,,131536.0,Drug_Name,57,ok,57,0
myrophine,CCCCCCCCCCCCCC(=O)OC1C=CC2C3Cc4ccc(OCc5ccccc5)c5c4C2(CCN3C)C1O5,,5362457.0,Drug_Name,0,ok,0,0
montelukast,CC(C)(O)c1ccccc1CCC(SCC1(CC(=O)O)CC1)c1cccc(C=Cc2ccc3ccc(Cl)cc3n2)c1,,5281040.0,Drug_Name,128,ok,128,0
hidrosmin,COc1ccc(-c2cc(=O)c3c(OCCO)cc(OC4OC(COC5OC(C)C(O)C(O)C5O)C(O)C(O)C4O)cc3o2)cc1O,,3087722.0,Drug_Name,0,ok,0,0
irinotecan,CCc1c2c(nc3ccc(OC(=O)N4CCC(N5CCCCC5)CC4)cc13)-c1cc3c(c(=O)n1C2)COC(=O)C3(O)CC,,60838.0,Drug_Name,125,ok,125,0
antrafenine,O=C(OCCN1CCN(c2cccc(C(F)(F)F)c2)CC1)c1ccccc1Nc1ccnc2cc(C(F)(F)F)ccc12,,68723.0,Drug_Name,0,ok,0,0
etoposide,COc1cc(C2c3cc4c(cc3C(OC3OC5COC(C)OC5C(O)C3O)C3COC(=O)C23)OCO4)cc(OC)c1O,,36462.0,Drug_Name,187,ok,187,0
rescimetol,COC(=O)C1C2CC3c4[nH]c5cc(OC)ccc5c4CCN3CC2CC(OC(=O)C=Cc2ccc(O)c(OC)c2)C1OC,,5282209.0,Drug_Name,0,ok,0,0
hexobendine,COc1cc(C(=O)OCCCN(C)CCN(C)CCCOC(=O)c2cc(OC)c(OC)c(OC)c2)cc(OC)c1OC,,5777.0,Drug_Name,0,ok,0,0
cefteram pivoxil,CON=C(C(=O)NC1C(=O)N2C(C(=O)OCOC(=O)C(C)(C)C)=C(Cn3nnc(C)n3)CSC12)c1csc(N)n1,,5362114.0,Drug_Name,0,ok,0,0
sultamicillin,CC1(C)SC2C(NC(=O)C(N)c3ccccc3)C(=O)N2C1C(=O)OCOC(=O)C1N2C(=O)CC2S(=O)(=O)C1(C)C,,444022.0,Drug_Name,0,ok,0,0
selenium (75Se) tauroselcholic acid,CC(C[Se]CC(=O)NCCS(=O)(=O)O)C1CCC2C3C(O)CC4CC(O)CCC4(C)C3CC(O)C12C,,123829.0,Drug_Name (fallback),0,ok,0,0
keracyanin,CC1OC(OCC2OC(Oc3cc4c(O)cc(O)cc4[o+]c3-c3ccc(O)c(O)c3)C(O)C(O)C2O)C(O)C(O)C1O,,29231.0,Drug_Name,0,ok,0,0
rapacuronium,C=CC[N+]1(C2CC3C4CCC5CC(OC(C)=O)C(N6CCCCC6)CC5(C)C4CCC3(C)C2OC(=O)CC)CCCCC1,,5311399.0,Drug_Name,0,ok,0,0
iopodic acid,CN(C)C=Nc1c(I)cc(I)c(CCC(=O)O)c1I,,5241.0,Drug_Name,56,ok,56,0
metofenazate,COc1cc(C(=O)OCCN2CCN(CCCN3c4ccccc4Sc4ccc(Cl)cc43)CC2)cc(OC)c1OC,,9800.0,Drug_Name,0,ok,0,0
hematoporphyrin,CC1=C(C(C)O)c2cc3nc(cc4[nH]c(cc5[nH]c(cc1n2)c(C)c5CCC(=O)O)c(CCC(=O)O)c4C)C(C(C)O)=C3C,,11103.0,Drug_Name,0,ok,0,0
nicofuranose,O=C(OCC1OC(O)(COC(=O)c2cccnc2)C(OC(=O)c2cccnc2)C1OC(=O)c1cccnc1)c1cccnc1,,25495.0,Drug_Name,0,ok,0,0
pipecuronium,CC(=O)OC1CC2CCC3C(CCC4(C)C3CC(N3CC[N+](C)(C)CC3)C4OC(C)=O)C2(C)CC1N1CC[N+](C)(C)CC1,,50192.0,Drug_Name,0,ok,0,0
dilazep,COc1cc(C(=O)OCCCN2CCCN(CCCOC(=O)c3cc(OC)c(OC)c(OC)c3)CC2)cc(OC)c1OC,,3074.0,Drug_Name,0,ok,0,0
fulvestrant,CC12CCC3c4ccc(O)cc4CC(CCCCCCCCC[S+]([O-])CCCC(F)(F)C(F)(F)F)C3C1CCC2O,,104741.0,Drug_Name,99,ok,99,0
diosmin,COc1ccc(-c2cc(=O)c3c(O)cc(OC4OC(COC5OC(C)C(O)C(O)C5O)C(O)C(O)C4O)cc3o2)cc1O,,5281613.0,Drug_Name,0,ok,0,0
methoserpidine,COC(=O)C1C2CC3c4[nH]c5ccc(OC)cc5c4CCN3CC2CC(OC(=O)c2cc(OC)c(OC)c(OC)c2)C1OC,,71798.0,Drug_Name,0,ok,0,0
dexniguldipine,COC(=O)C1=C(C)N=C(C)C(C(=O)OCCCN2CCC(c3ccccc3)(c3ccccc3)CC2)C1c1cccc([N+](=O)[O-])c1,,6918097.0,Drug_Name,0,ok,0,0
tubocurarine,COc1cc2c3cc1Oc1cc(ccc1O)CC1c4c(cc(OC)c(O)c4Oc4ccc(cc4)CC3N(C)CC2)CC[N+]1(C)C,,6000.0,Drug_Name,85,ok,85,0
rutoside,CC1OC(OCC2OC(Oc3c(-c4ccc(O)c(O)c4)oc4cc(O)cc(O)c4c3=O)C(O)C(O)C2O)C(O)C(O)C1O,,5280805.0,Drug_Name,22,ok,22,0
candesartan cilexetil,CCOc1nc2cccc(C(=O)OC(C)OC(=O)OC3CCCCC3)c2n1Cc1ccc(-c2ccccc2-c2nn[nH]n2)cc1,,2540.0,Drug_Name,5,ok,5,0
manidipine,COC(=O)C1=C(C)N=C(C)C(C(=O)OCCN2CCN(C(c3ccccc3)c3ccccc3)CC2)C1c1cccc([N+](=O)[O-])c1,,4008.0,Drug_Name,1,ok,1,0
dihydroergocristine,CC(C)C1(NC(=O)C2CC3c4cccc5[nH]cc(c45)CC3N(C)C2)OC2(O)C3CCCN3C(=O)C(Cc3ccccc3)N2C1=O,,107715.0,Drug_Name,1,ok,1,0
novobiocin,COC1C(OC(N)=O)C(O)C(Oc2ccc3c(=O)c(NC(=O)c4ccc(O)c(CC=C(C)C)c4)c(O)oc3c2C)OC1(C)C,,54675769.0,Drug_Name,55,ok,55,0
cefpiramide,Cc1cc(=O)c(C(=O)NC(C(=O)NC2C(=O)N3C(C(=O)O)=C(CSc4nnnn4C)CSC23)c2ccc(O)cc2)c[nH]1,,636405.0,Drug_Name,0,ok,0,0
indinavir,CC(C)(C)NC(=O)C1CN(Cc2cccnc2)CCN1CC(O)CC(Cc1ccccc1)C(=O)NC1c2ccccc2CC1O,,5362440.0,Drug_Name,48,ok,48,0
iotalamic acid,CNC(=O)c1c(I)c(NC(C)=O)c(I)c(C(=O)O)c1I,,3737.0,Drug_Name,2,ok,2,0
diatrizoate,CC(=O)Nc1c(I)c(NC(C)=O)c(I)c(C(=O)O)c1I,,2140.0,Drug_Name,96,ok,96,0
iomeglamic acid,CN(C(=O)CCCC(=O)O)c1c(I)cc(I)c(N)c1I,,65721.0,Drug_Name,0,ok,0,0
iocetamic acid,CC(=O)N(CC(C)C(=O)O)c1c(I)cc(I)c(N)c1I,,27648.0,Drug_Name,30,ok,30,0
framycetin,NCC1OC(OC2C(CO)OC(OC3C(O)C(N)CC(N)C3OC3OC(CN)C(O)C(O)C3N)C2O)C(N)C(O)C1O,,8378.0,Drug_Name,138,ok,138,0
paromomycin,NCC1OC(OC2C(CO)OC(OC3C(O)C(N)CC(N)C3OC3OC(CO)C(O)C(O)C3N)C2O)C(N)C(O)C1O,,165580.0,Drug_Name,1,ok,1,0
butobendine,CCC(COC(=O)c1cc(OC)c(OC)c(OC)c1)N(C)CCN(C)C(CC)COC(=O)c1cc(OC)c(OC)c(OC)c1,,10031812.0,Drug_Name,0,ok,0,0
tiratricol,O=C(O)Cc1cc(I)c(Oc2ccc(O)c(I)c2)c(I)c1,,5803.0,Drug_Name,21,ok,21,0
triamcinolone benetonide,CC(CNC(=O)c1ccccc1)C(=O)OCC(=O)C12OC(C)(C)OC1CC1C3CC=C4CC(=O)C=CC4(C)C3(F)C(O)CC12C,,62963.0,Drug_Name,2,ok,2,0
tirilazad,CC1CC2C3CC=C4CC(=O)C=CC4(C)C3=CCC2(C)C1C(=O)CN1CCN(c2cc(N3CCCC3)nc(N3CCCC3)n2)CC1,,104903.0,Drug_Name,0,ok,0,0
guamecycline,CN(C)C1C(=O)C(C(=O)NCN2CCN(C(N)=NC(=N)N)CC2)C(=O)C2(O)C(=O)C3C(=O)c4c(O)cccc4C(C)(O)C3CC12,,54688683.0,Drug_Name,0,ok,0,0
tocofibrate,Cc1c(C)c2c(c(C)c1OC(=O)C(C)(C)Oc1ccc(Cl)cc1)CCC(C)(CCCC(C)CCCC(C)CCCC(C)C)O2,,68680.0,Drug_Name,0,ok,0,0
pirarubicin,COc1cccc2c(O)c3c(c(O)c12)C(=O)C1=C(CC(O)(C(=O)CO)CC1OC1CC(N)C(OC2CCCCO2)C(C)O1)C3=O,,11296583.0,Drug_Name,1,ok,1,0
cefbuperazone,CCN1CCN(C(=O)NC(C(=O)NC2(OC)C(=O)N3C(C(=O)O)=C(CSc4nnnn4C)CSC32)C(C)O)C(=O)C1=O,,127527.0,Drug_Name,0,ok,0,0
bemotrizinol,CCCCC(CC)COc1ccc(-c2nc(-c3ccc(OC)cc3)nc(-c3ccc(OCC(CC)CCCC)cc3O)n2)c(O)c1,,135487856.0,Drug_Name,8,ok,8,0
metrizoic acid,CC(=O)Nc1c(I)c(C(=O)O)c(I)c(N(C)C(C)=O)c1I,,2528.0,Drug_Name,3,ok,3,0
iodamide,CC(=O)NCc1c(I)c(NC(C)=O)c(I)c(C(=O)O)c1I,,3723.0,Drug_Name,0,ok,0,0
lopinavir,Cc1cccc(C)c1OCC(=O)NC(Cc1ccccc1)C(O)CC(Cc1ccccc1)NC(=O)C(C(C)C)N1CCCNC1=O,,92727.0,Drug_Name,144,ok,144,0
anazolene,O=S(=O)(O)c1cc(O)c2c(N=Nc3ccc(Nc4ccccc4)c4c(S(=O)(=O)O)cccc34)cc(S(=O)(=O)O)cc2c1,,19732.0,Drug_Name,1,ok,1,0
dexamethasone palmitate,CCCCCCCCCCCCCCCC(=O)OCC(=O)C1(O)C(C)CC2C3CC=C4CC(=O)C=CC4(C)C3(F)C(O)CC21C,,63044.0,Drug_Name,1,ok,1,0
efonidipine,CC1=NC(C)=C(P2(=O)OCC(C)(C)CO2)C(c2cccc([N+](=O)[O-])c2)C1C(=O)OCCN(Cc1ccccc1)c1ccccc1,,119171.0,Drug_Name,0,ok,0,0
thyropropic acid,O=C(O)CCc1cc(I)c(Oc2ccc(O)c(I)c2)c(I)c1,,5804.0,Drug_Name,0,ok,0,0
bunamiodyl,CCCC(=O)Nc1c(I)cc(I)c(C=C(CC)C(=O)O)c1I,,6436657.0,Drug_Name,0,ok,0,0
nicomol,O=C(OCC1(COC(=O)c2cccnc2)CCCC(COC(=O)c2cccnc2)(COC(=O)c2cccnc2)C1O)c1cccnc1,,34081.0,Drug_Name,0,ok,0,0
tyropanoate,CCCC(=O)Nc1c(I)cc(I)c(CC(CC)C(=O)O)c1I,,131884085.0,Drug_Name,0,ok,0,0
amiodarone,CCCCc1oc2ccccc2c1C(=O)c1cc(I)c(OCCN(CC)CC)c(I)c1,,2157.0,Drug_Name,129,ok,129,0
zorubicin,COc1cccc2c(O)c3c(c(O)c12)C(=O)C1=C(CC(O)(C(C)=NNC(=O)c2ccccc2)CC1OC1CC(N)C(O)C(C)O1)C3=O,,57164040.0,Drug_Name,0,ok,0,0
cefoperazone,CCN1CCN(C(=O)NC(C(=O)NC2C(=O)N3C(C(=O)O)=C(CSc4nnnn4C)CSC23)c2ccc(O)cc2)C(=O)C1=O,,44187.0,Drug_Name,4,ok,4,0
prednimustine,CC12C=CC(=O)C=C1CCC1C2C(O)CC2(C)C1CCC2(O)C(=O)COC(=O)CCCc1ccc(N(CCCl)CCCl)cc1,,34457.0,Drug_Name,24,ok,24,0
methylprednisolone suleptanate,CC1=C2CC(=O)C=CC2(C)C2C(O)CC3(C)C(CCC3(O)C(=O)COC(=O)CCCCCCC(=O)N(C)CCS(=O)(=O)O)C2C1,,23663977.0,Drug_Name,0,ok,0,0
dimethyltubocurarinium,COc1ccc2cc1Oc1cc3c(cc1OC)CC[N+](C)(C)C3Cc1ccc(cc1)Oc1c(OC)c(OC)cc3c1C(C2)[N+](C)(C)CC3,,21233.0,Drug_Name,0,ok,0,0
bromocriptine,CC(C)CC1C(=O)N2CCCC2C2(O)OC(NC(=O)C3C=C4c5cccc6[nH]c(Br)c(c56)CC4N(C)C3)(C(C)C)C(=O)N12,,31101.0,Drug_Name,54,ok,54,0
teniposide,COc1cc(C2c3cc4c(cc3C(OC3OC5COC(c6cccs6)OC5C(O)C3O)C3COC(=O)C23)OCO4)cc(OC)c1O,,452548.0,Drug_Name,102,ok,102,0
bisoctrizole,CC(C)(C)CC(C)(C)c1cc(Cc2cc(C(C)(C)CC(C)(C)C)cc(-n3nc4ccccc4n3)c2O)c(O)c(-n2nc3ccccc3n2)c1,,3571576.0,Drug_Name,0,ok,0,0
fytic acid,O=P(O)(O)OC1C(OP(=O)(O)O)C(OP(=O)(O)O)C(OP(=O)(O)O)C(OP(=O)(O)O)C1OP(=O)(O)O,,890.0,Drug_Name,0,ok,0,0
zinostatin,CNC1C(OC2C3=CC#CC4OC4(C4COC(=O)O4)C#CC3=CC2OC(=O)c2c(O)ccc3c(C)cc(OC)cc23)OC(C)C(O)C1O,,57125363.0,Drug_Name,0,ok,0,0
iobenzamic acid,Nc1c(I)cc(I)c(C(=O)N(CCC(=O)O)c2ccccc2)c1I,,18377.0,Drug_Name,0,ok,0,0
clindamycin palmitate,CCCCCCCCCCCCCCCC(=O)OC1C(SC)OC(C(NC(=O)C2CC(CCC)CN2C)C(C)Cl)C(O)C1O,,16052039.0,Drug_Name,0,ok,0,0
syrosingopine,CCOC(=O)Oc1c(OC)cc(C(=O)OC2CC3CN4CCc5c([nH]c6cc(OC)ccc56)C4CC3C(C(=O)OC)C2OC)cc1OC,,6769.0,Drug_Name,0,ok,0,0
alcuronium,C=CC[N+]12CCC34c5ccccc5N5C=C6C7CC8C9(CC[N+]8(CC=C)CC7=CCO)c7ccccc7N(C=C(C(CC31)C(=CCO)C2)C54)C69,,21158560.0,Drug_Name,6,ok,6,0
etoposide phosphate,COc1cc(C2c3cc4c(cc3C(OC3OC5COC(C)OC5C(O)C3O)C3COC(=O)C23)OCO4)cc(OC)c1OP(=O)(O)O,,6918092.0,Drug_Name,3,ok,3,0
pentamycin,CCCCCC(O)C1C(=O)OC(C)C(O)C=CC=CC=CC=CC=C(C)C(O)C(O)C(O)CC(O)CC(O)CC(O)CC(O)CC1O,,5282200.0,Drug_Name,0,ok,0,0
saquinavir,CC(C)(C)NC(=O)C1CC2CCCCC2CN1CC(O)C(Cc1ccccc1)NC(=O)C(CC(N)=O)NC(=O)c1ccc2ccccc2n1,,441243.0,Drug_Name,70,ok,70,0
cefpimizole,O=C(O)C1=C(C[n+]2ccc(CCS(=O)(=O)[O-])cc2)CSC2C(NC(=O)C(NC(=O)c3[nH]cnc3C(=O)O)c3ccccc3)C(=O)N12,,68597.0,Drug_Name,0,ok,0,0
iopronic acid,CCC(COCCOc1c(I)cc(I)c(NC(C)=O)c1I)C(=O)O,,37822.0,Drug_Name,0,ok,0,0
thymopentin,CC(C)C(NC(=O)C(CC(=O)O)NC(=O)C(CCCCN)NC(=O)C(N)CCCN=C(N)N)C(=O)NC(Cc1ccc(O)cc1)C(=O)O,,451417.0,Drug_Name,1,ok,1,0
prednisolone steaglate,CCCCCCCCCCCCCCCCCC(=O)OCC(=O)OCC(=O)C1(O)CCC2C3CC=C4CC(=O)C=CC4(C)C3C(O)CC21C,,71206.0,Drug_Name,2,ok,2,0
enviomycin,NCCC(O)C(N)CC(=O)NC1CNC(=O)C(C2CCNC(N)=N2)NC(=O)C(C=NC(N)=O)NC(=O)C(CO)NC(=O)C(CO)NC1=O,,135565326.0,Drug_Name,0,ok,0,0
viomycin,NCCCC(N)CC(=O)NC1CNC(=O)C(C2CC(O)N=C(N)N2)NC(=O)C(C=NC(N)=O)NC(=O)C(CO)NC(=O)C(CO)NC1=O,,135398671.0,Drug_Name,1,ok,1,0
oleandomycin,COC1CC(OC2C(C)C(=O)OC(C)C(C)C(O)C(C)C(=O)C3(CO3)CC(C)C(OC3OC(C)CC(N(C)C)C3O)C2C)OC(C)C1O,,72493.0,Drug_Name,22,ok,22,0
dalfopristin,CCN(CC)CCS(=O)(=O)C1CN2CC1C(=O)OC(C(C)C)C(C)C=CC(=O)NCC=CC(C)=CC(O)CC(=O)Cc1nc(co1)C2=O,,6323289.0,Drug_Name,70,ok,70,0
glucosaminylmuramyl dipeptide,CC(=O)NC(C=O)C(OC(C)C(=O)NC(C)C(=O)NC(CCC(=O)O)C(N)=O)C(OC1OC(CO)C(O)C(O)C1NC(C)=O)C(O)CO,,118984439.0,Drug_Name,0,ok,0,0
inqovi,O=C1NC(O)CCN1C1OC(CO)C(O)C1(F)F,,,none,0,no_cid,0,0
clascoterone,CCC(=O)OC1(C(=O)CO)CCC2C3CC=C4CC(=O)CCC4(C)C3CCC21C,,11750009.0,Drug_Name,1,ok,1,0
cefotiam hexetil,CC(OC(=O)OC1CCCCC1)OC(=O)C1=C(CSc2nnnn2CCN(C)C)CSC2C(NC(=O)Cc3csc(N)n3)C(=O)N12,,125846.0,Drug_Name,0,ok,0,0
sulbutiamine,CC(=C(CCOC(=O)C(C)C)SSC(CCOC(=O)C(C)C)=C(C)N(C=O)Cc1cnc(C)nc1N)N(C=O)Cc1cnc(C)nc1N,,3002120.0,Drug_Name,0,ok,0,0
copper dotatate Cu-64,CC(O)C(NC(=O)C1CSSCC(NC(=O)C(Cc2ccccc2)NC(=O)CN2CCN(CC(=O)[O-])CCN(CC(=O)[O-])CCN(CC(=O)O)CC2)C(=O)NC(Cc2ccc(O)cc2)C(=O)NC(Cc2c[nH]c3ccccc23)C(=O)NC(CCCCN)C(=O)NC(C(C)O)C(=O)N1)C(=O)O.[Cu+2],,124220636.0,Drug_Name,3,ok,3,0
itraconazole,CCC(C)n1ncn(-c2ccc(N3CCN(c4ccc(OCC5COC(Cn6cncn6)(c6ccc(Cl)cc6Cl)O5)cc4)CC3)cc2)c1=O,,55283.0,Drug_Name,158,ok,158,0
lucimycin,CCCCC1CC=CC=CC=CC=CC(OC2OC(C)C(O)C(N)C2O)CC2OC(O)(CC(O)CC3OC3C=CC(=O)O1)CC(O)C2C(=O)O,,118984381.0,Drug_Name,0,ok,0,0
bietaserpine,CCN(CC)CCn1c2c(c3ccc(OC)cc31)CCN1CC3CC(OC(=O)c4cc(OC)c(OC)c(OC)c4)C(OC)C(C(=O)OC)C3CC21,,20054848.0,Drug_Name,0,ok,0,0
talaporfin,C=Cc1c(C)c2[nH]c1=Cc1[nH]c(c(CC)c1C)C=c1[nH]c(c(C(=O)O)c1C)=C(CC(=O)NC(CC(=O)O)C(=O)O)C1=C(CCC(=O)O)C(C)C(=N1)C=2,,,none,0,no_cid,0,0
digitalin,COC1C(O)C(OC2CCC3(C)C(CCC4C3CCC3(C)C(C5=CC(=O)OC5)C(O)CC43O)C2)OC(C)C1OC1OC(CO)C(O)C(O)C1O,,441856.0,Drug_Name,0,ok,0,0
pralsetinib,COC1(C(=O)NC(C)c2ccc(-n3cc(F)cn3)nc2)CCC(c2nc(C)cc(Nc3cc(C)[nH]n3)n2)CC1,,129073603.0,Drug_Name,0,ok,0,0
tretinoin tocoferil,CC(C=CC1=C(C)CCCC1(C)C)=CC=CC(C)=CC(=O)Oc1c(C)c(C)c2c(c1C)CCC(C)(CCCC(C)CCCC(C)CCCC(C)C)O2,,5282180.0,Drug_Name,0,ok,0,0
ritonavir,CC(C)c1nc(CN(C)C(=O)NC(C(=O)NC(Cc2ccccc2)CC(O)C(Cc2ccccc2)NC(=O)OCc2cncs2)C(C)C)cs1,,392622.0,Drug_Name,117,ok,117,0
petrichloral,OC(OCC(COC(O)C(Cl)(Cl)Cl)(COC(O)C(Cl)(Cl)Cl)COC(O)C(Cl)(Cl)Cl)C(Cl)(Cl)Cl,,6519.0,Drug_Name,0,ok,0,0
erythromycin,CCC1OC(=O)C(C)C(OC2CC(C)(OC)C(O)C(C)O2)C(C)C(OC2OC(C)CC(N(C)C)C2O)C(C)(O)CC(C)C(=O)C(C)C(O)C1(C)O,,12560.0,Drug_Name,198,ok,198,0
filgotinib,O=C(Nc1nc2cccc(-c3ccc(CN4CCS(=O)(=O)CC4)cc3)n2n1)C1CC1,,49831257.0,Drug_Name,1,ok,1,0
vadadustat,O=C(O)CNC(=O)c1ncc(-c2cccc(Cl)c2)cc1O,,23634441.0,Drug_Name,2,ok,2,0
tepotinib,CN1CCC(COc2cnc(-c3cccc(Cn4nc(-c5cccc(C#N)c5)ccc4=O)c3)nc2)CC1,,25171648.0,Drug_Name,10,ok,10,0
colfosceril palmitate,CCCCCCCCCCCCCCCC(=O)OCC(COP(=O)([O-])OCC[N+](C)(C)C)OC(=O)CCCCCCCCCCCCCCC,,452110.0,Drug_Name,0,ok,0,0
glucosulfone,O=S(=O)(c1ccc(NC(C(O)C(O)C(O)C(O)CO)S(=O)(=O)O)cc1)c1ccc(NC(C(O)C(O)C(O)C(O)CO)S(=O)(=O)O)cc1,,487090.0,Drug_Name,0,ok,0,0
troxerutin,CC1OC(OCC2OC(Oc3c(-c4ccc(OCCO)c(OCCO)c4)oc4cc(OCCO)cc(O)c4c3=O)C(O)C(O)C2O)C(O)C(O)C1O,,5486699.0,Drug_Name,1,ok,1,0
Streptomycin B,CNC1C(OC2C(OC3C(O)C(O)C(N=C(N)N)C(O)C3N=C(N)N)OC(C)C2(O)C=O)OC(CO)C(OC2OC(CO)C(O)C(O)C2O)C1O,,76971547.0,Drug_Name,0,ok,0,0
clarithromycin,CCC1OC(=O)C(C)C(OC2CC(C)(OC)C(O)C(C)O2)C(C)C(OC2OC(C)CC(N(C)C)C2O)C(C)(OC)CC(C)C(=O)C(C)C(O)C1(C)O,,84029.0,Drug_Name,177,ok,177,0
azithromycin,CCC1OC(=O)C(C)C(OC2CC(C)(OC)C(O)C(C)O2)C(C)C(OC2OC(C)CC(N(C)C)C2O)C(C)(O)CC(C)CN(C)C(C)C(O)C1(C)O,,447043.0,Drug_Name,163,ok,163,0
flurithromycin,CCC1OC(=O)C(C)C(OC2CC(C)(OC)C(O)C(C)O2)C(C)C(OC2OC(C)CC(N(C)C)C2O)C(C)(O)CC(C)(F)C(=O)C(C)C(O)C1(C)O,,71260.0,Drug_Name,0,ok,0,0
benzquercin,O=c1c(OCc2ccccc2)c(-c2ccc(OCc3ccccc3)c(OCc3ccccc3)c2)oc2cc(OCc3ccccc3)cc(OCc3ccccc3)c12,,65604.0,Drug_Name,0,ok,0,0
vindesine,CCC1(O)CC2CN(CCc3c([nH]c4ccccc34)C(C(=O)OC)(c3cc4c(cc3OC)N(C)C3C(O)(C(N)=O)C(O)C5(CC)C=CCN6CCC43C65)C2)C1,,40839.0,Drug_Name,93,ok,93,0
indocyanine green,CC1(C)C(=CC=CC=CC=CC2=[N+](CCCCS(=O)(=O)O)c3ccc4ccccc4c3C2(C)C)N(CCCCS(=O)(=O)O)c2ccc3ccccc3c21,,5282412.0,Drug_Name,54,ok,54,0
davercin,CCC1OC(=O)C(C)C(OC2CC(C)(OC)C(O)C(C)O2)C(C)C(OC2OC(C)CC(N(C)C)C2O)C(C)(O)CC(C)C(=O)C(C)C2OC(=O)OC12C,,10033072.0,Drug_Name,0,ok,0,0
daprodustat,O=C(O)CNC(=O)c1c(O)n(C2CCCCC2)c(=O)n(C2CCCCC2)c1=O,,91617630.0,Drug_Name,8,ok,8,0
borofalan (10B),NC(Cc1ccc(B(O)O)cc1)C(=O)O,,25033700.0,Drug_Name (fallback),1,ok,1,0
tirabrutinib hydrochloride,CC#CC(=O)N1CCC(n2c(=O)n(-c3ccc(Oc4ccccc4)cc3)c3c(N)ncnc32)C1,,71571562.0,Drug_Name,0,ok,0,0
lividomycin,NCC1OC(OC2C(CO)OC(OC3C(O)C(N)CC(N)C3OC3OC(CO)C(O)CC3N)C2O)C(N)C(O)C1OC1OC(CO)C(O)C(O)C1O,,72394.0,Drug_Name,0,ok,0,0
digitoxin,CC1OC(OC2C(O)CC(OC3C(O)CC(OC4CCC5(C)C(CCC6C5CCC5(C)C(C7=CC(=O)OC7)CCC65O)C4)OC3C)OC2C)CC(O)C1O,,441207.0,Drug_Name,155,ok,155,0
pentagastrin,CSCCC(NC(=O)C(Cc1c[nH]c2ccccc12)NC(=O)CCNC(=O)OC(C)(C)C)C(=O)NC(CC(=O)O)C(=O)NC(Cc1ccccc1)C(N)=O,,9853654.0,Drug_Name,30,ok,30,0
bisbentiamine,CC(=C(CCOC(=O)c1ccccc1)SSC(CCOC(=O)c1ccccc1)=C(C)N(C=O)Cc1cnc(C)nc1N)N(C=O)Cc1cnc(C)nc1N,,3034022.0,Drug_Name,0,ok,0,0
erythromycin acistrate,CCC1OC(=O)C(C)C(OC2CC(C)(OC)C(O)C(C)O2)C(C)C(OC2OC(C)CC(N(C)C)C2OC(C)=O)C(C)(O)CC(C)C(=O)C(C)C(O)C1(C)O,,5284554.0,Drug_Name,0,ok,0,0
dextrothyroxine,NC(Cc1cc(I)c(Oc2cc(I)c(O)c(I)c2)c(I)c1)C(=O)O,,8730.0,Drug_Name,3,ok,3,0
iomeprol,CN(C(=O)CO)c1c(I)c(C(=O)NCC(O)CO)c(I)c(C(=O)NCC(O)CO)c1I,,3731.0,Drug_Name,0,ok,0,0
vinorelbine,CCC1=CC2CN(C1)Cc1c([nH]c3ccccc13)C(C(=O)OC)(c1cc3c(cc1OC)N(C)C1C(O)(C(=O)OC)C(OC(C)=O)C4(CC)C=CCN5CCC31C54)C2,,5311497.0,Drug_Name,121,ok,121,0
gitoxin,CC1OC(OC2C(O)CC(OC3C(O)CC(OC4CCC5(C)C(CCC6C5CCC5(C)C(C7=CC(=O)OC7)C(O)CC65O)C4)OC3C)OC2C)CC(O)C1O,,91540.0,Drug_Name,1,ok,1,0
digoxin,CC1OC(OC2C(O)CC(OC3C(O)CC(OC4CCC5(C)C(CCC6C5CC(O)C5(C)C(C7=CC(=O)OC7)CCC65O)C4)OC3C)OC2C)CC(O)C1O,,2724385.0,Drug_Name,279,ok,279,0
canfosfamide,NC(CCC(=O)NC(CS(=O)(=O)CCOP(=O)(N(CCCl)CCCl)N(CCCl)CCCl)C(=O)NC(C(=O)O)c1ccccc1)C(=O)O,,5312109.0,Drug_Name,0,ok,0,0
estradiol mustard,CC12CCC3c4ccc(OC(=O)Cc5ccc(N(CCCl)CCCl)cc5)cc4CCC3C1CCC2OC(=O)Cc1ccc(N(CCCl)CCCl)cc1,,31586.0,Drug_Name,25,ok,25,0
metrizamide,CC(=O)Nc1c(I)c(C(=O)NC2C(O)OC(CO)C(O)C2O)c(I)c(N(C)C(C)=O)c1I,,443944.0,Drug_Name,0,ok,0,0
erythromycin propionate,CCC(=O)OC1C(OC2C(C)C(OC3CC(C)(OC)C(O)C(C)O3)C(C)C(=O)OC(CC)C(C)(O)C(O)C(C)C(=O)C(C)CC2(C)O)OC(C)CC1N(C)C,,71277.0,Drug_Name,0,ok,0,0
anhydrovinblastine,CCC1=CC2CN(CCc3c([nH]c4ccccc34)C(C(=O)OC)(c3cc4c(cc3OC)N(C)C3C(O)(C(=O)OC)C(OC(C)=O)C5(CC)C=CCN6CCC43C65)C2)C1,,11104750.0,Drug_Name,0,ok,0,0
sulfobromophthalein,O=C1OC(c2ccc(O)c(S(=O)(=O)O)c2)(c2ccc(O)c(S(=O)(=O)O)c2)c2c(Br)c(Br)c(Br)c(Br)c21,,5345.0,Drug_Name,0,ok,0,0
metildigoxin,COC1C(O)CC(OC2C(O)CC(OC3C(O)CC(OC4CCC5(C)C(CCC6C5CC(O)C5(C)C(C7=CC(=O)OC7)CCC65O)C4)OC3C)OC2C)OC1C,,443946.0,Drug_Name,3,ok,3,0
bisdequalinium chloride,Cc1cc2c3ccccc3[n+]1CCCCCCCCCC[n+]1c(C)cc(c3ccccc31)NCCCCCCCCCCN2,,19598959.0,Drug_Name,0,ok,0,0
solasulfone,O=S(=O)(c1ccc(NC(CC(c2ccccc2)S(=O)(=O)O)S(=O)(=O)O)cc1)c1ccc(NC(CC(c2ccccc2)S(=O)(=O)O)S(=O)(=O)O)cc1,,8626.0,Drug_Name,0,ok,0,0
acetyldigitoxin,CC(=O)OC1CC(OC2C(O)CC(OC3C(O)CC(OC4CCC5(C)C(CCC6C5CCC5(C)C(C7=CC(=O)OC7)CCC65O)C4)OC3C)OC2C)OC(C)C1O,,5284512.0,Drug_Name,0,ok,0,0
docetaxel,CC(=O)OC12COC1CC(O)C1(C)C(=O)C(=O)C3C(C)C(OC(=O)C(O)C(NC(=O)OC(C)(C)C)c4ccccc4)CC(O)(C(OC(=O)c4ccccc4)C21)C3(C)C,,148124.0,Drug_Name,195,ok,195,0
inositol nicotinate,O=C(OC1C(OC(=O)c2cccnc2)C(OC(=O)c2cccnc2)C(OC(=O)c2cccnc2)C(OC(=O)c2cccnc2)C1OC(=O)c1cccnc1)c1cccnc1,,3720.0,Drug_Name,1,ok,1,0
vinblastine,CCC1(O)CC2CN(CCc3c([nH]c4ccccc34)C(C(=O)OC)(c3cc4c(cc3OC)N(C)C3C(O)(C(=O)OC)C(OC(C)=O)C5(CC)C=CCN6CCC43C65)C2)C1,,13342.0,Drug_Name,60,ok,60,0
aclarubicin,CCC1(O)CC(OC2CC(N(C)C)C(OC3CC(O)C(OC4CCC(=O)C(C)O4)C(C)O3)C(C)O2)c2c(cc3c(c2O)C(=O)c2c(O)cccc2C3=O)C1C(=O)OC,,451415.0,Drug_Name,1,ok,1,0
telithromycin,CCC1OC(=O)C(C)C(=O)C(C)C(OC2OC(C)CC(N(C)C)C2O)C(C)(OC)CC(C)C(=O)C(C)C2N(CCCCn3cnc(-c4cccnc4)c3)C(=O)OC12C,,3002190.0,Drug_Name,65,ok,65,0
sorbinicate,O=C(OCC(OC(=O)c1cccnc1)C(OC(=O)c1cccnc1)C(OC(=O)c1cccnc1)C(COC(=O)c1cccnc1)OC(=O)c1cccnc1)c1cccnc1,,3058386.0,Drug_Name,0,ok,0,0
troleandomycin,COC1CC(OC2C(C)C(=O)OC(C)C(C)C(OC(C)=O)C(C)C(=O)C3(CO3)CC(C)C(OC3OC(C)CC(N(C)C)C3OC(C)=O)C2C)OC(C)C1OC(C)=O,,202225.0,Drug_Name,1,ok,1,0
mydecamycin,CCC(=O)OC1CC(=O)OC(C)CC=CC=CC(O)C(C)CC(CC=O)C(OC2OC(C)C(OC3CC(C)(O)C(OC(=O)CC)C(C)O3)C(N(C)C)C2O)C1OC,,5282169.0,Drug_Name,1,ok,1,0
pralmorelin,CC(N)C(=O)NC(Cc1ccc2ccccc2c1)C(=O)NC(C)C(=O)NC(Cc1c[nH]c2ccccc12)C(=O)NC(Cc1ccccc1)C(=O)NC(CCCCN)C(N)=O,,6918245.0,Drug_Name,0,ok,0,0
benproperine,CC(COc1ccccc1Cc1ccccc1)N1CCCCC1,,2326.0,Drug_Name,0,ok,0,0
evogliptin,CC(C)(C)OCC1C(=O)NCCN1C(=O)CC(N)Cc1cc(F)c(F)cc1F,,25022354.0,Drug_Name,0,ok,0,0
etiroxate,CCOC(=O)C(C)(N)Cc1cc(I)c(Oc2cc(I)c(O)c(I)c2)c(I)c1,,65683.0,Drug_Name,0,ok,0,0
iohexol,CC(=O)N(CC(O)CO)c1c(I)c(C(=O)NCC(O)CO)c(I)c(C(=O)NCC(O)CO)c1I,,3730.0,Drug_Name,1,ok,1,0
glycyrrhizic acid,CC1(C(=O)O)CCC2(C)CCC3(C)C(=C2C1)CC(=O)C1C2(C)CCC(OC4OC(C(=O)O)C(O)C(O)C4OC4OC(C(=O)O)C(O)C(O)C4O)C(C)(C)C2CCC13C,,14982.0,Drug_Name,44,ok,44,0
rifampicin,COC1C=COC2(C)Oc3c(C)c(O)c4c(O)c(c(C=NN5CCN(C)CC5)c(O)c4c3C2=O)NC(=O)C(C)=CC=CC(C)C(O)C(C)C(O)C(C)C(OC(C)=O)C1C,,135398735.0,Drug_Name,366,ok,366,0
polmacoxib,CC1(C)OC(c2ccc(S(N)(=O)=O)cc2)=C(c2cccc(F)c2)C1=O,,9841854.0,Drug_Name,0,ok,0,0
betrixaban,COc1ccc(NC(=O)c2ccc(C(=N)N(C)C)cc2)c(C(=O)Nc2ccc(Cl)cn2)c1,,10275777.0,Drug_Name,8,ok,8,0
acetyldigoxin,CC(=O)OC1C(O)CC(OC2C(O)CC(OC3C(O)CC(OC4CCC5(C)C(CCC6C5CC(O)C5(C)C(C7=CC(=O)OC7)CCC65O)C4)OC3C)OC2C)OC1C,,11765960.0,Drug_Name,0,ok,0,0
vincristine,CCC1(O)CC2CN(CCc3c([nH]c4ccccc34)C(C(=O)OC)(c3cc4c(cc3OC)N(C=O)C3C(O)(C(=O)OC)C(OC(C)=O)C5(CC)C=CCN6CCC43C65)C2)C1,,5978.0,Drug_Name,165,ok,165,0
rokitamycin,CCCC(=O)OC1C(C)OC(OC2C(C)OC(OC3C(CC=O)CC(C)C(O)C=CC=CCC(C)OC(=O)CC(O)C3OC)C(O)C2N(C)C)CC1(C)OC(=O)CC,,5282211.0,Drug_Name,0,ok,0,0
josamycin,COC1C(OC(C)=O)CC(=O)OC(C)CC=CC=CC(O)C(C)CC(CC=O)C1OC1OC(C)C(OC2CC(C)(O)C(OC(=O)CC(C)C)C(C)O2)C(N(C)C)C1O,,5282165.0,Drug_Name,1,ok,1,0
eptifibatide,N=C(N)NCCCCC1NC(=O)CCSSCC(C(N)=O)NC(=O)C2CCCN2C(=O)C(Cc2c[nH]c3ccccc23)NC(=O)C(CC(=O)O)NC(=O)CNC1=O,,448812.0,Drug_Name,153,ok,153,0
pibrentasvir,COC(=O)NC(C(=O)N1CCCC1c1nc2cc(C3CCC(c4cc5[nH]c(C6CCCN6C(=O)C(NC(=O)OC)C(C)OC)nc5cc4F)N3c3cc(F)c(N4CCC(c5ccc(F)cc5)CC4)c(F)c3)c(F)cc2[nH]1)C(C)OC,,58031952.0,Drug_Name,1,ok,1,0
dirithromycin,CCC1OC(=O)C(C)C(OC2CC(C)(OC)C(O)C(C)O2)C(C)C(OC2OC(C)CC(N(C)C)C2O)C(C)(O)CC(C)C2NC(COCCOC)OC(C2C)C1(C)O,,6473883.0,Drug_Name,1,ok,1,0
iopentol,COCC(O)CN(C(C)=O)c1c(I)c(C(=O)NCC(O)CO)c(I)c(C(=O)NCC(O)CO)c1I,,56016.0,Drug_Name,0,ok,0,0
iobitridol,CN(CC(O)CO)C(=O)c1c(I)c(NC(=O)C(CO)CO)c(I)c(C(=O)N(C)CC(O)CO)c1I,,65985.0,Drug_Name,0,ok,0,0
roxithromycin,CCC1OC(=O)C(C)C(OC2CC(C)(OC)C(O)C(C)O2)C(C)C(OC2OC(C)CC(N(C)C)C2O)C(C)(O)CC(C)C(=NOCOCCOC)C(C)C(O)C1(C)O,,6915744.0,Drug_Name,4,ok,4,0
Spiramycin I,COC1C(O)CC(=O)OC(C)CC=CC=CC(OC2CCC(N(C)C)C(C)O2)C(C)CC(CC=O)C1OC1OC(C)C(OC2CC(C)(O)C(O)C(C)O2)C(N(C)C)C1O,,5289394.0,Drug_Name,1,ok,1,0
proglumetacin,CCCN(CCC)C(=O)C(CCC(=O)OCCCN1CCN(CCOC(=O)Cc2c(C)n(C(=O)c3ccc(Cl)cc3)c3ccc(OC)cc23)CC1)NC(=O)c1ccccc1,,4921.0,Drug_Name,0,ok,0,0
paclitaxel,CC(=O)OC1=C2C(C)C(OC(=O)C(O)C(NC(=O)c3ccccc3)c3ccccc3)CC(O)(C(OC(=O)c3ccccc3)C3C4(OC(C)=O)COC4CC(O)C3(C)C1=O)C2(C)C,,36314.0,Drug_Name,159,ok,159,0
erythromycin ethyl succinate,CCOC(=O)CCC(=O)OC1C(OC2C(C)C(OC3CC(C)(OC)C(O)C(C)O3)C(C)C(=O)OC(CC)C(C)(O)C(O)C(C)C(=O)C(C)CC2(C)O)OC(C)CC1N(C)C,,443953.0,Drug_Name,22,ok,22,0
evans blue,Cc1cc(-c2ccc(N=Nc3ccc4c(S(=O)(=O)O)cc(S(=O)(=O)O)c(N)c4c3O)c(C)c2)ccc1N=Nc1ccc2c(S(=O)(=O)O)cc(S(=O)(=O)O)c(N)c2c1O,,9409.0,Drug_Name,0,ok,0,0
Spiramycin II,COC1C(OC(C)=O)CC(=O)OC(C)CC=CC=CC(OC2CCC(N(C)C)C(C)O2)C(C)CC(CC=O)C1OC1OC(C)C(OC2CC(C)(O)C(O)C(C)O2)C(N(C)C)C1O,,49787020.0,Drug_Name,0,ok,0,0
romurtide,CCCCCCCCCCCCCCCCCC(=O)NCCCCC(NC(=O)CCC(NC(=O)C(C)NC(=O)C(C)OC1C(O)C(CO)OC(O)C1NC(C)=O)C(N)=O)C(=O)O,,9940969.0,Drug_Name,1,ok,1,0
miocamycin,CCC(=O)OC1CC(=O)OC(C)CC=CC=CC(OC(C)=O)C(C)CC(CC=O)C(OC2OC(C)C(OC3CC(C)(OC(C)=O)C(OC(=O)CC)C(C)O3)C(N(C)C)C2O)C1OC,,5282188.0,Drug_Name,0,ok,0,0
Spiramycin III,CCC(=O)OC1CC(=O)OC(C)CC=CC=CC(OC2CCC(N(C)C)C(C)O2)C(C)CC(CC=O)C(OC2OC(C)C(OC3CC(C)(O)C(O)C(C)O3)C(N(C)C)C2O)C1OC,,53297409.0,Drug_Name,0,ok,0,0
saralasin,CNCC(=O)NC(CCCN=C(N)N)C(=O)NC(C(=O)NC(Cc1ccc(O)cc1)C(=O)NC(C(=O)NC(Cc1c[nH]cn1)C(=O)N1CCCC1C(=O)NC(C)C(=O)O)C(C)C)C(C)C,,6324663.0,Drug_Name,0,ok,0,0
sirolimus,COC1CC2CCC(C)C(O)(O2)C(=O)C(=O)N2CCCCC2C(=O)OC(C(C)CC2CCC(O)C(OC)C2)CC(=O)C(C)=CC(C)C(O)C(OC)C(=O)C(C)CC(C)C=CC=CC=C1C,,5284616.0,Drug_Name,90,ok,90,0
cargutocin,CCC(C)C1NC(=O)C(Cc2ccc(O)cc2)NC(=O)CCCCCC(C(=O)NCC(=O)NC(CC(C)C)C(=O)NCC(N)=O)NC(=O)C(CC(N)=O)NC(=O)C(CCC(N)=O)NC1=O,,20057048.0,Drug_Name,0,ok,0,0
gitoformate,CC1OC(OC2C(C)OC(OC3C(C)OC(OC4CCC5(C)C(CCC6C5CCC5(C)C(C7=CC(=O)OC7)C(OC=O)CC65O)C4)CC3OC=O)CC2OC=O)CC(OC=O)C1OC=O,,20055283.0,Drug_Name,0,ok,0,0
cisatracurium,COc1ccc(CC2c3cc(OC)c(OC)cc3CC[N+]2(C)CCC(=O)OCCCCCOC(=O)CC[N+]2(C)CCc3cc(OC)c(OC)cc3C2Cc2ccc(OC)c(OC)c2)cc1OC,,62887.0,Drug_Name,9,ok,9,0
deslanoside,CC1OC(OC2CCC3(C)C(CCC4C3CC(O)C3(C)C(C5=CC(=O)OC5)CCC43O)C2)CC(O)C1OC1CC(O)C(OC2CC(O)C(OC3OC(CO)C(O)C(O)C3O)C(C)O2)C(C)O1,,28620.0,Drug_Name,4,ok,4,0
everolimus,COC1CC2CCC(C)C(O)(O2)C(=O)C(=O)N2CCCCC2C(=O)OC(C(C)CC2CCC(OCCO)C(OC)C2)CC(=O)C(C)=CC(C)C(O)C(OC)C(=O)C(C)CC(C)C=CC=CC=C1C,,6442177.0,Drug_Name,119,ok,119,0
zotarolimus,COC1CC2CCC(C)C(O)(O2)C(=O)C(=O)N2CCCCC2C(=O)OC(C(C)CC2CCC(n3cnnn3)C(OC)C2)CC(=O)C(C)=CC(C)C(O)C(OC)C(=O)C(C)CC(C)C=CC=CC=C1C,,9876378.0,Drug_Name,0,ok,0,0
ceruletide,CSCCC(NC(=O)C(Cc1c[nH]c2ccccc12)NC(=O)CNC(=O)C(NC(=O)C(Cc1ccc(OS(=O)(=O)O)cc1)NC(=O)C(CC(=O)O)NC(=O)C(CCC(N)=O)NC(=O)C1CCC(=O)N1)C(C)O)C(=O)NC(CC(=O)O)C(=O)NC(Cc1ccccc1)C(N)=O,,16129675.0,Drug_Name,0,ok,0,0
lanatoside C,CC(=O)OC1CC(OC2C(O)CC(OC3C(O)CC(OC4CCC5(C)C(CCC6C5CC(O)C5(C)C(C7=CC(=O)OC7)CCC65O)C4)OC3C)OC2C)OC(C)C1OC1OC(CO)C(O)C(O)C1O,,656630.0,Drug_Name,3,ok,3,0
carbetocin,CCC(C)C1NC(=O)C(Cc2ccc(OC)cc2)NC(=O)CCCSCC(C(=O)N2CCCC2C(=O)NC(CC(C)C)C(=O)NCC(N)=O)NC(=O)C(CC(N)=O)NC(=O)C(CCC(N)=O)NC1=O,,16681432.0,Drug_Name,1,ok,1,0
atosiban,CCOc1ccc(CC2NC(=O)CCSSCC(C(=O)N3CCCC3C(=O)NC(CCCN)C(=O)NCC(N)=O)NC(=O)C(CC(N)=O)NC(=O)C(C(C)O)NC(=O)C(C(C)CC)NC2=O)cc1,,5311010.0,Drug_Name,1,ok,1,0
oxytocin,CCC(C)C1NC(=O)C(Cc2ccc(O)cc2)NC(=O)C(N)CSSCC(C(=O)N2CCCC2C(=O)NC(CC(C)C)C(=O)NCC(N)=O)NC(=O)C(CC(N)=O)NC(=O)C(CCC(N)=O)NC1=O,,439302.0,Drug_Name,187,ok,187,0
demoxytocin,CCC(C)C1NC(=O)C(Cc2ccc(O)cc2)NC(=O)CCSSCC(C(=O)N2CCCC2C(=O)NC(CC(C)C)C(=O)NCC(N)=O)NC(=O)C(CC(N)=O)NC(=O)C(CCC(N)=O)NC1=O,,449224.0,Drug_Name,0,ok,0,0
octreotide,CC(O)C(CO)NC(=O)C1CSSCC(NC(=O)C(N)Cc2ccccc2)C(=O)NC(Cc2ccccc2)C(=O)NC(Cc2c[nH]c3ccccc23)C(=O)NC(CCCCN)C(=O)NC(C(C)O)C(=O)N1,,448601.0,Drug_Name,33,ok,33,0
quinupristin,CCC1NC(=O)C(NC(=O)c2ncccc2O)C(C)OC(=O)C(c2ccccc2)NC(=O)C2CC(=O)C(CSC3CN4CCC3CC4)CN2C(=O)C(Cc2ccc(N(C)C)cc2)N(C)C(=O)C2CCCN2C1=O,,5388937.0,Drug_Name,94,ok,94,0
mivacurium,COc1cc2c(cc1OC)C(Cc1cc(OC)c(OC)c(OC)c1)[N+](C)(CCCOC(=O)CCC=CCCC(=O)OCCC[N+]1(C)CCc3cc(OC)c(OC)cc3C1Cc1cc(OC)c(OC)c(OC)c1)CC2,,5281042.0,Drug_Name,0,ok,0,0
doxacurium,COc1cc(CC2c3c(cc(OC)c(OC)c3OC)CC[N+]2(C)CCCOC(=O)CCC(=O)OCCC[N+]2(C)CCc3cc(OC)c(OC)c(OC)c3C2Cc2cc(OC)c(OC)c(OC)c2)cc(OC)c1OC,,60169.0,Drug_Name,0,ok,0,0
cangrelor,CSCCNc1nc(SCCC(F)(F)F)nc2c1ncn2C1OC(COP(=O)(O)OP(=O)(O)C(Cl)(Cl)P(=O)(O)O)C(O)C1O,,9854012.0,Drug_Name,198,ok,198,0
apatinib,N#CC1(c2ccc(NC(=O)c3cccnc3NCc3ccncc3)cc2)CCCC1,,45139106.0,Drug_Name,0,ok,0,0
lumacaftor,Cc1ccc(NC(=O)C2(c3ccc4c(c3)OC(F)(F)O4)CC2)nc1-c1cccc(C(=O)O)c1,,16678941.0,Drug_Name,4,ok,4,0
desmopressin,N=C(N)NCCCC(NC(=O)C1CCCN1C(=O)C1CSSCCC(=O)NC(Cc2ccc(O)cc2)C(=O)NC(Cc2ccccc2)C(=O)NC(CCC(N)=O)C(=O)NC(CC(N)=O)C(=O)N1)C(=O)NCC(N)=O,,5311065.0,Drug_Name,11,ok,11,0
vasopressin,N=C(N)NCCCC(NC(=O)C1CCCN1C(=O)C1CSSCC(N)C(=O)NC(Cc2ccc(O)cc2)C(=O)NC(Cc2ccccc2)C(=O)NC(CCC(N)=O)C(=O)NC(CC(N)=O)C(=O)N1)C(=O)NCC(N)=O,,644077.0,Drug_Name,29,ok,29,0
plicamycin,COC(C(=O)C(O)C(C)O)C1Cc2cc3cc(OC4CC(OC5CC(O)C(O)C(C)O5)C(O)C(C)O4)c(C)c(O)c3c(O)c2C(=O)C1OC1CC(OC2CC(OC3CC(C)(O)C(O)C(C)O3)C(O)C(C)O2)C(O)C(C)O1,,163659.0,Drug_Name,70,ok,70,0
lypressin,NCCCCC(NC(=O)C1CCCN1C(=O)C1CSSCC(N)C(=O)NC(Cc2ccc(O)cc2)C(=O)NC(Cc2ccccc2)C(=O)NC(CCC(N)=O)C(=O)NC(CC(N)=O)C(=O)N1)C(=O)NCC(N)=O,,644076.0,Drug_Name,1,ok,1,0
lanreotide,CC(C)C1NC(=O)C(CCCCN)NC(=O)C(Cc2c[nH]c3ccccc23)NC(=O)C(Cc2ccc(O)cc2)NC(=O)C(NC(=O)C(N)Cc2ccc3ccccc3c2)CSSCC(C(=O)NC(C(N)=O)C(C)O)NC1=O,,6918011.0,Drug_Name,17,ok,17,0
ioglycamic acid,O=C(COCC(=O)Nc1c(I)cc(I)c(C(=O)O)c1I)Nc1c(I)cc(I)c(C(=O)O)c1I,,17477.0,Drug_Name,0,ok,0,0
adipiodone,O=C(CCCCC(=O)Nc1c(I)cc(I)c(C(=O)O)c1I)Nc1c(I)cc(I)c(C(=O)O)c1I,,3739.0,Drug_Name,57,ok,57,0
gonadorelin,CC(C)CC(NC(=O)CNC(=O)C(Cc1ccc(O)cc1)NC(=O)C(CO)NC(=O)C(Cc1c[nH]c2ccccc12)NC(=O)C(Cc1c[nH]cn1)NC(=O)C1CCC(=O)N1)C(=O)NC(CCCN=C(N)N)C(=O)N1CCCC1C(=O)NCC(N)=O,,638793.0,Drug_Name,1,ok,1,0
eledoisin,CCC(C)C(NC(=O)C(Cc1ccccc1)NC(=O)C(C)NC(=O)C(CC(=O)O)NC(=O)C(CCCCN)NC(=O)C(CO)NC(=O)C1CCCN1C(=O)C1CCC(=O)N1)C(=O)NCC(=O)NC(CC(C)C)C(=O)NC(CCSC)C(N)=O,,10328936.0,Drug_Name,12,ok,12,0
teicoplanin aglycone,NC1C(=O)NC2Cc3ccc(c(Cl)c3)Oc3cc4cc(c3O)Oc3ccc(cc3Cl)C(O)C3NC(=O)C(NC(=O)C4NC(=O)C(NC2=O)c2cc(O)cc(c2)Oc2cc1ccc2O)c1ccc(O)c(c1)-c1c(O)cc(O)cc1C(C(=O)O)NC3=O,,16154789.0,Drug_Name,0,ok,0,0
ciclosporin,CC=CCC(C)C(O)C1C(=O)NC(CC)C(=O)N(C)CC(=O)N(C)C(CC(C)C)C(=O)NC(C(C)C)C(=O)N(C)C(CC(C)C)C(=O)NC(C)C(=O)NC(C)C(=O)N(C)C(CC(C)C)C(=O)N(C)C(CC(C)C)C(=O)N(C)C(C(C)C)C(=O)N1C,,5284373.0,Drug_Name,192,ok,192,0
leuprorelin,CCNC(=O)C1CCCN1C(=O)C(CCCN=C(N)N)NC(=O)C(CC(C)C)NC(=O)C(CC(C)C)NC(=O)C(Cc1ccc(O)cc1)NC(=O)C(CO)NC(=O)C(Cc1c[nH]c2ccccc12)NC(=O)C(Cc1c[nH]cn1)NC(=O)C1CCC(=O)N1,,657181.0,Drug_Name,119,ok,119,0
iotroxic acid,O=C(COCCOCCOCC(=O)Nc1c(I)cc(I)c(C(=O)O)c1I)Nc1c(I)cc(I)c(C(=O)O)c1I,,3740.0,Drug_Name,0,ok,0,0
terlipressin,NCCCCC(NC(=O)C1CCCN1C(=O)C1CSSCC(NC(=O)CNC(=O)CNC(=O)CN)C(=O)NC(Cc2ccc(O)cc2)C(=O)NC(Cc2ccccc2)C(=O)NC(CCC(N)=O)C(=O)NC(CC(N)=O)C(=O)N1)C(=O)NCC(N)=O,,72081.0,Drug_Name,1,ok,1,0
mifamurtide,CCCCCCCCCCCCCCCC(=O)OCC(COP(=O)(O)OCCNC(=O)C(C)NC(=O)CCC(NC(=O)C(C)NC(=O)C(C)OC1C(O)C(CO)OC(O)C1NC(C)=O)C(N)=O)OC(=O)CCCCCCCCCCCCCCC,,123133557.0,Drug_Name,0,ok,0,0
buserelin,CCNC(=O)C1CCCN1C(=O)C(CCCN=C(N)N)NC(=O)C(CC(C)C)NC(=O)C(COC(C)(C)C)NC(=O)C(Cc1ccc(O)cc1)NC(=O)C(CO)NC(=O)C(Cc1c[nH]c2ccccc12)NC(=O)C(Cc1c[nH]cn1)NC(=O)C1CCC(=O)N1,,50225.0,Drug_Name,2,ok,2,0
iocarmic acid,CNC(=O)c1c(I)c(NC(=O)CCCCC(=O)Nc2c(I)c(C(=O)O)c(I)c(C(=O)NC)c2I)c(I)c(C(=O)O)c1I,,25229.0,Drug_Name,0,ok,0,0
dactinomycin,Cc1ccc(C(=O)NC2C(=O)NC(C(C)C)C(=O)N3CCCC3C(=O)N(C)CC(=O)N(C)C(C(C)C)C(=O)OC2C)c2c1Oc1c(C)c(O)c(N)c(=C(O)N=C3C(=O)NC(C(C)C)C(=O)N4CCCC4C(=O)N(C)CC(=O)N(C)C(C(C)C)C(=O)OC3C)c1=N2,,457193.0,Drug_Name,113,ok,113,0
goserelin,CC(C)CC(NC(=O)C(COC(C)(C)C)NC(=O)C(Cc1ccc(O)cc1)NC(=O)C(CO)NC(=O)C(Cc1c[nH]c2ccccc12)NC(=O)C(Cc1c[nH]cn1)NC(=O)C1CCC(=O)N1)C(=O)NC(CCCN=C(N)N)C(=O)N1CCCC1C(=O)NNC(N)=O,,5311128.0,Drug_Name,92,ok,92,0
iodoxamic acid,O=C(CCOCCOCCOCCOCCC(=O)Nc1c(I)cc(I)c(C(=O)O)c1I)Nc1c(I)cc(I)c(C(=O)O)c1I,,35740.0,Drug_Name,0,ok,0,0
suramin,Cc1ccc(C(=O)Nc2ccc(S(=O)(=O)O)c3cc(S(=O)(=O)O)cc(S(=O)(=O)O)c23)cc1NC(=O)c1cccc(NC(=O)Nc2cccc(C(=O)Nc3cc(C(=O)Nc4ccc(S(=O)(=O)O)c5cc(S(=O)(=O)O)cc(S(=O)(=O)O)c45)ccc3C)c2)c1,,5361.0,Drug_Name,0,ok,0,0
triptorelin,CC(C)CC(NC(=O)C(Cc1c[nH]c2ccccc12)NC(=O)C(Cc1ccc(O)cc1)NC(=O)C(CO)NC(=O)C(Cc1c[nH]c2ccccc12)NC(=O)C(Cc1c[nH]cn1)NC(=O)C1CCC(=O)N1)C(=O)NC(CCCN=C(N)N)C(=O)N1CCCC1C(=O)NCC(N)=O,,25074470.0,Drug_Name,3,ok,3,0
eritoran,CCCCCCC=CCCCCCCCCCC(=O)NC1C(OCC2OC(OP(=O)(O)O)C(NC(=O)CC(=O)CCCCCCCCCCC)C(OCCCCCCCCCC)C2O)OC(COC)C(OP(=O)(O)O)C1OCCC(CCCCCCC)OC,,6912404.0,Drug_Name,0,ok,0,0
depreotide,CC(C)C1NC(=O)C(CCCCN)NC(=O)C(Cc2c[nH]c3ccccc23)NC(=O)C(Cc2ccc(O)cc2)NC(=O)C(Cc2ccccc2)N(C)C(=O)C(CCSCC(=O)NCC(N)C(=O)NC(CCCCN)C(=O)NC(CS)C(=O)NC(CCCCN)C(N)=O)NC1=O,,9898619.0,Drug_Name,0,ok,0,0
vancomycin,CNC(CC(C)C)C(=O)NC1C(=O)NC(CC(N)=O)C(=O)NC2C(=O)NC3C(=O)NC(C(=O)NC(C(=O)O)c4cc(O)cc(O)c4-c4cc3ccc4O)C(O)c3ccc(c(Cl)c3)Oc3cc2cc(c3OC2OC(CO)C(O)C(O)C2OC2CC(C)(N)C(O)C(C)O2)Oc2ccc(cc2Cl)C1O,,14969.0,Drug_Name,255,ok,255,0
peplomycin,Cc1c(N)nc(C(CC(N)=O)NCC(N)C(N)=O)nc1C(=O)NC(C(=O)NC(C)C(O)C(C)C(=O)NC(C(=O)NCCc1nc(-c2nc(C(=O)NCCCNC(C)c3ccccc3)cs2)cs1)C(C)O)C(OC1OC(CO)C(O)C(O)C1OC1OC(CO)C(O)C(OC(N)=O)C1O)c1c[nH]cn1,,6852373.0,Drug_Name,0,ok,0,0
betadex,OCC1OC2OC3C(CO)OC(OC4C(CO)OC(OC5C(CO)OC(OC6C(CO)OC(OC7C(CO)OC(OC8C(CO)OC(OC1C(O)C2O)C(O)C8O)C(O)C7O)C(O)C6O)C(O)C5O)C(O)C4O)C(O)C3O,,444041.0,Drug_Name,7,ok,7,0
iodixanol,CC(=O)N(CC(O)CN(C(C)=O)c1c(I)c(C(=O)NCC(O)CO)c(I)c(C(=O)NCC(O)CO)c1I)c1c(I)c(C(=O)NCC(O)CO)c(I)c(C(=O)NCC(O)CO)c1I,,3724.0,Drug_Name,97,ok,97,0
daptomycin,CCCCCCCCCC(=O)NC(Cc1c[nH]c2ccccc12)C(=O)NC(CC(N)=O)C(=O)NC(CC(=O)O)C(=O)NC1C(=O)NCC(=O)NC(CCCN)C(=O)NC(CC(=O)O)C(=O)NC(C)C(=O)NC(CC(=O)O)C(=O)NCC(=O)NC(CO)C(=O)NC(C(C)CC(=O)O)C(=O)NC(CC(=O)c2ccccc2N)C(=O)OC1C,,21585658.0,Drug_Name,55,ok,55,0
somatostatin,CC(N)C(=O)NCC(=O)NC1CSSCC(C(=O)O)NC(=O)C(CO)NC(=O)C(C(C)O)NC(=O)C(Cc2ccccc2)NC(=O)C(C(C)O)NC(=O)C(CCCCN)NC(=O)C(Cc2c[nH]c3ccccc23)NC(=O)C(Cc2ccccc2)NC(=O)C(Cc2ccccc2)NC(=O)C(CC(N)=O)NC(=O)C(CCCCN)NC1=O,,16129706.0,Drug_Name,0,ok,0,0
alsactide,CSCCC(NC(=O)C(CO)NC(=O)C(Cc1ccc(O)cc1)NC(=O)CCN)C(=O)NC(CCC(=O)O)C(=O)NC(Cc1c[nH]cn1)C(=O)NC(Cc1ccccc1)C(=O)NC(CCCN=C(N)N)C(=O)NC(Cc1c[nH]c2ccccc12)C(=O)NCC(=O)NC(CCCCN)C(=O)N1CCCC1C(=O)NC(C(=O)NCC(=O)NC(CCCCN)C(=O)NC(CCCCN)C(=O)NC(CCCCN)C(=O)NCCCCN)C(C)C,,90479631.0,Drug_Name,0,ok,0,0
bivalirudin,CCC(C)C(NC(=O)C(CCC(=O)O)NC(=O)C(CCC(=O)O)NC(=O)C(Cc1ccccc1)NC(=O)C(CC(=O)O)NC(=O)CNC(=O)C(CC(N)=O)NC(=O)CNC(=O)CNC(=O)CNC(=O)CNC(=O)C1CCCN1C(=O)C(CCCN=C(N)N)NC(=O)C1CCCN1C(=O)C(N)Cc1ccccc1)C(=O)N1CCCC1C(=O)NC(CCC(=O)O)C(=O)NC(CCC(=O)O)C(=O)NC(Cc1ccc(O)cc1)C(=O)NC(CC(C)C)C(=O)O,,16129704.0,Drug_Name,27,ok,27,0
secretin human,CC(C)CC(NC(=O)CNC(=O)C(CCC(N)=O)NC(=O)C(CC(C)C)NC(=O)C(CC(C)C)NC(=O)C(CCCN=C(N)N)NC(=O)C(CCC(N)=O)NC(=O)C(CC(C)C)NC(=O)C(CCCNC(=N)N)NC(=O)C(C)NC(=O)CNC(=O)C(CCC(=O)O)NC(=O)C(CCCNC(=N)N)NC(=O)C(CC(C)C)NC(=O)C(CCCNC(=N)N)NC(=O)C(CO)NC(=O)C(CC(C)C)NC(=O)C(CCC(=O)O)NC(=O)C(CO)NC(=O)C(NC(=O)C(Cc1ccccc1)NC(=O)C(NC(=O)CNC(=O)C(CC(=O)O)NC(=O)C(CO)NC(=O)C(N)Cc1c[nH]cn1)C(C)O)C(C)O)C(=O)NC(C(N)=O)C(C)C,,,none,0,no_cid,0,0
carperitide,CCC(C)C1NC(=O)C(CCCN=C(N)N)NC(=O)C(CC(=O)O)NC(=O)C(CCSC)NC(=O)C(CCCNC(=N)N)NC(=O)CNC(=O)CNC(=O)C(Cc2ccccc2)NC(=O)C(NC(=O)C(CO)NC(=O)C(CO)NC(=O)C(CCCNC(=N)N)NC(=O)C(CCCNC(=N)N)NC(=O)C(CC(C)C)NC(=O)C(N)CO)CSSCC(C(=O)NC(CC(N)=O)C(=O)NC(CO)C(=O)NC(Cc2ccccc2)C(=O)NC(CCCNC(=N)N)C(=O)NC(Cc2ccc(O)cc2)C(=O)O)NC(=O)CNC(=O)C(CC(C)C)NC(=O)CNC(=O)C(CO)NC(=O)C(CCC(N)=O)NC(=O)C(C)NC(=O)CNC1=O,,16129708.0,Drug_Name,1,ok,1,0
lixisenatide,CCC(C)C(NC(=O)C(Cc1ccccc1)NC(=O)C(CC(C)C)NC(=O)C(CCCN=C(N)N)NC(=O)C(NC(=O)C(C)NC(=O)C(CCC(=O)O)NC(=O)C(CCC(=O)O)NC(=O)C(CCC(=O)O)NC(=O)C(CCSC)NC(=O)C(CCC(N)=O)NC(=O)C(CCCCN)NC(=O)C(CO)NC(=O)C(CC(C)C)NC(=O)C(CC(=O)O)NC(=O)C(CO)NC(=O)C(NC(=O)C(Cc1ccccc1)NC(=O)C(NC(=O)CNC(=O)C(CCC(=O)O)NC(=O)CNC(=O)C(N)Cc1c[nH]cn1)C(C)O)C(C)O)C(C)C)C(=O)NC(CCC(=O)O)C(=O)NC(Cc1c[nH]c2ccccc12)C(=O)NC(CC(C)C)C(=O)NC(CCCCN)C(=O)NC(CC(N)=O)C(=O)NCC(=O)NCC(=O)N1CCCC1C(=O)NC(CO)C(=O)NC(CO)C(=O)NCC(=O)NC(C)C(=O)N1CCCC1C(=O)N1CCCC1C(=O)NC(CO)C(=O)NC(CCCCN)C(=O)NC(CCCCN)C(=O)NC(CCCCN)C(=O)NC(CCCCN)C(=O)NC(CCCCN)C(=O)NC(CCCCN)C(N)=O,,90472060.0,Drug_Name,4,ok,4,0
beclabuvir,COc1ccc2c(c1)C1CC1(C(=O)N1C3CCC1CN(C)C3)Cn1c-2c(C2CCCCC2)c2ccc(C(=O)NS(=O)(=O)N(C)C)cc21,,56934415.0,Drug_Name,0,ok,0,0
thymalfasin,CCC(C)C(NC(=O)C(CCC(=O)O)NC(=O)C(CO)NC(=O)C(CO)NC(=O)C(NC(=O)C(CC(=O)O)NC(=O)C(NC(=O)C(C)NC(=O)C(C)NC(=O)C(CC(=O)O)NC(=O)C(CO)NC(C)=O)C(C)C)C(C)O)C(=O)NC(C(=O)NC(C(=O)NC(CCCCN)C(=O)NC(CC(=O)O)C(=O)NC(CC(C)C)C(=O)NC(CCCCN)C(=O)NC(CCC(=O)O)C(=O)NC(CCCCN)C(=O)NC(CCCCN)C(=O)NC(CCC(=O)O)C(=O)NC(C(=O)NC(C(=O)NC(CCC(=O)O)C(=O)NC(CCC(=O)O)C(=O)NC(C)C(=O)NC(CCC(=O)O)C(=O)NC(CC(N)=O)C(=O)O)C(C)C)C(C)C)C(C)O)C(C)O,,16130571.0,Drug_Name,0,ok,0,0
sermorelin,CCC(C)C(NC(=O)C(C)NC(=O)C(CC(=O)O)NC(=O)C(C)NC(=O)C(N)Cc1ccc(O)cc1)C(=O)NC(Cc1ccccc1)C(=O)NC(C(=O)NC(CC(N)=O)C(=O)NC(CO)C(=O)NC(Cc1ccc(O)cc1)C(=O)NC(CCCN=C(N)N)C(=O)NC(CCCCN)C(=O)NC(C(=O)NC(CC(C)C)C(=O)NCC(=O)NC(CCC(N)=O)C(=O)NC(CC(C)C)C(=O)NC(CO)C(=O)NC(C)C(=O)NC(CCCNC(=N)N)C(=O)NC(CCCCN)C(=O)NC(CC(C)C)C(=O)NC(CC(C)C)C(=O)NC(CCC(N)=O)C(=O)NC(CC(=O)O)C(=O)NC(C(=O)NC(CCSC)C(=O)NC(CO)C(=O)NC(CCCNC(=N)N)C(N)=O)C(C)CC)C(C)C)C(C)O,,16132413.0,Drug_Name,0,ok,0,0
ribociclib,CN(C)C(=O)c1cc2cnc(Nc3ccc(N4CCNCC4)cn3)nc2n1C1CCCC1,,44631912.0,Drug_Name,8,ok,8,0
elcatonin,CC(C)CC(NC(=O)C(CCCCN)NC(=O)CNC(=O)C(CC(C)C)NC(=O)C(NC(=O)C1CCCCCC(=O)NC(CO)C(=O)NC(CC(N)=O)C(=O)NC(CC(C)C)C(=O)NC(CO)C(=O)NC(C(C)O)C(=O)N1)C(C)C)C(=O)NC(CO)C(=O)NC(CCC(N)=O)C(=O)NC(CCC(=O)O)C(=O)NC(CC(C)C)C(=O)NC(Cc1c[nH]cn1)C(=O)NC(CCCCN)C(=O)NC(CC(C)C)C(=O)NC(CCC(N)=O)C(=O)NC(C(=O)NC(Cc1ccc(O)cc1)C(=O)N1CCCC1C(=O)NC(CCCN=C(N)N)C(=O)NC(C(=O)NC(CC(=O)O)C(=O)NC(C(=O)NCC(=O)NC(C)C(=O)NCC(=O)NC(C(=O)N1CCCC1C(N)=O)C(C)O)C(C)C)C(C)O)C(C)O,,53395169.0,Drug_Name,0,ok,0,0
calcitonin (salmon synthetic),CC(C)CC(NC(=O)C(CCCCN)NC(=O)CNC(=O)C(CC(C)C)NC(=O)C(NC(=O)C1CSSCC(N)C(=O)NC(CO)C(=O)NC(CC(N)=O)C(=O)NC(CC(C)C)C(=O)NC(CO)C(=O)NC(C(C)O)C(=O)N1)C(C)C)C(=O)NC(CO)C(=O)NC(CCC(N)=O)C(=O)NC(CCC(=O)O)C(=O)NC(CC(C)C)C(=O)NC(Cc1c[nH]cn1)C(=O)NC(CCCCN)C(=O)NC(CC(C)C)C(=O)NC(CCC(N)=O)C(=O)NC(C(=O)NC(Cc1ccc(O)cc1)C(=O)N1CCCC1C(=O)NC(CCCN=C(N)N)C(=O)NC(C(=O)NC(CC(N)=O)C(=O)NC(C(=O)NCC(=O)NC(CO)C(=O)NCC(=O)NC(C(=O)N1CCCC1C(N)=O)C(C)O)C(C)O)C(C)O)C(C)O,,16133812.0,Drug_Name (fallback),0,ok,0,0
calcitonin (pork natural),CSCCC(NC(=O)CNC(=O)C(CO)NC(=O)C(Cc1ccccc1)NC(=O)C(CCCN=C(N)N)NC(=O)C(Cc1c[nH]cn1)NC(=O)C(Cc1ccc(O)cc1)NC(=O)C(CC(N)=O)NC(=O)C(CC(N)=O)NC(=O)C(CC(C)C)NC(=O)C(CC(=O)O)NC(=O)C(CCCCN)NC(=O)C(Cc1c[nH]c2ccccc12)NC(=O)C(Cc1ccc(O)cc1)NC(=O)C(C)NC(=O)C(CO)NC(=O)C(CC(C)C)NC(=O)C(CC(C)C)NC(=O)C1CSSCC(N)C(=O)NC(CO)C(=O)NC(CC(N)=O)C(=O)NC(CC(C)C)C(=O)NC(CO)C(=O)NC(C(C)O)C(=O)N1)C(=O)NCC(=O)NC(Cc1ccccc1)C(=O)NCC(=O)N1CCCC1C(=O)NC(CCC(=O)O)C(=O)NC(C(=O)N1CCCC1C(N)=O)C(C)O,,122173809.0,Drug_Name (fallback),0,ok,0,0
chidamide,Nc1cc(F)ccc1NC(=O)c1ccc(CNC(=O)C=Cc2cccnc2)cc1,,9800555.0,Drug_Name,0,ok,0,0
nesiritide,CCC(C)C1NC(=O)C(CCCN=C(N)N)NC(=O)C(CC(=O)O)NC(=O)C(CCSC)NC(=O)C(CCCCN)NC(=O)C(CCCNC(=N)N)NC(=O)CNC(=O)C(Cc2ccccc2)NC(=O)C(NC(=O)CNC(=O)C(CO)NC(=O)CNC(=O)C(CCC(N)=O)NC(=O)C(NC(=O)C(CCSC)NC(=O)C(CCCCN)NC(=O)C2CCCN2C(=O)C(N)CO)C(C)C)CSSCC(C(=O)NC(CCCCN)C(=O)NC(C(=O)NC(CC(C)C)C(=O)NC(CCCNC(=N)N)C(=O)NC(CCCNC(=N)N)C(=O)NC(Cc2c[nH]cn2)C(=O)O)C(C)C)NC(=O)CNC(=O)C(CC(C)C)NC(=O)CNC(=O)C(CO)NC(=O)C(CO)NC(=O)C(CO)NC(=O)C(CO)NC1=O,,71308561.0,Drug_Name,2,ok,2,0
glucagon,CSCCC(NC(=O)C(CC(C)C)NC(=O)C(Cc1c[nH]c2ccccc12)NC(=O)C(CCC(N)=O)NC(=O)C(NC(=O)C(Cc1ccccc1)NC(=O)C(CC(=O)O)NC(=O)C(CCC(N)=O)NC(=O)C(C)NC(=O)C(CCCN=C(N)N)NC(=O)C(CCCNC(=N)N)NC(=O)C(CO)NC(=O)C(CC(=O)O)NC(=O)C(CC(C)C)NC(=O)C(Cc1ccc(O)cc1)NC(=O)C(CCCCN)NC(=O)C(CO)NC(=O)C(Cc1ccc(O)cc1)NC(=O)C(CC(=O)O)NC(=O)C(CO)NC(=O)C(NC(=O)C(Cc1ccccc1)NC(=O)C(NC(=O)CNC(=O)C(CCC(N)=O)NC(=O)C(CO)NC(=O)C(N)Cc1c[nH]cn1)C(C)O)C(C)O)C(C)C)C(=O)NC(CC(N)=O)C(=O)NC(C(=O)O)C(C)O,,16132283.0,Drug_Name,55,ok,55,0
ruxolitinib,N#CCC(C1CCCC1)n1cc(-c2ncnc3[nH]ccc23)cn1,,25126798.0,Drug_Name,130,ok,130,0
piperaquine,Clc1ccc2c(N3CCN(CCCN4CCN(c5ccnc6cc(Cl)ccc56)CC4)CC3)ccnc2c1,,122262.0,Drug_Name,0,ok,0,0
artenimol,CC1CCC2C(C)C(O)OC3OC4(C)CCC1C32OO4,,3000518.0,Drug_Name,3,ok,3,0
alpha-tocopherol acetate,CC(=O)Oc1c(C)c(C)c2c(c1C)CCC(C)(CCCC(C)CCCC(C)CCCC(C)C)O2,,86472.0,Drug_Name,4,ok,4,0
vitamin A palmitate,CCCCCCCCCCCCCCCC(=O)OCC=C(C)C=CC=C(C)C=CC1=C(C)CCCC1(C)C,,5280531.0,Drug_Name,6,ok,6,0
prazosin,COc1cc2nc(N3CCN(C(=O)c4ccco4)CC3)nc(N)c2cc1OC,,4893.0,Drug_Name,32,ok,32,0
acetic acid,CC(=O)O,,176.0,Drug_Name,227,ok,227,0
hydrocortisone acetate,CC(=O)OCC(=O)C1(O)CCC2C3CC=C4CC(=O)CCC4(C)C3C(O)CC21C,,5744.0,Drug_Name,6,ok,6,0
isopropanol,CC(C)O,,3776.0,Drug_Name,214,ok,214,0
amfecloral,CC(Cc1ccccc1)N=CC(Cl)(Cl)Cl,,21759.0,Drug_Name,0,ok,0,0
dexfosfoserine,NC(COP(=O)(O)O)C(=O)O,,68841.0,Drug_Name,0,ok,0,0
lubiprostone,CCCCC(F)(F)C1(O)CCC2C(CC(=O)C2CCCCCCC(=O)O)O1,,157920.0,Drug_Name,5,ok,5,0
proline,O=C(O)C1CCCN1,,145742.0,Drug_Name,56,ok,56,0
asparagine,NC(=O)CC(N)C(=O)O,,6267.0,Drug_Name,40,ok,40,0
serine,NC(CO)C(=O)O,,5951.0,Drug_Name,41,ok,41,0
valine,CC(C)C(N)C(=O)O,,6287.0,Drug_Name,129,ok,129,0
isoleucine,CCC(C)C(N)C(=O)O,,6306.0,Drug_Name,113,ok,113,0
cystine,NC(CSSCC(N)C(=O)O)C(=O)O,,67678.0,Drug_Name,3,ok,3,0
pyridoxal,Cc1ncc(CO)c(C=O)c1O,,1050.0,Drug_Name,3,ok,3,0
paliperidone,Cc1nc2n(c(=O)c1CCN1CCC(c3noc4cc(F)ccc34)CC1)CCCC2O,,115237.0,Drug_Name,161,ok,161,0
gentian violet,CN(C)c1ccc(C(=C2C=CC(=[N+](C)C)C=C2)c2ccc(N(C)C)cc2)cc1,,11057.0,Drug_Name,109,ok,109,0
nadide,NC(=O)c1ccc[n+](C2OC(COP(=O)([O-])OP(=O)(O)OCC3OC(n4cnc5c(N)ncnc54)C(O)C3O)C(O)C2O)c1,,5892.0,Drug_Name,0,ok,0,0
udenafil,CCCOc1ccc(S(=O)(=O)NCCC2CCCN2C)cc1-c1nc(=O)c2c([nH]1)c(CCC)nn2C,,135413547.0,Drug_Name,0,ok,0,0
lutein,CC(C=CC=C(C)C=CC1=C(C)CC(O)CC1(C)C)=CC=CC=C(C)C=CC=C(C)C=CC1C(C)=CC(O)CC1(C)C,,5281243.0,Drug_Name,3,ok,3,0
testosterone propionate,CCC(=O)OC1CCC2C3CC=C4CC(=O)CCC4(C)C3CCC12C,,5995.0,Drug_Name,23,ok,23,0
epicriptine,CCC(C)C1C(=O)N2CCCC2C2(O)OC(NC(=O)C3CC4c5cccc6[nH]cc(c56)CC4N(C)C3)(C(C)C)C(=O)N12,,65667.0,Drug_Name,0,ok,0,0
permethrin,CC1(C)C(C=C(Cl)Cl)C1C(=O)OCc1cccc(Oc2ccccc2)c1,,40326.0,Drug_Name,347,ok,347,0
rimonabant,Cc1c(C(=O)NN2CCCCC2)nn(-c2ccc(Cl)cc2Cl)c1-c1ccc(Cl)cc1,,104850.0,Drug_Name,2,ok,2,0
sodium stibogluconate,O=C(O)C1[O][Sb](=[O])([O][Sb]2(=[O])[O]C(C(=O)O)C(O)C(C(O)CO)[O]2)[O]C(C(O)CO)C1O,,16683012.0,Drug_Name,0,ok,0,0
cabazitaxel,COC1=C2C(C)C(OC(=O)C(O)C(NC(=O)OC(C)(C)C)c3ccccc3)CC(O)(C(OC(=O)c3ccccc3)C3C4(OC(C)=O)COC4CC(OC)C3(C)C1=O)C2(C)C,,9854073.0,Drug_Name,21,ok,21,0
cefcapene,CCCC(C(=O)N=C1C(=O)N2C(C(=O)O)=C(COC(N)=O)CSC12)c1csc(N)n1,,6436055.0,Drug_Name,1,ok,1,0
carbocisteine,NC(CSCC(=O)O)C(=O)O,,193653.0,Drug_Name,3,ok,3,0
temsirolimus,COC1CC2CCC(C)C(O)(O2)C(=O)C(=O)N2CCCCC2C(=O)OC(C(C)CC2CCC(OC(=O)C(C)(CO)CO)C(OC)C2)CC(=O)C(C)=CC(C)C(O)C(OC)C(=O)C(C)CC(C)C=CC=CC=C1C,,6918289.0,Drug_Name,88,ok,88,0
fampridine,Nc1ccncc1,,1727.0,Drug_Name,244,ok,244,0
methyldopate,CCOC(=O)C(C)(N)Cc1ccc(O)c(O)c1,,17277.0,Drug_Name,0,ok,0,0
fingolimod,CCCCCCCCc1ccc(CCC(N)(CO)CO)cc1,,107970.0,Drug_Name,50,ok,50,0
eribulin,C=C1CC2CCC34CC5OC6C(OC7CCC(CC(=O)CC8C(CC9OC(CCC1O2)CC(C)C9=C)OC(CC(O)CN)C8OC)OC7C6O3)C5O4,,11354606.0,Drug_Name,8,ok,8,0
telaprevir,CCCC(NC(=O)C1C2CCCC2CN1C(=O)C(NC(=O)C(NC(=O)c1cnccn1)C1CCCCC1)C(C)(C)C)C(=O)C(=O)NC1CC1,,3010818.0,Drug_Name,119,ok,119,0
linagliptin,CC#CCn1c(N2CCCC(N)C2)nc2c1c(=O)n(Cc1nc(C)c3ccccc3n1)c(=O)n2C,,10096344.0,Drug_Name,122,ok,122,0
abiraterone acetate,CC(=O)OC1CCC2(C)C(=CCC3C2CCC2(C)C(c4cccnc4)=CCC32)C1,,9821849.0,Drug_Name,5,ok,5,0
vandetanib,COc1cc2c(Nc3ccc(Br)cc3F)ncnc2cc1OCC1CCN(C)CC1,,3081361.0,Drug_Name,113,ok,113,0
retigabine,CCOC(=O)Nc1ccc(NCc2ccc(F)cc2)cc1N,,121892.0,Drug_Name,96,ok,96,0
rivaroxaban,O=C(NCC1CN(c2ccc(N3CCOCC3=O)cc2)C(=O)O1)c1ccc(Cl)s1,,9875401.0,Drug_Name,123,ok,123,0
ticagrelor,CCCSc1nc(NC2CC2c2ccc(F)c(F)c2)c2nnn(C3CC(OCCO)C(O)C3O)c2n1,,9871419.0,Drug_Name,134,ok,134,0
vemurafenib,CCCS(=O)(=O)Nc1ccc(F)c(C(=O)c2c[nH]c3ncc(-c4ccc(Cl)cc4)cc23)c1F,,42611257.0,Drug_Name,119,ok,119,0
sugammadex,O=C(O)CCSCC1OC2OC3C(CSCCC(=O)O)OC(OC4C(CSCCC(=O)O)OC(OC5C(CSCCC(=O)O)OC(OC6C(CSCCC(=O)O)OC(OC7C(CSCCC(=O)O)OC(OC8C(CSCCC(=O)O)OC(OC9C(CSCCC(=O)O)OC(OC1C(O)C2O)C(O)C9O)C(O)C8O)C(O)C7O)C(O)C6O)C(O)C5O)C(O)C4O)C(O)C3O,,6918585.0,Drug_Name,21,ok,21,0
threonine,CC(O)C(N)C(=O)O,,6288.0,Drug_Name,111,ok,111,0
carbon dioxide,O=C=O,,280.0,Drug_Name,226,ok,226,0
bismuth subsalicylate,O=C1[O][Bi]([OH])[O]c2ccccc21,,53629521.0,Drug_Name,93,ok,93,0
thymol,Cc1ccc(C(C)C)c(O)c1,,6989.0,Drug_Name,125,ok,125,0
cineole,CC12CCC(CC1)C(C)(C)O2,,2758.0,Drug_Name,148,ok,148,0
phenol,Oc1ccccc1,,996.0,Drug_Name,246,ok,246,0
arbutin,OCC1OC(Oc2ccc(O)cc2)C(O)C(O)C1O,,440936.0,Drug_Name,48,ok,48,0
allantoin,NC(=O)Nc1[nH]c(=O)[nH]c1O,,204.0,Drug_Name,47,ok,47,0
Padimate O,CCCCC(CC)COC(=O)c1ccc(N(C)C)cc1,,30541.0,Drug_Name,130,ok,130,0
hydroxyproline,O=C(O)C1CC(O)CN1,,5810.0,Drug_Name,3,ok,3,0
piperonyl butoxide,CCCCOCCOCCOCc1cc2c(cc1CCC)OCO2,,5794.0,Drug_Name,229,ok,229,0
tocofersolan,Cc1c(C)c2c(c(C)c1O)CCC(C)(CCCC(C)CCCC(C)CCCC(C)C)O2,,,none,0,no_cid,0,0
tapentadol,CCC(c1cccc(O)c1)C(C)CN(C)C,,9838022.0,Drug_Name,241,ok,241,0
Florbetapir F-18,CNc1ccc(C=Cc2ccc(OCCOCCOCCF)nc2)cc1,,24822371.0,Drug_Name,2,ok,2,0
doconexent,CCC=CCC=CCC=CCC=CCC=CCC=CCCC(=O)O,,445580.0,Drug_Name,0,ok,0,0
enzacamene,Cc1ccc(C=C2C(=O)C3(C)CCC2C3(C)C)cc1,,6434217.0,Drug_Name,0,ok,0,0
apixaban,COc1ccc(-n2nc(C(N)=O)c3c2C(=O)N(c2ccc(N4CCCCC4=O)cc2)CC3)cc1,,10182969.0,Drug_Name,147,ok,147,0
cobicistat,CC(C)c1nc(CN(C)C(=O)NC(CCN2CCOCC2)C(=O)NC(CCC(Cc2ccccc2)NC(=O)OCc2cncs2)Cc2ccccc2)cs1,,25151504.0,Drug_Name,0,ok,0,0
elvitegravir,COc1cc2c(cc1Cc1cccc(Cl)c1F)c(=O)c(C(=O)O)cn2C(CO)C(C)C,,5277135.0,Drug_Name,1,ok,1,0
Flutemetamol (18F),CNc1ccc(-c2nc3ccc(O)cc3s2)cc1F,,15950376.0,Drug_Name (fallback),2,ok,2,0
glycopyrronium bromide,C[N+]1(C)CCC(OC(=O)C(O)(c2ccccc2)C2CCCC2)C1,,11693.0,Drug_Name,39,ok,39,0
eslicarbazepine acetate,CC(=O)OC1Cc2ccccc2N(C(N)=O)c2ccccc21,,179344.0,Drug_Name,1,ok,1,0
enarodustat,O=C(O)CNC(=O)C1C(=O)CC(CCc2ccccc2)n2ncnc21,,50899324.0,Drug_Name,0,ok,0,0
sofpironium bromide,CCOC(=O)C[N+]1(C)CCC(OC(=O)C(O)(c2ccccc2)C2CCCC2)C1,,86301316.0,Drug_Name,0,ok,0,0
berotralstat,N#Cc1cccc(C(NCC2CC2)c2ccc(F)c(NC(=O)c3cc(C(F)(F)F)nn3-c3cccc(CN)c3)c2)c1,,137528262.0,Drug_Name,0,ok,0,0
lacosamide,COCC(NC(C)=O)C(=O)NCc1ccccc1,,219078.0,Drug_Name,8,ok,8,0
olaflur,CCCCCCCCCCCCCCCCCCN(CCO)CCCN(CCO)CCO,,23257.0,Drug_Name,1,ok,1,0
4-dimethylaminophenol,CN(C)c1ccc(O)cc1,,22174.0,Drug_Name,0,no_data,0,0
aceclidine,CC(=O)OC1CN2CCC1CC2,,1979.0,Drug_Name,0,ok,0,0
afatinib,CN(C)CC=CC(=O)Nc1cc2c(Nc3ccc(F)c(Cl)c3)ncnc2cc1OC1CCOC1,,10184653.0,Drug_Name,34,ok,34,0
alanyl glutamine,CC(N)C(=O)NC(CCC(N)=O)C(=O)O,,123935.0,Drug_Name,1,ok,1,0
laropiprant,CS(=O)(=O)c1cc(F)cc2c3c(n(Cc4ccc(Cl)cc4)c12)C(CC(=O)O)CC3,,9867642.0,Drug_Name,0,ok,0,0
(2-benzhydryloxyethyl)diethyl-methylammonium iodide,CC[N+](C)(CC)CCOC(c1ccccc1)c1ccccc1,,80084.0,Drug_Name (fallback),0,no_data,0,0
2-(4-chlorphenoxy)-ethanol,OCCOc1ccc(Cl)cc1,,15907.0,Drug_Name (fallback),0,ok,0,0
gallium (68Ga) gozetotide,O=C([O-])CN(CCN(CC(=O)[O-])Cc1cc(CCC(=O)NCCCCCC(=O)NCCCCC(NC(=O)NC(CCC(=O)O)C(=O)O)C(=O)O)ccc1[O-])Cc1cc(CCC(=O)O)ccc1[O-].[Ga+3].[H+],,154572876.0,Drug_Name (fallback),2,ok,2,0
trinitrophenol,O=[N+]([O-])c1cc([N+](=O)[O-])c(O)c([N+](=O)[O-])c1,,6954.0,Drug_Name,277,ok,277,0
propanol,CCCO,,1031.0,Drug_Name,97,ok,97,0
bazedoxifene,Cc1c(-c2ccc(O)cc2)n(Cc2ccc(OCCN3CCCCCC3)cc2)c2ccc(O)cc12,,154257.0,Drug_Name,38,ok,38,0
amifampridine,Nc1ccncc1N,,5918.0,Drug_Name,27,ok,27,0
ambrisentan,COC(c1ccccc1)(c1ccccc1)C(Oc1nc(C)cc(C)n1)C(=O)O,,6918493.0,Drug_Name,12,ok,12,0
angiotensinamide,CC(C)C(NC(=O)C(CCCN=C(N)N)NC(=O)C(N)CC(N)=O)C(=O)NC(Cc1ccc(O)cc1)C(=O)NC(C(=O)NC(Cc1c[nH]cn1)C(=O)N1CCCC1C(=O)NC(Cc1ccccc1)C(=O)O)C(C)C,,10351092.0,Drug_Name,2,ok,2,0
pyronaridine,COc1ccc2nc3cc(Cl)ccc3c(Nc3cc(CN4CCCC4)c(O)c(CN4CCCC4)c3)c2n1,,107771.0,Drug_Name,0,ok,0,0
bibrocathol,[OH][Bi]1[O]c2c(Br)c(Br)c(Br)c(Br)c2[O]1,,10100751.0,Drug_Name,0,ok,0,0
bioallethrin,C=CCC1=C(C)C(OC(=O)C2C(C=C(C)C)C2(C)C)CC1=O,,15558638.0,Drug_Name,44,ok,44,0
bisoxatin,O=C1Nc2ccccc2OC1(c1ccc(O)cc1)c1ccc(O)cc1,,28689.0,Drug_Name,0,ok,0,0
anidulafungin,CCCCCOc1ccc(-c2ccc(-c3ccc(C(=O)NC4CC(O)C(O)NC(=O)C5C(O)C(C)CN5C(=O)C(C(C)O)NC(=O)C(C(O)C(O)c5ccc(O)cc5)NC(=O)C5CC(O)CN5C(=O)C(C(C)O)NC4=O)cc3)cc2)cc1,,166548.0,Drug_Name,8,ok,8,0
bosutinib,COc1cc(Nc2c(C#N)cnc3cc(OCCCN4CCN(C)CC4)c(OC)cc23)c(Cl)cc1Cl,,5328940.0,Drug_Name,22,ok,22,0
chenodiol,CC(CCC(=O)O)C1CCC2C3C(O)CC4CC(O)CCC4(C)C3CCC12C,,10133.0,Drug_Name,19,ok,19,0
chloroform,ClC(Cl)Cl,,6212.0,Drug_Name,299,ok,299,0
vernakalant,COc1ccc(CCOC2CCCCC2N2CCC(O)C2)cc1OC,,9930049.0,Drug_Name,1,ok,1,0
xantinol,CN(CCO)CC(O)Cn1cnc2c1c(=O)n(C)c(=O)n2C,,9913.0,Drug_Name,2,ok,2,0
triaziquone,O=C1C=C(N2CC2)C(=O)C(N2CC2)=C1N1CC1,,6235.0,Drug_Name,37,ok,37,0
lorcaserin,CC1CNCCc2ccc(Cl)cc21,,11658860.0,Drug_Name,101,ok,101,0
demecolcine,CNC1CCc2cc(OC)c(OC)c(OC)c2-c2ccc(OC)c(=O)cc21,,220401.0,Drug_Name,1,ok,1,0
dequalinium,Cc1cc(N)c2ccccc2[n+]1CCCCCCCCCC[n+]1c(C)cc(N)c2ccccc21,,2993.0,Drug_Name,0,ok,0,0
desaspidin,CCCC(=O)c1c(O)cc(OC)c(CC2C(=O)C(C(=O)CCC)C(=O)C(C)(C)C2=O)c1O,,8238.0,Drug_Name,0,ok,0,0
decamethrin,CC1(C)C(C=C(Br)Br)C1C(=O)OC(C#N)c1cccc(Oc2ccccc2)c1,,40585.0,Drug_Name,154,ok,154,0
dapoxetine,CN(C)C(CCOc1cccc2ccccc12)c1ccccc1,,71353.0,Drug_Name,0,ok,0,0
mirabegron,Nc1nc(CC(=O)Nc2ccc(CCNCC(O)c3ccccc3)cc2)cs1,,9865528.0,Drug_Name,28,ok,28,0
clefamide,O=C(C(Cl)Cl)N(CCO)Cc1ccc(Oc2ccc([N+](=O)[O-])cc2)cc1,,71819.0,Drug_Name,2,ok,2,0
clevudine,Cc1cn(C2OC(CO)C(O)C2F)c(=O)[nH]c1=O,,73115.0,Drug_Name,0,ok,0,0
clodantoin,CCCCC(CC)c1[nH]c(=O)n(SC(Cl)(Cl)Cl)c1O,,21782.0,Drug_Name,0,ok,0,0
clofenotane,Clc1ccc(C(c2ccc(Cl)cc2)C(Cl)(Cl)Cl)cc1,,3036.0,Drug_Name,236,ok,236,0
clopenthixol,OCCN1CCN(CCC=C2c3ccccc3Sc3ccc(Cl)cc32)CC1,,12454.0,Drug_Name,0,ok,0,0
tegafur,O=c1[nH]c(=O)n(C2CCCO2)cc1F,,5386.0,Drug_Name,3,ok,3,0
eltrombopag,Cc1ccc(-n2[nH]c(C)c(N=Nc3cccc(-c4cccc(C(=O)O)c4)c3O)c2=O)cc1C,,135449332.0,Drug_Name,0,ok,0,0
carisbamate,NC(=O)OCC(O)c1ccccc1Cl,,6918474.0,Drug_Name,0,ok,0,0
casopitant,CC(=O)N1CCN(C2CCN(C(=O)N(C)C(C)c3cc(C(F)(F)F)cc(C(F)(F)F)c3)C(c3ccc(F)cc3C)C2)CC1,,9917021.0,Drug_Name,0,ok,0,0
ceftobiprole medocaril,Cc1oc(=O)oc1COC(=O)N1CCC(N2CC=C(C=C3CSC4C(NC(=O)C(=NO)c5nsc(N)n5)C(=O)N4C3C(=O)O)C2=O)C1,,135413544.0,Drug_Name,0,ok,0,0
cyfluthrin,CC1(C)C(C=C(Cl)Cl)C1C(=O)OC(C#N)c1ccc(F)c(Oc2ccccc2)c1,,104926.0,Drug_Name,212,ok,212,0
cymarin,COC1CC(OC2CCC3(C=O)C4CCC5(C)C(C6=CC(=O)OC6)CCC5(O)C4CCC3(O)C2)OC(C)C1O,,441853.0,Drug_Name,2,ok,2,0
cypermethrin,CC1(C)C(C=C(Cl)Cl)C1C(=O)OC(C#N)c1cccc(Oc2ccccc2)c1,,2912.0,Drug_Name,288,ok,288,0
diamorphine,CC(=O)Oc1ccc2c3c1OC1C(OC(C)=O)C=CC4C(C2)N(C)CCC341,,5462328.0,Drug_Name,216,ok,216,0
dibromotyrosine,NC(Cc1cc(Br)c(O)c(Br)c1)C(=O)O,,67532.0,Drug_Name,1,ok,1,0
dibutylphthalate,CCCCOC(=O)c1ccccc1C(=O)OCCCC,,3026.0,Drug_Name,214,ok,214,0
dibutylsuccinate,CCCCOC(=O)CCC(=O)OCCCC,,8830.0,Drug_Name,17,ok,17,0
diethyl ether,CCOCC,,3283.0,Drug_Name,211,ok,211,0
diethyltoluamide,CCN(CC)C(=O)c1cccc(C)c1,,4284.0,Drug_Name,293,ok,293,0
difetarsone,O=[As](O)(O)c1ccc(NCCNc2ccc([As](=O)(O)O)cc2)cc1,,68199.0,Drug_Name,0,ok,0,0
dihydroergocryptine,CC(C)CC1C(=O)N2CCCC2C2(O)OC(NC(=O)C3CC4c5cccc6[nH]cc(c56)CC4N(C)C3)(C(C)C)C(=O)N12,,114948.0,Drug_Name,0,ok,0,0
diiodohydroxypropane,OC(CI)CI,,68295.0,Drug_Name,0,ok,0,0
etilevodopa,CCOC(=O)C(N)Cc1ccc(O)c(O)c1,,170345.0,Drug_Name,1,ok,1,0
etybenzatropine,CCN1C2CCC1CC(OC(c1ccccc1)c1ccccc1)C2,,20055089.0,Drug_Name,0,ok,0,0
candicidin,CC1C=CC=CC=CC=CC=CC=CC=CC(OC2OC(C)C(O)C(N)C2O)CC2OC(O)(CC(O)CC(O)CC(O)CC(=O)CCCC(=O)CC(=O)OC1C(C)CC(C)C(O)CC(=O)c1ccc(N)cc1)CC(O)C2C(=O)O,,10079874.0,Drug_Name,0,ok,0,0
calcitonin human,CCC(C)C(NC(=O)C(C)NC(=O)C(NC(=O)C(CCC(N)=O)NC(=O)C1CCCN1C(=O)C(Cc1ccccc1)NC(=O)C(NC(=O)C(Cc1c[nH]cn1)NC(=O)C(Cc1ccccc1)NC(=O)C(CCCCN)NC(=O)C(CC(N)=O)NC(=O)C(Cc1ccccc1)NC(=O)C(CC(=O)O)NC(=O)C(CCC(N)=O)NC(=O)C(NC(=O)C(Cc1ccc(O)cc1)NC(=O)C(NC(=O)CNC(=O)C(CC(C)C)NC(=O)C(CCSC)NC(=O)C1CSSCC(N)C(=O)NCC(=O)NC(CC(N)=O)C(=O)NC(CC(C)C)C(=O)NC(CO)C(=O)NC(C(C)O)C(=O)N1)C(C)O)C(C)O)C(C)O)C(C)O)C(=O)NCC(=O)NC(C(=O)NCC(=O)NC(C)C(=O)N1CCCC1C(N)=O)C(C)C,,45055432.0,Drug_Name,0,ok,0,0
meradimate,CC1CCC(C(C)C)C(OC(=O)c2ccccc2N)C1,,8633.0,Drug_Name,1,ok,1,0
diphenadione,O=C1c2ccccc2C(=O)C1C(=O)C(c1ccccc1)c1ccccc1,,6719.0,Drug_Name,162,ok,162,0
prednisolone sodium phosphate,CC12C=CC(=O)C=C1CCC1C2C(O)CC2(C)C1CCC2(O)C(=O)COP(=O)(O)O,,441409.0,Drug_Name,6,ok,6,0
clobetasol propionate,CCC(=O)OC1(C(=O)CCl)C(C)CC2C3CC=C4CC(=O)C=CC4(C)C3(F)C(O)CC21C,,32798.0,Drug_Name,4,ok,4,0
testosterone cypionate,CC12CCC(=O)C=C1CCC1C2CCC2(C)C(OC(=O)CCC3CCCC3)CCC12,,441404.0,Drug_Name,6,ok,6,0
fludeoxyglucose (18F),OCC1OC(O)C(F)C(O)C1O,,315411.0,Drug_Name,0,ok,0,0
hydrocortisone succinate,CC12CCC(=O)C=C1CCC1C2C(O)CC2(C)C1CCC2(O)C(=O)COC(=O)CCC(=O)O,,16623.0,Drug_Name,1,ok,1,0
sulfisoxazole acetyl,CC(=O)N(c1onc(C)c1C)S(=O)(=O)c1ccc(N)cc1,,6662.0,Drug_Name,0,ok,0,0
menthyl salicylate,CC1CCC(C(C)C)C(OC(=O)c2ccccc2O)C1,,20055232.0,Drug_Name,2,ok,2,0
dodeclonium bromide,CCCCCCCCCCCC[N+](C)(C)CCOc1ccc(Cl)cc1,,71686.0,Drug_Name,1,ok,1,0
domiphen,CCCCCCCCCCCC[N+](C)(C)CCOc1ccccc1,,3149.0,Drug_Name,0,ok,0,0
droxypropine,CCC(=O)C1(c2ccccc2)CCN(CCOCCO)CC1,,208903.0,Drug_Name,0,no_data,0,0
efaproxiral,Cc1cc(C)cc(NC(=O)Cc2ccc(OC(C)(C)C(=O)O)cc2)c1,,122335.0,Drug_Name,0,ok,0,0
eosin,O=C1OC2(c3ccccc31)c1cc(Br)c(O)c(Br)c1Oc1c2cc(Br)c(O)c1Br,,11048.0,Drug_Name,0,ok,0,0
epanolol,N#Cc1ccccc1OCC(O)CNCCNC(=O)Cc1ccc(O)cc1,,72014.0,Drug_Name,0,ok,0,0
N-Acetyltyrosine,CC(=O)NC(Cc1ccc(O)cc1)C(=O)O,,68310.0,Drug_Name,0,ok,0,0
carfilzomib,CC(C)CC(NC(=O)C(CCc1ccccc1)NC(=O)CN1CCOCC1)C(=O)NC(Cc1ccccc1)C(=O)NC(CC(C)C)C(=O)C1(C)CO1,,11556711.0,Drug_Name,13,ok,13,0
aclidinium bromide,O=C(OC1C[N+]2(CCCOc3ccccc3)CCC1CC2)C(O)(c1cccs1)c1cccs1,,11519741.0,Drug_Name,0,ok,0,0
diflorasone diacetate,CC(=O)OCC(=O)C1(OC(C)=O)C(C)CC2C3CC(F)C4=CC(=O)C=CC4(C)C3(F)C(O)CC21C,,71414.0,Drug_Name,2,ok,2,0
taurine,NCCS(=O)(=O)O,,1123.0,Drug_Name,0,ok,0,0
alclometasone dipropionate,CCC(=O)OCC(=O)C1(OC(=O)CC)C(C)CC2C3C(Cl)C=C4CC(=O)C=CC4(C)C3C(O)CC21C,,636374.0,Drug_Name,2,ok,2,0
estradiol acetate,CC(=O)Oc1ccc2c(c1)CCC1C2CCC2(C)C(O)CCC12,,9818306.0,Drug_Name,1,ok,1,0
amiloxate,COc1ccc(C=CC(=O)OCCC(C)C)cc1,,1549789.0,Drug_Name,1,ok,1,0
hydrocortisone valerate,CCCCC(=O)OC1(C(=O)CO)CCC2C3CC=C4CC(=O)CCC4(C)C3C(O)CC21C,,5282494.0,Drug_Name,1,ok,1,0
choline fenofibrate,CC(C)(Oc1ccc(C(=O)c2ccc(Cl)cc2)cc1)C(=O)O,,11350701.0,Drug_Name,3,ok,3,0
halcinonide,CC1(C)OC2CC3C4CC=C5CC(=O)CCC5(C)C4(F)C(O)CC3(C)C2(C(=O)CCl)O1,,443943.0,Drug_Name,1,ok,1,0
racepinefrine,CNCC(O)c1ccc(O)c(O)c1,,838.0,Drug_Name,3,ok,3,0
tetracosactide,CSCCC(NC(=O)C(CO)NC(=O)C(Cc1ccc(O)cc1)NC(=O)C(N)CO)C(=O)NC(CCC(=O)O)C(=O)NC(Cc1c[nH]cn1)C(=O)NC(Cc1ccccc1)C(=O)NC(CCCN=C(N)N)C(=O)NC(Cc1c[nH]c2ccccc12)C(=O)NCC(=O)NC(CCCCN)C(=O)N1CCCC1C(=O)NC(C(=O)NCC(=O)NC(CCCCN)C(=O)NC(CCCCN)C(=O)NC(CCCNC(=N)N)C(=O)NC(CCCNC(=N)N)C(=O)N1CCCC1C(=O)NC(C(=O)NC(CCCCN)C(=O)NC(C(=O)NC(Cc1ccc(O)cc1)C(=O)N1CCCC1C(=O)O)C(C)C)C(C)C)C(C)C,,16129617.0,Drug_Name,46,ok,46,0
bismuth subgallate,O=C(O)c1cc(O)c2c(c1)[O][Bi]([OH])[O]2,,73415769.0,Drug_Name,0,ok,0,0
fazadinium,Cc1c(-c2ccccc2)[n+](N=N[n+]2c(-c3ccccc3)c(C)n3ccccc32)c2ccccn12,,5487713.0,Drug_Name,0,ok,0,0
fenbendazole,COC(=O)Nc1nc2cc(Sc3ccccc3)ccc2[nH]1,,3334.0,Drug_Name,13,ok,13,0
fluclorolone,CC12C=CC(=O)C=C1C(F)CC1C3CC(O)C(O)(C(=O)CO)C3(C)CC(Cl)C12Cl,,76962649.0,Drug_Name,0,ok,0,0
flumedroxone,CC(=O)C1(O)CCC2C3CC(C(F)(F)F)=C4CC(=O)CCC4(C)C3CCC21C,,20055352.0,Drug_Name,0,ok,0,0
flumetasone,CC1CC2C3CC(F)C4=CC(=O)C=CC4(C)C3(F)C(O)CC2(C)C1(O)C(=O)CO,,16490.0,Drug_Name,3,ok,3,0
fluorodopa (18F),NC(Cc1cc(O)c(O)cc1F)C(=O)O,,56494.0,Drug_Name (fallback),2,ok,2,0
fluoroethylcholine (18F),C[N+](C)(CCO)CCF,,10103319.0,Drug_Name (fallback),0,ok,0,0
fluprednidene,C=C1CC2C3CC=C4CC(=O)C=CC4(C)C3(F)C(O)CC2(C)C1(O)C(=O)CO,,11794741.0,Drug_Name,0,ok,0,0
gepirone,CC1(C)CC(=O)N(CCCCN2CCN(c3ncccn3)CC2)C(=O)C1,,55191.0,Drug_Name,0,ok,0,0
gestonorone,CC(=O)C1(O)CCC2C3CC=C4CC(=O)CCC4C3CCC21C,,102210.0,Drug_Name,0,ok,0,0
guanoclor,N=C(N)NNCCOc1c(Cl)cccc1Cl,,71835.0,Drug_Name,0,ok,0,0
nomegestrol,CC(=O)C1(O)CCC2C3=CC(C)=C4CC(=O)CCC4C3CCC21C,,68783.0,Drug_Name,0,ok,0,0
hydrocortisone probutate,CCCC(=O)OC1(C(=O)COC(=O)CC)CCC2C3CC=C4CC(=O)CCC4(C)C3C(O)CC21C,,636398.0,Drug_Name,2,ok,2,0
hydroxyethylpromethazine,CC(CN1c2ccccc2Sc2ccccc21)[N+](C)(C)CCO,,16406.0,Drug_Name,0,ok,0,0
ibacitabine,Nc1nc(=O)n(C2CC(O)C(CO)O2)cc1I,,65050.0,Drug_Name,1,ok,1,0
iclaprim,COc1cc(Cc2cnc(N)nc2N)c2c(c1OC)OC(C1CC1)C=C2,,213043.0,Drug_Name,1,ok,1,0
idanpramine,COc1ccc(C2(c3ccc(OC)cc3)NC(=O)N(CCN3CCCCC3)C2=O)cc1,,58521.0,Drug_Name,0,ok,0,0
indigo carmine,O=C1C(c2[nH]c3ccc(S(=O)(=O)O)cc3c2O)=Nc2ccc(S(=O)(=O)O)cc21,,2723854.0,Drug_Name,0,ok,0,0
iodocholesterol (131I),CC(C)CCCC(C)C1CCC2C3CC=C4CC(O)CCC4(CI)C3CCC12C,,450510.0,Drug_Name (fallback),0,ok,0,0
iodoform,IC(I)I,,6374.0,Drug_Name,86,ok,86,0
ioglicic acid,CNC(=O)CNC(=O)c1c(I)c(NC(C)=O)c(I)c(C(=O)O)c1I,,65437.0,Drug_Name,0,ok,0,0
iopydol,O=c1c(I)cn(CC(O)CO)cc1I,,21751.0,Drug_Name,1,ok,1,0
ioxitalamic acid,CC(=O)Nc1c(I)c(C(=O)O)c(I)c(C(=O)NCCO)c1I,,34536.0,Drug_Name,0,ok,0,0
itramin tosilate,NCCO[N+](=O)[O-],,26000.0,Drug_Name,0,ok,0,0
levoverbenone,CC1=C2CC(C(=O)C1)C2(C)C,,92874.0,Drug_Name,3,ok,3,0
linopirdine,O=C1N(c2ccccc2)c2ccccc2C1(Cc1ccncc1)Cc1ccncc1,,3932.0,Drug_Name,0,ok,0,0
linsidomine,N=c1c[n+](N2CCOCC2)[n-]o1,,5219.0,Drug_Name,0,ok,0,0
mannosulfan,CS(=O)(=O)OCC(OS(C)(=O)=O)C(O)C(O)C(COS(C)(=O)=O)OS(C)(=O)=O,,20055482.0,Drug_Name,0,ok,0,0
diosmetin,COc1ccc(-c2cc(=O)c3c(O)cc(O)cc3o2)cc1O,,5281612.0,Drug_Name,146,ok,146,0
diethylamino hydroxybenzoyl hexyl benzoate,CCCCCCOC(=O)c1ccccc1C(=O)c1ccc(N(CC)CC)cc1O,,10111431.0,Drug_Name,0,ok,0,0
xylitol,OCC(O)C(O)C(O)CO,,6912.0,Drug_Name,0,ok,0,0
tonzonium,CCCCCCCCCCCCCCCC[N+](C)(C)CCN(Cc1ccc(OC)cc1)c1ncccn1,,5456.0,Drug_Name,0,ok,0,0
clocortolone pivalate,CC1CC2C3CC(F)C4=CC(=O)C=CC4(C)C3(Cl)C(O)CC2(C)C1C(=O)COC(=O)C(C)(C)C,,5282493.0,Drug_Name,1,ok,1,0
ubidecarenone,COc1c(O)c(C)c(C=CC(C)=CCC=C(C)CCC=C(C)CCC=C(C)CCC=C(C)CCC=C(C)CCC=C(C)CCC=C(C)CCC=C(C)CCC=C(C)C)c(O)c1OC,,5281915.0,Drug_Name,23,ok,23,0
trypan blue,Cc1cc(-c2ccc(N=Nc3c(S(=O)(=O)O)cc4cc(S(=O)(=O)O)cc(N)c4c3O)c(C)c2)ccc1N=Nc1c(S(=O)(=O)O)cc2cc(S(=O)(=O)O)cc(N)c2c1O,,6296.0,Drug_Name,0,ok,0,0
testosterone enantate,CCCCCCC(=O)OC1CCC2C3CC=C4CC(=O)CCC4(C)C3CCC12C,,9416.0,Drug_Name,6,ok,6,0
sucrose,OCC1OC(OC2(CO)OC(CO)C(O)C2O)C(O)C(O)C1O,,5988.0,Drug_Name,31,ok,31,0
stearic acid,CCCCCCCCCCCCCCCCCC(=O)O,,5281.0,Drug_Name,127,ok,127,0
protocatechualdehyde,O=Cc1ccc(O)c(O)c1,,8768.0,Drug_Name,4,ok,4,0
polydatin,OCC1OC(Oc2cc(O)cc(C=Cc3ccc(O)cc3)c2)C(O)C(O)C1O,,,none,0,no_cid,0,0
N-Acetylglucosamine,CC(=O)NC1C(O)OC(CO)C(O)C1O,,1738118.0,Drug_Name,3,ok,3,0
lycopene,CC(C)=CCCC(C)=CC=CC(C)=CC=CC(C)=CC=CC=C(C)C=CC=C(C)C=CC=C(C)CCC=C(C)C,,446925.0,Drug_Name,57,ok,57,0
linolenic acid,CCC=CCC=CCC=CCCCCCCCC(=O)O,,5280934.0,Drug_Name,19,ok,19,0
levomenol,CC(C)=CCCC(C)(O)C1CC=C(C)CC1,,442343.0,Drug_Name,2,ok,2,0
diacetyl benzoyl lathyrol,C=C1CCC2C(=CC(C)C(=O)C3(OC(C)=O)CC(C)C(OC(=O)c4ccccc4)C3C1OC(C)=O)C2(C)C,,10577938.0,Drug_Name,0,ok,0,0
levomefolic acid,CN1c2c([nH]c(N)nc2=O)NCC1CNc1ccc(C(=O)NC(CCC(=O)O)C(=O)O)cc1,,135398561.0,Drug_Name,0,ok,0,0
phenylacetic acid,O=C(O)Cc1ccccc1,,999.0,Drug_Name,110,ok,110,0
trabectedin,COc1cc2c(cc1O)CCNC21CSC2c3c(OC(C)=O)c(C)c4c(c3C(COC1=O)N1C(O)C3Cc5cc(C)c(OC)c(O)c5C(C21)N3C)OCO4,,108150.0,Drug_Name,11,ok,11,0
teriflunomide,CC(=O)C(C#N)C(=O)Nc1ccc(C(F)(F)F)cc1,,54684141.0,Drug_Name,16,ok,16,0
eugenol,C=CCc1ccc(O)c(OC)c1,,3314.0,Drug_Name,114,ok,114,0
dipyrithione,[O-][n+]1ccccc1SSc1cccc[n+]1[O-],,3109.0,Drug_Name,2,ok,2,0
dimyristoylphosphatidylglycerol,CCCCCCCCCCCCCC(=O)OCC(COP(=O)(O)OCC(O)CO)OC(=O)CCCCCCCCCCCCC,,107767.0,Drug_Name,0,ok,0,0
Padimate A,CC(C)CCOC(=O)c1ccc(N(C)C)cc1,,26890.0,Drug_Name,0,ok,0,0
oftasceine,O=C(O)CN(CC(=O)O)Cc1cc2c(cc1O)Oc1cc(O)c(CN(CC(=O)O)CC(=O)O)cc1C21OC(=O)c2ccccc21,,65079.0,Drug_Name,2,ok,2,0
octyltriethoxysilane,CCCCCCCC[Si](OCC)(OCC)OCC,,76262.0,Drug_Name,11,ok,11,0
dodecanoic acid,CCCCCCCCCCCC(=O)O,,3893.0,Drug_Name,141,ok,141,0
glycolic acid,O=C(O)CO,,757.0,Drug_Name,146,ok,146,0
fluorometholone acetate,CC(=O)OC1(C(C)=O)CCC2C3CC(C)=C4CC(=O)C=CC4(C)C3(F)C(O)CC21C,,240767.0,Drug_Name,3,ok,3,0
dimyristoylphosphatidylcholine,CCCCCCCCCCCCCC(=O)OCC(COP(=O)([O-])OCC[N+](C)(C)C)OC(=O)CCCCCCCCCCCCC,,5459377.0,Drug_Name,0,ok,0,0
diazolidinylurea,O=C(NCO)N(CO)c1c(O)n(CO)c(=O)n1CO,,62277.0,Drug_Name,17,ok,17,0
chloramphenicol succinate,O=C(O)CCC(=O)OCC(NC(=O)C(Cl)Cl)C(O)c1ccc([N+](=O)[O-])cc1,,656580.0,Drug_Name,2,ok,2,0
benzoic acid,O=C(O)c1ccccc1,,243.0,Drug_Name,185,ok,185,0
brilliant green,CCN(CC)c1ccc(C(=C2C=CC(=[N+](CC)CC)C=C2)c2ccccc2)cc1,,12449.0,Drug_Name,40,ok,40,0
1-Octacosanol,CCCCCCCCCCCCCCCCCCCCCCCCCCCCO,,68406.0,Drug_Name,6,ok,6,0
methylrosaniline,CN(C)c1ccc(C(O)(c2ccc(N(C)C)cc2)c2ccc(N(C)C)cc2)cc1,,68050.0,Drug_Name,2,ok,2,0
metizoline,Cc1sc2ccccc2c1CC1=NCCN1,,28688.0,Drug_Name,0,ok,0,0
morniflumate,O=C(OCCN1CCOCC1)c1cccnc1Nc1cccc(C(F)(F)F)c1,,72106.0,Drug_Name,1,ok,1,0
nalfurafine,CN(C(=O)C=Cc1ccoc1)C1CCC2(O)C3Cc4ccc(O)c5c4C2(CCN3CC2CC2)C1O5,,6445230.0,Drug_Name,0,ok,0,0
naproxcinod,COc1ccc2cc(C(C)C(=O)OCCCCO[N+](=O)[O-])ccc2c1,,9884642.0,Drug_Name,3,ok,3,0
nicofetamide,O=C(NC(Cc1ccccc1)c1ccccc1)c1cccnc1,,3033975.0,Drug_Name,0,ok,0,0
obidoxime,ON=Cc1cc[n+](COC[n+]2ccc(C=NO)cc2)cc1,,135412781.0,Drug_Name,0,ok,0,0
ornipressin,NCCCC(NC(=O)C1CCCN1C(=O)C1CSSCC(N)C(=O)NC(Cc2ccc(O)cc2)C(=O)NC(Cc2ccccc2)C(=O)NC(CCC(N)=O)C(=O)NC(CC(N)=O)C(=O)N1)C(=O)NCC(N)=O,,14257660.0,Drug_Name,0,ok,0,0
oxabolone cipionate,CC12CCC3C4CCC(=O)C(=O)C4CCC3C1CCC2OC(=O)CCC1CCCC1,,68952.0,Drug_Name,0,ok,0,0
panobinostat,Cc1[nH]c2ccccc2c1CCNCc1ccc(C=CC(O)=NO)cc1,,6918837.0,Drug_Name,14,ok,14,0
paraoxon,CCOP(=O)(OCC)Oc1ccc([N+](=O)[O-])cc1,,9395.0,Drug_Name,94,ok,94,0
perampanel,N#Cc1ccccc1-c1cc(-c2ccccn2)cn(-c2ccccc2)c1=O,,9924495.0,Drug_Name,20,ok,20,0
perflenapent,FC(F)(F)C(F)(F)C(F)(F)C(F)(F)C(F)(F)F,,12675.0,Drug_Name,7,ok,7,0
phenothrin,CC(C)=CC1C(C(=O)OCc2cccc(Oc3ccccc3)c2)C1(C)C,,4767.0,Drug_Name,155,ok,155,0
picodralazine,NNc1nnc(Cc2ccncc2)c2ccccc12,,,none,0,no_cid,0,0
pleconaril,Cc1cc(CCCOc2c(C)cc(-c3noc(C(F)(F)F)n3)cc2C)on1,,,none,0,no_cid,0,0
remikiren,CC(C)(C)S(=O)(=O)CC(Cc1ccccc1)C(=O)NC(Cc1c[nH]cn1)C(=O)NC(CC1CCCCC1)C(O)C(O)C1CC1,,6324659.0,Drug_Name,0,ok,0,0
ritiometan,O=C(O)CSC(SCC(=O)O)SCC(=O)O,,65787.0,Drug_Name,0,ok,0,0
semustine,CC1CCC(NC(=O)N(CCCl)N=O)CC1,,5198.0,Drug_Name,0,ok,0,0
tofacitinib,CC1CCN(C(=O)CC#N)CC1N(C)c1ncnc2[nH]ccc12,,9926791.0,Drug_Name,0,ok,0,0
cabozantinib,COc1cc2nccc(Oc3ccc(NC(=O)C4(C(=O)Nc5ccc(F)cc5)CC4)cc3)c2cc1OC,,25102847.0,Drug_Name,0,ok,0,0
ponatinib,Cc1ccc(C(=O)Nc2ccc(CN3CCN(C)CC3)c(C(F)(F)F)c2)cc1C#Cc1cnc2cccnn12,,24826799.0,Drug_Name,0,ok,0,0
daunorubicinol,COc1cccc2c(O)c3c(c(O)c12)C(=O)C1=C(CC(O)(C(C)O)CC1OC1CC(N)C(O)C(C)O1)C3=O,,443832.0,Drug_Name,0,no_data,0,0
succinimide,Oc1ccc(O)[nH]1,,11439.0,Drug_Name,11,ok,11,0
tacalcitol,C=C1C(=CC=C2CCCC3(C)C2CCC3C(C)CCC(O)C(C)C)CC(O)CC1O,,5283734.0,Drug_Name,1,ok,1,0
tenidap,NC(=O)n1c(O)c(C(=O)c2cccs2)c2cc(Cl)ccc21,,60712.0,Drug_Name,0,ok,0,0
trimethyldiphenylpropylamine,CC(CC(c1ccccc1)c1ccccc1)N(C)C,,30966.0,Drug_Name,0,ok,0,0
tetragalacturonic acid hydroxymethylester,COC(=O)C1OC(OC2C(C(=O)OC)OC(OC3C(C(=O)OC)OC(OC4C(C(=O)OC)OC(O)C(O)C4O)C(O)C3O)C(O)C2O)C(O)C(O)C1O,,72941563.0,Drug_Name,0,ok,0,0
tetramethrin,CC(C)=CC1C(C(=O)OCN2C(=O)C3=C(CCCC3)C2=O)C1(C)C,,83975.0,Drug_Name,127,ok,127,0
thiocolchicoside,COc1c(OC2OC(CO)C(O)C(O)C2O)cc2c(c1OC)-c1ccc(SC)c(=O)cc1C(NC(C)=O)CC2,,9915886.0,Drug_Name,3,ok,3,0
thioctic acid,O=C(O)CCCCC1CCSS1,,864.0,Drug_Name,46,ok,46,0
ticlatone,O=c1[nH]sc2cc(Cl)ccc12,,6258.0,Drug_Name,0,ok,0,0
trimegestone,CC(=O)C(O)C1(C)CCC2C3=C(CCC21C)C1=C(CC3)CC(=O)CC1,,68926.0,Drug_Name,1,ok,1,0
etallobarbital,C=CCC1(CC)C(=O)NC(=O)NC1=O,,48542.0,Drug_Name,4,ok,4,0
biphenylol,Oc1ccccc1-c1ccccc1,,7017.0,Drug_Name,156,ok,156,0
dimethylaminopropionylphenothiazine,CC(C(=O)N1c2ccccc2Sc2ccccc21)N(C)C,,113918.0,Drug_Name,0,ok,0,0
dimethylcarbate,COC(=O)C1C2C=CC(C2)C1C(=O)OC,,10921747.0,Drug_Name,1,ok,1,0
dimethylphthalate,COC(=O)c1ccccc1C(=O)OC,,8554.0,Drug_Name,183,ok,183,0
dipiperonylaminoethanol,OCCN(Cc1ccc2c(c1)OCO2)Cc1ccc2c(c1)OCO2,,57465308.0,Drug_Name,0,ok,0,0
ethyl hydroxybenzoate,CCOC(=O)c1ccc(O)cc1,,8434.0,Drug_Name,110,ok,110,0
etohexadiol,CCCC(O)C(CC)CO,,7211.0,Drug_Name,51,ok,51,0
fluoromethylcholine (18F),C[N+](C)(CF)CCO,,,none,0,no_cid,0,0
ridaforolimus,COC1CC2CCC(C)C(O)(O2)C(=O)C(=O)N2CCCCC2C(=O)OC(C(C)CC2CCC(OP(C)(C)=O)C(OC)C2)CC(=O)C(C)=CC(C)C(O)C(OC)C(=O)C(C)CC(C)C=CC=CC=C1C,,11520894.0,Drug_Name,2,ok,2,0
vilanterol,OCc1cc(C(O)CNCCCCCCOCCOCc2c(Cl)cccc2Cl)ccc1O,,10184665.0,Drug_Name,3,ok,3,0
dabrafenib,CC(C)(C)c1nc(-c2cccc(NS(=O)(=O)c3c(F)cccc3F)c2F)c(-c2ccnc(N)n2)s1,,44462760.0,Drug_Name,11,ok,11,0
trametinib,CC(=O)Nc1cccc(-n2c(=O)n(C3CC3)c(=O)c3c(Nc4ccc(I)cc4F)n(C)c(=O)c(C)c32)c1,,11707110.0,Drug_Name,7,ok,7,0
sequifenadine,Cc1ccccc1C(O)(c1ccccc1C)C1CN2CCC1CC2,,42553.0,Drug_Name,0,ok,0,0
seractide,CSCCC(NC(=O)C(CO)NC(=O)C(Cc1ccc(O)cc1)NC(=O)C(N)CO)C(=O)NC(CCC(=O)O)C(=O)NC(Cc1c[nH]cn1)C(=O)NC(Cc1ccccc1)C(=O)NC(CCCN=C(N)N)C(=O)NC(Cc1c[nH]c2ccccc12)C(=O)NCC(=O)NC(CCCCN)C(=O)N1CCCC1C(=O)NC(C(=O)NCC(=O)NC(CCCCN)C(=O)NC(CCCCN)C(=O)NC(CCCNC(=N)N)C(=O)NC(CCCNC(=N)N)C(=O)N1CCCC1C(=O)NC(C(=O)NC(CCCCN)C(=O)NC(C(=O)NC(Cc1ccc(O)cc1)C(=O)N1CCCC1C(=O)NC(CC(=O)O)C(=O)NC(C)C(=O)NCC(=O)NC(CCC(=O)O)C(=O)NC(CC(=O)O)C(=O)NC(CCC(N)=O)C(=O)NC(CO)C(=O)NC(C)C(=O)NC(CCC(=O)O)C(=O)NC(C)C(=O)NC(Cc1ccccc1)C(=O)N1CCCC1C(=O)NC(CC(C)C)C(=O)NC(CCC(=O)O)C(=O)NC(Cc1ccccc1)C(=O)O)C(C)C)C(C)C)C(C)C,,90488848.0,Drug_Name,0,ok,0,0
afamelanotide,CCCCC(NC(=O)C(CO)NC(=O)C(Cc1ccc(O)cc1)NC(=O)C(CO)NC(C)=O)C(=O)NC(CCC(=O)O)C(=O)NC(Cc1c[nH]cn1)C(=O)NC(Cc1ccccc1)C(=O)NC(CCCN=C(N)N)C(=O)NC(Cc1c[nH]c2ccccc12)C(=O)NCC(=O)NC(CCCCN)C(=O)N1CCCC1C(=O)NC(C(N)=O)C(C)C,,16197727.0,Drug_Name,13,ok,13,0
vorapaxar,CCOC(=O)NC1CCC2C(C1)CC1C(=O)OC(C)C1C2C=Cc1ccc(-c2cccc(F)c2)cn1,,10077130.0,Drug_Name,9,ok,9,0
glycobiarsol,[O]=[Bi][O][As](=O)(O)c1ccc(NC(=O)CO)cc1,,76957520.0,Drug_Name,0,ok,0,0
cridanimod,O=C(O)Cn1c2ccccc2c(=O)c2ccccc21,,38072.0,Drug_Name,1,ok,1,0
sodium thiosalicylate,O=C(O)c1ccccc1S,,23690429.0,Drug_Name,0,ok,0,0
estrone sulphate,CC12CCC3c4ccc(OS(=O)(=O)O)cc4CCC3C1CCC2=O,,3001028.0,Drug_Name,0,ok,0,0
corticorelin,CCC(C)C(NC(=O)C(NC(=O)C(CCC(=O)O)NC(=O)C(CCSC)NC(=O)C(CC(C)C)NC(=O)C(CCCCN)NC(=O)C(CCCN=C(N)N)NC(=O)C(CC(N)=O)NC(=O)C(CO)NC(=O)C(Cc1c[nH]cn1)NC(=O)C(C)NC(=O)C(CCC(N)=O)NC(=O)C(CCC(N)=O)NC(=O)C(C)NC(=O)C(CC(C)C)NC(=O)C(CCC(N)=O)NC(=O)C(CCC(=O)O)NC(=O)C(C)NC(=O)C(CCCNC(=N)N)NC(=O)C(C)NC(=O)C(CCSC)NC(=O)C(CCC(=O)O)NC(=O)C(CC(C)C)NC(=O)C(NC(=O)C(CCC(=O)O)NC(=O)C(CCCNC(=N)N)NC(=O)C(CC(C)C)NC(=O)C(CC(C)C)NC(=O)C(Cc1c[nH]cn1)NC(=O)C(Cc1ccccc1)NC(=O)C(NC(=O)C(CC(C)C)NC(=O)C(CC(=O)O)NC(=O)C(CC(C)C)NC(=O)C(CO)NC(=O)C(NC(=O)C1CCCN1C(=O)C1CCCN1C(=O)C(CCC(=O)O)NC(=O)C(CCC(=O)O)NC(=O)C(N)CO)C(C)CC)C(C)O)C(C)C)C(C)CC)C(N)=O,,16186200.0,Drug_Name,0,ok,0,0
mebicar,CN1C(=O)N(C)C2C1N(C)C(=O)N2C,,122282.0,Drug_Name,1,ok,1,0
nicotinyl methylamide,CNC(=O)c1cccnc1,,64950.0,Drug_Name,1,ok,1,0
phenibut,NCC(CC(=O)O)c1ccccc1,,14113.0,Drug_Name,1,ok,1,0
tofogliflozin,CCc1ccc(Cc2ccc3c(c2)C2(OC3)OC(CO)C(O)C(O)C2O)cc1,,46908929.0,Drug_Name,0,ok,0,0
tipiracil,N=C1CCCN1Cc1[nH]c(=O)[nH]c(=O)c1Cl,,6323266.0,Drug_Name,0,ok,0,0
iguratimod,CS(=O)(=O)Nc1cc2occ(NC=O)c(=O)c2cc1Oc1ccccc1,,124246.0,Drug_Name,1,ok,1,0
teneligliptin,Cc1cc(N2CCN(C3CNC(C(=O)N4CCSC4)C3)CC2)n(-c2ccccc2)n1,,11949652.0,Drug_Name,0,ok,0,0
anagliptin,Cc1cc2ncc(C(=O)NCC(C)(C)NCC(=O)N3CCCC3C#N)cn2n1,,44513473.0,Drug_Name,0,ok,0,0
edoxaban,CN1CCc2nc(C(=O)NC3CC(C(=O)N(C)C)CCC3NC(=O)C(=O)Nc3ccc(Cl)cn3)sc2C1,,10280735.0,Drug_Name,115,ok,115,0
fimasartan,CCCCc1nc(C)c(CC(=S)N(C)C)c(=O)n1Cc1ccc(-c2ccccc2-c2nn[nH]n2)cc1,,9870652.0,Drug_Name,0,ok,0,0
olaparib,O=C(c1cc(Cc2n[nH]c(=O)c3ccccc23)ccc1F)N1CCN(C(=O)C2CC2)CC1,,23725625.0,Drug_Name,11,ok,11,0
paritaprevir,Cc1cnc(C(=O)NC2CCCCCC=CC3CC3(C(=O)NS(=O)(=O)C3CC3)NC(=O)C3CC(Oc4nc5ccccc5c5ccccc45)CN3C2=O)cn1,,45110509.0,Drug_Name,0,ok,0,0
dasabuvir,COc1c(-c2ccc3cc(NS(C)(=O)=O)ccc3c2)cc(-n2ccc(=O)[nH]c2=O)cc1C(C)(C)C,,56640146.0,Drug_Name,0,ok,0,0
brilliant Blue G,CCOc1ccc(Nc2ccc(C(=C3C=CC(=[N+](CC)Cc4cccc(S(=O)(=O)[O-])c4)C=C3C)c3ccc(N(CC)Cc4cccc(S(=O)(=O)[O-])c4)cc3C)cc2)cc1,,61363.0,Drug_Name,3,ok,3,0
lemborexant,Cc1ncc(OCC2(c3cccc(F)c3)CC2C(=O)Nc2ccc(F)cn2)c(C)n1,,56944144.0,Drug_Name,14,ok,14,0
alectinib,CCc1cc2c(cc1N1CCC(N3CCOCC3)CC1)C(C)(C)c1[nH]c3cc(C#N)ccc3c1C2=O,,49806720.0,Drug_Name,12,ok,12,0
ripasudil,CC1CNCCCN1S(=O)(=O)c1cccc2cncc(F)c12,,9863672.0,Drug_Name,0,ok,0,0
vaniprevir,CCC1CC1(NC(=O)C1C2CCN1C(=O)C(C(C)(C)C)NC(=O)OCC(C)(C)CCCCc1cccc3c1CN(C3)C(=O)O2)C(=O)NS(=O)(=O)C1CC1,,24765256.0,Drug_Name,1,ok,1,0
vonoprazan,CNCc1cc(-c2ccccc2F)n(S(=O)(=O)c2cccnc2)c1,,15981397.0,Drug_Name,0,ok,0,0
mirodenafil,CCCOc1ccc(S(=O)(=O)N2CCN(CCO)CC2)cc1C1=NC(=O)C2C(N1)C(CCC)=CN2CC,,135497803.0,Drug_Name,0,ok,0,0
ozenoxacin,CNc1ncc(-c2ccc3c(=O)c(C(=O)O)cn(C4CC4)c3c2C)cc1C,,9863827.0,Drug_Name,0,ok,0,0
lusutrombopag,CCCCCCOC(C)c1cccc(-c2csc(NC(=O)c3cc(Cl)c(C=C(C)C(=O)O)c(Cl)c3)n2)c1OC,,49843517.0,Drug_Name,2,ok,2,0
osimertinib,C=CC(=O)Nc1cc(Nc2nccc(-c3cn(C)c4ccccc34)n2)c(OC)cc1N(C)CCN(C)C,,71496458.0,Drug_Name,8,ok,8,0
lobeglitazone,COc1ccc(Oc2cc(N(C)CCOc3ccc(Cc4sc(=O)[nH]c4O)cc3)ncn2)cc1,,9826451.0,Drug_Name,0,ok,0,0
nemonoxacin,COc1c(N2CC(C)CC(N)C2)ccc2c(=O)c(C(=O)O)cn(C3CC3)c12,,11993740.0,Drug_Name,0,ok,0,0
arterolane,CC(C)(N)NC(=O)CC1CCC2(CC1)OOC1(O2)C2CC3CC(C2)CC1C3,,10475633.0,Drug_Name,0,ok,0,0
hydracarbazine,NNc1ccc(C(N)=O)nn1,,71653.0,Drug_Name,0,ok,0,0
cytisine,O=c1cccc2n1CC1CNCC2C1,,10235.0,Drug_Name,112,ok,112,0
plecanatide,CC(C)CC(NC(=O)C1CSSCC2NC(=O)C(CC(C)C)NC(=O)C(CCC(=O)O)NC(=O)C(NC(=O)C(CCC(=O)O)NC(=O)C(CC(=O)O)NC(=O)C(N)CC(N)=O)CSSCC(NC(=O)C(C)NC(=O)C(C(C)C)NC(=O)C(CC(N)=O)NC(=O)C(C(C)C)NC2=O)C(=O)NC(C(C)O)C(=O)NCC(=O)N1)C(=O)O,,70693500.0,Drug_Name,72,ok,72,0
niraparib,NC(=O)c1cccc2cn(-c3ccc(C4CCCNC4)cc3)nc12,,24958200.0,Drug_Name,9,ok,9,0
abaloparatide,CCC(C)C(NC(=O)C(CO)NC(=O)C(CCCCN)NC(=O)CNC(=O)C(CCCCN)NC(=O)C(CC(=O)O)NC(=O)C(Cc1c[nH]cn1)NC(=O)C(CC(C)C)NC(=O)C(CC(C)C)NC(=O)C(CCC(N)=O)NC(=O)C(Cc1c[nH]cn1)NC(=O)C(CCC(=O)O)NC(=O)C(CO)NC(=O)C(NC(=O)C(C)N)C(C)C)C(=O)NC(CCC(N)=O)C(=O)NC(CC(=O)O)C(=O)NC(CC(C)C)C(=O)NC(CCCN=C(N)N)C(=O)NC(CCCNC(=N)N)C(=O)NC(CCCNC(=N)N)C(=O)NC(CCC(=O)O)C(=O)NC(CC(C)C)C(=O)NC(CC(C)C)C(=O)NC(CCC(=O)O)C(=O)NC(CCCCN)C(=O)NC(CC(C)C)C(=O)NC(CC(C)C)C(=O)NC(C)(C)C(=O)NC(CCCCN)C(=O)NC(CC(C)C)C(=O)NC(Cc1c[nH]cn1)C(=O)NC(C(=O)NC(C)C(N)=O)C(C)O,,76943386.0,Drug_Name,17,ok,17,0
brigatinib,COc1cc(N2CCC(N3CCN(C)CC3)CC2)ccc1Nc1ncc(Cl)c(Nc2ccccc2P(C)(C)=O)n1,,68165256.0,Drug_Name,13,ok,13,0
voxilaprevir,CCC1C2CN(C(=O)C(C(C)(C)C)NC(=O)OC3CC3CCCCC(F)(F)c3nc4ccc(OC)cc4nc3O2)C1C(=O)NC1(C(=O)NS(=O)(=O)C2(C)CC2)CC1C(F)F,,89921642.0,Drug_Name,0,ok,0,0
glecaprevir,CC(C)(C)C1NC(=O)OC2CCCC2OCC=CC(F)(F)c2nc3ccccc3nc2OC2CC(C(=O)NC3(C(=O)NS(=O)(=O)C4(C)CC4)CC3C(F)F)N(C2)C1=O,,66828839.0,Drug_Name,0,ok,0,0
butylphthalide,CCCCC1OC(=O)c2ccccc21,,61361.0,Drug_Name,3,ok,3,0
abemaciclib,CCN1CCN(Cc2ccc(Nc3ncc(F)c(-c4cc(F)c5nc(C)n(C(C)C)c5c4)n3)nc2)CC1,,46220502.0,Drug_Name,16,ok,16,0
semaglutide,CCC(C)C(NC(=O)C(Cc1ccccc1)NC(=O)C(CCC(=O)O)NC(=O)C(CCCCNC(=O)COCCOCCNC(=O)COCCOCCNC(=O)C(CCC(=O)O)NC(=O)CCCCCCCCCCCCCCCCC(=O)O)NC(=O)C(C)NC(=O)C(C)NC(=O)C(CCC(N)=O)NC(=O)CNC(=O)C(CCC(=O)O)NC(=O)C(CC(C)C)NC(=O)C(Cc1ccc(O)cc1)NC(=O)C(CO)NC(=O)C(CO)NC(=O)C(NC(=O)C(CC(=O)O)NC(=O)C(CO)NC(=O)C(NC(=O)C(Cc1ccccc1)NC(=O)C(NC(=O)CNC(=O)C(CCC(=O)O)NC(=O)C(C)(C)NC(=O)C(N)Cc1c[nH]cn1)C(C)O)C(C)O)C(C)C)C(=O)NC(C)C(=O)NC(Cc1c[nH]c2ccccc12)C(=O)NC(CC(C)C)C(=O)NC(C(=O)NC(CCCN=C(N)N)C(=O)NCC(=O)NC(CCCNC(=N)N)C(=O)NCC(=O)O)C(C)C,,56843331.0,Drug_Name,59,ok,59,0
elexacaftor,Cc1nn(C)cc1S(=O)(=O)NC(=O)c1ccc(-n2ccc(OCC(C)(C)C(F)(F)F)n2)nc1N1CC(C)CC1(C)C,,134587348.0,Drug_Name,1,ok,1,0
oliceridine,COc1ccsc1CNCCC1(c2ccccn2)CCOC2(CCCC2)C1,,66553195.0,Drug_Name,4,ok,4,0
lonafarnib,NC(=O)N1CCC(CC(=O)N2CCC(C3c4ncc(Br)cc4CCc4cc(Cl)cc(Br)c43)CC2)CC1,,148195.0,Drug_Name,9,ok,9,0
setmelanotide,CC(=O)NC(CCCN=C(N)N)C(=O)NC1CSSCC(C(N)=O)NC(=O)C(Cc2c[nH]c3ccccc23)NC(=O)C(CCCN=C(N)N)NC(=O)C(Cc2ccccc2)NC(=O)C(Cc2c[nH]cn2)NC(=O)C(C)NC1=O,,11993702.0,Drug_Name,23,ok,23,0
dotinurad,O=C(c1cc(Cl)c(O)c(Cl)c1)N1CS(=O)(=O)c2ccccc21,,51349053.0,Drug_Name,0,ok,0,0
delgocitinib,CC1CN(C(=O)CC#N)C12CCN(c1ncnc3[nH]ccc13)C2,,50914062.0,Drug_Name,1,ok,1,0
tirbanibulin,O=C(Cc1ccc(-c2ccc(OCCN3CCOCC3)cc2)cn1)NCc1ccccc1,,23635314.0,Drug_Name,0,ok,0,0
cabotegravir,CC1COC2Cn3cc(C(=O)NCc4ccc(F)cc4F)c(=O)c(O)c3C(=O)N12,,54713659.0,Drug_Name,20,ok,20,0
umbralisib,CC(C)Oc1ccc(-c2nn(C(C)c3oc4ccc(F)cc4c(=O)c3-c3cccc(F)c3)c3ncnc(N)c23)cc1F,,72950888.0,Drug_Name,3,ok,3,0
trilaciclib,CN1CCN(c2ccc(Nc3ncc4cc5n(c4n3)C3(CCCCC3)CNC5=O)nc2)CC1,,68029831.0,Drug_Name,4,ok,4,0
fosdenopterin,Nc1nc(=O)c2c([nH]1)NC1OC3COP(=O)(O)OC3C(O)(O)C1N2,,135463437.0,Drug_Name,0,ok,0,0
melphalan flufenamide,CCOC(=O)C(Cc1ccc(F)cc1)NC(=O)C(N)Cc1ccc(N(CCCl)CCCl)cc1,,9935639.0,Drug_Name,0,ok,0,0
ponesimod,CCCN=C1SC(=Cc2ccc(OCC(O)CO)c(Cl)c2)C(=O)N1c1ccccc1C,,11363176.0,Drug_Name,0,ok,0,0
dasiglucagon,CC(C)CC(NC(=O)C(Cc1c[nH]c2ccccc12)NC(=O)C(CCCCN)NC(=O)C(NC(=O)C(Cc1ccccc1)NC(=O)C(CCC(=O)O)NC(=O)C(CCC(=O)O)NC(=O)C(C)NC(=O)C(CCCN=C(N)N)NC(=O)C(C)NC(=O)C(C)(C)NC(=O)C(CC(=O)O)NC(=O)C(CC(C)C)NC(=O)C(Cc1ccc(O)cc1)NC(=O)C(CCCCN)NC(=O)C(CO)NC(=O)C(Cc1ccc(O)cc1)NC(=O)C(CC(=O)O)NC(=O)C(CO)NC(=O)C(NC(=O)C(Cc1ccccc1)NC(=O)C(NC(=O)CNC(=O)C(CCC(N)=O)NC(=O)C(CO)NC(=O)C(N)Cc1c[nH]cn1)C(C)O)C(C)O)C(C)C)C(=O)NC(CCC(=O)O)C(=O)NC(CO)C(=O)NC(C(=O)O)C(C)O,,126961379.0,Drug_Name,0,ok,0,0
serdexmethylphenidate,COC(=O)C(c1ccccc1)C1CCCCN1C(=O)OC[n+]1cccc(C(=O)NC(CO)C(=O)[O-])c1,,134823895.0,Drug_Name,0,ok,0,0
estetrol,CC12CCC3c4ccc(O)cc4CCC3C1C(O)C(O)C2O,,27125.0,Drug_Name,2,ok,2,0
piflufolastat F-18,O=C(O)CCC(NC(=O)NC(CCCCNC(=O)c1ccc(F)nc1)C(=O)O)C(=O)O,,52950901.0,Drug_Name,2,ok,2,0
infigratinib,CCN1CCN(c2ccc(Nc3cc(N(C)C(=O)Nc4c(Cl)c(OC)cc(OC)c4Cl)ncn3)cc2)CC1,,53235510.0,Drug_Name,7,ok,7,0
samidorphan,NC(=O)c1ccc2c(c1O)C13CCN(CC4CC4)C(C2)C1(O)CCC(=O)C3,,11667832.0,Drug_Name,0,ok,0,0
Cefotetan,COC1(NC(O)=c2sc(=C(C(N)=O)C(=O)O)s2)C(=O)N2C(C(=O)O)=C(CSc3nnnn3C)CSC21,53025.0,53025.0,PubChem_ID,0,ok,0,0
Colistimethate,CCC(C)CCCCC(=O)NC(CCNCS(=O)(=O)[O-])C(=O)NC(C(=O)NC(CCNCS(=O)(=O)[O-])C(=O)NC1CCNC(=O)C(C(C)O)NC(=O)C(CCNCS(=O)(=O)[O-])NC(=O)C(CCNCS(=O)(=O)[O-])NC(=O)C(CC(C)C)NC(=O)C(CC(C)C)NC(=O)C(CCNCS(=O)(=O)[O-])NC1=O)C(C)O,216258.0,216258.0,PubChem_ID,0,ok,0,0
Cortisone,CC(=O)OCC(=O)C1(O)CCC2C3CC=C4CC(=O)CCC4(C)C3C(=O)CC21C,5745.0,5745.0,PubChem_ID,6,ok,6,0
Cyanide,[C-]#N,5975.0,5975.0,PubChem_ID,98,ok,98,0
Cyclopropylfentanyl,O=C(C1CC1)N(c1ccccc1)C1CCN(CCc2ccccc2)CC1,137332271.0,137332271.0,PubChem_ID,0,ok,0,0
Dabrafenib,CC(C)(C)c1nc(-c2cccc(NS(=O)(=O)c3c(F)cccc3F)c2F)c(-c2ccnc(N)n2)s1,44462760.0,44462760.0,PubChem_ID,11,ok,11,0
Dipyrone,Cc1c(N(C)CS(=O)(=O)[O-])c(=O)n(-c2ccccc2)n1C,522325.0,522325.0,PubChem_ID,7,ok,7,0
Dobutamine,CC(CCc1ccc(O)cc1)NCCc1ccc(O)c(O)c1,36811.0,36811.0,PubChem_ID,25,ok,25,0
Dolasetron,O=C(OC1CC2CC3CC(C1)N2CC3=O)c1c[nH]c2ccccc12,60654.0,60654.0,PubChem_ID,0,ok,0,0
Dolutegravir,CC1CCOC2Cn3cc(C(=O)NCc4ccc(F)cc4F)c(=O)c([O-])c3C(=O)N12,46216142.0,46216142.0,PubChem_ID,3,ok,3,0
Donepezil,COc1cc2c(cc1OC)C(=O)C(CC1CCN(Cc3ccccc3)CC1)C2,3152.0,3152.0,PubChem_ID,270,ok,270,0
Doxycycline,CC1c2cccc(O)c2C(=O)C2C(=O)C3(O)C(=O)C(C(N)=O)C(=O)C(N(C)C)C3C(O)C21,54671203.0,54671203.0,PubChem_ID,0,ok,0,0
Dronabinol,CCCCCc1cc(O)c2c(c1)OC(C)(C)C1CCC(C)=CC21,16078.0,16078.0,PubChem_ID,281,ok,281,0
Eptifibatide,N=C(N)NCCCCC1NC(=O)CCSSCC(C(N)=O)NC(=O)C2CCCN2C(=O)C(Cc2c[nH]c3ccccc23)NC(=O)C(CC(=O)O)NC(=O)CNC1=O,448812.0,448812.0,PubChem_ID,153,ok,153,0
Flucloxacillin,Cc1onc(-c2c(F)cccc2Cl)c1C(=O)NC1C(=O)N2C1SC(C)(C)C2C(=O)O,21319.0,21319.0,PubChem_ID,2,ok,2,0
Flumazenil,CCOC(=O)c1ncn2c1CN(C)C(=O)c1cc(F)ccc1-2,3373.0,3373.0,PubChem_ID,45,ok,45,0
Gilteritinib,CCc1nc(C(N)=O)c(Nc2ccc(N3CCC(N4CCN(C)CC4)CC3)c(OC)c2)nc1NC1CCOCC1,49803313.0,49803313.0,PubChem_ID,6,ok,6,0
Glasdegib,CN1CCC(NC(=O)Nc2ccc(C#N)cc2)CC1c1nc2ccccc2[nH]1,25166913.0,25166913.0,PubChem_ID,6,ok,6,0
Gonadorelin,CC(C)CC(NC(=O)CNC(=O)C(Cc1ccc(O)cc1)NC(=O)C(CO)NC(=O)C(Cc1c[nH]c2ccccc12)NC(=O)C(Cc1c[nH]cn1)NC(=O)C1CCC(=O)N1)C(=O)NC(CCCN=C(N)N)C(=O)N1CCCC1C(=O)NCC(N)=O,638793.0,638793.0,PubChem_ID,1,ok,1,0
Icodextrin,N=C(N)NN=Cc1c(Cl)cccc1Cl,3517.0,3517.0,PubChem_ID,0,ok,0,0
Iohexol,CC(=O)N(CC(O)CO)c1c(I)c(C(=O)NCC(O)CO)c(I)c(C(=O)NCC(O)CO)c1I,3730.0,3730.0,PubChem_ID,1,ok,1,0
Irbesartan,CCCCC1=NC2(CCCC2)C(=O)N1Cc1ccc(-c2ccccc2-c2nn[nH]n2)cc1,3749.0,3749.0,PubChem_ID,86,ok,86,0
Isoprenaline,CC(C)NCC(O)c1ccc(O)c(O)c1,3779.0,3779.0,PubChem_ID,52,ok,52,0
Isosulfan blue,CCN(CC)c1ccc(C(=C2C=CC(=[N+](CC)CC)C=C2)c2cc(S(=O)(=O)[O-])ccc2S(=O)(=O)[O-])cc1,50108.0,50108.0,PubChem_ID,49,ok,49,0
Lovastatin,CCC(C)C(=O)OC1CC(C)C=C2C=CC(C)C(CCC3CC(O)CC(=O)O3)C21,53232.0,53232.0,PubChem_ID,193,ok,193,0
Mirabegron,Nc1nc(CC(=O)Nc2ccc(CCNCC(O)c3ccccc3)cc2)cs1,9865528.0,9865528.0,PubChem_ID,28,ok,28,0
Niacin,O=C(O)c1cccnc1,938.0,938.0,PubChem_ID,414,ok,414,0
Pancrelipase,O=C([O-])C1C2CCC(O2)C1C(=O)[O-],8519.0,8519.0,PubChem_ID,0,ok,0,0
Permethrin,CC1(C)C(C=C(Cl)Cl)C1C(=O)OCc1cccc(Oc2ccccc2)c1,40326.0,40326.0,PubChem_ID,347,ok,347,0
Phenacetin,CCOc1ccc(NC(C)=O)cc1,4754.0,4754.0,PubChem_ID,122,ok,122,0
Sodium oxybate,O=C([O-])CCCO,23663870.0,23663870.0,PubChem_ID,49,ok,49,0
Sulfacetamide,CC(=O)NS(=O)(=O)c1ccc(N)cc1,5320.0,5320.0,PubChem_ID,4,ok,4,0
Sulfadiazine,Nc1ccc(S(=O)(=O)Nc2ncccn2)cc1,5215.0,5215.0,PubChem_ID,16,ok,16,0
Sulfanilamide,Nc1ccc(S(N)(=O)=O)cc1,5333.0,5333.0,PubChem_ID,41,ok,41,0
Sulfoxone,O=S(O)CNc1ccc(S(=O)(=O)c2ccc(NCS(=O)O)cc2)cc1,5351.0,5351.0,PubChem_ID,0,ok,0,0
Sulthiame,NS(=O)(=O)c1ccc(N2CCCCS2(=O)=O)cc1,5356.0,5356.0,PubChem_ID,1,ok,1,0
Sumatriptan,CNS(=O)(=O)Cc1ccc2[nH]cc(CCN(C)C)c2c1,5358.0,5358.0,PubChem_ID,0,ok,0,0
Synephrine,CNCC(O)c1ccc(O)cc1,7172.0,7172.0,PubChem_ID,0,ok,0,0
Tafenoquine,COc1cc(C)c2c(Oc3cccc(C(F)(F)F)c3)c(OC)cc(NC(C)CCCN)c2n1,115358.0,115358.0,PubChem_ID,9,ok,9,0
Telithromycin,CCC1OC(=O)C(C)C(=O)C(C)C(OC2OC(C)CC(N(C)C)C2O)C(C)(OC)CC(C)C(=O)C(C)C2N(CCCCn3cnc(-c4cccnc4)c3)C(=O)OC12C,3002190.0,3002190.0,PubChem_ID,0,ok,0,0
Telmisartan,CCCc1nc2c(C)cc(-c3nc4ccccc4n3C)cc2n1Cc1ccc(-c2ccccc2C(=O)O)cc1,65999.0,65999.0,PubChem_ID,94,ok,94,0
Terbutaline,CC(C)(C)NCC(O)c1cc(O)cc(O)c1,5403.0,5403.0,PubChem_ID,3,ok,3,0
Testolone,Cc1c(NC(c2nnc(-c3ccc(C#N)cc3)o2)C(C)O)ccc(C#N)c1Cl,44200882.0,44200882.0,PubChem_ID,0,ok,0,0
Theophylline,Cn1c(=O)c2[nH]cnc2n(C)c1=O,2153.0,2153.0,PubChem_ID,205,ok,205,0
Thiamphenicol,CS(=O)(=O)c1ccc(C(O)C(CO)NC(=O)C(Cl)Cl)cc1,27200.0,27200.0,PubChem_ID,0,ok,0,0
Thiocolchicoside,COc1c(OC2OC(CO)C(O)C(O)C2O)cc2c(c1OC)-c1ccc(SC)c(=O)cc1C(NC(C)=O)CC2,9915886.0,9915886.0,PubChem_ID,3,ok,3,0
Tianeptine,CN1c2ccccc2C(NCCCCCCC(=O)O)c2ccc(Cl)cc2S1(=O)=O,68870.0,68870.0,PubChem_ID,1,ok,1,0
Ticagrelor,CCCSc1nc(NC2CC2c2ccc(F)c(F)c2)c2nnn(C3CC(OCCO)C(O)C3O)c2n1,9871419.0,9871419.0,PubChem_ID,134,ok,134,0
4-oxo-3-(3-oxo-1-phenylbutyl)chromen-2-olate,CC(=O)CC(c1ccccc1)c1c([O-])oc2ccccc2c1=O,23690541.0,23690541.0,PubChem_ID,0,ok,0,0
ibrexafungerp,CC(C)C(C)C1(C)CCC2(C)C3CCC4C5(COCC4(C)C(OCC(C)(N)C(C)(C)C)C(n4ncnc4-c4ccncc4)C5)C3=CCC2(C)C1C(=O)O,,46871657.0,Drug_Name,5,ok,5,0
levobetaxolol,CC(C)NCC(O)COc1ccc(CCOCC2CC2)cc1,,60657.0,Drug_Name,0,ok,0,0
binimetinib,Cn1cnc2c(F)c(Nc3ccc(Br)cc3F)c(C(=O)NOCCO)cc21,,10288191.0,Drug_Name,0,ok,0,0
cathine,CC(N)C(O)c1ccccc1,,441457.0,Drug_Name,2,ok,2,0
mechlorethamine,CN(CCCl)CCCl,,4033.0,Drug_Name,113,ok,113,0
tiopronin,CC(S)C(=O)NCC(=O)O,,5483.0,Drug_Name,1,ok,1,0
medetomidine,Cc1cccc(C(C)c2c[nH]cn2)c1C,,68602.0,Drug_Name,14,ok,14,0
dexibuprofen,CC(C)Cc1ccc(C(C)C(=O)O)cc1,,39912.0,Drug_Name,2,ok,2,0
levisoprenaline,CC(C)NCC(O)c1ccc(O)c(O)c1,,443372.0,Drug_Name (fallback),8,ok,8,0
lidocaine,CCN(CC)CC(=O)Nc1c(C)cccc1C,,3676.0,Drug_Name,269,ok,269,0
pamidronic acid,NCCC(O)(P(=O)(O)O)P(=O)(O)O,,4674.0,Drug_Name,42,ok,42,0
dexketoprofen,CC(C(=O)O)c1cccc(C(=O)c2ccccc2)c1,,667550.0,Drug_Name,0,ok,0,0
vidarabine,Nc1ncnc2c1ncn2C1OC(CO)C(O)C1O,,21704.0,Drug_Name,0,ok,0,0
pentoxifylline,CC(=O)CCCCn1c(=O)c2c(ncn2C)n(C)c1=O,,,none,0,no_cid,0,0
levdobutamine,CC(CCc1ccc(O)cc1)NCCc1ccc(O)c(O)c1,,688441.0,Drug_Name (fallback),0,ok,0,0
quinidine,C=CC1CN2CCC1CC2C(O)c1ccnc2ccc(OC)cc12,,,none,0,no_cid,0,0
dilevalol,CC(CCc1ccccc1)NCC(O)c1ccc(O)c(C(N)=O)c1,,,none,0,no_cid,0,0
mitomycin,C=c1c(N)c(O)c2c(c1O)N1CC3NC3C1(OC)C=2COC(N)=O,,,none,0,no_cid,0,0
dinoprost,CCCCCC(O)C=CC1C(O)CC(O)C1CC=CCCCC(=O)O,,5280363.0,Drug_Name (fallback),48,ok,48,0
alprostadil,CCCCCC(O)C=CC1C(O)CC(=O)C1CCCCCCC(=O)O,,,none,0,no_cid,0,0
levamlodipine,CCOC(=O)C1=C(COCCN)N=C(C)C(C(=O)OC)C1c1ccccc1Cl,,,none,0,no_cid,0,0
(S)-nicardipine,COC(=O)C1=C(C)N=C(C)C(C(=O)OCCN(C)Cc2ccccc2)C1c1cccc([N+](=O)[O-])c1,,,none,0,no_cid,0,0
fusidic acid,CC(=O)OC1CC2(C)C(CC(O)C3C4(C)CCC(O)C(C)C4CCC32C)C1=C(CCC=C(C)C)C(=O)O,,,none,0,no_cid,0,0
piperacillin,CCN1CCN(C(=O)NC(C(=O)NC2C(=O)N3C2SC(C)(C)C3C(=O)O)c2ccccc2)C(=O)C1=O,,,none,0,no_cid,0,0
tacrolimus,C=CCC1=CC(C)CC(C)CC(OC)C2OC(O)(C(=O)C(=O)N3CCCCC3C(=O)OC(C(C)=CC3CCC(O)C(OC)C3)C(C)C(O)CC1=O)C(C)CC2OC,,,none,0,no_cid,0,0
ceftaroline fosamil,CCON=C(C(=O)NC1C(=O)N2C(C(=O)[O-])=C(Sc3nc(-c4cc[n+](C)cc4)cs3)CSC12)c1nsc(NP(=O)(O)O)n1,,,none,0,no_cid,0,0
zucapsaicin,COc1cc(CNC(=O)CCCCC=CC(C)C)ccc1O,,,none,0,no_cid,0,0
levomethadone,CCC(=O)C(CC(C)N(C)C)(c1ccccc1)c1ccccc1,,,none,0,no_cid,0,0
levmetamfetamine,CNC(C)Cc1ccccc1,,,none,0,no_cid,0,0
esflurbiprofen,CC(C(=O)O)c1ccc(-c2ccccc2)c(F)c1,,,none,0,no_cid,0,0
