Drug_Name,Pattern,PubChem_ID,DrugBank_ID,KEGG_ID,SMILES,Label_ILD,Label_Edema,Label_Pleural,Label_Embolism
Abacavir,"I.a
                
I - Interstitial/parenchymal lung disease

                    I.a - Pneumonitis (ILD), acute and/or severe (may cause ARDS)                


                  I.f
                
I - Interstitial/parenchymal lung disease

                    I.f - Acute fibrinous organizing pneumonia (AFOP)                


                  II.a
                
II - Pulmonary edema - Acute lung injury - ARDS

                    II.a - Pulmonary edema, noncardiogenic (NCPE)                


                  II.b
                
II - Pulmonary edema - Acute lung injury - ARDS

                    II.b - ARDS - Acute lung injury                


                  IV.d
                
IV - Airway involvement

                    IV.d - Cough (lone)                


                  X.a
                
X - Systemic/Distant conditions, syndromes and reactions

                    X.a - DRES syndrome - DRESS-like reaction                


                  X.f
                
X - Systemic/Distant conditions, syndromes and reactions

                    X.f - Anaphylaxis-Anaphylactoid reaction (can be fatal)                


                  XV.d
                
XV - Pathology

                    XV.d - Path: Acute fibrinous organizing pneumonia (AFOP-pattern) (see also If)",441300,DB01048,D07057,Nc1nc(NC2CC2)c2ncn(C3C=CC(CO)C3)c2n1,1,1,0,0
Abemaciclib,"I.a
                
I - Interstitial/parenchymal lung disease

                    I.a - Pneumonitis (ILD), acute and/or severe (may cause ARDS)                


                  I.b
                
I - Interstitial/parenchymal lung disease

                    I.b - Pneumonitis (ILD)                


                  I.c
                
I - Interstitial/parenchymal lung disease

                    I.c - Eosinophilic pneumonia (pulmonary infiltrates and eosinophilia)                


                  II.b
                
II - Pulmonary edema - Acute lung injury - ARDS

                    II.b - ARDS - Acute lung injury                


                  XV.a
                
XV - Pathology

                    XV.a - Path: NSIP-cellular pattern (see also Ia, Ib)",46220502,DB12001,D10688,CCN1CCN(Cc2ccc(Nc3ncc(F)c(-c4cc(F)c5nc(C)n(C(C)C)c5c4)n3)nc2)CC1,1,1,0,0
Abiraterone,"I.a
                
I - Interstitial/parenchymal lung disease

                    I.a - Pneumonitis (ILD), acute and/or severe (may cause ARDS)                


                  I.b
                
I - Interstitial/parenchymal lung disease

                    I.b - Pneumonitis (ILD)                


                  II.d
                
II - Pulmonary edema - Acute lung injury - ARDS

                    II.d - Pulmonary edema, cardiogenic                


                  X.r
                
X - Systemic/Distant conditions, syndromes and reactions

                    X.r - Fluid retention                


                  XII.a
                
XII - Cardiovascular involvement / toxicity

                    XII.a - Left or biventricular dysfunction/failure                


                  XII.ai
                
XII - Cardiovascular involvement / toxicity

                    XII.ai - Cardiotoxicity",132971,DB05812,Not Available,CC12CCC(O)CC1=CCC1C2CCC2(C)C(c3cccnc3)=CCC12,1,1,0,0
Acebutolol,"I.b
                
I - Interstitial/parenchymal lung disease

                    I.b - Pneumonitis (ILD)                


                  I.d
                
I - Interstitial/parenchymal lung disease

                    I.d - Organizing pneumonia pattern (an area or areas of consolidation on imaging)                


                  IV.a
                
IV - Airway involvement

                    IV.a - Bronchospasm - Wheezing - Asthma                


                  IV.f
                
IV - Airway involvement

                    IV.f - Severe or catastrophic bronchospasm or asthma attack (can be fatal)                


                  V.a
                
V - Pleural and/or pericardial involvement

                    V.a - Pleural effusion (uni- or bilateral) (can accompany DI-LDs)                


                  V.c
                
V - Pleural and/or pericardial involvement

                    V.c - Pleural thickening - Fibrothorax                


                  V.d
                
V - Pleural and/or pericardial involvement

                    V.d - Pleural/pericardial effusion, ANA positive (DI lupus)                


                  X.y
                
X - Systemic/Distant conditions, syndromes and reactions

                    X.y - Subclinical ANA positivity",1978,DB01193,D02338,CCCC(=O)Nc1ccc(OCC(O)CNC(C)C)c(C(C)=O)c1,1,0,1,0
Acenocoumarol,"V.e
                
V - Pleural and/or pericardial involvement

                    V.e - Hemothorax - Serosanguineous pleural effusion                


                  VII.g
                
VII - Mediastinal involvement

                    VII.g - Hemomediastinum - Mediastinal hematoma                


                  VIII.b
                
VIII - Central-large-upper airway (incl. pharyngeal-nasal) involvement

                    VIII.b - Hematoma of/around central airway wall potentially causing UAO",54676537,DB01418,D07064,CC(=O)CC(c1ccc([N+](=O)[O-])cc1)c1c(O)c2ccccc2oc1=O,0,0,1,0
Acetazolamide,"II.a
                
II - Pulmonary edema - Acute lung injury - ARDS

                    II.a - Pulmonary edema, noncardiogenic (NCPE)                


                  IX.a
                
IX - Neuromuscular / CNS involvement - Disordered breathing (during sleep)

                    IX.a - Diaphragm/inspiratory muscle weakness/paralysis (w/wo ARF)                


                  X.f
                
X - Systemic/Distant conditions, syndromes and reactions

                    X.f - Anaphylaxis-Anaphylactoid reaction (can be fatal)                


                  XI.d
                
XI - Miscellaneous

                    XI.d - Metabolic acidosis (incl. lactic acidosis/-gap). May cause hyperpnea/dyspnea                


                  XII.n
                
XII - Cardiovascular involvement / toxicity

                    XII.n - Cardiovascular collapse - Cardiogenic shock - Hypotension                


                  XXI.a
                
XXI - Rechallenge data

                    XXI.a - Rechallenge can lead to near-fatal or fatal relapse of AE/ILD                


                  XXI.b
                
XXI - Rechallenge data

                    XXI.b - Rechallenge can lead to relapse of AE/ILD",1986,DB00819,D00218,CC(=O)Nc1nnc(S(N)(=O)=O)s1,0,1,0,0
Acetylfentanyl,"II.a
                
II - Pulmonary edema - Acute lung injury - ARDS

                    II.a - Pulmonary edema, noncardiogenic (NCPE)                


                  IX.d
                
IX - Neuromuscular / CNS involvement - Disordered breathing (during sleep)

                    IX.d - Respiratory failure from ventilatory depression (due to neuromuscular blockade/paralysis)                


                  XI.r
                
XI - Miscellaneous

                    XI.r - Death following exposure or poisoning",527015,NOT_FOUND,NOT_FOUND,CC(=O)N(c1ccccc1)C1CCN(CCc2ccccc2)CC1,0,1,0,0
Acitretin,"II.b
                
II - Pulmonary edema - Acute lung injury - ARDS

                    II.b - ARDS - Acute lung injury                


                  X.c
                
X - Systemic/Distant conditions, syndromes and reactions

                    X.c - Capillary leak syndrome (CLS)",5284513,DB00459,D02754,COc1cc(C)c(C=CC(C)=CC=CC(C)=CC(=O)O)c(C)c1C,0,1,0,0
Acyclovir,"I.b
                
I - Interstitial/parenchymal lung disease

                    I.b - Pneumonitis (ILD)                


                  V.a
                
V - Pleural and/or pericardial involvement

                    V.a - Pleural effusion (uni- or bilateral) (can accompany DI-LDs)",135398513,DB00787,D00222,Nc1nc(=O)c2ncn(COCCO)c2[nH]1,1,0,1,0
Adagrasib,"I.a
                
I - Interstitial/parenchymal lung disease

                    I.a - Pneumonitis (ILD), acute and/or severe (may cause ARDS)                


                  I.b
                
I - Interstitial/parenchymal lung disease

                    I.b - Pneumonitis (ILD)",138611145,NOT_FOUND,D12301,C=C(F)C(=O)N1CCN(c2nc(OCC3CCCN3C)nc3c2CCN(c2cccc4cccc(Cl)c24)C3)CC1CC#N,1,0,0,0
Afatinib,"I.b
                
I - Interstitial/parenchymal lung disease

                    I.b - Pneumonitis (ILD)                


                  IV.c
                
IV - Airway involvement

                    IV.c - Obliterative bronchiolitis (a pattern consistent with) (see also IVn, XVx)                


                  V.a
                
V - Pleural and/or pericardial involvement

                    V.a - Pleural effusion (uni- or bilateral) (can accompany DI-LDs)                


                  X.j
                
X - Systemic/Distant conditions, syndromes and reactions

                    X.j - Myopathy-Myositis-Polymyositis (see also under Xba)                


                  XII.p
                
XII - Cardiovascular involvement / toxicity

                    XII.p - QTc prolongation                


                  XV.z
                
XV - Pathology

                    XV.z - Path: Obliterative (constrictive) bronchiolitis (see also IVc, IVn)                


                  XVI.b
                
XVI - Imaging

                    XVI.b - Imaging: Ground-glass opacities (GGO) / shadowing",10184653,DB08916,D09724,CN(C)CC=CC(=O)Nc1cc2c(Nc3ccc(F)c(Cl)c3)ncnc2cc1OC1CCOC1,1,0,1,0
Alectinib,"I.b
                
I - Interstitial/parenchymal lung disease

                    I.b - Pneumonitis (ILD)                


                  I.d
                
I - Interstitial/parenchymal lung disease

                    I.d - Organizing pneumonia pattern (an area or areas of consolidation on imaging)                


                  I.h
                
I - Interstitial/parenchymal lung disease

                    I.h - Subclinical pulmonary infiltrates/ILD                


                  I.ao
                
I - Interstitial/parenchymal lung disease

                    I.ao - Pulmonary infiltrates                


                  V.a
                
V - Pleural and/or pericardial involvement

                    V.a - Pleural effusion (uni- or bilateral) (can accompany DI-LDs)                


                  XII.c
                
XII - Cardiovascular involvement / toxicity

                    XII.c - Pericardial effusion (w/wo tamponade)                


                  XV.a
                
XV - Pathology

                    XV.a - Path: NSIP-cellular pattern (see also Ia, Ib)                


                  XIX.a
                
XIX - Cytological, biochemical features of/in BAL, pleural fluid or FNA

                    XIX.a - BAL: An excess proportion of lymphocytes                


                  XXI.e
                
XXI - Rechallenge data

                    XXI.e - Rechallenge may not necessarily lead to relapse of AE/ILD",49806720,DB11363,D10542,CCc1cc2c(cc1N1CCC(N3CCOCC3)CC1)C(C)(C)c1[nH]c3cc(C#N)ccc3c1C2=O,1,0,1,0
Allopurinol,"VI.d
                
VI - Pulmonary vasculopathies

                    VI.d - Pulmonary vasculitis or capillaritis                


                  VIII.a
                
VIII - Central-large-upper airway (incl. pharyngeal-nasal) involvement

                    VIII.a - Angioedema (may cause UAO, asphyxia and death)                


                  X.a
                
X - Systemic/Distant conditions, syndromes and reactions

                    X.a - DRES syndrome - DRESS-like reaction                


                  X.m
                
X - Systemic/Distant conditions, syndromes and reactions

                    X.m - Vascultis (pulmonary, extrathoracic or systemic)-ANCA status unknown or negative)                


                  X.n
                
X - Systemic/Distant conditions, syndromes and reactions

                    X.n - Tumor lysis syndrome (TLS)                


                  X.s
                
X - Systemic/Distant conditions, syndromes and reactions

                    X.s - Vasculitis, pulmonary (w/wo AH), extrapulmonary, systemic: ANCA-positive                


                  XV.ac
                
XV - Pathology

                    XV.ac - Path: Pulmonary vasculitis other than capillaritis",135401907,DB00437,D00224,O=c1[nH]cnc2[nH]ncc12,0,0,0,1
Almonertinib,"I.b
                
I - Interstitial/parenchymal lung disease

                    I.b - Pneumonitis (ILD)",121280087,NOT_FOUND,D12258,C=CC(=O)Nc1cc(Nc2nccc(-c3cn(C4CC4)c4ccccc34)n2)c(OC)cc1N(C)CCN(C)C,1,0,0,0
Alpelisib,"I.a
                
I - Interstitial/parenchymal lung disease

                    I.a - Pneumonitis (ILD), acute and/or severe (may cause ARDS)",56649450,DB12015,D11011,Cc1nc(NC(=O)N2CCCC2C(N)=O)sc1-c1ccnc(C(C)(C)C(F)(F)F)c1,1,0,0,0
Amantadine,"II.a
                
II - Pulmonary edema - Acute lung injury - ARDS

                    II.a - Pulmonary edema, noncardiogenic (NCPE)                


                  II.b
                
II - Pulmonary edema - Acute lung injury - ARDS

                    II.b - ARDS - Acute lung injury                


                  XII.m
                
XII - Cardiovascular involvement / toxicity

                    XII.m - Cardiac- cardiorespiratory/pulmonary arrest                


                  XV.f
                
XV - Pathology

                    XV.f - Path: Diffuse alveolar damage (DAD-pattern) (see also IL)",2130,DB00915,D07441,NC12CC3CC(CC(C3)C1)C2,0,1,0,0
Ambrisentan,"I.y
                
I - Interstitial/parenchymal lung disease

                    I.y - Progression, acceleration or exacerbation of preexisting ILD/fibrosis",6918493,DB06403,D07077,COC(c1ccccc1)(c1ccccc1)C(Oc1nc(C)cc(C)n1)C(=O)O,1,0,0,0
Amiloride,"I.e
                
I - Interstitial/parenchymal lung disease

                    I.e - Acute eosinophilic pneumonia (AEP)",16231,DB00594,D00649,N=C(N)NC(=O)c1nc(Cl)c(N)nc1N,1,0,0,0
Aminoglutethimide,"I.c
                
I - Interstitial/parenchymal lung disease

                    I.c - Eosinophilic pneumonia (pulmonary infiltrates and eosinophilia)                


                  III.a
                
III - Pulmonary/alveolar./airway hemorrhage/bleeding

                    III.a - Alveolar hemorrhage (AH), diffuse AH (DAH)",2145,DB00357,D00574,CCC1(c2ccc(N)cc2)CCC(=O)NC1=O,1,0,0,0
Aminopyridine,"VI.b
                
VI - Pulmonary vasculopathies

                    VI.b - Pulmonary arterial hypertension",10439,DB-028705,D04127,Nc1ccccn1,0,0,0,1
Aminorex,"VI.b
                
VI - Pulmonary vasculopathies

                    VI.b - Pulmonary arterial hypertension                


                  XV.al
                
XV - Pathology

                    XV.al - Path: Pulmonary hypertension incl. angiomatoid vasculopathy",16630,DB-090502,D02909,N=C1NCC(c2ccccc2)O1,0,0,0,1
Amiodarone,"I.a
                
I - Interstitial/parenchymal lung disease

                    I.a - Pneumonitis (ILD), acute and/or severe (may cause ARDS)                


                  I.b
                
I - Interstitial/parenchymal lung disease

                    I.b - Pneumonitis (ILD)                


                  I.c
                
I - Interstitial/parenchymal lung disease

                    I.c - Eosinophilic pneumonia (pulmonary infiltrates and eosinophilia)                


                  I.d
                
I - Interstitial/parenchymal lung disease

                    I.d - Organizing pneumonia pattern (an area or areas of consolidation on imaging)                


                  I.e
                
I - Interstitial/parenchymal lung disease

                    I.e - Acute eosinophilic pneumonia (AEP)                


                  I.f
                
I - Interstitial/parenchymal lung disease

                    I.f - Acute fibrinous organizing pneumonia (AFOP)                


                  I.g
                
I - Interstitial/parenchymal lung disease

                    I.g - Pulmonary fibrosis                


                  I.h
                
I - Interstitial/parenchymal lung disease

                    I.h - Subclinical pulmonary infiltrates/ILD                


                  I.k
                
I - Interstitial/parenchymal lung disease

                    I.k - Lung nodule or nodules                


                  I.l
                
I - Interstitial/parenchymal lung disease

                    I.l - Diffuse alveolar damage (DAD) (see alsoo under IIb and XVf)                


                  I.s
                
I - Interstitial/parenchymal lung disease

                    I.s - A mass or masses                


                  I.u
                
I - Interstitial/parenchymal lung disease

                    I.u - Relapsing or migrating pneumonitis/pneumonia (see also Id)                


                  I.w
                
I - Interstitial/parenchymal lung disease

                    I.w - Rapidly progressive ILD/pulmonary fibrosis (Hamman-Rich syndrome)                


                  I.z
                
I - Interstitial/parenchymal lung disease

                    I.z - An area or areas of consolidation                


                  I.aa
                
I - Interstitial/parenchymal lung disease

                    I.aa - Delayed ILD, -pneumonitis, -fibrosis                


                  I.ao
                
I - Interstitial/parenchymal lung disease

                    I.ao - Pulmonary infiltrates                


                  I.at
                
I - Interstitial/parenchymal lung disease

                    I.at - Amiodarone pulmonary toxicity - Amiodarone lung                


                  I.ax
                
I - Interstitial/parenchymal lung disease

                    I.ax - Chronic pneumonitis                


                  I.ay
                
I - Interstitial/parenchymal lung disease

                    I.ay - Unilateral interstitial lung disease                


                  II.b
                
II - Pulmonary edema - Acute lung injury - ARDS

                    II.b - ARDS - Acute lung injury                


                  II.l
                
II - Pulmonary edema - Acute lung injury - ARDS

                    II.l - Postoperative ARDS                


                  III.a
                
III - Pulmonary/alveolar./airway hemorrhage/bleeding

                    III.a - Alveolar hemorrhage (AH), diffuse AH (DAH)                


                  III.c
                
III - Pulmonary/alveolar./airway hemorrhage/bleeding

                    III.c - Hemoptysis                


                  IV.a
                
IV - Airway involvement

                    IV.a - Bronchospasm - Wheezing - Asthma                


                  IV.d
                
IV - Airway involvement

                    IV.d - Cough (lone)                


                  IV.r
                
IV - Airway involvement

                    IV.r - Airway pigmentation (black, bluish, petechial)                


                  V.a
                
V - Pleural and/or pericardial involvement

                    V.a - Pleural effusion (uni- or bilateral) (can accompany DI-LDs)                


                  V.c
                
V - Pleural and/or pericardial involvement

                    V.c - Pleural thickening - Fibrothorax                


                  V.d
                
V - Pleural and/or pericardial involvement

                    V.d - Pleural/pericardial effusion, ANA positive (DI lupus)                


                  V.t
                
V - Pleural and/or pericardial involvement

                    V.t - The apical cap                


                  VI.a
                
VI - Pulmonary vasculopathies

                    VI.a - Pulmonary embolism - Venous thrombosis/thromboembolism                


                  VI.i
                
VI - Pulmonary vasculopathies

                    VI.i - Acute pulmonary hypertension                


                  VIII.a
                
VIII - Central-large-upper airway (incl. pharyngeal-nasal) involvement

                    VIII.a - Angioedema (may cause UAO, asphyxia and death)                


                  IX.a
                
IX - Neuromuscular / CNS involvement - Disordered breathing (during sleep)

                    IX.a - Diaphragm/inspiratory muscle weakness/paralysis (w/wo ARF)                


                  IX.d
                
IX - Neuromuscular / CNS involvement - Disordered breathing (during sleep)

                    IX.d - Respiratory failure from ventilatory depression (due to neuromuscular blockade/paralysis)                


                  IX.ai
                
IX - Neuromuscular / CNS involvement - Disordered breathing (during sleep)

                    IX.ai - Acute respiratory failure (hypoxemia, acidosis) from myxedema (-coma)                


                  X.d
                
X - Systemic/Distant conditions, syndromes and reactions

                    X.d - Lupus - Lupus syndrome (see also Vd)                


                  X.f
                
X - Systemic/Distant conditions, syndromes and reactions

                    X.f - Anaphylaxis-Anaphylactoid reaction (can be fatal)                


                  X.q
                
X - Systemic/Distant conditions, syndromes and reactions

                    X.q - Systemic inflammatory response                


                  XI.c
                
XI - Miscellaneous

                    XI.c - Pleuritic chest pain                


                  XI.f
                
XI - Miscellaneous

                    XI.f - Bluish, pseudocyanotic skin discoloration                


                  XI.bq
                
XI - Miscellaneous

                    XI.bq - Platypnea-orthodeoxia                


                  XII.a
                
XII - Cardiovascular involvement / toxicity

                    XII.a - Left or biventricular dysfunction/failure                


                  XII.c
                
XII - Cardiovascular involvement / toxicity

                    XII.c - Pericardial effusion (w/wo tamponade)                


                  XII.e
                
XII - Cardiovascular involvement / toxicity

                    XII.e - Takotsubo (stress) cardiomyopathy                


                  XII.l
                
XII - Cardiovascular involvement / toxicity

                    XII.l - Cardiac arrhythmias or dysrhythmias (AF, VT, VF, TdP)                


                  XII.n
                
XII - Cardiovascular involvement / toxicity

                    XII.n - Cardiovascular collapse - Cardiogenic shock - Hypotension                


                  XII.p
                
XII - Cardiovascular involvement / toxicity

                    XII.p - QTc prolongation                


                  XII.t
                
XII - Cardiovascular involvement / toxicity

                    XII.t - Torsades de pointe                


                  XII.af
                
XII - Cardiovascular involvement / toxicity

                    XII.af - Coronary vasospasm - Vasospastic angina                


                  XII.au
                
XII - Cardiovascular involvement / toxicity

                    XII.au - Heart failure (thyrotoxicosis-, thyroid storm-mediated)                


                  XV.a
                
XV - Pathology

                    XV.a - Path: NSIP-cellular pattern (see also Ia, Ib)                


                  XV.b
                
XV - Pathology

                    XV.b - Path: Eosinophilic pneumonia (subacute or acute)  (see also Ic)                


                  XV.c
                
XV - Pathology

                    XV.c - Path: Organizing pneumonia (OP/BOOP) pattern (see also Id)                


                  XV.d
                
XV - Pathology

                    XV.d - Path: Acute fibrinous organizing pneumonia (AFOP-pattern) (see also If)                


                  XV.f
                
XV - Pathology

                    XV.f - Path: Diffuse alveolar damage (DAD-pattern) (see also IL)                


                  XV.g
                
XV - Pathology

                    XV.g - Path: Alveolar hemorrhage (see also IIIa)                


                  XV.h
                
XV - Pathology

                    XV.h - Path: NSIP-fibrotic pattern                


                  XV.i
                
XV - Pathology

                    XV.i - Path: Pneumocyte atypia (reactive epithelial cells) (a.k.a. the ""Napoleon Hat"" sign)                


                  XV.j
                
XV - Pathology

                    XV.j - Path: Pulmonary fibrosis (UIP-pattern)                


                  XV.k
                
XV - Pathology

                    XV.k - Path: Desquamative interstitial pneumonia (DIP-pattern)                


                  XV.m
                
XV - Pathology

                    XV.m - Path: Lymphoid hyperplasia (including nodular- or a lymphocytic interstitial pneumonia pattern)                


                  XV.o
                
XV - Pathology

                    XV.o - Path: Endogenous lipoid pneumonia (phospholipidosis)                


                  XV.r
                
XV - Pathology

                    XV.r - Path: Smudged geographic necrosis                


                  XV.ao
                
XV - Pathology

                    XV.ao - Path: Pleuritis, pleural fibrosis                


                  XV.bt
                
XV - Pathology

                    XV.bt - Path: Histiocytic proliferation                


                  XVI.b
                
XVI - Imaging

                    XVI.b - Imaging: Ground-glass opacities (GGO) / shadowing                


                  XVI.i
                
XVI - Imaging

                    XVI.i - Imaging: An area or areas of involvement with a recognizable anatomic distribution                


                  XVI.j
                
XVI - Imaging

                    XVI.j - Imaging: Wandering (migratory) pulmonary opacities                


                  XVI.n
                
XVI - Imaging

                    XVI.n - Imaging: Intralobular septal thickening - Crazy paving                


                  XVI.s
                
XVI - Imaging

                    XVI.s - Imaging: An area or areas of involvement with high attenuation numbers or metallic density                


                  XVI.w
                
XVI - Imaging

                    XVI.w - Imaging: Lung nodule or nodules                


                  XVI.aa
                
XVI - Imaging

                    XVI.aa - Imaging: Nodules, mass or masses with a central area of low attenuation (see also under XVIaa)                


                  XVI.ab
                
XVI - Imaging

                    XVI.ab - Imaging: Cavitating/cavitary lung nodule, mass or nodules (see also Iq, XIs, XIIi, XVIaa and XVIIp)                


                  XVI.ay
                
XVI - Imaging

                    XVI.ay - Imaging: Asymmetrical, predominantly unilateral involvement                


                  XVI.az
                
XVI - Imaging

                    XVI.az - Imaging: Solitary pulmonary nodule                


                  XVI.bj
                
XVI - Imaging

                    XVI.bj - Imaging: Atelectasis (a combination of increased density and volume loss. Typically lobar)                


                  XVI.bq
                
XVI - Imaging

                    XVI.bq - Imaging: A pattern consistent with pleuroparenchymal fibroelastosis                


                  XVI.bt
                
XVI - Imaging

                    XVI.bt - Imaging: A subsolid lung nodule or nodules                


                  XVI.bx
                
XVI - Imaging

                    XVI.bx - Imaging: Waxing and waning nodules                


                  XVI.ca
                
XVI - Imaging

                    XVI.ca - Imaging: Disseminated patchy pulmonary opacities                


                  XVII.e
                
XVII - Infections & related conditions

                    XVII.e - Pneumocystis jiroveci pneumonia                


                  XVIII.b
                
XVIII - Distinctive patterns - 'Eye-catchers'

                    XVIII.b - Eye catcher: Electron-dense area or areas of consolidation on unenhanced chest CT                


                  XVIII.j
                
XVIII - Distinctive patterns - 'Eye-catchers'

                    XVIII.j - Eye-catcher: Avid lung uptake on 18F-PET-CT                


                  XVIII.k
                
XVIII - Distinctive patterns - 'Eye-catchers'

                    XVIII.k - Eye-catcher: An electron-dense liver on unenhanced CT                


                  XVIII.p
                
XVIII - Distinctive patterns - 'Eye-catchers'

                    XVIII.p - Eye-catcher: An electron-dense ('white') thyroid                


                  XIX.a
                
XIX - Cytological, biochemical features of/in BAL, pleural fluid or FNA

                    XIX.a - BAL: An excess proportion of lymphocytes                


                  XIX.b
                
XIX - Cytological, biochemical features of/in BAL, pleural fluid or FNA

                    XIX.b - BAL: An excess proportion of neutrophils                


                  XIX.c
                
XIX - Cytological, biochemical features of/in BAL, pleural fluid or FNA

                    XIX.c - BAL: An excess proportion of eosinophils                


                  XIX.e
                
XIX - Cytological, biochemical features of/in BAL, pleural fluid or FNA

                    XIX.e - BAL: Stainable iron in macrophages                


                  XIX.f
                
XIX - Cytological, biochemical features of/in BAL, pleural fluid or FNA

                    XIX.f - BAL: Foamy macrophages                


                  XIX.m
                
XIX - Cytological, biochemical features of/in BAL, pleural fluid or FNA

                    XIX.m - BAL: A normal cell differential                


                  XIX.p
                
XIX - Cytological, biochemical features of/in BAL, pleural fluid or FNA

                    XIX.p - BAL: Lamellar bodies in AM on EM",2157,DB01118,D02910,CCCCc1oc2ccccc2c1C(=O)c1cc(I)c(OCCN(CC)CC)c(I)c1,1,1,1,1
Anagrelide,"I.a
                
I - Interstitial/parenchymal lung disease

                    I.a - Pneumonitis (ILD), acute and/or severe (may cause ARDS)                


                  I.b
                
I - Interstitial/parenchymal lung disease

                    I.b - Pneumonitis (ILD)                


                  V.a
                
V - Pleural and/or pericardial involvement

                    V.a - Pleural effusion (uni- or bilateral) (can accompany DI-LDs)                


                  XI.b
                
XI - Miscellaneous

                    XI.b - Chest pain (acute or subacute), lone or prominent                


                  XII.c
                
XII - Cardiovascular involvement / toxicity

                    XII.c - Pericardial effusion (w/wo tamponade)                


                  XII.f
                
XII - Cardiovascular involvement / toxicity

                    XII.f - Cardiomyopathy (acute, subacute, chronic)                


                  XII.l
                
XII - Cardiovascular involvement / toxicity

                    XII.l - Cardiac arrhythmias or dysrhythmias (AF, VT, VF, TdP)                


                  XII.ai
                
XII - Cardiovascular involvement / toxicity

                    XII.ai - Cardiotoxicity                


                  XVI.a
                
XVI - Imaging

                    XVI.a - Imaging: Diffuse haze",135409400,DB00261,D07455,Oc1cn2c(n1)Nc1ccc(Cl)c(Cl)c1C2,1,0,1,0
Anastrozole,"I.b
                
I - Interstitial/parenchymal lung disease

                    I.b - Pneumonitis (ILD)                


                  VI.a
                
VI - Pulmonary vasculopathies

                    VI.a - Pulmonary embolism - Venous thrombosis/thromboembolism",2187,DB01217,D00960,CC(C)(C#N)c1cc(Cn2cncn2)cc(C(C)(C)C#N)c1,1,0,0,1
Antazoline,"I.b
                
I - Interstitial/parenchymal lung disease

                    I.b - Pneumonitis (ILD)",2200,DB-043231,D02950,c1ccc(CN(CC2=NCCN2)c2ccccc2)cc1,1,0,0,0
Antibiotics,"I.b
                
I - Interstitial/parenchymal lung disease

                    I.b - Pneumonitis (ILD)                


                  I.c
                
I - Interstitial/parenchymal lung disease

                    I.c - Eosinophilic pneumonia (pulmonary infiltrates and eosinophilia)                


                  I.e
                
I - Interstitial/parenchymal lung disease

                    I.e - Acute eosinophilic pneumonia (AEP)                


                  IV.a
                
IV - Airway involvement

                    IV.a - Bronchospasm - Wheezing - Asthma                


                  IV.f
                
IV - Airway involvement

                    IV.f - Severe or catastrophic bronchospasm or asthma attack (can be fatal)                


                  VIII.a
                
VIII - Central-large-upper airway (incl. pharyngeal-nasal) involvement

                    VIII.a - Angioedema (may cause UAO, asphyxia and death)                


                  X.a
                
X - Systemic/Distant conditions, syndromes and reactions

                    X.a - DRES syndrome - DRESS-like reaction                


                  X.f
                
X - Systemic/Distant conditions, syndromes and reactions

                    X.f - Anaphylaxis-Anaphylactoid reaction (can be fatal)                


                  X.s
                
X - Systemic/Distant conditions, syndromes and reactions

                    X.s - Vasculitis, pulmonary (w/wo AH), extrapulmonary, systemic: ANCA-positive                


                  XI.n
                
XI - Miscellaneous

                    XI.n - Neutropenia, agranulocytosis (w/wo infection/sepsis)                


                  XII.c
                
XII - Cardiovascular involvement / toxicity

                    XII.c - Pericardial effusion (w/wo tamponade)",46874763,NOT_FOUND,NOT_FOUND,CC(=O)NC1C(OP(=O)(O)OP(=O)(O)OCC2OC(n3cc(I)c(=O)[nH]c3=O)C(O)C2O)OC(CO)C(O)C1OC(C)C(=O)NC(C)P(=O)(O)CC(CCC(=O)O)C(=O)O,1,0,0,0
Apalutamide,"I.a
                
I - Interstitial/parenchymal lung disease

                    I.a - Pneumonitis (ILD), acute and/or severe (may cause ARDS)                


                  I.b
                
I - Interstitial/parenchymal lung disease

                    I.b - Pneumonitis (ILD)                


                  I.f
                
I - Interstitial/parenchymal lung disease

                    I.f - Acute fibrinous organizing pneumonia (AFOP)                


                  XV.d
                
XV - Pathology

                    XV.d - Path: Acute fibrinous organizing pneumonia (AFOP-pattern) (see also If)                


                  XVII.g
                
XVII - Infections & related conditions

                    XVII.g - Tuberculosis (pulmonary, pulmonary, extrapulmonary or disseminated). Reactivation or de novo",24872560,DB11901,D11040,CNC(=O)c1ccc(N2C(=S)N(c3cnc(C#N)c(C(F)(F)F)c3)C(=O)C23CCC3)cc1F,1,0,0,0
Apitolisib,"I.b
                
I - Interstitial/parenchymal lung disease

                    I.b - Pneumonitis (ILD)",25254071,DB12180,D10543,Cc1c(CN2CCN(C(=O)C(C)O)CC2)sc2c(N3CCOCC3)nc(-c3cnc(N)nc3)nc12,1,0,0,0
Apixaban,"I.a
                
I - Interstitial/parenchymal lung disease

                    I.a - Pneumonitis (ILD), acute and/or severe (may cause ARDS)                


                  I.b
                
I - Interstitial/parenchymal lung disease

                    I.b - Pneumonitis (ILD)                


                  III.a
                
III - Pulmonary/alveolar./airway hemorrhage/bleeding

                    III.a - Alveolar hemorrhage (AH), diffuse AH (DAH)                


                  V.e
                
V - Pleural and/or pericardial involvement

                    V.e - Hemothorax - Serosanguineous pleural effusion                


                  V.n
                
V - Pleural and/or pericardial involvement

                    V.n - Hemopericardium - Bloody pericardial effusion",10182969,DB06605,D03213,COc1ccc(-n2nc(C(N)=O)c3c2C(=O)N(c2ccc(N4CCCCC4=O)cc2)CC3)cc1,1,0,1,0
Aprindine,"I.b
                
I - Interstitial/parenchymal lung disease

                    I.b - Pneumonitis (ILD)",2218,NOT_FOUND,D01326,CCN(CC)CCCN(c1ccccc1)C1Cc2ccccc2C1,1,0,0,0
Aripiprazole,"I.b
                
I - Interstitial/parenchymal lung disease

                    I.b - Pneumonitis (ILD)                


                  II.a
                
II - Pulmonary edema - Acute lung injury - ARDS

                    II.a - Pulmonary edema, noncardiogenic (NCPE)                


                  IX.f
                
IX - Neuromuscular / CNS involvement - Disordered breathing (during sleep)

                    IX.f - Hiccup                


                  XII.l
                
XII - Cardiovascular involvement / toxicity

                    XII.l - Cardiac arrhythmias or dysrhythmias (AF, VT, VF, TdP)                


                  XV.a
                
XV - Pathology

                    XV.a - Path: NSIP-cellular pattern (see also Ia, Ib)",60795,DB01238,D01164,O=C1CCc2ccc(OCCCCN3CCN(c4cccc(Cl)c4Cl)CC3)cc2N1,1,1,0,0
Asunaprevir,"I.b
                
I - Interstitial/parenchymal lung disease

                    I.b - Pneumonitis (ILD)",16076883,DB11586,D10093,C=CC1CC1(NC(=O)C1CC(Oc2ncc(OC)c3ccc(Cl)cc23)CN1C(=O)C(NC(=O)OC(C)(C)C)C(C)(C)C)C(=O)NS(=O)(=O)C1CC1,1,0,0,0
Atorvastatin,"I.b
                
I - Interstitial/parenchymal lung disease

                    I.b - Pneumonitis (ILD)                


                  I.d
                
I - Interstitial/parenchymal lung disease

                    I.d - Organizing pneumonia pattern (an area or areas of consolidation on imaging)                


                  V.a
                
V - Pleural and/or pericardial involvement

                    V.a - Pleural effusion (uni- or bilateral) (can accompany DI-LDs)                


                  X.d
                
X - Systemic/Distant conditions, syndromes and reactions

                    X.d - Lupus - Lupus syndrome (see also Vd)                


                  X.s
                
X - Systemic/Distant conditions, syndromes and reactions

                    X.s - Vasculitis, pulmonary (w/wo AH), extrapulmonary, systemic: ANCA-positive                


                  X.y
                
X - Systemic/Distant conditions, syndromes and reactions

                    X.y - Subclinical ANA positivity",60823,DB01076,D07474,CC(C)c1c(C(=O)Nc2ccccc2)c(-c2ccccc2)c(-c2ccc(F)cc2)n1CCC(O)CC(O)CC(=O)O,1,0,1,0
Atosiban,"II.a
                
II - Pulmonary edema - Acute lung injury - ARDS

                    II.a - Pulmonary edema, noncardiogenic (NCPE)",5311010,DB09059,D03008,CCOc1ccc(CC2NC(=O)CCSSCC(C(=O)N3CCCC3C(=O)NC(CCCN)C(=O)NCC(N)=O)NC(=O)C(CC(N)=O)NC(=O)C(C(C)O)NC(=O)C(C(C)CC)NC2=O)cc1,0,1,0,0
Axitinib,"I.b
                
I - Interstitial/parenchymal lung disease

                    I.b - Pneumonitis (ILD)                


                  III.c
                
III - Pulmonary/alveolar./airway hemorrhage/bleeding

                    III.c - Hemoptysis                


                  V.f
                
V - Pleural and/or pericardial involvement

                    V.f - Pneumothorax                


                  VIII.j
                
VIII - Central-large-upper airway (incl. pharyngeal-nasal) involvement

                    VIII.j - Laryngeal disorder-Laryngeal nerve palsy (dysphonia, hoarseness)                


                  XI.w
                
XI - Miscellaneous

                    XI.w - Cavitation/necrosis of lung tumor or metastases                


                  XVI.bf
                
XVI - Imaging

                    XVI.bf - Imaging: Tumoral cavitation",6450551,DB06626,D03218,CNC(=O)c1ccccc1Sc1ccc2c(C=Cc3ccccn3)[nH]nc2c1,1,0,1,0
Azacitidine,"I.a
                
I - Interstitial/parenchymal lung disease

                    I.a - Pneumonitis (ILD), acute and/or severe (may cause ARDS)                


                  I.b
                
I - Interstitial/parenchymal lung disease

                    I.b - Pneumonitis (ILD)                


                  I.c
                
I - Interstitial/parenchymal lung disease

                    I.c - Eosinophilic pneumonia (pulmonary infiltrates and eosinophilia)                


                  I.d
                
I - Interstitial/parenchymal lung disease

                    I.d - Organizing pneumonia pattern (an area or areas of consolidation on imaging)                


                  II.b
                
II - Pulmonary edema - Acute lung injury - ARDS

                    II.b - ARDS - Acute lung injury                


                  V.i
                
V - Pleural and/or pericardial involvement

                    V.i - Pleuritis (can cause chest pain)                


                  V.m
                
V - Pleural and/or pericardial involvement

                    V.m - Pleuropericarditis - Pleuropericardial effusion (ANA unknown or negative)                


                  XI.c
                
XI - Miscellaneous

                    XI.c - Pleuritic chest pain                


                  XV.c
                
XV - Pathology

                    XV.c - Path: Organizing pneumonia (OP/BOOP) pattern (see also Id)",9444,DB00928,D03021,Nc1ncn(C2OC(CO)C(O)C2O)c(=O)n1,1,1,1,0
Azapropazone,"I.b
                
I - Interstitial/parenchymal lung disease

                    I.b - Pneumonitis (ILD)",26098,NOT_FOUND,D02966,CCCc1c(O)n2c(N(C)C)nc3ccc(C)cc3n2c1=O,1,0,0,0
Azathioprine,"I.a
                
I - Interstitial/parenchymal lung disease

                    I.a - Pneumonitis (ILD), acute and/or severe (may cause ARDS)                


                  I.b
                
I - Interstitial/parenchymal lung disease

                    I.b - Pneumonitis (ILD)                


                  I.c
                
I - Interstitial/parenchymal lung disease

                    I.c - Eosinophilic pneumonia (pulmonary infiltrates and eosinophilia)                


                  I.d
                
I - Interstitial/parenchymal lung disease

                    I.d - Organizing pneumonia pattern (an area or areas of consolidation on imaging)                


                  I.g
                
I - Interstitial/parenchymal lung disease

                    I.g - Pulmonary fibrosis                


                  I.l
                
I - Interstitial/parenchymal lung disease

                    I.l - Diffuse alveolar damage (DAD) (see alsoo under IIb and XVf)                


                  I.m
                
I - Interstitial/parenchymal lung disease

                    I.m - ILD with a granulomatous component                


                  I.q
                
I - Interstitial/parenchymal lung disease

                    I.q - Pulmonary nodulosis                


                  I.ah
                
I - Interstitial/parenchymal lung disease

                    I.ah - Acute restrictive lung dysfunction                


                  II.b
                
II - Pulmonary edema - Acute lung injury - ARDS

                    II.b - ARDS - Acute lung injury                


                  III.a
                
III - Pulmonary/alveolar./airway hemorrhage/bleeding

                    III.a - Alveolar hemorrhage (AH), diffuse AH (DAH)                


                  VIII.a
                
VIII - Central-large-upper airway (incl. pharyngeal-nasal) involvement

                    VIII.a - Angioedema (may cause UAO, asphyxia and death)                


                  X.g
                
X - Systemic/Distant conditions, syndromes and reactions

                    X.g - Hypersensitivity reaction (may manifest with fever and/or skin, throat or airway involvement)                


                  X.o
                
X - Systemic/Distant conditions, syndromes and reactions

                    X.o - Neutrophilic dermatosis (Pyoderma, Sweet syndrome)                


                  XII.h
                
XII - Cardiovascular involvement / toxicity

                    XII.h - Eosinophilic myocarditis                


                  XIII.b
                
XIII - Neoplastic conditions

                    XIII.b - Lymphoproliferative disease (pulmonary, endobronchial, endothoracic)                


                  XV.a
                
XV - Pathology

                    XV.a - Path: NSIP-cellular pattern (see also Ia, Ib)                


                  XV.e
                
XV - Pathology

                    XV.e - Path: ILD with a granulomatous component (see also Im)                


                  XV.f
                
XV - Pathology

                    XV.f - Path: Diffuse alveolar damage (DAD-pattern) (see also IL)                


                  XV.j
                
XV - Pathology

                    XV.j - Path: Pulmonary fibrosis (UIP-pattern)                


                  XV.bq
                
XV - Pathology

                    XV.bq - Path: Lymphoproliferative disease, endothoracic                


                  XVII.e
                
XVII - Infections & related conditions

                    XVII.e - Pneumocystis jiroveci pneumonia                


                  XVII.h
                
XVII - Infections & related conditions

                    XVII.h - Nontuberculous pulmonary mycobacterial infection/superinfection                


                  XIX.a
                
XIX - Cytological, biochemical features of/in BAL, pleural fluid or FNA

                    XIX.a - BAL: An excess proportion of lymphocytes",2265,DB00993,D00238,Cn1cnc([N+](=O)[O-])c1Sc1ncnc2[nH]cnc12,1,1,1,0
Azithromycin,"I.c
                
I - Interstitial/parenchymal lung disease

                    I.c - Eosinophilic pneumonia (pulmonary infiltrates and eosinophilia)                


                  III.a
                
III - Pulmonary/alveolar./airway hemorrhage/bleeding

                    III.a - Alveolar hemorrhage (AH), diffuse AH (DAH)                


                  IX.f
                
IX - Neuromuscular / CNS involvement - Disordered breathing (during sleep)

                    IX.f - Hiccup                


                  X.a
                
X - Systemic/Distant conditions, syndromes and reactions

                    X.a - DRES syndrome - DRESS-like reaction                


                  X.h
                
X - Systemic/Distant conditions, syndromes and reactions

                    X.h - Eosinophilic granulomatosis with polyangiitis (Churg-Strauss)",447043,DB00207,D06390; D07486,CCC1OC(=O)C(C)C(OC2CC(C)(OC)C(O)C(C)O2)C(C)C(OC2OC(C)CC(N(C)C)C2O)C(C)(O)CC(C)CN(C)C(C)C(O)C1(C)O,1,0,0,0
Baricitinib,"I.b
                
I - Interstitial/parenchymal lung disease

                    I.b - Pneumonitis (ILD)",44205240,DB11817,D10308,CCS(=O)(=O)N1CC(CC#N)(n2cc(-c3ncnc4[nH]ccc34)cn2)C1,1,0,0,0
Beclomethasone,"I.c
                
I - Interstitial/parenchymal lung disease

                    I.c - Eosinophilic pneumonia (pulmonary infiltrates and eosinophilia)                


                  IV.a
                
IV - Airway involvement

                    IV.a - Bronchospasm - Wheezing - Asthma",20469,DB00394,D07495; D00689; D11572,CC1CC2C3CC=C4CC(=O)C=CC4(C)C3(Cl)C(O)CC2(C)C1(O)C(=O)CO,1,0,0,0
Benfluorex,"V.a
                
V - Pleural and/or pericardial involvement

                    V.a - Pleural effusion (uni- or bilateral) (can accompany DI-LDs)                


                  V.c
                
V - Pleural and/or pericardial involvement

                    V.c - Pleural thickening - Fibrothorax                


                  VI.b
                
VI - Pulmonary vasculopathies

                    VI.b - Pulmonary arterial hypertension                


                  XII.b
                
XII - Cardiovascular involvement / toxicity

                    XII.b - Valvular heart disease and/or dysfunction",2318,DB-046210,D86322,CC(Cc1cccc(C(F)(F)F)c1)NCCOC(=O)c1ccccc1,0,0,1,1
Benzbromarone,"I.c
                
I - Interstitial/parenchymal lung disease

                    I.c - Eosinophilic pneumonia (pulmonary infiltrates and eosinophilia)                


                  III.a
                
III - Pulmonary/alveolar./airway hemorrhage/bleeding

                    III.a - Alveolar hemorrhage (AH), diffuse AH (DAH)                


                  XI.c
                
XI - Miscellaneous

                    XI.c - Pleuritic chest pain",2333,DB12319,D01056,CCc1oc2ccccc2c1C(=O)c1cc(Br)c(O)c(Br)c1,1,0,0,0
Benzylthiouracil,"I.b
                
I - Interstitial/parenchymal lung disease

                    I.b - Pneumonitis (ILD)                


                  III.b
                
III - Pulmonary/alveolar./airway hemorrhage/bleeding

                    III.b - Pneumorenal syndrome (w/wo ANCAs)                


                  III.d
                
III - Pulmonary/alveolar./airway hemorrhage/bleeding

                    III.d - Alveolar hemorrhage, diffuse (ANCA-positive/-related)                


                  VI.d
                
VI - Pulmonary vasculopathies

                    VI.d - Pulmonary vasculitis or capillaritis                


                  X.s
                
X - Systemic/Distant conditions, syndromes and reactions

                    X.s - Vasculitis, pulmonary (w/wo AH), extrapulmonary, systemic: ANCA-positive",685814,DB-007121,D73962,O=c1cc(Cc2ccccc2)[nH]c(=S)[nH]1,1,0,0,1
Bepridil,"I.b
                
I - Interstitial/parenchymal lung disease

                    I.b - Pneumonitis (ILD)                


                  I.g
                
I - Interstitial/parenchymal lung disease

                    I.g - Pulmonary fibrosis",2351,DB01244,D07520,CC(C)COCC(CN(Cc1ccccc1)c1ccccc1)N1CCCC1,1,0,0,0
Betaxolol,"I.d
                
I - Interstitial/parenchymal lung disease

                    I.d - Organizing pneumonia pattern (an area or areas of consolidation on imaging)                


                  IV.a
                
IV - Airway involvement

                    IV.a - Bronchospasm - Wheezing - Asthma                


                  V.d
                
V - Pleural and/or pericardial involvement

                    V.d - Pleural/pericardial effusion, ANA positive (DI lupus)",2369,DB00195,D07526,CC(C)NCC(O)COc1ccc(CCOCC2CC2)cc1,1,0,1,0
Bicalutamide,"I.b
                
I - Interstitial/parenchymal lung disease

                    I.b - Pneumonitis (ILD)                


                  I.c
                
I - Interstitial/parenchymal lung disease

                    I.c - Eosinophilic pneumonia (pulmonary infiltrates and eosinophilia)                


                  XII.a
                
XII - Cardiovascular involvement / toxicity

                    XII.a - Left or biventricular dysfunction/failure",2375,DB01128,D00961,CC(O)(CS(=O)(=O)c1ccc(F)cc1)C(=O)Nc1ccc(C#N)c(C(F)(F)F)c1,1,0,0,0
Bleomycin,"I.a
                
I - Interstitial/parenchymal lung disease

                    I.a - Pneumonitis (ILD), acute and/or severe (may cause ARDS)                


                  I.b
                
I - Interstitial/parenchymal lung disease

                    I.b - Pneumonitis (ILD)                


                  I.c
                
I - Interstitial/parenchymal lung disease

                    I.c - Eosinophilic pneumonia (pulmonary infiltrates and eosinophilia)                


                  I.d
                
I - Interstitial/parenchymal lung disease

                    I.d - Organizing pneumonia pattern (an area or areas of consolidation on imaging)                


                  I.f
                
I - Interstitial/parenchymal lung disease

                    I.f - Acute fibrinous organizing pneumonia (AFOP)                


                  I.g
                
I - Interstitial/parenchymal lung disease

                    I.g - Pulmonary fibrosis                


                  I.k
                
I - Interstitial/parenchymal lung disease

                    I.k - Lung nodule or nodules                


                  I.l
                
I - Interstitial/parenchymal lung disease

                    I.l - Diffuse alveolar damage (DAD) (see alsoo under IIb and XVf)                


                  I.p
                
I - Interstitial/parenchymal lung disease

                    I.p - Fatal pneumonitis (ILD)                


                  I.v
                
I - Interstitial/parenchymal lung disease

                    I.v - Abnormal lung function/pulmonary physiology (PFTs) without necessarily imaging or clinical evidence                


                  I.w
                
I - Interstitial/parenchymal lung disease

                    I.w - Rapidly progressive ILD/pulmonary fibrosis (Hamman-Rich syndrome)                


                  II.b
                
II - Pulmonary edema - Acute lung injury - ARDS

                    II.b - ARDS - Acute lung injury                


                  II.u
                
II - Pulmonary edema - Acute lung injury - ARDS

                    II.u - Acute respiratory failure (e.g. from ARDS, ILD, PIE, OP, pulmonary edema or bronchospasm) requiring ECMO                


                  V.f
                
V - Pleural and/or pericardial involvement

                    V.f - Pneumothorax                


                  V.p
                
V - Pleural and/or pericardial involvement

                    V.p - Pleuroparenchymal fibroelastosis (PPFE)                


                  V.z
                
V - Pleural and/or pericardial involvement

                    V.z - Pneumothorax (associated or secondary to drug-induced ILD)                


                  VI.c
                
VI - Pulmonary vasculopathies

                    VI.c - Pulmonary veno-occlusive disease                


                  VI.f
                
VI - Pulmonary vasculopathies

                    VI.f - Hemolytic and uremic syndrome (HUS). See also under Xaf                


                  VII.e
                
VII - Mediastinal involvement

                    VII.e - Granulomatous mediastinal lymphadenopathy                


                  VII.h
                
VII - Mediastinal involvement

                    VII.h - Pneumomediastinum                


                  XI.b
                
XI - Miscellaneous

                    XI.b - Chest pain (acute or subacute), lone or prominent                


                  XI.c
                
XI - Miscellaneous

                    XI.c - Pleuritic chest pain                


                  XV.a
                
XV - Pathology

                    XV.a - Path: NSIP-cellular pattern (see also Ia, Ib)                


                  XV.b
                
XV - Pathology

                    XV.b - Path: Eosinophilic pneumonia (subacute or acute)  (see also Ic)                


                  XV.c
                
XV - Pathology

                    XV.c - Path: Organizing pneumonia (OP/BOOP) pattern (see also Id)                


                  XV.d
                
XV - Pathology

                    XV.d - Path: Acute fibrinous organizing pneumonia (AFOP-pattern) (see also If)                


                  XV.f
                
XV - Pathology

                    XV.f - Path: Diffuse alveolar damage (DAD-pattern) (see also IL)                


                  XV.h
                
XV - Pathology

                    XV.h - Path: NSIP-fibrotic pattern                


                  XV.i
                
XV - Pathology

                    XV.i - Path: Pneumocyte atypia (reactive epithelial cells) (a.k.a. the ""Napoleon Hat"" sign)                


                  XV.j
                
XV - Pathology

                    XV.j - Path: Pulmonary fibrosis (UIP-pattern)                


                  XV.l
                
XV - Pathology

                    XV.l - Path: Pulmonary fibrosis (not otherwise specified or unclassifiable)                


                  XV.ax
                
XV - Pathology

                    XV.ax - Path: Focal organizing pneumonia                


                  XV.be
                
XV - Pathology

                    XV.be - Path: Interstitial pulmonary edema                


                  XV.bf
                
XV - Pathology

                    XV.bf - Path: Pulmonary necrotizing granuloma or granulomas                


                  XVI.a
                
XVI - Imaging

                    XVI.a - Imaging: Diffuse haze                


                  XVI.b
                
XVI - Imaging

                    XVI.b - Imaging: Ground-glass opacities (GGO) / shadowing                


                  XVI.e
                
XVI - Imaging

                    XVI.e - Imaging: Pulmonary opacities with a subpleural distribution                


                  XVI.k
                
XVI - Imaging

                    XVI.k - Imaging: An area or areas of consolidation                


                  XVI.w
                
XVI - Imaging

                    XVI.w - Imaging: Lung nodule or nodules                


                  XVI.ab
                
XVI - Imaging

                    XVI.ab - Imaging: Cavitating/cavitary lung nodule, mass or nodules (see also Iq, XIs, XIIi, XVIaa and XVIIp)                


                  XVI.af
                
XVI - Imaging

                    XVI.af - Imaging: Lung cysts or bullae (see also XVI ah/bf)                


                  XVI.bl
                
XVI - Imaging

                    XVI.bl - Imaging: An area or areas of avid tracer uptake in the lung/chest on 18F-PET scan                


                  XVIII.j
                
XVIII - Distinctive patterns - 'Eye-catchers'

                    XVIII.j - Eye-catcher: Avid lung uptake on 18F-PET-CT                


                  XIX.b
                
XIX - Cytological, biochemical features of/in BAL, pleural fluid or FNA

                    XIX.b - BAL: An excess proportion of neutrophils                


                  XXIV.a
                
XXIV - Veterinary medicine

                    XXIV.a - Veterinary: Pneumonitis - Interstitial lung disease                


                  XXIV.b
                
XXIV - Veterinary medicine

                    XXIV.b - Veterinary: Pulmonary fibrosis",5360373,DB00290,D07535,Cc1c(N)nc(C(CC(N)=O)NCC(N)C(N)=O)nc1C(=O)NC(C(=O)NC(C)C(O)C(C)C(=O)NC(C(=O)NCCc1nc(-c2nc(C(=O)NCCC[S+](C)C)cs2)cs1)C(C)O)C(OC1OC(CO)C(O)C(O)C1OC1OC(CO)C(O)C(OC(N)=O)C1O)c1c[nH]cn1,1,1,1,0
Bortezomib,"I.a
                
I - Interstitial/parenchymal lung disease

                    I.a - Pneumonitis (ILD), acute and/or severe (may cause ARDS)                


                  I.b
                
I - Interstitial/parenchymal lung disease

                    I.b - Pneumonitis (ILD)                


                  I.d
                
I - Interstitial/parenchymal lung disease

                    I.d - Organizing pneumonia pattern (an area or areas of consolidation on imaging)                


                  I.l
                
I - Interstitial/parenchymal lung disease

                    I.l - Diffuse alveolar damage (DAD) (see alsoo under IIb and XVf)                


                  II.b
                
II - Pulmonary edema - Acute lung injury - ARDS

                    II.b - ARDS - Acute lung injury                


                  III.a
                
III - Pulmonary/alveolar./airway hemorrhage/bleeding

                    III.a - Alveolar hemorrhage (AH), diffuse AH (DAH)                


                  VI.b
                
VI - Pulmonary vasculopathies

                    VI.b - Pulmonary arterial hypertension                


                  X.c
                
X - Systemic/Distant conditions, syndromes and reactions

                    X.c - Capillary leak syndrome (CLS)                


                  X.n
                
X - Systemic/Distant conditions, syndromes and reactions

                    X.n - Tumor lysis syndrome (TLS)                


                  X.o
                
X - Systemic/Distant conditions, syndromes and reactions

                    X.o - Neutrophilic dermatosis (Pyoderma, Sweet syndrome)                


                  XII.a
                
XII - Cardiovascular involvement / toxicity

                    XII.a - Left or biventricular dysfunction/failure                


                  XII.f
                
XII - Cardiovascular involvement / toxicity

                    XII.f - Cardiomyopathy (acute, subacute, chronic)                


                  XII.s
                
XII - Cardiovascular involvement / toxicity

                    XII.s - Heart block (bundle branch- or AV-)                


                  XII.ai
                
XII - Cardiovascular involvement / toxicity

                    XII.ai - Cardiotoxicity                


                  XV.a
                
XV - Pathology

                    XV.a - Path: NSIP-cellular pattern (see also Ia, Ib)                


                  XV.c
                
XV - Pathology

                    XV.c - Path: Organizing pneumonia (OP/BOOP) pattern (see also Id)                


                  XVII.e
                
XVII - Infections & related conditions

                    XVII.e - Pneumocystis jiroveci pneumonia                


                  XVII.h
                
XVII - Infections & related conditions

                    XVII.h - Nontuberculous pulmonary mycobacterial infection/superinfection                


                  XVII.j
                
XVII - Infections & related conditions

                    XVII.j - Mucormycosis (pulmonary, tracheobronchial or systemic)",387447,DB00188,D03150,CC(C)CC(NC(=O)C(Cc1ccccc1)NC(=O)c1cnccn1)B(O)O,1,1,0,1
Bosutinib,"I.a
                
I - Interstitial/parenchymal lung disease

                    I.a - Pneumonitis (ILD), acute and/or severe (may cause ARDS)                


                  I.b
                
I - Interstitial/parenchymal lung disease

                    I.b - Pneumonitis (ILD)                


                  I.ao
                
I - Interstitial/parenchymal lung disease

                    I.ao - Pulmonary infiltrates                


                  V.a
                
V - Pleural and/or pericardial involvement

                    V.a - Pleural effusion (uni- or bilateral) (can accompany DI-LDs)                


                  V.ae
                
V - Pleural and/or pericardial involvement

                    V.ae - Pleural effusion, massive                


                  VI.b
                
VI - Pulmonary vasculopathies

                    VI.b - Pulmonary arterial hypertension",5328940,DB06616,D03252,COc1cc(Nc2c(C#N)cnc3cc(OCCCN4CCN(C)CC4)c(OC)cc23)c(Cl)cc1Cl,1,0,1,1
Brigatinib,"I.b
                
I - Interstitial/parenchymal lung disease

                    I.b - Pneumonitis (ILD)                


                  I.ao
                
I - Interstitial/parenchymal lung disease

                    I.ao - Pulmonary infiltrates                


                  XVII.a
                
XVII - Infections & related conditions

                    XVII.a - Respiratory tract infection incl. pneumonia                


                  XVII.g
                
XVII - Infections & related conditions

                    XVII.g - Tuberculosis (pulmonary, pulmonary, extrapulmonary or disseminated). Reactivation or de novo",68165256,DB12267,D10866,COc1cc(N2CCC(N3CCN(C)CC3)CC2)ccc1Nc1ncc(Cl)c(Nc2ccccc2P(C)(C)=O)n1,1,0,0,0
Brodifacoum,"III.a
                
III - Pulmonary/alveolar./airway hemorrhage/bleeding

                    III.a - Alveolar hemorrhage (AH), diffuse AH (DAH)                


                  III.c
                
III - Pulmonary/alveolar./airway hemorrhage/bleeding

                    III.c - Hemoptysis                


                  III.m
                
III - Pulmonary/alveolar./airway hemorrhage/bleeding

                    III.m - Coagulopathy                


                  V.n
                
V - Pleural and/or pericardial involvement

                    V.n - Hemopericardium - Bloody pericardial effusion                


                  VI.a
                
VI - Pulmonary vasculopathies

                    VI.a - Pulmonary embolism - Venous thrombosis/thromboembolism                


                  VIII.a
                
VIII - Central-large-upper airway (incl. pharyngeal-nasal) involvement

                    VIII.a - Angioedema (may cause UAO, asphyxia and death)                


                  VIII.b
                
VIII - Central-large-upper airway (incl. pharyngeal-nasal) involvement

                    VIII.b - Hematoma of/around central airway wall potentially causing UAO                


                  XXIV.d
                
XXIV - Veterinary medicine

                    XXIV.d - Veterinary: Pulmonary bleeding (hemoptysis, alveolar hemorrhage)                


                  XXIV.e
                
XXIV - Veterinary medicine

                    XXIV.e - Veterinary: Tracheal hemorrhage, stenosis, collapse",54680676,DB-052847,C18694,O=c1c(C2CC(c3ccc(-c4ccc(Br)cc4)cc3)Cc3ccccc32)c(O)oc2ccccc12,0,0,1,1
Bromocarbamide,"II.b
                
II - Pulmonary edema - Acute lung injury - ARDS

                    II.b - ARDS - Acute lung injury                


                  XI.r
                
XI - Miscellaneous

                    XI.r - Death following exposure or poisoning",2447,DB-071026,D01391,CC(C)C(Br)C(=O)NC(N)=O,0,1,0,0
Bromocriptine,"I.b
                
I - Interstitial/parenchymal lung disease

                    I.b - Pneumonitis (ILD)                


                  I.ak
                
I - Interstitial/parenchymal lung disease

                    I.ak - Pleuropneumonitis                


                  V.a
                
V - Pleural and/or pericardial involvement

                    V.a - Pleural effusion (uni- or bilateral) (can accompany DI-LDs)                


                  V.b
                
V - Pleural and/or pericardial involvement

                    V.b - Eosinophilic pleural effusion                


                  V.c
                
V - Pleural and/or pericardial involvement

                    V.c - Pleural thickening - Fibrothorax                


                  V.m
                
V - Pleural and/or pericardial involvement

                    V.m - Pleuropericarditis - Pleuropericardial effusion (ANA unknown or negative)                


                  VII.d
                
VII - Mediastinal involvement

                    VII.d - Fibrosing mediastinitis                


                  XII.b
                
XII - Cardiovascular involvement / toxicity

                    XII.b - Valvular heart disease and/or dysfunction                


                  XII.f
                
XII - Cardiovascular involvement / toxicity

                    XII.f - Cardiomyopathy (acute, subacute, chronic)",31101,DB01200,D03165,CC(C)CC1C(=O)N2CCCC2C2(O)OC(NC(=O)C3C=C4c5cccc6[nH]c(Br)c(c56)CC4N(C)C3)(C(C)C)C(=O)N12,1,0,1,0
Bucillamine,"I.a
                
I - Interstitial/parenchymal lung disease

                    I.a - Pneumonitis (ILD), acute and/or severe (may cause ARDS)                


                  I.b
                
I - Interstitial/parenchymal lung disease

                    I.b - Pneumonitis (ILD)                


                  I.c
                
I - Interstitial/parenchymal lung disease

                    I.c - Eosinophilic pneumonia (pulmonary infiltrates and eosinophilia)                


                  I.d
                
I - Interstitial/parenchymal lung disease

                    I.d - Organizing pneumonia pattern (an area or areas of consolidation on imaging)                


                  IV.d
                
IV - Airway involvement

                    IV.d - Cough (lone)                


                  XI.t
                
XI - Miscellaneous

                    XI.t - Yellow nail syndrome",656604,DB12160,D01809,CC(C)(S)C(=O)NC(CS)C(=O)O,1,0,0,0
Bumetanide,"I.b
                
I - Interstitial/parenchymal lung disease

                    I.b - Pneumonitis (ILD)                


                  I.g
                
I - Interstitial/parenchymal lung disease

                    I.g - Pulmonary fibrosis                


                  XI.b
                
XI - Miscellaneous

                    XI.b - Chest pain (acute or subacute), lone or prominent",2471,DB00887,D00247,CCCCNc1cc(C(=O)O)cc(S(N)(=O)=O)c1Oc1ccccc1,1,0,0,0
Buparlisib,"I.b
                
I - Interstitial/parenchymal lung disease

                    I.b - Pneumonitis (ILD)",16654980,DB-123619,D10609,Nc1cc(C(F)(F)F)c(-c2cc(N3CCOCC3)nc(N3CCOCC3)n2)cn1,1,0,0,0
Buprenorphine,"II.a
                
II - Pulmonary edema - Acute lung injury - ARDS

                    II.a - Pulmonary edema, noncardiogenic (NCPE)                


                  VI.b
                
VI - Pulmonary vasculopathies

                    VI.b - Pulmonary arterial hypertension                


                  IX.d
                
IX - Neuromuscular / CNS involvement - Disordered breathing (during sleep)

                    IX.d - Respiratory failure from ventilatory depression (due to neuromuscular blockade/paralysis)                


                  IX.i
                
IX - Neuromuscular / CNS involvement - Disordered breathing (during sleep)

                    IX.i - Respiratory arrest - Apnea                


                  X.f
                
X - Systemic/Distant conditions, syndromes and reactions

                    X.f - Anaphylaxis-Anaphylactoid reaction (can be fatal)                


                  XI.r
                
XI - Miscellaneous

                    XI.r - Death following exposure or poisoning",644073,DB00921,D07132,COC12CCC3(CC1C(C)(O)C(C)(C)C)C1Cc4ccc(O)c5c4C3(CCN1CC1CC1)C2O5,0,1,0,1
Buserelin,"I.b
                
I - Interstitial/parenchymal lung disease

                    I.b - Pneumonitis (ILD)",50225,DB06719,D01831,CCNC(=O)C1CCCN1C(=O)C(CCCN=C(N)N)NC(=O)C(CC(C)C)NC(=O)C(COC(C)(C)C)NC(=O)C(Cc1ccc(O)cc1)NC(=O)C(CO)NC(=O)C(Cc1c[nH]c2ccccc12)NC(=O)C(Cc1c[nH]cn1)NC(=O)C1CCC(=O)N1,1,0,0,0
Busulfan,"I.a
                
I - Interstitial/parenchymal lung disease

                    I.a - Pneumonitis (ILD), acute and/or severe (may cause ARDS)                


                  I.b
                
I - Interstitial/parenchymal lung disease

                    I.b - Pneumonitis (ILD)                


                  I.d
                
I - Interstitial/parenchymal lung disease

                    I.d - Organizing pneumonia pattern (an area or areas of consolidation on imaging)                


                  I.g
                
I - Interstitial/parenchymal lung disease

                    I.g - Pulmonary fibrosis                


                  I.l
                
I - Interstitial/parenchymal lung disease

                    I.l - Diffuse alveolar damage (DAD) (see alsoo under IIb and XVf)                


                  I.n
                
I - Interstitial/parenchymal lung disease

                    I.n - Pulmonary alveolar proteinosis (PAP)                


                  I.v
                
I - Interstitial/parenchymal lung disease

                    I.v - Abnormal lung function/pulmonary physiology (PFTs) without necessarily imaging or clinical evidence                


                  II.b
                
II - Pulmonary edema - Acute lung injury - ARDS

                    II.b - ARDS - Acute lung injury                


                  XV.a
                
XV - Pathology

                    XV.a - Path: NSIP-cellular pattern (see also Ia, Ib)                


                  XV.c
                
XV - Pathology

                    XV.c - Path: Organizing pneumonia (OP/BOOP) pattern (see also Id)                


                  XV.d
                
XV - Pathology

                    XV.d - Path: Acute fibrinous organizing pneumonia (AFOP-pattern) (see also If)                


                  XV.f
                
XV - Pathology

                    XV.f - Path: Diffuse alveolar damage (DAD-pattern) (see also IL)                


                  XV.h
                
XV - Pathology

                    XV.h - Path: NSIP-fibrotic pattern                


                  XV.i
                
XV - Pathology

                    XV.i - Path: Pneumocyte atypia (reactive epithelial cells) (a.k.a. the ""Napoleon Hat"" sign)                


                  XV.n
                
XV - Pathology

                    XV.n - Path: Pulmonary alveolar proteinosis pattern (PAP pattern)                


                  XV.bc
                
XV - Pathology

                    XV.bc - Path: Opportunistic pulmonary infection (see also XVII/XVIIb-d-e)                


                  XVI.d
                
XVI - Imaging

                    XVI.d - Imaging: Alveolar opacities or haze with a batwing or butterfly distribution                


                  XVII.f
                
XVII - Infections & related conditions

                    XVII.f - Tuberculosis, miliary                


                  XIX.g
                
XIX - Cytological, biochemical features of/in BAL, pleural fluid or FNA

                    XIX.g - BAL: Atypical epithelial cells (at times poetically named",2478,DB01008,D00248,CS(=O)(=O)OCCCCOS(C)(=O)=O,1,1,1,0
Butane,"II.a
                
II - Pulmonary edema - Acute lung injury - ARDS

                    II.a - Pulmonary edema, noncardiogenic (NCPE)                


                  XI.s
                
XI - Miscellaneous

                    XI.s - Sniffing death - Death from inhalation of compound                


                  XV.w
                
XV - Pathology

                    XV.w - Path: Pulmonary edema (see also II/IIa)",7843,NOT_FOUND,NOT_FOUND,CCCC,0,1,0,0
Cabazitaxel,"I.b
                
I - Interstitial/parenchymal lung disease

                    I.b - Pneumonitis (ILD)                


                  I.ad
                
I - Interstitial/parenchymal lung disease

                    I.ad - Radiation recall pneumonitis",9854073,DB06772,D09755,COC1=C2C(C)C(OC(=O)C(O)C(NC(=O)OC(C)(C)C)c3ccccc3)CC(O)(C(OC(=O)c3ccccc3)C3C4(OC(C)=O)COC4CC(OC)C3(C)C1=O)C2(C)C,1,0,0,0
Cabergoline,"I.b
                
I - Interstitial/parenchymal lung disease

                    I.b - Pneumonitis (ILD)                


                  I.m
                
I - Interstitial/parenchymal lung disease

                    I.m - ILD with a granulomatous component                


                  V.a
                
V - Pleural and/or pericardial involvement

                    V.a - Pleural effusion (uni- or bilateral) (can accompany DI-LDs)                


                  V.c
                
V - Pleural and/or pericardial involvement

                    V.c - Pleural thickening - Fibrothorax                


                  VI.b
                
VI - Pulmonary vasculopathies

                    VI.b - Pulmonary arterial hypertension                


                  XII.a
                
XII - Cardiovascular involvement / toxicity

                    XII.a - Left or biventricular dysfunction/failure                


                  XII.b
                
XII - Cardiovascular involvement / toxicity

                    XII.b - Valvular heart disease and/or dysfunction                


                  XII.c
                
XII - Cardiovascular involvement / toxicity

                    XII.c - Pericardial effusion (w/wo tamponade)",54746,DB00248,D00987,C=CCN1CC(C(=O)N(CCCN(C)C)C(=O)NCC)CC2c3cccc4[nH]cc(c34)CC21,1,0,1,1
Cabozantinib,"III.h
                
III - Pulmonary/alveolar./airway hemorrhage/bleeding

                    III.h - Major/massive hemoptysis                


                  VI.a
                
VI - Pulmonary vasculopathies

                    VI.a - Pulmonary embolism - Venous thrombosis/thromboembolism                


                  XII.a
                
XII - Cardiovascular involvement / toxicity

                    XII.a - Left or biventricular dysfunction/failure                


                  XII.f
                
XII - Cardiovascular involvement / toxicity

                    XII.f - Cardiomyopathy (acute, subacute, chronic)                


                  XII.r
                
XII - Cardiovascular involvement / toxicity

                    XII.r - Heart failure (biventricular, congestive)",25102847,DB08875,D10062,COc1cc2nccc(Oc3ccc(NC(=O)C4(C(=O)Nc5ccc(F)cc5)CC4)cc3)c2cc1OC,0,0,0,1
Capecitabine,"I.m
                
I - Interstitial/parenchymal lung disease

                    I.m - ILD with a granulomatous component                


                  VII.a
                
VII - Mediastinal involvement

                    VII.a - Lymphadenopathy (intrathoracic)                


                  VIII.af
                
VIII - Central-large-upper airway (incl. pharyngeal-nasal) involvement

                    VIII.af - Oromandibular dystonia                


                  X.k
                
X - Systemic/Distant conditions, syndromes and reactions

                    X.k - Sarcoid-like granulomatosis (endo-/extrathoracic)                


                  XI.b
                
XI - Miscellaneous

                    XI.b - Chest pain (acute or subacute), lone or prominent                


                  XII.d
                
XII - Cardiovascular involvement / toxicity

                    XII.d - Myocarditis (can be fulminant)                


                  XII.g
                
XII - Cardiovascular involvement / toxicity

                    XII.g - Coronary artery disease (acute) - Myocardial ischemia/infarction                


                  XII.af
                
XII - Cardiovascular involvement / toxicity

                    XII.af - Coronary vasospasm - Vasospastic angina",60953,DB01101,D01223,CCCCCOC(=O)Nc1nc(=O)n(C2OC(C)C(O)C2O)cc1F,1,0,0,0
Capmatinib,"I.b
                
I - Interstitial/parenchymal lung disease

                    I.b - Pneumonitis (ILD)",25145656,DB11791,D10696,CNC(=O)c1ccc(-c2cnc3ncc(Cc4ccc5ncccc5c4)n3n2)cc1F,1,0,0,0
Captopril,"I.b
                
I - Interstitial/parenchymal lung disease

                    I.b - Pneumonitis (ILD)                


                  I.c
                
I - Interstitial/parenchymal lung disease

                    I.c - Eosinophilic pneumonia (pulmonary infiltrates and eosinophilia)                


                  IV.a
                
IV - Airway involvement

                    IV.a - Bronchospasm - Wheezing - Asthma                


                  IV.d
                
IV - Airway involvement

                    IV.d - Cough (lone)                


                  V.d
                
V - Pleural and/or pericardial involvement

                    V.d - Pleural/pericardial effusion, ANA positive (DI lupus)                


                  VIII.a
                
VIII - Central-large-upper airway (incl. pharyngeal-nasal) involvement

                    VIII.a - Angioedema (may cause UAO, asphyxia and death)                


                  X.b
                
X - Systemic/Distant conditions, syndromes and reactions

                    X.b - Antiphospholipid antibodies w/wo the APL syndrome                


                  X.d
                
X - Systemic/Distant conditions, syndromes and reactions

                    X.d - Lupus - Lupus syndrome (see also Vd)                


                  XII.al
                
XII - Cardiovascular involvement / toxicity

                    XII.al - Hyperkinetic circulation",44093,DB01197,D00251,CC(CS)C(=O)N1CCCC1C(=O)O,1,0,1,0
Carbamates,"II.b
                
II - Pulmonary edema - Acute lung injury - ARDS

                    II.b - ARDS - Acute lung injury                


                  IV.t
                
IV - Airway involvement

                    IV.t - Sptutum production - Bronchorrhea - 'Bronchitis'",276,DB-006899,NOT_FOUND,NC(=O)O,0,1,0,0
Carbamazepine,"I.a
                
I - Interstitial/parenchymal lung disease

                    I.a - Pneumonitis (ILD), acute and/or severe (may cause ARDS)                


                  I.b
                
I - Interstitial/parenchymal lung disease

                    I.b - Pneumonitis (ILD)                


                  I.c
                
I - Interstitial/parenchymal lung disease

                    I.c - Eosinophilic pneumonia (pulmonary infiltrates and eosinophilia)                


                  I.d
                
I - Interstitial/parenchymal lung disease

                    I.d - Organizing pneumonia pattern (an area or areas of consolidation on imaging)                


                  I.k
                
I - Interstitial/parenchymal lung disease

                    I.k - Lung nodule or nodules                


                  I.l
                
I - Interstitial/parenchymal lung disease

                    I.l - Diffuse alveolar damage (DAD) (see alsoo under IIb and XVf)                


                  II.a
                
II - Pulmonary edema - Acute lung injury - ARDS

                    II.a - Pulmonary edema, noncardiogenic (NCPE)                


                  II.b
                
II - Pulmonary edema - Acute lung injury - ARDS

                    II.b - ARDS - Acute lung injury                


                  IV.a
                
IV - Airway involvement

                    IV.a - Bronchospasm - Wheezing - Asthma                


                  V.a
                
V - Pleural and/or pericardial involvement

                    V.a - Pleural effusion (uni- or bilateral) (can accompany DI-LDs)                


                  V.d
                
V - Pleural and/or pericardial involvement

                    V.d - Pleural/pericardial effusion, ANA positive (DI lupus)                


                  VII.a
                
VII - Mediastinal involvement

                    VII.a - Lymphadenopathy (intrathoracic)                


                  VII.b
                
VII - Mediastinal involvement

                    VII.b - Lymphadenopathy with reactive changes                


                  X.a
                
X - Systemic/Distant conditions, syndromes and reactions

                    X.a - DRES syndrome - DRESS-like reaction                


                  X.d
                
X - Systemic/Distant conditions, syndromes and reactions

                    X.d - Lupus - Lupus syndrome (see also Vd)                


                  X.m
                
X - Systemic/Distant conditions, syndromes and reactions

                    X.m - Vascultis (pulmonary, extrathoracic or systemic)-ANCA status unknown or negative)                


                  XII.a
                
XII - Cardiovascular involvement / toxicity

                    XII.a - Left or biventricular dysfunction/failure                


                  XII.c
                
XII - Cardiovascular involvement / toxicity

                    XII.c - Pericardial effusion (w/wo tamponade)                


                  XII.d
                
XII - Cardiovascular involvement / toxicity

                    XII.d - Myocarditis (can be fulminant)                


                  XII.l
                
XII - Cardiovascular involvement / toxicity

                    XII.l - Cardiac arrhythmias or dysrhythmias (AF, VT, VF, TdP)                


                  XII.s
                
XII - Cardiovascular involvement / toxicity

                    XII.s - Heart block (bundle branch- or AV-)                


                  XIII.b
                
XIII - Neoplastic conditions

                    XIII.b - Lymphoproliferative disease (pulmonary, endobronchial, endothoracic)                


                  XV.a
                
XV - Pathology

                    XV.a - Path: NSIP-cellular pattern (see also Ia, Ib)                


                  XV.b
                
XV - Pathology

                    XV.b - Path: Eosinophilic pneumonia (subacute or acute)  (see also Ic)                


                  XV.c
                
XV - Pathology

                    XV.c - Path: Organizing pneumonia (OP/BOOP) pattern (see also Id)                


                  XV.e
                
XV - Pathology

                    XV.e - Path: ILD with a granulomatous component (see also Im)                


                  XVI.ab
                
XVI - Imaging

                    XVI.ab - Imaging: Cavitating/cavitary lung nodule, mass or nodules (see also Iq, XIs, XIIi, XVIaa and XVIIp)",2554,DB00564,D00252,NC(=O)N1c2ccccc2C=Cc2ccccc21,1,1,1,0
Carbimazole,"III.b
                
III - Pulmonary/alveolar./airway hemorrhage/bleeding

                    III.b - Pneumorenal syndrome (w/wo ANCAs)                


                  III.d
                
III - Pulmonary/alveolar./airway hemorrhage/bleeding

                    III.d - Alveolar hemorrhage, diffuse (ANCA-positive/-related)                


                  V.a
                
V - Pleural and/or pericardial involvement

                    V.a - Pleural effusion (uni- or bilateral) (can accompany DI-LDs)                


                  V.b
                
V - Pleural and/or pericardial involvement

                    V.b - Eosinophilic pleural effusion                


                  VI.d
                
VI - Pulmonary vasculopathies

                    VI.d - Pulmonary vasculitis or capillaritis                


                  X.m
                
X - Systemic/Distant conditions, syndromes and reactions

                    X.m - Vascultis (pulmonary, extrathoracic or systemic)-ANCA status unknown or negative)                


                  X.s
                
X - Systemic/Distant conditions, syndromes and reactions

                    X.s - Vasculitis, pulmonary (w/wo AH), extrapulmonary, systemic: ANCA-positive",31072,DB00389,D07616,CCOC(=O)n1ccn(C)c1=S,0,0,1,1
Carbocysteine,"I.b
                
I - Interstitial/parenchymal lung disease

                    I.b - Pneumonitis (ILD)",193653,DB04339,D00175,NC(CSCC(=O)O)C(=O)O,1,0,0,0
Carbon monoxide (CO),"II.a
                
II - Pulmonary edema - Acute lung injury - ARDS

                    II.a - Pulmonary edema, noncardiogenic (NCPE)                


                  II.b
                
II - Pulmonary edema - Acute lung injury - ARDS

                    II.b - ARDS - Acute lung injury                


                  VI.a
                
VI - Pulmonary vasculopathies

                    VI.a - Pulmonary embolism - Venous thrombosis/thromboembolism                


                  IX.t
                
IX - Neuromuscular / CNS involvement - Disordered breathing (during sleep)

                    IX.t - CNS involvement/dysfunction/damage                


                  X.c
                
X - Systemic/Distant conditions, syndromes and reactions

                    X.c - Capillary leak syndrome (CLS)                


                  XI.r
                
XI - Miscellaneous

                    XI.r - Death following exposure or poisoning                


                  XII.f
                
XII - Cardiovascular involvement / toxicity

                    XII.f - Cardiomyopathy (acute, subacute, chronic)                


                  XII.g
                
XII - Cardiovascular involvement / toxicity

                    XII.g - Coronary artery disease (acute) - Myocardial ischemia/infarction                


                  XII.af
                
XII - Cardiovascular involvement / toxicity

                    XII.af - Coronary vasospasm - Vasospastic angina                


                  XIV.c
                
XIV - Hemoglobinopathies - Abnormal hemoglobin states (acquired)

                    XIV.c - Carboxyhemoglobinemia                


                  XIV.f
                
XIV - Hemoglobinopathies - Abnormal hemoglobin states (acquired)

                    XIV.f - A [pulsed vs. calculated ] oxygen saturation gap >5%                


                  XV.w
                
XV - Pathology

                    XV.w - Path: Pulmonary edema (see also II/IIa)",281,NOT_FOUND,NOT_FOUND,[C-]#[O+],0,1,0,1
Carboprost,"II.a
                
II - Pulmonary edema - Acute lung injury - ARDS

                    II.a - Pulmonary edema, noncardiogenic (NCPE)                


                  II.i
                
II - Pulmonary edema - Acute lung injury - ARDS

                    II.i - Flash (fulminate) pulmonary edema",5281075,Not Available,D02343,CCCCCC(C)(O)C=CC1C(O)CC(O)C1CC=CCCCC(=O)O,0,1,0,0
Carfilzomib,"I.a
                
I - Interstitial/parenchymal lung disease

                    I.a - Pneumonitis (ILD), acute and/or severe (may cause ARDS)                


                  I.b
                
I - Interstitial/parenchymal lung disease

                    I.b - Pneumonitis (ILD)                


                  III.a
                
III - Pulmonary/alveolar./airway hemorrhage/bleeding

                    III.a - Alveolar hemorrhage (AH), diffuse AH (DAH)                


                  VI.b
                
VI - Pulmonary vasculopathies

                    VI.b - Pulmonary arterial hypertension                


                  X.n
                
X - Systemic/Distant conditions, syndromes and reactions

                    X.n - Tumor lysis syndrome (TLS)                


                  XII.a
                
XII - Cardiovascular involvement / toxicity

                    XII.a - Left or biventricular dysfunction/failure                


                  XII.f
                
XII - Cardiovascular involvement / toxicity

                    XII.f - Cardiomyopathy (acute, subacute, chronic)                


                  XII.ai
                
XII - Cardiovascular involvement / toxicity

                    XII.ai - Cardiotoxicity                


                  XVII.a
                
XVII - Infections & related conditions

                    XVII.a - Respiratory tract infection incl. pneumonia                


                  XVII.o
                
XVII - Infections & related conditions

                    XVII.o - Nocardia pulmonary/systemic infection                


                  XXI.a
                
XXI - Rechallenge data

                    XXI.a - Rechallenge can lead to near-fatal or fatal relapse of AE/ILD                


                  XXI.b
                
XXI - Rechallenge data

                    XXI.b - Rechallenge can lead to relapse of AE/ILD",11556711,DB08889,D08880,CC(C)CC(NC(=O)C(CCc1ccccc1)NC(=O)CN1CCOCC1)C(=O)NC(Cc1ccccc1)C(=O)NC(CC(C)C)C(=O)C1(C)CO1,1,0,0,1
Carvedilol,"I.b
                
I - Interstitial/parenchymal lung disease

                    I.b - Pneumonitis (ILD)                


                  IV.a
                
IV - Airway involvement

                    IV.a - Bronchospasm - Wheezing - Asthma                


                  IV.f
                
IV - Airway involvement

                    IV.f - Severe or catastrophic bronchospasm or asthma attack (can be fatal)                


                  X.d
                
X - Systemic/Distant conditions, syndromes and reactions

                    X.d - Lupus - Lupus syndrome (see also Vd)",2585,DB01136,D00255,COc1ccccc1OCCNCC(O)COc1cccc2[nH]c3ccccc3c12,1,0,0,0
Cefotiam,"I.c
                
I - Interstitial/parenchymal lung disease

                    I.c - Eosinophilic pneumonia (pulmonary infiltrates and eosinophilia)",43708,NOT_FOUND,D01415,CN(C)CCn1nnnc1SCC1=C(C(=O)O)N2C(=O)C(NC(=O)Cc3csc(N)n3)C2SC1,1,0,0,0
Cefpodoxime,"I.c
                
I - Interstitial/parenchymal lung disease

                    I.c - Eosinophilic pneumonia (pulmonary infiltrates and eosinophilia)",6335986,DB01416,D07650,COCC1=C(C(=O)O)N2C(=O)C(=NC(=O)C(NOC)c3csc(N)n3)C2SC1,1,0,0,0
Ceftaroline,"I.c
                
I - Interstitial/parenchymal lung disease

                    I.c - Eosinophilic pneumonia (pulmonary infiltrates and eosinophilia)",9938701,DB06590,NOT_FOUND,CCON=C(C(=O)NC1C(=O)N2C(C(=O)O)=C(Sc3nc(-c4cc[n+](C)cc4)cs3)CSC12)c1nsc(N)n1,1,0,0,0
Ceftriaxone,"I.c
                
I - Interstitial/parenchymal lung disease

                    I.c - Eosinophilic pneumonia (pulmonary infiltrates and eosinophilia)                


                  VI.b
                
VI - Pulmonary vasculopathies

                    VI.b - Pulmonary arterial hypertension                


                  IX.i
                
IX - Neuromuscular / CNS involvement - Disordered breathing (during sleep)

                    IX.i - Respiratory arrest - Apnea                


                  X.a
                
X - Systemic/Distant conditions, syndromes and reactions

                    X.a - DRES syndrome - DRESS-like reaction                


                  X.f
                
X - Systemic/Distant conditions, syndromes and reactions

                    X.f - Anaphylaxis-Anaphylactoid reaction (can be fatal)                


                  XII.m
                
XII - Cardiovascular involvement / toxicity

                    XII.m - Cardiac- cardiorespiratory/pulmonary arrest                


                  XIX.c
                
XIX - Cytological, biochemical features of/in BAL, pleural fluid or FNA

                    XIX.c - BAL: An excess proportion of eosinophils                


                  XXIV.h
                
XXIV - Veterinary medicine

                    XXIV.h - Veterinary: Anaphylaxis/Anaphylactoid reaction",5479530,DB01212,D07659,CON=C(C(=O)NC1C(=O)N2C(C(=O)O)=C(CSc3nc(=O)c(=O)[nH]n3C)CSC12)c1csc(N)n1,1,0,1,1
Celecoxib,"I.c
                
I - Interstitial/parenchymal lung disease

                    I.c - Eosinophilic pneumonia (pulmonary infiltrates and eosinophilia)                


                  II.a
                
II - Pulmonary edema - Acute lung injury - ARDS

                    II.a - Pulmonary edema, noncardiogenic (NCPE)                


                  IV.a
                
IV - Airway involvement

                    IV.a - Bronchospasm - Wheezing - Asthma                


                  X.a
                
X - Systemic/Distant conditions, syndromes and reactions

                    X.a - DRES syndrome - DRESS-like reaction                


                  X.f
                
X - Systemic/Distant conditions, syndromes and reactions

                    X.f - Anaphylaxis-Anaphylactoid reaction (can be fatal)                


                  XIV.a
                
XIV - Hemoglobinopathies - Abnormal hemoglobin states (acquired)

                    XIV.a - Methemoglobinemia",2662,DB00482,D00567,Cc1ccc(-c2cc(C(F)(F)F)nn2-c2ccc(S(N)(=O)=O)cc2)cc1,1,1,0,0
Celiprolol,"I.a
                
I - Interstitial/parenchymal lung disease

                    I.a - Pneumonitis (ILD), acute and/or severe (may cause ARDS)                


                  IV.a
                
IV - Airway involvement

                    IV.a - Bronchospasm - Wheezing - Asthma",2663,DB04846,D07660,CCN(CC)C(=O)Nc1ccc(OCC(O)CNC(C)(C)C)c(C(C)=O)c1,1,0,0,0
Cephalexin,"I.d
                
I - Interstitial/parenchymal lung disease

                    I.d - Organizing pneumonia pattern (an area or areas of consolidation on imaging)",27447,DB00567,D00263; D00906,CC1=C(C(=O)O)N2C(=O)C(NC(=O)C(N)c3ccccc3)C2SC1,1,0,0,0
Ceritinib,"I.a
                
I - Interstitial/parenchymal lung disease

                    I.a - Pneumonitis (ILD), acute and/or severe (may cause ARDS)                


                  I.b
                
I - Interstitial/parenchymal lung disease

                    I.b - Pneumonitis (ILD)                


                  I.d
                
I - Interstitial/parenchymal lung disease

                    I.d - Organizing pneumonia pattern (an area or areas of consolidation on imaging)                


                  V.a
                
V - Pleural and/or pericardial involvement

                    V.a - Pleural effusion (uni- or bilateral) (can accompany DI-LDs)                


                  X.k
                
X - Systemic/Distant conditions, syndromes and reactions

                    X.k - Sarcoid-like granulomatosis (endo-/extrathoracic)                


                  XII.l
                
XII - Cardiovascular involvement / toxicity

                    XII.l - Cardiac arrhythmias or dysrhythmias (AF, VT, VF, TdP)                


                  XII.p
                
XII - Cardiovascular involvement / toxicity

                    XII.p - QTc prolongation                


                  XII.q
                
XII - Cardiovascular involvement / toxicity

                    XII.q - Pericarditis (see also under XIIc)                


                  XV.c
                
XV - Pathology

                    XV.c - Path: Organizing pneumonia (OP/BOOP) pattern (see also Id)                


                  XV.cy
                
XV - Pathology

                    XV.cy - Path: Bronchial sarcoid-like granulomas                


                  XIX.a
                
XIX - Cytological, biochemical features of/in BAL, pleural fluid or FNA

                    XIX.a - BAL: An excess proportion of lymphocytes",57379345,DB09063,D10551,Cc1cc(Nc2ncc(Cl)c(Nc3ccccc3S(=O)(=O)C(C)C)n2)c(OC(C)C)cc1C1CCNCC1,1,0,1,0
Chlorambucil,"I.b
                
I - Interstitial/parenchymal lung disease

                    I.b - Pneumonitis (ILD)                


                  I.d
                
I - Interstitial/parenchymal lung disease

                    I.d - Organizing pneumonia pattern (an area or areas of consolidation on imaging)                


                  I.g
                
I - Interstitial/parenchymal lung disease

                    I.g - Pulmonary fibrosis                


                  I.w
                
I - Interstitial/parenchymal lung disease

                    I.w - Rapidly progressive ILD/pulmonary fibrosis (Hamman-Rich syndrome)                


                  II.b
                
II - Pulmonary edema - Acute lung injury - ARDS

                    II.b - ARDS - Acute lung injury                


                  X.a
                
X - Systemic/Distant conditions, syndromes and reactions

                    X.a - DRES syndrome - DRESS-like reaction                


                  XV.i
                
XV - Pathology

                    XV.i - Path: Pneumocyte atypia (reactive epithelial cells) (a.k.a. the ""Napoleon Hat"" sign)                


                  XV.l
                
XV - Pathology

                    XV.l - Path: Pulmonary fibrosis (not otherwise specified or unclassifiable)                


                  XIX.a
                
XIX - Cytological, biochemical features of/in BAL, pleural fluid or FNA

                    XIX.a - BAL: An excess proportion of lymphocytes",2708,DB00291,D00266,O=C(O)CCCc1ccc(N(CCCl)CCCl)cc1,1,1,1,0
Chlordiazepoxide,"II.a
                
II - Pulmonary edema - Acute lung injury - ARDS

                    II.a - Pulmonary edema, noncardiogenic (NCPE)",2712,DB00475,D00267,CN=C1CN(O)C(c2ccccc2)=c2cc(Cl)ccc2=N1,0,1,0,0
Chlorhexidine,"II.b
                
II - Pulmonary edema - Acute lung injury - ARDS

                    II.b - ARDS - Acute lung injury                


                  IV.a
                
IV - Airway involvement

                    IV.a - Bronchospasm - Wheezing - Asthma                


                  X.f
                
X - Systemic/Distant conditions, syndromes and reactions

                    X.f - Anaphylaxis-Anaphylactoid reaction (can be fatal)",9552079,DB00878,D07668,N=C(N=C(N)NCCCCCCN=C(N)N=C(N)Nc1ccc(Cl)cc1)Nc1ccc(Cl)cc1,0,1,0,0
Chloroquine,"I.b
                
I - Interstitial/parenchymal lung disease

                    I.b - Pneumonitis (ILD)                


                  I.c
                
I - Interstitial/parenchymal lung disease

                    I.c - Eosinophilic pneumonia (pulmonary infiltrates and eosinophilia)                


                  I.d
                
I - Interstitial/parenchymal lung disease

                    I.d - Organizing pneumonia pattern (an area or areas of consolidation on imaging)                


                  I.e
                
I - Interstitial/parenchymal lung disease

                    I.e - Acute eosinophilic pneumonia (AEP)                


                  II.b
                
II - Pulmonary edema - Acute lung injury - ARDS

                    II.b - ARDS - Acute lung injury                


                  VI.b
                
VI - Pulmonary vasculopathies

                    VI.b - Pulmonary arterial hypertension                


                  IX.a
                
IX - Neuromuscular / CNS involvement - Disordered breathing (during sleep)

                    IX.a - Diaphragm/inspiratory muscle weakness/paralysis (w/wo ARF)                


                  IX.i
                
IX - Neuromuscular / CNS involvement - Disordered breathing (during sleep)

                    IX.i - Respiratory arrest - Apnea                


                  X.a
                
X - Systemic/Distant conditions, syndromes and reactions

                    X.a - DRES syndrome - DRESS-like reaction                


                  XI.r
                
XI - Miscellaneous

                    XI.r - Death following exposure or poisoning                


                  XII.f
                
XII - Cardiovascular involvement / toxicity

                    XII.f - Cardiomyopathy (acute, subacute, chronic)                


                  XII.h
                
XII - Cardiovascular involvement / toxicity

                    XII.h - Eosinophilic myocarditis                


                  XII.l
                
XII - Cardiovascular involvement / toxicity

                    XII.l - Cardiac arrhythmias or dysrhythmias (AF, VT, VF, TdP)                


                  XII.m
                
XII - Cardiovascular involvement / toxicity

                    XII.m - Cardiac- cardiorespiratory/pulmonary arrest                


                  XII.p
                
XII - Cardiovascular involvement / toxicity

                    XII.p - QTc prolongation                


                  XII.s
                
XII - Cardiovascular involvement / toxicity

                    XII.s - Heart block (bundle branch- or AV-)                


                  XIV.a
                
XIV - Hemoglobinopathies - Abnormal hemoglobin states (acquired)

                    XIV.a - Methemoglobinemia                


                  XV.b
                
XV - Pathology

                    XV.b - Path: Eosinophilic pneumonia (subacute or acute)  (see also Ic)                


                  XV.c
                
XV - Pathology

                    XV.c - Path: Organizing pneumonia (OP/BOOP) pattern (see also Id)                


                  XIX.c
                
XIX - Cytological, biochemical features of/in BAL, pleural fluid or FNA

                    XIX.c - BAL: An excess proportion of eosinophils",2719,DB00608,D02366,CCN(CC)CCCC(C)Nc1ccnc2cc(Cl)ccc12,1,1,1,1
Chlorothiazide,"II.b
                
II - Pulmonary edema - Acute lung injury - ARDS

                    II.b - ARDS - Acute lung injury",2720,DB00880,D00519,NS(=O)(=O)c1cc2c(cc1Cl)N=CNS2(=O)=O,0,1,0,0
Chlorpromazine,"I.c
                
I - Interstitial/parenchymal lung disease

                    I.c - Eosinophilic pneumonia (pulmonary infiltrates and eosinophilia)                


                  V.d
                
V - Pleural and/or pericardial involvement

                    V.d - Pleural/pericardial effusion, ANA positive (DI lupus)                


                  VI.a
                
VI - Pulmonary vasculopathies

                    VI.a - Pulmonary embolism - Venous thrombosis/thromboembolism                


                  VIII.e
                
VIII - Central-large-upper airway (incl. pharyngeal-nasal) involvement

                    VIII.e - Laryngospasm (a.k.a. laryngismus)                


                  IX.b
                
IX - Neuromuscular / CNS involvement - Disordered breathing (during sleep)

                    IX.b - Respiratory dyskinesia                


                  IX.d
                
IX - Neuromuscular / CNS involvement - Disordered breathing (during sleep)

                    IX.d - Respiratory failure from ventilatory depression (due to neuromuscular blockade/paralysis)                


                  X.b
                
X - Systemic/Distant conditions, syndromes and reactions

                    X.b - Antiphospholipid antibodies w/wo the APL syndrome                


                  X.d
                
X - Systemic/Distant conditions, syndromes and reactions

                    X.d - Lupus - Lupus syndrome (see also Vd)                


                  X.f
                
X - Systemic/Distant conditions, syndromes and reactions

                    X.f - Anaphylaxis-Anaphylactoid reaction (can be fatal)",2726,DB00477,D00270,CN(C)CCCN1c2ccccc2Sc2ccc(Cl)cc21,1,0,1,1
Chlorpropamide,"I.c
                
I - Interstitial/parenchymal lung disease

                    I.c - Eosinophilic pneumonia (pulmonary infiltrates and eosinophilia)                


                  X.a
                
X - Systemic/Distant conditions, syndromes and reactions

                    X.a - DRES syndrome - DRESS-like reaction",2727,DB00672,D00271,CCCNC(=O)NS(=O)(=O)c1ccc(Cl)cc1,1,0,0,0
Cibenzoline,"I.b
                
I - Interstitial/parenchymal lung disease

                    I.b - Pneumonitis (ILD)                


                  IX.d
                
IX - Neuromuscular / CNS involvement - Disordered breathing (during sleep)

                    IX.d - Respiratory failure from ventilatory depression (due to neuromuscular blockade/paralysis)",2747,DB-052284,D03492,c1ccc(C2(c3ccccc3)CC2C2=NCCN2)cc1,1,0,0,0
Cilazapril,"V.b
                
V - Pleural and/or pericardial involvement

                    V.b - Eosinophilic pleural effusion",56330,DB01340,D07699; D01069,CCOC(=O)C(CCc1ccccc1)NC1CCCN2CCCC(C(=O)O)N2C1=O,0,0,1,0
Cilostazol,"I.b
                
I - Interstitial/parenchymal lung disease

                    I.b - Pneumonitis (ILD)                


                  III.a
                
III - Pulmonary/alveolar./airway hemorrhage/bleeding

                    III.a - Alveolar hemorrhage (AH), diffuse AH (DAH)",2754,DB01166,D01896,O=C1CCc2cc(OCCCCc3nnnn3C3CCCCC3)ccc2N1,1,0,0,0
Cimetidine,"I.b
                
I - Interstitial/parenchymal lung disease

                    I.b - Pneumonitis (ILD)",2756,DB00501,D00295,CN=C(NC#N)NCCSCc1[nH]cnc1C,1,0,0,0
Ciprofloxacin,"I.b
                
I - Interstitial/parenchymal lung disease

                    I.b - Pneumonitis (ILD)                


                  I.c
                
I - Interstitial/parenchymal lung disease

                    I.c - Eosinophilic pneumonia (pulmonary infiltrates and eosinophilia)                


                  VIII.c
                
VIII - Central-large-upper airway (incl. pharyngeal-nasal) involvement

                    VIII.c - Upper airway obstruction other than angioedema or hematoma                


                  X.f
                
X - Systemic/Distant conditions, syndromes and reactions

                    X.f - Anaphylaxis-Anaphylactoid reaction (can be fatal)                


                  XV.b
                
XV - Pathology

                    XV.b - Path: Eosinophilic pneumonia (subacute or acute)  (see also Ic)                


                  XV.e
                
XV - Pathology

                    XV.e - Path: ILD with a granulomatous component (see also Im)",2764,DB00537,D00186,O=C(O)c1cn(C2CC2)c2cc(N3CCNCC3)c(F)cc2c1=O,1,0,0,0
Cladribine,"I.a
                
I - Interstitial/parenchymal lung disease

                    I.a - Pneumonitis (ILD), acute and/or severe (may cause ARDS)                


                  I.b
                
I - Interstitial/parenchymal lung disease

                    I.b - Pneumonitis (ILD)                


                  I.d
                
I - Interstitial/parenchymal lung disease

                    I.d - Organizing pneumonia pattern (an area or areas of consolidation on imaging)                


                  XIII.b
                
XIII - Neoplastic conditions

                    XIII.b - Lymphoproliferative disease (pulmonary, endobronchial, endothoracic)                


                  XV.k
                
XV - Pathology

                    XV.k - Path: Desquamative interstitial pneumonia (DIP-pattern)                


                  XVII.b
                
XVII - Infections & related conditions

                    XVII.b - Opportunistic pulmonary/systemic infections                


                  XVII.e
                
XVII - Infections & related conditions

                    XVII.e - Pneumocystis jiroveci pneumonia                


                  XVII.g
                
XVII - Infections & related conditions

                    XVII.g - Tuberculosis (pulmonary, pulmonary, extrapulmonary or disseminated). Reactivation or de novo                


                  XVII.j
                
XVII - Infections & related conditions

                    XVII.j - Mucormycosis (pulmonary, tracheobronchial or systemic)                


                  XVII.q
                
XVII - Infections & related conditions

                    XVII.q - Viral pneumonia",20279,DB00242,D01370,Nc1nc(Cl)nc2c1ncn2C1CC(O)C(CO)O1,1,0,0,0
Clarithromycin,"I.c
                
I - Interstitial/parenchymal lung disease

                    I.c - Eosinophilic pneumonia (pulmonary infiltrates and eosinophilia)                


                  IV.a
                
IV - Airway involvement

                    IV.a - Bronchospasm - Wheezing - Asthma                


                  X.h
                
X - Systemic/Distant conditions, syndromes and reactions

                    X.h - Eosinophilic granulomatosis with polyangiitis (Churg-Strauss)                


                  XII.g
                
XII - Cardiovascular involvement / toxicity

                    XII.g - Coronary artery disease (acute) - Myocardial ischemia/infarction",84029,DB01211,D00276,CCC1OC(=O)C(C)C(OC2CC(C)(OC)C(O)C(C)O2)C(C)C(OC2OC(C)CC(N(C)C)C2O)C(C)(OC)CC(C)C(=O)C(C)C(O)C1(C)O,1,0,0,0
Clazosentan,"II.a
                
II - Pulmonary edema - Acute lung injury - ARDS

                    II.a - Pulmonary edema, noncardiogenic (NCPE)                


                  II.d
                
II - Pulmonary edema - Acute lung injury - ARDS

                    II.d - Pulmonary edema, cardiogenic                


                  II.h
                
II - Pulmonary edema - Acute lung injury - ARDS

                    II.h - Overload pulmonary edema (including  posttransfusional (TACO))                


                  V.a
                
V - Pleural and/or pericardial involvement

                    V.a - Pleural effusion (uni- or bilateral) (can accompany DI-LDs)",6433095,NOT_FOUND,NOT_FOUND,COc1ccccc1Oc1c(NS(=O)(=O)c2ccc(C)cn2)nc(-c2ccnc(-c3nn[nH]n3)c2)nc1OCCO,0,1,1,0
Clevidipine,"II.f
                
II - Pulmonary edema - Acute lung injury - ARDS

                    II.f - Hypoxemia, low oxygen saturation (may occur in isolation)",153994,DB04920,D08892,CCCC(=O)OCOC(=O)C1=C(C)N=C(C)C(C(=O)OC)C1c1cccc(Cl)c1Cl,0,1,0,0
Clindamycin,"I.b
                
I - Interstitial/parenchymal lung disease

                    I.b - Pneumonitis (ILD)                


                  I.c
                
I - Interstitial/parenchymal lung disease

                    I.c - Eosinophilic pneumonia (pulmonary infiltrates and eosinophilia)                


                  IX.d
                
IX - Neuromuscular / CNS involvement - Disordered breathing (during sleep)

                    IX.d - Respiratory failure from ventilatory depression (due to neuromuscular blockade/paralysis)                


                  IX.i
                
IX - Neuromuscular / CNS involvement - Disordered breathing (during sleep)

                    IX.i - Respiratory arrest - Apnea                


                  XI.a
                
XI - Miscellaneous

                    XI.a - Cyanosis, a low SpO2 and normal measured PaO2                


                  XIV.a
                
XIV - Hemoglobinopathies - Abnormal hemoglobin states (acquired)

                    XIV.a - Methemoglobinemia",446598,DB01190,D00277,CCCC1CC(C(=O)NC(C(C)Cl)C2OC(SC)C(O)C(O)C2O)N(C)C1,1,0,0,0
Clofazimine,"I.b
                
I - Interstitial/parenchymal lung disease

                    I.b - Pneumonitis (ILD)                


                  XV.u
                
XV - Pathology

                    XV.u - Path: Crystal storage disease",2794,DB00845,D00278,CC(C)N=c1cc2n(-c3ccc(Cl)cc3)c3ccccc3nc-2cc1Nc1ccc(Cl)cc1,1,0,0,0
Clofibrate,"I.c
                
I - Interstitial/parenchymal lung disease

                    I.c - Eosinophilic pneumonia (pulmonary infiltrates and eosinophilia)                


                  X.d
                
X - Systemic/Distant conditions, syndromes and reactions

                    X.d - Lupus - Lupus syndrome (see also Vd)",2796,NOT_FOUND,NOT_FOUND,CCOC(=O)C(C)(C)Oc1ccc(Cl)cc1,1,0,0,0
Clomipramine,"I.c
                
I - Interstitial/parenchymal lung disease

                    I.c - Eosinophilic pneumonia (pulmonary infiltrates and eosinophilia)                


                  I.d
                
I - Interstitial/parenchymal lung disease

                    I.d - Organizing pneumonia pattern (an area or areas of consolidation on imaging)                


                  IX.d
                
IX - Neuromuscular / CNS involvement - Disordered breathing (during sleep)

                    IX.d - Respiratory failure from ventilatory depression (due to neuromuscular blockade/paralysis)                


                  X.a
                
X - Systemic/Distant conditions, syndromes and reactions

                    X.a - DRES syndrome - DRESS-like reaction                


                  XII.d
                
XII - Cardiovascular involvement / toxicity

                    XII.d - Myocarditis (can be fulminant)                


                  XII.ay
                
XII - Cardiovascular involvement / toxicity

                    XII.ay - Coronary (artery) vasculitis                


                  XV.cb
                
XV - Pathology

                    XV.cb - Path: Lymphocytic myocarditis                


                  XV.cc
                
XV - Pathology

                    XV.cc - Path: Eosinophilic myocarditis                


                  XV.cm
                
XV - Pathology

                    XV.cm - Path: Coronary vasculitis w/wo eosinophilia",2801,DB01242,D07727,CN(C)CCCN1c2ccccc2CCc2ccc(Cl)cc21,1,0,0,0
Clopidogrel,"I.a
                
I - Interstitial/parenchymal lung disease

                    I.a - Pneumonitis (ILD), acute and/or severe (may cause ARDS)                


                  I.b
                
I - Interstitial/parenchymal lung disease

                    I.b - Pneumonitis (ILD)                


                  I.c
                
I - Interstitial/parenchymal lung disease

                    I.c - Eosinophilic pneumonia (pulmonary infiltrates and eosinophilia)                


                  II.a
                
II - Pulmonary edema - Acute lung injury - ARDS

                    II.a - Pulmonary edema, noncardiogenic (NCPE)                


                  II.b
                
II - Pulmonary edema - Acute lung injury - ARDS

                    II.b - ARDS - Acute lung injury                


                  III.a
                
III - Pulmonary/alveolar./airway hemorrhage/bleeding

                    III.a - Alveolar hemorrhage (AH), diffuse AH (DAH)                


                  III.c
                
III - Pulmonary/alveolar./airway hemorrhage/bleeding

                    III.c - Hemoptysis                


                  V.e
                
V - Pleural and/or pericardial involvement

                    V.e - Hemothorax - Serosanguineous pleural effusion                


                  V.n
                
V - Pleural and/or pericardial involvement

                    V.n - Hemopericardium - Bloody pericardial effusion                


                  VI.f
                
VI - Pulmonary vasculopathies

                    VI.f - Hemolytic and uremic syndrome (HUS). See also under Xaf                


                  VIII.a
                
VIII - Central-large-upper airway (incl. pharyngeal-nasal) involvement

                    VIII.a - Angioedema (may cause UAO, asphyxia and death)                


                  VIII.b
                
VIII - Central-large-upper airway (incl. pharyngeal-nasal) involvement

                    VIII.b - Hematoma of/around central airway wall potentially causing UAO                


                  VIII.k
                
VIII - Central-large-upper airway (incl. pharyngeal-nasal) involvement

                    VIII.k - Submucosal airway petechiae/hemorrhage                


                  X.a
                
X - Systemic/Distant conditions, syndromes and reactions

                    X.a - DRES syndrome - DRESS-like reaction                


                  X.g
                
X - Systemic/Distant conditions, syndromes and reactions

                    X.g - Hypersensitivity reaction (may manifest with fever and/or skin, throat or airway involvement)                


                  X.q
                
X - Systemic/Distant conditions, syndromes and reactions

                    X.q - Systemic inflammatory response                


                  XI.k
                
XI - Miscellaneous

                    XI.k - Esophageal hematoma (may cause chest pain and/or tracheal compression)                


                  XV.a
                
XV - Pathology

                    XV.a - Path: NSIP-cellular pattern (see also Ia, Ib)                


                  XV.c
                
XV - Pathology

                    XV.c - Path: Organizing pneumonia (OP/BOOP) pattern (see also Id)                


                  XIX.c
                
XIX - Cytological, biochemical features of/in BAL, pleural fluid or FNA

                    XIX.c - BAL: An excess proportion of eosinophils",60606,DB00758,D07729; D10823; D10824,COC(=O)C(c1ccccc1Cl)N1CCc2sccc2C1,1,1,1,0
Clozapine,"I.b
                
I - Interstitial/parenchymal lung disease

                    I.b - Pneumonitis (ILD)                


                  I.c
                
I - Interstitial/parenchymal lung disease

                    I.c - Eosinophilic pneumonia (pulmonary infiltrates and eosinophilia)                


                  IV.a
                
IV - Airway involvement

                    IV.a - Bronchospasm - Wheezing - Asthma                


                  V.a
                
V - Pleural and/or pericardial involvement

                    V.a - Pleural effusion (uni- or bilateral) (can accompany DI-LDs)                


                  V.b
                
V - Pleural and/or pericardial involvement

                    V.b - Eosinophilic pleural effusion                


                  V.m
                
V - Pleural and/or pericardial involvement

                    V.m - Pleuropericarditis - Pleuropericardial effusion (ANA unknown or negative)                


                  VI.a
                
VI - Pulmonary vasculopathies

                    VI.a - Pulmonary embolism - Venous thrombosis/thromboembolism                


                  VIII.a
                
VIII - Central-large-upper airway (incl. pharyngeal-nasal) involvement

                    VIII.a - Angioedema (may cause UAO, asphyxia and death)                


                  IX.f
                
IX - Neuromuscular / CNS involvement - Disordered breathing (during sleep)

                    IX.f - Hiccup                


                  X.e
                
X - Systemic/Distant conditions, syndromes and reactions

                    X.e - Autoimmunity-Autoimmune conditions (+ANA, +anti-ds-DNA, +ANCAs, other auto-Abs)                


                  X.o
                
X - Systemic/Distant conditions, syndromes and reactions

                    X.o - Neutrophilic dermatosis (Pyoderma, Sweet syndrome)                


                  X.s
                
X - Systemic/Distant conditions, syndromes and reactions

                    X.s - Vasculitis, pulmonary (w/wo AH), extrapulmonary, systemic: ANCA-positive                


                  X.u
                
X - Systemic/Distant conditions, syndromes and reactions

                    X.u - Multiple organ dysfunction/failure (MODS/MOF)                


                  XI.g
                
XI - Miscellaneous

                    XI.g - Aspiration, aspiration pneumonia (w/wo demonstrable pharyngeal dysmotility)                


                  XI.n
                
XI - Miscellaneous

                    XI.n - Neutropenia, agranulocytosis (w/wo infection/sepsis)                


                  XI.ak
                
XI - Miscellaneous

                    XI.ak - Sialorrhea - Drooling                


                  XII.d
                
XII - Cardiovascular involvement / toxicity

                    XII.d - Myocarditis (can be fulminant)                


                  XII.f
                
XII - Cardiovascular involvement / toxicity

                    XII.f - Cardiomyopathy (acute, subacute, chronic)                


                  XII.h
                
XII - Cardiovascular involvement / toxicity

                    XII.h - Eosinophilic myocarditis                


                  XII.ai
                
XII - Cardiovascular involvement / toxicity

                    XII.ai - Cardiotoxicity                


                  XV.cb
                
XV - Pathology

                    XV.cb - Path: Lymphocytic myocarditis                


                  XV.cc
                
XV - Pathology

                    XV.cc - Path: Eosinophilic myocarditis",135398737,DB00363,D00283,CN1CCN(C2=Nc3cc(Cl)ccc3Nc3ccccc32)CC1,1,0,1,1
Cocaine,"I.c
                
I - Interstitial/parenchymal lung disease

                    I.c - Eosinophilic pneumonia (pulmonary infiltrates and eosinophilia)                


                  I.d
                
I - Interstitial/parenchymal lung disease

                    I.d - Organizing pneumonia pattern (an area or areas of consolidation on imaging)                


                  I.e
                
I - Interstitial/parenchymal lung disease

                    I.e - Acute eosinophilic pneumonia (AEP)                


                  I.t
                
I - Interstitial/parenchymal lung disease

                    I.t - Pneumoconiosis (silicosis, talcosis...)                


                  I.z
                
I - Interstitial/parenchymal lung disease

                    I.z - An area or areas of consolidation                


                  II.a
                
II - Pulmonary edema - Acute lung injury - ARDS

                    II.a - Pulmonary edema, noncardiogenic (NCPE)                


                  II.d
                
II - Pulmonary edema - Acute lung injury - ARDS

                    II.d - Pulmonary edema, cardiogenic                


                  III.a
                
III - Pulmonary/alveolar./airway hemorrhage/bleeding

                    III.a - Alveolar hemorrhage (AH), diffuse AH (DAH)                


                  III.b
                
III - Pulmonary/alveolar./airway hemorrhage/bleeding

                    III.b - Pneumorenal syndrome (w/wo ANCAs)                


                  III.c
                
III - Pulmonary/alveolar./airway hemorrhage/bleeding

                    III.c - Hemoptysis                


                  III.n
                
III - Pulmonary/alveolar./airway hemorrhage/bleeding

                    III.n - Alveolar hemorrhage (subclinical, or as a BAL feature)                


                  IV.a
                
IV - Airway involvement

                    IV.a - Bronchospasm - Wheezing - Asthma                


                  IV.f
                
IV - Airway involvement

                    IV.f - Severe or catastrophic bronchospasm or asthma attack (can be fatal)                


                  IV.o
                
IV - Airway involvement

                    IV.o - Airway hyperresponsiveness                


                  V.f
                
V - Pleural and/or pericardial involvement

                    V.f - Pneumothorax                


                  V.ab
                
V - Pleural and/or pericardial involvement

                    V.ab - Pneumothorax, bilateral                


                  VI.a
                
VI - Pulmonary vasculopathies

                    VI.a - Pulmonary embolism - Venous thrombosis/thromboembolism                


                  VI.b
                
VI - Pulmonary vasculopathies

                    VI.b - Pulmonary arterial hypertension                


                  VI.l
                
VI - Pulmonary vasculopathies

                    VI.l - Acute pulmonary vasoconstriction and PHT                


                  VII.h
                
VII - Mediastinal involvement

                    VII.h - Pneumomediastinum                


                  VIII.a
                
VIII - Central-large-upper airway (incl. pharyngeal-nasal) involvement

                    VIII.a - Angioedema (may cause UAO, asphyxia and death)                


                  VIII.c
                
VIII - Central-large-upper airway (incl. pharyngeal-nasal) involvement

                    VIII.c - Upper airway obstruction other than angioedema or hematoma                


                  VIII.i
                
VIII - Central-large-upper airway (incl. pharyngeal-nasal) involvement

                    VIII.i - Midline destructive lesions                


                  VIII.w
                
VIII - Central-large-upper airway (incl. pharyngeal-nasal) involvement

                    VIII.w - Uvulitis, uvular edema                


                  VIII.ah
                
VIII - Central-large-upper airway (incl. pharyngeal-nasal) involvement

                    VIII.ah - Tracheal polyps                


                  VIII.ai
                
VIII - Central-large-upper airway (incl. pharyngeal-nasal) involvement

                    VIII.ai - Nasal, palatal and/or pharyngeal pathology                


                  VIII.ak
                
VIII - Central-large-upper airway (incl. pharyngeal-nasal) involvement

                    VIII.ak - Rhinitis medicamentosa                


                  VIII.ap
                
VIII - Central-large-upper airway (incl. pharyngeal-nasal) involvement

                    VIII.ap - Airway foreign body                


                  IX.k
                
IX - Neuromuscular / CNS involvement - Disordered breathing (during sleep)

                    IX.k - Trismus (lockjaw)                


                  IX.o
                
IX - Neuromuscular / CNS involvement - Disordered breathing (during sleep)

                    IX.o - Pneumorachis                


                  X.f
                
X - Systemic/Distant conditions, syndromes and reactions

                    X.f - Anaphylaxis-Anaphylactoid reaction (can be fatal)                


                  X.h
                
X - Systemic/Distant conditions, syndromes and reactions

                    X.h - Eosinophilic granulomatosis with polyangiitis (Churg-Strauss)                


                  X.j
                
X - Systemic/Distant conditions, syndromes and reactions

                    X.j - Myopathy-Myositis-Polymyositis (see also under Xba)                


                  X.m
                
X - Systemic/Distant conditions, syndromes and reactions

                    X.m - Vascultis (pulmonary, extrathoracic or systemic)-ANCA status unknown or negative)                


                  X.o
                
X - Systemic/Distant conditions, syndromes and reactions

                    X.o - Neutrophilic dermatosis (Pyoderma, Sweet syndrome)                


                  X.s
                
X - Systemic/Distant conditions, syndromes and reactions

                    X.s - Vasculitis, pulmonary (w/wo AH), extrapulmonary, systemic: ANCA-positive                


                  X.u
                
X - Systemic/Distant conditions, syndromes and reactions

                    X.u - Multiple organ dysfunction/failure (MODS/MOF)                


                  X.x
                
X - Systemic/Distant conditions, syndromes and reactions

                    X.x - ANCA positivity. Subclinical or with clinical manifestations                


                  X.ac
                
X - Systemic/Distant conditions, syndromes and reactions

                    X.ac - Anti-GBM antibody disease (Goodpasture-like or flare of preexisting GS)                


                  X.ad
                
X - Systemic/Distant conditions, syndromes and reactions

                    X.ad - Skin purpura, ecchymoses or necrosis                


                  X.as
                
X - Systemic/Distant conditions, syndromes and reactions

                    X.as - Scleroderma renal crisis                


                  XI.b
                
XI - Miscellaneous

                    XI.b - Chest pain (acute or subacute), lone or prominent                


                  XI.m
                
XI - Miscellaneous

                    XI.m - Pulmonary emphysema - Lung cysts or bullae                


                  XI.n
                
XI - Miscellaneous

                    XI.n - Neutropenia, agranulocytosis (w/wo infection/sepsis)                


                  XI.r
                
XI - Miscellaneous

                    XI.r - Death following exposure or poisoning                


                  XI.ae
                
XI - Miscellaneous

                    XI.ae - Barotrauma (incl. pneumothorax, pneumomediastinum, interstitial ephysema...)                


                  XI.az
                
XI - Miscellaneous

                    XI.az - Sneezing (may cause pulmonary barotrauma)                


                  XII.a
                
XII - Cardiovascular involvement / toxicity

                    XII.a - Left or biventricular dysfunction/failure                


                  XII.e
                
XII - Cardiovascular involvement / toxicity

                    XII.e - Takotsubo (stress) cardiomyopathy                


                  XII.f
                
XII - Cardiovascular involvement / toxicity

                    XII.f - Cardiomyopathy (acute, subacute, chronic)                


                  XII.g
                
XII - Cardiovascular involvement / toxicity

                    XII.g - Coronary artery disease (acute) - Myocardial ischemia/infarction                


                  XII.l
                
XII - Cardiovascular involvement / toxicity

                    XII.l - Cardiac arrhythmias or dysrhythmias (AF, VT, VF, TdP)                


                  XII.y
                
XII - Cardiovascular involvement / toxicity

                    XII.y - Pneumopericardium                


                  XII.ae
                
XII - Cardiovascular involvement / toxicity

                    XII.ae - Aortic dissection                


                  XII.af
                
XII - Cardiovascular involvement / toxicity

                    XII.af - Coronary vasospasm - Vasospastic angina                


                  XII.aj
                
XII - Cardiovascular involvement / toxicity

                    XII.aj - Systemic arterial thrombosis                


                  XII.ap
                
XII - Cardiovascular involvement / toxicity

                    XII.ap - Coronary artery dissection                


                  XIV.c
                
XIV - Hemoglobinopathies - Abnormal hemoglobin states (acquired)

                    XIV.c - Carboxyhemoglobinemia                


                  XV.b
                
XV - Pathology

                    XV.b - Path: Eosinophilic pneumonia (subacute or acute)  (see also Ic)                


                  XV.g
                
XV - Pathology

                    XV.g - Path: Alveolar hemorrhage (see also IIIa)                


                  XV.h
                
XV - Pathology

                    XV.h - Path: NSIP-fibrotic pattern                


                  XV.s
                
XV - Pathology

                    XV.s - Path: Pneumoconiosis (silicosis,  talcosis, talcoma)                


                  XV.w
                
XV - Pathology

                    XV.w - Path: Pulmonary edema (see also II/IIa)                


                  XV.aw
                
XV - Pathology

                    XV.aw - Path: Skin vasculopathy/vasculitis/fibrin thrombi                


                  XVI.k
                
XVI - Imaging

                    XVI.k - Imaging: An area or areas of consolidation                


                  XVII.b
                
XVII - Infections & related conditions

                    XVII.b - Opportunistic pulmonary/systemic infections",446220,DB00907,D00110,COC(=O)C1C(OC(=O)c2ccccc2)CC2CCC1N2C,1,1,1,1
Codeine,"II.a
                
II - Pulmonary edema - Acute lung injury - ARDS

                    II.a - Pulmonary edema, noncardiogenic (NCPE)                


                  II.f
                
II - Pulmonary edema - Acute lung injury - ARDS

                    II.f - Hypoxemia, low oxygen saturation (may occur in isolation)                


                  IX.d
                
IX - Neuromuscular / CNS involvement - Disordered breathing (during sleep)

                    IX.d - Respiratory failure from ventilatory depression (due to neuromuscular blockade/paralysis)                


                  X.f
                
X - Systemic/Distant conditions, syndromes and reactions

                    X.f - Anaphylaxis-Anaphylactoid reaction (can be fatal)",5284371,DB00318,D00195; D02101,COc1ccc2c3c1OC1C(O)C=CC4C(C2)N(C)CCC341,0,1,0,0
Colchicine,"II.b
                
II - Pulmonary edema - Acute lung injury - ARDS

                    II.b - ARDS - Acute lung injury                


                  VII.h
                
VII - Mediastinal involvement

                    VII.h - Pneumomediastinum                


                  X.u
                
X - Systemic/Distant conditions, syndromes and reactions

                    X.u - Multiple organ dysfunction/failure (MODS/MOF)                


                  XI.r
                
XI - Miscellaneous

                    XI.r - Death following exposure or poisoning                


                  XII.m
                
XII - Cardiovascular involvement / toxicity

                    XII.m - Cardiac- cardiorespiratory/pulmonary arrest                


                  XII.n
                
XII - Cardiovascular involvement / toxicity

                    XII.n - Cardiovascular collapse - Cardiogenic shock - Hypotension",6167,DB01394,D00570,COc1cc2c(c(OC)c1OC)-c1ccc(OC)c(=O)cc1C(NC(C)=O)CC2,0,1,0,0
Copanlisib,"I.a
                
I - Interstitial/parenchymal lung disease

                    I.a - Pneumonitis (ILD), acute and/or severe (may cause ARDS)                


                  I.b
                
I - Interstitial/parenchymal lung disease

                    I.b - Pneumonitis (ILD)                


                  XVII.b
                
XVII - Infections & related conditions

                    XVII.b - Opportunistic pulmonary/systemic infections                


                  XVII.e
                
XVII - Infections & related conditions

                    XVII.e - Pneumocystis jiroveci pneumonia",135565596,DB12483,D10867,COc1c(OCCCN2CCOCC2)ccc2c3n(c(=NC(=O)c4cnc(N)nc4)nc12)CCN3,1,0,0,0
Cyclodextrin,"II.b
                
II - Pulmonary edema - Acute lung injury - ARDS

                    II.b - ARDS - Acute lung injury",320760,NOT_FOUND,NOT_FOUND,OCC1OC2OC3C(CO)OC(OC4C(CO)OC(OC5C(CO)OC(OC6C(CO)OC(OC7C(CO)OC(OC1C(O)C2O)C(O)C7O)C(O)C6O)C(O)C5O)C(O)C4O)C(O)C3O,0,1,0,0
Dacarbazine,"I.a
                
I - Interstitial/parenchymal lung disease

                    I.a - Pneumonitis (ILD), acute and/or severe (may cause ARDS)                


                  II.b
                
II - Pulmonary edema - Acute lung injury - ARDS

                    II.b - ARDS - Acute lung injury",135398738,DB00851,D00288,CN(C)N=Nc1[nH]cnc1C(N)=O,1,1,0,0
Daclatasvir,"I.b
                
I - Interstitial/parenchymal lung disease

                    I.b - Pneumonitis (ILD)",25154714,DB09102,D10065,COC(=O)NC(C(=O)N1CCCC1c1nc(-c2ccc(-c3ccc(-c4c[nH]c(C5CCCN5C(=O)C(NC(=O)OC)C(C)C)n4)cc3)cc2)c[nH]1)C(C)C,1,0,0,0
Dactinomycin,"I.ad
                
I - Interstitial/parenchymal lung disease

                    I.ad - Radiation recall pneumonitis",457193,DB00970,D00214,Cc1ccc(C(=O)NC2C(=O)NC(C(C)C)C(=O)N3CCCC3C(=O)N(C)CC(=O)N(C)C(C(C)C)C(=O)OC2C)c2c1Oc1c(C)c(O)c(N)c(=C(O)N=C3C(=O)NC(C(C)C)C(=O)N4CCCC4C(=O)N(C)CC(=O)N(C)C(C(C)C)C(=O)OC3C)c1=N2,1,0,0,0
Danazol,"I.g
                
I - Interstitial/parenchymal lung disease

                    I.g - Pulmonary fibrosis",28417,DB01406,D00289,C#CC1(O)CCC2C3CCC4=Cc5oncc5CC4(C)C3CCC21C,1,0,0,0
Dantrolene,"I.b
                
I - Interstitial/parenchymal lung disease

                    I.b - Pneumonitis (ILD)                


                  V.b
                
V - Pleural and/or pericardial involvement

                    V.b - Eosinophilic pleural effusion                


                  V.m
                
V - Pleural and/or pericardial involvement

                    V.m - Pleuropericarditis - Pleuropericardial effusion (ANA unknown or negative)                


                  IX.d
                
IX - Neuromuscular / CNS involvement - Disordered breathing (during sleep)

                    IX.d - Respiratory failure from ventilatory depression (due to neuromuscular blockade/paralysis)                


                  XII.c
                
XII - Cardiovascular involvement / toxicity

                    XII.c - Pericardial effusion (w/wo tamponade)",6914273,DB01219,D02274,O=c1[nH]c(O)cn1N=Cc1ccc(-c2ccc([N+](=O)[O-])cc2)o1,1,0,1,0
Daptomycin,"I.b
                
I - Interstitial/parenchymal lung disease

                    I.b - Pneumonitis (ILD)                


                  I.c
                
I - Interstitial/parenchymal lung disease

                    I.c - Eosinophilic pneumonia (pulmonary infiltrates and eosinophilia)                


                  I.d
                
I - Interstitial/parenchymal lung disease

                    I.d - Organizing pneumonia pattern (an area or areas of consolidation on imaging)                


                  I.e
                
I - Interstitial/parenchymal lung disease

                    I.e - Acute eosinophilic pneumonia (AEP)                


                  I.k
                
I - Interstitial/parenchymal lung disease

                    I.k - Lung nodule or nodules                


                  I.x
                
I - Interstitial/parenchymal lung disease

                    I.x - Pleuroparenchymal fibroelastosis (PPFE)                


                  I.z
                
I - Interstitial/parenchymal lung disease

                    I.z - An area or areas of consolidation                


                  II.b
                
II - Pulmonary edema - Acute lung injury - ARDS

                    II.b - ARDS - Acute lung injury                


                  VIII.a
                
VIII - Central-large-upper airway (incl. pharyngeal-nasal) involvement

                    VIII.a - Angioedema (may cause UAO, asphyxia and death)                


                  X.f
                
X - Systemic/Distant conditions, syndromes and reactions

                    X.f - Anaphylaxis-Anaphylactoid reaction (can be fatal)                


                  XV.b
                
XV - Pathology

                    XV.b - Path: Eosinophilic pneumonia (subacute or acute)  (see also Ic)                


                  XV.c
                
XV - Pathology

                    XV.c - Path: Organizing pneumonia (OP/BOOP) pattern (see also Id)                


                  XV.d
                
XV - Pathology

                    XV.d - Path: Acute fibrinous organizing pneumonia (AFOP-pattern) (see also If)                


                  XVI.k
                
XVI - Imaging

                    XVI.k - Imaging: An area or areas of consolidation                


                  XIX.b
                
XIX - Cytological, biochemical features of/in BAL, pleural fluid or FNA

                    XIX.b - BAL: An excess proportion of neutrophils                


                  XIX.c
                
XIX - Cytological, biochemical features of/in BAL, pleural fluid or FNA

                    XIX.c - BAL: An excess proportion of eosinophils                


                  XXI.e
                
XXI - Rechallenge data

                    XXI.e - Rechallenge may not necessarily lead to relapse of AE/ILD",21585658,DB00080,D01080,CCCCCCCCCC(=O)NC(Cc1c[nH]c2ccccc12)C(=O)NC(CC(N)=O)C(=O)NC(CC(=O)O)C(=O)NC1C(=O)NCC(=O)NC(CCCN)C(=O)NC(CC(=O)O)C(=O)NC(C)C(=O)NC(CC(=O)O)C(=O)NCC(=O)NC(CO)C(=O)NC(C(C)CC(=O)O)C(=O)NC(CC(=O)c2ccccc2N)C(=O)OC1C,1,1,1,0
Dasatinib,"I.b
                
I - Interstitial/parenchymal lung disease

                    I.b - Pneumonitis (ILD)                


                  I.d
                
I - Interstitial/parenchymal lung disease

                    I.d - Organizing pneumonia pattern (an area or areas of consolidation on imaging)                


                  I.n
                
I - Interstitial/parenchymal lung disease

                    I.n - Pulmonary alveolar proteinosis (PAP)                


                  I.y
                
I - Interstitial/parenchymal lung disease

                    I.y - Progression, acceleration or exacerbation of preexisting ILD/fibrosis                


                  II.a
                
II - Pulmonary edema - Acute lung injury - ARDS

                    II.a - Pulmonary edema, noncardiogenic (NCPE)                


                  V.a
                
V - Pleural and/or pericardial involvement

                    V.a - Pleural effusion (uni- or bilateral) (can accompany DI-LDs)                


                  V.c
                
V - Pleural and/or pericardial involvement

                    V.c - Pleural thickening - Fibrothorax                


                  V.d
                
V - Pleural and/or pericardial involvement

                    V.d - Pleural/pericardial effusion, ANA positive (DI lupus)                


                  V.h
                
V - Pleural and/or pericardial involvement

                    V.h - Chylothorax                


                  V.i
                
V - Pleural and/or pericardial involvement

                    V.i - Pleuritis (can cause chest pain)                


                  V.m
                
V - Pleural and/or pericardial involvement

                    V.m - Pleuropericarditis - Pleuropericardial effusion (ANA unknown or negative)                


                  VI.b
                
VI - Pulmonary vasculopathies

                    VI.b - Pulmonary arterial hypertension                


                  X.d
                
X - Systemic/Distant conditions, syndromes and reactions

                    X.d - Lupus - Lupus syndrome (see also Vd)                


                  X.r
                
X - Systemic/Distant conditions, syndromes and reactions

                    X.r - Fluid retention                


                  XI.b
                
XI - Miscellaneous

                    XI.b - Chest pain (acute or subacute), lone or prominent                


                  XII.c
                
XII - Cardiovascular involvement / toxicity

                    XII.c - Pericardial effusion (w/wo tamponade)                


                  XV.c
                
XV - Pathology

                    XV.c - Path: Organizing pneumonia (OP/BOOP) pattern (see also Id)                


                  XV.n
                
XV - Pathology

                    XV.n - Path: Pulmonary alveolar proteinosis pattern (PAP pattern)                


                  XV.ao
                
XV - Pathology

                    XV.ao - Path: Pleuritis, pleural fibrosis                


                  XV.ch
                
XV - Pathology

                    XV.ch - Path: Organizing fibrinous pleuritis (OFP)                


                  XVI.m
                
XVI - Imaging

                    XVI.m - Imaging: Interlobular septal thickening                


                  XVI.an
                
XVI - Imaging

                    XVI.an - Imaging: Pleural effusion                


                  XIX.a
                
XIX - Cytological, biochemical features of/in BAL, pleural fluid or FNA

                    XIX.a - BAL: An excess proportion of lymphocytes",3062316,DB01254,D03658; D06414,Cc1nc(Nc2ncc(C(=O)Nc3c(C)cccc3Cl)s2)cc(N2CCN(CCO)CC2)n1,1,1,1,1
Decitabine,"I.b
                
I - Interstitial/parenchymal lung disease

                    I.b - Pneumonitis (ILD)                


                  I.f
                
I - Interstitial/parenchymal lung disease

                    I.f - Acute fibrinous organizing pneumonia (AFOP)                


                  XV.d
                
XV - Pathology

                    XV.d - Path: Acute fibrinous organizing pneumonia (AFOP-pattern) (see also If)",451668,DB01262,D03665,Nc1ncn(C2CC(O)C(CO)O2)c(=O)n1,1,0,0,0
Deferoxamine,"I.a
                
I - Interstitial/parenchymal lung disease

                    I.a - Pneumonitis (ILD), acute and/or severe (may cause ARDS)                


                  I.b
                
I - Interstitial/parenchymal lung disease

                    I.b - Pneumonitis (ILD)                


                  II.a
                
II - Pulmonary edema - Acute lung injury - ARDS

                    II.a - Pulmonary edema, noncardiogenic (NCPE)                


                  II.b
                
II - Pulmonary edema - Acute lung injury - ARDS

                    II.b - ARDS - Acute lung injury                


                  VI.a
                
VI - Pulmonary vasculopathies

                    VI.a - Pulmonary embolism - Venous thrombosis/thromboembolism                


                  X.f
                
X - Systemic/Distant conditions, syndromes and reactions

                    X.f - Anaphylaxis-Anaphylactoid reaction (can be fatal)                


                  XV.a
                
XV - Pathology

                    XV.a - Path: NSIP-cellular pattern (see also Ia, Ib)                


                  XV.f
                
XV - Pathology

                    XV.f - Path: Diffuse alveolar damage (DAD-pattern) (see also IL)                


                  XVII.e
                
XVII - Infections & related conditions

                    XVII.e - Pneumocystis jiroveci pneumonia",2973,DB00746,D03670,CC(=O)N(O)CCCCCNC(=O)CCC(=O)N(O)CCCCCNC(=O)CCC(=O)N(O)CCCCCN,1,1,0,1
Desipramine,"I.c
                
I - Interstitial/parenchymal lung disease

                    I.c - Eosinophilic pneumonia (pulmonary infiltrates and eosinophilia)                


                  II.a
                
II - Pulmonary edema - Acute lung injury - ARDS

                    II.a - Pulmonary edema, noncardiogenic (NCPE)                


                  IV.a
                
IV - Airway involvement

                    IV.a - Bronchospasm - Wheezing - Asthma                


                  XII.d
                
XII - Cardiovascular involvement / toxicity

                    XII.d - Myocarditis (can be fulminant)",2995,DB01151,D07791,CNCCCN1c2ccccc2CCc2ccccc21,1,1,0,0
Desmopressin,"II.d
                
II - Pulmonary edema - Acute lung injury - ARDS

                    II.d - Pulmonary edema, cardiogenic",5311065,DB00035,D00291,N=C(N)NCCCC(NC(=O)C1CCCN1C(=O)C1CSSCCC(=O)NC(Cc2ccc(O)cc2)C(=O)NC(Cc2ccccc2)C(=O)NC(CCC(N)=O)C(=O)NC(CC(N)=O)C(=O)N1)C(=O)NCC(N)=O,0,1,0,0
Dextromethorphan,"II.a
                
II - Pulmonary edema - Acute lung injury - ARDS

                    II.a - Pulmonary edema, noncardiogenic (NCPE)                


                  IX.d
                
IX - Neuromuscular / CNS involvement - Disordered breathing (during sleep)

                    IX.d - Respiratory failure from ventilatory depression (due to neuromuscular blockade/paralysis)",5360696,DB00514,D03742,COc1ccc2c(c1)C13CCCCC1C(C2)N(C)CC3,0,1,0,0
Diazoxide,"VI.b
                
VI - Pulmonary vasculopathies

                    VI.b - Pulmonary arterial hypertension",3019,DB01119,D00294,CC1=NS(=O)(=O)c2cc(Cl)ccc2N1,0,0,0,1
Dibenzepin,"II.a
                
II - Pulmonary edema - Acute lung injury - ARDS

                    II.a - Pulmonary edema, noncardiogenic (NCPE)                


                  II.b
                
II - Pulmonary edema - Acute lung injury - ARDS

                    II.b - ARDS - Acute lung injury",9419,DB13225,D07812,CN(C)CCN1C(=O)c2ccccc2N(C)c2ccccc21,0,1,0,0
Dicoumarol,"V.e
                
V - Pleural and/or pericardial involvement

                    V.e - Hemothorax - Serosanguineous pleural effusion                


                  V.n
                
V - Pleural and/or pericardial involvement

                    V.n - Hemopericardium - Bloody pericardial effusion",54676038,DB00266,D91292,O=c1c(Cc2c(O)oc3ccccc3c2=O)c(O)oc2ccccc12,0,0,1,0
Diflunisal,"I.c
                
I - Interstitial/parenchymal lung disease

                    I.c - Eosinophilic pneumonia (pulmonary infiltrates and eosinophilia)                


                  VI.k
                
VI - Pulmonary vasculopathies

                    VI.k - Eosinophilic pulmonary vasculitis",3059,DB00861,D00130,O=C(O)c1cc(-c2ccc(F)cc2F)ccc1O,1,0,0,0
Dihydralazine,"I.b
                
I - Interstitial/parenchymal lung disease

                    I.b - Pneumonitis (ILD)                


                  X.d
                
X - Systemic/Distant conditions, syndromes and reactions

                    X.d - Lupus - Lupus syndrome (see also Vd)",10230,NOT_FOUND,NOT_FOUND,NNc1nnc(NN)c2ccccc12,1,0,0,0
Dihydroergocristine,"I.b
                
I - Interstitial/parenchymal lung disease

                    I.b - Pneumonitis (ILD)",107715,NOT_FOUND,D07833,CC(C)C1(NC(=O)C2CC3c4cccc5[nH]cc(c45)CC3N(C)C2)OC2(O)C3CCCN3C(=O)C(Cc3ccccc3)N2C1=O,1,0,0,0
Dihydroergocryptine,"V.c
                
V - Pleural and/or pericardial involvement

                    V.c - Pleural thickening - Fibrothorax",114948,DB11274,D07835,CC(C)CC1C(=O)N2CCCC2C2(O)OC(NC(=O)C3CC4c5cccc6[nH]cc(c56)CC4N(C)C3)(C(C)C)C(=O)N12,0,0,1,0
Dihydroergotamine,"V.a
                
V - Pleural and/or pericardial involvement

                    V.a - Pleural effusion (uni- or bilateral) (can accompany DI-LDs)                


                  V.c
                
V - Pleural and/or pericardial involvement

                    V.c - Pleural thickening - Fibrothorax",10531,DB00320,D07837,CN1CC(C(=O)NC2(C)OC3(O)C4CCCN4C(=O)C(Cc4ccccc4)N3C2=O)CC2c3cccc4[nH]cc(c34)CC21,0,0,1,0
Diltiazem,"II.a
                
II - Pulmonary edema - Acute lung injury - ARDS

                    II.a - Pulmonary edema, noncardiogenic (NCPE)                


                  II.d
                
II - Pulmonary edema - Acute lung injury - ARDS

                    II.d - Pulmonary edema, cardiogenic                


                  V.b
                
V - Pleural and/or pericardial involvement

                    V.b - Eosinophilic pleural effusion",39186,DB00343,D07845,COc1ccc(C2Sc3ccccc3N(CCN(C)C)C(=O)C2OC(C)=O)cc1,0,1,1,0
Diphenhydramine,"II.a
                
II - Pulmonary edema - Acute lung injury - ARDS

                    II.a - Pulmonary edema, noncardiogenic (NCPE)                


                  XI.r
                
XI - Miscellaneous

                    XI.r - Death following exposure or poisoning",3100,DB01075,D00300,CN(C)CCOC(c1ccccc1)c1ccccc1,0,1,0,0
Diquat,"II.b
                
II - Pulmonary edema - Acute lung injury - ARDS

                    II.b - ARDS - Acute lung injury                


                  VIII.r
                
VIII - Central-large-upper airway (incl. pharyngeal-nasal) involvement

                    VIII.r - Tracheal/large airway necrosis, chondronecrosis, perforation",6795,NOT_FOUND,NOT_FOUND,c1cc[n+]2c(c1)-c1cccc[n+]1CC2,0,1,0,0
Disopyramide,"I.b
                
I - Interstitial/parenchymal lung disease

                    I.b - Pneumonitis (ILD)",3114,DB00280,D00303,CC(C)N(CCC(C(N)=O)(c1ccccc1)c1ccccn1)C(C)C,1,0,0,0
Dronedarone,"I.a
                
I - Interstitial/parenchymal lung disease

                    I.a - Pneumonitis (ILD), acute and/or severe (may cause ARDS)                


                  I.b
                
I - Interstitial/parenchymal lung disease

                    I.b - Pneumonitis (ILD)                


                  I.d
                
I - Interstitial/parenchymal lung disease

                    I.d - Organizing pneumonia pattern (an area or areas of consolidation on imaging)                


                  I.l
                
I - Interstitial/parenchymal lung disease

                    I.l - Diffuse alveolar damage (DAD) (see alsoo under IIb and XVf)                


                  II.b
                
II - Pulmonary edema - Acute lung injury - ARDS

                    II.b - ARDS - Acute lung injury                


                  XII.a
                
XII - Cardiovascular involvement / toxicity

                    XII.a - Left or biventricular dysfunction/failure                


                  XII.t
                
XII - Cardiovascular involvement / toxicity

                    XII.t - Torsades de pointe                


                  XV.c
                
XV - Pathology

                    XV.c - Path: Organizing pneumonia (OP/BOOP) pattern (see also Id)                


                  XV.f
                
XV - Pathology

                    XV.f - Path: Diffuse alveolar damage (DAD-pattern) (see also IL)",208898,DB04855,D02537,CCCCc1oc2ccc(NS(C)(=O)=O)cc2c1C(=O)c1ccc(OCCCN(CCCC)CCCC)cc1,1,1,0,0
Duloxetine,"I.c
                
I - Interstitial/parenchymal lung disease

                    I.c - Eosinophilic pneumonia (pulmonary infiltrates and eosinophilia)                


                  VI.a
                
VI - Pulmonary vasculopathies

                    VI.a - Pulmonary embolism - Venous thrombosis/thromboembolism",60835,DB00476,D07880,CNCCC(Oc1cccc2ccccc12)c1cccs1,1,0,0,1
Dutasteride,"VI.a
                
VI - Pulmonary vasculopathies

                    VI.a - Pulmonary embolism - Venous thrombosis/thromboembolism",6918296,DB01126,D03820,CC12C=CC(=O)NC1CCC1C2CCC2(C)C(C(=O)Nc3cc(C(F)(F)F)ccc3C(F)(F)F)CCC12,0,0,0,1
Duvelisib,"I.a
                
I - Interstitial/parenchymal lung disease

                    I.a - Pneumonitis (ILD), acute and/or severe (may cause ARDS)",50905713,DB11952,D10555,CC(Nc1ncnc2[nH]cnc12)c1cc2cccc(Cl)c2c(=O)n1-c1ccccc1,1,0,0,0
Efavirenz,"I.c
                
I - Interstitial/parenchymal lung disease

                    I.c - Eosinophilic pneumonia (pulmonary infiltrates and eosinophilia)                


                  X.a
                
X - Systemic/Distant conditions, syndromes and reactions

                    X.a - DRES syndrome - DRESS-like reaction                


                  X.g
                
X - Systemic/Distant conditions, syndromes and reactions

                    X.g - Hypersensitivity reaction (may manifest with fever and/or skin, throat or airway involvement)",64139,DB00625,D00896,O=C1Nc2ccc(Cl)cc2C(C#CC2CC2)(C(F)(F)F)O1,1,0,0,0
Entospletinib,"I.a
                
I - Interstitial/parenchymal lung disease

                    I.a - Pneumonitis (ILD), acute and/or severe (may cause ARDS)",59473233,DB12121,D11209,c1cn2cc(-c3ccc4c[nH]nc4c3)nc(Nc3ccc(N4CCOCC4)cc3)c2n1,1,0,0,0
Entrectinib,"I.b
                
I - Interstitial/parenchymal lung disease

                    I.b - Pneumonitis (ILD)                


                  XII.a
                
XII - Cardiovascular involvement / toxicity

                    XII.a - Left or biventricular dysfunction/failure                


                  XII.d
                
XII - Cardiovascular involvement / toxicity

                    XII.d - Myocarditis (can be fulminant)                


                  XII.h
                
XII - Cardiovascular involvement / toxicity

                    XII.h - Eosinophilic myocarditis",25141092,DB11986,D10926,CN1CCN(c2ccc(C(=O)Nc3[nH]nc4ccc(Cc5cc(F)cc(F)c5)cc34)c(NC3CCOCC3)c2)CC1,1,0,0,0
Eprosartan,"I.b
                
I - Interstitial/parenchymal lung disease

                    I.b - Pneumonitis (ILD)",5281037,DB00876,D04040,CCCC=c1ncc(=CC(Cc2cccs2)C(=O)O)n1Cc1ccc(C(=O)O)cc1,1,0,0,0
Erlotinib,"I.a
                
I - Interstitial/parenchymal lung disease

                    I.a - Pneumonitis (ILD), acute and/or severe (may cause ARDS)                


                  I.b
                
I - Interstitial/parenchymal lung disease

                    I.b - Pneumonitis (ILD)                


                  I.d
                
I - Interstitial/parenchymal lung disease

                    I.d - Organizing pneumonia pattern (an area or areas of consolidation on imaging)                


                  I.g
                
I - Interstitial/parenchymal lung disease

                    I.g - Pulmonary fibrosis                


                  I.l
                
I - Interstitial/parenchymal lung disease

                    I.l - Diffuse alveolar damage (DAD) (see alsoo under IIb and XVf)                


                  I.w
                
I - Interstitial/parenchymal lung disease

                    I.w - Rapidly progressive ILD/pulmonary fibrosis (Hamman-Rich syndrome)                


                  I.ad
                
I - Interstitial/parenchymal lung disease

                    I.ad - Radiation recall pneumonitis                


                  II.b
                
II - Pulmonary edema - Acute lung injury - ARDS

                    II.b - ARDS - Acute lung injury                


                  III.a
                
III - Pulmonary/alveolar./airway hemorrhage/bleeding

                    III.a - Alveolar hemorrhage (AH), diffuse AH (DAH)                


                  V.a
                
V - Pleural and/or pericardial involvement

                    V.a - Pleural effusion (uni- or bilateral) (can accompany DI-LDs)                


                  V.f
                
V - Pleural and/or pericardial involvement

                    V.f - Pneumothorax                


                  XI.w
                
XI - Miscellaneous

                    XI.w - Cavitation/necrosis of lung tumor or metastases                


                  XII.f
                
XII - Cardiovascular involvement / toxicity

                    XII.f - Cardiomyopathy (acute, subacute, chronic)                


                  XV.c
                
XV - Pathology

                    XV.c - Path: Organizing pneumonia (OP/BOOP) pattern (see also Id)                


                  XV.f
                
XV - Pathology

                    XV.f - Path: Diffuse alveolar damage (DAD-pattern) (see also IL)                


                  XVI.n
                
XVI - Imaging

                    XVI.n - Imaging: Intralobular septal thickening - Crazy paving                


                  XVI.af
                
XVI - Imaging

                    XVI.af - Imaging: Lung cysts or bullae (see also XVI ah/bf)                


                  XVI.ay
                
XVI - Imaging

                    XVI.ay - Imaging: Asymmetrical, predominantly unilateral involvement                


                  XVI.bw
                
XVI - Imaging

                    XVI.bw - Imaging: Air or an air crescent around lung tumor or metastase(s)                


                  XXI.e
                
XXI - Rechallenge data

                    XXI.e - Rechallenge may not necessarily lead to relapse of AE/ILD",176870,DB00530,D07907,C#Cc1cccc(Nc2ncnc3cc(OCCOC)c(OCCOC)cc23)c1,1,1,1,0
Ethambutol,"I.b
                
I - Interstitial/parenchymal lung disease

                    I.b - Pneumonitis (ILD)                


                  I.c
                
I - Interstitial/parenchymal lung disease

                    I.c - Eosinophilic pneumonia (pulmonary infiltrates and eosinophilia)                


                  I.e
                
I - Interstitial/parenchymal lung disease

                    I.e - Acute eosinophilic pneumonia (AEP)                


                  VIII.a
                
VIII - Central-large-upper airway (incl. pharyngeal-nasal) involvement

                    VIII.a - Angioedema (may cause UAO, asphyxia and death)                


                  X.a
                
X - Systemic/Distant conditions, syndromes and reactions

                    X.a - DRES syndrome - DRESS-like reaction                


                  XIX.c
                
XIX - Cytological, biochemical features of/in BAL, pleural fluid or FNA

                    XIX.c - BAL: An excess proportion of eosinophils",14052,DB00330,D07925,CCC(CO)NCCNC(CC)CO,1,0,1,0
Ethchlorvynol,"II.a
                
II - Pulmonary edema - Acute lung injury - ARDS

                    II.a - Pulmonary edema, noncardiogenic (NCPE)                


                  II.b
                
II - Pulmonary edema - Acute lung injury - ARDS

                    II.b - ARDS - Acute lung injury                


                  V.a
                
V - Pleural and/or pericardial involvement

                    V.a - Pleural effusion (uni- or bilateral) (can accompany DI-LDs)",5281077,DB00189,D00704,C#CC(O)(C=CCl)CC,0,1,1,0
Ethosuximide,"V.d
                
V - Pleural and/or pericardial involvement

                    V.d - Pleural/pericardial effusion, ANA positive (DI lupus)                


                  X.d
                
X - Systemic/Distant conditions, syndromes and reactions

                    X.d - Lupus - Lupus syndrome (see also Vd)                


                  XII.c
                
XII - Cardiovascular involvement / toxicity

                    XII.c - Pericardial effusion (w/wo tamponade)                


                  XII.d
                
XII - Cardiovascular involvement / toxicity

                    XII.d - Myocarditis (can be fulminant)",3291,DB00593,D00539,CCC1(C)CC(=O)NC1=O,0,0,1,0
Ethylene glycol butyl ether,"II.a
                
II - Pulmonary edema - Acute lung injury - ARDS

                    II.a - Pulmonary edema, noncardiogenic (NCPE)",8133,NOT_FOUND,C19355,CCCCOCCO,0,1,0,0
Etoposide,"I.b
                
I - Interstitial/parenchymal lung disease

                    I.b - Pneumonitis (ILD)                


                  I.l
                
I - Interstitial/parenchymal lung disease

                    I.l - Diffuse alveolar damage (DAD) (see alsoo under IIb and XVf)                


                  II.b
                
II - Pulmonary edema - Acute lung injury - ARDS

                    II.b - ARDS - Acute lung injury                


                  III.a
                
III - Pulmonary/alveolar./airway hemorrhage/bleeding

                    III.a - Alveolar hemorrhage (AH), diffuse AH (DAH)                


                  IV.a
                
IV - Airway involvement

                    IV.a - Bronchospasm - Wheezing - Asthma                


                  VIII.a
                
VIII - Central-large-upper airway (incl. pharyngeal-nasal) involvement

                    VIII.a - Angioedema (may cause UAO, asphyxia and death)                


                  X.f
                
X - Systemic/Distant conditions, syndromes and reactions

                    X.f - Anaphylaxis-Anaphylactoid reaction (can be fatal)                


                  X.g
                
X - Systemic/Distant conditions, syndromes and reactions

                    X.g - Hypersensitivity reaction (may manifest with fever and/or skin, throat or airway involvement)                


                  XI.b
                
XI - Miscellaneous

                    XI.b - Chest pain (acute or subacute), lone or prominent                


                  XII.g
                
XII - Cardiovascular involvement / toxicity

                    XII.g - Coronary artery disease (acute) - Myocardial ischemia/infarction                


                  XII.n
                
XII - Cardiovascular involvement / toxicity

                    XII.n - Cardiovascular collapse - Cardiogenic shock - Hypotension                


                  XV.c
                
XV - Pathology

                    XV.c - Path: Organizing pneumonia (OP/BOOP) pattern (see also Id)                


                  XV.f
                
XV - Pathology

                    XV.f - Path: Diffuse alveolar damage (DAD-pattern) (see also IL)                


                  XV.i
                
XV - Pathology

                    XV.i - Path: Pneumocyte atypia (reactive epithelial cells) (a.k.a. the ""Napoleon Hat"" sign)                


                  XVI.b
                
XVI - Imaging

                    XVI.b - Imaging: Ground-glass opacities (GGO) / shadowing",36462,DB00773,D00125,COc1cc(C2c3cc4c(cc3C(OC3OC5COC(C)OC5C(O)C3O)C3COC(=O)C23)OCO4)cc(OC)c1O,1,1,0,0
Etoricoxib,"IV.a
                
IV - Airway involvement

                    IV.a - Bronchospasm - Wheezing - Asthma                


                  V.a
                
V - Pleural and/or pericardial involvement

                    V.a - Pleural effusion (uni- or bilateral) (can accompany DI-LDs)                


                  VIII.a
                
VIII - Central-large-upper airway (incl. pharyngeal-nasal) involvement

                    VIII.a - Angioedema (may cause UAO, asphyxia and death)",123619,DB01628,D03710,Cc1ccc(-c2ncc(Cl)cc2-c2ccc(S(C)(=O)=O)cc2)cn1,0,0,1,0
Etretinate,"II.b
                
II - Pulmonary edema - Acute lung injury - ARDS

                    II.b - ARDS - Acute lung injury",5282375,NOT_FOUND,D00316,CCOC(=O)C=C(C)C=CC=C(C)C=Cc1c(C)cc(OC)c(C)c1C,0,1,0,0
Everolimus,"I.a
                
I - Interstitial/parenchymal lung disease

                    I.a - Pneumonitis (ILD), acute and/or severe (may cause ARDS)                


                  I.b
                
I - Interstitial/parenchymal lung disease

                    I.b - Pneumonitis (ILD)                


                  I.d
                
I - Interstitial/parenchymal lung disease

                    I.d - Organizing pneumonia pattern (an area or areas of consolidation on imaging)                


                  I.f
                
I - Interstitial/parenchymal lung disease

                    I.f - Acute fibrinous organizing pneumonia (AFOP)                


                  I.h
                
I - Interstitial/parenchymal lung disease

                    I.h - Subclinical pulmonary infiltrates/ILD                


                  I.l
                
I - Interstitial/parenchymal lung disease

                    I.l - Diffuse alveolar damage (DAD) (see alsoo under IIb and XVf)                


                  I.m
                
I - Interstitial/parenchymal lung disease

                    I.m - ILD with a granulomatous component                


                  I.p
                
I - Interstitial/parenchymal lung disease

                    I.p - Fatal pneumonitis (ILD)                


                  I.v
                
I - Interstitial/parenchymal lung disease

                    I.v - Abnormal lung function/pulmonary physiology (PFTs) without necessarily imaging or clinical evidence                


                  I.y
                
I - Interstitial/parenchymal lung disease

                    I.y - Progression, acceleration or exacerbation of preexisting ILD/fibrosis                


                  I.ad
                
I - Interstitial/parenchymal lung disease

                    I.ad - Radiation recall pneumonitis                


                  II.b
                
II - Pulmonary edema - Acute lung injury - ARDS

                    II.b - ARDS - Acute lung injury                


                  III.a
                
III - Pulmonary/alveolar./airway hemorrhage/bleeding

                    III.a - Alveolar hemorrhage (AH), diffuse AH (DAH)                


                  III.h
                
III - Pulmonary/alveolar./airway hemorrhage/bleeding

                    III.h - Major/massive hemoptysis                


                  IV.d
                
IV - Airway involvement

                    IV.d - Cough (lone)                


                  V.h
                
V - Pleural and/or pericardial involvement

                    V.h - Chylothorax                


                  V.i
                
V - Pleural and/or pericardial involvement

                    V.i - Pleuritis (can cause chest pain)                


                  VI.a
                
VI - Pulmonary vasculopathies

                    VI.a - Pulmonary embolism - Venous thrombosis/thromboembolism                


                  VIII.a
                
VIII - Central-large-upper airway (incl. pharyngeal-nasal) involvement

                    VIII.a - Angioedema (may cause UAO, asphyxia and death)                


                  XV.a
                
XV - Pathology

                    XV.a - Path: NSIP-cellular pattern (see also Ia, Ib)                


                  XV.c
                
XV - Pathology

                    XV.c - Path: Organizing pneumonia (OP/BOOP) pattern (see also Id)                


                  XV.d
                
XV - Pathology

                    XV.d - Path: Acute fibrinous organizing pneumonia (AFOP-pattern) (see also If)                


                  XV.e
                
XV - Pathology

                    XV.e - Path: ILD with a granulomatous component (see also Im)                


                  XV.g
                
XV - Pathology

                    XV.g - Path: Alveolar hemorrhage (see also IIIa)                


                  XVI.b
                
XVI - Imaging

                    XVI.b - Imaging: Ground-glass opacities (GGO) / shadowing                


                  XVI.bl
                
XVI - Imaging

                    XVI.bl - Imaging: An area or areas of avid tracer uptake in the lung/chest on 18F-PET scan                


                  XVII.e
                
XVII - Infections & related conditions

                    XVII.e - Pneumocystis jiroveci pneumonia",6442177,DB01590,D02714,COC1CC2CCC(C)C(O)(O2)C(=O)C(=O)N2CCCCC2C(=O)OC(C(C)CC2CCC(OCCO)C(OC)C2)CC(=O)C(C)=CC(C)C(O)C(OC)C(=O)C(C)CC(C)C=CC=CC=C1C,1,1,1,1
Exemestane,"I.b
                
I - Interstitial/parenchymal lung disease

                    I.b - Pneumonitis (ILD)",60198,DB00990,D00963,C=C1CC2C(CCC3(C)C(=O)CCC23)C2(C)C=CC(=O)C=C12,1,0,0,0
Febarbamate,"I.c
                
I - Interstitial/parenchymal lung disease

                    I.c - Eosinophilic pneumonia (pulmonary infiltrates and eosinophilia)",25803,DB13303,D07275,CCCCOCC(CN1C(=O)NC(=O)C(CC)(c2ccccc2)C1=O)OC(N)=O,1,0,0,0
Fenbufen,"I.c
                
I - Interstitial/parenchymal lung disease

                    I.c - Eosinophilic pneumonia (pulmonary infiltrates and eosinophilia)                


                  VII.a
                
VII - Mediastinal involvement

                    VII.a - Lymphadenopathy (intrathoracic)",3335,DB08981,D01344,O=C(O)CCC(=O)c1ccc(-c2ccccc2)cc1,1,0,0,0
Fenoprofen,"I.c
                
I - Interstitial/parenchymal lung disease

                    I.c - Eosinophilic pneumonia (pulmonary infiltrates and eosinophilia)",3342,DB00573,D02350,CC(C(=O)O)c1cccc(Oc2ccccc2)c1,1,0,0,0
Fenoterol,"II.a
                
II - Pulmonary edema - Acute lung injury - ARDS

                    II.a - Pulmonary edema, noncardiogenic (NCPE)",3343,NOT_FOUND,D01428,CC(Cc1ccc(O)cc1)NCC(O)c1cc(O)cc(O)c1,0,1,0,0
Fentanyl,"I.n
                
I - Interstitial/parenchymal lung disease

                    I.n - Pulmonary alveolar proteinosis (PAP)                


                  II.a
                
II - Pulmonary edema - Acute lung injury - ARDS

                    II.a - Pulmonary edema, noncardiogenic (NCPE)                


                  III.a
                
III - Pulmonary/alveolar./airway hemorrhage/bleeding

                    III.a - Alveolar hemorrhage (AH), diffuse AH (DAH)                


                  IV.e
                
IV - Airway involvement

                    IV.e - Cough (acute, violent, explosive)                


                  IV.g
                
IV - Airway involvement

                    IV.g - Cough syncope                


                  VIII.c
                
VIII - Central-large-upper airway (incl. pharyngeal-nasal) involvement

                    VIII.c - Upper airway obstruction other than angioedema or hematoma                


                  VIII.e
                
VIII - Central-large-upper airway (incl. pharyngeal-nasal) involvement

                    VIII.e - Laryngospasm (a.k.a. laryngismus)                


                  VIII.h
                
VIII - Central-large-upper airway (incl. pharyngeal-nasal) involvement

                    VIII.h - Vocal cord dysfunction, adduction, closure, injury                


                  VIII.q
                
VIII - Central-large-upper airway (incl. pharyngeal-nasal) involvement

                    VIII.q - Tongue involvement (edema, glossitis, hematoma)                


                  IX.c
                
IX - Neuromuscular / CNS involvement - Disordered breathing (during sleep)

                    IX.c - Chest wall muscle rigidity - Stiff/wooden chest                


                  IX.d
                
IX - Neuromuscular / CNS involvement - Disordered breathing (during sleep)

                    IX.d - Respiratory failure from ventilatory depression (due to neuromuscular blockade/paralysis)                


                  IX.i
                
IX - Neuromuscular / CNS involvement - Disordered breathing (during sleep)

                    IX.i - Respiratory arrest - Apnea                


                  IX.t
                
IX - Neuromuscular / CNS involvement - Disordered breathing (during sleep)

                    IX.t - CNS involvement/dysfunction/damage                


                  X.f
                
X - Systemic/Distant conditions, syndromes and reactions

                    X.f - Anaphylaxis-Anaphylactoid reaction (can be fatal)                


                  XI.g
                
XI - Miscellaneous

                    XI.g - Aspiration, aspiration pneumonia (w/wo demonstrable pharyngeal dysmotility)                


                  XI.r
                
XI - Miscellaneous

                    XI.r - Death following exposure or poisoning                


                  XII.f
                
XII - Cardiovascular involvement / toxicity

                    XII.f - Cardiomyopathy (acute, subacute, chronic)                


                  XII.n
                
XII - Cardiovascular involvement / toxicity

                    XII.n - Cardiovascular collapse - Cardiogenic shock - Hypotension",3345,DB00813,D00320,CCC(=O)N(c1ccccc1)C1CCN(CCc2ccccc2)CC1,1,1,0,0
Finasteride,"VI.a
                
VI - Pulmonary vasculopathies

                    VI.a - Pulmonary embolism - Venous thrombosis/thromboembolism",57363,DB01216,D00321,CC(C)(C)NC(=O)C1CCC2C3CCC4NC(=O)C=CC4(C)C3CCC12C,0,0,0,1
Fingolimod,"I.b
                
I - Interstitial/parenchymal lung disease

                    I.b - Pneumonitis (ILD)                


                  IV.a
                
IV - Airway involvement

                    IV.a - Bronchospasm - Wheezing - Asthma                


                  IV.d
                
IV - Airway involvement

                    IV.d - Cough (lone)                


                  IV.f
                
IV - Airway involvement

                    IV.f - Severe or catastrophic bronchospasm or asthma attack (can be fatal)                


                  XII.s
                
XII - Cardiovascular involvement / toxicity

                    XII.s - Heart block (bundle branch- or AV-)                


                  XII.ag
                
XII - Cardiovascular involvement / toxicity

                    XII.ag - Bradycardia                


                  XVII.a
                
XVII - Infections & related conditions

                    XVII.a - Respiratory tract infection incl. pneumonia                


                  XVII.b
                
XVII - Infections & related conditions

                    XVII.b - Opportunistic pulmonary/systemic infections                


                  XVII.q
                
XVII - Infections & related conditions

                    XVII.q - Viral pneumonia",107970,DB08868,D10001,CCCCCCCCc1ccc(CCC(N)(CO)CO)cc1,1,0,0,0
Floxuridine,"I.b
                
I - Interstitial/parenchymal lung disease

                    I.b - Pneumonitis (ILD)                


                  II.b
                
II - Pulmonary edema - Acute lung injury - ARDS

                    II.b - ARDS - Acute lung injury",5790,DB00322,D04197,O=c1[nH]c(=O)n(C2CC(O)C(CO)O2)cc1F,1,1,0,0
Fluoropyrimidines,"II.d
                
II - Pulmonary edema - Acute lung injury - ARDS

                    II.d - Pulmonary edema, cardiogenic                


                  XII.c
                
XII - Cardiovascular involvement / toxicity

                    XII.c - Pericardial effusion (w/wo tamponade)                


                  XII.f
                
XII - Cardiovascular involvement / toxicity

                    XII.f - Cardiomyopathy (acute, subacute, chronic)                


                  XII.g
                
XII - Cardiovascular involvement / toxicity

                    XII.g - Coronary artery disease (acute) - Myocardial ischemia/infarction                


                  XII.l
                
XII - Cardiovascular involvement / toxicity

                    XII.l - Cardiac arrhythmias or dysrhythmias (AF, VT, VF, TdP)                


                  XII.ai
                
XII - Cardiovascular involvement / toxicity

                    XII.ai - Cardiotoxicity",69605,NOT_FOUND,NOT_FOUND,Fc1cncnc1,0,1,0,0
Fluoxetine,"I.a
                
I - Interstitial/parenchymal lung disease

                    I.a - Pneumonitis (ILD), acute and/or severe (may cause ARDS)                


                  I.b
                
I - Interstitial/parenchymal lung disease

                    I.b - Pneumonitis (ILD)                


                  I.c
                
I - Interstitial/parenchymal lung disease

                    I.c - Eosinophilic pneumonia (pulmonary infiltrates and eosinophilia)                


                  I.e
                
I - Interstitial/parenchymal lung disease

                    I.e - Acute eosinophilic pneumonia (AEP)                


                  I.k
                
I - Interstitial/parenchymal lung disease

                    I.k - Lung nodule or nodules                


                  I.m
                
I - Interstitial/parenchymal lung disease

                    I.m - ILD with a granulomatous component                


                  V.b
                
V - Pleural and/or pericardial involvement

                    V.b - Eosinophilic pleural effusion                


                  VI.b
                
VI - Pulmonary vasculopathies

                    VI.b - Pulmonary arterial hypertension                


                  VI.d
                
VI - Pulmonary vasculopathies

                    VI.d - Pulmonary vasculitis or capillaritis                


                  XV.a
                
XV - Pathology

                    XV.a - Path: NSIP-cellular pattern (see also Ia, Ib)                


                  XV.e
                
XV - Pathology

                    XV.e - Path: ILD with a granulomatous component (see also Im)                


                  XV.ac
                
XV - Pathology

                    XV.ac - Path: Pulmonary vasculitis other than capillaritis",3386,DB00472,D00326,CNCCC(Oc1ccc(C(F)(F)F)cc1)c1ccccc1,1,0,1,1
Flutamide,"I.b
                
I - Interstitial/parenchymal lung disease

                    I.b - Pneumonitis (ILD)                


                  I.g
                
I - Interstitial/parenchymal lung disease

                    I.g - Pulmonary fibrosis                


                  XIV.a
                
XIV - Hemoglobinopathies - Abnormal hemoglobin states (acquired)

                    XIV.a - Methemoglobinemia",3397,DB00499,D00586,CC(C)C(=O)Nc1ccc([N+](=O)[O-])c(C(F)(F)F)c1,1,0,0,0
Fluvastatin,"I.b
                
I - Interstitial/parenchymal lung disease

                    I.b - Pneumonitis (ILD)                


                  II.b
                
II - Pulmonary edema - Acute lung injury - ARDS

                    II.b - ARDS - Acute lung injury                


                  X.d
                
X - Systemic/Distant conditions, syndromes and reactions

                    X.d - Lupus - Lupus syndrome (see also Vd)",1548972,DB01095,D07983,CC(C)n1c(C=CC(O)CC(O)CC(=O)O)c(-c2ccc(F)cc2)c2ccccc21,1,1,0,0
Fosinopril,"I.c
                
I - Interstitial/parenchymal lung disease

                    I.c - Eosinophilic pneumonia (pulmonary infiltrates and eosinophilia)                


                  I.d
                
I - Interstitial/parenchymal lung disease

                    I.d - Organizing pneumonia pattern (an area or areas of consolidation on imaging)                


                  IV.d
                
IV - Airway involvement

                    IV.d - Cough (lone)                


                  VIII.a
                
VIII - Central-large-upper airway (incl. pharyngeal-nasal) involvement

                    VIII.a - Angioedema (may cause UAO, asphyxia and death)",9601226,DB00492,D07992,CCC(=O)OC(OP(=O)(CCCCc1ccccc1)CC(=O)N1CC(C2CCCCC2)CC1C(=O)O)C(C)C,1,0,0,0
Fotemustine,"II.b
                
II - Pulmonary edema - Acute lung injury - ARDS

                    II.b - ARDS - Acute lung injury",104799,DB04106,D07255,CCOP(=O)(OCC)C(C)NC(=O)N(CCCl)N=O,0,1,0,0
Fulvestrant,"I.c
                
I - Interstitial/parenchymal lung disease

                    I.c - Eosinophilic pneumonia (pulmonary infiltrates and eosinophilia)",104741,DB00947,D01161,CC12CCC3c4ccc(O)cc4CC(CCCCCCCCCS(=O)CCCC(F)(F)C(F)(F)F)C3C1CCC2O,1,0,0,0
Furazidin,"I.b
                
I - Interstitial/parenchymal lung disease

                    I.b - Pneumonitis (ILD)",6870646,DB13475,D07998,O=c1[nH]c(O)cn1N=CC=Cc1ccc([N+](=O)[O-])o1,1,0,0,0
Furazolidone,"I.a
                
I - Interstitial/parenchymal lung disease

                    I.a - Pneumonitis (ILD), acute and/or severe (may cause ARDS)                


                  I.b
                
I - Interstitial/parenchymal lung disease

                    I.b - Pneumonitis (ILD)                


                  I.c
                
I - Interstitial/parenchymal lung disease

                    I.c - Eosinophilic pneumonia (pulmonary infiltrates and eosinophilia)                


                  XI.b
                
XI - Miscellaneous

                    XI.b - Chest pain (acute or subacute), lone or prominent",5323714,DB00614,D00830,O=C1OCCN1N=Cc1ccc([N+](=O)[O-])o1,1,0,0,0
Gabapentin,"I.c
                
I - Interstitial/parenchymal lung disease

                    I.c - Eosinophilic pneumonia (pulmonary infiltrates and eosinophilia)                


                  V.b
                
V - Pleural and/or pericardial involvement

                    V.b - Eosinophilic pleural effusion                


                  VII.a
                
VII - Mediastinal involvement

                    VII.a - Lymphadenopathy (intrathoracic)                


                  VIII.a
                
VIII - Central-large-upper airway (incl. pharyngeal-nasal) involvement

                    VIII.a - Angioedema (may cause UAO, asphyxia and death)                


                  VIII.q
                
VIII - Central-large-upper airway (incl. pharyngeal-nasal) involvement

                    VIII.q - Tongue involvement (edema, glossitis, hematoma)                


                  IX.d
                
IX - Neuromuscular / CNS involvement - Disordered breathing (during sleep)

                    IX.d - Respiratory failure from ventilatory depression (due to neuromuscular blockade/paralysis)                


                  IX.p
                
IX - Neuromuscular / CNS involvement - Disordered breathing (during sleep)

                    IX.p - Disordered breathing during sleep - Sleep apnea                


                  XI.r
                
XI - Miscellaneous

                    XI.r - Death following exposure or poisoning",3446,DB00996,D00332,NCC1(CC(=O)O)CCCCC1,1,0,1,0
Gadobutrol,"II.a
                
II - Pulmonary edema - Acute lung injury - ARDS

                    II.a - Pulmonary edema, noncardiogenic (NCPE)                


                  II.b
                
II - Pulmonary edema - Acute lung injury - ARDS

                    II.b - ARDS - Acute lung injury                


                  X.f
                
X - Systemic/Distant conditions, syndromes and reactions

                    X.f - Anaphylaxis-Anaphylactoid reaction (can be fatal)",6102852,DB06703,D07420,O=C(O)CN1CCN(CC(=O)O)CCN(C(CO)C(O)CO)CCN(CC(=O)O)CC1.[Gd+3],0,1,0,0
Gefitinib,"I.a
                
I - Interstitial/parenchymal lung disease

                    I.a - Pneumonitis (ILD), acute and/or severe (may cause ARDS)                


                  I.b
                
I - Interstitial/parenchymal lung disease

                    I.b - Pneumonitis (ILD)                


                  I.g
                
I - Interstitial/parenchymal lung disease

                    I.g - Pulmonary fibrosis                


                  I.l
                
I - Interstitial/parenchymal lung disease

                    I.l - Diffuse alveolar damage (DAD) (see alsoo under IIb and XVf)                


                  II.b
                
II - Pulmonary edema - Acute lung injury - ARDS

                    II.b - ARDS - Acute lung injury                


                  III.a
                
III - Pulmonary/alveolar./airway hemorrhage/bleeding

                    III.a - Alveolar hemorrhage (AH), diffuse AH (DAH)                


                  V.f
                
V - Pleural and/or pericardial involvement

                    V.f - Pneumothorax                


                  V.ab
                
V - Pleural and/or pericardial involvement

                    V.ab - Pneumothorax, bilateral                


                  XI.w
                
XI - Miscellaneous

                    XI.w - Cavitation/necrosis of lung tumor or metastases                


                  XII.d
                
XII - Cardiovascular involvement / toxicity

                    XII.d - Myocarditis (can be fulminant)                


                  XII.ax
                
XII - Cardiovascular involvement / toxicity

                    XII.ax - Necrotizing myocarditis (w/o evidence for CAD)                


                  XV.f
                
XV - Pathology

                    XV.f - Path: Diffuse alveolar damage (DAD-pattern) (see also IL)                


                  XV.j
                
XV - Pathology

                    XV.j - Path: Pulmonary fibrosis (UIP-pattern)                


                  XV.ce
                
XV - Pathology

                    XV.ce - Path: Necrotizing myocarditis                


                  XVI.b
                
XVI - Imaging

                    XVI.b - Imaging: Ground-glass opacities (GGO) / shadowing                


                  XVI.af
                
XVI - Imaging

                    XVI.af - Imaging: Lung cysts or bullae (see also XVI ah/bf)                


                  XIX.a
                
XIX - Cytological, biochemical features of/in BAL, pleural fluid or FNA

                    XIX.a - BAL: An excess proportion of lymphocytes                


                  XIX.c
                
XIX - Cytological, biochemical features of/in BAL, pleural fluid or FNA

                    XIX.c - BAL: An excess proportion of eosinophils",123631,DB00317,D01977,COc1cc2ncnc(Nc3ccc(F)c(Cl)c3)c2cc1OCCCN1CCOCC1,1,1,1,0
Gemcitabine,"I.a
                
I - Interstitial/parenchymal lung disease

                    I.a - Pneumonitis (ILD), acute and/or severe (may cause ARDS)                


                  I.b
                
I - Interstitial/parenchymal lung disease

                    I.b - Pneumonitis (ILD)                


                  I.c
                
I - Interstitial/parenchymal lung disease

                    I.c - Eosinophilic pneumonia (pulmonary infiltrates and eosinophilia)                


                  I.e
                
I - Interstitial/parenchymal lung disease

                    I.e - Acute eosinophilic pneumonia (AEP)                


                  I.g
                
I - Interstitial/parenchymal lung disease

                    I.g - Pulmonary fibrosis                


                  I.h
                
I - Interstitial/parenchymal lung disease

                    I.h - Subclinical pulmonary infiltrates/ILD                


                  I.l
                
I - Interstitial/parenchymal lung disease

                    I.l - Diffuse alveolar damage (DAD) (see alsoo under IIb and XVf)                


                  I.ad
                
I - Interstitial/parenchymal lung disease

                    I.ad - Radiation recall pneumonitis                


                  II.a
                
II - Pulmonary edema - Acute lung injury - ARDS

                    II.a - Pulmonary edema, noncardiogenic (NCPE)                


                  II.b
                
II - Pulmonary edema - Acute lung injury - ARDS

                    II.b - ARDS - Acute lung injury                


                  II.c
                
II - Pulmonary edema - Acute lung injury - ARDS

                    II.c - ARDS and the hemolytic-uremic syndrome (HUS)                


                  III.a
                
III - Pulmonary/alveolar./airway hemorrhage/bleeding

                    III.a - Alveolar hemorrhage (AH), diffuse AH (DAH)                


                  III.h
                
III - Pulmonary/alveolar./airway hemorrhage/bleeding

                    III.h - Major/massive hemoptysis                


                  IV.b
                
IV - Airway involvement

                    IV.b - Bronchospasm and angioedema                


                  V.a
                
V - Pleural and/or pericardial involvement

                    V.a - Pleural effusion (uni- or bilateral) (can accompany DI-LDs)                


                  V.i
                
V - Pleural and/or pericardial involvement

                    V.i - Pleuritis (can cause chest pain)                


                  V.m
                
V - Pleural and/or pericardial involvement

                    V.m - Pleuropericarditis - Pleuropericardial effusion (ANA unknown or negative)                


                  VI.b
                
VI - Pulmonary vasculopathies

                    VI.b - Pulmonary arterial hypertension                


                  VI.c
                
VI - Pulmonary vasculopathies

                    VI.c - Pulmonary veno-occlusive disease                


                  VI.f
                
VI - Pulmonary vasculopathies

                    VI.f - Hemolytic and uremic syndrome (HUS). See also under Xaf                


                  X.c
                
X - Systemic/Distant conditions, syndromes and reactions

                    X.c - Capillary leak syndrome (CLS)                


                  X.m
                
X - Systemic/Distant conditions, syndromes and reactions

                    X.m - Vascultis (pulmonary, extrathoracic or systemic)-ANCA status unknown or negative)                


                  X.n
                
X - Systemic/Distant conditions, syndromes and reactions

                    X.n - Tumor lysis syndrome (TLS)                


                  X.af
                
X - Systemic/Distant conditions, syndromes and reactions

                    X.af - Thrombotic microangiopathy                


                  XI.b
                
XI - Miscellaneous

                    XI.b - Chest pain (acute or subacute), lone or prominent                


                  XII.c
                
XII - Cardiovascular involvement / toxicity

                    XII.c - Pericardial effusion (w/wo tamponade)                


                  XII.f
                
XII - Cardiovascular involvement / toxicity

                    XII.f - Cardiomyopathy (acute, subacute, chronic)                


                  XV.a
                
XV - Pathology

                    XV.a - Path: NSIP-cellular pattern (see also Ia, Ib)                


                  XV.e
                
XV - Pathology

                    XV.e - Path: ILD with a granulomatous component (see also Im)                


                  XV.f
                
XV - Pathology

                    XV.f - Path: Diffuse alveolar damage (DAD-pattern) (see also IL)                


                  XV.g
                
XV - Pathology

                    XV.g - Path: Alveolar hemorrhage (see also IIIa)                


                  XVI.b
                
XVI - Imaging

                    XVI.b - Imaging: Ground-glass opacities (GGO) / shadowing                


                  XVI.n
                
XVI - Imaging

                    XVI.n - Imaging: Intralobular septal thickening - Crazy paving                


                  XVII.e
                
XVII - Infections & related conditions

                    XVII.e - Pneumocystis jiroveci pneumonia",60750,DB00441,D02368,Nc1ccn(C2OC(CO)C(O)C2(F)F)c(=O)n1,1,1,1,1
Glitazones,"II.a
                
II - Pulmonary edema - Acute lung injury - ARDS

                    II.a - Pulmonary edema, noncardiogenic (NCPE)                


                  II.d
                
II - Pulmonary edema - Acute lung injury - ARDS

                    II.d - Pulmonary edema, cardiogenic                


                  II.h
                
II - Pulmonary edema - Acute lung injury - ARDS

                    II.h - Overload pulmonary edema (including  posttransfusional (TACO))                


                  V.a
                
V - Pleural and/or pericardial involvement

                    V.a - Pleural effusion (uni- or bilateral) (can accompany DI-LDs)                


                  V.i
                
V - Pleural and/or pericardial involvement

                    V.i - Pleuritis (can cause chest pain)                


                  X.r
                
X - Systemic/Distant conditions, syndromes and reactions

                    X.r - Fluid retention                


                  XII.a
                
XII - Cardiovascular involvement / toxicity

                    XII.a - Left or biventricular dysfunction/failure",10198397,NOT_FOUND,NOT_FOUND,O=c1[nH]c(O)c(Cc2ccc(O)cc2)s1,0,1,1,0
Glyphosate,"I.c
                
I - Interstitial/parenchymal lung disease

                    I.c - Eosinophilic pneumonia (pulmonary infiltrates and eosinophilia)                


                  I.e
                
I - Interstitial/parenchymal lung disease

                    I.e - Acute eosinophilic pneumonia (AEP)                


                  I.f
                
I - Interstitial/parenchymal lung disease

                    I.f - Acute fibrinous organizing pneumonia (AFOP)                


                  II.a
                
II - Pulmonary edema - Acute lung injury - ARDS

                    II.a - Pulmonary edema, noncardiogenic (NCPE)                


                  II.b
                
II - Pulmonary edema - Acute lung injury - ARDS

                    II.b - ARDS - Acute lung injury                


                  XV.d
                
XV - Pathology

                    XV.d - Path: Acute fibrinous organizing pneumonia (AFOP-pattern) (see also If)",3496,NOT_FOUND,C01705,O=C(O)CNCP(=O)(O)O,1,1,0,0
GnRH,"IV.a
                
IV - Airway involvement

                    IV.a - Bronchospasm - Wheezing - Asthma                


                  V.g
                
V - Pleural and/or pericardial involvement

                    V.g - Effusions of the ovarian hyperstimulation syndrome (OHSS)                


                  X.f
                
X - Systemic/Distant conditions, syndromes and reactions

                    X.f - Anaphylaxis-Anaphylactoid reaction (can be fatal)",16132914,NOT_FOUND,NOT_FOUND,CC(C)CC(NC(=O)C(Cc1c[nH]c2ccccc12)NC(=O)CNC(=O)C(Cc1ccc(O)cc1)NC(=O)C(CO)NC(=O)C(Cc1c[nH]c2ccccc12)NC(=O)C(Cc1c[nH]cn1)NC(=O)C1CCC(=O)N1)C(=O)N1CCCC1C(=O)NCC(N)=O,0,0,1,0
Hexamethonium,"I.d
                
I - Interstitial/parenchymal lung disease

                    I.d - Organizing pneumonia pattern (an area or areas of consolidation on imaging)                


                  I.g
                
I - Interstitial/parenchymal lung disease

                    I.g - Pulmonary fibrosis                


                  II.b
                
II - Pulmonary edema - Acute lung injury - ARDS

                    II.b - ARDS - Acute lung injury                


                  XV.c
                
XV - Pathology

                    XV.c - Path: Organizing pneumonia (OP/BOOP) pattern (see also Id)",3604,DB08960,C07510,C[N+](C)(C)CCCCCC[N+](C)(C)C,1,1,0,0
Hyaluronate - Hyaluronic acid,"II.b
                
II - Pulmonary edema - Acute lung injury - ARDS

                    II.b - ARDS - Acute lung injury                


                  III.a
                
III - Pulmonary/alveolar./airway hemorrhage/bleeding

                    III.a - Alveolar hemorrhage (AH), diffuse AH (DAH)                


                  VI.i
                
VI - Pulmonary vasculopathies

                    VI.i - Acute pulmonary hypertension                


                  VI.v
                
VI - Pulmonary vasculopathies

                    VI.v - Foreign body/substance pulmonary embolism                


                  XI.aa
                
XI - Miscellaneous

                    XI.aa - CNS symptoms or involvement, stroke                


                  XII.g
                
XII - Cardiovascular involvement / toxicity

                    XII.g - Coronary artery disease (acute) - Myocardial ischemia/infarction                


                  XV.ag
                
XV - Pathology

                    XV.ag - Path: Foreign body embolism, microangiopathy, vasculopathy                


                  XVI.e
                
XVI - Imaging

                    XVI.e - Imaging: Pulmonary opacities with a subpleural distribution",23663392,NOT_FOUND,NOT_FOUND,CC(=O)NC1CC(O)C(CO)OC1OC1C(C(=O)O)OC(O)C(O)C1O,0,1,1,1
Hydantoin,"I.g
                
I - Interstitial/parenchymal lung disease

                    I.g - Pulmonary fibrosis",10006,DB00698,D00439,O=c1[nH]cc(O)[nH]1,1,0,0,0
Hydralazine,"I.a
                
I - Interstitial/parenchymal lung disease

                    I.a - Pneumonitis (ILD), acute and/or severe (may cause ARDS)                


                  I.b
                
I - Interstitial/parenchymal lung disease

                    I.b - Pneumonitis (ILD)                


                  I.d
                
I - Interstitial/parenchymal lung disease

                    I.d - Organizing pneumonia pattern (an area or areas of consolidation on imaging)                


                  II.b
                
II - Pulmonary edema - Acute lung injury - ARDS

                    II.b - ARDS - Acute lung injury                


                  III.a
                
III - Pulmonary/alveolar./airway hemorrhage/bleeding

                    III.a - Alveolar hemorrhage (AH), diffuse AH (DAH)                


                  III.b
                
III - Pulmonary/alveolar./airway hemorrhage/bleeding

                    III.b - Pneumorenal syndrome (w/wo ANCAs)                


                  III.d
                
III - Pulmonary/alveolar./airway hemorrhage/bleeding

                    III.d - Alveolar hemorrhage, diffuse (ANCA-positive/-related)                


                  IV.a
                
IV - Airway involvement

                    IV.a - Bronchospasm - Wheezing - Asthma                


                  V.d
                
V - Pleural and/or pericardial involvement

                    V.d - Pleural/pericardial effusion, ANA positive (DI lupus)                


                  V.i
                
V - Pleural and/or pericardial involvement

                    V.i - Pleuritis (can cause chest pain)                


                  V.m
                
V - Pleural and/or pericardial involvement

                    V.m - Pleuropericarditis - Pleuropericardial effusion (ANA unknown or negative)                


                  VI.d
                
VI - Pulmonary vasculopathies

                    VI.d - Pulmonary vasculitis or capillaritis                


                  VIII.a
                
VIII - Central-large-upper airway (incl. pharyngeal-nasal) involvement

                    VIII.a - Angioedema (may cause UAO, asphyxia and death)                


                  VIII.c
                
VIII - Central-large-upper airway (incl. pharyngeal-nasal) involvement

                    VIII.c - Upper airway obstruction other than angioedema or hematoma                


                  VIII.h
                
VIII - Central-large-upper airway (incl. pharyngeal-nasal) involvement

                    VIII.h - Vocal cord dysfunction, adduction, closure, injury                


                  X.a
                
X - Systemic/Distant conditions, syndromes and reactions

                    X.a - DRES syndrome - DRESS-like reaction                


                  X.b
                
X - Systemic/Distant conditions, syndromes and reactions

                    X.b - Antiphospholipid antibodies w/wo the APL syndrome                


                  X.d
                
X - Systemic/Distant conditions, syndromes and reactions

                    X.d - Lupus - Lupus syndrome (see also Vd)                


                  X.e
                
X - Systemic/Distant conditions, syndromes and reactions

                    X.e - Autoimmunity-Autoimmune conditions (+ANA, +anti-ds-DNA, +ANCAs, other auto-Abs)                


                  X.m
                
X - Systemic/Distant conditions, syndromes and reactions

                    X.m - Vascultis (pulmonary, extrathoracic or systemic)-ANCA status unknown or negative)                


                  X.o
                
X - Systemic/Distant conditions, syndromes and reactions

                    X.o - Neutrophilic dermatosis (Pyoderma, Sweet syndrome)                


                  X.s
                
X - Systemic/Distant conditions, syndromes and reactions

                    X.s - Vasculitis, pulmonary (w/wo AH), extrapulmonary, systemic: ANCA-positive                


                  X.ak
                
X - Systemic/Distant conditions, syndromes and reactions

                    X.ak - Dual MPO-/PR3-ANCA systemic disease/vasculitis/pseudovasculitis                


                  XII.c
                
XII - Cardiovascular involvement / toxicity

                    XII.c - Pericardial effusion (w/wo tamponade)                


                  XII.k
                
XII - Cardiovascular involvement / toxicity

                    XII.k - Constrictive pericarditis - Pericardial thickening                


                  XV.f
                
XV - Pathology

                    XV.f - Path: Diffuse alveolar damage (DAD-pattern) (see also IL)",3637,DB01275,D08044,NNc1nncc2ccccc12,1,1,1,1
Hydrochlorothiazide,"I.a
                
I - Interstitial/parenchymal lung disease

                    I.a - Pneumonitis (ILD), acute and/or severe (may cause ARDS)                


                  I.b
                
I - Interstitial/parenchymal lung disease

                    I.b - Pneumonitis (ILD)                


                  I.e
                
I - Interstitial/parenchymal lung disease

                    I.e - Acute eosinophilic pneumonia (AEP)                


                  II.a
                
II - Pulmonary edema - Acute lung injury - ARDS

                    II.a - Pulmonary edema, noncardiogenic (NCPE)                


                  II.b
                
II - Pulmonary edema - Acute lung injury - ARDS

                    II.b - ARDS - Acute lung injury                


                  II.d
                
II - Pulmonary edema - Acute lung injury - ARDS

                    II.d - Pulmonary edema, cardiogenic                


                  II.f
                
II - Pulmonary edema - Acute lung injury - ARDS

                    II.f - Hypoxemia, low oxygen saturation (may occur in isolation)                


                  II.i
                
II - Pulmonary edema - Acute lung injury - ARDS

                    II.i - Flash (fulminate) pulmonary edema                


                  II.r
                
II - Pulmonary edema - Acute lung injury - ARDS

                    II.r - Interstitial pulmonary edema                


                  IX.h
                
IX - Neuromuscular / CNS involvement - Disordered breathing (during sleep)

                    IX.h - Dyspnea, unexplained otherwise                


                  X.b
                
X - Systemic/Distant conditions, syndromes and reactions

                    X.b - Antiphospholipid antibodies w/wo the APL syndrome                


                  X.c
                
X - Systemic/Distant conditions, syndromes and reactions

                    X.c - Capillary leak syndrome (CLS)                


                  X.d
                
X - Systemic/Distant conditions, syndromes and reactions

                    X.d - Lupus - Lupus syndrome (see also Vd)                


                  X.e
                
X - Systemic/Distant conditions, syndromes and reactions

                    X.e - Autoimmunity-Autoimmune conditions (+ANA, +anti-ds-DNA, +ANCAs, other auto-Abs)                


                  X.u
                
X - Systemic/Distant conditions, syndromes and reactions

                    X.u - Multiple organ dysfunction/failure (MODS/MOF)                


                  XI.b
                
XI - Miscellaneous

                    XI.b - Chest pain (acute or subacute), lone or prominent                


                  XII.c
                
XII - Cardiovascular involvement / toxicity

                    XII.c - Pericardial effusion (w/wo tamponade)                


                  XII.m
                
XII - Cardiovascular involvement / toxicity

                    XII.m - Cardiac- cardiorespiratory/pulmonary arrest                


                  XII.n
                
XII - Cardiovascular involvement / toxicity

                    XII.n - Cardiovascular collapse - Cardiogenic shock - Hypotension                


                  XXI.a
                
XXI - Rechallenge data

                    XXI.a - Rechallenge can lead to near-fatal or fatal relapse of AE/ILD",3639,DB00999,D00340,NS(=O)(=O)c1cc2c(cc1Cl)NCNS2(=O)=O,1,1,0,0
Hydrocodone,"I.a
                
I - Interstitial/parenchymal lung disease

                    I.a - Pneumonitis (ILD), acute and/or severe (may cause ARDS)                


                  I.b
                
I - Interstitial/parenchymal lung disease

                    I.b - Pneumonitis (ILD)                


                  IX.d
                
IX - Neuromuscular / CNS involvement - Disordered breathing (during sleep)

                    IX.d - Respiratory failure from ventilatory depression (due to neuromuscular blockade/paralysis)                


                  XI.r
                
XI - Miscellaneous

                    XI.r - Death following exposure or poisoning                


                  XII.w
                
XII - Cardiovascular involvement / toxicity

                    XII.w - Asystole",5284569,DB00956,D08045,COc1ccc2c3c1OC1C(=O)CCC4C(C2)N(C)CCC314,1,0,0,0
Hydrocortisone,"II.a
                
II - Pulmonary edema - Acute lung injury - ARDS

                    II.a - Pulmonary edema, noncardiogenic (NCPE)                


                  IV.a
                
IV - Airway involvement

                    IV.a - Bronchospasm - Wheezing - Asthma                


                  IV.b
                
IV - Airway involvement

                    IV.b - Bronchospasm and angioedema                


                  IV.f
                
IV - Airway involvement

                    IV.f - Severe or catastrophic bronchospasm or asthma attack (can be fatal)                


                  IX.a
                
IX - Neuromuscular / CNS involvement - Disordered breathing (during sleep)

                    IX.a - Diaphragm/inspiratory muscle weakness/paralysis (w/wo ARF)                


                  X.f
                
X - Systemic/Distant conditions, syndromes and reactions

                    X.f - Anaphylaxis-Anaphylactoid reaction (can be fatal)                


                  X.r
                
X - Systemic/Distant conditions, syndromes and reactions

                    X.r - Fluid retention                


                  XII.v
                
XII - Cardiovascular involvement / toxicity

                    XII.v - Hypertrophic cardiomyopathy",5754,DB00741,D00088,CC12CCC(=O)C=C1CCC1C2C(O)CC2(C)C1CCC2(O)C(=O)CO,0,1,0,0
Hydroxychloroquine,"I.b
                
I - Interstitial/parenchymal lung disease

                    I.b - Pneumonitis (ILD)                


                  I.c
                
I - Interstitial/parenchymal lung disease

                    I.c - Eosinophilic pneumonia (pulmonary infiltrates and eosinophilia)                


                  IV.a
                
IV - Airway involvement

                    IV.a - Bronchospasm - Wheezing - Asthma                


                  IV.aa
                
IV - Airway involvement

                    IV.aa - Occupational asthma                


                  VI.b
                
VI - Pulmonary vasculopathies

                    VI.b - Pulmonary arterial hypertension                


                  IX.a
                
IX - Neuromuscular / CNS involvement - Disordered breathing (during sleep)

                    IX.a - Diaphragm/inspiratory muscle weakness/paralysis (w/wo ARF)                


                  X.a
                
X - Systemic/Distant conditions, syndromes and reactions

                    X.a - DRES syndrome - DRESS-like reaction                


                  X.f
                
X - Systemic/Distant conditions, syndromes and reactions

                    X.f - Anaphylaxis-Anaphylactoid reaction (can be fatal)                


                  XII.a
                
XII - Cardiovascular involvement / toxicity

                    XII.a - Left or biventricular dysfunction/failure                


                  XII.f
                
XII - Cardiovascular involvement / toxicity

                    XII.f - Cardiomyopathy (acute, subacute, chronic)                


                  XII.l
                
XII - Cardiovascular involvement / toxicity

                    XII.l - Cardiac arrhythmias or dysrhythmias (AF, VT, VF, TdP)                


                  XII.p
                
XII - Cardiovascular involvement / toxicity

                    XII.p - QTc prolongation                


                  XII.s
                
XII - Cardiovascular involvement / toxicity

                    XII.s - Heart block (bundle branch- or AV-)                


                  XII.t
                
XII - Cardiovascular involvement / toxicity

                    XII.t - Torsades de pointe                


                  XII.v
                
XII - Cardiovascular involvement / toxicity

                    XII.v - Hypertrophic cardiomyopathy                


                  XV.cz
                
XV - Pathology

                    XV.cz - Path: Lysosomal storage cardiomyopathy/cardiotoxicity",3652,DB01611,D08050,CCN(CCO)CCCC(C)Nc1ccnc2cc(Cl)ccc12,1,0,0,1
Ibrutinib,"I.a
                
I - Interstitial/parenchymal lung disease

                    I.a - Pneumonitis (ILD), acute and/or severe (may cause ARDS)                


                  I.b
                
I - Interstitial/parenchymal lung disease

                    I.b - Pneumonitis (ILD)                


                  IV.d
                
IV - Airway involvement

                    IV.d - Cough (lone)                


                  V.f
                
V - Pleural and/or pericardial involvement

                    V.f - Pneumothorax                


                  VII.h
                
VII - Mediastinal involvement

                    VII.h - Pneumomediastinum                


                  X.n
                
X - Systemic/Distant conditions, syndromes and reactions

                    X.n - Tumor lysis syndrome (TLS)                


                  XII.f
                
XII - Cardiovascular involvement / toxicity

                    XII.f - Cardiomyopathy (acute, subacute, chronic)                


                  XII.l
                
XII - Cardiovascular involvement / toxicity

                    XII.l - Cardiac arrhythmias or dysrhythmias (AF, VT, VF, TdP)                


                  XII.m
                
XII - Cardiovascular involvement / toxicity

                    XII.m - Cardiac- cardiorespiratory/pulmonary arrest                


                  XII.ai
                
XII - Cardiovascular involvement / toxicity

                    XII.ai - Cardiotoxicity                


                  XVII.a
                
XVII - Infections & related conditions

                    XVII.a - Respiratory tract infection incl. pneumonia                


                  XVII.c
                
XVII - Infections & related conditions

                    XVII.c - Aspergillosis, pulmonary (invasive, allergic [ABPA], or mycetoma)                


                  XVII.e
                
XVII - Infections & related conditions

                    XVII.e - Pneumocystis jiroveci pneumonia                


                  XVII.f
                
XVII - Infections & related conditions

                    XVII.f - Tuberculosis, miliary                


                  XVII.r
                
XVII - Infections & related conditions

                    XVII.r - Fungal infection (pulmonary/extrapulmonary)",24821094,DB09053,D10223,C=CC(=O)N1CCCC(n2nc(-c3ccc(Oc4ccccc4)cc3)c3c(N)ncnc32)C1,1,0,1,0
Ibuprofen,"I.c
                
I - Interstitial/parenchymal lung disease

                    I.c - Eosinophilic pneumonia (pulmonary infiltrates and eosinophilia)                


                  II.a
                
II - Pulmonary edema - Acute lung injury - ARDS

                    II.a - Pulmonary edema, noncardiogenic (NCPE)                


                  II.b
                
II - Pulmonary edema - Acute lung injury - ARDS

                    II.b - ARDS - Acute lung injury                


                  IV.a
                
IV - Airway involvement

                    IV.a - Bronchospasm - Wheezing - Asthma                


                  IV.f
                
IV - Airway involvement

                    IV.f - Severe or catastrophic bronchospasm or asthma attack (can be fatal)                


                  IV.v
                
IV - Airway involvement

                    IV.v - Deterioration/exacerbation of preexisting asthma or COPD                


                  V.a
                
V - Pleural and/or pericardial involvement

                    V.a - Pleural effusion (uni- or bilateral) (can accompany DI-LDs)                


                  VI.b
                
VI - Pulmonary vasculopathies

                    VI.b - Pulmonary arterial hypertension                


                  VI.y
                
VI - Pulmonary vasculopathies

                    VI.y - Pulmonary hypertension of the newborn (Persistent PHT)                


                  VIII.a
                
VIII - Central-large-upper airway (incl. pharyngeal-nasal) involvement

                    VIII.a - Angioedema (may cause UAO, asphyxia and death)                


                  X.a
                
X - Systemic/Distant conditions, syndromes and reactions

                    X.a - DRES syndrome - DRESS-like reaction                


                  X.f
                
X - Systemic/Distant conditions, syndromes and reactions

                    X.f - Anaphylaxis-Anaphylactoid reaction (can be fatal)                


                  X.g
                
X - Systemic/Distant conditions, syndromes and reactions

                    X.g - Hypersensitivity reaction (may manifest with fever and/or skin, throat or airway involvement)",3672,DB01050,D00126,CC(C)Cc1ccc(C(C)C(=O)O)cc1,1,1,1,1
Icotinib,"I.b
                
I - Interstitial/parenchymal lung disease

                    I.b - Pneumonitis (ILD)                


                  II.b
                
II - Pulmonary edema - Acute lung injury - ARDS

                    II.b - ARDS - Acute lung injury",22024915,NOT_FOUND,NOT_FOUND,C#Cc1cccc(Nc2ncnc3cc4c(cc23)OCCOCCOCCO4)c1,1,1,0,0
Idelalisib,"I.a
                
I - Interstitial/parenchymal lung disease

                    I.a - Pneumonitis (ILD), acute and/or severe (may cause ARDS)                


                  I.b
                
I - Interstitial/parenchymal lung disease

                    I.b - Pneumonitis (ILD)                


                  I.c
                
I - Interstitial/parenchymal lung disease

                    I.c - Eosinophilic pneumonia (pulmonary infiltrates and eosinophilia)                


                  I.ao
                
I - Interstitial/parenchymal lung disease

                    I.ao - Pulmonary infiltrates                


                  IV.d
                
IV - Airway involvement

                    IV.d - Cough (lone)                


                  XVII.a
                
XVII - Infections & related conditions

                    XVII.a - Respiratory tract infection incl. pneumonia                


                  XVII.e
                
XVII - Infections & related conditions

                    XVII.e - Pneumocystis jiroveci pneumonia",11625818,DB09054,D10560,CCC(Nc1ncnc2[nH]cnc12)c1nc2cccc(F)c2c(=O)n1-c1ccccc1,1,0,0,0
Ifenprodil,"I.c
                
I - Interstitial/parenchymal lung disease

                    I.c - Eosinophilic pneumonia (pulmonary infiltrates and eosinophilia)",3689,NOT_FOUND,D01445,CC(C(O)c1ccc(O)cc1)N1CCC(Cc2ccccc2)CC1,1,0,0,0
Ifosfamide,"I.b
                
I - Interstitial/parenchymal lung disease

                    I.b - Pneumonitis (ILD)                


                  I.g
                
I - Interstitial/parenchymal lung disease

                    I.g - Pulmonary fibrosis                


                  I.ad
                
I - Interstitial/parenchymal lung disease

                    I.ad - Radiation recall pneumonitis                


                  II.a
                
II - Pulmonary edema - Acute lung injury - ARDS

                    II.a - Pulmonary edema, noncardiogenic (NCPE)                


                  II.d
                
II - Pulmonary edema - Acute lung injury - ARDS

                    II.d - Pulmonary edema, cardiogenic                


                  XI.a
                
XI - Miscellaneous

                    XI.a - Cyanosis, a low SpO2 and normal measured PaO2                


                  XII.f
                
XII - Cardiovascular involvement / toxicity

                    XII.f - Cardiomyopathy (acute, subacute, chronic)                


                  XII.l
                
XII - Cardiovascular involvement / toxicity

                    XII.l - Cardiac arrhythmias or dysrhythmias (AF, VT, VF, TdP)                


                  XII.n
                
XII - Cardiovascular involvement / toxicity

                    XII.n - Cardiovascular collapse - Cardiogenic shock - Hypotension                


                  XIV.a
                
XIV - Hemoglobinopathies - Abnormal hemoglobin states (acquired)

                    XIV.a - Methemoglobinemia                


                  XV.h
                
XV - Pathology

                    XV.h - Path: NSIP-fibrotic pattern                


                  XV.j
                
XV - Pathology

                    XV.j - Path: Pulmonary fibrosis (UIP-pattern)",3690,DB01181,D00343,O=P1(NCCCl)OCCCN1CCCl,1,1,0,0
Iguratimod,"I.b
                
I - Interstitial/parenchymal lung disease

                    I.b - Pneumonitis (ILD)                


                  I.y
                
I - Interstitial/parenchymal lung disease

                    I.y - Progression, acceleration or exacerbation of preexisting ILD/fibrosis                


                  XVII.e
                
XVII - Infections & related conditions

                    XVII.e - Pneumocystis jiroveci pneumonia",124246,DB12233,D01146,CS(=O)(=O)Nc1cc2occ(NC=O)c(=O)c2cc1Oc1ccccc1,1,0,0,0
Iloprost,"II.f
                
II - Pulmonary edema - Acute lung injury - ARDS

                    II.f - Hypoxemia, low oxygen saturation (may occur in isolation)                


                  IV.a
                
IV - Airway involvement

                    IV.a - Bronchospasm - Wheezing - Asthma                


                  V.f
                
V - Pleural and/or pericardial involvement

                    V.f - Pneumothorax",5311181,DB01088,D02721,CC#CCC(C)C(O)C=CC1C(O)CC2CC(=CCCCC(=O)O)CC21,0,1,1,0
Imatinib,"I.a
                
I - Interstitial/parenchymal lung disease

                    I.a - Pneumonitis (ILD), acute and/or severe (may cause ARDS)                


                  I.b
                
I - Interstitial/parenchymal lung disease

                    I.b - Pneumonitis (ILD)                


                  I.c
                
I - Interstitial/parenchymal lung disease

                    I.c - Eosinophilic pneumonia (pulmonary infiltrates and eosinophilia)                


                  I.d
                
I - Interstitial/parenchymal lung disease

                    I.d - Organizing pneumonia pattern (an area or areas of consolidation on imaging)                


                  I.m
                
I - Interstitial/parenchymal lung disease

                    I.m - ILD with a granulomatous component                


                  I.n
                
I - Interstitial/parenchymal lung disease

                    I.n - Pulmonary alveolar proteinosis (PAP)                


                  I.y
                
I - Interstitial/parenchymal lung disease

                    I.y - Progression, acceleration or exacerbation of preexisting ILD/fibrosis                


                  II.b
                
II - Pulmonary edema - Acute lung injury - ARDS

                    II.b - ARDS - Acute lung injury                


                  II.d
                
II - Pulmonary edema - Acute lung injury - ARDS

                    II.d - Pulmonary edema, cardiogenic                


                  III.a
                
III - Pulmonary/alveolar./airway hemorrhage/bleeding

                    III.a - Alveolar hemorrhage (AH), diffuse AH (DAH)                


                  V.a
                
V - Pleural and/or pericardial involvement

                    V.a - Pleural effusion (uni- or bilateral) (can accompany DI-LDs)                


                  V.c
                
V - Pleural and/or pericardial involvement

                    V.c - Pleural thickening - Fibrothorax                


                  V.i
                
V - Pleural and/or pericardial involvement

                    V.i - Pleuritis (can cause chest pain)                


                  V.m
                
V - Pleural and/or pericardial involvement

                    V.m - Pleuropericarditis - Pleuropericardial effusion (ANA unknown or negative)                


                  X.a
                
X - Systemic/Distant conditions, syndromes and reactions

                    X.a - DRES syndrome - DRESS-like reaction                


                  X.n
                
X - Systemic/Distant conditions, syndromes and reactions

                    X.n - Tumor lysis syndrome (TLS)                


                  X.r
                
X - Systemic/Distant conditions, syndromes and reactions

                    X.r - Fluid retention                


                  XII.a
                
XII - Cardiovascular involvement / toxicity

                    XII.a - Left or biventricular dysfunction/failure                


                  XII.f
                
XII - Cardiovascular involvement / toxicity

                    XII.f - Cardiomyopathy (acute, subacute, chronic)                


                  XIII.g
                
XIII - Neoplastic conditions

                    XIII.g - Lymphomatoid granulomatosis (pulmonary, endothoracic)                


                  XV.a
                
XV - Pathology

                    XV.a - Path: NSIP-cellular pattern (see also Ia, Ib)                


                  XV.c
                
XV - Pathology

                    XV.c - Path: Organizing pneumonia (OP/BOOP) pattern (see also Id)                


                  XV.n
                
XV - Pathology

                    XV.n - Path: Pulmonary alveolar proteinosis pattern (PAP pattern)                


                  XV.ch
                
XV - Pathology

                    XV.ch - Path: Organizing fibrinous pleuritis (OFP)                


                  XVII.g
                
XVII - Infections & related conditions

                    XVII.g - Tuberculosis (pulmonary, pulmonary, extrapulmonary or disseminated). Reactivation or de novo                


                  XVII.h
                
XVII - Infections & related conditions

                    XVII.h - Nontuberculous pulmonary mycobacterial infection/superinfection                


                  XVII.o
                
XVII - Infections & related conditions

                    XVII.o - Nocardia pulmonary/systemic infection                


                  XVII.w
                
XVII - Infections & related conditions

                    XVII.w - Hypogammaglobulinemia - Antibody deficiency",5291,DB00619,D08066,Cc1ccc(NC(=O)c2ccc(CN3CCN(C)CC3)cc2)cc1Nc1nccc(-c2cccnc2)n1,1,1,1,0
Imidapril,"IV.d
                
IV - Airway involvement

                    IV.d - Cough (lone)                


                  V.b
                
V - Pleural and/or pericardial involvement

                    V.b - Eosinophilic pleural effusion",5464343,NOT_FOUND,D01549,CCOC(=O)C(CCc1ccccc1)NC(C)C(=O)N1C(=O)N(C)CC1C(=O)O,0,0,1,0
Imipramine,"I.b
                
I - Interstitial/parenchymal lung disease

                    I.b - Pneumonitis (ILD)                


                  I.c
                
I - Interstitial/parenchymal lung disease

                    I.c - Eosinophilic pneumonia (pulmonary infiltrates and eosinophilia)                


                  I.d
                
I - Interstitial/parenchymal lung disease

                    I.d - Organizing pneumonia pattern (an area or areas of consolidation on imaging)                


                  I.g
                
I - Interstitial/parenchymal lung disease

                    I.g - Pulmonary fibrosis                


                  II.b
                
II - Pulmonary edema - Acute lung injury - ARDS

                    II.b - ARDS - Acute lung injury                


                  XII.d
                
XII - Cardiovascular involvement / toxicity

                    XII.d - Myocarditis (can be fulminant)",3696,DB00458,D08070,CN(C)CCCN1c2ccccc2CCc2ccccc21,1,1,0,0
Imiquimod,"VI.a
                
VI - Pulmonary vasculopathies

                    VI.a - Pulmonary embolism - Venous thrombosis/thromboembolism",57469,DB00724,D02500,CC(C)Cn1cnc2c(N)nc3ccccc3c21,0,0,0,1
Irofulven,"II.a
                
II - Pulmonary edema - Acute lung injury - ARDS

                    II.a - Pulmonary edema, noncardiogenic (NCPE)",148189,DB05786,D04614,CC1=C(CO)C2=C(C)C3(CC3)C(C)(O)C(=O)C2=C1,0,1,0,0
Isocyanates,"I.b
                
I - Interstitial/parenchymal lung disease

                    I.b - Pneumonitis (ILD)                


                  I.an
                
I - Interstitial/parenchymal lung disease

                    I.an - Hypersensitivity pneumonitis pattern                


                  IV.a
                
IV - Airway involvement

                    IV.a - Bronchospasm - Wheezing - Asthma",105034,NOT_FOUND,NOT_FOUND,N=C=O,1,0,0,0
Isoxsuprine,"II.a
                
II - Pulmonary edema - Acute lung injury - ARDS

                    II.a - Pulmonary edema, noncardiogenic (NCPE)                


                  II.b
                
II - Pulmonary edema - Acute lung injury - ARDS

                    II.b - ARDS - Acute lung injury",11779629,DB08941,D08092,CC(COc1ccccc1)NC(C)C(O)c1ccc(O)cc1,0,1,0,0
Itraconazole,"III.a
                
III - Pulmonary/alveolar./airway hemorrhage/bleeding

                    III.a - Alveolar hemorrhage (AH), diffuse AH (DAH)                


                  V.m
                
V - Pleural and/or pericardial involvement

                    V.m - Pleuropericarditis - Pleuropericardial effusion (ANA unknown or negative)                


                  VIII.a
                
VIII - Central-large-upper airway (incl. pharyngeal-nasal) involvement

                    VIII.a - Angioedema (may cause UAO, asphyxia and death)                


                  X.f
                
X - Systemic/Distant conditions, syndromes and reactions

                    X.f - Anaphylaxis-Anaphylactoid reaction (can be fatal)                


                  XII.r
                
XII - Cardiovascular involvement / toxicity

                    XII.r - Heart failure (biventricular, congestive)",55283,DB01167,D00350,CCC(C)n1ncn(-c2ccc(N3CCN(c4ccc(OCC5COC(Cn6cncn6)(c6ccc(Cl)cc6Cl)O5)cc4)CC3)cc2)c1=O,0,0,1,0
Ivabradine,"II.b
                
II - Pulmonary edema - Acute lung injury - ARDS

                    II.b - ARDS - Acute lung injury                


                  III.a
                
III - Pulmonary/alveolar./airway hemorrhage/bleeding

                    III.a - Alveolar hemorrhage (AH), diffuse AH (DAH)",132999,DB09083,D07165,COc1cc2c(cc1OC)CC(=O)N(CCCN(C)CC1Cc3cc(OC)c(OC)cc31)CC2,0,1,0,0
Labetalol,"I.b
                
I - Interstitial/parenchymal lung disease

                    I.b - Pneumonitis (ILD)                


                  I.g
                
I - Interstitial/parenchymal lung disease

                    I.g - Pulmonary fibrosis                


                  X.d
                
X - Systemic/Distant conditions, syndromes and reactions

                    X.d - Lupus - Lupus syndrome (see also Vd)",3869,DB00598,D08106,CC(CCc1ccccc1)NCC(O)c1ccc(O)c(C(N)=O)c1,1,0,0,0
Lamotrigine,"I.a
                
I - Interstitial/parenchymal lung disease

                    I.a - Pneumonitis (ILD), acute and/or severe (may cause ARDS)                


                  I.b
                
I - Interstitial/parenchymal lung disease

                    I.b - Pneumonitis (ILD)                


                  I.d
                
I - Interstitial/parenchymal lung disease

                    I.d - Organizing pneumonia pattern (an area or areas of consolidation on imaging)                


                  I.m
                
I - Interstitial/parenchymal lung disease

                    I.m - ILD with a granulomatous component                


                  II.b
                
II - Pulmonary edema - Acute lung injury - ARDS

                    II.b - ARDS - Acute lung injury                


                  IV.ag
                
IV - Airway involvement

                    IV.ag - Bronchocentric granulomatosis                


                  X.a
                
X - Systemic/Distant conditions, syndromes and reactions

                    X.a - DRES syndrome - DRESS-like reaction                


                  X.d
                
X - Systemic/Distant conditions, syndromes and reactions

                    X.d - Lupus - Lupus syndrome (see also Vd)                


                  X.az
                
X - Systemic/Distant conditions, syndromes and reactions

                    X.az - Hemophagocytic syndrome                


                  XII.d
                
XII - Cardiovascular involvement / toxicity

                    XII.d - Myocarditis (can be fulminant)                


                  XII.h
                
XII - Cardiovascular involvement / toxicity

                    XII.h - Eosinophilic myocarditis                


                  XII.s
                
XII - Cardiovascular involvement / toxicity

                    XII.s - Heart block (bundle branch- or AV-)                


                  XV.cc
                
XV - Pathology

                    XV.cc - Path: Eosinophilic myocarditis                


                  XV.cu
                
XV - Pathology

                    XV.cu - Path: Bronchocentric granulomatosis                


                  XXIV.g
                
XXIV - Veterinary medicine

                    XXIV.g - Veterinary: Cardiac arrhythmias",3878,DB00555,D00354,Nc1nnc(-c2cccc(Cl)c2Cl)c(N)n1,1,1,0,0
Laninamivir,"I.b
                
I - Interstitial/parenchymal lung disease

                    I.b - Pneumonitis (ILD)                


                  I.c
                
I - Interstitial/parenchymal lung disease

                    I.c - Eosinophilic pneumonia (pulmonary infiltrates and eosinophilia)                


                  XIX.c
                
XIX - Cytological, biochemical features of/in BAL, pleural fluid or FNA

                    XIX.c - BAL: An excess proportion of eosinophils",502272,NOT_FOUND,D09547,COC(C(O)CO)C1OC(C(=O)O)=CC(N=C(N)N)C1NC(C)=O,1,0,1,0
Lapatinib,"I.b
                
I - Interstitial/parenchymal lung disease

                    I.b - Pneumonitis (ILD)                


                  VI.a
                
VI - Pulmonary vasculopathies

                    VI.a - Pulmonary embolism - Venous thrombosis/thromboembolism                


                  VI.b
                
VI - Pulmonary vasculopathies

                    VI.b - Pulmonary arterial hypertension",208908,DB01259,D08108,CS(=O)(=O)CCNCc1ccc(-c2ccc3ncnc(Nc4ccc(OCc5cccc(F)c5)c(Cl)c4)c3c2)o1,1,0,0,1
Ledipasvir,"I.b
                
I - Interstitial/parenchymal lung disease

                    I.b - Pneumonitis (ILD)                


                  XVII.f
                
XVII - Infections & related conditions

                    XVII.f - Tuberculosis, miliary",67505836,DB09027,D10442,COC(=O)NC(C(=O)N1CC2(CC2)CC1c1nc(-c2ccc3c(c2)C(F)(F)c2cc(-c4ccc5[nH]c(C6C7CCC(C7)N6C(=O)C(NC(=O)OC)C(C)C)nc5c4)ccc2-3)c[nH]1)C(C)C,1,0,0,0
Leflunomide,"I.a
                
I - Interstitial/parenchymal lung disease

                    I.a - Pneumonitis (ILD), acute and/or severe (may cause ARDS)                


                  I.b
                
I - Interstitial/parenchymal lung disease

                    I.b - Pneumonitis (ILD)                


                  I.c
                
I - Interstitial/parenchymal lung disease

                    I.c - Eosinophilic pneumonia (pulmonary infiltrates and eosinophilia)                


                  I.d
                
I - Interstitial/parenchymal lung disease

                    I.d - Organizing pneumonia pattern (an area or areas of consolidation on imaging)                


                  I.l
                
I - Interstitial/parenchymal lung disease

                    I.l - Diffuse alveolar damage (DAD) (see alsoo under IIb and XVf)                


                  I.n
                
I - Interstitial/parenchymal lung disease

                    I.n - Pulmonary alveolar proteinosis (PAP)                


                  I.q
                
I - Interstitial/parenchymal lung disease

                    I.q - Pulmonary nodulosis                


                  I.y
                
I - Interstitial/parenchymal lung disease

                    I.y - Progression, acceleration or exacerbation of preexisting ILD/fibrosis                


                  I.z
                
I - Interstitial/parenchymal lung disease

                    I.z - An area or areas of consolidation                


                  IV.d
                
IV - Airway involvement

                    IV.d - Cough (lone)                


                  V.m
                
V - Pleural and/or pericardial involvement

                    V.m - Pleuropericarditis - Pleuropericardial effusion (ANA unknown or negative)                


                  VI.b
                
VI - Pulmonary vasculopathies

                    VI.b - Pulmonary arterial hypertension                


                  X.a
                
X - Systemic/Distant conditions, syndromes and reactions

                    X.a - DRES syndrome - DRESS-like reaction                


                  X.d
                
X - Systemic/Distant conditions, syndromes and reactions

                    X.d - Lupus - Lupus syndrome (see also Vd)                


                  XV.a
                
XV - Pathology

                    XV.a - Path: NSIP-cellular pattern (see also Ia, Ib)                


                  XV.c
                
XV - Pathology

                    XV.c - Path: Organizing pneumonia (OP/BOOP) pattern (see also Id)                


                  XV.f
                
XV - Pathology

                    XV.f - Path: Diffuse alveolar damage (DAD-pattern) (see also IL)                


                  XV.i
                
XV - Pathology

                    XV.i - Path: Pneumocyte atypia (reactive epithelial cells) (a.k.a. the ""Napoleon Hat"" sign)                


                  XVII.g
                
XVII - Infections & related conditions

                    XVII.g - Tuberculosis (pulmonary, pulmonary, extrapulmonary or disseminated). Reactivation or de novo                


                  XIX.a
                
XIX - Cytological, biochemical features of/in BAL, pleural fluid or FNA

                    XIX.a - BAL: An excess proportion of lymphocytes",3899,DB01097,D00749,Cc1oncc1C(=O)Nc1ccc(C(F)(F)F)cc1,1,0,1,1
Lemborexant,"I.b
                
I - Interstitial/parenchymal lung disease

                    I.b - Pneumonitis (ILD)",56944144,DB11951,D11022,Cc1ncc(OCC2(c3cccc(F)c3)CC2C(=O)Nc2ccc(F)cn2)c(C)n1,1,0,0,0
Lenalidomide,"I.a
                
I - Interstitial/parenchymal lung disease

                    I.a - Pneumonitis (ILD), acute and/or severe (may cause ARDS)                


                  I.b
                
I - Interstitial/parenchymal lung disease

                    I.b - Pneumonitis (ILD)                


                  I.c
                
I - Interstitial/parenchymal lung disease

                    I.c - Eosinophilic pneumonia (pulmonary infiltrates and eosinophilia)                


                  I.d
                
I - Interstitial/parenchymal lung disease

                    I.d - Organizing pneumonia pattern (an area or areas of consolidation on imaging)                


                  I.h
                
I - Interstitial/parenchymal lung disease

                    I.h - Subclinical pulmonary infiltrates/ILD                


                  II.b
                
II - Pulmonary edema - Acute lung injury - ARDS

                    II.b - ARDS - Acute lung injury                


                  III.a
                
III - Pulmonary/alveolar./airway hemorrhage/bleeding

                    III.a - Alveolar hemorrhage (AH), diffuse AH (DAH)                


                  IV.d
                
IV - Airway involvement

                    IV.d - Cough (lone)                


                  VI.a
                
VI - Pulmonary vasculopathies

                    VI.a - Pulmonary embolism - Venous thrombosis/thromboembolism                


                  X.a
                
X - Systemic/Distant conditions, syndromes and reactions

                    X.a - DRES syndrome - DRESS-like reaction                


                  X.n
                
X - Systemic/Distant conditions, syndromes and reactions

                    X.n - Tumor lysis syndrome (TLS)                


                  XII.d
                
XII - Cardiovascular involvement / toxicity

                    XII.d - Myocarditis (can be fulminant)                


                  XV.a
                
XV - Pathology

                    XV.a - Path: NSIP-cellular pattern (see also Ia, Ib)                


                  XV.b
                
XV - Pathology

                    XV.b - Path: Eosinophilic pneumonia (subacute or acute)  (see also Ic)                


                  XV.c
                
XV - Pathology

                    XV.c - Path: Organizing pneumonia (OP/BOOP) pattern (see also Id)                


                  XVII.j
                
XVII - Infections & related conditions

                    XVII.j - Mucormycosis (pulmonary, tracheobronchial or systemic)                


                  XIX.a
                
XIX - Cytological, biochemical features of/in BAL, pleural fluid or FNA

                    XIX.a - BAL: An excess proportion of lymphocytes                


                  XIX.b
                
XIX - Cytological, biochemical features of/in BAL, pleural fluid or FNA

                    XIX.b - BAL: An excess proportion of neutrophils",216326,DB00480,D04687,Nc1cccc2c1CN(C1CCC(=O)NC1=O)C2=O,1,1,1,1
Lenvatinib,"I.b
                
I - Interstitial/parenchymal lung disease

                    I.b - Pneumonitis (ILD)                


                  V.f
                
V - Pleural and/or pericardial involvement

                    V.f - Pneumothorax                


                  VI.a
                
VI - Pulmonary vasculopathies

                    VI.a - Pulmonary embolism - Venous thrombosis/thromboembolism                


                  XVI.ab
                
XVI - Imaging

                    XVI.ab - Imaging: Cavitating/cavitary lung nodule, mass or nodules (see also Iq, XIs, XIIi, XVIaa and XVIIp)",9823820,DB09078,D09919,COc1cc2nccc(Oc3ccc(NC(=O)NC4CC4)c(Cl)c3)c2cc1C(N)=O,1,0,1,1
Letrozole,"I.b
                
I - Interstitial/parenchymal lung disease

                    I.b - Pneumonitis (ILD)                


                  I.d
                
I - Interstitial/parenchymal lung disease

                    I.d - Organizing pneumonia pattern (an area or areas of consolidation on imaging)",3902,DB01006,D00964,N#Cc1ccc(C(c2ccc(C#N)cc2)n2cncn2)cc1,1,0,0,0
Leuprorelin - Leuprolide,"I.a
                
I - Interstitial/parenchymal lung disease

                    I.a - Pneumonitis (ILD), acute and/or severe (may cause ARDS)                


                  I.b
                
I - Interstitial/parenchymal lung disease

                    I.b - Pneumonitis (ILD)                


                  II.b
                
II - Pulmonary edema - Acute lung injury - ARDS

                    II.b - ARDS - Acute lung injury                


                  V.e
                
V - Pleural and/or pericardial involvement

                    V.e - Hemothorax - Serosanguineous pleural effusion                


                  X.f
                
X - Systemic/Distant conditions, syndromes and reactions

                    X.f - Anaphylaxis-Anaphylactoid reaction (can be fatal)                


                  X.j
                
X - Systemic/Distant conditions, syndromes and reactions

                    X.j - Myopathy-Myositis-Polymyositis (see also under Xba)",657181,NOT_FOUND,NOT_FOUND,CCNC(=O)C1CCCN1C(=O)C(CCCN=C(N)N)NC(=O)C(CC(C)C)NC(=O)C(CC(C)C)NC(=O)C(Cc1ccc(O)cc1)NC(=O)C(CO)NC(=O)C(Cc1c[nH]c2ccccc12)NC(=O)C(Cc1c[nH]cn1)NC(=O)C1CCC(=O)N1,1,1,1,0
Levamisole,"III.a
                
III - Pulmonary/alveolar./airway hemorrhage/bleeding

                    III.a - Alveolar hemorrhage (AH), diffuse AH (DAH)                


                  III.d
                
III - Pulmonary/alveolar./airway hemorrhage/bleeding

                    III.d - Alveolar hemorrhage, diffuse (ANCA-positive/-related)                


                  VI.b
                
VI - Pulmonary vasculopathies

                    VI.b - Pulmonary arterial hypertension                


                  IX.t
                
IX - Neuromuscular / CNS involvement - Disordered breathing (during sleep)

                    IX.t - CNS involvement/dysfunction/damage                


                  X.b
                
X - Systemic/Distant conditions, syndromes and reactions

                    X.b - Antiphospholipid antibodies w/wo the APL syndrome                


                  X.j
                
X - Systemic/Distant conditions, syndromes and reactions

                    X.j - Myopathy-Myositis-Polymyositis (see also under Xba)                


                  X.m
                
X - Systemic/Distant conditions, syndromes and reactions

                    X.m - Vascultis (pulmonary, extrathoracic or systemic)-ANCA status unknown or negative)                


                  X.s
                
X - Systemic/Distant conditions, syndromes and reactions

                    X.s - Vasculitis, pulmonary (w/wo AH), extrapulmonary, systemic: ANCA-positive                


                  X.ad
                
X - Systemic/Distant conditions, syndromes and reactions

                    X.ad - Skin purpura, ecchymoses or necrosis                


                  X.ak
                
X - Systemic/Distant conditions, syndromes and reactions

                    X.ak - Dual MPO-/PR3-ANCA systemic disease/vasculitis/pseudovasculitis                


                  XI.n
                
XI - Miscellaneous

                    XI.n - Neutropenia, agranulocytosis (w/wo infection/sepsis)                


                  XII.g
                
XII - Cardiovascular involvement / toxicity

                    XII.g - Coronary artery disease (acute) - Myocardial ischemia/infarction                


                  XV.al
                
XV - Pathology

                    XV.al - Path: Pulmonary hypertension incl. angiomatoid vasculopathy                


                  XV.aw
                
XV - Pathology

                    XV.aw - Path: Skin vasculopathy/vasculitis/fibrin thrombi                


                  XVIII.t
                
XVIII - Distinctive patterns - 'Eye-catchers'

                    XVIII.t - Eye catcher: Purpuric/Ecchymotic/Cyanotic lesions of the earlobes and/or nose",26879,DB-051070,NOT_FOUND,c1ccc(C2CN3CCSC3=N2)cc1,0,0,0,1
Levetiracetam,"I.b
                
I - Interstitial/parenchymal lung disease

                    I.b - Pneumonitis (ILD)                


                  I.c
                
I - Interstitial/parenchymal lung disease

                    I.c - Eosinophilic pneumonia (pulmonary infiltrates and eosinophilia)                


                  X.a
                
X - Systemic/Distant conditions, syndromes and reactions

                    X.a - DRES syndrome - DRESS-like reaction                


                  X.f
                
X - Systemic/Distant conditions, syndromes and reactions

                    X.f - Anaphylaxis-Anaphylactoid reaction (can be fatal)",5284583,DB01202,D00709,CCC(C(N)=O)N1CCCC1=O,1,0,0,0
Lisuride,"I.b
                
I - Interstitial/parenchymal lung disease

                    I.b - Pneumonitis (ILD)                


                  V.c
                
V - Pleural and/or pericardial involvement

                    V.c - Pleural thickening - Fibrothorax                


                  XII.b
                
XII - Cardiovascular involvement / toxicity

                    XII.b - Valvular heart disease and/or dysfunction                


                  XII.af
                
XII - Cardiovascular involvement / toxicity

                    XII.af - Coronary vasospasm - Vasospastic angina",28864,DB00589,D08132,CCN(CC)C(=O)NC1C=C2c3cccc4[nH]cc(c34)CC2N(C)C1,1,0,1,0
Loperamide,"II.a
                
II - Pulmonary edema - Acute lung injury - ARDS

                    II.a - Pulmonary edema, noncardiogenic (NCPE)                


                  IX.d
                
IX - Neuromuscular / CNS involvement - Disordered breathing (during sleep)

                    IX.d - Respiratory failure from ventilatory depression (due to neuromuscular blockade/paralysis)                


                  X.f
                
X - Systemic/Distant conditions, syndromes and reactions

                    X.f - Anaphylaxis-Anaphylactoid reaction (can be fatal)                


                  XI.r
                
XI - Miscellaneous

                    XI.r - Death following exposure or poisoning                


                  XII.e
                
XII - Cardiovascular involvement / toxicity

                    XII.e - Takotsubo (stress) cardiomyopathy                


                  XII.l
                
XII - Cardiovascular involvement / toxicity

                    XII.l - Cardiac arrhythmias or dysrhythmias (AF, VT, VF, TdP)                


                  XII.m
                
XII - Cardiovascular involvement / toxicity

                    XII.m - Cardiac- cardiorespiratory/pulmonary arrest                


                  XII.p
                
XII - Cardiovascular involvement / toxicity

                    XII.p - QTc prolongation                


                  XII.s
                
XII - Cardiovascular involvement / toxicity

                    XII.s - Heart block (bundle branch- or AV-)                


                  XII.t
                
XII - Cardiovascular involvement / toxicity

                    XII.t - Torsades de pointe                


                  XII.ag
                
XII - Cardiovascular involvement / toxicity

                    XII.ag - Bradycardia                


                  XII.ai
                
XII - Cardiovascular involvement / toxicity

                    XII.ai - Cardiotoxicity",3955,DB00836,D08144,CN(C)C(=O)C(CCN1CCC(O)(c2ccc(Cl)cc2)CC1)(c1ccccc1)c1ccccc1,0,1,0,0
Lutetium 177 (177Lu vipivotide tetraxetan),"I.a
                
I - Interstitial/parenchymal lung disease

                    I.a - Pneumonitis (ILD), acute and/or severe (may cause ARDS)                


                  I.b
                
I - Interstitial/parenchymal lung disease

                    I.b - Pneumonitis (ILD)                


                  I.ab
                
I - Interstitial/parenchymal lung disease

                    I.ab - Radiation-induced lung injury (RILI)",122706785,NOT_FOUND,NOT_FOUND,O=C(O)CCC(NC(=O)NC(CCCCNC(=O)C(Cc1ccc2ccccc2c1)NC(=O)C1CCC(CNC(=O)CN2CCN(CC(=O)O)CCN(CC(=O)O)CCN(CC(=O)O)CC2)CC1)C(=O)O)C(=O)O.[Lu+3],1,0,0,0
Macitentan,"II.d
                
II - Pulmonary edema - Acute lung injury - ARDS

                    II.d - Pulmonary edema, cardiogenic",16004692,DB08932,D10135,CCCNS(=O)(=O)Nc1ncnc(OCCOc2ncc(Br)cn2)c1-c1ccc(Br)cc1,0,1,0,0
Manidipine,"I.b
                
I - Interstitial/parenchymal lung disease

                    I.b - Pneumonitis (ILD)",4008,NOT_FOUND,NOT_FOUND,COC(=O)C1=C(C)N=C(C)C(C(=O)OCCN2CCN(C(c3ccccc3)c3ccccc3)CC2)C1c1cccc([N+](=O)[O-])c1,1,0,0,0
Maprotiline,"I.b
                
I - Interstitial/parenchymal lung disease

                    I.b - Pneumonitis (ILD)                


                  I.c
                
I - Interstitial/parenchymal lung disease

                    I.c - Eosinophilic pneumonia (pulmonary infiltrates and eosinophilia)",4011,DB00934,D02566,CNCCCC12CCC(c3ccccc31)c1ccccc12,1,0,0,0
Mazindol,"VI.b
                
VI - Pulmonary vasculopathies

                    VI.b - Pulmonary arterial hypertension",4020,DB00579,D00367,OC1(c2ccc(Cl)cc2)c2ccccc2C2=NCCN21,0,0,0,1
Mecamylamine,"I.d
                
I - Interstitial/parenchymal lung disease

                    I.d - Organizing pneumonia pattern (an area or areas of consolidation on imaging)",4032,DB00657,Not Available,CNC1(C)C2CCC(C2)C1(C)C,1,0,0,0
Medroxyprogesterone,"I.w
                
I - Interstitial/parenchymal lung disease

                    I.w - Rapidly progressive ILD/pulmonary fibrosis (Hamman-Rich syndrome)",10631,Not Available,D08166,CC(=O)C1(O)CCC2C3CC(C)=C4CC(=O)CCC4(C)C3CCC21C,1,0,0,0
Mefenamic acid,"I.e
                
I - Interstitial/parenchymal lung disease

                    I.e - Acute eosinophilic pneumonia (AEP)",4044,DB00784,D00151,Cc1cccc(Nc2ccccc2C(=O)O)c1C,1,0,0,0
Mefloquine,"I.a
                
I - Interstitial/parenchymal lung disease

                    I.a - Pneumonitis (ILD), acute and/or severe (may cause ARDS)                


                  I.b
                
I - Interstitial/parenchymal lung disease

                    I.b - Pneumonitis (ILD)                


                  I.c
                
I - Interstitial/parenchymal lung disease

                    I.c - Eosinophilic pneumonia (pulmonary infiltrates and eosinophilia)                


                  I.e
                
I - Interstitial/parenchymal lung disease

                    I.e - Acute eosinophilic pneumonia (AEP)                


                  I.l
                
I - Interstitial/parenchymal lung disease

                    I.l - Diffuse alveolar damage (DAD) (see alsoo under IIb and XVf)                


                  II.b
                
II - Pulmonary edema - Acute lung injury - ARDS

                    II.b - ARDS - Acute lung injury                


                  XIX.c
                
XIX - Cytological, biochemical features of/in BAL, pleural fluid or FNA

                    XIX.c - BAL: An excess proportion of eosinophils",4046,DB00358,D04895,OC(c1cc(C(F)(F)F)nc2c(C(F)(F)F)cccc12)C1CCCCN1,1,1,1,0
Megestrol,"VI.a
                
VI - Pulmonary vasculopathies

                    VI.a - Pulmonary embolism - Venous thrombosis/thromboembolism                


                  IX.f
                
IX - Neuromuscular / CNS involvement - Disordered breathing (during sleep)

                    IX.f - Hiccup",19090,Not Available,D08167,CC(=O)C1(O)CCC2C3=CC(C)=C4CC(=O)CCC4(C)C3CCC21C,0,0,0,1
Meloxicam,"I.c
                
I - Interstitial/parenchymal lung disease

                    I.c - Eosinophilic pneumonia (pulmonary infiltrates and eosinophilia)                


                  IV.a
                
IV - Airway involvement

                    IV.a - Bronchospasm - Wheezing - Asthma                


                  VIII.a
                
VIII - Central-large-upper airway (incl. pharyngeal-nasal) involvement

                    VIII.a - Angioedema (may cause UAO, asphyxia and death)",54677470,DB00814,D00969,Cc1cnc(NC(=O)C2C(=O)c3ccccc3S(=O)(=O)N2C)s1,1,0,0,0
Melphalan,"I.a
                
I - Interstitial/parenchymal lung disease

                    I.a - Pneumonitis (ILD), acute and/or severe (may cause ARDS)                


                  I.g
                
I - Interstitial/parenchymal lung disease

                    I.g - Pulmonary fibrosis                


                  I.v
                
I - Interstitial/parenchymal lung disease

                    I.v - Abnormal lung function/pulmonary physiology (PFTs) without necessarily imaging or clinical evidence                


                  II.b
                
II - Pulmonary edema - Acute lung injury - ARDS

                    II.b - ARDS - Acute lung injury                


                  IV.a
                
IV - Airway involvement

                    IV.a - Bronchospasm - Wheezing - Asthma                


                  X.f
                
X - Systemic/Distant conditions, syndromes and reactions

                    X.f - Anaphylaxis-Anaphylactoid reaction (can be fatal)                


                  XV.c
                
XV - Pathology

                    XV.c - Path: Organizing pneumonia (OP/BOOP) pattern (see also Id)                


                  XV.h
                
XV - Pathology

                    XV.h - Path: NSIP-fibrotic pattern                


                  XV.i
                
XV - Pathology

                    XV.i - Path: Pneumocyte atypia (reactive epithelial cells) (a.k.a. the ""Napoleon Hat"" sign)                


                  XV.j
                
XV - Pathology

                    XV.j - Path: Pulmonary fibrosis (UIP-pattern)",460612,DB01042,D00369,NC(Cc1ccc(N(CCCl)CCCl)cc1)C(=O)O,1,1,0,0
Menthol - Mentholine,"I.j
                
I - Interstitial/parenchymal lung disease

                    I.j - Exogenous lipoid pneumonia (subacute, acute)                


                  XIV.a
                
XIV - Hemoglobinopathies - Abnormal hemoglobin states (acquired)

                    XIV.a - Methemoglobinemia                


                  XV.p
                
XV - Pathology

                    XV.p - Path: Exogenous lipoid pneumonia",1254,NOT_FOUND,NOT_FOUND,CC1CCC(C(C)C)C(O)C1,1,0,0,0
Meperfluthrin,"II.b
                
II - Pulmonary edema - Acute lung injury - ARDS

                    II.b - ARDS - Acute lung injury                


                  IX.h
                
IX - Neuromuscular / CNS involvement - Disordered breathing (during sleep)

                    IX.h - Dyspnea, unexplained otherwise",56841697,NOT_FOUND,NOT_FOUND,COCc1c(F)c(F)c(COC(=O)C2C(C=C(Cl)Cl)C2(C)C)c(F)c1F,0,1,0,0
Mephenesin,"I.c
                
I - Interstitial/parenchymal lung disease

                    I.c - Eosinophilic pneumonia (pulmonary infiltrates and eosinophilia)",4059,DB13583,D97581,Cc1ccccc1OCC(O)CO,1,0,0,0
Mesulergine,"V.c
                
V - Pleural and/or pericardial involvement

                    V.c - Pleural thickening - Fibrothorax",68848,NOT_FOUND,NOT_FOUND,CN1CC(NS(=O)(=O)N(C)C)CC2c3cccc4c3c(cn4C)CC21,0,0,1,0
Metapramine,"I.c
                
I - Interstitial/parenchymal lung disease

                    I.c - Eosinophilic pneumonia (pulmonary infiltrates and eosinophilia)",65700,NOT_FOUND,NOT_FOUND,CNC1Cc2ccccc2N(C)c2ccccc21,1,0,0,0
Metaraminol,"II.a
                
II - Pulmonary edema - Acute lung injury - ARDS

                    II.a - Pulmonary edema, noncardiogenic (NCPE)",5906,NOT_FOUND,D01019,CC(N)C(O)c1cccc(O)c1,0,1,0,0
Metformin,"I.b
                
I - Interstitial/parenchymal lung disease

                    I.b - Pneumonitis (ILD)                


                  I.c
                
I - Interstitial/parenchymal lung disease

                    I.c - Eosinophilic pneumonia (pulmonary infiltrates and eosinophilia)                


                  XI.d
                
XI - Miscellaneous

                    XI.d - Metabolic acidosis (incl. lactic acidosis/-gap). May cause hyperpnea/dyspnea",4091,DB00331,D04966,CN(C)C(N)=NC(=N)N,1,0,0,0
Methacrylate - Methylmethacrylate,"IV.a
                
IV - Airway involvement

                    IV.a - Bronchospasm - Wheezing - Asthma                


                  IV.aa
                
IV - Airway involvement

                    IV.aa - Occupational asthma                


                  VI.h
                
VI - Pulmonary vasculopathies

                    VI.h - Cement embolism                


                  X.c
                
X - Systemic/Distant conditions, syndromes and reactions

                    X.c - Capillary leak syndrome (CLS)                


                  X.g
                
X - Systemic/Distant conditions, syndromes and reactions

                    X.g - Hypersensitivity reaction (may manifest with fever and/or skin, throat or airway involvement)                


                  XVIII.g
                
XVIII - Distinctive patterns - 'Eye-catchers'

                    XVIII.g - Eye-catcher: Cement (pulmonary) embolism",87595,NOT_FOUND,NOT_FOUND,C=C(C)C(=O)O,0,0,0,1
Methadone,"I.t
                
I - Interstitial/parenchymal lung disease

                    I.t - Pneumoconiosis (silicosis, talcosis...)                


                  II.a
                
II - Pulmonary edema - Acute lung injury - ARDS

                    II.a - Pulmonary edema, noncardiogenic (NCPE)                


                  II.b
                
II - Pulmonary edema - Acute lung injury - ARDS

                    II.b - ARDS - Acute lung injury                


                  II.f
                
II - Pulmonary edema - Acute lung injury - ARDS

                    II.f - Hypoxemia, low oxygen saturation (may occur in isolation)                


                  VI.b
                
VI - Pulmonary vasculopathies

                    VI.b - Pulmonary arterial hypertension                


                  VI.g
                
VI - Pulmonary vasculopathies

                    VI.g - Foreign body pulmonary vasculopathy (Excipient lung disease)                


                  IX.c
                
IX - Neuromuscular / CNS involvement - Disordered breathing (during sleep)

                    IX.c - Chest wall muscle rigidity - Stiff/wooden chest                


                  IX.d
                
IX - Neuromuscular / CNS involvement - Disordered breathing (during sleep)

                    IX.d - Respiratory failure from ventilatory depression (due to neuromuscular blockade/paralysis)                


                  IX.e
                
IX - Neuromuscular / CNS involvement - Disordered breathing (during sleep)

                    IX.e - Disordered breathing pattern incl. Cheyne-Stokes respiration                


                  IX.i
                
IX - Neuromuscular / CNS involvement - Disordered breathing (during sleep)

                    IX.i - Respiratory arrest - Apnea                


                  XI.r
                
XI - Miscellaneous

                    XI.r - Death following exposure or poisoning                


                  XII.e
                
XII - Cardiovascular involvement / toxicity

                    XII.e - Takotsubo (stress) cardiomyopathy                


                  XII.f
                
XII - Cardiovascular involvement / toxicity

                    XII.f - Cardiomyopathy (acute, subacute, chronic)                


                  XII.l
                
XII - Cardiovascular involvement / toxicity

                    XII.l - Cardiac arrhythmias or dysrhythmias (AF, VT, VF, TdP)                


                  XII.p
                
XII - Cardiovascular involvement / toxicity

                    XII.p - QTc prolongation                


                  XII.t
                
XII - Cardiovascular involvement / toxicity

                    XII.t - Torsades de pointe                


                  XII.bo
                
XII - Cardiovascular involvement / toxicity

                    XII.bo - Right ventricular dysfunction.failure",4095,DB00333,D08195,CCC(=O)C(CC(C)N(C)C)(c1ccccc1)c1ccccc1,1,1,0,1
"Methanol (oral, topical/dermal, systemic)","II.b
                
II - Pulmonary edema - Acute lung injury - ARDS

                    II.b - ARDS - Acute lung injury                


                  IX.i
                
IX - Neuromuscular / CNS involvement - Disordered breathing (during sleep)

                    IX.i - Respiratory arrest - Apnea                


                  XI.d
                
XI - Miscellaneous

                    XI.d - Metabolic acidosis (incl. lactic acidosis/-gap). May cause hyperpnea/dyspnea",887,NOT_FOUND,NOT_FOUND,CO,0,1,0,0
Methaqualone,"II.a
                
II - Pulmonary edema - Acute lung injury - ARDS

                    II.a - Pulmonary edema, noncardiogenic (NCPE)                


                  IX.c
                
IX - Neuromuscular / CNS involvement - Disordered breathing (during sleep)

                    IX.c - Chest wall muscle rigidity - Stiff/wooden chest",6292,DB04833,D00557,Cc1ccccc1-n1c(C)nc2ccccc2c1=O,0,1,0,0
Methenolone,"I.b
                
I - Interstitial/parenchymal lung disease

                    I.b - Pneumonitis (ILD)",3037705,NOT_FOUND,D01301,CC1=CC(=O)CC2CCC3C4CCC(O)C4(C)CCC3C12C,1,0,0,0
Methimazole,"III.a
                
III - Pulmonary/alveolar./airway hemorrhage/bleeding

                    III.a - Alveolar hemorrhage (AH), diffuse AH (DAH)                


                  III.b
                
III - Pulmonary/alveolar./airway hemorrhage/bleeding

                    III.b - Pneumorenal syndrome (w/wo ANCAs)                


                  III.d
                
III - Pulmonary/alveolar./airway hemorrhage/bleeding

                    III.d - Alveolar hemorrhage, diffuse (ANCA-positive/-related)                


                  IV.a
                
IV - Airway involvement

                    IV.a - Bronchospasm - Wheezing - Asthma                


                  V.b
                
V - Pleural and/or pericardial involvement

                    V.b - Eosinophilic pleural effusion                


                  VI.d
                
VI - Pulmonary vasculopathies

                    VI.d - Pulmonary vasculitis or capillaritis                


                  VIII.c
                
VIII - Central-large-upper airway (incl. pharyngeal-nasal) involvement

                    VIII.c - Upper airway obstruction other than angioedema or hematoma                


                  X.e
                
X - Systemic/Distant conditions, syndromes and reactions

                    X.e - Autoimmunity-Autoimmune conditions (+ANA, +anti-ds-DNA, +ANCAs, other auto-Abs)                


                  X.s
                
X - Systemic/Distant conditions, syndromes and reactions

                    X.s - Vasculitis, pulmonary (w/wo AH), extrapulmonary, systemic: ANCA-positive                


                  X.x
                
X - Systemic/Distant conditions, syndromes and reactions

                    X.x - ANCA positivity. Subclinical or with clinical manifestations                


                  XI.n
                
XI - Miscellaneous

                    XI.n - Neutropenia, agranulocytosis (w/wo infection/sepsis)",1349907,DB00763,D00401,Cn1cc[nH]c1=S,0,0,1,1
Methotrexate,"I.a
                
I - Interstitial/parenchymal lung disease

                    I.a - Pneumonitis (ILD), acute and/or severe (may cause ARDS)                


                  I.b
                
I - Interstitial/parenchymal lung disease

                    I.b - Pneumonitis (ILD)                


                  I.c
                
I - Interstitial/parenchymal lung disease

                    I.c - Eosinophilic pneumonia (pulmonary infiltrates and eosinophilia)                


                  I.d
                
I - Interstitial/parenchymal lung disease

                    I.d - Organizing pneumonia pattern (an area or areas of consolidation on imaging)                


                  I.g
                
I - Interstitial/parenchymal lung disease

                    I.g - Pulmonary fibrosis                


                  I.h
                
I - Interstitial/parenchymal lung disease

                    I.h - Subclinical pulmonary infiltrates/ILD                


                  I.k
                
I - Interstitial/parenchymal lung disease

                    I.k - Lung nodule or nodules                


                  I.l
                
I - Interstitial/parenchymal lung disease

                    I.l - Diffuse alveolar damage (DAD) (see alsoo under IIb and XVf)                


                  I.m
                
I - Interstitial/parenchymal lung disease

                    I.m - ILD with a granulomatous component                


                  I.q
                
I - Interstitial/parenchymal lung disease

                    I.q - Pulmonary nodulosis                


                  I.v
                
I - Interstitial/parenchymal lung disease

                    I.v - Abnormal lung function/pulmonary physiology (PFTs) without necessarily imaging or clinical evidence                


                  I.w
                
I - Interstitial/parenchymal lung disease

                    I.w - Rapidly progressive ILD/pulmonary fibrosis (Hamman-Rich syndrome)                


                  I.aa
                
I - Interstitial/parenchymal lung disease

                    I.aa - Delayed ILD, -pneumonitis, -fibrosis                


                  II.a
                
II - Pulmonary edema - Acute lung injury - ARDS

                    II.a - Pulmonary edema, noncardiogenic (NCPE)                


                  II.b
                
II - Pulmonary edema - Acute lung injury - ARDS

                    II.b - ARDS - Acute lung injury                


                  III.a
                
III - Pulmonary/alveolar./airway hemorrhage/bleeding

                    III.a - Alveolar hemorrhage (AH), diffuse AH (DAH)                


                  IV.a
                
IV - Airway involvement

                    IV.a - Bronchospasm - Wheezing - Asthma                


                  IV.d
                
IV - Airway involvement

                    IV.d - Cough (lone)                


                  V.a
                
V - Pleural and/or pericardial involvement

                    V.a - Pleural effusion (uni- or bilateral) (can accompany DI-LDs)                


                  V.b
                
V - Pleural and/or pericardial involvement

                    V.b - Eosinophilic pleural effusion                


                  V.e
                
V - Pleural and/or pericardial involvement

                    V.e - Hemothorax - Serosanguineous pleural effusion                


                  V.i
                
V - Pleural and/or pericardial involvement

                    V.i - Pleuritis (can cause chest pain)                


                  V.n
                
V - Pleural and/or pericardial involvement

                    V.n - Hemopericardium - Bloody pericardial effusion                


                  V.s
                
V - Pleural and/or pericardial involvement

                    V.s - Serositis - Polyserositis                


                  VI.a
                
VI - Pulmonary vasculopathies

                    VI.a - Pulmonary embolism - Venous thrombosis/thromboembolism                


                  VII.a
                
VII - Mediastinal involvement

                    VII.a - Lymphadenopathy (intrathoracic)                


                  VIII.a
                
VIII - Central-large-upper airway (incl. pharyngeal-nasal) involvement

                    VIII.a - Angioedema (may cause UAO, asphyxia and death)                


                  VIII.aj
                
VIII - Central-large-upper airway (incl. pharyngeal-nasal) involvement

                    VIII.aj - Endobronchial lymphoproliferative disorder                


                  X.a
                
X - Systemic/Distant conditions, syndromes and reactions

                    X.a - DRES syndrome - DRESS-like reaction                


                  X.f
                
X - Systemic/Distant conditions, syndromes and reactions

                    X.f - Anaphylaxis-Anaphylactoid reaction (can be fatal)                


                  X.k
                
X - Systemic/Distant conditions, syndromes and reactions

                    X.k - Sarcoid-like granulomatosis (endo-/extrathoracic)                


                  X.u
                
X - Systemic/Distant conditions, syndromes and reactions

                    X.u - Multiple organ dysfunction/failure (MODS/MOF)                


                  XI.b
                
XI - Miscellaneous

                    XI.b - Chest pain (acute or subacute), lone or prominent                


                  XI.c
                
XI - Miscellaneous

                    XI.c - Pleuritic chest pain                


                  XII.c
                
XII - Cardiovascular involvement / toxicity

                    XII.c - Pericardial effusion (w/wo tamponade)                


                  XIII.b
                
XIII - Neoplastic conditions

                    XIII.b - Lymphoproliferative disease (pulmonary, endobronchial, endothoracic)                


                  XIII.g
                
XIII - Neoplastic conditions

                    XIII.g - Lymphomatoid granulomatosis (pulmonary, endothoracic)                


                  XIII.k
                
XIII - Neoplastic conditions

                    XIII.k - Lymphoproliferative disease (extrathoracic)                


                  XV.a
                
XV - Pathology

                    XV.a - Path: NSIP-cellular pattern (see also Ia, Ib)                


                  XV.c
                
XV - Pathology

                    XV.c - Path: Organizing pneumonia (OP/BOOP) pattern (see also Id)                


                  XV.e
                
XV - Pathology

                    XV.e - Path: ILD with a granulomatous component (see also Im)                


                  XV.f
                
XV - Pathology

                    XV.f - Path: Diffuse alveolar damage (DAD-pattern) (see also IL)                


                  XV.h
                
XV - Pathology

                    XV.h - Path: NSIP-fibrotic pattern                


                  XV.i
                
XV - Pathology

                    XV.i - Path: Pneumocyte atypia (reactive epithelial cells) (a.k.a. the ""Napoleon Hat"" sign)                


                  XV.w
                
XV - Pathology

                    XV.w - Path: Pulmonary edema (see also II/IIa)                


                  XV.bq
                
XV - Pathology

                    XV.bq - Path: Lymphoproliferative disease, endothoracic                


                  XVI.b
                
XVI - Imaging

                    XVI.b - Imaging: Ground-glass opacities (GGO) / shadowing                


                  XVI.k
                
XVI - Imaging

                    XVI.k - Imaging: An area or areas of consolidation                


                  XVI.w
                
XVI - Imaging

                    XVI.w - Imaging: Lung nodule or nodules                


                  XVI.bc
                
XVI - Imaging

                    XVI.bc - Imaging: Intrathoracic lymph node enlargement                


                  XVII.b
                
XVII - Infections & related conditions

                    XVII.b - Opportunistic pulmonary/systemic infections                


                  XVII.d
                
XVII - Infections & related conditions

                    XVII.d - Pneumocystis jiroveci pulmonary colonization                


                  XVII.e
                
XVII - Infections & related conditions

                    XVII.e - Pneumocystis jiroveci pneumonia                


                  XVII.h
                
XVII - Infections & related conditions

                    XVII.h - Nontuberculous pulmonary mycobacterial infection/superinfection                


                  XVII.q
                
XVII - Infections & related conditions

                    XVII.q - Viral pneumonia                


                  XIX.a
                
XIX - Cytological, biochemical features of/in BAL, pleural fluid or FNA

                    XIX.a - BAL: An excess proportion of lymphocytes                


                  XIX.b
                
XIX - Cytological, biochemical features of/in BAL, pleural fluid or FNA

                    XIX.b - BAL: An excess proportion of neutrophils                


                  XIX.c
                
XIX - Cytological, biochemical features of/in BAL, pleural fluid or FNA

                    XIX.c - BAL: An excess proportion of eosinophils",126941,DB00563,D00142,CN(Cc1cnc2nc(N)nc(N)c2n1)c1ccc(C(=O)NC(CCC(=O)O)C(=O)O)cc1,1,1,1,1
Methyl bromide,"II.q
                
II - Pulmonary edema - Acute lung injury - ARDS

                    II.q - Respiratory distress or failure, not otherwise specified                


                  IV.a
                
IV - Airway involvement

                    IV.a - Bronchospasm - Wheezing - Asthma",6323,NOT_FOUND,C18447,CBr,0,1,0,0
Methyldopa,"V.d
                
V - Pleural and/or pericardial involvement

                    V.d - Pleural/pericardial effusion, ANA positive (DI lupus)                


                  VII.b
                
VII - Mediastinal involvement

                    VII.b - Lymphadenopathy with reactive changes                


                  X.d
                
X - Systemic/Distant conditions, syndromes and reactions

                    X.d - Lupus - Lupus syndrome (see also Vd)                


                  X.m
                
X - Systemic/Distant conditions, syndromes and reactions

                    X.m - Vascultis (pulmonary, extrathoracic or systemic)-ANCA status unknown or negative)                


                  X.y
                
X - Systemic/Distant conditions, syndromes and reactions

                    X.y - Subclinical ANA positivity                


                  XI.c
                
XI - Miscellaneous

                    XI.c - Pleuritic chest pain                


                  XII.d
                
XII - Cardiovascular involvement / toxicity

                    XII.d - Myocarditis (can be fulminant)                


                  XIII.b
                
XIII - Neoplastic conditions

                    XIII.b - Lymphoproliferative disease (pulmonary, endobronchial, endothoracic)",38853,DB00968,D00405; D08205,CC(N)(Cc1ccc(O)c(O)c1)C(=O)O,0,0,1,0
Methylene chloride,"II.a
                
II - Pulmonary edema - Acute lung injury - ARDS

                    II.a - Pulmonary edema, noncardiogenic (NCPE)                


                  XIV.c
                
XIV - Hemoglobinopathies - Abnormal hemoglobin states (acquired)

                    XIV.c - Carboxyhemoglobinemia",6344,NOT_FOUND,D02330,ClCCl,0,1,0,0
Methylenedioxymethamphetamine,"II.a
                
II - Pulmonary edema - Acute lung injury - ARDS

                    II.a - Pulmonary edema, noncardiogenic (NCPE)                


                  II.b
                
II - Pulmonary edema - Acute lung injury - ARDS

                    II.b - ARDS - Acute lung injury                


                  X.u
                
X - Systemic/Distant conditions, syndromes and reactions

                    X.u - Multiple organ dysfunction/failure (MODS/MOF)",1615,DB01454,D11172,CNC(C)Cc1ccc2c(c1)OCO2,0,1,0,0
Methylglyoxal,"VI.b
                
VI - Pulmonary vasculopathies

                    VI.b - Pulmonary arterial hypertension",880,DB12967,D07258,CC(=O)C=O,0,0,0,1
Methylisothiazolinone (inhaled),"II.b
                
II - Pulmonary edema - Acute lung injury - ARDS

                    II.b - ARDS - Acute lung injury",39800,NOT_FOUND,NOT_FOUND,Cn1sccc1=O,0,1,0,0
Methysergide,"V.a
                
V - Pleural and/or pericardial involvement

                    V.a - Pleural effusion (uni- or bilateral) (can accompany DI-LDs)                


                  V.c
                
V - Pleural and/or pericardial involvement

                    V.c - Pleural thickening - Fibrothorax                


                  VII.d
                
VII - Mediastinal involvement

                    VII.d - Fibrosing mediastinitis                


                  XI.b
                
XI - Miscellaneous

                    XI.b - Chest pain (acute or subacute), lone or prominent                


                  XII.d
                
XII - Cardiovascular involvement / toxicity

                    XII.d - Myocarditis (can be fulminant)                


                  XII.k
                
XII - Cardiovascular involvement / toxicity

                    XII.k - Constrictive pericarditis - Pericardial thickening",9681,DB00247,D02357,CCC(CO)NC(=O)C1C=C2c3cccc4c3c(cn4C)CC2N(C)C1,0,0,1,0
Metipranolol,"II.a
                
II - Pulmonary edema - Acute lung injury - ARDS

                    II.a - Pulmonary edema, noncardiogenic (NCPE)                


                  IV.a
                
IV - Airway involvement

                    IV.a - Bronchospasm - Wheezing - Asthma",31477,DB01214,D02374,CC(=O)Oc1c(C)cc(OCC(O)CNC(C)C)c(C)c1C,0,1,0,0
Metoprolol,"II.f
                
II - Pulmonary edema - Acute lung injury - ARDS

                    II.f - Hypoxemia, low oxygen saturation (may occur in isolation)                


                  IV.a
                
IV - Airway involvement

                    IV.a - Bronchospasm - Wheezing - Asthma                


                  IV.f
                
IV - Airway involvement

                    IV.f - Severe or catastrophic bronchospasm or asthma attack (can be fatal)                


                  IV.o
                
IV - Airway involvement

                    IV.o - Airway hyperresponsiveness                


                  VIII.a
                
VIII - Central-large-upper airway (incl. pharyngeal-nasal) involvement

                    VIII.a - Angioedema (may cause UAO, asphyxia and death)                


                  X.d
                
X - Systemic/Distant conditions, syndromes and reactions

                    X.d - Lupus - Lupus syndrome (see also Vd)                


                  XII.a
                
XII - Cardiovascular involvement / toxicity

                    XII.a - Left or biventricular dysfunction/failure                


                  XII.m
                
XII - Cardiovascular involvement / toxicity

                    XII.m - Cardiac- cardiorespiratory/pulmonary arrest                


                  XII.n
                
XII - Cardiovascular involvement / toxicity

                    XII.n - Cardiovascular collapse - Cardiogenic shock - Hypotension",4171,DB00264,D02358,COCCc1ccc(OCC(O)CNC(C)C)cc1,0,1,0,0
Metronidazole,"I.c
                
I - Interstitial/parenchymal lung disease

                    I.c - Eosinophilic pneumonia (pulmonary infiltrates and eosinophilia)                


                  III.a
                
III - Pulmonary/alveolar./airway hemorrhage/bleeding

                    III.a - Alveolar hemorrhage (AH), diffuse AH (DAH)",4173,DB00916,D00409,Cc1ncc([N+](=O)[O-])n1CCO,1,0,0,0
Metyrapone,"I.y
                
I - Interstitial/parenchymal lung disease

                    I.y - Progression, acceleration or exacerbation of preexisting ILD/fibrosis",4174,DB01011,D00410,CC(C)(C(=O)c1cccnc1)c1cccnc1,1,0,0,0
Mexiletine,"I.c
                
I - Interstitial/parenchymal lung disease

                    I.c - Eosinophilic pneumonia (pulmonary infiltrates and eosinophilia)                


                  I.g
                
I - Interstitial/parenchymal lung disease

                    I.g - Pulmonary fibrosis                


                  X.a
                
X - Systemic/Distant conditions, syndromes and reactions

                    X.a - DRES syndrome - DRESS-like reaction",4178,DB00379,D08215,Cc1cccc(C)c1OCC(C)N,1,0,0,0
Mianserin,"I.b
                
I - Interstitial/parenchymal lung disease

                    I.b - Pneumonitis (ILD)                


                  I.c
                
I - Interstitial/parenchymal lung disease

                    I.c - Eosinophilic pneumonia (pulmonary infiltrates and eosinophilia)                


                  I.g
                
I - Interstitial/parenchymal lung disease

                    I.g - Pulmonary fibrosis",4184,DB06148,D08216,CN1CCN2c3ccccc3Cc3ccccc3C2C1,1,0,0,0
Midostaurin,"I.b
                
I - Interstitial/parenchymal lung disease

                    I.b - Pneumonitis (ILD)                


                  II.a
                
II - Pulmonary edema - Acute lung injury - ARDS

                    II.a - Pulmonary edema, noncardiogenic (NCPE)                


                  V.a
                
V - Pleural and/or pericardial involvement

                    V.a - Pleural effusion (uni- or bilateral) (can accompany DI-LDs)                


                  VI.b
                
VI - Pulmonary vasculopathies

                    VI.b - Pulmonary arterial hypertension                


                  XIX.a
                
XIX - Cytological, biochemical features of/in BAL, pleural fluid or FNA

                    XIX.a - BAL: An excess proportion of lymphocytes                


                  XIX.b
                
XIX - Cytological, biochemical features of/in BAL, pleural fluid or FNA

                    XIX.b - BAL: An excess proportion of neutrophils",9829523,DB06595,D05029,COC1C(N(C)C(=O)c2ccccc2)CC2OC1(C)n1c3ccccc3c3c4c(c5c6ccccc6n2c5c31)C(=O)NC4,1,1,1,1
Misoprostol,"I.b
                
I - Interstitial/parenchymal lung disease

                    I.b - Pneumonitis (ILD)",5282381,DB00929,D00419,CCCCC(C)(O)CC=CC1C(O)CC(=O)C1CCCCCCC(=O)OC,1,0,0,0
Mitoxantrone,"I.b
                
I - Interstitial/parenchymal lung disease

                    I.b - Pneumonitis (ILD)                


                  IV.a
                
IV - Airway involvement

                    IV.a - Bronchospasm - Wheezing - Asthma                


                  X.a
                
X - Systemic/Distant conditions, syndromes and reactions

                    X.a - DRES syndrome - DRESS-like reaction                


                  XV.a
                
XV - Pathology

                    XV.a - Path: NSIP-cellular pattern (see also Ia, Ib)                


                  XV.i
                
XV - Pathology

                    XV.i - Path: Pneumocyte atypia (reactive epithelial cells) (a.k.a. the ""Napoleon Hat"" sign)",4212,DB01204,D08224,O=C1C=CC(=O)c2c1c(O)c1c(NCCNCCO)ccc(NCCNCCO)c1c2O,1,0,0,0
Mitragynine,"II.a
                
II - Pulmonary edema - Acute lung injury - ARDS

                    II.a - Pulmonary edema, noncardiogenic (NCPE)",3034396,DB-299985,C09226,CCC1CN2CCc3c([nH]c4cccc(OC)c34)C2CC1C(=COC)C(=O)OC,0,1,0,0
Monooctanoin,"II.a
                
II - Pulmonary edema - Acute lung injury - ARDS

                    II.a - Pulmonary edema, noncardiogenic (NCPE)                


                  VI.e
                
VI - Pulmonary vasculopathies

                    VI.e - Fat/oil embolism - The FES embolism syndrome                


                  XV.ae
                
XV - Pathology

                    XV.ae - Path: Lipid/fat embolism (see also VIe)",3033877,DB-298849,NOT_FOUND,CCCCCCCC(=O)OCC(O)CO,0,1,0,1
Montelukast,"I.c
                
I - Interstitial/parenchymal lung disease

                    I.c - Eosinophilic pneumonia (pulmonary infiltrates and eosinophilia)                


                  III.a
                
III - Pulmonary/alveolar./airway hemorrhage/bleeding

                    III.a - Alveolar hemorrhage (AH), diffuse AH (DAH)                


                  VIII.a
                
VIII - Central-large-upper airway (incl. pharyngeal-nasal) involvement

                    VIII.a - Angioedema (may cause UAO, asphyxia and death)                


                  X.f
                
X - Systemic/Distant conditions, syndromes and reactions

                    X.f - Anaphylaxis-Anaphylactoid reaction (can be fatal)                


                  X.h
                
X - Systemic/Distant conditions, syndromes and reactions

                    X.h - Eosinophilic granulomatosis with polyangiitis (Churg-Strauss)                


                  X.ah
                
X - Systemic/Distant conditions, syndromes and reactions

                    X.ah - Granulomatosis with polyangiitis (typically ANCA pos.) - GPA flare",5281040,DB00471,D08229,CC(C)(O)c1ccccc1CCC(SCC1(CC(=O)O)CC1)c1cccc(C=Cc2ccc3ccc(Cl)cc3n2)c1,1,0,0,0
Mycophenolate mofetil,"I.b
                
I - Interstitial/parenchymal lung disease

                    I.b - Pneumonitis (ILD)                


                  I.g
                
I - Interstitial/parenchymal lung disease

                    I.g - Pulmonary fibrosis                


                  I.n
                
I - Interstitial/parenchymal lung disease

                    I.n - Pulmonary alveolar proteinosis (PAP)                


                  II.b
                
II - Pulmonary edema - Acute lung injury - ARDS

                    II.b - ARDS - Acute lung injury                


                  III.a
                
III - Pulmonary/alveolar./airway hemorrhage/bleeding

                    III.a - Alveolar hemorrhage (AH), diffuse AH (DAH)                


                  IV.d
                
IV - Airway involvement

                    IV.d - Cough (lone)                


                  IV.k
                
IV - Airway involvement

                    IV.k - Bronchiectasis                


                  XV.g
                
XV - Pathology

                    XV.g - Path: Alveolar hemorrhage (see also IIIa)                


                  XV.h
                
XV - Pathology

                    XV.h - Path: NSIP-fibrotic pattern                


                  XV.n
                
XV - Pathology

                    XV.n - Path: Pulmonary alveolar proteinosis pattern (PAP pattern)                


                  XV.ab
                
XV - Pathology

                    XV.ab - Path: Pulmonary capillaritis                


                  XVII.e
                
XVII - Infections & related conditions

                    XVII.e - Pneumocystis jiroveci pneumonia                


                  XVII.g
                
XVII - Infections & related conditions

                    XVII.g - Tuberculosis (pulmonary, pulmonary, extrapulmonary or disseminated). Reactivation or de novo",5281078,DB00688,D00752,COc1c(C)c2c(c(O)c1CC=C(C)CCC(=O)OCCN1CCOCC1)C(=O)OC2,1,1,0,0
Nabumetone,"I.c
                
I - Interstitial/parenchymal lung disease

                    I.c - Eosinophilic pneumonia (pulmonary infiltrates and eosinophilia)                


                  I.g
                
I - Interstitial/parenchymal lung disease

                    I.g - Pulmonary fibrosis",4409,DB00461,D00425,COc1ccc2cc(CCC(C)=O)ccc2c1,1,0,0,0
Nadolol,"I.b
                
I - Interstitial/parenchymal lung disease

                    I.b - Pneumonitis (ILD)                


                  IV.a
                
IV - Airway involvement

                    IV.a - Bronchospasm - Wheezing - Asthma",39147,DB01203,D00432,CC(C)(C)NCC(O)COc1cccc2c1CC(O)C(O)C2,1,0,0,0
Nafazoline,"II.a
                
II - Pulmonary edema - Acute lung injury - ARDS

                    II.a - Pulmonary edema, noncardiogenic (NCPE)",4436,DB06711,D08253,c1ccc2c(CC3=NCCN3)cccc2c1,0,1,0,0
Nafcillin,"I.c
                
I - Interstitial/parenchymal lung disease

                    I.c - Eosinophilic pneumonia (pulmonary infiltrates and eosinophilia)",8982,DB00607,D08242,CCOc1ccc2ccccc2c1C(=O)NC1C(=O)N2C1SC(C)(C)C2C(=O)O,1,0,0,0
Nalbuphine,"II.a
                
II - Pulmonary edema - Acute lung injury - ARDS

                    II.a - Pulmonary edema, noncardiogenic (NCPE)",5311304,DB00844,D08246,Oc1ccc2c3c1OC1C(O)CCC4(O)C(C2)N(CC2CCC2)CCC314,0,1,0,0
Nalidixic acid,"I.b
                
I - Interstitial/parenchymal lung disease

                    I.b - Pneumonitis (ILD)                


                  X.d
                
X - Systemic/Distant conditions, syndromes and reactions

                    X.d - Lupus - Lupus syndrome (see also Vd)                


                  X.f
                
X - Systemic/Distant conditions, syndromes and reactions

                    X.f - Anaphylaxis-Anaphylactoid reaction (can be fatal)",4421,DB00779,D00183,CCn1cc(C(=O)O)c(=O)c2ccc(C)nc21,1,0,0,0
Nalmefene,"II.a
                
II - Pulmonary edema - Acute lung injury - ARDS

                    II.a - Pulmonary edema, noncardiogenic (NCPE)                


                  IX.u
                
IX - Neuromuscular / CNS involvement - Disordered breathing (during sleep)

                    IX.u - Central sleep apnea",5284594,DB06230,D05111,C=C1CCC2(O)C3Cc4ccc(O)c5c4C2(CCN3CC2CC2)C1O5,0,1,0,0
Naloxone,"II.a
                
II - Pulmonary edema - Acute lung injury - ARDS

                    II.a - Pulmonary edema, noncardiogenic (NCPE)                


                  II.g
                
II - Pulmonary edema - Acute lung injury - ARDS

                    II.g - Negative pressure pulmonary edema (NPPE)                


                  II.u
                
II - Pulmonary edema - Acute lung injury - ARDS

                    II.u - Acute respiratory failure (e.g. from ARDS, ILD, PIE, OP, pulmonary edema or bronchospasm) requiring ECMO",5284596,DB01183,D08249,C=CCN1CCC23c4c5ccc(O)c4OC2C(=O)CCC3(O)C1C5,0,1,0,0
Naltrexone,"I.c
                
I - Interstitial/parenchymal lung disease

                    I.c - Eosinophilic pneumonia (pulmonary infiltrates and eosinophilia)                


                  I.e
                
I - Interstitial/parenchymal lung disease

                    I.e - Acute eosinophilic pneumonia (AEP)                


                  XV.b
                
XV - Pathology

                    XV.b - Path: Eosinophilic pneumonia (subacute or acute)  (see also Ic)",5360515,DB00704,D05113,O=C1CCC2(O)C3Cc4ccc(O)c5c4C2(CCN3CC2CC2)C1O5,1,0,0,0
Naproxen,"I.c
                
I - Interstitial/parenchymal lung disease

                    I.c - Eosinophilic pneumonia (pulmonary infiltrates and eosinophilia)                


                  II.a
                
II - Pulmonary edema - Acute lung injury - ARDS

                    II.a - Pulmonary edema, noncardiogenic (NCPE)                


                  IV.a
                
IV - Airway involvement

                    IV.a - Bronchospasm - Wheezing - Asthma                


                  X.a
                
X - Systemic/Distant conditions, syndromes and reactions

                    X.a - DRES syndrome - DRESS-like reaction                


                  X.f
                
X - Systemic/Distant conditions, syndromes and reactions

                    X.f - Anaphylaxis-Anaphylactoid reaction (can be fatal)                


                  XIV.a
                
XIV - Hemoglobinopathies - Abnormal hemoglobin states (acquired)

                    XIV.a - Methemoglobinemia",156391,DB00788,D00118,COc1ccc2cc(C(C)C(=O)O)ccc2c1,1,1,0,0
Narcotics,"II.a
                
II - Pulmonary edema - Acute lung injury - ARDS

                    II.a - Pulmonary edema, noncardiogenic (NCPE)                


                  IX.d
                
IX - Neuromuscular / CNS involvement - Disordered breathing (during sleep)

                    IX.d - Respiratory failure from ventilatory depression (due to neuromuscular blockade/paralysis)",6453268,NOT_FOUND,NOT_FOUND,COc1ccc(C(O)C2c3c(cc4c(c3OC)OCO4)CCN2C)c(C(=O)O)c1OC,0,1,0,0
Neostigmine,"II.a
                
II - Pulmonary edema - Acute lung injury - ARDS

                    II.a - Pulmonary edema, noncardiogenic (NCPE)                


                  X.f
                
X - Systemic/Distant conditions, syndromes and reactions

                    X.f - Anaphylaxis-Anaphylactoid reaction (can be fatal)",4456,DB01400,D08261,CN(C)C(=O)Oc1cccc([N+](C)(C)C)c1,0,1,0,0
Nevirapine,"V.a
                
V - Pleural and/or pericardial involvement

                    V.a - Pleural effusion (uni- or bilateral) (can accompany DI-LDs)                


                  X.a
                
X - Systemic/Distant conditions, syndromes and reactions

                    X.a - DRES syndrome - DRESS-like reaction",4463,DB00238,D00435,Cc1ccnc2c1NC(=O)c1cccnc1N2C1CC1,0,0,1,0
Nicardipine,"II.a
                
II - Pulmonary edema - Acute lung injury - ARDS

                    II.a - Pulmonary edema, noncardiogenic (NCPE)",4474,DB00622,D08270,COC(=O)C1=C(C)N=C(C)C(C(=O)OCCN(C)Cc2ccccc2)C1c1cccc([N+](=O)[O-])c1,0,1,0,0
Nicergoline,"V.c
                
V - Pleural and/or pericardial involvement

                    V.c - Pleural thickening - Fibrothorax",34040,DB00699,D01290,COC12CC(COC(=O)c3cncc(Br)c3)CN(C)C1Cc1cn(C)c3cccc2c13,0,0,1,0
Nifedipine,"II.a
                
II - Pulmonary edema - Acute lung injury - ARDS

                    II.a - Pulmonary edema, noncardiogenic (NCPE)                


                  XI.b
                
XI - Miscellaneous

                    XI.b - Chest pain (acute or subacute), lone or prominent                


                  XI.ab
                
XI - Miscellaneous

                    XI.ab - Gingival hypertrophy                


                  XII.n
                
XII - Cardiovascular involvement / toxicity

                    XII.n - Cardiovascular collapse - Cardiogenic shock - Hypotension                


                  XVI.d
                
XVI - Imaging

                    XVI.d - Imaging: Alveolar opacities or haze with a batwing or butterfly distribution",4485,DB01115,D00437,COC(=O)C1=C(C)N=C(C)C(C(=O)OC)C1c1ccccc1[N+](=O)[O-],0,1,0,0
Niflumic acid,"I.c
                
I - Interstitial/parenchymal lung disease

                    I.c - Eosinophilic pneumonia (pulmonary infiltrates and eosinophilia)",4488,DB04552,D08275,O=C(O)c1cccnc1Nc1cccc(C(F)(F)F)c1,1,0,0,0
Nilotinib,"I.b
                
I - Interstitial/parenchymal lung disease

                    I.b - Pneumonitis (ILD)                


                  I.d
                
I - Interstitial/parenchymal lung disease

                    I.d - Organizing pneumonia pattern (an area or areas of consolidation on imaging)                


                  III.a
                
III - Pulmonary/alveolar./airway hemorrhage/bleeding

                    III.a - Alveolar hemorrhage (AH), diffuse AH (DAH)                


                  V.a
                
V - Pleural and/or pericardial involvement

                    V.a - Pleural effusion (uni- or bilateral) (can accompany DI-LDs)                


                  V.c
                
V - Pleural and/or pericardial involvement

                    V.c - Pleural thickening - Fibrothorax                


                  VI.b
                
VI - Pulmonary vasculopathies

                    VI.b - Pulmonary arterial hypertension                


                  VI.d
                
VI - Pulmonary vasculopathies

                    VI.d - Pulmonary vasculitis or capillaritis                


                  X.r
                
X - Systemic/Distant conditions, syndromes and reactions

                    X.r - Fluid retention                


                  XII.c
                
XII - Cardiovascular involvement / toxicity

                    XII.c - Pericardial effusion (w/wo tamponade)                


                  XII.k
                
XII - Cardiovascular involvement / toxicity

                    XII.k - Constrictive pericarditis - Pericardial thickening                


                  XII.o
                
XII - Cardiovascular involvement / toxicity

                    XII.o - Coronary artery disease (subacute, chronic)                


                  XII.ay
                
XII - Cardiovascular involvement / toxicity

                    XII.ay - Coronary (artery) vasculitis                


                  XV.ao
                
XV - Pathology

                    XV.ao - Path: Pleuritis, pleural fibrosis",644241,DB04868,D08953,Cc1cn(-c2cc(NC(=O)c3ccc(C)c(Nc4nccc(-c5cccnc5)n4)c3)cc(C(F)(F)F)c2)cn1,1,0,1,1
Nilutamide,"I.a
                
I - Interstitial/parenchymal lung disease

                    I.a - Pneumonitis (ILD), acute and/or severe (may cause ARDS)                


                  I.b
                
I - Interstitial/parenchymal lung disease

                    I.b - Pneumonitis (ILD)                


                  I.c
                
I - Interstitial/parenchymal lung disease

                    I.c - Eosinophilic pneumonia (pulmonary infiltrates and eosinophilia)                


                  I.d
                
I - Interstitial/parenchymal lung disease

                    I.d - Organizing pneumonia pattern (an area or areas of consolidation on imaging)                


                  XV.a
                
XV - Pathology

                    XV.a - Path: NSIP-cellular pattern (see also Ia, Ib)                


                  XV.c
                
XV - Pathology

                    XV.c - Path: Organizing pneumonia (OP/BOOP) pattern (see also Id)                


                  XV.k
                
XV - Pathology

                    XV.k - Path: Desquamative interstitial pneumonia (DIP-pattern)                


                  XIX.a
                
XIX - Cytological, biochemical features of/in BAL, pleural fluid or FNA

                    XIX.a - BAL: An excess proportion of lymphocytes                


                  XIX.b
                
XIX - Cytological, biochemical features of/in BAL, pleural fluid or FNA

                    XIX.b - BAL: An excess proportion of neutrophils                


                  XIX.c
                
XIX - Cytological, biochemical features of/in BAL, pleural fluid or FNA

                    XIX.c - BAL: An excess proportion of eosinophils",4493,DB00665,D00965,CC1(C)NC(=O)N(c2ccc([N+](=O)[O-])c(C(F)(F)F)c2)C1=O,1,0,1,0
Nimesulide,"I.c
                
I - Interstitial/parenchymal lung disease

                    I.c - Eosinophilic pneumonia (pulmonary infiltrates and eosinophilia)                


                  II.a
                
II - Pulmonary edema - Acute lung injury - ARDS

                    II.a - Pulmonary edema, noncardiogenic (NCPE)                


                  IV.a
                
IV - Airway involvement

                    IV.a - Bronchospasm - Wheezing - Asthma                


                  IV.c
                
IV - Airway involvement

                    IV.c - Obliterative bronchiolitis (a pattern consistent with) (see also IVn, XVx)                


                  X.f
                
X - Systemic/Distant conditions, syndromes and reactions

                    X.f - Anaphylaxis-Anaphylactoid reaction (can be fatal)",4495,DB-052029,D70376,CS(=O)(=O)Nc1ccc([N+](=O)[O-])cc1Oc1ccccc1,1,1,0,0
Nimodipine,"II.f
                
II - Pulmonary edema - Acute lung injury - ARDS

                    II.f - Hypoxemia, low oxygen saturation (may occur in isolation)",4497,DB00393,D00438,COCCOC(=O)C1=C(C)N=C(C)C(C(=O)OC(C)C)C1c1cccc([N+](=O)[O-])c1,0,1,0,0
Nintedanib,"I.y
                
I - Interstitial/parenchymal lung disease

                    I.y - Progression, acceleration or exacerbation of preexisting ILD/fibrosis                


                  VI.b
                
VI - Pulmonary vasculopathies

                    VI.b - Pulmonary arterial hypertension",135423438,DB09079,D10481,COC(=O)c1ccc2c(C(=Nc3ccc(N(C)C(=O)CN4CCN(C)CC4)cc3)c3ccccc3)c(O)[nH]c2c1,1,0,0,1
Niraparib,"I.b
                
I - Interstitial/parenchymal lung disease

                    I.b - Pneumonitis (ILD)                


                  XVI.b
                
XVI - Imaging

                    XVI.b - Imaging: Ground-glass opacities (GGO) / shadowing",24958200,DB11793,D10140,NC(=O)c1cccc2cn(-c3ccc(C4CCCNC4)cc3)nc12,1,0,0,0
Niridazol,"I.c
                
I - Interstitial/parenchymal lung disease

                    I.c - Eosinophilic pneumonia (pulmonary infiltrates and eosinophilia)                


                  II.a
                
II - Pulmonary edema - Acute lung injury - ARDS

                    II.a - Pulmonary edema, noncardiogenic (NCPE)                


                  IV.a
                
IV - Airway involvement

                    IV.a - Bronchospasm - Wheezing - Asthma",6093,DB13661,D05170,O=C1NCCN1c1ncc([N+](=O)[O-])s1,1,1,0,0
Nitrobenzene,"II.a
                
II - Pulmonary edema - Acute lung injury - ARDS

                    II.a - Pulmonary edema, noncardiogenic (NCPE)                


                  XIV.a
                
XIV - Hemoglobinopathies - Abnormal hemoglobin states (acquired)

                    XIV.a - Methemoglobinemia",7416,NOT_FOUND,NOT_FOUND,O=[N+]([O-])c1ccccc1,0,1,0,0
Nitroglycerin,"II.a
                
II - Pulmonary edema - Acute lung injury - ARDS

                    II.a - Pulmonary edema, noncardiogenic (NCPE)                


                  XIV.a
                
XIV - Hemoglobinopathies - Abnormal hemoglobin states (acquired)

                    XIV.a - Methemoglobinemia",4510,DB00727,D00515,O=[N+]([O-])OCC(CO[N+](=O)[O-])O[N+](=O)[O-],0,1,0,0
"Nitrosoureas (suffixes '-NU', '-mustine')","I.b
                
I - Interstitial/parenchymal lung disease

                    I.b - Pneumonitis (ILD)                


                  I.g
                
I - Interstitial/parenchymal lung disease

                    I.g - Pulmonary fibrosis                


                  I.l
                
I - Interstitial/parenchymal lung disease

                    I.l - Diffuse alveolar damage (DAD) (see alsoo under IIb and XVf)                


                  I.x
                
I - Interstitial/parenchymal lung disease

                    I.x - Pleuroparenchymal fibroelastosis (PPFE)                


                  II.b
                
II - Pulmonary edema - Acute lung injury - ARDS

                    II.b - ARDS - Acute lung injury                


                  V.f
                
V - Pleural and/or pericardial involvement

                    V.f - Pneumothorax                


                  V.ab
                
V - Pleural and/or pericardial involvement

                    V.ab - Pneumothorax, bilateral                


                  VI.c
                
VI - Pulmonary vasculopathies

                    VI.c - Pulmonary veno-occlusive disease                


                  XV.f
                
XV - Pathology

                    XV.f - Path: Diffuse alveolar damage (DAD-pattern) (see also IL)                


                  XV.h
                
XV - Pathology

                    XV.h - Path: NSIP-fibrotic pattern                


                  XVII.e
                
XVII - Infections & related conditions

                    XVII.e - Pneumocystis jiroveci pneumonia                


                  XXIV.a
                
XXIV - Veterinary medicine

                    XXIV.a - Veterinary: Pneumonitis - Interstitial lung disease                


                  XXIV.b
                
XXIV - Veterinary medicine

                    XXIV.b - Veterinary: Pulmonary fibrosis",105035,NOT_FOUND,NOT_FOUND,NC(=O)NN=O,1,1,1,0
Nomifensine,"I.b
                
I - Interstitial/parenchymal lung disease

                    I.b - Pneumonitis (ILD)                


                  I.c
                
I - Interstitial/parenchymal lung disease

                    I.c - Eosinophilic pneumonia (pulmonary infiltrates and eosinophilia)                


                  I.e
                
I - Interstitial/parenchymal lung disease

                    I.e - Acute eosinophilic pneumonia (AEP)                


                  V.a
                
V - Pleural and/or pericardial involvement

                    V.a - Pleural effusion (uni- or bilateral) (can accompany DI-LDs)                


                  X.d
                
X - Systemic/Distant conditions, syndromes and reactions

                    X.d - Lupus - Lupus syndrome (see also Vd)                


                  X.m
                
X - Systemic/Distant conditions, syndromes and reactions

                    X.m - Vascultis (pulmonary, extrathoracic or systemic)-ANCA status unknown or negative)",4528,DB04821,NOT_FOUND,CN1Cc2c(N)cccc2C(c2ccccc2)C1,1,0,1,0
Noramidopyrine,"II.a
                
II - Pulmonary edema - Acute lung injury - ARDS

                    II.a - Pulmonary edema, noncardiogenic (NCPE)",10618,DB-231787,D08190,CNc1c(C)n(C)n(-c2ccccc2)c1=O,0,1,0,0
Nupercaine,"II.b
                
II - Pulmonary edema - Acute lung injury - ARDS

                    II.b - ARDS - Acute lung injury",3025,DB00527,D00733,CCCCOc1cc(C(=O)NCCN(CC)CC)c2ccccc2n1,0,1,0,0
Obatoclax,"II.f
                
II - Pulmonary edema - Acute lung injury - ARDS

                    II.f - Hypoxemia, low oxygen saturation (may occur in isolation)",11404337,NOT_FOUND,NOT_FOUND,COC1=CC(c2cc3ccccc3[nH]2)=NC1=Cc1[nH]c(C)cc1C,0,1,0,0
Octreotide,"II.a
                
II - Pulmonary edema - Acute lung injury - ARDS

                    II.a - Pulmonary edema, noncardiogenic (NCPE)                


                  XII.r
                
XII - Cardiovascular involvement / toxicity

                    XII.r - Heart failure (biventricular, congestive)",448601,DB00104,D00442,CC(O)C(CO)NC(=O)C1CSSCC(NC(=O)C(N)Cc2ccccc2)C(=O)NC(Cc2ccccc2)C(=O)NC(Cc2c[nH]c3ccccc23)C(=O)NC(CCCCN)C(=O)NC(C(C)O)C(=O)N1,0,1,0,0
Olanzapine,"I.b
                
I - Interstitial/parenchymal lung disease

                    I.b - Pneumonitis (ILD)                


                  III.a
                
III - Pulmonary/alveolar./airway hemorrhage/bleeding

                    III.a - Alveolar hemorrhage (AH), diffuse AH (DAH)                


                  V.b
                
V - Pleural and/or pericardial involvement

                    V.b - Eosinophilic pleural effusion                


                  V.m
                
V - Pleural and/or pericardial involvement

                    V.m - Pleuropericarditis - Pleuropericardial effusion (ANA unknown or negative)                


                  VI.a
                
VI - Pulmonary vasculopathies

                    VI.a - Pulmonary embolism - Venous thrombosis/thromboembolism                


                  IX.d
                
IX - Neuromuscular / CNS involvement - Disordered breathing (during sleep)

                    IX.d - Respiratory failure from ventilatory depression (due to neuromuscular blockade/paralysis)                


                  X.a
                
X - Systemic/Distant conditions, syndromes and reactions

                    X.a - DRES syndrome - DRESS-like reaction                


                  X.b
                
X - Systemic/Distant conditions, syndromes and reactions

                    X.b - Antiphospholipid antibodies w/wo the APL syndrome                


                  XIX.d
                
XIX - Cytological, biochemical features of/in BAL, pleural fluid or FNA

                    XIX.d - BAL: Gross or microscopic bleeding/hemorrhage",135398745,DB00334,D00454,Cc1cc2c(s1)Nc1ccccc1N=C2N1CCN(C)CC1,1,0,1,1
Olaparib,"I.b
                
I - Interstitial/parenchymal lung disease

                    I.b - Pneumonitis (ILD)                


                  XV.a
                
XV - Pathology

                    XV.a - Path: NSIP-cellular pattern (see also Ia, Ib)",23725625,DB09074,D09730,O=C(c1cc(Cc2n[nH]c(=O)c3ccccc23)ccc1F)N1CCN(C(=O)C2CC2)CC1,1,0,0,0
Ombitasvir,"I.b
                
I - Interstitial/parenchymal lung disease

                    I.b - Pneumonitis (ILD)",54767916,DB09296,D10576,COC(=O)NC(C(=O)N1CCCC1C(=O)Nc1ccc(C2CCC(c3ccc(NC(=O)C4CCCN4C(=O)C(NC(=O)OC)C(C)C)cc3)N2c2ccc(C(C)(C)C)cc2)cc1)C(C)C,1,0,0,0
Ornipressin,"II.a
                
II - Pulmonary edema - Acute lung injury - ARDS

                    II.a - Pulmonary edema, noncardiogenic (NCPE)",14257660,DB13464,NOT_FOUND,NCCCC(NC(=O)C1CCCN1C(=O)C1CSSCC(N)C(=O)NC(Cc2ccc(O)cc2)C(=O)NC(Cc2ccccc2)C(=O)NC(CCC(N)=O)C(=O)NC(CC(N)=O)C(=O)N1)C(=O)NCC(N)=O,0,1,0,0
Osimertinib,"I.a
                
I - Interstitial/parenchymal lung disease

                    I.a - Pneumonitis (ILD), acute and/or severe (may cause ARDS)                


                  I.b
                
I - Interstitial/parenchymal lung disease

                    I.b - Pneumonitis (ILD)                


                  I.c
                
I - Interstitial/parenchymal lung disease

                    I.c - Eosinophilic pneumonia (pulmonary infiltrates and eosinophilia)                


                  I.h
                
I - Interstitial/parenchymal lung disease

                    I.h - Subclinical pulmonary infiltrates/ILD                


                  I.ad
                
I - Interstitial/parenchymal lung disease

                    I.ad - Radiation recall pneumonitis                


                  I.av
                
I - Interstitial/parenchymal lung disease

                    I.av - Transient pulmonary opacities/infiltrates (TAPO) (see also under IIj)                


                  I.az
                
I - Interstitial/parenchymal lung disease

                    I.az - Pulmonary alveolar proteinosis flare/exacerbation                


                  III.a
                
III - Pulmonary/alveolar./airway hemorrhage/bleeding

                    III.a - Alveolar hemorrhage (AH), diffuse AH (DAH)                


                  XII.l
                
XII - Cardiovascular involvement / toxicity

                    XII.l - Cardiac arrhythmias or dysrhythmias (AF, VT, VF, TdP)                


                  XII.p
                
XII - Cardiovascular involvement / toxicity

                    XII.p - QTc prolongation                


                  XII.r
                
XII - Cardiovascular involvement / toxicity

                    XII.r - Heart failure (biventricular, congestive)                


                  XII.ai
                
XII - Cardiovascular involvement / toxicity

                    XII.ai - Cardiotoxicity                


                  XV.a
                
XV - Pathology

                    XV.a - Path: NSIP-cellular pattern (see also Ia, Ib)                


                  XV.b
                
XV - Pathology

                    XV.b - Path: Eosinophilic pneumonia (subacute or acute)  (see also Ic)                


                  XIX.a
                
XIX - Cytological, biochemical features of/in BAL, pleural fluid or FNA

                    XIX.a - BAL: An excess proportion of lymphocytes                


                  XIX.c
                
XIX - Cytological, biochemical features of/in BAL, pleural fluid or FNA

                    XIX.c - BAL: An excess proportion of eosinophils                


                  XXI.e
                
XXI - Rechallenge data

                    XXI.e - Rechallenge may not necessarily lead to relapse of AE/ILD",71496458,DB09330,D10766,C=CC(=O)Nc1cc(Nc2nccc(-c3cn(C)c4ccccc34)n2)c(OC)cc1N(C)CCN(C)C,1,0,1,0
Oxaliplatin,"I.a
                
I - Interstitial/parenchymal lung disease

                    I.a - Pneumonitis (ILD), acute and/or severe (may cause ARDS)                


                  I.b
                
I - Interstitial/parenchymal lung disease

                    I.b - Pneumonitis (ILD)                


                  X.f
                
X - Systemic/Distant conditions, syndromes and reactions

                    X.f - Anaphylaxis-Anaphylactoid reaction (can be fatal)                


                  X.g
                
X - Systemic/Distant conditions, syndromes and reactions

                    X.g - Hypersensitivity reaction (may manifest with fever and/or skin, throat or airway involvement)",9887053,DB00526,D01790,NC1CCCCC1N.[Pt+2],1,0,0,0
Oxprenolol,"II.a
                
II - Pulmonary edema - Acute lung injury - ARDS

                    II.a - Pulmonary edema, noncardiogenic (NCPE)                


                  IV.a
                
IV - Airway involvement

                    IV.a - Bronchospasm - Wheezing - Asthma                


                  IV.f
                
IV - Airway involvement

                    IV.f - Severe or catastrophic bronchospasm or asthma attack (can be fatal)                


                  V.c
                
V - Pleural and/or pericardial involvement

                    V.c - Pleural thickening - Fibrothorax                


                  XII.m
                
XII - Cardiovascular involvement / toxicity

                    XII.m - Cardiac- cardiorespiratory/pulmonary arrest",4631,DB01580,D08318,C=CCOc1ccccc1OCC(O)CNC(C)C,0,1,1,0
Oxycodone,"II.a
                
II - Pulmonary edema - Acute lung injury - ARDS

                    II.a - Pulmonary edema, noncardiogenic (NCPE)                


                  VIII.i
                
VIII - Central-large-upper airway (incl. pharyngeal-nasal) involvement

                    VIII.i - Midline destructive lesions                


                  IX.d
                
IX - Neuromuscular / CNS involvement - Disordered breathing (during sleep)

                    IX.d - Respiratory failure from ventilatory depression (due to neuromuscular blockade/paralysis)                


                  XI.r
                
XI - Miscellaneous

                    XI.r - Death following exposure or poisoning                


                  XII.e
                
XII - Cardiovascular involvement / toxicity

                    XII.e - Takotsubo (stress) cardiomyopathy",5284603,DB00497,D05312,COc1ccc2c3c1OC1C(=O)CCC4(O)C(C2)N(C)CCC314,0,1,0,0
Oxymetazoline,"II.a
                
II - Pulmonary edema - Acute lung injury - ARDS

                    II.a - Pulmonary edema, noncardiogenic (NCPE)                


                  II.d
                
II - Pulmonary edema - Acute lung injury - ARDS

                    II.d - Pulmonary edema, cardiogenic                


                  II.i
                
II - Pulmonary edema - Acute lung injury - ARDS

                    II.i - Flash (fulminate) pulmonary edema                


                  XII.ag
                
XII - Cardiovascular involvement / toxicity

                    XII.ag - Bradycardia",4636,DB00935,D08322,Cc1cc(C(C)(C)C)c(O)c(C)c1CC1=NCCN1,0,1,0,0
Panobinostat,"I.b
                
I - Interstitial/parenchymal lung disease

                    I.b - Pneumonitis (ILD)",6918837,DB-025426,D10319,Cc1[nH]c2ccccc2c1CCNCc1ccc(C=CC(O)=NO)cc1,1,0,0,0
Paraldehyde,"II.a
                
II - Pulmonary edema - Acute lung injury - ARDS

                    II.a - Pulmonary edema, noncardiogenic (NCPE)",31264,DB09117,D00705,CC1OC(C)OC(C)O1,0,1,0,0
Paramethoxymethamphetamine,"II.a
                
II - Pulmonary edema - Acute lung injury - ARDS

                    II.a - Pulmonary edema, noncardiogenic (NCPE)                


                  XI.r
                
XI - Miscellaneous

                    XI.r - Death following exposure or poisoning",90766,DB-049883,C22810,CNC(C)Cc1ccc(OC)cc1,0,1,0,0
Paraquat,"I.a
                
I - Interstitial/parenchymal lung disease

                    I.a - Pneumonitis (ILD), acute and/or severe (may cause ARDS)                


                  I.b
                
I - Interstitial/parenchymal lung disease

                    I.b - Pneumonitis (ILD)                


                  I.d
                
I - Interstitial/parenchymal lung disease

                    I.d - Organizing pneumonia pattern (an area or areas of consolidation on imaging)                


                  I.g
                
I - Interstitial/parenchymal lung disease

                    I.g - Pulmonary fibrosis                


                  I.l
                
I - Interstitial/parenchymal lung disease

                    I.l - Diffuse alveolar damage (DAD) (see alsoo under IIb and XVf)                


                  I.w
                
I - Interstitial/parenchymal lung disease

                    I.w - Rapidly progressive ILD/pulmonary fibrosis (Hamman-Rich syndrome)                


                  I.ba
                
I - Interstitial/parenchymal lung disease

                    I.ba - Irreversible respiratory damage requiring lung Tx                


                  II.b
                
II - Pulmonary edema - Acute lung injury - ARDS

                    II.b - ARDS - Acute lung injury                


                  II.c
                
II - Pulmonary edema - Acute lung injury - ARDS

                    II.c - ARDS and the hemolytic-uremic syndrome (HUS)                


                  III.a
                
III - Pulmonary/alveolar./airway hemorrhage/bleeding

                    III.a - Alveolar hemorrhage (AH), diffuse AH (DAH)                


                  IV.k
                
IV - Airway involvement

                    IV.k - Bronchiectasis                


                  V.f
                
V - Pleural and/or pericardial involvement

                    V.f - Pneumothorax                


                  X.u
                
X - Systemic/Distant conditions, syndromes and reactions

                    X.u - Multiple organ dysfunction/failure (MODS/MOF)                


                  XI.h
                
XI - Miscellaneous

                    XI.h - Esophageal pathology (erosion, ulcer, tear, rupture, fistula)                


                  XI.n
                
XI - Miscellaneous

                    XI.n - Neutropenia, agranulocytosis (w/wo infection/sepsis)                


                  XI.r
                
XI - Miscellaneous

                    XI.r - Death following exposure or poisoning                


                  XV.a
                
XV - Pathology

                    XV.a - Path: NSIP-cellular pattern (see also Ia, Ib)                


                  XV.h
                
XV - Pathology

                    XV.h - Path: NSIP-fibrotic pattern                


                  XVI.k
                
XVI - Imaging

                    XVI.k - Imaging: An area or areas of consolidation                


                  XVI.n
                
XVI - Imaging

                    XVI.n - Imaging: Intralobular septal thickening - Crazy paving                


                  XVI.q
                
XVI - Imaging

                    XVI.q - Imaging: A pattern similar/consistent to/with IPF                


                  XXIV.n
                
XXIV - Veterinary medicine

                    XXIV.n - Veterinary: Acute Respiratory Distress Syndrome (ARDS)",15939,NOT_FOUND,NOT_FOUND,C[n+]1ccc(-c2cc[n+](C)cc2)cc1,1,1,1,0
Parathion,"I.w
                
I - Interstitial/parenchymal lung disease

                    I.w - Rapidly progressive ILD/pulmonary fibrosis (Hamman-Rich syndrome)",991,NOT_FOUND,C06604,CCOP(=S)(OCC)Oc1ccc([N+](=O)[O-])cc1,1,0,0,0
Paritaprevir,"I.b
                
I - Interstitial/parenchymal lung disease

                    I.b - Pneumonitis (ILD)",45110509,DB09297,NOT_FOUND,Cc1cnc(C(=O)NC2CCCCCC=CC3CC3(C(=O)NS(=O)(=O)C3CC3)NC(=O)C3CC(Oc4nc5ccccc5c5ccccc45)CN3C2=O)cn1,1,0,0,0
Paroxetine,"I.l
                
I - Interstitial/parenchymal lung disease

                    I.l - Diffuse alveolar damage (DAD) (see alsoo under IIb and XVf)                


                  II.b
                
II - Pulmonary edema - Acute lung injury - ARDS

                    II.b - ARDS - Acute lung injury                


                  IV.d
                
IV - Airway involvement

                    IV.d - Cough (lone)                


                  VI.a
                
VI - Pulmonary vasculopathies

                    VI.a - Pulmonary embolism - Venous thrombosis/thromboembolism                


                  VIII.a
                
VIII - Central-large-upper airway (incl. pharyngeal-nasal) involvement

                    VIII.a - Angioedema (may cause UAO, asphyxia and death)                


                  XII.f
                
XII - Cardiovascular involvement / toxicity

                    XII.f - Cardiomyopathy (acute, subacute, chronic)                


                  XV.f
                
XV - Pathology

                    XV.f - Path: Diffuse alveolar damage (DAD-pattern) (see also IL)",43815,DB00715,D02362,Fc1ccc(C2CCNCC2COc2ccc3c(c2)OCO3)cc1,1,1,0,1
Pazopanib,"I.b
                
I - Interstitial/parenchymal lung disease

                    I.b - Pneumonitis (ILD)                


                  I.d
                
I - Interstitial/parenchymal lung disease

                    I.d - Organizing pneumonia pattern (an area or areas of consolidation on imaging)                


                  II.d
                
II - Pulmonary edema - Acute lung injury - ARDS

                    II.d - Pulmonary edema, cardiogenic                


                  V.f
                
V - Pleural and/or pericardial involvement

                    V.f - Pneumothorax                


                  V.ab
                
V - Pleural and/or pericardial involvement

                    V.ab - Pneumothorax, bilateral                


                  VII.h
                
VII - Mediastinal involvement

                    VII.h - Pneumomediastinum                


                  XI.w
                
XI - Miscellaneous

                    XI.w - Cavitation/necrosis of lung tumor or metastases                


                  XII.a
                
XII - Cardiovascular involvement / toxicity

                    XII.a - Left or biventricular dysfunction/failure                


                  XII.f
                
XII - Cardiovascular involvement / toxicity

                    XII.f - Cardiomyopathy (acute, subacute, chronic)                


                  XV.c
                
XV - Pathology

                    XV.c - Path: Organizing pneumonia (OP/BOOP) pattern (see also Id)",10113978,DB06589,D05380,Cc1ccc(Nc2nccc(N(C)c3ccc4c(C)n(C)nc4c3)n2)cc1S(N)(=O)=O,1,1,1,0
Penicillamine,"I.a
                
I - Interstitial/parenchymal lung disease

                    I.a - Pneumonitis (ILD), acute and/or severe (may cause ARDS)                


                  I.b
                
I - Interstitial/parenchymal lung disease

                    I.b - Pneumonitis (ILD)                


                  I.c
                
I - Interstitial/parenchymal lung disease

                    I.c - Eosinophilic pneumonia (pulmonary infiltrates and eosinophilia)                


                  I.d
                
I - Interstitial/parenchymal lung disease

                    I.d - Organizing pneumonia pattern (an area or areas of consolidation on imaging)                


                  I.w
                
I - Interstitial/parenchymal lung disease

                    I.w - Rapidly progressive ILD/pulmonary fibrosis (Hamman-Rich syndrome)                


                  II.b
                
II - Pulmonary edema - Acute lung injury - ARDS

                    II.b - ARDS - Acute lung injury                


                  III.a
                
III - Pulmonary/alveolar./airway hemorrhage/bleeding

                    III.a - Alveolar hemorrhage (AH), diffuse AH (DAH)                


                  III.b
                
III - Pulmonary/alveolar./airway hemorrhage/bleeding

                    III.b - Pneumorenal syndrome (w/wo ANCAs)                


                  III.d
                
III - Pulmonary/alveolar./airway hemorrhage/bleeding

                    III.d - Alveolar hemorrhage, diffuse (ANCA-positive/-related)                


                  IV.a
                
IV - Airway involvement

                    IV.a - Bronchospasm - Wheezing - Asthma                


                  IV.c
                
IV - Airway involvement

                    IV.c - Obliterative bronchiolitis (a pattern consistent with) (see also IVn, XVx)                


                  IV.n
                
IV - Airway involvement

                    IV.n - Obstructive airway dysfunction (see also IVc, XVx)                


                  V.a
                
V - Pleural and/or pericardial involvement

                    V.a - Pleural effusion (uni- or bilateral) (can accompany DI-LDs)                


                  IX.a
                
IX - Neuromuscular / CNS involvement - Disordered breathing (during sleep)

                    IX.a - Diaphragm/inspiratory muscle weakness/paralysis (w/wo ARF)                


                  IX.r
                
IX - Neuromuscular / CNS involvement - Disordered breathing (during sleep)

                    IX.r - Myasthenia gravis - Myasthenic-like syndrome                


                  X.d
                
X - Systemic/Distant conditions, syndromes and reactions

                    X.d - Lupus - Lupus syndrome (see also Vd)                


                  X.e
                
X - Systemic/Distant conditions, syndromes and reactions

                    X.e - Autoimmunity-Autoimmune conditions (+ANA, +anti-ds-DNA, +ANCAs, other auto-Abs)                


                  X.j
                
X - Systemic/Distant conditions, syndromes and reactions

                    X.j - Myopathy-Myositis-Polymyositis (see also under Xba)                


                  X.s
                
X - Systemic/Distant conditions, syndromes and reactions

                    X.s - Vasculitis, pulmonary (w/wo AH), extrapulmonary, systemic: ANCA-positive                


                  X.ac
                
X - Systemic/Distant conditions, syndromes and reactions

                    X.ac - Anti-GBM antibody disease (Goodpasture-like or flare of preexisting GS)                


                  XI.t
                
XI - Miscellaneous

                    XI.t - Yellow nail syndrome                


                  XV.z
                
XV - Pathology

                    XV.z - Path: Obliterative (constrictive) bronchiolitis (see also IVc, IVn)                


                  XVII.w
                
XVII - Infections & related conditions

                    XVII.w - Hypogammaglobulinemia - Antibody deficiency",5852,DB00859,D00496,CC(C)(S)C(N)C(=O)O,1,1,1,0
Pentamidine,"I.c
                
I - Interstitial/parenchymal lung disease

                    I.c - Eosinophilic pneumonia (pulmonary infiltrates and eosinophilia)                


                  IV.a
                
IV - Airway involvement

                    IV.a - Bronchospasm - Wheezing - Asthma                


                  V.f
                
V - Pleural and/or pericardial involvement

                    V.f - Pneumothorax                


                  X.t
                
X - Systemic/Distant conditions, syndromes and reactions

                    X.t - Jarisch-Herxheimer reaction                


                  XII.f
                
XII - Cardiovascular involvement / toxicity

                    XII.f - Cardiomyopathy (acute, subacute, chronic)                


                  XII.l
                
XII - Cardiovascular involvement / toxicity

                    XII.l - Cardiac arrhythmias or dysrhythmias (AF, VT, VF, TdP)",4735,DB00738,D08333,N=C(N)c1ccc(OCCCCCOc2ccc(C(=N)N)cc2)cc1,1,0,1,0
Pentazocine,"I.t
                
I - Interstitial/parenchymal lung disease

                    I.t - Pneumoconiosis (silicosis, talcosis...)                


                  II.a
                
II - Pulmonary edema - Acute lung injury - ARDS

                    II.a - Pulmonary edema, noncardiogenic (NCPE)                


                  VI.b
                
VI - Pulmonary vasculopathies

                    VI.b - Pulmonary arterial hypertension                


                  VI.g
                
VI - Pulmonary vasculopathies

                    VI.g - Foreign body pulmonary vasculopathy (Excipient lung disease)                


                  VI.i
                
VI - Pulmonary vasculopathies

                    VI.i - Acute pulmonary hypertension                


                  VI.n
                
VI - Pulmonary vasculopathies

                    VI.n - Crystal pulmonary embolism                


                  IX.d
                
IX - Neuromuscular / CNS involvement - Disordered breathing (during sleep)

                    IX.d - Respiratory failure from ventilatory depression (due to neuromuscular blockade/paralysis)                


                  IX.h
                
IX - Neuromuscular / CNS involvement - Disordered breathing (during sleep)

                    IX.h - Dyspnea, unexplained otherwise                


                  IX.l
                
IX - Neuromuscular / CNS involvement - Disordered breathing (during sleep)

                    IX.l - Tachypnea                


                  XI.r
                
XI - Miscellaneous

                    XI.r - Death following exposure or poisoning                


                  XV.q
                
XV - Pathology

                    XV.q - Path: Foreign body deposits/granulomatous reaction",441278,DB00652,D02227,CC(C)=CCN1CCC2(C)c3cc(O)ccc3CC1C2C,1,1,0,1
Pentobarbital,"II.a
                
II - Pulmonary edema - Acute lung injury - ARDS

                    II.a - Pulmonary edema, noncardiogenic (NCPE)                


                  IX.d
                
IX - Neuromuscular / CNS involvement - Disordered breathing (during sleep)

                    IX.d - Respiratory failure from ventilatory depression (due to neuromuscular blockade/paralysis)                


                  IX.i
                
IX - Neuromuscular / CNS involvement - Disordered breathing (during sleep)

                    IX.i - Respiratory arrest - Apnea",4737,DB00312,D00499,CCCC(C)C1(CC)C(=O)NC(=O)NC1=O,0,1,0,0
Pergolide,"I.g
                
I - Interstitial/parenchymal lung disease

                    I.g - Pulmonary fibrosis                


                  V.a
                
V - Pleural and/or pericardial involvement

                    V.a - Pleural effusion (uni- or bilateral) (can accompany DI-LDs)                


                  V.c
                
V - Pleural and/or pericardial involvement

                    V.c - Pleural thickening - Fibrothorax                


                  V.m
                
V - Pleural and/or pericardial involvement

                    V.m - Pleuropericarditis - Pleuropericardial effusion (ANA unknown or negative)                


                  VI.b
                
VI - Pulmonary vasculopathies

                    VI.b - Pulmonary arterial hypertension                


                  XII.b
                
XII - Cardiovascular involvement / toxicity

                    XII.b - Valvular heart disease and/or dysfunction                


                  XII.k
                
XII - Cardiovascular involvement / toxicity

                    XII.k - Constrictive pericarditis - Pericardial thickening",47811,DB01186,D08339,CCCN1CC(CSC)CC2c3cccc4[nH]cc(c34)CC21,1,0,1,1
Phendimetrazine,"VI.b
                
VI - Pulmonary vasculopathies

                    VI.b - Pulmonary arterial hypertension                


                  XII.f
                
XII - Cardiovascular involvement / toxicity

                    XII.f - Cardiomyopathy (acute, subacute, chronic)",30487,DB01579,D08347,CC1C(c2ccccc2)OCCN1C,0,0,0,1
Phenformin,"II.a
                
II - Pulmonary edema - Acute lung injury - ARDS

                    II.a - Pulmonary edema, noncardiogenic (NCPE)                


                  VI.b
                
VI - Pulmonary vasculopathies

                    VI.b - Pulmonary arterial hypertension",8249,DBI monohydrochloride,D95109,N=C(N)N=C(N)NCCc1ccccc1,0,1,0,1
Phentermine,"VI.b
                
VI - Pulmonary vasculopathies

                    VI.b - Pulmonary arterial hypertension                


                  XII.b
                
XII - Cardiovascular involvement / toxicity

                    XII.b - Valvular heart disease and/or dysfunction",4771,DB00191,D05458,CC(C)(N)Cc1ccccc1,0,0,0,1
Phenylbutazone,"I.c
                
I - Interstitial/parenchymal lung disease

                    I.c - Eosinophilic pneumonia (pulmonary infiltrates and eosinophilia)                


                  II.a
                
II - Pulmonary edema - Acute lung injury - ARDS

                    II.a - Pulmonary edema, noncardiogenic (NCPE)                


                  VII.a
                
VII - Mediastinal involvement

                    VII.a - Lymphadenopathy (intrathoracic)                


                  X.a
                
X - Systemic/Distant conditions, syndromes and reactions

                    X.a - DRES syndrome - DRESS-like reaction                


                  X.d
                
X - Systemic/Distant conditions, syndromes and reactions

                    X.d - Lupus - Lupus syndrome (see also Vd)                


                  X.k
                
X - Systemic/Distant conditions, syndromes and reactions

                    X.k - Sarcoid-like granulomatosis (endo-/extrathoracic)                


                  XV.ba
                
XV - Pathology

                    XV.ba - Path: Granulomatous lymphadenopathy",4781,DB00812,D00510,CCCCc1c(O)n(-c2ccccc2)n(-c2ccccc2)c1=O,1,1,0,0
Phenylephrine,"II.a
                
II - Pulmonary edema - Acute lung injury - ARDS

                    II.a - Pulmonary edema, noncardiogenic (NCPE)                


                  II.d
                
II - Pulmonary edema - Acute lung injury - ARDS

                    II.d - Pulmonary edema, cardiogenic                


                  II.i
                
II - Pulmonary edema - Acute lung injury - ARDS

                    II.i - Flash (fulminate) pulmonary edema                


                  IV.a
                
IV - Airway involvement

                    IV.a - Bronchospasm - Wheezing - Asthma",6041,DB00388,D08365,CNCC(O)c1cccc(O)c1,0,1,0,0
Phenylpropanolamine,"VI.b
                
VI - Pulmonary vasculopathies

                    VI.b - Pulmonary arterial hypertension                


                  XII.f
                
XII - Cardiovascular involvement / toxicity

                    XII.f - Cardiomyopathy (acute, subacute, chronic)",10297,DB00397,D08368,CC(N)C(O)c1ccccc1,0,0,0,1
Pindolol,"I.g
                
I - Interstitial/parenchymal lung disease

                    I.g - Pulmonary fibrosis                


                  V.d
                
V - Pleural and/or pericardial involvement

                    V.d - Pleural/pericardial effusion, ANA positive (DI lupus)                


                  X.d
                
X - Systemic/Distant conditions, syndromes and reactions

                    X.d - Lupus - Lupus syndrome (see also Vd)                


                  XI.r
                
XI - Miscellaneous

                    XI.r - Death following exposure or poisoning",4828,DB00960,D00513,CC(C)NCC(O)COc1cccc2[nH]ccc12,1,0,1,0
Pioglitazone,"I.b
                
I - Interstitial/parenchymal lung disease

                    I.b - Pneumonitis (ILD)                


                  II.a
                
II - Pulmonary edema - Acute lung injury - ARDS

                    II.a - Pulmonary edema, noncardiogenic (NCPE)                


                  II.d
                
II - Pulmonary edema - Acute lung injury - ARDS

                    II.d - Pulmonary edema, cardiogenic                


                  V.a
                
V - Pleural and/or pericardial involvement

                    V.a - Pleural effusion (uni- or bilateral) (can accompany DI-LDs)                


                  XII.f
                
XII - Cardiovascular involvement / toxicity

                    XII.f - Cardiomyopathy (acute, subacute, chronic)",4829,DB01132,D08378,CCc1ccc(CCOc2ccc(Cc3sc(=O)[nH]c3O)cc2)nc1,1,1,1,0
Pirfenidone,"I.b
                
I - Interstitial/parenchymal lung disease

                    I.b - Pneumonitis (ILD)                


                  I.c
                
I - Interstitial/parenchymal lung disease

                    I.c - Eosinophilic pneumonia (pulmonary infiltrates and eosinophilia)                


                  I.m
                
I - Interstitial/parenchymal lung disease

                    I.m - ILD with a granulomatous component                


                  III.a
                
III - Pulmonary/alveolar./airway hemorrhage/bleeding

                    III.a - Alveolar hemorrhage (AH), diffuse AH (DAH)                


                  IV.a
                
IV - Airway involvement

                    IV.a - Bronchospasm - Wheezing - Asthma                


                  VIII.a
                
VIII - Central-large-upper airway (incl. pharyngeal-nasal) involvement

                    VIII.a - Angioedema (may cause UAO, asphyxia and death)                


                  X.a
                
X - Systemic/Distant conditions, syndromes and reactions

                    X.a - DRES syndrome - DRESS-like reaction                


                  X.g
                
X - Systemic/Distant conditions, syndromes and reactions

                    X.g - Hypersensitivity reaction (may manifest with fever and/or skin, throat or airway involvement)                


                  X.k
                
X - Systemic/Distant conditions, syndromes and reactions

                    X.k - Sarcoid-like granulomatosis (endo-/extrathoracic)                


                  XV.e
                
XV - Pathology

                    XV.e - Path: ILD with a granulomatous component (see also Im)                


                  XV.ba
                
XV - Pathology

                    XV.ba - Path: Granulomatous lymphadenopathy                


                  XVII.g
                
XVII - Infections & related conditions

                    XVII.g - Tuberculosis (pulmonary, pulmonary, extrapulmonary or disseminated). Reactivation or de novo",40632,DB04951,D01583,Cc1ccc(=O)n(-c2ccccc2)c1,1,0,0,0
Piritrexim,"I.b
                
I - Interstitial/parenchymal lung disease

                    I.b - Pneumonitis (ILD)",54369,NOT_FOUND,D05500,COc1ccc(OC)c(Cc2cnc3nc(N)nc(N)c3c2C)c1,1,0,0,0
Piroxicam,"I.c
                
I - Interstitial/parenchymal lung disease

                    I.c - Eosinophilic pneumonia (pulmonary infiltrates and eosinophilia)                


                  VIII.a
                
VIII - Central-large-upper airway (incl. pharyngeal-nasal) involvement

                    VIII.a - Angioedema (may cause UAO, asphyxia and death)                


                  X.c
                
X - Systemic/Distant conditions, syndromes and reactions

                    X.c - Capillary leak syndrome (CLS)",54676228,DB00554,D00127,CN1C(C(=O)Nc2ccccn2)C(=O)c2ccccc2S1(=O)=O,1,0,0,0
Pomalidomide,"I.a
                
I - Interstitial/parenchymal lung disease

                    I.a - Pneumonitis (ILD), acute and/or severe (may cause ARDS)                


                  I.b
                
I - Interstitial/parenchymal lung disease

                    I.b - Pneumonitis (ILD)                


                  I.c
                
I - Interstitial/parenchymal lung disease

                    I.c - Eosinophilic pneumonia (pulmonary infiltrates and eosinophilia)                


                  I.g
                
I - Interstitial/parenchymal lung disease

                    I.g - Pulmonary fibrosis                


                  XVII.a
                
XVII - Infections & related conditions

                    XVII.a - Respiratory tract infection incl. pneumonia                


                  XIX.c
                
XIX - Cytological, biochemical features of/in BAL, pleural fluid or FNA

                    XIX.c - BAL: An excess proportion of eosinophils",134780,DB08910,D08976,Nc1cccc2c1C(=O)N(C1CCC(=O)NC1=O)C2=O,1,0,1,0
Ponatinib,"I.a
                
I - Interstitial/parenchymal lung disease

                    I.a - Pneumonitis (ILD), acute and/or severe (may cause ARDS)                


                  I.b
                
I - Interstitial/parenchymal lung disease

                    I.b - Pneumonitis (ILD)                


                  II.b
                
II - Pulmonary edema - Acute lung injury - ARDS

                    II.b - ARDS - Acute lung injury                


                  VI.b
                
VI - Pulmonary vasculopathies

                    VI.b - Pulmonary arterial hypertension                


                  XII.a
                
XII - Cardiovascular involvement / toxicity

                    XII.a - Left or biventricular dysfunction/failure                


                  XII.g
                
XII - Cardiovascular involvement / toxicity

                    XII.g - Coronary artery disease (acute) - Myocardial ischemia/infarction",24826799,DB08901,D09950,Cc1ccc(C(=O)Nc2ccc(CN3CCN(C)CC3)c(C(F)(F)F)c2)cc1C#Cc1cnc2cccnn12,1,1,0,1
Poziotinib,"I.b
                
I - Interstitial/parenchymal lung disease

                    I.b - Pneumonitis (ILD)",25127713,DB12114,D12229,C=CC(=O)N1CCC(Oc2cc3c(Nc4ccc(Cl)c(Cl)c4F)ncnc3cc2OC)CC1,1,0,0,0
Practolol,"I.b
                
I - Interstitial/parenchymal lung disease

                    I.b - Pneumonitis (ILD)                


                  IV.a
                
IV - Airway involvement

                    IV.a - Bronchospasm - Wheezing - Asthma                


                  V.a
                
V - Pleural and/or pericardial involvement

                    V.a - Pleural effusion (uni- or bilateral) (can accompany DI-LDs)                


                  V.c
                
V - Pleural and/or pericardial involvement

                    V.c - Pleural thickening - Fibrothorax                


                  V.m
                
V - Pleural and/or pericardial involvement

                    V.m - Pleuropericarditis - Pleuropericardial effusion (ANA unknown or negative)                


                  X.d
                
X - Systemic/Distant conditions, syndromes and reactions

                    X.d - Lupus - Lupus syndrome (see also Vd)                


                  XII.k
                
XII - Cardiovascular involvement / toxicity

                    XII.k - Constrictive pericarditis - Pericardial thickening",4883,DB-231424,D05587,CC(=O)Nc1ccc(OCC(O)CNC(C)C)cc1,1,0,1,0
Pralsetinib,"I.b
                
I - Interstitial/parenchymal lung disease

                    I.b - Pneumonitis (ILD)                


                  XVII.a
                
XVII - Infections & related conditions

                    XVII.a - Respiratory tract infection incl. pneumonia                


                  XVII.b
                
XVII - Infections & related conditions

                    XVII.b - Opportunistic pulmonary/systemic infections",129073603,DB15822,D11712,COC1(C(=O)NC(C)c2ccc(-n3cc(F)cn3)nc2)CCC(c2nc(C)cc(Nc3cc(C)[nH]n3)n2)CC1,1,0,0,0
Pranlukast,"I.b
                
I - Interstitial/parenchymal lung disease

                    I.b - Pneumonitis (ILD)                


                  I.c
                
I - Interstitial/parenchymal lung disease

                    I.c - Eosinophilic pneumonia (pulmonary infiltrates and eosinophilia)                


                  X.h
                
X - Systemic/Distant conditions, syndromes and reactions

                    X.h - Eosinophilic granulomatosis with polyangiitis (Churg-Strauss)                


                  XII.f
                
XII - Cardiovascular involvement / toxicity

                    XII.f - Cardiomyopathy (acute, subacute, chronic)                


                  XII.h
                
XII - Cardiovascular involvement / toxicity

                    XII.h - Eosinophilic myocarditis",4887,NOT_FOUND,D02732,O=C(Nc1cccc2c(=O)cc(-c3nn[nH]n3)oc12)c1ccc(OCCCCc2ccccc2)cc1,1,0,0,0
Pranoprofen,"I.c
                
I - Interstitial/parenchymal lung disease

                    I.c - Eosinophilic pneumonia (pulmonary infiltrates and eosinophilia)",4888,DB13514,D01578,CC(C(=O)O)c1ccc2c(c1)Cc1cccnc1O2,1,0,0,0
Pravastatin,"I.b
                
I - Interstitial/parenchymal lung disease

                    I.b - Pneumonitis (ILD)                


                  I.d
                
I - Interstitial/parenchymal lung disease

                    I.d - Organizing pneumonia pattern (an area or areas of consolidation on imaging)                


                  I.aq
                
I - Interstitial/parenchymal lung disease

                    I.aq - Interstitial Pneumonitis with Autoimmune Features (IPAF)                


                  V.a
                
V - Pleural and/or pericardial involvement

                    V.a - Pleural effusion (uni- or bilateral) (can accompany DI-LDs)                


                  VIII.a
                
VIII - Central-large-upper airway (incl. pharyngeal-nasal) involvement

                    VIII.a - Angioedema (may cause UAO, asphyxia and death)                


                  X.j
                
X - Systemic/Distant conditions, syndromes and reactions

                    X.j - Myopathy-Myositis-Polymyositis (see also under Xba)                


                  XI.b
                
XI - Miscellaneous

                    XI.b - Chest pain (acute or subacute), lone or prominent",54687,DB00175,D08410,CCC(C)C(=O)OC1CC(O)C=C2C=CC(C)C(CCC(O)CC(O)CC(=O)O)C21,1,0,1,0
Praziquantel,"I.a
                
I - Interstitial/parenchymal lung disease

                    I.a - Pneumonitis (ILD), acute and/or severe (may cause ARDS)                


                  V.a
                
V - Pleural and/or pericardial involvement

                    V.a - Pleural effusion (uni- or bilateral) (can accompany DI-LDs)                


                  V.i
                
V - Pleural and/or pericardial involvement

                    V.i - Pleuritis (can cause chest pain)                


                  V.m
                
V - Pleural and/or pericardial involvement

                    V.m - Pleuropericarditis - Pleuropericardial effusion (ANA unknown or negative)                


                  X.g
                
X - Systemic/Distant conditions, syndromes and reactions

                    X.g - Hypersensitivity reaction (may manifest with fever and/or skin, throat or airway involvement)                


                  X.t
                
X - Systemic/Distant conditions, syndromes and reactions

                    X.t - Jarisch-Herxheimer reaction",4891,DB01058,D00471,O=C(C1CCCCC1)N1CC(=O)N2CCc3ccccc3C2C1,1,0,1,0
Pregabalin,"I.b
                
I - Interstitial/parenchymal lung disease

                    I.b - Pneumonitis (ILD)                


                  VIII.a
                
VIII - Central-large-upper airway (incl. pharyngeal-nasal) involvement

                    VIII.a - Angioedema (may cause UAO, asphyxia and death)                


                  IX.d
                
IX - Neuromuscular / CNS involvement - Disordered breathing (during sleep)

                    IX.d - Respiratory failure from ventilatory depression (due to neuromuscular blockade/paralysis)                


                  IX.p
                
IX - Neuromuscular / CNS involvement - Disordered breathing (during sleep)

                    IX.p - Disordered breathing during sleep - Sleep apnea                


                  IX.v
                
IX - Neuromuscular / CNS involvement - Disordered breathing (during sleep)

                    IX.v - Generalized myopathy/muscle weakness                


                  X.a
                
X - Systemic/Distant conditions, syndromes and reactions

                    X.a - DRES syndrome - DRESS-like reaction                


                  XI.r
                
XI - Miscellaneous

                    XI.r - Death following exposure or poisoning                


                  XII.s
                
XII - Cardiovascular involvement / toxicity

                    XII.s - Heart block (bundle branch- or AV-)",5486971,DB00230,D02716,CC(C)CC(CN)CC(=O)O,1,0,0,0
Primaquine,"I.d
                
I - Interstitial/parenchymal lung disease

                    I.d - Organizing pneumonia pattern (an area or areas of consolidation on imaging)                


                  XI.a
                
XI - Miscellaneous

                    XI.a - Cyanosis, a low SpO2 and normal measured PaO2                


                  XIV.a
                
XIV - Hemoglobinopathies - Abnormal hemoglobin states (acquired)

                    XIV.a - Methemoglobinemia                


                  XV.c
                
XV - Pathology

                    XV.c - Path: Organizing pneumonia (OP/BOOP) pattern (see also Id)",4908,DB01087,D02126; D08420,COc1cc(NC(C)CCCN)c2ncccc2c1,1,0,0,0
Prinomastat,"VI.a
                
VI - Pulmonary vasculopathies

                    VI.a - Pulmonary embolism - Venous thrombosis/thromboembolism",466151,DB05100,D03797,CC1(C)SCCN(S(=O)(=O)c2ccc(Oc3ccncc3)cc2)C1C(O)=NO,0,0,0,1
Pristane,"III.a
                
III - Pulmonary/alveolar./airway hemorrhage/bleeding

                    III.a - Alveolar hemorrhage (AH), diffuse AH (DAH)                


                  VI.d
                
VI - Pulmonary vasculopathies

                    VI.d - Pulmonary vasculitis or capillaritis",15979,DB-044784,D92308,CC(C)CCCC(C)CCCC(C)CCCC(C)C,0,0,0,1
Procainamide,"I.b
                
I - Interstitial/parenchymal lung disease

                    I.b - Pneumonitis (ILD)                


                  V.a
                
V - Pleural and/or pericardial involvement

                    V.a - Pleural effusion (uni- or bilateral) (can accompany DI-LDs)                


                  V.c
                
V - Pleural and/or pericardial involvement

                    V.c - Pleural thickening - Fibrothorax                


                  V.d
                
V - Pleural and/or pericardial involvement

                    V.d - Pleural/pericardial effusion, ANA positive (DI lupus)                


                  V.i
                
V - Pleural and/or pericardial involvement

                    V.i - Pleuritis (can cause chest pain)                


                  VI.a
                
VI - Pulmonary vasculopathies

                    VI.a - Pulmonary embolism - Venous thrombosis/thromboembolism                


                  X.b
                
X - Systemic/Distant conditions, syndromes and reactions

                    X.b - Antiphospholipid antibodies w/wo the APL syndrome                


                  X.d
                
X - Systemic/Distant conditions, syndromes and reactions

                    X.d - Lupus - Lupus syndrome (see also Vd)                


                  X.y
                
X - Systemic/Distant conditions, syndromes and reactions

                    X.y - Subclinical ANA positivity                


                  XI.n
                
XI - Miscellaneous

                    XI.n - Neutropenia, agranulocytosis (w/wo infection/sepsis)                


                  XII.c
                
XII - Cardiovascular involvement / toxicity

                    XII.c - Pericardial effusion (w/wo tamponade)                


                  XII.k
                
XII - Cardiovascular involvement / toxicity

                    XII.k - Constrictive pericarditis - Pericardial thickening                


                  XII.p
                
XII - Cardiovascular involvement / toxicity

                    XII.p - QTc prolongation",4913,DB01035,D08421,CCN(CC)CCNC(=O)c1ccc(N)cc1,1,0,1,1
Procarbazine,"I.a
                
I - Interstitial/parenchymal lung disease

                    I.a - Pneumonitis (ILD), acute and/or severe (may cause ARDS)                


                  I.b
                
I - Interstitial/parenchymal lung disease

                    I.b - Pneumonitis (ILD)                


                  I.c
                
I - Interstitial/parenchymal lung disease

                    I.c - Eosinophilic pneumonia (pulmonary infiltrates and eosinophilia)                


                  I.h
                
I - Interstitial/parenchymal lung disease

                    I.h - Subclinical pulmonary infiltrates/ILD                


                  V.i
                
V - Pleural and/or pericardial involvement

                    V.i - Pleuritis (can cause chest pain)                


                  XV.e
                
XV - Pathology

                    XV.e - Path: ILD with a granulomatous component (see also Im)",4915,DB01168,D08423,CNNCc1ccc(C(=O)NC(C)C)cc1,1,0,1,0
Progesterone,"I.c
                
I - Interstitial/parenchymal lung disease

                    I.c - Eosinophilic pneumonia (pulmonary infiltrates and eosinophilia)                


                  I.e
                
I - Interstitial/parenchymal lung disease

                    I.e - Acute eosinophilic pneumonia (AEP)                


                  I.j
                
I - Interstitial/parenchymal lung disease

                    I.j - Exogenous lipoid pneumonia (subacute, acute)                


                  VI.e
                
VI - Pulmonary vasculopathies

                    VI.e - Fat/oil embolism - The FES embolism syndrome",5994,DB00396,D00066,CC(=O)C1CCC2C3CC=C4CC(=O)CCC4(C)C3CCC12C,1,0,0,1
Proguanil,"I.c
                
I - Interstitial/parenchymal lung disease

                    I.c - Eosinophilic pneumonia (pulmonary infiltrates and eosinophilia)                


                  X.a
                
X - Systemic/Distant conditions, syndromes and reactions

                    X.a - DRES syndrome - DRESS-like reaction",6178111,DB01131,D08428,CC(C)N=C(N)N=C(N)Nc1ccc(Cl)cc1,1,0,0,0
Propofol,"II.a
                
II - Pulmonary edema - Acute lung injury - ARDS

                    II.a - Pulmonary edema, noncardiogenic (NCPE)                


                  II.b
                
II - Pulmonary edema - Acute lung injury - ARDS

                    II.b - ARDS - Acute lung injury                


                  II.f
                
II - Pulmonary edema - Acute lung injury - ARDS

                    II.f - Hypoxemia, low oxygen saturation (may occur in isolation)                


                  II.i
                
II - Pulmonary edema - Acute lung injury - ARDS

                    II.i - Flash (fulminate) pulmonary edema                


                  IV.a
                
IV - Airway involvement

                    IV.a - Bronchospasm - Wheezing - Asthma                


                  IV.b
                
IV - Airway involvement

                    IV.b - Bronchospasm and angioedema                


                  IV.d
                
IV - Airway involvement

                    IV.d - Cough (lone)                


                  IV.e
                
IV - Airway involvement

                    IV.e - Cough (acute, violent, explosive)                


                  IV.f
                
IV - Airway involvement

                    IV.f - Severe or catastrophic bronchospasm or asthma attack (can be fatal)                


                  VI.e
                
VI - Pulmonary vasculopathies

                    VI.e - Fat/oil embolism - The FES embolism syndrome                


                  VIII.h
                
VIII - Central-large-upper airway (incl. pharyngeal-nasal) involvement

                    VIII.h - Vocal cord dysfunction, adduction, closure, injury                


                  IX.d
                
IX - Neuromuscular / CNS involvement - Disordered breathing (during sleep)

                    IX.d - Respiratory failure from ventilatory depression (due to neuromuscular blockade/paralysis)                


                  IX.i
                
IX - Neuromuscular / CNS involvement - Disordered breathing (during sleep)

                    IX.i - Respiratory arrest - Apnea                


                  IX.p
                
IX - Neuromuscular / CNS involvement - Disordered breathing (during sleep)

                    IX.p - Disordered breathing during sleep - Sleep apnea                


                  X.f
                
X - Systemic/Distant conditions, syndromes and reactions

                    X.f - Anaphylaxis-Anaphylactoid reaction (can be fatal)                


                  X.u
                
X - Systemic/Distant conditions, syndromes and reactions

                    X.u - Multiple organ dysfunction/failure (MODS/MOF)                


                  X.aa
                
X - Systemic/Distant conditions, syndromes and reactions

                    X.aa - Propofol infusion syndrome (PRIS)                


                  XI.d
                
XI - Miscellaneous

                    XI.d - Metabolic acidosis (incl. lactic acidosis/-gap). May cause hyperpnea/dyspnea                


                  XI.r
                
XI - Miscellaneous

                    XI.r - Death following exposure or poisoning                


                  XI.x
                
XI - Miscellaneous

                    XI.x - Addictive risk                


                  XII.a
                
XII - Cardiovascular involvement / toxicity

                    XII.a - Left or biventricular dysfunction/failure                


                  XII.m
                
XII - Cardiovascular involvement / toxicity

                    XII.m - Cardiac- cardiorespiratory/pulmonary arrest                


                  XII.n
                
XII - Cardiovascular involvement / toxicity

                    XII.n - Cardiovascular collapse - Cardiogenic shock - Hypotension                


                  XII.w
                
XII - Cardiovascular involvement / toxicity

                    XII.w - Asystole                


                  XV.ae
                
XV - Pathology

                    XV.ae - Path: Lipid/fat embolism (see also VIe)                


                  XXIV.h
                
XXIV - Veterinary medicine

                    XXIV.h - Veterinary: Anaphylaxis/Anaphylactoid reaction",4943,DB00818,D00549,CC(C)c1cccc(C(C)C)c1O,0,1,0,1
Propoxyphene,"I.b
                
I - Interstitial/parenchymal lung disease

                    I.b - Pneumonitis (ILD)                


                  I.c
                
I - Interstitial/parenchymal lung disease

                    I.c - Eosinophilic pneumonia (pulmonary infiltrates and eosinophilia)                


                  II.a
                
II - Pulmonary edema - Acute lung injury - ARDS

                    II.a - Pulmonary edema, noncardiogenic (NCPE)                


                  XII.a
                
XII - Cardiovascular involvement / toxicity

                    XII.a - Left or biventricular dysfunction/failure",10100,DB00647,D00482; D07809,CCC(=O)OC(Cc1ccccc1)(c1ccccc1)C(C)CN(C)C,1,1,0,0
Propranolol,"I.b
                
I - Interstitial/parenchymal lung disease

                    I.b - Pneumonitis (ILD)                


                  II.a
                
II - Pulmonary edema - Acute lung injury - ARDS

                    II.a - Pulmonary edema, noncardiogenic (NCPE)                


                  II.d
                
II - Pulmonary edema - Acute lung injury - ARDS

                    II.d - Pulmonary edema, cardiogenic                


                  IV.a
                
IV - Airway involvement

                    IV.a - Bronchospasm - Wheezing - Asthma                


                  IV.f
                
IV - Airway involvement

                    IV.f - Severe or catastrophic bronchospasm or asthma attack (can be fatal)                


                  VIII.e
                
VIII - Central-large-upper airway (incl. pharyngeal-nasal) involvement

                    VIII.e - Laryngospasm (a.k.a. laryngismus)                


                  IX.i
                
IX - Neuromuscular / CNS involvement - Disordered breathing (during sleep)

                    IX.i - Respiratory arrest - Apnea                


                  X.d
                
X - Systemic/Distant conditions, syndromes and reactions

                    X.d - Lupus - Lupus syndrome (see also Vd)                


                  XI.r
                
XI - Miscellaneous

                    XI.r - Death following exposure or poisoning                


                  XI.af
                
XI - Miscellaneous

                    XI.af - Refractoriness to epineprine in case of anaphylaxis                


                  XII.a
                
XII - Cardiovascular involvement / toxicity

                    XII.a - Left or biventricular dysfunction/failure                


                  XII.n
                
XII - Cardiovascular involvement / toxicity

                    XII.n - Cardiovascular collapse - Cardiogenic shock - Hypotension                


                  XII.p
                
XII - Cardiovascular involvement / toxicity

                    XII.p - QTc prolongation",4946,DB00571,D08443,CC(C)NCC(O)COc1cccc2ccccc12,1,1,0,0
Propylhexedrine,"VI.b
                
VI - Pulmonary vasculopathies

                    VI.b - Pulmonary arterial hypertension                


                  XII.g
                
XII - Cardiovascular involvement / toxicity

                    XII.g - Coronary artery disease (acute) - Myocardial ischemia/infarction",7558,DB06714,D05637,CNC(C)CC1CCCCC1,0,0,0,1
Propyliodone,"I.af
                
I - Interstitial/parenchymal lung disease

                    I.af - Chemical (toxic) pneumonitis",4949,DB09366,D01755,CCCOC(=O)Cn1cc(I)c(=O)c(I)c1,1,0,0,0
Pyrimethamine,"II.a
                
II - Pulmonary edema - Acute lung injury - ARDS

                    II.a - Pulmonary edema, noncardiogenic (NCPE)                


                  V.a
                
V - Pleural and/or pericardial involvement

                    V.a - Pleural effusion (uni- or bilateral) (can accompany DI-LDs)",4993,DB00205,D00488,CCc1nc(N)nc(N)c1-c1ccc(Cl)cc1,0,1,1,0
Quetiapine,"I.b
                
I - Interstitial/parenchymal lung disease

                    I.b - Pneumonitis (ILD)                


                  II.b
                
II - Pulmonary edema - Acute lung injury - ARDS

                    II.b - ARDS - Acute lung injury                


                  IX.d
                
IX - Neuromuscular / CNS involvement - Disordered breathing (during sleep)

                    IX.d - Respiratory failure from ventilatory depression (due to neuromuscular blockade/paralysis)",5002,DB01224,D08456,OCCOCCN1CCN(C2=Nc3ccccc3Sc3ccccc32)CC1,1,1,0,0
Quinolones,"I.b
                
I - Interstitial/parenchymal lung disease

                    I.b - Pneumonitis (ILD)                


                  I.c
                
I - Interstitial/parenchymal lung disease

                    I.c - Eosinophilic pneumonia (pulmonary infiltrates and eosinophilia)                


                  X.f
                
X - Systemic/Distant conditions, syndromes and reactions

                    X.f - Anaphylaxis-Anaphylactoid reaction (can be fatal)                


                  XV.b
                
XV - Pathology

                    XV.b - Path: Eosinophilic pneumonia (subacute or acute)  (see also Ic)                


                  XV.e
                
XV - Pathology

                    XV.e - Path: ILD with a granulomatous component (see also Im)",6038,DB-228250,C06415,O=c1ccc2ccccc2[nH]1,1,0,0,0
Rabacfosadine,"XXIV.b
                
XXIV - Veterinary medicine

                    XXIV.b - Veterinary: Pulmonary fibrosis",16047979,DB12762,D10723,CCOC(=O)C(C)NP(=O)(COCCn1cnc2c(NC3CC3)nc(N)nc21)NC(C)C(=O)OCC,1,0,0,0
Raloxifene,"VI.a
                
VI - Pulmonary vasculopathies

                    VI.a - Pulmonary embolism - Venous thrombosis/thromboembolism",5035,DB00481,D08465,O=C(c1ccc(OCCN2CCCCC2)cc1)c1c(-c2ccc(O)cc2)sc2cc(O)ccc12,0,0,0,1
Raltitrexed,"I.b
                
I - Interstitial/parenchymal lung disease

                    I.b - Pneumonitis (ILD)                


                  X.q
                
X - Systemic/Distant conditions, syndromes and reactions

                    X.q - Systemic inflammatory response",135400182,DB00293,D01064,Cc1nc(=O)c2cc(CN(C)c3ccc(C(=O)NC(CCC(=O)O)C(=O)O)s3)ccc2[nH]1,1,0,0,0
Ramipril,"IV.d
                
IV - Airway involvement

                    IV.d - Cough (lone)                


                  V.m
                
V - Pleural and/or pericardial involvement

                    V.m - Pleuropericarditis - Pleuropericardial effusion (ANA unknown or negative)                


                  VIII.a
                
VIII - Central-large-upper airway (incl. pharyngeal-nasal) involvement

                    VIII.a - Angioedema (may cause UAO, asphyxia and death)",5362129,DB00178,D00421,CCOC(=O)C(CCc1ccccc1)NC(C)C(=O)N1C(C(=O)O)CC2CCCC21,0,0,1,0
Ranimustine,"II.b
                
II - Pulmonary edema - Acute lung injury - ARDS

                    II.b - ARDS - Acute lung injury",71741,DB13832,D01760,COC1OC(CNC(=O)N(CCCl)N=O)C(O)C(O)C1O,0,1,0,0
Regorafenib,"I.b
                
I - Interstitial/parenchymal lung disease

                    I.b - Pneumonitis (ILD)                


                  XI.w
                
XI - Miscellaneous

                    XI.w - Cavitation/necrosis of lung tumor or metastases                


                  XVI.bf
                
XVI - Imaging

                    XVI.bf - Imaging: Tumoral cavitation",11167602,DB08896,D10138,CNC(=O)c1cc(Oc2ccc(NC(=O)Nc3ccc(Cl)c(C(F)(F)F)c3)c(F)c2)ccn1,1,0,0,0
Ribavirin,"I.a
                
I - Interstitial/parenchymal lung disease

                    I.a - Pneumonitis (ILD), acute and/or severe (may cause ARDS)                


                  IV.a
                
IV - Airway involvement

                    IV.a - Bronchospasm - Wheezing - Asthma                


                  IV.d
                
IV - Airway involvement

                    IV.d - Cough (lone)                


                  IV.w
                
IV - Airway involvement

                    IV.w - Plugs/casts in the airways                


                  IX.h
                
IX - Neuromuscular / CNS involvement - Disordered breathing (during sleep)

                    IX.h - Dyspnea, unexplained otherwise",37542,DB00811,D00423,NC(=O)c1ncn(C2OC(CO)C(O)C2O)n1,1,0,0,0
Ribociclib,"I.b
                
I - Interstitial/parenchymal lung disease

                    I.b - Pneumonitis (ILD)                


                  I.d
                
I - Interstitial/parenchymal lung disease

                    I.d - Organizing pneumonia pattern (an area or areas of consolidation on imaging)                


                  XII.p
                
XII - Cardiovascular involvement / toxicity

                    XII.p - QTc prolongation",44631912,DB11730,D10883,CN(C)C(=O)c1cc2cnc(Nc3ccc(N4CCNCC4)cn3)nc2n1C1CCCC1,1,0,0,0
Ridaforolimus,"I.a
                
I - Interstitial/parenchymal lung disease

                    I.a - Pneumonitis (ILD), acute and/or severe (may cause ARDS)                


                  I.b
                
I - Interstitial/parenchymal lung disease

                    I.b - Pneumonitis (ILD)",11520894,DB06233,NOT_FOUND,COC1CC2CCC(C)C(O)(O2)C(=O)C(=O)N2CCCCC2C(=O)OC(C(C)CC2CCC(OP(C)(C)=O)C(OC)C2)CC(=O)C(C)=CC(C)C(O)C(OC)C(=O)C(C)CC(C)C=CC=CC=C1C,1,0,0,0
Rifampicin,"I.a
                
I - Interstitial/parenchymal lung disease

                    I.a - Pneumonitis (ILD), acute and/or severe (may cause ARDS)                


                  I.b
                
I - Interstitial/parenchymal lung disease

                    I.b - Pneumonitis (ILD)                


                  I.c
                
I - Interstitial/parenchymal lung disease

                    I.c - Eosinophilic pneumonia (pulmonary infiltrates and eosinophilia)                


                  II.b
                
II - Pulmonary edema - Acute lung injury - ARDS

                    II.b - ARDS - Acute lung injury                


                  IV.a
                
IV - Airway involvement

                    IV.a - Bronchospasm - Wheezing - Asthma                


                  X.u
                
X - Systemic/Distant conditions, syndromes and reactions

                    X.u - Multiple organ dysfunction/failure (MODS/MOF)                


                  XV.a
                
XV - Pathology

                    XV.a - Path: NSIP-cellular pattern (see also Ia, Ib)                


                  XV.d
                
XV - Pathology

                    XV.d - Path: Acute fibrinous organizing pneumonia (AFOP-pattern) (see also If)                


                  XV.f
                
XV - Pathology

                    XV.f - Path: Diffuse alveolar damage (DAD-pattern) (see also IL)",135398735,DB01045,D00211,COC1C=COC2(C)Oc3c(C)c(O)c4c(O)c(c(C=NN5CCN(C)CC5)c(O)c4c3C2=O)NC(=O)C(C)=CC=CC(C)C(O)C(C)C(O)C(C)C(OC(C)=O)C1C,1,1,0,0
Riluzole,"I.a
                
I - Interstitial/parenchymal lung disease

                    I.a - Pneumonitis (ILD), acute and/or severe (may cause ARDS)                


                  I.b
                
I - Interstitial/parenchymal lung disease

                    I.b - Pneumonitis (ILD)                


                  XIV.a
                
XIV - Hemoglobinopathies - Abnormal hemoglobin states (acquired)

                    XIV.a - Methemoglobinemia                


                  XV.c
                
XV - Pathology

                    XV.c - Path: Organizing pneumonia (OP/BOOP) pattern (see also Id)                


                  XV.e
                
XV - Pathology

                    XV.e - Path: ILD with a granulomatous component (see also Im)                


                  XVI.a
                
XVI - Imaging

                    XVI.a - Imaging: Diffuse haze                


                  XVI.b
                
XVI - Imaging

                    XVI.b - Imaging: Ground-glass opacities (GGO) / shadowing",5070,DB00740,D00775,Nc1nc2ccc(OC(F)(F)F)cc2s1,1,0,0,0
Risperidone,"I.c
                
I - Interstitial/parenchymal lung disease

                    I.c - Eosinophilic pneumonia (pulmonary infiltrates and eosinophilia)                


                  I.e
                
I - Interstitial/parenchymal lung disease

                    I.e - Acute eosinophilic pneumonia (AEP)                


                  I.g
                
I - Interstitial/parenchymal lung disease

                    I.g - Pulmonary fibrosis                


                  IV.a
                
IV - Airway involvement

                    IV.a - Bronchospasm - Wheezing - Asthma                


                  IV.d
                
IV - Airway involvement

                    IV.d - Cough (lone)                


                  VI.a
                
VI - Pulmonary vasculopathies

                    VI.a - Pulmonary embolism - Venous thrombosis/thromboembolism                


                  VIII.e
                
VIII - Central-large-upper airway (incl. pharyngeal-nasal) involvement

                    VIII.e - Laryngospasm (a.k.a. laryngismus)                


                  IX.b
                
IX - Neuromuscular / CNS involvement - Disordered breathing (during sleep)

                    IX.b - Respiratory dyskinesia                


                  IX.d
                
IX - Neuromuscular / CNS involvement - Disordered breathing (during sleep)

                    IX.d - Respiratory failure from ventilatory depression (due to neuromuscular blockade/paralysis)                


                  XV.b
                
XV - Pathology

                    XV.b - Path: Eosinophilic pneumonia (subacute or acute)  (see also Ic)                


                  XV.c
                
XV - Pathology

                    XV.c - Path: Organizing pneumonia (OP/BOOP) pattern (see also Id)                


                  XV.h
                
XV - Pathology

                    XV.h - Path: NSIP-fibrotic pattern",5073,DB00734,D00426,Cc1nc2n(c(=O)c1CCN1CCC(c3noc4cc(F)ccc34)CC1)CCCC2,1,0,0,1
Ritodrine,"II.a
                
II - Pulmonary edema - Acute lung injury - ARDS

                    II.a - Pulmonary edema, noncardiogenic (NCPE)                


                  II.b
                
II - Pulmonary edema - Acute lung injury - ARDS

                    II.b - ARDS - Acute lung injury                


                  XVI.ay
                
XVI - Imaging

                    XVI.ay - Imaging: Asymmetrical, predominantly unilateral involvement",33572,NOT_FOUND,NOT_FOUND,CC(NCCc1ccc(O)cc1)C(O)c1ccc(O)cc1,0,1,0,0
Ritonavir,"I.b
                
I - Interstitial/parenchymal lung disease

                    I.b - Pneumonitis (ILD)",392622,DB00503,D00427,CC(C)c1nc(CN(C)C(=O)NC(C(=O)NC(Cc2ccccc2)CC(O)C(Cc2ccccc2)NC(=O)OCc2cncs2)C(C)C)cs1,1,0,0,0
Rivaroxaban,"I.a
                
I - Interstitial/parenchymal lung disease

                    I.a - Pneumonitis (ILD), acute and/or severe (may cause ARDS)                


                  I.b
                
I - Interstitial/parenchymal lung disease

                    I.b - Pneumonitis (ILD)                


                  III.a
                
III - Pulmonary/alveolar./airway hemorrhage/bleeding

                    III.a - Alveolar hemorrhage (AH), diffuse AH (DAH)                


                  V.e
                
V - Pleural and/or pericardial involvement

                    V.e - Hemothorax - Serosanguineous pleural effusion                


                  V.n
                
V - Pleural and/or pericardial involvement

                    V.n - Hemopericardium - Bloody pericardial effusion                


                  VIII.b
                
VIII - Central-large-upper airway (incl. pharyngeal-nasal) involvement

                    VIII.b - Hematoma of/around central airway wall potentially causing UAO                


                  VIII.q
                
VIII - Central-large-upper airway (incl. pharyngeal-nasal) involvement

                    VIII.q - Tongue involvement (edema, glossitis, hematoma)                


                  X.a
                
X - Systemic/Distant conditions, syndromes and reactions

                    X.a - DRES syndrome - DRESS-like reaction                


                  X.e
                
X - Systemic/Distant conditions, syndromes and reactions

                    X.e - Autoimmunity-Autoimmune conditions (+ANA, +anti-ds-DNA, +ANCAs, other auto-Abs)                


                  X.f
                
X - Systemic/Distant conditions, syndromes and reactions

                    X.f - Anaphylaxis-Anaphylactoid reaction (can be fatal)                


                  XII.k
                
XII - Cardiovascular involvement / toxicity

                    XII.k - Constrictive pericarditis - Pericardial thickening                


                  XV.ci
                
XV - Pathology

                    XV.ci - Path: Fibrinous pericarditis",9875401,DB06228,D07086,O=C(NCC1CN(c2ccc(N3CCOCC3=O)cc2)C(=O)O1)c1ccc(Cl)s1,1,0,1,0
Rociletinib,"I.b
                
I - Interstitial/parenchymal lung disease

                    I.b - Pneumonitis (ILD)",57335384,DB11907,D10858,C=CC(=O)Nc1cccc(Nc2nc(Nc3ccc(N4CCN(C(C)=O)CC4)cc3OC)ncc2C(F)(F)F)c1,1,0,0,0
Rofecoxib,"II.a
                
II - Pulmonary edema - Acute lung injury - ARDS

                    II.a - Pulmonary edema, noncardiogenic (NCPE)                


                  II.b
                
II - Pulmonary edema - Acute lung injury - ARDS

                    II.b - ARDS - Acute lung injury                


                  III.a
                
III - Pulmonary/alveolar./airway hemorrhage/bleeding

                    III.a - Alveolar hemorrhage (AH), diffuse AH (DAH)                


                  IV.a
                
IV - Airway involvement

                    IV.a - Bronchospasm - Wheezing - Asthma                


                  VIII.a
                
VIII - Central-large-upper airway (incl. pharyngeal-nasal) involvement

                    VIII.a - Angioedema (may cause UAO, asphyxia and death)                


                  X.f
                
X - Systemic/Distant conditions, syndromes and reactions

                    X.f - Anaphylaxis-Anaphylactoid reaction (can be fatal)",5090,DB00533,D00568,CS(=O)(=O)c1ccc(C2=C(c3ccccc3)C(=O)OC2)cc1,0,1,0,0
Sofosbuvir,"I.a
                
I - Interstitial/parenchymal lung disease

                    I.a - Pneumonitis (ILD), acute and/or severe (may cause ARDS)",45375808,NOT_FOUND,NOT_FOUND,CC(C)OC(=O)C(C)NP(=O)(OCC1OC(n2ccc(=O)[nH]c2=O)C(C)(F)C1O)Oc1ccccc1,1,0,0,0
Romidepsin,"I.b
                
I - Interstitial/parenchymal lung disease

                    I.b - Pneumonitis (ILD)",5352062,DB06176,D06637,CCC1=NC(=O)C2CSSCCC=CC(CC(=O)NC(C(C)C)C(=O)N2)OC(=O)C(C(C)C)NC1=O,1,0,0,0
Ropinirole,"I.b
                
I - Interstitial/parenchymal lung disease

                    I.b - Pneumonitis (ILD)                


                  V.c
                
V - Pleural and/or pericardial involvement

                    V.c - Pleural thickening - Fibrothorax                


                  XII.b
                
XII - Cardiovascular involvement / toxicity

                    XII.b - Valvular heart disease and/or dysfunction",5095,DB00268,D08489,CCCN(CCC)CCc1cccc2[nH]c(O)cc12,1,0,1,0
Rosiglitazone,"II.a
                
II - Pulmonary edema - Acute lung injury - ARDS

                    II.a - Pulmonary edema, noncardiogenic (NCPE)                


                  V.a
                
V - Pleural and/or pericardial involvement

                    V.a - Pleural effusion (uni- or bilateral) (can accompany DI-LDs)",77999,DB00412,D00596,CN(CCOc1ccc(Cc2sc(=O)[nH]c2O)cc1)c1ccccn1,0,1,1,0
Rosuvastatin,"I.b
                
I - Interstitial/parenchymal lung disease

                    I.b - Pneumonitis (ILD)                


                  I.ar
                
I - Interstitial/parenchymal lung disease

                    I.ar - The association of ILD and myositis                


                  X.d
                
X - Systemic/Distant conditions, syndromes and reactions

                    X.d - Lupus - Lupus syndrome (see also Vd)                


                  X.j
                
X - Systemic/Distant conditions, syndromes and reactions

                    X.j - Myopathy-Myositis-Polymyositis (see also under Xba)                


                  XIX.f
                
XIX - Cytological, biochemical features of/in BAL, pleural fluid or FNA

                    XIX.f - BAL: Foamy macrophages",446157,DB01098,D08492,CC(C)=c1nc(N(C)S(C)(=O)=O)nc(-c2ccc(F)cc2)c1=CCC(O)CC(O)CC(=O)O,1,0,1,0
Roxithromycin,"I.c
                
I - Interstitial/parenchymal lung disease

                    I.c - Eosinophilic pneumonia (pulmonary infiltrates and eosinophilia)                


                  X.h
                
X - Systemic/Distant conditions, syndromes and reactions

                    X.h - Eosinophilic granulomatosis with polyangiitis (Churg-Strauss)",6915744,DB00778,D01710,CCC1OC(=O)C(C)C(OC2CC(C)(OC)C(O)C(C)O2)C(C)C(OC2OC(C)CC(N(C)C)C2O)C(C)(O)CC(C)C(=NOCOCCOC)C(C)C(O)C1(C)O,1,0,0,0
Ruxolitinib,"I.a
                
I - Interstitial/parenchymal lung disease

                    I.a - Pneumonitis (ILD), acute and/or severe (may cause ARDS)                


                  II.b
                
II - Pulmonary edema - Acute lung injury - ARDS

                    II.b - ARDS - Acute lung injury                


                  V.a
                
V - Pleural and/or pericardial involvement

                    V.a - Pleural effusion (uni- or bilateral) (can accompany DI-LDs)                


                  VI.b
                
VI - Pulmonary vasculopathies

                    VI.b - Pulmonary arterial hypertension                


                  IX.h
                
IX - Neuromuscular / CNS involvement - Disordered breathing (during sleep)

                    IX.h - Dyspnea, unexplained otherwise                


                  X.n
                
X - Systemic/Distant conditions, syndromes and reactions

                    X.n - Tumor lysis syndrome (TLS)                


                  X.al
                
X - Systemic/Distant conditions, syndromes and reactions

                    X.al - Drug withdrawal syndrome                


                  XI.d
                
XI - Miscellaneous

                    XI.d - Metabolic acidosis (incl. lactic acidosis/-gap). May cause hyperpnea/dyspnea                


                  XVII.b
                
XVII - Infections & related conditions

                    XVII.b - Opportunistic pulmonary/systemic infections                


                  XVII.e
                
XVII - Infections & related conditions

                    XVII.e - Pneumocystis jiroveci pneumonia                


                  XVII.g
                
XVII - Infections & related conditions

                    XVII.g - Tuberculosis (pulmonary, pulmonary, extrapulmonary or disseminated). Reactivation or de novo                


                  XVII.y
                
XVII - Infections & related conditions

                    XVII.y - Cryptococcus pulmonary and/or systemic infection",25126798,DB08877,D09959,N#CCC(C1CCCC1)n1cc(-c2ncnc3[nH]ccc23)cn1,1,1,1,1
SAR260301,"I.a
                
I - Interstitial/parenchymal lung disease

                    I.a - Pneumonitis (ILD), acute and/or severe (may cause ARDS)                


                  I.b
                
I - Interstitial/parenchymal lung disease

                    I.b - Pneumonitis (ILD)",135565159,NOT_FOUND,NOT_FOUND,CC1Cc2ccccc2N1C(=O)Cc1nc(=O)cc(N2CCOCC2)[nH]1,1,0,0,0
Sacituzumab (govitecan),"I.b
                
I - Interstitial/parenchymal lung disease

                    I.b - Pneumonitis (ILD)                


                  XV.a
                
XV - Pathology

                    XV.a - Path: NSIP-cellular pattern (see also Ia, Ib)                


                  XVI.b
                
XVI - Imaging

                    XVI.b - Imaging: Ground-glass opacities (GGO) / shadowing                


                  XXI.e
                
XXI - Rechallenge data

                    XXI.e - Rechallenge may not necessarily lead to relapse of AE/ILD",91668186,NOT_FOUND,NOT_FOUND,CCc1c2c(nc3ccc(O)cc13)-c1cc3c(c(=O)n1C2)COC(=O)C3(CC)OC(=O)OCc1ccc(NC(=O)C(CCCCN)NC(=O)COCC(=O)NCCOCCOCCOCCOCCOCCOCCOCCOCCn2cc(CNC(=O)C3CCC(Cn4c(O)cc(SCC(N)C(=O)O)c4O)CC3)nn2)cc1,1,0,0,0
Selpercatinib,"I.b
                
I - Interstitial/parenchymal lung disease

                    I.b - Pneumonitis (ILD)                


                  I.h
                
I - Interstitial/parenchymal lung disease

                    I.h - Subclinical pulmonary infiltrates/ILD                


                  XV.c
                
XV - Pathology

                    XV.c - Path: Organizing pneumonia (OP/BOOP) pattern (see also Id)",134436906,DB15685,D11713,COc1ccc(CN2C3CC2CN(c2ccc(-c4cc(OCC(C)(C)O)cn5ncc(C#N)c45)cn2)C3)cn1,1,0,0,0
Selumetinib,"I.b
                
I - Interstitial/parenchymal lung disease

                    I.b - Pneumonitis (ILD)                


                  XVII.e
                
XVII - Infections & related conditions

                    XVII.e - Pneumocystis jiroveci pneumonia",10127622,DB11689,D09666,Cn1cnc2c(F)c(Nc3ccc(Br)cc3Cl)c(C(=O)NOCCO)cc21,1,0,0,0
Semustine (methyl-CCNU),"I.g
                
I - Interstitial/parenchymal lung disease

                    I.g - Pulmonary fibrosis                


                  XV.h
                
XV - Pathology

                    XV.h - Path: NSIP-fibrotic pattern                


                  XV.i
                
XV - Pathology

                    XV.i - Path: Pneumocyte atypia (reactive epithelial cells) (a.k.a. the ""Napoleon Hat"" sign)",5198,NOT_FOUND,NOT_FOUND,CC1CCC(NC(=O)N(CCCl)N=O)CC1,1,0,0,0
Sertraline,"I.a
                
I - Interstitial/parenchymal lung disease

                    I.a - Pneumonitis (ILD), acute and/or severe (may cause ARDS)                


                  I.b
                
I - Interstitial/parenchymal lung disease

                    I.b - Pneumonitis (ILD)                


                  I.c
                
I - Interstitial/parenchymal lung disease

                    I.c - Eosinophilic pneumonia (pulmonary infiltrates and eosinophilia)                


                  I.d
                
I - Interstitial/parenchymal lung disease

                    I.d - Organizing pneumonia pattern (an area or areas of consolidation on imaging)                


                  I.e
                
I - Interstitial/parenchymal lung disease

                    I.e - Acute eosinophilic pneumonia (AEP)                


                  I.g
                
I - Interstitial/parenchymal lung disease

                    I.g - Pulmonary fibrosis                


                  I.l
                
I - Interstitial/parenchymal lung disease

                    I.l - Diffuse alveolar damage (DAD) (see alsoo under IIb and XVf)                


                  IV.f
                
IV - Airway involvement

                    IV.f - Severe or catastrophic bronchospasm or asthma attack (can be fatal)                


                  V.a
                
V - Pleural and/or pericardial involvement

                    V.a - Pleural effusion (uni- or bilateral) (can accompany DI-LDs)                


                  V.ad
                
V - Pleural and/or pericardial involvement

                    V.ad - Pleural effusion and drug-induced ILD                


                  VI.g
                
VI - Pulmonary vasculopathies

                    VI.g - Foreign body pulmonary vasculopathy (Excipient lung disease)                


                  VIII.a
                
VIII - Central-large-upper airway (incl. pharyngeal-nasal) involvement

                    VIII.a - Angioedema (may cause UAO, asphyxia and death)                


                  X.d
                
X - Systemic/Distant conditions, syndromes and reactions

                    X.d - Lupus - Lupus syndrome (see also Vd)                


                  XV.b
                
XV - Pathology

                    XV.b - Path: Eosinophilic pneumonia (subacute or acute)  (see also Ic)                


                  XV.c
                
XV - Pathology

                    XV.c - Path: Organizing pneumonia (OP/BOOP) pattern (see also Id)                


                  XV.h
                
XV - Pathology

                    XV.h - Path: NSIP-fibrotic pattern                


                  XIX.a
                
XIX - Cytological, biochemical features of/in BAL, pleural fluid or FNA

                    XIX.a - BAL: An excess proportion of lymphocytes                


                  XIX.c
                
XIX - Cytological, biochemical features of/in BAL, pleural fluid or FNA

                    XIX.c - BAL: An excess proportion of eosinophils",68617,DB01104,D02360,CNC1CCC(c2ccc(Cl)c(Cl)c2)c2ccccc21,1,0,1,0
Sevoflurane,"II.b
                
II - Pulmonary edema - Acute lung injury - ARDS

                    II.b - ARDS - Acute lung injury                


                  III.a
                
III - Pulmonary/alveolar./airway hemorrhage/bleeding

                    III.a - Alveolar hemorrhage (AH), diffuse AH (DAH)                


                  VIII.k
                
VIII - Central-large-upper airway (incl. pharyngeal-nasal) involvement

                    VIII.k - Airway fire/explosion                


                  XIV.c
                
XIV - Hemoglobinopathies - Abnormal hemoglobin states (acquired)

                    XIV.c - Carboxyhemoglobinemia",5206,DB01236,D00547,FCOC(C(F)(F)F)C(F)(F)F,0,1,0,0
Sibutramine,"VI.b
                
VI - Pulmonary vasculopathies

                    VI.b - Pulmonary arterial hypertension                


                  VI.t
                
VI - Pulmonary vasculopathies

                    VI.t - Pulmonary artery aneurysm(s)",5210,DB01105,D08513,CC(C)CC(N(C)C)C1(c2ccc(Cl)cc2)CCC1,0,0,0,1
Sildenafil,"III.a
                
III - Pulmonary/alveolar./airway hemorrhage/bleeding

                    III.a - Alveolar hemorrhage (AH), diffuse AH (DAH)                


                  III.c
                
III - Pulmonary/alveolar./airway hemorrhage/bleeding

                    III.c - Hemoptysis                


                  IV.a
                
IV - Airway involvement

                    IV.a - Bronchospasm - Wheezing - Asthma                


                  V.a
                
V - Pleural and/or pericardial involvement

                    V.a - Pleural effusion (uni- or bilateral) (can accompany DI-LDs)                


                  V.e
                
V - Pleural and/or pericardial involvement

                    V.e - Hemothorax - Serosanguineous pleural effusion                


                  VIII.f
                
VIII - Central-large-upper airway (incl. pharyngeal-nasal) involvement

                    VIII.f - Central airway instability - Tracheomalacia                


                  XII.m
                
XII - Cardiovascular involvement / toxicity

                    XII.m - Cardiac- cardiorespiratory/pulmonary arrest",135398744,DB00203,D08514,CCCc1nn(C)c2c(=O)[nH]c(-c3cc(S(=O)(=O)N4CCN(C)CC4)ccc3OCC)nc12,0,0,1,0
Simeprevir,"I.b
                
I - Interstitial/parenchymal lung disease

                    I.b - Pneumonitis (ILD)                


                  XV.f
                
XV - Pathology

                    XV.f - Path: Diffuse alveolar damage (DAD-pattern) (see also IL)",24873435,DB06290,D10081,COc1ccc2c(OC3CC4C(=O)NC5(C(=O)NS(=O)(=O)C6CC6)CC5C=CCCCCN(C)C(=O)C4C3)cc(-c3nc(C(C)C)cs3)nc2c1C,1,0,0,0
Simvastatin,"I.b
                
I - Interstitial/parenchymal lung disease

                    I.b - Pneumonitis (ILD)                


                  I.c
                
I - Interstitial/parenchymal lung disease

                    I.c - Eosinophilic pneumonia (pulmonary infiltrates and eosinophilia)                


                  I.d
                
I - Interstitial/parenchymal lung disease

                    I.d - Organizing pneumonia pattern (an area or areas of consolidation on imaging)                


                  I.e
                
I - Interstitial/parenchymal lung disease

                    I.e - Acute eosinophilic pneumonia (AEP)                


                  I.l
                
I - Interstitial/parenchymal lung disease

                    I.l - Diffuse alveolar damage (DAD) (see alsoo under IIb and XVf)                


                  I.x
                
I - Interstitial/parenchymal lung disease

                    I.x - Pleuroparenchymal fibroelastosis (PPFE)                


                  V.b
                
V - Pleural and/or pericardial involvement

                    V.b - Eosinophilic pleural effusion                


                  V.d
                
V - Pleural and/or pericardial involvement

                    V.d - Pleural/pericardial effusion, ANA positive (DI lupus)                


                  V.h
                
V - Pleural and/or pericardial involvement

                    V.h - Chylothorax                


                  IX.a
                
IX - Neuromuscular / CNS involvement - Disordered breathing (during sleep)

                    IX.a - Diaphragm/inspiratory muscle weakness/paralysis (w/wo ARF)                


                  X.j
                
X - Systemic/Distant conditions, syndromes and reactions

                    X.j - Myopathy-Myositis-Polymyositis (see also under Xba)                


                  XI.b
                
XI - Miscellaneous

                    XI.b - Chest pain (acute or subacute), lone or prominent                


                  XV.a
                
XV - Pathology

                    XV.a - Path: NSIP-cellular pattern (see also Ia, Ib)                


                  XV.o
                
XV - Pathology

                    XV.o - Path: Endogenous lipoid pneumonia (phospholipidosis)                


                  XV.ap
                
XV - Pathology

                    XV.ap - Path: Pleuroparenchymal fibrosis/fibroelastosis (PPFE)",54454,DB00641,D00434,CCC(C)(C)C(=O)OC1CC(C)C=C2C=CC(C)C(CCC3CC(O)CC(=O)O3)C21,1,0,1,0
Sirolimus,"I.a
                
I - Interstitial/parenchymal lung disease

                    I.a - Pneumonitis (ILD), acute and/or severe (may cause ARDS)                


                  I.b
                
I - Interstitial/parenchymal lung disease

                    I.b - Pneumonitis (ILD)                


                  I.d
                
I - Interstitial/parenchymal lung disease

                    I.d - Organizing pneumonia pattern (an area or areas of consolidation on imaging)                


                  I.f
                
I - Interstitial/parenchymal lung disease

                    I.f - Acute fibrinous organizing pneumonia (AFOP)                


                  I.l
                
I - Interstitial/parenchymal lung disease

                    I.l - Diffuse alveolar damage (DAD) (see alsoo under IIb and XVf)                


                  I.m
                
I - Interstitial/parenchymal lung disease

                    I.m - ILD with a granulomatous component                


                  I.n
                
I - Interstitial/parenchymal lung disease

                    I.n - Pulmonary alveolar proteinosis (PAP)                


                  II.b
                
II - Pulmonary edema - Acute lung injury - ARDS

                    II.b - ARDS - Acute lung injury                


                  III.a
                
III - Pulmonary/alveolar./airway hemorrhage/bleeding

                    III.a - Alveolar hemorrhage (AH), diffuse AH (DAH)                


                  IV.d
                
IV - Airway involvement

                    IV.d - Cough (lone)                


                  IV.l
                
IV - Airway involvement

                    IV.l - Bronchial stump dehiscence                


                  V.m
                
V - Pleural and/or pericardial involvement

                    V.m - Pleuropericarditis - Pleuropericardial effusion (ANA unknown or negative)                


                  VI.a
                
VI - Pulmonary vasculopathies

                    VI.a - Pulmonary embolism - Venous thrombosis/thromboembolism                


                  VI.d
                
VI - Pulmonary vasculopathies

                    VI.d - Pulmonary vasculitis or capillaritis                


                  VI.f
                
VI - Pulmonary vasculopathies

                    VI.f - Hemolytic and uremic syndrome (HUS). See also under Xaf                


                  VIII.a
                
VIII - Central-large-upper airway (incl. pharyngeal-nasal) involvement

                    VIII.a - Angioedema (may cause UAO, asphyxia and death)                


                  X.c
                
X - Systemic/Distant conditions, syndromes and reactions

                    X.c - Capillary leak syndrome (CLS)                


                  XII.c
                
XII - Cardiovascular involvement / toxicity

                    XII.c - Pericardial effusion (w/wo tamponade)                


                  XV.c
                
XV - Pathology

                    XV.c - Path: Organizing pneumonia (OP/BOOP) pattern (see also Id)                


                  XV.d
                
XV - Pathology

                    XV.d - Path: Acute fibrinous organizing pneumonia (AFOP-pattern) (see also If)                


                  XV.e
                
XV - Pathology

                    XV.e - Path: ILD with a granulomatous component (see also Im)                


                  XV.f
                
XV - Pathology

                    XV.f - Path: Diffuse alveolar damage (DAD-pattern) (see also IL)                


                  XV.g
                
XV - Pathology

                    XV.g - Path: Alveolar hemorrhage (see also IIIa)                


                  XV.k
                
XV - Pathology

                    XV.k - Path: Desquamative interstitial pneumonia (DIP-pattern)                


                  XV.m
                
XV - Pathology

                    XV.m - Path: Lymphoid hyperplasia (including nodular- or a lymphocytic interstitial pneumonia pattern)                


                  XV.n
                
XV - Pathology

                    XV.n - Path: Pulmonary alveolar proteinosis pattern (PAP pattern)                


                  XV.ac
                
XV - Pathology

                    XV.ac - Path: Pulmonary vasculitis other than capillaritis                


                  XV.bf
                
XV - Pathology

                    XV.bf - Path: Pulmonary necrotizing granuloma or granulomas                


                  XVI.b
                
XVI - Imaging

                    XVI.b - Imaging: Ground-glass opacities (GGO) / shadowing                


                  XVI.k
                
XVI - Imaging

                    XVI.k - Imaging: An area or areas of consolidation                


                  XVII.b
                
XVII - Infections & related conditions

                    XVII.b - Opportunistic pulmonary/systemic infections                


                  XVII.e
                
XVII - Infections & related conditions

                    XVII.e - Pneumocystis jiroveci pneumonia                


                  XIX.a
                
XIX - Cytological, biochemical features of/in BAL, pleural fluid or FNA

                    XIX.a - BAL: An excess proportion of lymphocytes",5284616,DB00877,D00753,COC1CC2CCC(C)C(O)(O2)C(=O)C(=O)N2CCCCC2C(=O)OC(C(C)CC2CCC(O)C(OC)C2)CC(=O)C(C)=CC(C)C(O)C(OC)C(=O)C(C)CC(C)C=CC=CC=C1C,1,1,1,1
Sitagliptin,"I.b
                
I - Interstitial/parenchymal lung disease

                    I.b - Pneumonitis (ILD)                


                  II.a
                
II - Pulmonary edema - Acute lung injury - ARDS

                    II.a - Pulmonary edema, noncardiogenic (NCPE)                


                  IV.d
                
IV - Airway involvement

                    IV.d - Cough (lone)                


                  VIII.a
                
VIII - Central-large-upper airway (incl. pharyngeal-nasal) involvement

                    VIII.a - Angioedema (may cause UAO, asphyxia and death)",4369359,DB01261,D08516,NC(CC(=O)N1CCn2c(nnc2C(F)(F)F)C1)Cc1cc(F)c(F)cc1F,1,1,0,0
Sorafenib,"I.a
                
I - Interstitial/parenchymal lung disease

                    I.a - Pneumonitis (ILD), acute and/or severe (may cause ARDS)                


                  I.b
                
I - Interstitial/parenchymal lung disease

                    I.b - Pneumonitis (ILD)                


                  II.b
                
II - Pulmonary edema - Acute lung injury - ARDS

                    II.b - ARDS - Acute lung injury                


                  IV.a
                
IV - Airway involvement

                    IV.a - Bronchospasm - Wheezing - Asthma                


                  V.f
                
V - Pleural and/or pericardial involvement

                    V.f - Pneumothorax                


                  X.n
                
X - Systemic/Distant conditions, syndromes and reactions

                    X.n - Tumor lysis syndrome (TLS)                


                  XII.a
                
XII - Cardiovascular involvement / toxicity

                    XII.a - Left or biventricular dysfunction/failure                


                  XV.f
                
XV - Pathology

                    XV.f - Path: Diffuse alveolar damage (DAD-pattern) (see also IL)                


                  XVI.ab
                
XVI - Imaging

                    XVI.ab - Imaging: Cavitating/cavitary lung nodule, mass or nodules (see also Iq, XIs, XIIi, XVIaa and XVIIp)                


                  XVI.bf
                
XVI - Imaging

                    XVI.bf - Imaging: Tumoral cavitation                


                  XVII.g
                
XVII - Infections & related conditions

                    XVII.g - Tuberculosis (pulmonary, pulmonary, extrapulmonary or disseminated). Reactivation or de novo",216239,DB00398,D08524,CNC(=O)c1cc(Oc2ccc(NC(=O)Nc3ccc(Cl)c(C(F)(F)F)c3)cc2)ccn1,1,1,1,0
Sotalol,"I.d
                
I - Interstitial/parenchymal lung disease

                    I.d - Organizing pneumonia pattern (an area or areas of consolidation on imaging)                


                  I.u
                
I - Interstitial/parenchymal lung disease

                    I.u - Relapsing or migrating pneumonitis/pneumonia (see also Id)                


                  IV.a
                
IV - Airway involvement

                    IV.a - Bronchospasm - Wheezing - Asthma",5253,DB00489,D08525,CC(C)NCC(O)c1ccc(NS(C)(=O)=O)cc1,1,0,0,0
Sotorasib,"I.b
                
I - Interstitial/parenchymal lung disease

                    I.b - Pneumonitis (ILD)",137278711,DB15569,D12055,C=CC(=O)N1CCN(c2nc(=O)n(-c3c(C)ccnc3C(C)C)c3nc(-c4c(O)cccc4F)c(F)cc23)C(C)C1,1,0,0,0
Spirogermanium,"I.b
                
I - Interstitial/parenchymal lung disease

                    I.b - Pneumonitis (ILD)",39075,NOT_FOUND,D05909,C[CH2][Ge]1([CH2]C)[CH2]CC2(CCN(CCCN(C)C)C2)C[CH2]1,1,0,0,0
Streptomycin,"I.b
                
I - Interstitial/parenchymal lung disease

                    I.b - Pneumonitis (ILD)                


                  I.c
                
I - Interstitial/parenchymal lung disease

                    I.c - Eosinophilic pneumonia (pulmonary infiltrates and eosinophilia)                


                  IX.a
                
IX - Neuromuscular / CNS involvement - Disordered breathing (during sleep)

                    IX.a - Diaphragm/inspiratory muscle weakness/paralysis (w/wo ARF)                


                  X.a
                
X - Systemic/Distant conditions, syndromes and reactions

                    X.a - DRES syndrome - DRESS-like reaction",19649,DB01082,D08531,CNC1C(OC2C(OC3C(O)C(O)C(N=C(N)N)C(O)C3N=C(N)N)OC(C)C2(O)C=O)OC(CO)C(O)C1O,1,0,0,0
Strontium ranelate,"VI.a
                
VI - Pulmonary vasculopathies

                    VI.a - Pulmonary embolism - Venous thrombosis/thromboembolism                


                  X.a
                
X - Systemic/Distant conditions, syndromes and reactions

                    X.a - DRES syndrome - DRESS-like reaction",6918182,DB09267,D08468,N#Cc1c(N(CC(=O)O)CC(=O)O)sc(C(=O)O)c1CC(=O)O.[Sr+2].[Sr+2],0,0,0,1
Sugammadex,"II.g
                
II - Pulmonary edema - Acute lung injury - ARDS

                    II.g - Negative pressure pulmonary edema (NPPE)                


                  IV.a
                
IV - Airway involvement

                    IV.a - Bronchospasm - Wheezing - Asthma                


                  IV.d
                
IV - Airway involvement

                    IV.d - Cough (lone)                


                  IV.f
                
IV - Airway involvement

                    IV.f - Severe or catastrophic bronchospasm or asthma attack (can be fatal)                


                  VIII.a
                
VIII - Central-large-upper airway (incl. pharyngeal-nasal) involvement

                    VIII.a - Angioedema (may cause UAO, asphyxia and death)                


                  VIII.e
                
VIII - Central-large-upper airway (incl. pharyngeal-nasal) involvement

                    VIII.e - Laryngospasm (a.k.a. laryngismus)                


                  X.f
                
X - Systemic/Distant conditions, syndromes and reactions

                    X.f - Anaphylaxis-Anaphylactoid reaction (can be fatal)",6918585,DB06206,D05940,O=C(O)CCSCC1OC2OC3C(CSCCC(=O)O)OC(OC4C(CSCCC(=O)O)OC(OC5C(CSCCC(=O)O)OC(OC6C(CSCCC(=O)O)OC(OC7C(CSCCC(=O)O)OC(OC8C(CSCCC(=O)O)OC(OC9C(CSCCC(=O)O)OC(OC1C(O)C2O)C(O)C9O)C(O)C8O)C(O)C7O)C(O)C6O)C(O)C5O)C(O)C4O)C(O)C3O,0,1,0,0
Sulfamethoxypyridazine,"I.b
                
I - Interstitial/parenchymal lung disease

                    I.b - Pneumonitis (ILD)                


                  IV.c
                
IV - Airway involvement

                    IV.c - Obliterative bronchiolitis (a pattern consistent with) (see also IVn, XVx)",5330,DB13773,D02439,COc1ccc(NS(=O)(=O)c2ccc(N)cc2)nn1,1,0,0,0
TNF-alpha,"I.v
                
I - Interstitial/parenchymal lung disease

                    I.v - Abnormal lung function/pulmonary physiology (PFTs) without necessarily imaging or clinical evidence                


                  II.a
                
II - Pulmonary edema - Acute lung injury - ARDS

                    II.a - Pulmonary edema, noncardiogenic (NCPE)                


                  II.b
                
II - Pulmonary edema - Acute lung injury - ARDS

                    II.b - ARDS - Acute lung injury                


                  III.a
                
III - Pulmonary/alveolar./airway hemorrhage/bleeding

                    III.a - Alveolar hemorrhage (AH), diffuse AH (DAH)",44356648,NOT_FOUND,NOT_FOUND,CC(C)CC(NC(=O)C(CCCN=C(N)N)NC(=O)C(CC(=O)O)NC(=O)CNC(=O)C(N)CCCCN)C(=O)NC(CO)C(=O)O,1,1,0,0
Tapentadol,"II.a
                
II - Pulmonary edema - Acute lung injury - ARDS

                    II.a - Pulmonary edema, noncardiogenic (NCPE)                


                  IX.d
                
IX - Neuromuscular / CNS involvement - Disordered breathing (during sleep)

                    IX.d - Respiratory failure from ventilatory depression (due to neuromuscular blockade/paralysis)                


                  XI.r
                
XI - Miscellaneous

                    XI.r - Death following exposure or poisoning",NOT_FOUND,DB06204,D06007,CCC(c1cccc(O)c1)C(C)CN(C)C,0,1,0,0
Taxanes,"I.a
                
I - Interstitial/parenchymal lung disease

                    I.a - Pneumonitis (ILD), acute and/or severe (may cause ARDS)                


                  I.b
                
I - Interstitial/parenchymal lung disease

                    I.b - Pneumonitis (ILD)                


                  V.i
                
V - Pleural and/or pericardial involvement

                    V.i - Pleuritis (can cause chest pain)",78384800,NOT_FOUND,NOT_FOUND,CC(=O)OC1CC2OCC2(OC(C)=O)C2C(OC(=O)c3ccccc3)C3(C(C)(C)O)CC(O)C(C)=C3C(O)C(OC(=O)c3ccccc3)C12C,1,0,1,0
Tetrachloroethylene - Perchlorethylene (C2Cl4),"I.d
                
I - Interstitial/parenchymal lung disease

                    I.d - Organizing pneumonia pattern (an area or areas of consolidation on imaging)                


                  I.an
                
I - Interstitial/parenchymal lung disease

                    I.an - Hypersensitivity pneumonitis pattern                


                  XI.r
                
XI - Miscellaneous

                    XI.r - Death following exposure or poisoning                


                  XI.s
                
XI - Miscellaneous

                    XI.s - Sniffing death - Death from inhalation of compound",31373,NOT_FOUND,NOT_FOUND,ClC(Cl)=C(Cl)Cl,1,0,0,0
Thiazolidinediones,"II.d
                
II - Pulmonary edema - Acute lung injury - ARDS

                    II.d - Pulmonary edema, cardiogenic                


                  V.a
                
V - Pleural and/or pericardial involvement

                    V.a - Pleural effusion (uni- or bilateral) (can accompany DI-LDs)                


                  XII.f
                
XII - Cardiovascular involvement / toxicity

                    XII.f - Cardiomyopathy (acute, subacute, chronic)                


                  XII.r
                
XII - Cardiovascular involvement / toxicity

                    XII.r - Heart failure (biventricular, congestive)",5437,NOT_FOUND,NOT_FOUND,O=c1[nH]c(O)cs1,0,1,1,0
Thiriam (dithiocarbamate). Inhaled,"I.af
                
I - Interstitial/parenchymal lung disease

                    I.af - Chemical (toxic) pneumonitis",3037131,NOT_FOUND,NOT_FOUND,NC(=S)S,1,0,0,0
Tivantinib,"I.b
                
I - Interstitial/parenchymal lung disease

                    I.b - Pneumonitis (ILD)",11494412,DB-362059,D10173,Oc1[nH]c(O)c(-c2cn3c4c(cccc24)CCC3)c1-c1c[nH]c2ccccc12,1,0,0,0
Tizanidine,"V.b
                
V - Pleural and/or pericardial involvement

                    V.b - Eosinophilic pleural effusion",5487,DB00697,D08611,Clc1ccc2nsnc2c1NC1=NCCN1,0,0,1,0
Tocainide,"I.b
                
I - Interstitial/parenchymal lung disease

                    I.b - Pneumonitis (ILD)                


                  I.g
                
I - Interstitial/parenchymal lung disease

                    I.g - Pulmonary fibrosis                


                  V.d
                
V - Pleural and/or pericardial involvement

                    V.d - Pleural/pericardial effusion, ANA positive (DI lupus)                


                  X.d
                
X - Systemic/Distant conditions, syndromes and reactions

                    X.d - Lupus - Lupus syndrome (see also Vd)                


                  XI.n
                
XI - Miscellaneous

                    XI.n - Neutropenia, agranulocytosis (w/wo infection/sepsis)                


                  XV.c
                
XV - Pathology

                    XV.c - Path: Organizing pneumonia (OP/BOOP) pattern (see also Id)                


                  XV.k
                
XV - Pathology

                    XV.k - Path: Desquamative interstitial pneumonia (DIP-pattern)",38945,DB-353180,D02088,Cc1cccc(C)c1NC(=O)C(C)N,1,0,1,0
Tofacitinib,"I.b
                
I - Interstitial/parenchymal lung disease

                    I.b - Pneumonitis (ILD)                


                  VI.b
                
VI - Pulmonary vasculopathies

                    VI.b - Pulmonary arterial hypertension                


                  XVII.b
                
XVII - Infections & related conditions

                    XVII.b - Opportunistic pulmonary/systemic infections                


                  XVII.e
                
XVII - Infections & related conditions

                    XVII.e - Pneumocystis jiroveci pneumonia                


                  XVII.g
                
XVII - Infections & related conditions

                    XVII.g - Tuberculosis (pulmonary, pulmonary, extrapulmonary or disseminated). Reactivation or de novo                


                  XVII.h
                
XVII - Infections & related conditions

                    XVII.h - Nontuberculous pulmonary mycobacterial infection/superinfection                


                  XVII.q
                
XVII - Infections & related conditions

                    XVII.q - Viral pneumonia                


                  XVII.y
                
XVII - Infections & related conditions

                    XVII.y - Cryptococcus pulmonary and/or systemic infection",9926791,DB08895,D09970,CC1CCN(C(=O)CC#N)CC1N(C)c1ncnc2[nH]ccc12,1,0,0,1
Tolazamide,"I.c
                
I - Interstitial/parenchymal lung disease

                    I.c - Eosinophilic pneumonia (pulmonary infiltrates and eosinophilia)",5503,DB00839,D00379,Cc1ccc(S(=O)(=O)NC(=O)NN2CCCCCC2)cc1,1,0,0,0
Tolfenamic acid,"I.c
                
I - Interstitial/parenchymal lung disease

                    I.c - Eosinophilic pneumonia (pulmonary infiltrates and eosinophilia)",610479,DB09216,D78227,Cc1c(Cl)cccc1Nc1ccccc1C(=O)O,1,0,0,0
Topiramate,"I.c
                
I - Interstitial/parenchymal lung disease

                    I.c - Eosinophilic pneumonia (pulmonary infiltrates and eosinophilia)                


                  IV.d
                
IV - Airway involvement

                    IV.d - Cough (lone)                


                  IX.b
                
IX - Neuromuscular / CNS involvement - Disordered breathing (during sleep)

                    IX.b - Respiratory dyskinesia                


                  IX.e
                
IX - Neuromuscular / CNS involvement - Disordered breathing (during sleep)

                    IX.e - Disordered breathing pattern incl. Cheyne-Stokes respiration                


                  IX.g
                
IX - Neuromuscular / CNS involvement - Disordered breathing (during sleep)

                    IX.g - Hyperpnea - Hyperventilation - Low PaCO2                


                  XI.d
                
XI - Miscellaneous

                    XI.d - Metabolic acidosis (incl. lactic acidosis/-gap). May cause hyperpnea/dyspnea                


                  XIX.c
                
XIX - Cytological, biochemical features of/in BAL, pleural fluid or FNA

                    XIX.c - BAL: An excess proportion of eosinophils",5284627,DB00273,D00537,CC1(C)OC2COC3(COS(N)(=O)=O)OC(C)(C)OC3C2O1,1,0,1,0
Topotecan,"I.d
                
I - Interstitial/parenchymal lung disease

                    I.d - Organizing pneumonia pattern (an area or areas of consolidation on imaging)                


                  I.l
                
I - Interstitial/parenchymal lung disease

                    I.l - Diffuse alveolar damage (DAD) (see alsoo under IIb and XVf)                


                  IV.n
                
IV - Airway involvement

                    IV.n - Obstructive airway dysfunction (see also IVc, XVx)                


                  XV.f
                
XV - Pathology

                    XV.f - Path: Diffuse alveolar damage (DAD-pattern) (see also IL)",60700,DB01030,D08618,CCC1(O)C(=O)OCc2c1cc1n(c2=O)Cc2cc3c(CN(C)C)c(O)ccc3nc2-1,1,0,0,0
Tosufloxacin,"I.b
                
I - Interstitial/parenchymal lung disease

                    I.b - Pneumonitis (ILD)                


                  I.c
                
I - Interstitial/parenchymal lung disease

                    I.c - Eosinophilic pneumonia (pulmonary infiltrates and eosinophilia)                


                  XV.b
                
XV - Pathology

                    XV.b - Path: Eosinophilic pneumonia (subacute or acute)  (see also Ic)",5517,NOT_FOUND,NOT_FOUND,NC1CCN(c2nc3c(cc2F)c(=O)c(C(=O)O)cn3-c2ccc(F)cc2F)C1,1,0,0,0
Trabectedin,"II.d
                
II - Pulmonary edema - Acute lung injury - ARDS

                    II.d - Pulmonary edema, cardiogenic                


                  XII.d
                
XII - Cardiovascular involvement / toxicity

                    XII.d - Myocarditis (can be fulminant)                


                  XII.g
                
XII - Cardiovascular involvement / toxicity

                    XII.g - Coronary artery disease (acute) - Myocardial ischemia/infarction                


                  XII.l
                
XII - Cardiovascular involvement / toxicity

                    XII.l - Cardiac arrhythmias or dysrhythmias (AF, VT, VF, TdP)                


                  XII.m
                
XII - Cardiovascular involvement / toxicity

                    XII.m - Cardiac- cardiorespiratory/pulmonary arrest",108150,DB05109,D06199,COc1cc2c(cc1O)CCNC21CSC2c3c(OC(C)=O)c(C)c4c(c3C(COC1=O)N1C(O)C3Cc5cc(C)c(OC)c(O)c5C(C21)N3C)OCO4,0,1,0,0
Tramadol,"VI.b
                
VI - Pulmonary vasculopathies

                    VI.b - Pulmonary arterial hypertension                


                  VIII.a
                
VIII - Central-large-upper airway (incl. pharyngeal-nasal) involvement

                    VIII.a - Angioedema (may cause UAO, asphyxia and death)                


                  IX.d
                
IX - Neuromuscular / CNS involvement - Disordered breathing (during sleep)

                    IX.d - Respiratory failure from ventilatory depression (due to neuromuscular blockade/paralysis)                


                  X.u
                
X - Systemic/Distant conditions, syndromes and reactions

                    X.u - Multiple organ dysfunction/failure (MODS/MOF)                


                  XI.e
                
XI - Miscellaneous

                    XI.e - Respiratory acidosis - Hypercapnia                


                  XI.r
                
XI - Miscellaneous

                    XI.r - Death following exposure or poisoning                


                  XII.m
                
XII - Cardiovascular involvement / toxicity

                    XII.m - Cardiac- cardiorespiratory/pulmonary arrest                


                  XII.n
                
XII - Cardiovascular involvement / toxicity

                    XII.n - Cardiovascular collapse - Cardiogenic shock - Hypotension",33741,DB00193,D08623,COc1cccc(C2(O)CCCCC2CN(C)C)c1,0,0,0,1
Trametinib,"I.b
                
I - Interstitial/parenchymal lung disease

                    I.b - Pneumonitis (ILD)                


                  X.k
                
X - Systemic/Distant conditions, syndromes and reactions

                    X.k - Sarcoid-like granulomatosis (endo-/extrathoracic)                


                  X.ah
                
X - Systemic/Distant conditions, syndromes and reactions

                    X.ah - Granulomatosis with polyangiitis (typically ANCA pos.) - GPA flare                


                  XII.a
                
XII - Cardiovascular involvement / toxicity

                    XII.a - Left or biventricular dysfunction/failure                


                  XII.n
                
XII - Cardiovascular involvement / toxicity

                    XII.n - Cardiovascular collapse - Cardiogenic shock - Hypotension",11707110,DB08911,D10175,CC(=O)Nc1cccc(-n2c(=O)n(C3CC3)c(=O)c3c(Nc4ccc(I)cc4F)n(C)c(=O)c(C)c32)c1,1,0,0,0
Tranexamic acid,"VI.a
                
VI - Pulmonary vasculopathies

                    VI.a - Pulmonary embolism - Venous thrombosis/thromboembolism",5526,DB00302,D01136,NCC1CCC(C(=O)O)CC1,0,0,0,1
Trazodone,"I.c
                
I - Interstitial/parenchymal lung disease

                    I.c - Eosinophilic pneumonia (pulmonary infiltrates and eosinophilia)",5533,DB00656,D08626,O=c1n(CCCN2CCN(c3cccc(Cl)c3)CC2)nc2ccccn12,1,0,0,0
Trenbolone,"I.j
                
I - Interstitial/parenchymal lung disease

                    I.j - Exogenous lipoid pneumonia (subacute, acute)                


                  I.l
                
I - Interstitial/parenchymal lung disease

                    I.l - Diffuse alveolar damage (DAD) (see alsoo under IIb and XVf)",25015,DB11551,D08627,CC12C=CC3=C(CC=C4CC(=O)CCC43)C1CCC2O,1,0,0,0
Triazolam,"II.a
                
II - Pulmonary edema - Acute lung injury - ARDS

                    II.a - Pulmonary edema, noncardiogenic (NCPE)",5556,DB00897,D00387,Cc1nnc2n1-c1ccc(Cl)cc1C(c1ccccc1Cl)=NC2,0,1,0,0
Trichloroethylene,"I.an
                
I - Interstitial/parenchymal lung disease

                    I.an - Hypersensitivity pneumonitis pattern                


                  X.a
                
X - Systemic/Distant conditions, syndromes and reactions

                    X.a - DRES syndrome - DRESS-like reaction",6575,DB13323,C06790,ClC=C(Cl)Cl,1,0,0,0
Trimipramine,"I.c
                
I - Interstitial/parenchymal lung disease

                    I.c - Eosinophilic pneumonia (pulmonary infiltrates and eosinophilia)                


                  V.b
                
V - Pleural and/or pericardial involvement

                    V.b - Eosinophilic pleural effusion                


                  V.f
                
V - Pleural and/or pericardial involvement

                    V.f - Pneumothorax                


                  V.u
                
V - Pleural and/or pericardial involvement

                    V.u - Eosinophilic pleuritis                


                  XV.an
                
XV - Pathology

                    XV.an - Path: Eosinophilic pleuritis",5584,DB00726,D00394,CC(CN(C)C)CN1c2ccccc2CCc2ccccc21,1,0,1,0
Triptorelin,"I.a
                
I - Interstitial/parenchymal lung disease

                    I.a - Pneumonitis (ILD), acute and/or severe (may cause ARDS)                


                  V.a
                
V - Pleural and/or pericardial involvement

                    V.a - Pleural effusion (uni- or bilateral) (can accompany DI-LDs)                


                  X.f
                
X - Systemic/Distant conditions, syndromes and reactions

                    X.f - Anaphylaxis-Anaphylactoid reaction (can be fatal)",25074470,DB06825,D06247,CC(C)CC(NC(=O)C(Cc1c[nH]c2ccccc12)NC(=O)C(Cc1ccc(O)cc1)NC(=O)C(CO)NC(=O)C(Cc1c[nH]c2ccccc12)NC(=O)C(Cc1c[nH]cn1)NC(=O)C1CCC(=O)N1)C(=O)NC(CCCN=C(N)N)C(=O)N1CCCC1C(=O)NCC(N)=O,1,0,1,0
Trofosfamide,"I.b
                
I - Interstitial/parenchymal lung disease

                    I.b - Pneumonitis (ILD)",65702,DB12902,D07252,O=P1(N(CCCl)CCCl)OCCCN1CCCl,1,0,0,0
Troglitazone,"II.a
                
II - Pulmonary edema - Acute lung injury - ARDS

                    II.a - Pulmonary edema, noncardiogenic (NCPE)                


                  V.a
                
V - Pleural and/or pericardial involvement

                    V.a - Pleural effusion (uni- or bilateral) (can accompany DI-LDs)                


                  V.i
                
V - Pleural and/or pericardial involvement

                    V.i - Pleuritis (can cause chest pain)",5591,DB00197,D00395,Cc1c(C)c2c(c(C)c1O)CCC(C)(COc1ccc(Cc3sc(=O)[nH]c3O)cc1)O2,0,1,1,0
Umbralisib,"I.a
                
I - Interstitial/parenchymal lung disease

                    I.a - Pneumonitis (ILD), acute and/or severe (may cause ARDS)",72950888,DB14989,D11322,CC(C)Oc1ccc(-c2nn(C(C)c3oc4ccc(F)cc4c(=O)c3-c3cccc(F)c3)c3ncnc(N)c23)cc1F,1,0,0,0
Vancomycin,"I.c
                
I - Interstitial/parenchymal lung disease

                    I.c - Eosinophilic pneumonia (pulmonary infiltrates and eosinophilia)                


                  II.a
                
II - Pulmonary edema - Acute lung injury - ARDS

                    II.a - Pulmonary edema, noncardiogenic (NCPE)                


                  IV.a
                
IV - Airway involvement

                    IV.a - Bronchospasm - Wheezing - Asthma                


                  IV.f
                
IV - Airway involvement

                    IV.f - Severe or catastrophic bronchospasm or asthma attack (can be fatal)                


                  V.n
                
V - Pleural and/or pericardial involvement

                    V.n - Hemopericardium - Bloody pericardial effusion                


                  X.a
                
X - Systemic/Distant conditions, syndromes and reactions

                    X.a - DRES syndrome - DRESS-like reaction                


                  X.f
                
X - Systemic/Distant conditions, syndromes and reactions

                    X.f - Anaphylaxis-Anaphylactoid reaction (can be fatal)                


                  X.g
                
X - Systemic/Distant conditions, syndromes and reactions

                    X.g - Hypersensitivity reaction (may manifest with fever and/or skin, throat or airway involvement)                


                  XII.m
                
XII - Cardiovascular involvement / toxicity

                    XII.m - Cardiac- cardiorespiratory/pulmonary arrest                


                  XII.n
                
XII - Cardiovascular involvement / toxicity

                    XII.n - Cardiovascular collapse - Cardiogenic shock - Hypotension",14969,DB00512,D00212,CNC(CC(C)C)C(=O)NC1C(=O)NC(CC(N)=O)C(=O)NC2C(=O)NC3C(=O)NC(C(=O)NC(C(=O)O)c4cc(O)cc(O)c4-c4cc3ccc4O)C(O)c3ccc(c(Cl)c3)Oc3cc2cc(c3OC2OC(CO)C(O)C(O)C2OC2CC(C)(N)C(O)C(C)O2)Oc2ccc(cc2Cl)C1O,1,1,1,0
Vandetanib,"I.b
                
I - Interstitial/parenchymal lung disease

                    I.b - Pneumonitis (ILD)                


                  XII.ai
                
XII - Cardiovascular involvement / toxicity

                    XII.ai - Cardiotoxicity",3081361,DB05294,D06407,COc1cc2c(Nc3ccc(Br)cc3F)ncnc2cc1OCC1CCN(C)CC1,1,0,0,0
Vemurafenib,"I.b
                
I - Interstitial/parenchymal lung disease

                    I.b - Pneumonitis (ILD)                


                  I.m
                
I - Interstitial/parenchymal lung disease

                    I.m - ILD with a granulomatous component                


                  I.ad
                
I - Interstitial/parenchymal lung disease

                    I.ad - Radiation recall pneumonitis                


                  X.a
                
X - Systemic/Distant conditions, syndromes and reactions

                    X.a - DRES syndrome - DRESS-like reaction                


                  X.f
                
X - Systemic/Distant conditions, syndromes and reactions

                    X.f - Anaphylaxis-Anaphylactoid reaction (can be fatal)                


                  X.k
                
X - Systemic/Distant conditions, syndromes and reactions

                    X.k - Sarcoid-like granulomatosis (endo-/extrathoracic)                


                  X.m
                
X - Systemic/Distant conditions, syndromes and reactions

                    X.m - Vascultis (pulmonary, extrathoracic or systemic)-ANCA status unknown or negative)                


                  XII.ai
                
XII - Cardiovascular involvement / toxicity

                    XII.ai - Cardiotoxicity                


                  XV.a
                
XV - Pathology

                    XV.a - Path: NSIP-cellular pattern (see also Ia, Ib)                


                  XV.e
                
XV - Pathology

                    XV.e - Path: ILD with a granulomatous component (see also Im)",42611257,DB08881,D09996,CCCS(=O)(=O)Nc1ccc(F)c(C(=O)c2c[nH]c3ncc(-c4ccc(Cl)cc4)cc23)c1F,1,0,0,0
Venetoclax,"I.b
                
I - Interstitial/parenchymal lung disease

                    I.b - Pneumonitis (ILD)                


                  XXI.b
                
XXI - Rechallenge data

                    XXI.b - Rechallenge can lead to relapse of AE/ILD",49846579,DB11581,D10679,CC1(C)CCC(CN2CCN(c3ccc(C(=O)NS(=O)(=O)c4ccc(NCC5CCOCC5)c([N+](=O)[O-])c4)c(Oc4cnc5[nH]ccc5c4)c3)CC2)=C(c2ccc(Cl)cc2)C1,1,0,0,0
Venlafaxine,"I.b
                
I - Interstitial/parenchymal lung disease

                    I.b - Pneumonitis (ILD)                


                  I.c
                
I - Interstitial/parenchymal lung disease

                    I.c - Eosinophilic pneumonia (pulmonary infiltrates and eosinophilia)                


                  I.e
                
I - Interstitial/parenchymal lung disease

                    I.e - Acute eosinophilic pneumonia (AEP)                


                  I.m
                
I - Interstitial/parenchymal lung disease

                    I.m - ILD with a granulomatous component                


                  IV.a
                
IV - Airway involvement

                    IV.a - Bronchospasm - Wheezing - Asthma                


                  X.a
                
X - Systemic/Distant conditions, syndromes and reactions

                    X.a - DRES syndrome - DRESS-like reaction                


                  XI.r
                
XI - Miscellaneous

                    XI.r - Death following exposure or poisoning                


                  XII.f
                
XII - Cardiovascular involvement / toxicity

                    XII.f - Cardiomyopathy (acute, subacute, chronic)                


                  XII.g
                
XII - Cardiovascular involvement / toxicity

                    XII.g - Coronary artery disease (acute) - Myocardial ischemia/infarction                


                  XII.l
                
XII - Cardiovascular involvement / toxicity

                    XII.l - Cardiac arrhythmias or dysrhythmias (AF, VT, VF, TdP)                


                  XV.b
                
XV - Pathology

                    XV.b - Path: Eosinophilic pneumonia (subacute or acute)  (see also Ic)",5656,DB00285,D08670,COc1ccc(C(CN(C)C)C2(O)CCCCC2)cc1,1,0,0,0
Verapamil,"II.a
                
II - Pulmonary edema - Acute lung injury - ARDS

                    II.a - Pulmonary edema, noncardiogenic (NCPE)                


                  II.b
                
II - Pulmonary edema - Acute lung injury - ARDS

                    II.b - ARDS - Acute lung injury                


                  IV.a
                
IV - Airway involvement

                    IV.a - Bronchospasm - Wheezing - Asthma                


                  XI.r
                
XI - Miscellaneous

                    XI.r - Death following exposure or poisoning",2520,DB00661,D02356,COc1ccc(CCN(C)CCCC(C#N)(c2ccc(OC)c(OC)c2)C(C)C)cc1OC,0,1,0,0
Vildagliptin,"I.b
                
I - Interstitial/parenchymal lung disease

                    I.b - Pneumonitis (ILD)                


                  I.m
                
I - Interstitial/parenchymal lung disease

                    I.m - ILD with a granulomatous component                


                  VIII.a
                
VIII - Central-large-upper airway (incl. pharyngeal-nasal) involvement

                    VIII.a - Angioedema (may cause UAO, asphyxia and death)                


                  XV.a
                
XV - Pathology

                    XV.a - Path: NSIP-cellular pattern (see also Ia, Ib)",6918537,DB04876,D07080,N#CC1CCCN1C(=O)CNC12CC3CC(CC(O)(C3)C1)C2,1,0,0,0
Vinblastine,"I.b
                
I - Interstitial/parenchymal lung disease

                    I.b - Pneumonitis (ILD)                


                  I.k
                
I - Interstitial/parenchymal lung disease

                    I.k - Lung nodule or nodules                


                  I.l
                
I - Interstitial/parenchymal lung disease

                    I.l - Diffuse alveolar damage (DAD) (see alsoo under IIb and XVf)                


                  II.a
                
II - Pulmonary edema - Acute lung injury - ARDS

                    II.a - Pulmonary edema, noncardiogenic (NCPE)                


                  II.b
                
II - Pulmonary edema - Acute lung injury - ARDS

                    II.b - ARDS - Acute lung injury                


                  IV.a
                
IV - Airway involvement

                    IV.a - Bronchospasm - Wheezing - Asthma                


                  XII.g
                
XII - Cardiovascular involvement / toxicity

                    XII.g - Coronary artery disease (acute) - Myocardial ischemia/infarction                


                  XV.f
                
XV - Pathology

                    XV.f - Path: Diffuse alveolar damage (DAD-pattern) (see also IL)",13342,DB00570,D08675,CCC1(O)CC2CN(CCc3c([nH]c4ccccc34)C(C(=O)OC)(c3cc4c(cc3OC)N(C)C3C(O)(C(=O)OC)C(OC(C)=O)C5(CC)C=CCN6CCC43C65)C2)C1,1,1,0,0
Vincristine,"I.b
                
I - Interstitial/parenchymal lung disease

                    I.b - Pneumonitis (ILD)                


                  VIII.e
                
VIII - Central-large-upper airway (incl. pharyngeal-nasal) involvement

                    VIII.e - Laryngospasm (a.k.a. laryngismus)                


                  VIII.h
                
VIII - Central-large-upper airway (incl. pharyngeal-nasal) involvement

                    VIII.h - Vocal cord dysfunction, adduction, closure, injury                


                  VIII.j
                
VIII - Central-large-upper airway (incl. pharyngeal-nasal) involvement

                    VIII.j - Laryngeal disorder-Laryngeal nerve palsy (dysphonia, hoarseness)                


                  XV.a
                
XV - Pathology

                    XV.a - Path: NSIP-cellular pattern (see also Ia, Ib)                


                  XV.i
                
XV - Pathology

                    XV.i - Path: Pneumocyte atypia (reactive epithelial cells) (a.k.a. the ""Napoleon Hat"" sign)",5978,DB00541,D08679,CCC1(O)CC2CN(CCc3c([nH]c4ccccc34)C(C(=O)OC)(c3cc4c(cc3OC)N(C=O)C3C(O)(C(=O)OC)C(OC(C)=O)C5(CC)C=CCN6CCC43C65)C2)C1,1,0,0,0
Vindesine,"I.b
                
I - Interstitial/parenchymal lung disease

                    I.b - Pneumonitis (ILD)                


                  II.a
                
II - Pulmonary edema - Acute lung injury - ARDS

                    II.a - Pulmonary edema, noncardiogenic (NCPE)                


                  IV.a
                
IV - Airway involvement

                    IV.a - Bronchospasm - Wheezing - Asthma                


                  IV.n
                
IV - Airway involvement

                    IV.n - Obstructive airway dysfunction (see also IVc, XVx)",40839,NOT_FOUND,D01769,CCC1(O)CC2CN(CCc3c([nH]c4ccccc34)C(C(=O)OC)(c3cc4c(cc3OC)N(C)C3C(O)(C(N)=O)C(O)C5(CC)C=CCN6CCC43C65)C2)C1,1,1,0,0
Vinorelbine,"I.b
                
I - Interstitial/parenchymal lung disease

                    I.b - Pneumonitis (ILD)                


                  II.a
                
II - Pulmonary edema - Acute lung injury - ARDS

                    II.a - Pulmonary edema, noncardiogenic (NCPE)                


                  II.b
                
II - Pulmonary edema - Acute lung injury - ARDS

                    II.b - ARDS - Acute lung injury                


                  IV.a
                
IV - Airway involvement

                    IV.a - Bronchospasm - Wheezing - Asthma                


                  X.f
                
X - Systemic/Distant conditions, syndromes and reactions

                    X.f - Anaphylaxis-Anaphylactoid reaction (can be fatal)                


                  XII.m
                
XII - Cardiovascular involvement / toxicity

                    XII.m - Cardiac- cardiorespiratory/pulmonary arrest",5311497,DB00361,D08680,CCC1=CC2CN(C1)Cc1c([nH]c3ccccc13)C(C(=O)OC)(c1cc3c(cc1OC)N(C)C1C(O)(C(=O)OC)C(OC(C)=O)C4(CC)C=CCN5CCC31C54)C2,1,1,0,0
Vitamin A,"V.a
                
V - Pleural and/or pericardial involvement

                    V.a - Pleural effusion (uni- or bilateral) (can accompany DI-LDs)",445354,DB00162,D06543,CC(C=CC1=C(C)CCCC1(C)C)=CC=CC(C)=CCO,0,0,1,0
Vitamin E (parenteral),"VI.e
                
VI - Pulmonary vasculopathies

                    VI.e - Fat/oil embolism - The FES embolism syndrome",14985,NOT_FOUND,NOT_FOUND,Cc1c(C)c2c(c(C)c1O)CCC(C)(CCCC(C)CCCC(C)CCCC(C)C)O2,0,0,0,1
Vitamin E acetate (inhaled),"II.b
                
II - Pulmonary edema - Acute lung injury - ARDS

                    II.b - ARDS - Acute lung injury",58078320,NOT_FOUND,NOT_FOUND,CC(=O)Oc1c(C)c(C)c2c(c1C)CCC(C)(CCCC(C)CCCC(C)CCCC(C)C)O2,0,1,0,0
Vorasidenib (AG881),"I.b
                
I - Interstitial/parenchymal lung disease

                    I.b - Pneumonitis (ILD)                


                  XVI.by
                
XVI - Imaging

                    XVI.by - Imaging: The photographic negative of batwing or pulmonary edema",117817422,NOT_FOUND,D11834,CC(Nc1nc(NC(C)C(F)(F)F)nc(-c2cccc(Cl)n2)n1)C(F)(F)F,1,1,0,0
Zafirlukast,"I.c
                
I - Interstitial/parenchymal lung disease

                    I.c - Eosinophilic pneumonia (pulmonary infiltrates and eosinophilia)                


                  X.d
                
X - Systemic/Distant conditions, syndromes and reactions

                    X.d - Lupus - Lupus syndrome (see also Vd)                


                  X.h
                
X - Systemic/Distant conditions, syndromes and reactions

                    X.h - Eosinophilic granulomatosis with polyangiitis (Churg-Strauss)                


                  XII.f
                
XII - Cardiovascular involvement / toxicity

                    XII.f - Cardiomyopathy (acute, subacute, chronic)",5717,DB00549,D00411,COc1cc(C(=O)NS(=O)(=O)c2ccccc2C)ccc1Cc1cn(C)c2ccc(NC(=O)OC3CCCC3)cc12,1,0,0,0
Zolpidem,"II.a
                
II - Pulmonary edema - Acute lung injury - ARDS

                    II.a - Pulmonary edema, noncardiogenic (NCPE)",5732,DB00425,D08690,Cc1ccc(-c2nc3ccc(C)cn3c2CC(=O)N(C)C)cc1,0,1,0,0
Zotarolimus,"I.b
                
I - Interstitial/parenchymal lung disease

                    I.b - Pneumonitis (ILD)                


                  XV.a
                
XV - Pathology

                    XV.a - Path: NSIP-cellular pattern (see also Ia, Ib)                


                  XV.e
                
XV - Pathology

                    XV.e - Path: ILD with a granulomatous component (see also Im)",9876378,NOT_FOUND,NOT_FOUND,COC1CC2CCC(C)C(O)(O2)C(=O)C(=O)N2CCCCC2C(=O)OC(C(C)CC2CCC(n3cnnn3)C(OC)C2)CC(=O)C(C)=CC(C)C(O)C(OC)C(=O)C(C)CC(C)C=CC=CC=C1C,1,0,0,0
Acalabrutinib,ADReCS: Acute pulmonary oedema,71226662,DB11703,D10893,CC#CC(=O)N1CCCC1c1nc(-c2ccc(C(=O)Nc3ccccn3)cc2)c2c(N)nccn12,0,1,0,0
Acetohydroxamic acid,ADReCS: Pulmonary embolism,1990,DB00551,D00220,CC(O)=NO,0,0,0,1
Adapalene,ADReCS: Pulmonary embolism,60164,DB00210,D01112,COc1ccc(-c2ccc3cc(C(=O)O)ccc3c2)cc1C12CC3CC(CC(C3)C1)C2,0,0,0,1
Alogliptin,ADReCS: Interstitial lung disease,11450633,DB06203,D06553,Cn1c(=O)cc(N2CCCC(N)C2)n(Cc2ccccc2C#N)c1=O,1,0,0,0
Alteplase,ADReCS: Pulmonary embolism,22976653,DB00009,D02837,Cc1ccc(N(c2ccc(C)cc2)c2c3ccccc3c(N(c3ccc(C)cc3)c3ccc(C)cc3)c3ccccc23)cc1,0,0,0,1
Aminocaproic acid,ADReCS: Pulmonary embolism,564,DB00513,D00160,NCCCCCC(=O)O,0,0,0,1
Amisulpride,ADReCS: Pulmonary embolism,2159,DB06288,D07310,CCN1CCCC1CNC(=O)c1cc(S(=O)(=O)CC)c(N)cc1OC,0,0,0,1
Asciminib,ADReCS: Pleural disorders,72165228,DB12597,D11403,O=C(Nc1ccc(OC(F)(F)Cl)cc1)c1cnc(N2CCC(O)C2)c(-c2cc[nH]n2)c1,0,0,1,0
Avacopan,ADReCS: Pulmonary embolism,49841217,DB15011,D11093,Cc1ccc(NC(=O)C2CCCN(C(=O)c3c(C)cccc3F)C2c2ccc(NC3CCCC3)cc2)cc1C(F)(F)F,0,0,0,1
Beta-d-glucose,ADReCS: Pulmonary embolism,64689,DB02379,D02325; D00009,OCC1OC(O)C(O)C(O)C1O,0,0,0,1
Bosentan,ADReCS: Acute pulmonary oedema,104865,DB00559,D01227; D07538,COc1ccccc1Oc1c(NS(=O)(=O)c2ccc(C(C)(C)C)cc2)nc(-c2ncccn2)nc1OCCO,0,1,0,0
Dacomitinib,ADReCS: Pleural disorders,11511120,DB11963,D09883; D10514,COc1cc2ncnc(Nc3ccc(F)c(Cl)c3)c2cc1NC(=O)C=CCN1CCCCC1,0,0,1,0
Doripenem,ADReCS: Interstitial lung disease,73303,DB06211,D03895,CC(O)C1C(=O)N2C(C(=O)O)=C(SC3CNC(CNS(N)(=O)=O)C3)C(C)C12,1,0,0,0
Epinephrine,ADReCS: Acute pulmonary oedema,5816,DB00668,D00095,CNCC(O)c1ccc(O)c(O)c1,0,1,0,0
Erdafitinib,ADReCS: Pulmonary embolism,67462786,DB12147,D10927,COc1cc(OC)cc(N(CCNC(C)C)c2ccc3ncc(-c4cnn(C)c4)nc3c2)c1,0,0,0,1
Estriol,ADReCS: Pulmonary embolism,5756,DB04573,D00185; D01986,CC12CCC3c4ccc(O)cc4CCC3C1CC(O)C2O,0,0,0,1
Etelcalcetide,ADReCS: Interstitial lung disease,71511839,DB12865,D10676,CC(=O)NC(CSSCC(N)C(=O)O)C(=O)NC(C)C(=O)NC(CCCN=C(N)N)C(=O)NC(CCCN=C(N)N)C(=O)NC(CCCN=C(N)N)C(=O)NC(C)C(=O)NC(CCCN=C(N)N)C(N)=O,1,0,0,0
Fexofenadine,ADReCS: Interstitial lung disease,3348,DB00950,D07958,CC(C)(C(=O)O)c1ccc(C(O)CCCN2CCC(C(O)(c3ccccc3)c3ccccc3)CC2)cc1,1,0,0,0
Fluorouracil,ADReCS: Acute pulmonary oedema,3385,DB00544,D00584; D07974,O=c1[nH]cc(F)c(=O)[nH]1,0,1,0,0
Gadobenate dimeglumine,ADReCS: Acute pulmonary oedema,105125,DB00743,D04283,O=C(O)CN(CCN(CC(=O)O)CC(=O)O)CCN(CC(=O)O)C(COCc1ccccc1)C(=O)O,0,1,0,0
Ganirelix,ADReCS: Pleural disorders,16130957,DB06785,D08010,CCN=C(NCC)NCCCCC(NC(=O)C(CC(C)C)NC(=O)C(CCCCN=C(NCC)NCC)NC(=O)C(Cc1ccc(O)cc1)NC(=O)C(CO)NC(=O)C(Cc1cccnc1)NC(=O)C(Cc1ccc(Cl)cc1)NC(=O)C(Cc1ccc2ccccc2c1)NC(C)=O)C(=O)N1CCCC1C(=O)NC(C)C(N)=O,0,0,1,0
Glycopyrronium,ADReCS: Acute pulmonary oedema,9933193,DB00986,D10938,C[N+]1(C)CCC(OC(=O)C(O)(c2ccccc2)C2CCCC2)C1,0,1,0,0
Iopromide,ADReCS: Acute pulmonary oedema,3736,DB09156,D01893,COCC(=O)Nc1c(I)c(C(=O)NCC(O)CO)c(I)c(C(=O)N(C)CC(O)CO)c1I,0,1,0,0
Ioversol,ADReCS: Acute pulmonary oedema,3741,DB09134,D01555,O=C(NCC(O)CO)c1c(I)c(C(=O)NCC(O)CO)c(I)c(N(CCO)C(=O)CO)c1I,0,1,0,0
Ixabepilone,ADReCS: Acute pulmonary oedema,6445540,DB04845,D04645,CC(=Cc1csc(C)n1)C1CC2OC2(C)CCCC(C)C(O)C(C)C(=O)C(C)(C)C(O)CC(=O)N1,0,1,0,0
Lamivudine,ADReCS: Acute pulmonary oedema,60825,DB00709,D00353,Nc1ccn(C2CSC(CO)O2)c(=O)n1,0,1,0,0
Levomefolate calcium,ADReCS: Pulmonary embolism,135564391,Not Available,D09354,CN1c2c([nH]c(N)nc2=O)NCC1CNc1ccc(C(=O)NC(CCC(=O)O)C(=O)O)cc1,0,0,0,1
Levothyroxine,ADReCS: Acute pulmonary oedema,5819,DB00451,D08125,NC(Cc1cc(I)c(Oc2cc(I)c(O)c(I)c2)c(I)c1)C(=O)O,0,1,0,0
Ospemifene,ADReCS: Pulmonary embolism,3036505,DB04938,D08958,OCCOc1ccc(C(=C(CCCl)c2ccccc2)c2ccccc2)cc1,0,0,0,1
Paricalcitol,ADReCS: Acute pulmonary oedema,5281104,DB00910,D00930,CC(C=CC(C)C(C)(C)O)C1CCC2C(=CC=C3CC(O)CC(O)C3)CCCC21C,0,1,0,0
Ramelteon,ADReCS: Interstitial lung disease,208902,DB00980,D02689,CCC(=O)NCCC1CCc2ccc3c(c21)CCO3,1,0,0,0
Regadenoson,ADReCS: Acute pulmonary oedema,219024,DB06213,D05711,CNC(=O)c1cnn(-c2nc(N)c3ncn(C4OC(CO)C(O)C4O)c3n2)c1,0,1,0,0
Selexipag,ADReCS: Acute pulmonary oedema,9913767,DB11362,D09994,CC(C)N(CCCCOCC(=O)NS(C)(=O)=O)c1cnc(-c2ccccc2)c(-c2ccccc2)n1,0,1,0,0
Selinexor,ADReCS: Pleural disorders,71481097,DB11942,D11222,O=C(C=Cn1cnc(-c2cc(C(F)(F)F)cc(C(F)(F)F)c2)n1)NNc1cnccn1,0,0,1,0
Solifenacin,ADReCS: Acute pulmonary oedema,154059,DB01591,D08522,O=C(OC1CN2CCC1CC2)N1CCc2ccccc2C1c1ccccc1,0,1,0,0
Tacrolimus,ADReCS: Acute pulmonary oedema,445643,DB00864,D00107; D08556,C=CCC1=CC(C)CC(C)CC(OC)C2OC(O)(C(=O)C(=O)N3CCCCC3C(=O)OC(C(C)=CC3CCC(O)C(OC)C3)C(C)C(O)CC1=O)C(C)CC2OC,0,1,0,0
Tibolone,ADReCS: Pulmonary embolism,444008,DB09070,D01639,C#CC1(O)CCC2C3C(C)C=C4CC(=O)CCC4C3CCC21C,0,0,0,1
Upadacitinib,ADReCS: Acute pulmonary oedema,58557659,DB15091,D10994,CCC1CN(C(=O)NCC(F)(F)F)CC1c1cnc2cnc3[nH]ccc3n12,0,1,0,0
prostacyclin,Pleural effusion; Pulmonary embolism; Pulmonary oedema,,,,CC(C)c1cc(C2CCCN2C(=O)CN(C)Cc2cccnc2)no1,0,1,1,1
glucose,Pulmonary embolism,,,,CCC(NC(=O)c1ccc(CSc2ccccc2)cc1)c1ccc(C)cc1C,0,0,0,1
bupropion,Pulmonary embolism,,,,Cc1ccc(C(C)NC(=O)c2ccc(CSc3ccc(Cl)cc3)cc2)cc1C,0,0,0,1
mannitol,Pulmonary oedema,,,,CCC(NC(=O)c1ccc(CSc2ccc(Cl)cc2)cc1)c1ccc(C)c(C)c1,0,1,0,0
EACA,Pulmonary embolism,,,,COc1ccc(N2CC34C=CC(O3)C(C(=O)O)C4C2=O)cc1,0,0,0,1
cytarabine,Interstitial pneumonia; Pulmonary oedema,,,,CS(=O)(=O)C1C(C#N)C1c1ccccc1,1,1,0,0
estrone,Pulmonary embolism,,,,COc1ccc2c(c1)CCCC2(O)CNC(=O)C(=O)NCc1ccc2c(c1)OCO2,0,0,0,1
Oestrogen,Pulmonary embolism,,,,CS(=O)(=O)C1C(c2ccccc2)C1(CN)C(=O)O,0,0,0,1
monoethanolamine,Pleural effusion,,,,COC(=O)CC(c1ccc(OCCc2ccc(OC)cc2)c(OC)c1)c1oc(CN2CC3CC(C2)c2cccc(=O)n2C3)cc(=O)c1O,0,0,1,0
LMWH,Pulmonary oedema,,,,COc1ccc2c(c1)CCCC2(O)CNC(=O)Nc1ccccc1C(F)(F)F,0,1,0,0
epinephrine,Pulmonary oedema,,,,COC(=O)CC(c1c(O)cc(C)n(CCc2ccc(O)cc2)c1=O)c1ccnc2ccccc12,0,1,0,0
quinidine,Pulmonary oedema,,,,CCS(=O)(=O)C1C(C#N)C1c1ccccc1,0,1,0,0
thiamine,Pulmonary oedema,,,,CC(=O)c1c2c(c3oc(=O)cc(C)c3c1O)C(c1ccc(OCC(C)C)cc1)CC(=O)O2,0,1,0,0
naproxen,Pulmonary oedema,,,,Cc1cc2c(c(=O)o1)C(c1coc3ccc(Cl)cc3c1=O)CC(=O)O2,0,1,0,0
cladribine,Pulmonary embolism,,,,COc1ccc(CCCNC(=O)CSCc2cccc(Cl)c2)cc1,0,0,0,1
doxorubicin,Pleural effusion; Pulmonary embolism; Pulmonary oedema,,,,COc1ccc(-c2noc(CNC(=O)CSCc3cccc(Cl)c3)n2)cc1,0,1,1,1
phenytoin,Pulmonary embolism,,,,COc1ccccc1CCCNC(=O)CSCc1ccc(Cl)cc1,0,0,0,1
5-azacytidine,Pleural effusion,,,,O=CC1C(c2ccccc2)C1S(=O)(=O)c1ccccc1,0,0,1,0
amphotericin,Pleural effusion; Pulmonary oedema,,,,CCOC(=O)C1(N)C(c2ccccc2)C1S(=O)(=O)c1ccc(C)cc1,0,1,1,0
acetaminophen,Pleural effusion; Pulmonary oedema,,,,Cc1ccc(S(=O)(=O)C2C(c3ccccc3)C2(CN)CN)cc1,0,1,1,0
acyclovir,Pulmonary oedema,,,,CN(C)S(=O)(=O)c1ccc2c(c1)CCN2C(=O)CSCc1ccc([N+](=O)[O-])cc1,0,1,0,0
salbutamol,Pulmonary oedema,,,,COC(=O)CC(c1ccc(C(C)C)cc1)c1oc(CN2CC3CC(C2)c2cccc(=O)n2C3)cc(=O)c1O,0,1,0,0
allopurinol,Pulmonary embolism,,,,Cc1nn(CCC(=O)NCC2CCCN(c3ccccn3)C2)c(C)c1C,0,0,0,1
amantadine,Pulmonary oedema,,,,Cc1ccccc1OCC(C)NC(=O)CSCc1ccc([N+](=O)[O-])cc1,0,1,0,0
diatrizoate,Pulmonary embolism; Pulmonary oedema,,,,CC1CCN(c2ccc(C(C)NC(=O)CSCc3ccc([N+](=O)[O-])cc3)cc2)CC1,0,1,0,1
amiodarone,Interstitial pneumonia; Pleural effusion; Pulmonary oedema,,,,COc1cccc(C=C2Oc3c(ccc4c3C(c3cccc(OC)c3OCCc3ccc5c(c3)CCO5)CC(=O)O4)C2=O)c1OC,1,1,1,0
amisulpride,Pulmonary embolism,,,,Cc1cc2c(c(=O)o1)C(c1cc3ccccc3n(CC(C)C)c1=O)CC(=O)O2,0,0,0,1
anagrelide,Interstitial pneumonia; Pleural effusion,,,,COCC1(N)C(c2ccccc2)C1S(=O)(=O)c1ccc(C)cc1,1,0,1,0
anastrozole,Pulmonary embolism,,,,COc1cc2c(c(OC)c1OC)-c1ccc(NCC(=O)Nc3c(C)nn(C)c3C)c(=O)cc1C(NC(C)=O)CC2,0,0,0,1
argatroban,Pleural effusion; Pulmonary embolism; Pulmonary oedema,,,,O=C1CC(c2ccc(O)cc2)c2c(ccc3c2OC2(CCCCC2)CC3=O)O1,0,1,1,1
atenolol,Pulmonary oedema,,,,Cc1ccc(S(=O)(=O)C2C(C(N)=S)C2c2ccccc2)cc1,0,1,0,0
azathioprine,Interstitial pneumonia,,,,COc1ccc(C=C2Oc3c(ccc4c3C(c3cccc(OCCc5ccc6c(c5)CCO6)c3)CC(=O)O4)C2=O)cc1,1,0,0,0
azithromycin,Pleural effusion,,,,CN(Cc1nc(-c2cccs2)no1)C(=O)CSCc1ccc([N+](=O)[O-])cc1,0,0,1,0
baclofen,Pulmonary embolism,,,,COc1ccc(C2CC(=O)Oc3cc(C)oc(=O)c32)c(OC)c1OC,0,0,0,1
penicillin,Pulmonary embolism,,,,COCC1(C#N)C(c2ccccc2)C1S(=O)(=O)c1ccc(Cl)cc1,0,0,0,1
bicalutamide,Interstitial pneumonia; Pleural effusion,,,,N#CC1C(c2ccccc2)C1S(=O)(=O)c1ccc(Cl)cc1,1,0,1,0
bisoprolol,Pulmonary oedema,,,,CCOC(=O)C1(CN)C(c2ccccc2)C1S(=O)(=O)c1ccc(Cl)cc1,0,1,0,0
bromocriptine,Pleural effusion,,,,NCC1(CO)C(c2ccccc2)C1S(=O)(=O)c1ccc(Cl)cc1,0,0,1,0
bupivacaine,Pulmonary oedema,,,,NCC1(N)C(c2ccccc2)C1S(=O)(=O)c1ccc(Cl)cc1,0,1,0,0
busulfan,Interstitial pneumonia; Pleural effusion; Pulmonary oedema,,,,CC(C)(C)OC(=O)NC1(CN)C(c2ccccc2)C1S(=O)(=O)c1ccc(Cl)cc1,1,1,1,0
cabergoline,Pleural effusion,,,,COc1ccc2c(c1)OC(C)(C)CC2NC(=O)C(C)Sc1ccccc1,0,0,1,0
caffeine,Pulmonary oedema,,,,COC(=O)CC(c1cccnc1)c1c(O)[nH]cc(C(=O)OC)c1=O,0,1,0,0
verapamil,Pulmonary oedema,,,,CC(Cc1cnccn1)N(C)C(=O)c1noc2c1CCCC2,0,1,0,0
candesartan,Pulmonary oedema,,,,CCC(NC(=O)C(C)Sc1ccccc1)c1ccc(C)c(C)c1,0,1,0,0
carbamazepine,Pulmonary embolism; Pulmonary oedema,,,,CCC(NC(=O)C(C)Sc1ccccc1)c1ccc(C)cc1C,0,1,0,1
BCNU,Pulmonary embolism,,,,O=S(=O)(c1ccc(Cl)cc1)C1C(CO)C1c1ccccc1,0,0,0,1
carvedilol,Interstitial pneumonia; Pulmonary oedema,,,,O=C(NC1CC(=O)N(Cc2ccccc2)C1)c1cc2c([nH]c1=O)CCC2,1,1,0,0
celecoxib,Pulmonary embolism,,,,O=C(NCC1CC2C=CC1C2)C1CCCN(c2ncccn2)C1,0,0,0,1
cevimeline,Pleural effusion; Pulmonary embolism,,,,CC(C)(C)OC(=O)NC1(C=O)C(c2ccccc2)C1S(=O)(=O)c1ccc(Cl)cc1,0,0,1,1
chlorambucil,Interstitial pneumonia,,,,COc1ccc(C2CC(=O)Oc3ccc4c(c32)OC(=Cc2cc(OC)c(OC)cc2OC)C4=O)cc1,1,0,0,0
thiazide,Pulmonary oedema,,,,NC(=S)C1C(c2ccccc2)C1S(=O)(=O)c1ccc(Cl)cc1,0,1,0,0
chlorthalidone,Pulmonary oedema,,,,Cc1ccc(C)c(C(C)NC(=O)C(C)SCc2ccccc2)c1,0,1,0,0
cilostazol,Interstitial pneumonia,,,,COc1cncc(C(NC(=O)CCc2cc(=O)[nH]o2)C2CC(O)C2)c1,1,0,0,0
ciprofloxacin,Pleural effusion; Pulmonary embolism; Pulmonary oedema,,,,CC(=O)c1c2c(c3oc(=O)cc(C)c3c1O)C(c1cc(F)c(F)c(F)c1)CC(=O)O2,0,1,1,1
citalopram,Pulmonary embolism,,,,CCOC(=O)C1(C#N)C(c2ccc(OC)cc2)C1S(C)(=O)=O,0,0,0,1
clomiphene,Pulmonary embolism,,,,C=C(C)COc1c(OC)cccc1C1CC(=O)Oc2ccc3c(c21)OC(=Cc1cccc(OC)c1OC)C3=O,0,0,0,1
clopidogrel,Interstitial pneumonia; Pulmonary embolism; Pulmonary oedema,,,,COC(=O)CC(c1ccccc1)c1c(O)cc(C)oc1=O,1,1,0,1
clozapine,Pleural effusion; Pulmonary embolism,,,,COc1ccc(C2C(S(C)(=O)=O)C2(N)C#N)cc1,0,0,1,1
cyanocobalamin,Pulmonary oedema,,,,COc1ccc(C(NC(=O)Cn2cc(C)c(=O)[nH]c2=O)C2CC(O)C2)cn1,0,1,0,0
cyclophosphamide,Interstitial pneumonia; Pleural effusion; Pulmonary embolism; Pulmonary oedema,,,,CN(CC1Cc2ccccc2O1)C(=O)COc1ccc2nncn2n1,1,1,1,1
cyproterone,Pulmonary embolism,,,,CCOC(=O)C1(CN)C(c2ccc(OC)cc2)C1S(C)(=O)=O,0,0,0,1
danazol,Interstitial pneumonia,,,,COc1ccc(C2C(S(C)(=O)=O)C2(CN)CO)cc1,1,0,0,0
dantrolene,Pleural effusion; Pulmonary oedema,,,,COC(=O)CC(c1cc(OC)c(OC)c(OC)c1)c1cc2c(cc1O)OCO2,0,1,1,0
deferiprone,Pulmonary embolism,,,,CCC(NC(=O)C(C)SCc1ccccc1)c1ccc(C)c(C)c1,0,0,0,1
dexamethasone,Pulmonary oedema,,,,COCC1(CN)C(c2ccc(OC)cc2)C1S(C)(=O)=O,0,1,0,0
dipyridamole,Pulmonary oedema,,,,CC(SCc1ccccc1)C(=O)N(C)Cc1nc(-c2ccc(Cl)cc2)no1,0,1,0,0
valproate,Pleural effusion,,,,CC(SCc1ccccc1)C(=O)NCCCc1ccc(C(C)C)cc1,0,0,1,0
docetaxel,Interstitial pneumonia; Pleural effusion; Pulmonary embolism; Pulmonary oedema,,,,Cc1cc2c(c(=O)o1)C(c1coc3ccccc3c1=O)CC(=O)O2,1,1,1,1
dorzolamide,Pulmonary oedema,,,,COc1ccc(-c2noc(CNC(=O)c3ccc(CN4CCOCC4)cc3)n2)c(OC)c1,0,1,0,0
trabectedin,Pulmonary embolism; Pulmonary oedema,,,,O=C(c1ccccn1)C1CCCN(C(=O)COCC(F)(F)C(F)F)C1,0,1,0,1
ergonovine,Pulmonary oedema,,,,O=C(CCSc1ccccc1)NCCCc1ccccc1Cl,0,1,0,0
estradiol,Pulmonary embolism,,,,CCOc1cc(C(CC(=O)OC)c2oc(CN3CC4CC(C3)c3cccc(=O)n3C4)cc(=O)c2O)ccc1O,0,0,0,1
famotidine,Interstitial pneumonia,,,,CC1CCN(c2ccc(C(C)NC(=O)CCSc3ccccc3)cc2)CC1,1,0,0,0
felbamate,Pleural effusion,,,,CC1CCCN(c2ccc(C(C)NC(=O)CCSc3ccccc3)cc2)C1,0,0,1,0
fentanyl,Pleural effusion; Pulmonary embolism,,,,Cc1ccc2c(c1)OC(C)(C)CC2NC(=O)CCSc1ccccc1,0,0,1,1
flecainide,Pulmonary oedema,,,,CCOC(=O)C1(C(=O)OCC)C(c2ccc(OC)cc2)C1S(=O)(=O)CC,0,1,0,0
5-FU,Pulmonary oedema,,,,CCS(=O)(=O)C1C(c2ccc(OC)cc2)C1(CN)CN,0,1,0,0
fluoxetine,Pleural effusion; Pulmonary embolism; Pulmonary oedema,,,,Cc1nc(N)ncc1C(=O)N1CCC1c1ccc(F)cc1,0,1,1,1
fluphenazine,Pulmonary embolism,,,,CC(C)(Oc1ccc(C2CC2(Cl)Cl)cc1)C(=O)N1CC2CC(C1)c1cccc(=O)n1C2,0,0,0,1
gabapentin,Pulmonary embolism; Pulmonary oedema,,,,COc1ccc(N2CC(C(=O)N3CCCCC3c3cccnc3)CC2=O)cc1,0,1,0,1
icodextrin,Pulmonary oedema,,,,COc1ccc(CCCNC(=O)CCSc2ccc(Cl)cc2)cc1,0,1,0,0
hydrochlorothiazide,Pulmonary oedema,,,,COc1ccc(C(Nc2ncccc2C(N)=O)C2CC(O)C2)cc1F,0,1,0,0
cortisol,Pulmonary oedema,,,,COC(=O)CC(c1cc(Cl)c2c(c1)OCO2)c1c(O)[nH]cc(C(=O)OC)c1=O,0,1,0,0
hydromorphone,Pulmonary oedema,,,,CCS(=O)(=O)C1C(C(N)=S)C1c1ccc(OC)cc1,0,1,0,0
hydroxyurea,Pulmonary oedema,,,,Cc1cccc(-c2noc(CNC(=O)CCSc3ccc(Cl)cc3)n2)c1,0,1,0,0
atropine,Pulmonary oedema,,,,CC(=O)c1c(C)nn(CC(=O)NC(c2ccccc2)c2nccn2C)c1C,0,1,0,0
ifosfamide,Interstitial pneumonia; Pleural effusion; Pulmonary embolism; Pulmonary oedema,,,,COCC(NC(=O)c1ccc(N)nc1)c1ccccn1,1,1,1,1
indomethacin,Pulmonary oedema,,,,N#Cc1ccccc1C(=O)NCCCC1CCOC1,0,1,0,0
iodixanol,Pulmonary oedema,,,,COc1cccc(C=C2Oc3c(ccc4c3C(c3ccccc3OC(C)C)CC(=O)O4)C2=O)c1OC,0,1,0,0
iohexol,Pulmonary oedema,,,,COc1ccc(C2C(S(=O)(=O)c3ccccc3)C2(C#N)C(=O)O)cc1,0,1,0,0
iopamidol,Pulmonary oedema,,,,COC(O)=c1ccc(=c2cc(O)oc3c(C(C)=O)c(=O)c4c(C)cc(O)oc4c23)cc1,0,1,0,0
iopromide,Pleural effusion; Pulmonary oedema,,,,Cc1ccc(C)c(C(C)NC(=O)c2ccc(C3SCC(=O)N3Cc3ccccc3)cc2)c1,0,1,1,0
ioversol,Pulmonary oedema,,,,COc1ccc(C2CC(=O)Oc3ccc4c(c32)OC2(CCCCC2)CC4=O)cc1OCC(N)=O,0,1,0,0
irbesartan,Pulmonary oedema,,,,Cc1ccc(OCCNC(=O)c2ccc(C3SCC(=O)N3Cc3ccccc3)cc2)cc1,0,1,0,0
irinotecan,Pulmonary embolism,,,,COc1ccc(C=C2Oc3c(ccc4c3C(c3cc5ccccc5[nH]c3=O)CC(=O)O4)C2=O)cc1,0,0,0,1
isoproterenol,Pulmonary oedema,,,,CN1CCC(NC(=O)c2ccc(C3SCC(=O)N3Cc3ccccc3)cc2)CC1,0,1,0,0
isoxsuprine,Pulmonary oedema,,,,COc1ccccc1NC(=O)C(=Cc1ccco1)c1ccccc1,0,1,0,0
itraconazole,Pulmonary oedema,,,,CCOC(=O)C1(C(=O)OCC)C(c2ccc(OC)cc2)C1S(=O)(=O)c1ccccc1,0,1,0,0
lansoprazole,Interstitial pneumonia,,,,COc1ccc(Cl)cc1NC(=O)C(=Cc1ccco1)c1ccccc1,1,0,0,0
leflunomide,Interstitial pneumonia,,,,Cc1ccccc1-c1cccc(CN2CCCn3nc(C(C)O)cc3C2)c1,1,0,0,0
letrozole,Pleural effusion; Pulmonary embolism,,,,COc1ccc(C(=O)c2coc3ccc(O)c(CN4CCN(c5ccccc5)CC4)c23)cc1OC,0,0,1,1
Leuprorelin,Pulmonary embolism,,,,N#CCc1ccc(NC(=O)C(=Cc2ccco2)c2ccccc2)cc1,0,0,0,1
Lisinopril,Pleural effusion; Pulmonary embolism; Pulmonary oedema,,,,COC(=O)CC(c1ccc2c(c1)OCO2)c1oc(CN2CC3CC(C2)c2cccc(=O)n2C3)cc(=O)c1O,0,1,1,1
lisuride,Pleural effusion,,,,COc1ccc(N2CCN(C(=O)C(=Cc3ccco3)c3ccccc3)CC2)cc1,0,0,1,0
lomefloxacin,Pulmonary embolism; Pulmonary oedema,,,,COc1ccc(C2C(S(=O)(=O)c3ccccc3)C2(CO)C(=O)O)cc1,0,1,0,1
lorazepam,Pulmonary oedema,,,,COc1cc(OC)c(OC)cc1C=C1Oc2c(ccc3c2C(c2cc(OC)c(OC(C)=O)c(OC)c2)CC(=O)O3)C1=O,0,1,0,0
losartan,Pulmonary oedema,,,,COC(=O)CC(c1ccc(O)cc1)c1oc(CN2CC3CC(C2)c2cccc(=O)n2C3)cc(=O)c1O,0,1,0,0
maprotiline,Interstitial pneumonia,,,,O=C(CC1CC2CCC1C2)N1CCCC(C(=O)N2CCOCC2)C1,1,0,0,0
mecamylamine,Pulmonary oedema,,,,O=C(Nc1cccs1)NC1CCN(c2ccccn2)C1,0,1,0,0
melphalan,Interstitial pneumonia,,,,CCOCC1(N)C(c2ccc(OC)cc2)C1S(=O)(=O)c1ccccc1,1,0,0,0
memantine,Pulmonary embolism; Pulmonary oedema,,,,O=C1CCc2ccc(OCC(=O)N3CCCCC3c3cccnc3)cc2N1,0,1,0,1
5-ASA,Interstitial pneumonia; Pleural effusion,,,,COc1ccc(C2C(S(=O)(=O)c3ccccc3)C2(C=O)NC(=O)OC(C)(C)C)cc1,1,0,1,0
methadone,Pulmonary oedema,,,,OCC(O)c1cc2n(n1)CCN(Cc1ccc(Oc3ccccc3)cc1)C2,0,1,0,0
methotrexate,Interstitial pneumonia; Pleural effusion; Pulmonary embolism; Pulmonary oedema,,,,COc1ccc(C2C(C(N)=S)C2S(=O)(=O)c2ccccc2)cc1,1,1,1,1
methyclothiazide,Pulmonary oedema,,,,CC(C)C1CCC(C(=O)NC(Cc2ccccc2)C(=O)N2CCCCC2c2cccnc2)CC1,0,1,0,0
methylprednisolone,Pulmonary oedema,,,,Cc1ccc(OCC(C)NC(=O)C(=Cc2ccco2)c2ccccc2)cc1,0,1,0,0
methysergide,Pleural effusion,,,,COC(=O)CC(c1ccc(OC)c(OC)c1)c1c(O)cc(C)oc1=O,0,0,1,0
mitoxantrone,Interstitial pneumonia,,,,COc1ccc(C2C(S(=O)(=O)c3ccc(C)cc3)C2(N)C#N)cc1,1,0,0,0
morphine,Pulmonary embolism; Pulmonary oedema,,,,COc1ccc(C2C(C#N)C2S(=O)(=O)c2ccc(C)cc2)cc1,0,1,0,1
moxifloxacin,Pleural effusion,,,,CCOC(=O)C1(C(=O)OCC)C(c2ccc(OC)cc2)C1S(=O)(=O)c1ccc(C)cc1,0,0,1,0
mycophenolate,Interstitial pneumonia; Pleural effusion; Pulmonary embolism; Pulmonary oedema,,,,CCOC(=O)C1(CN)C(c2ccc(OC)cc2)C1S(=O)(=O)c1ccc(C)cc1,1,1,1,1
mycophenolic,Pleural effusion; Pulmonary oedema,,,,Cn1cc(C(NC(=O)CN2CCCCCC2)C2CC(O)C2)cn1,0,1,1,0
nabumetone,Interstitial pneumonia,,,,COc1ccc(C2C(S(=O)(=O)c3ccc(C)cc3)C2(N)CO)cc1,1,0,0,0
nadolol,Pulmonary oedema,,,,CC(=O)c1c2c(c3oc(=O)cc(C)c3c1O)C(c1ccc3ncccc3c1)CC(=O)O2,0,1,0,0
nalbuphine,Pulmonary oedema,,,,CC(NC(=O)CSc1ccccn1)c1ccccc1-n1cccn1,0,1,0,0
naloxone,Pulmonary oedema,,,,COc1ccc(C2C(CO)C2S(=O)(=O)c2ccc(C)cc2)cc1,0,1,0,0
naltrexone,Pulmonary embolism,,,,COC(=O)CC(c1ccc(O)cc1)c1c(O)[nH]cc(C(=O)OC)c1=O,0,0,0,1
nifedipine,Pulmonary oedema,,,,O=C(NC(c1cccs1)C1CC(O)C1)c1ccncc1F,0,1,0,0
nilutamide,Interstitial pneumonia,,,,COc1ccc(CSCC(=O)NC(C)COc2ccc(OC)cc2)cc1,1,0,0,0
nisoldipine,Pleural effusion,,,,COC(=O)C=C(c1cc(OC)c(OC)c(OC)c1)c1c(O)c(O)c(C(CC(=O)OC)c2cc(OC)c(OC)c(OC)c2)c(O)c1O,0,0,1,0
nitrofurantoin,Interstitial pneumonia; Pleural effusion,,,,Cn1ccc2c(C(=O)N3CCCCC3c3cccnc3)cccc21,1,0,1,0
norethisterone,Pulmonary embolism,,,,CCCOc1ccccc1CCCNC(=O)CSCc1ccc(OC)cc1,0,0,0,1
ofloxacin,Interstitial pneumonia; Pleural effusion; Pulmonary embolism; Pulmonary oedema,,,,COc1ccc2[nH]c(=O)c(C3CC(=O)Oc4ccc5c(c43)OC(=Cc3cccc(OC)c3OC)C5=O)cc2c1,1,1,1,1
olanzapine,Pulmonary embolism; Pulmonary oedema,,,,COc1ccc(C2C(S(=O)(=O)c3ccc(Cl)cc3)C2(C#N)C#N)cc1,0,1,0,1
paclitaxel,Interstitial pneumonia; Pleural effusion; Pulmonary embolism,,,,COc1cccc(C=C2Oc3c(ccc4c3C(c3ccnc5ccccc35)CC(=O)O4)C2=O)c1OC,1,0,1,1
pamidronate,Interstitial pneumonia; Pleural effusion; Pulmonary oedema,,,,COc1ccc(CSCC(=O)N(C)Cc2nc(-c3cccc(OC)c3)no2)cc1,1,1,1,0
paroxetine,Pulmonary embolism; Pulmonary oedema,,,,CCOC(=O)C1(C(=O)OCC)C(c2ccc(OC)cc2)C1S(=O)(=O)c1ccc(Cl)cc1,0,1,0,1
D-penicillamine,Interstitial pneumonia,,,,CCOC(=O)C1(N)C(c2ccc(OC)cc2)C1S(=O)(=O)c1ccc(Cl)cc1,1,0,0,0
pentamidine,Interstitial pneumonia,,,,CSCCC(CO)NC(=O)c1cnn(-c2ccccc2Br)c1-n1cccc1,1,0,0,0
pentostatin,Pulmonary embolism,,,,COc1ccc(C2C(S(=O)(=O)c3ccc(Cl)cc3)C2(CN)CN)cc1,0,0,0,1
pergolide,Pleural effusion; Pulmonary embolism; Pulmonary oedema,,,,COc1ccc(C2C(S(=O)(=O)c3ccc(Cl)cc3)C2(CN)CO)cc1,0,1,1,1
propericiazine,Pulmonary embolism,,,,CC(C)C(NC(=O)C1CC(=O)N(c2ccccc2F)C1)c1nc2ccccc2n1C,0,0,0,1
phenylephrine,Pulmonary oedema,,,,COc1ccc(C2C(S(=O)(=O)c3ccc(Cl)cc3)C2(N)CN)cc1,0,1,0,0
pilocarpine,Pulmonary oedema,,,,O=C(O)CC(c1cccnc1)c1c(O)ccc2c1OC(=Cc1cccnc1)C2=O,0,1,0,0
pioglitazone,Pulmonary oedema,,,,CCC(NS(=O)(=O)c1ccc2oc(=O)n(C)c2c1)C1CC(O)C1,0,1,0,0
pramipexole,Pulmonary embolism; Pulmonary oedema,,,,COc1cc(OC)c(C2CC(=O)Oc3cc(C)n(CCc4ccc(O)cc4)c(=O)c32)cc1OC,0,1,0,1
prednisolone,Pulmonary oedema,,,,O=C(Cc1[nH]c(=O)n(CCc2ccccc2)c1O)N1CCCCC1c1cccnc1,0,1,0,0
prednisone,Pulmonary oedema,,,,COc1ccc(C2C(S(=O)(=O)c3ccc(Cl)cc3)C2(N)C(=O)O)cc1,0,1,0,0
procarbazine,Pleural effusion,,,,CCCOc1ccccc1CCCNC(=O)c1cc([N+](=O)[O-])ccc1Cl,0,0,1,0
progesterone,Pulmonary embolism,,,,COCC1(C(=O)O)C(c2ccc(OC)cc2)C1S(=O)(=O)c1ccc(Cl)cc1,0,0,0,1
propafenone,Pleural effusion,,,,COc1cccc(C=C2Oc3c(ccc4c3C(c3ccccc3OCCc3ccc5c(c3)CCO5)CC(=O)O4)C2=O)c1OC,0,0,1,0
propofol,Pulmonary oedema,,,,COCC1(N)C(c2ccc(OC)cc2)C1S(=O)(=O)c1ccc(Cl)cc1,0,1,0,0
pyridostigmine,Pulmonary oedema,,,,CCC(NC(=O)c1cc([N+](=O)[O-])ccc1Cl)c1ccc(C)cc1C,0,1,0,0
quetiapine,Pulmonary embolism,,,,CCOC(=O)Cc1[nH][nH]c(=O)c1C(CC(N)=O)c1ccc2c(c1)n(C)c(=O)n2C,0,0,0,1
rabeprazole,Interstitial pneumonia; Pulmonary embolism,,,,CC(=O)c1c2c(c3oc(=O)cc(C)c3c1O)C(c1ccc3c(c1)OCCO3)CC(=O)O2,1,0,0,1
raloxifene,Pulmonary embolism,,,,COc1ccc(-c2noc(CN(C)C(=O)c3cc([N+](=O)[O-])ccc3Cl)n2)c(OC)c1,0,0,0,1
rapamycin,Pleural effusion; Pulmonary embolism; Pulmonary oedema,,,,COc1ccc(C2C(C(N)=S)C2S(=O)(=O)c2ccc(Cl)cc2)cc1,0,1,1,1
ribavirin,Interstitial pneumonia; Pulmonary embolism; Pulmonary oedema,,,,CS(=O)(=O)C1C(c2ccc3c(c2)OCO3)C1(C#N)C#N,1,1,0,1
riluzole,Pleural effusion; Pulmonary embolism; Pulmonary oedema,,,,Cc1cc(=O)cc(C(=O)NCC2CCCN(CCO)C2)o1,0,1,1,1
ritonavir,Interstitial pneumonia,,,,COC(=O)CC(c1cnn(C)c1)c1oc(CN2CCCCC2)cc(=O)c1O,1,0,0,0
rofecoxib,Pulmonary embolism; Pulmonary oedema,,,,COc1cc(C(=O)NC2CC(C)(C)Oc3ccc(C)cc32)cc(OC)c1OC,0,1,0,1
ropinirole,Pulmonary embolism; Pulmonary oedema,,,,COc1cc(C(=O)NC2CC(C)(C)Oc3cc(C)ccc32)cc(OC)c1OC,0,1,0,1
deprenyl,Pleural effusion; Pulmonary oedema,,,,Cc1ccc2c(c1)OC(C)(C)CC2NC(=O)c1ccc([N+](=O)[O-])c(C)c1,0,1,1,0
sodium,Pulmonary embolism,,,,COC(=O)CC(c1c(O)c2ccccc2oc1=O)c1ccnn1C,0,0,0,1
imatinib,Interstitial pneumonia; Pleural effusion; Pulmonary oedema,,,,CCOc1ccc(CNC(=O)C(C)Sc2ccc(C)cc2)cc1OCC,1,1,1,0
vorinostat,Pulmonary embolism,,,,CS(=O)(=O)C1C(CO)C1c1ccc2c(c1)OCO2,0,0,0,1
succinylcholine,Pulmonary oedema,,,,Cc1ccc(SC(C)C(=O)NCCCc2ccccc2Cl)cc1,0,1,0,0
sulindac,Pleural effusion,,,,COc1ccc(OCC(C)NC(=O)C(C)Sc2ccc(C)cc2)cc1,0,0,1,0
sumatriptan,Pulmonary embolism,,,,Cc1ccc(SC(C)C(=O)Nc2ccccc2C(=O)c2ccccc2)cc1,0,0,0,1
tacrolimus,Pleural effusion; Pulmonary oedema,,,,COC(=O)C(C)NC(=O)C(C)(C)Oc1ccc(C2CC2(Cl)Cl)cc1,0,1,1,0
tamoxifen,Interstitial pneumonia; Pulmonary embolism,,,,Cc1ccc(SC(C)C(=O)NCCCc2ccc(OC(C)C)cc2)cc1,1,0,0,1
temozolomide,Interstitial pneumonia; Pulmonary embolism,,,,CCOc1ccc(CCCNC(=O)C(C)Sc2ccc(C)cc2)cc1,1,0,0,1
testosterone,Pulmonary embolism,,,,Cc1ccc(SC(C)C(=O)NC(C)COc2ccccc2C)cc1,0,0,0,1
thalidomide,Pleural effusion; Pulmonary embolism; Pulmonary oedema,,,,CC(C)C(CO)NC(=O)C1CC(=O)N(Cc2ccccc2)C1,0,1,1,1
thiotepa,Pulmonary oedema,,,,Cc1ccc(SC(C)C(=O)NC2CC(C)(C)Oc3ccc(C)cc32)cc1,0,1,0,0
tibolone,Pulmonary embolism,,,,CCc1c(C)nn(CC(=O)NCC2CCCN(c3ccccn3)C2)c1C,0,0,0,1
timolol,Pulmonary oedema,,,,CCOC(=O)C1(C#N)C(c2ccc3c(c2)OCO3)C1S(=O)(=O)CC,0,1,0,0
tizanidine,Pulmonary embolism; Pulmonary oedema,,,,CCS(=O)(=O)C1C(c2ccc3c(c2)OCO3)C1(C#N)CO,0,1,0,1
topotecan,Pleural effusion; Pulmonary embolism,,,,CCS(=O)(=O)C1C(c2ccc3c(c2)OCO3)C1(C#N)COC,0,0,1,1
tranexamic,Pulmonary embolism; Pulmonary oedema,,,,CCOCC1(C#N)C(c2ccc3c(c2)OCO3)C1S(=O)(=O)CC,0,1,0,1
retinoic,Pleural effusion; Pulmonary oedema,,,,O=C(CC(c1ccc2nccnc2c1)c1c(O)n2ccccc2nc1=O)NCCc1ccc(O)c(O)c1,0,1,1,0
UDCA,Interstitial pneumonia; Pleural effusion,,,,Cc1ccc(SC(C)C(=O)NCCCc2ccc(C(C)C)cc2)cc1,1,0,1,0
venlafaxine,Pulmonary embolism,,,,COc1nnc(CN2CCn3nc(C(O)c4ccnn4C)cc3C2)s1,0,0,0,1
vigabatrin,Pulmonary embolism,,,,CCS(=O)(=O)C1C(c2ccc3c(c2)OCO3)C1(CO)CO,0,0,0,1
vinorelbine,Pulmonary embolism; Pulmonary oedema,,,,Cc1noc(C)c1C1CCCN1C(=O)c1ccc2[nH]c(=O)c(=O)[nH]c2c1,0,1,0,1
zaleplon,Pleural effusion; Pulmonary embolism,,,,Cc1ccc(SCCC(=O)NC(C)COc2ccccc2C)cc1,0,0,1,1
zolmitriptan,Pulmonary oedema,,,,CCS(=O)(=O)C1C(C(=O)O)C1c1ccc2c(c1)OCO2,0,1,0,0
zolpidem,Pulmonary embolism; Pulmonary oedema,,,,Cc1ccc(SCCC(=O)NC(C)c2ccc(N3CCC(C)CC3)cc2)cc1,0,1,0,1
zonisamide,Pulmonary embolism,,,,Cc1ccc(SCCC(=O)NC(C)c2ccc(N3CCCC(C)C3)cc2)cc1,0,0,0,1
mitomycin,Pulmonary oedema,,,,Cc1ccc(SCCC(=O)NC2CC(C)(C)Oc3cc(C)ccc32)cc1,0,1,0,0
oxytocin,Pulmonary oedema,,,,COc1ccc(Cc2n[nH]c(NC(=O)C3CCCN(c4nc(C)cc(C)n4)C3)n2)cc1,0,1,0,0
17-hydroxyprogesterone,Pulmonary embolism,,,,Cc1ccc2c(c1)C(NC(=O)c1ccc(-c3ccccc3)cc1)CC(C)(C)O2,0,0,0,1
triamcinolone,Pulmonary oedema,,,,Cc1ccc(S(=O)(=O)C2C(c3ccc4c(c3)OCO4)C2(N)CO)cc1,0,1,0,0
medroxyprogesterone,Pulmonary embolism,,,,CCOc1ccc(N(C(C)C(=O)N2CCC(Cc3ccccc3)CC2)S(C)(=O)=O)cc1,0,0,0,1
benzathine,Pulmonary embolism,,,,N#CC1(CO)C(c2ccc(Cl)cc2)C1S(=O)(=O)c1ccc(Cl)cc1,0,0,0,1
fluorescein,Pulmonary oedema,,,,COc1ccc(Cl)cc1N(C(C)C(=O)NCCSCc1ccco1)S(C)(=O)=O,0,1,0,0
5-aza-2'-deoxycytidine,Pleural effusion; Pulmonary embolism; Pulmonary oedema,,,,CCOC(=O)C1CCN(C(=O)C(C)N(c2cc(Cl)ccc2OC)S(C)(=O)=O)CC1,0,1,1,1
megestrol,Pulmonary embolism,,,,CC1CC=CCC1COC(=O)C1CC=CCC1,0,0,0,1
gold,Interstitial pneumonia,,,,CCC(NC(=O)CCCN(c1ccc2c(c1)OCO2)S(C)(=O)=O)c1ccc(C)cc1C,1,0,0,0
ogen,Pulmonary embolism,,,,O=C(O)C1CCC(c2cc(F)cc(F)c2)O1,0,0,0,1
Fe(III,Pulmonary oedema,,,,CC1(C)CC(NC(=O)c2scc3c2OCCO3)c2ccccc2O1,0,1,0,0
gadolinium,Pulmonary oedema,,,,COc1ccc2c(c1OC)C(=O)N1CC(=O)N(CC(=O)O)C21,0,1,0,0
conjugated,Pulmonary embolism,,,,NC1CCCCC1NCC1CCCO1,0,0,0,1
oxcarbazepine,Pulmonary oedema,,,,CCC(NC(=O)CCC(F)(F)F)C1CC(O)C1,0,1,0,0
halofantrine,Pulmonary oedema,,,,CCc1ccccc1OC(C)C(=O)NC(C)c1ccc(C)c(C)c1,0,1,0,0
Supremon,Pulmonary embolism,,,,CCOc1ccc(CCCNC(=O)C(C)Oc2ccc(C)c(C)c2)cc1,0,0,0,1
misoprostol,Pulmonary embolism,,,,CC(C)C(Nc1ncncn1)c1nccn1C,0,0,0,1
Goserelin,Pulmonary embolism,,,,CCn1ncnc1C(C)NC(=O)c1cccc(C(C)=O)c1,0,0,0,1
cefpodoxime,Pleural effusion,,,,O=C(Cc1cccc(F)c1)N1CCC(O)(c2ccccc2)C1,0,0,1,0
clarithromycin,Pulmonary embolism,,,,COc1ccc(OC)c(N(C(C)C(=O)NCCCc2cccc(C)c2)S(C)(=O)=O)c1,0,0,0,1
treprostinil,Pulmonary embolism,,,,CCc1ccccc1NC(=O)C(C)N(c1ccc(OC)c(OC)c1)S(C)(=O)=O,0,0,0,1
Gd-DTPA,Pulmonary oedema,,,,CCc1ccc(N(C(C)C(=O)Nc2ccc(Br)cc2)S(C)(=O)=O)cc1,0,1,0,0
fosphenytoin,Pulmonary embolism,,,,CCCn1cnnc1C(C)NC(=O)Cn1cnnn1,0,0,0,1
imiquimod,Pulmonary oedema,,,,O=C(NC(c1ccc2c(c1)CCO2)C1CC(O)C1)c1ccc[nH]1,0,1,0,0
esmolol,Pleural effusion; Pulmonary oedema,,,,CNc1ncccc1CN1CCn2nc(C(O)C3CC3)cc2C1,0,1,1,0
exemestane,Pulmonary embolism,,,,O=C(NCCN1CCNC1=O)C1CCCCN1Cc1ccccc1,0,0,0,1
dexmedetomidine,Pleural effusion; Pulmonary oedema,,,,CC(C)(C)n1ccc(C(=O)N2CCCC(c3ccccc3)C2)c1,0,1,1,0
etoposide,Interstitial pneumonia,,,,CCC(C(=O)NC(C)COc1ccc(OC)cc1)N(c1cc(C)ccc1C)S(C)(=O)=O,1,0,0,0
meropenem,Pleural effusion; Pulmonary embolism; Pulmonary oedema,,,,O=C(COCC1CCCCO1)NCc1nc(-c2ccc(F)cc2)cs1,0,1,1,1
aripiprazole,Pulmonary embolism; Pulmonary oedema,,,,CCC(NC(=O)C(CC)N(c1cc(C)ccc1C)S(C)(=O)=O)c1ccc(C)c(C)c1,0,1,0,1
remifentanil,Pleural effusion; Pulmonary oedema,,,,CCC(C(=O)NC(C)c1ccccc1)N(c1cc(C)cc(C)c1)S(C)(=O)=O,0,1,1,0
pemetrexed,Interstitial pneumonia; Pulmonary embolism,,,,CCc1ccccc1NC(=O)C(CC)N(c1cc(C)cc(C)c1)S(C)(=O)=O,1,0,0,1
capecitabine,Pleural effusion; Pulmonary embolism,,,,CCC(C(=O)NCc1ccc(Cl)cc1Cl)N(c1cc(C)cc(C)c1)S(C)(=O)=O,0,0,1,1
valganciclovir,Pleural effusion,,,,O=C(Cn1cnc2ccccc21)N1CCCC(Cc2nc(C3CC3)no2)C1,0,0,1,0
Meropenem,Pleural effusion; Pulmonary embolism; Pulmonary oedema,,,,COc1cccc(C2CCN(C(=O)c3c[nH]cn3)C2)c1OC,0,1,1,1
Glat,Pleural effusion; Pulmonary embolism,,,,COC(=O)C1C(=O)NC(SCCc2ccccc2)=C(C#N)C1c1ccc(Cl)cc1,0,0,1,1
atosiban,Pulmonary oedema,,,,COc1cccc(C=C(C(=O)Nc2ccc(Cn3cncn3)cc2)n2nnnc2C)c1,0,1,0,0
zoledronic,Pleural effusion,,,,CCNC(=O)N=NC(=O)CCc1ccc(OCc2ccccn2)cc1,0,0,1,0
acamprosate,Pulmonary embolism,,,,N#CC(C(=O)Nc1cccc2ccccc12)C(=O)C1CCCC(C(F)(F)F)C1,0,0,0,1
ropivacaine,Pleural effusion; Pulmonary embolism,,,,Cc1nc(C(C)NS(=O)(=O)N2CCOC(C)C2)no1,0,0,1,1
nebivolol,Pulmonary oedema,,,,COc1ccc(C=CC(=O)N2CCN(c3cc(C)nc4ncnn34)CC2)cc1F,0,1,0,0
Lutalyse,Pulmonary embolism,,,,O=C(C=Cc1ccncc1)OCc1cnc(-c2ccccc2)s1,0,0,0,1
voriconazole,Pleural effusion; Pulmonary embolism; Pulmonary oedema,,,,Cc1ccccc1C1CCCN1CC(O)COC(C)C,0,1,1,1
Terlipressin,Pulmonary oedema,,,,CC(C#N)NC(=O)C=Cc1ccc2c(c1)OCCO2,0,1,0,0
doripenem,Interstitial pneumonia,,,,CC(C(=O)Nc1ncccn1)N1CCSC(c2ccccc2)C1,1,0,0,0
paricalcitol,Pulmonary oedema,,,,O=C(C1CCCC(C(F)(F)F)C1)N1CCCN(Cc2ccc(C(F)(F)F)cc2)CC1,0,1,0,0
rosiglitazone,Pleural effusion; Pulmonary oedema,,,,COC(=O)CC(NC(=O)C1CC1c1ccc(C)s1)c1ccc(SC)cc1,0,1,1,0
bexarotene,Pleural effusion; Pulmonary oedema,,,,COc1cc(C(C#N)=Cc2ccc(F)c(F)c2)ccc1[N+](=O)[O-],0,1,1,0
Ge-132,Pulmonary oedema,,,,O=C(c1ccc(-c2noc(C(F)(F)F)n2)cc1)N1CC2C3CCC(O3)C2C1,0,1,0,0
ketorolac,Pulmonary embolism; Pulmonary oedema,,,,N#CC(=Cc1cccc2c1OCCCO2)c1ncc(C(F)(F)F)cc1Cl,0,1,0,1
bortezomib,Pleural effusion; Pulmonary embolism; Pulmonary oedema,,,,CCOC(=O)c1ccc(NC(=O)C2CCC(n3c(O)c4c(c3O)C3C=CC4C4CC34)CC2)cc1,0,1,1,1
nelarabine,Pleural effusion,,,,COC(=O)C1(C)NC(c2ccccc2F)c2c1c(O)n(C)c2O,0,0,1,0
bosentan,Pulmonary oedema,,,,CCOc1ccccc1N(CC(=O)N(Cc1cccc(C)c1)C(Cc1ccccc1)C(=O)NCC(C)C)S(=O)(=O)c1ccc(SC)cc1,0,1,0,0
68Ga,Pleural effusion,,,,CNC(=O)C(Cc1ccccc1)N(Cc1ccccc1F)C(=O)CCCN(c1cccc(C(F)(F)F)c1)S(C)(=O)=O,0,0,1,0
paliperidone,Pulmonary embolism,,,,Cc1cc(C2C(c3ccccn3)N=C3SC(C)CN32)c(C)n1C1CC1,0,0,0,1
clofarabine,Pleural effusion; Pulmonary oedema,,,,COC(=O)c1cn(C(=O)C2CCN(Cc3ccc(Cl)cc3)CC2)c2ccccc12,0,1,1,0
valdecoxib,Pleural effusion; Pulmonary embolism; Pulmonary oedema,,,,Cc1ccc(SCC(=O)N(Cc2ccccc2)C(C)C(=O)NC(C)(C)C)cc1,0,1,1,1
parecoxib,Pulmonary embolism,,,,COC(=O)c1cn(C(=O)c2ccc(CN3CCCCCC3)cc2)c2ccccc12,0,0,0,1
rasagiline,Interstitial pneumonia; Pleural effusion,,,,CCOc1ncccc1C(=O)NC(Cc1ccccn1)C1CC(O)C1,1,0,1,0
SU5416,Pulmonary embolism,,,,CNC(=O)C(C)N(Cc1ccc(Cl)cc1Cl)C(=O)CN(c1ccccc1)S(C)(=O)=O,0,0,0,1
Cancidas,Pleural effusion; Pulmonary oedema,,,,CC(=O)N1Cc2cccnc2C(C(=O)N2CCCC(C)C2)C1,0,1,1,0
gefitinib,Interstitial pneumonia; Pleural effusion,,,,CCc1ccc(CC)c(CNC(=O)c2ccc(Cl)cc2F)c1,1,0,1,0
Trisequens,Pulmonary embolism,,,,Cc1ccc2c(c1)C(NC(=O)CCc1ccc3c(c1)OCO3)CC(C)(C)O2,0,0,0,1
pregabalin,Pleural effusion; Pulmonary embolism; Pulmonary oedema,,,,CC(C)CNC(=O)C(Cc1ccccc1)N(Cc1cccc(Cl)c1)C(=O)CCCN(c1ccc2c(c1)OCCO2)S(C)(=O)=O,0,1,1,1
pixantrone,Pleural effusion,,,,CCC(C)NC(=O)c1ccccc1NC(=O)CSCc1ccc(Cl)cc1Cl,0,0,1,0
pomalidomide,Pulmonary embolism,,,,CN1C(=S)NC(c2ccccn2)C1c1ccc[nH]1,0,0,0,1
posaconazole,Interstitial pneumonia; Pulmonary embolism,,,,CC(C(=O)NCc1ccccc1)N(Cc1ccc(Cl)cc1)C(=O)CCc1ccc(S(=O)(=O)NC2CC2)cc1,1,0,0,1
temsirolimus,Interstitial pneumonia; Pleural effusion; Pulmonary embolism,,,,CNC(=O)C(C)N(Cc1cccc(OC)c1)C(=O)CCSCc1ccccc1,1,0,1,1
eplerenone,Pulmonary oedema,,,,CC(C(=O)NC(C)(C)C)N(Cc1ccc(Cl)cc1)C(=O)CSCc1c(F)cccc1Cl,0,1,0,0
ertapenem,Pleural effusion; Pulmonary embolism,,,,CCC(C(=O)NC(C)C)N(Cc1cccc(OC)c1)C(=O)CN(c1ccccc1)S(=O)(=O)c1ccc(F)cc1,0,0,1,1
aprepitant,Pulmonary embolism,,,,CCc1noc(-c2cnc(C)nc2N2CCCC(C(=O)NCc3csc(CC)n3)C2)n1,0,0,0,1
bazedoxifene,Pulmonary embolism,,,,CCC(C(=O)NC(C)C)N(Cc1ccc(OC)cc1)C(=O)CCc1ccccc1,0,0,0,1
asenapine,Pulmonary embolism,,,,CCOc1ccccc1N(CCCC(=O)N(Cc1ccc(OC)cc1)C(C)C(=O)NC)S(C)(=O)=O,0,0,0,1
gadopentetate,Pulmonary oedema,,,,CCCN1C(=S)NC(c2ccccn2)C1c1cc(C)n(-c2ccccc2Cl)c1C,0,1,0,0
vinflunine,Pulmonary embolism; Pulmonary oedema,,,,CCCN1C(=S)NC(c2ccccn2)C1c1cc(C)n(-c2ccccc2O)c1C,0,1,0,1
Anidulafungin,Pleural effusion,,,,Cc1ccc(S(=O)(=O)N(CC(=O)N(Cc2ccc(Cl)cc2Cl)C(C)C(=O)NC(C)(C)C)c2cccc(Cl)c2Cl)cc1,0,0,1,0
varenicline,Pulmonary embolism,,,,CCC(C(=O)NC)N(Cc1ccccc1)C(=O)CN(C)S(=O)(=O)c1ccc2ccccc2c1,0,0,0,1
erlotinib,Interstitial pneumonia,,,,CCCCNC(=O)C(C)N(Cc1ccccc1C)C(=O)Cc1ccccc1[N+](=O)[O-],1,0,0,0
gadobenate,Pulmonary embolism; Pulmonary oedema,,,,Cc1cc(C2C(c3ccccn3)NC(=S)N2CCN2CCOCC2)c(C)n1-c1cccc(C(F)(F)F)c1,0,1,0,1
ambrisentan,Pleural effusion; Pulmonary oedema,,,,Cc1cccc(OCC(=O)N(CCc2ccccc2)C(C)C(=O)NC(C)(C)C)c1,0,1,1,0
L-Dmp,Pulmonary embolism; Pulmonary oedema,,,,Cc1ccc(S(=O)(=O)NC(C)c2ccc3c(c2)CCC3)cc1,0,1,0,1
lurasidone,Pulmonary embolism,,,,COc1ccc(CN(C(=O)COc2ccc(S(=O)(=O)N3CCOCC3)cc2)C(Cc2ccccc2)C(=O)NCCCO)cc1,0,0,0,1
sitaxsentan,Pleural effusion; Pulmonary embolism,,,,CCC(C(=O)NC)N(Cc1ccc(F)cc1)C(=O)Cc1c(Cl)cccc1Cl,0,0,1,1
tolvaptan,Pulmonary embolism,,,,CCC(C)NC(=O)C(C)N(Cc1ccc(Br)cc1)C(=O)COc1cccc2ccccc12,0,0,0,1
sorafenib,Interstitial pneumonia; Pleural effusion,,,,CC(=O)Nc1nnc(S(=O)(=O)NC2CC3CCC2C3)s1,1,0,1,0
lenalidomide,Interstitial pneumonia; Pleural effusion; Pulmonary embolism; Pulmonary oedema,,,,COC(=O)c1cc(S(=O)(=O)NC(C)COc2ccc(C)cc2)ccc1Cl,1,1,1,1
lasofoxifene,Pulmonary embolism,,,,COc1ccc(CN(C(=O)CCc2ccc(S(=O)(=O)N3CCCC3)cc2)C(Cc2ccccc2)C(=O)NCc2ccc3c(c2)OCO3)cc1,0,0,0,1
carboprost,Pulmonary oedema,,,,CCNC(=O)C(CC)N(Cc1ccc(OC)cc1)C(=O)CN1C(=O)c2ccccc2S1(=O)=O,0,1,0,0
CAS,Pulmonary embolism; Pulmonary oedema,,,,CCC(C(=O)NC1CCCC1)N(Cc1ccc(OC)cc1)C(=O)CN(c1ccc2c(c1)OCO2)S(C)(=O)=O,0,1,0,1
cefditoren,Interstitial pneumonia,,,,Cc1cccc(C(=O)Nc2nnc(S(=O)(=O)NC(C)c3ccc(F)cc3)s2)c1,1,0,0,0
FK463,Pulmonary embolism,,,,CCCNC(=O)C(C)N(Cc1ccccc1Cl)C(=O)CSCc1cccc(Cl)c1,0,0,0,1
nilotinib,Pleural effusion; Pulmonary oedema,,,,CS(=O)(=O)N(CC(=O)N(Cc1ccc(Cl)cc1Cl)C(Cc1ccccc1)C(=O)NC1CCCCC1)c1cccc(Br)c1,0,1,1,0
propylthiouracil,Interstitial pneumonia,,,,COc1ccc(Cl)cc1NS(=O)(=O)c1cccc(C(=O)NN)c1,1,0,0,0
dasatinib,Pleural effusion; Pulmonary embolism; Pulmonary oedema,,,,Nc1ccc(NC2CCSC2)c(F)c1,0,1,1,1
Estrofem,Pulmonary embolism,,,,CN(C)CCOCCNS(=O)(=O)c1cccc(F)c1C#N,0,0,0,1
copolymer,Pleural effusion; Pulmonary embolism,,,,O=S(=O)(CBr)NCCOCC(F)F,0,0,1,1
Photofrin,Pleural effusion,,,,CCNC(C)c1nnnn1C(C)C1CCCC1,0,0,1,0
axitinib,Pulmonary embolism,,,,COCCNC(C)c1nnnn1-c1cccc(C)c1Br,0,0,0,1
sunitinib,Pleural effusion; Pulmonary embolism; Pulmonary oedema,,,,CCCNC(C)c1nnnn1-c1cccc(C)c1Br,0,1,1,1
2-hydroxysuccinaldehyde,Pulmonary embolism,,,,CC1CCC(CNC(=O)C(C)C(C)N)CC1,0,0,0,1
hydroxocobalamin,Pleural effusion; Pulmonary oedema,,,,CCC1CCN(CC(=O)Nc2ccc(Cl)c(N)c2)C1,0,1,1,0
tolcapone,Pulmonary embolism; Pulmonary oedema,,,,CCCOc1ccccc1C(O)CSCC,0,1,0,1
polyoxyethylene,Pulmonary oedema,,,,Cc1c(Br)cccc1C(Cc1cccc(F)c1Br)NN,0,1,0,0
bosutinib,Pleural effusion; Pulmonary oedema,,,,NNC(CCCC(F)(F)F)CCC1CCCO1,0,1,1,0
arsenic,Pleural effusion; Pulmonary oedema,,,,CC(N)c1ncn(CC(=O)Nc2cccc(F)c2)n1,0,1,1,0
balsalazide,Pleural effusion,,,,CCc1nnc(Nc2ccc(C(=O)O)c(Cl)c2)nc1CC,0,0,1,0
CGP,Pleural effusion,,,,O=C(O)CC1(CO)CCS(=O)(=O)CC1,0,0,1,0
rifapentine,Pleural effusion,,,,CCCCC(CC)(CNCC)C[Si](C)(C)C,0,0,1,0
eribulin,Pulmonary embolism,,,,CCC(C)(CC)NS(=O)(=O)c1cc(Cl)cc(CO)c1Cl,0,0,0,1
auranofin,Interstitial pneumonia,,,,CS(=O)(=O)NCCCNc1nc(=O)c2cc(N)ccc2[nH]1,1,0,0,0
cefdinir,Interstitial pneumonia,,,,COc1ccc(C#N)c(NCCc2ncon2)c1,1,0,0,0
everolimus,Pleural effusion; Pulmonary embolism; Pulmonary oedema,,,,CC(C)(SCCOc1ccccc1F)C(N)C(=O)O,0,1,1,1
ixabepilone,Pulmonary oedema,,,,CCCNC(c1c(C)ccnc1N)C1CSCCN1C,0,1,0,0
leuprorelin,Pleural effusion; Pulmonary embolism,,,,Cc1cc(Br)cc(N)c1NC(=O)c1ccoc1Br,0,0,1,1
trans,Pulmonary embolism; Pulmonary oedema,,,,CCN=C(NCc1cccc(COCc2ccccc2)c1)NCC1(CCO)CCOC1,0,1,0,1
pazopanib,Pulmonary embolism,,,,Nc1cc(CCC2CN(Cc3cccc4[nH]ccc34)CCO2)ccn1,0,0,0,1
boceprevir,Pulmonary embolism,,,,Cc1cccc2cc(CNC(=O)C(C)(C)C)c(=O)[nH]c12,0,0,0,1
Zyprexa,Pulmonary embolism,,,,CC(CCO)CNC(=O)NC(c1ccc(Cl)cc1)C1CCC1,0,0,0,1
LY146032,Pleural effusion,,,,CSCCC(C)NC(=O)NC(=O)C=CC(=O)O,0,0,1,0
Insulin,Pleural effusion,,,,CCOC(C)CNS(=O)(=O)N1CCNCC1,0,0,1,0
Bivalirudin,Pleural effusion; Pulmonary oedema,,,,C#CCC(C)N1C(=O)CC(C)(C)CC1=O,0,1,1,0
BPTI,Pleural effusion; Pulmonary embolism; Pulmonary oedema,,,,C#CCC(C)Nc1cc(F)cc(F)c1[N+](=O)[O-],0,1,1,1
Refludan,Pulmonary embolism,,,,CCOC(C)CNC(=O)c1ccc(F)cc1C#CCO,0,0,0,1
insulin,Pulmonary oedema,,,,CC(C#N)NCCC1CCC1,0,1,0,0
ponatinib,Pleural effusion; Pulmonary embolism,,,,CCOCC(=O)N1CCCC2(CC(OCc3ccncc3)CO2)C1,0,0,1,1
hetastarch,Pulmonary oedema,,,,Cc1nn(C)c(C(=O)NN=Cc2ccc(F)s2)c1Cl,0,1,0,0
Nafarelin,Interstitial pneumonia; Pleural effusion; Pulmonary embolism,,,,COc1ccc(S(=O)(=O)N(CC(=O)NC(C)c2ccc3c(c2)CCC3)c2ccccc2OC)cc1,1,0,1,1
cabozantinib,Pulmonary embolism,,,,Cc1ccc(N(CC(=O)N(Cc2ccc(Cl)cc2Cl)C(Cc2ccccc2)C(=O)NC2CCCC2)S(=O)(=O)c2ccc(F)cc2)cc1,0,0,0,1
Promacta,Pulmonary embolism,,,,COc1ccc2c(c1)C13CCN(CCN4CCCC4)C(C2)C12CCC1C3C(C2)C(=O)N1Cc1ccccc1,0,0,0,1
tigecycline,Pleural effusion,,,,CS(=O)(=O)c1ccc(Nc2nc(N3CCCC(NC(=O)C4CC5CCC(C4)N5CC4CCN(c5ccc6c(c5)C(=O)N(C5CCC(=O)NC5=O)C6=O)CC4)C3)cnc2C(N)=O)cc1,0,0,1,0
pegaptanib,Pleural effusion,,,,Cc1nccnc1CN1CC(NS(C)(=O)=O)C(C(C)C)C1,0,0,1,0
x,Interstitial pneumonia; Pulmonary oedema,,,,Nc1nc(N2CCC3(CC2)Cc2ccccc2C3N)cnc1C(=O)N1CCCn2nccc21,1,1,0,0
Docetaxel,Pulmonary embolism,,,,CC(=O)OC12COC1CC(O)C1(C)C(=O)C(=O)C3C(C)C(OC(=O)C(O)C(NC(=O)OC(C)(C)C)c4ccccc4)CC(O)(C(OC(=O)c4ccccc4)C21)C3(C)C,0,0,0,1
Valproic Acid,ILD,,,,CCCC(CCC)C(=O)O,1,0,0,0
Cyclophosphamide,ILD,,,,O=P1(N(CCCl)CCCl)NCCCO1,1,0,0,0
Tretinoin,Pulmonary embolism,,,,CC(C=CC1=C(C)CCCC1(C)C)=CC=CC(C)=CC(=O)O,0,0,0,1
Pertussis Toxin,Pulmonary edema,,,,CCC(C)C(NC(=O)CNC(=O)C(NC(=O)C(Cc1ccccc1)NC(=O)C(CCCCN)NC(=O)C(CO)NC(=O)C(CC(N)=O)NC(=O)C(C)NC(=O)C(CCCCN)NC(=O)C(NC(=O)C(Cc1ccc(O)cc1)NC(=O)C(CCC(N)=O)NC(=O)C(N)CCSC)C(C)CC)C(C)CC)C(=O)NC(C(=O)NC(CCC(=O)O)C(=O)NC(CCCN=C(N)N)C(=O)NC(Cc1ccccc1)C(=O)N1CCCC1C(=O)NC(CCCNC(=N)N)C(=O)N1CCCC1C(=O)NC(CC(=O)O)C(=O)NCC(=O)NC(CCCNC(=N)N)C(=O)NC(CCC(=O)O)C(=O)NC(C)C(=O)NC(C(=O)NC(C)C(=O)NC(Cc1ccc(O)cc1)C(=O)NC(CCCNC(=N)N)C(=O)NC(Cc1ccccc1)C(=O)NC(CCC(=O)O)C(=O)NC(CCC(=O)O)C(=O)NC(CC(=O)O)C(=O)NC(C(=O)NC(Cc1ccccc1)C(=O)NCC(=O)NC(Cc1ccccc1)C(=O)N1CCCC1C(=O)NC(CCCCN)C(=O)NC(Cc1cnc[nH]1)C(=O)NC(CC(C)C)C(=O)NC(CC(C)C)C(=O)NC(C(=O)NC(CC(=O)O)C(=O)NC(Cc1ccccc1)C(=O)NC(CC(C)C)C(=O)NC(CCC(N)=O)C(=O)NC(CO)C(=O)NC(CC(C)C)C(=O)NC(CO)C(=O)O)C(C)C)C(C)CC)C(C)C)C(C)O,0,1,0,0
Indomethacin,Pleural effusion,,,,COc1ccc2c(c1)c(CC(=O)O)c(C)n2C(=O)c1ccc(Cl)cc1,0,0,1,0
Ampicillin,Pleural effusion,,,,CC1(C)SC2C(NC(=O)C(N)c3ccccc3)C(=O)N2C1C(=O)O,0,0,1,0
Sulfasalazine,ILD,,,,O=C(O)c1cc(N=Nc2ccc(S(=O)(=O)Nc3ccccn3)cc2)ccc1O,1,0,0,0
Doxorubicin,Pulmonary embolism,,,,COc1cccc2c(O)c3c(c(O)c12)C(=O)C1=C(CC(O)(C(=O)CO)CC1OC1CC(N)C(O)C(C)O1)C3=O,0,0,0,1
Thalidomide,ILD,,,,O=C1CCC(N2C(=O)c3ccccc3C2=O)C(=O)N1,1,0,0,0
adefovir dipivoxil,Pleural effusion,,,,CC(C)(C)C(=O)OCOP(=O)(COCCn1cnc2c(N)ncnc21)OCOC(=O)C(C)(C)C,0,0,1,0
Clomiphene,Pleural effusion,,,,CCN(CC)CCOc1ccc(C(=C(Cl)c2ccccc2)c2ccccc2)cc1,0,0,1,0
FK 973,Pleural effusion,,,,CC(=O)Oc1cc(C=O)cc2c1C(COC(N)=O)C1(OC(C)=O)ON2CC2C1N2C(C)=O,0,0,1,0
Minoxidil,Pleural effusion,,,,N=c1cc(N2CCCCC2)nc(N)n1O,0,0,1,0
Nitrofurantoin,ILD,,,,O=c1[nH]c(O)cn1N=Cc1ccc([N+](=O)[O-])o1,1,0,0,0
bisphenol A,ILD,,,,CC(C)(c1ccc(O)cc1)c1ccc(O)cc1,1,0,0,0
perfluorooctane sulfonic acid,ILD,,,,O=S(=O)(O)C(F)(F)C(F)(F)C(F)(F)C(F)(F)C(F)(F)C(F)(F)C(F)(F)C(F)(F)F,1,0,0,0
Alloxan,Pulmonary edema,,,,O=C1NC(=O)C(=O)C(=O)N1,0,1,0,0
Ethanol,Pulmonary edema,,,,CCO,0,1,0,0
Oleic Acid,Pulmonary edema,,,,CCCCCCCCC=CCCCCCCCC(=O)O,0,1,0,0
Chlorpyrifos,Pulmonary edema,,,,CCOP(=S)(OCC)Oc1nc(Cl)c(Cl)cc1Cl,0,1,0,0
Iohexol,Pulmonary edema,,,,CC(=O)N(CC(O)CO)c1c(I)c(C(=O)NCC(O)CO)c(I)c(C(=O)NCC(O)CO)c1I,0,1,0,0
Dinoprost,Pulmonary edema,,,,CCCCCC(O)C=CC1C(O)CC(O)C1CC=CCCCC(=O)O,0,1,0,0
Aspirin,Pulmonary edema,,,,CC(=O)Oc1ccccc1C(=O)O,0,1,0,0
glyceryl 2-arachidonate,Pulmonary edema,,,,CCCCCC=CCC=CCC=CCC=CCCCC(=O)OC(CO)CO,0,1,0,0
"3-(2-hydroxy-4-(1,1-dimethylheptyl)phenyl)-4-(3-hydroxypropyl)cyclohexanol",Pulmonary edema,,,,CCCCCCC(C)(C)c1ccc(C2CC(O)CCC2CCCO)c(O)c1,0,1,0,0
Glycyrrhizic Acid,Pulmonary edema,,,,CC1(C(=O)O)CCC2(C)CCC3(C)C(=C2C1)CC(=O)C1C2(C)CCC(OC4OC(C(=O)O)C(O)C(O)C4OC4OC(C(=O)O)C(O)C(O)C4O)C(C)(C)C2CCC13C,0,1,0,0
alpha-naphthyl thiourea,Pulmonary edema,,,,NC(=S)Nc1cccc2ccccc12,0,1,0,0
imidacloprid,Pulmonary edema,,,,O=[N+]([O-])NC1=NCCN1Cc1ccc(Cl)nc1,0,1,0,0
Methamphetamine,Pulmonary edema,,,,CNC(C)Cc1ccccc1,0,1,0,0
riddelliine,Pulmonary edema,,,,C=C1CC(=CC)C(=O)OC2CCN3CC=C(COC(=O)C1(O)CO)C23,0,1,0,0
Phosgene,Pulmonary edema,,,,O=C(Cl)Cl,0,1,0,0
Dronabinol,Pulmonary edema,,,,CCCCCc1cc(O)c2c(c1)OC(C)(C)C1CCC(C)=CC21,0,1,0,0
allyl chloride,Pulmonary edema,,,,C=CCCl,0,1,0,0
didecyldimethylammonium,ILD,,,,CCCCCCCCCC[N+](C)(C)CCCCCCCCCC,1,0,0,0
Amitriptyline,Pulmonary edema,,,,CN(C)CCC=C1c2ccccc2CCc2ccccc21,0,1,0,0
Mitomycin,Pulmonary edema,,,,C=c1c(N)c(O)c2c(c1O)N1CC3NC3C1(OC)C=2COC(N)=O,0,1,0,0
Nicotine,ILD,,,,CN1CCCC1c1cccnc1,1,0,0,0
Lidocaine,Pulmonary edema,,,,CCN(CC)CC(=O)Nc1c(C)cccc1C,0,1,0,0
Mustard Gas,ILD,,,,ClCCSCCCl,1,0,0,0
Ketamine,Pulmonary edema,,,,CNC1(c2ccccc2Cl)CCCCC1=O,0,1,0,0
Amphetamine,Pulmonary edema,,,,CC(N)Cc1ccccc1,0,1,0,0
Ephedrine,Pulmonary edema,,,,CNC(C)C(O)c1ccccc1,0,1,0,0
Soman,Pulmonary edema,,,,CC(OP(C)(=O)F)C(C)(C)C,0,1,0,0
Heroin,Pulmonary edema,,,,CC(=O)Oc1ccc2c3c1OC1C(OC(C)=O)C=CC4C(C2)N(C)CCC341,0,1,0,0
Disulfiram,Pulmonary edema,,,,CCN(CC)C(=S)SSC(=S)N(CC)CC,0,1,0,0
Acrolein,Pulmonary edema,,,,C=CC=O,0,1,0,0
Mechlorethamine,ILD,,,,CN(CCCl)CCCl,1,0,0,0
"13,14-dihydroprostaglandin E1",Pulmonary edema,,,,CCCCCC(O)CCC1C(O)CC(=O)C1CCCCCCC(=O)O,0,1,0,0
Bupivacaine,Pulmonary edema,,,,CCCCN1CCCCC1C(=O)Nc1c(C)cccc1C,0,1,0,0
Creatine,Pulmonary edema,,,,CN(CC(=O)O)C(=N)N,0,1,0,0
cyclocreatine,ILD,,,,NC1=NCCN1CC(=O)O,1,0,0,0
Diatrizoate,Pulmonary edema,,,,CC(=O)Nc1c(I)c(NC(C)=O)c(I)c(C(=O)O)c1I,0,1,0,0
dibenzothiophene,Pulmonary edema,,,,c1ccc2c(c1)sc1ccccc12,0,1,0,0
Fenfluramine,Pulmonary edema,,,,CCNC(C)Cc1cccc(C(F)(F)F)c1,0,1,0,0
Iprindole,Pulmonary edema,,,,CN(C)CCCn1c2c(c3ccccc31)CCCCCC2,0,1,0,0
Methoxamine,Pulmonary edema,,,,COc1ccc(OC)c(C(O)C(C)N)c1,0,1,0,0
Methylergonovine,Pulmonary edema,,,,CCC(CO)NC(=O)C1C=C2c3cccc4[nH]cc(c34)CC2N(C)C1,0,1,0,0
Moricizine,Pulmonary edema,,,,CCOC(=O)Nc1ccc2c(c1)N(C(=O)CCN1CCOCC1)c1ccccc1S2,0,1,0,0
Nordefrin,Pulmonary edema,,,,CC(N)C(O)c1ccc(O)c(O)c1,0,1,0,0
octamethylcyclotetrasiloxane,ILD,,,,C[Si]1(C)O[Si](C)(C)O[Si](C)(C)O[Si](C)(C)O1,1,0,0,0
Thiourea,Pulmonary edema,,,,NC(N)=S,0,1,0,0
Timolol,Pulmonary edema,,,,CC(C)(C)NCC(O)COc1nsnc1N1CCOCC1,0,1,0,0
troclosene,Pulmonary edema,,,,O=c1[nH]c(=O)n(Cl)c(=O)n1Cl,0,1,0,0
Mannitol,Pulmonary embolism,,,,OCC(O)C(O)C(O)C(O)CO,0,0,0,1
Terbutaline,Pulmonary edema,,,,CC(C)(C)NCC(O)c1cc(O)cc(O)c1,0,1,0,0
Chlorpheniramine,Pulmonary edema,,,,CN(C)CCC(c1ccc(Cl)cc1)c1ccccn1,0,1,0,0
Malondialdehyde,Pulmonary embolism,,,,O=CCC=O,0,0,0,1
Medroxyprogesterone Acetate,Pulmonary embolism,,,,CC(=O)OC1(C(C)=O)CCC2C3CC(C)=C4CC(=O)CCC4(C)C3CCC21C,0,0,0,1
"15-Hydroxy-11 alpha,9 alpha-(epoxymethano)prosta-5,13-dienoic Acid",Pulmonary embolism,,,,CCCCCC(O)C=CC1C2CC(CO2)C1CC=CCCCC(=O)O,0,0,0,1
Gentamicins,Pulmonary embolism,,,,CNC(C)C1CCC(N)C(OC2C(N)CC(N)C(OC3OCC(C)(O)C(NC)C3O)C2O)O1,0,0,0,1
Norethindrone,Pulmonary embolism,,,,C#CC1(O)CCC2C3CC=C4CC(=O)CCC4C3CCC21C,0,0,0,1
Cyclosporine,Pulmonary embolism,,,,CC=CCC(C)C(O)C1C(=O)NC(CC)C(=O)N(C)CC(=O)N(C)C(CC(C)C)C(=O)NC(C(C)C)C(=O)N(C)C(CC(C)C)C(=O)NC(C)C(=O)NC(C)C(=O)N(C)C(CC(C)C)C(=O)N(C)C(CC(C)C)C(=O)N(C)C(C(C)C)C(=O)N1C,0,0,0,1
Ethinyl Estradiol,Pulmonary embolism,,,,C#CC1(O)CCC2C3CCc4cc(O)ccc4C3CCC21C,0,0,0,1
Tamoxifen,Pulmonary embolism,,,,CCC(=C(c1ccccc1)c1ccc(OCCN(C)C)cc1)c1ccccc1,0,0,0,1
Diethylstilbestrol,Pulmonary embolism,,,,CC=C(c1ccc(O)cc1)C(CC)c1ccc(O)cc1,0,0,0,1
Desogestrel,Pulmonary embolism,,,,C#CC1(O)CCC2C3CCC4=CCCCC4C3C(=C)CC21CC,0,0,0,1
Tadalafil,Pulmonary embolism,,,,CN1CC(=O)N2C(Cc3c([nH]c4ccccc34)C2c2ccc3c(c2)OCO3)C1=O,0,0,0,1
Paclitaxel,ILD,,,,CC(=O)OC1=C2C(C)C(OC(=O)C(O)C(NC(=O)c3ccccc3)c3ccccc3)CC(O)(C(OC(=O)c3ccccc3)C3C4(OC(C)=O)COC4CC(O)C3(C)C1=O)C2(C)C,1,0,0,0
Zoledronic Acid,Pulmonary embolism,,,,O=P(O)(O)C(O)(Cn1ccnc1)P(=O)(O)O,0,0,0,1
Cephalosporins,Pulmonary embolism,,,,C=C1CSC(C(NC(=O)CCCCC(N)C(=O)O)C(=O)O)N=C1C(=O)O,0,0,0,1
Cyproterone Acetate,Pulmonary embolism,,,,CC(=O)OC1(C(C)=O)CCC2C3=CC(Cl)=C4CC(=O)C5CC5C4(C)C3CCC21C,0,0,0,1
Nelfinavir,Pulmonary embolism,,,,Cc1c(O)cccc1C(=O)NC(CSc1ccccc1)C(O)CN1CC2CCCCC2CC1C(=O)NC(C)(C)C,0,0,0,1
Succinylcholine,Pulmonary embolism,,,,C[N+](C)(C)CCOC(=O)CCC(=O)OCC[N+](C)(C)C,0,0,0,1
Monocrotaline,ILD,,,,CC1C(=O)OC2CCN3CC=C(COC(=O)C(C)(O)C1(C)O)C23,1,0,0,0
2-chloroethyl ethyl sulfide,ILD,,,,CCSCCCl,1,0,0,0
diisononyl phthalate,ILD,,,,CC(C)CCCCCCOC(=O)c1ccccc1C(=O)OCCCCCCC(C)C,1,0,0,0
"2-(1-carboxy-2-(3-(3,5-dichlorobenzyl)-3H-imidazol-4-yl)ethylamino)-4-methylpentanoic acid",ILD,,,,CC(C)CC(NC(Cc1cncn1Cc1cc(Cl)cc(Cl)c1)C(=O)O)C(=O)O,1,0,0,0
"Nanotubes, Carbon",ILD,,,,[C],1,0,0,0
Formaldehyde,ILD,,,,C=O,1,0,0,0
1-nitropyrene,ILD,,,,O=[N+]([O-])c1ccc2ccc3cccc4ccc1c2c34,1,0,0,0
chrysene,ILD,,,,c1ccc2c(c1)ccc1c3ccccc3ccc21,1,0,0,0
silicon carbide,ILD,,,,[C-]#[Si+],1,0,0,0
bleomycetin,ILD,,,,Cc1c(N)nc(C(CC(N)=O)NCC(N)C(N)=O)nc1C(=O)NC(C(=O)NC(C)C(O)C(C)C(=O)NC(C(=O)NCCc1nc(-c2nc(C(=O)NCCCNCCCCN)cs2)cs1)C(C)O)C(OC1OC(CO)C(O)C(O)C1OC1OC(CO)C(O)C(OC(N)=O)C1O)c1c[nH]cn1,1,0,0,0
methyl isocyanate,ILD,,,,CN=C=O,1,0,0,0
Minocycline,ILD,,,,CN(C)c1ccc(O)c2c1CC1CC3C(N(C)C)C(=O)C(C(N)=O)C(=O)C3(O)C(=O)C1C2=O,1,0,0,0
Carboplatin,ILD,,,,O=C(O)C1(C(=O)O)CCC1.[Pt+2],1,0,0,0
Benzene,ILD,,,,c1ccccc1,1,0,0,0
Aldicarb,ILD,,,,CNC(=O)ON=CC(C)(C)SC,1,0,0,0
DDT,ILD,,,,Clc1ccc(C(c2ccc(Cl)cc2)C(Cl)(Cl)Cl)cc1,1,0,0,0
Hexachlorocyclohexane,ILD,,,,ClC1C(Cl)C(Cl)C(Cl)C(Cl)C1Cl,1,0,0,0
Propylthiouracil,ILD,,,,CCCc1cc(=O)[nH]c(=S)[nH]1,1,0,0,0
Phytol,ILD,,,,CC(=CCO)CCCC(C)CCCC(C)CCCC(C)C,1,0,0,0
Tripelennamine,ILD,,,,CN(C)CCN(Cc1ccccc1)c1ccccn1,1,0,0,0
ripasudil,,,,,CC1CNCCCN1S(=O)(=O)c1cccc2cncc(F)c12,0,0,0,0
glycobiarsol,,,,,O=[Bi]O[As](=O)(O)c1ccc(NC(=O)CO)cc1,0,0,0,0
Distigmine,,3116.0,,,CN(CCCCCCN(C)C(=O)Oc1ccc[n+](C)c1)C(=O)Oc1ccc[n+](C)c1,0,0,0,0
Elinogrel,,16066663.0,,,CNc1cc2[nH]c(=O)n(-c3ccc(NC(=O)NS(=O)(=O)c4ccc(Cl)s4)cc3)c(=O)c2cc1F,0,0,0,0
Eltrombopag,,135449332.0,,,Cc1ccc(-n2[nH]c(C)c(N=Nc3cccc(-c4cccc(C(=O)O)c4)c3O)c2=O)cc1C,0,0,0,0
balsalazide,,,,,O=C(O)CCNC(=O)c1ccc(N=Nc2ccc(O)c(C(=O)O)c2)cc1,0,0,0,0
Almitrine,,33887.0,,,C=CCNc1nc(NCC=C)nc(N2CCN(C(c3ccc(F)cc3)c3ccc(F)cc3)CC2)n1,0,0,0,0
voxilaprevir,,,,,CCC1C2CN(C(=O)C(C(C)(C)C)NC(=O)OC3CC3CCCCC(F)(F)c3nc4ccc(OC)cc4nc3O2)C1C(=O)NC1(C(=O)NS(=O)(=O)C2(C)CC2)CC1C(F)F,0,0,0,0
glecaprevir,,,,,CC(C)(C)C1NC(=O)OC2CCCC2OCC=CC(F)(F)c2nc3ccccc3nc2OC2CC(C(=O)NC3(C(=O)NS(=O)(=O)C4(C)CC4)CC3C(F)F)N(C2)C1=O,0,0,0,0
dotinurad,,,,,O=C(c1cc(Cl)c(O)c(Cl)c1)N1CS(=O)(=O)c2ccccc21,0,0,0,0
cinametic acid,,,,,COc1cc(C=CC(=O)O)ccc1OCCO,0,0,0,0
nealbarbital,,,,,C=CCC1(CC(C)(C)C)C(=O)NC(=O)NC1=O,0,0,0,0
flosequinan,,,,,Cn1cc(S(C)=O)c(=O)c2ccc(F)cc21,0,0,0,0
isoetarine,,,,,CCC(NC(C)C)C(O)c1ccc(O)c(O)c1,0,0,0,0
fluindione,,,,,O=C1c2ccccc2C(=O)C1c1ccc(F)cc1,0,0,0,0
xenbucin,,,,,CCC(C(=O)O)c1ccc(-c2ccccc2)cc1,0,0,0,0
tipiracil,,,,,N=C1CCCN1Cc1[nH]c(=O)[nH]c(=O)c1Cl,0,0,0,0
thiamphenicol,,,,,CS(=O)(=O)c1ccc(C(O)C(CO)NC(=O)C(Cl)Cl)cc1,0,0,0,0
anagliptin,,,,,Cc1cc2ncc(C(=O)NCC(C)(C)NCC(=O)N3CCCC3C#N)cn2n1,0,0,0,0
Dihydropyridine,,407038.0,,,C1=CCNC=C1,0,0,0,0
fimasartan,,,,,CCCCc1nc(C)c(CC(=S)N(C)C)c(=O)n1Cc1ccc(-c2ccccc2-c2nn[nH]n2)cc1,0,0,0,0
dasiglucagon,,,,,CC(C)CC(NC(=O)C(Cc1c[nH]c2ccccc12)NC(=O)C(CCCCN)NC(=O)C(NC(=O)C(Cc1ccccc1)NC(=O)C(CCC(=O)O)NC(=O)C(CCC(=O)O)NC(=O)C(C)NC(=O)C(CCCN=C(N)N)NC(=O)C(C)NC(=O)C(C)(C)NC(=O)C(CC(=O)O)NC(=O)C(CC(C)C)NC(=O)C(Cc1ccc(O)cc1)NC(=O)C(CCCCN)NC(=O)C(CO)NC(=O)C(Cc1ccc(O)cc1)NC(=O)C(CC(=O)O)NC(=O)C(CO)NC(=O)C(NC(=O)C(Cc1ccccc1)NC(=O)C(NC(=O)CNC(=O)C(CCC(N)=O)NC(=O)C(CO)NC(=O)C(N)Cc1c[nH]cn1)C(C)O)C(C)O)C(C)C)C(=O)NC(CCC(=O)O)C(=O)NC(CO)C(=O)NC(C(=O)O)C(C)O,0,0,0,0
benzilonium,,,,,CC[N+]1(CC)CCC(OC(=O)C(O)(c2ccccc2)c2ccccc2)C1,0,0,0,0
eprozinol,,,,,COC(CN1CCN(CCC(O)c2ccccc2)CC1)c1ccccc1,0,0,0,0
rioprostil,,,,,CCCCC(C)(O)CC=CC1C(O)CC(=O)C1CCCCCCCO,0,0,0,0
repirinast,,,,,Cc1ccc2c([nH]c(=O)c3c(=O)cc(C(=O)OCCC(C)C)oc32)c1C,0,0,0,0
moperone,,,,,Cc1ccc(C2(O)CCN(CCCC(=O)c3ccc(F)cc3)CC2)cc1,0,0,0,0
benzomethamine,,,,,CC[N+](C)(CC)CCN(C)C(=O)C(O)(c1ccccc1)c1ccccc1,0,0,0,0
tinofedrine,,,,,CC(NCC=C(c1ccsc1)c1ccsc1)C(O)c1ccccc1,0,0,0,0
Dasabuvir,,56640146.0,,,COc1c(-c2ccc3cc(NS(C)(=O)=O)ccc3c2)cc(-n2ccc(=O)[nH]c2=O)cc1C(C)(C)C,0,0,0,0
seractide,,,,,CSCCC(NC(=O)C(CO)NC(=O)C(Cc1ccc(O)cc1)NC(=O)C(N)CO)C(=O)NC(CCC(=O)O)C(=O)NC(Cc1c[nH]cn1)C(=O)NC(Cc1ccccc1)C(=O)NC(CCCN=C(N)N)C(=O)NC(Cc1c[nH]c2ccccc12)C(=O)NCC(=O)NC(CCCCN)C(=O)N1CCCC1C(=O)NC(C(=O)NCC(=O)NC(CCCCN)C(=O)NC(CCCCN)C(=O)NC(CCCNC(=N)N)C(=O)NC(CCCNC(=N)N)C(=O)N1CCCC1C(=O)NC(C(=O)NC(CCCCN)C(=O)NC(C(=O)NC(Cc1ccc(O)cc1)C(=O)N1CCCC1C(=O)NC(CC(=O)O)C(=O)NC(C)C(=O)NCC(=O)NC(CCC(=O)O)C(=O)NC(CC(=O)O)C(=O)NC(CCC(N)=O)C(=O)NC(CO)C(=O)NC(C)C(=O)NC(CCC(=O)O)C(=O)NC(C)C(=O)NC(Cc1ccccc1)C(=O)N1CCCC1C(=O)NC(CC(C)C)C(=O)NC(CCC(=O)O)C(=O)NC(Cc1ccccc1)C(=O)O)C(C)C)C(C)C)C(C)C,0,0,0,0
tiaramide,,,,,O=C(Cn1c(=O)sc2ccc(Cl)cc21)N1CCN(CCO)CC1,0,0,0,0
ritiometan,,,,,O=C(O)CSC(SCC(=O)O)SCC(=O)O,0,0,0,0
tenidap,,,,,NC(=O)n1c(O)c(C(=O)c2cccs2)c2cc(Cl)ccc21,0,0,0,0
trimethyldiphenylpropylamine,,,,,CC(CC(c1ccccc1)c1ccccc1)N(C)C,0,0,0,0
tetragalacturonic acid hydroxymethylester,,,,,COC(=O)C1OC(OC2C(C(=O)OC)OC(OC3C(C(=O)OC)OC(OC4C(C(=O)OC)OC(O)C(O)C4O)C(O)C3O)C(O)C2O)C(O)C(O)C1O,0,0,0,0
Idarubicin,,42890.0,,,CC(=O)C1(O)C=C2C(=O)c3c(c(O)c4ccccc4c3O)C(=O)C2C(OC2CC(N)C(O)C(C)O2)C1,0,0,0,0
Landiolol,,114905.0,,,CC1(C)OCC(COC(=O)CCc2ccc(OCC(O)CNCCNC(=O)N3CCOCC3)cc2)O1,0,0,0,0
dimyristoylphosphatidylcholine,,,,,CCCCCCCCCCCCCC(=O)OCC(COP(=O)(O)OCC[N+](C)(C)C)OC(=O)CCCCCCCCCCCCC,0,0,0,0
ticlatone,,,,,O=c1[nH]sc2cc(Cl)ccc12,0,0,0,0
dimethylaminopropionylphenothiazine,,,,,CC(C(=O)N1c2ccccc2Sc2ccccc21)N(C)C,0,0,0,0
dipiperonylaminoethanol,,,,,OCCN(Cc1ccc2c(c1)OCO2)Cc1ccc2c(c1)OCO2,0,0,0,0
sequifenadine,,,,,Cc1ccccc1C(O)(c1ccccc1C)C1CN2CCC1CC2,0,0,0,0
Ethylphenidate,,3080846.0,,,CCOC(=O)C(c1ccccc1)C1CCCCN1,0,0,0,0
Flavopiridol,,5287969.0,,,CN1CCC(c2c(O)cc(O)c3c(=O)cc(-c4ccccc4Cl)oc23)C(O)C1,0,0,0,0
Fluorodeoxyglucose,,53716604.0,,,O=C(F)CC(O)C(O)C(O)CO,0,0,0,0
sodium thiosalicylate,,,,,O=C(O)c1ccccc1S,0,0,0,0
estrone sulphate,,,,,CC12CCC3c4ccc(OS(=O)(=O)O)cc4CCC3C1CCC2=O,0,0,0,0
picrotin,,,,,CC(C)(O)C1C2OC(=O)C1C1(O)CC3OC34C(=O)OC2C14C,0,0,0,0
trepibutone,,,,,CCOc1cc(OCC)c(C(=O)CCC(=O)O)cc1OCC,0,0,0,0
cetamolol,,,,,CNC(=O)COc1ccccc1OCC(O)CNC(C)(C)C,0,0,0,0
isofezolac,,,,,O=C(O)Cc1c(-c2ccccc2)c(-c2ccccc2)nn1-c1ccccc1,0,0,0,0
diethylamino hydroxybenzoyl hexyl benzoate,,,,,CCCCCCOC(=O)c1ccccc1C(=O)c1ccc(N(CC)CC)cc1O,0,0,0,0
tonzonium,,,,,CCCCCCCCCCCCCCCC[N+](C)(C)CCN(Cc1ccc(OC)cc1)c1ncccn1,0,0,0,0
metizoline,,,,,Cc1sc2ccccc2c1CC1=NCCN1,0,0,0,0
nalfurafine,,,,,CN(C(=O)C=Cc1ccoc1)C1CCC2(O)C3Cc4ccc(O)c5c4C2(CCN3CC2CC2)C1O5,0,0,0,0
nicofetamide,,,,,O=C(NC(Cc1ccccc1)c1ccccc1)c1cccnc1,0,0,0,0
obidoxime,,,,,ON=Cc1cc[n+](COC[n+]2ccc(C=NO)cc2)cc1,0,0,0,0
Licorice,,163463.0,,,CC1(C(=O)O)CCC2(C)CCC3(C)C(=C2C1)CC(=O)C1C2(C)CCC(OC4OC(C(=O)O)C(O)C(O)C4OC4OC(C(=O)O)C(O)C(O)C4O)C(C)(C)C2CCC13C.[Zn],0,0,0,0
MT-45,,431865.0,,,c1ccc(CC(c2ccccc2)N2CCN(C3CCCCC3)CC2)cc1,0,0,0,0
Masitinib,,10074640.0,,,Cc1ccc(NC(=O)c2ccc(CN3CCN(C)CC3)cc2)cc1Nc1nc(-c2cccnc2)cs1,0,0,0,0
oxabolone cipionate,,,,,CC12CCC3C4CCC(=O)C(=O)C4CCC3C1CCC2OC(=O)CCC1CCCC1,0,0,0,0
picodralazine,,,,,NNc1nnc(Cc2ccncc2)c2ccccc12,0,0,0,0
remikiren,,,,,CC(C)(C)S(=O)(=O)CC(Cc1ccccc1)C(=O)NC(Cc1c[nH]cn1)C(=O)NC(CC1CCCCC1)C(O)C(O)C1CC1,0,0,0,0
quinbolone,,,,,CC12C=CC(=O)C=C1CCC1C2CCC2(C)C(OC3=CCCC3)CCC12,0,0,0,0
dioxaphetyl butyrate,,,,,CCOC(=O)C(CCN1CCOCC1)(c1ccccc1)c1ccccc1,0,0,0,0
motretinide,,,,,CCNC(=O)C=C(C)C=CC=C(C)C=Cc1c(C)cc(OC)c(C)c1C,0,0,0,0
butizide,,,,,CC(C)CC1Nc2cc(Cl)c(S(N)(=O)=O)cc2S(=O)(=O)N1,0,0,0,0
quinfamide,,,,,O=C(Oc1ccc2c(c1)CCCN2C(=O)C(Cl)Cl)c1ccco1,0,0,0,0
pyrrobutamine,,,,,Clc1ccc(CC(=CCN2CCCC2)c2ccccc2)cc1,0,0,0,0
propamidine,,,,,N=C(N)c1ccc(OCCCOc2ccc(C(=N)N)cc2)cc1,0,0,0,0
ibuprofen guaiacol ester,,,,,COc1ccccc1OC(=O)C(C)c1ccc(CC(C)C)cc1,0,0,0,0
granisetron,,,,,CN1C2CCCC1CC(NC(=O)c1nn(C)c3ccccc13)C2,0,0,0,0
glybuthiazol,,,,,CC(C)(C)c1nnc(NS(=O)(=O)c2ccc(N)cc2)s1,0,0,0,0
demegestone,,,,,CC(=O)C1(C)CCC2C3=C(CCC21C)C1=C(CC3)CC(=O)CC1,0,0,0,0
diaziquone,,,,,CCOC(=O)NC1=C(N2CC2)C(=O)C(NC(=O)OCC)=C(N2CC2)C1=O,0,0,0,0
pheneticillin,,,,,CC(Oc1ccccc1)C(=O)NC1C(=O)N2C1SC(C)(C)C2C(=O)O,0,0,0,0
tribuzone,,,,,CC(C)(C)C(=O)CCc1c(O)n(-c2ccccc2)n(-c2ccccc2)c1=O,0,0,0,0
suclofenide,,,,,NS(=O)(=O)c1ccc(-n2c(O)cc(-c3ccccc3)c2O)c(Cl)c1,0,0,0,0
clostebol acetate,,,,,CC(=O)OC1CCC2C3CC=C4C(Cl)C(=O)CCC4(C)C3CCC12C,0,0,0,0
gestonorone,,,,,CC(=O)C1(O)CCC2C3CC=C4CC(=O)CCC4C3CCC21C,0,0,0,0
guanoclor,,,,,N=C(N)NNCCOc1c(Cl)cccc1Cl,0,0,0,0
diacetyl benzoyl lathyrol,,,,,C=C1CCC2C(=CC(C)C(=O)C3(OC(C)=O)CC(C)C(OC(=O)c4ccccc4)C3C1OC(C)=O)C2(C)C,0,0,0,0
dimyristoylphosphatidylglycerol,,,,,CCCCCCCCCCCCCC(=O)OCC(COP(=O)(O)OCC(O)CO)OC(=O)CCCCCCCCCCCCC,0,0,0,0
Padimate A,,,,,CC(C)CCOC(=O)c1ccc(N(C)C)cc1,0,0,0,0
ioglicic acid,,,,,CNC(=O)CNC(=O)c1c(I)c(NC(C)=O)c(I)c(C(=O)O)c1I,0,0,0,0
ioxitalamic acid,,,,,CC(=O)Nc1c(I)c(C(=O)O)c(I)c(C(=O)NCCO)c1I,0,0,0,0
itramin tosilate,,,,,NCCO[N+](=O)[O-],0,0,0,0
linopirdine,,,,,O=C1N(c2ccccc2)c2ccccc2C1(Cc1ccncc1)Cc1ccncc1,0,0,0,0
linsidomine,,,,,N=c1c[n+](N2CCOCC2)[n-]o1,0,0,0,0
mannosulfan,,,,,CS(=O)(=O)OCC(OS(C)(=O)=O)C(O)C(O)C(COS(C)(=O)=O)OS(C)(=O)=O,0,0,0,0
quinestradol,,,,,CC12CCC3c4ccc(OC5CCCC5)cc4CCC3C1CC(O)C2O,0,0,0,0
dopexamine,,,,,Oc1ccc(CCNCCCCCCNCCc2ccccc2)cc1O,0,0,0,0
clidinium,,,,,C[N+]12CCC(CC1)C(OC(=O)C(O)(c1ccccc1)c1ccccc1)C2,0,0,0,0
epoprostenol,,,,,CCCCCC(O)C=CC1C(O)CC2OC(=CCCCC(=O)O)CC21,0,0,0,0
betoxycaine,,,,,CCCCOc1ccc(C(=O)OCCOCCN(CC)CC)cc1N,0,0,0,0
indigo carmine,,,,,O=C1C(c2[nH]c3ccc(S(=O)(=O)O)cc3c2O)=Nc2ccc(S(=O)(=O)O)cc21,0,0,0,0
iodocholesterol (131I),,,,,CC(C)CCCC(C)C1CCC2C3CC=C4CC(O)CCC4(CI)C3CCC12C,0,0,0,0
Olsalazine,,22419.0,,,O=C(O)c1cc(N=Nc2ccc(O)c(C(=O)O)c2)ccc1O,0,0,0,0
Omadacycline,,54697325.0,,,CN(C)c1cc(CNCC(C)(C)C)c(O)c2c1CC1CC3C(N(C)C)C(=O)C(C(N)=O)C(=O)C3(O)C(=O)C1C2=O,0,0,0,0
Oxetorone,,36846.0,,,CN(C)CCC=C1c2ccccc2OCc2c1oc1ccccc21,0,0,0,0
Patent blue,,77074.0,,,CCN(CC)c1ccc(C(=C2C=CC(=[N+](CC)CC)C=C2)c2cc(O)c(S(=O)(=O)O)cc2S(=O)(=O)O)cc1,0,0,0,0
Phenazopyridine,,4756.0,,,Nc1ccc(N=Nc2ccccc2)c(N)n1,0,0,0,0
trypan blue,,,,,Cc1cc(-c2ccc(N=Nc3c(S(=O)(=O)O)cc4cc(S(=O)(=O)O)cc(N)c4c3O)c(C)c2)ccc1N=Nc1c(S(=O)(=O)O)cc2cc(S(=O)(=O)O)cc(N)c2c1O,0,0,0,0
Methoxetamine,,52911279.0,,,CCNC1(c2cccc(OC)c2)CCCCC1=O,0,0,0,0
Methyl chloride,,6327.0,,,CCl,0,0,0,0
Moxalactam,,47499.0,,,COC1(NC(=O)C(C(=O)O)c2ccc(O)cc2)C(=O)N2C(C(=O)O)=C(CSc3nnnn3C)COC21,0,0,0,0
Neprilysin,,3132.0,,,O=C(O)CNC(=O)C(CS)Cc1ccccc1,0,0,0,0
flumedroxone,,,,,CC(=O)C1(O)CCC2C3CC(C(F)(F)F)=C4CC(=O)CCC4(C)C3CCC21C,0,0,0,0
fluoroethylcholine (18F),,,,,C[N+](C)(CCO)CCF,0,0,0,0
fluprednidene,,,,,C=C1CC2C3CC=C4CC(=O)C=CC4(C)C3(F)C(O)CC2(C)C1(O)C(=O)CO,0,0,0,0
gepirone,,,,,CC1(C)CC(=O)N(CCCCN2CCN(c3ncccn3)CC2)C(=O)C1,0,0,0,0
fluclorolone,,,,,CC12C=CC(=O)C=C1C(F)CC1C3CC(O)C(O)(C(=O)CO)C3(C)CC(Cl)C12Cl,0,0,0,0
Rapacuronium,,5311399.0,,,C=CC[N+]1(C2CC3C4CCC5CC(OC(C)=O)C(N6CCCCC6)CC5(C)C4CCC3(C)C2OC(=O)CC)CCCCC1,0,0,0,0
nomegestrol,,,,,CC(=O)C1(O)CCC2C3=CC(C)=C4CC(=O)CCC4C3CCC21C,0,0,0,0
hydroxyethylpromethazine,,,,,CC(CN1c2ccccc2Sc2ccccc21)[N+](C)(C)CCO,0,0,0,0
mabuterol,,,,,CC(C)(C)NCC(O)c1cc(Cl)c(N)c(C(F)(F)F)c1,0,0,0,0
croconazole,,,,,C=C(c1ccccc1OCc1cccc(Cl)c1)n1ccnc1,0,0,0,0
alloclamide,,,,,C=CCOc1cc(Cl)ccc1C(=O)NCCN(CC)CC,0,0,0,0
butofilolol,,,,,CCCC(=O)c1cc(F)ccc1OCC(O)CNC(C)(C)C,0,0,0,0
metahexamide,,,,,Cc1ccc(S(=O)(=O)NC(=O)NC2CCCCC2)cc1N,0,0,0,0
femoxetine,,,,,COc1ccc(OCC2CN(C)CCC2c2ccccc2)cc1,0,0,0,0
ambutonium,,,,,CC[N+](C)(C)CCC(C(N)=O)(c1ccccc1)c1ccccc1,0,0,0,0
dimepheptanol,,,,,CCC(O)C(CC(C)N(C)C)(c1ccccc1)c1ccccc1,0,0,0,0
benzatropine,,,,,CN1C2CCC1CC(OC(c1ccccc1)c1ccccc1)C2,0,0,0,0
nifenazone,,,,,Cc1c(NC(=O)c2cccnc2)c(=O)n(-c2ccccc2)n1C,0,0,0,0
metabutoxycaine,,,,,CCCCOc1c(N)cccc1C(=O)OCCN(CC)CC,0,0,0,0
idanpramine,,,,,COc1ccc(C2(c3ccc(OC)cc3)NC(=O)N(CCN3CCCCC3)C2=O)cc1,0,0,0,0
epanolol,,,,,N#Cc1ccccc1OCC(O)CNCCNC(=O)Cc1ccc(O)cc1,0,0,0,0
oxybuprocaine,,,,,CCCCOc1cc(C(=O)OCCN(CC)CC)ccc1N,0,0,0,0
indecainide,,,,,CC(C)NCCCC1(C(N)=O)c2ccccc2-c2ccccc21,0,0,0,0
glymidine,,,,,COCCOc1cnc(NS(=O)(=O)c2ccccc2)nc1,0,0,0,0
sulfaguanole,,,,,Cc1[nH]c(=NC(=N)NS(=O)(=O)c2ccc(N)cc2)oc1C,0,0,0,0
diacetazotol,,,,,CC(=O)N(C(C)=O)c1ccc(N=Nc2ccccc2C)cc1C,0,0,0,0
dioxadrol,,,,,c1ccc(C2(c3ccccc3)OCC(C3CCCCN3)O2)cc1,0,0,0,0
amolanone,,,,,CCN(CC)CCC1(c2ccccc2)C(=O)Oc2ccccc21,0,0,0,0
isomethadone,,,,,CCC(=O)C(c1ccccc1)(c1ccccc1)C(C)CN(C)C,0,0,0,0
phenoperidine,,,,,CCOC(=O)C1(c2ccccc2)CCN(CCC(O)c2ccccc2)CC1,0,0,0,0
fenbutrazate,,,,,CCC(C(=O)OCCN1CCOC(c2ccccc2)C1C)c1ccccc1,0,0,0,0
propiverine,,,,,CCCOC(C(=O)OC1CCN(C)CC1)(c1ccccc1)c1ccccc1,0,0,0,0
cyclarbamate,,,,,O=C(Nc1ccccc1)OCC1(COC(=O)Nc2ccccc2)CCCC1,0,0,0,0
carbocysteine-lysine,,,,,NCCCCC(NC(=O)C(N)CSCC(=O)O)C(=O)O,0,0,0,0
bismuth subgallate,,,,,O=C(O)c1cc(O)c2c(c1)O[Bi](O)O2,0,0,0,0
fazadinium,,,,,Cc1c(-c2ccccc2)[n+](N=N[n+]2c(-c3ccccc3)c(C)n3ccccc32)c2ccccn12,0,0,0,0
Trimeperidine,,20055107.0,,,CCC(=O)OC1(c2ccccc2)CC(C)N(C)CC1C,0,0,0,0
Xylitol,,6912.0,,,OCC(O)C(O)C(O)CO,0,0,0,0
carisbamate,,,,,NC(=O)OCC(O)c1ccccc1Cl,0,0,0,0
casopitant,,,,,CC(=O)N1CCN(C2CCN(C(=O)N(C)C(C)c3cc(C(F)(F)F)cc(C(F)(F)F)c3)C(c3ccc(F)cc3C)C2)CC1,0,0,0,0
ceftobiprole medocaril,,,,,Cc1oc(=O)oc1COC(=O)N1CCC(N2CC=C(C=C3CSC4C(NC(=O)C(=NO)c5nsc(N)n5)C(=O)N4C3C(=O)O)C2=O)C1,0,0,0,0
difetarsone,,,,,O=[As](O)(O)c1ccc(NCCNc2ccc([As](=O)(O)O)cc2)cc1,0,0,0,0
diiodohydroxypropane,,,,,OC(CI)CI,0,0,0,0
Scopolamine,,3000322.0,,,CN1C2CC(OC(=O)C(CO)c3ccccc3)CC1C1OC12,0,0,0,0
candicidin,,,,,CC1C=CC=CC=CC=CC=CC=CC=CC(OC2OC(C)C(O)C(N)C2O)CC2OC(O)(CC(O)CC(O)CC(O)CC(=O)CCCC(=O)CC(=O)OC1C(C)CC(C)C(O)CC(=O)c1ccc(N)cc1)CC(O)C2C(=O)O,0,0,0,0
calcitonin human,,,,,CCC(C)C(NC(=O)C(C)NC(=O)C(NC(=O)C(CCC(N)=O)NC(=O)C1CCCN1C(=O)C(Cc1ccccc1)NC(=O)C(NC(=O)C(Cc1c[nH]cn1)NC(=O)C(Cc1ccccc1)NC(=O)C(CCCCN)NC(=O)C(CC(N)=O)NC(=O)C(Cc1ccccc1)NC(=O)C(CC(=O)O)NC(=O)C(CCC(N)=O)NC(=O)C(NC(=O)C(Cc1ccc(O)cc1)NC(=O)C(NC(=O)CNC(=O)C(CC(C)C)NC(=O)C(CCSC)NC(=O)C1CSSCC(N)C(=O)NCC(=O)NC(CC(N)=O)C(=O)NC(CC(C)C)C(=O)NC(CO)C(=O)NC(C(C)O)C(=O)N1)C(C)O)C(C)O)C(C)O)C(C)O)C(=O)NCC(=O)NC(C(=O)NCC(=O)NC(C)C(=O)N1CCCC1C(N)=O)C(C)C,0,0,0,0
fludeoxyglucose (18F),,,,,OCC1OC(O)C(F)C(O)C1O,0,0,0,0
sulfisoxazole acetyl,,,,,CC(=O)N(c1onc(C)c1C)S(=O)(=O)c1ccc(N)cc1,0,0,0,0
domiphen,,,,,CCCCCCCCCCCC[N+](C)(C)CCOc1ccccc1,0,0,0,0
droxypropine,,,,,CCC(=O)C1(c2ccccc2)CCN(CCOCCO)CC1,0,0,0,0
efaproxiral,,,,,Cc1cc(C)cc(NC(=O)Cc2ccc(OC(C)(C)C(=O)O)cc2)c1,0,0,0,0
Pyribenzamine,,44370233.0,,,c1ccc(CN(CCN2CC2)c2ccccn2)cc1,0,0,0,0
Albiglutide,,145994868.0,,,CCC(C)C(NC(=O)C(Cc1ccccc1)NC(=O)C(CCC(=O)O)NC(=O)C(CCCCN)NC(=O)C(C)NC(=O)C(C)NC(=O)C(CCC(N)=O)NC(=O)CNC(=O)C(CCC(=O)O)NC(=O)C(CC(C)C)NC(=O)C(Cc1ccc(O)cc1)NC(=O)C(CO)NC(=O)C(CO)NC(=O)C(NC(=O)C(CC(=O)O)NC(=O)C(CO)NC(=O)C(NC(=O)C(Cc1ccccc1)NC(=O)C(NC(=O)CNC(=O)C(CCC(=O)O)NC(=O)CNC(=O)C(N)Cc1c[nH]cn1)C(C)O)C(C)O)C(C)C)C(=O)NC(C)C(=O)NC(Cc1c[nH]c2ccccc12)C(=O)NC(CC(C)C)C(=O)NC(C(=O)NC(CCCCN)C(=O)NCC(=O)NC(CCCNC(=N)N)C(N)=O)C(C)C,0,0,0,0
Alfentanil,,51263.0,,,CCC(=O)N(c1ccccc1)C1(COC)CCN(CCn2nnn(CC)c2=O)CC1,0,0,0,0
sulfasymazine,,,,,CCc1nc(CC)nc(NS(=O)(=O)c2ccc(N)cc2)n1,0,0,0,0
ibopamine,,,,,CNCCc1ccc(OC(=O)C(C)C)c(OC(=O)C(C)C)c1,0,0,0,0
moxaverine,,,,,CCc1cc2cc(OC)c(OC)cc2c(Cc2ccccc2)n1,0,0,0,0
talastine,,,,,CN(C)CCn1nc(Cc2ccccc2)c2ccccc2c1=O,0,0,0,0
amprotropine,,,,,CCN(CC)CC(C)(C)COC(=O)C(CO)c1ccccc1,0,0,0,0
butamirate,,,,,CCC(C(=O)OCCOCCN(CC)CC)c1ccccc1,0,0,0,0
roxatidine acetate,,,,,CC(=O)OCC(=O)NCCCOc1cccc(CN2CCCCC2)c1,0,0,0,0
butacaine,,,,,CCCCN(CCCC)CCCOC(=O)c1ccc(N)cc1,0,0,0,0
valethamate,,,,,CCC(C)C(C(=O)OCC[N+](C)(CC)CC)c1ccccc1,0,0,0,0
prifinium,,,,,CC[N+]1(CC)CCC(=C(c2ccccc2)c2ccccc2)C1C,0,0,0,0
plaunotol,,,,,CC(C)=CCCC(C)=CCCC(=CCCC(C)=CCO)CO,0,0,0,0
epitiostanol,,,,,CC12CCC3C(CCC4CC5SC5CC43C)C1CCC2O,0,0,0,0
Amphotericin b,,14956.0,,,CC1C=CC=CC=CC=CC=CC=CC=CC(OC2OC(C)C(O)C(N)C2O)CC2OC(O)(CC(O)CC(O)C(O)CCC(O)CC(O)CC(=O)OC(C)C(C)C1O)CC(O)C2C(=O)O,0,0,0,0
Tipepidine,,5484.0,,,CN1CCCC(=C(c2cccs2)c2cccs2)C1,0,0,0,0
udenafil,,,,,CCCOc1ccc(S(=O)(=O)NCCC2CCCN2C)cc1-c1nc(=O)c2c([nH]1)c(CCC)nn2C,0,0,0,0
biapenem,,,,,CC(O)C1C(=O)N2C(C(=O)O)=C(SC3Cn4cnc[n+]4C3)C(C)C12,0,0,0,0
disofenin,,,,,CC(C)c1cccc(C(C)C)c1NC(=O)CN(CC(=O)O)CC(=O)O,0,0,0,0
moquizone,,,,,O=C1c2ccccc2N(C(=O)CN2CCOCC2)CN1c1ccccc1,0,0,0,0
epicillin,,,,,CC1(C)SC2C(NC(=O)C(N)C3=CCC=CC3)C(=O)N2C1C(=O)O,0,0,0,0
dipivefrine,,,,,CNCC(O)c1ccc(OC(=O)C(C)(C)C)c(OC(=O)C(C)(C)C)c1,0,0,0,0
tamibarotene,,,,,CC1(C)CCC(C)(C)c2cc(NC(=O)c3ccc(C(=O)O)cc3)ccc21,0,0,0,0
pipoxolan,,,,,O=C1OC(CCN2CCCCC2)OC1(c1ccccc1)c1ccccc1,0,0,0,0
tazarotene,,,,,CCOC(=O)c1ccc(C#Cc2ccc3c(c2)C(C)(C)CCS3)nc1,0,0,0,0
phenadoxone,,,,,CCC(=O)C(CC(C)N1CCOCC1)(c1ccccc1)c1ccccc1,0,0,0,0
epicriptine,,,,,CCC(C)C1C(=O)N2CCCC2C2(O)OC(NC(=O)C3CC4c5cccc6[nH]cc(c56)CC4N(C)C3)(C(C)C)C(=O)N12,0,0,0,0
etybenzatropine,,,,,CCN1C2CCC1CC(OC(c1ccccc1)c1ccccc1)C2,0,0,0,0
"5-tert-butyl-2-methyl-1,3-benzodioxole",,135113.0,,,CC1Oc2ccc(C(C)(C)C)cc2O1,0,0,0,0
Abarelix,,16131215.0,,,CC(=O)NC(Cc1ccc2ccccc2c1)C(=O)NC(Cc1ccc(Cl)cc1)C(=O)NC(Cc1cccnc1)C(=O)NC(CO)C(=O)N(C)C(Cc1ccc(O)cc1)C(=O)NC(CC(N)=O)C(=O)NC(CC(C)C)C(=O)NC(CCCCNC(C)C)C(=O)N1CCCC1C(=O)NC(C)C(N)=O,0,0,0,0
Acarbose,,444254.0,,,CC1OC(OC2C(CO)OC(OC3C(CO)OC(O)C(O)C3O)C(O)C2O)C(O)C(O)C1NC1C=C(CO)C(O)C(O)C1O,0,0,0,0
Avatrombopag,,9852519.0,,,O=C(Nc1nc(-c2cc(Cl)cs2)c(N2CCN(C3CCCCC3)CC2)s1)c1cnc(N2CCC(C(=O)O)CC2)c(Cl)c1,0,0,0,0
beclabuvir,,,,,COc1ccc2c(c1)C1CC1(C(=O)N1C3CCC1CN(C)C3)Cn1c-2c(C2CCCCC2)c2ccc(C(=O)NS(=O)(=O)N(C)C)cc21,0,0,0,0
thymalfasin,,,,,CCC(C)C(NC(=O)C(CCC(=O)O)NC(=O)C(CO)NC(=O)C(CO)NC(=O)C(NC(=O)C(CC(=O)O)NC(=O)C(NC(=O)C(C)NC(=O)C(C)NC(=O)C(CC(=O)O)NC(=O)C(CO)NC(C)=O)C(C)C)C(C)O)C(=O)NC(C(=O)NC(C(=O)NC(CCCCN)C(=O)NC(CC(=O)O)C(=O)NC(CC(C)C)C(=O)NC(CCCCN)C(=O)NC(CCC(=O)O)C(=O)NC(CCCCN)C(=O)NC(CCCCN)C(=O)NC(CCC(=O)O)C(=O)NC(C(=O)NC(C(=O)NC(CCC(=O)O)C(=O)NC(CCC(=O)O)C(=O)NC(C)C(=O)NC(CCC(=O)O)C(=O)NC(CC(N)=O)C(=O)O)C(C)C)C(C)C)C(C)O)C(C)O,0,0,0,0
sermorelin,,,,,CCC(C)C(NC(=O)C(C)NC(=O)C(CC(=O)O)NC(=O)C(C)NC(=O)C(N)Cc1ccc(O)cc1)C(=O)NC(Cc1ccccc1)C(=O)NC(C(=O)NC(CC(N)=O)C(=O)NC(CO)C(=O)NC(Cc1ccc(O)cc1)C(=O)NC(CCCN=C(N)N)C(=O)NC(CCCCN)C(=O)NC(C(=O)NC(CC(C)C)C(=O)NCC(=O)NC(CCC(N)=O)C(=O)NC(CC(C)C)C(=O)NC(CO)C(=O)NC(C)C(=O)NC(CCCNC(=N)N)C(=O)NC(CCCCN)C(=O)NC(CC(C)C)C(=O)NC(CC(C)C)C(=O)NC(CCC(N)=O)C(=O)NC(CC(=O)O)C(=O)NC(C(=O)NC(CCSC)C(=O)NC(CO)C(=O)NC(CCCNC(=N)N)C(N)=O)C(C)CC)C(C)C)C(C)O,0,0,0,0
elcatonin,,,,,CC(C)CC(NC(=O)C(CCCCN)NC(=O)CNC(=O)C(CC(C)C)NC(=O)C(NC(=O)C1CCCCCC(=O)NC(CO)C(=O)NC(CC(N)=O)C(=O)NC(CC(C)C)C(=O)NC(CO)C(=O)NC(C(C)O)C(=O)N1)C(C)C)C(=O)NC(CO)C(=O)NC(CCC(N)=O)C(=O)NC(CCC(=O)O)C(=O)NC(CC(C)C)C(=O)NC(Cc1c[nH]cn1)C(=O)NC(CCCCN)C(=O)NC(CC(C)C)C(=O)NC(CCC(N)=O)C(=O)NC(C(=O)NC(Cc1ccc(O)cc1)C(=O)N1CCCC1C(=O)NC(CCCN=C(N)N)C(=O)NC(C(=O)NC(CC(=O)O)C(=O)NC(C(=O)NCC(=O)NC(C)C(=O)NCC(=O)NC(C(=O)N1CCCC1C(N)=O)C(C)O)C(C)C)C(C)O)C(C)O,0,0,0,0
calcitonin (salmon synthetic),,,,,CC(C)CC(NC(=O)C(CCCCN)NC(=O)CNC(=O)C(CC(C)C)NC(=O)C(NC(=O)C1CSSCC(N)C(=O)NC(CO)C(=O)NC(CC(N)=O)C(=O)NC(CC(C)C)C(=O)NC(CO)C(=O)NC(C(C)O)C(=O)N1)C(C)C)C(=O)NC(CO)C(=O)NC(CCC(N)=O)C(=O)NC(CCC(=O)O)C(=O)NC(CC(C)C)C(=O)NC(Cc1c[nH]cn1)C(=O)NC(CCCCN)C(=O)NC(CC(C)C)C(=O)NC(CCC(N)=O)C(=O)NC(C(=O)NC(Cc1ccc(O)cc1)C(=O)N1CCCC1C(=O)NC(CCCN=C(N)N)C(=O)NC(C(=O)NC(CC(N)=O)C(=O)NC(C(=O)NCC(=O)NC(CO)C(=O)NCC(=O)NC(C(=O)N1CCCC1C(N)=O)C(C)O)C(C)O)C(C)O)C(C)O,0,0,0,0
calcitonin (pork natural),,,,,CSCCC(NC(=O)CNC(=O)C(CO)NC(=O)C(Cc1ccccc1)NC(=O)C(CCCN=C(N)N)NC(=O)C(Cc1c[nH]cn1)NC(=O)C(Cc1ccc(O)cc1)NC(=O)C(CC(N)=O)NC(=O)C(CC(N)=O)NC(=O)C(CC(C)C)NC(=O)C(CC(=O)O)NC(=O)C(CCCCN)NC(=O)C(Cc1c[nH]c2ccccc12)NC(=O)C(Cc1ccc(O)cc1)NC(=O)C(C)NC(=O)C(CO)NC(=O)C(CC(C)C)NC(=O)C(CC(C)C)NC(=O)C1CSSCC(N)C(=O)NC(CO)C(=O)NC(CC(N)=O)C(=O)NC(CC(C)C)C(=O)NC(CO)C(=O)NC(C(C)O)C(=O)N1)C(=O)NCC(=O)NC(Cc1ccccc1)C(=O)NCC(=O)N1CCCC1C(=O)NC(CCC(=O)O)C(=O)NC(C(=O)N1CCCC1C(N)=O)C(C)O,0,0,0,0
chidamide,,,,,Nc1cc(F)ccc1NC(=O)c1ccc(CNC(=O)C=Cc2cccnc2)cc1,0,0,0,0
piperaquine,,,,,Clc1ccc2c(N3CCN(CCCN4CCN(c5ccnc6cc(Cl)ccc56)CC4)CC3)ccnc2c1,0,0,0,0
sodium stibogluconate,,,,,O=C(O)C1O[Sb](=O)(O[Sb]2(=O)OC(C(=O)O)C(O)C(C(O)CO)O2)OC(C(O)CO)C1O,0,0,0,0
methyldopate,,,,,CCOC(=O)C(C)(N)Cc1ccc(O)c(O)c1,0,0,0,0
clodantoin,,,,,CCCCC(CC)c1[nH]c(=O)n(SC(Cl)(Cl)Cl)c1O,0,0,0,0
clopenthixol,,,,,OCCN1CCN(CCC=C2c3ccccc3Sc3ccc(Cl)cc32)CC1,0,0,0,0
amfecloral,,,,,CC(Cc1ccccc1)N=CC(Cl)(Cl)Cl,0,0,0,0
dexfosfoserine,,,,,NC(COP(=O)(O)O)C(=O)O,0,0,0,0
nadide,,,,,NC(=O)c1ccc[n+](C2OC(COP(=O)(O)OP(=O)(O)OCC3OC(n4cnc5c(N)ncnc54)C(O)C3O)C(O)C2O)c1,0,0,0,0
Biguanide,,5939.0,,,N=C(N)N=C(N)N,0,0,0,0
Apremilast,,10151715.0,,,CCOc1cc(C(CS(C)(=O)=O)N2C(=O)c3cccc(NC(C)=O)c3C2=O)ccc1OC,0,0,0,0
ilaprazole,,,,,COc1ccnc(CS(=O)c2nc3cc(-n4cccc4)ccc3[nH]2)c1C,0,0,0,0
glibornuride,,,,,Cc1ccc(S(=O)(=O)NC(=O)NC2C3CCC(C)(C2O)C3(C)C)cc1,0,0,0,0
piminodine,,,,,CCOC(=O)C1(c2ccccc2)CCN(CCCNc2ccccc2)CC1,0,0,0,0
pitofenone,,,,,COC(=O)c1ccccc1C(=O)c1ccc(OCCN2CCCCC2)cc1,0,0,0,0
dioxyline,,,,,CCOc1ccc(Cc2nc(C)cc3cc(OC)c(OC)cc23)cc1OC,0,0,0,0
bambuterol,,,,,CN(C)C(=O)Oc1cc(OC(=O)N(C)C)cc(C(O)CNC(C)(C)C)c1,0,0,0,0
tiracizine,,,,,CCOC(=O)Nc1ccc2c(c1)N(C(=O)CN(C)C)c1ccccc1CC2,0,0,0,0
tilisolol,,,,,Cn1cc(OCC(O)CNC(C)(C)C)c2ccccc2c1=O,0,0,0,0
quinupramine,,,,,c1ccc2c(c1)CCc1ccccc1N2C1CN2CCC1CC2,0,0,0,0
cetylpyridinium,,,,,CCCCCCCCCCCCCCCC[n+]1ccccc1,0,0,0,0
clobuzarit,,,,,CC(C)(OCc1ccc(-c2ccc(Cl)cc2)cc1)C(=O)O,0,0,0,0
chlorfenethazine,,,,,CN(C)CCN1c2ccccc2Sc2ccc(Cl)cc21,0,0,0,0
mannomustine,,,,,OC(CNCCCl)C(O)C(O)C(O)CNCCCl,0,0,0,0
Asenapine,,9903970.0,,,CN1CC2c3ccccc3Oc3ccc(Cl)cc3C2C1,0,0,0,0
embramine,,,,,CN(C)CCOC(C)(c1ccccc1)c1ccc(Br)cc1,0,0,0,0
succisulfone,,,,,Nc1ccc(S(=O)(=O)c2ccc(NC(=O)CCC(=O)O)cc2)cc1,0,0,0,0
intoplicine,,,,,Cc1cnc(NCCCN(C)C)c2c1[nH]c1ccc3cc(O)ccc3c12,0,0,0,0
leiopyrrole,,,,,CCN(CC)CCOc1ccccc1-n1c(C)ccc1-c1ccccc1,0,0,0,0
oxyphenonium,,,,,CC[N+](C)(CC)CCOC(=O)C(O)(c1ccccc1)C1CCCCC1,0,0,0,0
ethyl dibunate,,,,,CCOS(=O)(=O)c1cc(C(C)(C)C)cc2cc(C(C)(C)C)ccc12,0,0,0,0
halocarban,,,,,O=C(Nc1ccc(Cl)cc1)Nc1ccc(Cl)c(C(F)(F)F)c1,0,0,0,0
sorivudine,,,,,O=c1[nH]c(=O)n(C2OC(CO)C(O)C2O)cc1C=CBr,0,0,0,0
cinmetacin,,,,,COc1ccc2c(c1)c(CC(=O)O)c(C)n2C(=O)C=Cc1ccccc1,0,0,0,0
dipipanone,,,,,CCC(=O)C(CC(C)N1CCCCC1)(c1ccccc1)c1ccccc1,0,0,0,0
alsactide,,,,,CSCCC(NC(=O)C(CO)NC(=O)C(Cc1ccc(O)cc1)NC(=O)CCN)C(=O)NC(CCC(=O)O)C(=O)NC(Cc1c[nH]cn1)C(=O)NC(Cc1ccccc1)C(=O)NC(CCCN=C(N)N)C(=O)NC(Cc1c[nH]c2ccccc12)C(=O)NCC(=O)NC(CCCCN)C(=O)N1CCCC1C(=O)NC(C(=O)NCC(=O)NC(CCCCN)C(=O)NC(CCCCN)C(=O)NC(CCCCN)C(=O)NCCCCN)C(C)C,0,0,0,0
Aztreonam,,2274.0,,,CC1C(=NC(=O)C(NOC(C)(C)C(=O)O)c2csc(N)n2)C(=O)N1S(=O)(=O)O,0,0,0,0
Benazeprilat,,5463984.0,,,O=C(O)CN1C(=O)C(NC(CCc2ccccc2)C(=O)O)CCc2ccccc21,0,0,0,0
Benzylpenicilloyl g,,119212.0,,,CC1(C)SC(C(NC(=O)Cc2ccccc2)C(=O)NCCCCCC(=O)O)NC1C(=O)O,0,0,0,0
Betiatide,,185457.0,,,O=C(O)CNC(=O)CNC(=O)CNC(=O)CSC(=O)c1ccccc1,0,0,0,0
iotroxic acid,,,,,O=C(COCCOCCOCC(=O)Nc1c(I)cc(I)c(C(=O)O)c1I)Nc1c(I)cc(I)c(C(=O)O)c1I,0,0,0,0
mifamurtide,,,,,CCCCCCCCCCCCCCCC(=O)OCC(COP(=O)(O)OCCNC(=O)C(C)NC(=O)CCC(NC(=O)C(C)NC(=O)C(C)OC1C(O)C(CO)OC(O)C1NC(C)=O)C(N)=O)OC(=O)CCCCCCCCCCCCCCC,0,0,0,0
iocarmic acid,,,,,CNC(=O)c1c(I)c(NC(=O)CCCCC(=O)Nc2c(I)c(C(=O)O)c(I)c(C(=O)NC)c2I)c(I)c(C(=O)O)c1I,0,0,0,0
micafungin,,,,,CCCCCOc1ccc(-c2cc(-c3ccc(C(=O)NC4CC(O)C(O)NC(=O)C5C(O)C(C)CN5C(=O)C(C(O)CC(N)=O)NC(=O)C(C(O)C(O)c5ccc(O)c(OS(=O)(=O)O)c5)NC(=O)C5CC(O)CN5C(=O)C(C(C)O)NC4=O)cc3)no2)cc1,0,0,0,0
Cariprazine,,11154555.0,,,CN(C)C(=O)NC1CCC(CCN2CCN(c3cccc(Cl)c3Cl)CC2)CC1,0,0,0,0
Caspofungin,,2826718.0,,,CCC(C)CC(C)CCCCCCCCC(=O)NC1CC(O)C(NCCN)NC(=O)C2C(O)CCN2C(=O)C(C(O)CCN)NC(=O)C(C(O)C(O)c2ccc(O)cc2)NC(=O)C2CC(O)CN2C(=O)C(C(C)O)NC1=O,0,0,0,0
Bretylium,,2431.0,,,CC[N+](C)(C)Cc1ccccc1Br,0,0,0,0
iodoxamic acid,,,,,O=C(CCOCCOCCOCCOCCC(=O)Nc1c(I)cc(I)c(C(=O)O)c1I)Nc1c(I)cc(I)c(C(=O)O)c1I,0,0,0,0
suramin,,,,,Cc1ccc(C(=O)Nc2ccc(S(=O)(=O)O)c3cc(S(=O)(=O)O)cc(S(=O)(=O)O)c23)cc1NC(=O)c1cccc(NC(=O)Nc2cccc(C(=O)Nc3cc(C(=O)Nc4ccc(S(=O)(=O)O)c5cc(S(=O)(=O)O)cc(S(=O)(=O)O)c45)ccc3C)c2)c1,0,0,0,0
eritoran,,,,,CCCCCCC=CCCCCCCCCCC(=O)NC1C(OCC2OC(OP(=O)(O)O)C(NC(=O)CC(=O)CCCCCCCCCCC)C(OCCCCCCCCCC)C2O)OC(COC)C(OP(=O)(O)O)C1OCCC(CCCCCCC)OC,0,0,0,0
depreotide,,,,,CC(C)C1NC(=O)C(CCCCN)NC(=O)C(Cc2c[nH]c3ccccc23)NC(=O)C(Cc2ccc(O)cc2)NC(=O)C(Cc2ccccc2)N(C)C(=O)C(CCSCC(=O)NCC(N)C(=O)NC(CCCCN)C(=O)NC(CS)C(=O)NC(CCCCN)C(N)=O)NC1=O,0,0,0,0
peplomycin,,,,,Cc1c(N)nc(C(CC(N)=O)NCC(N)C(N)=O)nc1C(=O)NC(C(=O)NC(C)C(O)C(C)C(=O)NC(C(=O)NCCc1nc(-c2nc(C(=O)NCCCNC(C)c3ccccc3)cs2)cs1)C(C)O)C(OC1OC(CO)C(O)C(O)C1OC1OC(CO)C(O)C(OC(N)=O)C1O)c1c[nH]cn1,0,0,0,0
somatostatin,,,,,CC(N)C(=O)NCC(=O)NC1CSSCC(C(=O)O)NC(=O)C(CO)NC(=O)C(C(C)O)NC(=O)C(Cc2ccccc2)NC(=O)C(C(C)O)NC(=O)C(CCCCN)NC(=O)C(Cc2c[nH]c3ccccc23)NC(=O)C(Cc2ccccc2)NC(=O)C(Cc2ccccc2)NC(=O)C(CC(N)=O)NC(=O)C(CCCCN)NC1=O,0,0,0,0
adinazolam,,,,,CN(C)Cc1nnc2n1-c1ccc(Cl)cc1C(c1ccccc1)=NC2,0,0,0,0
sulmarin,,,,,Cc1cc(=O)oc2cc(OS(=O)(=O)O)c(OS(=O)(=O)O)cc12,0,0,0,0
posatirelin,,,,,CC(C)CC(NC(=O)C1CCCC(=O)N1)C(=O)N1CCCC1C(N)=O,0,0,0,0
xenysalate,,,,,CCN(CC)CCOC(=O)c1cccc(-c2ccccc2)c1O,0,0,0,0
oxyfedrine,,,,,COc1cccc(C(=O)CCNC(C)C(O)c2ccccc2)c1,0,0,0,0
Cosyntropin,,16133802.0,,,CSCCC(NC(=O)C(CO)NC(=O)C(Cc1ccc(O)cc1)NC(=O)C(N)CO)C(=O)NC(CCC(=O)O)C(=O)NC(Cc1c[nH]cn1)C(=O)NC(Cc1ccccc1)C(=O)NC(CCCN=C(N)N)C(=O)NC(Cc1c[nH]c2ccccc12)C(=O)NCC(=O)NC(CCCCN)C(=O)N1CCCC1C(=O)NC(C(=O)NCC(=O)NC(CCCCN)C(=O)NC(CCCCN)C(=O)NC(CCCNC(=N)N)C(=O)NC(CCCNC(=N)N)C(=O)N1CCCC1C(=O)NC(C(=O)NC(CCCCN)C(=O)NC(C(=O)NC(Cc1ccc(O)cc1)C(=O)N1CCCC1C(=O)O)C(C)C)C(C)C)C(C)C,0,0,0,0
Cefditoren pivoxil,,16667736.0,,,CON=C(C(=O)NC1C(=O)N2C(C(=O)OCOC(=O)C(C)(C)C)=C(C=Cc3scnc3C)CSC12)c1csc(N)n1,0,0,0,0
Cefprozil,,5281006.0,,,CC=CC1=C(C(=O)O)N2C(=O)C(NC(=O)C(N)c3ccc(O)cc3)C2SC1,0,0,0,0
miocamycin,,,,,CCC(=O)OC1CC(=O)OC(C)CC=CC=CC(OC(C)=O)C(C)CC(CC=O)C(OC2OC(C)C(OC3CC(C)(OC(C)=O)C(OC(=O)CC)C(C)O3)C(N(C)C)C2O)C1OC,0,0,0,0
Spiramycin III,,,,,CCC(=O)OC1CC(=O)OC(C)CC=CC=CC(OC2CCC(N(C)C)C(C)O2)C(C)CC(CC=O)C(OC2OC(C)C(OC3CC(C)(O)C(O)C(C)O3)C(N(C)C)C2O)C1OC,0,0,0,0
saralasin,,,,,CNCC(=O)NC(CCCN=C(N)N)C(=O)NC(C(=O)NC(Cc1ccc(O)cc1)C(=O)NC(C(=O)NC(Cc1c[nH]cn1)C(=O)N1CCCC1C(=O)NC(C)C(=O)O)C(C)C)C(C)C,0,0,0,0
cargutocin,,,,,CCC(C)C1NC(=O)C(Cc2ccc(O)cc2)NC(=O)CCCCCC(C(=O)NCC(=O)NC(CC(C)C)C(=O)NCC(N)=O)NC(=O)C(CC(N)=O)NC(=O)C(CCC(N)=O)NC1=O,0,0,0,0
gitoformate,,,,,CC1OC(OC2C(C)OC(OC3C(C)OC(OC4CCC5(C)C(CCC6C5CCC5(C)C(C7=CC(=O)OC7)C(OC=O)CC65O)C4)CC3OC=O)CC2OC=O)CC(OC=O)C1OC=O,0,0,0,0
ceruletide,,,,,CSCCC(NC(=O)C(Cc1c[nH]c2ccccc12)NC(=O)CNC(=O)C(NC(=O)C(Cc1ccc(OS(=O)(=O)O)cc1)NC(=O)C(CC(=O)O)NC(=O)C(CCC(N)=O)NC(=O)C1CCC(=O)N1)C(C)O)C(=O)NC(CC(=O)O)C(=O)NC(Cc1ccccc1)C(N)=O,0,0,0,0
Butylscopolamine bromide,,656587.0,,,CCCC[N+]1(C)C2CC(OC(=O)C(CO)c3ccccc3)CC1C1OC12,0,0,0,0
Capromab pendetide,,135509147.0,,,Nc1nc(=O)c2ncn(C3OC(COP(=O)(O)O)C(OP(=O)(O)O)C3O)c2[nH]1,0,0,0,0
ioglycamic acid,,,,,O=C(COCC(=O)Nc1c(I)cc(I)c(C(=O)O)c1I)Nc1c(I)cc(I)c(C(=O)O)c1I,0,0,0,0
teicoplanin aglycone,,,,,NC1C(=O)NC2Cc3ccc(c(Cl)c3)Oc3cc4cc(c3O)Oc3ccc(cc3Cl)C(O)C3NC(=O)C(NC(=O)C4NC(=O)C(NC2=O)c2cc(O)cc(c2)Oc2cc1ccc2O)c1ccc(O)c(c1)-c1c(O)cc(O)cc1C(C(=O)O)NC3=O,0,0,0,0
Spiramycin II,,,,,COC1C(OC(C)=O)CC(=O)OC(C)CC=CC=CC(OC2CCC(N(C)C)C(C)O2)C(C)CC(CC=O)C1OC1OC(C)C(OC2CC(C)(O)C(O)C(C)O2)C(N(C)C)C1O,0,0,0,0
demoxytocin,,,,,CCC(C)C1NC(=O)C(Cc2ccc(O)cc2)NC(=O)CCSSCC(C(=O)N2CCCC2C(=O)NC(CC(C)C)C(=O)NCC(N)=O)NC(=O)C(CC(N)=O)NC(=O)C(CCC(N)=O)NC1=O,0,0,0,0
mivacurium,,,,,COc1cc2c(cc1OC)C(Cc1cc(OC)c(OC)c(OC)c1)[N+](C)(CCCOC(=O)CCC=CCCC(=O)OCCC[N+]1(C)CCc3cc(OC)c(OC)cc3C1Cc1cc(OC)c(OC)c(OC)c1)CC2,0,0,0,0
doxacurium,,,,,COc1cc(CC2c3c(cc(OC)c(OC)c3OC)CC[N+]2(C)CCCOC(=O)CCC(=O)OCCC[N+]2(C)CCc3cc(OC)c(OC)c(OC)c3C2Cc2cc(OC)c(OC)c(OC)c2)cc(OC)c1OC,0,0,0,0
apatinib,,,,,N#CC1(c2ccc(NC(=O)c3cccnc3NCc3ccncc3)cc2)CCCC1,0,0,0,0
Cevimeline,,2684.0,,,CC1OC2(CS1)CN1CCC2CC1,0,0,0,0
Conivaptan,,151171.0,,,Cc1nc2c([nH]1)-c1ccccc1N(C(=O)c1ccc(NC(=O)c3ccccc3-c3ccccc3)cc1)CC2,0,0,0,0
cetraxate,,,,,NCC1CCC(C(=O)Oc2ccc(CCC(=O)O)cc2)CC1,0,0,0,0
bucumolol,,,,,Cc1ccc(OCC(O)CNC(C)(C)C)c2oc(=O)ccc12,0,0,0,0
atropine oxyde,,,,,C[N+]1([O-])C2CCC1CC(OC(=O)C(CO)c1ccccc1)C2,0,0,0,0
nicofibrate,,,,,CC(C)(Oc1ccc(Cl)cc1)C(=O)OCc1cccnc1,0,0,0,0
clofoctol,,,,,CC(C)(C)CC(C)(C)c1ccc(O)c(Cc2ccc(Cl)cc2Cl)c1,0,0,0,0
alkofanone,,,,,Nc1ccc(S(=O)(=O)C(CC(=O)c2ccccc2)c2ccccc2)cc1,0,0,0,0
profenamine,,,,,CCN(CC)C(C)CN1c2ccccc2Sc2ccccc21,0,0,0,0
lonazolac,,,,,O=C(O)Cc1cn(-c2ccccc2)nc1-c1ccc(Cl)cc1,0,0,0,0
arsthinol,,,,,CC(=O)Nc1cc([As]2SCC(CO)S2)ccc1O,0,0,0,0
nafamostat,,,,,N=C(N)Nc1ccc(C(=O)Oc2ccc3cc(C(=N)N)ccc3c2)cc1,0,0,0,0
indisetron,,,,,CN1CC2CC(NC(=O)c3[nH]nc4ccccc34)CC(C1)N2C,0,0,0,0
acediasulfone,,,,,Nc1ccc(S(=O)(=O)c2ccc(NCC(=O)O)cc2)cc1,0,0,0,0
formylsulfamethin,,,,,Cc1cc(NS(=O)(=O)c2ccc(NC=O)cc2)nc(C)n1,0,0,0,0
phenolphthalol,,,,,OCc1ccccc1C(c1ccc(O)cc1)c1ccc(O)cc1,0,0,0,0
tripamide,,,,,NS(=O)(=O)c1cc(C(=O)NN2CC3C4CCC(C4)C3C2)ccc1Cl,0,0,0,0
epimestrol,,,,,COc1ccc2c(c1)CCC1C2CCC2(C)C(O)C(O)CC12,0,0,0,0
neticonazole,,,,,CCCCCOc1ccccc1C(=CSC)n1ccnc1,0,0,0,0
oxendolone,,,,,CCC1CC2C3CC=C4CC(=O)CCC4C3CCC2(C)C1O,0,0,0,0
tricyclamol chloride,,,,,C[N+]1(CCC(O)(c2ccccc2)C2CCCCC2)CCCC1,0,0,0,0
narcobarbital,,,,,C=C(Br)CC1(C(C)C)C(=O)NC(=O)N(C)C1=O,0,0,0,0
Iofetamine (123I),,,,,CC(C)NC(C)Cc1ccc(I)cc1,0,0,0,0
piroheptine,,,,,CCN1CCC(=C2c3ccccc3CCc3ccccc32)C1C,0,0,0,0
spaglumic acid,,,,,CC(=O)NC(CC(=O)NC(CCC(=O)O)C(=O)O)C(=O)O,0,0,0,0
sulbactam pivoxyl,,,,,CC(C)(C)C(=O)OCOC(=O)C1N2C(=O)CC2S(=O)(=O)C1(C)C,0,0,0,0
polmacoxib,,,,,CC1(C)OC(c2ccc(S(N)(=O)=O)cc2)=C(c2cccc(F)c2)C1=O,0,0,0,0
acetyldigoxin,,,,,CC(=O)OC1C(O)CC(OC2C(O)CC(OC3C(O)CC(OC4CCC5(C)C(CCC6C5CC(O)C5(C)C(C7=CC(=O)OC7)CCC65O)C4)OC3C)OC2C)OC1C,0,0,0,0
rokitamycin,,,,,CCCC(=O)OC1C(C)OC(OC2C(C)OC(OC3C(CC=O)CC(C)C(O)C=CC=CCC(C)OC(=O)CC(O)C3OC)C(O)C2N(C)C)CC1(C)OC(=O)CC,0,0,0,0
iopentol,,,,,COCC(O)CN(C(C)=O)c1c(I)c(C(=O)NCC(O)CO)c(I)c(C(=O)NCC(O)CO)c1I,0,0,0,0
iobitridol,,,,,CN(CC(O)CO)C(=O)c1c(I)c(NC(=O)C(CO)CO)c(I)c(C(=O)N(C)CC(O)CO)c1I,0,0,0,0
proglumetacin,,,,,CCCN(CCC)C(=O)C(CCC(=O)OCCCN1CCN(CCOC(=O)Cc2c(C)n(C(=O)c3ccc(Cl)cc3)c3ccc(OC)cc23)CC1)NC(=O)c1ccccc1,0,0,0,0
evans blue,,,,,Cc1cc(-c2ccc(N=Nc3ccc4c(S(=O)(=O)O)cc(S(=O)(=O)O)c(N)c4c3O)c(C)c2)ccc1N=Nc1ccc2c(S(=O)(=O)O)cc(S(=O)(=O)O)c(N)c2c1O,0,0,0,0
cetiedil,,,,,O=C(OCCN1CCCCCC1)C(c1ccsc1)C1CCCCC1,0,0,0,0
azasetron,,,,,CN1C(=O)COc2c(C(=O)NC3CN4CCC3CC4)cc(Cl)cc21,0,0,0,0
trengestone,,,,,CC(=O)C1CCC2C3=CC(Cl)=C4CC(=O)C=CC4(C)C3CCC12C,0,0,0,0
clorotepine,,,,,CN1CCN(C2Cc3ccccc3Sc3ccc(Cl)cc32)CC1,0,0,0,0
tretoquinol,,,,,COc1cc(CC2NCCc3cc(O)c(O)cc32)cc(OC)c1OC,0,0,0,0
bevantolol,,,,,COc1ccc(CCNCC(O)COc2cccc(C)c2)cc1OC,0,0,0,0
metofoline,,,,,COc1cc2c(cc1OC)C(CCc1ccc(Cl)cc1)N(C)CC2,0,0,0,0
beclobrate,,,,,CCOC(=O)C(C)(CC)Oc1ccc(Cc2ccc(Cl)cc2)cc1,0,0,0,0
chlorproethazine,,,,,CCN(CC)CCCN1c2ccccc2Sc2ccc(Cl)cc21,0,0,0,0
rosaprostol,,,,,CCCCCCC1CCC(O)C1CCCCCCC(=O)O,0,0,0,0
metopon,,,,,CN1CCC23c4c5ccc(O)c4OC2(C)C(=O)CCC3C1C5,0,0,0,0
thiazinam,,,,,CC(CN1c2ccccc2Sc2ccccc21)[N+](C)(C)C,0,0,0,0
Diroximel fumarate,,73330464.0,,,COC(=O)C=CC(=O)OCCn1c(O)ccc1O,0,0,0,0
davercin,,,,,CCC1OC(=O)C(C)C(OC2CC(C)(OC)C(O)C(C)O2)C(C)C(OC2OC(C)CC(N(C)C)C2O)C(C)(O)CC(C)C(=O)C(C)C2OC(=O)OC12C,0,0,0,0
tirabrutinib hydrochloride,,,,,CC#CC(=O)N1CCC(n2c(=O)n(-c3ccc(Oc4ccccc4)cc3)c3c(N)ncnc32)C1,0,0,0,0
Defibrotide sodium,,135565962.0,,,CC(C)c1cc(-c2n[nH]c(=O)n2-c2ccc3c(ccn3C)c2)c(O)cc1OP(=O)(O)O,0,0,0,0
anhydrovinblastine,,,,,CCC1=CC2CN(CCc3c([nH]c4ccccc34)C(C(=O)OC)(c3cc4c(cc3OC)N(C)C3C(O)(C(=O)OC)C(OC(C)=O)C5(CC)C=CCN6CCC43C65)C2)C1,0,0,0,0
sulfobromophthalein,,,,,O=C1OC(c2ccc(O)c(S(=O)(=O)O)c2)(c2ccc(O)c(S(=O)(=O)O)c2)c2c(Br)c(Br)c(Br)c(Br)c21,0,0,0,0
bisdequalinium chloride,,,,,Cc1cc2c3ccccc3[n+]1CCCCCCCCCC[n+]1c(C)cc(c3ccccc31)NCCCCCCCCCCN2,0,0,0,0
solasulfone,,,,,O=S(=O)(c1ccc(NC(CC(c2ccccc2)S(=O)(=O)O)S(=O)(=O)O)cc1)c1ccc(NC(CC(c2ccccc2)S(=O)(=O)O)S(=O)(=O)O)cc1,0,0,0,0
acetyldigitoxin,,,,,CC(=O)OC1CC(OC2C(O)CC(OC3C(O)CC(OC4CCC5(C)C(CCC6C5CCC5(C)C(C7=CC(=O)OC7)CCC65O)C4)OC3C)OC2C)OC(C)C1O,0,0,0,0
sorbinicate,,,,,O=C(OCC(OC(=O)c1cccnc1)C(OC(=O)c1cccnc1)C(OC(=O)c1cccnc1)C(COC(=O)c1cccnc1)OC(=O)c1cccnc1)c1cccnc1,0,0,0,0
Cyanocobalamin,,5311498.0,,,C#N.CC1=C2N=C(C=C3N=C(C(C)=C4NC(C(CC(N)=O)C4(C)CCC(=O)NCC(C)OP(=O)(O)OC4C(CO)OC(n5cnc6cc(C)c(C)cc65)C4O)C4(C)N=C1C(CCC(N)=O)C4(C)CC(N)=O)C(CCC(N)=O)C3(C)C)C(CCC(N)=O)C2(C)CC(N)=O.[Co+3],0,0,0,0
Cyclo-upup,,194491.0,,,O=c1ccn(C2OC3COP(=O)(O)OC4C(COP(=O)(O)OC3C2O)OC(n2ccc(=O)[nH]c2=O)C4O)c(=O)[nH]1,0,0,0,0
petrichloral,,,,,OC(OCC(COC(O)C(Cl)(Cl)Cl)(COC(O)C(Cl)(Cl)Cl)COC(O)C(Cl)(Cl)Cl)C(Cl)(Cl)Cl,0,0,0,0
pralmorelin,,,,,CC(N)C(=O)NC(Cc1ccc2ccccc2c1)C(=O)NC(C)C(=O)NC(Cc1c[nH]c2ccccc12)C(=O)NC(Cc1ccccc1)C(=O)NC(CCCCN)C(N)=O,0,0,0,0
benproperine,,,,,CC(COc1ccccc1Cc1ccccc1)N1CCCCC1,0,0,0,0
evogliptin,,,,,CC(C)(C)OCC1C(=O)NCCN1C(=O)CC(N)Cc1cc(F)c(F)cc1F,0,0,0,0
etiroxate,,,,,CCOC(=O)C(C)(N)Cc1cc(I)c(Oc2cc(I)c(O)c(I)c2)c(I)c1,0,0,0,0
Demeclocycline,,54680690.0,,,CN(C)C1C(=O)C(C(N)=O)C(=O)C2(O)C(=O)C3C(=O)c4c(O)ccc(Cl)c4C(O)C3CC12,0,0,0,0
xyloylsulfamine,,,,,Cc1ccc(C(=O)NS(=O)(=O)c2ccc(N)cc2)cc1C,0,0,0,0
eritrityl tetranitrate,,,,,O=[N+]([O-])OCC(O[N+](=O)[O-])C(CO[N+](=O)[O-])O[N+](=O)[O-],0,0,0,0
terizidone,,,,,O=C1NOCC1N=Cc1ccc(C=NC2CONC2=O)cc1,0,0,0,0
aminopropylone,,,,,Cc1c(NC(=O)C(C)N(C)C)c(=O)n(-c2ccccc2)n1C,0,0,0,0
cethexonium,,,,,CCCCCCCCCCCCCCCC[N+](C)(C)C1CCCCC1O,0,0,0,0
sulfadiasulfone,,,,,CC(=O)NS(=O)(=O)c1cc(N)ccc1S(=O)(=O)c1ccc(N)cc1,0,0,0,0
bulaquine,,,,,COc1cc(NC(C)CCCN=C(C)C2CCOC2=O)c2ncccc2c1,0,0,0,0
diprafenone,,,,,CCC(C)(C)NCC(O)COc1ccccc1C(=O)CCc1ccccc1,0,0,0,0
prajmalium,,,,,CCC[N+]12C(O)C(CC)C3CC1C1N(C)c4ccccc4C14CC2C3C4O,0,0,0,0
diethazine,,,,,CCN(CC)CCN1c2ccccc2Sc2ccccc21,0,0,0,0
syrosingopine,,,,,CCOC(=O)Oc1c(OC)cc(C(=O)OC2CC3CN4CCc5c([nH]c6cc(OC)ccc56)C4CC3C(C(=O)OC)C2OC)cc1OC,0,0,0,0
pentamycin,,,,,CCCCCC(O)C1C(=O)OC(C)C(O)C=CC=CC=CC=CC=C(C)C(O)C(O)C(O)CC(O)CC(O)CC(O)CC(O)CC1O,0,0,0,0
cefpimizole,,,,,O=C(O)C1=C(C[n+]2ccc(CCS(=O)(=O)O)cc2)CSC2C(NC(=O)C(NC(=O)c3[nH]cnc3C(=O)O)c3ccccc3)C(=O)N12,0,0,0,0
iopronic acid,,,,,CCC(COCCOc1c(I)cc(I)c(NC(C)=O)c1I)C(=O)O,0,0,0,0
lividomycin,,,,,NCC1OC(OC2C(CO)OC(OC3C(O)C(N)CC(N)C3OC3OC(CO)C(O)CC3N)C2O)C(N)C(O)C1OC1OC(CO)C(O)C(O)C1O,0,0,0,0
bisbentiamine,,,,,CC(=C(CCOC(=O)c1ccccc1)SSC(CCOC(=O)c1ccccc1)=C(C)N(C=O)Cc1cnc(C)nc1N)N(C=O)Cc1cnc(C)nc1N,0,0,0,0
erythromycin acistrate,,,,,CCC1OC(=O)C(C)C(OC2CC(C)(OC)C(O)C(C)O2)C(C)C(OC2OC(C)CC(N(C)C)C2OC(C)=O)C(C)(O)CC(C)C(=O)C(C)C(O)C1(C)O,0,0,0,0
iomeprol,,,,,CN(C(=O)CO)c1c(I)c(C(=O)NCC(O)CO)c(I)c(C(=O)NCC(O)CO)c1I,0,0,0,0
canfosfamide,,,,,NC(CCC(=O)NC(CS(=O)(=O)CCOP(=O)(N(CCCl)CCCl)N(CCCl)CCCl)C(=O)NC(C(=O)O)c1ccccc1)C(=O)O,0,0,0,0
metrizamide,,,,,CC(=O)Nc1c(I)c(C(=O)NC2C(O)OC(CO)C(O)C2O)c(I)c(N(C)C(C)=O)c1I,0,0,0,0
erythromycin propionate,,,,,CCC(=O)OC1C(OC2C(C)C(OC3CC(C)(OC)C(O)C(C)O3)C(C)C(=O)OC(CC)C(C)(O)C(O)C(C)C(=O)C(C)CC2(C)O)OC(C)CC1N(C)C,0,0,0,0
sulbutiamine,,,,,CC(=C(CCOC(=O)C(C)C)SSC(CCOC(=O)C(C)C)=C(C)N(C=O)Cc1cnc(C)nc1N)N(C=O)Cc1cnc(C)nc1N,0,0,0,0
lucimycin,,,,,CCCCC1CC=CC=CC=CC=CC(OC2OC(C)C(O)C(N)C2O)CC2OC(O)(CC(O)CC3OC3C=CC(=O)O1)CC(O)C2C(=O)O,0,0,0,0
bietaserpine,,,,,CCN(CC)CCn1c2c(c3ccc(OC)cc31)CCN1CC3CC(OC(=O)c4cc(OC)c(OC)c(OC)c4)C(OC)C(C(=O)OC)C3CC21,0,0,0,0
digitalin,,,,,COC1C(O)C(OC2CCC3(C)C(CCC4C3CCC3(C)C(C5=CC(=O)OC5)C(O)CC43O)C2)OC(C)C1OC1OC(CO)C(O)C(O)C1O,0,0,0,0
tretinoin tocoferil,,,,,CC(C=CC1=C(C)CCCC1(C)C)=CC=CC(C)=CC(=O)Oc1c(C)c(C)c2c(c1C)CCC(C)(CCCC(C)CCCC(C)CCCC(C)C)O2,0,0,0,0
metochalcone,,,,,COc1ccc(C=CC(=O)c2ccc(OC)cc2OC)cc1,0,0,0,0
iobenzamic acid,,,,,Nc1c(I)cc(I)c(C(=O)N(CCC(=O)O)c2ccccc2)c1I,0,0,0,0
clindamycin palmitate,,,,,CCCCCCCCCCCCCCCC(=O)OC1C(SC)OC(C(NC(=O)C2CC(CCC)CN2C)C(C)Cl)C(O)C1O,0,0,0,0
enviomycin,,,,,NCCC(O)C(N)CC(=O)NC1CNC(=O)C(C2CCNC(N)=N2)NC(=O)C(C=NC(N)=O)NC(=O)C(CO)NC(=O)C(CO)NC1=O,0,0,0,0
glucosaminylmuramyl dipeptide,,,,,CC(=O)NC(C=O)C(OC(C)C(=O)NC(C)C(=O)NC(CCC(=O)O)C(N)=O)C(OC1OC(CO)C(O)C(O)C1NC(C)=O)C(O)CO,0,0,0,0
cefotiam hexetil,,,,,CC(OC(=O)OC1CCCCC1)OC(=O)C1=C(CSc2nnnn2CCN(C)C)CSC2C(NC(=O)Cc3csc(N)n3)C(=O)N12,0,0,0,0
Epi-kal2,,44201343.0,,,CCC(C)C(NC(=O)C(Cc1ccccc1)NC(=O)C(CCC(=O)O)NC(=O)C(CCC(=O)O)NC(=O)C(CS)NC(=O)C(CCC(N)=O)NC(=O)C(CCCN=C(N)N)NC(=O)C(NC(=O)C(Cc1ccccc1)NC(=O)C(NC(=O)C(CC(N)=O)NC(=O)C(Cc1ccccc1)NC(=O)C(Cc1ccccc1)NC(=O)C(Cc1c[nH]c2ccccc12)NC(=O)C(CCCNC(=N)N)NC(=O)C1CCCN1C(=O)C(Cc1cnc[nH]1)NC(=O)C(C)NC(=O)C(C)NC(=O)C(CCCNC(=N)N)NC(=O)C(CS)NC(=O)C1CCCN1C(=O)CNC(=O)C(CC(=O)O)NC(=O)C(CC(=O)O)NC(=O)C(C)NC(=O)C(CCCCN)NC(=O)C(Cc1ccccc1)NC(=O)C(C)NC(=O)C(CS)NC(=O)C(Cc1ccccc1)NC(=O)C(CO)NC(=O)C(Cc1cnc[nH]1)NC(=O)C(CCSC)NC(=O)C(C)NC(=O)C(N)CCC(=O)O)C(C)CC)C(C)O)C(=O)NC(Cc1ccc(O)cc1)C(=O)NCC(=O)NCC(=O)NC(CS)C(=O)NC(CCC(=O)O)C(=O)NCC(=O)NC(CC(N)=O)C(=O)NC(CCC(N)=O)C(=O)NC(CC(N)=O)C(=O)NC(CCCNC(=N)N)C(=O)NC(Cc1ccccc1)C(=O)NC(CCC(=O)O)C(=O)NC(CO)C(=O)NC(CC(C)C)C(=O)NC(CCC(=O)O)C(=O)NC(CCC(=O)O)C(=O)NC(CS)C(=O)NC(CCCCN)C(=O)NC(CCCCN)C(=O)NC(CCSC)C(=O)NC(CS)C(=O)NC(C(=O)NC(CCCNC(=N)N)C(=O)NC(CC(=O)O)C(=O)O)C(C)O,0,0,0,0
Epoetin alfa,,127893.0,,,O=C(CNC(=O)c1ccccc1)CC(Cc1ccccc1)C(=O)O,0,0,0,0
Etophos,,60668.0,,,COc1cc(C2c3cc4c(cc3C(OC3OC5COC(C)OC5C(O)C3O)C3COC(=O)C23)OCO4)cc(OC)c1OP(=O)(O)O,0,0,0,0
Extendin-4,,16157882.0,,,CCC(C)C(NC(=O)C(Cc1ccccc1)NC(=O)C(CC(C)C)NC(=O)C(CCCN=C(N)N)NC(=O)C(NC(=O)C(C)NC(=O)C(CCC(=O)O)NC(=O)C(CCC(=O)O)NC(=O)C(CCC(=O)O)NC(=O)C(CCSC)NC(=O)C(CCC(N)=O)NC(=O)C(CCCCN)NC(=O)C(CO)NC(=O)C(CC(C)C)NC(=O)C(CC(=O)O)NC(=O)C(CO)NC(=O)C(NC(=O)C(Cc1ccccc1)NC(=O)C(NC(=O)CNC(=O)C(CCC(=O)O)NC(=O)CNC(=O)C(N)Cc1cnc[nH]1)C(C)O)C(C)O)C(C)C)C(=O)NC(CCC(=O)O)C(=O)NC(Cc1c[nH]c2ccccc12)C(=O)NC(CC(C)C)C(=O)NC(CCCCN)C(=O)NC(CC(N)=O)C(=O)NCC(=O)NCC(=O)N1CCCC1C(=O)NC(CO)C(=O)NC(CO)C(=O)NCC(=O)NC(C)C(=O)N1CCCC1C(=O)N1CCCC1C(=O)N1CCCC1C(=O)NC(CO)C(N)=O,0,0,0,0
colfosceril palmitate,,,,,CCCCCCCCCCCCCCCC(=O)OCC(COP(=O)(O)OCC[N+](C)(C)C)OC(=O)CCCCCCCCCCCCCCC,0,0,0,0
glucosulfone,,,,,O=S(=O)(c1ccc(NC(C(O)C(O)C(O)C(O)CO)S(=O)(=O)O)cc1)c1ccc(NC(C(O)C(O)C(O)C(O)CO)S(=O)(=O)O)cc1,0,0,0,0
Streptomycin B,,,,,CNC1C(OC2C(OC3C(O)C(O)C(N=C(N)N)C(O)C3N=C(N)N)OC(C)C2(O)C=O)OC(CO)C(OC2OC(CO)C(O)C(O)C2O)C1O,0,0,0,0
flurithromycin,,,,,CCC1OC(=O)C(C)C(OC2CC(C)(OC)C(O)C(C)O2)C(C)C(OC2OC(C)CC(N(C)C)C2O)C(C)(O)CC(C)(F)C(=O)C(C)C(O)C1(C)O,0,0,0,0
benzquercin,,,,,O=c1c(OCc2ccccc2)c(-c2ccc(OCc3ccccc3)c(OCc3ccccc3)c2)oc2cc(OCc3ccccc3)cc(OCc3ccccc3)c12,0,0,0,0
Emedastine,,3219.0,,,CCOCCn1c(N2CCCN(C)CC2)nc2ccccc21,0,0,0,0
zorubicin,,,,,COc1cccc2c(O)c3c(c(O)c12)C(=O)C1=C(CC(O)(C(C)=NNC(=O)c2ccccc2)CC1OC1CC(N)C(O)C(C)O1)C3=O,0,0,0,0
methylprednisolone suleptanate,,,,,CC1=C2CC(=O)C=CC2(C)C2C(O)CC3(C)C(CCC3(O)C(=O)COC(=O)CCCCCCC(=O)N(C)CCS(=O)(=O)O)C2C1,0,0,0,0
dimethyltubocurarinium,,,,,COc1ccc2cc1Oc1cc3c(cc1OC)CC[N+](C)(C)C3Cc1ccc(cc1)Oc1c(OC)c(OC)cc3c1C(C2)[N+](C)(C)CC3,0,0,0,0
bisoctrizole,,,,,CC(C)(C)CC(C)(C)c1cc(Cc2cc(C(C)(C)CC(C)(C)C)cc(-n3nc4ccccc4n3)c2O)c(O)c(-n2nc3ccccc3n2)c1,0,0,0,0
fytic acid,,,,,O=P(O)(O)OC1C(OP(=O)(O)O)C(OP(=O)(O)O)C(OP(=O)(O)O)C(OP(=O)(O)O)C1OP(=O)(O)O,0,0,0,0
zinostatin,,,,,CNC1C(OC2C3=CC#CC4OC4(C4COC(=O)O4)C#CC3=CC2OC(=O)c2c(O)ccc3c(C)cc(OC)cc23)OC(C)C(O)C1O,0,0,0,0
traxanox,,,,,O=c1c2cccnc2oc2c(Cl)cc(-c3nn[nH]n3)cc12,0,0,0,0
carbazochrome,,,,,CN1CC(O)c2cc(N=NC(N)=O)c(O)cc21,0,0,0,0
isobromindione,,,,,O=C1c2ccc(Br)cc2C(=O)C1c1ccccc1,0,0,0,0
tegaserod,,,,,CCCCCN=C(N)NN=Cc1c[nH]c2ccc(OC)cc12,0,0,0,0
bisulepine,,,,,CN(C)CCC=C1c2ccccc2CSc2sccc21,0,0,0,0
azaribine,,,,,CC(=O)OCC1OC(n2ncc(=O)[nH]c2=O)C(OC(C)=O)C1OC(C)=O,0,0,0,0
amocarzine,,,,,CN1CCN(C(=S)Nc2ccc(Nc3ccc([N+](=O)[O-])cc3)cc2)CC1,0,0,0,0
arotinolol,,,,,CC(C)(C)NCC(O)CSc1nc(-c2ccc(C(N)=O)s2)cs1,0,0,0,0
glybuzole,,,,,CC(C)(C)c1nnc(NS(=O)(=O)c2ccccc2)s1,0,0,0,0
tolindate,,,,,Cc1cccc(N(C)C(=S)Oc2ccc3c(c2)CCC3)c1,0,0,0,0
cimetropium,,,,,C[N+]1(CC2CC2)C2CC(OC(=O)C(CO)c3ccccc3)CC1C1OC12,0,0,0,0
dimethoxanate,,,,,CN(C)CCOCCOC(=O)N1c2ccccc2Sc2ccccc21,0,0,0,0
feclemine,,,,,CCN(CC)CC(CN(CC)CC)C(c1ccccc1)C1CCCCC1,0,0,0,0
phentetramine,,,,,CN(CC(O)c1cccc(O)c1)c1nc2c(c(=O)n(C)c(=O)n2C)n1C,0,0,0,0
flutoprazepam,,,,,O=C1CN=C(c2ccccc2F)c2cc(Cl)ccc2N1CC1CC1,0,0,0,0
acetyldihydrocodeine,,,,,COc1ccc2c3c1OC1C(OC(C)=O)CCC4C(C2)N(C)CCC341,0,0,0,0
sultosilic acid,,,,,Cc1ccc(S(=O)(=O)Oc2ccc(O)c(S(=O)(=O)O)c2)cc1,0,0,0,0
piketoprofen,,,,,Cc1ccnc(NC(=O)C(C)c2cccc(C(=O)c3ccccc3)c2)c1,0,0,0,0
tocofibrate,,,,,Cc1c(C)c2c(c(C)c1OC(=O)C(C)(C)Oc1ccc(Cl)cc1)CCC(C)(CCCC(C)CCCC(C)CCCC(C)C)O2,0,0,0,0
cefbuperazone,,,,,CCN1CCN(C(=O)NC(C(=O)NC2(OC)C(=O)N3C(C(=O)O)=C(CSc4nnnn4C)CSC32)C(C)O)C(=O)C1=O,0,0,0,0
Sodium ferric gluconate complex,,23693558.0,,,O=C(O)C(O)C(O)C(O)C(O)CO.[Fe+3],0,0,0,0
efonidipine,,,,,CC1=NC(C)=C(P2(=O)OCC(C)(C)CO2)C(c2cccc([N+](=O)[O-])c2)C1C(=O)OCCN(Cc1ccccc1)c1ccccc1,0,0,0,0
thyropropic acid,,,,,O=C(O)CCc1cc(I)c(Oc2ccc(O)c(I)c2)c(I)c1,0,0,0,0
bunamiodyl,,,,,CCCC(=O)Nc1c(I)cc(I)c(C=C(CC)C(=O)O)c1I,0,0,0,0
nicomol,,,,,O=C(OCC1(COC(=O)c2cccnc2)CCCC(COC(=O)c2cccnc2)(COC(=O)c2cccnc2)C1O)c1cccnc1,0,0,0,0
tyropanoate,,,,,CCCC(=O)Nc1c(I)cc(I)c(CC(CC)C(=O)O)c1I,0,0,0,0
benzestrol,,,,,CCC(c1ccc(O)cc1)C(CC)C(C)c1ccc(O)cc1,0,0,0,0
dimevamide,,,,,CC(CC(C(N)=O)(c1ccccc1)c1ccccc1)N(C)C,0,0,0,0
tritiozine,,,,,COc1cc(C(=S)N2CCOCC2)cc(OC)c1OC,0,0,0,0
ibuprofen piconol,,,,,CC(C)Cc1ccc(C(C)C(=O)OCc2ccccn2)cc1,0,0,0,0
flavodic acid,,,,,O=C(O)COc1cc(OCC(=O)O)c2c(=O)cc(-c3ccccc3)oc2c1,0,0,0,0
iodamide,,,,,CC(=O)NCc1c(I)c(NC(C)=O)c(I)c(C(=O)O)c1I,0,0,0,0
Fosaprepitant,,135413538.0,,,CC(OC1OCCN(Cc2nc(=O)n(P(=O)(O)O)[nH]2)C1c1ccc(F)cc1)c1cc(C(F)(F)F)cc(C(F)(F)F)c1,0,0,0,0
Fosfomycin tromethamine,,54331.0,,,CC1OC1P(=O)(O)O.NC(CO)(CO)CO,0,0,0,0
Gadofosveset,,46174086.0,,,O=C(O)CN(CCN(CC(=O)O)CC(COP(=O)(O)OC1CCC(c2ccccc2)(c2ccccc2)CC1)N(CC(=O)O)CC(=O)O)CC(=O)O.[Gd+3].[H+].[H+].[H+],0,0,0,0
Gadolinium-dtpa,,6857474.0,,,O=C(O)CN(CCN(CC(=O)O)CC(=O)O)CCN(CC(=O)O)CC(=O)O.[Gd+3],0,0,0,0
Fidaxomicin,,151383.0,,,CCc1c(Cl)c(O)c(Cl)c(O)c1C(=O)OC1C(C)OC(OCC2=CC=CCC(O)C(C)=CC(CC)C(OC3OC(C)(C)C(OC(=O)C(C)C)C(O)C3O)C(C)=CC(C)=CCC(C(C)O)OC2=O)C(OC)C1O,0,0,0,0
butobendine,,,,,CCC(COC(=O)c1cc(OC)c(OC)c(OC)c1)N(C)CCN(C)C(CC)COC(=O)c1cc(OC)c(OC)c(OC)c1,0,0,0,0
tirilazad,,,,,CC1CC2C3CC=C4CC(=O)C=CC4(C)C3=CCC2(C)C1C(=O)CN1CCN(c2cc(N3CCCC3)nc(N3CCCC3)n2)CC1,0,0,0,0
guamecycline,,,,,CN(C)C1C(=O)C(C(=O)NCN2CCN(C(N)=NC(=N)N)CC2)C(=O)C2(O)C(=O)C3C(=O)c4c(O)cccc4C(C)(O)C3CC12,0,0,0,0
fedrilate,,,,,CC(CCN1CCOCC1)OC(=O)C1(c2ccccc2)CCOCC1,0,0,0,0
benzpiperylone,,,,,CN1CCC(n2[nH]c(-c3ccccc3)c(Cc3ccccc3)c2=O)CC1,0,0,0,0
normethadone,,,,,CCC(=O)C(CCN(C)C)(c1ccccc1)c1ccccc1,0,0,0,0
picoperine,,,,,c1ccc(N(CCN2CCCCC2)Cc2ccccn2)cc1,0,0,0,0
tertatolol,,,,,CC(C)(C)NCC(O)COc1cccc2c1SCCC2,0,0,0,0
diisopromine,,,,,CC(C)N(CCC(c1ccccc1)c1ccccc1)C(C)C,0,0,0,0
pipecuronium,,,,,CC(=O)OC1CC2CCC3C(CCC4(C)C3CC(N3CC[N+](C)(C)CC3)C4OC(C)=O)C2(C)CC1N1CC[N+](C)(C)CC1,0,0,0,0
dilazep,,,,,COc1cc(C(=O)OCCCN2CCCN(CCCOC(=O)c3cc(OC)c(OC)c(OC)c3)CC2)cc(OC)c1OC,0,0,0,0
diosmin,,,,,COc1ccc(-c2cc(=O)c3c(O)cc(OC4OC(COC5OC(C)C(O)C(O)C5O)C(O)C(O)C4O)cc3o2)cc1O,0,0,0,0
methoserpidine,,,,,COC(=O)C1C2CC3c4[nH]c5ccc(OC)cc5c4CCN3CC2CC(OC(=O)c2cc(OC)c(OC)c(OC)c2)C1OC,0,0,0,0
dexniguldipine,,,,,COC(=O)C1=C(C)N=C(C)C(C(=O)OCCCN2CCC(c3ccccc3)(c3ccccc3)CC2)C1c1cccc([N+](=O)[O-])c1,0,0,0,0
cefpiramide,,,,,Cc1cc(=O)c(C(=O)NC(C(=O)NC2C(=O)N3C(C(=O)O)=C(CSc4nnnn4C)CSC23)c2ccc(O)cc2)c[nH]1,0,0,0,0
iomeglamic acid,,,,,CN(C(=O)CCCC(=O)O)c1c(I)cc(I)c(N)c1I,0,0,0,0
bemotrizinol,,,,,CCCCC(CC)COc1ccc(-c2nc(-c3ccc(OC)cc3)nc(-c3ccc(OCC(CC)CCCC)cc3O)n2)c(O)c1,0,0,0,0
phenacaine,,,,,CCOc1ccc(N=C(C)Nc2ccc(OCC)cc2)cc1,0,0,0,0
piprozolin,,,,,CCOC(=O)C=C1SC(N2CCCCC2)C(=O)N1CC,0,0,0,0
methestrol,,,,,CCC(c1ccc(O)c(C)c1)C(CC)c1ccc(O)c(C)c1,0,0,0,0
myrophine,,,,,CCCCCCCCCCCCCC(=O)OC1C=CC2C3Cc4ccc(OCc5ccccc5)c5c4C2(CCN3C)C1O5,0,0,0,0
hidrosmin,,,,,COc1ccc(-c2cc(=O)c3c(OCCO)cc(OC4OC(COC5OC(C)C(O)C(O)C5O)C(O)C(O)C4O)cc3o2)cc1O,0,0,0,0
antrafenine,,,,,O=C(OCCN1CCN(c2cccc(C(F)(F)F)c2)CC1)c1ccccc1Nc1ccnc2cc(C(F)(F)F)ccc12,0,0,0,0
rescimetol,,,,,COC(=O)C1C2CC3c4[nH]c5cc(OC)ccc5c4CCN3CC2CC(OC(=O)C=Cc2ccc(O)c(OC)c2)C1OC,0,0,0,0
hexobendine,,,,,COc1cc(C(=O)OCCCN(C)CCN(C)CCCOC(=O)c2cc(OC)c(OC)c(OC)c2)cc(OC)c1OC,0,0,0,0
cefteram pivoxil,,,,,CON=C(C(=O)NC1C(=O)N2C(C(=O)OCOC(=O)C(C)(C)C)=C(Cn3nnc(C)n3)CSC12)c1csc(N)n1,0,0,0,0
sultamicillin,,,,,CC1(C)SC2C(NC(=O)C(N)c3ccccc3)C(=O)N2C1C(=O)OCOC(=O)C1N2C(=O)CC2S(=O)(=O)C1(C)C,0,0,0,0
selenium (75Se) tauroselcholic acid,,,,,CC(C[Se]CC(=O)NCCS(=O)(=O)O)C1CCC2C3C(O)CC4CC(O)CCC4(C)C3CC(O)C12C,0,0,0,0
Gadopentetate dimeglumine,,131751658.0,,,CC(C)=CC1CC(C)(O)C2C3CCC4C5(C)CCC(OC6OCC(O)C(OC7OC(CO)C(O)C(O)C7OC7OCC(O)C(O)C7O)C6OC6OCC(O)C(O)C6O)C(C)(C)C5CCC4(C)C34COC2(C4)O1,0,0,0,0
oxypendyl,,,,,OCCN1CCN(CCCN2c3ccccc3Sc3cccnc32)CC1,0,0,0,0
penmesterol,,,,,CC12CCC(OC3CCCC3)=CC1=CCC1C2CCC2(C)C1CCC2(C)O,0,0,0,0
azosemide,,,,,NS(=O)(=O)c1cc(-c2nn[nH]n2)c(NCc2cccs2)cc1Cl,0,0,0,0
lorcainide,,,,,CC(C)N1CCC(N(C(=O)Cc2ccccc2)c2ccc(Cl)cc2)CC1,0,0,0,0
remoxipride,,,,,CCN1CCCC1CNC(=O)c1c(OC)ccc(Br)c1OC,0,0,0,0
floredil,,,,,CCOc1cc(OCC)cc(OCCN2CCOCC2)c1,0,0,0,0
difemetorex,,,,,OCCN1CCCCC1C(c1ccccc1)c1ccccc1,0,0,0,0
keracyanin,,,,,CC1OC(OCC2OC(Oc3cc4c(O)cc(O)cc4[o+]c3-c3ccc(O)c(O)c3)C(O)C(O)C2O)C(O)C(O)C1O,0,0,0,0
metofenazate,,,,,COc1cc(C(=O)OCCN2CCN(CCCN3c4ccccc4Sc4ccc(Cl)cc43)CC2)cc(OC)c1OC,0,0,0,0
hematoporphyrin,,,,,CC1=C(C(C)O)c2cc3nc(cc4[nH]c(cc5[nH]c(cc1n2)c(C)c5CCC(=O)O)c(CCC(=O)O)c4C)C(C(C)O)=C3C,0,0,0,0
nicofuranose,,,,,O=C(OCC1OC(O)(COC(=O)c2cccnc2)C(OC(=O)c2cccnc2)C1OC(=O)c1cccnc1)c1cccnc1,0,0,0,0
Ibritumomab tiuxetan,,92002593.0,,,CNC(=O)Nc1ccc(CC(CN(CC(=O)O)CC(C)N(CC(=O)O)CC(=O)O)N(CC(=O)O)CC(=O)O)cc1,0,0,0,0
Icatibant,,6918173.0,,,N=C(N)NCCCC(N)C(=O)NC(CCCN=C(N)N)C(=O)N1CCCC1C(=O)N1CC(O)CC1C(=O)NCC(=O)NC(Cc1cccs1)C(=O)NC(CO)C(=O)N1Cc2ccccc2CC1C(=O)N1C(C(=O)NC(CCCN=C(N)N)C(=O)O)CC2CCCCC21,0,0,0,0
Insulin aspart,,118984445.0,,,CCC(C)C(NC(=O)CN)C(=O)NC(C(=O)NC(CCC(=O)O)C(=O)NC(CCC(N)=O)C(=O)NC1CSSCC2NC(=O)C(C(C)CC)NC(=O)C(CO)NC(=O)C(C(C)O)NC(=O)C(CSSCC(NC(=O)C(CC(C)C)NC(=O)C(Cc3c[nH]cn3)NC(=O)C(CCC(N)=O)NC(=O)C(CC(N)=O)NC(=O)C(NC(=O)C(N)Cc3ccccc3)C(C)C)C(=O)NCC(=O)NC(CO)C(=O)NC(Cc3c[nH]cn3)C(=O)NC(CC(C)C)C(=O)NC(C(C)C)C(=O)NC(CCC(=O)O)C(=O)NC(C)C(=O)NC(CC(C)C)C(=O)NC(Cc3ccc(O)cc3)C(=O)NC(CC(C)C)C(=O)NC(C(C)C)C(=O)NC(C(=O)NCC(=O)NC(CCC(=O)O)C(=O)NC(CCCN=C(N)N)C(=O)NCC(=O)NC(Cc3ccccc3)C(=O)NC(Cc3ccccc3)C(=O)NC(Cc3ccc(O)cc3)C(=O)NC(C(=O)NC(CC(=O)O)C(=O)NC(CCCCN)C(=O)NC(C(=O)O)C(C)O)C(C)O)CSSCC(C(=O)NC(CC(N)=O)C(=O)O)NC(=O)C(Cc3ccc(O)cc3)NC(=O)C(CC(N)=O)NC(=O)C(CCC(=O)O)NC(=O)C(CC(C)C)NC(=O)C(CCC(N)=O)NC(=O)C(Cc3ccc(O)cc3)NC(=O)C(CC(C)C)NC(=O)C(CO)NC2=O)NC1=O)C(C)C,0,0,0,0
Iotrolan,,3738.0,,,CN(C(=O)CC(=O)N(C)c1c(I)c(C(=O)NC(CO)C(O)CO)c(I)c(C(=O)NC(CO)C(O)CO)c1I)c1c(I)c(C(=O)NC(CO)C(O)CO)c(I)c(C(=O)NC(CO)C(O)CO)c1I,0,0,0,0
Ioxilan,,3743.0,,,CC(=O)N(CC(O)CO)c1c(I)c(C(=O)NCCO)c(I)c(C(=O)NCC(O)CO)c1I,0,0,0,0
Halobetasol,,5311167.0,,,CC1CC2C3CC(F)C4=CC(=O)C=CC4(C)C3(F)C(O)CC2(C)C1(O)C(=O)CCl,0,0,0,0
Hemin,,26945.0,,,C=Cc1c(C)c2cc3nc(cc4[nH]c(cc5nc(cc1[nH]2)=C(C)C5=CCC(=O)O)c(CCC(=O)O)c4C)=C(C)C3=CC.[Fe+2],0,0,0,0
Hetastarch,,24846132.0,,,COC1C(CO)OC(OCC2OC(OC3C(CO)OC(C)C(O)C3O)C(O)C(O)C2OC2OC(CO)C(OC)C(O)C2OCCO)C(O)C1O,0,0,0,0
Hex-hgrf,,44201342.0,,,CCC=CCC(=O)NC(Cc1ccc(O)cc1)C(=O)NC(C)C(=O)NC(CC(=O)O)C(=O)NC(C)C(=O)NC(C(=O)NC(Cc1ccccc1)C(=O)NC(C(=O)NC(CC(N)=O)C(=O)NC(CO)C(=O)NC(Cc1ccc(O)cc1)C(=O)NC(CCCN=C(N)N)C(=O)NC(CCCCN)C(=O)NC(C(=O)NCC(=O)NC(CC(C)C)C(=O)NC(CCC(N)=O)C(=O)NC(CC(C)C)C(=O)NC(CO)C(=O)NC(C)C(=O)NC(CCCNC(=N)N)C(=O)NC(CCCCN)C(=O)NC(CC(C)C)C(=O)NC(CC(C)C)C(=O)NC(CCC(N)=O)C(=O)NC(CC(=O)O)C(=O)NC(C(=O)NC(CCSC)C(=O)NC(CO)C(=O)NC(CCCNC(=N)N)C(=O)NC(CCC(N)=O)C(=O)NCC(=O)NC(CCC(N)=O)C(=O)NC(CCC(=O)O)C(=O)NC(CO)C(=O)NC(CC(N)=O)C(=O)NC(CCC(N)=O)C(=O)NC(CCC(=O)O)C(=O)NC(CCCNC(=N)N)C(=O)NC(C)C(=O)NCC(=O)NC(CCCNC(=N)N)C(=O)NC(C)C(=O)NC(CCCNC(=N)N)C(=O)NC(CC(C)C)C(N)=O)C(C)CC)C(C)C)C(C)O)C(C)CC,0,0,0,0
Homatropine,,688024.0,,,CN1C2CCC1CC(OC(=O)C(O)c1ccccc1)C2,0,0,0,0
Hydroxybutanedial,,5288169.0,,,O=CCC(=O)CO,0,0,0,0
cefodizime,,,,,CON=C(C(=O)NC1C(=O)N2C(C(=O)O)=C(CSc3nc(C)c(CC(=O)O)s3)CSC12)c1csc(N)n1,0,0,0,0
cytarabine ocfosfate,,,,,CCCCCCCCCCCCCCCCCCOP(=O)(O)OCC1OC(n2ccc(N)nc2=O)C(O)C1O,0,0,0,0
beta-Ergocryptine,,,,,CCC(C)C1C(=O)N2CCCC2C2(O)OC(NC(=O)C3C=C4c5cccc6[nH]cc(c56)CC4N(C)C3)(C(C)C)C(=O)N12,0,0,0,0
deserpidine,,,,,COC(=O)C1C2CC3c4[nH]c5ccccc5c4CCN3CC2CC(OC(=O)c2cc(OC)c(OC)c(OC)c2)C1OC,0,0,0,0
difebarbamate,,,,,CCCCOCC(CN1C(=O)N(CC(COCCCC)OC(N)=O)C(=O)C(CC)(c2ccccc2)C1=O)OC(N)=O,0,0,0,0
prednisolone farnesylate,,,,,CC(C)=CCCC(C)=CCCC(C)=CC(=O)OCC(=O)C1(O)CCC2C3CC=C4CC(=O)C=CC4(C)C3C(O)CC21C,0,0,0,0
bermoprofen,,,,,Cc1ccc2c(c1)CC(=O)c1cc(C(C)C(=O)O)ccc1O2,0,0,0,0
exiproben,,,,,CCCCCCOCC(O)COc1ccccc1C(=O)O,0,0,0,0
propizepine,,,,,CC(CN1C(=O)c2cccnc2Nc2ccccc21)N(C)C,0,0,0,0
cyclodrine,,,,,CCN(CC)CCOC(=O)C(c1ccccc1)C1(O)CCCC1,0,0,0,0
enoxacin,,,,,CCn1cc(C(=O)O)c(=O)c2cc(F)c(N3CCNCC3)nc21,0,0,0,0
methopromazine,,,,,COc1ccc2c(c1)N(CCCN(C)C)c1ccccc1S2,0,0,0,0
loflucarban,,,,,Fc1ccc(NC(=S)Nc2cc(Cl)cc(Cl)c2)cc1,0,0,0,0
protizinic acid,,,,,COc1ccc2c(c1)Sc1ccc(C(C)C(=O)O)cc1N2C,0,0,0,0
mitiglinide,,,,,O=C(O)C(CC(=O)N1CC2CCCCC2C1)Cc1ccccc1,0,0,0,0
pamaquine,,,,,CCN(CC)CCCC(C)Nc1cc(OC)cc2cccnc12,0,0,0,0
fentiazac,,,,,O=C(O)Cc1sc(-c2ccccc2)nc1-c1ccc(Cl)cc1,0,0,0,0
penthienate,,,,,CC[N+](C)(CC)CCOC(=O)C(O)(c1cccs1)C1CCCC1,0,0,0,0
nitroxazepine,,,,,CN(C)CCCN1C(=O)c2cc([N+](=O)[O-])ccc2Oc2ccccc21,0,0,0,0
thebacon,,,,,COc1ccc2c3c1OC1C(OC(C)=O)=CCC4C(C2)N(C)CCC314,0,0,0,0
diseptal B ,,,,,CNS(=O)(=O)c1ccc(NS(=O)(=O)c2ccc(N)cc2)cc1,0,0,0,0
cyclacillin,,,,,CC1(C)SC2C(NC(=O)C3(N)CCCCC3)C(=O)N2C1C(=O)O,0,0,0,0
clobenztropine,,,,,CN1C2CCC1CC(OC(c1ccccc1)c1ccc(Cl)cc1)C2,0,0,0,0
siccanin,,,,,Cc1cc(O)c2c(c1)OC1(C)CCC3C(C)(C)CCCC34COC2C14,0,0,0,0
etersalate,,,,,CC(=O)Nc1ccc(OCCOC(=O)c2ccccc2OC(C)=O)cc1,0,0,0,0
cafedrine,,,,,CC(NCCn1cnc2c1c(=O)n(C)c(=O)n2C)C(O)c1ccccc1,0,0,0,0
Lymecycline,,54707177.0,,,CN(C)C1C(=O)C(C(=O)NCNCCCCC(N)C(=O)O)C(=O)C2(O)C(=O)C3C(=O)c4c(O)cccc4C(C)(O)C3CC12,0,0,0,0
Mafenide,,3998.0,,,NCc1ccc(S(N)(=O)=O)cc1,0,0,0,0
halopredone acetate,,,,,CC(=O)OCC(=O)C1(OC(C)=O)CCC2C3CC(F)C4=CC(=O)C(Br)=CC4(C)C3(F)C(O)CC21C,0,0,0,0
Iron;nitroxyl anion;pentacyanide,,11947681.0,,,C#N.C#N.C#N.C#N.C#N.N=O.[Fe],0,0,0,0
Ketoconazole,,3823.0,,,CC(=O)N1CCN(c2ccc(OCC3COC(Cn4ccnc4)(c4ccc(Cl)cc4Cl)O3)cc2)CC1,0,0,0,0
diathymosulfone,,,,,Cc1cc(O)c(C(C)C)cc1N=Nc1ccc(S(=O)(=O)c2ccc(N=Nc3cc(C(C)C)c(O)cc3C)cc2)cc1,0,0,0,0
carbenoxolone,,,,,CC1(C(=O)O)CCC2(C)CCC3(C)C(=C2C1)CC(=O)C1C2(C)CCC(OC(=O)CCC(=O)O)C(C)(C)C2CCC13C,0,0,0,0
desoxymycin,,,,,CNC1C(OC2C(OC3C(O)C(O)C(N=C(N)N)C(O)C3N=C(N)N)OC(C)C2CO)OC(CO)C(O)C1O,0,0,0,0
cefcapene pivoxil,,,,,CCCC(C(=O)N=C1C(=O)N2C(C(=O)OCOC(=O)C(C)(C)C)=C(COC(N)=O)CSC12)c1csc(N)n1,0,0,0,0
brovanexine,,,,,COc1cc(C(=O)Nc2c(Br)cc(Br)cc2CN(C)C2CCCCC2)ccc1OC(C)=O,0,0,0,0
cefuroxime pivoxetil,,,,,CON=C(C(=O)NC1C(=O)N2C(C(=O)OC(C)OC(=O)C(C)(C)OC)=C(COC(N)=O)CSC12)c1ccco1,0,0,0,0
formocortal,,,,,CC(=O)OCC(=O)C12OC(C)(C)OC1CC1C3CC(C=O)=C4C=C(OCCCl)CCC4(C)C3(F)C(O)CC12C,0,0,0,0
isepamicin,,,,,CNC1C(O)C(OC2C(NC(=O)C(O)CN)CC(N)C(OC3OC(CN)C(O)C(O)C3O)C2O)OCC1(C)O,0,0,0,0
Malvidin chloride,,69512.0,,,COc1cc(-c2[o+]c3cc(O)cc(O)c3cc2O)cc(OC)c1O,0,0,0,0
Mertiatide,,60778.0,,,O=C(O)CNC(=O)CNC(=O)CNC(=O)CS,0,0,0,0
Lanreotide acetate,,71349.0,,,CC(C)C1NC(=O)C(CCCCN)NC(=O)C(Cc2c[nH]c3ccccc23)NC(=O)C(Cc2ccc(O)cc2)NC(=O)C(NC(=O)C(N)Cc2ccc3ccccc3c2)CSSCC(C(=O)NC(C(N)=O)C(C)O)NC1=O,0,0,0,0
Lasofoxifene,,216416.0,,,Oc1ccc2c(c1)CCC(c1ccccc1)C2c1ccc(OCCN2CCCC2)cc1,0,0,0,0
Levobunolol,,39468.0,,,CC(C)(C)NCC(O)COc1cccc2c1CCCC2=O,0,0,0,0
Levodopa-4'-monophosphate,,127766.0,,,NC(Cc1ccc(OP(=O)(O)O)c(O)c1)C(=O)O,0,0,0,0
Lodoxamide,,44564.0,,,N#Cc1cc(NC(=O)C(=O)O)c(Cl)c(NC(=O)C(=O)O)c1,0,0,0,0
Lofexidine,,30668.0,,,CC(Oc1c(Cl)cccc1Cl)C1=NCCN1,0,0,0,0
Lutetium oxodotreotide lu-177,,76966897.0,,,CC(O)C(NC(=O)C1CSSCC(NC(=O)C(Cc2ccccc2)NC(=O)CN2CCN(CC(=O)O)CCN(CC(=O)O)CCN(CC(=O)O)CC2)C(=O)NC(Cc2ccc(O)cc2)C(=O)NC(Cc2c[nH]c3ccccc23)C(=O)NC(CCCCN)C(=O)NC(C(C)O)C(=O)N1)C(=O)O.[Lu+3],0,0,0,0
formebolone,,,,,CC12C=C(C=O)C(=O)C=C1CCC1C2C(O)CC2(C)C1CCC2(C)O,0,0,0,0
alatrofloxacin,,,,,CC(N)C(=O)NC(C)C(=O)NC1C2CN(c3nc4c(cc3F)c(=O)c(C(=O)O)cn4-c3ccc(F)cc3F)CC21,0,0,0,0
Methylnaltrexone,,5361918.0,,,C[N+]1(CC2CC2)CCC23c4c5ccc(O)c4OC2C(=O)CCC3(O)C1C5,0,0,0,0
sulfamazone,,,,,COc1ccc(NS(=O)(=O)c2ccc(NC(c3c(C)n(C)n(-c4ccccc4)c3=O)S(=O)(=O)O)cc2)nn1,0,0,0,0
protoporphyrin,,,,,C=C1C(=CC)c2cc3[nH]c(cc4[nH]c(cc5nc(cc1n2)C(CC)=C5C)c(C)c4CCC(=O)O)c(C=CC(=O)O)c3C,0,0,0,0
clobenzepam,,,,,CN(C)CCN1C(=O)c2ccccc2Nc2cc(Cl)ccc21,0,0,0,0
butalamine,,,,,CCCCN(CCCC)CCNc1nc(-c2ccccc2)no1,0,0,0,0
glycyclamide,,,,,Cc1ccc(S(=O)(=O)NC(=O)NC2CCCCC2)cc1,0,0,0,0
palonosetron,,,,,O=C1c2cccc3c2C(CCC3)CN1C1CN2CCC1CC2,0,0,0,0
rosoxacin,,,,,CCn1cc(C(=O)O)c(=O)c2ccc(-c3ccncc3)cc21,0,0,0,0
sulfametomidine,,,,,COc1cc(NS(=O)(=O)c2ccc(N)cc2)nc(C)n1,0,0,0,0
noxiptiline,,,,,CN(C)CCON=C1c2ccccc2CCc2ccccc21,0,0,0,0
dimetacrine,,,,,CN(C)CCCN1c2ccccc2C(C)(C)c2ccccc21,0,0,0,0
tiadenol,,,,,OCCSCCCCCCCCCCSCCO,0,0,0,0
bucloxic acid,,,,,O=C(O)CCC(=O)c1ccc(C2CCCCC2)c(Cl)c1,0,0,0,0
enocitabine,,,,,CCCCCCCCCCCCCCCCCCCCCC(=O)Nc1ccn(C2OC(CO)C(O)C2O)c(=O)n1,0,0,0,0
tocopheryl nicotinate,,,,,Cc1c(C)c2c(c(C)c1OC(=O)c1cccnc1)CCC(C)(CCCC(C)CCCC(C)CCCC(C)C)O2,0,0,0,0
nafiverine,,,,,CC(C(=O)OCCN1CCN(CCOC(=O)C(C)c2cccc3ccccc23)CC1)c1cccc2ccccc12,0,0,0,0
mezlocillin,,,,,CC1(C)SC2C(NC(=O)C(NC(=O)N3CCN(S(C)(=O)=O)C3=O)c3ccccc3)C(=O)N2C1C(=O)O,0,0,0,0
amenamevir,,,,,Cc1cccc(C)c1N(CC(=O)Nc1ccc(-c2ncon2)cc1)C(=O)C1CCS(=O)(=O)CC1,0,0,0,0
cefonicid,,,,,O=C(O)C1=C(CSc2nnnn2CS(=O)(=O)O)CSC2C(NC(=O)C(O)c3ccccc3)C(=O)N12,0,0,0,0
prednisolone sulfobenzoate,,,,,CC12C=CC(=O)C=C1CCC1C2C(O)CC2(C)C1CCC2(O)C(=O)COC(=O)c1cccc(S(=O)(=O)O)c1,0,0,0,0
meproscillarin,,,,,COC1C(C)OC(OC2C=C3CCC4C(CCC5(C)C(c6ccc(=O)oc6)CCC45O)C3(C)CC2)C(O)C1O,0,0,0,0
octotiamine,,,,,COC(=O)CCCCC(CCSSC(CCO)=C(C)N(C=O)Cc1cnc(C)nc1N)SC(C)=O,0,0,0,0
peruvoside,,,,,COC1C(O)C(C)OC(OC2CCC3(C=O)C(CCC4C3CCC3(C)C(C5=CC(=O)OC5)CCC43O)C2)C1O,0,0,0,0
octenidine,,,,,CCCCCCCCN=c1ccn(CCCCCCCCCCn2ccc(=NCCCCCCCC)cc2)cc1,0,0,0,0
bufeniode,,,,,CC(CCc1ccccc1)NC(C)C(O)c1cc(I)c(O)c(I)c1,0,0,0,0
arbekacin,,,,,NCCC(O)C(=O)NC1CC(N)C(OC2OC(CN)CCC2N)C(O)C1OC1OC(CO)C(O)C(N)C1O,0,0,0,0
niceritrol,,,,,O=C(OCC(COC(=O)c1cccnc1)(COC(=O)c1cccnc1)COC(=O)c1cccnc1)c1cccnc1,0,0,0,0
demecarium,,,,,CN(CCCCCCCCCCN(C)C(=O)Oc1cccc([N+](C)(C)C)c1)C(=O)Oc1cccc([N+](C)(C)C)c1,0,0,0,0
voacamine,,,,,CC=C1CN(C)C2Cc3c([nH]c4ccccc34)C(c3cc4[nH]c5c(c4cc3OC)CCN3CC4CC(CC)C3C5(C(=O)OC)C4)CC1C2C(=O)OC,0,0,0,0
phenobutiodil,,,,,CCC(Oc1c(I)cc(I)cc1I)C(=O)O,0,0,0,0
pimethixene,,,,,CN1CCC(=C2c3ccccc3Sc3ccccc32)CC1,0,0,0,0
dimazole,,,,,CCN(CC)CCOc1ccc2nc(N(C)C)sc2c1,0,0,0,0
prozapine,,,,,c1ccc(C(CCN2CCCCCC2)c2ccccc2)cc1,0,0,0,0
pramiverine,,,,,CC(C)NC1CCC(c2ccccc2)(c2ccccc2)CC1,0,0,0,0
poldine,,,,,C[N+]1(C)CCCC1COC(=O)C(O)(c1ccccc1)c1ccccc1,0,0,0,0
parapenzolate,,,,,C[N+]1(C)CCC(OC(=O)C(O)(c2ccccc2)c2ccccc2)CC1,0,0,0,0
methanthelinium,,,,,CC[N+](C)(CC)CCOC(=O)C1c2ccccc2Oc2ccccc21,0,0,0,0
Moexiprilat,,55331.0,,,COc1cc2c(cc1OC)CN(C(=O)C(C)NC(CCc1ccccc1)C(=O)O)C(C(=O)O)C2,0,0,0,0
Nandrolone decanoate,,9677.0,,,CCCCCCCCCC(=O)OC1CCC2C3CC=C4CC(=O)CCC4C3CCC12C,0,0,0,0
Naratriptan,,4440.0,,,CNS(=O)(=O)CCc1ccc2[nH]cc(C3CCN(C)CC3)c2c1,0,0,0,0
Natrecor,,91976508.0,,,CCC(C)C1NC(=O)C(CCCN=C(N)N)NC(=O)C(CC(=O)O)NC(=O)C(CCSC)NC(=O)C(CCCCN)NC(=O)C(CCCNC(=N)N)NC(=O)CNC(=O)C(Cc2ccccc2)NC(=O)C(NC(=O)CNC(=O)C(CO)NC(=O)CNC(=O)C(CCC(N)=O)NC(=O)C(NC(=O)C(CCSC)NC(=O)C(CCCCN)NC(=O)C2CCCN2C(=O)C(N)CO)C(C)C)CSSCC(C(=O)NC(CCCCN)C(=O)NC(C(=O)NC(CC(C)C)C(=O)NC(CCCNC(=N)N)C(=O)NC(CCCNC(=N)N)C(=O)NC(Cc2cnc[nH]2)C(=O)O)C(C)C)NC(=O)CNC(=O)C(CC(C)C)NC(=O)CNC(=O)C(CO)NC(=O)C(CO)NC(=O)C(CO)NC(=O)C(CO)NC1=O,0,0,0,0
Nizatidine,,3033637.0,,,CN=C(C[N+](=O)[O-])NCCSCc1csc(CN(C)C)n1,0,0,0,0
Norfloxacin,,4539.0,,,CCn1cc(C(=O)O)c(=O)c2cc(F)c(N3CCNCC3)cc21,0,0,0,0
tenofovir disoproxil,,,,,CC(C)OC(=O)OCOP(=O)(COC(C)Cn1cnc2c(N)ncnc21)OCOC(=O)OC(C)C,0,0,0,0
Mipomersen sodium,,44564107.0,,,COCCOC1C(O)C(COP(=O)(O)SC2C(COP(=O)(O)SC3C(COP(=O)(O)SC4C(COP(=O)(O)SC5C(COP(=O)(O)SC6CC(n7cc(C)c(N)nc7=O)OC6COP(=O)(O)SC6CC(n7cc(C)c(=O)[nH]c7=O)OC6COP(=O)(O)SC6CC(n7cc(C)c(=O)[nH]c7=O)OC6COP(=O)(O)SC6CC(n7cc(C)c(N)nc7=O)OC6COP(=O)(O)SC6CC(n7cnc8c(=O)[nH]c(N)nc87)OC6COP(=O)(O)SC6CC(n7cc(C)c(=O)[nH]c7=O)OC6COP(=O)(O)SC6CC(n7cc(C)c(N)nc7=O)OC6COP(=O)(O)SC6CC(n7cc(C)c(=O)[nH]c7=O)OC6COP(=O)(O)SC6CC(n7cnc8c(=O)[nH]c(N)nc87)OC6COP(=O)(O)SC6CC(n7cnc8c(N)ncnc87)OC6COP(=O)(O)SC6C(COP(=O)(O)SC7C(COP(=O)(O)SC8C(COP(=O)(O)SC9C(COP(=O)(O)SC%10C(CO)OC(n%11cnc%12c(=O)[nH]c(N)nc%12%11)C%10OCCOC)OC(n%10cc(C)c(N)nc%10=O)C9OCCOC)OC(n9cc(C)c(N)nc9=O)C8OCCOC)OC(n8cc(C)c(=O)[nH]c8=O)C7OCCOC)OC(n7cc(C)c(N)nc7=O)C6OCCOC)OC(n6cnc7c(=O)[nH]c(N)nc76)C5OCCOC)OC(n5cc(C)c(N)nc5=O)C4OCCOC)OC(n4cnc5c(N)ncnc54)C3OCCOC)OC(n3cc(C)c(N)nc3=O)C2OCCOC)OC1n1cc(C)c(N)nc1=O,0,0,0,0
cefsulodin,,,,,NC(=O)c1cc[n+](CC2=C(C(=O)O)N3C(=O)C(NC(=O)C(c4ccccc4)S(=O)(=O)O)C3SC2)cc1,0,0,0,0
pirozadil,,,,,COc1cc(C(=O)OCc2cccc(COC(=O)c3cc(OC)c(OC)c(OC)c3)n2)cc(OC)c1OC,0,0,0,0
gliquidone,,,,,COc1ccc2c(c1)C(=O)N(CCc1ccc(S(=O)(=O)NC(=O)NC3CCCCC3)cc1)C(=O)C2(C)C,0,0,0,0
dexamethasone acefurate,,,,,CC(=O)OCC(=O)C1(OC(=O)c2ccco2)C(C)CC2C3CC=C4CC(=O)C=CC4(C)C3(F)C(O)CC21C,0,0,0,0
setastine,,,,,CC(OCCN1CCCCCC1)(c1ccccc1)c1ccc(Cl)cc1,0,0,0,0
chlorisondamine,,,,,C[N+](C)(C)CC[N+]1(C)Cc2c(Cl)c(Cl)c(Cl)c(Cl)c2C1,0,0,0,0
pipethanate,,,,,O=C(OCCN1CCCCC1)C(O)(c1ccccc1)c1ccccc1,0,0,0,0
propyromazine,,,,,CC(C(=O)N1c2ccccc2Sc2ccccc21)[N+]1(C)CCCC1,0,0,0,0
metipamide,,,,,CN(NC(=O)c1ccc(Cl)c(S(N)(=O)=O)c1)c1ccccc1,0,0,0,0
pirisudanol,,,,,Cc1ncc(COC(=O)CCC(=O)OCCN(C)C)c(CO)c1O,0,0,0,0
glyconiazide,,,,,O=C(NN=CC(O)C1OC(=O)C(O)C1O)c1ccncc1,0,0,0,0
cloranolol,,,,,CC(C)(C)NCC(O)COc1cc(Cl)ccc1Cl,0,0,0,0
bifluranol,,,,,CCC(c1ccc(O)c(F)c1)C(C)c1ccc(O)c(F)c1,0,0,0,0
leucinocaine,,,,,CCN(CC)C(COC(=O)c1ccc(N)cc1)CC(C)C,0,0,0,0
ambucetamide,,,,,CCCCN(CCCC)C(C(N)=O)c1ccc(OC)cc1,0,0,0,0
perfosfamide,,,,,O=P1(N(CCCl)CCCl)NC(OO)CCO1,0,0,0,0
butoxycaine,,,,,CCCCOc1ccc(C(=O)OCCN(CC)CC)cc1,0,0,0,0
apalcillin,,,,,CC1(C)SC2C(NC(=O)C(NC(=O)c3c[nH]c4cccnc4c3=O)c3ccccc3)C(=O)N2C1C(=O)O,0,0,0,0
cefoselis,,,,,CON=C(C(=O)NC1C(=O)N2C(C(=O)O)=C(C[n+]3ccc(N)n3CCO)CSC12)c1csc(N)n1,0,0,0,0
butriptyline,,,,,CC(CC1c2ccccc2CCc2ccccc21)CN(C)C,0,0,0,0
budipine,,,,,CC(C)(C)N1CCC(c2ccccc2)(c2ccccc2)CC1,0,0,0,0
mepiperphenidol,,,,,CC(C)C(c1ccccc1)C(O)CC[N+]1(C)CCCCC1,0,0,0,0
sulfamidochrysoidine,,,,,Nc1ccc(N=Nc2ccc(S(N)(=O)=O)cc2)c(N)c1,0,0,0,0
befunolol,,,,,CC(=O)c1cc2cccc(OCC(O)CNC(C)C)c2o1,0,0,0,0
eseridine,,,,,CNC(=O)Oc1ccc2c(c1)C1(C)CCN(C)OC1N2C,0,0,0,0
pecilocin,,,,,CCCCC(O)C=C(C)C=CC=CC(=O)N1CCCC1=O,0,0,0,0
eucatropine,,,,,CC1CC(OC(=O)C(O)c2ccccc2)CC(C)(C)N1C,0,0,0,0
butinoline,,,,,OC(C#CCN1CCCC1)(c1ccccc1)c1ccccc1,0,0,0,0
melitracen,,,,,CN(C)CCC=C1c2ccccc2C(C)(C)c2ccccc21,0,0,0,0
lobenzarit,,,,,O=C(O)c1ccccc1Nc1cc(Cl)ccc1C(=O)O,0,0,0,0
falecalcitriol,,,,,C=C1C(=CC=C2CCCC3(C)C2CCC3C(C)CCCC(O)(C(F)(F)F)C(F)(F)F)CC(O)CC1O,0,0,0,0
protoverine,,,,,CC1CCC2N(C1)CC1C(C(O)C(O)C3(O)C1CC14OC5(O)C(O)CCC1(C)C5C(O)C(O)C34)C2(C)O,0,0,0,0
tropesin,,,,,COc1ccc2c(c1)c(CC(=O)OCC(C(=O)O)c1ccccc1)c(C)n2C(=O)c1ccc(Cl)cc1,0,0,0,0
oxaflumazine,,,,,FC(F)(F)c1ccc2c(c1)N(CCCN1CCN(CCC3OCCCO3)CC1)c1ccccc1S2,0,0,0,0
clomocycline,,,,,CN(C)C1C(=O)C(C(=O)NCO)C(=O)C2(O)C(=O)C3C(=O)c4c(O)ccc(Cl)c4C(C)(O)C3CC12,0,0,0,0
Oritavancin,,16136912.0,,,CNC(CC(C)C)C(=O)NC1C(=O)NC(CC(N)=O)C(=O)NC2C(=O)NC3C(=O)NC(C(=O)NC(C(=O)O)c4cc(O)cc(O)c4-c4cc3ccc4O)C(OC3CC(C)(N)C(O)C(C)O3)c3ccc(c(Cl)c3)Oc3cc2cc(c3OC2OC(CO)C(O)C(O)C2OC2CC(C)(NCc3ccc(-c4ccc(Cl)cc4)cc3)C(O)C(C)O2)Oc2ccc(cc2Cl)C1O,0,0,0,0
Oseltamivir acid,,449381.0,,,CCC(CC)OC1C=C(C(=O)O)CC(N)C1NC(C)=O,0,0,0,0
acetoxolone,,,,,CC(=O)OC1CCC2(C)C(CCC3(C)C2C(=O)C=C2C4CC(C)(C(=O)O)CCC4(C)CCC23C)C1(C)C,0,0,0,0
carubicin,,,,,CC(=O)C1(O)C=C2C(=O)c3c(c(O)c4c(O)cccc4c3O)C(=O)C2C(OC2CC(N)C(O)C(C)O2)C1,0,0,0,0
cefuzonam,,,,,CON=C(C(=O)NC1C(=O)N2C(C(=O)O)=C(CSc3cnns3)CSC12)c1csc(N)n1,0,0,0,0
maraviroc,,,,,Cc1nnc(C(C)C)n1C1CC2CCC(C1)N2CCC(NC(=O)C1CCC(F)(F)CC1)c1ccccc1,0,0,0,0
sobuzoxane,,,,,CC(C)COC(=O)OCN1C(=O)CN(CCN2CC(=O)N(COC(=O)OCC(C)C)C(=O)C2)CC1=O,0,0,0,0
cefpirome,,,,,CON=C(C(=O)NC1C(=O)N2C(C(=O)O)=C(C[n+]3cccc4c3CCC4)CSC12)c1csc(N)n1,0,0,0,0
cynarine,,,,,O=C(C=Cc1ccc(O)c(O)c1)OC1CC(OC(=O)C=Cc2ccc(O)c(O)c2)(C(=O)O)CC(O)C1O,0,0,0,0
glucametacin,,,,,COc1ccc2c(c1)c(CC(=O)NC1C(O)OC(CO)C(O)C1O)c(C)n2C(=O)c1ccc(Cl)cc1,0,0,0,0
Oxidronic acid,,27304.0,,,O=P(O)(O)C(O)P(=O)(O)O,0,0,0,0
cefminox,,,,,COC1(NC(=O)CSCC(N)C(=O)O)C(=O)N2C(C(=O)O)=C(CSc3nnnn3C)CSC21,0,0,0,0
colforsin daropate,,,,,C=CC1(C)CC(=O)C2(O)C(C)(O1)C(OC(C)=O)C(OC(=O)CCN(C)C)C1C(C)(C)CCC(O)C12C,0,0,0,0
pinaverium,,,,,COc1cc(Br)c(C[N+]2(CCOCCC3CCC4CC3C4(C)C)CCOCC2)cc1OC,0,0,0,0
cefmenoxime,,,,,CON=C(C(=O)NC1C(=O)N2C(C(=O)O)=C(CSc3nnnn3C)CSC12)c1csc(N)n1,0,0,0,0
cefetamet pivoxil,,,,,CON=C(C(=O)NC1C(=O)N2C(C(=O)OCOC(=O)C(C)(C)C)=C(C)CSC12)c1csc(N)n1,0,0,0,0
flomoxef,,,,,COC1(NC(=O)CSC(F)F)C(=O)N2C(C(=O)O)=C(CSc3nnnn3CCO)COC21,0,0,0,0
Pentosan polysulfate,,37720.0,,,O=S(=O)(O)OC1C(O)COC(OC2COC(O)C(OS(=O)(=O)O)C2OS(=O)(=O)O)C1OS(=O)(=O)O,0,0,0,0
Pimecrolimus,,6447131.0,,,CCC1=CC(C)CC(C)CC(OC)C2OC(O)(C(=O)C(=O)N3CCCCC3C(=O)OC(C(C)=CC3CCC(Cl)C(OC)C3)C(C)C(O)CC1=O)C(C)CC2OC,0,0,0,0
Pirbuterol,,4845.0,,,CC(C)(C)NCC(O)c1ccc(O)c(CO)n1,0,0,0,0
Porfimer,,135577896.0,,,CC1=C(CCC(=O)O)c2cc3[nH]c(cc4[nH]c(cc5nc(cc1n2)C(C(C)O)=C5C)c(C(C)OC(C)C1=C(C)c2cc5nc(cc6[nH]c(cc7[nH]c(cc1n2)c(C)c7CCC(=O)O)c(CCC(=O)O)c6C)C(C)=C5C(C)O)c4C)c(C)c3CCC(=O)O,0,0,0,0
Pramlintide,,70691388.0,,,CCC(C)C(NC(=O)C1CCCN1C(=O)CNC(=O)C(Cc1ccccc1)NC(=O)C(CC(N)=O)NC(=O)C(CC(N)=O)NC(=O)C(CO)NC(=O)C(CO)NC(=O)C(Cc1c[nH]cn1)NC(=O)C(NC(=O)C(CC(C)C)NC(=O)C(Cc1ccccc1)NC(=O)C(CC(N)=O)NC(=O)C(C)NC(=O)C(CC(C)C)NC(=O)C(CCCN=C(N)N)NC(=O)C(CCC(N)=O)NC(=O)C(NC(=O)C(C)NC(=O)C1CSSCC(NC(=O)C(N)CCCCN)C(=O)NC(CC(N)=O)C(=O)NC(C(C)O)C(=O)NC(C)C(=O)NC(C(C)O)C(=O)N1)C(C)O)C(C)C)C(=O)NC(CC(C)C)C(=O)N1CCCC1C(=O)N1CCCC1C(=O)NC(C(=O)NC(CC(N)=O)C(=O)NC(C(=O)NCC(=O)NC(CO)C(=O)NC(CC(N)=O)C(=O)NC(C(=O)NC(Cc1ccc(O)cc1)C(N)=O)C(C)O)C(C)C)C(C)O,0,0,0,0
Paroxetine impurity a,,3038120.0,,,c1ccc(C2CCNCC2COc2ccc3c(c2)OCO3)cc1,0,0,0,0
Pegaptanib,,56603655.0,,,COCCOC(=O)NCCCCC(NC(=O)OCCOC)C(=O)NCCCCCCCOP(C)(=O)O,0,0,0,0
Pegaspargase,,436058.0,,,C=C(CN(C)C)C(=O)c1ccc(C)cc1C,0,0,0,0
betamethasone acibutate,,,,,CC(=O)OCC(=O)C1(OC(=O)C(C)C)C(C)CC2C3CC=C4CC(=O)C=CC4(C)C3(F)C(O)CC21C,0,0,0,0
hepronicate,,,,,CCCCCCC(COC(=O)c1cccnc1)(COC(=O)c1cccnc1)COC(=O)c1cccnc1,0,0,0,0
mibefradil,,,,,COCC(=O)OC1(CCN(C)CCCc2nc3ccccc3[nH]2)CCc2cc(F)ccc2C1C(C)C,0,0,0,0
tebipenem pivoxil,,,,,CC(O)C1C(=O)N2C(C(=O)OCOC(=O)C(C)(C)C)=C(SC3CN(C4=NCCS4)C3)C(C)C12,0,0,0,0
binifibrate,,,,,CC(C)(Oc1ccc(Cl)cc1)C(=O)OC(COC(=O)c1cccnc1)COC(=O)c1cccnc1,0,0,0,0
clobenoside,,,,,CCCOC1C(O)C(OCC)OC1C(COCc1ccc(Cl)cc1)OCc1ccc(Cl)cc1,0,0,0,0
halofantrine,,,,,CCCCN(CCCC)CCC(O)c1cc2c(Cl)cc(Cl)cc2c2cc(C(F)(F)F)ccc12,0,0,0,0
tritoqualine,,,,,CCOc1c(N)c2c(c(OCC)c1OCC)C(C1c3c(cc4c(c3OC)OCO4)CCN1C)OC2=O,0,0,0,0
bunazosin,,,,,CCCC(=O)N1CCCN(c2nc(N)c3cc(OC)c(OC)cc3n2)CC1,0,0,0,0
trospectomycin,,,,,CCCCC1CC(=O)C2(O)OC3C(NC)C(O)C(NC)C(O)C3OC2O1,0,0,0,0
cicaprost,,,,,CCC#CCC(C)C(O)C#CC1C(O)CC2CC(=CCOCC(=O)O)CC21,0,0,0,0
artisone acetate,,,,,CC(=O)OCC(=O)C1CCC2C3CC=C4CC(O)CCC4(C)C3CCC12C,0,0,0,0
nicoclonate,,,,,CC(C)C(OC(=O)c1cccnc1)c1ccc(Cl)cc1,0,0,0,0
bagrosin,,,,,CC1(c2ccc3ccc4ccccc4c3c2)NC(=O)NC1=O,0,0,0,0
procaterol,,,,,CCC(NC(C)C)C(O)c1ccc(O)c2[nH]c(=O)ccc12,0,0,0,0
sulcaine,,,,,CCOC(=O)c1ccc(NC(=O)CN2CCCCC2)cc1,0,0,0,0
methylhomatropine,,,,,C[N+]1(C)C2CCC1CC(OC(=O)C(O)c1ccccc1)C2,0,0,0,0
azatadine,,,,,CN1CCC(=C2c3ccccc3CCc3cccnc32)CC1,0,0,0,0
prednicarbate,,,,,CCOC(=O)OC1(C(=O)COC(=O)CC)CCC2C3CC=C4CC(=O)C=CC4(C)C3C(O)CC21C,0,0,0,0
lucanthone,,,,,CCN(CC)CCNc1ccc(C)c2sc3ccccc3c(=O)c12,0,0,0,0
dimethisterone,,,,,CC#CC1(O)CCC2C3CC(C)=C4CC(=O)CCC4(C)C3CCC21C,0,0,0,0
nifurfoline,,,,,O=c1n(N=Cc2ccc([N+](=O)[O-])o2)cc(O)n1CN1CCOCC1,0,0,0,0
disufenton,,,,,CC(C)(C)[N+]([O-])=Cc1ccc(S(=O)(=O)O)cc1S(=O)(=O)O,0,0,0,0
propanidid,,,,,CCCOC(=O)Cc1ccc(OCC(=O)N(CC)CC)c(OC)c1,0,0,0,0
pargeverine,,,,,C#CCOC(C(=O)OCCN(C)C)(c1ccccc1)c1ccccc1,0,0,0,0
decimemide,,,,,CCCCCCCCCCOc1c(OC)cc(C(N)=O)cc1OC,0,0,0,0
fenpiverinium,,,,,C[N+]1(CCC(C(N)=O)(c2ccccc2)c2ccccc2)CCCCC1,0,0,0,0
fenquizone,,,,,NS(=O)(=O)c1cc2c(cc1Cl)NC(c1ccccc1)NC2=O,0,0,0,0
pirmenol,,,,,CC1CCCC(C)N1CCCC(O)(c1ccccc1)c1ccccn1,0,0,0,0
brodimoprim,,,,,COc1cc(Cc2cnc(N)nc2N)cc(OC)c1Br,0,0,0,0
sulisatin,,,,,Cc1cccc2c1NC(=O)C2(c1ccc(OS(=O)(=O)O)cc1)c1ccc(OS(=O)(=O)O)cc1,0,0,0,0
barnidipine,,,,,COC(=O)C1=C(C)N=C(C)C(C(=O)OC2CCN(Cc3ccccc3)C2)C1c1cccc([N+](=O)[O-])c1,0,0,0,0
Quinaprilat,,107994.0,,,CC(NC(CCc1ccccc1)C(=O)O)C(=O)N1Cc2ccccc2CC1C(=O)O,0,0,0,0
nicomorphine,,,,,CN1CCC23c4c5ccc(OC(=O)c6cccnc6)c4OC2C(OC(=O)c2cccnc2)C=CC3C1C5,0,0,0,0
teclozan,,,,,CCOCCN(Cc1ccc(CN(CCOCC)C(=O)C(Cl)Cl)cc1)C(=O)C(Cl)Cl,0,0,0,0
Retapamulin,,6918462.0,,,C=CC1(C)CC(OC(=O)CSC2CC3CCC(C2)N3C)C2(C)C(C)CCC3(CCC(=O)C32)C(C)C1O,0,0,0,0
Rifabutin,,135398743.0,,,COC1C=COC2(C)Oc3c(C)c(O)c4c(O)c(c5c(c4c3C2=O)=NC2(CCN(CC(C)C)CC2)N=5)NC(=O)C(C)=CC=CC(C)C(O)C(C)C(O)C(C)C(OC(C)=O)C1C,0,0,0,0
rotraxate,,,,,NCC1CCC(C(=O)c2ccc(CCC(=O)O)cc2)CC1,0,0,0,0
improsulfan,,,,,CS(=O)(=O)OCCCNCCCOS(C)(=O)=O,0,0,0,0
butaverine,,,,,CCCCOC(=O)CC(c1ccccc1)N1CCCCC1,0,0,0,0
dyclonine,,,,,CCCCOc1ccc(C(=O)CCN2CCCCC2)cc1,0,0,0,0
caramiphen,,,,,CCN(CC)CCOC(=O)C1(c2ccccc2)CCCC1,0,0,0,0
exisulind,,,,,CC1=C(CC(=O)O)c2cc(F)ccc2C1=Cc1ccc(S(C)(=O)=O)cc1,0,0,0,0
medroxalol,,,,,CC(CCc1ccc2c(c1)OCO2)NCC(O)c1ccc(O)c(C(N)=O)c1,0,0,0,0
aminoquinuride,,,,,Cc1cc(N)c2cc(NC(=O)Nc3ccc4nc(C)cc(N)c4c3)ccc2n1,0,0,0,0
prednylidene,,,,,C=C1CC2C3CC=C4CC(=O)C=CC4(C)C3C(O)CC2(C)C1(O)C(=O)CO,0,0,0,0
anagestone acetate,,,,,CC(=O)OC1(C(C)=O)CCC2C3CC(C)C4=CCCCC4(C)C3CCC21C,0,0,0,0
oxametacin,,,,,COc1ccc2c(c1)c(CC(O)=NO)c(C)n2C(=O)c1ccc(Cl)cc1,0,0,0,0
proxazole,,,,,CCC(c1ccccc1)c1noc(CCN(CC)CC)n1,0,0,0,0
neltenexine,,,,,O=C(Nc1c(Br)cc(Br)cc1CNC1CCC(O)CC1)c1cccs1,0,0,0,0
tazanolast,,,,,CCCCOC(=O)C(=O)Nc1cccc(-c2nn[nH]n2)c1,0,0,0,0
flutazolam,,,,,O=C1CN2CCOC2(c2ccccc2F)c2cc(Cl)ccc2N1CCO,0,0,0,0
amrubicin,,,,,CC(=O)C1(N)C=C2C(=O)c3c(c(O)c4ccccc4c3O)C(=O)C2C(OC2CC(O)C(O)CO2)C1,0,0,0,0
bekanamycin,,,,,NCC1OC(OC2C(N)CC(N)C(OC3OC(CO)C(O)C(N)C3O)C2O)C(N)C(O)C1O,0,0,0,0
uridine triphosphate,,,,,O=c1ccn(C2OC(COP(=O)(O)OP(=O)(O)OP(=O)(O)O)C(O)C2O)c(=O)[nH]1,0,0,0,0
fentonium,,,,,C[N+]1(CC(=O)c2ccc(-c3ccccc3)cc2)C2CCC1CC(OC(=O)C(CO)c1ccccc1)C2,0,0,0,0
gallopamil,,,,,COc1ccc(CCN(C)CCCC(C#N)(c2cc(OC)c(OC)c(OC)c2)C(C)C)cc1OC,0,0,0,0
etiprednol dicloacetate,,,,,CCOC(=O)C1(OC(=O)C(Cl)Cl)CCC2C3CC=C4CC(=O)C=CC4(C)C3C(O)CC21C,0,0,0,0
imiclopazine,,,,,CN1CCN(CCN2CCN(CCCN3c4ccccc4Sc4ccc(Cl)cc43)CC2)C1=O,0,0,0,0
hydrocortisone cypionate,,,,,CC12CCC(=O)C=C1CCC1C2C(O)CC2(C)C1CCC2(O)C(=O)COC(=O)CCC1CCCC1,0,0,0,0
lidoflazine,,,,,Cc1cccc(C)c1NC(=O)CN1CCN(CCCC(c2ccc(F)cc2)c2ccc(F)cc2)CC1,0,0,0,0
bezitramide,,,,,CCC(=O)n1c(=O)n(C2CCN(CCC(C#N)(c3ccccc3)c3ccccc3)CC2)c2ccccc21,0,0,0,0
pheniodol sodium,,,,,O=C(O)C(Cc1cc(I)c(O)c(I)c1)c1ccccc1,0,0,0,0
Rolitetracycline,,54682938.0,,,CN(C)C1C(=O)C(C(=O)NCN2CCCC2)C(=O)C2(O)C(=O)C3C(=O)c4c(O)cccc4C(C)(O)C3CC12,0,0,0,0
Secretin,,16129665.0,,,CC(C)CC(NC(=O)CNC(=O)C(CCC(N)=O)NC(=O)C(CC(C)C)NC(=O)C(CC(C)C)NC(=O)C(CCCN=C(N)N)NC(=O)C(CCC(N)=O)NC(=O)C(CC(C)C)NC(=O)C(CCCNC(=N)N)NC(=O)C(C)NC(=O)C(CO)NC(=O)C(CC(=O)O)NC(=O)C(CCCNC(=N)N)NC(=O)C(CC(C)C)NC(=O)C(CCCNC(=N)N)NC(=O)C(CO)NC(=O)C(CC(C)C)NC(=O)C(CCC(=O)O)NC(=O)C(CO)NC(=O)C(NC(=O)C(Cc1ccccc1)NC(=O)C(NC(=O)CNC(=O)C(CC(=O)O)NC(=O)C(CO)NC(=O)C(N)Cc1ncc[nH]1)C(C)O)C(C)O)C(=O)NC(C(=O)O)C(C)C,0,0,0,0
Semaxanib,,5329098.0,,,C=c1cc(C)[nH]c1=Cc1c(O)[nH]c2ccccc12,0,0,0,0
Tetracycline anion,,27885548.0,,,CN(C)C1C(=O)C(C(N)=O)C(=O)C2(O)C(=O)C3C(=O)c4c(O)cccc4C(C)(O)C3CC12,0,0,0,0
Tetradecyl hydrogen sulfate (ester),,8771.0,,,CCCCC(CC)CCC(CC(C)C)OS(=O)(=O)O,0,0,0,0
Tetrasodium;iron(3+);nitroxyl anion;pentacyanide,,49868142.0,,,C#N.C#N.C#N.C#N.C#N.N=O.[Fe+3],0,0,0,0
Tetrofosmin,,4274.0,,,CCOCCP(CCOCC)CCP(CCOCC)CCOCC,0,0,0,0
Styrenesulfonic acid,,168625.0,,,C=Cc1ccccc1S(=O)(=O)O,0,0,0,0
cycrimine,,,,,OC(CCN1CCCCC1)(c1ccccc1)C1CCCC1,0,0,0,0
chlorproguanil,,,,,CC(C)N=C(N)N=C(N)Nc1ccc(Cl)c(Cl)c1,0,0,0,0
fospropofol,,,,,CC(C)c1cccc(C(C)C)c1OCOP(=O)(O)O,0,0,0,0
piromidic acid,,,,,CCn1cc(C(=O)O)c(=O)c2cnc(N3CCCC3)nc21,0,0,0,0
protiofate,,,,,CCCOC(=O)c1sc(C(=O)OCCC)c(O)c1O,0,0,0,0
difenpiramide,,,,,O=C(Cc1ccc(-c2ccccc2)cc1)Nc1ccccn1,0,0,0,0
malotilate,,,,,CC(C)OC(=O)C(C(=O)OC(C)C)=C1SC=CS1,0,0,0,0
phenglutarimide,,,,,CCN(CC)CCC1(c2ccccc2)CCC(=O)NC1=O,0,0,0,0
milverine,,,,,c1ccc(C(CCNc2ccncc2)c2ccccc2)cc1,0,0,0,0
methitural,,,,,CCCC(C)C1(CCSC)C(=O)NC(=S)NC1=O,0,0,0,0
propallylonal,,,,,C=C(Br)CC1(C(C)C)C(=O)NC(=O)NC1=O,0,0,0,0
hydrocortamate,,,,,CCN(CC)CC(=O)OCC(=O)C1(O)CCC2C3CC=C4CC(=O)CCC4(C)C3C(O)CC21C,0,0,0,0
temocapril,,,,,CCOC(=O)C(CCc1ccccc1)NC1CSC(c2cccs2)CN(CC(=O)O)C1=O,0,0,0,0
meclocycline,,,,,C=C1c2c(Cl)ccc(O)c2C(=O)C2C(=O)C3(O)C(=O)C(C(N)=O)C(=O)C(N(C)C)C3C(O)C12,0,0,0,0
feclobuzone,,,,,CCCCC1(COC(=O)c2ccc(Cl)cc2)C(=O)N(c2ccccc2)N(c2ccccc2)C1=O,0,0,0,0
dihydroemetine,,,,,CCC1=C(CC2NCCc3cc(OC)c(OC)cc32)CC2c3cc(OC)c(OC)cc3CCN2C1,0,0,0,0
chlortetracycline,,,,,CN(C)C1C(=O)C(C(N)=O)C(=O)C2(O)C(=O)C3C(=O)c4c(O)ccc(Cl)c4C(C)(O)C3CC12,0,0,0,0
mosapramine,,,,,O=C1NC2CCCCN2C12CCN(CCCN1c3ccccc3CCc3ccc(Cl)cc31)CC2,0,0,0,0
cefteram,,,,,CON=C(C(=O)NC1C(=O)N2C(C(=O)O)=C(Cn3nnc(C)n3)CSC12)c1csc(N)n1,0,0,0,0
clocapramine,,,,,NC(=O)C1(N2CCCCC2)CCN(CCCN2c3ccccc3CCc3ccc(Cl)cc32)CC1,0,0,0,0
fenoxedil,,,,,CCCCOc1ccc(OCC(=O)N(CCN(CC)CC)c2cc(OCC)ccc2OCC)cc1,0,0,0,0
Technetium tc-99m sestamibi,,5384.0,,,C=NCC(C)(C)OC.C=NCC(C)(C)OC.C=NCC(C)(C)OC.C=NCC(C)(C)OC.C=NCC(C)(C)OC.C=NCC(C)(C)OC.[Tc+6],0,0,0,0
Teduglutide recombinant,,70683012.0,,,CCC(C)C(NC(=O)C(Cc1ccccc1)NC(=O)C(CC(=O)O)NC(=O)C(CCCN=C(N)N)NC(=O)C(C)NC(=O)C(C)NC(=O)C(CC(C)C)NC(=O)C(CC(N)=O)NC(=O)C(CC(=O)O)NC(=O)C(CC(C)C)NC(=O)C(NC(=O)C(NC(=O)C(CC(N)=O)NC(=O)C(CCSC)NC(=O)C(CCC(=O)O)NC(=O)C(CC(=O)O)NC(=O)C(CO)NC(=O)C(Cc1ccccc1)NC(=O)C(CO)NC(=O)CNC(=O)C(CC(=O)O)NC(=O)CNC(=O)C(N)Cc1c[nH]cn1)C(C)O)C(C)CC)C(=O)NC(CC(N)=O)C(=O)NC(Cc1c[nH]c2ccccc12)C(=O)NC(CC(C)C)C(=O)NC(C(=O)NC(CCC(N)=O)C(=O)NC(C(=O)NC(CCCCN)C(=O)NC(C(=O)NC(C(=O)NC(CC(=O)O)C(=O)O)C(C)O)C(C)CC)C(C)O)C(C)CC,0,0,0,0
Telotristat ethyl,,25181577.0,,,CCOC(=O)C(N)Cc1ccc(-c2cc(OC(c3ccc(Cl)cc3-n3ccc(C)n3)C(F)(F)F)nc(N)n2)cc1,0,0,0,0
Temoporfin,,60751.0,,,Oc1cccc(-c2c3nc(c(-c4cccc(O)c4)c4ccc([nH]4)c(-c4cccc(O)c4)c4ccc([nH]4)c(-c4cccc(O)c4)c4nc2CC4)C=C3)c1,0,0,0,0
Tesamorelin,,16137828.0,,,CCC=CCC(=O)NC(Cc1ccc(O)cc1)C(=O)NC(C)C(=O)NC(CC(=O)O)C(=O)NC(C)C(=O)NC(C(=O)NC(Cc1ccccc1)C(=O)NC(C(=O)NC(CC(N)=O)C(=O)NC(CO)C(=O)NC(Cc1ccc(O)cc1)C(=O)NC(CCCN=C(N)N)C(=O)NC(CCCCN)C(=O)NC(C(=O)NC(CC(C)C)C(=O)NCC(=O)NC(CCC(N)=O)C(=O)NC(CC(C)C)C(=O)NC(CO)C(=O)NC(C)C(=O)NC(CCCNC(=N)N)C(=O)NC(CCCCN)C(=O)NC(CC(C)C)C(=O)NC(CC(C)C)C(=O)NC(CCC(N)=O)C(=O)NC(CC(=O)O)C(=O)NC(C(=O)NC(CCSC)C(=O)NC(CO)C(=O)NC(CCCNC(=N)N)C(=O)NC(CCC(N)=O)C(=O)NC(CCC(N)=O)C(=O)NCC(=O)NC(CCC(=O)O)C(=O)NC(CO)C(=O)NC(CC(N)=O)C(=O)NC(CCC(N)=O)C(=O)NC(CCC(=O)O)C(=O)NC(CCCNC(=N)N)C(=O)NCC(=O)NC(C)C(=O)NC(CCCNC(=N)N)C(=O)NC(C)C(=O)NC(CCCNC(=N)N)C(=O)NC(CC(C)C)C(N)=O)C(C)CC)C(C)C)C(C)O)C(C)CC,0,0,0,0
Tropisetron,,656665.0,,,CN1C2CCC1CC(OC(=O)c1c[nH]c3ccccc13)C2,0,0,0,0
Trovafloxacin,,62959.0,,,NC1C2CN(c3nc4c(cc3F)c(=O)c(C(=O)O)cn4-c3ccc(F)cc3F)CC12,0,0,0,0
Ulipristal,,13559279.0,,,CC(=O)C1(O)CCC2C3=C(C4=C(CC3)CC(=O)CC4)C(c3ccc(N(C)C)cc3)CC21C,0,0,0,0
Thioproperazine,,9429.0,,,CN1CCN(CCCN2c3ccccc3Sc3ccc(S(=O)(=O)N(C)C)cc32)CC1,0,0,0,0
morazone,,,,,Cc1c(CN2CCOC(c3ccccc3)C2C)c(=O)n(-c2ccccc2)n1C,0,0,0,0
sulfinalol,,,,,COc1ccc(CCC(C)NCC(O)c2ccc(O)c(S(C)=O)c2)cc1,0,0,0,0
guaimesal,,,,,COc1ccccc1OC1(C)OC(=O)c2ccccc2O1,0,0,0,0
guacetisal,,,,,COc1ccccc1OC(=O)c1ccccc1OC(C)=O,0,0,0,0
sulfametrole,,,,,COc1nsnc1NS(=O)(=O)c1ccc(N)cc1,0,0,0,0
thonzylamine,,,,,COc1ccc(CN(CCN(C)C)c2ncccn2)cc1,0,0,0,0
thenalidine,,,,,CN1CCC(N(Cc2cccs2)c2ccccc2)CC1,0,0,0,0
brallobarbital,,,,,C=CCC1(CC(=C)Br)C(=O)NC(=O)NC1=O,0,0,0,0
incadronic acid,,,,,O=P(O)(O)C(NC1CCCCCC1)P(=O)(O)O,0,0,0,0
naftifine,,,,,CN(CC=Cc1ccccc1)Cc1cccc2ccccc12,0,0,0,0
cetrimonium,,,,,CCCCCCCCCCCCCCCC[N+](C)(C)C,0,0,0,0
Thiothixene,,5454.0,,,CN1CCN(CCC=C2c3ccccc3Sc3ccc(S(=O)(=O)N(C)C)cc32)CC1,0,0,0,0
rilmazafone,,,,,CN(C)C(=O)c1nc(CNC(=O)CN)n(-c2ccc(Cl)cc2C(=O)c2ccccc2Cl)n1,0,0,0,0
picloxydine,,,,,N=C(N=C(N)N1CCN(C(N)=NC(=N)Nc2ccc(Cl)cc2)CC1)Nc1ccc(Cl)cc1,0,0,0,0
cefacetrile,,,,,CC(=O)OCC1=C(C(=O)O)N2C(=O)C(NC(=O)CC#N)C2SC1,0,0,0,0
mofezolac,,,,,COc1ccc(-c2noc(CC(=O)O)c2-c2ccc(OC)cc2)cc1,0,0,0,0
xamoterol,,,,,O=C(NCCNCC(O)COc1ccc(O)cc1)N1CCOCC1,0,0,0,0
haletazole,,,,,CCN(CC)CCOc1ccc(-c2nc3cc(Cl)ccc3s2)cc1,0,0,0,0
fenalamide,,,,,CCOC(=O)C(CC)(C(=O)NCCN(CC)CC)c1ccccc1,0,0,0,0
isoxicam,,,,,Cc1cc(NC(=O)C2C(=O)c3ccccc3S(=O)(=O)N2C)no1,0,0,0,0
sulfachrysoidine,,,,,Nc1cc(N)c(N=Nc2ccc(S(N)(=O)=O)cc2)c(C(=O)O)c1,0,0,0,0
norpipanone,,,,,CCC(=O)C(CCN1CCCCC1)(c1ccccc1)c1ccccc1,0,0,0,0
droprenilamine,,,,,CC(CC1CCCCC1)NCCC(c1ccccc1)c1ccccc1,0,0,0,0
Urofollitropin,,62819.0,,,CCC(C)C1NC(=O)C(Cc2ccc(O)cc2)NC(=O)C(N)CSSCC(C(=O)N2CCCC2C(=O)NC(CC(C)C)C(=O)NCC(N)=O)NC(=O)C(CC(N)=O)NC(=O)C(C(C)O)NC1=O,0,0,0,0
Varenicline,,170361.0,,,c1cnc2cc3c(cc2n1)C1CNCC3C1,0,0,0,0
Tigecycline,,54686904.0,,,CN(C)c1cc(NC(=O)CNC(C)(C)C)c(O)c2c1CC1CC3C(N(C)C)C(=O)C(C(N)=O)C(=O)C3(O)C(=O)C1C2=O,0,0,0,0
Tramazoline,,5524.0,,,c1cc2c(c(NC3=NCCN3)c1)CCCC2,0,0,0,0
scarlet red,,,,,Cc1ccccc1N=Nc1ccc(N=Nc2c(O)ccc3ccccc23)c(C)c1,0,0,0,0
terodiline,,,,,CC(CC(c1ccccc1)c1ccccc1)NC(C)(C)C,0,0,0,0
edatrexate,,,,,CCC(Cc1cnc2nc(N)nc(N)c2n1)c1ccc(C(=O)NC(CCC(=O)O)C(=O)O)cc1,0,0,0,0
tiropramide,,,,,CCCN(CCC)C(=O)C(Cc1ccc(OCCN(CC)CC)cc1)NC(=O)c1ccccc1,0,0,0,0
tartrazine,,,,,O=C(O)c1[nH]n(-c2ccc(S(=O)(=O)O)cc2)c(=O)c1N=Nc1ccc(S(=O)(=O)O)cc1,0,0,0,0
ruboxistaurin,,,,,CN(C)CC1CCn2cc(c3ccccc32)C2=C(C(=O)NC2=O)c2cn(c3ccccc23)CCO1,0,0,0,0
clinofibrate,,,,,CCC(C)(Oc1ccc(C2(c3ccc(OC(C)(CC)C(=O)O)cc3)CCCCC2)cc1)C(=O)O,0,0,0,0
diethylaminoethoxyhexestrol,,,,,CCC(c1ccc(OCCN(CC)CC)cc1)C(CC)c1ccc(OCCN(CC)CC)cc1,0,0,0,0
simfibrate,,,,,CC(C)(Oc1ccc(Cl)cc1)C(=O)OCCCOC(=O)C(C)(C)Oc1ccc(Cl)cc1,0,0,0,0
ebastine,,,,,CC(C)(C)c1ccc(C(=O)CCCN2CCC(OC(c3ccccc3)c3ccccc3)CC2)cc1,0,0,0,0
Unoprostone isopropyl,,5282175.0,,,CCCCCCCC(=O)CCC1C(O)CC(O)C1CC=CCCCC(=O)OC(C)C,0,0,0,0
adamexine,,,,,CC(=O)Nc1c(Br)cc(Br)cc1CN(C)C12CC3CC(CC(C3)C1)C2,0,0,0,0
docarpamine,,,,,CCOC(=O)Oc1ccc(CCNC(=O)C(CCSC)NC(C)=O)cc1OC(=O)OCC,0,0,0,0
prednisolamate,,,,,CCN(CC)CC(=O)OCC(=O)C1(O)CCC2C3CC=C4CC(=O)C=CC4(C)C3C(O)CC21C,0,0,0,0
mitopodozide,,,,,CCNNC(=O)C1C(c2cc(OC)c(OC)c(OC)c2)c2cc3c(cc2C(O)C1CO)OCO3,0,0,0,0
tibezonium,,,,,CC[N+](C)(CC)CCSC1=Nc2ccccc2N=C(c2ccc(Sc3ccccc3)cc2)C1,0,0,0,0
pivampicillin,,,,,CC(C)(C)C(=O)OCOC(=O)C1N2C(=O)C(NC(=O)C(N)c3ccccc3)C2SC1(C)C,0,0,0,0
Vinflunine,,10629256.0,,,CCC12C=CCN3CCC4(c5cc(C6(C(=O)OC)CC7CC(C(C)(F)F)CN(Cc8c6[nH]c6ccccc86)C7)c(OC)cc5N(C)C4C(O)(C(=O)OC)C1OC(C)=O)C32,0,0,0,0
carumonam,,,,,NC(=O)OCC1C(=NC(=O)C(NOCC(=O)O)c2csc(N)n2)C(=O)N1S(=O)(=O)O,0,0,0,0
spirapril,,,,,CCOC(=O)C(CCc1ccccc1)NC(C)C(=O)N1CC2(CC1C(=O)O)SCCS2,0,0,0,0
disulfamide,,,,,Cc1cc(Cl)c(S(N)(=O)=O)cc1S(N)(=O)=O,0,0,0,0
bromebric acid,,,,,COc1ccc(C(=O)C(Br)=CC(=O)O)cc1,0,0,0,0
flunoxaprofen,,,,,CC(C(=O)O)c1ccc2oc(-c3ccc(F)cc3)nc2c1,0,0,0,0
nifuratel,,,,,CSCC1CN(N=Cc2ccc([N+](=O)[O-])o2)C(=O)O1,0,0,0,0
faropenem,,,,,CC(O)C1C(=O)N2C(C(=O)O)=C(C3CCCO3)SC12,0,0,0,0
medrylamine,,,,,COc1ccc(C(OCCN(C)C)c2ccccc2)cc1,0,0,0,0
theodrenaline,,,,,Cn1c(=O)c2c(ncn2CCNCC(O)c2ccc(O)c(O)c2)n(C)c1=O,0,0,0,0
azidocillin,,,,,CC1(C)SC2C(NC(=O)C(N=[N+]=[N-])c3ccccc3)C(=O)N2C1C(=O)O,0,0,0,0
picotamide,,,,,COc1ccc(C(=O)NCc2cccnc2)cc1C(=O)NCc1cccnc1,0,0,0,0
hexcarbacholine,,,,,C[N+](C)(C)CCOC(=O)NCCCCCCNC(=O)OCC[N+](C)(C)C,0,0,0,0
lauroguadine,,,,,CCCCCCCCCCCCOc1ccc(N=C(N)N)cc1N=C(N)N,0,0,0,0
coumetarol,,,,,COCC(c1c(O)c2ccccc2oc1=O)c1c(O)c2ccccc2oc1=O,0,0,0,0
bacampicillin,,,,,CCOC(=O)OC(C)OC(=O)C1N2C(=O)C(NC(=O)C(N)c3ccccc3)C2SC1(C)C,0,0,0,0
levornidazole,,,,,Cc1ncc([N+](=O)[O-])n1CC(C)CCl,0,0,0,0
morinidazole,,,,,Cc1ncc([N+](=O)[O-])n1CC(O)CN1CCOCC1,0,0,0,0
forodesine,,,,,O=c1[nH]cnc2c(C3NC(CO)C(O)C3O)c[nH]c12,0,0,0,0
macimorelin,,,,,CC(C)(N)C(=O)NC(Cc1cc2ccccc2[nH]1)C(=O)NC(Cc1c[nH]c2ccccc12)NC=O,0,0,0,0
olmutinib,,,,,C=CC(=O)Nc1cccc(Oc2nc(Nc3ccc(N4CCN(C)CC4)cc3)nc3ccsc23)c1,0,0,0,0
radotinib,,,,,Cc1cn(-c2cc(NC(=O)c3ccc(C)c(Nc4nccc(-c5cnccn5)n4)c3)cc(C(F)(F)F)c2)cn1,0,0,0,0
mefuparib,,,,,CNCc1ccc(-c2cc3cc(F)cc(C(N)=O)c3o2)cc1,0,0,0,0
azlocillin,,,,,CC1(C)SC2C(NC(=O)C(NC(=O)N3CCNC3=O)c3ccccc3)C(=O)N2C1C(=O)O,0,0,0,0
cefalexin pivoxil,,,,,CC1=C(C(=O)OCOC(=O)C(C)(C)C)N2C(=O)C(NC(=O)C(N)c3ccccc3)C2SC1,0,0,0,0
tobuterol,,,,,Cc1ccc(C(=O)Oc2cc(OC(=O)c3ccc(C)cc3)cc(C(O)CNC(C)(C)C)c2)cc1,0,0,0,0
bitolterol,,,,,Cc1ccc(C(=O)Oc2ccc(C(O)CNC(C)(C)C)cc2OC(=O)c2ccc(C)cc2)cc1,0,0,0,0
perflunafene,,,,,FC1(F)C(F)(F)C(F)(F)C2(F)C(F)(F)C(F)(F)C(F)(F)C(F)(F)C2(F)C1(F)F,0,0,0,0
cefatrizine,,,,,NC(C(=O)NC1C(=O)N2C(C(=O)O)=C(CSc3c[nH]nn3)CSC12)c1ccc(O)cc1,0,0,0,0
cefamandole,,,,,Cn1nnnc1SCC1=C(C(=O)O)N2C(=O)C(NC(=O)C(O)c3ccccc3)C2SC1,0,0,0,0
tixocortol,,,,,CC(C)(C)C(=O)SCC(=O)C1(O)CCC2C3CC=C4CC(=O)CCC4(C)C3C(O)CC21C,0,0,0,0
velpatasvir,,,,,COCC1CC(c2nc(-c3ccc4c(c3)COc3cc5c(ccc6[nH]c(C7CCC(C)N7C(=O)C(NC(=O)OC)C(C)C)nc65)cc3-4)c[nH]2)N(C(=O)C(NC(=O)OC)c2ccccc2)C1,0,0,0,0
monoxerutin,,,,,CC1OC(OCC2OC(Oc3c(-c4ccc(O)c(O)c4)oc4cc(OCCO)cc(O)c4c3=O)C(O)C(O)C2O)C(O)C(O)C1O,0,0,0,0
micronomicin,,,,,CNCC1CCC(N)C(OC2C(N)CC(N)C(OC3OCC(C)(O)C(NC)C3O)C2O)O1,0,0,0,0
octatropine methylbromide,,,,,CCCC(CCC)C(=O)OC1CC2CCC(C1)[N+]2(C)C,0,0,0,0
emepronium,,,,,CC[N+](C)(C)C(C)CC(c1ccccc1)c1ccccc1,0,0,0,0
papaveroline,,,,,Oc1ccc(Cc2nccc3cc(O)c(O)cc23)cc1O,0,0,0,0
cadralazine,,,,,CCOC(=O)NNc1ccc(N(CC)CC(C)O)nn1,0,0,0,0
trolnitrate,,,,,O=[N+]([O-])OCCN(CCO[N+](=O)[O-])CCO[N+](=O)[O-],0,0,0,0
etozolin,,,,,CCOC(=O)C=C1SC(N2CCCCC2)C(=O)N1C,0,0,0,0
bibenzonium,,,,,C[N+](C)(C)CCOC(Cc1ccccc1)c1ccccc1,0,0,0,0
isopromethazine,,,,,CC(CN(C)C)N1c2ccccc2Sc2ccccc21,0,0,0,0
ciclosidomine,,,,,O=C(Nc1c[n+](N2CCOCC2)no1)C1CCCCC1,0,0,0,0
piberaline,,,,,O=C(c1ccccn1)N1CCN(Cc2ccccc2)CC1,0,0,0,0
domitroban,,,,,O=C(O)CCCC=CCC1C2CCC(C2)C1NS(=O)(=O)c1ccccc1,0,0,0,0
asulacrine,,,,,CNC(=O)c1cccc2c(Nc3ccc(NS(C)(=O)=O)cc3OC)c3cccc(C)c3nc12,0,0,0,0
trenbolone hexahydrobenzylcarbonate,,,,,CC12C=CC3=C(CC=C4CC(=O)CCC43)C1CCC2OC(=O)OCC1CCCCC1,0,0,0,0
alfadolone acetate,,,,,CC(=O)OCC(=O)C1CCC2C3CCC4CC(O)CCC4(C)C3C(=O)CC12C,0,0,0,0
saroglitazar,,,,,CCOC(Cc1ccc(OCCn2c(C)ccc2-c2ccc(SC)cc2)cc1)C(=O)O,0,0,0,0
faropenem medoxil,,,,,Cc1oc(=O)oc1COC(=O)C1=C(C2CCCO2)SC2C(C(C)O)C(=O)N12,0,0,0,0
pemafibrate,,,,,CCC(Oc1cccc(CN(CCCOc2ccc(OC)cc2)c2nc3ccccc3o2)c1)C(=O)O,0,0,0,0
zabofloxacin,,,,,CON=C1CN(c2nc3c(cc2F)c(=O)c(C(=O)O)cn3C2CC2)CC12CNC2,0,0,0,0
imrecoxib,,,,,CCCN1CC(c2ccc(S(C)(=O)=O)cc2)=C(c2ccc(C)cc2)C1=O,0,0,0,0
hydrocortisone phosphate,,,,,CC12CCC(=O)C=C1CCC1C2C(O)CC2(C)C1CCC2(O)C(=O)COP(=O)(O)O,0,0,0,0
meglumine,,,,,CNCC(O)C(O)C(O)C(O)CO,0,0,0,0
cefathiamidine,,,,,CC(=O)OCC1=C(C(=O)O)N2C(=O)C(NC(=O)CSC(=NC(C)C)NC(C)C)C2SC1,0,0,0,0
eldecalcitol,,,,,C=C1C(=CC=C2CCCC3(C)C2CCC3C(C)CCCC(C)(C)O)CC(O)C(OCCCO)C1O,0,0,0,0
tezacaftor,,,,,CC(C)(CO)c1cc2cc(NC(=O)C3(c4ccc5c(c4)OC(F)(F)O5)CC3)c(F)cc2n1CC(O)CO,0,0,0,0
mepiprazole,,,,,Cc1cc(CCN2CCN(c3cccc(Cl)c3)CC2)[nH]n1,0,0,0,0
lorpiprazole,,,,,FC(F)(F)c1cccc(N2CCN(CCc3nnc4n3CC3CCCC43)CC2)c1,0,0,0,0
elobixibat,,,,,CCCCC1(CCCC)CN(c2ccccc2)c2cc(SC)c(OCC(=O)NC(C(=O)NCC(=O)O)c3ccccc3)cc2S(=O)(=O)C1,0,0,0,0
fluciclovine (18F),,,,,NC1(C(=O)O)CC(F)C1,0,0,0,0
avibactam,,,,,NC(=O)C1CCC2CN1C(=O)N2OS(=O)(=O)O,0,0,0,0
decamethoxine,,,,,CC1CCC(C(C)C)C(OC(=O)C[N+](C)(C)CCCCCCCCCC[N+](C)(C)CC(=O)OC2CC(C)CCC2C(C)C)C1,0,0,0,0
pirifibrate,,,,,CC(C)(Oc1ccc(Cl)cc1)C(=O)OCc1cccc(CO)n1,0,0,0,0
nifurzide,,,,,O=C(NN=CC=Cc1ccc([N+](=O)[O-])o1)c1ccc([N+](=O)[O-])s1,0,0,0,0
buzepide metiodide,,,,,C[N+]1(CCC(C(N)=O)(c2ccccc2)c2ccccc2)CCCCCC1,0,0,0,0
brivudine,,,,,O=c1[nH]c(=O)n(C2CC(O)C(CO)O2)cc1C=CBr,0,0,0,0
drotebanol,,,,,COc1ccc2c(c1OC)C13CCN(C)C(C2)C1(O)CCC(O)C3,0,0,0,0
deptropine,,,,,CN1C2CCC1CC(OC1c3ccccc3CCc3ccccc31)C2,0,0,0,0
tropatepine,,,,,CN1C2CCC1CC(=C1c3ccccc3CSc3ccccc31)C2,0,0,0,0
tetroxoprim,,,,,COCCOc1c(OC)cc(Cc2cnc(N)nc2N)cc1OC,0,0,0,0
adicillin,,,,,CC1(C)SC2C(NC(=O)CCCC(N)C(=O)O)C(=O)N2C1C(=O)O,0,0,0,0
cyclomethycaine,,,,,CC1CCCCN1CCCOC(=O)c1ccc(OC2CCCCC2)cc1,0,0,0,0
captodiame,,,,,CCCCSc1ccc(C(SCCN(C)C)c2ccccc2)cc1,0,0,0,0
acotiamide,,,,,COc1cc(O)c(C(=O)Nc2nc(C(=O)NCCN(C(C)C)C(C)C)cs2)cc1OC,0,0,0,0
eravacycline dihydrochloride,,,,,CN(C)C1C(=O)C(C(N)=O)C(=O)C2(O)C(=O)C3C(=O)c4c(O)c(NC(=O)CN5CCCC5)cc(F)c4CC3CC12,0,0,0,0
etimicin,,,,,CCNC1CC(N)C(OC2OC(CN)CCC2N)C(O)C1OC1OCC(C)(O)C(NC)C1O,0,0,0,0
omidenepag isopropyl,,,,,CC(C)OC(=O)CNc1cccc(CN(Cc2ccc(-n3cccn3)cc2)S(=O)(=O)c2cccnc2)n1,0,0,0,0
trelagliptin,,,,,Cn1c(=O)cc(N2CCCC(N)C2)n(Cc2cc(F)ccc2C#N)c1=O,0,0,0,0
ronifibrate,,,,,CC(C)(Oc1ccc(Cl)cc1)C(=O)OCCCOC(=O)c1cccnc1,0,0,0,0
etoperidone,,,,,CCc1nn(CCCN2CCN(c3cccc(Cl)c3)CC2)c(=O)n1CC,0,0,0,0
ambroxol,,,,,Nc1c(Br)cc(Br)cc1CNC1CCC(O)CC1,0,0,0,0
propicillin,,,,,CCC(Oc1ccccc1)C(=O)NC1C(=O)N2C1SC(C)(C)C2C(=O)O,0,0,0,0
piretanide,,,,,NS(=O)(=O)c1cc(C(=O)O)cc(N2CCCC2)c1Oc1ccccc1,0,0,0,0
revaprazan,,,,,Cc1nc(Nc2ccc(F)cc2)nc(N2CCc3ccccc3C2C)c1C,0,0,0,0
arbutamine,,,,,Oc1ccc(CCCCNCC(O)c2ccc(O)c(O)c2)cc1,0,0,0,0
butenafine,,,,,CN(Cc1ccc(C(C)(C)C)cc1)Cc1cccc2ccccc12,0,0,0,0
hexocyclium,,,,,C[N+]1(C)CCN(CC(O)(c2ccccc2)C2CCCCC2)CC1,0,0,0,0
amorolfine,,,,,CCC(C)(C)c1ccc(CC(C)CN2CC(C)OC(C)C2)cc1,0,0,0,0
methscopolamine,,,,,C[N+]1(C)C2CC(OC(=O)C(CO)c3ccccc3)CC1C1OC12,0,0,0,0
bietamiverine,,,,,CCN(CC)CCOC(=O)C(c1ccccc1)N1CCCCC1,0,0,0,0
tiemonium,,,,,C[N+]1(CCC(O)(c2ccccc2)c2cccs2)CCOCC1,0,0,0,0
drofenine,,,,,CCN(CC)CCOC(=O)C(c1ccccc1)C1CCCCC1,0,0,0,0
fluazacort,,,,,CC(=O)OCC(=O)C12N=C(C)OC1CC1C3CC=C4CC(=O)C=CC4(C)C3(F)C(O)CC12C,0,0,0,0
fenoverine,,,,,O=C(CN1CCN(Cc2ccc3c(c2)OCO3)CC1)N1c2ccccc2Sc2ccccc21,0,0,0,0
felypressin,,,,,NCCCCC(NC(=O)C1CCCN1C(=O)C1CSSCC(N)C(=O)NC(Cc2ccccc2)C(=O)NC(Cc2ccccc2)C(=O)NC(CCC(N)=O)C(=O)NC(CC(N)=O)C(=O)N1)C(=O)NCC(N)=O,0,0,0,0
diquafosol,,,,,O=c1ccn(C2OC(COP(=O)(O)OP(=O)(O)OP(=O)(O)OP(=O)(O)OCC3OC(n4ccc(=O)[nH]c4=O)C(O)C3O)C(O)C2O)c(=O)[nH]1,0,0,0,0
cetilistat,,,,,CCCCCCCCCCCCCCCCOc1nc2ccc(C)cc2c(=O)o1,0,0,0,0
topiroxostat,,,,,N#Cc1cc(-c2n[nH]c(-c3ccncc3)n2)ccn1,0,0,0,0
ipragliflozin,,,,,OCC1OC(c2ccc(F)c(Cc3cc4ccccc4s3)c2)C(O)C(O)C1O,0,0,0,0
luseogliflozin,,,,,CCOc1ccc(Cc2cc(C3SC(CO)C(O)C(O)C3O)c(OC)cc2C)cc1,0,0,0,0
simetride,,,,,CCCc1ccc(OCC(=O)N2CCN(C(=O)COc3ccc(CCC)cc3OC)CC2)c(OC)c1,0,0,0,0
cefiderocol,,,,,CC(C)(ON=C(C(=O)NC1C(=O)N2C(C(=O)O)=C(C[N+]3(CCNC(=O)c4ccc(O)c(O)c4Cl)CCCC3)CSC12)c1csc(N)n1)C(=O)O,0,0,0,0
ataluren,,,,,O=C(O)c1cccc(-c2noc(-c3ccccc3F)n2)c1,0,0,0,0
umifenovir,,,,,CCOC(=O)c1c(CSc2ccccc2)n(C)c2cc(Br)c(O)c(CN(C)C)c12,0,0,0,0
gemigliptin,,,,,NC(CC(=O)N1CCc2c(nc(C(F)(F)F)nc2C(F)(F)F)C1)CN1CC(F)(F)CCC1=O,0,0,0,0
evocalcet,,,,,CC(NC1CCN(c2ccc(CC(=O)O)cc2)C1)c1cccc2ccccc12,0,0,0,0
olanexidine,,,,,CCCCCCCCN=C(N)N=C(N)NCc1ccc(Cl)c(Cl)c1,0,0,0,0
menadiol sodium diphosphate,,,,,Cc1cc(OP(=O)(O)O)c2ccccc2c1OP(=O)(O)O,0,0,0,0
lenampicillin,,,,,Cc1oc(=O)oc1COC(=O)C1N2C(=O)C(NC(=O)C(N)c3ccccc3)C2SC1(C)C,0,0,0,0
umeclidinium,,,,,OC(c1ccccc1)(c1ccccc1)C12CC[N+](CCOCc3ccccc3)(CC1)CC2,0,0,0,0
lascufloxacin,,,,,COc1c(N2CC(F)C(CNC3CC3)C2)c(F)cc2c(=O)c(C(=O)O)cn(CCF)c12,0,0,0,0
quifenadine,,,,,OC(c1ccccc1)(c1ccccc1)C1CN2CCC1CC2,0,0,0,0
tedisamil,,,,,C1CCC2(C1)C1CN(CC3CC3)CC2CN(CC2CC2)C1,0,0,0,0
meprotixol,,,,,COc1ccc2c(c1)C(O)(CCCN(C)C)c1ccccc1S2,0,0,0,0
metabutethamine,,,,,CC(C)CNCCOC(=O)c1cccc(N)c1,0,0,0,0
methylatropine,,,,,C[N+]1(C)C2CCC1CC(OC(=O)C(CO)c1ccccc1)C2,0,0,0,0
ethacizine,,,,,CCOC(=O)Nc1ccc2c(c1)N(C(=O)CCN(CC)CC)c1ccccc1S2,0,0,0,0
amino(diphenylhydantoin) valeric acid,,,,,NC(CCCN1C(=O)NC(c2ccccc2)(c2ccccc2)C1=O)C(=O)O,0,0,0,0
etilefrine pivalate,,,,,CCNCC(O)c1cccc(OC(=O)C(C)(C)C)c1,0,0,0,0
laninamivir octanoate hydrate,,,,,CCCCCCCC(=O)OCC(O)C(OC)C1OC(C(=O)O)=CC(N=C(N)N)C1NC(C)=O,0,0,0,0
xenytropium,,,,,C[N+]1(Cc2ccc(-c3ccccc3)cc2)C2CCC1CC(OC(=O)C(CO)c1ccccc1)C2,0,0,0,0
detajmium,,,,,CCC1C2CC3C4N(C)c5ccccc5C45CC(C2C5O)[N+]3(CC(O)CN(CC)CC)C1O,0,0,0,0
ormeloxifene,,,,,COc1ccc2c(c1)OC(C)(C)C(c1ccccc1)C2c1ccc(OCCN2CCCC2)cc1,0,0,0,0
azimilide,,,,,CN1CCN(CCCCn2c(O)cn(N=Cc3ccc(-c4ccc(Cl)cc4)o3)c2=O)CC1,0,0,0,0
delapril,,,,,CCOC(=O)C(CCc1ccccc1)NC(C)C(=O)N(CC(=O)O)C1Cc2ccccc2C1,0,0,0,0
butropium,,,,,CCCCOc1ccc(C[N+]2(C)C3CCC2CC(OC(=O)C(CO)c2ccccc2)C3)cc1,0,0,0,0
ribostamycin,,,,,NCC1OC(OC2C(N)CC(N)C(O)C2OC2OC(CO)C(O)C2O)C(N)C(O)C1O,0,0,0,0
carfecillin,,,,,CC1(C)SC2C(NC(=O)C(C(=O)Oc3ccccc3)c3ccccc3)C(=O)N2C1C(=O)O,0,0,0,0
fenticonazole,,,,,Clc1ccc(C(Cn2ccnc2)OCc2ccc(Sc3ccccc3)cc2)c(Cl)c1,0,0,0,0
tridihexethyl,,,,,CC[N+](CC)(CC)CCC(O)(c1ccccc1)C1CCCCC1,0,0,0,0
tiludronic acid,,,,,O=P(O)(O)C(Sc1ccc(Cl)cc1)P(=O)(O)O,0,0,0,0
etomidoline,,,,,CCN1C(=O)c2ccccc2C1Nc1ccc(OCCN2CCCCC2)cc1,0,0,0,0
oxypertine,,,,,COc1cc2[nH]c(C)c(CCN3CCN(c4ccccc4)CC3)c2cc1OC,0,0,0,0
ramosetron,,,,,Cn1cc(C(=O)C2CCc3[nH]cnc3C2)c2ccccc21,0,0,0,0
letosteine,,,,,CCOC(=O)CSCCC1NC(C(=O)O)CS1,0,0,0,0
fenpiprane,,,,,c1ccc(C(CCN2CCCCC2)c2ccccc2)cc1,0,0,0,0
flumecinol,,,,,CCC(O)(c1ccccc1)c1cccc(C(F)(F)F)c1,0,0,0,0
ipriflavone,,,,,CC(C)Oc1ccc2c(=O)c(-c3ccccc3)coc2c1,0,0,0,0
hydroxystilbamidine,,,,,N=C(N)c1ccc(C=Cc2ccc(C(=N)N)cc2O)cc1,0,0,0,0
hydroxytetracaine,,,,,CCCCNc1ccc(C(=O)OCCN(C)C)c(O)c1,0,0,0,0
egualen,,,,,CCc1cc(S(=O)(=O)O)c2cc(C(C)C)cccc1-2,0,0,0,0
dimethocaine,,,,,CCN(CC)CC(C)(C)COC(=O)c1ccc(N)cc1,0,0,0,0
diphemanil,,,,,C[N+]1(C)CCC(=C(c2ccccc2)c2ccccc2)CC1,0,0,0,0
mecysteine,,,,,COC(=O)C(N)CS,0,0,0,0
secretin porcine,,,,,CC(C)CC(NC(=O)CNC(=O)C(CCC(N)=O)NC(=O)C(CC(C)C)NC(=O)C(CC(C)C)NC(=O)C(CCCN=C(N)N)NC(=O)C(CCC(N)=O)NC(=O)C(CC(C)C)NC(=O)C(CCCNC(=N)N)NC(=O)C(C)NC(=O)C(CO)NC(=O)C(CC(=O)O)NC(=O)C(CCCNC(=N)N)NC(=O)C(CC(C)C)NC(=O)C(CCCNC(=N)N)NC(=O)C(CO)NC(=O)C(CC(C)C)NC(=O)C(CCC(=O)O)NC(=O)C(CO)NC(=O)C(NC(=O)C(Cc1ccccc1)NC(=O)C(NC(=O)CNC(=O)C(CC(=O)O)NC(=O)C(CO)NC(=O)C(N)Cc1c[nH]cn1)C(C)O)C(C)O)C(=O)NC(C(N)=O)C(C)C,0,0,0,0
prednival,,,,,CCCCC(=O)OC1(C(=O)CO)CCC2C3CC=C4CC(=O)C=CC4(C)C3C(O)CC21C,0,0,0,0
menatetrenone,,,,,CC(C)=CCCC(C)=CCCC(C)=CCC=C(C)C=Cc1c(C)c(O)c2ccccc2c1O,0,0,0,0
spiclomazine,,,,,O=C1CSC2(CCN(CCCN3c4ccccc4Sc4ccc(Cl)cc43)CC2)N1,0,0,0,0
fluocortin butyl,,,,,CCCCOC(=O)C(=O)C1C(C)CC2C3CC(F)C4=CC(=O)C=CC4(C)C3C(O)CC21C,0,0,0,0
carpipramine,,,,,NC(=O)C1(N2CCCCC2)CCN(CCCN2c3ccccc3CCc3ccccc32)CC1,0,0,0,0
tioclomarol,,,,,O=c1c(C(CC(O)c2ccc(Cl)cc2)c2ccc(Cl)s2)c(O)oc2ccccc12,0,0,0,0
binimetinib,,,,,Cn1cnc2c(F)c(Nc3ccc(Br)cc3F)c(C(=O)NOCCO)cc21,0,0,0,0
sarecycline,,,,,CON(C)Cc1ccc(O)c2c1CC1CC3C(N(C)C)C(=O)C(C(N)=O)C(=O)C3(O)C(=O)C1C2=O,0,0,0,0
tiomesterone,,,,,CC(=O)SC1C=C2CC(=O)CC(SC(C)=O)C2(C)C2CCC3(C)C(CCC3(C)O)C12,0,0,0,0
dibekacin,,,,,NCC1CCC(N)C(OC2C(N)CC(N)C(OC3OC(CO)C(O)C(N)C3O)C2O)O1,0,0,0,0
homofenazine,,,,,OCCN1CCCN(CCCN2c3ccccc3Sc3ccc(C(F)(F)F)cc32)CC1,0,0,0,0
doxycycline,,,,,CC1c2cccc(O)c2C(=O)C2C(=O)C3(O)C(=O)C(C(N)=O)C(=O)C(N(C)C)C3C(O)C21,0,0,0,0
glisoxepide,,,,,Cc1cc(C(=O)NCCc2ccc(S(=O)(=O)NC(=O)NN3CCCCCC3)cc2)no1,0,0,0,0
sofalcone,,,,,CC(C)=CCOc1ccc(C=CC(=O)c2ccc(OCC=C(C)C)cc2OCC(=O)O)cc1,0,0,0,0
noxytiolin,,,,,CNC(=S)NCO,0,0,0,0
orazamide,,,,,NC(=O)c1[nH]cnc1N,0,0,0,0
tromantadine,,,,,CN(C)CCOCC(=O)NC12CC3CC(CC(C3)C1)C2,0,0,0,0
histapyrrodine,,,,,c1ccc(CN(CCN2CCCC2)c2ccccc2)cc1,0,0,0,0
bamipine,,,,,CN1CCC(N(Cc2ccccc2)c2ccccc2)CC1,0,0,0,0
mebutizide,,,,,CCC(C)C(C)C1Nc2cc(Cl)c(S(N)(=O)=O)cc2S(=O)(=O)N1,0,0,0,0
alpiropride,,,,,C=CCN1CCCC1CNC(=O)c1cc(S(=O)(=O)NC)c(N)cc1OC,0,0,0,0
ethylmethylthiambutene,,,,,CCN(C)C(C)C=C(c1cccs1)c1cccs1,0,0,0,0
tolycaine,,,,,CCN(CC)CC(=O)Nc1c(C)cccc1C(=O)OC,0,0,0,0
proquazone,,,,,Cc1ccc2c(-c3ccccc3)nc(=O)n(C(C)C)c2c1,0,0,0,0
demexiptiline,,,,,CNCCON=c1c2ccccc2ccc2ccccc12,0,0,0,0
sodium gualenate,,,,,Cc1cc(S(=O)(=O)O)c2c(C)ccc(C(C)C)cc1-2,0,0,0,0
oxyclipine,,,,,CN1CCCC(OC(=O)C(O)(c2ccccc2)C2CCCCC2)C1,0,0,0,0
glypinamide,,,,,O=C(NN1CCCCCC1)NS(=O)(=O)c1ccc(Cl)cc1,0,0,0,0
clidanac,,,,,O=C(O)C1CCc2cc(C3CCCCC3)c(Cl)cc21,0,0,0,0
acecarbromal,,,,,CCC(Br)(CC)C(=O)NC(=O)NC(C)=O,0,0,0,0
tetraethylphthalamide,,,,,CCN(CC)C(=O)c1ccccc1C(=O)N(CC)CC,0,0,0,0
bolandiol dipropionate,,,,,CCC(=O)OC1C=C2CCC3C(CCC4(C)C(OC(=O)CC)CCC34)C2CC1,0,0,0,0
etidocaine,,,,,CCCN(CC)C(CC)C(=O)Nc1c(C)cccc1C,0,0,0,0
folescutol,,,,,O=c1cc(CN2CCOCC2)c2cc(O)c(O)cc2o1,0,0,0,0
elliptinium,,,,,Cc1c2cc[n+](C)cc2c(C)c2c1[nH]c1ccc(O)cc12,0,0,0,0
acetamidoeugenol,,,,,C=CCc1ccc(OCC(=O)N(CC)CC)c(OC)c1,0,0,0,0
amosulalol,,,,,COc1ccccc1OCCNCC(O)c1ccc(C)c(S(N)(=O)=O)c1,0,0,0,0
bopindolol,,,,,Cc1cc2c(OCC(CNC(C)(C)C)OC(=O)c3ccccc3)cccc2[nH]1,0,0,0,0
ecabet,,,,,CC(C)c1cc2c(cc1S(=O)(=O)O)C1(C)CCCC(C)(C(=O)O)C1CC2,0,0,0,0
eprazinone,,,,,CCOC(CN1CCN(CC(C)C(=O)c2ccccc2)CC1)c1ccccc1,0,0,0,0
fendosal,,,,,O=C(O)c1cc(-n2c(-c3ccccc3)cc3c2CCc2ccccc2-3)ccc1O,0,0,0,0
dibromol,,,,,O=S(=O)(O)c1cc(Br)c(O)c(Br)c1,0,0,0,0
trimazosin,,,,,COc1cc2c(N)nc(N3CCN(C(=O)OCC(C)(C)O)CC3)nc2c(OC)c1OC,0,0,0,0
cloxotestosterone,,,,,CC12CCC(=O)C=C1CCC1C2CCC2(C)C(OC(O)C(Cl)(Cl)Cl)CCC12,0,0,0,0
bialamicol,,,,,C=CCc1cc(-c2cc(CC=C)c(O)c(CN(CC)CC)c2)cc(CN(CC)CC)c1O,0,0,0,0
flusalan,,,,,O=C(Nc1cccc(C(F)(F)F)c1)c1cc(Br)cc(Br)c1O,0,0,0,0
pivmecillinam,,,,,CC(C)(C)C(=O)OCOC(=O)C1N2C(=O)C(N=CN3CCCCCC3)C2SC1(C)C,0,0,0,0
flumedroxone acetate,,,,,CC(=O)OC1(C(C)=O)CCC2C3CC(C(F)(F)F)=C4CC(=O)CCC4(C)C3CCC21C,0,0,0,0
pentagestrone acetate,,,,,CC(=O)OC1(C(C)=O)CCC2C3CC=C4C=C(OC5CCCC5)CCC4(C)C3CCC21C,0,0,0,0
metacycline,,,,,C=C1c2cccc(O)c2C(=O)C2C(=O)C3(O)C(=O)C(C(N)=O)C(=O)C(N(C)C)C3C(O)C12,0,0,0,0
mazipredone,,,,,CN1CCN(CC(=O)C2(O)CCC3C4CC=C5CC(=O)C=CC5(C)C4C(O)CC32C)CC1,0,0,0,0
aldosterone,,,,,CC12CCC(=O)C=C1CCC1C2C(O)CC2(C=O)C(C(=O)CO)CCC12,0,0,0,0
dipiproverine,,,,,O=C(OCCN1CCCCC1)C(c1ccccc1)N1CCCCC1,0,0,0,0
tiquizium,,,,,C[N+]12CCCCC1CCC(=C(c1cccs1)c1cccs1)C2,0,0,0,0
teprenone,,,,,CC(=O)CCC=C(C)CCC=C(C)CCC=C(C)CCC=C(C)C,0,0,0,0
chlorbetamide,,,,,O=C(C(Cl)Cl)N(CCO)Cc1ccc(Cl)cc1Cl,0,0,0,0
protokylol,,,,,CC(Cc1ccc2c(c1)OCO2)NCC(O)c1ccc(O)c(O)c1,0,0,0,0
propiram,,,,,CCC(=O)N(c1ccccn1)C(C)CN1CCCCC1,0,0,0,0
oxagrelate,,,,,CCOC(=O)c1c(C)cc2c(CO)n[nH]c(=O)c2c1C,0,0,0,0
nepinalone,,,,,CC1(CCN2CCCCC2)C(=O)CCc2ccccc21,0,0,0,0
delmopinol,,,,,CCCC(CCC)CCCC1COCCN1CCO,0,0,0,0
tigemonam,,,,,CC1(C)C(=NC(=O)C(NOCC(=O)O)c2csc(N)n2)C(=O)N1OS(=O)(=O)O,0,0,0,0
octamoxin,,,,,CCCCCCC(C)NN,0,0,0,0
methyl aminolevulinate,,,,,COC(=O)CCC(=O)CN,0,0,0,0
emylcamate,,,,,CCC(C)(CC)OC(N)=O,0,0,0,0
sarpogrelate,,,,,COc1cccc(CCc2ccccc2OCC(CN(C)C)OC(=O)CCC(=O)O)c1,0,0,0,0
zofenopril,,,,,CC(CSC(=O)c1ccccc1)C(=O)N1CC(Sc2ccccc2)CC1C(=O)O,0,0,0,0
carbifene,,,,,CCOC(C(=O)N(C)CCN(C)CCc1ccccc1)(c1ccccc1)c1ccccc1,0,0,0,0
furtrethonium,,,,,C[N+](C)(C)Cc1ccco1,0,0,0,0
sivelestat,,,,,CC(C)(C)C(=O)Oc1ccc(S(=O)(=O)Nc2ccccc2C(=O)NCC(=O)O)cc1,0,0,0,0
fluperolone,,,,,CC(=O)OC(C)C(=O)C1(O)CCC2C3CC=C4CC(=O)C=CC4(C)C3(F)C(O)CC21C,0,0,0,0
glisolamide,,,,,Cc1cc(C(=O)NCCc2ccc(S(=O)(=O)NC(=O)NC3CCCCC3)cc2)no1,0,0,0,0
chlorbenzoxamine,,,,,Cc1ccccc1CN1CCN(CCOC(c2ccccc2)c2ccccc2Cl)CC1,0,0,0,0
melinamide,,,,,CCCCCC=CCC=CCCCCCCCC(=O)NC(C)c1ccccc1,0,0,0,0
altizide,,,,,C=CCSCC1Nc2cc(Cl)c(S(N)(=O)=O)cc2S(=O)(=O)N1,0,0,0,0
nifuroxime,,,,,O=[N+]([O-])c1ccc(C=NO)o1,0,0,0,0
clometocillin,,,,,COC(C(=O)NC1C(=O)N2C1SC(C)(C)C2C(=O)O)c1ccc(Cl)c(Cl)c1,0,0,0,0
brovincamine,,,,,CCC12CCCN3CCc4c(n(c5cc(Br)ccc45)C(O)(C(=O)OC)C1)C32,0,0,0,0
belotecan,,,,,CCC1(O)C(=O)OCc2c1cc1n(c2=O)Cc2c-1nc1ccccc1c2CCNC(C)C,0,0,0,0
oxapropanium,,,,,C[N+](C)(C)CC1COCO1,0,0,0,0
acetylcholine,,,,,CC(=O)OCC[N+](C)(C)C,0,0,0,0
micinicate,,,,,CC1CC(OC(=O)C(OC(=O)c2cccnc2)c2ccccc2)CC(C)(C)C1,0,0,0,0
nimustine,,,,,Cc1ncc(CNC(=O)N(CCCl)N=O)c(N)n1,0,0,0,0
oxaflozane,,,,,CC(C)N1CCOC(c2cccc(C(F)(F)F)c2)C1,0,0,0,0
stepronin,,,,,CC(SC(=O)c1cccs1)C(=O)NCC(=O)O,0,0,0,0
furalazine,,,,,Nc1ncc(C=Cc2ccc([N+](=O)[O-])o2)nn1,0,0,0,0
meturedepa,,,,,CCOC(=O)NP(=O)(N1CC1(C)C)N1CC1(C)C,0,0,0,0
meticrane,,,,,Cc1cc2c(cc1S(N)(=O)=O)S(=O)(=O)CCC2,0,0,0,0
propipocaine,,,,,CCCOc1ccc(C(=O)CCN2CCCCC2)cc1,0,0,0,0
ripazepam,,,,,CCn1nc(C)c2c1C(c1ccccc1)=NCC(=O)N2,0,0,0,0
trimethidinium,,,,,CC12CCC(C[N+](C)(CCC[N+](C)(C)C)C1)C2(C)C,0,0,0,0
almecillin,,,,,C=CCSCC(=O)NC1C(=O)N2C1SC(C)(C)C2C(=O)O,0,0,0,0
dixyrazine,,,,,CC(CN1CCN(CCOCCO)CC1)CN1c2ccccc2Sc2ccccc21,0,0,0,0
altropane,,,,,COC(=O)C1C(c2ccc(F)cc2)CC2CCC1N2CC=CI,0,0,0,0
gepefrine,,,,,CC(N)Cc1cccc(O)c1,0,0,0,0
homocamfin,,,,,CC1=CC(=O)CC(C(C)C)C1,0,0,0,0
norfenefrine,,,,,NCC(O)c1cccc(O)c1,0,0,0,0
guancidine,,,,,CCC(C)(C)N=C(N)NC#N,0,0,0,0
allomethadione,,,,,C=CCn1c(O)c(C)oc1=O,0,0,0,0
valdetamide,,,,,C=CCC(CC)(CC)C(N)=O,0,0,0,0
muzolimine,,,,,CC(c1ccc(Cl)c(Cl)c1)n1[nH]c(N)cc1=O,0,0,0,0
perisoxal,,,,,OC(CN1CCCCC1)c1cc(-c2ccccc2)on1,0,0,0,0
quinisocaine,,,,,CCCCc1cc2ccccc2c(OCCN(C)C)n1,0,0,0,0
pilsicainide,,,,,Cc1cccc(C)c1NC(=O)CC12CCCN1CCC2,0,0,0,0
denaverine,,,,,CCC(CC)COC(C(=O)OCCN(C)C)(c1ccccc1)c1ccccc1,0,0,0,0
ipratropium,,,,,CC(C)[N+]1(C)C2CCC1CC(OC(=O)C(CO)c1ccccc1)C2,0,0,0,0
ciclonium,,,,,CC[N+](C)(CC)CCOC(C)(c1ccccc1)C1CC2C=CC1C2,0,0,0,0
eberconazole,,,,,Clc1cc(Cl)c2c(c1)CCc1ccccc1C2n1ccnc1,0,0,0,0
androisoxazole,,,,,CC12Cc3conc3CC1CCC1C2CCC2(C)C1CCC2(C)O,0,0,0,0
prenylamine,,,,,CC(Cc1ccccc1)NCCC(c1ccccc1)c1ccccc1,0,0,0,0
dextrofemine,,,,,CC(COc1ccccc1)NC(C)Cc1ccccc1,0,0,0,0
epervudine,,,,,CC(C)c1cn(C2CC(O)C(CO)O2)c(=O)[nH]c1=O,0,0,0,0
tolonium,,,,,Cc1cc2nc3ccc(N(C)C)cc3[s+]c2cc1N,0,0,0,0
fenethazine,,,,,CN(C)CCN1c2ccccc2Sc2ccccc21,0,0,0,0
clofenamide,,,,,NS(=O)(=O)c1ccc(Cl)c(S(N)(=O)=O)c1,0,0,0,0
pentrinitrol,,,,,O=[N+]([O-])OCC(CO)(CO[N+](=O)[O-])CO[N+](=O)[O-],0,0,0,0
carbubarb,,,,,CCCCC1(CCOC(N)=O)C(=O)NC(=O)NC1=O,0,0,0,0
ftivazide,,,,,COc1cc(C=NNC(=O)c2ccncc2)ccc1O,0,0,0,0
amoscanate,,,,,O=[N+]([O-])c1ccc(Nc2ccc(N=C=S)cc2)cc1,0,0,0,0
metiazinic acid,,,,,CN1c2ccccc2Sc2ccc(CC(=O)O)cc21,0,0,0,0
subathizone,,,,,CCS(=O)(=O)c1ccc(C=NNC(N)=S)cc1,0,0,0,0
anecortave,,,,,CC(=O)OCC(=O)C1(O)CCC2C3CC=C4CC(=O)CCC4(C)C3=CCC21C,0,0,0,0
medibazine,,,,,c1ccc(C(c2ccccc2)N2CCN(Cc3ccc4c(c3)OCO4)CC2)cc1,0,0,0,0
chloralodol,,,,,CC(CC(C)(C)O)OC(O)C(Cl)(Cl)Cl,0,0,0,0
methacholine,,,,,CC(=O)OC(C)C[N+](C)(C)C,0,0,0,0
carpronium,,,,,COC(=O)CCC[N+](C)(C)C,0,0,0,0
oxydibutanol,,,,,CC(O)CCOCCC(C)O,0,0,0,0
ectylurea,,,,,CC=C(CC)C(=O)NC(N)=O,0,0,0,0
oteracil,,,,,O=C(O)c1nc(=O)[nH]c(=O)[nH]1,0,0,0,0
furamicid,,,,,COCc1ccc([N+](=O)[O-])o1,0,0,0,0
fenbenicillin,,,,,CC1(C)SC2C(NC(=O)C(Oc3ccccc3)c3ccccc3)C(=O)N2C1C(=O)O,0,0,0,0
cetotiamine,,,,,CCOC(=O)OCCC(SC(=O)OCC)=C(C)N(C=O)Cc1cnc(C)nc1N,0,0,0,0
perospirone,,,,,Oc1c2c(c(O)n1CCCCN1CCN(c3nsc4ccccc34)CC1)CCCC2,0,0,0,0
etofamide,,,,,CCOCCN(Cc1ccc(Oc2ccc([N+](=O)[O-])cc2)cc1)C(=O)C(Cl)Cl,0,0,0,0
salazosulfadimidine,,,,,Cc1cc(C)nc(NS(=O)(=O)c2ccc(N=Nc3ccc(O)c(C(=O)O)c3)cc2)n1,0,0,0,0
mozavaptan,,,,,Cc1ccccc1C(=O)Nc1ccc(C(=O)N2CCCC(N(C)C)c3ccccc32)cc1,0,0,0,0
oxitropium,,,,,CC[N+]1(C)C2CC(OC(=O)C(CO)c3ccccc3)CC1C1OC12,0,0,0,0
pentacynium chloride,,,,,C[N+](C)(CCCCC(C#N)(c1ccccc1)c1ccccc1)CC[N+]1(C)CCOCC1,0,0,0,0
mosapride,,,,,CCOc1cc(N)c(Cl)cc1C(=O)NCC1CN(Cc2ccc(F)cc2)CCO1,0,0,0,0
nandrolone cyclotate,,,,,CC12C=CC(C(=O)OC3CCC4C5CC=C6CC(=O)CCC6C5CCC34C)(CC1)CC2,0,0,0,0
gallamine,,,,,CC[N+](CC)(CC)CCOc1cccc(OCC[N+](CC)(CC)CC)c1OCC[N+](CC)(CC)CC,0,0,0,0
omoconazole,,,,,CC(=C(OCCOc1ccc(Cl)cc1)c1ccc(Cl)cc1Cl)n1ccnc1,0,0,0,0
difenoxin,,,,,N#CC(CCN1CCC(C(=O)O)(c2ccccc2)CC1)(c1ccccc1)c1ccccc1,0,0,0,0
oxanamide,,,,,CCCC1OC1(CC)C(N)=O,0,0,0,0
buformin,,,,,CCCCN=C(N)N=C(N)N,0,0,0,0
isovaleryl diethylamide,,,,,CCN(CC)C(=O)CC(C)C,0,0,0,0
endralazine,,,,,NNc1cc2c(nn1)CCN(C(=O)c1ccccc1)C2,0,0,0,0
sulfasomizole,,,,,Cc1cc(NS(=O)(=O)c2ccc(N)cc2)sn1,0,0,0,0
moxastine,,,,,CN(C)CCOC(C)(c1ccccc1)c1ccccc1,0,0,0,0
perimetazine,,,,,COc1ccc2c(c1)N(CC(C)CN1CCC(O)CC1)c1ccccc1S2,0,0,0,0
estradiol enanthate,,,,,CCCCCCC(=O)OC1CCC2C3CCc4cc(O)ccc4C3CCC12C,0,0,0,0
piposulfan,,,,,CS(=O)(=O)OCCC(=O)N1CCN(C(=O)CCOS(C)(=O)=O)CC1,0,0,0,0
butetamate,,,,,CCC(C(=O)OCCN(CC)CC)c1ccccc1,0,0,0,0
dimethylthiambutene,,,,,CC(C=C(c1cccs1)c1cccs1)N(C)C,0,0,0,0
sozoiodolic acid,,,,,O=S(=O)(O)c1cc(I)c(O)c(I)c1,0,0,0,0
garenoxacin,,,,,CC1NCc2cc(-c3ccc4c(=O)c(C(=O)O)cn(C5CC5)c4c3OC(F)F)ccc21,0,0,0,0
pentorex,,,,,CC(c1ccccc1)C(C)(C)N,0,0,0,0
atrolactamide,,,,,CC(O)(C(N)=O)c1ccccc1,0,0,0,0
bucolome,,,,,CCCCc1c(O)[nH]c(=O)n(C2CCCCC2)c1=O,0,0,0,0
propenidazole,,,,,CCOC(=O)C(=Cc1ncc([N+](=O)[O-])n1C)C(C)=O,0,0,0,0
voglibose,,,,,OCC(CO)NC1CC(O)(CO)C(O)C(O)C1O,0,0,0,0
cafaminol,,,,,CN(CCO)c1nc2c(c(=O)n(C)c(=O)n2C)n1C,0,0,0,0
carbuterol,,,,,CC(C)(C)NCC(O)c1ccc(O)c(NC(N)=O)c1,0,0,0,0
nifurtoinol,,,,,O=c1n(N=Cc2ccc([N+](=O)[O-])o2)cc(O)n1CO,0,0,0,0
thialbarbital,,,,,C=CCC1(C2C=CCCC2)C(=O)NC(=S)NC1=O,0,0,0,0
parethoxycaine,,,,,CCOc1ccc(C(=O)OCCN(CC)CC)cc1,0,0,0,0
ethenzamide,,,,,CCOc1ccccc1C(N)=O,0,0,0,0
mopidamol,,,,,OCCN(CCO)c1nc(N2CCCCC2)c2nc(N(CCO)CCO)ncc2n1,0,0,0,0
loprodiol,,,,,OCC(CO)(CCl)CCl,0,0,0,0
menadiol sulfate,,,,,Cc1cc(OS(=O)(=O)O)c2ccccc2c1OS(=O)(=O)O,0,0,0,0
benzalamide,,,,,CC(=Cc1ccccc1)CC(N)=O,0,0,0,0
debrisoquine,,,,,N=C(N)N1CCc2ccccc2C1,0,0,0,0
betanidine,,,,,CN=C(NC)NCc1ccccc1,0,0,0,0
pifarnine,,,,,CC(C)=CCCC(C)=CCCC(C)=CCN1CCN(Cc2ccc3c(c2)OCO3)CC1,0,0,0,0
gusperimus,,,,,N=C(N)NCCCCCCC(=O)NC(=O)C(O)NCCCCNCCCN,0,0,0,0
benzylhydrochlorothiazide,,,,,NS(=O)(=O)c1cc2c(cc1Cl)NC(Cc1ccccc1)NS2(=O)=O,0,0,0,0
aranidipine,,,,,COC(=O)C1=C(C)N=C(C)C(C(=O)OCC(C)=O)C1c1ccccc1[N+](=O)[O-],0,0,0,0
benzalkonium,,,,,CCCCCCCCCCCC[N+](C)(C)Cc1ccccc1,0,0,0,0
balofloxacin,,,,,CNC1CCCN(c2c(F)cc3c(=O)c(C(=O)O)cn(C4CC4)c3c2OC)C1,0,0,0,0
benzylsulfamide,,,,,NS(=O)(=O)c1ccc(NCc2ccccc2)cc1,0,0,0,0
fencibutirol,,,,,CCC(C(=O)O)C1(O)CCC(c2ccccc2)CC1,0,0,0,0
mepindolol,,,,,Cc1cc2c(OCC(O)CNC(C)C)cccc2[nH]1,0,0,0,0
miloxacin,,,,,COn1cc(C(=O)O)c(=O)c2cc3c(cc21)OCO3,0,0,0,0
hydroxypethidine,,,,,CCOC(=O)C1(c2cccc(O)c2)CCN(C)CC1,0,0,0,0
etodroxizine,,,,,OCCOCCOCCN1CCN(C(c2ccccc2)c2ccc(Cl)cc2)CC1,0,0,0,0
hexoprenaline,,,,,Oc1ccc(C(O)CNCCCCCCNCC(O)c2ccc(O)c(O)c2)cc1O,0,0,0,0
levocabastine,,,,,CC1CN(C2CCC(C#N)(c3ccc(F)cc3)CC2)CCC1(C(=O)O)c1ccccc1,0,0,0,0
pipebuzone,,,,,CCCCC1(CN2CCN(C)CC2)C(=O)N(c2ccccc2)N(c2ccccc2)C1=O,0,0,0,0
etofylline clofibrate,,,,,Cn1c(=O)c2c(ncn2CCOC(=O)C(C)(C)Oc2ccc(Cl)cc2)n(C)c1=O,0,0,0,0
iprazochrome,,,,,CC(C)N1CC(O)c2cc(N=NC(N)=O)c(O)cc21,0,0,0,0
sulfaperin,,,,,Cc1cnc(NS(=O)(=O)c2ccc(N)cc2)nc1,0,0,0,0
propacetamol,,,,,CCN(CC)CC(=O)Oc1ccc(NC(C)=O)cc1,0,0,0,0
etaqualone,,,,,CCc1ccccc1-n1c(C)nc2ccccc2c1=O,0,0,0,0
tiazofurine,,,,,NC(=O)c1csc(C2OC(CO)C(O)C2O)n1,0,0,0,0
nadoxolol,,,,,NC(CC(O)COc1cccc2ccccc12)=NO,0,0,0,0
imolamine,,,,,CCN(CC)CCn1c(-c2ccccc2)noc1=N,0,0,0,0
etoxadrol,,,,,CCC1(c2ccccc2)OCC(C2CCCCN2)O1,0,0,0,0
hexylcaine,,,,,CC(CNC1CCCCC1)OC(=O)c1ccccc1,0,0,0,0
bufuralol,,,,,CCc1cccc2cc(C(O)CNC(C)(C)C)oc12,0,0,0,0
sodium hexacyclonate,,,,,O=C(O)CC1(CO)CCCCC1,0,0,0,0
gabexate,,,,,CCOC(=O)c1ccc(OC(=O)CCCCCN=C(N)N)cc1,0,0,0,0
carbocromen,,,,,CCOC(=O)COc1ccc2c(C)c(CCN(CC)CC)c(=O)oc2c1,0,0,0,0
prenoxdiazine,,,,,c1ccc(C(Cc2noc(CCN3CCCCC3)n2)c2ccccc2)cc1,0,0,0,0
fudosteine,,,,,NC(CSCCCO)C(=O)O,0,0,0,0
rilmenidine,,,,,C1COC(=NC(C2CC2)C2CC2)N1,0,0,0,0
teflurane,,,,,FC(Br)C(F)(F)F,0,0,0,0
styramate,,,,,NC(=O)OCC(O)c1ccccc1,0,0,0,0
adrenalone,,,,,CNCC(=O)c1ccc(O)c(O)c1,0,0,0,0
oxilofrine,,,,,CNC(C)C(O)c1ccc(O)cc1,0,0,0,0
hexapropymate,,,,,C#CCC1(OC(N)=O)CCCCC1,0,0,0,0
salacetamide,,,,,CC(=O)NC(=O)c1ccccc1O,0,0,0,0
phenprobamate,,,,,NC(=O)OCCCc1ccccc1,0,0,0,0
temafloxacin,,,,,CC1CN(c2cc3c(cc2F)c(=O)c(C(=O)O)cn3-c2ccc(F)cc2F)CCN1,0,0,0,0
bisoxatin acetate,,,,,CC(=O)Oc1ccc(C2(c3ccc(OC(C)=O)cc3)Oc3ccccc3NC2=O)cc1,0,0,0,0
cinepazide,,,,,COc1cc(C=CC(=O)N2CCN(CC(=O)N3CCCC3)CC2)cc(OC)c1OC,0,0,0,0
bunaftine,,,,,CCCCN(CCN(CC)CC)C(=O)c1cccc2ccccc12,0,0,0,0
etymemazine,,,,,CCc1ccc2c(c1)N(CC(C)CN(C)C)c1ccccc1S2,0,0,0,0
leteprinim,,,,,O=C(CCn1cnc2c(=O)[nH]cnc21)Nc1ccc(C(=O)O)cc1,0,0,0,0
dimenoxadol,,,,,CCOC(C(=O)OCCN(C)C)(c1ccccc1)c1ccccc1,0,0,0,0
difemerine,,,,,CN(C)CC(C)(C)OC(=O)C(O)(c1ccccc1)c1ccccc1,0,0,0,0
tifenamil,,,,,CCN(CC)CCSC(=O)C(c1ccccc1)c1ccccc1,0,0,0,0
aminopromazine,,,,,CN(C)CC(CN1c2ccccc2Sc2ccccc21)N(C)C,0,0,0,0
clofibride,,,,,CN(C)C(=O)CCCOC(=O)C(C)(C)Oc1ccc(Cl)cc1,0,0,0,0
setiptiline,,,,,CN1CCC2=C(C1)c1ccccc1Cc1ccccc12,0,0,0,0
amixetrine,,,,,CC(C)CCOC(CN1CCCC1)c1ccccc1,0,0,0,0
glyhexamide,,,,,O=C(NC1CCCCC1)NS(=O)(=O)c1ccc2c(c1)CCC2,0,0,0,0
bisaramil,,,,,CCN1CC2CN(C)CC(C1)C2OC(=O)c1ccc(Cl)cc1,0,0,0,0
eterobarb,,,,,CCC1(c2ccccc2)C(=O)N(COC)C(=O)N(COC)C1=O,0,0,0,0
dibunate,,,,,CC(C)(C)c1ccc2c(S(=O)(=O)O)c(C(C)(C)C)ccc2c1,0,0,0,0
timepidium,,,,,COC1CC(=C(c2cccs2)c2cccs2)C[N+](C)(C)C1,0,0,0,0
carboquone,,,,,COC(COC(N)=O)C1=C(N2CC2)C(=O)C(C)=C(N2CC2)C1=O,0,0,0,0
epomediol,,,,,CC1(C)OC2(C)C(O)CC1CC2O,0,0,0,0
guanacline,,,,,CC1=CCN(CCN=C(N)N)CC1,0,0,0,0
sancycline,,,,,CN(C)C1C(=O)C(C(N)=O)C(=O)C2(O)C(=O)C3C(=O)c4c(O)cccc4CC3CC12,0,0,0,0
sulbenicillin,,,,,CC1(C)SC2C(NC(=O)C(c3ccccc3)S(=O)(=O)O)C(=O)N2C1C(=O)O,0,0,0,0
temocillin,,,,,COC1(NC(=O)C(C(=O)O)c2ccsc2)C(=O)N2C(C(=O)O)C(C)(C)SC21,0,0,0,0
sitosterol,,,,,CCC(CCC(C)C1CCC2C3CC=C4CC(O)CCC4(C)C3CCC12C)C(C)C,0,0,0,0
reposal,,,,,CCC1(C2=CC3CCC(C2)C3)C(=O)NC(=O)NC1=O,0,0,0,0
tiotropium bromide,,,,,C[N+]1(C)C2CC(OC(=O)C(O)(c3cccs3)c3cccs3)CC1C1OC12,0,0,0,0
dextromoramide,,,,,CC(CN1CCOCC1)C(C(=O)N1CCCC1)(c1ccccc1)c1ccccc1,0,0,0,0
chloroprednisone,,,,,CC12C=CC(=O)C=C1C(Cl)CC1C2C(=O)CC2(C)C1CCC2(O)C(=O)CO,0,0,0,0
aceglatone,,,,,CC(=O)OC1C(=O)OC2C(OC(C)=O)C(=O)OC12,0,0,0,0
menbutone,,,,,COc1ccc(C(=O)CCC(=O)O)c2ccccc12,0,0,0,0
phethenylate,,,,,O=C1NC(=O)C(c2ccccc2)(c2cccs2)N1,0,0,0,0
xibornol,,,,,Cc1cc(O)c(C2CC3CCC2(C)C3(C)C)cc1C,0,0,0,0
tenitramine,,,,,O=[N+]([O-])OCCN(CCO[N+](=O)[O-])CCN(CCO[N+](=O)[O-])CCO[N+](=O)[O-],0,0,0,0
mivotilate,,,,,Cc1csc(NC(=O)C(C(=O)OC(C)C)=C2SCS2)n1,0,0,0,0
glucuronamide,,,,,NC(=O)C1OC(O)C(O)C(O)C1O,0,0,0,0
pyrinoline,,,,,OC(C1=CC(=C(c2ccccn2)c2ccccn2)C=C1)(c1ccccn1)c1ccccn1,0,0,0,0
phosphorylcholine,,,,,C[N+](C)(C)CCOP(=O)(O)O,0,0,0,0
mitoguazone,,,,,CC(C=NN=C(N)N)=NN=C(N)N,0,0,0,0
guanazodine,,,,,N=C(N)NCC1CCCCCCN1,0,0,0,0
amphenidone,,,,,Nc1cccc(-n2ccccc2=O)c1,0,0,0,0
glucose-1-phosphate,,,,,O=P(O)(O)OC1OC(CO)C(O)C(O)C1O,0,0,0,0
benzamidosalicylate,,,,,O=C(Nc1ccc(C(=O)O)c(O)c1)c1ccccc1,0,0,0,0
benserazide,,,,,NC(CO)C(=O)NNCc1ccc(O)c(O)c1O,0,0,0,0
medifoxamine,,,,,CN(C)CC(Oc1ccccc1)Oc1ccccc1,0,0,0,0
meclofenoxate,,,,,CN(C)CCOC(=O)COc1ccc(Cl)cc1,0,0,0,0
oxamarin,,,,,CCN(CC)CCOc1cc2oc(=O)cc(C)c2cc1OCCN(CC)CC,0,0,0,0
biriperone,,,,,O=C(CCCN1CCN2Cc3[nH]c4ccccc4c3CC2C1)c1ccc(F)cc1,0,0,0,0
dimetotiazine,,,,,CC(CN1c2ccccc2Sc2ccc(S(=O)(=O)N(C)C)cc21)N(C)C,0,0,0,0
dithiazanine,,,,,CCN1C(=CC=CC=Cc2sc3ccccc3[n+]2CC)Sc2ccccc21,0,0,0,0
reserpiline,,,,,COC(=O)C1=COC(C)C2CN3CCc4c([nH]c5cc(OC)c(OC)cc45)C3CC12,0,0,0,0
cinalukast,,,,,CCC(CC)(CC(=O)Nc1cccc(C=Cc2nc(C3CCC3)cs2)c1)C(=O)O,0,0,0,0
tofenacin,,,,,CNCCOC(c1ccccc1)c1ccccc1C,0,0,0,0
dimemorfan,,,,,Cc1ccc2c(c1)C13CCCCC1C(C2)N(C)CC3,0,0,0,0
cloforex,,,,,CCOC(=O)NC(C)(C)Cc1ccc(Cl)cc1,0,0,0,0
clobutinol,,,,,CC(CN(C)C)C(C)(O)Cc1ccc(Cl)cc1,0,0,0,0
irsogladine,,,,,Nc1nc(N)nc(-c2cc(Cl)ccc2Cl)n1,0,0,0,0
phenyl acetylsalicylate,,,,,CC(=O)Oc1ccccc1C(=O)Oc1ccccc1,0,0,0,0
edoxudine,,,,,CCc1cn(C2CC(O)C(CO)O2)c(=O)[nH]c1=O,0,0,0,0
phenosulfazole,,,,,O=S(=O)(Nc1nccs1)c1ccc(O)cc1,0,0,0,0
etoxazene,,,,,CCOc1ccc(N=Nc2ccc(N)cc2N)cc1,0,0,0,0
phenbutamide,,,,,CCCCNC(=O)NS(=O)(=O)c1ccccc1,0,0,0,0
echothiophate,,,,,CCOP(=O)(OCC)SCC[N+](C)(C)C,0,0,0,0
chlormidazole,,,,,Cc1nc2ccccc2n1Cc1ccc(Cl)cc1,0,0,0,0
etryptamine,,,,,CCC(N)Cc1c[nH]c2ccccc12,0,0,0,0
amiphenazole,,,,,Nc1nc(N)c(-c2ccccc2)s1,0,0,0,0
nizofenone,,,,,CCN(CC)Cc1nccn1-c1ccc([N+](=O)[O-])cc1C(=O)c1ccccc1Cl,0,0,0,0
thiamphenicol glycinate,,,,,CS(=O)(=O)c1ccc(C(O)C(COC(=O)CN)NC(=O)C(Cl)Cl)cc1,0,0,0,0
dichlorisone,,,,,CC(=O)OCC(=O)C1(O)CCC2C3CC=C4CC(=O)C=CC4(C)C3(Cl)C(Cl)CC21C,0,0,0,0
talniflumate,,,,,O=C1OC(OC(=O)c2cccnc2Nc2cccc(C(F)(F)F)c2)c2ccccc21,0,0,0,0
buramate,,,,,O=C(NCc1ccccc1)OCCO,0,0,0,0
amisometradine,,,,,C=C(C)Cn1c(N)cc(=O)n(C)c1=O,0,0,0,0
aminometradine,,,,,C=CCn1c(N)cc(=O)n(CC)c1=O,0,0,0,0
pimeclone,,,,,O=C1CCCCC1CN1CCCCC1,0,0,0,0
bismuth camphocarbonate,,,,,CC12CCC(C(C(=O)O[Bi](O)O[Bi](OC(=O)C3C(=O)C4(C)CCC3C4(C)C)OC(=O)C3C(=O)C4(C)CCC3C4(C)C)C1=O)C2(C)C,0,0,0,0
pildralazine,,,,,CC(O)CN(C)c1ccc(NN)nn1,0,0,0,0
sabcomeline,,,,,CON=C(C#N)C1CN2CCC1CC2,0,0,0,0
etafedrine,,,,,CCN(C)C(C)C(O)c1ccccc1,0,0,0,0
halopropane,,,,,FC(F)C(F)(F)CBr,0,0,0,0
iomazenil (123I),,,,,CCOC(=O)c1ncn2c1CN(C)C(=O)c1c(I)cccc1-2,0,0,0,0
acetophenazine,,,,,CC(=O)c1ccc2c(c1)N(CCCN1CCN(CCO)CC1)c1ccccc1S2,0,0,0,0
butoconazole,,,,,Clc1ccc(CCC(Cn2ccnc2)Sc2c(Cl)cccc2Cl)cc1,0,0,0,0
ethyl biscoumacetate,,,,,CCOC(=O)C(c1c(O)c2ccccc2oc1=O)c1c(O)c2ccccc2oc1=O,0,0,0,0
quingestanol acetate,,,,,C#CC1(OC(C)=O)CCC2C3CC=C4C=C(OC5CCCC5)CCC4C3CCC21C,0,0,0,0
trifluperidol,,,,,O=C(CCCN1CCC(O)(c2cccc(C(F)(F)F)c2)CC1)c1ccc(F)cc1,0,0,0,0
benexate,,,,,N=C(N)NCC1CCC(C(=O)Oc2ccccc2C(=O)OCc2ccccc2)CC1,0,0,0,0
sitafloxacin,,,,,NC1CN(c2c(F)cc3c(=O)c(C(=O)O)cn(C4CC4F)c3c2Cl)CC12CC2,0,0,0,0
tolpropamine,,,,,Cc1ccc(C(CCN(C)C)c2ccccc2)cc1,0,0,0,0
dichlorophenarsine,,,,,Nc1cc([As](Cl)Cl)ccc1O,0,0,0,0
iodothiouracil,,,,,O=c1[nH]c(=S)[nH]cc1I,0,0,0,0
sulfadicramide,,,,,CC(C)=CC(=O)NS(=O)(=O)c1ccc(N)cc1,0,0,0,0
bucricaine,,,,,CCCCNc1c2c(nc3ccccc13)CCCC2,0,0,0,0
phenbenzamine,,,,,CN(C)CCN(Cc1ccccc1)c1ccccc1,0,0,0,0
butanilicaine,,,,,CCCCNCC(=O)Nc1c(C)cccc1Cl,0,0,0,0
cetoxime,,,,,NC(CN(Cc1ccccc1)c1ccccc1)=NO,0,0,0,0
metralindole,,,,,COc1ccc2c(c1)c1c3n2CCN(C)C3=NCC1,0,0,0,0
thiazosulfone,,,,,Nc1ccc(S(=O)(=O)c2cnc(N)s2)cc1,0,0,0,0
quinagolide,,,,,CCCN1CC(NS(=O)(=O)N(CC)CC)CC2Cc3c(O)cccc3CC21,0,0,0,0
ornoprostil,,,,,CCCCC(C)CC(O)C=CC1C(O)CC(=O)C1CC(=O)CCCCC(=O)OC,0,0,0,0
methestrol dipropionate,,,,,CCC(=O)Oc1ccc(C(CC)C(CC)c2ccc(OC(=O)CC)c(C)c2)cc1C,0,0,0,0
fenozolone,,,,,CCNc1nc(O)c(-c2ccccc2)o1,0,0,0,0
telmesteine,,,,,CCOC(=O)N1CSCC1C(=O)O,0,0,0,0
caroxazone,,,,,NC(=O)CN1Cc2ccccc2OC1=O,0,0,0,0
thurfyl nicotinate,,,,,O=C(OCC1CCCO1)c1cccnc1,0,0,0,0
guanoxan,,,,,N=C(N)NCC1COc2ccccc2O1,0,0,0,0
guabenxan,,,,,N=C(N)NCc1ccc2c(c1)OCCO2,0,0,0,0
butacetin,,,,,CC(=O)Nc1ccc(OC(C)(C)C)cc1,0,0,0,0
meobentine,,,,,CN=C(NC)NCc1ccc(OC)cc1,0,0,0,0
oxophenarsine,,,,,Nc1cc([As]=O)ccc1O,0,0,0,0
octamylamine,,,,,CC(C)CCCC(C)NCCC(C)C,0,0,0,0
clonitrate,,,,,O=[N+]([O-])OCC(CCl)O[N+](=O)[O-],0,0,0,0
indanazoline,,,,,c1cc2c(c(NC3=NCCN3)c1)CCC2,0,0,0,0
spizofurone,,,,,CC(=O)c1ccc2c(c1)C(=O)C1(CC1)O2,0,0,0,0
bidisomide,,,,,CC(=O)N(CCC(CCN1CCCCC1)(C(N)=O)c1ccccc1Cl)C(C)C,0,0,0,0
mecillinam,,,,,CC1(C)SC2C(N=CN3CCCCCC3)C(=O)N2C1C(=O)O,0,0,0,0
etafenone,,,,,CCN(CC)CCOc1ccccc1C(=O)CCc1ccccc1,0,0,0,0
clemizole,,,,,Clc1ccc(Cn2c(CN3CCCC3)nc3ccccc32)cc1,0,0,0,0
nipradilol,,,,,CC(C)NCC(O)COc1cccc2c1OCC(O[N+](=O)[O-])C2,0,0,0,0
dimethazan,,,,,CN(C)CCn1cnc2c1c(=O)n(C)c(=O)n2C,0,0,0,0
rimazolium,,,,,CCOC(=O)c1c[n+](C)c2n(c1=O)C(C)CCC2,0,0,0,0
xibenolol,,,,,Cc1cccc(OCC(O)CNC(C)(C)C)c1C,0,0,0,0
cyverine,,,,,CN(CCC1CCCCC1)CCC1CCCCC1,0,0,0,0
cycloguanil,,,,,CC1(C)N=C(N)N=C(N)N1c1ccc(Cl)cc1,0,0,0,0
cioteronel,,,,,CCC(CCCCC1CCC2CC(=O)CC12)OC,0,0,0,0
olprinone,,,,,Cc1[nH]c(=O)c(C#N)cc1-c1ccc2nccn2c1,0,0,0,0
heptabarb,,,,,CCC1(C2=CCCCCC2)C(=O)NC(=O)NC1=O,0,0,0,0
butazolamide,,,,,CCCC(=O)Nc1nnc(S(N)(=O)=O)s1,0,0,0,0
naepaine,,,,,CCCCCNCCOC(=O)c1ccc(N)cc1,0,0,0,0
amfetaminil,,,,,CC(Cc1ccccc1)NC(C#N)c1ccccc1,0,0,0,0
mazaticol,,,,,CN1C2CCC(C)(C)C1CC(OC(=O)C(O)(c1cccs1)c1cccs1)C2,0,0,0,0
minoxidil,,,,,Nc1cc(N2CCCCC2)nc(N)[n+]1[O-],0,0,0,0
fepradinol,,,,,CC(C)(CO)NCC(O)c1ccccc1,0,0,0,0
bamethan,,,,,CCCCNCC(O)c1ccc(O)cc1,0,0,0,0
talipexole,,,,,C=CCN1CCc2nc(N)sc2CC1,0,0,0,0
tolonidine,,,,,Cc1ccc(NC2=NCCN2)c(Cl)c1,0,0,0,0
mepitiostane,,,,,COC1(OC2CCC3C4CCC5CC6SC6CC5(C)C4CCC23C)CCCC1,0,0,0,0
taltirelin,,,,,CN1C(=O)CC(C(=O)NC(Cc2c[nH]cn2)C(=O)N2CCCC2C(N)=O)NC1=O,0,0,0,0
nifekalant,,,,,Cn1c(NCCN(CCO)CCCc2ccc([N+](=O)[O-])cc2)cc(=O)n(C)c1=O,0,0,0,0
astromicin,,,,,COC1C(O)C(N)C(OC2OC(C(C)N)CCC2N)C(O)C1N(C)C(=O)CN,0,0,0,0
tiapride,,,,,CCN(CC)CCNC(=O)c1cc(S(C)(=O)=O)ccc1OC,0,0,0,0
suplatast,,,,,CCOCC(O)COc1ccc(NC(=O)CC[S+](C)C)cc1,0,0,0,0
ditazole,,,,,OCCN(CCO)c1nc(-c2ccccc2)c(-c2ccccc2)o1,0,0,0,0
nitracrine,,,,,CN(C)CCCNc1c2ccccc2nc2cccc([N+](=O)[O-])c12,0,0,0,0
viquidil,,,,,C=CC1CNCCC1CCC(=O)c1ccnc2ccc(OC)cc12,0,0,0,0
diampromide,,,,,CCC(=O)N(CC(C)N(C)CCc1ccccc1)c1ccccc1,0,0,0,0
vorozole,,,,,Cn1nnc2ccc(C(c3ccc(Cl)cc3)n3cncn3)cc21,0,0,0,0
chlorthenoxazine,,,,,O=C1NC(CCCl)Oc2ccccc21,0,0,0,0
mefenorex,,,,,CC(Cc1ccccc1)NCCCCl,0,0,0,0
alibendol,,,,,C=CCc1cc(OC)c(O)c(C(=O)NCCO)c1,0,0,0,0
sulfaloxic acid,,,,,O=C(NCO)NS(=O)(=O)c1ccc(NC(=O)c2ccccc2C(=O)O)cc1,0,0,0,0
metaclazepam,,,,,COCC1CN=C(c2ccccc2Cl)c2cc(Br)ccc2N1C,0,0,0,0
besifloxacin,,,,,NC1CCCCN(c2c(F)cc3c(=O)c(C(=O)O)cn(C4CC4)c3c2Cl)C1,0,0,0,0
ambuside,,,,,C=CCNS(=O)(=O)c1cc(S(N)(=O)=O)c(Cl)cc1N=CCC(C)=O,0,0,0,0
diflucortolone,,,,,CC1CC2C3CC(F)C4=CC(=O)C=CC4(C)C3(F)C(O)CC2(C)C1C(=O)CO,0,0,0,0
fluacizine,,,,,CCN(CC)CCC(=O)N1c2ccccc2Sc2ccc(C(F)(F)F)cc21,0,0,0,0
vesnarinone,,,,,COc1ccc(C(=O)N2CCN(c3ccc4c(c3)CCC(=O)N4)CC2)cc1OC,0,0,0,0
ciclonicate,,,,,CC1CC(OC(=O)c2cccnc2)CC(C)(C)C1,0,0,0,0
ketobemidone,,,,,CCC(=O)C1(c2cccc(O)c2)CCN(C)CC1,0,0,0,0
butidrine,,,,,CCC(C)NCC(O)c1ccc2c(c1)CCCC2,0,0,0,0
acetylpheneturide,,,,,CCC(C(=O)NC(=O)NC(C)=O)c1ccccc1,0,0,0,0
troxacitabine,,,,,Nc1ccn(C2COC(CO)O2)c(=O)n1,0,0,0,0
kainic acid,,,,,C=C(C)C1CNC(C(=O)O)C1CC(=O)O,0,0,0,0
lidamidine,,,,,CN=C(N)NC(=O)Nc1c(C)cccc1C,0,0,0,0
butibufen,,,,,CCC(C(=O)O)c1ccc(CC(C)C)cc1,0,0,0,0
phenamacide,,,,,CC(C)CCOC(=O)C(N)c1ccccc1,0,0,0,0
guanadrel,,,,,N=C(N)NCC1COC2(CCCCC2)O1,0,0,0,0
velnacrine,,,,,Nc1c2c(nc3ccccc13)CCCC2O,0,0,0,0
naftazone,,,,,NC(=O)N=Nc1ccc2ccccc2c1O,0,0,0,0
5-aminolevulinic acid hexyl ester,,,,,CCCCCCOC(=O)CCC(=O)CN,0,0,0,0
butoctamide,,,,,CCCCC(CC)CNC(=O)CC(C)O,0,0,0,0
tiamenidine,,,,,Cc1csc(Cl)c1NC1=NCCN1,0,0,0,0
bisorcic,,,,,CC(=O)NCCCC(NC(C)=O)C(=O)O,0,0,0,0
tinazoline,,,,,c1ccc2c(SC3=NCCN3)c[nH]c2c1,0,0,0,0
prolintane,,,,,CCCC(Cc1ccccc1)N1CCCC1,0,0,0,0
penamecillin,,,,,CC(=O)OCOC(=O)C1N2C(=O)C(NC(=O)Cc3ccccc3)C2SC1(C)C,0,0,0,0
alacepril,,,,,CC(=O)SCC(C)C(=O)N1CCCC1C(=O)NC(Cc1ccccc1)C(=O)O,0,0,0,0
melevodopa,,,,,COC(=O)C(N)Cc1ccc(O)c(O)c1,0,0,0,0
dioxethedrin,,,,,CCNC(C)C(O)c1ccc(O)c(O)c1,0,0,0,0
aclatonium,,,,,CC(=O)OC(C)C(=O)OCC[N+](C)(C)C,0,0,0,0
fenoxazoline,,,,,CC(C)c1ccccc1OCC1=NCCN1,0,0,0,0
piridocaine,,,,,Nc1ccccc1C(=O)OCCC1CCCCN1,0,0,0,0
bunitrolol,,,,,CC(C)(C)NCC(O)COc1ccccc1C#N,0,0,0,0
trimecaine,,,,,CCN(CC)CC(=O)Nc1c(C)cc(C)cc1C,0,0,0,0
mabuprofen,,,,,CC(C)Cc1ccc(C(C)C(=O)NCCO)cc1,0,0,0,0
efloxate,,,,,CCOC(=O)COc1ccc2c(=O)cc(-c3ccccc3)oc2c1,0,0,0,0
dolasetron,,,,,O=C(OC1CC2CC3CC(C1)N2CC3=O)c1c[nH]c2ccccc12,0,0,0,0
amphotalide,,,,,Nc1ccc(OCCCCCN2C(=O)c3ccccc3C2=O)cc1,0,0,0,0
dexetimide,,,,,O=C1CCC(c2ccccc2)(C2CCN(Cc3ccccc3)CC2)C(=O)N1,0,0,0,0
viminol,,,,,CCC(C)N(CC(O)c1cccn1Cc1ccccc1Cl)C(C)CC,0,0,0,0
lapyrium chloride,,,,,CCCCCCCCCCCC(=O)OCCNC(=O)C[n+]1ccccc1,0,0,0,0
etofibrate,,,,,CC(C)(Oc1ccc(Cl)cc1)C(=O)OCCOC(=O)c1cccnc1,0,0,0,0
phenazocine,,,,,CC1C2Cc3ccc(O)cc3C1(C)CCN2CCc1ccccc1,0,0,0,0
uredepa,,,,,CCOC(=O)NP(=O)(N1CC1)N1CC1,0,0,0,0
alminoprofen,,,,,C=C(C)CNc1ccc(C(C)C(=O)O)cc1,0,0,0,0
rimiterol,,,,,Oc1ccc(C(O)C2CCCCN2)cc1O,0,0,0,0
toliprolol,,,,,Cc1cccc(OCC(O)CNC(C)C)c1,0,0,0,0
tigloidine,,,,,CC=C(C)C(=O)OC1CC2CCC(C1)N2C,0,0,0,0
vinbarbital,,,,,CCC=C(C)C1(CC)C(=O)NC(=O)NC1=O,0,0,0,0
ibuproxam,,,,,CC(C)Cc1ccc(C(C)C(O)=NO)cc1,0,0,0,0
exalamide,,,,,CCCCCCOc1ccccc1C(N)=O,0,0,0,0
methiodal,,,,,O=S(=O)(O)CI,0,0,0,0
morinamide,,,,,O=C(NCN1CCOCC1)c1cnccn1,0,0,0,0
nicametate,,,,,CCN(CC)CCOC(=O)c1cccnc1,0,0,0,0
ethinylestradiol sulfonate,,,,,C#CC1(O)CCC2C3CCc4cc(OS(=O)(=O)C(C)C)ccc4C3CCC21C,0,0,0,0
sulforidazine,,,,,CN1CCCCC1CCN1c2ccccc2Sc2ccc(S(C)(=O)=O)cc21,0,0,0,0
lorajmine,,,,,CCC1C2CC3C4N(C)c5ccccc5C45CC(C2C5OC(=O)CCl)N3C1O,0,0,0,0
clocinizine,,,,,Clc1ccc(C(c2ccccc2)N2CCN(CC=Cc3ccccc3)CC2)cc1,0,0,0,0
aminoxytriphene,,,,,COc1ccc(C(CN(C)C)=C(c2ccc(OC)cc2)c2ccc(OC)cc2)cc1,0,0,0,0
salicylsulfuric acid,,,,,O=C(O)c1ccccc1OS(=O)(=O)O,0,0,0,0
levocarnitine propionate,,,,,CCC(=O)OC(CC(=O)O)C[N+](C)(C)C,0,0,0,0
oxysonium,,,,,C[S+](C)CCOC(=O)C(O)(c1ccccc1)C1CCCCC1,0,0,0,0
furonazide,,,,,CC(=NNC(=O)c1ccncc1)c1ccco1,0,0,0,0
furfenorex,,,,,CC(Cc1ccccc1)N(C)Cc1ccco1,0,0,0,0
pronetalol,,,,,CC(C)NCC(O)c1ccc2ccccc2c1,0,0,0,0
enallylpropymal,,,,,C=CCC1(C(C)C)C(=O)NC(=O)N(C)C1=O,0,0,0,0
nifenalol,,,,,CC(C)NCC(O)c1ccc([N+](=O)[O-])cc1,0,0,0,0
vinylbital,,,,,C=CC1(C(C)CCC)C(=O)NC(=O)NC1=O,0,0,0,0
febuprol,,,,,CCCCOCC(O)COc1ccccc1,0,0,0,0
ancitabine,,,,,N=c1ccn2c(n1)OC1C(O)C(CO)OC12,0,0,0,0
mephenesin carbamate,,,,,Cc1ccccc1OCC(O)COC(N)=O,0,0,0,0
prenalterol,,,,,CC(C)NCC(O)COc1ccc(O)cc1,0,0,0,0
lefetamine,,,,,CN(C)C(Cc1ccccc1)c1ccccc1,0,0,0,0
crotetamide,,,,,CC=CC(=O)N(CC)C(CC)C(=O)N(C)C,0,0,0,0
bentiromide,,,,,O=C(O)c1ccc(NC(=O)C(Cc2ccc(O)cc2)NC(=O)c2ccccc2)cc1,0,0,0,0
nicocodine,,,,,COc1ccc2c3c1OC1C(OC(=O)c4cccnc4)C=CC4C(C2)N(C)CCC341,0,0,0,0
aldesulfone,,,,,O=S(O)CNc1ccc(S(=O)(=O)c2ccc(NCS(=O)O)cc2)cc1,0,0,0,0
bufetolol,,,,,CC(C)(C)NCC(O)COc1ccccc1OCC1CCCO1,0,0,0,0
cicloprolol,,,,,CC(C)NCC(O)COc1ccc(OCCOCC2CC2)cc1,0,0,0,0
cinnamaverine,,,,,CCN(CC)CCOC(=O)C(=Cc1ccccc1)c1ccccc1,0,0,0,0
tolciclate,,,,,Cc1cccc(N(C)C(=S)Oc2ccc3c(c2)C2CCC3C2)c1,0,0,0,0
dihexyverine,,,,,O=C(OCCN1CCCCC1)C1(C2CCCCC2)CCCCC1,0,0,0,0
minodronic acid,,,,,O=P(O)(O)C(O)(Cc1cnc2ccccn12)P(=O)(O)O,0,0,0,0
ciramadol,,,,,CN(C)C(c1cccc(O)c1)C1CCCCC1O,0,0,0,0
benzoctamine,,,,,CNCC12CCC(c3ccccc31)c1ccccc12,0,0,0,0
metesculetol,,,,,Cc1cc(=O)oc2cc(O)c(OCC(=O)O)cc12,0,0,0,0
menadoxime,,,,,CC1=CC(=NOCC(=O)O)c2ccccc2C1=O,0,0,0,0
oxolamine,,,,,CCN(CC)CCc1nc(-c2ccccc2)no1,0,0,0,0
inaperisone,,,,,CCc1ccc(C(=O)C(C)CN2CCCC2)cc1,0,0,0,0
dezocine,,,,,CC12CCCCCC(Cc3ccc(O)cc31)C2N,0,0,0,0
azanidazole,,,,,Cn1c([N+](=O)[O-])cnc1C=Cc1ccnc(N)n1,0,0,0,0
loxoprofen,,,,,CC(C(=O)O)c1ccc(CC2CCCC2=O)cc1,0,0,0,0
parsalmide,,,,,C#CCOc1ccc(N)cc1C(=O)NCCCC,0,0,0,0
todralazine,,,,,CCOC(=O)NNc1nncc2ccccc12,0,0,0,0
pyrrocaine,,,,,Cc1cccc(C)c1NC(=O)CN1CCCC1,0,0,0,0
tymazoline,,,,,Cc1ccc(C(C)C)c(OCC2=NCCN2)c1,0,0,0,0
acitazanolast,,,,,O=C(O)C(=O)Nc1cccc(-c2nn[nH]n2)c1,0,0,0,0
hopantenic acid,,,,,CC(C)(CO)C(O)C(=O)NCCCC(=O)O,0,0,0,0
levofacetoperane,,,,,CC(=O)OC(c1ccccc1)C1CCCCN1,0,0,0,0
dimetofrine,,,,,CNCC(O)c1cc(OC)c(O)c(OC)c1,0,0,0,0
cyprodenate,,,,,CN(C)CCOC(=O)CCC1CCCCC1,0,0,0,0
ozagrel,,,,,O=C(O)C=Cc1ccc(Cn2ccnc2)cc1,0,0,0,0
indalpine,,,,,c1ccc2c(CCC3CCNCC3)c[nH]c2c1,0,0,0,0
fenpentadiol,,,,,CC(C)(O)CC(C)(O)c1ccc(Cl)cc1,0,0,0,0
moxestrol,,,,,C#CC1(O)CCC2C3CCc4cc(O)ccc4C3C(OC)CC21C,0,0,0,0
tiazesim,,,,,CN(C)CCN1C(=O)CC(c2ccccc2)Sc2ccccc21,0,0,0,0
mepixanox,,,,,COc1ccc2c(=O)c3ccccc3oc2c1CN1CCCCC1,0,0,0,0
dimefline,,,,,COc1ccc2c(=O)c(C)c(-c3ccccc3)oc2c1CN(C)C,0,0,0,0
guaiapate,,,,,COc1ccccc1OCCOCCOCCN1CCCCC1,0,0,0,0
methaniazide,,,,,O=C(NNCS(=O)(=O)O)c1ccncc1,0,0,0,0
indeloxazine,,,,,C1=Cc2cccc(OCC3CNCCO3)c2C1,0,0,0,0
sulfathiourea,,,,,NC(=S)NS(=O)(=O)c1ccc(N)cc1,0,0,0,0
eptazocine,,,,,CN1CCC2(C)CC(Cc3ccc(O)cc32)C1,0,0,0,0
guanoxabenz,,,,,NC(=NO)NN=Cc1c(Cl)cccc1Cl,0,0,0,0
flutropium,,,,,C[N+]1(CCF)C2CCC1CC(OC(=O)C(O)(c1ccccc1)c1ccccc1)C2,0,0,0,0
beraprost,,,,,CC#CCC(C)C(O)C=CC1C(O)CC2Oc3c(CCCC(=O)O)cccc3C21,0,0,0,0
dimorpholamine,,,,,CCCCN(CCN(CCCC)C(=O)N1CCOCC1)C(=O)N1CCOCC1,0,0,0,0
pentagestrone,,,,,CC(=O)C1(O)CCC2C3CC=C4C=C(OC5CCCC5)CCC4(C)C3CCC21C,0,0,0,0
isonixin,,,,,Cc1cccc(C)c1NC(=O)c1ccc[nH]c1=O,0,0,0,0
methylsulfonal,,,,,CCC(C)(S(=O)(=O)CC)S(=O)(=O)CC,0,0,0,0
taribavirin,,,,,N=C(N)c1ncn(C2OC(CO)C(O)C2O)n1,0,0,0,0
domiodol,,,,,OCC1COC(CI)O1,0,0,0,0
pidotimod,,,,,O=C1CCC(C(=O)N2CSCC2C(=O)O)N1,0,0,0,0
isoaminile,,,,,CC(CC(C#N)(c1ccccc1)C(C)C)N(C)C,0,0,0,0
nifurprazine,,,,,Nc1ccc(C=Cc2ccc([N+](=O)[O-])o2)nn1,0,0,0,0
picilorex,,,,,CC1NC(C2CC2)CC1c1ccc(Cl)cc1,0,0,0,0
methazolamide,,,,,CC(=O)N=c1sc(S(N)(=O)=O)nn1C,0,0,0,0
butethamine,,,,,CC(C)CNCCOC(=O)c1ccc(N)cc1,0,0,0,0
carbocloral,,,,,CCOC(=O)NC(O)C(Cl)(Cl)Cl,0,0,0,0
etifelmine,,,,,CCC(CN)=C(c1ccccc1)c1ccccc1,0,0,0,0
dipyrocetyl,,,,,CC(=O)Oc1cccc(C(=O)O)c1OC(C)=O,0,0,0,0
meptazinol,,,,,CCC1(c2cccc(O)c2)CCCCN(C)C1,0,0,0,0
metisazone,,,,,Cn1c(O)c(N=NC(N)=S)c2ccccc21,0,0,0,0
octacaine,,,,,CCN(CC)C(C)CC(=O)Nc1ccccc1,0,0,0,0
taurosteine,,,,,O=C(NCCS(=O)(=O)O)c1cccs1,0,0,0,0
meprylcaine,,,,,CCCNC(C)(C)COC(=O)c1ccccc1,0,0,0,0
pipazetate,,,,,O=C(OCCOCCN1CCCCC1)N1c2ccccc2Sc2cccnc21,0,0,0,0
enprostil,,,,,COC(=O)CCC=C=CCC1C(=O)CC(O)C1C=CC(O)COc1ccccc1,0,0,0,0
tiocarlide,,,,,CC(C)CCOc1ccc(NC(=S)Nc2ccc(OCCC(C)C)cc2)cc1,0,0,0,0
gefarnate,,,,,CC(C)=CCCC(C)=CCCC(C)=CCCC(=O)OCC=C(C)CCC=C(C)C,0,0,0,0
oxyphenisatine acetate,,,,,CC(=O)Oc1ccc(C2(c3ccc(OC(C)=O)cc3)C(=O)Nc3ccccc32)cc1,0,0,0,0
tetrabarbital,,,,,CCCC(CC)C1(CC)C(=O)NC(=O)NC1=O,0,0,0,0
budralazine,,,,,CC(C)=CC(C)=NNc1nncc2ccccc12,0,0,0,0
buthalital,,,,,C=CCC1(CC(C)C)C(=O)NC(=S)NC1=O,0,0,0,0
bemetizide,,,,,CC(c1ccccc1)C1Nc2cc(Cl)c(S(N)(=O)=O)cc2S(=O)(=O)N1,0,0,0,0
cinitapride,,,,,CCOc1cc(N)c([N+](=O)[O-])cc1C(=O)NC1CCN(CC2CC=CCC2)CC1,0,0,0,0
cropropamide,,,,,CC=CC(=O)N(CCC)C(CC)C(=O)N(C)C,0,0,0,0
pentolonium,,,,,C[N+]1(CCCCC[N+]2(C)CCCC2)CCCC1,0,0,0,0
nidroxyzone,,,,,NC(=O)N(CCO)N=Cc1ccc([N+](=O)[O-])o1,0,0,0,0
drotaverine,,,,,CCOc1ccc(CC2=NCCc3cc(OCC)c(OCC)cc32)cc1OCC,0,0,0,0
timiperone,,,,,O=C(CCCN1CCC(n2c(=S)[nH]c3ccccc32)CC1)c1ccc(F)cc1,0,0,0,0
sulconazole,,,,,Clc1ccc(CSC(Cn2ccnc2)c2ccc(Cl)cc2Cl)cc1,0,0,0,0
camostat,,,,,CN(C)C(=O)COC(=O)Cc1ccc(OC(=O)c2ccc(N=C(N)N)cc2)cc1,0,0,0,0
bisantrene,,,,,C(=NNC1=NCCN1)c1c2ccccc2c(C=NNC2=NCCN2)c2ccccc12,0,0,0,0
amylocaine,,,,,CCC(C)(CN(C)C)OC(=O)c1ccccc1,0,0,0,0
azapetine,,,,,C=CCN1Cc2ccccc2-c2ccccc2C1,0,0,0,0
corticorelin,,,,,CCC(C)C(NC(=O)C(NC(=O)C(CCC(=O)O)NC(=O)C(CCSC)NC(=O)C(CC(C)C)NC(=O)C(CCCCN)NC(=O)C(CCCN=C(N)N)NC(=O)C(CC(N)=O)NC(=O)C(CO)NC(=O)C(Cc1c[nH]cn1)NC(=O)C(C)NC(=O)C(CCC(N)=O)NC(=O)C(CCC(N)=O)NC(=O)C(C)NC(=O)C(CC(C)C)NC(=O)C(CCC(N)=O)NC(=O)C(CCC(=O)O)NC(=O)C(C)NC(=O)C(CCCNC(=N)N)NC(=O)C(C)NC(=O)C(CCSC)NC(=O)C(CCC(=O)O)NC(=O)C(CC(C)C)NC(=O)C(NC(=O)C(CCC(=O)O)NC(=O)C(CCCNC(=N)N)NC(=O)C(CC(C)C)NC(=O)C(CC(C)C)NC(=O)C(Cc1c[nH]cn1)NC(=O)C(Cc1ccccc1)NC(=O)C(NC(=O)C(CC(C)C)NC(=O)C(CC(=O)O)NC(=O)C(CC(C)C)NC(=O)C(CO)NC(=O)C(NC(=O)C1CCCN1C(=O)C1CCCN1C(=O)C(CCC(=O)O)NC(=O)C(CCC(=O)O)NC(=O)C(N)CO)C(C)CC)C(C)O)C(C)C)C(C)CC)C(N)=O,0,0,0,0
ponesimod,,,,,CCCN=C1SC(=Cc2ccc(OCC(O)CO)c(Cl)c2)C(=O)N1c1ccccc1C,0,0,0,0
vonoprazan,,,,,CNCc1cc(-c2ccccc2F)n(S(=O)(=O)c2cccnc2)c1,0,0,0,0
samidorphan,,,,,NC(=O)c1ccc2c(c1O)C13CCN(CC4CC4)C(C2)C1(O)CCC(=O)C3,0,0,0,0
ozenoxacin,,,,,CNc1ncc(-c2ccc3c(=O)c(C(=O)O)cn(C4CC4)c3c2C)cc1C,0,0,0,0
lobeglitazone,,,,,COc1ccc(Oc2cc(N(C)CCOc3ccc(Cc4sc(=O)[nH]c4O)cc3)ncn2)cc1,0,0,0,0
nemonoxacin,,,,,COc1c(N2CC(C)CC(N)C2)ccc2c(=O)c(C(=O)O)cn(C3CC3)c12,0,0,0,0
arterolane,,,,,CC(C)(N)NC(=O)CC1CCC2(CC1)OOC1(O2)C2CC3CC(C2)CC1C3,0,0,0,0
hydracarbazine,,,,,NNc1ccc(C(N)=O)nn1,0,0,0,0
Carteolol,,2583.0,,,CC(C)(C)NCC(O)COc1cccc2c1CCC(=O)N2,0,0,0,0
,,53025.0,,,COC1(NC(O)=c2sc(=C(C(N)=O)C(=O)O)s2)C(=O)N2C(C(=O)O)=C(CSc3nnnn3C)CSC21,0,0,0,0
tevenel,,,,,NS(=O)(=O)c1ccc(C(O)C(CO)NC(=O)C(Cl)Cl)cc1,0,0,0,0
fenalcomine,,,,,CCC(O)c1ccc(OCCNC(C)Cc2ccccc2)cc1,0,0,0,0
pimefylline,,,,,Cn1c(=O)c2c(ncn2CCNCc2cccnc2)n(C)c1=O,0,0,0,0
sulfaphenazole,,,,,Nc1ccc(S(=O)(=O)Nc2ccnn2-c2ccccc2)cc1,0,0,0,0
tofogliflozin,,,,,CCc1ccc(Cc2ccc3c(c2)C2(OC3)OC(CO)C(O)C(O)C2O)cc1,0,0,0,0
plafibride,,,,,CC(C)(Oc1ccc(Cl)cc1)C(=O)NC(=O)NCN1CCOCC1,0,0,0,0
melphalan flufenamide,,,,,CCOC(=O)C(Cc1ccc(F)cc1)NC(=O)C(N)Cc1ccc(N(CCCl)CCCl)cc1,0,0,0,0
tirbanibulin,,,,,O=C(Cc1ccc(-c2ccc(OCCN3CCOCC3)cc2)cn1)NCc1ccccc1,0,0,0,0
Carbapenems,,134085.0,,,O=C(O)C1=CCC2CC(=O)N12,0,0,0,0
Alginate,,91666324.0,,,O=C(O)C1OC(O)C(O)C(O)C1O,0,0,0,0
Ajmaline,,6100671.0,,,CCC1C2CC3C4N(C)c5ccccc5C45CC(C2C5O)N3C1O,0,0,0,0
serdexmethylphenidate,,,,,COC(=O)C(c1ccccc1)C1CCCCN1C(=O)OC[n+]1cccc(C(=O)NC(CO)C(=O)O)c1,0,0,0,0
Acrylfentanyl,,10314851.0,,,C=CC(=O)N(c1ccccc1)C1CCN(CCc2ccccc2)CC1,0,0,0,0
mirodenafil,,,,,CCCOc1ccc(S(=O)(=O)N2CCN(CCO)CC2)cc1C1=NC(=O)C2C(N1)C(CCC)=CN2CC,0,0,0,0
teneligliptin,,,,,Cc1cc(N2CCN(C3CNC(C(=O)N4CCSC4)C3)CC2)n(-c2ccccc2)n1,0,0,0,0
fosdenopterin,,,,,Nc1nc(=O)c2c([nH]1)NC1OC3COP(=O)(O)OC3C(O)(O)C1N2,0,0,0,0
pleconaril,,,,,Cc1cc(CCCOc2c(C)cc(-c3noc(C(F)(F)F)n3)cc2C)on1,0,0,0,0
