SMILES,InChI,InChIKey,ID,INN,CAS_RN
CC12CCC3c4ccc(O)cc4CCC3C1CC(F)C2O,"InChI=1S/C18H23FO2/c1-18-7-6-13-12-5-3-11(20)8-10(12)2-4-14(13)15(18)9-16(19)17(18)21/h3,5,8,13-17,20-21H,2,4,6-7,9H2,1H3/t13-,14-,15+,16-,17+,18+/m1/s1/i19-1",KDLLNMRYZGUVMA-ZYMZXAKXSA-N,5395,fluoroestradiol F 18,94153-53-4
Fc1ccc(-c2ccc3c(c2)[nH]c2ccncc23)cn1,"InChI=1S/C16H10FN3/c17-16-4-2-11(8-19-16)10-1-3-12-13-9-18-6-5-14(13)20-15(12)7-10/h1-9,20H/i17-1",GETAAWDSFUCLBS-SJPDSGJFSA-N,5396,flortaucipir F 18,1522051-90-6
COc1ccc2cc1Oc1ccc(cc1)CC1c3c(cc4c(c3Oc3cc5c(cc3OC)CCN(C)C5C2)OCO4)CCN1C,"InChI=1S/C37H38N2O6/c1-38-13-11-24-18-31(41-4)33-20-27(24)28(38)16-23-7-10-30(40-3)32(17-23)44-26-8-5-22(6-9-26)15-29-35-25(12-14-39(29)2)19-34-36(37(35)45-33)43-21-42-34/h5-10,17-20,28-29H,11-16,21H2,1-4H3/t28-,29+/m1/s1",YVPXVXANRNDGTA-WDYNHAJCSA-N,5375,cepharanthine,481-49-2
CC(C)C(=O)OCC1OC(n2ccc(=NO)[nH]c2=O)C(O)C1O,"InChI=1S/C13H19N3O7/c1-6(2)12(19)22-5-7-9(17)10(18)11(23-7)16-4-3-8(15-21)14-13(16)20/h3-4,6-7,9-11,17-18,21H,5H2,1-2H3,(H,14,15,20)/t7-,9-,10-,11-/m1/s1",HTNPEHXGEKVIHG-QCNRFFRDSA-N,5377,EIDD-1931,
CNCc1ccc(-c2cc3cc(F)cc(C(N)=O)c3o2)cc1,"InChI=1S/C17H15FN2O2/c1-20-9-10-2-4-11(5-3-10)15-7-12-6-13(18)8-14(17(19)21)16(12)22-15/h2-8,20H,9H2,1H3,(H2,19,21)",ROBJKLPZIPNAMV-UHFFFAOYSA-N,5378,mefuparib,
Cc1ccccc1-c1cc(N2CC[N+](C)(COP(=O)(O)O)CC2)ncc1N(C)C(=O)C(C)(C)c1cc(C(F)(F)F)cc(C(F)(F)F)c1,"InChI=1S/C31H35F6N4O5P/c1-20-8-6-7-9-24(20)25-17-27(40-10-12-41(5,13-11-40)19-46-47(43,44)45)38-18-26(25)39(4)28(42)29(2,3)21-14-22(30(32,33)34)16-23(15-21)31(35,36)37/h6-9,14-18H,10-13,19H2,1-5H3,(H-,43,44,45)/p+1",HZIYEEMJNBKMJH-UHFFFAOYSA-O,5283,fosnetupitant,1703748-89-3
O=C(CCCC=CCC1C(O)CC(O)C1CCC(O)CCc1ccccc1)OCCCCO[N+](=O)[O-],"InChI=1S/C27H41NO8/c29-22(15-14-21-10-4-3-5-11-21)16-17-24-23(25(30)20-26(24)31)12-6-1-2-7-13-27(32)35-18-8-9-19-36-28(33)34/h1,3-6,10-11,22-26,29-31H,2,7-9,12-20H2/b6-1-/t22-,23+,24+,25-,26+/m0/s1",LOVMMUBRQUFEAH-UIEAZXIASA-N,5261,latanoprostene bunod,860005-21-6
O=C(O)CC1CCC(NC(=O)Cc2cccs2)B(O)O1,"InChI=1S/C12H16BNO5S/c15-11(7-9-2-1-5-20-9)14-10-4-3-8(6-12(16)17)19-13(10)18/h1-2,5,8,10,18H,3-4,6-7H2,(H,14,15)(H,16,17)/t8-,10-/m0/s1",IOOWNWLVCOUUEX-WPRPVWTQSA-N,5253,vaborbactam,1360457-46-0
Cc1ncc([N+](=O)[O-])n1CC(C)CCl,"InChI=1S/C8H12ClN3O2/c1-6(3-9)5-11-7(2)10-4-8(11)12(13)14/h4,6H,3,5H2,1-2H3/t6-/m1/s1",YDSAJOSZKLMHFJ-ZCFIWIBFSA-N,5254,levornidazole,166734-83-4
Cc1ncc([N+](=O)[O-])n1CC(O)CN1CCOCC1,"InChI=1S/C11H18N4O4/c1-9-12-6-11(15(17)18)14(9)8-10(16)7-13-2-4-19-5-3-13/h6,10,16H,2-5,7-8H2,1H3",GAZGHCHCYRSPIV-UHFFFAOYSA-N,5255,morinidazole,92478-27-8
O=c1[nH]cnc2c(C3NC(CO)C(O)C3O)c[nH]c12,"InChI=1S/C11H14N4O4/c16-2-5-9(17)10(18)7(15-5)4-1-12-8-6(4)13-3-14-11(8)19/h1,3,5,7,9-10,12,15-18H,2H2,(H,13,14,19)/t5-,7+,9-,10+/m1/s1",IWKXDMQDITUYRK-KUBHLMPHSA-N,5229,forodesine,209799-67-7
CCN(c1cc(-c2ccc(CN3CCOCC3)cc2)cc(C(=O)NCc2c(C)cc(C)[nH]c2=O)c1C)C1CCOCC1,"InChI=1S/C34H44N4O4/c1-5-38(29-10-14-41-15-11-29)32-20-28(27-8-6-26(7-9-27)22-37-12-16-42-17-13-37)19-30(25(32)4)33(39)35-21-31-23(2)18-24(3)36-34(31)40/h6-9,18-20,29H,5,10-17,21-22H2,1-4H3,(H,35,39)(H,36,40)",NSQSAUGJQHDYNO-UHFFFAOYSA-N,5380,tazemetostat,1403254-99-8
NC1c2cccnc2C(OC(=O)N2CCC(n3c(=O)[nH]c4ncccc43)CC2)CCC1c1cccc(F)c1F,"InChI=1S/C28H28F2N6O3/c29-20-6-1-4-17(23(20)30)18-8-9-22(25-19(24(18)31)5-2-12-32-25)39-28(38)35-14-10-16(11-15-35)36-21-7-3-13-33-26(21)34-27(36)37/h1-7,12-13,16,18,22,24H,8-11,14-15,31H2,(H,33,34,37)/t18-,22+,24-/m0/s1",KRNAOFGYEFKHPB-ANJVHQHFSA-N,5381,rimegepant,1289023-67-1
CNC1C(O)C(OC2C(NC(=O)C(O)CCN)CC(N)C(OC3OC(CNCCO)=CCC3N)C2O)OCC1(C)O,"InChI=1S/C25H48N6O10/c1-25(37)11-38-24(18(35)21(25)29-2)41-20-15(31-22(36)16(33)5-6-26)9-14(28)19(17(20)34)40-23-13(27)4-3-12(39-23)10-30-7-8-32/h3,13-21,23-24,29-30,32-35,37H,4-11,26-28H2,1-2H3,(H,31,36)/t13-,14+,15-,16+,17+,18-,19-,20+,21-,23-,24-,25+/m1/s1",IYDYFVUFSPQPPV-PEXOCOHZSA-N,5287,plazomicin,1154757-24-0
CC(C)(N)C(=O)NC(Cc1cc2ccccc2[nH]1)C(=O)NC(Cc1c[nH]c2ccccc12)NC=O,"InChI=1S/C26H30N6O3/c1-26(2,27)25(35)31-22(13-18-11-16-7-3-5-9-20(16)30-18)24(34)32-23(29-15-33)12-17-14-28-21-10-6-4-8-19(17)21/h3-11,14-15,22-23,28,30H,12-13,27H2,1-2H3,(H,29,33)(H,31,35)(H,32,34)/t22-,23-/m1/s1",VPBQKRKRYYPMOF-DHIUTWEWSA-N,5271,macimorelin,381231-18-1
C=CC(=O)Nc1cccc(Oc2nc(Nc3ccc(N4CCN(C)CC4)cc3)nc3ccsc23)c1,"InChI=1S/C26H26N6O2S/c1-3-23(33)27-19-5-4-6-21(17-19)34-25-24-22(11-16-35-24)29-26(30-25)28-18-7-9-20(10-8-18)32-14-12-31(2)13-15-32/h3-11,16-17H,1,12-15H2,2H3,(H,27,33)(H,28,29,30)",FDMQDKQUTRLUBU-UHFFFAOYSA-N,5210,olmutinib,1353550-13-6
Cc1cn(-c2cc(NC(=O)c3ccc(C)c(Nc4nccc(-c5cnccn5)n4)c3)cc(C(F)(F)F)c2)cn1,"InChI=1S/C27H21F3N8O/c1-16-3-4-18(9-23(16)37-26-33-6-5-22(36-26)24-13-31-7-8-32-24)25(39)35-20-10-19(27(28,29)30)11-21(12-20)38-14-17(2)34-15-38/h3-15H,1-2H3,(H,35,39)(H,33,36,37)",DUPWHXBITIZIKZ-UHFFFAOYSA-N,5188,radotinib,926037-48-1
CCC(Oc1cccc(CN(CCCOc2ccc(OC)cc2)c2nc3ccccc3o2)c1)C(=O)O,"InChI=1S/C28H30N2O6/c1-3-25(27(31)32)35-23-9-6-8-20(18-23)19-30(28-29-24-10-4-5-11-26(24)36-28)16-7-17-34-22-14-12-21(33-2)13-15-22/h4-6,8-15,18,25H,3,7,16-17,19H2,1-2H3,(H,31,32)/t25-/m1/s1",ZHKNLJLMDFQVHJ-RUZDIDTESA-N,5248,pemafibrate,848259-27-8
CON=C1CN(c2nc3c(cc2F)c(=O)c(C(=O)O)cn3C2CC2)CC12CNC2,"InChI=1S/C19H20FN5O4/c1-29-23-14-6-24(9-19(14)7-21-8-19)17-13(20)4-11-15(26)12(18(27)28)5-25(10-2-3-10)16(11)22-17/h4-5,10,21H,2-3,6-9H2,1H3,(H,27,28)/b23-14-",ZNPOCLHDJCAZAH-UCQKPKSFSA-N,5249,zabofloxacin,219680-11-2
CCCN1CC(c2ccc(S(C)(=O)=O)cc2)=C(c2ccc(C)cc2)C1=O,"InChI=1S/C21H23NO3S/c1-4-13-22-14-19(16-9-11-18(12-10-16)26(3,24)25)20(21(22)23)17-7-5-15(2)6-8-17/h5-12H,4,13-14H2,1-3H3",AXMZZGKKZDJGAZ-UHFFFAOYSA-N,5250,imrecoxib,395683-14-4
CC12CCC(=O)C=C1CCC1C2C(O)CC2(C)C1CCC2(O)C(=O)COP(=O)(O)O,"InChI=1S/C21H31O8P/c1-19-7-5-13(22)9-12(19)3-4-14-15-6-8-21(25,17(24)11-29-30(26,27)28)20(15,2)10-16(23)18(14)19/h9,14-16,18,23,25H,3-8,10-11H2,1-2H3,(H2,26,27,28)/t14-,15-,16-,18+,19-,20-,21-/m0/s1",BGSOJVFOEQLVMH-VWUMJDOOSA-N,5193,hydrocortisone phosphate,3863-59-0
CNCC(O)C(O)C(O)C(O)CO,"InChI=1S/C7H17NO5/c1-8-2-4(10)6(12)7(13)5(11)3-9/h4-13H,2-3H2,1H3/t4-,5+,6+,7+/m0/s1",MBBZMMPHUWSWHV-BDVNFPICSA-N,5194,meglumine,6284-40-8
CC(=O)OCC1=C(C(=O)O)N2C(=O)C(NC(=O)CSC(=NC(C)C)NC(C)C)C2SC1,"InChI=1S/C19H28N4O6S2/c1-9(2)20-19(21-10(3)4)31-8-13(25)22-14-16(26)23-15(18(27)28)12(6-29-11(5)24)7-30-17(14)23/h9-10,14,17H,6-8H2,1-5H3,(H,20,21)(H,22,25)(H,27,28)/t14-,17-/m1/s1",JYXACOFERDBGGQ-RHSMWYFYSA-N,5168,cefathiamidine,33075-00-2
C=C1C(=CC=C2CCCC3(C)C2CCC3C(C)CCCC(C)(C)O)CC(O)C(OCCCO)C1O,"InChI=1S/C30H50O5/c1-20(9-6-15-29(3,4)34)24-13-14-25-22(10-7-16-30(24,25)5)11-12-23-19-26(32)28(27(33)21(23)2)35-18-8-17-31/h11-12,20,24-28,31-34H,2,6-10,13-19H2,1,3-5H3/b22-11+,23-12-/t20-,24-,25+,26-,27-,28-,30-/m1/s1",FZEXGDDBXLBRTD-AYIMTCTASA-N,5169,eldecalcitol,104121-92-8
COC(=O)NC(C)CNc1nccc(-c2cn(C(C)C)nc2-c2cc(Cl)cc(NS(C)(=O)=O)c2F)n1,"InChI=1S/C22H27ClFN7O4S/c1-12(2)31-11-16(17-6-7-25-21(28-17)26-10-13(3)27-22(32)35-4)20(29-31)15-8-14(23)9-18(19(15)24)30-36(5,33)34/h6-9,11-13,30H,10H2,1-5H3,(H,27,32)(H,25,26,28)/t13-/m0/s1",CMJCXYNUCSMDBY-ZDUSSCGKSA-N,5289,encorafenib,1269440-17-6
O=C(Nn1c(O)c2c(c1O)C1C=CC2C2CC12)c1ccc(C(F)(F)F)cc1,"InChI=1S/C19H15F3N2O3/c20-19(21,22)9-3-1-8(2-4-9)16(25)23-24-17(26)14-10-5-6-11(13-7-12(10)13)15(14)18(24)27/h1-6,10-15H,7H2,(H,23,25)/t10-,11+,12+,13-,14-,15+",CSKDFZIMJXRJGH-VWLPUNTISA-N,5291,tecovirimat,869572-92-9
O=C(NCc1c(F)cc(F)cc1F)c1cn2c(c(O)c1=O)C(=O)N1C3CCC(C3)OC1C2,"InChI=1S/C21H18F3N3O5/c22-9-3-14(23)12(15(24)4-9)6-25-20(30)13-7-26-8-16-27(10-1-2-11(5-10)32-16)21(31)17(26)19(29)18(13)28/h3-4,7,10-11,16,29H,1-2,5-6,8H2,(H,25,30)/t10-,11+,16+/m0/s1",SOLUWJRYJLAZCX-LYOVBCGYSA-N,5274,bictegravir,1611493-60-7
CC(C)(CO)c1cc2cc(NC(=O)C3(c4ccc5c(c4)OC(F)(F)O5)CC3)c(F)cc2n1CC(O)CO,"InChI=1S/C26H27F3N2O6/c1-24(2,13-33)22-8-14-7-18(17(27)10-19(14)31(22)11-16(34)12-32)30-23(35)25(5-6-25)15-3-4-20-21(9-15)37-26(28,29)36-20/h3-4,7-10,16,32-34H,5-6,11-13H2,1-2H3,(H,30,35)/t16-/m1/s1",MJUVRTYWUMPBTR-MRXNPFEDSA-N,5276,tezacaftor,1152311-62-0
Cc1cc(CCN2CCN(c3cccc(Cl)c3)CC2)[nH]n1,"InChI=1S/C16H21ClN4/c1-13-11-15(19-18-13)5-6-20-7-9-21(10-8-20)16-4-2-3-14(17)12-16/h2-4,11-12H,5-10H2,1H3,(H,18,19)",DOTIMEKVTCOGED-UHFFFAOYSA-N,5097,mepiprazole,20326-12-9
FC(F)(F)c1cccc(N2CCN(CCc3nnc4n3CC3CCCC43)CC2)c1,"InChI=1S/C21H26F3N5/c22-21(23,24)16-4-2-5-17(13-16)28-11-9-27(10-12-28)8-7-19-25-26-20-18-6-1-3-15(18)14-29(19)20/h2,4-5,13,15,18H,1,3,6-12,14H2",BNRMWKUVWLKDQJ-UHFFFAOYSA-N,5098,lorpiprazole,108785-69-9
N#Cc1ccc(C2CCc3cncn32)c(F)c1,"InChI=1S/C13H10FN3/c14-12-5-9(6-15)1-3-11(12)13-4-2-10-7-16-8-17(10)13/h1,3,5,7-8,13H,2,4H2/t13-/m1/s1",USUZGMWDZDXMDG-CYBMUJFWSA-N,5384,osilodrostat,928134-65-0
CCCCC1(CCCC)CN(c2ccccc2)c2cc(SC)c(OCC(=O)NC(C(=O)NCC(=O)O)c3ccccc3)cc2S(=O)(=O)C1,"InChI=1S/C36H45N3O7S2/c1-4-6-18-36(19-7-5-2)24-39(27-16-12-9-13-17-27)28-20-30(47-3)29(21-31(28)48(44,45)25-36)46-23-32(40)38-34(26-14-10-8-11-15-26)35(43)37-22-33(41)42/h8-17,20-21,34H,4-7,18-19,22-25H2,1-3H3,(H,37,43)(H,38,40)(H,41,42)/t34-/m1/s1",XFLQIRAKKLNXRQ-UUWRZZSWSA-N,5277,elobixibat,439087-18-0
NC1(C(=O)O)CC(F)C1,"InChI=1S/C5H8FNO2/c6-3-1-5(7,2-3)4(8)9/h3H,1-2,7H2,(H,8,9)/t3-,5-/i6-1",NTEDWGYJNHZKQW-DGMDOPGDSA-N,5153,fluciclovine (18F),222727-39-1
COCC1CC(c2nc(-c3ccc4c(c3)COc3cc5c(ccc6[nH]c(C7CCC(C)N7C(=O)C(NC(=O)OC)C(C)C)nc65)cc3-4)c[nH]2)N(C(=O)C(NC(=O)OC)c2ccccc2)C1,"InChI=1S/C49H54N8O8/c1-26(2)41(54-48(60)63-5)47(59)57-27(3)12-17-38(57)45-51-36-16-14-30-20-35-33-15-13-31(19-32(33)25-65-40(35)21-34(30)43(36)53-45)37-22-50-44(52-37)39-18-28(24-62-4)23-56(39)46(58)42(55-49(61)64-6)29-10-8-7-9-11-29/h7-11,13-16,19-22,26-28,38-39,41-42H,12,17-18,23-25H2,1-6H3,(H,50,52)(H,51,53)(H,54,60)(H,55,61)/t27-,28-,38-,39-,41-,42+/m0/s1",FHCUMDQMBHQXKK-CDIODLITSA-N,5154,velpatasvir,1377049-84-7
CC1OC(OCC2OC(Oc3c(-c4ccc(O)c(O)c4)oc4cc(OCCO)cc(O)c4c3=O)C(O)C(O)C2O)C(O)C(O)C1O,"InChI=1S/C29H34O17/c1-10-19(34)22(37)24(39)28(43-10)42-9-17-20(35)23(38)25(40)29(45-17)46-27-21(36)18-15(33)7-12(41-5-4-30)8-16(18)44-26(27)11-2-3-13(31)14(32)6-11/h2-3,6-8,10,17,19-20,22-25,28-35,37-40H,4-5,9H2,1H3/t10-,17+,19-,20+,22+,23-,24+,25+,28+,29-/m0/s1",MBHXKZDTQCSVPM-BDAFLREQSA-N,1835,monoxerutin,23869-24-1
NC(CCC(=O)NC(CSSCC(NC(=O)CCC(N)C(=O)O)C(=O)NCC(=O)O)C(=O)NCC(=O)O)C(=O)O,"InChI=1S/C20H32N6O12S2/c21-9(19(35)36)1-3-13(27)25-11(17(33)23-5-15(29)30)7-39-40-8-12(18(34)24-6-16(31)32)26-14(28)4-2-10(22)20(37)38/h9-12H,1-8,21-22H2,(H,23,33)(H,24,34)(H,25,27)(H,26,28)(H,29,30)(H,31,32)(H,35,36)(H,37,38)/t9-,10-,11-,12-/m0/s1",YPZRWBKMTBYPTK-BJDJZHNGSA-N,5130,oxiglutatione,27025-41-8
CN(C)C1C(=O)C(C(N)=O)C(=O)C2(O)C(=O)C3C(=O)c4c(O)c(NC(=O)CN5CCCC5)cc(F)c4CC3CC12,"InChI=1S/C27H31FN4O8/c1-31(2)20-13-8-11-7-12-14(28)9-15(30-16(33)10-32-5-3-4-6-32)21(34)18(12)22(35)17(11)24(37)27(13,40)25(38)19(23(20)36)26(29)39/h9,11,13,20,34,36-37,40H,3-8,10H2,1-2H3,(H2,29,39)(H,30,33)/t11-,13-,20-,27-/m0/s1",HLFSMUUOKPBTSM-ISIOAQNYSA-N,5294,eravacycline dihydrochloride,1334714-66-7
CN(C)c1cc(CNCC(C)(C)C)c(O)c2c1CC1CC3C(N(C)C)C(=O)C(C(N)=O)C(=O)C3(O)C(=O)C1C2=O,"InChI=1S/C29H40N4O7/c1-28(2,3)12-31-11-14-10-17(32(4)5)15-8-13-9-16-21(33(6)7)24(36)20(27(30)39)26(38)29(16,40)25(37)18(13)23(35)19(15)22(14)34/h10,13,16,21,31,34,36-37,40H,8-9,11-12H2,1-7H3,(H2,30,39)/t13-,16-,21-,29-/m0/s1",JEECQCWWSTZDCK-IQZGDKDPSA-N,5299,omadacycline,389139-89-3
Cn1ncnc1C1c2n[nH]c(=O)c3cc(F)cc(c23)NC1c1ccc(F)cc1,"InChI=1S/C19H14F2N6O/c1-27-18(22-8-23-27)15-16(9-2-4-10(20)5-3-9)24-13-7-11(21)6-12-14(13)17(15)25-26-19(12)28/h2-8,15-16,24H,1H3,(H,26,28)/t15-,16-/m1/s1",HWGQMRYQVZSGDQ-HZPDHXFCSA-N,5300,talazoparib tosylate,1207456-01-6
COC(=O)NC(C(=O)N1CCCC1c1nc(-c2ccc3c(c2)OC(c2ccccc2)n2c-3cc3cc(-c4c[nH]c(C5CCCN5C(=O)C(NC(=O)OC)C(C)C)n4)ccc32)c[nH]1)C(C)C,"InChI=1S/C49H55N9O7/c1-27(2)41(54-48(61)63-5)45(59)56-20-10-14-37(56)43-50-25-34(52-43)30-17-19-36-32(22-30)23-39-33-18-16-31(24-40(33)65-47(58(36)39)29-12-8-7-9-13-29)35-26-51-44(53-35)38-15-11-21-57(38)46(60)42(28(3)4)55-49(62)64-6/h7-9,12-13,16-19,22-28,37-38,41-42,47H,10-11,14-15,20-21H2,1-6H3,(H,50,52)(H,51,53)(H,54,61)(H,55,62)/t37-,38-,41-,42-,47-/m0/s1",BVAZQCUMNICBAQ-PZHYSIFUSA-N,5080,elbasvir,1370468-36-2
CCN1C(=O)N(c2c(F)c(OC)cc(OC)c2F)Cc2cnc3[nH]c(CN4CCOCC4)cc3c21,"InChI=1S/C24H27F2N5O4/c1-4-30-21-14(11-27-23-16(21)9-15(28-23)13-29-5-7-35-8-6-29)12-31(24(30)32)22-19(25)17(33-2)10-18(34-3)20(22)26/h9-11H,4-8,12-13H2,1-3H3,(H,27,28)",HCDMJFOHIXMBOV-UHFFFAOYSA-N,5390,pemigatinib,1513857-77-6
CC(C)C(C)C1(C)CCC2(C)C3CCC4C5(COCC4(C)C(OCC(C)(N)C(C)(C)C)C(n4ncnc4-c4ccncc4)C5)C3=CCC2(C)C1C(=O)O,"InChI=1S/C44H67N5O4/c1-27(2)28(3)39(7)18-19-41(9)30-12-13-33-40(8)23-52-25-44(33,31(30)14-17-42(41,10)34(39)37(50)51)22-32(35(40)53-24-43(11,45)38(4,5)6)49-36(47-26-48-49)29-15-20-46-21-16-29/h14-16,20-21,26-28,30,32-35H,12-13,17-19,22-25,45H2,1-11H3,(H,50,51)/t28-,30+,32-,33+,34-,35+,39-,40-,41-,42+,43+,44+/m1/s1",BODYFEUFKHPRCK-ZCZMVWJSSA-N,5462,ibrexafungerp,1207753-03-4
CCNC1CC(N)C(OC2OC(CN)CCC2N)C(O)C1OC1OCC(C)(O)C(NC)C1O,"InChI=1S/C21H43N5O7/c1-4-26-13-7-12(24)16(32-19-11(23)6-5-10(8-22)31-19)14(27)17(13)33-20-15(28)18(25-3)21(2,29)9-30-20/h10-20,25-29H,4-9,22-24H2,1-3H3/t10-,11+,12-,13+,14-,15+,16+,17-,18+,19?,20+,21-/m0/s1",NZGMVSJQULXLHF-NORJTPJDSA-N,5171,etimicin,59711-96-5
C=CC1CC1(NC(=O)C1CC2CN1C(=O)C(C(C)(C)C)NC(=O)OC1CC1CCCCCc1nc3ccc(OC)cc3nc1O2)C(=O)NS(=O)(=O)C1CC1,"InChI=1S/C38H50N6O9S/c1-6-22-19-38(22,35(47)43-54(49,50)25-13-14-25)42-32(45)29-18-24-20-44(29)34(46)31(37(2,3)4)41-36(48)53-30-16-21(30)10-8-7-9-11-27-33(52-24)40-28-17-23(51-5)12-15-26(28)39-27/h6,12,15,17,21-22,24-25,29-31H,1,7-11,13-14,16,18-20H2,2-5H3,(H,41,48)(H,42,45)(H,43,47)/t21-,22-,24-,29+,30-,31-,38-/m1/s1",OBMNJSNZOWALQB-NCQNOWPTSA-N,5081,grazoprevir,1350514-68-9
CC(C)(C)C(=O)C(Oc1ccc(Cl)cc1)n1ccnc1,"InChI=1S/C15H17ClN2O2/c1-15(2,3)13(19)14(18-9-8-17-10-18)20-12-6-4-11(16)5-7-12/h4-10,14H,1-3H3",OWEGWHBOCFMBLP-UHFFFAOYSA-N,5064,climbazole,38083-17-9
CC12C=CC3=C(CC=C4CC(=O)CCC43)C1CCC2OC(=O)OCC1CCCCC1,"InChI=1S/C26H34O4/c1-26-14-13-21-20-10-8-19(27)15-18(20)7-9-22(21)23(26)11-12-24(26)30-25(28)29-16-17-5-3-2-4-6-17/h13-15,17,22-24H,2-12,16H2,1H3/t22-,23+,24+,26+/m1/s1",GQJSFWYQKNQCIK-APFRJGHOSA-N,5065,trenbolone hexahydrobenzylcarbonate,23454-33-3
CCC(C)C(C(=O)OC1CC[N+](C)(C)CC1)c1ccccc1,"InChI=1S/C19H30NO2/c1-5-15(2)18(16-9-7-6-8-10-16)19(21)22-17-11-13-20(3,4)14-12-17/h6-10,15,17-18H,5,11-14H2,1-4H3/q+1",WSWDKMFWJOALEW-UHFFFAOYSA-N,5073,pentapiperium metilsulfate,7681-80-3
CC(=O)OCC(=O)C1CCC2C3CCC4CC(O)CCC4(C)C3C(=O)CC12C,"InChI=1S/C23H34O5/c1-13(24)28-12-20(27)18-7-6-17-16-5-4-14-10-15(25)8-9-22(14,2)21(16)19(26)11-23(17,18)3/h14-18,21,25H,4-12H2,1-3H3/t14-,15+,16-,17-,18+,21+,22-,23-/m0/s1",QRJOQYLXZPQQMX-FWROMSNXSA-N,5045,alfadolone acetate,23930-37-2
CCOC(Cc1ccc(OCCn2c(C)ccc2-c2ccc(SC)cc2)cc1)C(=O)O,"InChI=1S/C25H29NO4S/c1-4-29-24(25(27)28)17-19-6-10-21(11-7-19)30-16-15-26-18(2)5-14-23(26)20-8-12-22(31-3)13-9-20/h5-14,24H,4,15-17H2,1-3H3,(H,27,28)/t24-/m0/s1",MRWFZSLZNUJVQW-DEOSSOPVSA-N,5047,saroglitazar,495399-09-2
Clc1ccc(CCCOCCCN2CCCCC2)cc1,"InChI=1S/C17H26ClNO/c18-17-9-7-16(8-10-17)6-4-14-20-15-5-13-19-11-2-1-3-12-19/h7-10H,1-6,11-15H2",NNACHAUCXXVJSP-UHFFFAOYSA-N,5048,pitolisant,362665-56-3
O=C1OC(CO)C(O)C(O)C1O,"InChI=1S/C6H10O6/c7-1-2-3(8)4(9)5(10)6(11)12-2/h2-5,7-10H,1H2/t2-,3-,4+,5-/m1/s1",PHOQVHQSTUBQQK-SQOUGZDYSA-N,5144,gluconolactone,90-80-2
CCC(C)C(NC(=O)C(Cc1ccc(O)cc1)NC(=O)C(NC(=O)C(CCCN=C(N)N)NC(=O)C(N)CC(=O)O)C(C)C)C(=O)NC(Cc1c[nH]cn1)C(=O)N1CCCC1C(=O)NC(Cc1ccccc1)C(=O)O,"InChI=1S/C50H71N13O12/c1-5-28(4)41(47(72)59-36(23-31-25-54-26-56-31)48(73)63-20-10-14-38(63)45(70)60-37(49(74)75)22-29-11-7-6-8-12-29)62-44(69)35(21-30-15-17-32(64)18-16-30)58-46(71)40(27(2)3)61-43(68)34(13-9-19-55-50(52)53)57-42(67)33(51)24-39(65)66/h6-8,11-12,15-18,25-28,33-38,40-41,64H,5,9-10,13-14,19-24,51H2,1-4H3,(H,54,56)(H,57,67)(H,58,71)(H,59,72)(H,60,70)(H,61,68)(H,62,69)(H,65,66)(H,74,75)(H4,52,53,55)/t28-,33-,34-,35-,36-,37-,38-,40-,41-/m0/s1",CZGUSIXMZVURDU-JZXHSEFVSA-N,5272,angiotensin II,4474-91-3
Cc1oc(=O)oc1COC(=O)C1=C(C2CCCO2)SC2C(C(C)O)C(=O)N12,"InChI=1S/C17H19NO8S/c1-7(19)11-14(20)18-12(13(27-15(11)18)9-4-3-5-23-9)16(21)24-6-10-8(2)25-17(22)26-10/h7,9,11,15,19H,3-6H2,1-2H3/t7-,9-,11+,15-/m1/s1",JQBKWZPHJOEQAO-DVPVEWDBSA-N,5145,faropenem medoxil,141702-36-5
CC(NC1CCN(c2ccc(CC(=O)O)cc2)C1)c1cccc2ccccc12,"InChI=1S/C24H26N2O2/c1-17(22-8-4-6-19-5-2-3-7-23(19)22)25-20-13-14-26(16-20)21-11-9-18(10-12-21)15-24(27)28/h2-12,17,20,25H,13-16H2,1H3,(H,27,28)/t17-,20+/m1/s1",RZNUIYPHQFXBAN-XLIONFOSSA-N,5307,evocalcet,870964-67-3
COc1c(OCCCN2CCOCC2)ccc2c3n(c(=NC(=O)c4cnc(N)nc4)nc12)CCN3,"InChI=1S/C23H28N8O4/c1-33-19-17(35-10-2-6-30-8-11-34-12-9-30)4-3-16-18(19)28-23(31-7-5-25-20(16)31)29-21(32)15-13-26-22(24)27-14-15/h3-4,13-14H,2,5-12H2,1H3,(H2,24,26,27)(H,28,29,32)",PZBCKZWLPGJMAO-UHFFFAOYSA-N,5256,copanlisib,1032568-63-0
CC(=O)OC1OC(n2ccc(=O)[nH]c2=O)C(OC(C)=O)C1OC(C)=O,"InChI=1S/C14H16N2O9/c1-6(17)22-10-11(23-7(2)18)13(24-8(3)19)25-12(10)16-5-4-9(20)15-14(16)21/h4-5,10-13H,1-3H3,(H,15,20,21)/t10-,11+,12-,13+/m1/s1",BKCXTZWLBPOGRU-XQHKEYJVSA-N,5029,uridine triacetate,4105-38-8
CCCCCCCCN=C(N)N=C(N)NCc1ccc(Cl)c(Cl)c1,"InChI=1S/C17H27Cl2N5/c1-2-3-4-5-6-7-10-22-16(20)24-17(21)23-12-13-8-9-14(18)15(19)11-13/h8-9,11H,2-7,10,12H2,1H3,(H5,20,21,22,23,24)",ZZQMUJGZCZTLQD-UHFFFAOYSA-N,5020,olanexidine,146510-36-3
Cc1cc(OP(=O)(O)O)c2ccccc2c1OP(=O)(O)O,"InChI=1S/C11H12O8P2/c1-7-6-10(18-20(12,13)14)8-4-2-3-5-9(8)11(7)19-21(15,16)17/h2-6H,1H3,(H2,12,13,14)(H2,15,16,17)",JTNHOVZOOVVGHI-UHFFFAOYSA-N,5032,menadiol sodium diphosphate,6700-42-1
CC(C)OC(=O)CNc1cccc(CN(Cc2ccc(-n3cccn3)cc2)S(=O)(=O)c2cccnc2)n1,"InChI=1S/C26H28N6O4S/c1-20(2)36-26(33)17-28-25-8-3-6-22(30-25)19-31(37(34,35)24-7-4-13-27-16-24)18-21-9-11-23(12-10-21)32-15-5-14-29-32/h3-16,20H,17-19H2,1-2H3,(H,28,30)",VIQCWEGEHRBLAC-UHFFFAOYSA-N,5312,omidenepag isopropyl,1187451-19-9
Cn1c(=O)cc(N2CCCC(N)C2)n(Cc2cc(F)ccc2C#N)c1=O,"InChI=1S/C18H20FN5O2/c1-22-17(25)8-16(23-6-2-3-15(21)11-23)24(18(22)26)10-13-7-14(19)5-4-12(13)9-20/h4-5,7-8,15H,2-3,6,10-11,21H2,1H3/t15-/m1/s1",IWYJYHUNXVAVAA-OAHLLOKOSA-N,5013,trelagliptin,865759-25-7
CNCC(=O)OCc1cccnc1N(C)C(=O)OC(C)[n+]1cnn(CC(O)(c2cc(F)ccc2F)C(C)c2nc(-c3ccc(C#N)cc3)cs2)c1,"InChI=1S/C35H35F2N8O5S/c1-22(33-42-30(18-51-33)25-9-7-24(15-38)8-10-25)35(48,28-14-27(36)11-12-29(28)37)19-45-21-44(20-41-45)23(2)50-34(47)43(4)32-26(6-5-13-40-32)17-49-31(46)16-39-3/h5-14,18,20-23,39,48H,16-17,19H2,1-4H3/q+1/t22-,23?,35+/m0/s1",RSWOJTICKMKTER-QXLBVTBOSA-N,4947,isavuconazonium,742049-41-8
CC(=O)OCC(=O)C1(O)CCC2C3CC=C4CC(=O)C=CC4(C)C3(F)C(O)CC21C,"InChI=1S/C23H29FO6/c1-13(25)30-12-19(28)22(29)9-7-16-17-5-4-14-10-15(26)6-8-20(14,2)23(17,24)18(27)11-21(16,22)3/h6,8,10,16-18,27,29H,4-5,7,9,11-12H2,1-3H3/t16-,17-,18-,20-,21-,22-,23-/m0/s1",ZOCUOMKMBMEYQV-GSLJADNHSA-N,4962,isoflupredone acetate,338-98-7
CCN(CC)CCOC(=O)C(c1ccccc1)C1CCCCC1,"InChI=1S/C20H31NO2/c1-3-21(4-2)15-16-23-20(22)19(17-11-7-5-8-12-17)18-13-9-6-10-14-18/h5,7-8,11-12,18-19H,3-4,6,9-10,13-16H2,1-2H3",AGJBLWCLQCKRJP-UHFFFAOYSA-N,4963,drofenine,1679-76-1
CC(C)OC(=O)C(C)NP(=O)(COC(C)Cn1cnc2c(N)ncnc21)Oc1ccccc1,"InChI=1S/C21H29N6O5P/c1-14(2)31-21(28)16(4)26-33(29,32-17-8-6-5-7-9-17)13-30-15(3)10-27-12-25-18-19(22)23-11-24-20(18)27/h5-9,11-12,14-16H,10,13H2,1-4H3,(H,26,29)(H2,22,23,24)/t15-,16+,33+/m1/s1",LDEKQSIMHVQZJK-CAQYMETFSA-N,4944,tenofovir alafenamide,379270-37-8
NC(=O)C1CCC2CN1C(=O)N2OS(=O)(=O)O,"InChI=1S/C7H11N3O6S/c8-6(11)5-2-1-4-3-9(5)7(12)10(4)16-17(13,14)15/h4-5H,1-3H2,(H2,8,11)(H,13,14,15)/t4-,5+/m1/s1",NDCUAPJVLWFHHB-UHNVWZDZSA-N,4946,avibactam,1192500-31-4
CC1CCC(C(C)C)C(OC(=O)C[N+](C)(C)CCCCCCCCCC[N+](C)(C)CC(=O)OC2CC(C)CCC2C(C)C)C1,"InChI=1S/C38H74N2O4/c1-29(2)33-21-19-31(5)25-35(33)43-37(41)27-39(7,8)23-17-15-13-11-12-14-16-18-24-40(9,10)28-38(42)44-36-26-32(6)20-22-34(36)30(3)4/h29-36H,11-28H2,1-10H3/q+2",ZADGGFKUEYIBJC-UHFFFAOYSA-N,4919,decamethoxine,38146-42-8
N#Cc1c(N2CC3NCCOC3C2)c(F)cc2c(=O)c(C(=O)O)cn(C3CC3)c12,"InChI=1S/C20H19FN4O4/c21-14-5-11-17(25(10-1-2-10)7-13(19(11)26)20(27)28)12(6-22)18(14)24-8-15-16(9-24)29-4-3-23-15/h5,7,10,15-16,23H,1-4,8-9H2,(H,27,28)/t15-,16-/m0/s1",FYMHQCNFKNMJAV-HOTGVXAUSA-N,4920,finafloxacin,209342-40-5
CC(NCc1ccc(OCc2cccc(F)c2)cc1)C(N)=O,"InChI=1S/C17H19FN2O2/c1-12(17(19)21)20-10-13-5-7-16(8-6-13)22-11-14-3-2-4-15(18)9-14/h2-9,12,20H,10-11H2,1H3,(H2,19,21)/t12-/m0/s1",NEMGRZFTLSKBAP-LBPRGKRZSA-N,4921,safinamide,133865-89-1
Cn1c(N)c(NC(=O)NCCN)c[n+]1CC1=C(C(=O)O)N2C(=O)C(=NC(=O)C(NOC(C)(C)C(=O)O)c3nsc(N)n3)C2SC1,"InChI=1S/C23H30N12O8S2/c1-23(2,20(40)41)43-31-11(15-30-21(26)45-32-15)16(36)29-12-17(37)35-13(19(38)39)9(8-44-18(12)35)6-34-7-10(14(25)33(34)3)28-22(42)27-5-4-24/h7,12,18,25H,4-6,8,24H2,1-3H3,(H7,26,27,28,29,30,32,36,38,39,40,41,42)/p+1/b31-11-/t12-,18-/m1/s1",JHFNIHVVXRKLEF-DCZLAGFPSA-O,4922,ceftolozane,689293-68-3
COc1cc(O)c(C(=O)Nc2nc(C(=O)NCCN(C(C)C)C(C)C)cs2)cc1OC,"InChI=1S/C21H30N4O5S/c1-12(2)25(13(3)4)8-7-22-20(28)15-11-31-21(23-15)24-19(27)14-9-17(29-5)18(30-6)10-16(14)26/h9-13,26H,7-8H2,1-6H3,(H,22,28)(H,23,24,27)",TWHZNAUBXFZMCA-UHFFFAOYSA-N,4908,acotiamide,185106-16-5
NCCCCC(NC(=O)C1CCCN1C(=O)C1CSSCC(N)C(=O)NC(Cc2ccccc2)C(=O)NC(Cc2ccccc2)C(=O)NC(CCC(N)=O)C(=O)NC(CC(N)=O)C(=O)N1)C(=O)NCC(N)=O,"InChI=1S/C46H65N13O11S2/c47-18-8-7-14-29(40(64)52-23-38(51)62)54-45(69)35-15-9-19-59(35)46(70)34-25-72-71-24-28(48)39(63)55-31(20-26-10-3-1-4-11-26)43(67)56-32(21-27-12-5-2-6-13-27)42(66)53-30(16-17-36(49)60)41(65)57-33(22-37(50)61)44(68)58-34/h1-6,10-13,28-35H,7-9,14-25,47-48H2,(H2,49,60)(H2,50,61)(H2,51,62)(H,52,64)(H,53,66)(H,54,69)(H,55,63)(H,56,67)(H,57,65)(H,58,68)/t28-,29-,30-,31-,32-,33-,34-,35-/m0/s1",SFKQVVDKFKYTNA-DZCXQCEKSA-N,4910,felypressin,56-59-7
Cc1ccccc1-c1cc(N2CCN(C)CC2)ncc1N(C)C(=O)C(C)(C)c1cc(C(F)(F)F)cc(C(F)(F)F)c1,"InChI=1S/C30H32F6N4O/c1-19-8-6-7-9-23(19)24-17-26(40-12-10-38(4)11-13-40)37-18-25(24)39(5)27(41)28(2,3)20-14-21(29(31,32)33)16-22(15-20)30(34,35)36/h6-9,14-18H,10-13H2,1-5H3",WAXQNWCZJDTGBU-UHFFFAOYSA-N,4898,netupitant,290297-26-6
CCCCC(NC(C)=O)C(=O)NC1CC(=O)NCCCCC(C(=O)O)NC(=O)C(Cc2c[nH]c3ccccc23)NC(=O)C(CCCN=C(N)N)NC(=O)C(Cc2ccccc2)NC(=O)C(Cc2c[nH]cn2)NC1=O,"InChI=1S/C50H68N14O10/c1-3-4-16-35(58-29(2)65)43(67)64-41-25-42(66)54-20-11-10-18-37(49(73)74)60-46(70)39(23-31-26-56-34-17-9-8-15-33(31)34)62-44(68)36(19-12-21-55-50(51)52)59-45(69)38(22-30-13-6-5-7-14-30)61-47(71)40(63-48(41)72)24-32-27-53-28-57-32/h5-9,13-15,17,26-28,35-41,56H,3-4,10-12,16,18-25H2,1-2H3,(H,53,57)(H,54,66)(H,58,65)(H,59,69)(H,60,70)(H,61,71)(H,62,68)(H,63,72)(H,64,67)(H,73,74)(H4,51,52,55)/t35-,36-,37-,38+,39-,40-,41-/m0/s1",FFHBJDQSGDNCIV-MFVUMRCOSA-N,5329,bremelanotide,189691-06-3
CCOc1ccc(Cc2cc(C3OC(SC)C(O)C(O)C3O)ccc2Cl)cc1,"InChI=1S/C21H25ClO5S/c1-3-26-15-7-4-12(5-8-15)10-14-11-13(6-9-16(14)22)20-18(24)17(23)19(25)21(27-20)28-2/h4-9,11,17-21,23-25H,3,10H2,1-2H3/t17-,18-,19+,20+,21-/m1/s1",QKDRXGFQVGOQKS-CRSSMBPESA-N,5339,sotagliflozin,1018899-04-1
O=c1ccn(C2OC(COP(=O)(O)OP(=O)(O)OP(=O)(O)OP(=O)(O)OCC3OC(n4ccc(=O)[nH]c4=O)C(O)C3O)C(O)C2O)c(=O)[nH]1,"InChI=1S/C18H26N4O23P4/c23-9-1-3-21(17(29)19-9)15-13(27)11(25)7(41-15)5-39-46(31,32)43-48(35,36)45-49(37,38)44-47(33,34)40-6-8-12(26)14(28)16(42-8)22-4-2-10(24)20-18(22)30/h1-4,7-8,11-16,25-28H,5-6H2,(H,31,32)(H,33,34)(H,35,36)(H,37,38)(H,19,23,29)(H,20,24,30)/t7-,8-,11-,12-,13-,14-,15-,16-/m1/s1",NMLMACJWHPHKGR-NCOIDOBVSA-N,4900,diquafosol,59985-21-6
CC(C)(C)c1cc(NC(=O)Nc2ccc(-c3cn4c(n3)sc3cc(OCCN5CCOCC5)ccc34)cc2)no1,"InChI=1S/C29H32N6O4S/c1-29(2,3)25-17-26(33-39-25)32-27(36)30-20-6-4-19(5-7-20)22-18-35-23-9-8-21(16-24(23)40-28(35)31-22)38-15-12-34-10-13-37-14-11-34/h4-9,16-18H,10-15H2,1-3H3,(H2,30,32,33,36)",CVWXJKQAOSCOAB-UHFFFAOYSA-N,5341,quizartinib,950769-58-1
O=C(NC1CCNCC1)C1CCC2CN1C(=O)N2OS(=O)(=O)O,"InChI=1S/C12H20N4O6S/c17-11(14-8-3-5-13-6-4-8)10-2-1-9-7-15(10)12(18)16(9)22-23(19,20)21/h8-10,13H,1-7H2,(H,14,17)(H,19,20,21)/t9-,10+/m1/s1",SMOBCLHAZXOKDQ-ZJUUUORDSA-N,5342,relebactam,1174018-99-5
Cc1nccn1CCC(C(N)=O)(c1ccccc1)c1ccccc1,"InChI=1S/C20H21N3O/c1-16-22-13-15-23(16)14-12-20(19(21)24,17-8-4-2-5-9-17)18-10-6-3-7-11-18/h2-11,13,15H,12,14H2,1H3,(H2,21,24)",SQKXYSGRELMAAU-UHFFFAOYSA-N,4902,imidafenacin,170105-16-5
CCCCCCCCCCCCCCCCOc1nc2ccc(C)cc2c(=O)o1,"InChI=1S/C25H39NO3/c1-3-4-5-6-7-8-9-10-11-12-13-14-15-16-19-28-25-26-23-18-17-21(2)20-22(23)24(27)29-25/h17-18,20H,3-16,19H2,1-2H3",MVCQKIKWYUURMU-UHFFFAOYSA-N,4886,cetilistat,282526-98-1
O=[N+]([O-])c1cn2c(n1)OCC(OCc1ccc(OC(F)(F)F)cc1)C2,"InChI=1S/C14H12F3N3O5/c15-14(16,17)25-10-3-1-9(2-4-10)7-23-11-5-19-6-12(20(21)22)18-13(19)24-8-11/h1-4,6,11H,5,7-8H2/t11-/m0/s1",ZLHZLMOSPGACSZ-NSHDSACASA-N,5344,pretomanid,187235-37-6
N#Cc1cc(-c2n[nH]c(-c3ccncc3)n2)ccn1,"InChI=1S/C13H8N6/c14-8-11-7-10(3-6-16-11)13-17-12(18-19-13)9-1-4-15-5-2-9/h1-7H,(H,17,18,19)",UBVZQGOVTLIHLH-UHFFFAOYSA-N,4888,topiroxostat,577778-58-6
C=CC1(C)CC(OC(=O)CSC2CCC(N)CC2O)C2(C)C(C)CCC3(CCC(=O)C32)C(C)C1O,"InChI=1S/C28H45NO5S/c1-6-26(4)14-22(34-23(32)15-35-21-8-7-18(29)13-20(21)31)27(5)16(2)9-11-28(17(3)25(26)33)12-10-19(30)24(27)28/h6,16-18,20-22,24-25,31,33H,1,7-15,29H2,2-5H3/t16-,17+,18-,20-,21-,22-,24+,25+,26-,27+,28+/m1/s1",KPVIXBKIJXZQJX-FCEONZPQSA-N,5348,lefamulin,1061337-51-6
OCC1OC(c2ccc(F)c(Cc3cc4ccccc4s3)c2)C(O)C(O)C1O,"InChI=1S/C21H21FO5S/c22-15-6-5-12(21-20(26)19(25)18(24)16(10-23)27-21)7-13(15)9-14-8-11-3-1-2-4-17(11)28-14/h1-8,16,18-21,23-26H,9-10H2/t16-,18-,19+,20-,21+/m1/s1",AHFWIQIYAXSLBA-RQXATKFSSA-N,4890,ipragliflozin,761423-87-4
CCOc1ccc(Cc2cc(C3SC(CO)C(O)C(O)C3O)c(OC)cc2C)cc1,"InChI=1S/C23H30O6S/c1-4-29-16-7-5-14(6-8-16)10-15-11-17(18(28-3)9-13(15)2)23-22(27)21(26)20(25)19(12-24)30-23/h5-9,11,19-27H,4,10,12H2,1-3H3/t19-,20-,21+,22-,23+/m1/s1",WHSOLWOTCHFFBK-ZQGJOIPISA-N,4891,luseogliflozin,898537-18-3
CCCc1ccc(OCC(=O)N2CCN(C(=O)COc3ccc(CCC)cc3OC)CC2)c(OC)c1,"InChI=1S/C28H38N2O6/c1-5-7-21-9-11-23(25(17-21)33-3)35-19-27(31)29-13-15-30(16-14-29)28(32)20-36-24-12-10-22(8-6-2)18-26(24)34-4/h9-12,17-18H,5-8,13-16,19-20H2,1-4H3",IMOLVSPMDGCLMB-UHFFFAOYSA-N,4883,simetride,154-82-5
OB1OCc2cc(F)ccc21,"InChI=1S/C7H6BFO2/c9-6-1-2-7-5(3-6)4-11-8(7)10/h1-3,10H,4H2",LFQDNHWZDQTITF-UHFFFAOYSA-N,4877,tavaborole,174671-46-6
CC(C)(ON=C(C(=O)NC1C(=O)N2C(C(=O)[O-])=C(C[N+]3(CCNC(=O)c4ccc(O)c(O)c4Cl)CCCC3)CSC12)c1csc(N)n1)C(=O)O,"InChI=1S/C30H34ClN7O10S2/c1-30(2,28(46)47)48-36-19(16-13-50-29(32)34-16)24(42)35-20-25(43)37-21(27(44)45)14(12-49-26(20)37)11-38(8-3-4-9-38)10-7-33-23(41)15-5-6-17(39)22(40)18(15)31/h5-6,13,20,26H,3-4,7-12H2,1-2H3,(H7-,32,33,34,35,36,39,40,41,42,44,45,46,47)/t20-,26-/m1/s1",DBPPRLRVDVJOCL-FQRUVTKNSA-N,5352,cefiderocol,1225208-94-5
O=C(O)c1cccc(-c2noc(-c3ccccc3F)n2)c1,"InChI=1S/C15H9FN2O3/c16-12-7-2-1-6-11(12)14-17-13(18-21-14)9-4-3-5-10(8-9)15(19)20/h1-8H,(H,19,20)",OOUGLTULBSNHNF-UHFFFAOYSA-N,4872,ataluren,775304-57-9
CC(NN)c1ccccc1,"InChI=1S/C8H12N2/c1-7(10-9)8-5-3-2-4-6-8/h2-7,10H,9H2,1H3",HHRZAEJMHSGZNP-UHFFFAOYSA-N,4865,mebanazine,65-64-5
COCCCOc1ccnc(C[S+]([O-])c2nc3ccccc3[nH]2)c1C,"InChI=1S/C18H21N3O3S/c1-13-16(19-9-8-17(13)24-11-5-10-23-2)12-25(22)18-20-14-6-3-4-7-15(14)21-18/h3-4,6-9H,5,10-12H2,1-2H3,(H,20,21)/t25-/m1/s1",YREYEVIYCVEVJK-RUZDIDTESA-N,4867,dexrabeprazole,177795-60-7
CCOC(=O)c1c(CSc2ccccc2)n(C)c2cc(Br)c(O)c(CN(C)C)c12,"InChI=1S/C22H25BrN2O3S/c1-5-28-22(27)20-18(13-29-14-9-7-6-8-10-14)25(4)17-11-16(23)21(26)15(19(17)20)12-24(2)3/h6-11,26H,5,12-13H2,1-4H3",KCFYEAOKVJSACF-UHFFFAOYSA-N,4868,umifenovir,131707-25-0
NC(CC(=O)N1CCc2c(nc(C(F)(F)F)nc2C(F)(F)F)C1)CN1CC(F)(F)CCC1=O,"InChI=1S/C18H19F8N5O2/c19-16(20)3-1-12(32)31(8-16)6-9(27)5-13(33)30-4-2-10-11(7-30)28-15(18(24,25)26)29-14(10)17(21,22)23/h9H,1-8,27H2/t9-/m0/s1",ZWPRRQZNBDYKLH-VIFPVBQESA-N,4833,gemigliptin,911637-19-9
CCOC(=O)Nc1ccc2c(c1)N(C(=O)CCN(CC)CC)c1ccccc1S2,"InChI=1S/C22H27N3O3S/c1-4-24(5-2)14-13-21(26)25-17-9-7-8-10-19(17)29-20-12-11-16(15-18(20)25)23-22(27)28-6-3/h7-12,15H,4-6,13-14H2,1-3H3,(H,23,27)",PQXGNJKJMFUPPM-UHFFFAOYSA-N,4835,ethacizine,33414-33-4
NC(CCCN1C(=O)NC(c2ccccc2)(c2ccccc2)C1=O)C(=O)O,"InChI=1S/C20H21N3O4/c21-16(17(24)25)12-7-13-23-18(26)20(22-19(23)27,14-8-3-1-4-9-14)15-10-5-2-6-11-15/h1-6,8-11,16H,7,12-13,21H2,(H,22,27)(H,24,25)",PAJBBDCZSMDSFL-UHFFFAOYSA-N,5053,amino(diphenylhydantoin) valeric acid,38964-88-4
CS(=O)(=O)n1cc2c(n1)CN(C1COC(c3cc(F)ccc3F)C(N)C1)C2,"InChI=1S/C17H20F2N4O3S/c1-27(24,25)23-7-10-6-22(8-16(10)21-23)12-5-15(20)17(26-9-12)13-4-11(18)2-3-14(13)19/h2-4,7,12,15,17H,5-6,8-9,20H2,1H3/t12-,15+,17-/m1/s1",MKMPWKUAHLTIBJ-ISTRZQFTSA-N,5054,omarigliptin,1226781-44-7
CCC1(O)CC2CN(CCc3c([nH]c4ccccc34)C(C(=O)OC)(c3cc4c(cc3OC)N(C)C3C(O)(C(=O)NNC(=O)OCCSSCC(NC(=O)C(CC(=O)O)NC(=O)C(CC(=O)O)NC(=O)C(CCCN=C(N)N)NC(=O)C(CC(=O)O)NC(=O)CCC(NC(=O)c5ccc(NCc6cnc7[nH]c(N)nc(=O)c7n6)cc5)C(=O)O)C(=O)O)C(O)C5(CC)C=CCN6CCC43C65)C2)C1,"InChI=1S/C86H109N21O26S2/c1-6-82(129)35-42-36-85(78(127)132-5,64-47(21-26-106(39-42)41-82)46-12-8-9-13-50(46)95-64)49-30-48-57(34-58(49)131-4)105(3)75-84(48)23-27-107-25-11-22-83(7-2,74(84)107)76(125)86(75,130)77(126)103-104-81(128)133-28-29-134-135-40-56(73(123)124)100-70(119)55(33-62(113)114)99-69(118)54(32-61(111)112)98-67(116)51(14-10-24-90-79(87)88)96-68(117)53(31-60(109)110)94-59(108)20-19-52(72(121)122)97-66(115)43-15-17-44(18-16-43)91-37-45-38-92-65-63(93-45)71(120)102-80(89)101-65/h8-9,11-13,15-18,22,30,34,38,42,51-56,74-76,91,95,125,129-130H,6-7,10,14,19-21,23-29,31-33,35-37,39-41H2,1-5H3,(H,94,108)(H,96,117)(H,97,115)(H,98,116)(H,99,118)(H,100,119)(H,103,126)(H,104,128)(H,109,110)(H,111,112)(H,113,114)(H,121,122)(H,123,124)(H4,87,88,90)(H3,89,92,101,102,120)/t42-,51-,52-,53-,54-,55-,56-,74-,75+,76+,82-,83+,84+,85-,86-/m0/s1",KUZYSQSABONDME-QRLOMCMNSA-N,4831,vintafolide,742092-03-1
CCNCC(O)c1cccc(OC(=O)C(C)(C)C)c1,"InChI=1S/C15H23NO3/c1-5-16-10-13(17)11-7-6-8-12(9-11)19-14(18)15(2,3)4/h6-9,13,16-17H,5,10H2,1-4H3",DRMHNJGOEAYOIZ-UHFFFAOYSA-N,4824,etilefrine pivalate,100696-30-8
CCN(C(=O)c1c(O)c2c(Cl)cccc2n(C)c1=O)c1ccccc1,"InChI=1S/C19H17ClN2O3/c1-3-22(12-8-5-4-6-9-12)19(25)16-17(23)15-13(20)10-7-11-14(15)21(2)18(16)24/h4-11,23H,3H2,1-2H3",GKWPCEFFIHSJOE-UHFFFAOYSA-N,4825,laquinimod,248282-07-7
CCCCCCCC(=O)OCC(O)C(OC)C1OC(C(=O)O)=CC(N=C(N)N)C1NC(C)=O,"InChI=1S/C21H36N4O8/c1-4-5-6-7-8-9-16(28)32-11-14(27)18(31-3)19-17(24-12(2)26)13(25-21(22)23)10-15(33-19)20(29)30/h10,13-14,17-19,27H,4-9,11H2,1-3H3,(H,24,26)(H,29,30)(H4,22,23,25)/t13-,14+,17+,18+,19+/m0/s1",UKTIJASCFRNWCB-RMIBSVFLSA-N,4822,laninamivir octanoate hydrate,203120-46-1
CCC(CC)C(NC(C)=O)C1C(N=C(N)N)CC(C(=O)O)C1O,"InChI=1S/C15H28N4O4/c1-4-8(5-2)12(18-7(3)20)11-10(19-15(16)17)6-9(13(11)21)14(22)23/h8-13,21H,4-6H2,1-3H3,(H,18,20)(H,22,23)(H4,16,17,19)/t9-,10+,11+,12-,13+/m0/s1",XRQDFNLINLXZLB-CKIKVBCHSA-N,4823,peramivir,330600-85-6
CNc1ccc(C=Cc2ccc(OCCOCCOCCF)cc2)cc1,"InChI=1S/C21H26FNO3/c1-23-20-8-4-18(5-9-20)2-3-19-6-10-21(11-7-19)26-17-16-25-15-14-24-13-12-22/h2-11,23H,12-17H2,1H3/b3-2+/i22-1",NCWZOASIUQVOFA-FWZJPQCDSA-N,4818,florbetaben F18,902143-01-5
COC1C=COC2(C)Oc3c(C)c(O)c4c(O)c(cc(O)c4c3C2=O)NC(=O)C(C)=CC=CC(C)C(O)C(C)C(O)C(C)C(OC(C)=O)C1C,"InChI=1S/C37H47NO12/c1-16-11-10-12-17(2)36(46)38-23-15-24(40)26-27(32(23)44)31(43)21(6)34-28(26)35(45)37(8,50-34)48-14-13-25(47-9)18(3)33(49-22(7)39)20(5)30(42)19(4)29(16)41/h10-16,18-20,25,29-30,33,40-44H,1-9H3,(H,38,46)/b11-10+,14-13+,17-12-/t16-,18+,19+,20+,25-,29-,30+,33+,37-/m0/s1",HJYYPODYNSCCOU-ODRIEIDWSA-N,4817,rifamycin,6998-60-3
N#CC(=C1SCC(c2ccc(Cl)cc2Cl)S1)n1ccnc1,"InChI=1S/C14H9Cl2N3S2/c15-9-1-2-10(11(16)5-9)13-7-20-14(21-13)12(6-17)19-4-3-18-8-19/h1-5,8,13H,7H2/b14-12+/t13-/m0/s1",YTAOBBFIOAEMLL-REQDGWNSSA-N,4813,luliconazole,187164-19-8
OC(c1ccccc1)(c1ccccc1)C12CC[N+](CCOCc3ccccc3)(CC1)CC2,"InChI=1S/C29H34NO2/c31-29(26-12-6-2-7-13-26,27-14-8-3-9-15-27)28-16-19-30(20-17-28,21-18-28)22-23-32-24-25-10-4-1-5-11-25/h1-15,31H,16-24H2/q+1",FVTWTVQXNAJTQP-UHFFFAOYSA-N,4816,umeclidinium,869113-09-7
Nc1c2c(nc3c1CCC3)CCCC2,"InChI=1S/C12H16N2/c13-12-8-4-1-2-6-10(8)14-11-7-3-5-9(11)12/h1-7H2,(H2,13,14)",YLUSMKAJIQOXPV-UHFFFAOYSA-N,4808,ipidacrine,62732-44-9
COc1c(N2CC(F)C(CNC3CC3)C2)c(F)cc2c(=O)c(C(=O)O)cn(CCF)c12,"InChI=1S/C21H24F3N3O4/c1-31-20-17-13(19(28)14(21(29)30)9-26(17)5-4-22)6-15(23)18(20)27-8-11(16(24)10-27)7-25-12-2-3-12/h6,9,11-12,16,25H,2-5,7-8,10H2,1H3,(H,29,30)/t11-,16+/m0/s1",ZFIOCUITTUUVPV-MEDUHNTESA-N,5370,lascufloxacin,848416-07-9
Cc1nc(C(=O)NCC(=O)O)c(O)c2ccc(Oc3ccccc3)cc12,"InChI=1S/C19H16N2O5/c1-11-15-9-13(26-12-5-3-2-4-6-12)7-8-14(15)18(24)17(21-11)19(25)20-10-16(22)23/h2-9,24H,10H2,1H3,(H,20,25)(H,22,23)",YOZBGTLTNGAVFU-UHFFFAOYSA-N,5371,roxadustat,808118-40-3
OC(c1ccccc1)(c1ccccc1)C1CN2CCC1CC2,"InChI=1S/C20H23NO/c22-20(17-7-3-1-4-8-17,18-9-5-2-6-10-18)19-15-21-13-11-16(19)12-14-21/h1-10,16,19,22H,11-15H2",PZMAHNDJABQWGS-UHFFFAOYSA-N,4748,quifenadine,10447-39-9
CCCCCCCCCCCCCCCCO,"InChI=1S/C16H34O/c1-2-3-4-5-6-7-8-9-10-11-12-13-14-15-16-17/h17H,2-16H2,1H3",BXWNKGSJHAJOGX-UHFFFAOYSA-N,4750,cetyl alcohol,36653-82-4
CC(C)NCC(O)COc1ccc(CCOCC2CC2)cc1,"InChI=1S/C18H29NO3/c1-14(2)19-11-17(20)13-22-18-7-5-15(6-8-18)9-10-21-12-16-3-4-16/h5-8,14,16-17,19-20H,3-4,9-13H2,1-2H3/t17-/m0/s1",NWIUTZDMDHAVTP-KRWDZBQOSA-N,4752,levobetaxolol,93221-48-8
C1CCC2(C1)C1CN(CC3CC3)CC2CN(CC2CC2)C1,"InChI=1S/C19H32N2/c1-2-8-19(7-1)17-11-20(9-15-3-4-15)12-18(19)14-21(13-17)10-16-5-6-16/h15-18H,1-14H2/t17-,18+",CTIRHWCPXYGDGF-HDICACEKSA-N,4655,tedisamil,90961-53-8
COc1ccc2c(c1)C(O)(CCCN(C)C)c1ccccc1S2,"InChI=1S/C19H23NO2S/c1-20(2)12-6-11-19(21)15-7-4-5-8-17(15)23-18-10-9-14(22-3)13-16(18)19/h4-5,7-10,13,21H,6,11-12H2,1-3H3",LAYVFLWAVIGDLK-UHFFFAOYSA-N,4656,meprotixol,4295-63-0
CC(C)CNCCOC(=O)c1cccc(N)c1,"InChI=1S/C13H20N2O2/c1-10(2)9-15-6-7-17-13(16)11-4-3-5-12(14)8-11/h3-5,8,10,15H,6-7,9,14H2,1-2H3",BXMFKNRZTLNAFY-UHFFFAOYSA-N,4658,metabutethamine,4439-25-2
C[N+]1(C)C2CCC1CC(OC(=O)C(CO)c1ccccc1)C2,"InChI=1S/C18H26NO3/c1-19(2)14-8-9-15(19)11-16(10-14)22-18(21)17(12-20)13-6-4-3-5-7-13/h3-7,14-17,20H,8-12H2,1-2H3/q+1/t14-,15+,16-,17-/m0/s1",PIPAJLPNWZMYQA-YVSFHVDLSA-N,4660,methylatropine,31610-87-4
CN(CC(=O)O)C(=N)N,"InChI=1S/C4H9N3O2/c1-7(4(5)6)2-3(8)9/h2H2,1H3,(H3,5,6)(H,8,9)",CVSVTCORWBXHQV-UHFFFAOYSA-N,4661,creatine,57-00-1
O=C(c1ccccc1)C(O)c1ccccc1,"InChI=1S/C14H12O2/c15-13(11-7-3-1-4-8-11)14(16)12-9-5-2-6-10-12/h1-10,13,15H",ISAOCJYIOMOJEB-UHFFFAOYSA-N,4663,benzoin,119-53-9
CCCCC(CC)COC(=O)C=Cc1ccc(OC)cc1,"InChI=1S/C18H26O3/c1-4-6-7-15(5-2)14-21-18(19)13-10-16-8-11-17(20-3)12-9-16/h8-13,15H,4-7,14H2,1-3H3",YBGZDTIWKVFICR-UHFFFAOYSA-N,4236,octinoxate,5466-77-3
CCCCC(CC)COC(=O)c1ccccc1O,"InChI=1S/C15H22O3/c1-3-5-8-12(4-2)11-18-15(17)13-9-6-7-10-14(13)16/h6-7,9-10,12,16H,3-5,8,11H2,1-2H3",FMRHJJZUHUTGKE-UHFFFAOYSA-N,4241,octisalate,118-60-5
COc1ccc(C(=O)CC(=O)c2ccc(C(C)(C)C)cc2)cc1,"InChI=1S/C20H22O3/c1-20(2,3)16-9-5-14(6-10-16)18(21)13-19(22)15-7-11-17(23-4)12-8-15/h5-12H,13H2,1-4H3",XNEFYCZVKIDDMS-UHFFFAOYSA-N,4242,avobenzone,70356-09-1
COc1ccc(O)cc1,"InChI=1S/C7H8O2/c1-9-7-4-2-6(8)3-5-7/h2-5,8H,1H3",NWVVVBRKAWDGAB-UHFFFAOYSA-N,4221,mequinol,150-76-5
C=O,InChI=1S/CH2O/c1-2/h1H2,WSFSSNUMVMOOMR-UHFFFAOYSA-N,3244,formaldehyde,50-00-0
CCO,"InChI=1S/C2H6O/c1-2-3/h3H,2H2,1H3",LFQSCWFLJHTTHZ-UHFFFAOYSA-N,1076,ethanol,64-17-5
CCC(C)C(NC(=O)C(CC(=O)O)NC(=O)C(CC(C)C)NC(=O)C(CC(C)C)NC(=O)C(CCCCN)NC(=O)C(CCCN=C(N)N)NC(=O)C(CC(N)=O)NC(=O)C(CO)NC(=O)C(Cc1c[nH]cn1)NC(=O)C(C)NC(=O)C(CCC(N)=O)NC(=O)C(CCC(N)=O)NC(=O)C(C)NC(=O)C(CC(C)C)NC(=O)C(CCC(N)=O)NC(=O)C(CC(=O)O)NC(=O)C(C)NC(=O)C(CCCCN)NC(=O)C(NC(=O)C(CCSC)NC(=O)C(CCC(=O)O)NC(=O)C(CC(C)C)NC(=O)C(NC(=O)C(CCC(=O)O)NC(=O)C(CCCNC(=N)N)NC(=O)C(CC(C)C)NC(=O)C(CC(C)C)NC(=O)C(Cc1c[nH]cn1)NC(=O)C(Cc1ccccc1)NC(=O)C(NC(=O)C(CC(C)C)NC(=O)C(CC(=O)O)NC(=O)C(CC(C)C)NC(=O)C(CO)NC(=O)C(NC(=O)C1CCCN1C(=O)C1CCCN1C(=O)C(CCC(=O)O)NC(=O)C(CCC(N)=O)NC(=O)C(N)CO)C(C)CC)C(C)O)C(C)C)C(C)O)C(=O)NC(C)C(N)=O,"InChI=1S/C205H339N59O63S/c1-30-104(21)159(198(322)225-106(23)163(214)287)259-193(317)142(87-157(285)286)253-184(308)132(77-99(11)12)246-182(306)130(75-97(7)8)244-172(296)117(46-36-38-67-207)231-170(294)118(47-39-68-221-204(215)216)233-189(313)139(84-151(213)274)251-194(318)143(91-266)256-188(312)137(82-113-88-219-93-223-113)241-165(289)108(25)227-169(293)120(51-58-147(209)270)234-173(297)121(52-59-148(210)271)229-164(288)107(24)228-179(303)128(73-95(3)4)243-176(300)123(54-61-150(212)273)236-190(314)140(85-155(281)282)242-166(290)109(26)226-168(292)116(45-35-37-66-206)239-200(324)161(110(27)268)261-178(302)126(65-72-328-29)238-174(298)124(55-62-152(275)276)237-181(305)134(79-101(15)16)254-197(321)158(103(19)20)258-177(301)125(56-63-153(277)278)235-171(295)119(48-40-69-222-205(217)218)232-180(304)129(74-96(5)6)245-183(307)131(76-98(9)10)247-187(311)138(83-114-89-220-94-224-114)250-186(310)136(81-112-43-33-32-34-44-112)255-201(325)162(111(28)269)262-192(316)135(80-102(17)18)248-191(315)141(86-156(283)284)252-185(309)133(78-100(13)14)249-195(319)144(92-267)257-199(323)160(105(22)31-2)260-196(320)145-49-41-70-263(145)203(327)146-50-42-71-264(146)202(326)127(57-64-154(279)280)240-175(299)122(53-60-149(211)272)230-167(291)115(208)90-265/h32-34,43-44,88-89,93-111,115-146,158-162,265-269H,30-31,35-42,45-87,90-92,206-208H2,1-29H3,(H2,209,270)(H2,210,271)(H2,211,272)(H2,212,273)(H2,213,274)(H2,214,287)(H,219,223)(H,220,224)(H,225,322)(H,226,292)(H,227,293)(H,228,303)(H,229,288)(H,230,291)(H,231,294)(H,232,304)(H,233,313)(H,234,297)(H,235,295)(H,236,314)(H,237,305)(H,238,298)(H,239,324)(H,240,299)(H,241,289)(H,242,290)(H,243,300)(H,244,296)(H,245,307)(H,246,306)(H,247,311)(H,248,315)(H,249,319)(H,250,310)(H,251,318)(H,252,309)(H,253,308)(H,254,321)(H,255,325)(H,256,312)(H,257,323)(H,258,301)(H,259,317)(H,260,320)(H,261,302)(H,262,316)(H,275,276)(H,277,278)(H,279,280)(H,281,282)(H,283,284)(H,285,286)(H4,215,216,221)(H4,217,218,222)/t104-,105-,106-,107-,108-,109-,110+,111+,115-,116-,117-,118-,119-,120-,121-,122-,123-,124-,125-,126-,127-,128-,129-,130-,131-,132-,133-,134-,135-,136-,137-,138-,139-,140-,141-,142-,143-,144-,145-,146-,158-,159-,160-,161-,162-/m0/s1",QEEJLLNYQOBRRM-KSHGRFHLSA-N,5195,corticorelin ovine,79804-71-0
CCCl,"InChI=1S/C2H5Cl/c1-2-3/h2H2,1H3",HRYZWHHZPQKTII-UHFFFAOYSA-N,3196,ethyl chloride,75-00-3
C=COC=C,"InChI=1S/C4H6O/c1-3-5-4-2/h3-4H,1-2H2",QYKIQEUNHZKYBP-UHFFFAOYSA-N,3645,vinyl ether,109-93-3
O=C1CCO1,InChI=1S/C3H4O2/c4-3-1-2-5-3/h1-2H2,VEZXCJBBBCKRPI-UHFFFAOYSA-N,3495,propiolactone,57-57-8
Cn1cnc2c(F)c(Nc3ccc(Br)cc3F)c(C(=O)NOCCO)cc21,"InChI=1S/C17H15BrF2N4O3/c1-24-8-21-16-13(24)7-10(17(26)23-27-5-4-25)15(14(16)20)22-12-3-2-9(18)6-11(12)19/h2-3,6-8,22,25H,4-5H2,1H3,(H,23,26)",ACWZRVQXLIRSDF-UHFFFAOYSA-N,5290,binimetinib,606143-89-9
Cn1c(Cn2ccc(C(F)(F)F)c(Oc3cc(Cl)cc(C#N)c3)c2=O)n[nH]c1=O,"InChI=1S/C17H11ClF3N5O3/c1-25-13(23-24-16(25)28)8-26-3-2-12(17(19,20)21)14(15(26)27)29-11-5-9(7-22)4-10(18)6-11/h2-6H,8H2,1H3,(H,24,28)",ZIAOVIPSKUPPQW-UHFFFAOYSA-N,5295,doravirine,1338225-97-0
CON(C)Cc1ccc(O)c2c1CC1CC3C(N(C)C)C(=O)C(C(N)=O)C(=O)C3(O)C(=O)C1C2=O,"InChI=1S/C24H29N3O8/c1-26(2)18-13-8-11-7-12-10(9-27(3)35-4)5-6-14(28)16(12)19(29)15(11)21(31)24(13,34)22(32)17(20(18)30)23(25)33/h5-6,11,13,18,28,30-31,34H,7-9H2,1-4H3,(H2,25,33)/t11-,13-,18-,24-/m0/s1",PQJQFLNBMSCUSH-SBAJWEJLSA-N,5298,sarecycline,1035654-66-0
CC(Cn1ccc(-c2ccc(C#N)c(Cl)c2)n1)NC(=O)c1cc(C(C)O)[nH]n1,"InChI=1S/C19H19ClN6O2/c1-11(22-19(28)18-8-17(12(2)27)23-24-18)10-26-6-5-16(25-26)13-3-4-14(9-21)15(20)7-13/h3-8,11-12,27H,10H2,1-2H3,(H,22,28)(H,23,24)/t11-,12+/m0/s1",BLIJXOOIHRSQRB-NWDGAFQWSA-N,5334,darolutamide,1297538-32-9
CN1Cc2c(Cl)cc(Cl)cc2C(c2cccc(S(=O)(=O)NCCOCCOCCNC(=O)NCCCCNC(=O)NCCOCCOCCNS(=O)(=O)c3cccc(C4CN(C)Cc5c(Cl)cc(Cl)cc54)c3)c2)C1,"InChI=1S/C50H66Cl4N8O10S2/c1-61-31-43(41-27-37(51)29-47(53)45(41)33-61)35-7-5-9-39(25-35)73(65,66)59-15-19-71-23-21-69-17-13-57-49(63)55-11-3-4-12-56-50(64)58-14-18-70-22-24-72-20-16-60-74(67,68)40-10-6-8-36(26-40)44-32-62(2)34-46-42(44)28-38(52)30-48(46)54/h5-10,25-30,43-44,59-60H,3-4,11-24,31-34H2,1-2H3,(H2,55,57,63)(H2,56,58,64)/t43-,44-/m0/s1",DNHPDWGIXIMXSA-CXNSMIOJSA-N,5349,tenapanor,1234423-95-0
CC(C)(C)c1cc(-c2cc(-c3ccc(C(=O)O)cc3)ccc2OCCO)ccc1N1CCCC1,"InChI=1S/C29H33NO4/c1-29(2,3)25-19-23(10-12-26(25)30-14-4-5-15-30)24-18-22(11-13-27(24)34-17-16-31)20-6-8-21(9-7-20)28(32)33/h6-13,18-19,31H,4-5,14-17H2,1-3H3,(H,32,33)",MFBCDACCJCDGBA-UHFFFAOYSA-N,5350,trifarotene,895542-09-3
NC(O)=NO,"InChI=1S/CH4N2O2/c2-1(4)3-5/h5H,(H3,2,3,4)",VSNHCAURESNICA-UHFFFAOYSA-N,1399,hydroxycarbamide,127-07-1
NCCS,"InChI=1S/C2H7NS/c3-1-2-4/h4H,1-3H2",UFULAYFCSOUIOV-UHFFFAOYSA-N,768,mercaptamine,60-23-1
C[S+](C)[O-],InChI=1S/C2H6OS/c1-4(2)3/h1-2H3,IAZDPXIOMUYVGZ-UHFFFAOYSA-N,906,dimethyl sulfoxide,67-68-5
CN(C)CCO,"InChI=1S/C4H11NO/c1-5(2)3-4-6/h6H,3-4H2,1-2H3",UEEJHVSXFDXPFK-UHFFFAOYSA-N,787,deanol,108-01-0
CC(O)C(=O)O,"InChI=1S/C3H6O3/c1-2(4)3(5)6/h2,4H,1H3,(H,5,6)",JVTAAEKCZFNVCJ-UHFFFAOYSA-N,1533,lactic acid,50-21-5
OCC(O)CO,"InChI=1S/C3H8O3/c4-1-3(6)2-5/h3-6H,1-2H2",PEDCQBHIVMGVHV-UHFFFAOYSA-N,1316,glycerol,56-81-5
C#CC(C)(O)CC,"InChI=1S/C6H10O/c1-4-6(3,7)5-2/h1,7H,5H2,2-3H3",QXLPXWSKPNOQLE-UHFFFAOYSA-N,1687,methylpentynol,77-75-8
CC(C)CC(NC(=O)CNC(=O)C(CCC(N)=O)NC(=O)C(CC(C)C)NC(=O)C(CC(C)C)NC(=O)C(CCCN=C(N)N)NC(=O)C(CCC(N)=O)NC(=O)C(CC(C)C)NC(=O)C(CCCNC(=N)N)NC(=O)C(C)NC(=O)C(CO)NC(=O)C(CC(=O)O)NC(=O)C(CCCNC(=N)N)NC(=O)C(CC(C)C)NC(=O)C(CCCNC(=N)N)NC(=O)C(CO)NC(=O)C(CC(C)C)NC(=O)C(CCC(=O)O)NC(=O)C(CO)NC(=O)C(NC(=O)C(Cc1ccccc1)NC(=O)C(NC(=O)CNC(=O)C(CC(=O)O)NC(=O)C(CO)NC(=O)C(N)Cc1c[nH]cn1)C(C)O)C(C)O)C(=O)NC(C(N)=O)C(C)C,"InChI=1S/C130H220N44O41/c1-59(2)41-79(119(208)173-99(65(13)14)102(134)191)152-94(183)52-148-105(194)76(31-34-92(132)181)157-114(203)82(44-62(7)8)164-116(205)83(45-63(9)10)162-108(197)73(28-22-38-145-128(137)138)154-111(200)77(32-35-93(133)182)158-115(204)81(43-61(5)6)160-107(196)72(27-21-37-144-127(135)136)153-103(192)66(15)151-121(210)88(54-175)169-118(207)87(50-98(189)190)166-110(199)74(29-23-39-146-129(139)140)155-113(202)80(42-60(3)4)161-109(198)75(30-24-40-147-130(141)142)156-122(211)90(56-177)170-117(206)84(46-64(11)12)163-112(201)78(33-36-96(185)186)159-123(212)91(57-178)171-126(215)101(68(17)180)174-120(209)85(47-69-25-19-18-20-26-69)167-125(214)100(67(16)179)172-95(184)53-149-106(195)86(49-97(187)188)165-124(213)89(55-176)168-104(193)71(131)48-70-51-143-58-150-70/h18-20,25-26,51,58-68,71-91,99-101,175-180H,21-24,27-50,52-57,131H2,1-17H3,(H2,132,181)(H2,133,182)(H2,134,191)(H,143,150)(H,148,194)(H,149,195)(H,151,210)(H,152,183)(H,153,192)(H,154,200)(H,155,202)(H,156,211)(H,157,203)(H,158,204)(H,159,212)(H,160,196)(H,161,198)(H,162,197)(H,163,201)(H,164,205)(H,165,213)(H,166,199)(H,167,214)(H,168,193)(H,169,207)(H,170,206)(H,171,215)(H,172,184)(H,173,208)(H,174,209)(H,185,186)(H,187,188)(H,189,190)(H4,135,136,144)(H4,137,138,145)(H4,139,140,146)(H4,141,142,147)/t66-,67+,68+,71-,72-,73-,74-,75-,76-,77-,78-,79-,80-,81-,82-,83-,84-,85-,86-,87-,88-,89-,90-,91-,99-,100-,101-/m0/s1",JWQZOTGHUDZFMU-WIDFLDSMSA-N,5198,secretin porcine,17034-35-4
O=CCCCC=O,"InChI=1S/C5H8O2/c6-4-2-1-3-5-7/h4-5H,1-3H2",SXRSQZLOMIGNAQ-UHFFFAOYSA-N,3267,glutaral,111-30-8
NC1CONC1=O,"InChI=1S/C3H6N2O2/c4-2-1-7-5-3(2)6/h2H,1,4H2,(H,5,6)/t2-/m1/s1",DYDCUQKUCUHJBH-UWTATZPHSA-N,759,cycloserine,68-41-7
NCCCC(=O)O,"InChI=1S/C4H9NO2/c5-3-1-2-4(6)7/h1-3,5H2,(H,6,7)",BTCSSZJGUNDROE-UHFFFAOYSA-N,1262,aminobutyric acid,56-12-2
OCc1ccccc1,"InChI=1S/C7H8O/c8-6-7-4-2-1-3-5-7/h1-5,8H,6H2",WVDDGKGOMKODPV-UHFFFAOYSA-N,334,benzyl alcohol,100-51-6
Cc1ccnc(N)c1,"InChI=1S/C6H8N2/c1-5-2-3-8-6(7)4-5/h2-4H,1H3,(H2,7,8)",ORLGLBZRQYOWNA-UHFFFAOYSA-N,172,aminopicoline,695-34-1
OCc1cccnc1,"InChI=1S/C6H7NO/c8-5-6-2-1-3-7-4-6/h1-4,8H,5H2",MVQVNTPHUGQQHK-UHFFFAOYSA-N,1921,nicotinyl alcohol,100-55-0
Oc1cccc(O)c1,"InChI=1S/C6H6O2/c7-5-2-1-3-6(8)4-5/h1-4,7-8H",GHMLBKRAJCXXBS-UHFFFAOYSA-N,3524,resorcinol,108-46-3
Oc1ccc(O)cc1,"InChI=1S/C6H6O2/c7-5-1-2-6(8)4-3-5/h1-4,7-8H",QIGBRXMKCJKVMJ-UHFFFAOYSA-N,3282,hydroquinone,123-31-9
NCCc1cc[nH]n1,"InChI=1S/C5H9N3/c6-3-1-5-2-4-7-8-5/h2,4H,1,3,6H2,(H,7,8)",JXDFEQONERDKSS-UHFFFAOYSA-N,357,betazole,105-20-4
Cn1cc[nH]c1=S,"InChI=1S/C4H6N2S/c1-6-3-2-5-4(6)7/h2-3H,1H3,(H,5,7)",PMRYVIKBURPHAH-UHFFFAOYSA-N,1745,thiamazole,60-56-0
CCCCCC(C)N,"InChI=1S/C7H17N/c1-3-4-5-6-7(2)8/h7H,3-6,8H2,1-2H3",VSRBKQFNFZQRBM-UHFFFAOYSA-N,3637,tuaminoheptane,123-82-0
CCC(C)CC(C)N,"InChI=1S/C7H17N/c1-4-6(2)5-7(3)8/h6-7H,4-5,8H2,1-3H3",YAHRDLICUYEDAU-UHFFFAOYSA-N,3353,methylhexaneamine,105-41-9
O=C(O)C=CC(=O)O,"InChI=1S/C4H4O4/c5-3(6)1-2-4(7)8/h1-2H,(H,5,6)(H,7,8)/b2-1+",VZCYOOQTPOCHFL-OWOJBTEDSA-N,3229,fumaric acid,110-17-8
O=C(O)CCC(=O)O,"InChI=1S/C4H6O4/c5-3(6)1-2-4(7)8/h1-2H2,(H,5,6)(H,7,8)",KDYFGRWQOYBRFD-UHFFFAOYSA-N,2487,succinic acid,110-15-6
NCC(O)CC(=O)O,"InChI=1S/C4H9NO3/c5-2-3(6)1-4(7)8/h3,6H,1-2,5H2,(H,7,8)",YQGDEPYYFWUPGO-UHFFFAOYSA-N,1263,aminohydroxybutyric acid,924-49-2
O=C(NCO)NCO,"InChI=1S/C3H8N2O3/c6-1-4-3(8)5-2-7/h6-7H,1-2H2,(H2,4,5,8)",QUBQYFYWUJJAAK-UHFFFAOYSA-N,3414,oxymethurea,140-95-4
CNC(=S)NCO,"InChI=1S/C3H8N2OS/c1-4-3(7)5-2-6/h6H,2H2,1H3,(H2,4,5,7)",JLMHZVYLAQPMOZ-UHFFFAOYSA-N,3391,noxytiolin,15599-39-0
NC(CO)(CO)CO,"InChI=1S/C4H11NO3/c5-4(1-6,2-7)3-8/h6-8H,1-3,5H2",LENZDBCJOHFCAS-UHFFFAOYSA-N,2771,trometamol,77-86-1
NC(CS)C(=O)O,"InChI=1S/C3H7NO2S/c4-2(1-7)3(5)6/h2,7H,1,4H2,(H,5,6)/t2-/m0/s1",XUJNEKJLAYXESH-REOHCLBHSA-N,769,cysteine,52-90-4
NC(=O)c1cccnc1,"InChI=1S/C6H6N2O/c7-6(9)5-2-1-3-8-4-5/h1-4H,(H2,7,9)",DFPAKSUCGFBDDF-UHFFFAOYSA-N,1906,nicotinamide,98-92-0
O=C(O)c1cccnc1,"InChI=1S/C6H5NO2/c8-6(9)5-2-1-3-7-4-5/h1-4H,(H,8,9)",PVNIIMVLHYAWGP-UHFFFAOYSA-N,2835,nicotinic acid,59-67-6
COc1ccccc1O,"InChI=1S/C7H8O2/c1-9-7-5-3-2-4-6(7)8/h2-5,8H,1H3",LHGVFZTZFXWLCP-UHFFFAOYSA-N,1334,guaiacol,90-05-1
C=COCC(F)(F)F,"InChI=1S/C4H5F3O/c1-2-8-3-4(5,6)7/h2H,1,3H2",DLEGDLSLRSOURQ-UHFFFAOYSA-N,3242,fluroxene,406-90-6
Oc1cc(O)cc(O)c1,"InChI=1S/C6H6O3/c7-4-1-5(8)3-6(9)2-4/h1-3,7-9H",QCDYQQDYXPDABM-UHFFFAOYSA-N,2153,phloroglucinol,108-73-6
NC(=O)c1[nH]cnc1N,"InChI=1S/C4H6N4O/c5-3-2(4(6)9)7-1-8-3/h1H,5H2,(H2,6,9)(H,7,8)",DVNYTAVYBRSTGK-UHFFFAOYSA-N,1994,orazamide,360-97-4
[O-][n+]1ccccc1S,"InChI=1S/C5H5NOS/c7-6-4-2-1-3-5(6)8/h1-4,8H",FGVVTMRZYROCTH-UHFFFAOYSA-N,3508,pyrithione,15922-78-8
O=c1cc[nH]c(=S)[nH]1,"InChI=1S/C4H4N2OS/c7-3-1-2-5-4(8)6-3/h1-2H,(H2,5,6,7,8)",ZEMGGZBWXRYJHK-UHFFFAOYSA-N,2640,thiouracil,141-90-2
O=C(O)C(Cl)Cl,"InChI=1S/C2H2Cl2O2/c3-1(4)2(5)6/h1H,(H,5,6)",JXTHNDFMNIQAHM-UHFFFAOYSA-N,862,dichloroacetic acid,2156-56-1
CC(C)CCCC(C)N,"InChI=1S/C8H19N/c1-7(2)5-4-6-8(3)9/h7-8H,4-6,9H2,1-3H3",QNIVIMYXGGFTAK-UHFFFAOYSA-N,1978,octodrine,543-82-8
CC(C)CC(N)C(=O)O,"InChI=1S/C6H13NO2/c1-4(2)3-5(7)6(8)9/h4-5H,3,7H2,1-2H3,(H,8,9)/t5-/m0/s1",ROHFNLRQFUQHCH-YFKPBYRVSA-N,1557,leucine,61-90-5
NCCCC(N)C(=O)O,"InChI=1S/C5H12N2O2/c6-3-1-2-4(7)5(8)9/h4H,1-3,6-7H2,(H,8,9)/t4-/m0/s1",AHLPHDHHMVZTML-BYPYZUCNSA-N,3401,ornithine,70-26-8
CCC(CC)(CO)CO,"InChI=1S/C7H16O2/c1-3-7(4-2,5-8)6-9/h8-9H,3-6H2,1-2H3",XRVCFZPJAHWYTB-UHFFFAOYSA-N,2259,prenderol,115-76-4
NC(CC(=O)O)C(=O)O,"InChI=1S/C4H7NO4/c5-2(4(8)9)1-3(6)7/h2H,1,5H2,(H,6,7)(H,8,9)/t2-/m0/s1",CKLJMWTZIZZHCS-REOHCLBHSA-N,1550,aspartic acid,56-84-8
O=C(O)C1CSCN1,"InChI=1S/C4H7NO2S/c6-4(7)3-1-8-2-5-3/h3,5H,1-2H2,(H,6,7)",DZLNHFMRPBPULJ-UHFFFAOYSA-N,2670,timonacic,444-27-9
Nc1ncnc2[nH]cnc12,"InChI=1S/C5H5N5/c6-4-3-5(9-1-7-3)10-2-8-4/h1-2H,(H3,6,7,8,9,10)",GFFGJBXGBJISGV-UHFFFAOYSA-N,89,adenine,73-24-5
COC(=O)C(N)CS,"InChI=1S/C4H9NO2S/c1-7-4(6)3(5)2-8/h3,8H,2,5H2,1H3/t3-/m0/s1",MCYHPZGUONZRGO-VKHMYHEASA-N,1653,mecysteine,2485-62-3
OCC(CO)(CO)CO,"InChI=1S/C5H12O4/c6-1-5(2-7,3-8)4-9/h6-9H,1-4H2",WXZMFSXDPGVJKK-UHFFFAOYSA-N,2085,pentaerythritol,115-77-5
CCC(O)c1ccccc1,"InChI=1S/C9H12O/c1-2-9(10)8-6-4-3-5-7-8/h3-7,9-10H,2H2,1H3",DYUQAZSOFZSPHD-UHFFFAOYSA-N,2148,phenylpropanol,93-54-9
O=C(O)Cc1cccnc1,"InChI=1S/C7H7NO2/c9-7(10)4-6-2-1-3-8-5-6/h1-3,5H,4H2,(H,9,10)",WGNUNYPERJMVRM-UHFFFAOYSA-N,3505,homonicotinic acid,501-81-5
COC(=O)c1cccnc1,"InChI=1S/C7H7NO2/c1-10-7(9)6-3-2-4-8-5-6/h2-5H,1H3",YNBADRVTZLEFNH-UHFFFAOYSA-N,3355,methyl nicotinate,93-60-7
NC(=O)c1ccccc1O,"InChI=1S/C7H7NO2/c8-7(10)5-3-1-2-4-6(5)9/h1-4,9H,(H2,8,10)",SKZKKFZAGNVIMN-UHFFFAOYSA-N,2415,salicylamide,65-45-2
Nc1ccc(C(=O)O)cc1,"InChI=1S/C7H7NO2/c8-6-3-1-5(2-4-6)7(9)10/h1-4H,8H2,(H,9,10)",ALYNCZNDIQEVRV-UHFFFAOYSA-N,2049,aminobenzoic acid,150-13-0
C[n+]1ccccc1C=NO,"InChI=1S/C7H8N2O/c1-9-5-3-2-4-7(9)6-8-10/h2-6H,1H3/p+1",JBKPUQTUERUYQE-UHFFFAOYSA-O,2231,pralidoxime,51-15-0
NCC(O)c1ccccc1,"InChI=1S/C8H11NO/c9-6-8(10)7-4-2-1-3-5-7/h1-5,8,10H,6,9H2",ULSIYEODSMZIPX-UHFFFAOYSA-N,3460,phenylethanolamine,7568-93-6
NCCc1ccc(O)cc1,"InChI=1S/C8H11NO/c9-6-5-7-1-3-8(10)4-2-7/h1-4,10H,5-6,9H2",DZGWFCGJZKJUFP-UHFFFAOYSA-N,2784,tyramine,51-67-2
CC(C)Nc1ncccn1,"InChI=1S/C7H11N3/c1-6(2)10-7-8-4-3-5-9-7/h3-6H,1-2H3,(H,8,9,10)",FTCYIGBVOHNHCD-UHFFFAOYSA-N,1485,isaxonine,4214-72-6
C[As](C)(=O)O,"InChI=1S/C2H7AsO2/c1-3(2,4)5/h1-2H3,(H,4,5)",OGGXGZAMXPVRFZ-UHFFFAOYSA-N,3058,cacodylic acid,75-60-5
OCCOc1ccccc1,"InChI=1S/C8H10O2/c9-6-7-10-8-4-2-1-3-5-8/h1-5,9H,6-7H2",QCDWFXQBSFUVSP-UHFFFAOYSA-N,3442,phenoxyethanol,122-99-6
C1CCc2nnnn2CC1,InChI=1S/C6H10N4/c1-2-4-6-7-8-9-10(6)5-3-1/h1-5H2,CWRVKFFCRWGWCS-UHFFFAOYSA-N,3428,pentetrazol,54-95-5
O=C(O)c1ccc[n+]([O-])c1,"InChI=1S/C6H5NO3/c8-6(9)5-2-1-3-7(10)4-5/h1-4H,(H,8,9)",FJCFFCXMEXZEIM-UHFFFAOYSA-N,3410,oxiniacic acid,2398-81-4
C1N2CN3CN1CN(C2)C3,InChI=1S/C6H12N4/c1-7-2-9-4-8(1)5-10(3-7)6-9/h1-6H2,VKYKSIONXSXAKP-UHFFFAOYSA-N,3344,methenamine,100-97-0
C[N+](C)(C)Cc1ccco1,"InChI=1S/C8H14NO/c1-9(2,3)7-8-5-4-6-10-8/h4-6H,7H2,1-3H3/q+1",HEDXEAAVEOJUCR-UHFFFAOYSA-N,3256,furtrethonium,7618-86-2
CNC(C)CCC=C(C)C,"InChI=1S/C9H19N/c1-8(2)6-5-7-9(3)10-4/h6,9-10H,5,7H2,1-4H3",XVQUOJBERHHONY-UHFFFAOYSA-N,1496,isometheptene,503-01-5
CNC(C)CC1CCCC1,"InChI=1S/C9H19N/c1-8(10-2)7-9-5-3-4-6-9/h8-10H,3-7H2,1-2H3",HFXKQSZZZPGLKQ-UHFFFAOYSA-N,755,cyclopentamine,102-45-4
O=c1cc(CO)occ1O,"InChI=1S/C6H6O4/c7-2-4-1-5(8)6(9)3-10-4/h1,3,7,9H,2H2",BEJNERDRQOWKJM-UHFFFAOYSA-N,3977,kojic acid,501-30-4
NC(=O)CN1CCCC1=O,"InChI=1S/C6H10N2O2/c7-5(9)4-8-3-1-2-6(8)10/h1-4H2,(H2,7,9)",GMZVRMREEHBGGF-UHFFFAOYSA-N,2197,piracetam,7491-74-9
Cc1cc(=O)[nH]c(=S)[nH]1,"InChI=1S/C5H6N2OS/c1-3-2-4(8)7-5(9)6-3/h2H,1H3,(H2,6,7,8,9)",HWGBHCRJGXAGEU-UHFFFAOYSA-N,1773,methylthiouracil,56-04-2
CCCC(CCC)C(N)=O,"InChI=1S/C8H17NO/c1-3-5-7(6-4-2)8(9)10/h7H,3-6H2,1-2H3,(H2,9,10)",OMOMUFTZPTXCHP-UHFFFAOYSA-N,2804,valpromide,2430-27-5
CCC(C)C(CC)C(N)=O,"InChI=1S/C8H17NO/c1-4-6(3)7(5-2)8(9)10/h6-7H,4-5H2,1-3H3,(H2,9,10)",QRCJOCOSPZMDJY-UHFFFAOYSA-N,2802,valnoctamide,4171-13-5
Oc1ccc2ccccc2c1,"InChI=1S/C10H8O/c11-10-6-5-8-3-1-2-4-9(8)7-10/h1-7,11H",JWAZRIHNYRIHIV-UHFFFAOYSA-N,3370,betanaphthol,135-19-3
CCCCCCCC(=O)O,"InChI=1S/C8H16O2/c1-2-3-4-5-6-7-8(9)10/h2-7H2,1H3,(H,9,10)",WWZKQHOCKIZLMA-UHFFFAOYSA-N,3998,octanoic acid,124-07-2
CCCCCCC(C)NN,"InChI=1S/C8H20N2/c1-3-4-5-6-7-8(2)10-9/h8,10H,3-7,9H2,1-2H3",FODQIVGFADUBKE-UHFFFAOYSA-N,3800,octamoxin,4684-87-1
COC(=O)CCC(=O)CN,"InChI=1S/C6H11NO3/c1-10-6(9)3-2-5(8)4-7/h2-4,7H2,1H3",YUUAYBAIHCDHHD-UHFFFAOYSA-N,168,methyl aminolevulinate,33320-16-0
Oc1cccc2cccnc12,"InChI=1S/C9H7NO/c11-8-5-1-3-7-4-2-6-10-9(7)8/h1-6,11H",MCJGNVYPOGVAJF-UHFFFAOYSA-N,3290,oxyquinoline,148-24-3
CCC(C)(CC)OC(N)=O,"InChI=1S/C7H15NO2/c1-4-7(3,5-2)10-6(8)9/h4-5H2,1-3H3,(H2,8,9)",SLWGJZPKHAXZQL-UHFFFAOYSA-N,1004,emylcamate,78-28-4
CC(N)CCCC(C)(C)O,"InChI=1S/C8H19NO/c1-7(9)5-4-6-8(2,3)10/h7,10H,4-6,9H2,1-3H3",LREQLEBVOXIEOM-UHFFFAOYSA-N,1361,heptaminol,372-66-7
O=c1cc(O)[nH]cc1Cl,"InChI=1S/C5H4ClNO2/c6-3-2-7-5(9)1-4(3)8/h1-2H,(H2,7,8,9)",ZPLQIPFOCGIIHV-UHFFFAOYSA-N,1293,gimeracil,103766-25-2
O=C(O)CCCCC(=O)O,"InChI=1S/C6H10O4/c7-5(8)3-1-2-4-6(9)10/h1-4H2,(H,7,8)(H,9,10)",WNLRTRBMVRJNCN-UHFFFAOYSA-N,3474,adipic acid,124-04-9
O=c1ccc2ccccc2o1,InChI=1S/C9H6O2/c10-9-6-5-7-3-1-2-4-8(7)11-9/h1-6H,ZYGHJZDHTFUPRJ-UHFFFAOYSA-N,738,coumarin,91-64-5
NCCCCC(N)C(=O)O,"InChI=1S/C6H14N2O2/c7-4-2-1-3-5(8)6(9)10/h5H,1-4,7-8H2,(H,9,10)/t5-/m0/s1",KDXKERNSBIXSRK-YFKPBYRVSA-N,1622,lysine,56-87-1
C[N+](C)(C)CC1COCO1,"InChI=1S/C7H16NO2/c1-8(2,3)4-7-5-9-6-10-7/h7H,4-6H2,1-3H3/q+1",HJPHIJVSRJVAGC-UHFFFAOYSA-N,3405,oxapropanium,5818-18-8
CC(=O)OCC[N+](C)(C)C,"InChI=1S/C7H16NO2/c1-7(9)10-6-5-8(2,3)4/h5-6H2,1-4H3/q+1",OIPILFWXSMYKGL-UHFFFAOYSA-N,65,acetylcholine,51-84-3
NCCNCCNCCN,"InChI=1S/C6H18N4/c7-1-3-9-5-6-10-4-2-8/h9-10H,1-8H2",VILCJCGEZXAXTO-UHFFFAOYSA-N,2738,trientine,112-24-3
NC(CCC(=O)O)C(=O)O,"InChI=1S/C5H9NO4/c6-3(5(9)10)1-2-4(7)8/h3H,1-2,6H2,(H,7,8)(H,9,10)/t3-/m0/s1",WHUUTDBJXJRKMK-VKHMYHEASA-N,1310,glutamic acid,56-86-0
C[N+](C)(C)NCCC(=O)[O-],"InChI=1S/C6H14N2O2/c1-8(2,3)7-5-4-6(9)10/h7H,4-5H2,1-3H3",PVBQYTCFVWZSJK-UHFFFAOYSA-N,3995,meldonium,76144-81-5
CCOC(C)C(O)C(=O)O,"InChI=1S/C6H12O4/c1-3-10-4(2)5(7)6(8)9/h4,6,8-9H,3H2,1-2H3",YRCRRHNVYVFNTM-UHFFFAOYSA-N,3202,ketoxal,27762-78-3
OCCN(CCO)CCO,"InChI=1S/C6H15NO3/c8-4-1-7(2-5-9)3-6-10/h8-10H,1-6H2",GSEJCLTVZPLZKY-UHFFFAOYSA-N,2768,trolamine,102-71-6
CSCCC(N)C(=O)O,"InChI=1S/C5H11NO2S/c1-9-3-2-4(6)5(7)8/h4H,2-3,6H2,1H3,(H,7,8)/t4-/m0/s1",FFEARJCKVFRZRR-BYPYZUCNSA-N,3347,methionine,63-68-3
CNCC(C)c1ccccc1,"InChI=1S/C10H15N/c1-9(8-11-2)10-6-4-3-5-7-10/h3-7,9,11H,8H2,1-2H3",AUFSOOYCQYDGES-UHFFFAOYSA-N,3461,phenpromethamine,93-88-9
CCN(CC)C(=S)S,"InChI=1S/C5H11NS2/c1-3-6(4-2)5(7)8/h3-4H2,1-2H3,(H,7,8)",LMBWSYZSUOEYSN-UHFFFAOYSA-N,931,ditiocarb,148-18-5
O=C(O)C(O)C(O)C(=O)O,"InChI=1S/C4H6O6/c5-1(3(7)8)2(6)4(9)10/h1-2,5-6H,(H,7,8)(H,9,10)/t1-,2-/m1/s1",FEWJPZIEWOKRBE-JCYAYHJZSA-N,2566,tartaric acid,87-69-4
OC1COC(O)C(O)C1O,"InChI=1S/C5H10O5/c6-2-1-10-5(9)4(8)3(2)7/h2-9H,1H2/t2-,3+,4-,5?/m1/s1",SRBFZHDQGSBBOR-IOVATXLUSA-N,2854,xylose,58-86-6
CC(=O)Oc1cccc(C)c1,"InChI=1S/C9H10O2/c1-7-4-3-5-9(6-7)11-8(2)10/h3-6H,1-2H3",OTGAHJPFNKQGAE-UHFFFAOYSA-N,3118,cresatin,122-46-3
CCC(=O)c1ccc(O)cc1,"InChI=1S/C9H10O2/c1-2-9(11)7-3-5-8(10)6-4-7/h3-6,10H,2H2,1H3",RARSHUDCJQSEFJ-UHFFFAOYSA-N,2069,paroxypropione,70-70-2
CC(Cc1ccccc1)NN,"InChI=1S/C9H14N2/c1-8(11-10)7-9-5-3-2-4-6-9/h2-6,8,11H,7,10H2,1H3",VXTWEDPZMSVFEF-UHFFFAOYSA-N,2131,pheniprazine,55-52-7
CC(=O)Nc1ccc(O)cc1,"InChI=1S/C8H9NO2/c1-6(10)9-7-2-4-8(11)5-3-7/h2-5,11H,1H3,(H,9,10)",RZVAJINKPMORJF-UHFFFAOYSA-N,52,paracetamol,103-90-2
NCc1ccc(C(=O)O)cc1,"InChI=1S/C8H9NO2/c9-5-6-1-3-7(4-2-6)8(10)11/h1-4H,5,9H2,(H,10,11)",QCTBMLYLENLHLA-UHFFFAOYSA-N,22,aminomethylbenzoic acid,56-91-7
NC(=O)NNc1ccccc1,"InChI=1S/C7H9N3O/c8-7(11)10-9-6-4-2-1-3-5-6/h1-5,9H,(H3,8,10,11)",AVKHCKXGKPAGEI-UHFFFAOYSA-N,2128,phenicarbazide,103-03-7
CC(N)C(O)c1ccccc1,"InChI=1S/C9H13NO/c1-7(10)9(11)8-5-3-2-4-6-8/h2-7,9,11H,10H2,1H3/t7-,9+/m0/s1",DLNKOYKMWOXYQA-IONNQARKSA-N,3389,cathine,492-39-7
CC(N)Cc1ccc(O)cc1,"InChI=1S/C9H13NO/c1-7(10)6-8-2-4-9(11)5-3-8/h2-5,7,11H,6,10H2,1H3",GIKNHHRFLCDOEU-UHFFFAOYSA-N,1394,hydroxyamfetamine,103-86-6
CC(N)Cc1cccc(O)c1,"InChI=1S/C9H13NO/c1-7(10)5-8-3-2-4-9(11)6-8/h2-4,6-7,11H,5,10H2,1H3/t7-/m0/s1",WTDGMHYYGNJEKQ-ZETCQYMHSA-N,1290,gepefrine,18840-47-6
COC(=O)c1ccc(O)cc1,"InChI=1S/C8H8O3/c1-11-8(10)6-2-4-7(9)5-3-6/h2-5,9H,1H3",LXCFILQKKLGQFO-UHFFFAOYSA-N,1766,methylparaben,99-76-3
O=C(O)C(O)c1ccccc1,"InChI=1S/C8H8O3/c9-7(8(10)11)6-4-2-1-3-5-6/h1-5,7,9H,(H,10,11)",IWYDHOAUDWTVEP-UHFFFAOYSA-N,1629,mandelic acid,90-64-2
O=C(NCO)c1cccnc1,"InChI=1S/C7H8N2O2/c10-5-9-7(11)6-2-1-3-8-4-6/h1-4,10H,5H2,(H,9,11)",JRFKIOFLCXKVOT-UHFFFAOYSA-N,1905,hydroxymethylnicotinamide,3569-99-1
S=c1[nH]cnc2[nH]ncc12,"InChI=1S/C5H4N4S/c10-5-3-1-8-9-4(3)6-2-7-5/h1-2H,(H2,6,7,8,9,10)",PYAOPMWCFSVFOT-UHFFFAOYSA-N,2682,tisopurine,5334-23-6
CC1=CC(=O)CC(C(C)C)C1,"InChI=1S/C10H16O/c1-7(2)9-4-8(3)5-10(11)6-9/h5,7,9H,4,6H2,1-3H3",XHJJEWBMBSQVCJ-UHFFFAOYSA-N,3755,homocamfin,28587-71-5
Nc1ccc(O)c(C(=O)O)c1,"InChI=1S/C7H7NO3/c8-4-1-2-6(9)5(3-4)7(10)11/h1-3,9H,8H2,(H,10,11)",KBOPZPXVLCULAV-UHFFFAOYSA-N,1710,mesalazine,89-57-6
NCC(O)c1ccc(O)cc1,"InChI=1S/C8H11NO2/c9-5-8(11)6-1-3-7(10)4-2-6/h1-4,8,10-11H,5,9H2",QHGUCRYDKWKLMG-UHFFFAOYSA-N,3396,octopamine,104-14-3
C=C(C#N)C(=O)OCCCC,"InChI=1S/C8H11NO2/c1-3-4-5-11-8(10)7(2)6-9/h2-5H2,1H3",JJJFUHOGVZWXNQ-UHFFFAOYSA-N,3056,enbucrilate,6606-65-1
NCC(O)c1cccc(O)c1,"InChI=1S/C8H11NO2/c9-5-8(11)6-2-1-3-7(10)4-6/h1-4,8,10-11H,5,9H2",LRCXRAABFLIVAI-UHFFFAOYSA-N,1966,norfenefrine,536-21-0
ClC(Cl)(Cl)Cl,"InChI=1S/CCl4/c2-1(3,4)5",VZGDMQKNWNREIO-UHFFFAOYSA-N,3067,carbon tetrachloride,56-23-5
O=C(O)c1cc(O)ccc1O,"InChI=1S/C7H6O4/c8-4-1-2-6(9)5(3-4)7(10)11/h1-3,8-9H,(H,10,11)",WXTMDXOMEHJXQO-UHFFFAOYSA-N,3260,gentisic acid,490-79-9
CCC(C)(C)N=C(N)NC#N,"InChI=1S/C7H14N4/c1-4-7(2,3)11-6(9)10-5-8/h4H2,1-3H3,(H3,9,10,11)",VZVGEDRCVUKSEL-UHFFFAOYSA-N,1341,guancidine,1113-10-6
C=CCn1c(O)c(C)oc1=O,"InChI=1S/C7H9NO3/c1-3-4-8-6(9)5(2)11-7(8)10/h3,5H,1,4H2,2H3",XWZXRENCCHMZNF-UHFFFAOYSA-N,3666,allomethadione,526-35-2
NC(Cc1c[nH]cn1)C(=O)O,"InChI=1S/C6H9N3O2/c7-5(6(10)11)1-4-2-8-3-9-4/h2-3,5H,1,7H2,(H,8,9)(H,10,11)/t5-/m0/s1",HNDVDQJCIGZPNO-YFKPBYRVSA-N,1377,histidine,71-00-1
CCC1(C)CC(=O)NC(=O)C1,"InChI=1S/C8H13NO2/c1-3-8(2)4-6(10)9-7(11)5-8/h3-5H2,1-2H3,(H,9,10,11)",ORRZGUBHBVWWOP-UHFFFAOYSA-N,3013,bemegride,64-65-3
C=CCC(CC)(CC)C(N)=O,"InChI=1S/C9H17NO/c1-4-7-9(5-2,6-3)8(10)11/h4H,1,5-7H2,2-3H3,(H2,10,11)",LOMDVEFCNVDZMZ-UHFFFAOYSA-N,3640,valdetamide,512-48-1
CN1C(C)(C)CCCC1(C)C,"InChI=1S/C10H21N/c1-9(2)7-6-8-10(3,4)11(9)5/h6-8H2,1-5H3",XULIXFLCVXWHRF-UHFFFAOYSA-N,2076,pempidine,79-55-0
CN(CCCl)CCCl,"InChI=1S/C5H11Cl2N/c1-8(4-2-6)5-3-7/h2-5H2,1H3",HAWPXGHAZFHHAD-UHFFFAOYSA-N,1647,mechlorethamine,51-75-2
O=C(O)c1cc(=O)[nH]c(=O)[nH]1,"InChI=1S/C5H4N2O4/c8-3-1-2(4(9)10)6-5(11)7-3/h1H,(H,9,10)(H2,6,7,8,11)",PXQPEWDEAKTCGB-UHFFFAOYSA-N,3402,orotic acid,65-86-1
O=[N+]([O-])c1ccc(C=NO)o1,"InChI=1S/C5H4N2O4/c8-6-3-4-1-2-5(11-4)7(9)10/h1-3,8H",PTBKFATYSVLSSD-UHFFFAOYSA-N,3381,nifuroxime,6236-05-1
CC=C(CC)C(=O)NC(N)=O,"InChI=1S/C7H12N2O2/c1-3-5(4-2)6(10)9-7(8)11/h3H,4H2,1-2H3,(H3,8,9,10,11)/b5-3-",QCUPYFTWJOZAOB-HYXAFXHYSA-N,984,ectylurea,95-04-5
CC1CCC(C(C)C)C(O)C1,"InChI=1S/C10H20O/c1-7(2)9-5-4-8(3)6-10(9)11/h7-11H,4-6H2,1-3H3/t8-,9+,10-/m1/s1",NOOLISFMXDJSKH-KXUCPTDWSA-N,934,levomenthol,89-78-1
Cc1cc(O)cc(C)c1Cl,"InChI=1S/C8H9ClO/c1-5-3-7(10)4-6(2)8(5)9/h3-4,10H,1-2H3",OSDLLIBGSJNGJE-UHFFFAOYSA-N,3094,chloroxylenol,88-04-0
O=C(O)c1nc(=O)[nH]c(=O)[nH]1,"InChI=1S/C4H3N3O4/c8-2(9)1-5-3(10)7-4(11)6-1/h(H,8,9)(H2,5,6,7,10,11)",RYYCJUAHISIHTL-UHFFFAOYSA-N,2002,oteracil,937-13-3
COCc1ccc([N+](=O)[O-])o1,"InChI=1S/C6H7NO4/c1-10-4-5-2-3-6(11-5)7(8)9/h2-3H,4H2,1H3",JXUMCVDPMJWGSI-UHFFFAOYSA-N,3775,furamicid,586-84-5
CCC1(C)OC(=O)N(C)C1=O,"InChI=1S/C7H11NO3/c1-4-7(2)5(9)8(3)6(10)11-7/h4H2,1-3H3",VQASKUSHBVDKGU-UHFFFAOYSA-N,2059,paramethadione,115-67-3
CCN1C(=O)OC(C)(C)C1=O,"InChI=1S/C7H11NO3/c1-4-8-5(9)7(2,3)11-6(8)10/h4H2,1-3H3",SIGSNYAYBSJATD-UHFFFAOYSA-N,1072,ethadione,520-77-4
CCCC1OC1(CC)C(N)=O,"InChI=1S/C8H15NO2/c1-3-5-6-8(4-2,11-6)7(9)10/h6H,3-5H2,1-2H3,(H2,9,10)",WBLPIVIXQOFTPQ-UHFFFAOYSA-N,2010,oxanamide,126-93-2
CCCCN=C(N)N=C(N)N,"InChI=1S/C6H15N5/c1-2-3-4-10-6(9)11-5(7)8/h2-4H2,1H3,(H6,7,8,9,10,11)",XSEUMFJMFFMCIU-UHFFFAOYSA-N,423,buformin,692-13-7
CCN(CC)C(=O)CC(C)C,"InChI=1S/C9H19NO/c1-5-10(6-2)9(11)7-8(3)4/h8H,5-7H2,1-4H3",QZMQDHNCNUGQSO-UHFFFAOYSA-N,3762,isovaleryl diethylamide,533-32-4
NC(=O)CN1CC(O)CC1=O,"InChI=1S/C6H10N2O3/c7-5(10)3-8-2-4(9)1-6(8)11/h4,9H,1-3H2,(H2,7,10)",IHLAQQPQKRMGSS-UHFFFAOYSA-N,2021,oxiracetam,62613-82-5
Cc1ccc(O)c2ncccc12,"InChI=1S/C10H9NO/c1-7-4-5-9(12)10-8(7)3-2-6-11-10/h2-6,12H,1H3",RPVGLMKJGQMQSN-UHFFFAOYSA-N,2664,tiliquinol,5541-67-3
CC(=O)NC1CCSC1=O,"InChI=1S/C6H9NO2S/c1-4(8)7-5-2-3-10-6(5)9/h5H,2-3H2,1H3,(H,7,8)",NRFJZTXWLKPZAV-UHFFFAOYSA-N,665,citiolone,1195-16-0
C#CCN(C)Cc1ccccc1,"InChI=1S/C11H13N/c1-3-9-12(2)10-11-7-5-4-6-8-11/h1,4-8H,9-10H2,2H3",DPWPWRLQFGFJFI-UHFFFAOYSA-N,2065,pargyline,555-57-7
Cc1coc2ccccc2c1=O,"InChI=1S/C10H8O2/c1-7-6-12-9-5-3-2-4-8(9)10(7)11/h2-6H,1H3",ABJKIHHNDMEBNA-UHFFFAOYSA-N,3632,methylchromone,85-90-5
c1ccc(CC2=NCCN2)cc1,"InChI=1S/C10H12N2/c1-2-4-9(5-3-1)8-10-11-6-7-12-10/h1-5H,6-8H2,(H,11,12)",JIVZKJJQOZQXQB-UHFFFAOYSA-N,2695,tolazoline,59-98-3
CC(=O)OC(C)C[N+](C)(C)C,"InChI=1S/C8H18NO2/c1-7(11-8(2)10)6-9(3,4)5/h7H,6H2,1-5H3/q+1",NZWOPGCLSHLLPA-UHFFFAOYSA-N,1726,methacholine,55-92-5
COC(=O)CCC[N+](C)(C)C,"InChI=1S/C8H18NO2/c1-9(2,3)7-5-6-8(10)11-4/h5-7H2,1-4H3/q+1",XQSLKIBWQSTAGK-UHFFFAOYSA-N,519,carpronium,13254-33-6
CC(C[N+](C)(C)C)OC(N)=O,"InChI=1S/C7H16N2O2/c1-6(11-7(8)10)5-9(2,3)4/h6H,5H2,1-4H3,(H-,8,10)/p+1",NZUPCNDJBJXXRF-UHFFFAOYSA-O,358,bethanechol,674-38-4
Cc1ncsc1CCCl,"InChI=1S/C6H8ClNS/c1-5-6(2-3-7)9-4-8-5/h4H,2-3H2,1H3",PCLITLDOTJTVDJ-UHFFFAOYSA-N,602,clomethiazole,533-45-9
CC(O)(CC(=O)O)CC(=O)O,"InChI=1S/C6H10O5/c1-6(11,2-4(7)8)3-5(9)10/h11H,2-3H2,1H3,(H,7,8)(H,9,10)",NPOAOTPXWNWTSH-UHFFFAOYSA-N,1670,meglutol,503-49-1
Oc1ccccc1-c1nnco1,"InChI=1S/C8H6N2O2/c11-7-4-2-1-3-6(7)8-10-9-5-12-8/h1-5,11H",OINXXHYENYVYPB-UHFFFAOYSA-N,3745,fenadiazole,1008-65-7
CC(O)CCOCCC(C)O,"InChI=1S/C8H18O3/c1-7(9)3-5-11-6-4-8(2)10/h7-10H,3-6H2,1-2H3",AFSYRVDDZGJTIL-UHFFFAOYSA-N,891,oxydibutanol,821-33-0
CN1CCCC1c1cccnc1,"InChI=1S/C10H14N2/c1-12-7-3-5-10(12)9-4-2-6-11-8-9/h2,4,6,8,10H,3,5,7H2,1H3/t10-/m0/s1",SNICXCGAKADSCV-JTQLQIEISA-N,1920,nicotine,54-11-5
O=c1[nH]c(=O)c2ccccc2o1,"InChI=1S/C8H5NO3/c10-7-5-3-1-2-4-6(5)12-8(11)9-7/h1-4H,(H,9,10,11)",OAYRYNVEFFWSHK-UHFFFAOYSA-N,3705,carsalam,2037-95-8
CC(S)C(=O)NCC(=O)O,"InChI=1S/C5H9NO3S/c1-3(10)5(9)6-2-4(7)8/h3,10H,2H2,1H3,(H,6,9)(H,7,8)",YTGJWQPHMWSCST-UHFFFAOYSA-N,2676,tiopronin,1953-02-2
CC(c1ccccc1)C(C)(C)N,"InChI=1S/C11H17N/c1-9(11(2,3)12)10-7-5-4-6-8-10/h4-9H,12H2,1-3H3",UMWAUEZOGHNSCH-UHFFFAOYSA-N,3426,pentorex,434-43-5
CNC(C)(C)Cc1ccccc1,"InChI=1S/C11H17N/c1-11(2,12-3)9-10-7-5-4-6-8-10/h4-8,12H,9H2,1-3H3",RXQCGGRTAILOIN-UHFFFAOYSA-N,1694,mephentermine,100-92-5
CCNC(C)Cc1ccccc1,"InChI=1S/C11H17N/c1-3-12-10(2)9-11-7-5-4-6-8-11/h4-8,10,12H,3,9H2,1-2H3",YAGBSNMZQKEFCO-UHFFFAOYSA-N,1100,etilamfetamine,457-87-4
O=C(O)C(Cl)(Cl)Cl,"InChI=1S/C2HCl3O2/c3-2(4,5)1(6)7/h(H,6,7)",YNJBWRMUSHSURL-UHFFFAOYSA-N,3627,trichloroacetic acid,76-03-9
O=C(O)CCCc1ccccc1,"InChI=1S/C10H12O2/c11-10(12)8-4-7-9-5-2-1-3-6-9/h1-3,5-6H,4,7-8H2,(H,11,12)",OBKXEAXTFZPCHS-UHFFFAOYSA-N,24,phenylbutanoic acid,1821-12-1
CCCCC(O)c1ccccc1,"InChI=1S/C11H16O/c1-2-3-9-11(12)10-7-5-4-6-8-10/h4-8,11-12H,2-3,9H2,1H3",OVGORFFCBUIFIA-UHFFFAOYSA-N,1151,fenipentol,583-03-9
C[S+](C)CCC(N)C(=O)O,"InChI=1S/C6H13NO2S/c1-10(2)4-3-5(7)6(8)9/h5H,3-4,7H2,1-2H3/p+1/t5-/m0/s1",YDBYJHTYSHBBAU-YFKPBYRVSA-O,3354,methiosulfonium chloride,1115-84-0
COC(F)(F)C(Cl)Cl,"InChI=1S/C3H4Cl2F2O/c1-8-3(6,7)2(4)5/h2H,1H3",RFKMCNOHBTXSMU-UHFFFAOYSA-N,1754,methoxyflurane,76-38-0
CC(O)(C(N)=O)c1ccccc1,"InChI=1S/C9H11NO2/c1-9(12,8(10)11)7-5-3-2-4-6-7/h2-6,12H,1H3,(H2,10,11)",FWTXWYXPXGKVJG-UHFFFAOYSA-N,3679,atrolactamide,2019-68-3
NC(Cc1ccccc1)C(=O)O,"InChI=1S/C9H11NO2/c10-8(9(11)12)6-7-4-2-1-3-5-7/h1-5,8H,6,10H2,(H,11,12)/t8-/m0/s1",COLNVLDHVKWLRT-QMMMGPOBSA-N,2144,phenylalanine,63-91-2
CCOc1ccccc1C(N)=O,"InChI=1S/C9H11NO2/c1-2-12-8-6-4-3-5-7(8)9(10)11/h3-6H,2H2,1H3,(H2,10,11)",SBNKFTQSBPKMBZ-UHFFFAOYSA-N,1080,ethenzamide,938-73-8
CNC(C)Cc1ccc(O)cc1,"InChI=1S/C10H15NO/c1-8(11-2)7-9-3-5-10(12)6-4-9/h3-6,8,11-12H,7H2,1-2H3",SBUQZKJEOOQSBV-UHFFFAOYSA-N,3463,pholedrine,370-14-9
ClC(Cl)=C(Cl)Cl,InChI=1S/C2Cl4/c3-1(4)2(5)6,CYTYCFOTNPOANT-UHFFFAOYSA-N,3587,tetrachloroethylene,127-18-4
CC(COc1ccccc1)NN,"InChI=1S/C9H14N2O/c1-8(11-10)7-12-9-5-3-2-4-6-9/h2-6,8,11H,7,10H2,1H3",QNEXFJFTGQBXBJ-UHFFFAOYSA-N,3814,fenoxypropazine,3818-37-9
CC[N+](C)(C)c1cccc(O)c1,"InChI=1S/C10H15NO/c1-4-11(2,3)9-6-5-7-10(12)8-9/h5-8H,4H2,1-3H3/p+1",VWLHWLSRQJQWRG-UHFFFAOYSA-O,988,edrophonium,312-48-1
CCc1cc(C(N)=S)ccn1,"InChI=1S/C8H10N2S/c1-2-7-5-6(8(9)11)3-4-10-7/h3-5H,2H2,1H3,(H2,9,11)",AEOCXXJPGCBFJA-UHFFFAOYSA-N,1083,ethionamide,536-33-4
COC(=O)c1ccc(O)c(N)c1,"InChI=1S/C8H9NO3/c1-12-8(11)5-2-3-7(10)6(9)4-5/h2-4,10H,9H2,1H3",VNQABZCSYCTZMS-UHFFFAOYSA-N,3403,orthocaine,536-25-4
NNC(=O)c1ccc(N)cc1O,"InChI=1S/C7H9N3O2/c8-4-1-2-5(6(11)3-4)7(12)10-9/h1-3,11H,8-9H2,(H,10,12)",FYZGXAKJVDHGDR-UHFFFAOYSA-N,2051,aminosalicylic acid hydrazide,6946-29-8
Nc1nc(=S)c2[nH]cnc2[nH]1,"InChI=1S/C5H5N5S/c6-5-9-3-2(4(11)10-5)7-1-8-3/h1H,(H4,6,7,8,9,10,11)",WYWHKKSPHMUBEB-UHFFFAOYSA-N,2632,thioguanine,154-42-7
CNCC(O)c1ccc(O)cc1,"InChI=1S/C9H13NO2/c1-10-6-9(12)7-2-4-8(11)5-3-7/h2-5,9-12H,6H2,1H3",YRCWQPVGYLYSOX-UHFFFAOYSA-N,3577,oxedrine,94-07-5
CCC1(CC)C(=O)CC=NC1=O,"InChI=1S/C9H13NO2/c1-3-9(4-2)7(11)5-6-10-8(9)12/h5-6H,3-4H2,1-2H3,(H,10,12)",NZASCBIBXNPDMH-UHFFFAOYSA-N,3509,pyrithyldione,77-04-3
C#CC1(OC(N)=O)CCCCC1,"InChI=1S/C9H13NO2/c1-2-9(12-8(10)11)6-4-3-5-7-9/h1H,3-7H2,(H2,10,11)",GXRZIMHKGDIBEW-UHFFFAOYSA-N,1081,ethinamate,126-52-3
O=c1oc2cc(O)ccc2s1,"InChI=1S/C7H4O3S/c8-4-1-2-6-5(3-4)10-7(9)11-6/h1-3,8H",SLYPOVJCSQHITR-UHFFFAOYSA-N,3607,tioxolone,4991-65-5
CC(=CC(=O)O)C1CCCCC1,"InChI=1S/C10H16O2/c1-8(7-10(11)12)9-5-3-2-4-6-9/h7,9H,2-6H2,1H3,(H,11,12)",WVRIPRILKKOIQL-UHFFFAOYSA-N,3710,cicrotoic acid,25229-42-9
Nc1nc2cc(Cl)ccc2o1,"InChI=1S/C7H5ClN2O/c8-4-1-2-6-5(3-4)10-7(9)11-6/h1-3H,(H2,9,10)",YGCODSQDUUUKIV-UHFFFAOYSA-N,2876,zoxazolamine,61-80-3
Cc1ncc(CO)c(CO)c1O,"InChI=1S/C8H11NO3/c1-5-8(12)7(4-11)6(3-10)2-9-5/h2,10-12H,3-4H2,1H3",LXNHXLLTXMVWPM-UHFFFAOYSA-N,2836,pyridoxine,65-23-6
CCC1(CC)C(=O)CCNC1=O,"InChI=1S/C9H15NO2/c1-3-9(4-2)7(11)5-6-10-8(9)12/h3-6H2,1-2H3,(H,10,12)",RGEVWUKXWFOAID-UHFFFAOYSA-N,2189,piperidione,77-03-2
CC1=CCC(C(C)(C)O)CC1O,"InChI=1S/C10H18O2/c1-7-4-5-8(6-9(7)11)10(2,3)12/h4,8-9,11-12H,5-6H2,1-3H3",OMDMTHRBGUBUCO-UHFFFAOYSA-N,2454,sobrerol,498-71-5
CCC1(CC)COC(=O)NC1=O,"InChI=1S/C8H13NO3/c1-3-8(4-2)5-12-7(11)9-6(8)10/h3-5H2,1-2H3,(H,9,10,11)",ORTYMGHCFWKXHO-UHFFFAOYSA-N,3729,diethadione,702-54-5
N=C(N)N=C(N)N1CCOCC1,"InChI=1S/C6H13N5O/c7-5(8)10-6(9)11-1-3-12-4-2-11/h1-4H2,(H5,7,8,9,10)",KJHOZAZQWVKILO-UHFFFAOYSA-N,1844,moroxydine,3731-59-7
C#CCNC1CCc2ccccc21,"InChI=1S/C12H13N/c1-2-9-13-12-8-7-10-5-3-4-6-11(10)12/h1,3-6,12-13H,7-9H2/t12-/m1/s1",RUOKEQAAGRXIBM-GFCCVEGCSA-N,3521,rasagiline,136236-51-6
CC(C)CCCC(C)NC(C)C,"InChI=1S/C11H25N/c1-9(2)7-6-8-11(5)12-10(3)4/h9-12H,6-8H2,1-5H3",NKGYBXHAQAKSSG-UHFFFAOYSA-N,3783,iproheptine,13946-02-6
CC1=CC(=O)c2ccccc2C1=O,"InChI=1S/C11H8O2/c1-7-6-10(12)8-4-2-3-5-9(8)11(7)13/h2-6H,1H3",MJVAVZPDRWSRRC-UHFFFAOYSA-N,1683,menadione,58-27-5
O=C(O)CC1(CO)CCCCC1,"InChI=1S/C9H16O3/c10-7-9(6-8(11)12)4-2-1-3-5-9/h10H,1-7H2,(H,11,12)",WMJPAYUKEVEBCN-UHFFFAOYSA-N,3459,sodium hexacyclonate,7009-49-6
CC1(O)CCC(C(C)(C)O)CC1,"InChI=1S/C10H20O2/c1-9(2,11)8-4-6-10(3,12)7-5-8/h8,11-12H,4-7H2,1-3H3/t8-,10+",RBNWAMSGVWEHFP-WAAGHKOSSA-N,2604,terpin,565-48-0
OCC(CO)(CCl)CCl,"InChI=1S/C5H10Cl2O2/c6-1-5(2-7,3-8)4-9/h8-9H,1-4H2",YFESJHPTNWYOCO-UHFFFAOYSA-N,3807,loprodiol,2209-86-1
CC(=O)N1CC(O)CC1C(=O)O,"InChI=1S/C7H11NO4/c1-4(9)8-3-5(10)2-6(8)7(11)12/h5-6,10H,2-3H2,1H3,(H,11,12)/t5-,6+/m1/s1",BAPRUDZDYCKSOQ-RITPCOANSA-N,2005,oxaceprol,33996-33-7
CC(=O)NCCCCCC(=O)O,"InChI=1S/C8H15NO3/c1-7(10)9-6-4-2-3-5-8(11)12/h2-6H2,1H3,(H,9,10)(H,11,12)",WDSCBUNMANHPFH-UHFFFAOYSA-N,3000,acexamic acid,57-08-9
CC(=O)NC(CC(C)C)C(=O)O,"InChI=1S/C8H15NO3/c1-5(2)4-7(8(11)12)9-6(3)10/h5,7H,4H2,1-3H3,(H,9,10)(H,11,12)",WXNXCEHXYPACJF-UHFFFAOYSA-N,71,acetylleucine,99-15-0
Cc1cc(OS(=O)(=O)O)c2ccccc2c1OS(=O)(=O)O,"InChI=1S/C11H10O8S2/c1-7-6-10(18-20(12,13)14)8-4-2-3-5-9(8)11(7)19-21(15,16)17/h2-6H,1H3,(H,12,13,14)(H,15,16,17)",JYJGXBHAXCGVHV-UHFFFAOYSA-N,1680,menadiol sulfate,481-85-6
N=C(N)NCCCC(N)C(=O)O,"InChI=1S/C6H14N4O2/c7-4(5(11)12)2-1-3-10-6(8)9/h4H,1-3,7H2,(H,11,12)(H4,8,9,10)/t4-/m0/s1",ODKSFYDXXFIFQN-BYPYZUCNSA-N,1549,arginine hydrochloride,74-79-3
C#CC(OC(N)=O)c1ccccc1,"InChI=1S/C10H9NO2/c1-2-9(13-10(11)12)8-6-4-3-5-7-8/h1,3-7,9H,(H2,11,12)",MTTYXGPMZKRTCI-UHFFFAOYSA-N,3703,carfimate,3567-38-2
NC(=O)NCCCC(N)C(=O)O,"InChI=1S/C6H13N3O3/c7-4(5(10)11)2-1-3-9-6(8)12/h4H,1-3,7H2,(H,10,11)(H3,8,9,12)/t4-/m0/s1",RHGKLRLOHDJJDR-BYPYZUCNSA-N,3103,citrulline,372-75-8
CC(=Cc1ccccc1)CC(N)=O,"InChI=1S/C11H13NO/c1-9(8-11(12)13)7-10-5-3-2-4-6-10/h2-7H,8H2,1H3,(H2,12,13)",KAJZGRFYZKWYDX-UHFFFAOYSA-N,3682,benzalamide,7236-47-7
N=C(N)N1CCc2ccccc2C1,"InChI=1S/C10H13N3/c11-10(12)13-6-5-8-3-1-2-4-9(8)7-13/h1-4H,5-7H2,(H3,11,12)",JWPGJSVJDAJRLW-UHFFFAOYSA-N,788,debrisoquine,1131-64-2
O=C1OC(C(=O)CO)C(O)C1O,"InChI=1S/C6H8O6/c7-1-2(8)5-3(9)4(10)6(11)12-5/h1-5,8-10H/t2-,3+,4-,5+/m0/s1",UYUXSRADSPPKRZ-SKNVOMKLSA-N,3266,glucurolactone,32449-92-6
Cc1cc(=O)oc2cc(O)ccc12,"InChI=1S/C10H8O3/c1-6-4-10(12)13-9-5-7(11)2-3-8(6)9/h2-5,11H,1H3",HSHNITRMYYLLCV-UHFFFAOYSA-N,1401,hymecromone,90-33-5
Nc1nc(O)c(-c2ccccc2)o1,"InChI=1S/C9H8N2O2/c10-9-11-8(12)7(13-9)6-4-2-1-3-5-6/h1-5,7H,(H2,10,11,12)",NRNCYVBFPDDJNE-UHFFFAOYSA-N,2075,pemoline,2152-34-3
CN1C(=O)CCC1c1cccnc1,"InChI=1S/C10H12N2O/c1-12-9(4-5-10(12)13)8-3-2-6-11-7-8/h2-3,6-7,9H,4-5H2,1H3/t9-/m0/s1",UIKROCXWUNQSPJ-VIFPVBQESA-N,737,cotinine,486-56-6
OCc1ccc(Cl)cc1Cl,"InChI=1S/C7H6Cl2O/c8-6-2-1-5(4-10)7(9)3-6/h1-3,10H,4H2",DBHODFSFBXJZNY-UHFFFAOYSA-N,3140,dichlorobenzyl alcohol,1777-82-8
O=C(O)C1CSC(C(=O)O)N1,"InChI=1S/C5H7NO4S/c7-4(8)2-1-11-3(6-2)5(9)10/h2-3,6H,1H2,(H,7,8)(H,9,10)",DAXBISKSIDBYEU-UHFFFAOYSA-N,2659,tidiacic,30097-06-4
CC(C(=O)c1ccccc1)N(C)C,"InChI=1S/C11H15NO/c1-9(12(2)3)11(13)10-7-5-4-6-8-10/h4-9H,1-3H3",KBHMHROOFHVLBA-UHFFFAOYSA-N,3772,metamfepramone,15351-09-4
CC1NCCOC1c1ccccc1,"InChI=1S/C11H15NO/c1-9-11(13-8-7-12-9)10-5-3-2-4-6-10/h2-6,9,11-12H,7-8H2,1H3",OOBHFESNSZDWIU-UHFFFAOYSA-N,2133,phenmetrazine,134-49-6
CN=C(NC)NCc1ccccc1,"InChI=1S/C10H15N3/c1-11-10(12-2)13-8-9-6-4-3-5-7-9/h3-7H,8H2,1-2H3,(H2,11,12,13)",NIVZHWNOUVJHKV-UHFFFAOYSA-N,359,betanidine,55-73-2
CC(C)(O)C(Cl)(Cl)Cl,"InChI=1S/C4H7Cl3O/c1-3(2,8)4(5,6)7/h8H,1-2H3",OSASVXMJTNOKOY-UHFFFAOYSA-N,3092,chlorobutanol,57-15-8
NC(=O)NC(=O)Cc1ccccc1,"InChI=1S/C9H10N2O2/c10-9(13)11-8(12)6-7-4-2-1-3-5-7/h1-5H,6H2,(H3,10,11,12,13)",XPFRXWCVYUEORT-UHFFFAOYSA-N,2114,phenacemide,63-98-9
CCN(CC)C(=O)c1cccnc1,"InChI=1S/C10H14N2O/c1-3-12(4-2)10(13)9-6-5-7-11-8-9/h5-8H,3-4H2,1-2H3",NCYVXEGFNDZQCU-UHFFFAOYSA-N,3383,nikethamide,59-26-7
NC1C(O)OC(CO)C(O)C1O,"InChI=1S/C6H13NO5/c7-3-5(10)4(9)2(1-8)12-6(3)11/h2-6,8-11H,1,7H2/t2-,3-,4-,5-,6?/m1/s1",MSWZFWKMSRAUBD-IVMDWMLBSA-N,1307,glucosamine,3416-24-8
CC(=O)NC(=O)c1ccccc1O,"InChI=1S/C9H9NO3/c1-6(11)10-9(13)7-4-2-3-5-8(7)12/h2-5,12H,1H3,(H,10,11,13)",JZWFDVDETGFGFC-UHFFFAOYSA-N,3827,salacetamide,487-48-9
NC(=O)OCCCc1ccccc1,"InChI=1S/C10H13NO2/c11-10(12)13-8-4-7-9-5-2-1-3-6-9/h1-3,5-6H,4,7-8H2,(H2,11,12)",CAMYKONBWHRPDD-UHFFFAOYSA-N,2137,phenprobamate,673-31-4
CNCCc1ccc2c(c1)OCO2,"InChI=1S/C10H13NO2/c1-11-5-4-8-2-3-9-10(6-8)13-7-12-9/h2-3,6,11H,4-5,7H2,1H3",OPJOMVMFYOUDPK-UHFFFAOYSA-N,1378,homarylamine,451-77-4
CC(C)NNC(=O)c1ccncc1,"InChI=1S/C9H13N3O/c1-7(2)11-12-9(13)8-3-5-10-6-4-8/h3-7,11H,1-2H3,(H,12,13)",NYMGNSNKLVNMIA-UHFFFAOYSA-N,1480,iproniazid,54-92-2
NC(CSCCCO)C(=O)O,"InChI=1S/C6H13NO3S/c7-5(6(9)10)4-11-3-1-2-8/h5,8H,1-4,7H2,(H,9,10)/t5-/m0/s1",KINWYTAUPKOPCQ-YFKPBYRVSA-N,1254,fudosteine,13189-98-5
CC(C(O)c1ccccc1)N(C)C,"InChI=1S/C11H17NO/c1-9(12(2)3)11(13)10-7-5-4-6-8-10/h4-9,11,13H,1-3H3/t9-,11-/m0/s1",FMCGSUUBYTWNDP-ONGXEEELSA-N,3351,methylephedrine,552-79-4
CNC(C)Cc1ccccc1OC,"InChI=1S/C11H17NO/c1-9(12-2)8-10-6-4-5-7-11(10)13-3/h4-7,9,12H,8H2,1-3H3",OEHAYUOVELTAPG-UHFFFAOYSA-N,1755,methoxyphenamine,93-30-1
Oc1ccc(Cl)c2cccnc12,"InChI=1S/C9H6ClNO/c10-7-3-4-8(12)9-6(7)2-1-5-11-9/h1-5,12H",CTQMJYWDVABFRZ-UHFFFAOYSA-N,3114,cloxiquine,130-16-5
OC1C(O)C(O)C(O)C(O)C1O,"InChI=1S/C6H12O6/c7-1-2(8)4(10)6(12)5(11)3(1)9/h1-12H/t1-,2-,3-,4+,5-,6-",CDAISMWEOUEBRE-GPIVLXJGSA-N,1444,inositol,87-89-8
OCC1(O)OCC(O)C(O)C1O,"InChI=1S/C6H12O6/c7-2-6(11)5(10)4(9)3(8)1-12-6/h3-5,7-11H,1-2H2/t3-,4-,5+,6?/m1/s1",LKDRXBCSQODPBY-VRPWFDPXSA-N,1252,fructose,6347-01-9
Cn1cnc2c1c(=O)[nH]c(=O)n2C,"InChI=1S/C7H8N4O2/c1-10-3-8-5-4(10)6(12)9-7(13)11(5)2/h3H,1-2H3,(H,9,12,13)",YAPQBXQYLJRXSA-UHFFFAOYSA-N,2618,theobromine,83-67-0
CCCOC(=O)c1ccc(O)cc1,"InChI=1S/C10H12O3/c1-2-7-13-10(12)8-3-5-9(11)6-4-8/h3-6,11H,2,7H2,1H3",QELSKZZBTMNZEB-UHFFFAOYSA-N,2307,propylparaben,94-13-3
C1COC(=NC(C2CC2)C2CC2)N1,"InChI=1S/C10H16N2O/c1-2-7(1)9(8-3-4-8)12-10-11-5-6-13-10/h7-9H,1-6H2,(H,11,12)",CQXADFVORZEARL-UHFFFAOYSA-N,2381,rilmenidine,54187-04-1
CCCc1cc(C(N)=S)ccn1,"InChI=1S/C9H12N2S/c1-2-3-8-6-7(9(10)12)4-5-11-8/h4-6H,2-3H2,1H3,(H2,10,12)",VRDIULHPQTYCLN-UHFFFAOYSA-N,2314,protionamide,14222-60-7
FC(Br)C(F)(F)F,"InChI=1S/C2HBrF4/c3-1(4)2(5,6)7/h1H",RZXZIZDRFQFCTA-UHFFFAOYSA-N,3583,teflurane,124-72-1
NC(Cc1ccc(O)cc1)C(=O)O,"InChI=1S/C9H11NO3/c10-8(9(12)13)5-6-1-3-7(11)4-2-6/h1-4,8,11H,5,10H2,(H,12,13)/t8-/m0/s1",OUYCCCASQSFEME-QMMMGPOBSA-N,2786,tyrosine,60-18-4
NC(=O)OCC(O)c1ccccc1,"InChI=1S/C9H11NO3/c10-9(12)13-6-8(11)7-4-2-1-3-5-7/h1-5,8,11H,6H2,(H2,10,12)",OCSOHUROTFFTFO-UHFFFAOYSA-N,2485,styramate,94-35-9
CNCC(=O)c1ccc(O)c(O)c1,"InChI=1S/C9H11NO3/c1-10-5-9(13)6-2-3-7(11)8(12)4-6/h2-4,10-12H,5H2,1H3",PZMVOUYYNKPMSI-UHFFFAOYSA-N,96,adrenalone,99-45-6
CN(C)C(=O)Oc1ccc[n+](C)c1,"InChI=1S/C9H13N2O2/c1-10(2)9(12)13-8-5-4-6-11(3)7-8/h4-7H,1-3H3/q+1",RVOLLAQWKVFTGE-UHFFFAOYSA-N,2330,pyridostigmine,155-97-5
CNC(C)C(O)c1ccc(O)cc1,"InChI=1S/C10H15NO2/c1-7(11-2)10(13)8-3-5-9(12)6-4-8/h3-7,10-13H,1-2H3/t7-,10-/m0/s1",OXFGTKPPFSCSMA-XVKPBYJWSA-N,3286,oxilofrine,365-26-4
C#CCC1(OC(N)=O)CCCCC1,"InChI=1S/C10H15NO2/c1-2-6-10(13-9(11)12)7-4-3-5-8-10/h1H,3-8H2,(H2,11,12)",MIRHIEAGDGUXKL-UHFFFAOYSA-N,1367,hexapropymate,358-52-1
CCNCC(O)c1cccc(O)c1,"InChI=1S/C10H15NO2/c1-2-11-7-10(13)8-4-3-5-9(12)6-8/h3-6,10-13H,2,7H2,1H3",SQVIAVUSQAWMKL-UHFFFAOYSA-N,1101,etilefrine,709-55-7
FC(F)(F)COCC(F)(F)F,"InChI=1S/C4H4F6O/c5-3(6,7)1-11-2-4(8,9)10/h1-2H2",KGPPDNUWZNWPSI-UHFFFAOYSA-N,3241,flurotyl,333-36-8
NCCCC(N)(C(=O)O)C(F)F,"InChI=1S/C6H12F2N2O2/c7-4(8)6(10,5(11)12)2-1-3-9/h4H,1-3,9-10H2,(H,11,12)",VLCYCQAOQCDTCN-UHFFFAOYSA-N,990,eflornithine,70052-12-9
O=C(OCCO)c1ccccc1O,"InChI=1S/C9H10O4/c10-5-6-13-9(12)7-3-1-2-4-8(7)11/h1-4,10-11H,5-6H2",LVYLCBNXHHHPSB-UHFFFAOYSA-N,3269,glycol salicylate,87-28-5
CCC(=O)c1c(O)cc(O)cc1O,"InChI=1S/C9H10O4/c1-2-6(11)9-7(12)3-5(10)4-8(9)13/h3-4,10,12-13H,2H2,1H3",PTHLEKANMPKYDB-UHFFFAOYSA-N,1180,flopropione,2295-58-1
CC1=CCN(CCN=C(N)N)CC1,"InChI=1S/C9H18N4/c1-8-2-5-13(6-3-8)7-4-12-9(10)11/h2H,3-7H2,1H3,(H4,10,11,12)",WQVAYGCXSJMPRT-UHFFFAOYSA-N,3454,guanacline,1463-28-1
CCC1(CC)C(=O)NCC(C)C1=O,"InChI=1S/C10H17NO2/c1-4-10(5-2)8(12)7(3)6-11-9(10)13/h7H,4-6H2,1-3H3,(H,11,13)",SIDLZWOQUZRBRU-UHFFFAOYSA-N,1774,methyprylon,125-64-4
CC(C)(N)Cc1ccccc1Cl,"InChI=1S/C10H14ClN/c1-10(2,12)7-8-5-3-4-6-9(8)11/h3-6H,7,12H2,1-2H3",HXCXASJHZQXCKK-UHFFFAOYSA-N,715,clortermine,10389-73-8
CC(C)(N)Cc1ccc(Cl)cc1,"InChI=1S/C10H14ClN/c1-10(2,12)7-8-3-5-9(11)6-4-8/h3-6H,7,12H2,1-2H3",ZCKAMNXUHHNZLN-UHFFFAOYSA-N,618,chlorphentermine,461-78-9
CC(C)OP(=O)(F)OC(C)C,"InChI=1S/C6H14FO3P/c1-5(2)9-11(7,8)10-6(3)4/h5-6H,1-4H3",MUCZHBLJLSDCSD-UHFFFAOYSA-N,1494,fluostigmine,55-91-4
C[N+](C)(C)CCOP(=O)([O-])O,"InChI=1S/C5H14NO4P/c1-6(2,3)4-5-10-11(7,8)9/h4-5H2,1-3H3,(H-,7,8,9)",YHHSONZFOIEMCP-UHFFFAOYSA-N,2155,phosphorylcholine,107-73-3
CCC1(CC)C(=O)NC(=O)NC1=O,"InChI=1S/C8H12N2O3/c1-3-8(4-2)5(11)9-7(13)10-6(8)12/h3-4H2,1-2H3,(H2,9,10,11,12,13)",FTOAOBMCPZCFFF-UHFFFAOYSA-N,289,barbital,57-44-3
CC(C=NN=C(N)N)=NN=C(N)N,"InChI=1S/C5H12N8/c1-3(11-13-5(8)9)2-10-12-4(6)7/h2H,1H3,(H4,6,7,12)(H4,8,9,13)/b10-2+,11-3+",MXWHMTNPTTVWDM-NXOFHUPFSA-N,3362,mitoguazone,459-86-9
C=CCC(C(=O)NC(N)=O)C(C)C,"InChI=1S/C9H16N2O2/c1-4-5-7(6(2)3)8(12)11-9(10)13/h4,6-7H,1,5H2,2-3H3,(H3,10,11,12,13)",KSUUMAWCGDNLFK-UHFFFAOYSA-N,3678,apronal,528-92-7
C=CCCCCCCCCC(=O)O,"InChI=1S/C11H20O2/c1-2-3-4-5-6-7-8-9-10-11(12)13/h2H,1,3-10H2,(H,12,13)",FRPZMMHWLSIFAZ-UHFFFAOYSA-N,3446,undecylenic acid,112-38-9
N=C(N)NCC1CCCCCCN1,"InChI=1S/C9H20N4/c10-9(11)13-7-8-5-3-1-2-4-6-12-8/h8,12H,1-7H2,(H4,10,11,13)",ZCVAIGPGEINFCX-UHFFFAOYSA-N,3455,guanazodine,32059-15-7
Cc1ncc([N+](=O)[O-])n1CC(C)O,"InChI=1S/C7H11N3O3/c1-5(11)4-9-6(2)8-3-7(9)10(12)13/h3,5,11H,4H2,1-2H3",KPQZUUQMTUIKBP-UHFFFAOYSA-N,2427,secnidazole,3366-95-8
CCC(OC(N)=O)C1CCCCC1,"InChI=1S/C10H19NO2/c1-2-9(13-10(11)12)8-6-4-3-5-7-8/h8-9H,2-7H2,1H3,(H2,11,12)",IGISNRIWPJVXDB-UHFFFAOYSA-N,3490,procymate,13931-64-1
Nc1cccc(-n2ccccc2=O)c1,"InChI=1S/C11H10N2O/c12-9-4-3-5-10(8-9)13-7-2-1-6-11(13)14/h1-8H,12H2",ZVSGUZQJNXHNIL-UHFFFAOYSA-N,194,amphenidone,134-37-2
CC1(C)OC2(C)C(O)CC1CC2O,"InChI=1S/C10H18O3/c1-9(2)6-4-7(11)10(3,13-9)8(12)5-6/h6-8,11-12H,4-5H2,1-3H3",JSNQSLSBBZFGBM-UHFFFAOYSA-N,1033,epomediol,56084-15-2
CCC(C(=O)O)C1(O)CCCCC1,"InChI=1S/C10H18O3/c1-2-8(9(11)12)10(13)6-4-3-5-7-10/h8,13H,2-7H2,1H3,(H,11,12)",NIVFTEMPSCMWDE-UHFFFAOYSA-N,752,cyclobutyrol,512-16-3
CCC(C)C(CC)C(=O)NC(N)=O,"InChI=1S/C9H18N2O2/c1-4-6(3)7(5-2)8(12)11-9(10)13/h6-7H,4-5H2,1-3H3,(H3,10,11,12,13)",HLSLSXBFTXUKCY-UHFFFAOYSA-N,485,capuride,5579-13-5
CC(=O)Nc1ncc([N+](=O)[O-])s1,"InChI=1S/C5H5N3O3S/c1-3(9)7-5-6-2-4(12-5)8(10)11/h2H,1H3,(H,6,7,9)",UJRRDDHEMZLWFI-UHFFFAOYSA-N,162,aminitrozole,140-40-9
Nc1cc(-c2ccncc2)c[nH]c1=O,"InChI=1S/C10H9N3O/c11-9-5-8(6-13-10(9)14)7-1-3-12-4-2-7/h1-6H,11H2,(H,13,14)",RNLQIBCLLYYYFJ-UHFFFAOYSA-N,201,amrinone,60719-84-8
Nc1ncnc(Nc2ccccc2)n1,"InChI=1S/C9H9N5/c10-8-11-6-12-9(14-8)13-7-4-2-1-3-5-7/h1-6H,(H3,10,11,12,13,14)",YMFGJWGABDOFID-UHFFFAOYSA-N,3667,amanozine,537-17-7
CC(C)(C)C(=O)NCCCC(=O)O,"InChI=1S/C9H17NO3/c1-9(2,3)8(13)10-6-4-5-7(11)12/h4-6H2,1-3H3,(H,10,13)(H,11,12)",SRPNQDXRVRCTNK-UHFFFAOYSA-N,2216,pivagabine,69542-93-4
CC(=O)NC(CCC(N)=O)C(=O)O,"InChI=1S/C7H12N2O4/c1-4(10)9-5(7(12)13)2-3-6(8)11/h5H,2-3H2,1H3,(H2,8,11)(H,9,10)(H,12,13)/t5-/m0/s1",KSMRODHGGIIXDV-YFKPBYRVSA-N,46,aceglutamide,2490-97-3
CCS(=O)(=O)c1ccc(F)cc1,"InChI=1S/C8H9FO2S/c1-2-12(10,11)8-5-3-7(9)4-6-8/h3-6H,2H2,1H3",PRNNIHPVNFPWAH-UHFFFAOYSA-N,3235,fluoresone,2924-67-6
Cc1cc(=O)n(-c2ccccc2)n1C,"InChI=1S/C11H12N2O/c1-9-8-11(14)13(12(9)2)10-6-4-3-5-7-10/h3-8H,1-2H3",VEQOALNAAJBPNY-UHFFFAOYSA-N,861,phenazone,60-80-0
CC(C)C1(C(C)C)OCC(CO)O1,"InChI=1S/C10H20O3/c1-7(2)10(8(3)4)12-6-9(5-11)13-10/h7-9,11H,5-6H2,1-4H3",HHFOOWPWAXNJNY-UHFFFAOYSA-N,2288,promoxolane,470-43-9
CC(Cc1ccccc1)NCCC#N,"InChI=1S/C12H16N2/c1-11(14-9-5-8-13)10-12-6-3-2-4-7-12/h2-4,6-7,11,14H,5,9-10H2,1H3",IQUFSXIQAFPIMR-UHFFFAOYSA-N,1161,fenproporex,16397-28-7
CCC(N)Cc1c[nH]c2ccccc12,"InChI=1S/C12H16N2/c1-2-10(13)7-9-8-14-12-6-4-3-5-11(9)12/h3-6,8,10,14H,2,7,13H2,1H3",ZXUMUPVQYAFTLF-UHFFFAOYSA-N,1117,etryptamine,2235-90-7
O=S(=O)(O)CC(S)CS,"InChI=1S/C3H8O3S3/c4-9(5,6)2-3(8)1-7/h3,7-8H,1-2H2,(H,4,5,6)",JLVSRWOIZZXQAD-UHFFFAOYSA-N,2792,unithiol,4076-02-2
C[N+](C)(C)CCCCC[N+](C)(C)C,"InChI=1S/C11H28N2/c1-12(2,3)10-8-7-9-11-13(4,5)6/h7-11H2,1-6H3/q+2",XUSPWDAHGXSTHS-UHFFFAOYSA-N,3808,pentamethonium bromide,541-20-8
Cn1c(O)cc(-c2ccccc2)c1O,"InChI=1S/C11H11NO2/c1-12-10(13)7-9(11(12)14)8-5-3-2-4-6-8/h2-6,9H,7H2,1H3",WLWFNJKHKGIJNW-UHFFFAOYSA-N,2139,phensuximide,86-34-0
O=C(O)c1cc(=O)c2ccccc2o1,"InChI=1S/C10H6O4/c11-7-5-9(10(12)13)14-8-4-2-1-3-6(7)8/h1-5H,(H,12,13)",RVMGXWBCQGAWBR-UHFFFAOYSA-N,628,chromocarb,4940-39-0
O=[N+]([O-])c1ccc(O)c2ncccc12,"InChI=1S/C9H6N2O3/c12-8-4-3-7(11(13)14)6-2-1-5-10-9(6)8/h1-5,12H",RJIWZDNTCBHXAL-UHFFFAOYSA-N,1954,nitroxoline,4008-48-4
O=C(O)CCc1nc2ccccc2[nH]1,"InChI=1S/C10H10N2O2/c13-10(14)6-5-9-11-7-3-1-2-4-8(7)12-9/h1-4H,5-6H2,(H,11,12)(H,13,14)",XYWJNTOURDMTPI-UHFFFAOYSA-N,2275,procodazole,23249-97-0
O=C(C=Cc1ccccc1)NCCO,"InChI=1S/C11H13NO2/c13-9-8-12-11(14)7-6-10-4-2-1-3-5-10/h1-7,13H,8-9H2,(H,12,14)",OSCTXCOERRNGLW-UHFFFAOYSA-N,1418,idrocilamide,6961-46-2
Nc1nc(N)c(-c2ccccc2)s1,"InChI=1S/C9H9N3S/c10-8-7(13-9(11)12-8)6-4-2-1-3-5-6/h1-5H,10H2,(H2,11,12)",UPOYFZYFGWBUKL-UHFFFAOYSA-N,177,amiphenazole,490-55-1
CC(C)Cc1ccc(CC(=O)O)cc1,"InChI=1S/C12H16O2/c1-9(2)7-10-3-5-11(6-4-10)8-12(13)14/h3-6,9H,7-8H2,1-2H3,(H,13,14)",CYWFCPPBTWOZSF-UHFFFAOYSA-N,3293,ibufenac,1553-60-2
S=C=Nc1ccc(N=C=S)cc1,InChI=1S/C8H4N2S2/c11-5-9-7-1-2-8(4-3-7)10-6-12/h1-4H,OMWQUXGVXQELIX-UHFFFAOYSA-N,3033,bitoscanate,4044-65-9
NC(=O)C1OC(O)C(O)C(O)C1O,"InChI=1S/C6H11NO6/c7-5(11)4-2(9)1(8)3(10)6(12)13-4/h1-4,6,8-10,12H,(H2,7,11)/t1-,2-,3+,4-,6+/m0/s1",VOIFKEWOFUNPBN-QIUUJYRFSA-N,1309,glucuronamide,3789-97-7
O=C(O)CCNC(=O)c1ccccc1,"InChI=1S/C10H11NO3/c12-9(13)6-7-11-10(14)8-4-2-1-3-5-8/h1-5H,6-7H2,(H,11,14)(H,12,13)",CWXYHOHYCJXYFQ-UHFFFAOYSA-N,355,betamipron,3440-28-6
CC(=O)Nc1ccc(CC(=O)O)cc1,"InChI=1S/C10H11NO3/c1-7(12)11-9-4-2-8(3-5-9)6-10(13)14/h2-5H,6H2,1H3,(H,11,12)(H,13,14)",MROJXXOCABQVEF-UHFFFAOYSA-N,84,actarit,18699-02-0
CCCCOC(=O)c1ccc(N)cc1,"InChI=1S/C11H15NO2/c1-2-3-8-14-11(13)9-4-6-10(12)7-5-9/h4-7H,2-3,8,12H2,1H3",IUWVALYLNVXWKX-UHFFFAOYSA-N,3051,butamben,94-25-7
CON=C(C#N)C1CN2CCC1CC2,"InChI=1S/C10H15N3O/c1-14-12-10(6-11)9-7-13-4-2-8(9)3-5-13/h8-9H,2-5,7H2,1H3/b12-10+/t9-/m0/s1",IQWCBYSUUOFOMF-QTLFRQQHSA-N,3536,sabcomeline,159912-53-5
CCN(C)C(C)C(O)c1ccccc1,"InChI=1S/C12H19NO/c1-4-13(3)10(2)12(14)11-8-6-5-7-9-11/h5-10,12,14H,4H2,1-3H3",IRVLBORJKFZWMI-UHFFFAOYSA-N,3189,etafedrine,7681-79-0
CCCn1c(=O)[nH]c(=O)c2[nH]cnc21,"InChI=1S/C8H10N4O2/c1-2-3-12-6-5(9-4-10-6)7(13)11-8(12)14/h4H,2-3H2,1H3,(H,9,10)(H,11,13,14)",SIQPXVQCUCHWDI-UHFFFAOYSA-N,1015,enprofylline,41078-02-8
CCOc1ccc(NC(=O)CN)cc1,"InChI=1S/C10H14N2O2/c1-2-14-9-5-3-8(4-6-9)12-10(13)7-11/h3-6H,2,7,11H2,1H3,(H,12,13)",LQJARUQXWJSDFL-UHFFFAOYSA-N,3437,phenamine,103-97-9
Nc1c2ccccc2nc2ccccc12,"InChI=1S/C13H10N2/c14-13-9-5-1-3-7-11(9)15-12-8-4-2-6-10(12)13/h1-8H,(H2,14,15)",XJGFWWJLMVZSIG-UHFFFAOYSA-N,160,aminoacridine,90-45-9
CCCCCCc1ccc(O)cc1O,"InChI=1S/C12H18O2/c1-2-3-4-5-6-10-7-8-11(13)9-12(10)14/h7-9,13-14H,2-6H2,1H3",WFJIVOKAWHGMBH-UHFFFAOYSA-N,1374,hexylresorcinol,136-77-6
FC(F)C(F)(F)CBr,"InChI=1S/C3H3BrF4/c4-1-3(7,8)2(5)6/h2H,1H2",YVWGMAFXEJHFRO-UHFFFAOYSA-N,3457,halopropane,679-84-5
NC(=O)c1ccccc1OCC(=O)O,"InChI=1S/C9H9NO4/c10-9(13)6-3-1-2-4-7(6)14-5-8(11)12/h1-4H,5H2,(H2,10,13)(H,11,12)",RLISWLLILOTWGG-UHFFFAOYSA-N,3538,salamidacetic acid,25395-22-6
O=C(NCc1ccccc1)OCCO,"InChI=1S/C10H13NO3/c12-6-7-14-10(13)11-8-9-4-2-1-3-5-9/h1-5,12H,6-8H2,(H,11,13)",YFLRYAVDPKONNX-UHFFFAOYSA-N,3049,buramate,4663-83-6
CC(N)(Cc1ccc(O)cc1)C(=O)O,"InChI=1S/C10H13NO3/c1-10(11,9(13)14)6-7-2-4-8(12)5-3-7/h2-5,12H,6,11H2,1H3,(H,13,14)/t10-/m0/s1",NHTGHBARYWONDQ-JTQLQIEISA-N,1792,metirosine,672-87-7
C=C(C)Cn1c(N)cc(=O)n(C)c1=O,"InChI=1S/C9H13N3O2/c1-6(2)5-12-7(10)4-8(13)11(3)9(12)14/h4H,1,5,10H2,2-3H3",FXNYSZHYMGWWEZ-UHFFFAOYSA-N,3671,amisometradine,550-28-7
C=CCn1c(N)cc(=O)n(CC)c1=O,"InChI=1S/C9H13N3O2/c1-3-5-12-7(10)6-8(13)11(4-2)9(12)14/h3,6H,1,4-5,10H2,2H3",NGXUUAFYUCOICP-UHFFFAOYSA-N,169,aminometradine,642-44-4
O=C1CCCCC1CN1CCCCC1,"InChI=1S/C12H21NO/c14-12-7-3-2-6-11(12)10-13-8-4-1-5-9-13/h11H,1-10H2",PRFPQYGTPKDLHJ-UHFFFAOYSA-N,3818,pimeclone,534-84-9
C[Se]CCC(N)C(=O)O,"InChI=1S/C5H11NO2Se/c1-9-3-2-4(6)5(7)8/h4H,2-3,6H2,1H3,(H,7,8)/t4-/m0/s1",RJFAYQIBOAGBLC-BYPYZUCNSA-N,3544,selenomethionine,3211-76-5
O=C(O)C(O)C(O)C(O)C(O)CO,"InChI=1S/C6H12O7/c7-1-2(8)3(9)4(10)5(11)6(12)13/h2-5,7-11H,1H2,(H,12,13)/t2-,3-,4+,5-/m1/s1",RGHNJXZEOKUKBD-SQOUGZDYSA-N,3264,gluconic acid,526-95-4
CC12CCC(C(C(=O)[O][Bi]([OH])[O][Bi]([O]C(=O)C3C(=O)C4(C)CCC3C4(C)C)[O]C(=O)C3C(=O)C4(C)CCC3C4(C)C)C1=O)C2(C)C,"InChI=1S/3C11H16O3.2Bi.H2O.O/c3*1-10(2)6-4-5-11(10,3)8(12)7(6)9(13)14;;;;/h3*6-7H,4-5H2,1-3H3,(H,13,14);;;1H2;/q;;;2*+2;;/p-4/t3*6-,7+,11+;;;;/m111..../s1",RFUOEEHKHNHYHG-KKIOWIMLSA-J,3061,bismuth camphocarbonate,18530-30-8
CN(CCOP(=O)(O)O)C(=N)N,"InChI=1S/C4H12N3O4P/c1-7(4(5)6)2-3-11-12(8,9)10/h2-3H2,1H3,(H3,5,6)(H2,8,9,10)",FOIPWTMKYXWFGC-UHFFFAOYSA-N,739,creatinolfosfate,6903-79-3
CCC(N)C(O)c1ccc(O)c(O)c1,"InChI=1S/C10H15NO3/c1-2-7(11)10(14)6-3-4-8(12)9(13)5-6/h3-5,7,10,12-14H,2,11H2,1H3",LENNRXOJHWNHSD-UHFFFAOYSA-N,3208,ethylnorepinephrine,536-24-3
CC(O)CN(C)c1ccc(NN)nn1,"InChI=1S/C8H15N5O/c1-6(14)5-13(2)8-4-3-7(10-9)11-12-8/h3-4,6,14H,5,9H2,1-2H3,(H,10,11)",KYIAWOXNPBANEW-UHFFFAOYSA-N,3471,pildralazine,64000-73-3
O=C(CCCl)NCc1ccccc1,"InChI=1S/C10H12ClNO/c11-7-6-10(13)12-8-9-4-2-1-3-5-9/h1-5H,6-8H2,(H,12,13)",JPYQFYIEOUVJDU-UHFFFAOYSA-N,291,beclamide,501-68-8
NC(=O)NN=Cc1ccc([N+](=O)[O-])o1,"InChI=1S/C6H6N4O4/c7-6(11)9-8-3-4-1-2-5(14-4)10(12)13/h1-3H,(H3,7,9,11)/b8-3+",IAIWVQXQOWNYOU-FPYGCLRLSA-N,1950,nitrofurazone,59-87-0
NC(Cn1ccc(=O)c(O)c1)C(=O)O,"InChI=1S/C8H10N2O4/c9-5(8(13)14)3-10-2-1-6(11)7(12)4-10/h1-2,4-5,12H,3,9H2,(H,13,14)/t5-/m0/s1",WZNJWVWKTVETCG-YFKPBYRVSA-N,1811,mimosine,500-44-7
CCC1(CC)C(=O)NC(=O)N(C)C1=O,"InChI=1S/C9H14N2O3/c1-4-9(5-2)6(12)10-8(14)11(3)7(9)13/h4-5H2,1-3H3,(H,10,12,14)",FWJKNZONDWOGMI-UHFFFAOYSA-N,1740,metharbital,50-11-3
Nc1c2c(nc3ccccc13)CCCC2,"InChI=1S/C13H14N2/c14-13-9-5-1-3-7-11(9)15-12-8-4-2-6-10(12)13/h1,3,5,7H,2,4,6,8H2,(H2,14,15)",YLJREFDVOIBQDA-UHFFFAOYSA-N,2551,tacrine,321-64-2
Cc1ccc(C(C)C)cc2c(C)ccc1-2,"InChI=1S/C15H18/c1-10(2)13-7-5-11(3)14-8-6-12(4)15(14)9-13/h5-10H,1-4H3",FWKQNCXZGNBPFD-UHFFFAOYSA-N,3272,guaiazulen,489-84-9
N=C(N)NCCN1CCCCCCC1,"InChI=1S/C10H22N4/c11-10(12)13-6-9-14-7-4-2-1-3-5-8-14/h1-9H2,(H4,11,12,13)",ACGDKVXYNVEAGU-UHFFFAOYSA-N,1342,guanethidine,55-65-2
Nc1cc([As]=O)ccc1O,"InChI=1S/C6H6AsNO2/c8-5-3-4(7-10)1-2-6(5)9/h1-3,9H,8H2",KVGGQNNGLOIZSK-UHFFFAOYSA-N,3411,oxophenarsine,538-03-4
O=C(O)C1C(=CCO)OC2CC(=O)N21,"InChI=1S/C8H9NO5/c10-2-1-4-7(8(12)13)9-5(11)3-6(9)14-4/h1,6-7,10H,2-3H2,(H,12,13)/b4-1-/t6-,7-/m1/s1",HZZVJAQRINQKSD-PBFISZAISA-N,669,clavulanic acid,58001-44-8
CCN(CC)C(=O)N1CCN(C)CC1,"InChI=1S/C10H21N3O/c1-4-12(5-2)10(14)13-8-6-11(3)7-9-13/h4-9H2,1-3H3",RCKMWOKWVGPNJF-UHFFFAOYSA-N,873,diethylcarbamazine,90-89-1
CC(C)CCCC(C)NCCC(C)C,"InChI=1S/C13H29N/c1-11(2)7-6-8-13(5)14-10-9-12(3)4/h11-14H,6-10H2,1-5H3",RRWTWWBIHKIYTH-UHFFFAOYSA-N,3801,octamylamine,502-59-0
Oc1ccc(OCc2ccccc2)cc1,"InChI=1S/C13H12O2/c14-12-6-8-13(9-7-12)15-10-11-4-2-1-3-5-11/h1-9,14H,10H2",VYQNWZOUAUKGHI-UHFFFAOYSA-N,1834,monobenzone,103-16-2
Cc1cccc(C(C)c2c[nH]cn2)c1C,"InChI=1S/C13H16N2/c1-9-5-4-6-12(10(9)2)11(3)13-7-14-8-15-13/h4-8,11H,1-3H3,(H,14,15)",CUHVIMMYOGQXCV-UHFFFAOYSA-N,1655,medetomidine,86347-14-0
O=[N+]([O-])OCC(CCl)O[N+](=O)[O-],"InChI=1S/C3H5ClN2O6/c4-1-3(12-6(9)10)2-11-5(7)8/h3H,1-2H2",SUAJWTBTMNHVBZ-UHFFFAOYSA-N,3110,clonitrate,2612-33-1
CNC(=O)Oc1cccc2ccccc12,"InChI=1S/C12H11NO2/c1-13-12(14)15-11-8-4-6-9-5-2-3-7-10(9)11/h2-8H,1H3,(H,13,14)",CVXBEEMKQHEXEN-UHFFFAOYSA-N,3066,carbaryl,63-25-2
c1cc2c(c(NC3=NCCN3)c1)CCC2,"InChI=1S/C12H15N3/c1-3-9-4-2-6-11(10(9)5-1)15-12-13-7-8-14-12/h2,4,6H,1,3,5,7-8H2,(H2,13,14,15)",KUCWWEPJRBANHL-UHFFFAOYSA-N,3298,indanazoline,40507-78-6
CC(=O)c1ccc2c(c1)C(=O)C1(CC1)O2,"InChI=1S/C12H10O3/c1-7(13)8-2-3-10-9(6-8)11(14)12(15-10)4-5-12/h2-3,6H,4-5H2,1H3",SETMGIIITGNLAS-UHFFFAOYSA-N,2476,spizofurone,72492-12-7
COc1cc(N)cn[n+]1-c1ccccc1,"InChI=1S/C11H11N3O/c1-15-11-7-9(12)8-13-14(11)10-5-3-2-4-6-10/h2-8,12H,1H3/p+1",VXROHTDSRBRJLN-UHFFFAOYSA-O,153,amezinium metilsulfate,30578-37-1
CC(=O)OC(CC(=O)[O-])C[N+](C)(C)C,"InChI=1S/C9H17NO4/c1-7(11)14-8(5-9(12)13)6-10(2,3)4/h8H,5-6H2,1-4H3/t8-/m1/s1",RDHQFKQIGNGIED-MRVPVSSYSA-N,64,acetylcarnitine,3040-38-8
CCCCCCCCCCCCCCCC(=O)OCC(NC(=O)C(Cl)Cl)C(O)c1ccc([N+](=O)[O-])cc1,"InChI=1S/C27H42Cl2N2O6/c1-2-3-4-5-6-7-8-9-10-11-12-13-14-15-24(32)37-20-23(30-27(34)26(28)29)25(33)21-16-18-22(19-17-21)31(35)36/h16-19,23,25-26,33H,2-15,20H2,1H3,(H,30,34)/t23-,25-/m1/s1",PXKHGMGELZGJQE-ILBGXUMGSA-N,5150,chloramphenicol palmitate,530-43-8
CC=CC(=O)N(CC)c1ccccc1C,"InChI=1S/C13H17NO/c1-4-8-13(15)14(5-2)12-10-7-6-9-11(12)3/h4,6-10H,5H2,1-3H3",DNTGGZPQPQTDQF-UHFFFAOYSA-N,744,crotamiton,483-63-6
CCNc1nc(O)c(-c2ccccc2)o1,"InChI=1S/C11H12N2O2/c1-2-12-11-13-10(14)9(15-11)8-6-4-3-5-7-8/h3-7,9H,2H2,1H3,(H,12,13,14)",RXOIEVSUURELPG-UHFFFAOYSA-N,1157,fenozolone,15302-16-6
C1CN1c1nc(N2CC2)nc(N2CC2)n1,InChI=1S/C9H12N6/c1-2-13(1)7-10-8(14-3-4-14)12-9(11-7)15-5-6-15/h1-6H2,IUCJMVBFZDHPDX-UHFFFAOYSA-N,2739,tretamine,51-18-3
c1ccc(C2CN3CCSC3=N2)cc1,"InChI=1S/C11H12N2S/c1-2-4-9(5-3-1)10-8-13-6-7-14-11(13)12-10/h1-5,10H,6-8H2/t10-/m1/s1",HLFSDGLLUJUHTE-SNVBAGLBSA-N,1561,levamisole,14769-73-4
CCOC(=O)N1CSCC1C(=O)O,"InChI=1S/C7H11NO4S/c1-2-12-7(11)8-4-13-3-5(8)6(9)10/h5H,2-4H2,1H3,(H,9,10)/t5-/m0/s1",XBJWOGLKABXFJE-YFKPBYRVSA-N,2582,telmesteine,122946-43-4
CCN(CC)c1cc(C)nc2ncnn12,"InChI=1S/C10H15N5/c1-4-14(5-2)9-6-8(3)13-10-11-7-12-15(9)10/h6-7H,4-5H2,1-3H3",GSNOZLZNQMLSKJ-UHFFFAOYSA-N,3621,trapidil,15421-84-8
Cc1ccc(S(=O)(=O)NCl)cc1,"InChI=1S/C7H8ClNO2S/c1-6-2-4-7(5-3-6)12(10,11)9-8/h2-5,9H,1H3",NXTVQNIVUKXOIL-UHFFFAOYSA-N,3088,tosylchloramide sodium,127-65-1
NC(=O)CN1Cc2ccccc2OC1=O,"InChI=1S/C10H10N2O3/c11-9(13)6-12-5-7-3-1-2-4-8(7)15-10(12)14/h1-4H,5-6H2,(H2,11,13)",KYCBWEZLKCTALM-UHFFFAOYSA-N,3704,caroxazone,18464-39-6
CCC(C(=O)NC(N)=O)c1ccccc1,"InChI=1S/C11H14N2O2/c1-2-9(10(14)13-11(12)15)8-6-4-3-5-7-8/h3-7,9H,2H2,1H3,(H3,12,13,14,15)",AJOQSQHYDOFIOX-UHFFFAOYSA-N,2125,pheneturide,90-49-3
CC(C)Cc1ccc(C(C)C(=O)O)cc1,"InChI=1S/C13H18O2/c1-9(2)8-11-4-6-12(7-5-11)10(3)13(14)15/h4-7,9-10H,8H2,1-3H3,(H,14,15)/t10-/m0/s1",HEFNNWSXXWATRW-JTQLQIEISA-N,3851,dexibuprofen,51146-56-6
CC(C)(C)C(=O)NNCc1ccccc1,"InChI=1S/C12H18N2O/c1-12(2,3)11(15)14-13-9-10-7-5-4-6-8-10/h4-8,13H,9H2,1-3H3,(H,14,15)",FWWDFDMCZLOXQI-UHFFFAOYSA-N,3819,pivhydrazine,306-19-4
CN1CCCN=C1C=Cc1cccs1,"InChI=1S/C11H14N2S/c1-13-8-3-7-12-11(13)6-5-10-4-2-9-14-10/h2,4-6,9H,3,7-8H2,1H3/b6-5+",YSAUAVHXTIETRK-AATRIKPKSA-N,2999,pyrantel,15686-83-6
O=C(OCC1CCCO1)c1cccnc1,"InChI=1S/C11H13NO3/c13-11(9-3-1-5-12-7-9)15-8-10-4-2-6-14-10/h1,3,5,7,10H,2,4,6,8H2",RQAITHJHUFFEIV-UHFFFAOYSA-N,3602,thurfyl nicotinate,70-19-9
Cc1cccc(N2CC(CO)OC2=O)c1,"InChI=1S/C11H13NO3/c1-8-3-2-4-9(5-8)12-6-10(7-13)15-11(12)14/h2-5,10,13H,6-7H2,1H3",MXUNKHLAEDCYJL-UHFFFAOYSA-N,2702,toloxatone,29218-27-7
N=C(N)NCC1COc2ccccc2O1,"InChI=1S/C10H13N3O2/c11-10(12)13-5-7-6-14-8-3-1-2-4-9(8)15-7/h1-4,7H,5-6H2,(H4,11,12,13)",HIUVKVDQFXDZHU-UHFFFAOYSA-N,1346,guanoxan,2165-19-7
N=C(N)NCc1ccc2c(c1)OCCO2,"InChI=1S/C10H13N3O2/c11-10(12)13-6-7-1-2-8-9(5-7)15-4-3-14-8/h1-2,5H,3-4,6H2,(H4,11,12,13)",WTDYJDLUNYALPM-UHFFFAOYSA-N,1332,guabenxan,19889-45-3
CC(=O)Nc1ccc(OC(C)(C)C)cc1,"InChI=1S/C12H17NO2/c1-9(14)13-10-5-7-11(8-6-10)15-12(2,3)4/h5-8H,1-4H3,(H,13,14)",QTNZYVAMNRDUAD-UHFFFAOYSA-N,3690,butacetin,2109-73-1
Cc1cc(C2CCCCC2)n(O)c(=O)c1,"InChI=1S/C12H17NO2/c1-9-7-11(13(15)12(14)8-9)10-5-3-2-4-6-10/h7-8,10,15H,2-6H2,1H3",SCKYRAXSEDYPSA-UHFFFAOYSA-N,636,ciclopirox,29342-05-0
CN=C(NC)NCc1ccc(OC)cc1,"InChI=1S/C11H17N3O/c1-12-11(13-2)14-8-9-4-6-10(15-3)7-5-9/h4-7H,8H2,1-3H3,(H2,12,13,14)",SPLVKBMIQSSFFN-UHFFFAOYSA-N,3340,meobentine,46464-11-3
C=CCC1(CC=C)C(=O)NC(=O)NC1=O,"InChI=1S/C10H12N2O3/c1-3-5-10(6-4-2)7(13)11-9(15)12-8(10)14/h3-4H,1-2,5-6H2,(H2,11,12,13,14,15)",FDQGNLOWMMVRQL-UHFFFAOYSA-N,122,allobarbital,52-43-7
CCC1C(=O)OCC1Cc1cncn1C,"InChI=1S/C11H16N2O2/c1-3-10-8(6-15-11(10)14)4-9-5-12-7-13(9)2/h5,7-8,10H,3-4,6H2,1-2H3/t8-,10-/m0/s1",QCHFTSOMWOSFHM-WPRPVWTQSA-N,2166,pilocarpine,92-13-7
c1ccc(Cc2nc3ccccc3[nH]2)cc1,"InChI=1S/C14H12N2/c1-2-6-11(7-3-1)10-14-15-12-8-4-5-9-13(12)16-14/h1-9H,10H2,(H,15,16)",YTLQFZVCLXFFRK-UHFFFAOYSA-N,304,bendazol,621-72-7
CCC(O)(COC(N)=O)c1ccccc1,"InChI=1S/C11H15NO3/c1-2-11(14,8-15-10(12)13)9-6-4-3-5-7-9/h3-7,14H,2,8H2,1H3,(H2,12,13)",WAFIYOULDIWAKR-UHFFFAOYSA-N,1397,oxyfenamate,50-19-1
Nc1ccc2cc3ccc(N)cc3nc2c1,"InChI=1S/C13H11N3/c14-10-3-1-8-5-9-2-4-11(15)7-13(9)16-12(8)6-10/h1-7H,14-15H2",WDVSHHCDHLJJJR-UHFFFAOYSA-N,2277,proflavine,92-62-6
CC(C)(CO)NCC(O)c1ccccc1,"InChI=1S/C12H19NO2/c1-12(2,9-14)13-8-11(15)10-6-4-3-5-7-10/h3-7,11,13-15H,8-9H2,1-2H3",PVOOBRUZWPQOER-UHFFFAOYSA-N,1168,fepradinol,36981-91-6
CCCCNCC(O)c1ccc(O)cc1,"InChI=1S/C12H19NO2/c1-2-3-8-13-9-12(15)10-4-6-11(14)7-5-10/h4-7,12-15H,2-3,8-9H2,1H3",RDUHXGIIUDVSHR-UHFFFAOYSA-N,286,bamethan,3703-79-5
C=CCN1CCc2nc(N)sc2CC1,"InChI=1S/C10H15N3S/c1-2-5-13-6-3-8-9(4-7-13)14-10(11)12-8/h2H,1,3-7H2,(H2,11,12)",DHSSDEDRBUKTQY-UHFFFAOYSA-N,2558,talipexole,101626-70-4
Cc1ccc(NC2=NCCN2)c(Cl)c1,"InChI=1S/C10H12ClN3/c1-7-2-3-9(8(11)6-7)14-10-12-4-5-13-10/h2-3,6H,4-5H2,1H3,(H2,12,13,14)",KWBTZIFLQYYPTH-UHFFFAOYSA-N,2700,tolonidine,4201-22-3
O=C1C(=O)c2ncccc2-c2cccnc21,InChI=1S/C12H6N2O2/c15-11-9-7(3-1-5-13-9)8-4-2-6-14-10(8)12(11)16/h1-6H,VLPADTBFADIFKG-UHFFFAOYSA-N,3433,phanquinone,84-12-8
C=CCC1(C(C)C)C(=O)NC(=O)NC1=O,"InChI=1S/C10H14N2O3/c1-4-5-10(6(2)3)7(13)11-9(15)12-8(10)14/h4,6H,1,5H2,2-3H3,(H2,11,12,13,14,15)",UORJNBVJVRLXMQ-UHFFFAOYSA-N,232,aprobarbital,77-02-1
c1ccc2c(CC3=NCCN3)cccc2c1,"InChI=1S/C14H14N2/c1-2-7-13-11(4-1)5-3-6-12(13)10-14-15-8-9-16-14/h1-7H,8-10H2,(H,15,16)",CNIIGCLFLJGOGP-UHFFFAOYSA-N,3369,naphazoline,835-31-4
CN(C)c1nc(N(C)C)nc(N(C)C)n1,InChI=1S/C9H18N6/c1-13(2)7-10-8(14(3)4)12-9(11-7)15(5)6/h1-6H3,UUVWYPNAQBNQJQ-UHFFFAOYSA-N,141,altretamine,645-05-6
CN(CC(=O)O)C(=N)NP(=O)(O)O,"InChI=1S/C4H10N3O5P/c1-7(2-3(8)9)4(5)6-13(10,11)12/h2H2,1H3,(H,8,9)(H4,5,6,10,11,12)",DRBBFCLWYRJSJZ-UHFFFAOYSA-N,3464,phosphocreatine,67-07-2
COC(=O)C(N)Cc1ccc(O)c(O)c1,"InChI=1S/C10H13NO4/c1-15-10(14)7(11)4-6-2-3-8(12)9(13)5-6/h2-3,5,7,12-13H,4,11H2,1H3/t7-/m0/s1",XBBDACCLCFWBSI-ZETCQYMHSA-N,1673,melevodopa,7101-51-1
CC(C)NCC(O)c1ccc(O)c(O)c1,"InChI=1S/C11H17NO3/c1-7(2)12-6-11(15)8-3-4-9(13)10(14)5-8/h3-5,7,11-15H,6H2,1-2H3/t11-/m0/s1",JWZZKOKVBUJMES-NSHDSACASA-N,2388,levisoprenaline,51-31-0
COc1ccc(OC)c(C(O)C(C)N)c1,"InChI=1S/C11H17NO3/c1-7(12)11(13)9-6-8(14-2)4-5-10(9)15-3/h4-7,11,13H,12H2,1-3H3",WJAJPNHVVFWKKL-UHFFFAOYSA-N,1753,methoxamine,390-28-3
CCNC(C)C(O)c1ccc(O)c(O)c1,"InChI=1S/C11H17NO3/c1-3-12-7(2)11(15)8-4-5-9(13)10(14)6-8/h4-7,11-15H,3H2,1-2H3",OHDICGSRVLBVLC-UHFFFAOYSA-N,914,dioxethedrin,497-75-6
O=C1NC(CCCl)Oc2ccccc21,"InChI=1S/C10H10ClNO2/c11-6-5-9-12-10(13)7-3-1-2-4-8(7)14-9/h1-4,9H,5-6H2,(H,12,13)",YEKMWXFHPZBZLR-UHFFFAOYSA-N,3707,chlorthenoxazine,132-89-8
CC(Cc1ccccc1)NCCCCl,"InChI=1S/C12H18ClN/c1-11(14-9-5-8-13)10-12-6-3-2-4-7-12/h2-4,6-7,11,14H,5,8-10H2,1H3",XXVROGAVTTXONC-UHFFFAOYSA-N,1664,mefenorex,17243-57-1
O=C(O)Cc1ccc(-c2ccccc2)cc1,"InChI=1S/C14H12O2/c15-14(16)10-11-6-8-13(9-7-11)12-4-2-1-3-5-12/h1-9H,10H2,(H,15,16)",QRZAKQDHEVVFRX-UHFFFAOYSA-N,1141,felbinac,5728-52-9
O=C(OCc1ccccc1)c1ccccc1,"InChI=1S/C14H12O2/c15-14(13-9-5-2-6-10-13)16-11-12-7-3-1-4-8-12/h1-10H,11H2",SESFRYSPDFLNCH-UHFFFAOYSA-N,335,benzyl benzoate,120-51-4
CCCCC1(CC)C(=O)NC(=O)NC1=O,"InChI=1S/C10H16N2O3/c1-3-5-6-10(4-2)7(13)11-9(15)12-8(10)14/h3-6H2,1-2H3,(H2,11,12,13,14,15)",STDBAQMTJLUMFW-UHFFFAOYSA-N,449,butobarbital,77-28-1
CCC(C)C1(CC)C(=O)NC(=O)NC1=O,"InChI=1S/C10H16N2O3/c1-4-6(3)10(5-2)7(13)11-9(15)12-8(10)14/h6H,4-5H2,1-3H3,(H2,11,12,13,14,15)",ZRIHAIZYIMGOAB-UHFFFAOYSA-N,439,secbutabarbital,125-40-6
C=CCn1c(O)c(CC(C)C)[nH]c1=S,"InChI=1S/C10H16N2OS/c1-4-5-12-9(13)8(6-7(2)3)11-10(12)14/h4,7-8H,1,5-6H2,2-3H3,(H,11,14)",RATGSRSDPNECNO-UHFFFAOYSA-N,106,albutoin,830-89-7
Nc1ccn(C2COC(CO)O2)c(=O)n1,"InChI=1S/C8H11N3O4/c9-5-1-2-11(8(13)10-5)6-4-14-7(3-12)15-6/h1-2,6-7,12H,3-4H2,(H2,9,10,13)/t6-,7-/m0/s1",RXRGZNYSEHTMHC-BQBZGAKWSA-N,3635,troxacitabine,145918-75-8
C=C(C)C1CNC(C(=O)O)C1CC(=O)O,"InChI=1S/C10H15NO4/c1-5(2)7-4-11-9(10(14)15)6(7)3-8(12)13/h6-7,9,11H,1,3-4H2,2H3,(H,12,13)(H,14,15)/t6-,7+,9-/m0/s1",VLSMHEGGTFMBBZ-OOZYFLPDSA-N,3201,kainic acid,487-79-6
O=C(Nc1ccccc1)c1ccccc1O,"InChI=1S/C13H11NO2/c15-12-9-5-4-8-11(12)13(16)14-10-6-2-1-3-7-10/h1-9,15H,(H,14,16)",WKEDVNSFRWHDNR-UHFFFAOYSA-N,3539,salicylanilide,87-17-2
O=C(OCc1ccccc1)c1cccnc1,"InChI=1S/C13H11NO2/c15-13(12-7-4-8-14-9-12)16-10-11-5-2-1-3-6-11/h1-9H,10H2",KVYGGMBOZFWZBQ-UHFFFAOYSA-N,3379,benzyl nicotinate,94-44-0
N=C(N)NCC1COC2(CCCCC2)O1,"InChI=1S/C10H19N3O2/c11-9(12)13-6-8-7-14-10(15-8)4-2-1-3-5-10/h8H,1-7H2,(H4,11,12,13)",HPBNRIOWIXYZFK-UHFFFAOYSA-N,1339,guanadrel,40580-59-4
CC(C)NCC(O)c1ccccc1Cl,"InChI=1S/C11H16ClNO/c1-8(2)13-7-11(14)9-5-3-4-6-10(9)12/h3-6,8,11,13-14H,7H2,1-2H3",SSMSBSWKLKKXGG-UHFFFAOYSA-N,714,clorprenaline,3811-25-4
Oc1c(Cl)cc(Cl)c2cccnc12,"InChI=1S/C9H5Cl2NO/c10-6-4-7(11)9(13)8-5(6)2-1-3-12-8/h1-4,13H",WDFKMLRRRCGAKS-UHFFFAOYSA-N,611,chloroxine,773-76-2
O=C1NCCN1c1ncc([N+](=O)[O-])s1,"InChI=1S/C6H6N4O3S/c11-5-7-1-2-9(5)6-8-3-4(14-6)10(12)13/h3H,1-2H2,(H,7,11)",RDXLYGJSWZYTFJ-UHFFFAOYSA-N,1941,niridazole,61-57-4
O=C(Oc1ccccc1)c1ccccc1O,"InChI=1S/C13H10O3/c14-12-9-5-4-8-11(12)13(15)16-10-6-2-1-3-7-10/h1-9,14H",ZQBAKBUEJOMQEX-UHFFFAOYSA-N,3462,phenyl salicylate,118-55-8
N=C(N)NS(=O)(=O)c1ccc(N)cc1,"InChI=1S/C7H10N4O2S/c8-5-1-3-6(4-2-5)14(12,13)11-7(9)10/h1-4H,8H2,(H4,9,10,11)",BRBKOPJOKNSWSG-UHFFFAOYSA-N,2505,sulfaguanidine,57-67-0
Nc1c2c(nc3ccccc13)CCCC2O,"InChI=1S/C13H14N2O/c14-13-8-4-1-2-5-9(8)15-10-6-3-7-11(16)12(10)13/h1-2,4-5,11,16H,3,6-7H2,(H2,14,15)",HLVVITIHAZBPKB-UHFFFAOYSA-N,3848,velnacrine,124027-47-0
OC(CNc1ccccn1)c1ccccc1,"InChI=1S/C13H14N2O/c16-12(11-6-2-1-3-7-11)10-15-13-8-4-5-9-14-13/h1-9,12,16H,10H2,(H,14,15)",ZEAJXCPGHPJVNP-UHFFFAOYSA-N,2151,fenyramidol,553-69-5
CC(C)(Oc1ccc(Cl)cc1)C(=O)O,"InChI=1S/C10H11ClO3/c1-10(2,9(12)13)14-8-5-3-7(11)4-6-8/h3-6H,1-2H3,(H,12,13)",TXCGAZHTZHNUAI-UHFFFAOYSA-N,695,clofibric acid,882-09-7
CC(C)(O)C(C)(O)c1ccc(Cl)cc1,"InChI=1S/C11H15ClO2/c1-10(2,13)11(3,14)8-4-6-9(12)7-5-8/h4-7,13-14H,1-3H3",HTYIXCKSEQQCJO-UHFFFAOYSA-N,2116,phenaglycodol,79-93-6
NC(=O)N=Nc1ccc2ccccc2c1O,"InChI=1S/C11H9N3O2/c12-11(16)14-13-9-6-5-7-3-1-2-4-8(7)10(9)15/h1-6H,(H3,12,14,16)/b13-9+",TZGBBMBARSFJBG-UKTHLTGXSA-N,1871,naftazone,15687-37-3
NC(=O)NS(=O)(=O)c1ccc(N)cc1,"InChI=1S/C7H9N3O3S/c8-5-1-3-6(4-2-5)14(12,13)10-7(9)11/h1-4H,8H2,(H3,9,10,11)",WVAKABMNNSMCDK-UHFFFAOYSA-N,2496,sulfacarbamide,547-44-4
CCCCCCOC(=O)CCC(=O)CN,"InChI=1S/C11H21NO3/c1-2-3-4-5-8-15-11(14)7-6-10(13)9-12/h2-9,12H2,1H3",RYQOILLJDKPETL-UHFFFAOYSA-N,167,5-aminolevulinic acid hexyl ester,140898-97-1
CCCCC(CC)CNC(=O)CC(C)O,"InChI=1S/C12H25NO2/c1-4-6-7-11(5-2)9-13-12(15)8-10(3)14/h10-11,14H,4-9H2,1-3H3,(H,13,15)",WTBQLHRVRKXSPX-UHFFFAOYSA-N,451,butoctamide,32838-26-9
CCNC1C2CCC(C2)C1c1ccccc1,"InChI=1S/C15H21N/c1-2-16-15-13-9-8-12(10-13)14(15)11-6-4-3-5-7-11/h3-7,12-16H,2,8-10H2,1H3",IKFBPFGUINLYQI-UHFFFAOYSA-N,1146,fencamfamin,1209-98-9
Cc1csc(Cl)c1NC1=NCCN1,"InChI=1S/C8H10ClN3S/c1-5-4-13-7(9)6(5)12-8-10-2-3-11-8/h4H,2-3H2,1H3,(H2,10,11,12)",CVWILQHZFWRYPB-UHFFFAOYSA-N,2649,tiamenidine,31428-61-2
COc1c2ccoc2cc2oc(=O)ccc12,"InChI=1S/C12H8O4/c1-14-12-7-2-3-11(13)16-10(7)6-9-8(12)4-5-15-9/h2-6H,1H3",BGEBZHIAGXMEMV-UHFFFAOYSA-N,3021,bergapten,484-20-8
CC(=O)NCCCC(NC(C)=O)C(=O)O,"InChI=1S/C9H16N2O4/c1-6(12)10-5-3-4-8(9(14)15)11-7(2)13/h8H,3-5H2,1-2H3,(H,10,12)(H,11,13)(H,14,15)/t8-/m0/s1",XUYANFPPYJSBPU-QMMMGPOBSA-N,381,bisorcic,39825-23-5
Nc1ccc([As](=O)(O)O)cc1,"InChI=1S/C6H8AsNO3/c8-6-3-1-5(2-4-6)7(9,10)11/h1-4H,8H2,(H2,9,10,11)",XKNKHVGWJDPIRJ-UHFFFAOYSA-N,3549,arsanilic acid,98-50-0
CCC1(c2ccccc2)CCC(=O)NC1=O,"InChI=1S/C13H15NO2/c1-2-13(10-6-4-3-5-7-10)9-8-11(15)14-12(13)16/h3-7H,2,8-9H2,1H3,(H,14,15,16)",JMBQKKAJIKAWKF-UHFFFAOYSA-N,1313,glutethimide,77-21-4
c1ccc2c(SC3=NCCN3)c[nH]c2c1,"InChI=1S/C11H11N3S/c1-2-4-9-8(3-1)10(7-14-9)15-11-12-5-6-13-11/h1-4,7,14H,5-6H2,(H,12,13)",JENBDJGHNIOHAJ-UHFFFAOYSA-N,4062,tinazoline,62882-99-9
CCCC(Cc1ccccc1)N1CCCC1,"InChI=1S/C15H23N/c1-2-8-15(16-11-6-7-12-16)13-14-9-4-3-5-10-14/h3-5,9-10,15H,2,6-8,11-13H2,1H3",OJCPSBCUMRIPFL-UHFFFAOYSA-N,2283,prolintane,493-92-5
O=C(O)c1ccccc1OP(=O)(O)O,"InChI=1S/C7H7O6P/c8-7(9)5-3-1-2-4-6(5)13-14(10,11)12/h1-4H,(H,8,9)(H2,10,11,12)",FFKUDWZICMJVPA-UHFFFAOYSA-N,1244,fosfosal,6064-83-1
O=C(O)c1ccccc1OS(=O)(=O)O,"InChI=1S/C7H6O6S/c8-7(9)5-3-1-2-4-6(5)13-14(10,11)12/h1-4H,(H,8,9)(H,10,11,12)",MOODSJOROWROTO-UHFFFAOYSA-N,3541,salicylsulfuric acid,89-45-2
CC(=O)OCC(COC(C)=O)OC(C)=O,"InChI=1S/C9H14O6/c1-6(10)13-4-9(15-8(3)12)5-14-7(2)11/h9H,4-5H2,1-3H3",URAYPUMNDPQOKB-UHFFFAOYSA-N,3624,triacetin,102-76-1
CC1(c2ccccc2)C(=O)NC(=O)NC1=O,"InChI=1S/C11H10N2O3/c1-11(7-5-3-2-4-6-7)8(14)12-10(16)13-9(11)15/h2-6H,1H3,(H2,12,13,14,15,16)",LSAOZCAKUIANSQ-UHFFFAOYSA-N,3815,heptobarbital,76-94-8
CCC(=O)OC(CC(=O)O)C[N+](C)(C)C,"InChI=1S/C10H19NO4/c1-5-10(14)15-8(6-9(12)13)7-11(2,3)4/h8H,5-7H2,1-4H3/p+1/t8-/m1/s1",UFAHZIUFPNSHSL-MRVPVSSYSA-O,4040,levocarnitine propionate,20064-19-1
CC(=O)OC(C)C(=O)OCC[N+](C)(C)C,"InChI=1S/C10H20NO4/c1-8(15-9(2)12)10(13)14-7-6-11(3,4)5/h8H,6-7H2,1-5H3/q+1",SRZGFCNCQUMTCP-UHFFFAOYSA-N,81,aclatonium,55077-25-3
CC(C)c1ccccc1OCC1=NCCN1,"InChI=1S/C13H18N2O/c1-10(2)11-5-3-4-6-12(11)16-9-13-14-7-8-15-13/h3-6,10H,7-9H2,1-2H3,(H,14,15)",GFYSWQDCHLWRMQ-UHFFFAOYSA-N,3225,fenoxazoline,4846-91-7
CCOC(=O)NP(=O)(N1CC1)N1CC1,"InChI=1S/C7H14N3O3P/c1-2-13-7(11)8-14(12,9-3-4-9)10-5-6-10/h2-6H2,1H3,(H,8,11,12)",SPDZFJLQFWSJGA-UHFFFAOYSA-N,3638,uredepa,302-49-8
CC(C)(CO)C(O)C(=O)NCCC(=O)O,"InChI=1S/C9H17NO5/c1-9(2,5-11)7(14)8(15)10-4-3-6(12)13/h7,11,14H,3-5H2,1-2H3,(H,10,15)(H,12,13)/t7-/m0/s1",GHOKWGTUZJEAQD-ZETCQYMHSA-N,2055,calcium pantothenate,79-83-4
COc1ccc(C(=O)N2CCCC2=O)cc1,"InChI=1S/C12H13NO3/c1-16-10-6-4-9(5-7-10)12(15)13-8-2-3-11(13)14/h4-7H,2-3,8H2,1H3",ZXNRTKGTQJPIJK-UHFFFAOYSA-N,221,aniracetam,72432-10-1
CC(=O)NC(CSC(C)=O)C(=O)O,"InChI=1S/C7H11NO4S/c1-4(9)8-6(7(11)12)3-13-5(2)10/h6H,3H2,1-2H3,(H,8,9)(H,11,12)/t6-/m0/s1",HSPYGHDTVQJUDE-LURJTMIESA-N,1760,dacisteine,18725-37-6
C=C(C)CNc1ccc(C(C)C(=O)O)cc1,"InChI=1S/C13H17NO2/c1-9(2)8-14-12-6-4-11(5-7-12)10(3)13(15)16/h4-7,10,14H,1,8H2,2-3H3,(H,15,16)",FPHLBGOJWPEVME-UHFFFAOYSA-N,126,alminoprofen,39718-89-3
Cc1ncc([N+](=O)[O-])n1CC(O)CCl,"InChI=1S/C7H10ClN3O3/c1-5-9-3-7(11(13)14)10(5)4-6(12)2-8/h3,6,12H,2,4H2,1H3",IPWKIXLWTCNBKN-UHFFFAOYSA-N,1997,ornidazole,16773-42-5
NC(Cc1c[nH]c2ccc(O)cc12)C(=O)O,"InChI=1S/C11H12N2O3/c12-9(11(15)16)3-6-5-13-10-2-1-7(14)4-8(6)10/h1-2,4-5,9,13-14H,3,12H2,(H,15,16)/t9-/m0/s1",LDCYZAJDBXYCGN-VIFPVBQESA-N,4006,oxitriptan,4350-09-8
O=C(O)C1CCCCC1(O)c1ccccc1,"InChI=1S/C13H16O3/c14-12(15)11-8-4-5-9-13(11,16)10-6-2-1-3-7-10/h1-3,6-7,11,16H,4-5,8-9H2,(H,14,15)",VCZPUGSOJXZKIP-UHFFFAOYSA-N,638,cycloxilic acid,57808-63-6
CN=C(N)NC(=O)Nc1c(C)cccc1C,"InChI=1S/C11H16N4O/c1-7-5-4-6-8(2)9(7)14-11(16)15-10(12)13-3/h4-6H,1-3H3,(H4,12,13,14,15,16)",RRHJHSBDJDZUGL-UHFFFAOYSA-N,1578,lidamidine,66871-56-5
CCC(C(=O)O)c1ccc(CC(C)C)cc1,"InChI=1S/C14H20O2/c1-4-13(14(15)16)12-7-5-11(6-8-12)9-10(2)3/h5-8,10,13H,4,9H2,1-3H3,(H,15,16)",UULSXYSSHHRCQK-UHFFFAOYSA-N,447,butibufen,55837-18-8
CCCNC(C)C(=O)Nc1ccccc1C,"InChI=1S/C13H20N2O/c1-4-9-14-11(3)13(16)15-12-8-6-5-7-10(12)2/h5-8,11,14H,4,9H2,1-3H3,(H,15,16)",MVFGUOIZUNYYSO-UHFFFAOYSA-N,2265,prilocaine,721-50-6
CC(C)CCOC(=O)C(N)c1ccccc1,"InChI=1S/C13H19NO2/c1-10(2)8-9-16-13(15)12(14)11-6-4-3-5-7-11/h3-7,10,12H,8-9,14H2,1-2H3",OVJJILSKYWXGBM-UHFFFAOYSA-N,2117,phenamacide,31031-74-0
CC(C)Cc1ccc(C(C)C(O)=NO)cc1,"InChI=1S/C13H19NO2/c1-9(2)8-11-4-6-12(7-5-11)10(3)13(15)14-16/h4-7,9-10,16H,8H2,1-3H3,(H,14,15)",BYPIURIATSUHDW-UHFFFAOYSA-N,1411,ibuproxam,53648-05-8
CCCCCCOc1ccccc1C(N)=O,"InChI=1S/C13H19NO2/c1-2-3-4-7-10-16-12-9-6-5-8-11(12)13(14)15/h5-6,8-9H,2-4,7,10H2,1H3,(H2,14,15)",CKSJXOVLXUMMFF-UHFFFAOYSA-N,1119,exalamide,53370-90-4
CNC(=O)NC(O)C(Cl)(Cl)Cl,"InChI=1S/C4H7Cl3N2O2/c1-8-3(11)9-2(10)4(5,6)7/h2,10H,1H3,(H2,8,9,11)",BULMIDNYAWYAMZ-UHFFFAOYSA-N,3767,mecloralurea,1954-79-6
Nc1ncnc(Nc2ccc(Cl)cc2)n1,"InChI=1S/C9H8ClN5/c10-6-1-3-7(4-2-6)14-9-13-5-12-8(11)15-9/h1-5H,(H3,11,12,13,14,15)",YRZQHIVOIFJEEE-UHFFFAOYSA-N,591,chlorazanil,500-42-5
O=S(=O)(O)CI,"InChI=1S/CH3IO3S/c2-1-6(3,4)5/h1H2,(H,3,4,5)",RDFJFVXMRYVOAC-UHFFFAOYSA-N,3346,methiodal,143-47-5
COc1ccc(C(C)=CC(=O)O)c(OC)c1,"InChI=1S/C12H14O4/c1-8(6-12(13)14)10-5-4-9(15-2)7-11(10)16-3/h4-7H,1-3H3,(H,13,14)/b8-6+",VNLOISSPTMDCIF-SOFGYWHQSA-N,898,dimecrotic acid,7706-67-4
O=C1c2ccccc2C(=O)C1c1ccccc1,"InChI=1S/C15H10O2/c16-14-11-8-4-5-9-12(11)15(17)13(14)10-6-2-1-3-7-10/h1-9,13H",NFBAXHOPROOJAW-UHFFFAOYSA-N,2130,phenindione,83-12-5
O=C(NCN1CCOCC1)c1cnccn1,"InChI=1S/C10H14N4O2/c15-10(9-7-11-1-2-12-9)13-8-14-3-5-16-6-4-14/h1-2,7H,3-6,8H2,(H,13,15)",GVTLAVKAVSKBKK-UHFFFAOYSA-N,1843,morinamide,952-54-5
CCN(CC)CCOC(=O)c1cccnc1,"InChI=1S/C12H18N2O2/c1-3-14(4-2)8-9-16-12(15)11-6-5-7-13-10-11/h5-7,10H,3-4,8-9H2,1-2H3",JVWOCHRRAWHKLT-UHFFFAOYSA-N,3793,nicametate,3099-52-3
CC(C)C(Br)C(=O)NC(N)=O,"InChI=1S/C6H11BrN2O2/c1-3(2)4(7)5(10)9-6(8)11/h3-4H,1-2H3,(H3,8,9,10,11)",CMCCHHWTTBEZNM-UHFFFAOYSA-N,3038,bromisoval,496-67-3
COc1ccccc1OCC1CNC(=O)O1,"InChI=1S/C11H13NO4/c1-14-9-4-2-3-5-10(9)15-7-8-6-12-11(13)16-8/h2-5,8H,6-7H2,1H3,(H,12,13)",ZMNSRFNUONFLSP-UHFFFAOYSA-N,1693,mephenoxalone,70-07-5
CCCCOc1ccc(CC(O)=NO)cc1,"InChI=1S/C12H17NO3/c1-2-3-8-16-11-6-4-10(5-7-11)9-12(14)13-15/h4-7,15H,2-3,8-9H2,1H3,(H,13,14)",MXJWRABVEGLYDG-UHFFFAOYSA-N,3047,bufexamac,2438-72-4
Oc1ccc(C(O)C2CCCCN2)cc1O,"InChI=1S/C12H17NO3/c14-10-5-4-8(7-11(10)15)12(16)9-3-1-2-6-13-9/h4-5,7,9,12-16H,1-3,6H2",IYMMESGOJVNCKV-UHFFFAOYSA-N,2385,rimiterol,32953-89-2
CCN(CC)C(=O)c1ccc(O)c(OC)c1,"InChI=1S/C12H17NO3/c1-4-13(5-2)12(15)9-6-7-10(14)11(8-9)16-3/h6-8,14H,4-5H2,1-3H3",BQJODPIMMWWMFC-UHFFFAOYSA-N,1074,etamivan,304-84-7
CC=CCC=CCCC(=O)C1OC1C(N)=O,"InChI=1S/C12H17NO3/c1-2-3-4-5-6-7-8-9(14)10-11(16-10)12(13)15/h2-3,5-6,10-11H,4,7-8H2,1H3,(H2,13,15)/b3-2+,6-5+/t10-,11-/m1/s1",GVEZIHKRYBHEFX-NQQPLRFYSA-N,578,cerulenin,17397-89-6
CCOc1ccc(NC(=O)CC(C)O)cc1,"InChI=1S/C12H17NO3/c1-3-16-11-6-4-10(5-7-11)13-12(15)8-9(2)14/h4-7,9,14H,3,8H2,1-2H3,(H,13,15)",LIAWQASKBFCRNR-UHFFFAOYSA-N,413,bucetin,1083-57-4
N#Cc1ccc(C2CCCc3cncn32)cc1,"InChI=1S/C14H13N3/c15-8-11-4-6-12(7-5-11)14-3-1-2-13-9-16-10-17(13)14/h4-7,9-10,14H,1-3H2",CLPFFLWZZBQMAO-UHFFFAOYSA-N,1126,fadrozole,102676-47-1
Cc1cccc(OCC(O)CNC(C)C)c1,"InChI=1S/C13H21NO2/c1-10(2)14-8-12(15)9-16-13-6-4-5-11(3)7-13/h4-7,10,12,14-15H,8-9H2,1-3H3",NXQMNKUGGYNLBY-UHFFFAOYSA-N,3616,toliprolol,2933-94-0
CC=C(C)C(=O)OC1CC2CCC(C1)N2C,"InChI=1S/C13H21NO2/c1-4-9(2)13(15)16-12-7-10-5-6-11(8-12)14(10)3/h4,10-12H,5-8H2,1-3H3/b9-4+/t10-,11+,12-",UVHGSMZRSVGWDJ-WJKWMCMVSA-N,3606,tigloidine,495-83-0
O=C1NCCN1N=Cc1ccc([N+](=O)[O-])o1,"InChI=1S/C8H8N4O4/c13-8-9-3-4-11(8)10-5-6-1-2-7(16-6)12(14)15/h1-2,5H,3-4H2,(H,9,13)/b10-5+",VSVAVMVWTLLTCH-BJMVGYQFSA-N,3795,nifuradene,555-84-0
Cn1c(=O)c2c(ncn2CCO)n(C)c1=O,"InChI=1S/C9H12N4O3/c1-11-7-6(8(15)12(2)9(11)16)13(3-4-14)5-10-7/h5,14H,3-4H2,1-2H3",NWPRCRWQMGIBOT-UHFFFAOYSA-N,1107,etofylline,519-37-9
CCC=C(C)C1(CC)C(=O)NC(=O)NC1=O,"InChI=1S/C11H16N2O3/c1-4-6-7(3)11(5-2)8(14)12-10(16)13-9(11)15/h6H,4-5H2,1-3H3,(H2,12,13,14,15,16)",RAFOHKSPUDGZPR-UHFFFAOYSA-N,3849,vinbarbital,125-42-8
C=CCC1(C(C)C)C(=O)NC(=O)N(C)C1=O,"InChI=1S/C11H16N2O3/c1-5-6-11(7(2)3)8(14)12-10(16)13(4)9(11)15/h5,7H,1,6H2,2-4H3,(H,12,14,16)",AXJXURWWUFZZKN-UHFFFAOYSA-N,3448,enallylpropymal,1861-21-8
CC(C)NCC(O)c1ccc([N+](=O)[O-])cc1,"InChI=1S/C11H16N2O3/c1-8(2)12-7-11(14)9-3-5-10(6-4-9)13(15)16/h3-6,8,11-12,14H,7H2,1-2H3",UAORFCGRZIGNCI-UHFFFAOYSA-N,3380,nifenalol,7413-36-7
C=CC1(C(C)CCC)C(=O)NC(=O)NC1=O,"InChI=1S/C11H16N2O3/c1-4-6-7(3)11(5-2)8(14)12-10(16)13-9(11)15/h5,7H,2,4,6H2,1,3H3,(H2,12,13,14,15,16)",KGKJZEKQJQQOTD-UHFFFAOYSA-N,2829,vinylbital,2430-49-1
C=CCC1(C(C)CC)C(=O)NC(=O)NC1=O,"InChI=1S/C11H16N2O3/c1-4-6-11(7(3)5-2)8(14)12-10(16)13-9(11)15/h4,7H,1,5-6H2,2-3H3,(H2,12,13,14,15,16)",BJVVMKUXKQHWJK-UHFFFAOYSA-N,2556,talbutal,115-44-6
C=CCC1(CC(C)C)C(=O)NC(=O)NC1=O,"InChI=1S/C11H16N2O3/c1-4-5-11(6-7(2)3)8(14)12-10(16)13-9(11)15/h4,7H,1,5-6H2,2-3H3,(H2,12,13,14,15,16)",UZVHFVZFNXBMQJ-UHFFFAOYSA-N,441,butalbital,77-26-9
CCCCOCC(O)COc1ccccc1,"InChI=1S/C13H20O3/c1-2-3-9-15-10-12(14)11-16-13-7-5-4-6-8-13/h4-8,12,14H,2-3,9-11H2,1H3",WBLXZPHICYCDGN-UHFFFAOYSA-N,1136,febuprol,3102-00-9
N=c1ccn2c(n1)OC1C(O)C(CO)OC12,"InChI=1S/C9H11N3O4/c10-5-1-2-12-8-7(16-9(12)11-5)6(14)4(3-13)15-8/h1-2,4,6-8,10,13-14H,3H2/t4-,6-,7+,8-/m1/s1",BBDAGFIXKZCXAH-CCXZUQQUSA-N,212,ancitabine,31698-14-3
Cc1ccccc1OCC(O)COC(N)=O,"InChI=1S/C11H15NO4/c1-8-4-2-3-5-10(8)15-6-9(13)7-16-11(12)14/h2-5,9,13H,6-7H2,1H3,(H2,12,14)",KRPAJLYSLFNDOA-UHFFFAOYSA-N,1692,mephenesin carbamate,533-06-2
Cc1ccc(O)c(-n2nc3ccccc3n2)c1,"InChI=1S/C13H11N3O/c1-9-6-7-13(17)12(8-9)16-14-10-4-2-3-5-11(10)15-16/h2-8,17H,1H3",MCPKSFINULVDNX-UHFFFAOYSA-N,3166,drometrizole,2440-22-4
CC(C)NCC(O)COc1ccc(O)cc1,"InChI=1S/C12H19NO3/c1-9(2)13-7-11(15)8-16-12-5-3-10(14)4-6-12/h3-6,9,11,13-15H,7-8H2,1-2H3/t11-/m0/s1",ADUKCCWBEDSMEB-NSHDSACASA-N,2258,prenalterol,57526-81-5
CN(C)C(Cc1ccccc1)c1ccccc1,"InChI=1S/C16H19N/c1-17(2)16(15-11-7-4-8-12-15)13-14-9-5-3-6-10-14/h3-12,16H,13H2,1-2H3/t16-/m1/s1",YEJZJVJJPVZXGX-MRXNPFEDSA-N,3316,lefetamine,7262-75-1
Oc1cccc2cc3cccc(O)c3c(O)c12,"InChI=1S/C14H10O3/c15-10-5-1-3-8-7-9-4-2-6-11(16)13(9)14(17)12(8)10/h1-6,15-16H,7H2",NUZWLKWWNNJHPT-UHFFFAOYSA-N,226,dithranol,1143-38-0
C=CCC1(CC(C)O)C(=O)NC(=O)NC1=O,"InChI=1S/C10H14N2O4/c1-3-4-10(5-6(2)13)7(14)11-9(16)12-8(10)15/h3,6,13H,1,4-5H2,2H3,(H2,11,12,14,15,16)",VNLMRPAWAMPLNZ-UHFFFAOYSA-N,2322,proxibarbal,2537-29-3
O=[N+]([O-])c1cncn1CCN1CCOCC1,"InChI=1S/C9H14N4O3/c14-13(15)9-7-10-8-12(9)2-1-11-3-5-16-6-4-11/h7-8H,1-6H2",MDJFHRLTPRPZLY-UHFFFAOYSA-N,1938,nimorazole,6506-37-2
C=C(C)CC1(CC)C(=O)NC(=S)NC1=O,"InChI=1S/C10H14N2O2S/c1-4-10(5-6(2)3)7(13)11-9(15)12-8(10)14/h2,4-5H2,1,3H3,(H2,11,12,13,14,15)",XMQICEWOKPEQRG-UHFFFAOYSA-N,3773,methallatal,115-56-0
CC=CC(=O)N(CC)C(CC)C(=O)N(C)C,"InChI=1S/C12H22N2O2/c1-6-9-11(15)14(8-3)10(7-2)12(16)13(4)5/h6,9-10H,7-8H2,1-5H3/b9-6+",LSAMUAYPDHUBQD-RMKNXTFCSA-N,745,crotetamide,6168-76-9
Cc1ccc2c(c1)c1c3n2CCNC3CCC1,"InChI=1S/C15H18N2/c1-10-5-6-14-12(9-10)11-3-2-4-13-15(11)17(14)8-7-16-13/h5-6,9,13,16H,2-4,7-8H2,1H3",IWVRVEIKCBFZNF-UHFFFAOYSA-N,2206,pirlindole,60762-57-4
C=CCOc1ccc(CC(=O)O)cc1Cl,"InChI=1S/C11H11ClO3/c1-2-5-15-10-4-3-8(6-9(10)12)7-11(13)14/h2-4,6H,1,5,7H2,(H,13,14)",ARHWPKZXBHOEEE-UHFFFAOYSA-N,107,alclofenac,22131-79-9
O=[N+]([O-])OCC(CO[N+](=O)[O-])O[N+](=O)[O-],"InChI=1S/C3H5N3O9/c7-4(8)13-1-3(15-6(11)12)2-14-5(9)10/h3H,1-2H2",SNIOPGDIGTZGOP-UHFFFAOYSA-N,1952,glyceryl trinitrate,55-63-0
CNCC(O)c1cc(OC)c(O)c(OC)c1,"InChI=1S/C11H17NO4/c1-12-6-8(13)7-4-9(15-2)11(14)10(5-7)16-3/h4-5,8,12-14H,6H2,1-3H3",ZKGDBJAHIIXDDW-UHFFFAOYSA-N,909,dimetofrine,22950-29-4
NC(=O)Oc1ccc(Cc2ccccc2)cc1,"InChI=1S/C14H13NO2/c15-14(16)17-13-8-6-12(7-9-13)10-11-4-2-1-3-5-11/h1-9H,10H2,(H2,15,16)",ZBJBRUSGEJORQL-UHFFFAOYSA-N,3736,diphenan,101-71-3
CN(C)CCOC(=O)CCC1CCCCC1,"InChI=1S/C13H25NO2/c1-14(2)10-11-16-13(15)9-8-12-6-4-3-5-7-12/h12H,3-11H2,1-2H3",MPOYJPINNSIHAK-UHFFFAOYSA-N,764,cyprodenate,15585-86-1
CCCCNC(=O)c1ccc(Cl)cc1O,"InChI=1S/C11H14ClNO2/c1-2-3-6-13-11(15)9-5-4-8(12)7-10(9)14/h4-5,7,14H,2-3,6H2,1H3,(H,13,15)",ZGJHIFYEQJEUKA-UHFFFAOYSA-N,3043,buclosamide,575-74-6
CC(C)(C)NCC(O)c1ccccc1Cl,"InChI=1S/C12H18ClNO/c1-12(2,3)14-8-11(15)9-6-4-5-7-10(9)13/h4-7,11,14-15H,8H2,1-3H3",YREYLAVBNPACJM-UHFFFAOYSA-N,2782,tulobuterol,41570-61-0
Cc1ccc2c(Cl)cc(Cl)c(O)c2n1,"InChI=1S/C10H7Cl2NO/c1-5-2-3-6-7(11)4-8(12)10(14)9(6)13-5/h2-4,14H,1H3",GPTXWRGISTZRIO-UHFFFAOYSA-N,3095,chlorquinaldol,72-80-0
COc1ccccc1OC(=O)c1ccccc1,"InChI=1S/C14H12O3/c1-16-12-9-5-6-10-13(12)17-14(15)11-7-3-2-4-8-11/h2-10H,1H3",IZYQCDNLUPLXOO-UHFFFAOYSA-N,3450,guaiacol benzoate,531-37-3
COc1ccc(C(=O)c2ccccc2)c(O)c1,"InChI=1S/C14H12O3/c1-17-11-7-8-12(13(15)9-11)14(16)10-5-3-2-4-6-10/h2-9,15H,1H3",DXGLGDHPHMLXJC-UHFFFAOYSA-N,3412,oxybenzone,131-57-7
Cc1cc2cc3c(C)cc(=O)oc3c(C)c2o1,"InChI=1S/C14H12O3/c1-7-4-12(15)17-14-9(3)13-10(6-11(7)14)5-8(2)16-13/h4-6H,1-3H3",FMHHVULEAZTJMA-UHFFFAOYSA-N,2759,trioxsalen,3902-71-4
O=C(O)C=Cc1ccc(Cn2ccnc2)cc1,"InChI=1S/C13H12N2O2/c16-13(17)6-5-11-1-3-12(4-2-11)9-15-8-7-14-10-15/h1-8,10H,9H2,(H,16,17)/b6-5+",SHZKQBHERIJWAO-AATRIKPKSA-N,2043,ozagrel,82571-53-7
c1ccc2c(CCC3CCNCC3)c[nH]c2c1,"InChI=1S/C15H20N2/c1-2-4-15-14(3-1)13(11-17-15)6-5-12-7-9-16-10-8-12/h1-4,11-12,16-17H,5-10H2",SADQVAVFGNTEOD-UHFFFAOYSA-N,1432,indalpine,63758-79-2
CC(C)(O)CC(C)(O)c1ccc(Cl)cc1,"InChI=1S/C12H17ClO2/c1-11(2,14)8-12(3,15)9-4-6-10(13)7-5-9/h4-7,14-15H,8H2,1-3H3",SNJDSTGQYRTZJT-UHFFFAOYSA-N,1158,fenpentadiol,15687-18-0
Nc1ccc(C(=O)Oc2ccccc2)c(O)c1,"InChI=1S/C13H11NO3/c14-9-6-7-11(12(15)8-9)13(16)17-10-4-2-1-3-5-10/h1-8,15H,14H2",DNVVZWSVACQWJE-UHFFFAOYSA-N,2143,fenamisal,133-11-9
O=C(Nc1ccc(O)cc1)c1ccccc1O,"InChI=1S/C13H11NO3/c15-10-7-5-9(6-8-10)14-13(17)11-3-1-2-4-12(11)16/h1-8,15-16H,(H,14,17)",LGCMKPRGGJRYGM-UHFFFAOYSA-N,2000,osalmid,526-18-1
CC(=NNC(=O)c1ccncc1)c1ccco1,"InChI=1S/C12H11N3O2/c1-9(11-3-2-8-17-11)14-15-12(16)10-4-6-13-7-5-10/h2-8H,1H3,(H,15,16)/b14-9+",GNDPAVKYAUIVEB-NTEUORMPSA-N,3255,furonazide,3460-67-1
CC(Cc1ccccc1)N(C)Cc1ccco1,"InChI=1S/C15H19NO/c1-13(11-14-7-4-3-5-8-14)16(2)12-15-9-6-10-17-15/h3-10,13H,11-12H2,1-2H3",DLGIIZAHQPTVCJ-UHFFFAOYSA-N,3752,furfenorex,13445-60-8
CC(C)NCC(O)c1ccc2ccccc2c1,"InChI=1S/C15H19NO/c1-11(2)16-10-15(17)14-8-7-12-5-3-4-6-13(12)9-14/h3-9,11,15-17H,10H2,1-2H3",HRSANNODOVBCST-UHFFFAOYSA-N,2289,pronetalol,54-80-8
O=P(O)(O)OCC(Cl)(Cl)Cl,"InChI=1S/C2H4Cl3O4P/c3-2(4,5)1-9-10(6,7)8/h1H2,(H2,6,7,8)",YYQRGCZGSFRBAM-UHFFFAOYSA-N,2735,triclofos,306-52-5
N=C(N)NC(=O)c1nc(Cl)c(N)nc1N,"InChI=1S/C6H8ClN7O/c7-2-4(9)13-3(8)1(12-2)5(15)14-6(10)11/h(H4,8,9,13)(H4,10,11,14,15)",XSDQTOBWRPYKKA-UHFFFAOYSA-N,158,amiloride,2609-46-3
Cc1c(C(C)C)c(=O)n(-c2ccccc2)n1C,"InChI=1S/C14H18N2O/c1-10(2)13-11(3)15(4)16(14(13)17)12-8-6-5-7-9-12/h5-10H,1-4H3",PXWLVJLKJGVOKE-UHFFFAOYSA-N,2309,propyphenazone,479-92-5
CC(C)C(=O)c1c(C(C)C)nn2ccccc12,"InChI=1S/C14H18N2O/c1-9(2)13-12(14(17)10(3)4)11-7-5-6-8-16(11)15-13/h5-10H,1-4H3",ZJVFLBOZORBYFE-UHFFFAOYSA-N,1406,ibudilast,50847-11-5
N=C(N)NN=Cc1c(Cl)cccc1Cl,"InChI=1S/C8H8Cl2N4/c9-6-2-1-3-7(10)5(6)4-13-14-8(11)12/h1-4H,(H4,11,12,14)/b13-4+",WDZVGELJXXEGPV-YIXHJXPBSA-N,3952,guanabenz,5051-62-7
O=C(NNCS(=O)(=O)O)c1ccncc1,"InChI=1S/C7H9N3O4S/c11-7(6-1-3-8-4-2-6)10-9-5-15(12,13)14/h1-4,9H,5H2,(H,10,11)(H,12,13,14)",GQZQCROBCYNTMU-UHFFFAOYSA-N,1735,methaniazide,13447-95-5
Cc1cc(C(=O)NNCc2ccccc2)no1,"InChI=1S/C12H13N3O2/c1-9-7-11(15-17-9)12(16)14-13-8-10-5-3-2-4-6-10/h2-7,13H,8H2,1H3,(H,14,16)",XKFPYPQQHFEXRZ-UHFFFAOYSA-N,1490,isocarboxazid,59-63-2
C1=Cc2cccc(OCC3CNCCO3)c2C1,"InChI=1S/C14H17NO2/c1-3-11-4-2-6-14(13(11)5-1)17-10-12-9-15-7-8-16-12/h1-4,6,12,15H,5,7-10H2",MADRVGBADLFHMO-UHFFFAOYSA-N,1435,indeloxazine,60929-23-9
Cc1c(N(C)C)c(=O)n(-c2ccccc2)n1C,"InChI=1S/C13H17N3O/c1-10-12(14(2)3)13(17)16(15(10)4)11-8-6-5-7-9-11/h5-9H,1-4H3",RMMXTBMQSGEXHJ-UHFFFAOYSA-N,171,aminophenazone,58-15-1
NC(=S)NS(=O)(=O)c1ccc(N)cc1,"InChI=1S/C7H9N3O2S2/c8-5-1-3-6(4-2-5)14(11,12)10-7(9)13/h1-4H,8H2,(H3,9,10,13)",UEMLYRZWLVXWRU-UHFFFAOYSA-N,3567,sulfathiourea,515-49-1
CN1CCC2(C)CC(Cc3ccc(O)cc32)C1,"InChI=1S/C15H21NO/c1-15-5-6-16(2)10-11(9-15)7-12-3-4-13(17)8-14(12)15/h3-4,8,11,17H,5-7,9-10H2,1-2H3/t11-,15-/m1/s1",ZOWQTJXNFTWSCS-IAQYHMDHSA-N,1039,eptazocine,72522-13-5
Nc1ccc(C=Cc2ccc([N+](=O)[O-])o2)nn1,"InChI=1S/C10H8N4O3/c11-9-5-2-7(12-13-9)1-3-8-4-6-10(17-8)14(15)16/h1-6H,(H2,11,13)/b3-1+",XDWLRMBWIWKFNC-HNQUOIGGSA-N,3796,nifurprazine,1614-20-6
CCOC(=O)NNc1nncc2ccccc12,"InChI=1S/C11H12N4O2/c1-2-17-11(16)15-14-10-9-6-4-3-5-8(9)7-12-13-10/h3-7H,2H2,1H3,(H,13,14)(H,15,16)",WGZDBVOTUVNQFP-UHFFFAOYSA-N,2691,todralazine,14679-73-3
CCC(C)C(C)(COC(N)=O)COC(N)=O,"InChI=1S/C10H20N2O4/c1-4-7(2)10(3,5-15-8(11)13)6-16-9(12)14/h7H,4-6H2,1-3H3,(H2,11,13)(H2,12,14)",LEROTMJVBFSIMP-UHFFFAOYSA-N,1644,mebutamate,64-55-1
CCCCc1c(O)[nH]n(-c2ccccc2)c1=O,"InChI=1S/C13H16N2O2/c1-2-3-9-11-12(16)14-15(13(11)17)10-7-5-4-6-8-10/h4-8,11H,2-3,9H2,1H3,(H,14,16)",REOJLIXKJWXUGB-UHFFFAOYSA-N,1828,mofebutazone,2210-63-1
Cc1cccc(C)c1NC(=O)CN1CCCC1,"InChI=1S/C14H20N2O/c1-11-6-5-7-12(2)14(11)15-13(17)10-16-8-3-4-9-16/h5-7H,3-4,8-10H2,1-2H3,(H,15,17)",OYCGKECKIVYHTN-UHFFFAOYSA-N,3512,pyrrocaine,2210-77-7
Cc1ccc(C(C)C)c(OCC2=NCCN2)c1,"InChI=1S/C14H20N2O/c1-10(2)12-5-4-11(3)8-13(12)17-9-14-15-6-7-16-14/h4-5,8,10H,6-7,9H2,1-3H3,(H,15,16)",QRORCRWSRPKEHR-UHFFFAOYSA-N,3445,tymazoline,24243-97-8
O=c1n(Cl)c(=O)n(Cl)c(=O)n1Cl,InChI=1S/C3Cl3N3O3/c4-7-1(10)8(5)3(12)9(6)2(7)11,YRIZYWQGELRKNT-UHFFFAOYSA-N,3629,symclosene,87-90-1
O=C(O)C(=O)Nc1cccc(-c2nn[nH]n2)c1,"InChI=1S/C9H7N5O3/c15-8(9(16)17)10-6-3-1-2-5(4-6)7-11-13-14-12-7/h1-4H,(H,10,15)(H,16,17)(H,11,12,13,14)",VWQZJJZGISNFOE-UHFFFAOYSA-N,77,acitazanolast,114607-46-4
CC1(C)C(C(=O)O)N2C(=O)CC2S1(=O)=O,"InChI=1S/C8H11NO5S/c1-8(2)6(7(11)12)9-4(10)3-5(9)15(8,13)14/h5-6H,3H2,1-2H3,(H,11,12)/t5-,6+/m1/s1",FKENQMMABCRJMK-RITPCOANSA-N,2492,sulbactam,68373-14-8
CC(C)(CO)C(O)C(=O)NCCCC(=O)O,"InChI=1S/C10H19NO5/c1-10(2,6-12)8(15)9(16)11-5-3-4-7(13)14/h8,12,15H,3-6H2,1-2H3,(H,11,16)(H,13,14)/t8-/m0/s1",SBBDHANTMHIRGW-QMMMGPOBSA-N,3280,hopantenic acid,18679-90-8
CC(=O)OC(c1ccccc1)C1CCCCN1,"InChI=1S/C14H19NO2/c1-11(16)17-14(12-7-3-2-4-8-12)13-9-5-6-10-15-13/h2-4,7-8,13-15H,5-6,9-10H2,1H3/t13-,14-/m1/s1",BKPLVPRTTWIDNL-ZIAGYGMSSA-N,3319,levofacetoperane,24558-01-8
COC(=O)C(c1ccccc1)C1CCCCN1,"InChI=1S/C14H19NO2/c1-17-14(16)13(11-7-3-2-4-8-11)12-9-5-6-10-15-12/h2-4,7-8,12-13,15H,5-6,9-10H2,1H3/t12-,13-/m1/s1",DUGOZIWVEXMGBE-CHWSQXEVSA-N,836,dexmethylphenidate,40431-64-9
CCC1(c2cccc(O)c2)CCCCN(C)C1,"InChI=1S/C15H23NO/c1-3-15(9-4-5-10-16(2)12-15)13-7-6-8-14(17)11-13/h6-8,11,17H,3-5,9-10,12H2,1-2H3",JLICHNCFTLFZJN-UHFFFAOYSA-N,1706,meptazinol,54340-58-8
C=CCC1(C2C=CCC2)C(=O)NC(=O)NC1=O,"InChI=1S/C12H14N2O3/c1-2-7-12(8-5-3-4-6-8)9(15)13-11(17)14-10(12)16/h2-3,5,8H,1,4,6-7H2,(H2,13,14,15,16,17)",XOVJAYNMQDTIJD-UHFFFAOYSA-N,3723,cyclopentobarbital,76-68-6
COc1cc(C)nc(-n2nc(C)cc2OC)n1,"InChI=1S/C11H14N4O2/c1-7-5-9(16-3)13-11(12-7)15-10(17-4)6-8(2)14-15/h5-6H,1-4H3",RHAXSHUQNIEUEY-UHFFFAOYSA-N,1029,epirizole,18694-40-1
Cn1c(O)c(N=NC(N)=S)c2ccccc21,"InChI=1S/C10H10N4OS/c1-14-7-5-3-2-4-6(7)8(9(14)15)12-13-10(11)16/h2-5H,1H3,(H3,11,13,16)",DLGSOJOOYHWROO-UHFFFAOYSA-N,1746,metisazone,1910-68-5
CCCCCCCC(=O)OCC(O)CO,"InChI=1S/C11H22O4/c1-2-3-4-5-6-7-11(14)15-9-10(13)8-12/h10,12-13H,2-9H2,1H3",GHBFNMLVSPCDGN-UHFFFAOYSA-N,3364,monoctanoin,502-54-5
CC(C)(C)C(O)C=Cc1ccc2c(c1)OCO2,"InChI=1S/C14H18O3/c1-14(2,3)13(15)7-5-10-4-6-11-12(8-10)17-9-16-11/h4-8,13,15H,9H2,1-3H3",IBLNKMRFIPWSOY-UHFFFAOYSA-N,2480,stiripentol,49763-96-4
CCN(CC)C(C)CC(=O)Nc1ccccc1,"InChI=1S/C14H22N2O/c1-4-16(5-2)12(3)11-14(17)15-13-9-7-6-8-10-13/h6-10,12H,4-5,11H2,1-3H3,(H,15,17)",HKOURKRGAFKVFP-UHFFFAOYSA-N,3393,octacaine,13912-77-1
CCN(CC)CC(=O)Nc1c(C)cccc1C,"InChI=1S/C14H22N2O/c1-5-16(6-2)10-13(17)15-14-11(3)8-7-9-12(14)4/h7-9H,5-6,10H2,1-4H3,(H,15,17)",NNJVILVZKWQKPM-UHFFFAOYSA-N,1579,lidocaine,137-58-6
C1CCN2CC3CC(CN4CCCCC34)C2C1,"InChI=1S/C15H26N2/c1-3-7-16-11-13-9-12(14(16)5-1)10-17-8-4-2-6-15(13)17/h12-15H,1-11H2/t12-,13-,14-,15+/m0/s1",SLRCCWJSBJZJBV-ZQDZILKHSA-N,2467,sparteine,90-39-1
NCCC(O)(P(=O)(O)O)P(=O)(O)O,"InChI=1S/C3H11NO7P2/c4-2-1-3(5,12(6,7)8)13(9,10)11/h5H,1-2,4H2,(H2,6,7,8)(H2,9,10,11)",WRUUGTRCQOWXEG-UHFFFAOYSA-N,2048,pamidronic acid,40391-99-9
O=C(NCCS(=O)(=O)O)c1cccs1,"InChI=1S/C7H9NO4S2/c9-7(6-2-1-4-13-6)8-3-5-14(10,11)12/h1-2,4H,3,5H2,(H,8,9)(H,10,11,12)",JJXDGYJCYKWEAI-UHFFFAOYSA-N,2569,taurosteine,124066-33-7
CCCNC(C)(C)COC(=O)c1ccccc1,"InChI=1S/C14H21NO2/c1-4-10-15-14(2,3)11-17-13(16)12-8-6-5-7-9-12/h5-9,15H,4,10-11H2,1-3H3",VXJABHHJLXLNMP-UHFFFAOYSA-N,3770,meprylcaine,495-70-5
CCC(C)(CN(C)C)OC(=O)c1ccccc1,"InChI=1S/C14H21NO2/c1-5-14(2,11-15(3)4)17-13(16)12-9-7-6-8-10-12/h6-10H,5,11H2,1-4H3",FDMBBCOBEAVDAO-UHFFFAOYSA-N,206,amylocaine,644-26-8
C=CCN1Cc2ccccc2-c2ccccc2C1,"InChI=1S/C17H17N/c1-2-11-18-12-14-7-3-5-9-16(14)17-10-6-4-8-15(17)13-18/h2-10H,1,11-13H2",NYGHGTMKALXFIA-UHFFFAOYSA-N,265,azapetine,146-36-1
CCN(CC)CCNC(=O)c1ccc(N)cc1,"InChI=1S/C13H21N3O/c1-3-16(4-2)10-9-15-13(17)11-5-7-12(14)8-6-11/h5-8H,3-4,9-10,14H2,1-2H3,(H,15,17)",REQCZEXYDRLIBE-UHFFFAOYSA-N,2270,procainamide,51-06-9
CC1NC(C2CC2)CC1c1ccc(Cl)cc1,"InChI=1S/C14H18ClN/c1-9-13(8-14(16-9)11-2-3-11)10-4-6-12(15)7-5-10/h4-7,9,11,13-14,16H,2-3,8H2,1H3",PZJBWSQQDMRZHY-UHFFFAOYSA-N,3817,picilorex,62510-56-9
O=[N+]([O-])OC1COC2C(O[N+](=O)[O-])COC12,"InChI=1S/C6H8N2O8/c9-7(10)15-3-1-13-6-4(16-8(11)12)2-14-5(3)6/h3-6H,1-2H2/t3-,4+,5-,6-/m1/s1",MOYKHGMNXAOIAT-JGWLITMVSA-N,1505,isosorbide dinitrate,87-33-2
O=c1[nH]cnc2c1ncn2C1CCC(CO)O1,"InChI=1S/C10H12N4O3/c15-3-6-1-2-7(17-6)14-5-13-8-9(14)11-4-12-10(8)16/h4-7,15H,1-3H2,(H,11,12,16)/t6-,7+/m0/s1",BXZVVICBKDXVGW-NKWVEPMBSA-N,869,didanosine,69655-05-6
CN1C(=O)NC(=O)C(C)(C2=CCCCC2)C1=O,"InChI=1S/C12H16N2O3/c1-12(8-6-4-3-5-7-8)9(15)13-11(17)14(2)10(12)16/h6H,3-5,7H2,1-2H3,(H,13,15,17)",UYXAWHWODHRRMR-UHFFFAOYSA-N,1369,hexobarbital,56-29-1
CCC1(C2=CCCCC2)C(=O)NC(=O)NC1=O,"InChI=1S/C12H16N2O3/c1-2-12(8-6-4-3-5-7-8)9(15)13-11(17)14-10(12)16/h6H,2-5,7H2,1H3,(H2,13,14,15,16,17)",WTYGAUXICFETTC-UHFFFAOYSA-N,750,cyclobarbital,52-31-3
CC(=O)N=c1sc(S(N)(=O)=O)nn1C,"InChI=1S/C5H8N4O3S2/c1-3(10)7-4-9(2)8-5(13-4)14(6,11)12/h1-2H3,(H2,6,11,12)",FLOSMHQXBMRNHR-UHFFFAOYSA-N,1741,methazolamide,554-57-4
CC(=O)Nc1ccc(C=NNC(N)=S)cc1,"InChI=1S/C10H12N4OS/c1-7(15)13-9-4-2-8(3-5-9)6-12-14-10(11)16/h2-6H,1H3,(H,13,15)(H3,11,14,16)",SRVJKTDHMYAMHA-UHFFFAOYSA-N,2631,thioacetazone,104-06-3
CC(C)CNCCOC(=O)c1ccc(N)cc1,"InChI=1S/C13H20N2O2/c1-10(2)9-15-7-8-17-13(16)11-3-5-12(14)6-4-11/h3-6,10,15H,7-9,14H2,1-2H3",WDICTQVBXKADBP-UHFFFAOYSA-N,3053,butethamine,2090-89-3
CCOC(=O)NC(O)C(Cl)(Cl)Cl,"InChI=1S/C5H8Cl3NO3/c1-2-12-4(11)9-3(10)5(6,7)8/h3,10H,2H2,1H3,(H,9,11)",ITMSAWKLJVGBIT-UHFFFAOYSA-N,3701,carbocloral,541-79-7
CCC(Br)(CC)C(=O)NC(N)=O,"InChI=1S/C7H13BrN2O2/c1-3-7(8,4-2)5(11)10-6(9)12/h3-4H2,1-2H3,(H3,9,10,11,12)",OPNPQXLQERQBBV-UHFFFAOYSA-N,504,carbromal,77-65-6
N=C(N)N=Nc1ccc(NNC(N)=S)cc1,"InChI=1S/C8H11N7S/c9-7(10)14-12-5-1-3-6(4-2-5)13-15-8(11)16/h1-4H,(H4,9,10,14)(H3,11,15,16)/b12-5-,13-6+",MLMFUKWWZIZRHX-UWRPRBHNSA-N,145,ambazone,539-21-9
Cc1cc(CC(C)CC(C)(C)C)n(O)c(=O)c1,"InChI=1S/C14H23NO2/c1-10-6-12(15(17)13(16)8-10)7-11(2)9-14(3,4)5/h6,8,11,17H,7,9H2,1-5H3",OIQJEQLSYJSNDS-UHFFFAOYSA-N,3479,piroctone,50650-76-5
CCC(CN)=C(c1ccccc1)c1ccccc1,"InChI=1S/C17H19N/c1-2-14(13-18)17(15-9-5-3-6-10-15)16-11-7-4-8-12-16/h3-12H,2,13,18H2,1H3",WNKCJOWTKXGERE-UHFFFAOYSA-N,3741,etifelmine,341-00-4
FC(F)(F)C(F)(F)C(F)(F)C(F)(F)F,"InChI=1S/C4F10/c5-1(6,3(9,10)11)2(7,8)4(12,13)14",KAVGMUDTWQVPDF-UHFFFAOYSA-N,3999,perflubutane,355-25-9
Cc1cc(Br)c(O)c2ncccc12,"InChI=1S/C10H8BrNO/c1-6-5-8(11)10(13)9-7(6)3-2-4-12-9/h2-5,13H,1H3",JMOVFFLYGIQXMM-UHFFFAOYSA-N,2662,tilbroquinol,7175-09-9
O=c1[nH]c(O)cn1N=Cc1ccc([N+](=O)[O-])o1,"InChI=1S/C8H6N4O5/c13-6-4-11(8(14)10-6)9-3-5-1-2-7(17-5)12(15)16/h1-3H,4H2,(H,10,13,14)/b9-3+",NXFQHRVNIOXGAQ-YCRREMRBSA-N,1949,nitrofurantoin,67-20-9
CC(=O)Oc1cccc(C(=O)O)c1OC(C)=O,"InChI=1S/C11H10O6/c1-6(12)16-9-5-3-4-8(11(14)15)10(9)17-7(2)13/h3-5H,1-2H3,(H,14,15)",NYIZXMGNIUSNKL-UHFFFAOYSA-N,3160,dipyrocetyl,486-79-3
Cn1c(=O)c2c(ncn2CC(=O)O)n(C)c1=O,"InChI=1S/C9H10N4O4/c1-11-7-6(8(16)12(2)9(11)17)13(4-10-7)3-5(14)15/h4H,3H2,1-2H3,(H,14,15)",HCYFGRCYSCXKNQ-UHFFFAOYSA-N,49,acefylline,652-37-9
COc1cc(C=CC(=O)O)ccc1OCCO,"InChI=1S/C12H14O5/c1-16-11-8-9(3-5-12(14)15)2-4-10(11)17-7-6-13/h2-5,8,13H,6-7H2,1H3,(H,14,15)/b5-3+",YNUMZJCKFQVSRH-HWKANZROSA-N,649,cinametic acid,35703-32-3
CCCOc1ccc([N+](=O)[O-])cc1NC(C)=O,"InChI=1S/C11H14N2O4/c1-3-6-17-11-5-4-9(13(15)16)7-10(11)12-8(2)14/h4-5,7H,3,6H2,1-2H3,(H,12,14)",OPTZOXDYEFIPJZ-UHFFFAOYSA-N,3387,pronilide,553-20-8
CC(O)Cn1c(=O)c2c(ncn2C)n(C)c1=O,"InChI=1S/C10H14N4O3/c1-6(15)4-14-9(16)7-8(11-5-12(7)2)13(3)10(14)17/h5-6,15H,4H2,1-3H3",MXRGZXBFSKSZPH-UHFFFAOYSA-N,3497,protheobromine,50-39-5
CC(O)Cn1cnc2c1c(=O)n(C)c(=O)n2C,"InChI=1S/C10H14N4O3/c1-6(15)4-14-5-11-8-7(14)9(16)13(3)10(17)12(8)2/h5-6,15H,4H2,1-3H3",KYHQZNGJUGFTGR-UHFFFAOYSA-N,2323,proxyphylline,603-00-9
C=CCC1(CC(C)(C)C)C(=O)NC(=O)NC1=O,"InChI=1S/C12H18N2O3/c1-5-6-12(7-11(2,3)4)8(15)13-10(17)14-9(12)16/h5H,1,6-7H2,2-4H3,(H2,13,14,15,16,17)",YHKPTICJRUESOY-UHFFFAOYSA-N,3792,nealbarbital,561-83-1
Cn1cc([S+](C)[O-])c(=O)c2ccc(F)cc21,"InChI=1S/C11H10FNO2S/c1-13-6-10(16(2)15)11(14)8-4-3-7(12)5-9(8)13/h3-6H,1-2H3",UYGONJYYUKVHDD-UHFFFAOYSA-N,1182,flosequinan,76568-02-0
CCOc1c(N2CCOCC2)cnn(C)c1=O,"InChI=1S/C11H17N3O3/c1-3-17-10-9(8-12-13(2)11(10)15)14-4-6-16-7-5-14/h8H,3-7H2,1-2H3",URJQOOISAKEBKW-UHFFFAOYSA-N,1002,emorfazone,38957-41-4
CCC(NC(C)C)C(O)c1ccc(O)c(O)c1,"InChI=1S/C13H21NO3/c1-4-10(14-8(2)3)13(17)9-5-6-11(15)12(16)7-9/h5-8,10,13-17H,4H2,1-3H3",HUYWAWARQUIQLE-UHFFFAOYSA-N,1491,isoetarine,530-08-5
CC(Cc1ccccc1)N(C)Cc1ccccc1,"InChI=1S/C17H21N/c1-15(13-16-9-5-3-6-10-16)18(2)14-17-11-7-4-8-12-17/h3-12,15H,13-14H2,1-2H3/t15-/m0/s1",YXKTVDFXDRQTKV-HNNXBMFYSA-N,329,benzphetamine,156-08-1
O=C1c2cccc(O)c2C(=O)c2c(O)cccc21,"InChI=1S/C14H8O4/c15-9-5-1-3-7-11(9)14(18)12-8(13(7)17)4-2-6-10(12)16/h1-6,15-16H",QBPFLULOKWLNNW-UHFFFAOYSA-N,3125,dantron,117-10-2
CCC(C(=O)O)c1ccc(-c2ccccc2)cc1,"InChI=1S/C16H16O2/c1-2-15(16(17)18)14-10-8-13(9-11-14)12-6-4-3-5-7-12/h3-11,15H,2H2,1H3,(H,17,18)",IYEPZNKOJZOGJG-UHFFFAOYSA-N,3656,xenbucin,959-10-4
CCCC(CC)C1(CC)C(=O)NC(=O)NC1=O,"InChI=1S/C12H20N2O3/c1-4-7-8(5-2)12(6-3)9(15)13-11(17)14-10(12)16/h8H,4-7H2,1-3H3,(H2,13,14,15,16,17)",ZLUNGGZJSQDFPH-UHFFFAOYSA-N,3840,tetrabarbital,76-23-3
CC(NNC(=O)c1ccccc1)c1ccccc1,"InChI=1S/C15H16N2O/c1-12(13-8-4-2-5-9-13)16-17-15(18)14-10-6-3-7-11-14/h2-12,16H,1H3,(H,17,18)",BEWNZPMDJIGBED-UHFFFAOYSA-N,3681,benmoxin,7654-03-7
CC(C)=CC(C)=NNc1nncc2ccccc12,"InChI=1S/C14H16N4/c1-10(2)8-11(3)16-18-14-13-7-5-4-6-12(13)9-15-17-14/h4-9H,1-3H3,(H,17,18)",DQGFCLJXYFXXIJ-UHFFFAOYSA-N,421,budralazine,36798-79-5
C=CCC1(CC(C)C)C(=O)NC(=S)NC1=O,"InChI=1S/C11H16N2O2S/c1-4-5-11(6-7(2)3)8(14)12-10(16)13-9(11)15/h4,7H,1,5-6H2,2-3H3,(H2,12,13,14,15,16)",QHJOIAXHOQIPJT-UHFFFAOYSA-N,3054,buthalital,468-65-5
CC=CC(=O)N(CCC)C(CC)C(=O)N(C)C,"InChI=1S/C13H24N2O2/c1-6-9-12(16)15(10-7-2)11(8-3)13(17)14(4)5/h6,9,11H,7-8,10H2,1-5H3/b9-6+",CYZWCBZIBJLKCV-RMKNXTFCSA-N,743,cropropamide,633-47-6
CN(C)CCC(c1ccccc1)c1ccccn1,"InChI=1S/C16H20N2/c1-18(2)13-11-15(14-8-4-3-5-9-14)16-10-6-7-12-17-16/h3-10,12,15H,11,13H2,1-2H3",IJHNSHDBIRRJRN-UHFFFAOYSA-N,2132,pheniramine,86-21-5
COc1ccc(-c2cc(=S)ss2)cc1,"InChI=1S/C10H8OS3/c1-11-8-4-2-7(3-5-8)9-6-10(12)14-13-9/h2-6H,1H3",KYLIZBIRMBGUOP-UHFFFAOYSA-N,218,anethole trithione,532-11-6
C[N+]1(CCCCC[N+]2(C)CCCC2)CCCC1,"InChI=1S/C15H32N2/c1-16(12-6-7-13-16)10-4-3-5-11-17(2)14-8-9-15-17/h3-15H2,1-2H3/q+2",XSBSKEQEUFOSDD-UHFFFAOYSA-N,2096,pentolonium,144-44-5
CN(C)C(=S)SSC(=S)N(C)C,InChI=1S/C6H12N2S4/c1-7(2)5(9)11-12-6(10)8(3)4/h1-4H3,KUAZQDVKQLNFPE-UHFFFAOYSA-N,3601,thiram,137-26-8
O=C(NN=Cc1ccccc1O)c1ccncc1,"InChI=1S/C13H11N3O2/c17-12-4-2-1-3-11(12)9-15-16-13(18)10-5-7-14-8-6-10/h1-9,17H,(H,16,18)/b15-9+",VBIZUNYMJSPHBH-OQLLNIDSSA-N,2418,salinazid,495-84-1
CC(O)C(O)C1CNc2[nH]c(N)nc(=O)c2N1,"InChI=1S/C9H15N5O3/c1-3(15)6(16)4-2-11-7-5(12-4)8(17)14-9(10)13-7/h3-4,6,12,15-16H,2H2,1H3,(H4,10,11,13,14,17)/t3-,4+,6-/m0/s1",FNKQXYHWGSIFBK-RPDRRWSUSA-N,2612,sapropterin,62989-33-7
O=C(O)c1ccccc1NCCc1ccccc1,"InChI=1S/C15H15NO2/c17-15(18)13-8-4-5-9-14(13)16-11-10-12-6-2-1-3-7-12/h1-9,16H,10-11H2,(H,17,18)",HLNLBEFKHHCAMV-UHFFFAOYSA-N,3176,enfenamic acid,23049-93-6
NC(=O)N(CCO)N=Cc1ccc([N+](=O)[O-])o1,"InChI=1S/C8H10N4O5/c9-8(14)11(3-4-13)10-5-6-1-2-7(17-6)12(15)16/h1-2,5,13H,3-4H2,(H2,9,14)/b10-5+",FJVAAURIDNIYAE-BJMVGYQFSA-N,3794,nidroxyzone,405-22-1
COc1ccc(C(=O)c2ccc(C)cc2)c(O)c1,"InChI=1S/C15H14O3/c1-10-3-5-11(6-4-10)15(17)13-8-7-12(18-2)9-14(13)16/h3-9,16H,1-2H3",MJVGBKJNTFCUJM-UHFFFAOYSA-N,3359,mexenone,1641-17-4
Cc1cccc(C)c1NC(=O)c1ccc[nH]c1=O,"InChI=1S/C14H14N2O2/c1-9-5-3-6-10(2)12(9)16-14(18)11-7-4-8-15-13(11)17/h3-8H,1-2H3,(H,15,17)(H,16,18)",WJDDCFNFNAHLAF-UHFFFAOYSA-N,1498,isonixin,57021-61-1
CCCC(C)C1(CC)C(=O)NC(=S)NC1=O,"InChI=1S/C11H18N2O2S/c1-4-6-7(3)11(5-2)8(14)12-10(16)13-9(11)15/h7H,4-6H2,1-3H3,(H2,12,13,14,15,16)",IUJDSEJGGMCXSG-UHFFFAOYSA-N,2633,thiopental,76-75-5
CCC(C)(S(=O)(=O)CC)S(=O)(=O)CC,"InChI=1S/C8H18O4S2/c1-5-8(4,13(9,10)6-2)14(11,12)7-3/h5-7H2,1-4H3",LKACJLUUJRMGFK-UHFFFAOYSA-N,3570,methylsulfonal,76-20-0
CCOC(=S)SSC(=S)OCC,"InChI=1S/C6H10O2S4/c1-3-7-5(9)11-12-6(10)8-4-2/h3-4H2,1-2H3",FVIGODVHAVLZOO-UHFFFAOYSA-N,3163,dixanthogen,502-55-6
CC(C)NNC(=O)COc1ccc(Cl)cc1,"InChI=1S/C11H15ClN2O2/c1-8(2)13-14-11(15)7-16-10-5-3-9(12)4-6-10/h3-6,8,13H,7H2,1-2H3,(H,14,15)",GGECDTUJZOXAAR-UHFFFAOYSA-N,1479,iproclozide,3544-35-2
N=C(N)c1ncn(C2OC(CO)C(O)C2O)n1,"InChI=1S/C8H13N5O4/c9-6(10)7-11-2-13(12-7)8-5(16)4(15)3(1-14)17-8/h2-5,8,14-16H,1H2,(H3,9,10)/t3-,4-,5-,8-/m1/s1",NHKZSTHOYNWEEZ-AFCXAGJDSA-N,3582,taribavirin,119567-79-2
CCOC(=O)N=c1c[n+](N2CCOCC2)[n-]o1,"InChI=1S/C9H14N4O4/c1-2-16-9(14)10-8-7-13(11-17-8)12-3-5-15-6-4-12/h7H,2-6H2,1H3/b10-8-",XLFWDASMENKTKL-NTMALXAHSA-N,1831,molsidomine,25717-80-0
OCC1COC(CI)O1,"InChI=1S/C5H9IO3/c6-1-5-8-3-4(2-7)9-5/h4-5,7H,1-3H2",NEIPZWZQHXCYDV-UHFFFAOYSA-N,944,domiodol,61869-07-6
COc1ccc(C(=O)c2ccccc2O)c(O)c1,"InChI=1S/C14H12O4/c1-18-9-6-7-11(13(16)8-9)14(17)10-4-2-3-5-12(10)15/h2-8,15-16H,1H3",MEZZCSHVIGVWFI-UHFFFAOYSA-N,3159,dioxybenzone,131-53-3
C=CCC1(c2ccccc2)C(=O)NC(=O)NC1=O,"InChI=1S/C13H12N2O3/c1-2-8-13(9-6-4-3-5-7-9)10(16)14-12(18)15-11(13)17/h2-7H,1,8H2,(H2,14,15,16,17,18)",WOIGZSBYKGQJGL-UHFFFAOYSA-N,3810,phenallymal,115-43-5
O=C1CCC(C(=O)N2CSCC2C(=O)O)N1,"InChI=1S/C9H12N2O4S/c12-7-2-1-5(10-7)8(13)11-4-16-3-6(11)9(14)15/h5-6H,1-4H2,(H,10,12)(H,14,15)/t5-,6-/m0/s1",UUTKICFRNVKFRG-WDSKDSINSA-N,2164,pidotimod,121808-62-6
O=C(O)CCCCC1SCC2NC(=O)NC21,"InChI=1S/C10H16N2O3S/c13-8(14)4-2-1-3-7-9-6(5-16-7)11-10(15)12-9/h6-7,9H,1-5H2,(H,13,14)(H2,11,12,15)/t6-,7-,9-/m0/s1",YBJHBAHKTGYVGT-ZKWXMUAHSA-N,373,biotin,58-85-5
CNCC(O)c1cccc(NS(C)(=O)=O)c1,"InChI=1S/C10H16N2O3S/c1-11-7-10(13)8-4-3-5-9(6-8)12-16(2,14)15/h3-6,10-13H,7H2,1-2H3",ZHOWHMXTJFZXRB-UHFFFAOYSA-N,155,amidefrine,37571-84-9
Cc1ccc2c(c1)Sc1ccc(C)cc1S2,"InChI=1S/C14H12S2/c1-9-3-5-11-13(7-9)15-12-6-4-10(2)8-14(12)16-11/h3-8H,1-2H3",AHXDSVSZEZHDLV-UHFFFAOYSA-N,3343,mesulfen,135-58-0
CC(CC(C#N)(c1ccccc1)C(C)C)N(C)C,"InChI=1S/C16H24N2/c1-13(2)16(12-17,11-14(3)18(4)5)15-9-7-6-8-10-15/h6-10,13-14H,11H2,1-5H3",WFLSCFISQHLEED-UHFFFAOYSA-N,1487,isoaminile,77-51-0
CC1=CC(=NOCC(=O)O)c2ccccc2C1=O,"InChI=1S/C13H11NO4/c1-8-6-11(14-18-7-12(15)16)9-4-2-3-5-10(9)13(8)17/h2-6H,7H2,1H3,(H,15,16)/b14-11+",JBOOHWBSLUXBQW-SDNWHVSQSA-N,3337,menadoxime,573-01-3
Cc1c(NC(C)C)c(=O)n(-c2ccccc2)n1C,"InChI=1S/C14H19N3O/c1-10(2)15-13-11(3)16(4)17(14(13)18)12-8-6-5-7-9-12/h5-10,15H,1-4H3",XOZLRRYPUKAKMU-UHFFFAOYSA-N,3517,ramifenazone,3615-24-5
CCN(CC)CCc1nc(-c2ccccc2)no1,"InChI=1S/C14H19N3O/c1-3-17(4-2)11-10-13-15-14(16-18-13)12-8-6-5-7-9-12/h5-9H,3-4,10-11H2,1-2H3",IDCHQQSVJAAUQQ-UHFFFAOYSA-N,2023,oxolamine,959-14-8
CC(N=C(N=c1cc[nH]cc1)NC#N)C(C)(C)C,"InChI=1S/C13H19N5/c1-10(13(2,3)4)17-12(16-9-14)18-11-5-7-15-8-6-11/h5-8,10H,1-4H3,(H2,15,16,17,18)",IVVNZDGDKPTYHK-UHFFFAOYSA-N,2173,pinacidil,60560-33-0
CCCC(C(=O)c1ccc(C)cc1)N1CCCC1,"InChI=1S/C16H23NO/c1-3-6-15(17-11-4-5-12-17)16(18)14-9-7-13(2)8-10-14/h7-10,15H,3-6,11-12H2,1-2H3",SWUVZKWCOBGPTH-UHFFFAOYSA-N,3511,pyrovalerone,3563-49-3
CCc1ccc(C(=O)C(C)CN2CCCC2)cc1,"InChI=1S/C16H23NO/c1-3-14-6-8-15(9-7-14)16(18)13(2)12-17-10-4-5-11-17/h6-9,13H,3-5,10-12H2,1-2H3",VNFAARJCGSAROU-UHFFFAOYSA-N,3297,inaperisone,99323-21-4
CC12CCCCCC(Cc3ccc(O)cc31)C2N,"InChI=1S/C16H23NO/c1-16-8-4-2-3-5-12(15(16)17)9-11-6-7-13(18)10-14(11)16/h6-7,10,12,15,18H,2-5,8-9,17H2,1H3/t12-,15-,16+/m0/s1",VTMVHDZWSFQSQP-VBNZEHGJSA-N,847,dezocine,53648-55-8
NC(=O)OCC(O)COc1ccc(Cl)cc1,"InChI=1S/C10H12ClNO4/c11-7-1-3-9(4-2-7)15-5-8(13)6-16-10(12)14/h1-4,8,13H,5-6H2,(H2,12,14)",SKPLBLUECSEIFO-UHFFFAOYSA-N,614,chlorphenesin carbamate,886-74-8
CC1OC(n2cc(F)c(=O)[nH]c2=O)C(O)C1O,"InChI=1S/C9H11FN2O5/c1-3-5(13)6(14)8(17-3)12-2-4(10)7(15)11-9(12)16/h2-3,5-6,8,13-14H,1H3,(H,11,15,16)/t3-,5-,6-,8-/m1/s1",ZWAOHEXOSAUJHY-ZIYNGMLESA-N,958,doxifluridine,3094-09-5
O=[N+]([O-])c1ccc(C=Cc2cccc(CO)n2)o1,"InChI=1S/C12H10N2O4/c15-8-10-3-1-2-9(13-10)4-5-11-6-7-12(18-11)14(16)17/h1-7,15H,8H2/b5-4+",JQKHJQJVKRFMCO-SNAWJCMRSA-N,3382,nifurpirinol,13411-16-0
Cn1c([N+](=O)[O-])cnc1C=Cc1ccnc(N)n1,"InChI=1S/C10H10N6O2/c1-15-8(13-6-9(15)16(17)18)3-2-7-4-5-12-10(11)14-7/h2-6H,1H3,(H2,11,12,14)/b3-2+",LHIALLMPKJMSIQ-NSCUHMNNSA-N,264,azanidazole,62973-76-6
CCC1(c2ccccc2)C(=O)NC(=O)N(C)C1=O,"InChI=1S/C13H14N2O3/c1-3-13(9-7-5-4-6-8-9)10(16)14-12(18)15(2)11(13)17/h4-8H,3H2,1-2H3,(H,14,16,18)",ALARQZQTBTVLJV-UHFFFAOYSA-N,1696,methylphenobarbital,115-38-8
C#CCOc1ccc(N)cc1C(=O)NCCCC,"InChI=1S/C14H18N2O2/c1-3-5-8-16-14(17)12-10-11(15)6-7-13(12)18-9-4-2/h2,6-7,10H,3,5,8-9,15H2,1H3,(H,16,17)",DXHYQIJBUNRPJT-UHFFFAOYSA-N,3418,parsalmide,30653-83-9
Cc1cccc(C)c1NC(=O)CN1CCCC1=O,"InChI=1S/C14H18N2O2/c1-10-5-3-6-11(2)14(10)15-12(17)9-16-8-4-7-13(16)18/h3,5-6H,4,7-9H2,1-2H3,(H,15,17)",NGHTXZCKLWZPGK-UHFFFAOYSA-N,3376,nefiracetam,77191-36-7
NC(=NO)NN=Cc1c(Cl)cccc1Cl,"InChI=1S/C8H8Cl2N4O/c9-6-2-1-3-7(10)5(6)4-12-13-8(11)14-15/h1-4,15H,(H3,11,13,14)",QKIQJNNDIWGVEH-UHFFFAOYSA-N,1345,guanoxabenz,24047-25-4
Cc1ncc(COP(=O)(O)O)c(C=O)c1O,"InChI=1S/C8H10NO6P/c1-5-8(11)7(3-10)6(2-9-5)4-15-16(12,13)14/h2-3,11H,4H2,1H3,(H2,12,13,14)",NGVDGCNFYWLIFO-UHFFFAOYSA-N,3506,pyridoxal phosphate,54-47-7
CC1CC(OC(=O)c2cccnc2)CC(C)(C)C1,"InChI=1S/C15H21NO2/c1-11-7-13(9-15(2,3)8-11)18-14(17)12-5-4-6-16-10-12/h4-6,10-11,13H,7-9H2,1-3H3/t11-,13-/m1/s1",GQSGZTBDVNUIQS-DGCLKSJQSA-N,3908,ciclonicate,53449-58-4
CCOC(=O)C1(c2ccccc2)CCN(C)CC1,"InChI=1S/C15H21NO2/c1-3-18-14(17)15(9-11-16(2)12-10-15)13-7-5-4-6-8-13/h4-8H,3,9-12H2,1-2H3",XADCESSVHJOZHK-UHFFFAOYSA-N,1690,pethidine,57-42-1
CCC(=O)C1(c2cccc(O)c2)CCN(C)CC1,"InChI=1S/C15H21NO2/c1-3-14(18)15(7-9-16(2)10-8-15)12-5-4-6-13(17)11-12/h4-6,11,17H,3,7-10H2,1-2H3",ALFGKMXHOUSVAD-UHFFFAOYSA-N,1526,ketobemidone,469-79-4
CCC(C)NCC(O)c1ccc2c(c1)CCCC2,"InChI=1S/C16H25NO/c1-3-12(2)17-11-16(18)15-9-8-13-6-4-5-7-14(13)10-15/h8-10,12,16-18H,3-7,11H2,1-2H3",GVNYSERWAKVROD-UHFFFAOYSA-N,3694,butidrine,1506-12-3
CC(=O)Oc1cc(C(F)(F)F)ccc1C(=O)O,"InChI=1S/C10H7F3O4/c1-5(14)17-8-4-6(10(11,12)13)2-3-7(8)9(15)16/h2-4H,1H3,(H,15,16)",RMWVZGDJPAKBDE-UHFFFAOYSA-N,2744,triflusal,322-79-2
Cc1nc([N+](=O)[O-])cn1-c1ccc([N+](=O)[O-])cc1,"InChI=1S/C10H8N4O4/c1-7-11-10(14(17)18)6-12(7)8-2-4-9(5-3-8)13(15)16/h2-6H,1H3",NMTBSNPBIGRZBL-UHFFFAOYSA-N,1946,nitrefazole,21721-92-6
CCC(C(=O)NC(=O)NC(C)=O)c1ccccc1,"InChI=1S/C13H16N2O3/c1-3-11(10-7-5-4-6-8-10)12(17)15-13(18)14-9(2)16/h4-8,11H,3H2,1-2H3,(H2,14,15,16,17,18)",GBPZSCQLDXUGNO-UHFFFAOYSA-N,72,acetylpheneturide,13402-08-9
CSc1ccc(C(=O)c2[nH]c(=O)[nH]c2C)cc1,"InChI=1S/C12H12N2O2S/c1-7-10(14-12(16)13-7)11(15)8-3-5-9(17-2)6-4-8/h3-6H,1-2H3,(H2,13,14,16)",ZJKNESGOIKRXQY-UHFFFAOYSA-N,1014,enoximone,77671-31-9
Nc1ccccc1C(=O)OCCC1CCCCN1,"InChI=1S/C14H20N2O2/c15-13-7-2-1-6-12(13)14(17)18-10-8-11-5-3-4-9-16-11/h1-2,6-7,11,16H,3-5,8-10,15H2",BMIJYAZXNZEMLI-UHFFFAOYSA-N,3477,piridocaine,87-21-8
CC(C)(C)NCC(O)COc1ccccc1C#N,"InChI=1S/C14H20N2O2/c1-14(2,3)16-9-12(17)10-18-13-7-5-4-6-11(13)8-15/h4-7,12,16-17H,9-10H2,1-3H3",VCVQSRCYSKKPBA-UHFFFAOYSA-N,430,bunitrolol,34915-68-9
CCN(CC)CC(=O)Nc1c(C)cc(C)cc1C,"InChI=1S/C15H24N2O/c1-6-17(7-2)10-14(18)16-15-12(4)8-11(3)9-13(15)5/h8-9H,6-7,10H2,1-5H3,(H,16,18)",GOZBHBFUQHMKQB-UHFFFAOYSA-N,3633,trimecaine,616-68-2
NCCCC(O)(P(=O)(O)O)P(=O)(O)O,"InChI=1S/C4H13NO7P2/c5-3-1-2-4(6,13(7,8)9)14(10,11)12/h6H,1-3,5H2,(H2,7,8,9)(H2,10,11,12)",OGSPWJRAVKPPFI-UHFFFAOYSA-N,112,alendronic acid,66376-36-1
O=C(O)c1cc(-c2ccccc2)nc2ccccc12,"InChI=1S/C16H11NO2/c18-16(19)13-10-15(11-6-2-1-3-7-11)17-14-9-5-4-8-12(13)14/h1-10H,(H,18,19)",YTRMTPPVNRALON-UHFFFAOYSA-N,3101,cinchophen,132-60-5
Nc1ccc(S(=O)(=O)Nc2ccccn2)cc1,"InChI=1S/C11H11N3O2S/c12-9-4-6-10(7-5-9)17(15,16)14-11-3-1-2-8-13-11/h1-8H,12H2,(H,13,14)",GECHUMIMRBOMGK-UHFFFAOYSA-N,2524,sulfapyridine,144-83-2
O=C(O)CSCC(=O)NC1CCSC1=O,"InChI=1S/C8H11NO4S2/c10-6(3-14-4-7(11)12)9-5-1-2-15-8(5)13/h5H,1-4H2,(H,9,10)(H,11,12)",QGFORSXNKQLDNO-UHFFFAOYSA-N,1041,erdosteine,84611-23-4
CC(C)Cc1ccc(C(C)C(=O)NCCO)cc1,"InChI=1S/C15H23NO2/c1-11(2)10-13-4-6-14(7-5-13)12(3)15(18)16-8-9-17/h4-7,11-12,17H,8-10H2,1-3H3,(H,16,18)",JVGUNCHERKJFCM-UHFFFAOYSA-N,3986,mabuprofen,82821-47-4
CN(C)C(c1cccc(O)c1)C1CCCCC1O,"InChI=1S/C15H23NO2/c1-16(2)15(11-6-5-7-12(17)10-11)13-8-3-4-9-14(13)18/h5-7,10,13-15,17-18H,3-4,8-9H2,1-2H3/t13-,14+,15-/m0/s1",UVTLONZTPXCUPU-ZNMIVQPWSA-N,3713,ciramadol,63269-31-8
CNCC12CCC(c3ccccc31)c1ccccc12,"InChI=1S/C18H19N/c1-19-12-18-11-10-13(14-6-2-4-8-16(14)18)15-7-3-5-9-17(15)18/h2-9,13,19H,10-12H2,1H3",GNRXCIONJWKSEA-UHFFFAOYSA-N,324,benzoctamine,17243-39-9
Cc1cc(=O)oc2cc(O)c(OCC(=O)O)cc12,"InChI=1S/C12H10O6/c1-6-2-12(16)18-9-4-8(13)10(3-7(6)9)17-5-11(14)15/h2-4,13H,5H2,1H3,(H,14,15)",VVDLFTOOMLZFRO-UHFFFAOYSA-N,1724,metesculetol,52814-39-8
Cc1[nH]c(=O)c(C#N)cc1-c1ccc2nccn2c1,"InChI=1S/C14H10N4O/c1-9-12(6-11(7-15)14(19)17-9)10-2-3-13-16-4-5-18(13)8-10/h2-6,8H,1H3,(H,17,19)",JPAWFIIYTJQOKW-UHFFFAOYSA-N,1987,olprinone,106730-54-5
CCC1(C2=CCCCCC2)C(=O)NC(=O)NC1=O,"InChI=1S/C13H18N2O3/c1-2-13(9-7-5-3-4-6-8-9)10(16)14-12(18)15-11(13)17/h7H,2-6,8H2,1H3,(H2,14,15,16,17,18)",PAZQYDJGLKSCSI-UHFFFAOYSA-N,1360,heptabarb,509-86-4
CCCC(=O)Nc1nnc(S(N)(=O)=O)s1,"InChI=1S/C6H10N4O3S2/c1-2-3-4(11)8-5-9-10-6(14-5)15(7,12)13/h2-3H2,1H3,(H2,7,12,13)(H,8,9,11)",HZIYHIRJHYIRQO-UHFFFAOYSA-N,3693,butazolamide,16790-49-1
CCCCCNCCOC(=O)c1ccc(N)cc1,"InChI=1S/C14H22N2O2/c1-2-3-4-9-16-10-11-18-14(17)12-5-7-13(15)8-6-12/h5-8,16H,2-4,9-11,15H2,1H3",UYXHCVFXDBNRQW-UHFFFAOYSA-N,3789,naepaine,2188-67-2
CC(Cc1ccccc1)NC(C#N)c1ccccc1,"InChI=1S/C17H18N2/c1-14(12-15-8-4-2-5-9-15)19-17(13-18)16-10-6-3-7-11-16/h2-11,14,17,19H,12H2,1H3",NFHVTCJKAHYEQN-UHFFFAOYSA-N,196,amfetaminil,17590-01-1
C=CCc1cc(OC)c(O)c(C(=O)NCCO)c1,"InChI=1S/C13H17NO4/c1-3-4-9-7-10(13(17)14-5-6-15)12(16)11(8-9)18-2/h3,7-8,15-16H,1,4-6H2,2H3,(H,14,17)",UMJHTFHIQDEGKB-UHFFFAOYSA-N,117,alibendol,26750-81-2
CN(C)CCn1cnc2c1c(=O)n(C)c(=O)n2C,"InChI=1S/C11H17N5O2/c1-13(2)5-6-16-7-12-9-8(16)10(17)15(4)11(18)14(9)3/h7H,5-6H2,1-4H3",CMKUGKVVUUGBHJ-UHFFFAOYSA-N,3731,dimethazan,519-30-2
CCOC(=O)c1c[n+](C)c2n(c1=O)C(C)CCC2,"InChI=1S/C13H19N2O3/c1-4-18-13(17)10-8-14(3)11-7-5-6-9(2)15(11)12(10)16/h8-9H,4-7H2,1-3H3/q+1",JOWRFSPJFXLGGY-UHFFFAOYSA-N,4032,rimazolium,28610-84-6
Cc1cccc(OCC(O)CNC(C)(C)C)c1C,"InChI=1S/C15H25NO2/c1-11-7-6-8-14(12(11)2)18-10-13(17)9-16-15(3,4)5/h6-8,13,16-17H,9-10H2,1-5H3",RKUQLAPSGZJLGP-UHFFFAOYSA-N,3657,xibenolol,30187-90-7
CN(CCC1CCCCC1)CCC1CCCCC1,"InChI=1S/C17H33N/c1-18(14-12-16-8-4-2-5-9-16)15-13-17-10-6-3-7-11-17/h16-17H,2-15H2,1H3",VEKYMVTZQGCUAQ-UHFFFAOYSA-N,772,cyverine,4432-75-1
CC(C(=O)O)c1ccc(N2CC=CC2)c(Cl)c1,"InChI=1S/C13H14ClNO2/c1-9(13(16)17)10-4-5-12(11(14)8-10)15-6-2-3-7-15/h2-5,8-9H,6-7H2,1H3,(H,16,17)",PIDSZXPFGCURGN-UHFFFAOYSA-N,2213,pirprofen,31793-07-4
CC1(C)N=C(N)N=C(N)N1c1ccc(Cl)cc1,"InChI=1S/C11H14ClN5/c1-11(2)16-9(13)15-10(14)17(11)8-5-3-7(12)4-6-8/h3-6H,1-2H3,(H4,13,14,15,16)",QMNFFXRFOJIOKZ-UHFFFAOYSA-N,754,cycloguanil,516-21-2
O=c1[nH]cc(N(CCCl)CCCl)c(=O)[nH]1,"InChI=1S/C8H11Cl2N3O2/c9-1-3-13(4-2-10)6-5-11-8(15)12-7(6)14/h5H,1-4H2,(H2,11,12,14,15)",IDPUKCWIGUEADI-UHFFFAOYSA-N,2795,uracil mustard,66-75-1
COc1ccc(C2C(=O)c3ccccc3C2=O)cc1,"InChI=1S/C16H12O3/c1-19-11-8-6-10(7-9-11)14-15(17)12-4-2-3-5-13(12)16(14)18/h2-9,14H,1H3",XRCFXMGQEVUZFC-UHFFFAOYSA-N,222,anisindione,117-37-3
CCC(CCCCC1CCC2CC(=O)CC12)OC,"InChI=1S/C16H28O2/c1-3-15(18-2)7-5-4-6-12-8-9-13-10-14(17)11-16(12)13/h12-13,15-16H,3-11H2,1-2H3",KDULJHFMZBRAHO-UHFFFAOYSA-N,3712,cioteronel,89672-11-7
BrC(Br)Br,InChI=1S/CHBr3/c2-1(3)4/h1H,DIKBFYAXUHHXCS-UHFFFAOYSA-N,405,bromoform,75-25-2
CNC(=O)OCc1cccc(COC(=O)NC)n1,"InChI=1S/C11H15N3O4/c1-12-10(15)17-6-8-4-3-5-9(14-8)7-18-11(16)13-2/h3-5H,6-7H2,1-2H3,(H,12,15)(H,13,16)",YEKQSSHBERGOJK-UHFFFAOYSA-N,2329,pyricarbate,1882-26-4
Nc1nc(N)c2nc(-c3ccccc3)c(N)nc2n1,"InChI=1S/C12H11N7/c13-9-7(6-4-2-1-3-5-6)16-8-10(14)18-12(15)19-11(8)17-9/h1-5H,(H6,13,14,15,17,18,19)",FNYLWPVRPXGIIP-UHFFFAOYSA-N,2728,triamterene,396-01-0
CCOc1ccc(S(=O)(=O)O)c2cccnc12,"InChI=1S/C11H11NO4S/c1-2-16-9-5-6-10(17(13,14)15)8-4-3-7-12-11(8)9/h3-7H,2H2,1H3,(H,13,14,15)",YAMVZYRZAMBCED-UHFFFAOYSA-N,3664,actinoquinol,15301-40-3
CCOc1ccc2nc3cc(N)ccc3c(N)c2c1,"InChI=1S/C15H15N3O/c1-2-19-10-4-6-13-12(8-10)15(17)11-5-3-9(16)7-14(11)18-13/h3-8H,2,16H2,1H3,(H2,17,18)",CIKWKGFPFXJVGW-UHFFFAOYSA-N,3194,ethacridine,442-16-0
COc1cc(C(=S)N2CCOCC2)ccc1O,"InChI=1S/C12H15NO3S/c1-15-11-8-9(2-3-10(11)14)12(17)13-4-6-16-7-5-13/h2-3,8,14H,4-7H2,1H3",WQYRHRAZNNRDIA-UHFFFAOYSA-N,3847,vanitiolide,17692-71-6
CN1CCOC(c2ccccc2)c2ccccc2C1,"InChI=1S/C17H19NO/c1-18-11-12-19-17(14-7-3-2-4-8-14)16-10-6-5-9-15(16)13-18/h2-10,17H,11-13H2,1H3",RGPDEAGGEXEMMM-UHFFFAOYSA-N,1891,nefopam,13669-70-0
CCN(CC)c1nc(NN)nc(N(CC)CC)n1,"InChI=1S/C11H23N7/c1-5-17(6-2)10-13-9(16-12)14-11(15-10)18(7-3)8-4/h5-8,12H2,1-4H3,(H,13,14,15,16)",IRQOBYXMACIFKD-UHFFFAOYSA-N,3756,meladrazine,13957-36-3
Cc1ccc(C(CCN(C)C)c2ccccc2)cc1,"InChI=1S/C18H23N/c1-15-9-11-17(12-10-15)18(13-14-19(2)3)16-7-5-4-6-8-16/h4-12,18H,13-14H2,1-3H3",CINROOONPHQHPO-UHFFFAOYSA-N,3618,tolpropamine,5632-44-0
Nc1cc([As](Cl)Cl)ccc1O,"InChI=1S/C6H6AsCl2NO/c8-7(9)4-1-2-6(11)5(10)3-4/h1-3,11H,10H2",GCFPPDBNEBHYGT-UHFFFAOYSA-N,3728,dichlorophenarsine,455-83-4
O=c1[nH]c(=S)[nH]cc1I,"InChI=1S/C4H3IN2OS/c5-2-1-6-4(9)7-3(2)8/h1H,(H2,6,7,8,9)",MYUHSNVSHMCUMD-UHFFFAOYSA-N,1458,iodothiouracil,5984-97-4
CCNC(=O)C=Cc1cccc(Br)c1,"InChI=1S/C11H12BrNO/c1-2-13-11(14)7-6-9-4-3-5-10(12)8-9/h3-8H,2H2,1H3,(H,13,14)/b7-6+",LDCXGZCEMNMWIL-VOTSOKGWSA-N,3102,cinromide,58473-74-8
Cn1c(=O)c2c(ncn2CC(O)CO)n(C)c1=O,"InChI=1S/C10H14N4O4/c1-12-8-7(9(17)13(2)10(12)18)14(5-11-8)3-6(16)4-15/h5-6,15-16H,3-4H2,1-2H3",KSCFJBIXMNOVSH-UHFFFAOYSA-N,976,diprophylline,479-18-5
CC1(S(=O)(=O)O)CC(=O)c2ccccc2C1=O,"InChI=1S/C11H10O5S/c1-11(17(14,15)16)6-9(12)7-4-2-3-5-8(7)10(11)13/h2-5H,6H2,1H3,(H,14,15,16)",WIXFIQKTHUVFDI-UHFFFAOYSA-N,1684,menadione sodium bisulfite,130-37-0
CC(C(=O)O)c1cccc(C(=O)c2ccccc2)c1,"InChI=1S/C16H14O3/c1-11(16(18)19)13-8-5-9-14(10-13)15(17)12-6-3-2-4-7-12/h2-11H,1H3,(H,18,19)/t11-/m0/s1",DKYWVDODHFEZIM-NSHDSACASA-N,833,dexketoprofen,22161-81-5
CC(C)=CC(=O)NS(=O)(=O)c1ccc(N)cc1,"InChI=1S/C11H14N2O3S/c1-8(2)7-11(14)13-17(15,16)10-5-3-9(12)4-6-10/h3-7H,12H2,1-2H3,(H,13,14)",XRVJPLDTMUSSDE-UHFFFAOYSA-N,3560,sulfadicramide,115-68-4
C=CCC1(C(C)CCC)C(=O)NC(=S)NC1=O,"InChI=1S/C12H18N2O2S/c1-4-6-8(3)12(7-5-2)9(15)13-11(17)14-10(12)16/h5,8H,2,4,6-7H2,1,3H3,(H2,13,14,15,16,17)",XLOMZPUITCYLMJ-UHFFFAOYSA-N,2626,thiamylal,77-27-0
CCCCNc1c2c(nc3ccccc13)CCCC2,"InChI=1S/C17H22N2/c1-2-3-12-18-17-13-8-4-6-10-15(13)19-16-11-7-5-9-14(16)17/h4,6,8,10H,2-3,5,7,9,11-12H2,1H3,(H,18,19)",ZFPNOTAGQWNERF-UHFFFAOYSA-N,3884,bucricaine,316-15-4
CN(C)CCN(Cc1ccccc1)c1ccccc1,"InChI=1S/C17H22N2/c1-18(2)13-14-19(17-11-7-4-8-12-17)15-16-9-5-3-6-10-16/h3-12H,13-15H2,1-2H3",CHOBRHHOYQKCOU-UHFFFAOYSA-N,225,phenbenzamine,961-71-7
CCCCNCC(=O)Nc1c(C)cccc1Cl,"InChI=1S/C13H19ClN2O/c1-3-4-8-15-9-12(17)16-13-10(2)6-5-7-11(13)14/h5-7,15H,3-4,8-9H2,1-2H3,(H,16,17)",VWYQKFLLGRBICZ-UHFFFAOYSA-N,3691,butanilicaine,3785-21-5
O=C(Nc1ncc([N+](=O)[O-])s1)c1cccs1,"InChI=1S/C8H5N3O3S2/c12-7(5-2-1-3-15-5)10-8-9-4-6(16-8)11(13)14/h1-4H,(H,9,10,12)",ZLOXYEZYWCTXHU-UHFFFAOYSA-N,2594,tenonitrozole,3810-35-3
NC(CN(Cc1ccccc1)c1ccccc1)=NO,"InChI=1S/C15H17N3O/c16-15(17-19)12-18(14-9-5-2-6-10-14)11-13-7-3-1-4-8-13/h1-10,19H,11-12H2,(H2,16,17)",GOAZMLKQUGCOPO-UHFFFAOYSA-N,3706,cetoxime,25394-78-9
COc1ccc2c(c1)c1c3n2CCN(C)C3=NCC1,"InChI=1S/C15H17N3O/c1-17-7-8-18-13-4-3-10(19-2)9-12(13)11-5-6-16-15(17)14(11)18/h3-4,9H,5-8H2,1-2H3",GVXBHSBKKJRBMS-UHFFFAOYSA-N,3358,metralindole,54188-38-4
Nc1ccc(S(=O)(=O)c2cnc(N)s2)cc1,"InChI=1S/C9H9N3O2S2/c10-6-1-3-7(4-2-6)16(13,14)8-5-12-9(11)15-8/h1-5H,10H2,(H2,11,12)",KVEZIRCKNOTGKY-UHFFFAOYSA-N,3597,thiazosulfone,473-30-3
Nc1ccc(S(=O)(=O)Nc2nccs2)cc1,"InChI=1S/C9H9N3O2S2/c10-7-1-3-8(4-2-7)16(13,14)12-9-11-5-6-15-9/h1-6H,10H2,(H,11,12)",JNMRHUJNCSQMMB-UHFFFAOYSA-N,2527,sulfathiazole,72-14-0
CNCCOC(c1ccccc1)c1ccccc1C,"InChI=1S/C17H21NO/c1-14-8-6-7-11-16(14)17(19-13-12-18-2)15-9-4-3-5-10-15/h3-11,17-18H,12-13H2,1-2H3",PNYKGCPSFKLFKA-UHFFFAOYSA-N,2692,tofenacin,15301-93-6
CN(C)CCOc1ccccc1Cc1ccccc1,"InChI=1S/C17H21NO/c1-18(2)12-13-19-17-11-7-6-10-16(17)14-15-8-4-3-5-9-15/h3-11H,12-14H2,1-2H3",IZRPKIZLIFYYKR-UHFFFAOYSA-N,2150,phenyltoloxamine,92-12-6
CNCCC(Oc1ccccc1C)c1ccccc1,"InChI=1S/C17H21NO/c1-14-8-6-7-11-16(14)19-17(12-13-18-2)15-9-4-3-5-10-15/h3-11,17-18H,12-13H2,1-2H3/t17-/m1/s1",VHGCDTVCOLNTBX-QGZVFWFLSA-N,256,atomoxetine,83015-26-3
CN(C)CCN(Cc1ccccc1)c1ccccn1,"InChI=1S/C16H21N3/c1-18(2)12-13-19(16-10-6-7-11-17-16)14-15-8-4-3-5-9-15/h3-11H,12-14H2,1-2H3",UFLGIAIHIAPJJC-UHFFFAOYSA-N,2762,tripelennamine,91-81-6
Cc1ccc2c(c1)C13CCCCC1C(C2)N(C)CC3,"InChI=1S/C18H25N/c1-13-6-7-14-12-17-15-5-3-4-8-18(15,16(14)11-13)9-10-19(17)2/h6-7,11,15,17H,3-5,8-10,12H2,1-2H3/t15-,17+,18+/m1/s1",KBEZZLAAKIIPFK-NJAFHUGGSA-N,900,dimemorfan,36309-01-0
CCOC(=O)NC(C)(C)Cc1ccc(Cl)cc1,"InChI=1S/C13H18ClNO2/c1-4-17-12(16)15-13(2,3)9-10-5-7-11(14)8-6-10/h5-8H,4,9H2,1-3H3,(H,15,16)",TZWKUQDQKPYNLL-UHFFFAOYSA-N,697,cloforex,14261-75-7
CC(CN(C)C)C(C)(O)Cc1ccc(Cl)cc1,"InChI=1S/C14H22ClNO/c1-11(10-16(3)4)14(2,17)9-12-5-7-13(15)8-6-12/h5-8,11,17H,9-10H2,1-4H3",KVHHQGIIZCJATJ-UHFFFAOYSA-N,686,clobutinol,14860-49-2
Nc1nc(N)nc(-c2cc(Cl)ccc2Cl)n1,"InChI=1S/C9H7Cl2N5/c10-4-1-2-6(11)5(3-4)7-14-8(12)16-9(13)15-7/h1-3H,(H4,12,13,14,15,16)",ATCGGEJZONJOCL-UHFFFAOYSA-N,1484,irsogladine,57381-26-7
CC(=O)Oc1ccccc1C(=O)Oc1ccccc1,"InChI=1S/C15H12O4/c1-11(16)18-14-10-6-5-9-13(14)15(17)19-12-7-3-2-4-8-12/h2-10H,1H3",PSBAIJVSCTZDDB-UHFFFAOYSA-N,3443,phenyl acetylsalicylate,134-55-4
CCc1cn(C2CC(O)C(CO)O2)c(=O)[nH]c1=O,"InChI=1S/C11H16N2O5/c1-2-6-4-13(11(17)12-10(6)16)9-3-7(15)8(5-14)18-9/h4,7-9,14-15H,2-3,5H2,1H3,(H,12,16,17)/t7-,8+,9+/m0/s1",XACKNLSZYYIACO-DJLDLDEBSA-N,3173,edoxudine,15176-29-1
O=S(=O)(Nc1nccs1)c1ccc(O)cc1,"InChI=1S/C9H8N2O3S2/c12-7-1-3-8(4-2-7)16(13,14)11-9-10-5-6-15-9/h1-6,12H,(H,10,11)",JBACAGZMXLDQCR-UHFFFAOYSA-N,3813,phenosulfazole,515-54-8
CCOc1ccc(N=Nc2ccc(N)cc2N)cc1,"InChI=1S/C14H16N4O/c1-2-19-12-6-4-11(5-7-12)17-18-14-8-3-10(15)9-13(14)16/h3-9H,2,15-16H2,1H3",GAWOVNGQYQVFLI-UHFFFAOYSA-N,3739,etoxazene,94-10-0
CCCCNC(=O)NS(=O)(=O)c1ccccc1,"InChI=1S/C11H16N2O3S/c1-2-3-9-12-11(14)13-17(15,16)10-7-5-4-6-8-10/h4-8H,2-3,9H2,1H3,(H2,12,13,14)",AFOGBLYPWJJVAL-UHFFFAOYSA-N,3811,phenbutamide,3149-00-6
CCOP(=O)(OCC)SCC[N+](C)(C)C,"InChI=1S/C9H23NO3PS/c1-6-12-14(11,13-7-2)15-9-8-10(3,4)5/h6-9H2,1-5H3/q+1",BJOLKYGKSZKIGU-UHFFFAOYSA-N,982,echothiophate,6736-03-4
C[N+](C)(CCOc1ccccc1)Cc1ccccc1,"InChI=1S/C17H22NO/c1-18(2,15-16-9-5-3-6-10-16)13-14-19-17-11-7-4-8-12-17/h3-12H,13-15H2,1-2H3/q+1",AVWWVJUMXRXPNF-UHFFFAOYSA-N,340,bephenium,7181-73-9
CCCCCCCCC(CCCCCC)C(=O)O,"InChI=1S/C16H32O2/c1-3-5-7-9-10-12-14-15(16(17)18)13-11-8-6-4-2/h15H,3-14H2,1-2H3,(H,17,18)",JMOLZNNXZPAGBH-UHFFFAOYSA-N,3278,hexyldecanoic acid,25354-97-6
O=C1c2ccccc2C(=O)C1c1ccc(Cl)cc1,"InChI=1S/C15H9ClO2/c16-10-7-5-9(6-8-10)13-14(17)11-3-1-2-4-12(11)15(13)18/h1-8,13H",NJDUWAXIURWWLN-UHFFFAOYSA-N,3111,clorindione,1146-99-2
Cc1nc2ccccc2n1Cc1ccc(Cl)cc1,"InChI=1S/C15H13ClN2/c1-11-17-14-4-2-3-5-15(14)18(11)10-12-6-8-13(16)9-7-12/h2-9H,10H2,1H3",WNAQOLSMVPFGTE-UHFFFAOYSA-N,3091,chlormidazole,3689-76-7
O=[N+]([O-])c1c(Cl)cccc1-c1c[nH]cc1Cl,"InChI=1S/C10H6Cl2N2O2/c11-8-3-1-2-6(10(8)14(15)16)7-4-13-5-9(7)12/h1-5,13H",QJBZDBLBQWFTPZ-UHFFFAOYSA-N,3513,pyrrolnitrin,1018-71-9
O=C(Nc1ccc(C(=O)O)c(O)c1)c1ccccc1,"InChI=1S/C14H11NO4/c16-12-8-10(6-7-11(12)14(18)19)15-13(17)9-4-2-1-3-5-9/h1-8,16H,(H,15,17)(H,18,19)",GNZCRYWFWKFIDM-UHFFFAOYSA-N,327,benzamidosalicylate,528-96-1
NC(CO)C(=O)NNCc1ccc(O)c(O)c1O,"InChI=1S/C10H15N3O5/c11-6(4-14)10(18)13-12-3-5-1-2-7(15)9(17)8(5)16/h1-2,6,12,14-17H,3-4,11H2,(H,13,18)",BNQDCRGUHNALGH-UHFFFAOYSA-N,314,benserazide,322-35-0
CCCCCCNC(=O)n1cc(F)c(=O)[nH]c1=O,"InChI=1S/C11H16FN3O3/c1-2-3-4-5-6-13-10(17)15-7-8(12)9(16)14-11(15)18/h7H,2-6H2,1H3,(H,13,17)(H,14,16,18)",AOCCBINRVIKJHY-UHFFFAOYSA-N,511,carmofur,61422-45-5
Cc1ccc(C(=O)c2ccc(CC(=O)O)n2C)cc1,"InChI=1S/C15H15NO3/c1-10-3-5-11(6-4-10)15(19)13-8-7-12(16(13)2)9-14(17)18/h3-8H,9H2,1-2H3,(H,17,18)",UPSPUYADGBWSHF-UHFFFAOYSA-N,2699,tolmetin,26171-23-3
CCN(CC)S(=O)(=O)c1ccc(C(=O)O)cc1,"InChI=1S/C11H15NO4S/c1-3-12(4-2)17(15,16)10-7-5-9(6-8-10)11(13)14/h5-8H,3-4H2,1-2H3,(H,13,14)",UACOQEQOBAQRDQ-UHFFFAOYSA-N,1079,etebenecid,1213-06-5
CN(C)CC(Oc1ccccc1)Oc1ccccc1,"InChI=1S/C16H19NO2/c1-17(2)13-16(18-14-9-5-3-6-10-14)19-15-11-7-4-8-12-15/h3-12,16H,13H2,1-2H3",QNMGHBMGNRQPNL-UHFFFAOYSA-N,1656,medifoxamine,32359-34-5
COP(=O)(OC)C(O)C(Cl)(Cl)Cl,"InChI=1S/C4H8Cl3O4P/c1-10-12(9,11-2)3(8)4(5,6)7/h3,8H,1-2H3",NFACJZMKEDPNKN-UHFFFAOYSA-N,1787,metrifonate,52-68-6
CN(C)CCOC(=O)COc1ccc(Cl)cc1,"InChI=1S/C12H16ClNO3/c1-14(2)7-8-16-12(15)9-17-11-5-3-10(13)4-6-11/h3-6H,7-9H2,1-2H3",XZTYGFHCIAKPGJ-UHFFFAOYSA-N,1651,meclofenoxate,51-68-3
CC(I)C1OCC(CO)O1,"InChI=1S/C6H11IO3/c1-4(7)6-9-3-5(2-8)10-6/h4-6,8H,2-3H2,1H3",LTINPJMVDKPJJI-UHFFFAOYSA-N,1454,iodinated glycerol,5634-39-9
CC(=O)OC1C(=O)OC2C(OC(C)=O)C(=O)OC12,"InChI=1S/C10H10O8/c1-3(11)15-7-5-6(18-9(7)13)8(10(14)17-5)16-4(2)12/h5-8H,1-2H3/t5-,6-,7-,8+/m0/s1",ZOZKYEHVNDEUCO-DKXJUACHSA-N,45,aceglatone,642-83-1
NC(=O)c1ncn(C2OC(CO)C(O)C2O)c1N,"InChI=1S/C9H14N4O5/c10-7-4(8(11)17)12-2-13(7)9-6(16)5(15)3(1-14)18-9/h2-3,5-6,9,14-16H,1,10H2,(H2,11,17)/t3-,5-,6-,9-/m1/s1",RTRQQBHATOEIAF-UUOKFMHZSA-N,37,acadesine,2627-69-2
COc1ccc(C(=O)CCC(=O)O)c2ccccc12,"InChI=1S/C15H14O4/c1-19-14-8-6-11(13(16)7-9-15(17)18)10-4-2-3-5-12(10)14/h2-6,8H,7,9H2,1H3,(H,17,18)",FHGJSJFIQNQBCK-UHFFFAOYSA-N,3338,menbutone,3562-99-0
O=C1NC(=O)C(c2ccccc2)(c2cccs2)N1,"InChI=1S/C13H10N2O2S/c16-11-13(15-12(17)14-11,10-7-4-8-18-10)9-5-2-1-3-6-9/h1-8H,(H2,14,15,16,17)",DCPACFSINCUFEC-UHFFFAOYSA-N,3816,phethenylate,7772-37-4
CCOc1ccc2nc(S(N)(=O)=O)sc2c1,"InChI=1S/C9H10N2O3S2/c1-2-14-6-3-4-7-8(5-6)15-9(11-7)16(10,12)13/h3-5H,2H2,1H3,(H2,10,12,13)",OUZWUKMCLIBBOG-UHFFFAOYSA-N,1089,ethoxzolamide,452-35-7
Cc1cc(O)c(C2CC3CCC2(C)C3(C)C)cc1C,"InChI=1S/C18H26O/c1-11-8-14(16(19)9-12(11)2)15-10-13-6-7-18(15,5)17(13,3)4/h8-9,13,15,19H,6-7,10H2,1-5H3/t13-,15+,18+/m1/s1",RNRHMQWZFJXKLZ-XUWXXGDYSA-N,2851,xibornol,13741-18-9
C[N+](C)(C)CCCCCCCCCC[N+](C)(C)C,"InChI=1S/C16H38N2/c1-17(2,3)15-13-11-9-7-8-10-12-14-16-18(4,5)6/h7-16H2,1-6H3/q+2",MTCUAOILFDZKCO-UHFFFAOYSA-N,789,decamethonium,156-74-1
OC(c1ccc(Cl)cc1)c1cc2ccccc2o1,"InChI=1S/C15H11ClO2/c16-12-7-5-10(6-8-12)15(17)14-9-11-3-1-2-4-13(11)18-14/h1-9,15,17H",KBFBRIPYVVGWRS-UHFFFAOYSA-N,3106,cloridarol,3611-72-1
Cn1c(=O)c2[nH]c(Br)nc2n(C)c1=O,"InChI=1S/C7H7BrN4O2/c1-11-4-3(9-6(8)10-4)5(13)12(2)7(11)14/h1-2H3,(H,9,10)",SKTFQHRVFFOHTQ-UHFFFAOYSA-N,2047,pamabrom,10381-75-6
NC(=O)c1ncn(C2OC(CO)C(O)C2O)c1O,"InChI=1S/C9H13N3O6/c10-7(16)4-8(17)12(2-11-4)9-6(15)5(14)3(1-13)18-9/h2-3,5-6,9,13-15,17H,1H2,(H2,10,16)/t3-,5-,6-,9-/m1/s1",HZQDCMWJEBCWBR-UUOKFMHZSA-N,3363,mizoribine,50924-49-7
COC(=O)Nc1nc2cc(C(=O)C3CC3)ccc2[nH]1,"InChI=1S/C13H13N3O3/c1-19-13(18)16-12-14-9-5-4-8(6-10(9)15-12)11(17)7-2-3-7/h4-7H,2-3H2,1H3,(H2,14,15,16,18)",OXLKOMYHDYVIDM-UHFFFAOYSA-N,3120,ciclobendazole,31431-43-3
CCc1ccc(C(=O)C(C)CN2CCCCC2)cc1,"InChI=1S/C17H25NO/c1-3-15-7-9-16(10-8-15)17(19)14(2)13-18-11-5-4-6-12-18/h7-10,14H,3-6,11-13H2,1-2H3",SQUNAWUMZGQQJD-UHFFFAOYSA-N,1022,eperisone,64840-90-0
CCN(CC)C(=O)CSc1ccc(Cl)nn1,"InChI=1S/C10H14ClN3OS/c1-3-14(4-2)10(15)7-16-9-6-5-8(11)12-13-9/h5-6H,3-4,7H2,1-2H3",SSLKKMZJCJBOML-UHFFFAOYSA-N,275,azintamide,1830-32-6
CC(Cc1ccccc1)NCc1ccccc1Cl,"InChI=1S/C16H18ClN/c1-13(11-14-7-3-2-4-8-14)18-12-15-9-5-6-10-16(15)17/h2-10,13,18H,11-12H2,1H3/t13-/m0/s1",LRXXRIXDSAEIOR-ZDUSSCGKSA-N,684,clobenzorex,13364-32-4
NC(=O)Nc1ccc([As](=O)(O)O)cc1,"InChI=1S/C7H9AsN2O4/c9-7(11)10-6-3-1-5(2-4-6)8(12,13)14/h1-4H,(H3,9,10,11)(H2,12,13,14)",WWXBHTZSYYGCSG-UHFFFAOYSA-N,3065,carbarsone,121-59-5
O=P(O)(O)OC1OC(CO)C(O)C(O)C1O,"InChI=1S/C6H13O9P/c7-1-2-3(8)4(9)5(10)6(14-2)15-16(11,12)13/h2-10H,1H2,(H2,11,12,13)/t2-,3-,4+,5-,6-/m1/s1",HXXFSFRBOHSIMQ-VFUOTHLCSA-N,3265,glucose-1-phosphate,59-56-3
COc1c2occc2c(OC)c2c(=O)cc(C)oc12,"InChI=1S/C14H12O5/c1-7-6-9(15)10-11(16-2)8-4-5-18-12(8)14(17-3)13(10)19-7/h4-6H,1-3H3",HSMPDPBYAYSOBC-UHFFFAOYSA-N,3313,khellin,82-02-0
NC(=O)c1csc(C2OC(CO)C(O)C2O)n1,"InChI=1S/C9H12N2O5S/c10-8(15)3-2-17-9(11-3)7-6(14)5(13)4(1-12)16-7/h2,4-7,12-14H,1H2,(H2,10,15)/t4-,5-,6-,7-/m1/s1",FVRDYQYEVDDKCR-DBRKOABJSA-N,3605,tiazofurine,60084-10-8
CCC1(CC)C(=O)NC(=O)N(c2ccccc2)C1=O,"InChI=1S/C14H16N2O3/c1-3-14(4-2)11(17)15-13(19)16(12(14)18)10-8-6-5-7-9-10/h5-9H,3-4H2,1-2H3,(H,15,17,19)",ILORKHQGIMGDFN-UHFFFAOYSA-N,3436,phetharbital,357-67-5
NC(CC(O)COc1cccc2ccccc12)=NO,"InChI=1S/C14H16N2O3/c15-14(16-18)8-11(17)9-19-13-7-3-5-10-4-1-2-6-12(10)13/h1-7,11,17-18H,8-9H2,(H2,15,16)",UPZVYDSBLFNMLK-UHFFFAOYSA-N,1866,nadoxolol,54063-51-3
CC(C(=O)O)c1ccc(C(=O)c2cccs2)cc1,"InChI=1S/C14H12O3S/c1-9(14(16)17)10-4-6-11(7-5-10)13(15)12-3-2-8-18-12/h2-9H,1H3,(H,16,17)",MDKGKXOCJGEUJW-UHFFFAOYSA-N,2546,suprofen,40828-46-4
O=C1NCC2(CCN(CCc3ccccc3)CC2)O1,"InChI=1S/C15H20N2O2/c18-14-16-12-15(19-14)7-10-17(11-8-15)9-6-13-4-2-1-3-5-13/h1-5H,6-12H2,(H,16,18)",FVNFBBAOMBJTST-UHFFFAOYSA-N,1163,fenspiride,5053-06-5
CCN(CC)CCn1c(-c2ccccc2)noc1=N,"InChI=1S/C14H20N4O/c1-3-17(4-2)10-11-18-13(16-19-14(18)15)12-8-6-5-7-9-12/h5-9,15H,3-4,10-11H2,1-2H3",MGSPDRWOUCPKNZ-UHFFFAOYSA-N,1430,imolamine,318-23-0
CN(C)CCN(Cc1cccs1)c1ccccc1,"InChI=1S/C15H20N2S/c1-16(2)10-11-17(13-15-9-6-12-18-15)14-7-4-3-5-8-14/h3-9,12H,10-11,13H2,1-2H3",LDYJXVUOVPVZKA-UHFFFAOYSA-N,1737,methaphenilene,493-78-7
CCn1cc(C(=O)O)c(=O)c2cc3c(cc21)OCO3,"InChI=1S/C13H11NO5/c1-2-14-5-8(13(16)17)12(15)7-3-10-11(4-9(7)14)19-6-18-10/h3-5H,2,6H2,1H3,(H,16,17)",KYGZCKSPAKDVKC-UHFFFAOYSA-N,2024,oxolinic acid,14698-29-4
CC1CCc2cc(F)cc3c(=O)c(C(=O)O)cn1c23,"InChI=1S/C14H12FNO3/c1-7-2-3-8-4-9(15)5-10-12(8)16(7)6-11(13(10)17)14(18)19/h4-7H,2-3H2,1H3,(H,18,19)",DPSPPJIUMHPXMA-UHFFFAOYSA-N,1197,flumequine,42835-25-6
O=C(Cn1ccnc1[N+](=O)[O-])NCc1ccccc1,"InChI=1S/C12H12N4O3/c17-11(14-8-10-4-2-1-3-5-10)9-15-7-6-13-12(15)16(18)19/h1-7H,8-9H2,(H,14,17)",CULUWZNBISUWAS-UHFFFAOYSA-N,322,benznidazole,22994-85-0
CCC1(c2ccccc2)OCC(C2CCCCN2)O1,"InChI=1S/C16H23NO2/c1-2-16(13-8-4-3-5-9-13)18-12-15(19-16)14-10-6-7-11-17-14/h3-5,8-9,14-15,17H,2,6-7,10-12H2,1H3/t14-,15+,16-/m0/s1",INOYCBNLWYEPSB-XHSDSOJGSA-N,3215,etoxadrol,28189-85-7
CC(CNC1CCCCC1)OC(=O)c1ccccc1,"InChI=1S/C16H23NO2/c1-13(12-17-15-10-6-3-7-11-15)19-16(18)14-8-4-2-5-9-14/h2,4-5,8-9,13,15,17H,3,6-7,10-12H2,1H3",DKLKMKYDWHYZTD-UHFFFAOYSA-N,1373,hexylcaine,532-77-4
CCOC(=O)C1(c2ccccc2)CCCN(C)CC1,"InChI=1S/C16H23NO2/c1-3-19-15(18)16(14-8-5-4-6-9-14)10-7-12-17(2)13-11-16/h4-6,8-9H,3,7,10-13H2,1-2H3",WGJHHMKQBWSQIY-UHFFFAOYSA-N,1085,ethoheptazine,77-15-6
CCc1cccc2cc(C(O)CNC(C)(C)C)oc12,"InChI=1S/C16H23NO2/c1-5-11-7-6-8-12-9-14(19-15(11)12)13(18)10-17-16(2,3)4/h6-9,13,17-18H,5,10H2,1-4H3",SSEBTPPFLLCUMN-UHFFFAOYSA-N,424,bufuralol,54340-62-4
CCC(=O)OC1(c2ccccc2)CCN(C)CC1C,"InChI=1S/C16H23NO2/c1-4-15(18)19-16(14-8-6-5-7-9-14)10-11-17(3)12-13(16)2/h5-9,13H,4,10-12H2,1-3H3/t13-,16+/m0/s1",UVAZQQHAVMNMHE-XJKSGUPXSA-N,132,alphaprodine,77-20-3
CN1CCC2=C(C1)c1ccccc1Cc1ccccc12,"InChI=1S/C19H19N/c1-20-11-10-18-16-8-4-2-6-14(16)12-15-7-3-5-9-17(15)19(18)13-20/h2-9H,10-13H2,1H3",GVPIXRLYKVFFMK-UHFFFAOYSA-N,2438,setiptiline,57262-94-9
CN1CCC2=C(C1)C(c1ccccc1)c1ccccc12,"InChI=1S/C19H19N/c1-20-12-11-16-15-9-5-6-10-17(15)19(18(16)13-20)14-7-3-2-4-8-14/h2-10,19H,11-13H2,1H3",ISFHAYSTHMVOJR-UHFFFAOYSA-N,2129,phenindamine,82-88-2
CN(C)CCN(Cc1cccs1)c1ccccn1,"InChI=1S/C14H19N3S/c1-16(2)9-10-17(12-13-6-5-11-18-13)14-7-3-4-8-15-14/h3-8,11H,9-10,12H2,1-2H3",HNJJXZKZRAWDPF-UHFFFAOYSA-N,1738,methapyrilene,91-80-5
CC(C)CCOC(CN1CCCC1)c1ccccc1,"InChI=1S/C17H27NO/c1-15(2)10-13-19-17(14-18-11-6-7-12-18)16-8-4-3-5-9-16/h3-5,8-9,15,17H,6-7,10-14H2,1-2H3",ISRODTBNJUAWEJ-UHFFFAOYSA-N,3672,amixetrine,24622-72-8
Cc1ncc2c(c1O)COC2c1ccc(Cl)cc1,"InChI=1S/C14H12ClNO2/c1-8-13(17)12-7-18-14(11(12)6-16-8)9-2-4-10(15)5-3-9/h2-6,14,17H,7H2,1H3",CVKNDPRBJVBDSS-UHFFFAOYSA-N,634,cicletanine,89943-82-8
C(COCCOCC1CO1)OCCOCC1CO1,"InChI=1S/C12H22O6/c1(13-3-5-15-7-11-9-17-11)2-14-4-6-16-8-12-10-18-12/h11-12H,1-10H2",UMILHIMHKXVDGH-UHFFFAOYSA-N,3213,etoglucid,1954-28-5
CCC1(C2=CC3CCC(C2)C3)C(=O)NC(=O)NC1=O,"InChI=1S/C14H18N2O3/c1-2-14(11(17)15-13(19)16-12(14)18)10-6-8-3-4-9(5-8)7-10/h6,8-9H,2-5,7H2,1H3,(H2,15,16,17,18,19)",MKELYWOVSPVORM-UHFFFAOYSA-N,3824,reposal,3625-25-0
NS(=O)(=O)c1ccc(NCc2ccccc2)cc1,"InChI=1S/C13H14N2O2S/c14-18(16,17)13-8-6-12(7-9-13)15-10-11-4-2-1-3-5-11/h1-9,15H,10H2,(H2,14,16,17)",HLIBJQGJVDHCNB-UHFFFAOYSA-N,3686,benzylsulfamide,104-22-3
CCC(C(=O)O)C1(O)CCC(c2ccccc2)CC1,"InChI=1S/C16H22O3/c1-2-14(15(17)18)16(19)10-8-13(9-11-16)12-6-4-3-5-7-12/h3-7,13-14,19H,2,8-11H2,1H3,(H,17,18)",HPLFQKUIHGZHPH-UHFFFAOYSA-N,3746,fencibutirol,5977-10-6
CC1CC(OC(=O)c2ccccc2O)CC(C)(C)C1,"InChI=1S/C16H22O3/c1-11-8-12(10-16(2,3)9-11)19-15(18)13-6-4-5-7-14(13)17/h4-7,11-12,17H,8-10H2,1-3H3",WSSJONWNBBTCMG-UHFFFAOYSA-N,3279,homosalate,118-56-9
Cc1cc2c(OCC(O)CNC(C)C)cccc2[nH]1,"InChI=1S/C15H22N2O2/c1-10(2)16-8-12(18)9-19-15-6-4-5-14-13(15)7-11(3)17-14/h4-7,10,12,16-18H,8-9H2,1-3H3",NXWGWUVGUSFQJC-UHFFFAOYSA-N,1697,mepindolol,23694-81-7
Cc1c(Cl)cccc1Nc1ncccc1C(=O)O,"InChI=1S/C13H11ClN2O2/c1-8-10(14)5-2-6-11(8)16-12-9(13(17)18)4-3-7-15-12/h2-7H,1H3,(H,15,16)(H,17,18)",CLOMYZFHNHFSIQ-UHFFFAOYSA-N,705,clonixin,17737-65-4
COn1cc(C(=O)O)c(=O)c2cc3c(cc21)OCO3,"InChI=1S/C12H9NO6/c1-17-13-4-7(12(15)16)11(14)6-2-9-10(3-8(6)13)19-5-18-9/h2-4H,5H2,1H3,(H,15,16)",ABQYZRZVRIPTPI-UHFFFAOYSA-N,3360,miloxacin,37065-29-5
CCOC(=O)C1(c2cccc(O)c2)CCN(C)CC1,"InChI=1S/C15H21NO3/c1-3-19-14(18)15(7-9-16(2)10-8-15)12-5-4-6-13(17)11-12/h4-6,11,17H,3,7-10H2,1-2H3",WTJBNMUWRKPFRS-UHFFFAOYSA-N,3288,hydroxypethidine,468-56-4
CC1CCN(CCCC(=O)c2ccc(F)cc2)CC1,"InChI=1S/C16H22FNO/c1-13-8-11-18(12-9-13)10-2-3-16(19)14-4-6-15(17)7-5-14/h4-7,13H,2-3,8-12H2,1H3",DKMFBWQBDIGMHM-UHFFFAOYSA-N,1677,melperone,3575-80-2
CCC(C(=O)OCCN(CC)CC)c1ccccc1,"InChI=1S/C16H25NO2/c1-4-15(14-10-8-7-9-11-14)16(18)19-13-12-17(5-2)6-3/h7-11,15H,4-6,12-13H2,1-3H3",CKWHSYRZDLWQFV-UHFFFAOYSA-N,445,butetamate,14007-64-8
CNCCCC1c2ccccc2C=Cc2ccccc21,"InChI=1S/C19H21N/c1-20-14-6-11-19-17-9-4-2-7-15(17)12-13-16-8-3-5-10-18(16)19/h2-5,7-10,12-13,19-20H,6,11,14H2,1H3",BWPIARFWQZKAIA-UHFFFAOYSA-N,2320,protriptyline,438-60-8
CC(C=C(c1cccs1)c1cccs1)N(C)C,"InChI=1S/C14H17NS2/c1-11(15(2)3)10-12(13-6-4-8-16-13)14-7-5-9-17-14/h4-11H,1-3H3",CANBGVXYBPOLRR-UHFFFAOYSA-N,3156,dimethylthiambutene,524-84-5
Cc1cc(CC(=O)O)c(C)n1-c1ccc(Cl)cc1,"InChI=1S/C14H14ClNO2/c1-9-7-11(8-14(17)18)10(2)16(9)13-5-3-12(15)4-6-13/h3-7H,8H2,1-2H3,(H,17,18)",SJCRQMUYEQHNTC-UHFFFAOYSA-N,3718,clopirac,42779-82-8
CC(C)N1CC(O)c2cc(N=NC(N)=O)c(O)cc21,"InChI=1S/C12H16N4O3/c1-6(2)16-5-11(18)7-3-8(14-15-12(13)19)10(17)4-9(7)16/h3-4,6,11,18H,5H2,1-2H3,(H3,13,15,19)",XZKVIDLLLOUTSS-UHFFFAOYSA-N,1476,iprazochrome,7248-21-7
Cc1cnc(NS(=O)(=O)c2ccc(N)cc2)nc1,"InChI=1S/C11H12N4O2S/c1-8-6-13-11(14-7-8)15-18(16,17)10-4-2-9(12)3-5-10/h2-7H,12H2,1H3,(H,13,14,15)",DZQVFHSCSRACSX-UHFFFAOYSA-N,2522,sulfaperin,599-88-2
Cc1ccnc(NS(=O)(=O)c2ccc(N)cc2)n1,"InChI=1S/C11H12N4O2S/c1-8-6-7-13-11(14-8)15-18(16,17)10-4-2-9(12)3-5-10/h2-7H,12H2,1H3,(H,13,14,15)",QPPBRPIAZZHUNT-UHFFFAOYSA-N,2510,sulfamerazine,127-79-7
CCN(CC)CC(=O)Oc1ccc(NC(C)=O)cc1,"InChI=1S/C14H20N2O3/c1-4-16(5-2)10-14(18)19-13-8-6-12(7-9-13)15-11(3)17/h6-9H,4-5,10H2,1-3H3,(H,15,17)",QTGAJCQTLIRCFL-UHFFFAOYSA-N,2290,propacetamol,66532-85-2
CCc1ccccc1-n1c(C)nc2ccccc2c1=O,"InChI=1S/C17H16N2O/c1-3-13-8-4-7-11-16(13)19-12(2)18-15-10-6-5-9-14(15)17(19)20/h4-11H,3H2,1-2H3",UVTJKLLUVOTSOB-UHFFFAOYSA-N,3192,etaqualone,7432-25-9
CCCCCCn1c(=O)c2c(ncn2C)n(C)c1=O,"InChI=1S/C13H20N4O2/c1-4-5-6-7-8-17-12(18)10-11(14-9-15(10)2)16(3)13(17)19/h9H,4-8H2,1-3H3",MRWQRJMESRRJJB-UHFFFAOYSA-N,2094,pentifylline,1028-33-7
C=CCC1(C2C=CCCC2)C(=O)NC(=S)NC1=O,"InChI=1S/C13H16N2O2S/c1-2-8-13(9-6-4-3-5-7-9)10(16)14-12(18)15-11(13)17/h2,4,6,9H,1,3,5,7-8H2,(H2,14,15,16,17,18)",PXLVRFQEBVNJOH-UHFFFAOYSA-N,3595,thialbarbital,467-36-7
CCCCNc1ccc(C(=O)OCCN(C)C)cc1,"InChI=1S/C15H24N2O2/c1-4-5-10-16-14-8-6-13(7-9-14)15(18)19-12-11-17(2)3/h6-9,16H,4-5,10-12H2,1-3H3",GKCBAIGFKIBETG-UHFFFAOYSA-N,2610,tetracaine,94-24-6
CCN(CC)C(=S)SC(=S)N(CC)CC,"InChI=1S/C10H20N2S3/c1-5-11(6-2)9(13)15-10(14)12(7-3)8-4/h5-8H2,1-4H3",CTPKSRZFJSJGML-UHFFFAOYSA-N,3569,sulfiram,95-05-6
CN(N=O)C(=O)NC1C(O)OC(CO)C(O)C1O,"InChI=1S/C8H15N3O7/c1-11(10-17)8(16)9-4-6(14)5(13)3(2-12)18-7(4)15/h3-7,12-15H,2H2,1H3,(H,9,16)/t3-,4-,5-,6-,7?/m1/s1",ZSJLQEPLLKMAKR-YDEIVXIUSA-N,2483,streptozocin,18883-66-4
O=C(O)c1c(O)c(-c2ccccc2)nc2ccccc12,"InChI=1S/C16H11NO3/c18-15-13(16(19)20)11-8-4-5-9-12(11)17-14(15)10-6-2-1-3-7-10/h1-9,18H,(H,19,20)",XAPRFLSJBSXESP-UHFFFAOYSA-N,3413,oxycinchophen,485-89-2
CCOc1ccc(C(=O)OCCN(CC)CC)cc1,"InChI=1S/C15H23NO3/c1-4-16(5-2)11-12-19-15(17)13-7-9-14(10-8-13)18-6-3/h7-10H,4-6,11-12H2,1-3H3",OWWVHQUOYSPNNE-UHFFFAOYSA-N,3805,parethoxycaine,94-23-5
CCN(CC)CCOCCC1=CCC2CC1C2(C)C,"InChI=1S/C17H31NO/c1-5-18(6-2)10-12-19-11-9-14-7-8-15-13-16(14)17(15,3)4/h7,15-16H,5-6,8-13H2,1-4H3/t15-,16-/m0/s1",BZRYYBWNOUALTQ-HOTGVXAUSA-N,3787,myrtecaine,7712-50-7
CC(CC(C)(C)O)OC(O)C(Cl)(Cl)Cl,"InChI=1S/C8H15Cl3O3/c1-5(4-7(2,3)13)14-6(12)8(9,10)11/h5-6,12-13H,4H2,1-3H3",QVFWZNCVPCJQOP-UHFFFAOYSA-N,596,chloralodol,3563-58-4
Nc1nc(-c2ccccc2)c(Br)c(=O)[nH]1,"InChI=1S/C10H8BrN3O/c11-7-8(6-4-2-1-3-5-6)13-10(12)14-9(7)15/h1-5H,(H3,12,13,14,15)",CIUUIPMOFZIWIZ-UHFFFAOYSA-N,3689,bropirimine,56741-95-8
Cn1c(=O)c2c(ncn2CC2OCCO2)n(C)c1=O,"InChI=1S/C11H14N4O4/c1-13-9-8(10(16)14(2)11(13)17)15(6-12-9)5-7-18-3-4-19-7/h6-7H,3-5H2,1-2H3",HWXIGFIVGWUZAO-UHFFFAOYSA-N,959,doxofylline,69975-86-6
CCc1oc2ccccc2c1C(=O)c1ccc(O)cc1,"InChI=1S/C17H14O3/c1-2-14-16(13-5-3-4-6-15(13)20-14)17(19)11-7-9-12(18)10-8-11/h3-10,18H,2H2,1H3",RFRXIWQYSOIBDI-UHFFFAOYSA-N,317,benzarone,1477-19-6
CC=C(C(=CC)c1ccc(O)cc1)c1ccc(O)cc1,"InChI=1S/C18H18O2/c1-3-17(13-5-9-15(19)10-6-13)18(4-2)14-7-11-16(20)12-8-14/h3-12,19-20H,1-2H3/b17-3+,18-4+",NFDFQCUYFHCNBW-SCGPFSFSSA-N,870,dienestrol,84-17-3
CCCCc1c(O)[nH]c(=O)n(C2CCCCC2)c1=O,"InChI=1S/C14H22N2O3/c1-2-3-9-11-12(17)15-14(19)16(13(11)18)10-7-5-4-6-8-10/h10-11H,2-9H2,1H3,(H,15,17,19)",DVEQCIBLXRSYPH-UHFFFAOYSA-N,3044,bucolome,841-73-6
COc1ccc(CN2CCNCC2)c(OC)c1OC,"InChI=1S/C14H22N2O3/c1-17-12-5-4-11(13(18-2)14(12)19-3)10-16-8-6-15-7-9-16/h4-5,15H,6-10H2,1-3H3",UHWVSEOVJBQKBE-UHFFFAOYSA-N,2750,trimetazidine,5011-34-7
CCOC(=O)C(=Cc1ncc([N+](=O)[O-])n1C)C(C)=O,"InChI=1S/C11H13N3O5/c1-4-19-11(16)8(7(2)15)5-9-12-6-10(13(9)3)14(17)18/h5-6H,4H2,1-3H3/b8-5+",GCHKUUOPYMFGEY-VMPITWQZSA-N,4025,propenidazole,76448-31-2
Nc1ncnc2c1ncn2C1OC(CO)C(O)C1O,"InChI=1S/C10H13N5O4/c11-8-5-9(13-2-12-8)15(3-14-5)10-7(18)6(17)4(1-16)19-10/h2-4,6-7,10,16-18H,1H2,(H2,11,12,13)/t4-,6-,7+,10-/m1/s1",OIRDTQYFTABQOQ-UHTZMRCNSA-N,2818,vidarabine,5536-17-4
OCC(CO)NC1CC(O)(CO)C(O)C(O)C1O,"InChI=1S/C10H21NO7/c12-2-5(3-13)11-6-1-10(18,4-14)9(17)8(16)7(6)15/h5-9,11-18H,1-4H2/t6-,7-,8+,9-,10-/m0/s1",FZNCGRZWXLXZSZ-CIQUZCHMSA-N,2845,voglibose,83480-29-9
CN(CCO)c1nc2c(c(=O)n(C)c(=O)n2C)n1C,"InChI=1S/C11H17N5O3/c1-13(5-6-17)10-12-8-7(14(10)2)9(18)16(4)11(19)15(8)3/h17H,5-6H2,1-4H3",ZGNRRVAPHPANFI-UHFFFAOYSA-N,3059,cafaminol,30924-31-3
Cc1noc(NS(=O)(=O)c2ccc(N)cc2)c1C,"InChI=1S/C11H13N3O3S/c1-7-8(2)13-17-11(7)14-18(15,16)10-5-3-9(12)4-6-10/h3-6,14H,12H2,1-2H3",NHUHCSRWZMLRLA-UHFFFAOYSA-N,2529,sulfafurazole,127-69-5
Cc1nc(NS(=O)(=O)c2ccc(N)cc2)oc1C,"InChI=1S/C11H13N3O3S/c1-7-8(2)17-11(13-7)14-18(15,16)10-5-3-9(12)4-6-10/h3-6H,12H2,1-2H3,(H,13,14)",CYFLXLSBHQBMFT-UHFFFAOYSA-N,2520,sulfamoxole,729-99-7
CC(C)(C)NCC(O)c1ccc(O)c(NC(N)=O)c1,"InChI=1S/C13H21N3O3/c1-13(2,3)15-7-11(18)8-4-5-10(17)9(6-8)16-12(14)19/h4-6,11,15,17-18H,7H2,1-3H3,(H3,14,16,19)",KEMXXQOFIRIICG-UHFFFAOYSA-N,506,carbuterol,34866-47-2
OC(c1ccccc1)(c1ccccc1)C1CCNCC1,"InChI=1S/C18H21NO/c20-18(15-7-3-1-4-8-15,16-9-5-2-6-10-16)17-11-13-19-14-12-17/h1-10,17,19-20H,11-14H2",ZMISODWVFHHWNR-UHFFFAOYSA-N,3680,azacyclonol,115-46-8
OC(c1ccccc1)(c1ccccc1)C1CCCCN1,"InChI=1S/C18H21NO/c20-18(15-9-3-1-4-10-15,16-11-5-2-6-12-16)17-13-7-8-14-19-17/h1-6,9-12,17,19-20H,7-8,13-14H2",XSWHNYGMWWVAIE-UHFFFAOYSA-N,2195,pipradrol,467-60-7
ClCCN(CCCl)c1ccc2ccccc2c1,"InChI=1S/C14H15Cl2N/c15-7-9-17(10-8-16)14-6-5-12-3-1-2-4-13(12)11-14/h1-6,11H,7-10H2",XCDXSSFOJZZGQC-UHFFFAOYSA-N,604,chlornaphazine,494-03-1
O=c1n(N=Cc2ccc([N+](=O)[O-])o2)cc(O)n1CO,"InChI=1S/C9H8N4O6/c14-5-11-7(15)4-12(9(11)16)10-3-6-1-2-8(19-6)13(17)18/h1-3,14H,4-5H2/b10-3+",UIDWQGRXEVDFCA-XCVCLJGOSA-N,1930,nifurtoinol,1088-92-2
O=c1[nH]cnc2c1ncn2C1OC(CO)C(O)C1O,"InChI=1S/C10H12N4O5/c15-1-4-6(16)7(17)10(19-4)14-3-13-5-8(14)11-2-12-9(5)18/h2-4,6-7,10,15-17H,1H2,(H,11,12,18)/t4-,6-,7-,10-/m1/s1",UGQMRVRMYYASKQ-KQYNXXCUSA-N,3301,inosine,58-63-9
O=C(O)Cc1ccc2c(c1)C(=O)c1ccccc1CO2,"InChI=1S/C16H12O4/c17-15(18)8-10-5-6-14-13(7-10)16(19)12-4-2-1-3-11(12)9-20-14/h1-7H,8-9H2,(H,17,18)",QFGMXJOBTNZHEL-UHFFFAOYSA-N,3310,isoxepac,55453-87-7
CC(CN1CC(=O)NC(=O)C1)N1CC(=O)NC(=O)C1,"InChI=1S/C11H16N4O4/c1-7(15-5-10(18)13-11(19)6-15)2-14-3-8(16)12-9(17)4-14/h7H,2-6H2,1H3,(H,12,16,17)(H,13,18,19)",BMKDZUISNHGIBY-UHFFFAOYSA-N,4031,razoxane,21416-67-1
CCn1nc(C)c2c1C(c1ccccc1)=NCC(=O)N2,"InChI=1S/C15H16N4O/c1-3-19-15-13(10(2)18-19)17-12(20)9-16-14(15)11-7-5-4-6-8-11/h4-8H,3,9H2,1-2H3,(H,17,20)",YFHYNLHGFKXAIQ-UHFFFAOYSA-N,2386,ripazepam,26308-28-1
CC=C(c1ccc(O)cc1)C(CC)c1ccc(O)cc1,"InChI=1S/C18H20O2/c1-3-17(13-5-9-15(19)10-6-13)18(4-2)14-7-11-16(20)12-8-14/h5-12,19-20H,3-4H2,1-2H3/b18-17+",RGLYKWWBQGJZGM-ISLYRVAYSA-N,875,diethylstilbestrol,56-53-1
CC12CCC(C[N+](C)(CCC[N+](C)(C)C)C1)C2(C)C,"InChI=1S/C17H36N2/c1-16(2)15-9-10-17(16,3)14-19(7,13-15)12-8-11-18(4,5)6/h15H,8-14H2,1-7H3/q+2",GPUGLFZXYGTLBI-UHFFFAOYSA-N,3845,trimethidinium,2624-50-2
Oc1ccc(Cl)cc1Cc1cc(Cl)ccc1O,"InChI=1S/C13H10Cl2O2/c14-10-1-3-12(16)8(6-10)5-9-7-11(15)2-4-13(9)17/h1-4,6-7,16-17H,5H2",MDNWOSOZYLHTCG-UHFFFAOYSA-N,863,dichlorophen,97-23-4
CCC(CO[N+](=O)[O-])(CO[N+](=O)[O-])CO[N+](=O)[O-],"InChI=1S/C6H11N3O9/c1-2-6(3-16-7(10)11,4-17-8(12)13)5-18-9(14)15/h2-5H2,1H3",YZZCJYJBCUJISI-UHFFFAOYSA-N,2295,propatylnitrate,2921-92-8
NNc1cc2c(nn1)CCN(C(=O)c1ccccc1)C2,"InChI=1S/C14H15N5O/c15-16-13-8-11-9-19(7-6-12(11)17-18-13)14(20)10-4-2-1-3-5-10/h1-5,8H,6-7,9,15H2,(H,16,18)",ALAXZYHFVBSJKZ-UHFFFAOYSA-N,1008,endralazine,39715-02-1
Cc1cc(NS(=O)(=O)c2ccc(N)cc2)sn1,"InChI=1S/C10H11N3O2S2/c1-7-6-10(16-12-7)13-17(14,15)9-4-2-8(11)3-5-9/h2-6,13H,11H2,1H3",JVYKJZPZFIUYAB-UHFFFAOYSA-N,3835,sulfasomizole,632-00-8
Cc1csc(NS(=O)(=O)c2ccc(N)cc2)n1,"InChI=1S/C10H11N3O2S2/c1-7-6-16-10(12-7)13-17(14,15)9-4-2-8(11)3-5-9/h2-6H,11H2,1H3,(H,12,13)",KJVQYDYPDFFJMP-UHFFFAOYSA-N,2516,sulfamethylthiazole,515-59-3
Cc1ccccc1C(OCCN(C)C)c1ccccc1,"InChI=1S/C18H23NO/c1-15-9-7-8-12-17(15)18(20-14-13-19(2)3)16-10-5-4-6-11-16/h4-12,18H,13-14H2,1-3H3",QVYRGXJJSLMXQH-UHFFFAOYSA-N,1999,orphenadrine,83-98-7
CN(C)CCOC(C)(c1ccccc1)c1ccccc1,"InChI=1S/C18H23NO/c1-18(20-15-14-19(2)3,16-10-6-4-7-11-16)17-12-8-5-9-13-17/h4-13H,14-15H2,1-3H3",BBIMHFSPNXQFAH-UHFFFAOYSA-N,1852,moxastine,3572-74-5
CC(COc1ccccc1)NC(C)Cc1ccccc1,"InChI=1S/C18H23NO/c1-15(13-17-9-5-3-6-10-17)19-16(2)14-20-18-11-7-4-8-12-18/h3-12,15-16,19H,13-14H2,1-2H3",URCIJDUOBBSMII-UHFFFAOYSA-N,840,dextrofemine,15687-08-8
CNCCCCOc1ccccc1Cc1ccccc1,"InChI=1S/C18H23NO/c1-19-13-7-8-14-20-18-12-6-5-11-17(18)15-16-9-3-2-4-10-16/h2-6,9-12,19H,7-8,13-15H2,1H3",QSQQPMHPCBLLGX-UHFFFAOYSA-N,369,bifemelane,90293-01-9
CC(C)N(CCNC(=O)CN1CCCC1=O)C(C)C,"InChI=1S/C14H27N3O2/c1-11(2)17(12(3)4)9-7-15-13(18)10-16-8-5-6-14(16)19/h11-12H,5-10H2,1-4H3,(H,15,18)",ZULJGOSFKWFVRX-UHFFFAOYSA-N,2234,pramiracetam,68497-62-1
CC(C)c1cn(C2CC(O)C(CO)O2)c(=O)[nH]c1=O,"InChI=1S/C12H18N2O5/c1-6(2)7-4-14(12(18)13-11(7)17)10-3-8(16)9(5-15)19-10/h4,6,8-10,15-16H,3,5H2,1-2H3,(H,13,17,18)/t8-,9+,10+/m0/s1",PHUUXVYXSRZACJ-IVZWLZJFSA-N,1023,epervudine,60136-25-6
Cc1nnc(NS(=O)(=O)c2ccc(N)cc2)s1,"InChI=1S/C9H10N4O2S2/c1-6-11-12-9(16-6)13-17(14,15)8-4-2-7(10)3-5-8/h2-5H,10H2,1H3,(H,12,13)",VACCAVUAMIDAGB-UHFFFAOYSA-N,2512,sulfamethizole,144-82-1
CCC(c1ccc(O)cc1)C(CC)c1ccc(O)cc1,"InChI=1S/C18H22O2/c1-3-17(13-5-9-15(19)10-6-13)18(4-2)14-7-11-16(20)12-8-14/h5-12,17-20H,3-4H2,1-2H3/t17-,18+",PBBGSZCBWVPOOL-HDICACEKSA-N,1368,hexestrol,84-16-2
Cc1cc2nc3ccc(N(C)C)cc3[s+]c2cc1N,"InChI=1S/C15H16N3S/c1-9-6-13-15(8-11(9)16)19-14-7-10(18(2)3)4-5-12(14)17-13/h4-8H,16H2,1-3H3/q+1",RQNADZJRELIICT-UHFFFAOYSA-N,2701,tolonium,92-31-9
CN(C)CCN1c2ccccc2Sc2ccccc21,"InChI=1S/C16H18N2S/c1-17(2)11-12-18-13-7-3-5-9-15(13)19-16-10-6-4-8-14(16)18/h3-10H,11-12H2,1-2H3",PFAXACNYGZVKMX-UHFFFAOYSA-N,3747,fenethazine,522-24-7
Cc1nc2ccccc2c(=O)n1-c1ccccc1Cl,"InChI=1S/C15H11ClN2O/c1-10-17-13-8-4-2-6-11(13)15(19)18(10)14-9-5-3-7-12(14)16/h2-9H,1H3",SFITWQDBYUMAPS-UHFFFAOYSA-N,3334,mecloqualone,340-57-8
O=C1CN=C(c2ccccc2)c2cc(Cl)ccc2N1,"InChI=1S/C15H11ClN2O/c16-11-6-7-13-12(8-11)15(17-9-14(19)18-13)10-4-2-1-3-5-10/h1-8H,9H2,(H,18,19)",AKPLHCDWDRPJGD-UHFFFAOYSA-N,816,nordazepam,1088-11-5
NS(=O)(=O)c1ccc(Cl)c(S(N)(=O)=O)c1,"InChI=1S/C6H7ClN2O4S2/c7-5-2-1-4(14(8,10)11)3-6(5)15(9,12)13/h1-3H,(H2,8,10,11)(H2,9,12,13)",NENBAISIHCWPKP-UHFFFAOYSA-N,693,clofenamide,671-95-4
CN1CCN=C(c2ccccc2)c2cc(Cl)ccc21,"InChI=1S/C16H15ClN2/c1-19-10-9-18-16(12-5-3-2-4-6-12)14-11-13(17)7-8-15(14)19/h2-8,11H,9-10H2,1H3",YLCXGBZIZBEVPZ-UHFFFAOYSA-N,1654,medazepam,2898-12-6
O=[N+]([O-])OCC(CO)(CO[N+](=O)[O-])CO[N+](=O)[O-],"InChI=1S/C5H9N3O10/c9-1-5(2-16-6(10)11,3-17-7(12)13)4-18-8(14)15/h9H,1-4H2",BRBAEHHXGZRCBK-UHFFFAOYSA-N,3427,pentrinitrol,1607-17-6
CC(=O)Nc1ccc(OC(=O)c2ccccc2O)cc1,"InChI=1S/C15H13NO4/c1-10(17)16-11-6-8-12(9-7-11)20-15(19)13-4-2-3-5-14(13)18/h2-9,18H,1H3,(H,16,17)",TWIIVLKQFJBFPW-UHFFFAOYSA-N,53,acetaminosalol,118-57-0
CCCCC1(CCOC(N)=O)C(=O)NC(=O)NC1=O,"InChI=1S/C11H17N3O5/c1-2-3-4-11(5-6-19-9(12)17)7(15)13-10(18)14-8(11)16/h2-6H2,1H3,(H2,12,17)(H2,13,14,15,16,18)",ZWGPHQZXAPWKOV-UHFFFAOYSA-N,3702,carbubarb,960-05-4
COc1cc(C=NNC(=O)c2ccncc2)ccc1O,"InChI=1S/C14H13N3O3/c1-20-13-8-10(2-3-12(13)18)9-16-17-14(19)11-4-6-15-7-5-11/h2-9,18H,1H3,(H,17,19)",PSWOBQSIXLVPDV-UHFFFAOYSA-N,1253,ftivazide,149-17-7
O=[N+]([O-])c1ccc(Nc2ccc(N=C=S)cc2)cc1,"InChI=1S/C13H9N3O2S/c17-16(18)13-7-5-12(6-8-13)15-11-3-1-10(2-4-11)14-9-19/h1-8,15H",DKVNAGXPRSYHLB-UHFFFAOYSA-N,189,amoscanate,26328-53-0
CN1c2ccccc2Sc2ccc(CC(=O)O)cc21,"InChI=1S/C15H13NO2S/c1-16-11-4-2-3-5-13(11)19-14-7-6-10(8-12(14)16)9-15(17)18/h2-8H,9H2,1H3,(H,17,18)",LMINNBXUMGNKMM-UHFFFAOYSA-N,1776,metiazinic acid,13993-65-2
CCCCNC(=O)NS(=O)(=O)c1ccc(N)cc1,"InChI=1S/C11H17N3O3S/c1-2-3-8-13-11(15)14-18(16,17)10-6-4-9(12)5-7-10/h4-7H,2-3,8,12H2,1H3,(H2,13,14,15)",VDTNNGKXZGSZIP-UHFFFAOYSA-N,505,carbutamide,339-43-5
CN1CCC23c4c5ccc(O)c4OC2CCCC3C1C5,"InChI=1S/C17H21NO2/c1-18-8-7-17-11-3-2-4-14(17)20-16-13(19)6-5-10(15(16)17)9-12(11)18/h5-6,11-12,14,19H,2-4,7-9H2,1H3/t11-,12+,14-,17+/m0/s1",LNNWVNGFPYWNQE-GMIGKAJZSA-N,3134,desomorphine,427-00-9
CCS(=O)(=O)c1ccc(C=NNC(N)=S)cc1,"InChI=1S/C10H13N3O2S2/c1-2-17(14,15)9-5-3-8(4-6-9)7-12-13-10(11)16/h3-7H,2H2,1H3,(H3,11,13,16)/b12-7+",VUSKMERTTCJJPM-KPKJPENVSA-N,3832,subathizone,121-55-1
CC1(CCN2CCCCC2)C(=O)CCc2ccccc21,"InChI=1S/C18H25NO/c1-18(11-14-19-12-5-2-6-13-19)16-8-4-3-7-15(16)9-10-17(18)20/h3-4,7-8H,2,5-6,9-14H2,1H3",RVXGRCNWGOHSDE-UHFFFAOYSA-N,1900,nepinalone,22443-11-4
CCCC(CCC)CCCC1COCCN1CCO,"InChI=1S/C16H33NO2/c1-3-6-15(7-4-2)8-5-9-16-14-19-13-11-17(16)10-12-18/h15-16,18H,3-14H2,1-2H3",QSFOWAYMMZCQNF-UHFFFAOYSA-N,3131,delmopinol,79874-76-3
Cc1ccc(Cl)c(OCC(O)CNC(C)(C)C)c1,"InChI=1S/C14H22ClNO2/c1-10-5-6-12(15)13(7-10)18-9-11(17)8-16-14(2,3)4/h5-7,11,16-17H,8-9H2,1-4H3",HQIRNZOQPUAHHV-UHFFFAOYSA-N,433,bupranolol,14556-46-8
CC(c1ccc(Cl)c(Cl)c1)n1[nH]c(N)cc1=O,"InChI=1S/C11H11Cl2N3O/c1-6(16-11(17)5-10(14)15-16)7-2-3-8(12)9(13)4-7/h2-4,6H,5H2,1H3,(H2,14,15)",RLWRMIYXDPXIEX-UHFFFAOYSA-N,1858,muzolimine,55294-15-0
CS(=O)(=O)c1ccc(-c2cn3ccccc3n2)cc1,"InChI=1S/C14H12N2O2S/c1-19(17,18)12-7-5-11(6-8-12)13-10-16-9-3-2-4-14(16)15-13/h2-10H,1H3",VSLIUWLPFRVCDL-UHFFFAOYSA-N,3661,zolimidine,1222-57-7
OC(CN1CCCCC1)c1cc(-c2ccccc2)on1,"InChI=1S/C16H20N2O2/c19-15(12-18-9-5-2-6-10-18)14-11-16(20-17-14)13-7-3-1-4-8-13/h1,3-4,7-8,11,15,19H,2,5-6,9-10,12H2",XKFIQZCHJUUSBA-UHFFFAOYSA-N,2110,perisoxal,2055-44-9
CCCCc1cc2ccccc2c(OCCN(C)C)n1,"InChI=1S/C17H24N2O/c1-4-5-9-15-13-14-8-6-7-10-16(14)17(18-15)20-12-11-19(2)3/h6-8,10,13H,4-5,9,11-12H2,1-3H3",XNMYNYSCEJBRPZ-UHFFFAOYSA-N,3153,quinisocaine,86-80-6
Cc1cccc(C)c1NC(=O)CC12CCCN1CCC2,"InChI=1S/C17H24N2O/c1-13-6-3-7-14(2)16(13)18-15(20)12-17-8-4-10-19(17)11-5-9-17/h3,6-7H,4-5,8-12H2,1-2H3,(H,18,20)",BCQTVJKBTWGHCX-UHFFFAOYSA-N,2167,pilsicainide,88069-67-4
Cc1ncc(CNC(=O)N(CCCl)N=O)c(N)n1,"InChI=1S/C9H13ClN6O2/c1-6-12-4-7(8(11)14-6)5-13-9(17)16(15-18)3-2-10/h4H,2-3,5H2,1H3,(H,13,17)(H2,11,12,14)",VFEDRRNHLBGPNN-UHFFFAOYSA-N,3384,nimustine,42471-28-3
CC(C)N1CCOC(c2cccc(C(F)(F)F)c2)C1,"InChI=1S/C14H18F3NO/c1-10(2)18-6-7-19-13(9-18)11-4-3-5-12(8-11)14(15,16)17/h3-5,8,10,13H,6-7,9H2,1-2H3",FVYUQFQCEOZYHZ-UHFFFAOYSA-N,2007,oxaflozane,26629-87-8
CC(SC(=O)c1cccs1)C(=O)NCC(=O)O,"InChI=1S/C10H11NO4S2/c1-6(9(14)11-5-8(12)13)17-10(15)7-3-2-4-16-7/h2-4,6H,5H2,1H3,(H,11,14)(H,12,13)",JNYSEDHQJCOWQU-UHFFFAOYSA-N,2479,stepronin,72324-18-6
CCOC(=O)C1(c2ccccc2)CCC=CC1N(C)C,"InChI=1S/C17H23NO2/c1-4-20-16(19)17(14-10-6-5-7-11-14)13-9-8-12-15(17)18(2)3/h5-8,10-12,15H,4,9,13H2,1-3H3",WDEFBBTXULIOBB-UHFFFAOYSA-N,2663,tilidine,51931-66-9
CC(C(=O)O)c1ccc2c(c1)[nH]c1ccc(Cl)cc12,"InChI=1S/C15H12ClNO2/c1-8(15(18)19)9-2-4-11-12-7-10(16)3-5-13(12)17-14(11)6-9/h2-8,17H,1H3,(H,18,19)",PUXBGTOOZJQSKH-UHFFFAOYSA-N,518,carprofen,53716-49-7
CN1C(=O)CCS(=O)(=O)C1c1ccc(Cl)cc1,"InChI=1S/C11H12ClNO3S/c1-13-10(14)6-7-17(15,16)11(13)8-2-4-9(12)5-3-8/h2-5,11H,6-7H2,1H3",WEQAYVWKMWHEJO-UHFFFAOYSA-N,603,chlormezanone,80-77-3
NC(=O)CNc1ccc([As](=O)(O)O)cc1,"InChI=1S/C8H11AsN2O4/c10-8(12)5-11-7-3-1-6(2-4-7)9(13,14)15/h1-4,11H,5H2,(H2,10,12)(H2,13,14,15)",UULSDCUWMKTMND-UHFFFAOYSA-N,3636,tryparsamide,554-72-3
COc1ccccc1OC(=O)Oc1ccccc1OC,"InChI=1S/C15H14O5/c1-17-11-7-3-5-9-13(11)19-15(16)20-14-10-6-4-8-12(14)18-2/h3-10H,1-2H3",ORUJFMPWKPVXLZ-UHFFFAOYSA-N,3451,guaiacol carbonate,553-17-3
O=S(=O)(O)c1ccc2[nH]c(-c3ccccc3)nc2c1,"InChI=1S/C13H10N2O3S/c16-19(17,18)10-6-7-11-12(8-10)15-13(14-11)9-4-2-1-3-5-9/h1-8H,(H,14,15)(H,16,17,18)",UVCJGUGAGLDPAA-UHFFFAOYSA-N,3179,ensulizole,27503-81-7
CCCCNC(=O)OCC(C)(CCC)COC(N)=O,"InChI=1S/C13H26N2O4/c1-4-6-8-15-12(17)19-10-13(3,7-5-2)9-18-11(14)16/h4-10H2,1-3H3,(H2,14,16)(H,15,17)",PRBORDFJHHAISJ-UHFFFAOYSA-N,2783,tybamate,4268-36-4
CC12CCC3C4=C(CCC3C1CCC2O)CC(=O)CC4,"InChI=1S/C18H26O2/c1-18-9-8-14-13-5-3-12(19)10-11(13)2-4-15(14)16(18)6-7-17(18)20/h10,13-17,20H,2-9H2,1H3/t13-,14+,15+,16-,17-,18-/m0/s1",NPAGDVCDWIYMMC-IZPLOLCNSA-N,1879,nandrolone,434-22-0
CCCN1CCCCC1C(=O)Nc1c(C)cccc1C,"InChI=1S/C17H26N2O/c1-4-11-19-12-6-5-10-15(19)17(20)18-16-13(2)8-7-9-14(16)3/h7-9,15H,4-6,10-12H2,1-3H3,(H,18,20)/t15-/m0/s1",ZKMNUMMKYBVTFN-HNNXBMFYSA-N,2403,ropivacaine,84057-95-4
CC(=O)Nc1cc([As](=O)(O)O)ccc1O,"InChI=1S/C8H10AsNO5/c1-5(11)10-7-4-6(9(13,14)15)2-3-8(7)12/h2-4,12H,1H3,(H,10,11)(H2,13,14,15)",ODFJOVXVLFUVNQ-UHFFFAOYSA-N,55,acetarsol,97-44-9
O=C(NN=Cc1ccc([N+](=O)[O-])o1)c1ccc(O)cc1,"InChI=1S/C12H9N3O5/c16-9-3-1-8(2-4-9)12(17)14-13-7-10-5-6-11(20-10)15(18)19/h1-7,16H,(H,14,17)/b13-7+",YCWSUKQGVSGXJO-NTUHNPAUSA-N,1928,nifuroxazide,965-52-6
Nc1ncc(C=Cc2ccc([N+](=O)[O-])o2)nn1,"InChI=1S/C9H7N5O3/c10-9-11-5-6(12-13-9)1-2-7-3-4-8(17-7)14(15)16/h1-5H,(H2,10,11,13)/b2-1+",RWOLIGKRDWLZSV-OWOJBTEDSA-N,70,furalazine,1789-26-0
CCOC(=O)NP(=O)(N1CC1(C)C)N1CC1(C)C,"InChI=1S/C11H22N3O3P/c1-6-17-9(15)12-18(16,13-7-10(13,2)3)14-8-11(14,4)5/h6-8H2,1-5H3,(H,12,15,16)",QTFKTBRIGWJQQL-UHFFFAOYSA-N,3784,meturedepa,1661-29-6
Cc1cc2c(cc1S(N)(=O)=O)S(=O)(=O)CCC2,"InChI=1S/C10H13NO4S2/c1-7-5-8-3-2-4-16(12,13)10(8)6-9(7)17(11,14)15/h5-6H,2-4H2,1H3,(H2,11,14,15)",FNQQBFNIYODEMB-UHFFFAOYSA-N,1777,meticrane,1084-65-7
CNC(=O)Oc1ccc2c(c1)C1(C)CCN(C)C1N2C,"InChI=1S/C15H21N3O2/c1-15-7-8-17(3)13(15)18(4)12-6-5-10(9-11(12)15)20-14(19)16-2/h5-6,9,13H,7-8H2,1-4H3,(H,16,19)/t13-,15+/m1/s1",PIJVFDBKTWXHHD-HIFRSBDPSA-N,2159,physostigmine,57-47-6
CCCOc1ccc(C(=O)CCN2CCCCC2)cc1,"InChI=1S/C17H25NO2/c1-2-14-20-16-8-6-15(7-9-16)17(19)10-13-18-11-4-3-5-12-18/h6-9H,2-5,10-14H2,1H3",STHAHFPLLHRRRO-UHFFFAOYSA-N,3822,propipocaine,3670-68-6
CCC(=O)N(c1ccccn1)C(C)CN1CCCCC1,"InChI=1S/C16H25N3O/c1-3-16(20)19(15-9-5-6-10-17-15)14(2)13-18-11-7-4-8-12-18/h5-6,9-10,14H,3-4,7-8,11-13H2,1-2H3",ZBAFFZBKCMWUHM-UHFFFAOYSA-N,2299,propiram,15686-91-6
CCOC(=O)c1c(C)cc2c(CO)n[nH]c(=O)c2c1C,"InChI=1S/C14H16N2O4/c1-4-20-14(19)11-7(2)5-9-10(6-17)15-16-13(18)12(9)8(11)3/h5,17H,4,6H2,1-3H3,(H,16,18)",DUQOOLBWGUKRAJ-UHFFFAOYSA-N,2156,oxagrelate,56611-65-5
Nc1ccc(S(=O)(=O)NC(=O)c2ccccc2)cc1,"InChI=1S/C13H12N2O3S/c14-11-6-8-12(9-7-11)19(17,18)15-13(16)10-4-2-1-3-5-10/h1-9H,14H2,(H,15,16)",PBCZLFBEBARBBI-UHFFFAOYSA-N,3558,sulfabenzamide,127-71-9
CC1CC(OC(=O)C(O)c2ccccc2)CC(C)(C)C1,"InChI=1S/C17H24O3/c1-12-9-14(11-17(2,3)10-12)20-16(19)15(18)13-7-5-4-6-8-13/h4-8,12,14-15,18H,9-11H2,1-3H3",WZHCOOQXZCIUNC-UHFFFAOYSA-N,747,cyclandelate,456-59-7
CCN(CC)C(=O)c1ccccc1C(=O)N(CC)CC,"InChI=1S/C16H24N2O2/c1-5-17(6-2)15(19)13-11-9-10-12-14(13)16(20)18(7-3)8-4/h9-12H,5-8H2,1-4H3",OPTBBAGXQYOFTL-UHFFFAOYSA-N,3588,tetraethylphthalamide,83-81-8
CN1CCc2c(c3ccccc3n2Cc2ccccc2)C1,"InChI=1S/C19H20N2/c1-20-12-11-19-17(14-20)16-9-5-6-10-18(16)21(19)13-15-7-3-2-4-8-15/h2-10H,11-14H2,1H3",FQQIIPAOSKSOJM-UHFFFAOYSA-N,1643,mebhydrolin,524-81-2
CCC(=O)OC1C=C2CCC3C(CCC4(C)C(OC(=O)CC)CCC34)C2CC1,"InChI=1S/C24H36O4/c1-4-22(25)27-16-7-9-17-15(14-16)6-8-19-18(17)12-13-24(3)20(19)10-11-21(24)28-23(26)5-2/h14,16-21H,4-13H2,1-3H3/t16-,17-,18+,19+,20-,21-,24-/m0/s1",JFAXVZXNIGIDDA-KDWXAGHCSA-N,3034,bolandiol dipropionate,19793-20-5
CCCN(CC)C(CC)C(=O)Nc1c(C)cccc1C,"InChI=1S/C17H28N2O/c1-6-12-19(8-3)15(7-2)17(20)18-16-13(4)10-9-11-14(16)5/h9-11,15H,6-8,12H2,1-5H3,(H,18,20)",VTUSIVBDOCDNHS-UHFFFAOYSA-N,1097,etidocaine,36637-18-0
NCCCCCC(O)(P(=O)(O)O)P(=O)(O)O,"InChI=1S/C6H17NO7P2/c7-5-3-1-2-4-6(8,15(9,10)11)16(12,13)14/h8H,1-5,7H2,(H2,9,10,11)(H2,12,13,14)",PUUSSSIBPPTKTP-UHFFFAOYSA-N,3377,neridronic acid,79778-41-9
O=c1cc(CN2CCOCC2)c2cc(O)c(O)cc2o1,"InChI=1S/C14H15NO5/c16-11-6-10-9(8-15-1-3-19-4-2-15)5-14(18)20-13(10)7-12(11)17/h5-7,16-17H,1-4,8H2",FZRNEERXGKQYPH-UHFFFAOYSA-N,3750,folescutol,15687-22-6
Cc1c2cc[n+](C)cc2c(C)c2c1[nH]c1ccc(O)cc12,"InChI=1S/C18H16N2O/c1-10-15-9-20(3)7-6-13(15)11(2)18-17(10)14-8-12(21)4-5-16(14)19-18/h4-9,21H,1-3H3/p+1",YZQRAQOSAPWELU-UHFFFAOYSA-O,996,elliptinium,58337-35-2
C=CCc1ccc(OCC(=O)N(CC)CC)c(OC)c1,"InChI=1S/C16H23NO3/c1-5-8-13-9-10-14(15(11-13)19-4)20-12-16(18)17(6-2)7-3/h5,9-11H,1,6-8,12H2,2-4H3",AXNKGLDCLYLVLQ-UHFFFAOYSA-N,51,acetamidoeugenol,305-13-5
CCN(C)C(C)C=C(c1cccs1)c1cccs1,"InChI=1S/C15H19NS2/c1-4-16(3)12(2)11-13(14-7-5-9-17-14)15-8-6-10-18-15/h5-12H,4H2,1-3H3",MORSAEFGQPDBKM-UHFFFAOYSA-N,3206,ethylmethylthiambutene,441-61-2
CS(=O)(=O)OCC(O)C(O)COS(C)(=O)=O,"InChI=1S/C6H14O8S2/c1-15(9,10)13-3-5(7)6(8)4-14-16(2,11)12/h5-8H,3-4H2,1-2H3/t5-,6-/m0/s1",YCPOZVAOBBQLRI-WDSKDSINSA-N,2718,treosulfan,299-75-2
CC(=O)CCCCn1cnc2c1c(=O)n(C)c(=O)n2C,"InChI=1S/C13H18N4O3/c1-9(18)6-4-5-7-17-8-14-11-10(17)12(19)16(3)13(20)15(11)2/h8H,4-7H2,1-3H3",XBEDAMVJWVPVDS-UHFFFAOYSA-N,3983,lomifylline,10226-54-7
CC(=O)CCCCn1c(=O)c2c(ncn2C)n(C)c1=O,"InChI=1S/C13H18N4O3/c1-9(18)6-4-5-7-17-12(19)10-11(14-8-15(10)2)16(3)13(17)20/h8H,4-7H2,1-3H3",BYPFEZZEUUWMEJ-UHFFFAOYSA-N,2099,pentoxifylline,6493-05-6
Cc1cc(NS(=O)(=O)c2ccc(N)cc2)nc(C)n1,"InChI=1S/C12H14N4O2S/c1-8-7-12(15-9(2)14-8)16-19(17,18)11-5-3-10(13)4-6-11/h3-7H,13H2,1-2H3,(H,14,15,16)",YZMCKZRAOLZXAZ-UHFFFAOYSA-N,2526,sulfisomidine,515-64-0
Cc1cc(C)nc(NS(=O)(=O)c2ccc(N)cc2)n1,"InChI=1S/C12H14N4O2S/c1-8-7-9(2)15-12(14-8)16-19(17,18)11-5-3-10(13)4-6-11/h3-7H,13H2,1-2H3,(H,14,15,16)",ASWVTGNCAZCNNR-UHFFFAOYSA-N,2502,sulfadimidine,57-68-1
CCN(CC)CC(=O)Nc1c(C)cccc1C(=O)OC,"InChI=1S/C15H22N2O3/c1-5-17(6-2)10-13(18)16-14-11(3)8-7-9-12(14)15(19)20-4/h7-9H,5-6,10H2,1-4H3,(H,16,18)",UDKICLZCJWQTLS-UHFFFAOYSA-N,3619,tolycaine,3686-58-6
Cc1ccc2c(-c3ccccc3)nc(=O)n(C(C)C)c2c1,"InChI=1S/C18H18N2O/c1-12(2)20-16-11-13(3)9-10-15(16)17(19-18(20)21)14-7-5-4-6-8-14/h4-12H,1-3H3",JTIGKVIOEQASGT-UHFFFAOYSA-N,2311,proquazone,22760-18-5
CNCCON=c1c2ccccc2ccc2ccccc12,"InChI=1S/C18H18N2O/c1-19-12-13-21-20-18-16-8-4-2-6-14(16)10-11-15-7-3-5-9-17(15)18/h2-11,19H,12-13H2,1H3",SEDQWOMFMIJKCU-UHFFFAOYSA-N,804,demexiptiline,24701-51-7
Cc1cc(S(=O)(=O)O)c2c(C)ccc(C(C)C)cc1-2,"InChI=1S/C15H18O3S/c1-9(2)12-6-5-10(3)15-13(8-12)11(4)7-14(15)19(16,17)18/h5-9H,1-4H3,(H,16,17,18)",VIZXMHCBZLGUET-UHFFFAOYSA-N,3874,sodium gualenate,6223-35-4
CCc1cc(S(=O)(=O)O)c2cc(C(C)C)cccc1-2,"InChI=1S/C15H18O3S/c1-4-11-9-15(19(16,17)18)14-8-12(10(2)3)6-5-7-13(11)14/h5-10H,4H2,1-3H3,(H,16,17,18)",NARQSHREEUXZBT-UHFFFAOYSA-N,993,egualen,99287-30-6
CCN(CC)CC(C)(C)COC(=O)c1ccc(N)cc1,"InChI=1S/C16H26N2O2/c1-5-18(6-2)11-16(3,4)12-20-15(19)13-7-9-14(17)10-8-13/h7-10H,5-6,11-12,17H2,1-4H3",OWQIUQKMMPDHQQ-UHFFFAOYSA-N,3154,dimethocaine,94-15-5
Cc1ccc(C(=CCN2CCCC2)c2ccccn2)cc1,"InChI=1S/C19H22N2/c1-16-7-9-17(10-8-16)18(19-6-2-3-12-20-19)11-15-21-13-4-5-14-21/h2-3,6-12H,4-5,13-15H2,1H3/b18-11+",CBEQULMOCCWAQT-WOJGMQOQSA-N,2763,triprolidine,486-12-4
C[N+]1(C)CCC(=C(c2ccccc2)c2ccccc2)CC1,"InChI=1S/C20H24N/c1-21(2)15-13-19(14-16-21)20(17-9-5-3-6-10-17)18-11-7-4-8-12-18/h3-12H,13-16H2,1-2H3/q+1",LCTZPQRFOZKZNK-UHFFFAOYSA-N,915,diphemanil,62-97-5
CCCCCC=CCC=CCC=CCCCCC(=O)O,"InChI=1S/C18H30O2/c1-2-3-4-5-6-7-8-9-10-11-12-13-14-15-16-17-18(19)20/h6-7,9-10,12-13H,2-5,8,11,14-17H2,1H3,(H,19,20)/b7-6-,10-9-,13-12-",VZCCETWTMQHEPK-QNEBEIHSSA-N,1276,gamolenic acid,506-26-3
O=C(O)C1CCc2cc(C3CCCCC3)c(Cl)cc21,"InChI=1S/C16H19ClO2/c17-15-9-13-11(6-7-12(13)16(18)19)8-14(15)10-4-2-1-3-5-10/h8-10,12H,1-7H2,(H,18,19)",OIRAEJWYWSAQNG-UHFFFAOYSA-N,675,clidanac,34148-01-1
CCC(Br)(CC)C(=O)NC(=O)NC(C)=O,"InChI=1S/C9H15BrN2O3/c1-4-9(10,5-2)7(14)12-8(15)11-6(3)13/h4-5H2,1-3H3,(H2,11,12,13,14,15)",SAZUGELZHZOXHB-UHFFFAOYSA-N,42,acecarbromal,77-66-7
CC(C)NCC1CCc2cc(CO)c([N+](=O)[O-])cc2N1,"InChI=1S/C14H21N3O3/c1-9(2)15-7-12-4-3-10-5-11(8-18)14(17(19)20)6-13(10)16-12/h5-6,9,12,15-16,18H,3-4,7-8H2,1-2H3",XCGYUJZMCCFSRP-UHFFFAOYSA-N,2009,oxamniquine,21738-42-1
Cn1cc(C(=O)C2CCc3[nH]cnc3C2)c2ccccc21,"InChI=1S/C17H17N3O/c1-20-9-13(12-4-2-3-5-16(12)20)17(21)11-6-7-14-15(8-11)19-10-18-14/h2-5,9-11H,6-8H2,1H3,(H,18,19)/t11-/m1/s1",NTHPAPBPFQJABD-LLVKDONJSA-N,2357,ramosetron,132036-88-5
CCN(CC)CCn1cnc2c1c(=O)n(C)c(=O)n2C,"InChI=1S/C13H21N5O2/c1-5-17(6-2)7-8-18-9-14-11-10(18)12(19)16(4)13(20)15(11)3/h9H,5-8H2,1-4H3",AWKLBIOQCIORSB-UHFFFAOYSA-N,3190,etamiphylline,314-35-2
CC(=O)Oc1cc(C(C)C)c(OCCN(C)C)cc1C,"InChI=1S/C16H25NO3/c1-11(2)14-10-15(20-13(4)18)12(3)9-16(14)19-8-7-17(5)6/h9-11H,7-8H2,1-6H3",VRYMTAVOXVTQEF-UHFFFAOYSA-N,1855,moxisylyte,54-32-0
CCOC(=O)CSCCC1NC(C(=O)O)CS1,"InChI=1S/C10H17NO4S2/c1-2-15-9(12)6-16-4-3-8-11-7(5-17-8)10(13)14/h7-8,11H,2-6H2,1H3,(H,13,14)",IKOCLISPVJZJEA-UHFFFAOYSA-N,1555,letosteine,53943-88-7
c1ccc(C(CCN2CCCCC2)c2ccccc2)cc1,"InChI=1S/C20H25N/c1-4-10-18(11-5-1)20(19-12-6-2-7-13-19)14-17-21-15-8-3-9-16-21/h1-2,4-7,10-13,20H,3,8-9,14-17H2",JXJPYHDHJZJWRI-UHFFFAOYSA-N,1159,fenpiprane,3540-95-2
CC1CC(=O)NN=C1c1ccc(NN=C(C#N)C#N)cc1,"InChI=1S/C14H12N6O/c1-9-6-13(21)19-20-14(9)10-2-4-11(5-3-10)17-18-12(7-15)8-16/h2-5,9,17H,6H2,1H3,(H,19,21)/t9-/m1/s1",WHXMKTBCFHIYNQ-SECBINFHSA-N,1576,levosimendan,141505-33-1
CCC(O)(c1ccccc1)c1cccc(C(F)(F)F)c1,"InChI=1S/C16H15F3O/c1-2-15(20,12-7-4-3-5-8-12)13-9-6-10-14(11-13)16(17,18)19/h3-11,20H,2H2,1H3",DVASNQYQOZHAJN-UHFFFAOYSA-N,1196,flumecinol,56430-99-0
COc1cc(NS(=O)(=O)c2ccc(N)cc2)ncn1,"InChI=1S/C11H12N4O3S/c1-18-11-6-10(13-7-14-11)15-19(16,17)9-4-2-8(12)3-5-9/h2-7H,12H2,1H3,(H,13,14,15)",WMPXPUYPYQKQCX-UHFFFAOYSA-N,2519,sulfamonomethoxine,1220-83-3
COc1nccnc1NS(=O)(=O)c1ccc(N)cc1,"InChI=1S/C11H12N4O3S/c1-18-11-10(13-6-7-14-11)15-19(16,17)9-4-2-8(12)3-5-9/h2-7H,12H2,1H3,(H,13,15)",KXRZBTAEDBELFD-UHFFFAOYSA-N,2517,sulfalene,152-47-6
COc1cnc(NS(=O)(=O)c2ccc(N)cc2)nc1,"InChI=1S/C11H12N4O3S/c1-18-9-6-13-11(14-7-9)15-19(16,17)10-4-2-8(12)3-5-10/h2-7H,12H2,1H3,(H,13,14,15)",GPTONYMQFTZPKC-UHFFFAOYSA-N,2511,sulfameter,651-06-9
CC(C)Oc1ccc2c(=O)c(-c3ccccc3)coc2c1,"InChI=1S/C18H16O3/c1-12(2)21-14-8-9-15-17(10-14)20-11-16(18(15)19)13-6-4-3-5-7-13/h3-12H,1-2H3",SFBODOKJTYAUCM-UHFFFAOYSA-N,1477,ipriflavone,35212-22-7
N=C(N)c1ccc(C=Cc2ccc(C(=N)N)cc2O)cc1,"InChI=1S/C16H16N4O/c17-15(18)12-5-2-10(3-6-12)1-4-11-7-8-13(16(19)20)9-14(11)21/h1-9,21H,(H3,17,18)(H3,19,20)",TUESWZZJYCLFNL-UHFFFAOYSA-N,1398,hydroxystilbamidine,495-99-8
CCN(CC)CCNC(=O)COc1ccc(OC)cc1,"InChI=1S/C15H24N2O3/c1-4-17(5-2)11-10-16-15(18)12-20-14-8-6-13(19-3)7-9-14/h6-9H,4-5,10-12H2,1-3H3,(H,16,18)",HUNIPYLVUPMFCZ-UHFFFAOYSA-N,3769,mefexamide,1227-61-8
CCCCNc1ccc(C(=O)OCCN(C)C)c(O)c1,"InChI=1S/C15H24N2O3/c1-4-5-8-16-12-6-7-13(14(18)11-12)15(19)20-10-9-17(2)3/h6-7,11,16,18H,4-5,8-10H2,1-3H3",DHCUQNSUUYMFGX-UHFFFAOYSA-N,3291,hydroxytetracaine,490-98-2
CN(C)CCOCC(=O)NC12CC3CC(CC(C3)C1)C2,"InChI=1S/C16H28N2O2/c1-18(2)3-4-20-11-15(19)17-16-8-12-5-13(9-16)7-14(6-12)10-16/h12-14H,3-11H2,1-2H3,(H,17,19)",UXQDWARBDDDTKG-UHFFFAOYSA-N,3634,tromantadine,53783-83-8
c1ccc(CN(CCN2CCCC2)c2ccccc2)cc1,"InChI=1S/C19H24N2/c1-3-9-18(10-4-1)17-21(19-11-5-2-6-12-19)16-15-20-13-7-8-14-20/h1-6,9-12H,7-8,13-17H2",MXHODDGKGSGCDI-UHFFFAOYSA-N,1376,histapyrrodine,493-80-1
CN1CCC(N(Cc2ccccc2)c2ccccc2)CC1,"InChI=1S/C19H24N2/c1-20-14-12-19(13-15-20)21(18-10-6-3-7-11-18)16-17-8-4-2-5-9-17/h2-11,19H,12-16H2,1H3",VZSXTYKGYWISGQ-UHFFFAOYSA-N,288,bamipine,4945-47-5
CCCCCC=CCC=CCCCCCCCC(=O)O,"InChI=1S/C18H32O2/c1-2-3-4-5-6-7-8-9-10-11-12-13-14-15-16-17-18(19)20/h6-7,9-10H,2-5,8,11-17H2,1H3,(H,19,20)/b7-6-,10-9-",OYHQOLUKZRVURQ-HZJYTTRNSA-N,3323,linoleic acid,60-33-3
O=C(O)c1ccccc1Nc1cccc(C(F)(F)F)c1,"InChI=1S/C14H10F3NO2/c15-14(16,17)9-4-3-5-10(8-9)18-12-7-2-1-6-11(12)13(19)20/h1-8,18H,(H,19,20)",LPEPZBJOKDYZAD-UHFFFAOYSA-N,1193,flufenamic acid,530-78-9
COc1cc(C(=O)N2CCOCC2)cc(OC)c1OC,"InChI=1S/C14H19NO5/c1-17-11-8-10(9-12(18-2)13(11)19-3)14(16)15-4-6-20-7-5-15/h8-9H,4-7H2,1-3H3",XWVOEFLBOSSYGM-UHFFFAOYSA-N,2756,trimetozine,635-41-6
CC(C(=O)O)c1ccc(N2Cc3ccccc3C2=O)cc1,"InChI=1S/C17H15NO3/c1-11(17(20)21)12-6-8-14(9-7-12)18-10-13-4-2-3-5-15(13)16(18)19/h2-9,11H,10H2,1H3,(H,20,21)",RJMIEHBSYVWVIN-UHFFFAOYSA-N,1442,indoprofen,31842-01-0
O=C([N-]c1c[n+](N2CCOCC2)no1)C1CCCCC1,"InChI=1S/C13H20N4O3/c18-13(11-4-2-1-3-5-11)14-12-10-17(15-20-12)16-6-8-19-9-7-16/h10-11H,1-9H2",AJPLPOWGYORUIF-UHFFFAOYSA-N,3709,ciclosidomine,66564-16-7
CCC[S+]([O-])c1ccc2[nH]c(NC(=O)OC)nc2c1,"InChI=1S/C12H15N3O3S/c1-3-6-19(17)8-4-5-9-10(7-8)14-11(13-9)15-12(16)18-2/h4-5,7H,3,6H2,1-2H3,(H2,13,14,15,16)",VXTGHWHFYNYFFV-UHFFFAOYSA-N,104,albendazole sulfoxide,54029-12-8
O=C(c1ccccn1)N1CCN(Cc2ccccc2)CC1,"InChI=1S/C17H19N3O/c21-17(16-8-4-5-9-18-16)20-12-10-19(11-13-20)14-15-6-2-1-3-7-15/h1-9H,10-14H2",TZFUBYYADABEAV-UHFFFAOYSA-N,3466,piberaline,39640-15-8
CN1CCC(OC(c2ccccc2)c2ccccc2)CC1,"InChI=1S/C19H23NO/c1-20-14-12-18(13-15-20)21-19(16-8-4-2-5-9-16)17-10-6-3-7-11-17/h2-11,18-19H,12-15H2,1H3",OWQUZNMMYNAXSL-UHFFFAOYSA-N,920,diphenylpyraline,147-20-6
CCCCCCOc1nsnc1C1=CCCN(C)C1,"InChI=1S/C14H23N3OS/c1-3-4-5-6-10-18-14-13(15-19-16-14)12-8-7-9-17(2)11-12/h8H,3-7,9-11H2,1-2H3",JOLJIIDDOBNFHW-UHFFFAOYSA-N,3652,xanomeline,131986-45-3
CC(CC(c1ccccc1)c1ccccc1)NC(C)(C)C,"InChI=1S/C20H27N/c1-16(21-20(2,3)4)15-19(17-11-7-5-8-12-17)18-13-9-6-10-14-18/h5-14,16,19,21H,15H2,1-4H3",UISARWKNNNHPGI-UHFFFAOYSA-N,2603,terodiline,15793-40-5
CCN(CCCc1ccccc1)CCCc1ccccc1,"InChI=1S/C20H27N/c1-2-21(17-9-15-19-11-5-3-6-12-19)18-10-16-20-13-7-4-8-14-20/h3-8,11-14H,2,9-10,15-18H2,1H3",ZPFXAOWNKLFJDN-UHFFFAOYSA-N,142,alverine,150-59-4
O=C(O)COc1nn(Cc2ccccc2)c2ccccc12,"InChI=1S/C16H14N2O3/c19-15(20)11-21-16-13-8-4-5-9-14(13)18(17-16)10-12-6-2-1-3-7-12/h1-9H,10-11H2,(H,19,20)",BYFMCKSPFYVMOU-UHFFFAOYSA-N,303,bendazac,20187-55-7
CC1CCC2C(C)C(=O)OC3OC4(C)CCC1C32OO4,"InChI=1S/C15H22O5/c1-8-4-5-11-9(2)12(16)17-13-15(11)10(8)6-7-14(3,18-13)19-20-15/h8-11,13H,4-7H2,1-3H3/t8-,9-,10+,11+,13-,14-,15-/m1/s1",BLUAFEHZUWYNDE-NNWCWBAJSA-N,3871,artemisinin,63968-64-9
CC(C(=O)O)c1ccc(C2CCCCC2)c2ccccc12,"InChI=1S/C19H22O2/c1-13(19(20)21)15-11-12-16(14-7-3-2-4-8-14)18-10-6-5-9-17(15)18/h5-6,9-14H,2-4,7-8H2,1H3,(H,20,21)",VZUGVMQFWFVFBX-UHFFFAOYSA-N,2812,vedaprofen,71109-09-6
CCCC(CCC)C(=O)OC1CC2CCC(C1)[N+]2(C)C,"InChI=1S/C17H32NO2/c1-5-7-13(8-6-2)17(19)20-16-11-14-9-10-15(12-16)18(14,3)4/h13-16H,5-12H2,1-4H3/q+1/t14-,15+,16+",XGGHHHBGPSNXFE-ZSHCYNCHSA-N,223,octatropine methylbromide,80-50-2
CC[N+](C)(C)C(C)CC(c1ccccc1)c1ccccc1,"InChI=1S/C20H28N/c1-5-21(3,4)17(2)16-20(18-12-8-6-9-13-18)19-14-10-7-11-15-19/h6-15,17,20H,5,16H2,1-4H3/q+1",JEJBJBKVPOWOQK-UHFFFAOYSA-N,1000,emepronium,27892-33-7
CCCCCCCCC=CCCCCCCCC(=O)O,"InChI=1S/C18H34O2/c1-2-3-4-5-6-7-8-9-10-11-12-13-14-15-16-17-18(19)20/h9-10H,2-8,11-17H2,1H3,(H,19,20)/b10-9-",ZQPPMHVWECSIRJ-KTKRTIGZSA-N,3400,oleic acid,112-80-1
OCC(Br)(Br)Br,"InChI=1S/C2H3Br3O/c3-2(4,5)1-6/h6H,1H2",YFDSDPIBEUFTMI-UHFFFAOYSA-N,2731,tribromoethanol,75-80-9
Oc1ccc(Cc2nccc3cc(O)c(O)cc23)cc1O,"InChI=1S/C16H13NO4/c18-13-2-1-9(6-14(13)19)5-12-11-8-16(21)15(20)7-10(11)3-4-17-12/h1-4,6-8,18-21H,5H2",MXQKCNCLQIHHJA-UHFFFAOYSA-N,2057,papaveroline,574-77-6
CCOC(=O)NNc1ccc(N(CC)CC(C)O)nn1,"InChI=1S/C12H21N5O3/c1-4-17(8-9(3)18)11-7-6-10(13-15-11)14-16-12(19)20-5-2/h6-7,9,18H,4-5,8H2,1-3H3,(H,13,14)(H,16,19)",QLTVVOATEHFXLT-UHFFFAOYSA-N,461,cadralazine,64241-34-5
C=CCN1CCC23CCCCC2C1Cc1ccc(O)cc13,"InChI=1S/C19H25NO/c1-2-10-20-11-9-19-8-4-3-5-16(19)18(20)12-14-6-7-15(21)13-17(14)19/h2,6-7,13,16,18,21H,1,3-5,8-12H2/t16-,18+,19+/m0/s1",OZYUPQUCAUTOBP-QXAKKESOSA-N,1560,levallorphan,152-02-3
O=[N+]([O-])OCCN(CCO[N+](=O)[O-])CCO[N+](=O)[O-],InChI=1S/C6H12N4O9/c11-8(12)17-4-1-7(2-5-18-9(13)14)3-6-19-10(15)16/h1-6H2,HWKQNAWCHQMZHK-UHFFFAOYSA-N,2770,trolnitrate,7077-34-1
O=S1(=O)CCN(CN2CCS(=O)(=O)NC2)CN1,"InChI=1S/C7H16N4O4S2/c12-16(13)3-1-10(5-8-16)7-11-2-4-17(14,15)9-6-11/h8-9H,1-7H2",AJKIRUJIDFJUKJ-UHFFFAOYSA-N,2568,taurolidine,19388-87-5
CCc1nnc(NS(=O)(=O)c2ccc(N)cc2)s1,"InChI=1S/C10H12N4O2S2/c1-2-9-12-13-10(17-9)14-18(15,16)8-5-3-7(11)4-6-8/h3-6H,2,11H2,1H3,(H,13,14)",SVYBEBLNQGDRHF-UHFFFAOYSA-N,2504,sulfaethidole,94-19-9
CCCNC(C)C(=O)Nc1c(C)csc1C(=O)OC,"InChI=1S/C13H20N2O3S/c1-5-6-14-9(3)12(16)15-10-8(2)7-19-11(10)13(17)18-4/h7,9,14H,5-6H2,1-4H3,(H,15,16)",QTGIAADRBBLJGA-UHFFFAOYSA-N,3070,articaine,23964-58-1
CCOC(=O)C=C1SC(N2CCCCC2)C(=O)N1C,"InChI=1S/C13H20N2O3S/c1-3-18-11(16)9-10-14(2)12(17)13(19-10)15-7-5-4-6-8-15/h9,13H,3-8H2,1-2H3",ZCKKHYXUQFTBIK-UHFFFAOYSA-N,1114,etozolin,73-09-6
CN(C)c1ccc2nc3ccc(N(C)C)cc3[s+]c2c1,"InChI=1S/C16H18N3S/c1-18(2)11-5-7-13-15(9-11)20-16-10-12(19(3)4)6-8-14(16)17-13/h5-10H,1-4H3/q+1",RBTBFTRPCNLSDE-UHFFFAOYSA-N,1763,methylthioninium chloride,61-73-4
C[N+](C)(C)CCOC(Cc1ccccc1)c1ccccc1,"InChI=1S/C19H26NO/c1-20(2,3)14-15-21-19(18-12-8-5-9-13-18)16-17-10-6-4-7-11-17/h4-13,19H,14-16H2,1-3H3/q+1",LBRNZQRZDLLIHL-UHFFFAOYSA-N,366,bibenzonium,15585-70-3
CC(CN(C)C)N1c2ccccc2Sc2ccccc21,"InChI=1S/C17H20N2S/c1-13(12-18(2)3)19-14-8-4-6-10-16(14)20-17-11-7-5-9-15(17)19/h4-11,13H,12H2,1-3H3",CGNHCKZJGQDWBG-UHFFFAOYSA-N,3761,isopromethazine,303-14-0
CN(C)CCCN1c2ccccc2Sc2ccccc21,"InChI=1S/C17H20N2S/c1-18(2)12-7-13-19-14-8-3-5-10-16(14)20-17-11-6-4-9-15(17)19/h3-6,8-11H,7,12-13H2,1-2H3",ZGUGWUXLJSTTMA-UHFFFAOYSA-N,2284,promazine,58-40-2
C#CC1(O)CCC2C3CCC4=CCCCC4C3CCC21C,"InChI=1S/C20H28O/c1-3-20(21)13-11-18-17-9-8-14-6-4-5-7-15(14)16(17)10-12-19(18,20)2/h1,6,15-18,21H,4-5,7-13H2,2H3/t15-,16+,17+,18-,19-,20-/m0/s1",YNVGQYHLRCDXFQ-XGXHKTLJSA-N,1620,lynestrenol,52-76-6
CN(C)CCCn1c2c(c3ccccc31)CCCCCC2,"InChI=1S/C19H28N2/c1-20(2)14-9-15-21-18-12-6-4-3-5-10-16(18)17-11-7-8-13-19(17)21/h7-8,11,13H,3-6,9-10,12,14-15H2,1-2H3",PLIGPBGDXASWPX-UHFFFAOYSA-N,1478,iprindole,5560-72-5
CCCCCCCCCCCCCCCC[N+](C)(C)C,"InChI=1S/C19H42N/c1-5-6-7-8-9-10-11-12-13-14-15-16-17-18-19-20(2,3)4/h5-19H2,1-4H3/q+1",RLGQACBPNDBWTB-UHFFFAOYSA-N,3082,cetrimonium,57-09-0
Nc1ccc(S(=O)(=O)Nc2ccc(Cl)nn2)cc1,"InChI=1S/C10H9ClN4O2S/c11-9-5-6-10(14-13-9)15-18(16,17)8-3-1-7(12)2-4-8/h1-6H,12H2,(H,14,15)",XOXHILFPRYWFOD-UHFFFAOYSA-N,2498,sulfachlorpyridazine,80-32-0
Cc1cc(Cl)c(S(N)(=O)=O)cc1S(N)(=O)=O,"InChI=1S/C7H9ClN2O4S2/c1-4-2-5(8)7(16(10,13)14)3-6(4)15(9,11)12/h2-3H,1H3,(H2,9,11,12)(H2,10,13,14)",RCFKEIREOSXLET-UHFFFAOYSA-N,3447,disulfamide,671-88-5
COc1ccc(C(=O)C(Br)=CC(=O)O)cc1,"InChI=1S/C11H9BrO4/c1-16-8-4-2-7(3-5-8)11(15)9(12)6-10(13)14/h2-6H,1H3,(H,13,14)/b9-6+",UPZFHUODAYGHDZ-RMKNXTFCSA-N,400,bromebric acid,5711-40-0
CC(C(=O)O)c1ccc2oc(-c3ccc(F)cc3)nc2c1,"InChI=1S/C16H12FNO3/c1-9(16(19)20)11-4-7-14-13(8-11)18-15(21-14)10-2-5-12(17)6-3-10/h2-9H,1H3,(H,19,20)/t9-/m0/s1",ARPYQKTVRGFPIS-VIFPVBQESA-N,1203,flunoxaprofen,66934-18-7
CSCC1CN(N=Cc2ccc([N+](=O)[O-])o2)C(=O)O1,"InChI=1S/C10H11N3O5S/c1-19-6-8-5-12(10(14)18-8)11-4-7-2-3-9(17-7)13(15)16/h2-4,8H,5-6H2,1H3/b11-4+",SRQKTCXJCCHINN-NYYWCZLTSA-N,1926,nifuratel,4936-47-4
CC(O)C1C(=O)N2C(C(=O)O)=C(C3CCCO3)SC12,"InChI=1S/C12H15NO5S/c1-5(14)7-10(15)13-8(12(16)17)9(19-11(7)13)6-3-2-4-18-6/h5-7,11,14H,2-4H2,1H3,(H,16,17)/t5-,6-,7+,11-/m1/s1",HGGAKXAHAYOLDJ-FHZUQPTBSA-N,1131,faropenem,106560-14-9
CN1CCC23c4c5ccc(O)c4OC2C(O)C=CC3C1C5,"InChI=1S/C17H19NO3/c1-18-7-6-17-10-3-5-13(20)16(17)21-15-12(19)4-2-9(14(15)17)8-11(10)18/h2-5,10-11,13,16,19-20H,6-8H2,1H3/t10-,11+,13-,16-,17-/m0/s1",BQJCRHHNABKAKU-KBQPJGBKSA-N,1845,morphine,57-27-2
CCCN(CCC)S(=O)(=O)c1ccc(C(=O)O)cc1,"InChI=1S/C13H19NO4S/c1-3-9-14(10-4-2)19(17,18)12-7-5-11(6-8-12)13(15)16/h5-8H,3-4,9-10H2,1-2H3,(H,15,16)",DBABZHXKTCFAPX-UHFFFAOYSA-N,2268,probenecid,57-66-9
COc1ccc(C(OCCN(C)C)c2ccccc2)cc1,"InChI=1S/C18H23NO2/c1-19(2)13-14-21-18(15-7-5-4-6-8-15)16-9-11-17(20-3)12-10-16/h4-12,18H,13-14H2,1-3H3",BXCMCXBSUDRYPF-UHFFFAOYSA-N,1661,medrylamine,524-99-2
COc1ccc(CN(CCN(C)C)c2ccccn2)cc1,"InChI=1S/C17H23N3O/c1-19(2)12-13-20(17-6-4-5-11-18-17)14-15-7-9-16(21-3)10-8-15/h4-11H,12-14H2,1-3H3",YECBIJXISLIIDS-UHFFFAOYSA-N,2331,mepyramine,91-84-9
CN(C)CCCN1c2ccccc2Sc2cccnc21,"InChI=1S/C16H19N3S/c1-18(2)11-6-12-19-13-7-3-4-8-14(13)20-15-9-5-10-17-16(15)19/h3-5,7-10H,6,11-12H2,1-2H3",JTTAUPUMOLRVRA-UHFFFAOYSA-N,2315,prothipendyl,303-69-5
CC(CN1c2ccccc2Sc2cccnc21)N(C)C,"InChI=1S/C16H19N3S/c1-12(18(2)3)11-19-13-7-4-5-8-14(13)20-15-9-6-10-17-16(15)19/h4-10,12H,11H2,1-3H3",OQJBSDFFQWMKBQ-UHFFFAOYSA-N,1507,isothipendyl,482-15-5
CC(C)=CCN1CCC2(C)c3cc(O)ccc3CC1C2C,"InChI=1S/C19H27NO/c1-13(2)7-9-20-10-8-19(4)14(3)18(20)11-15-5-6-16(21)12-17(15)19/h5-7,12,14,18,21H,8-11H2,1-4H3",VOKSWYLNZZRQPF-UHFFFAOYSA-N,3424,pentazocine,359-83-1
COc1ccccc1OC1(C)OC(=O)c2ccccc2O1,"InChI=1S/C16H14O5/c1-16(20-14-10-6-5-9-13(14)18-2)19-12-8-4-3-7-11(12)15(17)21-16/h3-10H,1-2H3",PSVDIHULUCLEJE-UHFFFAOYSA-N,1337,guaimesal,81674-79-5
COc1ccccc1OC(=O)c1ccccc1OC(C)=O,"InChI=1S/C16H14O5/c1-11(17)20-13-8-4-3-7-12(13)16(18)21-15-10-6-5-9-14(15)19-2/h3-10H,1-2H3",HSJFYRYGGKLQBT-UHFFFAOYSA-N,1333,guacetisal,55482-89-8
COc1nsnc1NS(=O)(=O)c1ccc(N)cc1,"InChI=1S/C9H10N4O3S2/c1-16-9-8(11-17-12-9)13-18(14,15)7-4-2-6(10)3-5-7/h2-5H,10H2,1H3,(H,11,13)",IZOYMGQQVNAMHS-UHFFFAOYSA-N,2518,sulfametrole,32909-92-5
CCCCOc1ccc(N=Nc2ccc(N)nc2N)cn1,"InChI=1S/C14H18N6O/c1-2-3-8-21-13-7-4-10(9-17-13)19-20-11-5-6-12(15)18-14(11)16/h4-7,9H,2-3,8H2,1H3,(H4,15,16,18)/b20-19+",WAWDOEHEAULMGC-FMQUCBEESA-N,1898,butazopyridine,617-19-6
CCC(c1ccc2cc(OC)ccc2c1)C(C)(C)C(=O)O,"InChI=1S/C18H22O3/c1-5-16(18(2,3)17(19)20)14-7-6-13-11-15(21-4)9-8-12(13)10-14/h6-11,16H,5H2,1-4H3,(H,19,20)",KHLJKRBMZVNZOC-UHFFFAOYSA-N,1731,methallenestril,517-18-0
COc1ccc(CN(CCN(C)C)c2ncccn2)cc1,"InChI=1S/C16H22N4O/c1-19(2)11-12-20(16-17-9-4-10-18-16)13-14-5-7-15(21-3)8-6-14/h4-10H,11-13H2,1-3H3",GULNIHOSWFYMRN-UHFFFAOYSA-N,2642,thonzylamine,91-85-0
CC12CCC3C(CC=C4CC(=O)CCC43C)C1CCC2=O,"InChI=1S/C19H26O2/c1-18-9-7-13(20)11-12(18)3-4-14-15-5-6-17(21)19(15,2)10-8-16(14)18/h11,14-16H,3-10H2,1-2H3/t14-,15-,16-,18-,19-/m0/s1",AEMFNILZOJDQLW-QAGGRKNESA-N,215,androstenedione,63-05-8
CN1CCC(N(Cc2cccs2)c2ccccc2)CC1,"InChI=1S/C17H22N2S/c1-18-11-9-16(10-12-18)19(14-17-8-5-13-20-17)15-6-3-2-4-7-15/h2-8,13,16H,9-12,14H2,1H3",KLOHYVOVXOUKQI-UHFFFAOYSA-N,2617,thenalidine,86-12-4
CC(C=CC1=C(C)CCCC1(C)C)=CC=CC(C)=CCO,"InChI=1S/C20H30O/c1-16(8-6-9-17(2)13-15-21)11-12-19-18(3)10-7-14-20(19,4)5/h6,8-9,11-13,21H,7,10,14-15H2,1-5H3/b9-6+,12-11+,16-8+,17-13+",FPIPGXGPPPQFEQ-OVSJKPMPSA-N,2831,retinol,68-26-8
C=CCC1(CC(=C)Br)C(=O)NC(=O)NC1=O,"InChI=1S/C10H11BrN2O3/c1-3-4-10(5-6(2)11)7(14)12-9(16)13-8(10)15/h3H,1-2,4-5H2,(H2,12,13,14,15,16)",DYODAJAEQDVYFX-UHFFFAOYSA-N,393,brallobarbital,561-86-4
Oc1ccc(Cl)cc1Sc1cc(Cl)ccc1O,"InChI=1S/C12H8Cl2O2S/c13-7-1-3-9(15)11(5-7)17-12-6-8(14)2-4-10(12)16/h1-6,15-16H",ANUSOIHIIPAHJV-UHFFFAOYSA-N,3227,fenticlor,97-24-5
O=P(O)(O)C(NC1CCCCCC1)P(=O)(O)O,"InChI=1S/C8H19NO6P2/c10-16(11,12)8(17(13,14)15)9-7-5-3-1-2-4-6-7/h7-9H,1-6H2,(H2,10,11,12)(H2,13,14,15)",LWRDQHOZTAOILO-UHFFFAOYSA-N,1431,incadronic acid,124351-85-5
CC1CS(=O)(=O)CCN1N=Cc1ccc([N+](=O)[O-])o1,"InChI=1S/C10H13N3O5S/c1-8-7-19(16,17)5-4-12(8)11-6-9-2-3-10(18-9)13(14)15/h2-3,6,8H,4-5,7H2,1H3/b11-6+",ARFHIAQFJWUCFH-IZZDOVSWSA-N,1929,nifurtimox,23256-30-6
COc1cc([S+](C)[O-])ccc1-c1nc2cccnc2[nH]1,"InChI=1S/C14H13N3O2S/c1-19-12-8-9(20(2)18)5-6-10(12)13-16-11-4-3-7-15-14(11)17-13/h3-8H,1-2H3,(H,15,16,17)",XMFCOYRWYYXZMY-UHFFFAOYSA-N,3574,sulmazole,73384-60-8
CN(CC=Cc1ccccc1)Cc1cccc2ccccc12,"InChI=1S/C21H21N/c1-22(16-8-11-18-9-3-2-4-10-18)17-20-14-7-13-19-12-5-6-15-21(19)20/h2-15H,16-17H2,1H3/b11-8+",OZGNYLLQHRPOBR-DHZHZOJOSA-N,1872,naftifine,65472-88-0
CCN(CC)CCCNc1cc(OC)cc2cccnc12,"InChI=1S/C17H25N3O/c1-4-20(5-2)11-7-10-18-16-13-15(21-3)12-14-8-6-9-19-17(14)16/h6,8-9,12-13,18H,4-5,7,10-11H2,1-3H3",WIPRQKODGRKUEW-UHFFFAOYSA-N,3480,rhodoquine,551-01-9
CCC(c1ccccc1)c1noc(CCN(CC)CC)n1,"InChI=1S/C17H25N3O/c1-4-15(14-10-8-7-9-11-14)17-18-16(21-19-17)12-13-20(5-2)6-3/h7-11,15H,4-6,12-13H2,1-3H3",OLTAWOVKGWWERU-UHFFFAOYSA-N,2321,proxazole,5696-09-3
OC(CCN1CCCC1)(c1ccccc1)C1CCCCC1,"InChI=1S/C19H29NO/c21-19(17-9-3-1-4-10-17,18-11-5-2-6-12-18)13-16-20-14-7-8-15-20/h1,3-4,9-10,18,21H,2,5-8,11-16H2",WYDUSKDSKCASEF-UHFFFAOYSA-N,2276,procyclidine,77-37-2
OC(CCN1CCCCC1)(c1ccccc1)C1CCCC1,"InChI=1S/C19H29NO/c21-19(18-11-5-6-12-18,17-9-3-1-4-10-17)13-16-20-14-7-2-8-15-20/h1,3-4,9-10,18,21H,2,5-8,11-16H2",SWRUZBWLEWHWRI-UHFFFAOYSA-N,763,cycrimine,77-39-4
CC(C)N=C(N)N=C(N)Nc1ccc(Cl)c(Cl)c1,"InChI=1S/C11H15Cl2N5/c1-6(2)16-10(14)18-11(15)17-7-3-4-8(12)9(13)5-7/h3-6H,1-2H3,(H5,14,15,16,17,18)",ISZNZKHCRKXXAU-UHFFFAOYSA-N,620,chlorproguanil,537-21-3
CC(C)c1cccc(C(C)C)c1OCOP(=O)(O)O,"InChI=1S/C13H21O5P/c1-9(2)11-6-5-7-12(10(3)4)13(11)17-8-18-19(14,15)16/h5-7,9-10H,8H2,1-4H3,(H2,14,15,16)",QVNNONOFASOXQV-UHFFFAOYSA-N,3249,fospropofol,258516-89-1
CCn1cc(C(=O)O)c(=O)c2cnc(N3CCCC3)nc21,"InChI=1S/C14H16N4O3/c1-2-17-8-10(13(20)21)11(19)9-7-15-14(16-12(9)17)18-5-3-4-6-18/h7-8H,2-6H2,1H3,(H,20,21)",RCIMBBZXSXFZBV-UHFFFAOYSA-N,2209,piromidic acid,19562-30-2
CCCOC(=O)c1sc(C(=O)OCCC)c(O)c1O,"InChI=1S/C12H16O6S/c1-3-5-17-11(15)9-7(13)8(14)10(19-9)12(16)18-6-4-2/h13-14H,3-6H2,1-2H3",GUFHWUFYAOUKTI-UHFFFAOYSA-N,3498,protiofate,58416-00-5
O=C(Cc1ccc(-c2ccccc2)cc1)Nc1ccccn1,"InChI=1S/C19H16N2O/c22-19(21-18-8-4-5-13-20-18)14-15-9-11-17(12-10-15)16-6-2-1-3-7-16/h1-13H,14H2,(H,20,21,22)",PWHROYKAGRUWDQ-UHFFFAOYSA-N,919,difenpiramide,51484-40-3
CC(C)OC(=O)C(C(=O)OC(C)C)=C1SC=CS1,"InChI=1S/C12H16O4S2/c1-7(2)15-10(13)9(11(14)16-8(3)4)12-17-5-6-18-12/h5-8H,1-4H3",YPIQVCUJEKAZCP-UHFFFAOYSA-N,1627,malotilate,59937-28-9
CCN(CC)CCC1(c2ccccc2)CCC(=O)NC1=O,"InChI=1S/C17H24N2O2/c1-3-19(4-2)13-12-17(14-8-6-5-7-9-14)11-10-15(20)18-16(17)21/h5-9H,3-4,10-13H2,1-2H3,(H,18,20,21)",BFMBKRQFMIILCH-UHFFFAOYSA-N,2127,phenglutarimide,1156-05-4
c1ccc(C(CCNc2ccncc2)c2ccccc2)cc1,"InChI=1S/C20H20N2/c1-3-7-17(8-4-1)20(18-9-5-2-6-10-18)13-16-22-19-11-14-21-15-12-19/h1-12,14-15,20H,13,16H2,(H,21,22)",KMZHYAUKFHLFNY-UHFFFAOYSA-N,3996,milverine,75437-14-8
CC1(O)CCC2C3CC=C4CC(=O)CCC4C3CCC21C,"InChI=1S/C19H28O2/c1-18-9-7-15-14-6-4-13(20)11-12(14)3-5-16(15)17(18)8-10-19(18,2)21/h11,14-17,21H,3-10H2,1-2H3/t14-,15+,16+,17-,18-,19-/m0/s1",ZXSWTMLNIIZPET-ZOFHRBRSSA-N,1970,methylestrenolone,514-61-4
CCCC(C)C1(CCSC)C(=O)NC(=S)NC1=O,"InChI=1S/C12H20N2O2S2/c1-4-5-8(2)12(6-7-18-3)9(15)13-11(17)14-10(12)16/h8H,4-7H2,1-3H3,(H2,13,14,15,16,17)",KEMCRVSPPRNENL-UHFFFAOYSA-N,3348,methitural,467-43-6
CCC1(O)CCC2C3CCC4=CCCCC4C3CCC21C,"InChI=1S/C20H32O/c1-3-20(21)13-11-18-17-9-8-14-6-4-5-7-15(14)16(17)10-12-19(18,20)2/h6,15-18,21H,3-5,7-13H2,1-2H3/t15-,16+,17+,18-,19-,20-/m0/s1",AOXRBFRFYPMWLR-XGXHKTLJSA-N,1094,ethylestrenol,965-90-2
O=C1CN=C(c2ccccc2F)c2cc(Cl)ccc2N1,"InChI=1S/C15H10ClFN2O/c16-9-5-6-13-11(7-9)15(18-8-14(20)19-13)10-3-1-2-4-12(10)17/h1-7H,8H2,(H,19,20)",UVCOILFBWYKHHB-UHFFFAOYSA-N,809,desalkylflurazepam,2886-65-9
CN1C(=O)C=NC(=C2CCCCC2)c2cc(Cl)ccc21,"InChI=1S/C16H17ClN2O/c1-19-14-8-7-12(17)9-13(14)16(18-10-15(19)20)11-5-3-2-4-6-11/h5,7-9H,2-4,6,10H2,1H3",IQWYAQCHYZHJOS-UHFFFAOYSA-N,2614,tetrazepam,10379-14-3
C=C(Br)CC1(C(C)C)C(=O)NC(=O)NC1=O,"InChI=1S/C10H13BrN2O3/c1-5(2)10(4-6(3)11)7(14)12-9(16)13-8(10)15/h5H,3-4H2,1-2H3,(H2,12,13,14,15,16)",KTGWBBOJAGDSHN-UHFFFAOYSA-N,3492,propallylonal,545-93-7
CC(C)(Oc1ccc(C2CC2(Cl)Cl)cc1)C(=O)O,"InChI=1S/C13H14Cl2O3/c1-12(2,11(16)17)18-9-5-3-8(4-6-9)10-7-13(10,14)15/h3-6,10H,7H2,1-2H3,(H,16,17)",KPSRODZRAIWAKH-UHFFFAOYSA-N,658,ciprofibrate,52214-84-3
CCCCOC(=O)C(=O)Nc1cccc(-c2nn[nH]n2)c1,"InChI=1S/C13H15N5O3/c1-2-3-7-21-13(20)12(19)14-10-6-4-5-9(8-10)11-15-17-18-16-11/h4-6,8H,2-3,7H2,1H3,(H,14,19)(H,15,16,17,18)",XQTARQNQIVVBRX-UHFFFAOYSA-N,2570,tazanolast,82989-25-1
[O-][S+](CC(O)=NO)C(c1ccccc1)c1ccccc1,"InChI=1S/C15H15NO3S/c17-14(16-18)11-20(19)15(12-7-3-1-4-8-12)13-9-5-2-6-10-13/h1-10,15,18H,11H2,(H,16,17)",CGNMLOKEMNBUAI-UHFFFAOYSA-N,95,adrafinil,63547-13-7
NCC1CCC(C(=O)c2ccc(CCC(=O)O)cc2)CC1,"InChI=1S/C17H23NO3/c18-11-13-3-8-15(9-4-13)17(21)14-6-1-12(2-7-14)5-10-16(19)20/h1-2,6-7,13,15H,3-5,8-11,18H2,(H,19,20)/t13-,15-",NVBZUCIQNYPGCI-CTYIDZIISA-N,3826,rotraxate,92071-51-7
CS(=O)(=O)OCCCNCCCOS(C)(=O)=O,"InChI=1S/C8H19NO6S2/c1-16(10,11)14-7-3-5-9-6-4-8-15-17(2,12)13/h9H,3-8H2,1-2H3",DBIGHPPNXATHOF-UHFFFAOYSA-N,3296,improsulfan,13425-98-4
CCCCOC(=O)CC(c1ccccc1)N1CCCCC1,"InChI=1S/C18H27NO2/c1-2-3-14-21-18(20)15-17(16-10-6-4-7-11-16)19-12-8-5-9-13-19/h4,6-7,10-11,17H,2-3,5,8-9,12-15H2,1H3",WQDZHQZKJMNOAY-UHFFFAOYSA-N,3692,butaverine,55837-14-4
CCCCOc1ccc(C(=O)CCN2CCCCC2)cc1,"InChI=1S/C18H27NO2/c1-2-3-15-21-17-9-7-16(8-10-17)18(20)11-14-19-12-5-4-6-13-19/h7-10H,2-6,11-15H2,1H3",BZEWSEKUUPWQDQ-UHFFFAOYSA-N,974,dyclonine,586-60-7
CCN(CC)CCOC(=O)C1(c2ccccc2)CCCC1,"InChI=1S/C18H27NO2/c1-3-19(4-2)14-15-21-17(20)18(12-8-9-13-18)16-10-6-5-7-11-16/h5-7,10-11H,3-4,8-9,12-15H2,1-2H3",OFAIGZWCDGNZGT-UHFFFAOYSA-N,486,caramiphen,77-22-5
CN(C)CCCOC1(Cc2ccccc2)CCCCCC1,"InChI=1S/C19H31NO/c1-20(2)15-10-16-21-19(13-8-3-4-9-14-19)17-18-11-6-5-7-12-18/h5-7,11-12H,3-4,8-10,13-17H2,1-2H3",FYJJXENSONZJRG-UHFFFAOYSA-N,301,bencyclane,2179-37-5
Oc1cc(Cl)ccc1Oc1ccc(Cl)cc1Cl,"InChI=1S/C12H7Cl3O2/c13-7-1-3-11(9(15)5-7)17-12-4-2-8(14)6-10(12)16/h1-6,16H",XEFQLINVKFYRCS-UHFFFAOYSA-N,3631,triclosan,3380-34-5
CCC1NC(=O)c2cc(S(N)(=O)=O)c(Cl)cc2N1,"InChI=1S/C10H12ClN3O3S/c1-2-9-13-7-4-6(11)8(18(12,16)17)3-5(7)10(15)14-9/h3-4,9,13H,2H2,1H3,(H,14,15)(H2,12,16,17)",AGMMTXLNIQSRCG-UHFFFAOYSA-N,2343,quinethazone,73-49-4
CC(C)C(OC(=O)c1cccnc1)c1ccc(Cl)cc1,"InChI=1S/C16H16ClNO2/c1-11(2)15(12-5-7-14(17)8-6-12)20-16(19)13-4-3-9-18-10-13/h3-11,15H,1-2H3",XPPXHQUWVYMTDM-UHFFFAOYSA-N,1913,nicoclonate,10571-59-2
CN(C)CCC(O)(c1ccccc1)c1ccccc1Cl,"InChI=1S/C17H20ClNO/c1-19(2)13-12-17(20,14-8-4-3-5-9-14)15-10-6-7-11-16(15)18/h3-11,20H,12-13H2,1-2H3",WRCHFMBCVFFYEQ-UHFFFAOYSA-N,585,clofedanol,791-35-5
CN(C)CCN(Cc1ccc(Cl)cc1)c1ccccn1,"InChI=1S/C16H20ClN3/c1-19(2)11-12-20(16-5-3-4-10-18-16)13-14-6-8-15(17)9-7-14/h3-10H,11-13H2,1-2H3",ICKFFNBDFNZJSX-UHFFFAOYSA-N,606,chloropyramine,59-32-5
Oc1cc(O)c2c(c1)OC(c1ccc(O)c(O)c1)C(O)C2,"InChI=1S/C15H14O6/c16-8-4-11(18)9-6-13(20)15(21-14(9)5-8)7-1-2-10(17)12(19)3-7/h1-5,13,15-20H,6H2/t13-,15+/m0/s1",PFTAWBLQPZVEMU-DZGCQCFKSA-N,629,cianidanol,154-23-4
CC1(c2ccc3ccc4ccccc4c3c2)NC(=O)NC1=O,"InChI=1S/C18H14N2O2/c1-18(16(21)19-17(22)20-18)13-9-8-12-7-6-11-4-2-3-5-14(11)15(12)10-13/h2-10H,1H3,(H2,19,20,21,22)",ALBRKUHVWDVWRO-UHFFFAOYSA-N,3778,bagrosin,3784-92-7
CCC(NC(C)C)C(O)c1ccc(O)c2[nH]c(=O)ccc12,"InChI=1S/C16H22N2O3/c1-4-12(17-9(2)3)16(21)11-5-7-13(19)15-10(11)6-8-14(20)18-15/h5-9,12,16-17,19,21H,4H2,1-3H3,(H,18,20)/t12-,16+/m1/s1",FKNXQNWAXFXVNW-WBMJQRKESA-N,2273,procaterol,72332-33-3
CCOC(=O)c1ccc(NC(=O)CN2CCCCC2)cc1,"InChI=1S/C16H22N2O3/c1-2-21-16(20)13-6-8-14(9-7-13)17-15(19)12-18-10-4-3-5-11-18/h6-9H,2-5,10-12H2,1H3,(H,17,19)",QLGIFPJNYPWBMQ-UHFFFAOYSA-N,1020,sulcaine,41653-21-8
NS(=O)(=O)c1ccc(N2CCCCS2(=O)=O)cc1,"InChI=1S/C10H14N2O4S2/c11-18(15,16)10-5-3-9(4-6-10)12-7-1-2-8-17(12,13)14/h3-6H,1-2,7-8H2,(H2,11,15,16)",HMHVCUVYZFYAJI-UHFFFAOYSA-N,2540,sultiame,61-56-3
C[N+]1(C)C2CCC1CC(OC(=O)C(O)c1ccccc1)C2,"InChI=1S/C17H24NO3/c1-18(2)13-8-9-14(18)11-15(10-13)21-17(20)16(19)12-6-4-3-5-7-12/h3-7,13-16,19H,8-11H2,1-2H3/q+1/t13-,14+,15+,16?",WKWOJBUWWZTUQV-SPUOUPEWSA-N,1380,methylhomatropine,80-49-9
CC12CCC3C4CCC(=O)C(=O)C4CCC3C1CCC2O,"InChI=1S/C18H26O3/c1-18-9-8-11-10-4-6-15(19)17(21)13(10)3-2-12(11)14(18)5-7-16(18)20/h10-12,14,16,20-21H,2-9H2,1H3/t10-,11-,12-,14+,16+,18+/m1/s1",GXHBCWCMYVTJOW-YGRHGMIBSA-N,3802,oxabolone,4721-69-1
C[N+](C)(C)CCOC(=O)CCC(=O)OCC[N+](C)(C)C,"InChI=1S/C14H30N2O4/c1-15(2,3)9-11-19-13(17)7-8-14(18)20-12-10-16(4,5)6/h7-12H2,1-6H3/q+2",AXOIZCJOOAYSMI-UHFFFAOYSA-N,2489,suxamethonium,306-40-1
CN1CCC(=C2c3ccccc3CCc3cccnc32)CC1,"InChI=1S/C20H22N2/c1-22-13-10-16(11-14-22)19-18-7-3-2-5-15(18)8-9-17-6-4-12-21-20(17)19/h2-7,12H,8-11,13-14H2,1H3",SEBMTIQKRHYNIT-UHFFFAOYSA-N,268,azatadine,3964-81-6
CC12CCC3C(CCC4CC(=O)CCC43C)C1CCC2O,"InChI=1S/C19H30O2/c1-18-9-7-13(20)11-12(18)3-4-14-15-5-6-17(21)19(15,2)10-8-16(14)18/h12,14-17,21H,3-11H2,1-2H3/t12-,14-,15-,16-,17-,18-,19-/m0/s1",NVKAWKQGWWIWPM-ABEVXSGRSA-N,3927,androstanolone,521-18-6
CC12CCC(O)CC1=CCC1C2CCC2(C)C(O)CCC12,"InChI=1S/C19H30O2/c1-18-9-7-13(20)11-12(18)3-4-14-15-5-6-17(21)19(15,2)10-8-16(14)18/h3,13-17,20-21H,4-11H2,1-2H3/t13-,14-,15-,16-,17-,18-,19-/m0/s1",QADHLRWLCPCEKT-LOVVWNRFSA-N,214,androstenediol,521-17-5
CC(C)C(c1ccccc1)C(O)CC[N+]1(C)CCCCC1,"InChI=1S/C19H32NO/c1-16(2)19(17-10-6-4-7-11-17)18(21)12-15-20(3)13-8-5-9-14-20/h4,6-7,10-11,16,18-19,21H,5,8-9,12-15H2,1-3H3/q+1",SMOSFFGOYXWICC-UHFFFAOYSA-N,1698,mepiperphenidol,520-20-7
ClC1C(Cl)C(Cl)C(Cl)C(Cl)C1Cl,"InChI=1S/C6H6Cl6/c7-1-2(8)4(10)6(12)5(11)3(1)9/h1-6H/t1-,2-,3-,4+,5+,6+",JLYXXMFPNIAWKQ-GNIYUCBRSA-N,1583,lindane,58-89-9
Nc1ccc(N=Nc2ccc(S(N)(=O)=O)cc2)c(N)c1,"InChI=1S/C12H13N5O2S/c13-8-1-6-12(11(14)7-8)17-16-9-2-4-10(5-3-9)20(15,18)19/h1-7H,13-14H2,(H2,15,18,19)/b17-16+",ABBQGOCHXSPKHJ-WUKNDPDISA-N,3561,sulfamidochrysoidine,103-12-8
CC(=O)c1cc2cccc(OCC(O)CNC(C)C)c2o1,"InChI=1S/C16H21NO4/c1-10(2)17-8-13(19)9-20-14-6-4-5-12-7-15(11(3)18)21-16(12)14/h4-7,10,13,17,19H,8-9H2,1-3H3",ZPQPDBIHYCBNIG-UHFFFAOYSA-N,295,befunolol,39552-01-7
CNC(=O)Oc1ccc2c(c1)C1(C)CCN(C)OC1N2C,"InChI=1S/C15H21N3O3/c1-15-7-8-17(3)21-13(15)18(4)12-6-5-10(9-11(12)15)20-14(19)16-2/h5-6,9,13H,7-8H2,1-4H3,(H,16,19)/t13-,15-/m0/s1",CNBHDDBNEKKMJH-ZFWWWQNUSA-N,3186,eseridine,25573-43-7
O=S(=O)(c1cccc2cnccc12)N1CCCNCC1,"InChI=1S/C14H17N3O2S/c18-20(19,17-9-2-6-15-8-10-17)14-4-1-3-12-11-16-7-5-13(12)14/h1,3-5,7,11,15H,2,6,8-10H2",NGOGFTYYXHNFQH-UHFFFAOYSA-N,1132,fasudil,103745-39-7
CCCCC(O)C=C(C)C=CC=CC(=O)N1CCCC1=O,"InChI=1S/C17H25NO3/c1-3-4-9-15(19)13-14(2)8-5-6-10-16(20)18-12-7-11-17(18)21/h5-6,8,10,13,15,19H,3-4,7,9,11-12H2,1-2H3/b8-5+,10-6+,14-13+/t15-/m1/s1",ZYPGADGCNXOUJP-CXVPHVKISA-N,3419,pecilocin,19504-77-9
CC1CC(OC(=O)C(O)c2ccccc2)CC(C)(C)N1C,"InChI=1S/C17H25NO3/c1-12-10-14(11-17(2,3)18(12)4)21-16(20)15(19)13-8-6-5-7-9-13/h5-9,12,14-15,19H,10-11H2,1-4H3",QSAVEGSLJISCDF-UHFFFAOYSA-N,3216,eucatropine,100-91-4
CN(C)CCOC(=O)C(c1ccccc1)C1(O)CCCC1,"InChI=1S/C17H25NO3/c1-18(2)12-13-21-16(19)15(14-8-4-3-5-9-14)17(20)10-6-7-11-17/h3-5,8-9,15,20H,6-7,10-13H2,1-2H3",SKYSRIRYMSLOIN-UHFFFAOYSA-N,757,cyclopentolate,512-15-2
OC(C#CCN1CCCC1)(c1ccccc1)c1ccccc1,"InChI=1S/C20H21NO/c22-20(18-10-3-1-4-11-18,19-12-5-2-6-13-19)14-9-17-21-15-7-8-16-21/h1-6,10-13,22H,7-8,15-17H2",LWPXJPFOEPMIRG-UHFFFAOYSA-N,448,butinoline,968-63-8
CN1CCN(C2=Nc3ccccc3Cc3ccccc32)CC1,"InChI=1S/C19H21N3/c1-21-10-12-22(13-11-21)19-17-8-4-2-6-15(17)14-16-7-3-5-9-18(16)20-19/h2-9H,10-14H2,1H3",PWRPUAKXMQAFCJ-UHFFFAOYSA-N,2111,perlapine,1977-11-3
CN(C)CCC=C1c2ccccc2C(C)(C)c2ccccc21,"InChI=1S/C21H25N/c1-21(2)19-13-7-5-10-17(19)16(12-9-15-22(3)4)18-11-6-8-14-20(18)21/h5-8,10-14H,9,15H2,1-4H3",GWWLWDURRGNSRS-UHFFFAOYSA-N,1675,melitracen,5118-29-6
O=C(O)c1ccccc1Nc1cc(Cl)ccc1C(=O)O,"InChI=1S/C14H10ClNO4/c15-8-5-6-10(14(19)20)12(7-8)16-11-4-2-1-3-9(11)13(17)18/h1-7,16H,(H,17,18)(H,19,20)",UGDPYGKWIHHBMB-UHFFFAOYSA-N,1591,lobenzarit,63329-53-3
O=C(O)CC(C(=O)O)C(P(=O)(O)O)P(=O)(O)O,"InChI=1S/C5H10O10P2/c6-3(7)1-2(4(8)9)5(16(10,11)12)17(13,14)15/h2,5H,1H2,(H,6,7)(H,8,9)(H2,10,11,12)(H2,13,14,15)",LDTZSTJLVYBEKB-UHFFFAOYSA-N,3052,butedronic acid,51395-42-7
CC(C)(C)NCC(O)COc1cc(Cl)ccc1Cl,"InChI=1S/C13H19Cl2NO2/c1-13(2,3)16-7-10(17)8-18-12-6-9(14)4-5-11(12)15/h4-6,10,16-17H,7-8H2,1-3H3",XYCMOTOFHFTUIU-UHFFFAOYSA-N,710,cloranolol,39563-28-5
Cn1cnc([N+](=O)[O-])c1Sc1nc(N)nc2[nH]cnc12,"InChI=1S/C9H8N8O2S/c1-16-3-13-6(17(18)19)8(16)20-7-4-5(12-2-11-4)14-9(10)15-7/h2-3H,1H3,(H3,10,11,12,14,15)",YFTWHEBLORWGNI-UHFFFAOYSA-N,3596,tiamiprine,5581-52-2
CCC(c1ccc(O)c(F)c1)C(C)c1ccc(O)c(F)c1,"InChI=1S/C17H18F2O2/c1-3-13(12-5-7-17(21)15(19)9-12)10(2)11-4-6-16(20)14(18)8-11/h4-10,13,20-21H,3H2,1-2H3",RDVXUHOSYIBGBT-UHFFFAOYSA-N,3026,bifluranol,34633-34-6
CCN(CC)C(COC(=O)c1ccc(N)cc1)CC(C)C,"InChI=1S/C17H28N2O2/c1-5-19(6-2)16(11-13(3)4)12-21-17(20)14-7-9-15(18)10-8-14/h7-10,13,16H,5-6,11-12,18H2,1-4H3",MLHBDHJHNDJBLI-UHFFFAOYSA-N,3766,leucinocaine,92-23-9
CCCCN(CCCC)C(C(N)=O)c1ccc(OC)cc1,"InChI=1S/C17H28N2O2/c1-4-6-12-19(13-7-5-2)16(17(18)20)14-8-10-15(21-3)11-9-14/h8-11,16H,4-7,12-13H2,1-3H3,(H2,18,20)",WUSAVCGXMSWMQM-UHFFFAOYSA-N,148,ambucetamide,519-88-0
CC(C1=C(CCN(C)C)Cc2ccccc21)c1ccccn1,"InChI=1S/C20H24N2/c1-15(19-10-6-7-12-21-19)20-17(11-13-22(2)3)14-16-8-4-5-9-18(16)20/h4-10,12,15H,11,13-14H2,1-3H3",MVMQESMQSYOVGV-UHFFFAOYSA-N,903,dimetindene,5636-83-9
O=P1(N(CCCl)CCCl)NC(OO)CCO1,"InChI=1S/C7H15Cl2N2O4P/c8-2-4-11(5-3-9)16(13)10-7(15-12)1-6-14-16/h7,12H,1-6H2,(H,10,13)/t7-,16-/m1/s1",VPAWVRUHMJVRHU-VGDKGRGNSA-N,3430,perfosfamide,62435-42-1
CCCCOc1ccc(OCCCN2CCOCC2)cc1,"InChI=1S/C17H27NO3/c1-2-3-12-20-16-5-7-17(8-6-16)21-13-4-9-18-10-14-19-15-11-18/h5-8H,2-4,9-15H2,1H3",DQKXQSGTHWVTAD-UHFFFAOYSA-N,3487,pramocaine,140-65-8
CCCCOc1ccc(C(=O)OCCN(CC)CC)cc1,"InChI=1S/C17H27NO3/c1-4-7-13-20-16-10-8-15(9-11-16)17(19)21-14-12-18(5-2)6-3/h8-11H,4-7,12-14H2,1-3H3",QNIUOGIMJWORNZ-UHFFFAOYSA-N,3055,butoxycaine,3772-43-8
C[N+](C)([O-])CCC=C1c2ccccc2CCc2ccccc21,"InChI=1S/C20H23NO/c1-21(2,22)15-7-12-20-18-10-5-3-8-16(18)13-14-17-9-4-6-11-19(17)20/h3-6,8-12H,7,13-15H2,1-2H3",ZPMKQFOGINQDAM-UHFFFAOYSA-N,181,amitriptylinoxide,4317-14-0
CN1CCC(=C2c3ccccc3Sc3ccccc32)CC1,"InChI=1S/C19H19NS/c1-20-12-10-14(11-13-20)19-15-6-2-4-8-17(15)21-18-9-5-3-7-16(18)19/h2-9H,10-13H2,1H3",NZLVRVYNQYGMAB-UHFFFAOYSA-N,2169,pimethixene,314-03-4
CCN(CC)CCOc1ccc2nc(N(C)C)sc2c1,"InChI=1S/C15H23N3OS/c1-5-18(6-2)9-10-19-12-7-8-13-14(11-12)20-15(16-13)17(3)4/h7-8,11H,5-6,9-10H2,1-4H3",WGMYEOIMVYADRJ-UHFFFAOYSA-N,3725,dimazole,95-27-2
c1ccc(C(CCN2CCCCCC2)c2ccccc2)cc1,"InChI=1S/C21H27N/c1-2-10-17-22(16-9-1)18-15-21(19-11-5-3-6-12-19)20-13-7-4-8-14-20/h3-8,11-14,21H,1-2,9-10,15-18H2",QSEKJQWRMSJZDE-UHFFFAOYSA-N,2324,prozapine,3426-08-2
CC(C)NC1CCC(c2ccccc2)(c2ccccc2)CC1,"InChI=1S/C21H27N/c1-17(2)22-20-13-15-21(16-14-20,18-9-5-3-6-10-18)19-11-7-4-8-12-19/h3-12,17,20,22H,13-16H2,1-2H3",SBEOBYJLAQKTQX-UHFFFAOYSA-N,2235,pramiverine,14334-40-8
CC(CC1c2ccccc2CCc2ccccc21)CN(C)C,"InChI=1S/C21H27N/c1-16(15-22(2)3)14-21-19-10-6-4-8-17(19)12-13-18-9-5-7-11-20(18)21/h4-11,16,21H,12-15H2,1-3H3",ALELTFCQZDXAMQ-UHFFFAOYSA-N,455,butriptyline,35941-65-2
CC(C)(C)N1CCC(c2ccccc2)(c2ccccc2)CC1,"InChI=1S/C21H27N/c1-20(2,3)22-16-14-21(15-17-22,18-10-6-4-7-11-18)19-12-8-5-9-13-19/h4-13H,14-17H2,1-3H3",QIHLUZAFSSMXHQ-UHFFFAOYSA-N,420,budipine,57982-78-2
Cc1ccc(Nc2c(F)cccc2Cl)c(CC(=O)O)c1,"InChI=1S/C15H13ClFNO2/c1-9-5-6-13(10(7-9)8-14(19)20)18-15-11(16)3-2-4-12(15)17/h2-7,18H,8H2,1H3,(H,19,20)",KHPKQFYUPIUARC-UHFFFAOYSA-N,1618,lumiracoxib,220991-20-8
Cc1cccc(C)c1NC(=O)CN(CC(=O)O)CC(=O)O,"InChI=1S/C14H18N2O5/c1-9-4-3-5-10(2)14(9)15-11(17)6-16(7-12(18)19)8-13(20)21/h3-5H,6-8H2,1-2H3,(H,15,17)(H,18,19)(H,20,21)",DJQJFMSHHYAZJD-UHFFFAOYSA-N,3322,lidofenin,59160-29-1
CCn1cc(C(=O)O)c(=O)c2ccc(-c3ccncc3)cc21,"InChI=1S/C17H14N2O3/c1-2-19-10-14(17(21)22)16(20)13-4-3-12(9-15(13)19)11-5-7-18-8-6-11/h3-10H,2H2,1H3,(H,21,22)",XBPZXDSZHPDXQU-UHFFFAOYSA-N,83,rosoxacin,40034-42-2
COc1cc(NS(=O)(=O)c2ccc(N)cc2)nc(C)n1,"InChI=1S/C12H14N4O3S/c1-8-14-11(7-12(15-8)19-2)16-20(17,18)10-5-3-9(13)4-6-10/h3-7H,13H2,1-2H3,(H,14,15,16)",QKLSCPPJEVXONT-UHFFFAOYSA-N,2513,sulfametomidine,3772-76-7
CCn1ccc(NS(=O)(=O)c2ccc(N)cc2)nc1=O,"InChI=1S/C12H14N4O3S/c1-2-16-8-7-11(14-12(16)17)15-20(18,19)10-5-3-9(13)4-6-10/h3-8H,2,13H2,1H3,(H,14,15,17)",SIBQAECNSSQUOD-UHFFFAOYSA-N,2499,sulfacytine,17784-12-2
COc1cc(C(=O)NC2CCCNC2)cc(OC)c1OC,"InChI=1S/C15H22N2O4/c1-19-12-7-10(8-13(20-2)14(12)21-3)15(18)17-11-5-4-6-16-9-11/h7-8,11,16H,4-6,9H2,1-3H3,(H,17,18)",YSIITVVESCNIPR-UHFFFAOYSA-N,2779,troxipide,30751-05-4
C#CC1(O)CCC2C3=C(C=CC21C)C1=C(CC3)CC(=O)CC1,"InChI=1S/C20H22O2/c1-3-20(22)11-9-18-17-6-4-13-12-14(21)5-7-15(13)16(17)8-10-19(18,20)2/h1,8,10,12,17-18,22H,4-7,9,11H2,2H3/t17-,18+,19+,20+/m1/s1",GVDMJXQHPUYPHP-FYQPLNBISA-N,3205,norgestrienone,848-21-5
CCCOc1cc(N)ccc1C(=O)OCCN(CC)CC,"InChI=1S/C16H26N2O3/c1-4-10-20-15-12-13(17)7-8-14(15)16(19)21-11-9-18(5-2)6-3/h7-8,12H,4-6,9-11,17H2,1-3H3",CAJIGINSTLKQMM-UHFFFAOYSA-N,3496,propoxycaine,86-43-1
CN(C)CCON=C1c2ccccc2CCc2ccccc21,"InChI=1S/C19H22N2O/c1-21(2)13-14-22-20-19-17-9-5-3-7-15(17)11-12-16-8-4-6-10-18(16)19/h3-10H,11-14H2,1-2H3",GPTURHKXTUDRPC-UHFFFAOYSA-N,1975,noxiptiline,3362-45-6
CN(C)CCCN1c2ccccc2C(C)(C)c2ccccc21,"InChI=1S/C20H26N2/c1-20(2)16-10-5-7-12-18(16)22(15-9-14-21(3)4)19-13-8-6-11-17(19)20/h5-8,10-13H,9,14-15H2,1-4H3",RYQOGSFEJBUZBX-UHFFFAOYSA-N,902,dimetacrine,4757-55-5
CCCCCCCCCCCCCCOS(=O)(=O)O,"InChI=1S/C14H30O4S/c1-2-3-4-5-6-7-8-9-10-11-12-13-14-18-19(15,16)17/h2-14H2,1H3,(H,15,16,17)",URLJMZWTXZTZRR-UHFFFAOYSA-N,2465,sodium myristyl sulfate,1191-50-0
OCCSCCCCCCCCCCSCCO,"InChI=1S/C14H30O2S2/c15-9-13-17-11-7-5-3-1-2-4-6-8-12-18-14-10-16/h15-16H,1-14H2",WRCITXQNXAIKLR-UHFFFAOYSA-N,2647,tiadenol,6964-20-1
O=C(O)CCC(=O)c1ccc(C2CCCCC2)c(Cl)c1,"InChI=1S/C16H19ClO3/c17-14-10-12(15(18)8-9-16(19)20)6-7-13(14)11-4-2-1-3-5-11/h6-7,10-11H,1-5,8-9H2,(H,19,20)",IJTPQQVCKPZIMV-UHFFFAOYSA-N,417,bucloxic acid,32808-51-8
O=C(NN=CC(O)C1OC(=O)C(O)C1O)c1ccncc1,"InChI=1S/C12H13N3O6/c16-7(10-8(17)9(18)12(20)21-10)5-14-15-11(19)6-1-3-13-4-2-6/h1-5,7-10,16-18H,(H,15,19)/b14-5+/t7-,8+,9-,10+/m0/s1",ZBRCAASZBMWIDA-QFPUCQTMSA-N,3270,glyconiazide,3691-74-5
[N-]=[N+]=NCC(=O)NC(CO)C(O)c1ccc([N+](=O)[O-])cc1,"InChI=1S/C11H13N5O5/c12-15-13-5-10(18)14-9(6-17)11(19)7-1-3-8(4-2-7)16(20)21/h1-4,9,11,17,19H,5-6H2,(H,14,18)/t9-,11-/m1/s1",SGRUZFCHLOFYHZ-MWLCHTKSSA-N,3011,azidamfenicol,13838-08-9
CN1C(=O)CN=C(c2ccccc2)c2cc([N+](=O)[O-])ccc21,"InChI=1S/C16H13N3O3/c1-18-14-8-7-12(19(21)22)9-13(14)16(17-10-15(18)20)11-5-3-2-4-6-11/h2-9H,10H2,1H3",GWUSZQUVEVMBPI-UHFFFAOYSA-N,1936,nimetazepam,2011-67-8
CCC(C(=O)O)c1ccc(N2Cc3ccccc3C2=O)cc1,"InChI=1S/C18H17NO3/c1-2-15(18(21)22)12-7-9-14(10-8-12)19-11-13-5-3-4-6-16(13)17(19)20/h3-10,15H,2,11H2,1H3,(H,21,22)",AYDXAULLCROVIT-UHFFFAOYSA-N,1439,indobufen,63610-08-2
CCOc1cc(OCC)cc(OCCN2CCOCC2)c1,"InChI=1S/C16H25NO4/c1-3-19-14-11-15(20-4-2)13-16(12-14)21-10-7-17-5-8-18-9-6-17/h11-13H,3-10H2,1-2H3",MXVLJFCCQMXEEE-UHFFFAOYSA-N,3748,floredil,53731-36-5
OCCN1CCCCC1C(c1ccccc1)c1ccccc1,"InChI=1S/C20H25NO/c22-16-15-21-14-8-7-13-19(21)20(17-9-3-1-4-10-17)18-11-5-2-6-12-18/h1-6,9-12,19-20,22H,7-8,13-16H2",UHZJPVXMMCFPNR-UHFFFAOYSA-N,3735,difemetorex,13862-07-2
OC(CCN1CCCCC1)(c1ccccc1)c1ccccc1,"InChI=1S/C20H25NO/c22-20(18-10-4-1-5-11-18,19-12-6-2-7-13-19)14-17-21-15-8-3-9-16-21/h1-2,4-7,10-13,22H,3,8-9,14-17H2",RQXCLMGKHJWMOA-UHFFFAOYSA-N,2263,pridinol,511-45-5
CCC(=O)C(CCN(C)C)(c1ccccc1)c1ccccc1,"InChI=1S/C20H25NO/c1-4-19(22)20(15-16-21(2)3,17-11-7-5-8-12-17)18-13-9-6-10-14-18/h5-14H,4,15-16H2,1-3H3",WCJFBSYALHQBSK-UHFFFAOYSA-N,1969,normethadone,467-85-6
c1ccc(N(CCN2CCCCC2)Cc2ccccn2)cc1,"InChI=1S/C19H25N3/c1-3-10-19(11-4-1)22(17-18-9-5-6-12-20-18)16-15-21-13-7-2-8-14-21/h1,3-6,9-12H,2,7-8,13-17H2",MVMXJBMAGBRAHD-UHFFFAOYSA-N,3468,picoperine,21755-66-8
CC(C)(C)NCC(O)COc1cccc2c1SCCC2,"InChI=1S/C16H25NO2S/c1-16(2,3)17-10-13(18)11-19-14-8-4-6-12-7-5-9-20-15(12)14/h4,6,8,13,17-18H,5,7,9-11H2,1-3H3",HTWFXPCUFWKXOP-UHFFFAOYSA-N,2605,tertatolol,83688-84-0
CN1CCC(=C2c3ccccc3CCc3sccc32)CC1,"InChI=1S/C19H21NS/c1-20-11-8-15(9-12-20)19-16-5-3-2-4-14(16)6-7-18-17(19)10-13-21-18/h2-5,10,13H,6-9,11-12H2,1H3",FIADGNVRKBPQEU-UHFFFAOYSA-N,2220,pizotifen,15574-96-6
CN(C)CCC=C1c2ccccc2CSc2ccccc21,"InChI=1S/C19H21NS/c1-20(2)13-7-11-17-16-9-4-3-8-15(16)14-21-19-12-6-5-10-18(17)19/h3-6,8-12H,7,13-14H2,1-2H3/b17-11+",PHTUQLWOUWZIMZ-GZTJUZNOSA-N,951,dosulepin,113-53-1
CC(C)N(CCC(c1ccccc1)c1ccccc1)C(C)C,"InChI=1S/C21H29N/c1-17(2)22(18(3)4)16-15-21(19-11-7-5-8-12-19)20-13-9-6-10-14-20/h5-14,17-18,21H,15-16H2,1-4H3",YBJKOPHEJOMRMN-UHFFFAOYSA-N,892,diisopromine,5966-41-6
CN(C)CCN(Cc1ccc(Cl)s1)c1ccccn1,"InChI=1S/C14H18ClN3S/c1-17(2)9-10-18(14-5-3-4-8-16-14)11-12-6-7-13(15)19-12/h3-8H,9-11H2,1-2H3",XAEXSWVTEJHRMH-UHFFFAOYSA-N,608,chloropyrilene,148-65-2
Nc1cc(S(N)(=O)=O)ccc1[As](=O)(O)O,"InChI=1S/C6H9AsN2O5S/c8-6-3-4(15(9,13)14)1-2-5(6)7(10,11)12/h1-3H,8H2,(H2,9,13,14)(H2,10,11,12)",AKHFYKDNVOFEMG-UHFFFAOYSA-N,3566,sulfarside,1134-98-1
Cc1ccc(Cl)c(Nc2ccccc2C(=O)O)c1Cl,"InChI=1S/C14H11Cl2NO2/c1-8-6-7-10(15)13(12(8)16)17-11-5-3-2-4-9(11)14(18)19/h2-7,17H,1H3,(H,18,19)",SBDNJUWAMKYJOX-UHFFFAOYSA-N,1650,meclofenamic acid,644-62-2
O=c1[nH]c(=O)n(C2CC(O)C(CO)O2)cc1C(F)(F)F,"InChI=1S/C10H11F3N2O5/c11-10(12,13)4-2-15(9(19)14-8(4)18)7-1-5(17)6(3-16)20-7/h2,5-7,16-17H,1,3H2,(H,14,18,19)/t5-,6+,7+/m0/s1",VSQQQLOSPVPRAZ-RRKCRQDMSA-N,2743,trifluridine,70-00-8
Cc1ccc2c(c1)CC(=O)c1cc(C(C)C(=O)O)ccc1O2,"InChI=1S/C18H16O4/c1-10-3-5-16-13(7-10)9-15(19)14-8-12(11(2)18(20)21)4-6-17(14)22-16/h3-8,11H,9H2,1-2H3,(H,20,21)",REHLODZXMGOGQP-UHFFFAOYSA-N,3022,bermoprofen,78499-27-1
CCCCCCOCC(O)COc1ccccc1C(=O)O,"InChI=1S/C16H24O5/c1-2-3-4-7-10-20-11-13(17)12-21-15-9-6-5-8-14(15)16(18)19/h5-6,8-9,13,17H,2-4,7,10-12H2,1H3,(H,18,19)",YTPJKQPMTSNTGI-UHFFFAOYSA-N,3743,exiproben,26281-69-6
CC(CN1C(=O)c2cccnc2Nc2ccccc21)N(C)C,"InChI=1S/C17H20N4O/c1-12(20(2)3)11-21-15-9-5-4-8-14(15)19-16-13(17(21)22)7-6-10-18-16/h4-10,12H,11H2,1-3H3,(H,18,19)",YFLBETLXDPBWTD-UHFFFAOYSA-N,2301,propizepine,10321-12-7
Cc1ccc(S(=O)(=O)NC(=O)NC2CCCCC2)cc1,"InChI=1S/C14H20N2O3S/c1-11-7-9-13(10-8-11)20(18,19)16-14(17)15-12-5-3-2-4-6-12/h7-10,12H,2-6H2,1H3,(H2,15,16,17)",RIGBPMDIGYBTBJ-UHFFFAOYSA-N,1324,glycyclamide,664-95-9
O=C1CN=C(c2ccccc2)c2c(sc3c2CCCC3)N1,"InChI=1S/C17H16N2OS/c20-14-10-18-16(11-6-2-1-3-7-11)15-12-8-4-5-9-13(12)21-17(15)19-14/h1-3,6-7H,4-5,8-10H2,(H,19,20)",AIZFEOPQVZBNGH-UHFFFAOYSA-N,315,bentazepam,29462-18-8
C#CC1(O)CCC2C3CCc4cc(O)ccc4C3CCC21C,"InChI=1S/C20H24O2/c1-3-20(22)11-9-18-17-6-4-13-12-14(21)5-7-15(13)16(17)8-10-19(18,20)2/h1,5,7,12,16-18,21-22H,4,6,8-11H2,2H3/t16-,17-,18+,19+,20+/m1/s1",BFPYWIDHMRZLRN-SLHNCBLASA-N,1082,ethinylestradiol,57-63-6
CC(CC(C(N)=O)(c1ccccc1)c1ccccc1)N(C)C,"InChI=1S/C19H24N2O/c1-15(21(2)3)14-19(18(20)22,16-10-6-4-7-11-16)17-12-8-5-9-13-17/h4-13,15H,14H2,1-3H3,(H2,20,22)",NARHAGIVSFTMIG-UHFFFAOYSA-N,170,dimevamide,60-46-8
c1ccc2c(c1)Sc1ccccc1N2CCN1CCCC1,"InChI=1S/C18H20N2S/c1-3-9-17-15(7-1)20(14-13-19-11-5-6-12-19)16-8-2-4-10-18(16)21-17/h1-4,7-10H,5-6,11-14H2",KJKJUXGEMYCCJN-UHFFFAOYSA-N,2327,parathiazine,84-08-2
CN1CCC(CN2c3ccccc3Sc3ccccc32)C1,"InChI=1S/C18H20N2S/c1-19-11-10-14(12-19)13-20-15-6-2-4-8-17(15)21-18-9-5-3-7-16(18)20/h2-9,14H,10-13H2,1H3",HTMIBDQKFHUPSX-UHFFFAOYSA-N,1742,methdilazine,1982-37-2
CCN(CC)C(=S)SSC(=S)N(CC)CC,"InChI=1S/C10H20N2S4/c1-5-11(6-2)9(13)15-16-10(14)12(7-3)8-4/h5-8H2,1-4H3",AUZONCFQVSMFAP-UHFFFAOYSA-N,928,disulfiram,97-77-8
O=C(O)Cc1ccccc1Oc1ccc(Cl)cc1Cl,"InChI=1S/C14H10Cl2O3/c15-10-5-6-13(11(16)8-10)19-12-4-2-1-3-9(12)7-14(17)18/h1-6,8H,7H2,(H,17,18)",IDKAXRLETRCXKS-UHFFFAOYSA-N,1147,fenclofenac,34645-84-6
C=CCOC(Cn1ccnc1)c1ccc(Cl)cc1Cl,"InChI=1S/C14H14Cl2N2O/c1-2-7-19-14(9-18-6-5-17-10-18)12-4-3-11(15)8-13(12)16/h2-6,8,10,14H,1,7,9H2",PZBPKYOVPCNPJY-UHFFFAOYSA-N,3177,enilconazole,35554-44-0
COc1cc(C(=S)N2CCOCC2)cc(OC)c1OC,"InChI=1S/C14H19NO4S/c1-16-11-8-10(9-12(17-2)13(11)18-3)14(20)15-4-6-19-7-5-15/h8-9H,4-7H2,1-3H3",MVOUIYUWRXPNKD-UHFFFAOYSA-N,2764,tritiozine,35619-65-9
CC(C)Cc1ccc(C(C)C(=O)OCc2ccccn2)cc1,"InChI=1S/C19H23NO2/c1-14(2)12-16-7-9-17(10-8-16)15(3)19(21)22-13-18-6-4-5-11-20-18/h4-11,14-15H,12-13H2,1-3H3",ACEWLPOYLGNNHV-UHFFFAOYSA-N,1409,ibuprofen piconol,64622-45-3
CC(C)(C)c1nnc(NS(=O)(=O)c2ccccc2)s1,"InChI=1S/C12H15N3O2S2/c1-12(2,3)10-13-14-11(18-10)15-19(16,17)9-7-5-4-6-8-9/h4-8H,1-3H3,(H,14,15)",NMWQEPCLNXHPDX-UHFFFAOYSA-N,1315,glybuzole,1492-02-0
C[N+](C)([O-])CCCN1c2ccccc2CCc2ccccc21,"InChI=1S/C19H24N2O/c1-21(2,22)15-7-14-20-18-10-5-3-8-16(18)12-13-17-9-4-6-11-19(17)20/h3-6,8-11H,7,12-15H2,1-2H3",QZIQORUGXBPDSU-UHFFFAOYSA-N,3295,imipramine oxide,6829-98-7
Cc1cccc(N(C)C(=S)Oc2ccc3c(c2)CCC3)c1,"InChI=1S/C18H19NOS/c1-13-5-3-8-16(11-13)19(2)18(21)20-17-10-9-14-6-4-7-15(14)12-17/h3,5,8-12H,4,6-7H2,1-2H3",ANJNOJFLVNXCHT-UHFFFAOYSA-N,3615,tolindate,27877-51-6
CNCCC(Oc1cccc2ccccc12)c1cccs1,"InChI=1S/C18H19NOS/c1-19-12-11-17(18-10-5-13-21-18)20-16-9-4-7-14-6-2-3-8-15(14)16/h2-10,13,17,19H,11-12H2,1H3/t17-/m0/s1",ZEUITGRIYCTCEM-KRWDZBQOSA-N,972,duloxetine,116539-59-4
CCCCCCCCCCCCCCCCCCN(C)C,"InChI=1S/C20H43N/c1-4-5-6-7-8-9-10-11-12-13-14-15-16-17-18-19-20-21(2)3/h4-20H2,1-3H3",NAPSCFZYZVSQHF-UHFFFAOYSA-N,3169,dimantine,124-28-7
COc1ccc(C=CC(=O)c2ccc(OC)cc2OC)cc1,"InChI=1S/C18H18O4/c1-20-14-7-4-13(5-8-14)6-11-17(19)16-10-9-15(21-2)12-18(16)22-3/h4-12H,1-3H3",HVAKUYCEWDPRCA-UHFFFAOYSA-N,1781,metochalcone,18493-30-6
c1cnc(N2CCN(Cc3ccc4c(c3)OCO4)CC2)nc1,"InChI=1S/C16H18N4O2/c1-4-17-16(18-5-1)20-8-6-19(7-9-20)11-13-2-3-14-15(10-13)22-12-21-14/h1-5,10H,6-9,11-12H2",OQDPVLVUJFGPGQ-UHFFFAOYSA-N,2202,piribedil,3605-01-4
O=C(CCNNC(=O)c1ccncc1)NCc1ccccc1,"InChI=1S/C16H18N4O2/c21-15(18-12-13-4-2-1-3-5-13)8-11-19-20-16(22)14-6-9-17-10-7-14/h1-7,9-10,19H,8,11-12H2,(H,18,21)(H,20,22)",NOIIUHRQUVNIDD-UHFFFAOYSA-N,1907,nialamide,51-12-7
CC(C(=O)O)c1ccc2c(c1)CC(=O)c1ccccc1S2,"InChI=1S/C17H14O3S/c1-10(17(19)20)11-6-7-15-12(8-11)9-14(18)13-4-2-3-5-16(13)21-15/h2-8,10H,9H2,1H3,(H,19,20)",MUXFZBHBYYYLTH-UHFFFAOYSA-N,2858,zaltoprofen,74711-43-6
COC1OC2OC3(C)CCC4C(C)CCC(C1C)C24OO3,"InChI=1S/C16H26O5/c1-9-5-6-12-10(2)13(17-4)18-14-16(12)11(9)7-8-15(3,19-14)20-21-16/h9-14H,5-8H2,1-4H3/t9-,10-,11+,12+,13+,14-,15-,16-/m1/s1",SXYIRMFQILZOAM-HVNFFKDJSA-N,245,artemether,71963-77-4
CCOc1ccc(N=C(C)Nc2ccc(OCC)cc2)cc1,"InChI=1S/C18H22N2O2/c1-4-21-17-10-6-15(7-11-17)19-14(3)20-16-8-12-18(13-9-16)22-5-2/h6-13H,4-5H2,1-3H3,(H,19,20)",QXDAEKSDNVPFJG-UHFFFAOYSA-N,3434,phenacaine,101-93-9
CC(C)NCC(O)COc1cccc2[nH]c3ccccc3c12,"InChI=1S/C18H22N2O2/c1-12(2)19-10-13(21)11-22-17-9-5-8-16-18(17)14-6-3-4-7-15(14)20-16/h3-9,12-13,19-21H,10-11H2,1-2H3",BQXQGZPYHWWCEB-UHFFFAOYSA-N,487,carazolol,57775-29-8
Cc1cc(-c2ccccc2)nnc1NCCN1CCOCC1,"InChI=1S/C17H22N4O/c1-14-13-16(15-5-3-2-4-6-15)19-20-17(14)18-7-8-21-9-11-22-12-10-21/h2-6,13H,7-12H2,1H3,(H,18,20)",LDMWSLGGVTVJPG-UHFFFAOYSA-N,1812,minaprine,25905-77-5
CCOC(=O)C=C1SC(N2CCCCC2)C(=O)N1CC,"InChI=1S/C14H22N2O3S/c1-3-16-11(10-12(17)19-4-2)20-14(13(16)18)15-8-6-5-7-9-15/h10,14H,3-9H2,1-2H3",UAXYBJSAPFTPNB-UHFFFAOYSA-N,2196,piprozolin,17243-64-0
CCC(c1ccc(O)c(C)c1)C(CC)c1ccc(O)c(C)c1,"InChI=1S/C20H26O2/c1-5-17(15-7-9-19(21)13(3)11-15)18(6-2)16-8-10-20(22)14(4)12-16/h7-12,17-18,21-22H,5-6H2,1-4H3",PYWBJEDBESDHNP-UHFFFAOYSA-N,3345,methestrol,130-73-4
CCC(c1ccc(O)cc1)C(CC)C(C)c1ccc(O)cc1,"InChI=1S/C20H26O2/c1-4-19(14(3)15-6-10-17(21)11-7-15)20(5-2)16-8-12-18(22)13-9-16/h6-14,19-22H,4-5H2,1-3H3",DUTFBSAKKUNBAL-UHFFFAOYSA-N,319,benzestrol,85-95-0
CC(CN(C)C)CN1c2ccccc2Sc2ccccc21,"InChI=1S/C18H22N2S/c1-14(12-19(2)3)13-20-15-8-4-6-10-17(15)21-18-11-7-5-9-16(18)20/h4-11,14H,12-13H2,1-3H3",ZZHLYYDVIOPZBE-UHFFFAOYSA-N,2749,alimemazine,84-96-8
CCN(CC)CCN1c2ccccc2Sc2ccccc21,"InChI=1S/C18H22N2S/c1-3-19(4-2)13-14-20-15-9-5-7-11-17(15)21-18-12-8-6-10-16(18)20/h5-12H,3-4,13-14H2,1-2H3",LURMIKVZJSMXQE-UHFFFAOYSA-N,872,diethazine,60-91-3
CCCCCCC(O)CC=CCCCCCCCC(=O)O,"InChI=1S/C18H34O3/c1-2-3-4-11-14-17(19)15-12-9-7-5-6-8-10-13-16-18(20)21/h9,12,17,19H,2-8,10-11,13-16H2,1H3,(H,20,21)/b12-9-/t17-/m1/s1",WBHHMMIMDMUBKC-QJWNTBNXSA-N,3527,ricinoleic acid,141-22-0
CCCCCCC1CCC(O)C1CCCCCCC(=O)O,"InChI=1S/C18H34O3/c1-2-3-4-7-10-15-13-14-17(19)16(15)11-8-5-6-9-12-18(20)21/h15-17,19H,2-14H2,1H3,(H,20,21)/t15-,16+,17?/m0/s1",NMAOJFAMEOVURT-RTKIROINSA-N,2404,rosaprostol,56695-65-9
CC(O)C1C(=O)N2C(C(=O)O)=C(SCCN=CN)CC12,"InChI=1S/C12H17N3O4S/c1-6(16)9-7-4-8(20-3-2-14-5-13)10(12(18)19)15(7)11(9)17/h5-7,9,16H,2-4H2,1H3,(H2,13,14)(H,18,19)/t6-,7-,9-/m1/s1",ZSKVGTPCRGIANV-ZXFLCMHBSA-N,1426,imipenem,64221-86-9
CN1CCC23c4c5ccc(O)c4OC2(C)C(=O)CCC3C1C5,"InChI=1S/C18H21NO3/c1-17-14(21)6-4-11-12-9-10-3-5-13(20)16(22-17)15(10)18(11,17)7-8-19(12)2/h3,5,11-12,20H,4,6-9H2,1-2H3/t11-,12+,17-,18-/m0/s1",NPZXCTIHHUUEEJ-CMKMFDCUSA-N,1785,metopon,143-52-2
CC(CCc1ccccc1)NC(C)C(O)c1ccc(O)cc1,"InChI=1S/C19H25NO2/c1-14(8-9-16-6-4-3-5-7-16)20-15(2)19(22)17-10-12-18(21)13-11-17/h3-7,10-15,19-22H,8-9H2,1-2H3",PTGXAUBQBSGPKF-UHFFFAOYSA-N,1976,buphenine,447-41-6
CC(CN1c2ccccc2Sc2ccccc21)[N+](C)(C)C,"InChI=1S/C18H23N2S/c1-14(20(2,3)4)13-19-15-9-5-7-11-17(15)21-18-12-8-6-10-16(18)19/h5-12,14H,13H2,1-4H3/q+1",CDXCCYNINPIWGE-UHFFFAOYSA-N,2628,thiazinam,2338-21-8
CCCCCCCCCCCCCCCC(=O)NCCO,"InChI=1S/C18H37NO2/c1-2-3-4-5-6-7-8-9-10-11-12-13-14-15-18(21)19-16-17-20/h20H,2-17H2,1H3,(H,19,21)",HXYVTAGFYLMHSO-UHFFFAOYSA-N,2045,palmidrol,544-31-0
O=c1c2cccnc2oc2c(Cl)cc(-c3nn[nH]n3)cc12,"InChI=1S/C13H6ClN5O2/c14-9-5-6(12-16-18-19-17-12)4-8-10(20)7-2-1-3-15-13(7)21-11(8)9/h1-5H,(H,16,17,18,19)",MLCGWPUVZKTVLO-UHFFFAOYSA-N,3622,traxanox,58712-69-9
CN1CC(O)c2cc(N=NC(N)=O)c(O)cc21,"InChI=1S/C10H12N4O3/c1-14-4-9(16)5-2-6(12-13-10(11)17)8(15)3-7(5)14/h2-3,9,16H,4H2,1H3,(H3,11,13,17)",XSXCZNVKFKNLPR-UHFFFAOYSA-N,491,carbazochrome,69-81-8
CC12CCC3C(CC=C4CC(=O)C=CC43C)C1CCC(=O)O2,"InChI=1S/C19H24O3/c1-18-9-7-13(20)11-12(18)3-4-14-15(18)8-10-19(2)16(14)5-6-17(21)22-19/h7,9,11,14-16H,3-6,8,10H2,1-2H3/t14-,15+,16+,18+,19+/m1/s1",BPEWUONYVDABNZ-DZBHQSCQSA-N,2606,testolactone,968-93-4
CC12C=CC(=O)C=C1CCC1C2CCC2(C)C1CCC2(C)O,"InChI=1S/C20H28O2/c1-18-9-6-14(21)12-13(18)4-5-15-16(18)7-10-19(2)17(15)8-11-20(19,3)22/h6,9,12,15-17,22H,4-5,7-8,10-11H2,1-3H3/t15-,16+,17+,18+,19+,20+/m1/s1",XWALNWXLMVGSFR-HLXURNFRSA-N,1734,metandienone,72-63-9
C#CC1(OC(C)=O)CCC2C3CCC4=CC(OC(C)=O)CCC4C3CCC21C,"InChI=1S/C24H32O4/c1-5-24(28-16(3)26)13-11-22-21-8-6-17-14-18(27-15(2)25)7-9-19(17)20(21)10-12-23(22,24)4/h1,14,18-22H,6-13H2,2-4H3/t18-,19-,20+,21+,22-,23-,24-/m0/s1",ONKUMRGIYFNPJW-KIEAKMPYSA-N,1095,etynodiol,297-76-7
C=CCC1(O)CCC2C3CCC4=CCCCC4C3CCC21C,"InChI=1S/C21H32O/c1-3-12-21(22)14-11-19-18-9-8-15-6-4-5-7-16(15)17(18)10-13-20(19,21)2/h3,6,16-19,22H,1,4-5,7-14H2,2H3/t16-,17+,18+,19-,20-,21-/m0/s1",ATXHVCQZZJYMCF-XUDSTZEESA-N,125,allylestrenol,432-60-0
CCN=C1Nc2ccc(Cl)cc2C(C)(c2ccccc2)O1,"InChI=1S/C17H17ClN2O/c1-3-19-16-20-15-10-9-13(18)11-14(15)17(2,21-16)12-7-5-4-6-8-12/h4-11H,3H2,1-2H3,(H,19,20)",IBYCYJFUEJQSMK-UHFFFAOYSA-N,1099,etifoxine,21715-46-8
CN(C)CCCC1c2ccccc2Nc2ccc(Cl)cc21,"InChI=1S/C18H21ClN2/c1-21(2)11-5-7-14-15-6-3-4-8-17(15)20-18-10-9-13(19)12-16(14)18/h3-4,6,8-10,12,14,20H,5,7,11H2,1-2H3",JFRLWWDJCFYFSU-UHFFFAOYSA-N,3717,clomacran,5310-55-4
CN1CCN(C(c2ccccc2)c2ccc(Cl)cc2)CC1,"InChI=1S/C18H21ClN2/c1-20-11-13-21(14-12-20)18(15-5-3-2-4-6-15)16-7-9-17(19)10-8-16/h2-10,18H,11-14H2,1H3",WFNAKBGANONZEQ-UHFFFAOYSA-N,593,chlorcyclizine,82-93-9
O=C1c2ccccc2C(=O)C1c1ccc(Br)cc1,"InChI=1S/C15H9BrO2/c16-10-7-5-9(6-8-10)13-14(17)11-3-1-2-4-12(11)15(13)18/h1-8,13H",NPUZIGSOEWMFKK-UHFFFAOYSA-N,3037,bromindione,1146-98-1
O=C1c2ccc(Br)cc2C(=O)C1c1ccccc1,"InChI=1S/C15H9BrO2/c16-10-6-7-11-12(8-10)15(18)13(14(11)17)9-4-2-1-3-5-9/h1-8,13H",QFLZIWVSQDZLNW-UHFFFAOYSA-N,1488,isobromindione,1470-35-5
CC(CCc1ccc(O)cc1)NCCc1ccc(O)c(O)c1,"InChI=1S/C18H23NO3/c1-13(2-3-14-4-7-16(20)8-5-14)19-11-10-15-6-9-17(21)18(22)12-15/h4-9,12-13,19-22H,2-3,10-11H2,1H3/t13-/m0/s1",JRWZLRBJNMZMFE-ZDUSSCGKSA-N,13,levdobutamine,61661-06-1
CCCCCN=C(N)NN=Cc1c[nH]c2ccc(OC)cc12,"InChI=1S/C16H23N5O/c1-3-4-5-8-18-16(17)21-20-11-12-10-19-15-7-6-13(22-2)9-14(12)15/h6-7,9-11,19H,3-5,8H2,1-2H3,(H3,17,18,21)",IKBKZGMPCYNSLU-UHFFFAOYSA-N,2579,tegaserod,145158-71-0
OC(CCN1CCCCC1)(c1ccccc1)C1CCCCC1,"InChI=1S/C20H31NO/c22-20(18-10-4-1-5-11-18,19-12-6-2-7-13-19)14-17-21-15-8-3-9-16-21/h1,4-5,10-11,19,22H,2-3,6-9,12-17H2",HWHLPVGTWGOCJO-UHFFFAOYSA-N,2745,trihexyphenidyl,144-11-6
CN(C)CCC=C1c2ccccc2CSc2sccc21,"InChI=1S/C17H19NS2/c1-18(2)10-5-8-15-14-7-4-3-6-13(14)12-20-17-16(15)9-11-19-17/h3-4,6-9,11H,5,10,12H2,1-2H3/b15-8-",ZLJLUTCIUOCIQM-NVNXTCNLSA-N,383,bisulepine,5802-61-9
CC(C(=O)O)c1ccc2oc(-c3ccc(Cl)cc3)nc2c1,"InChI=1S/C16H12ClNO3/c1-9(16(19)20)11-4-7-14-13(8-11)18-15(21-14)10-2-5-12(17)6-3-10/h2-9H,1H3,(H,19,20)",MITFXPHMIHQXPI-UHFFFAOYSA-N,311,benoxaprofen,51234-28-7
O=[N+]([O-])OCC(O[N+](=O)[O-])C(CO[N+](=O)[O-])O[N+](=O)[O-],"InChI=1S/C4H6N4O12/c9-5(10)17-1-3(19-7(13)14)4(20-8(15)16)2-18-6(11)12/h3-4H,1-2H2/t3-,4+",SNFOERUNNSHUGP-ZXZARUISSA-N,1047,eritrityl tetranitrate,7297-25-8
O=c1c(O)c(-c2ccc(O)c(O)c2)oc2cc(O)cc(O)c12,"InChI=1S/C15H10O7/c16-7-4-10(19)12-11(5-7)22-15(14(21)13(12)20)6-1-2-8(17)9(18)3-6/h1-5,16-19,21H",REFJWTPEDVJJIY-UHFFFAOYSA-N,3514,quercetin,117-39-5
COc1ccc(C2CC(=O)c3c(O)cc(O)cc3O2)cc1O,"InChI=1S/C16H14O6/c1-21-13-3-2-8(4-10(13)18)14-7-12(20)16-11(19)5-9(17)6-15(16)22-14/h2-6,14,17-19H,7H2,1H3/t14-/m0/s1",AIONOLUJZLIMTK-AWEZNQCLSA-N,1362,hesperetin,520-33-2
O=C1NOCC1N=Cc1ccc(C=NC2CONC2=O)cc1,"InChI=1S/C14H14N4O4/c19-13-11(7-21-17-13)15-5-9-1-2-10(4-3-9)6-16-12-8-22-18-14(12)20/h1-6,11-12H,7-8H2,(H,17,19)(H,18,20)/b15-5+,16-6+",ODKYYBOHSVLGNU-IAGONARPSA-N,2602,terizidone,25683-71-0
O=C(O)CCC(=O)c1ccc2c(c1)-c1cccc3cccc-2c13,"InChI=1S/C20H14O3/c21-18(9-10-19(22)23)13-7-8-14-15-5-1-3-12-4-2-6-16(20(12)15)17(14)11-13/h1-8,11H,9-10H2,(H,22,23)",QOBAOSCOLAGPKI-UHFFFAOYSA-N,1181,florantyrone,519-95-9
CC(Cc1ccc(O)c(O)c1)C(C)Cc1ccc(O)c(O)c1,"InChI=1S/C18H22O4/c1-11(7-13-3-5-15(19)17(21)9-13)12(2)8-14-4-6-16(20)18(22)10-14/h3-6,9-12,19-22H,7-8H2,1-2H3/t11-,12+",HCZKYJDFEPMADG-TXEJJXNPSA-N,1637,masoprocol,27686-84-6
Cc1c(NC(=O)C(C)N(C)C)c(=O)n(-c2ccccc2)n1C,"InChI=1S/C16H22N4O2/c1-11-14(17-15(21)12(2)18(3)4)16(22)20(19(11)5)13-9-7-6-8-10-13/h6-10,12H,1-5H3,(H,17,21)",UQNCVOXEVRELFR-UHFFFAOYSA-N,3670,aminopropylone,3690-04-8
CC12CCC3C(CCC4C(=O)C(=O)CCC43C)C1CCC2=O,"InChI=1S/C19H26O3/c1-18-10-8-15(20)17(22)14(18)4-3-11-12-5-6-16(21)19(12,2)9-7-13(11)18/h11-13,22H,3-10H2,1-2H3/t11-,12-,13-,18+,19-/m0/s1",OSVMTWJCGUFAOD-KZQROQTASA-N,1238,formestane,566-48-3
COc1ccc2c(c1)CCC1C2CCC2(C)C(O)C(O)CC12,"InChI=1S/C19H26O3/c1-19-8-7-14-13-6-4-12(22-2)9-11(13)3-5-15(14)16(19)10-17(20)18(19)21/h4,6,9,14-18,20-21H,3,5,7-8,10H2,1-2H3/t14-,15-,16+,17-,18-,19+/m1/s1",UHQGCIIQUZBJAE-RRQVMCLOSA-N,1026,epimestrol,7004-98-0
CCCCCOc1ccccc1C(=CSC)n1ccnc1,"InChI=1S/C17H22N2OS/c1-3-4-7-12-20-17-9-6-5-8-15(17)16(13-21-2)19-11-10-18-14-19/h5-6,8-11,13-14H,3-4,7,12H2,1-2H3/b16-13+",VWOIKFDZQQLJBJ-DTQAZKPQSA-N,1902,neticonazole,130726-68-0
CCC1CC2C3CC=C4CC(=O)CCC4C3CCC2(C)C1O,"InChI=1S/C20H30O2/c1-3-12-11-18-17-6-4-13-10-14(21)5-7-15(13)16(17)8-9-20(18,2)19(12)22/h10,12,15-19,22H,3-9,11H2,1-2H3/t12-,15-,16+,17+,18-,19-,20-/m0/s1",FCKLFGKATYPJPG-SSTBVEFVSA-N,3406,oxendolone,33765-68-3
CC12CCC(=O)C=C1CCC1C2CCC2(C)C1CCC2(C)O,"InChI=1S/C20H30O2/c1-18-9-6-14(21)12-13(18)4-5-15-16(18)7-10-19(2)17(15)8-11-20(19,3)22/h12,15-17,22H,4-11H2,1-3H3/t15-,16+,17+,18+,19+,20+/m1/s1",GCKMFJBGXUYNAG-HLXURNFRSA-N,3356,methyltestosterone,58-18-4
CCC=CCC=CCC=CCC=CCC=CCCCC(=O)O,"InChI=1S/C20H30O2/c1-2-3-4-5-6-7-8-9-10-11-12-13-14-15-16-17-18-19-20(21)22/h3-4,6-7,9-10,12-13,15-16H,2,5,8,11,14,17-19H2,1H3,(H,21,22)/b4-3-,7-6-,10-9-,13-12-,16-15-",JAZBEHYOTPTENJ-JLNKQSITSA-N,3174,eicosapentaenoic acid,10417-94-4
CCC1(O)CCC2C3CC=C4CC(=O)CCC4C3CCC21C,"InChI=1S/C20H30O2/c1-3-20(22)11-9-18-17-6-4-13-12-14(21)5-7-15(13)16(17)8-10-19(18,20)2/h12,15-18,22H,3-11H2,1-2H3/t15-,16+,17+,18-,19-,20-/m0/s1",ZDHCJEIGTNNEMY-XGXHKTLJSA-N,1961,norethandrolone,52-78-8
C[N+]1(CCC(O)(c2ccccc2)C2CCCCC2)CCCC1,"InChI=1S/C20H32NO/c1-21(15-8-9-16-21)17-14-20(22,18-10-4-2-5-11-18)19-12-6-3-7-13-19/h2,4-5,10-11,19,22H,3,6-9,12-17H2,1H3/q+1",FRBBPWXCRBHYJQ-UHFFFAOYSA-N,2736,tricyclamol chloride,3818-88-0
CN1C(=O)CN=C(c2ccccc2F)c2cc(Cl)ccc21,"InChI=1S/C16H12ClFN2O/c1-20-14-7-6-10(17)8-12(14)16(19-9-15(20)21)11-4-2-3-5-13(11)18/h2-8H,9H2,1H3",ROYOYTLGDLIGBX-UHFFFAOYSA-N,1190,fludiazepam,3900-31-0
Oc1c(Br)cc(Br)c2cccnc12,"InChI=1S/C9H5Br2NO/c10-6-4-7(11)9(13)8-5(6)2-1-3-12-8/h1-4,13H",ZDASUJMDVPTNTF-UHFFFAOYSA-N,412,broxyquinoline,521-74-4
C=C(CC)C(=O)c1ccc(OCC(=O)O)c(Cl)c1Cl,"InChI=1S/C13H12Cl2O4/c1-3-7(2)13(18)8-4-5-9(12(15)11(8)14)19-6-10(16)17/h4-5H,2-3,6H2,1H3,(H,16,17)",AVOLMBLBETYQHX-UHFFFAOYSA-N,1071,ethacrynic acid,58-54-8
C=C(Br)CC1(C(C)C)C(=O)NC(=O)N(C)C1=O,"InChI=1S/C11H15BrN2O3/c1-6(2)11(5-7(3)12)8(15)13-10(17)14(4)9(11)16/h6H,3,5H2,1-2,4H3,(H,13,15,17)",WGMASVSHOSNKMF-UHFFFAOYSA-N,3791,narcobarbital,125-55-3
CC(C)NC(C)Cc1ccc(I)cc1,"InChI=1S/C12H18IN/c1-9(2)14-10(3)8-11-4-6-12(13)7-5-11/h4-7,9-10,14H,8H2,1-3H3/i13-4",ISEHJSHTIVKELA-DCWJVSPSSA-N,1459,Iofetamine (123I),85068-76-4
CCn1cc(C(=O)O)c(=O)c2cnc(N3CCNCC3)nc21,"InChI=1S/C14H17N5O3/c1-2-18-8-10(13(21)22)11(20)9-7-16-14(17-12(9)18)19-5-3-15-4-6-19/h7-8,15H,2-6H2,1H3,(H,21,22)",JOHZPMXAZQZXHR-UHFFFAOYSA-N,2184,pipemidic acid,51940-44-4
COC(=O)C1C(OC(=O)c2ccccc2)CC2CCC1N2C,"InChI=1S/C17H21NO4/c1-18-12-8-9-13(18)15(17(20)21-2)14(10-12)22-16(19)11-6-4-3-5-7-11/h3-7,12-15H,8-10H2,1-2H3/t12-,13+,14-,15+/m0/s1",ZPUCINDJVBIVPJ-LJISPDSOSA-N,723,cocaine,50-36-2
CCN1CCC(=C2c3ccccc3CCc3ccccc32)C1C,"InChI=1S/C22H25N/c1-3-23-15-14-19(16(23)2)22-20-10-6-4-8-17(20)12-13-18-9-5-7-11-21(18)22/h4-11,16H,3,12-15H2,1-2H3",NKJQZSDCCLDOQH-UHFFFAOYSA-N,2208,piroheptine,16378-21-5
CN(C)CCOC(C)(c1ccccc1)c1ccc(Cl)cc1,"InChI=1S/C18H22ClNO/c1-18(21-14-13-20(2)3,15-7-5-4-6-8-15)16-9-11-17(19)12-10-16/h4-12H,13-14H2,1-3H3",KKHPNPMTPORSQE-UHFFFAOYSA-N,617,chlorphenoxamine,77-38-3
CC(=O)NC(CC(=O)NC(CCC(=O)O)C(=O)O)C(=O)O,"InChI=1S/C11H16N2O8/c1-5(14)12-7(11(20)21)4-8(15)13-6(10(18)19)2-3-9(16)17/h6-7H,2-4H2,1H3,(H,12,14)(H,13,15)(H,16,17)(H,18,19)(H,20,21)/t6-,7-/m0/s1",GUCKKCMJTSNWCU-BQBZGAKWSA-N,4050,spaglumic acid,4910-46-7
CCOC(=O)Nc1ccc(NCc2ccc(F)cc2)nc1N,"InChI=1S/C15H17FN4O2/c1-2-22-15(21)19-12-7-8-13(20-14(12)17)18-9-10-3-5-11(16)6-4-10/h3-8H,2,9H2,1H3,(H,19,21)(H3,17,18,20)",JUUFBMODXQKSTD-UHFFFAOYSA-N,1215,flupirtine,56995-20-1
Cc1ccc(C(=O)NS(=O)(=O)c2ccc(N)cc2)cc1C,"InChI=1S/C15H16N2O3S/c1-10-3-4-12(9-11(10)2)15(18)17-21(19,20)14-7-5-13(16)6-8-14/h3-9H,16H2,1-2H3,(H,17,18)",LFAXYIHYMGEIHW-UHFFFAOYSA-N,3565,xyloylsulfamine,120-34-3
Cn1cc(OCC(O)CNC(C)(C)C)c2ccccc2c1=O,"InChI=1S/C17H24N2O3/c1-17(2,3)18-9-12(20)11-22-15-10-19(4)16(21)14-8-6-5-7-13(14)15/h5-8,10,12,18,20H,9,11H2,1-4H3",TWVUMMQUXMYOOH-UHFFFAOYSA-N,2665,tilisolol,85136-71-6
c1ccc2c(c1)CCc1ccccc1N2C1CN2CCC1CC2,"InChI=1S/C21H24N2/c1-3-7-19-16(5-1)9-10-17-6-2-4-8-20(17)23(19)21-15-22-13-11-18(21)12-14-22/h1-8,18,21H,9-15H2",JCBQCKFFSPGEDY-UHFFFAOYSA-N,2348,quinupramine,31721-17-2
CC1CC(=O)CC2CCC3C4CCC(O)C4(C)CCC3C12C,"InChI=1S/C20H32O2/c1-12-10-14(21)11-13-4-5-15-16-6-7-18(22)19(16,2)9-8-17(15)20(12,13)3/h12-13,15-18,22H,4-11H2,1-3H3/t12-,13-,15-,16-,17-,18-,19-,20-/m0/s1",UXYRZJKIQKRJCF-TZPFWLJSSA-N,3342,mesterolone,1424-00-6
CC12CCC(=O)CC1CCC1C2CCC2(C)C1CCC2(C)O,"InChI=1S/C20H32O2/c1-18-9-6-14(21)12-13(18)4-5-15-16(18)7-10-19(2)17(15)8-11-20(19,3)22/h13,15-17,22H,4-12H2,1-3H3/t13-,15+,16-,17-,18-,19-,20-/m0/s1",WYZDXEKUWRCKOB-YDSAWKJFSA-N,3341,mestanolone,521-11-9
CC12CCC(O)CC1=CCC1C2CCC2(C)C1CCC2(C)O,"InChI=1S/C20H32O2/c1-18-9-6-14(21)12-13(18)4-5-15-16(18)7-10-19(2)17(15)8-11-20(19,3)22/h4,14-17,21-22H,5-12H2,1-3H3/t14-,15+,16-,17-,18-,19-,20-/m0/s1",WRWBCPJQPDHXTJ-DTMQFJJTSA-N,1733,methandriol,521-10-8
CCCCCCCCCCCCCCCC[n+]1ccccc1,"InChI=1S/C21H38N/c1-2-3-4-5-6-7-8-9-10-11-12-13-14-16-19-22-20-17-15-18-21-22/h15,17-18,20-21H,2-14,16,19H2,1H3/q+1",NEUSVAOJNUQRTM-UHFFFAOYSA-N,3083,cetylpyridinium,7773-52-6
CC(C)(OCc1ccc(-c2ccc(Cl)cc2)cc1)C(=O)O,"InChI=1S/C17H17ClO3/c1-17(2,16(19)20)21-11-12-3-5-13(6-4-12)14-7-9-15(18)10-8-14/h3-10H,11H2,1-2H3,(H,19,20)",UGOFYAXVVVXMQT-UHFFFAOYSA-N,3716,clobuzarit,22494-47-9
CN(C)CCN1c2ccccc2Sc2ccc(Cl)cc21,"InChI=1S/C16H17ClN2S/c1-18(2)9-10-19-13-5-3-4-6-15(13)20-16-8-7-12(17)11-14(16)19/h3-8,11H,9-10H2,1-2H3",ILROKGAXBGPFAI-UHFFFAOYSA-N,615,chlorfenethazine,2095-24-1
O=C1CN=C(c2ccccc2Cl)c2cc(Cl)ccc2N1,"InChI=1S/C15H10Cl2N2O/c16-9-5-6-13-11(7-9)15(18-8-14(20)19-13)10-3-1-2-4-12(10)17/h1-7H,8H2,(H,19,20)",CHIFCDOIPRCHCF-UHFFFAOYSA-N,800,delorazepam,2894-67-9
OC(CNCCCl)C(O)C(O)C(O)CNCCCl,"InChI=1S/C10H22Cl2N2O4/c11-1-3-13-5-7(15)9(17)10(18)8(16)6-14-4-2-12/h7-10,13-18H,1-6H2/t7-,8-,9-,10-/m1/s1",MQXVYODZCMMZEM-ZYUZMQFOSA-N,1633,mannomustine,576-68-1
NCC1CCC(C(=O)Oc2ccc(CCC(=O)O)cc2)CC1,"InChI=1S/C17H23NO4/c18-11-13-1-6-14(7-2-13)17(21)22-15-8-3-12(4-9-15)5-10-16(19)20/h3-4,8-9,13-14H,1-2,5-7,10-11,18H2,(H,19,20)/t13-,14-",FHRSHSOEWXUORL-HDJSIYSDSA-N,582,cetraxate,34675-84-8
Cc1ccc(OCC(O)CNC(C)(C)C)c2oc(=O)ccc12,"InChI=1S/C17H23NO4/c1-11-5-7-14(16-13(11)6-8-15(20)22-16)21-10-12(19)9-18-17(2,3)4/h5-8,12,18-19H,9-10H2,1-4H3",CIJVBYRUFLGDHY-UHFFFAOYSA-N,418,bucumolol,58409-59-9
C[N+]1([O-])C2CCC1CC(OC(=O)C(CO)c1ccccc1)C2,"InChI=1S/C17H23NO4/c1-18(21)13-7-8-14(18)10-15(9-13)22-17(20)16(11-19)12-5-3-2-4-6-12/h2-6,13-16,19H,7-11H2,1H3/t13-,14+,15+,16?,18?",HGWPFSBHDACWNL-LZYIFBDPSA-N,261,atropine oxyde,4438-22-6
Oc1c(I)cc(Cl)c2cccnc12,"InChI=1S/C9H5ClINO/c10-6-4-7(11)9(13)8-5(6)2-1-3-12-8/h1-4,13H",QCDFBFJGMNKBDO-UHFFFAOYSA-N,681,clioquinol,130-26-7
CC(C)(Oc1ccc(Cl)cc1)C(=O)OCc1cccnc1,"InChI=1S/C16H16ClNO3/c1-16(2,21-14-7-5-13(17)6-8-14)15(19)20-11-12-4-3-9-18-10-12/h3-10H,11H2,1-2H3",RARQHAFNGNPQCZ-UHFFFAOYSA-N,1915,nicofibrate,31980-29-7
Nc1ccc(S(=O)(=O)c2ccc(NCC(=O)O)cc2)cc1,"InChI=1S/C14H14N2O4S/c15-10-1-5-12(6-2-10)21(19,20)13-7-3-11(4-8-13)16-9-14(17)18/h1-8,16H,9,15H2,(H,17,18)",FKKUMFTYSTZUJG-UHFFFAOYSA-N,44,acediasulfone,80-03-5
Cc1cc(NS(=O)(=O)c2ccc(NC=O)cc2)nc(C)n1,"InChI=1S/C13H14N4O3S/c1-9-7-13(16-10(2)15-9)17-21(19,20)12-5-3-11(4-6-12)14-8-18/h3-8H,1-2H3,(H,14,18)(H,15,16,17)",LACNPVKUGFOYFW-UHFFFAOYSA-N,3247,formylsulfamethin,795-13-1
OCc1ccccc1C(c1ccc(O)cc1)c1ccc(O)cc1,"InChI=1S/C20H18O3/c21-13-16-3-1-2-4-19(16)20(14-5-9-17(22)10-6-14)15-7-11-18(23)12-8-15/h1-12,20-23H,13H2",CREICILGVGNQBH-UHFFFAOYSA-N,3438,phenolphthalol,81-92-5
CCCn1cnc2c1c(=O)n(CCCCC(C)=O)c(=O)n2C,"InChI=1S/C15H22N4O3/c1-4-8-18-10-16-13-12(18)14(21)19(15(22)17(13)3)9-6-5-7-11(2)20/h10H,4-9H2,1-3H3",RBQOQRRFDPXAGN-UHFFFAOYSA-N,2296,propentofylline,55242-55-2
CC(=O)OCC(=O)NCCCOc1cccc(CN2CCCCC2)c1,"InChI=1S/C19H28N2O4/c1-16(22)25-15-19(23)20-9-6-12-24-18-8-5-7-17(13-18)14-21-10-3-2-4-11-21/h5,7-8,13H,2-4,6,9-12,14-15H2,1H3,(H,20,23)",SMTZFNFIKUPEJC-UHFFFAOYSA-N,2408,roxatidine acetate,78628-28-1
CCCCN(CCCC)CCCOC(=O)c1ccc(N)cc1,"InChI=1S/C18H30N2O2/c1-3-5-12-20(13-6-4-2)14-7-15-22-18(21)16-8-10-17(19)11-9-16/h8-11H,3-7,12-15,19H2,1-2H3",HQFWVSGBVLEQGA-UHFFFAOYSA-N,3050,butacaine,149-16-6
CCC(C)C(C(=O)OCC[N+](C)(CC)CC)c1ccccc1,"InChI=1S/C19H32NO2/c1-6-16(4)18(17-12-10-9-11-13-17)19(21)22-15-14-20(5,7-2)8-3/h9-13,16,18H,6-8,14-15H2,1-5H3/q+1",UPPMZCXMQRVMME-UHFFFAOYSA-N,2800,valethamate,16376-74-2
CC[N+]1(CC)CCC(=C(c2ccccc2)c2ccccc2)C1C,"InChI=1S/C22H28N/c1-4-23(5-2)17-16-21(18(23)3)22(19-12-8-6-9-13-19)20-14-10-7-11-15-20/h6-15,18H,4-5,16-17H2,1-3H3/q+1",ZYEPZINLLPPBMI-UHFFFAOYSA-N,2264,prifinium,4630-95-9
CC(C)=CCCC(C)=CCCC(=CCCC(C)=CCO)CO,"InChI=1S/C20H34O2/c1-17(2)8-5-9-18(3)10-6-12-20(16-22)13-7-11-19(4)14-15-21/h8,10,13-14,21-22H,5-7,9,11-12,15-16H2,1-4H3/b18-10+,19-14+,20-13-",SUWYPNNPLSRNPS-UNTSEYQFSA-N,2222,plaunotol,64218-02-6
CC12CCC3C(CCC4CC5SC5CC43C)C1CCC2O,"InChI=1S/C19H30OS/c1-18-8-7-14-12(13(18)5-6-17(18)20)4-3-11-9-15-16(21-15)10-19(11,14)2/h11-17,20H,3-10H2,1-2H3/t11-,12-,13-,14-,15-,16+,17-,18-,19-/m0/s1",OBMLHUPNRURLOK-XGRAFVIBSA-N,3181,epitiostanol,2363-58-8
O=c1[nH]c(=O)n(C2CC(O)C(CO)O2)cc1Br,"InChI=1S/C9H11BrN2O5/c10-4-2-12(9(16)11-8(4)15)7-1-5(14)6(3-13)17-7/h2,5-7,13-14H,1,3H2,(H,11,15,16)/t5-,6+,7+/m0/s1",WOVKYSAHUYNSMH-RRKCRQDMSA-N,3042,broxuridine,59-14-3
NC(CCC(=O)NC(CS)C(=O)NCC(=O)O)C(=O)O,"InChI=1S/C10H17N3O6S/c11-5(10(18)19)1-2-7(14)13-6(4-20)9(17)12-3-8(15)16/h5-6,20H,1-4,11H2,(H,12,17)(H,13,14)(H,15,16)(H,18,19)/t5-,6-/m0/s1",RWSXRVCMGQZWBV-WDSKDSINSA-N,1312,glutathione,70-18-8
NCCCCC(NC(=O)C(N)CSCC(=O)O)C(=O)O,"InChI=1S/C11H21N3O5S/c12-4-2-1-3-8(11(18)19)14-10(17)7(13)5-20-6-9(15)16/h7-8H,1-6,12-13H2,(H,14,17)(H,15,16)(H,18,19)/t7-,8-/m0/s1",ZXFWVUHYOBPQHY-YUMQZZPRSA-N,3892,carbocysteine-lysine,82951-55-1
CCc1nc(CC)nc(NS(=O)(=O)c2ccc(N)cc2)n1,"InChI=1S/C13H17N5O2S/c1-3-11-15-12(4-2)17-13(16-11)18-21(19,20)10-7-5-9(14)6-8-10/h5-8H,3-4,14H2,1-2H3,(H,15,16,17,18)",ZQMQGBHQZZQTJE-UHFFFAOYSA-N,3836,sulfasymazine,1984-94-7
CNCCc1ccc(OC(=O)C(C)C)c(OC(=O)C(C)C)c1,"InChI=1S/C17H25NO4/c1-11(2)16(19)21-14-7-6-13(8-9-18-5)10-15(14)22-17(20)12(3)4/h6-7,10-12,18H,8-9H2,1-5H3",WDKXLLJDNUBYCY-UHFFFAOYSA-N,1405,ibopamine,66195-31-1
COc1cc(OC)c(C(=O)CCCN2CCCC2)c(OC)c1,"InChI=1S/C17H25NO4/c1-20-13-11-15(21-2)17(16(12-13)22-3)14(19)7-6-10-18-8-4-5-9-18/h11-12H,4-10H2,1-3H3",OWYLAEYXIQKAOL-UHFFFAOYSA-N,422,buflomedil,55837-25-7
CCc1cc2cc(OC)c(OC)cc2c(Cc2ccccc2)n1,"InChI=1S/C20H21NO2/c1-4-16-11-15-12-19(22-2)20(23-3)13-17(15)18(21-16)10-14-8-6-5-7-9-14/h5-9,11-13H,4,10H2,1-3H3",MYCMTMIGRXJNSO-UHFFFAOYSA-N,1853,moxaverine,10539-19-2
CN(C)CCn1nc(Cc2ccccc2)c2ccccc2c1=O,"InChI=1S/C19H21N3O/c1-21(2)12-13-22-19(23)17-11-7-6-10-16(17)18(20-22)14-15-8-4-3-5-9-15/h3-11H,12-14H2,1-2H3",LCAAMXMULMCKLJ-UHFFFAOYSA-N,3579,talastine,16188-61-7
Cc1cccc(N(C)C(=S)Oc2ccc3ccccc3c2)c1,"InChI=1S/C19H17NOS/c1-14-6-5-9-17(12-14)20(2)19(22)21-18-11-10-15-7-3-4-8-16(15)13-18/h3-13H,1-2H3",FUSNMLFNXJSCDI-UHFFFAOYSA-N,3617,tolnaftate,2398-96-1
CCOc1ccc2[nH]c(SCCN3CCOCC3)nc2c1,"InChI=1S/C15H21N3O2S/c1-2-20-12-3-4-13-14(11-12)17-15(16-13)21-10-7-18-5-8-19-9-6-18/h3-4,11H,2,5-10H2,1H3,(H,16,17)",WWNUCVSRRUDYPP-UHFFFAOYSA-N,4079,fabomotizole,173352-21-1
CCN(CC)CC(C)(C)COC(=O)C(CO)c1ccccc1,"InChI=1S/C18H29NO3/c1-5-19(6-2)13-18(3,4)14-22-17(21)16(12-20)15-10-8-7-9-11-15/h7-11,16,20H,5-6,12-14H2,1-4H3",ORXLOAFNULMXBG-UHFFFAOYSA-N,3675,amprotropine,148-32-3
CCC(C(=O)OCCOCCN(CC)CC)c1ccccc1,"InChI=1S/C18H29NO3/c1-4-17(16-10-8-7-9-11-16)18(20)22-15-14-21-13-12-19(5-2)6-3/h7-11,17H,4-6,12-15H2,1-3H3",DDVUMDPCZWBYRA-UHFFFAOYSA-N,442,butamirate,18109-80-3
CN1C2CCC1CC(OC(c1ccccc1)c1ccccc1)C2,"InChI=1S/C21H25NO/c1-22-18-12-13-19(22)15-20(14-18)23-21(16-8-4-2-5-9-16)17-10-6-3-7-11-17/h2-11,18-21H,12-15H2,1H3/t18-,19+,20+",GIJXKZJWITVLHI-PMOLBWCYSA-N,333,benzatropine,86-13-5
O=C(O)c1cc(=O)c2c3nc4ccccc4oc-3cc(=O)c2[nH]1,"InChI=1S/C16H8N2O5/c19-9-5-8(16(21)22)18-14-10(20)6-12-15(13(9)14)17-7-3-1-2-4-11(7)23-12/h1-6H,(H,18,19)(H,21,22)",OKPNYGAWTYOBFZ-UHFFFAOYSA-N,3476,pirenoxine,1043-21-6
COc1cc(O)c(C(=O)c2ccccc2)cc1S(=O)(=O)O,"InChI=1S/C14H12O6S/c1-20-12-8-11(15)10(7-13(12)21(17,18)19)14(16)9-5-3-2-4-6-9/h2-8,15H,1H3,(H,17,18,19)",CXVGEDCSTKKODG-UHFFFAOYSA-N,3572,sulisobenzone,4065-45-6
CC(=O)CC(c1ccccc1)c1c(O)c2ccccc2oc1=O,"InChI=1S/C19H16O4/c1-12(20)11-15(13-7-3-2-4-8-13)17-18(21)14-9-5-6-10-16(14)23-19(17)22/h2-10,15,21H,11H2,1H3",PJVWKTKQMONHTI-UHFFFAOYSA-N,2847,warfarin,81-81-2
CN(C(=O)c1c(O)c2ccccc2n(C)c1=O)c1ccccc1,"InChI=1S/C18H16N2O3/c1-19(12-8-4-3-5-9-12)17(22)15-16(21)13-10-6-7-11-14(13)20(2)18(15)23/h3-11,21H,1-2H3",SGOOQMRIPALTEL-UHFFFAOYSA-N,3532,roquinimex,84088-42-6
Cc1c(NC(=O)c2cccnc2)c(=O)n(-c2ccccc2)n1C,"InChI=1S/C17H16N4O2/c1-12-15(19-16(22)13-7-6-10-18-11-13)17(23)21(20(12)2)14-8-4-3-5-9-14/h3-11H,1-2H3,(H,19,22)",BRZANEXCSZCZCI-UHFFFAOYSA-N,1924,nifenazone,2139-47-1
CC(C)CC(NC(=O)C(O)C(N)Cc1ccccc1)C(=O)O,"InChI=1S/C16H24N2O4/c1-10(2)8-13(16(21)22)18-15(20)14(19)12(17)9-11-6-4-3-5-7-11/h3-7,10,12-14,19H,8-9,17H2,1-2H3,(H,18,20)(H,21,22)/t12-,13+,14+/m1/s1",VGGGPCQERPFHOB-RDBSUJKOSA-N,2787,ubenimex,58970-76-6
C#CC1(O)CCC2C3=C(C=CC21CC)C1=C(CC3)CC(=O)CC1,"InChI=1S/C21H24O2/c1-3-20-11-9-17-16-8-6-15(22)13-14(16)5-7-18(17)19(20)10-12-21(20,23)4-2/h2,9,11,13,18-19,23H,3,5-8,10,12H2,1H3/t18-,19+,20+,21+/m1/s1",BJJXHLWLUDYTGC-ANULTFPQSA-N,1292,gestrinone,16320-04-0
CCCCOc1c(N)cccc1C(=O)OCCN(CC)CC,"InChI=1S/C17H28N2O3/c1-4-7-12-21-16-14(9-8-10-15(16)18)17(20)22-13-11-19(5-2)6-3/h8-10H,4-7,11-13,18H2,1-3H3",LJQWYEFHNLTPBZ-UHFFFAOYSA-N,3771,metabutoxycaine,3624-87-1
CCCCOc1cc(C(=O)OCCN(CC)CC)ccc1N,"InChI=1S/C17H28N2O3/c1-4-7-11-21-16-13-14(8-9-15(16)18)17(20)22-12-10-19(5-2)6-3/h8-9,13H,4-7,10-12,18H2,1-3H3",CMHHMUWAYWTMGS-UHFFFAOYSA-N,3016,oxybuprocaine,99-43-4
CC(C)NCCCC1(C(N)=O)c2ccccc2-c2ccccc21,"InChI=1S/C20H24N2O/c1-14(2)22-13-7-12-20(19(21)23)17-10-5-3-8-15(17)16-9-4-6-11-18(16)20/h3-6,8-11,14,22H,7,12-13H2,1-2H3,(H2,21,23)",UCEWGESNIULAGX-UHFFFAOYSA-N,1434,indecainide,74517-78-5
C#CCN1C(=O)CN=C(c2ccccc2)c2cc(Cl)ccc21,"InChI=1S/C18H13ClN2O/c1-2-10-21-16-9-8-14(19)11-15(16)18(20-12-17(21)22)13-6-4-3-5-7-13/h1,3-9,11H,10,12H2",MFZOSKPPVCIFMT-UHFFFAOYSA-N,2175,pinazepam,52463-83-9
Cc1c(OC(=O)c2ccc(N)cc2)c(O)c2ccccc2c1O,"InChI=1S/C18H15NO4/c1-10-15(20)13-4-2-3-5-14(13)16(21)17(10)23-18(22)11-6-8-12(19)9-7-11/h2-9,20-21H,19H2,1H3",YLMPBJUYFTWHKJ-UHFFFAOYSA-N,159,aminaphthone,14748-94-8
COCCOc1cnc(NS(=O)(=O)c2ccccc2)nc1,"InChI=1S/C13H15N3O4S/c1-19-7-8-20-11-9-14-13(15-10-11)16-21(17,18)12-5-3-2-4-6-12/h2-6,9-10H,7-8H2,1H3,(H,14,15,16)",QFWPJPIVLCBXFJ-UHFFFAOYSA-N,1321,glymidine,3459-20-9
Cc1[nH]c(=NC(=N)NS(=O)(=O)c2ccc(N)cc2)oc1C,"InChI=1S/C12H15N5O3S/c1-7-8(2)20-12(15-7)16-11(14)17-21(18,19)10-5-3-9(13)4-6-10/h3-6H,13H2,1-2H3,(H3,14,15,16,17)",IJZUQDQOAFUFJY-UHFFFAOYSA-N,2506,sulfaguanole,27031-08-9
CC(=O)N(C(C)=O)c1ccc(N=Nc2ccccc2C)cc1C,"InChI=1S/C18H19N3O2/c1-12-7-5-6-8-17(12)20-19-16-9-10-18(13(2)11-16)21(14(3)22)15(4)23/h5-11H,1-4H3/b20-19+",YIEDSISPYKQADU-FMQUCBEESA-N,3724,diacetazotol,83-63-6
c1ccc(C2(c3ccccc3)OCC(C3CCCCN3)O2)cc1,"InChI=1S/C20H23NO2/c1-3-9-16(10-4-1)20(17-11-5-2-6-12-17)22-15-19(23-20)18-13-7-8-14-21-18/h1-6,9-12,18-19,21H,7-8,13-15H2",HGKAMARNFGKMLC-UHFFFAOYSA-N,3158,dioxadrol,6495-46-1
CCN(CC)CCC1(c2ccccc2)C(=O)Oc2ccccc21,"InChI=1S/C20H23NO2/c1-3-21(4-2)15-14-20(16-10-6-5-7-11-16)17-12-8-9-13-18(17)23-19(20)22/h5-13H,3-4,14-15H2,1-2H3",HPITVGRITATAFY-UHFFFAOYSA-N,187,amolanone,76-65-3
CCC(=O)C(c1ccccc1)(c1ccccc1)C(C)CN(C)C,"InChI=1S/C21H27NO/c1-5-20(23)21(17(2)16-22(3)4,18-12-8-6-9-13-18)19-14-10-7-11-15-19/h6-15,17H,5,16H2,1-4H3",IFKPLJWIEQBPGG-UHFFFAOYSA-N,1495,isomethadone,466-40-0
OC(CCCN1CCCCC1)(c1ccccc1)c1ccccc1,"InChI=1S/C21H27NO/c23-21(19-11-4-1-5-12-19,20-13-6-2-7-14-20)15-10-18-22-16-8-3-9-17-22/h1-2,4-7,11-14,23H,3,8-10,15-18H2",OGAKLTJNUQRZJU-UHFFFAOYSA-N,313,diphenidol,972-02-1
CN1CCCC(CC2c3ccccc3Sc3ccccc32)C1,"InChI=1S/C20H23NS/c1-21-12-6-7-15(14-21)13-18-16-8-2-4-10-19(16)22-20-11-5-3-9-17(18)20/h2-5,8-11,15,18H,6-7,12-14H2,1H3",MJFJKKXQDNNUJF-UHFFFAOYSA-N,1780,metixene,4969-02-2
CCN(CC)CCOC(=O)C1(C2CCCCC2)CCCCC1,"InChI=1S/C19H35NO2/c1-3-20(4-2)15-16-22-18(21)19(13-9-6-10-14-19)17-11-7-5-8-12-17/h17H,3-16H2,1-2H3",CURUTKGFNZGFSE-UHFFFAOYSA-N,868,dicycloverine,77-19-0
OCC(O)C1OC2OC(C(Cl)(Cl)Cl)OC2C1O,"InChI=1S/C8H11Cl3O6/c9-8(10,11)7-16-5-3(14)4(2(13)1-12)15-6(5)17-7/h2-7,12-14H,1H2/t2-,3+,4-,5-,6-,7-/m1/s1",OJYGBLRPYBAHRT-IPQSZEQASA-N,3086,chloralose,15879-93-3
CC(C)(O)C1C2OC(=O)C1C1(O)CC3OC34C(=O)OC2C14C,"InChI=1S/C15H18O7/c1-12(2,18)6-7-10(16)20-8(6)9-13(3)14(7,19)4-5-15(13,22-5)11(17)21-9/h5-9,18-19H,4H2,1-3H3/t5-,6+,7-,8-,9-,13-,14-,15+/m1/s1",RYEFFICCPKWYML-QCGISDTRSA-N,2163,picrotin,21416-53-5
COc1cc(NS(=O)(=O)c2ccc(N)cc2)nc(OC)n1,"InChI=1S/C12H14N4O4S/c1-19-11-7-10(14-12(15-11)20-2)16-21(17,18)9-5-3-8(13)4-6-9/h3-7H,13H2,1-2H3,(H,14,15,16)",ZZORFUFYDOWNEF-UHFFFAOYSA-N,2501,sulfadimethoxine,122-11-2
CCOc1cc(OCC)c(C(=O)CCC(=O)O)cc1OCC,"InChI=1S/C16H22O6/c1-4-20-13-10-15(22-6-3)14(21-5-2)9-11(13)12(17)7-8-16(18)19/h9-10H,4-8H2,1-3H3,(H,18,19)",YPTFHLJNWSJXKG-UHFFFAOYSA-N,2719,trepibutone,41826-92-0
CNC(=O)COc1ccccc1OCC(O)CNC(C)(C)C,"InChI=1S/C16H26N2O4/c1-16(2,3)18-9-12(19)10-21-13-7-5-6-8-14(13)22-11-15(20)17-4/h5-8,12,18-19H,9-11H2,1-4H3,(H,17,20)",UWCBNAVPISMFJZ-UHFFFAOYSA-N,3079,cetamolol,34919-98-7
c1ccc(-c2ccc(C(c3ccccc3)n3ccnc3)cc2)cc1,"InChI=1S/C22H18N2/c1-3-7-18(8-4-1)19-11-13-21(14-12-19)22(24-16-15-23-17-24)20-9-5-2-6-10-20/h1-17,22H",OCAPBUJLXMYKEJ-UHFFFAOYSA-N,370,bifonazole,60628-96-8
C#CC1(O)CCC2C3CCc4cc(OC)ccc4C3CCC21C,"InChI=1S/C21H26O2/c1-4-21(22)12-10-19-18-7-5-14-13-15(23-3)6-8-16(14)17(18)9-11-20(19,21)2/h1,6,8,13,17-19,22H,5,7,9-12H2,2-3H3/t17-,18-,19+,20+,21+/m1/s1",IMSSROKUHAOUJS-MJCUULBUSA-N,1714,mestranol,72-33-3
C#CC1(O)C=CC2C3CC=C4CC(=O)CCC4C3CCC21CC,"InChI=1S/C21H26O2/c1-3-20-11-9-17-16-8-6-15(22)13-14(16)5-7-18(17)19(20)10-12-21(20,23)4-2/h2,10,12-13,16-19,23H,3,5-9,11H2,1H3/t16-,17+,18+,19-,20-,21-/m0/s1",SIGSPDASOTUPFS-XUDSTZEESA-N,1291,gestodene,60282-87-3
CN1CCCC(CN2c3ccccc3Sc3ccccc32)C1,"InChI=1S/C19H22N2S/c1-20-12-6-7-15(13-20)14-21-16-8-2-4-10-18(16)22-19-11-5-3-9-17(19)21/h2-5,8-11,15H,6-7,12-14H2,1H3",CBHCDHNUZWWAPP-UHFFFAOYSA-N,1688,pecazine,60-89-9
C#CC1(O)CCC2C3CCC4=CCCCC4C3C(=C)CC21CC,"InChI=1S/C22H30O/c1-4-21-14-15(3)20-17-9-7-6-8-16(17)10-11-18(20)19(21)12-13-22(21,23)5-2/h2,8,17-20,23H,3-4,6-7,9-14H2,1H3/t17-,18-,19-,20+,21-,22-/m0/s1",RPLCPCMSCLEKRS-BPIQYHPVSA-N,818,desogestrel,54024-22-5
CC(C)(C)NCC(O)c1cc(Cl)c(N)c(C(F)(F)F)c1,"InChI=1S/C13H18ClF3N2O/c1-12(2,3)19-6-10(20)7-4-8(13(15,16)17)11(18)9(14)5-7/h4-5,10,19-20H,6,18H2,1-3H3",JSJCTEKTBOKRST-UHFFFAOYSA-N,1623,mabuterol,56341-08-3
C=C(c1ccccc1OCc1cccc(Cl)c1)n1ccnc1,"InChI=1S/C18H15ClN2O/c1-14(21-10-9-20-13-21)17-7-2-3-8-18(17)22-12-15-5-4-6-16(19)11-15/h2-11,13H,1,12H2",WHPAGCJNPTUGGD-UHFFFAOYSA-N,740,croconazole,77175-51-0
C=CCOc1cc(Cl)ccc1C(=O)NCCN(CC)CC,"InChI=1S/C16H23ClN2O2/c1-4-11-21-15-12-13(17)7-8-14(15)16(20)18-9-10-19(5-2)6-3/h4,7-8,12H,1,5-6,9-11H2,2-3H3,(H,18,20)",UHWFVIPXDFZTFA-UHFFFAOYSA-N,123,alloclamide,5486-77-1
C=CCN1CCC23c4c5ccc(O)c4OC2C(O)C=CC3C1C5,"InChI=1S/C19H21NO3/c1-2-8-20-9-7-19-12-4-6-15(22)18(19)23-17-14(21)5-3-11(16(17)19)10-13(12)20/h2-6,12-13,15,18,21-22H,1,7-10H2/t12-,13+,15-,18-,19-/m0/s1",UIQMVEYFGZJHCZ-SSTWWWIQSA-N,1877,nalorphine,62-67-9
CCCC(=O)c1cc(F)ccc1OCC(O)CNC(C)(C)C,"InChI=1S/C17H26FNO3/c1-5-6-15(21)14-9-12(18)7-8-16(14)22-11-13(20)10-19-17(2,3)4/h7-9,13,19-20H,5-6,10-11H2,1-4H3",NMBNQRJDEPOXCP-UHFFFAOYSA-N,453,butofilolol,58930-32-8
Cc1ccc(S(=O)(=O)NC(=O)NC2CCCCC2)cc1N,"InChI=1S/C14H21N3O3S/c1-10-7-8-12(9-13(10)15)21(19,20)17-14(18)16-11-5-3-2-4-6-11/h7-9,11H,2-6,15H2,1H3,(H2,16,17,18)",XXYTXQGCRQLRHA-UHFFFAOYSA-N,1717,metahexamide,565-33-3
c1ccc(OCc2ccc(CCCN3CCOCC3)cc2)cc1,"InChI=1S/C20H25NO2/c1-2-6-20(7-3-1)23-17-19-10-8-18(9-11-19)5-4-12-21-13-15-22-16-14-21/h1-3,6-11H,4-5,12-17H2",CVHGCWVMTZWGAY-UHFFFAOYSA-N,3243,fomocaine,17692-39-6
COc1ccc(OCC2CN(C)CCC2c2ccccc2)cc1,"InChI=1S/C20H25NO2/c1-21-13-12-20(16-6-4-3-5-7-16)17(14-21)15-23-19-10-8-18(22-2)9-11-19/h3-11,17,20H,12-15H2,1-2H3/t17-,20-/m1/s1",OJSFTALXCYKKFQ-YLJYHZDGSA-N,3220,femoxetine,59859-58-4
CCN(CC)CCOC(=O)C(c1ccccc1)c1ccccc1,"InChI=1S/C20H25NO2/c1-3-21(4-2)15-16-23-20(22)19(17-11-7-5-8-12-17)18-13-9-6-10-14-18/h5-14,19H,3-4,15-16H2,1-2H3",JGOAIQNSOGZNBX-UHFFFAOYSA-N,94,adiphenine,64-95-9
CC[N+](C)(C)CCC(C(N)=O)(c1ccccc1)c1ccccc1,"InChI=1S/C20H26N2O/c1-4-22(2,3)16-15-20(19(21)23,17-11-7-5-8-12-17)18-13-9-6-10-14-18/h5-14H,4,15-16H2,1-3H3,(H-,21,23)/p+1",KFZMXOLSYABOSE-UHFFFAOYSA-O,149,ambutonium,14007-49-9
CCC(O)C(CC(C)N(C)C)(c1ccccc1)c1ccccc1,"InChI=1S/C21H29NO/c1-5-20(23)21(16-17(2)22(3)4,18-12-8-6-9-13-18)19-14-10-7-11-15-19/h6-15,17,20,23H,5,16H2,1-4H3",QIRAYNIFEOXSPW-UHFFFAOYSA-N,3730,dimepheptanol,545-90-4
OC(CCN1CCCCC1)(c1ccccc1)C1CC2C=CC1C2,"InChI=1S/C21H29NO/c23-21(19-7-3-1-4-8-19,11-14-22-12-5-2-6-13-22)20-16-17-9-10-18(20)15-17/h1,3-4,7-10,17-18,20,23H,2,5-6,11-16H2",YSXKPIUOCJLQIE-UHFFFAOYSA-N,374,biperiden,514-65-8
Clc1ccc(CC(=CCN2CCCC2)c2ccccc2)cc1,"InChI=1S/C20H22ClN/c21-20-10-8-17(9-11-20)16-19(18-6-2-1-3-7-18)12-15-22-13-4-5-14-22/h1-3,6-12H,4-5,13-16H2",WDYYVNNRTDZKAZ-UHFFFAOYSA-N,2334,pyrrobutamine,91-82-7
N=C(N)c1ccc(OCCCOc2ccc(C(=N)N)cc2)cc1,"InChI=1S/C17H20N4O2/c18-16(19)12-2-6-14(7-3-12)22-10-1-11-23-15-8-4-13(5-9-15)17(20)21/h2-9H,1,10-11H2,(H3,18,19)(H3,20,21)",WTFXJFJYEJZMFO-UHFFFAOYSA-N,3493,propamidine,104-32-5
CCOC1OC2OC3(C)CCC4C(C)CCC(C1C)C24OO3,"InChI=1S/C17H28O5/c1-5-18-14-11(3)13-7-6-10(2)12-8-9-16(4)20-15(19-14)17(12,13)22-21-16/h10-15H,5-9H2,1-4H3/t10-,11-,12+,13+,14+,15-,16-,17-/m1/s1",NLYNIRQVMRLPIQ-XQLAAWPRSA-N,246,artemotil,75887-54-6
COc1ccccc1OC(=O)C(C)c1ccc(CC(C)C)cc1,"InChI=1S/C20H24O3/c1-14(2)13-16-9-11-17(12-10-16)15(3)20(21)23-19-8-6-5-7-18(19)22-4/h5-12,14-15H,13H2,1-4H3",FVRWRGBTEHAPDI-UHFFFAOYSA-N,1410,ibuprofen guaiacol ester,66332-77-2
CC(C)(C)c1nnc(NS(=O)(=O)c2ccc(N)cc2)s1,"InChI=1S/C12H16N4O2S2/c1-12(2,3)10-14-15-11(19-10)16-20(17,18)9-6-4-8(13)5-7-9/h4-7H,13H2,1-3H3,(H,15,16)",DVQVBLBKEXITIK-UHFFFAOYSA-N,3268,glybuthiazol,535-65-9
C#CC1(O)CCC2C3CC=C4CC(=O)CCC4(C)C3CCC21C,"InChI=1S/C21H28O2/c1-4-21(23)12-9-18-16-6-5-14-13-15(22)7-10-19(14,2)17(16)8-11-20(18,21)3/h1,13,16-18,23H,5-12H2,2-3H3/t16-,17+,18+,19+,20+,21+/m1/s1",CHNXZKVNWQUJIB-CEGNMAFCSA-N,1084,ethisterone,434-03-7
CC(=O)C1CCC2C3=CC=C4CC(=O)CCC4(C)C3CCC12C,"InChI=1S/C21H28O2/c1-13(22)17-6-7-18-16-5-4-14-12-15(23)8-10-20(14,2)19(16)9-11-21(17,18)3/h4-5,12,16-19H,6-11H2,1-3H3/t16-,17+,18-,19+,20+,21+/m0/s1",JGMOKGBVKVMRFX-HQZYFCCVSA-N,975,dydrogesterone,152-62-5
CC(=O)C1(C)CCC2C3=C(CCC21C)C1=C(CC3)CC(=O)CC1,"InChI=1S/C21H28O2/c1-13(22)20(2)11-9-19-18-6-4-14-12-15(23)5-7-16(14)17(18)8-10-21(19,20)3/h12,18-19H,4-11H2,1-3H3/t18-,19+,20-,21+/m1/s1",JWAHBTQSSMYISL-MHTWAQMVSA-N,803,demegestone,10116-22-0
CCN(CC)C(C)CN1c2ccccc2Sc2ccccc21,"InChI=1S/C19H24N2S/c1-4-20(5-2)15(3)14-21-16-10-6-8-12-18(16)22-19-13-9-7-11-17(19)21/h6-13,15H,4-5,14H2,1-3H3",CDOZDBSBBXSXLB-UHFFFAOYSA-N,1086,profenamine,522-00-9
O=C(O)Cc1cn(-c2ccccc2)nc1-c1ccc(Cl)cc1,"InChI=1S/C17H13ClN2O2/c18-14-8-6-12(7-9-14)17-13(10-16(21)22)11-20(19-17)15-4-2-1-3-5-15/h1-9,11H,10H2,(H,21,22)",XVUQHFRQHBLHQD-UHFFFAOYSA-N,1597,lonazolac,53808-88-1
COC(=O)Nc1nc2cc(C(=O)c3ccc(F)cc3)ccc2[nH]1,"InChI=1S/C16H12FN3O3/c1-23-16(22)20-15-18-12-7-4-10(8-13(12)19-15)14(21)9-2-5-11(17)6-3-9/h2-8H,1H3,(H2,18,19,20,22)",CPEUVMUXAHMANV-UHFFFAOYSA-N,1186,flubendazole,31430-15-6
CC(=O)Nc1ccc(OC(=O)c2ccccc2OC(C)=O)cc1,"InChI=1S/C17H15NO5/c1-11(19)18-13-7-9-14(10-8-13)23-17(21)15-5-3-4-6-16(15)22-12(2)20/h3-10H,1-2H3,(H,18,19)",FEJKLNWAOXSSNR-UHFFFAOYSA-N,310,benorilate,5003-48-5
CCOc1ccc2c3c1OC1C(O)C=CC4C(C2)N(C)CCC341,"InChI=1S/C19H23NO3/c1-3-22-15-7-4-11-10-13-12-5-6-14(21)18-19(12,8-9-20(13)2)16(11)17(15)23-18/h4-7,12-14,18,21H,3,8-10H2,1-2H3/t12-,13+,14-,18-,19-/m0/s1",OGDVEMNWJVYAJL-LEPYJNQMSA-N,3207,ethylmorphine,76-58-4
CCN(CC)CCOC(=O)c1cccc(-c2ccccc2)c1O,"InChI=1S/C19H23NO3/c1-3-20(4-2)13-14-23-19(22)17-12-8-11-16(18(17)21)15-9-6-5-7-10-15/h5-12,21H,3-4,13-14H2,1-2H3",HLDCSYXMVXILQC-UHFFFAOYSA-N,3027,xenysalate,3572-52-9
COc1cccc(C(=O)CCNC(C)C(O)c2ccccc2)c1,"InChI=1S/C19H23NO3/c1-14(19(22)15-7-4-3-5-8-15)20-12-11-18(21)16-9-6-10-17(13-16)23-2/h3-10,13-14,19-20,22H,11-12H2,1-2H3/t14-,19-/m0/s1",GDYUVHBMFVMBAF-LIRRHRJNSA-N,2030,oxyfedrine,15687-41-9
CN1CC2CC(NC(=O)c3[nH]nc4ccccc34)CC(C1)N2C,"InChI=1S/C17H23N5O/c1-21-9-12-7-11(8-13(10-21)22(12)2)18-17(23)16-14-5-3-4-6-15(14)19-20-16/h3-6,11-13H,7-10H2,1-2H3,(H,18,23)(H,19,20)/t11-,12-,13+",MHNNVDILNTUWNS-XYYAHUGASA-N,1438,indisetron,141549-75-9
CCC(O)c1ccc(OCCNC(C)Cc2ccccc2)cc1,"InChI=1S/C20H27NO2/c1-3-20(22)18-9-11-19(12-10-18)23-14-13-21-16(2)15-17-7-5-4-6-8-17/h4-12,16,20-22H,3,13-15H2,1-2H3",DOBLSWXRNYSVDC-UHFFFAOYSA-N,1144,fenalcomine,34616-39-2
O=NN(CCCl)C(=O)NC1C(O)OC(CO)C(O)C1O,"InChI=1S/C9H16ClN3O7/c10-1-2-13(12-19)9(18)11-5-7(16)6(15)4(3-14)20-8(5)17/h4-8,14-17H,1-3H2,(H,11,18)/t4-,5-,6-,7-,8?/m1/s1",MYBLAOJMRYYKMS-RTRLPJTCSA-N,612,chlorozotocin,54749-90-5
Cn1c(=O)c2c(ncn2CCNCc2cccnc2)n(C)c1=O,"InChI=1S/C15H18N6O2/c1-19-13-12(14(22)20(2)15(19)23)21(10-18-13)7-6-17-9-11-4-3-5-16-8-11/h3-5,8,10,17H,6-7,9H2,1-2H3",CDHVRXOLGDSJGX-UHFFFAOYSA-N,3472,pimefylline,10001-43-1
Nc1ccc(S(=O)(=O)Nc2ccnn2-c2ccccc2)cc1,"InChI=1S/C15H14N4O2S/c16-12-6-8-14(9-7-12)22(20,21)18-15-10-11-17-19(15)13-4-2-1-3-5-13/h1-11,18H,16H2",QWCJHSGMANYXCW-UHFFFAOYSA-N,2523,sulfaphenazole,526-08-9
COc1ccc2c(c1)N(CCCN(C)C)c1ccccc1S2,"InChI=1S/C18H22N2OS/c1-19(2)11-6-12-20-15-7-4-5-8-17(15)22-18-10-9-14(21-3)13-16(18)20/h4-5,7-10,13H,6,11-12H2,1-3H3",BRABPYPSZVCCLR-UHFFFAOYSA-N,1756,methopromazine,61-01-8
S=C1SCN(Cc2ccccc2)CN1Cc1ccccc1,"InChI=1S/C17H18N2S2/c20-17-19(12-16-9-5-2-6-10-16)13-18(14-21-17)11-15-7-3-1-4-8-15/h1-10H,11-14H2",QFVAWNPSRQWSDU-UHFFFAOYSA-N,3557,sulbentine,350-12-9
O=C(O)C1N=C(c2ccccc2)c2cc(Cl)ccc2NC1=O,"InChI=1S/C16H11ClN2O3/c17-10-6-7-12-11(8-10)13(9-4-2-1-3-5-9)19-14(16(21)22)15(20)18-12/h1-8,14H,(H,18,20)(H,21,22)",XDDJGVMJFWAHJX-UHFFFAOYSA-N,711,clorazepate,57109-90-7
CN1CCCN(C(c2ccccc2)c2ccc(Cl)cc2)CC1,"InChI=1S/C19H23ClN2/c1-21-12-5-13-22(15-14-21)19(16-6-3-2-4-7-16)17-8-10-18(20)11-9-17/h2-4,6-11,19H,5,12-15H2,1H3",WEUCDJCFJHYFRL-UHFFFAOYSA-N,1381,homochlorcyclizine,848-53-3
Fc1ccc(NC(=S)Nc2cc(Cl)cc(Cl)c2)cc1,"InChI=1S/C13H9Cl2FN2S/c14-8-5-9(15)7-12(6-8)18-13(19)17-11-3-1-10(16)2-4-11/h1-7H,(H2,17,18,19)",ZHNUMLOCJMCLIT-UHFFFAOYSA-N,3326,loflucarban,790-69-2
C=CCN1CCCC1CNC(=O)c1cc2[nH]nnc2cc1OC,"InChI=1S/C16H21N5O2/c1-3-6-21-7-4-5-11(21)10-17-16(22)12-8-13-14(19-20-18-13)9-15(12)23-2/h3,8-9,11H,1,4-7,10H2,2H3,(H,17,22)(H,18,19,20)",KSEYRUGYKHXGFW-UHFFFAOYSA-N,120,alizapride,59338-93-1
COc1ccc2c(c1)Sc1ccc(C(C)C(=O)O)cc1N2C,"InChI=1S/C17H17NO3S/c1-10(17(19)20)11-4-7-15-14(8-11)18(2)13-6-5-12(21-3)9-16(13)22-15/h4-10H,1-3H3,(H,19,20)",VSQMKHNDXWGCDB-UHFFFAOYSA-N,2317,protizinic acid,13799-03-6
O=C(O)C(CC(=O)N1CC2CCCCC2C1)Cc1ccccc1,"InChI=1S/C19H25NO3/c21-18(20-12-15-8-4-5-9-16(15)13-20)11-17(19(22)23)10-14-6-2-1-3-7-14/h1-3,6-7,15-17H,4-5,8-13H2,(H,22,23)/t15-,16+,17-/m0/s1",WPGGHFDDFPHPOB-BBWFWOEESA-N,1818,mitiglinide,145375-43-5
CC(NCCC(c1ccccc1)c1ccccc1)c1ccccc1,"InChI=1S/C23H25N/c1-19(20-11-5-2-6-12-20)24-18-17-23(21-13-7-3-8-14-21)22-15-9-4-10-16-22/h2-16,19,23-24H,17-18H2,1H3",NMKSAYKQLCHXDK-UHFFFAOYSA-N,1148,fendiline,13042-18-7
CCN(CC)CCCC(C)Nc1cc(OC)cc2cccnc12,"InChI=1S/C19H29N3O/c1-5-22(6-2)12-8-9-15(3)21-18-14-17(23-4)13-16-10-7-11-20-19(16)18/h7,10-11,13-15,21H,5-6,8-9,12H2,1-4H3",QTQWMSOQOSJFBV-UHFFFAOYSA-N,3416,pamaquine,491-92-9
O=C(Nc1ccc(Cl)cc1)Nc1ccc(Cl)c(Cl)c1,"InChI=1S/C13H9Cl3N2O/c14-8-1-3-9(4-2-8)17-13(19)18-10-5-6-11(15)12(16)7-10/h1-7H,(H2,17,18,19)",ICUTUKXCWQYESQ-UHFFFAOYSA-N,3630,triclocarban,101-20-2
O=C(O)Cc1sc(-c2ccccc2)nc1-c1ccc(Cl)cc1,"InChI=1S/C17H12ClNO2S/c18-13-8-6-11(7-9-13)16-14(10-15(20)21)22-17(19-16)12-4-2-1-3-5-12/h1-9H,10H2,(H,20,21)",JIEKMACRVQTPRC-UHFFFAOYSA-N,1165,fentiazac,18046-21-4
CN(C)CCN1C(=O)c2ccccc2Nc2cc(Cl)ccc21,"InChI=1S/C17H18ClN3O/c1-20(2)9-10-21-16-8-7-12(18)11-15(16)19-14-6-4-3-5-13(14)17(21)22/h3-8,11,19H,9-10H2,1-2H3",IDWVKNARDDZONS-UHFFFAOYSA-N,3714,clobenzepam,1159-93-9
CN(C)CCC=C1c2ccccc2Sc2ccc(Cl)cc21,"InChI=1S/C18H18ClNS/c1-20(2)11-5-7-14-15-6-3-4-8-17(15)21-18-10-9-13(19)12-16(14)18/h3-4,6-10,12H,5,11H2,1-2H3/b14-7-",WSPOMRSOLSGNFJ-AUWJEWJLSA-N,623,chlorprothixene,113-59-7
O=[N+]([O-])OCC(CO[N+](=O)[O-])(CO[N+](=O)[O-])CO[N+](=O)[O-],"InChI=1S/C5H8N4O12/c10-6(11)18-1-5(2-19-7(12)13,3-20-8(14)15)4-21-9(16)17/h1-4H2",TZRXHJWUDPFEEY-UHFFFAOYSA-N,2087,pentaerithrityl tetranitrate,78-11-5
CCOC(=O)c1c(N)sc2c1CCN(Cc1ccccc1)C2,"InChI=1S/C17H20N2O2S/c1-2-21-17(20)15-13-8-9-19(11-14(13)22-16(15)18)10-12-6-4-3-5-7-12/h3-7H,2,8-11,18H2,1H3",PFENFDGYVLAFBR-UHFFFAOYSA-N,2672,tinoridine,24237-54-5
CCCCN(CCCC)CCNc1nc(-c2ccccc2)no1,"InChI=1S/C18H28N4O/c1-3-5-13-22(14-6-4-2)15-12-19-18-20-17(21-23-18)16-10-8-7-9-11-16/h7-11H,3-6,12-15H2,1-2H3,(H,19,20,21)",VYWQZAARVNRSTR-UHFFFAOYSA-N,440,butalamine,22131-35-7
CC(=O)C1CCC2C3CC=C4CC(OC(=O)CCC(=O)O)CCC4(C)C3CCC12C,"InChI=1S/C25H36O5/c1-15(26)19-6-7-20-18-5-4-16-14-17(30-23(29)9-8-22(27)28)10-12-24(16,2)21(18)11-13-25(19,20)3/h4,17-21H,5-14H2,1-3H3,(H,27,28)/t17-,18-,19+,20-,21-,24-,25+/m0/s1",OZZAYJQNMKMUSD-DMISRAGPSA-N,2256,pregnenolone succinate,4598-67-8
CC1C=C2CC(=O)CCC2(C)C2CCC3(C)C(CCC3(C)O)C12,"InChI=1S/C21H32O2/c1-13-11-14-12-15(22)5-8-19(14,2)16-6-9-20(3)17(18(13)16)7-10-21(20,4)23/h12-13,16-18,23H,5-11H2,1-4H3/t13-,16-,17-,18+,19-,20-,21-/m0/s1",IVFYLRMMHVYGJH-PVPPCFLZSA-N,468,calusterone,17021-26-0
CN(C)CC=C(c1ccc(Br)cc1)c1cccnc1,"InChI=1S/C16H17BrN2/c1-19(2)11-9-16(14-4-3-10-18-12-14)13-5-7-15(17)8-6-13/h3-10,12H,11H2,1-2H3/b16-9-",OYPPVKRFBIWMSX-SXGWCWSVSA-N,2863,zimeldine,56775-88-3
O=C1Nc2ccccc2C1(c1ccc(O)cc1)c1ccc(O)cc1,"InChI=1S/C20H15NO3/c22-15-9-5-13(6-10-15)20(14-7-11-16(23)12-8-14)17-3-1-2-4-18(17)21-19(20)24/h1-12,22-23H,(H,21,24)",SJDACOMXKWHBOW-UHFFFAOYSA-N,2038,oxyphenisatine,125-13-3
COc1ccc(CCNCC(O)c2ccc(O)cc2)cc1OC,"InChI=1S/C18H23NO4/c1-22-17-8-3-13(11-18(17)23-2)9-10-19-12-16(21)14-4-6-15(20)7-5-14/h3-8,11,16,19-21H,9-10,12H2,1-2H3/t16-/m0/s1",VHSBBVZJABQOSG-INIZCTEOSA-N,806,denopamine,71771-90-9
Oc1ccc(CCCCNCC(O)c2ccc(O)c(O)c2)cc1,"InChI=1S/C18H23NO4/c20-15-7-4-13(5-8-15)3-1-2-10-19-12-18(23)14-6-9-16(21)17(22)11-14/h4-9,11,18-23H,1-3,10,12H2/t18-/m0/s1",IIRWWTKISYTTBL-SFHVURJKSA-N,237,arbutamine,128470-16-6
CN(Cc1ccc(C(C)(C)C)cc1)Cc1cccc2ccccc12,"InChI=1S/C23H27N/c1-23(2,3)21-14-12-18(13-15-21)16-24(4)17-20-10-7-9-19-8-5-6-11-22(19)20/h5-15H,16-17H2,1-4H3",ABJKWBDEJIDSJZ-UHFFFAOYSA-N,444,butenafine,101828-21-1
C[N+]1(C)CCN(CC(O)(c2ccccc2)C2CCCCC2)CC1,"InChI=1S/C20H33N2O/c1-22(2)15-13-21(14-16-22)17-20(23,18-9-5-3-6-10-18)19-11-7-4-8-12-19/h3,5-6,9-10,19,23H,4,7-8,11-17H2,1-2H3/q+1",ZRYHPQCHHOKSMD-UHFFFAOYSA-N,1371,hexocyclium,6004-98-4
CCC(C)(C)c1ccc(CC(C)CN2CC(C)OC(C)C2)cc1,"InChI=1S/C21H35NO/c1-7-21(5,6)20-10-8-19(9-11-20)12-16(2)13-22-14-17(3)23-18(4)15-22/h8-11,16-18H,7,12-15H2,1-6H3/t16?,17-,18+",MQHLMHIZUIDKOO-AYHJJNSGSA-N,188,amorolfine,78613-35-1
CC(CN(C)C)OC(C)(c1ccccc1)c1ccc(Cl)cc1,"InChI=1S/C19H24ClNO/c1-15(14-21(3)4)22-19(2,16-8-6-5-7-9-16)17-10-12-18(20)13-11-17/h5-13,15H,14H2,1-4H3",WILANEPAIMJUCP-UHFFFAOYSA-N,1652,mecloxamine,5668-06-4
CC1COc2c(C3(N)CC3)c(F)cc3c(=O)c(C(=O)O)cn1c23,"InChI=1S/C16H15FN2O4/c1-7-6-23-14-11(16(18)2-3-16)10(17)4-8-12(14)19(7)5-9(13(8)20)15(21)22/h4-5,7H,2-3,6,18H2,1H3,(H,21,22)/t7-/m0/s1",XAGMUUZPGZWTRP-ZETCQYMHSA-N,2070,pazufloxacin,127045-41-4
O=C1OC(c2ccc(O)cc2)(c2ccc(O)cc2)c2ccccc21,"InChI=1S/C20H14O4/c21-15-9-5-13(6-10-15)20(14-7-11-16(22)12-8-14)18-4-2-1-3-17(18)19(23)24-20/h1-12,21-22H",KJFMBFZCATUALV-UHFFFAOYSA-N,2135,phenolphthalein,77-09-8
C[N+]1(C)C2CC(OC(=O)C(CO)c3ccccc3)CC1C1OC12,"InChI=1S/C18H24NO4/c1-19(2)14-8-12(9-15(19)17-16(14)23-17)22-18(21)13(10-20)11-6-4-3-5-7-11/h3-7,12-17,20H,8-10H2,1-2H3/q+1/t12-,13-,14-,15+,16-,17+/m1/s1",LZCOQTDXKCNBEE-IKIFYQGPSA-N,1757,methscopolamine,13265-10-6
CC12CCC(=O)C(=O)C1CCC1C2CCC2(C)C1CCC2(C)O,"InChI=1S/C20H30O3/c1-18-9-8-16(21)17(22)15(18)5-4-12-13(18)6-10-19(2)14(12)7-11-20(19,3)23/h12-14,22-23H,4-11H2,1-3H3/t12-,13+,14+,18-,19+,20+/m1/s1",RXXBBHGCAXVBES-XMUHMHRVSA-N,2031,oxymesterone,145-12-0
CCN(CC)CCOC(=O)C(c1ccccc1)N1CCCCC1,"InChI=1S/C19H30N2O2/c1-3-20(4-2)15-16-23-19(22)18(17-11-7-5-8-12-17)21-13-9-6-10-14-21/h5,7-8,11-12,18H,3-4,6,9-10,13-16H2,1-2H3",JGTJANXYSNVLMQ-UHFFFAOYSA-N,3025,bietamiverine,479-81-2
C[N+]1(CCC(O)(c2ccccc2)c2cccs2)CCOCC1,"InChI=1S/C18H24NO2S/c1-19(11-13-21-14-12-19)10-9-18(20,17-8-5-15-22-17)16-6-3-2-4-7-16/h2-8,15,20H,9-14H2,1H3/q+1",HJDYAOBDPZQHOD-UHFFFAOYSA-N,2660,tiemonium,6252-92-2
CC[N+](CC)(CC)CCC(O)(c1ccccc1)C1CCCCC1,"InChI=1S/C21H36NO/c1-4-22(5-2,6-3)18-17-21(23,19-13-9-7-10-14-19)20-15-11-8-12-16-20/h7,9-10,13-14,20,23H,4-6,8,11-12,15-18H2,1-3H3/q+1",NPRHVSBSZMAEIN-UHFFFAOYSA-N,2737,tridihexethyl,60-49-1
O=P(O)(O)C(Sc1ccc(Cl)cc1)P(=O)(O)O,"InChI=1S/C7H9ClO6P2S/c8-5-1-3-6(4-2-5)17-7(15(9,10)11)16(12,13)14/h1-4,7H,(H2,9,10,11)(H2,12,13,14)",DKJJVAGXPKPDRL-UHFFFAOYSA-N,2666,tiludronic acid,89987-06-4
CCc1cc2c(s1)N(C)C(=O)CN=C2c1ccccc1Cl,"InChI=1S/C16H15ClN2OS/c1-3-10-8-12-15(11-6-4-5-7-13(11)17)18-9-14(20)19(2)16(12)21-10/h4-8H,3,9H2,1-2H3",CHBRHODLKOZEPZ-UHFFFAOYSA-N,718,clotiazepam,33671-46-4
CC(=Cc1ccccc1)C=C1SC(=S)N(CC(=O)O)C1=O,"InChI=1S/C15H13NO3S2/c1-10(7-11-5-3-2-4-6-11)8-12-14(19)16(9-13(17)18)15(20)21-12/h2-8H,9H2,1H3,(H,17,18)/b10-7+,12-8-",CHNUOJQWGUIOLD-NFZZJPOKSA-N,1021,epalrestat,82159-09-9
CCN(CC)CCOC(=O)C(c1ccccc1)C1(O)CCCC1,"InChI=1S/C19H29NO3/c1-3-20(4-2)14-15-23-18(21)17(16-10-6-5-7-11-16)19(22)12-8-9-13-19/h5-7,10-11,17,22H,3-4,8-9,12-15H2,1-2H3",LMKPHJYTFHAGHK-UHFFFAOYSA-N,3122,cyclodrine,78853-39-1
N#CC(=C1SCC(c2ccccc2Cl)S1)n1ccnc1,"InChI=1S/C14H10ClN3S2/c15-11-4-2-1-3-10(11)13-8-19-14(20-13)12(7-16)18-6-5-17-9-18/h1-6,9,13H,8H2/b14-12+",ZRTQSJFIDWNVJW-WYMLVPIESA-N,3979,lanoconazole,101530-10-3
CCn1cc(C(=O)O)c(=O)c2cc(F)c(N3CCNCC3)nc21,"InChI=1S/C15H17FN4O3/c1-2-19-8-10(15(22)23)12(21)9-7-11(16)14(18-13(9)19)20-5-3-17-4-6-20/h7-8,17H,2-6H2,1H3,(H,22,23)",IDYZIJYBMGIQMJ-UHFFFAOYSA-N,1013,enoxacin,74011-58-8
CCC1(c2ccccc2)C(=O)N(COC)C(=O)N(COC)C1=O,"InChI=1S/C16H20N2O5/c1-4-16(12-8-6-5-7-9-12)13(19)17(10-22-2)15(21)18(11-23-3)14(16)20/h5-9H,4,10-11H2,1-3H3",DACOQFZGGLCXMA-UHFFFAOYSA-N,3193,eterobarb,27511-99-5
CC(C)=CCc1c(O)n(-c2ccccc2)n(-c2ccccc2)c1=O,"InChI=1S/C20H20N2O2/c1-15(2)13-14-18-19(23)21(16-9-5-3-6-10-16)22(20(18)24)17-11-7-4-8-12-17/h3-13,18H,14H2,1-2H3",RBBWCVQDXDFISW-UHFFFAOYSA-N,1169,feprazone,30748-29-9
CC(C)(C)c1ccc2c(S(=O)(=O)O)c(C(C)(C)C)ccc2c1,"InChI=1S/C18H24O3S/c1-17(2,3)13-8-9-14-12(11-13)7-10-15(18(4,5)6)16(14)22(19,20)21/h7-11H,1-6H3,(H,19,20,21)",WBEBQCINXJDZCX-UHFFFAOYSA-N,860,dibunate,14992-59-7
CCN(CC)CCNC(C(=O)OCCC(C)C)c1ccccc1,"InChI=1S/C19H32N2O2/c1-5-21(6-2)14-13-20-18(17-10-8-7-9-11-17)19(22)23-15-12-16(3)4/h7-11,16,18,20H,5-6,12-15H2,1-4H3",RYOOHIUJEJZCFT-UHFFFAOYSA-N,472,camylofin,54-30-8
COC1CC(=C(c2cccs2)c2cccs2)C[N+](C)(C)C1,"InChI=1S/C17H22NOS2/c1-18(2)11-13(10-14(12-18)19-3)17(15-6-4-8-20-15)16-7-5-9-21-16/h4-9,14H,10-12H2,1-3H3/q+1",PDYOTUCJOLELJU-UHFFFAOYSA-N,2667,timepidium,35035-05-3
O=C(O)c1nn(Cc2ccc(Cl)cc2Cl)c2ccccc12,"InChI=1S/C15H10Cl2N2O2/c16-10-6-5-9(12(17)7-10)8-19-13-4-2-1-3-11(13)14(18-19)15(20)21/h1-7H,8H2,(H,20,21)",WDRYRZXSPDWGEB-UHFFFAOYSA-N,1598,lonidamine,50264-69-2
COC(COC(N)=O)C1=C(N2CC2)C(=O)C(C)=C(N2CC2)C1=O,"InChI=1S/C15H19N3O5/c1-8-11(17-3-4-17)14(20)10(9(22-2)7-23-15(16)21)12(13(8)19)18-5-6-18/h9H,3-7H2,1-2H3,(H2,16,21)",SHHKQEUPHAENFK-UHFFFAOYSA-N,503,carboquone,24279-91-2
CCOC(=O)c1ccc(OC(=O)CCCCCN=C(N)N)cc1,"InChI=1S/C16H23N3O4/c1-2-22-15(21)12-7-9-13(10-8-12)23-14(20)6-4-3-5-11-19-16(17)18/h7-10H,2-6,11H2,1H3,(H4,17,18,19)",YKGYIDJEEQRWQH-UHFFFAOYSA-N,3257,gabexate,39492-01-8
CC1C2Cc3ccc(O)cc3C1(C)CCN2CCc1ccccc1,"InChI=1S/C22H27NO/c1-16-21-14-18-8-9-19(24)15-20(18)22(16,2)11-13-23(21)12-10-17-6-4-3-5-7-17/h3-9,15-16,21,24H,10-14H2,1-2H3",ZQHYKVKNPWDQSL-UHFFFAOYSA-N,2119,phenazocine,127-35-5
O=C(OCCN1CCCCC1)C1(C2CCCCC2)CCCCC1,"InChI=1S/C20H35NO2/c22-19(23-17-16-21-14-8-3-9-15-21)20(12-6-2-7-13-20)18-10-4-1-5-11-18/h18H,1-17H2",MNSQDVCVWNXBFQ-UHFFFAOYSA-N,883,dihexyverine,561-77-3
O=P(O)(O)C(O)(Cc1cnc2ccccn12)P(=O)(O)O,"InChI=1S/C9H12N2O7P2/c12-9(19(13,14)15,20(16,17)18)5-7-6-10-8-3-1-2-4-11(7)8/h1-4,6,12H,5H2,(H2,13,14,15)(H2,16,17,18)",VMMKGHQPQIEGSQ-UHFFFAOYSA-N,4074,minodronic acid,180064-38-4
COC1(C)CC(c2ccccc2)c2c(c3ccccc3oc2=O)O1,"InChI=1S/C20H18O4/c1-20(22-2)12-15(13-8-4-3-5-9-13)17-18(24-20)14-10-6-7-11-16(14)23-19(17)21/h3-11,15H,12H2,1-2H3",ZGFASEKBKWVCGP-UHFFFAOYSA-N,3121,cyclocoumarol,518-20-7
CC(=O)CCc1c(O)n(-c2ccccc2)n(-c2ccccc2)c1=O,"InChI=1S/C19H18N2O3/c1-14(22)12-13-17-18(23)20(15-8-4-2-5-9-15)21(19(17)24)16-10-6-3-7-11-16/h2-11,17H,12-13H2,1H3",LGYTZKPVOAIUKX-UHFFFAOYSA-N,1522,kebuzone,853-34-9
CC1CCCC(O)CCCCCc2cc(O)cc(O)c2C(=O)O1,"InChI=1S/C18H26O5/c1-12-6-5-9-14(19)8-4-2-3-7-13-10-15(20)11-16(21)17(13)18(22)23-12/h10-12,14,19-21H,2-9H2,1H3/t12-,14+/m0/s1",DWTTZBARDOXEAM-GXTWGEPZSA-N,2860,zeranol,26538-44-3
O=C(NC1CCCCC1)NS(=O)(=O)c1ccc2c(c1)CCC2,"InChI=1S/C16H22N2O3S/c19-16(17-14-7-2-1-3-8-14)18-22(20,21)15-10-9-12-5-4-6-13(12)11-15/h9-11,14H,1-8H2,(H2,17,18,19)",NFRPNQDSKJJQGV-UHFFFAOYSA-N,3271,glyhexamide,451-71-8
c1ccc2c(c1)Sc1ccccc1N2CC1CN2CCC1CC2,"InChI=1S/C20H22N2S/c1-3-7-19-17(5-1)22(18-6-2-4-8-20(18)23-19)14-16-13-21-11-9-15(16)10-12-21/h1-8,15-16H,9-14H2",HOKDBMAJZXIPGC-UHFFFAOYSA-N,1707,mequitazine,29216-28-2
CCN1CC2CN(C)CC(C1)C2OC(=O)c1ccc(Cl)cc1,"InChI=1S/C17H23ClN2O2/c1-3-20-10-13-8-19(2)9-14(11-20)16(13)22-17(21)12-4-6-15(18)7-5-12/h4-7,13-14,16H,3,8-11H2,1-2H3/t13-,14+,16+",PMCPYLGCPSNSLS-FOLVSLTJSA-N,377,bisaramil,89194-77-4
CC12CCC(=O)C(Cl)=C1CCC1C2CCC2(C)C(O)CCC12,"InChI=1S/C19H27ClO2/c1-18-10-8-15(21)17(20)14(18)4-3-11-12-5-6-16(22)19(12,2)9-7-13(11)18/h11-13,16,22H,3-10H2,1-2H3/t11-,12-,13-,16-,18+,19-/m0/s1",KCZCIYZKSLLNNH-FBPKJDBXSA-N,3112,clostebol,1093-58-9
COc1ccc2c(=O)c3ccccc3oc2c1CN1CCCCC1,"InChI=1S/C20H21NO3/c1-23-17-10-9-15-19(22)14-7-3-4-8-18(14)24-20(15)16(17)13-21-11-5-2-6-12-21/h3-4,7-10H,2,5-6,11-13H2,1H3",PYSOHOOUXFWCFF-UHFFFAOYSA-N,1701,mepixanox,17854-59-0
COc1ccc2c(=O)c(C)c(-c3ccccc3)oc2c1CN(C)C,"InChI=1S/C20H21NO3/c1-13-18(22)15-10-11-17(23-4)16(12-21(2)3)20(15)24-19(13)14-8-6-5-7-9-14/h5-11H,12H2,1-4H3",ZXFQRFXLFWWKLX-UHFFFAOYSA-N,899,dimefline,1165-48-6
COc1ccccc1OCCOCCOCCN1CCCCC1,"InChI=1S/C18H29NO4/c1-20-17-7-3-4-8-18(17)23-16-15-22-14-13-21-12-11-19-9-5-2-6-10-19/h3-4,7-8H,2,5-6,9-16H2,1H3",PPVFOZYARYOARE-UHFFFAOYSA-N,3453,guaiapate,852-42-6
CC(C)(C)NCC(O)COc1ccccc1OCC1CCCO1,"InChI=1S/C18H29NO4/c1-18(2,3)19-11-14(20)12-22-16-8-4-5-9-17(16)23-13-15-7-6-10-21-15/h4-5,8-9,14-15,19-20H,6-7,10-13H2,1-3H3",AKLNLVOZXMQGSI-UHFFFAOYSA-N,3046,bufetolol,53684-49-4
CC(C)NCC(O)COc1ccc(OCCOCC2CC2)cc1,"InChI=1S/C18H29NO4/c1-14(2)19-11-16(20)13-23-18-7-5-17(6-8-18)22-10-9-21-12-15-3-4-15/h5-8,14-16,19-20H,3-4,9-13H2,1-2H3",JNDJPKHYZWRRIS-UHFFFAOYSA-N,637,cicloprolol,94651-09-9
CCN1CCCC(OC(=O)C(c2ccccc2)c2ccccc2)C1,"InChI=1S/C21H25NO2/c1-2-22-15-9-14-19(16-22)24-21(23)20(17-10-5-3-6-11-17)18-12-7-4-8-13-18/h3-8,10-13,19-20H,2,9,14-16H2,1H3",KTHVBAZBLKXIHZ-UHFFFAOYSA-N,2190,piperidolate,82-98-4
CCN(CC)CCOC(=O)C(=Cc1ccccc1)c1ccccc1,"InChI=1S/C21H25NO2/c1-3-22(4-2)15-16-24-21(23)20(19-13-9-6-10-14-19)17-18-11-7-5-8-12-18/h5-14,17H,3-4,15-16H2,1-2H3",UTTZVFFEPWFVRY-UHFFFAOYSA-N,653,cinnamaverine,1679-75-0
CCN(CC)C(=O)C1C=C2c3cccc4[nH]cc(c34)CC2N(C)C1,"InChI=1S/C20H25N3O/c1-4-23(5-2)20(24)14-9-16-15-7-6-8-17-19(15)13(11-21-17)10-18(16)22(3)12-14/h6-9,11,14,18,21H,4-5,10,12H2,1-3H3/t14-,18-/m1/s1",VAYOSLLFUXYJDT-RDTXWAMCSA-N,1621,lysergide,50-37-3
Cc1cccc(N(C)C(=S)Oc2ccc3c(c2)C2CCC3C2)c1,"InChI=1S/C20H21NOS/c1-13-4-3-5-16(10-13)21(2)20(23)22-17-8-9-18-14-6-7-15(11-14)19(18)12-17/h3-5,8-10,12,14-15H,6-7,11H2,1-2H3",CANCCLAKQQHLNK-UHFFFAOYSA-N,3614,tolciclate,50838-36-3
CC(CN(C)C)CN1c2ccccc2Sc2ccc(C#N)cc21,"InChI=1S/C19H21N3S/c1-14(12-21(2)3)13-22-16-6-4-5-7-18(16)23-19-9-8-15(11-20)10-17(19)22/h4-10,14H,12-13H2,1-3H3",SLFGIOIONGJGRT-UHFFFAOYSA-N,746,cyamemazine,3546-03-0
C[S+](C)CCOC(=O)C(O)(c1ccccc1)C1CCCCC1,"InChI=1S/C18H27O3S/c1-22(2)14-13-21-17(19)18(20,15-9-5-3-6-10-15)16-11-7-4-8-12-16/h3,5-6,9-10,16,20H,4,7-8,11-14H2,1-2H3/q+1",PMFZALLSVLZXMR-UHFFFAOYSA-N,2040,oxysonium,3569-58-2
O=C1OC(CN2CCOCC2)CN1N=Cc1ccc([N+](=O)[O-])o1,"InChI=1S/C13H16N4O6/c18-13-16(14-7-10-1-2-12(22-10)17(19)20)9-11(23-13)8-15-3-5-21-6-4-15/h1-2,7,11H,3-6,8-9H2/b14-7+",YVQVOQKFMFRVGR-VGOFMYFVSA-N,1256,furaltadone,139-91-3
CCOC(=O)COc1ccc2c(=O)cc(-c3ccccc3)oc2c1,"InChI=1S/C19H16O5/c1-2-22-19(21)12-23-14-8-9-15-16(20)11-17(24-18(15)10-14)13-6-4-3-5-7-13/h3-11H,2,12H2,1H3",ZVXBAHLOGZCFTP-UHFFFAOYSA-N,991,efloxate,119-41-5
CC(C)C(N)C(=O)OCCOCn1cnc2c(=O)[nH]c(N)nc21,"InChI=1S/C13H20N6O4/c1-7(2)8(14)12(21)23-4-3-22-6-19-5-16-9-10(19)17-13(15)18-11(9)20/h5,7-8H,3-4,6,14H2,1-2H3,(H3,15,17,18,20)/t8-/m0/s1",HDOVUKNUBWVHOX-QMMMGPOBSA-N,2798,valaciclovir,124832-27-5
Nc1ccc(OCCCCCN2C(=O)c3ccccc3C2=O)cc1,"InChI=1S/C19H20N2O3/c20-14-8-10-15(11-9-14)24-13-5-1-4-12-21-18(22)16-6-2-3-7-17(16)19(21)23/h2-3,6-11H,1,4-5,12-13,20H2",GIIGAFADHXYOPM-UHFFFAOYSA-N,3674,amphotalide,1673-06-9
OCCN(CCO)c1nc(-c2ccccc2)c(-c2ccccc2)o1,"InChI=1S/C19H20N2O3/c22-13-11-21(12-14-23)19-20-17(15-7-3-1-4-8-15)18(24-19)16-9-5-2-6-10-16/h1-10,22-23H,11-14H2",UUCMDZWCRNZCOY-UHFFFAOYSA-N,929,ditazole,18471-20-0
CN(C)CCCNc1c2ccccc2nc2cccc([N+](=O)[O-])c12,"InChI=1S/C18H20N4O2/c1-21(2)12-6-11-19-18-13-7-3-4-8-14(13)20-15-9-5-10-16(17(15)18)22(23)24/h3-5,7-10H,6,11-12H2,1-2H3,(H,19,20)",YMVWGSQGCWCDGW-UHFFFAOYSA-N,3386,nitracrine,4533-39-5
CC(=O)c1ccc(S(=O)(=O)NC(=O)NC2CCCCC2)cc1,"InChI=1S/C15H20N2O4S/c1-11(18)12-7-9-14(10-8-12)22(20,21)17-15(19)16-13-5-3-2-4-6-13/h7-10,13H,2-6H2,1H3,(H2,16,17,19)",VGZSUPCWNCWDAN-UHFFFAOYSA-N,57,acetohexamide,968-81-0
C=CC1CNCCC1CCC(=O)c1ccnc2ccc(OC)cc12,"InChI=1S/C20H24N2O2/c1-3-14-13-21-10-8-15(14)4-7-20(23)17-9-11-22-19-6-5-16(24-2)12-18(17)19/h3,5-6,9,11-12,14-15,21H,1,4,7-8,10,13H2,2H3/t14-,15+/m0/s1",DKRSEIPLAZTSFD-LSDHHAIUSA-N,3646,viquidil,84-55-9
C=CC1CN2CCC1CC2C(O)c1ccnc2ccc(OC)cc12,"InChI=1S/C20H24N2O2/c1-3-13-12-22-9-7-14(13)10-19(22)20(23)16-6-8-21-18-5-4-15(24-2)11-17(16)18/h3-6,8,11,13-14,19-20,23H,1,7,9-10,12H2,2H3/t13-,14-,19+,20-/m0/s1",LOUPRKONTZGTKE-LHHVKLHASA-N,2346,quinidine,56-54-2
CCNC1CC(C)S(=O)(=O)c2sc(S(N)(=O)=O)cc21,"InChI=1S/C10H16N2O4S3/c1-3-12-8-4-6(2)18(13,14)10-7(8)5-9(17-10)19(11,15)16/h5-6,8,12H,3-4H2,1-2H3,(H2,11,15,16)/t6-,8-/m0/s1",IAVUPMFITXYVAF-XPUUQOCRSA-N,949,dorzolamide,120279-96-1
CCC(=O)N(CC(C)N(C)CCc1ccccc1)c1ccccc1,"InChI=1S/C21H28N2O/c1-4-21(24)23(20-13-9-6-10-14-20)17-18(2)22(3)16-15-19-11-7-5-8-12-19/h5-14,18H,4,15-17H2,1-3H3",RXTHKWVSXOIHJS-UHFFFAOYSA-N,850,diampromide,552-25-0
Cn1nnc2ccc(C(c3ccc(Cl)cc3)n3cncn3)cc21,"InChI=1S/C16H13ClN6/c1-22-15-8-12(4-7-14(15)20-21-22)16(23-10-18-9-19-23)11-2-5-13(17)6-3-11/h2-10,16H,1H3/t16-/m0/s1",XLMPPFTZALNBFS-INIZCTEOSA-N,3651,vorozole,129731-10-8
O=C1CN=C(c2ccccc2)c2cc(Cl)ccc2N1CC1CC1,"InChI=1S/C19H17ClN2O/c20-15-8-9-17-16(10-15)19(14-4-2-1-3-5-14)21-11-18(23)22(17)12-13-6-7-13/h1-5,8-10,13H,6-7,11-12H2",MWQCHHACWWAQLJ-UHFFFAOYSA-N,2240,prazepam,2955-38-6
COc1cc(C(=O)NCCCCCC(=O)O)cc(OC)c1OC,"InChI=1S/C16H23NO6/c1-21-12-9-11(10-13(22-2)15(12)23-3)16(20)17-8-6-4-5-7-14(18)19/h9-10H,4-8H2,1-3H3,(H,17,20)(H,18,19)",MPTXLVRHYGBOQY-UHFFFAOYSA-N,481,capobenic acid,21434-91-3
CC(CO)NC(=O)C1C=C2c3cccc4[nH]cc(c34)CC2N(C)C1,"InChI=1S/C19H23N3O2/c1-11(10-23)21-19(24)13-6-15-14-4-3-5-16-18(14)12(8-20-16)7-17(15)22(2)9-13/h3-6,8,11,13,17,20,23H,7,9-10H2,1-2H3,(H,21,24)/t11-,13+,17+/m0/s1",WVVSZNPYNCNODU-XTQGRXLLSA-N,1042,ergometrine,60-79-7
CC1(C)SC2C(N=CN3CCCCCC3)C(=O)N2C1C(=O)O,"InChI=1S/C15H23N3O3S/c1-15(2)11(14(20)21)18-12(19)10(13(18)22-15)16-9-17-7-5-3-4-6-8-17/h9-11,13H,3-8H2,1-2H3,(H,20,21)/b16-9+/t10-,11+,13-/m1/s1",BWWVAEOLVKTZFQ-ISVUSNJMSA-N,1648,mecillinam,32887-01-7
CCN(CC)CCOc1ccccc1C(=O)CCc1ccccc1,"InChI=1S/C21H27NO2/c1-3-22(4-2)16-17-24-21-13-9-8-12-19(21)20(23)15-14-18-10-6-5-7-11-18/h5-13H,3-4,14-17H2,1-2H3",OEGDFSLNGABBKJ-UHFFFAOYSA-N,1069,etafenone,90-54-0
Cc1ccccc1N1CCN(CCc2nnc3n2CCCC3)CC1,"InChI=1S/C19H27N5/c1-16-6-2-3-7-17(16)23-14-12-22(13-15-23)11-9-19-21-20-18-8-4-5-10-24(18)19/h2-3,6-7H,4-5,8-15H2,1H3",RFWZESUMWJKKRN-UHFFFAOYSA-N,781,dapiprazole,72822-12-9
Clc1ccc(Cn2c(CN3CCCC3)nc3ccccc32)cc1,"InChI=1S/C19H20ClN3/c20-16-9-7-15(8-10-16)13-23-18-6-2-1-5-17(18)21-19(23)14-22-11-3-4-12-22/h1-2,5-10H,3-4,11-14H2",CJXAEXPPLWQRFR-UHFFFAOYSA-N,672,clemizole,442-52-4
CC(C)NCC(O)COc1cccc2c1OCC(O[N+](=O)[O-])C2,"InChI=1S/C15H22N2O6/c1-10(2)16-7-12(18)8-21-14-5-3-4-11-6-13(23-17(19)20)9-22-15(11)14/h3-5,10,12-13,16,18H,6-9H2,1-2H3",OMCPLEZZPVJJIS-UHFFFAOYSA-N,1940,nipradilol,81486-22-8
CCCCC(C(=O)O)C(=O)N(Nc1ccccc1)c1ccccc1,"InChI=1S/C19H22N2O3/c1-2-3-14-17(19(23)24)18(22)21(16-12-8-5-9-13-16)20-15-10-6-4-7-11-15/h4-13,17,20H,2-3,14H2,1H3,(H,23,24)",FLWFHHFTIRLFPV-UHFFFAOYSA-N,426,bumadizone,3583-64-0
CCCCCCCCOc1ccc(C(=O)c2ccccc2)c(O)c1,"InChI=1S/C21H26O3/c1-2-3-4-5-6-10-15-24-18-13-14-19(20(22)16-18)21(23)17-11-8-7-9-12-17/h7-9,11-14,16,22H,2-6,10,15H2,1H3",QUAMTGJKVDWJEQ-UHFFFAOYSA-N,3392,octabenzone,1843-05-6
C#CC1(O)CCC2C3CCc4cc(O)ccc4C3C(OC)CC21C,"InChI=1S/C21H26O3/c1-4-21(23)10-9-17-16-7-5-13-11-14(22)6-8-15(13)19(16)18(24-3)12-20(17,21)2/h1,6,8,11,16-19,22-23H,5,7,9-10,12H2,2-3H3/t16-,17-,18-,19+,20-,21-/m0/s1",MTMZZIPTQITGCY-OLGWUGKESA-N,3366,moxestrol,34816-55-2
CN(C)CCN1C(=O)CC(c2ccccc2)Sc2ccccc21,"InChI=1S/C19H22N2OS/c1-20(2)12-13-21-16-10-6-7-11-17(16)23-18(14-19(21)22)15-8-4-3-5-9-15/h3-11,18H,12-14H2,1-2H3",QJJXOEFWXSQISU-UHFFFAOYSA-N,2627,tiazesim,5845-26-1
CC(=O)c1ccc2c(c1)N(CC(C)N(C)C)c1ccccc1S2,"InChI=1S/C19H22N2OS/c1-13(20(3)4)12-21-16-7-5-6-8-18(16)23-19-10-9-15(14(2)22)11-17(19)21/h5-11,13H,12H2,1-4H3",XLOQNFNTQIRSOX-UHFFFAOYSA-N,50,aceprometazine,13461-01-3
CCC(=O)C1(C)CCC2C3=C(CCC21C)C1=C(CC3)CC(=O)CC1,"InChI=1S/C22H30O2/c1-4-20(24)22(3)12-10-19-18-7-5-14-13-15(23)6-8-16(14)17(18)9-11-21(19,22)2/h13,18-19H,4-12H2,1-3H3/t18-,19+,21+,22-/m1/s1",QFFCYTLOTYIJMR-XMGTWHOFSA-N,2285,promegestone,34184-77-5
CCCCN(CCN(CC)CC)C(=O)c1cccc2ccccc12,"InChI=1S/C21H30N2O/c1-4-7-15-23(17-16-22(5-2)6-3)21(24)20-14-10-12-18-11-8-9-13-19(18)20/h8-14H,4-7,15-17H2,1-3H3",WWGZXRYELYWJBD-UHFFFAOYSA-N,428,bunaftine,32421-46-8
CCc1ccc2c(c1)N(CC(C)CN(C)C)c1ccccc1S2,"InChI=1S/C20H26N2S/c1-5-16-10-11-20-18(12-16)22(14-15(2)13-21(3)4)17-8-6-7-9-19(17)23-20/h6-12,15H,5,13-14H2,1-4H3",USKHCLAXJXCWMO-UHFFFAOYSA-N,3742,etymemazine,523-54-6
O=C(Nc1ccc(Cl)cc1)c1cc(Br)ccc1O,"InChI=1S/C13H9BrClNO2/c14-8-1-6-12(17)11(7-8)13(18)16-10-4-2-9(15)3-5-10/h1-7,17H,(H,16,18)",QBSGXIBYUQJHMJ-UHFFFAOYSA-N,3040,bromochlorosalicylanilide,3679-64-9
CCCCCCCCCCCCCCCCCCCCCCO,"InChI=1S/C22H46O/c1-2-3-4-5-6-7-8-9-10-11-12-13-14-15-16-17-18-19-20-21-22-23/h23H,2-22H2,1H3",NOPFSRXAKWQILS-UHFFFAOYSA-N,940,docosanol,661-19-8
O=C(Nc1ccc([N+](=O)[O-])cc1Cl)c1cc(Cl)ccc1O,"InChI=1S/C13H8Cl2N2O4/c14-7-1-4-12(18)9(5-7)13(19)16-11-3-2-8(17(20)21)6-10(11)15/h1-6,18H,(H,16,19)",RJMUSRYZPJIFPJ-UHFFFAOYSA-N,1912,niclosamide,50-65-7
O=C(CCn1cnc2c(=O)[nH]cnc21)Nc1ccc(C(=O)O)cc1,"InChI=1S/C15H13N5O4/c21-11(19-10-3-1-9(2-4-10)15(23)24)5-6-20-8-18-12-13(20)16-7-17-14(12)22/h1-4,7-8H,5-6H2,(H,19,21)(H,23,24)(H,16,17,22)",JMPOIZCOJJMTHI-UHFFFAOYSA-N,3318,leteprinim,138117-50-7
COc1ccc(C=CC(=O)Nc2ccccc2C(=O)O)cc1OC,"InChI=1S/C18H17NO5/c1-23-15-9-7-12(11-16(15)24-2)8-10-17(20)19-14-6-4-3-5-13(14)18(21)22/h3-11H,1-2H3,(H,19,20)(H,21,22)/b10-8+",NZHGWWWHIYHZNX-CSKARUKUSA-N,2714,tranilast,53902-12-8
CCOC(C(=O)OCCN(C)C)(c1ccccc1)c1ccccc1,"InChI=1S/C20H25NO3/c1-4-24-20(17-11-7-5-8-12-17,18-13-9-6-10-14-18)19(22)23-16-15-21(2)3/h5-14H,4,15-16H2,1-3H3",RHUWRJWFHUKVED-UHFFFAOYSA-N,3149,dimenoxadol,509-78-4
CN(C)CC(C)(C)OC(=O)C(O)(c1ccccc1)c1ccccc1,"InChI=1S/C20H25NO3/c1-19(2,15-21(3)4)24-18(22)20(23,16-11-7-5-8-12-16)17-13-9-6-10-14-17/h5-14,23H,15H2,1-4H3",WJIZVQNUJVMJAZ-UHFFFAOYSA-N,877,difemerine,80387-96-8
CCN(CC)CCOC(=O)C(O)(c1ccccc1)c1ccccc1,"InChI=1S/C20H25NO3/c1-3-21(4-2)15-16-24-19(22)20(23,17-11-7-5-8-12-17)18-13-9-6-10-14-18/h5-14,23H,3-4,15-16H2,1-2H3",IVQOFBKHQCTVQV-UHFFFAOYSA-N,298,benactyzine,302-40-9
C#CC1(O)CCC2C3CCC4=CC(=NO)CCC4C3CCC21CC,"InChI=1S/C21H29NO2/c1-3-20-11-9-17-16-8-6-15(22-24)13-14(16)5-7-18(17)19(20)10-12-21(20,23)4-2/h2,13,16-19,23-24H,3,5-12H2,1H3/t16-,17+,18+,19-,20-,21-/m0/s1",ISHXLNHNDMZNMC-XUDSTZEESA-N,1959,norelgestromin,53016-31-2
CCN(CC)CCSC(=O)C(c1ccccc1)c1ccccc1,"InChI=1S/C20H25NOS/c1-3-21(4-2)15-16-23-20(22)19(17-11-7-5-8-12-17)18-13-9-6-10-14-18/h5-14,19H,3-4,15-16H2,1-2H3",WHLUQAYNVOGZST-UHFFFAOYSA-N,2641,tifenamil,82-99-5
CN(C)CC(CN1c2ccccc2Sc2ccccc21)N(C)C,"InChI=1S/C19H25N3S/c1-20(2)13-15(21(3)4)14-22-16-9-5-7-11-18(16)23-19-12-8-6-10-17(19)22/h5-12,15H,13-14H2,1-4H3",YZQNFFLGIYEXMM-UHFFFAOYSA-N,173,aminopromazine,58-37-7
CN(C)C(=O)CCCOC(=O)C(C)(C)Oc1ccc(Cl)cc1,"InChI=1S/C16H22ClNO4/c1-16(2,22-13-9-7-12(17)8-10-13)15(20)21-11-5-6-14(19)18(3)4/h7-10H,5-6,11H2,1-4H3",CXQGFLBVUNUQIA-UHFFFAOYSA-N,696,clofibride,26717-47-5
CN(C(=O)C(Cl)Cl)c1ccc(OC(=O)c2ccco2)cc1,"InChI=1S/C14H11Cl2NO4/c1-17(13(18)12(15)16)9-4-6-10(7-5-9)21-14(19)11-3-2-8-20-11/h2-8,12H,1H3",BDYYDXJSHYEDGB-UHFFFAOYSA-N,896,diloxanide furoate,3736-81-0
CC(CCc1ccccc1)NCC(O)c1ccc(O)c(C(N)=O)c1,"InChI=1S/C19H24N2O3/c1-13(7-8-14-5-3-2-4-6-14)21-12-18(23)15-9-10-17(22)16(11-15)19(20)24/h2-6,9-11,13,18,21-23H,7-8,12H2,1H3,(H2,20,24)/t13-,18+/m1/s1",SGUAFYQXFOLMHL-ACJLOTCBSA-N,894,dilevalol,75659-07-3
CCN(CC)CCNC(=O)c1cc(S(C)(=O)=O)ccc1OC,"InChI=1S/C15H24N2O4S/c1-5-17(6-2)10-9-16-15(18)13-11-12(22(4,19)20)7-8-14(13)21-3/h7-8,11H,5-6,9-10H2,1-4H3,(H,16,18)",JTVPZMFULRWINT-UHFFFAOYSA-N,2651,tiapride,51012-32-9
COc1cccc(N(C)C(=S)Oc2ccc3c(c2)CCCC3)n1,"InChI=1S/C18H20N2O2S/c1-20(16-8-5-9-17(19-16)21-2)18(23)22-15-11-10-13-6-3-4-7-14(13)12-15/h5,8-12H,3-4,6-7H2,1-2H3",VPHPQNGOVQYUMG-UHFFFAOYSA-N,1586,liranaftate,88678-31-3
CCOCC(O)COc1ccc(NC(=O)CC[S+](C)C)cc1,"InChI=1S/C16H25NO4S/c1-4-20-11-14(18)12-21-15-7-5-13(6-8-15)17-16(19)9-10-22(2)3/h5-8,14,18H,4,9-12H2,1-3H3/p+1",DYZJXZOQQRXDLE-UHFFFAOYSA-O,2545,suplatast,94055-75-1
CCCOc1ccc2c(c1)CCC1C2CCC2(C)C(OC)CCC12,"InChI=1S/C22H32O2/c1-4-13-24-16-6-8-17-15(14-16)5-7-19-18(17)11-12-22(2)20(19)9-10-21(22)23-3/h6,8,14,18-21H,4-5,7,9-13H2,1-3H3/t18-,19-,20+,21+,22+/m1/s1",IUWKNLFTJBHTSD-AANPDWTMSA-N,4023,promestriene,39219-28-8
CC(=O)OCC=C(C)C=CC=C(C)C=CC1=C(C)CCCC1(C)C,"InChI=1S/C22H32O2/c1-17(9-7-10-18(2)14-16-24-20(4)23)12-13-21-19(3)11-8-15-22(21,5)6/h7,9-10,12-14H,8,11,15-16H2,1-6H3/b10-7+,13-12+,17-9+,18-14+",QGNJRVVDBSJHIZ-QHLGVNSISA-N,2372,retinol acetate,127-47-9
CC12Cc3c[nH]nc3CC1CCC1C2CCC2(C)C1CCC2(C)O,"InChI=1S/C21H32N2O/c1-19-11-13-12-22-23-18(13)10-14(19)4-5-15-16(19)6-8-20(2)17(15)7-9-21(20,3)24/h12,14-17,24H,4-11H2,1-3H3,(H,22,23)/t14-,15+,16-,17-,19-,20-,21-/m0/s1",LKAJKIOFIWVMDJ-IYRCEVNGSA-N,2477,stanozolol,10418-03-8
CC[N+](C)(CC)CCOC(C)(c1ccccc1)C1CC2C=CC1C2,"InChI=1S/C22H34NO/c1-5-23(4,6-2)14-15-24-22(3,20-10-8-7-9-11-20)21-17-18-12-13-19(21)16-18/h7-13,18-19,21H,5-6,14-17H2,1-4H3/q+1",UTVSLCROIUPVOX-UHFFFAOYSA-N,635,ciclonium,29546-59-6
CC1CN2CC(=O)Nc3ccc(Cl)cc3C2(c2ccccc2)O1,"InChI=1S/C18H17ClN2O2/c1-12-10-21-11-17(22)20-16-8-7-14(19)9-15(16)18(21,23-12)13-5-3-2-4-6-13/h2-9,12H,10-11H2,1H3,(H,20,22)",VCCZBYPHZRWKFY-UHFFFAOYSA-N,2016,oxazolam,24143-17-7
NS(=O)(=O)c1cc2c(cc1Cl)CN(C1CCCCC1)C2=O,"InChI=1S/C14H17ClN2O3S/c15-12-6-9-8-17(10-4-2-1-3-5-10)14(18)11(9)7-13(12)21(16,19)20/h6-7,10H,1-5,8H2,(H2,16,19,20)",VPMWFZKOWULPGT-UHFFFAOYSA-N,712,clorexolone,2127-01-7
Clc1cc(Cl)c2c(c1)CCc1ccccc1C2n1ccnc1,"InChI=1S/C18H14Cl2N2/c19-14-9-13-6-5-12-3-1-2-4-15(12)18(17(13)16(20)10-14)22-8-7-21-11-22/h1-4,7-11,18H,5-6H2",MPTJIDOGFUQSQH-UHFFFAOYSA-N,978,eberconazole,128326-82-9
NS(=O)(=O)c1cc2c(cc1C(F)(F)F)N=CNS2(=O)=O,"InChI=1S/C8H6F3N3O4S2/c9-8(10,11)4-1-5-7(2-6(4)19(12,15)16)20(17,18)14-3-13-5/h1-3H,(H,13,14)(H2,12,15,16)",RGUQWGXAYZNLMI-UHFFFAOYSA-N,1199,flumethiazide,148-56-1
Cn1c(=O)c2c(ncn2CCOC(=O)c2cccnc2)n(C)c1=O,"InChI=1S/C15H15N5O4/c1-18-12-11(13(21)19(2)15(18)23)20(9-17-12)6-7-24-14(22)10-4-3-5-16-8-10/h3-5,8-9H,6-7H2,1-2H3",ZWIAODBBEZGVPY-UHFFFAOYSA-N,3212,etofylline nicotinate,13425-39-3
CC12CCC3C(CCC45OC4C(=O)C(C#N)CC35C)C1CCC2O,"InChI=1S/C20H27NO3/c1-18-7-6-14-12(13(18)3-4-15(18)22)5-8-20-17(24-20)16(23)11(10-21)9-19(14,20)2/h12-15,17,22-23H,3-9H2,1-2H3/t12-,13-,14-,15-,17+,18-,19+,20+/m0/s1",KVJXBPDAXMEYOA-CXANFOAXSA-N,2746,trilostane,13647-35-3
CCN(CC)CCCOC(=O)C1(c2ccccc2)CC2CCC1C2,"InChI=1S/C21H31NO2/c1-3-22(4-2)13-8-14-24-20(23)21(18-9-6-5-7-10-18)16-17-11-12-19(21)15-17/h5-7,9-10,17,19H,3-4,8,11-16H2,1-2H3",BDNMABJZSXTKAQ-UHFFFAOYSA-N,390,bornaprine,20448-86-6
CC12Cc3conc3CC1CCC1C2CCC2(C)C1CCC2(C)O,"InChI=1S/C21H31NO2/c1-19-11-13-12-24-22-18(13)10-14(19)4-5-15-16(19)6-8-20(2)17(15)7-9-21(20,3)23/h12,14-17,23H,4-11H2,1-3H3/t14-,15+,16-,17-,19-,20-,21-/m0/s1",NSYTUNFHWYMMHU-IYRCEVNGSA-N,213,androisoxazole,360-66-7
CC(Cc1ccccc1)NCCC(c1ccccc1)c1ccccc1,"InChI=1S/C24H27N/c1-20(19-21-11-5-2-6-12-21)25-18-17-24(22-13-7-3-8-14-22)23-15-9-4-10-16-23/h2-16,20,24-25H,17-19H2,1H3",IFFPICMESYHZPQ-UHFFFAOYSA-N,2261,prenylamine,390-64-7
Clc1ccc(C(OCCN2CCCCC2)c2ccccc2)cc1,"InChI=1S/C20H24ClNO/c21-19-11-9-18(10-12-19)20(17-7-3-1-4-8-17)23-16-15-22-13-5-2-6-14-22/h1,3-4,7-12,20H,2,5-6,13-16H2",FLNXBVJLPJNOSI-UHFFFAOYSA-N,707,cloperastine,3703-76-2
CC(=O)OC(C)OC(=O)C(C)c1ccc(-c2ccccc2)c(F)c1,"InChI=1S/C19H19FO4/c1-12(19(22)24-14(3)23-13(2)21)16-9-10-17(18(20)11-16)15-7-5-4-6-8-15/h4-12,14H,1-3H3",ALIVXCSEERJYHU-UHFFFAOYSA-N,1220,flurbiprofen axetil,91503-79-6
C=CCSCC(=O)NC1C(=O)N2C1SC(C)(C)C2C(=O)O,"InChI=1S/C13H18N2O4S2/c1-4-5-20-6-7(16)14-8-10(17)15-9(12(18)19)13(2,3)21-11(8)15/h4,8-9,11H,1,5-6H2,2-3H3,(H,14,16)(H,18,19)/t8-,9+,11-/m1/s1",QULKGELYPOJSLP-WCABBAIRSA-N,3422,almecillin,87-09-2
CC(CN(C)C)CN1c2ccccc2S(=O)(=O)c2ccccc21,"InChI=1S/C18H22N2O2S/c1-14(12-19(2)3)13-20-15-8-4-6-10-17(15)23(21,22)18-11-7-5-9-16(18)20/h4-11,14H,12-13H2,1-3H3",QTQPVLDZQVPLGV-UHFFFAOYSA-N,2025,oxomemazine,3689-50-7
Cc1csc(NC(=O)C(C(=O)OC(C)C)=C2SCS2)n1,"InChI=1S/C12H14N2O3S3/c1-6(2)17-10(16)8(11-19-5-20-11)9(15)14-12-13-7(3)4-18-12/h4,6H,5H2,1-3H3,(H,13,14,15)",WOUUWUGULFOVHG-UHFFFAOYSA-N,1823,mivotilate,130112-42-4
CC12CCC(=O)C=C1CCC1C2CCC2(C)C(C(=O)CO)CCC12,"InChI=1S/C21H30O3/c1-20-9-7-14(23)11-13(20)3-4-15-16-5-6-18(19(24)12-22)21(16,2)10-8-17(15)20/h11,15-18,22H,3-10,12H2,1-2H3/t15-,16-,17-,18+,20-,21-/m0/s1",ZESRJSPZRDMNHY-YFWFAHHUSA-N,820,desoxycortone,64-85-7
CC(=O)OC1CCC2(C)C(=CCC3C4CCC(=O)C4(C)CCC32)C1,"InChI=1S/C21H30O3/c1-13(22)24-15-8-10-20(2)14(12-15)4-5-16-17-6-7-19(23)21(17,3)11-9-18(16)20/h4,15-18H,5-12H2,1-3H3/t15-,16-,17-,18-,20-,21-/m0/s1",NCMZQTLCXHGLOK-ZKHIMWLXSA-N,796,prasterone acetate,853-23-6
O=C(OCCN1CCCCC1)C(c1ccccc1)N1CCCCC1,"InChI=1S/C20H30N2O2/c23-20(24-17-16-21-12-6-2-7-13-21)19(18-10-4-1-5-11-18)22-14-8-3-9-15-22/h1,4-5,10-11,19H,2-3,6-9,12-17H2",CGYQGGSMYNXXIV-UHFFFAOYSA-N,3737,dipiproverine,117-30-6
C[N+]12CCCCC1CCC(=C(c1cccs1)c1cccs1)C2,"InChI=1S/C19H24NS2/c1-20-11-3-2-6-16(20)10-9-15(14-20)19(17-7-4-12-21-17)18-8-5-13-22-18/h4-5,7-8,12-13,16H,2-3,6,9-11,14H2,1H3/q+1/t16-,20-/m1/s1",ZGSDGGRVFIYKKE-OXQOHEQNSA-N,2678,tiquizium,71731-58-3
CC(=O)CCC=C(C)CCC=C(C)CCC=C(C)CCC=C(C)C,"InChI=1S/C23H38O/c1-19(2)11-7-12-20(3)13-8-14-21(4)15-9-16-22(5)17-10-18-23(6)24/h11,13,15,17H,7-10,12,14,16,18H2,1-6H3/b20-13+,21-15+,22-17?",HUCXKZBETONXFO-AJDZVAQLSA-N,2596,teprenone,6809-52-5
O=C(C(Cl)Cl)N(CCO)Cc1ccc(Cl)cc1Cl,"InChI=1S/C11H11Cl4NO2/c12-8-2-1-7(9(13)5-8)6-16(3-4-17)11(18)10(14)15/h1-2,5,10,17H,3-4,6H2",STLZCUYBVPNYED-UHFFFAOYSA-N,592,chlorbetamide,97-27-8
O=C(O)COc1ccc(C(=O)c2cccs2)c(Cl)c1Cl,"InChI=1S/C13H8Cl2O4S/c14-11-7(13(18)9-2-1-5-20-9)3-4-8(12(11)15)19-6-10(16)17/h1-5H,6H2,(H,16,17)",AGHANLSBXUWXTB-UHFFFAOYSA-N,2658,tienilic acid,40180-04-9
NS(=O)(=O)c1cc2c(cc1C(F)(F)F)NCNS2(=O)=O,"InChI=1S/C8H8F3N3O4S2/c9-8(10,11)4-1-5-7(2-6(4)19(12,15)16)20(17,18)14-3-13-5/h1-2,13-14H,3H2,(H2,12,15,16)",DMDGGSIALPNSEE-UHFFFAOYSA-N,1392,hydroflumethiazide,135-09-1
CC(Cc1ccc2c(c1)OCO2)NCC(O)c1ccc(O)c(O)c1,"InChI=1S/C18H21NO5/c1-11(6-12-2-5-17-18(7-12)24-10-23-17)19-9-16(22)13-3-4-14(20)15(21)8-13/h2-5,7-8,11,16,19-22H,6,9-10H2,1H3",LUMAEVHDZXIGEP-UHFFFAOYSA-N,2318,protokylol,136-70-9
CN1CCCC(OC(=O)C(O)(c2ccccc2)C2CCCCC2)C1,"InChI=1S/C20H29NO3/c1-21-14-8-13-18(15-21)24-19(22)20(23,16-9-4-2-5-10-16)17-11-6-3-7-12-17/h2,4-5,9-10,17-18,23H,3,6-8,11-15H2,1H3/t18-,20?/m1/s1",LCFBCKSQWVQIBY-QSVWIEALSA-N,3821,oxyclipine,4354-45-4
O=C(NN1CCCCCC1)NS(=O)(=O)c1ccc(Cl)cc1,"InChI=1S/C13H18ClN3O3S/c14-11-5-7-12(8-6-11)21(19,20)16-13(18)15-17-9-3-1-2-4-10-17/h5-8H,1-4,9-10H2,(H2,15,16,18)",RHQSNARBXHRBNP-UHFFFAOYSA-N,3449,glypinamide,1228-19-9
CN(C)CCOC1=Cc2ccccc2Sc2ccc(Cl)cc21,"InChI=1S/C18H18ClNOS/c1-20(2)9-10-21-16-11-13-5-3-4-6-17(13)22-18-8-7-14(19)12-15(16)18/h3-8,11-12H,9-10H2,1-2H3",HDOZVRUNCMBHFH-UHFFFAOYSA-N,2875,zotepine,26615-21-4
O=S(=O)(O)c1cc(Br)c(O)c(Br)c1,"InChI=1S/C6H4Br2O4S/c7-4-1-3(13(10,11)12)2-5(8)6(4)9/h1-2,9H,(H,10,11,12)",DMIMZHGXWWCGBD-UHFFFAOYSA-N,3136,dibromol,21886-86-2
CNC1C(O)C(NC)C2OC3(O)C(=O)CC(C)OC3OC2C1O,"InChI=1S/C14H24N2O7/c1-5-4-6(17)14(20)13(21-5)22-12-10(19)7(15-2)9(18)8(16-3)11(12)23-14/h5,7-13,15-16,18-20H,4H2,1-3H3/t5-,7-,8+,9+,10+,11-,12-,13+,14+/m1/s1",UNFWWIHTNXNPBV-WXKVUWSESA-N,2468,spectinomycin,1695-77-8
CC(=O)Nc1ccc(S(=O)(=O)c2ccc(NC(C)=O)cc2)cc1,"InChI=1S/C16H16N2O4S/c1-11(19)17-13-3-7-15(8-4-13)23(21,22)16-9-5-14(6-10-16)18-12(2)20/h3-10H,1-2H3,(H,17,19)(H,18,20)",AMTPYFGPPVFBBI-UHFFFAOYSA-N,3662,acedapsone,77-46-3
CC[N+]1(C)C2CC(OC(=O)C(CO)c3ccccc3)CC1C1OC12,"InChI=1S/C19H26NO4/c1-3-20(2)15-9-13(10-16(20)18-17(15)24-18)23-19(22)14(11-21)12-7-5-4-6-8-12/h4-8,13-18,21H,3,9-11H2,1-2H3/q+1/t13-,14-,15-,16+,17-,18+,20?/m1/s1",NVOYVOBDTVTBDX-PMEUIYRNSA-N,2022,oxitropium,99571-64-9
CC(C)[N+]1(C)C2CCC1CC(OC(=O)C(CO)c1ccccc1)C2,"InChI=1S/C20H30NO3/c1-14(2)21(3)16-9-10-17(21)12-18(11-16)24-20(23)19(13-22)15-7-5-4-6-8-15/h4-8,14,16-19,22H,9-13H2,1-3H3/q+1/t16-,17+,18+,19?,21?",OEXHQOGQTVQTAT-BHIXFJMTSA-N,1475,ipratropium,60205-81-4
CC(=O)C1CCC2C3CCC4CC(O)CCC4(C)C3C(=O)CC12C,"InChI=1S/C21H32O3/c1-12(22)16-6-7-17-15-5-4-13-10-14(23)8-9-20(13,2)19(15)18(24)11-21(16,17)3/h13-17,19,23H,4-11H2,1-3H3/t13-,14+,15-,16+,17-,19+,20-,21+/m0/s1",DUHUCHOQIDJXAT-OLVMNOGESA-N,133,alfaxalone,23930-19-0
O=c1[nH]c(=O)n(C2CC(O)C(CO)O2)cc1C=CBr,"InChI=1S/C11H13BrN2O5/c12-2-1-6-4-14(11(18)13-10(6)17)9-3-7(16)8(5-15)19-9/h1-2,4,7-9,15-16H,3,5H2,(H,13,17,18)/b2-1+/t7-,8+,9+/m0/s1",ODZBBRURCPAEIQ-PIXDULNESA-N,397,brivudine,69304-47-8
CCn1cc(C(=O)O)c(=O)c2cc(F)c(N3CCN(C)CC3)cc21,"InChI=1S/C17H20FN3O3/c1-3-20-10-12(17(23)24)16(22)11-8-13(18)15(9-14(11)20)21-6-4-19(2)5-7-21/h8-10H,3-7H2,1-2H3,(H,23,24)",FHFYDNQZQSQIAI-UHFFFAOYSA-N,2071,pefloxacin,70458-92-3
COc1ccc2c(c1OC)C13CCN(C)C(C2)C1(O)CCC(O)C3,"InChI=1S/C19H27NO4/c1-20-9-8-18-11-13(21)6-7-19(18,22)15(20)10-12-4-5-14(23-2)17(24-3)16(12)18/h4-5,13,15,21-22H,6-11H2,1-3H3/t13-,15-,18-,19-/m1/s1",LCAHPIFLPICNRW-SVYNMNNPSA-N,3168,drotebanol,3176-03-2
CCN(CC)CCOCCOC(=O)C1(c2ccccc2)CCCC1,"InChI=1S/C20H31NO3/c1-3-21(4-2)14-15-23-16-17-24-19(22)20(12-8-9-13-20)18-10-6-5-7-11-18/h5-7,10-11H,3-4,8-9,12-17H2,1-2H3",CFJMRBQWBDQYMK-UHFFFAOYSA-N,494,pentoxyverine,77-23-6
CN1C2CCC1CC(OC1c3ccccc3CCc3ccccc31)C2,"InChI=1S/C23H27NO/c1-24-18-12-13-19(24)15-20(14-18)25-23-21-8-4-2-6-16(21)10-11-17-7-3-5-9-22(17)23/h2-9,18-20,23H,10-15H2,1H3/t18-,19+,20+",ZWPODSUQWXAZNC-PMOLBWCYSA-N,808,deptropine,604-51-3
CN1C2CCC1CC(=C1c3ccccc3CSc3ccccc31)C2,"InChI=1S/C22H23NS/c1-23-17-10-11-18(23)13-16(12-17)22-19-7-3-2-6-15(19)14-24-21-9-5-4-8-20(21)22/h2-9,17-18H,10-14H2,1H3",JOQKFRLFXDPXHX-UHFFFAOYSA-N,2772,tropatepine,27574-24-9
CN(C)CCOC(c1ccccc1)c1ccc(Br)cc1,"InChI=1S/C17H20BrNO/c1-19(2)12-13-20-17(14-6-4-3-5-7-14)15-8-10-16(18)11-9-15/h3-11,17H,12-13H2,1-2H3",NUNIWXHYABYXKF-UHFFFAOYSA-N,404,bromazine,118-23-0
C=c1c(N)c(O)c2c(c1O)N1CC3NC3C1(OC)C=2COC(N)=O,"InChI=1S/C15H18N4O5/c1-5-9(16)12(21)8-6(4-24-14(17)22)15(23-2)13-7(18-13)3-19(15)10(8)11(5)20/h6-7,13,18H,3-4,16H2,1-2H3,(H2,17,22)/t6-,7+,13+,15-/m1/s1",NWIBSHFKIJFRCO-WUDYKRTCSA-N,1819,mitomycin,50-07-7
COCCOc1c(OC)cc(Cc2cnc(N)nc2N)cc1OC,"InChI=1S/C16H22N4O4/c1-21-4-5-24-14-12(22-2)7-10(8-13(14)23-3)6-11-9-19-16(18)20-15(11)17/h7-9H,4-6H2,1-3H3,(H4,17,18,19,20)",WSWJIZXMAUYHOE-UHFFFAOYSA-N,2615,tetroxoprim,53808-87-0
COc1ccc(-c2nc3cc(C4=NNC(=O)CC4C)ccc3[nH]2)cc1,"InChI=1S/C19H18N4O2/c1-11-9-17(24)22-23-18(11)13-5-8-15-16(10-13)21-19(20-15)12-3-6-14(25-2)7-4-12/h3-8,10-11H,9H2,1-2H3,(H,20,21)(H,22,24)",GLBJJMFZWDBELO-UHFFFAOYSA-N,2171,pimobendan,74150-27-9
CC1(C)SC2C(NC(=O)Cc3ccccc3)C(=O)N2C1C(=O)O,"InChI=1S/C16H18N2O4S/c1-16(2)12(15(21)22)18-13(20)11(14(18)23-16)17-10(19)8-9-6-4-3-5-7-9/h3-7,11-12,14H,8H2,1-2H3,(H,17,19)(H,21,22)/t11-,12+,14-/m1/s1",JGSARLDLIJGVTE-MBNYWOFBSA-N,2082,benzylpenicillin,61-33-6
CCCN(CCC)C(=O)C(CCC(=O)O)NC(=O)c1ccccc1,"InChI=1S/C18H26N2O4/c1-3-12-20(13-4-2)18(24)15(10-11-16(21)22)19-17(23)14-8-6-5-7-9-14/h5-9,15H,3-4,10-13H2,1-2H3,(H,19,23)(H,21,22)",DGMKFQYCZXERLX-UHFFFAOYSA-N,2281,proglumide,6620-60-6
CCOC(=O)C(CC)(C(=O)NCCN(CC)CC)c1ccccc1,"InChI=1S/C19H30N2O3/c1-5-19(18(23)24-8-4,16-12-10-9-11-13-16)17(22)20-14-15-21(6-2)7-3/h9-13H,5-8,14-15H2,1-4H3,(H,20,22)",RMQKPRRJSKFBRU-UHFFFAOYSA-N,1143,fenalamide,4551-59-1
NC(=O)CCCN=C(c1ccc(Cl)cc1)c1cc(F)ccc1O,"InChI=1S/C17H16ClFN2O2/c18-12-5-3-11(4-6-12)17(21-9-1-2-16(20)23)14-10-13(19)7-8-15(14)22/h3-8,10,22H,1-2,9H2,(H2,20,23)",IBALRBWGSVJPAP-UHFFFAOYSA-N,2278,progabide,62666-20-0
Cc1cc(NC(=O)C2C(=O)c3ccccc3S(=O)(=O)N2C)no1,"InChI=1S/C14H13N3O5S/c1-8-7-11(16-22-8)15-14(19)12-13(18)9-5-3-4-6-10(9)23(20,21)17(12)2/h3-7,18H,1-2H3,(H,15,16,19)",YYUAYBYLJSNDCX-UHFFFAOYSA-N,1509,isoxicam,34552-84-6
Nc1cc(N)c(N=Nc2ccc(S(N)(=O)=O)cc2)c(C(=O)O)c1,"InChI=1S/C13H13N5O4S/c14-7-5-10(13(19)20)12(11(15)6-7)18-17-8-1-3-9(4-2-8)23(16,21)22/h1-6H,14-15H2,(H,19,20)(H2,16,21,22)/b18-17+",ZELCNSAUMHNSSU-ISLYRVAYSA-N,3559,sulfachrysoidine,485-41-6
CCN(CC)CCOCCOC(=O)C(CC)(CC)c1ccccc1,"InChI=1S/C20H33NO3/c1-5-20(6-2,18-12-10-9-11-13-18)19(22)24-17-16-23-15-14-21(7-3)8-4/h9-13H,5-8,14-17H2,1-4H3",IQADUMSPOQKAAO-UHFFFAOYSA-N,2018,oxeladin,468-61-1
CCC(=O)C(CCN1CCCCC1)(c1ccccc1)c1ccccc1,"InChI=1S/C23H29NO/c1-2-22(25)23(20-12-6-3-7-13-20,21-14-8-4-9-15-21)16-19-24-17-10-5-11-18-24/h3-4,6-9,12-15H,2,5,10-11,16-19H2,1H3",WCDSHELZWCOTMI-UHFFFAOYSA-N,3798,norpipanone,561-48-8
CC(CC1CCCCC1)NCCC(c1ccccc1)c1ccccc1,"InChI=1S/C24H33N/c1-20(19-21-11-5-2-6-12-21)25-18-17-24(22-13-7-3-8-14-22)23-15-9-4-10-16-23/h3-4,7-10,13-16,20-21,24-25H,2,5-6,11-12,17-19H2,1H3",HTAFVGKAHGNWQO-UHFFFAOYSA-N,3167,droprenilamine,57653-27-7
CC(C)(Oc1ccc(Cl)cc1)C(=O)OCc1cccc(CO)n1,"InChI=1S/C17H18ClNO4/c1-17(2,23-15-8-6-12(18)7-9-15)16(21)22-11-14-5-3-4-13(10-20)19-14/h3-9,20H,10-11H2,1-2H3",YJBIJSVYPHRVCI-UHFFFAOYSA-N,2204,pirifibrate,55285-45-5
O=C(NN=CC=Cc1ccc([N+](=O)[O-])o1)c1ccc([N+](=O)[O-])s1,"InChI=1S/C12H8N4O6S/c17-12(9-4-6-11(23-9)16(20)21)14-13-7-1-2-8-3-5-10(22-8)15(18)19/h1-7H,(H,14,17)/b2-1+,13-7+",IDUMOVRJNBNOTR-BIZLIJPVSA-N,1931,nifurzide,39978-42-2
C[N+]1(CCC(C(N)=O)(c2ccccc2)c2ccccc2)CCCCCC1,"InChI=1S/C23H30N2O/c1-25(17-10-2-3-11-18-25)19-16-23(22(24)26,20-12-6-4-7-13-20)21-14-8-5-9-15-21/h4-9,12-15H,2-3,10-11,16-19H2,1H3,(H-,24,26)/p+1",HDGFUOKLIQJQCS-UHFFFAOYSA-O,459,buzepide metiodide,15351-05-0
O=c1n(N=Cc2ccc([N+](=O)[O-])o2)cc(O)n1CN1CCOCC1,"InChI=1S/C13H15N5O6/c19-11-8-17(14-7-10-1-2-12(24-10)18(21)22)13(20)16(11)9-15-3-5-23-6-4-15/h1-2,7H,3-6,8-9H2/b14-7+",WCEJYDIWHURKJX-VGOFMYFVSA-N,1927,nifurfoline,3363-58-4
CCCCOC(=O)c1ccccc1Nc1cccc(C(F)(F)F)c1,"InChI=1S/C18H18F3NO2/c1-2-3-11-24-17(23)15-9-4-5-10-16(15)22-14-8-6-7-13(12-14)18(19,20)21/h4-10,12,22H,2-3,11H2,1H3",JDLSRXWHEBFHNC-UHFFFAOYSA-N,2788,ufenamate,67330-25-0
CC(C)(C)[N+]([O-])=Cc1ccc(S(=O)(=O)O)cc1S(=O)(=O)O,"InChI=1S/C11H15NO7S2/c1-11(2,3)12(13)7-8-4-5-9(20(14,15)16)6-10(8)21(17,18)19/h4-7H,1-3H3,(H,14,15,16)(H,17,18,19)",OVTCHWSLKGENKP-UHFFFAOYSA-N,3162,disufenton,168021-77-0
CCCOC(=O)Cc1ccc(OCC(=O)N(CC)CC)c(OC)c1,"InChI=1S/C18H27NO5/c1-5-10-23-18(21)12-14-8-9-15(16(11-14)22-4)24-13-17(20)19(6-2)7-3/h8-9,11H,5-7,10,12-13H2,1-4H3",KEJXLQUPYHWCNM-UHFFFAOYSA-N,3494,propanidid,1421-14-3
C#CCOC(C(=O)OCCN(C)C)(c1ccccc1)c1ccccc1,"InChI=1S/C21H23NO3/c1-4-16-25-21(18-11-7-5-8-12-18,19-13-9-6-10-14-19)20(23)24-17-15-22(2)3/h1,5-14H,15-17H2,2-3H3",QNPHCSSJLHAKSA-UHFFFAOYSA-N,2064,pargeverine,13479-13-5
CCCCCCCCCCOc1c(OC)cc(C(N)=O)cc1OC,"InChI=1S/C19H31NO4/c1-4-5-6-7-8-9-10-11-12-24-18-16(22-2)13-15(19(20)21)14-17(18)23-3/h13-14H,4-12H2,1-3H3,(H2,20,21)",REYUZOLYIOQRIG-UHFFFAOYSA-N,3127,decimemide,14817-09-5
O=C(O)CCCCCCNC1c2ccccc2CCc2ccccc21,"InChI=1S/C22H27NO2/c24-21(25)13-3-1-2-8-16-23-22-19-11-6-4-9-17(19)14-15-18-10-5-7-12-20(18)22/h4-7,9-12,22-23H,1-3,8,13-16H2,(H,24,25)",ONNOFKFOZAJDHT-UHFFFAOYSA-N,161,amineptine,57574-09-1
C[N+]1(CCC(C(N)=O)(c2ccccc2)c2ccccc2)CCCCC1,"InChI=1S/C22H28N2O/c1-24(16-9-4-10-17-24)18-15-22(21(23)25,19-11-5-2-6-12-19)20-13-7-3-8-14-20/h2-3,5-8,11-14H,4,9-10,15-18H2,1H3,(H-,23,25)/p+1",QDIYJDPBMZUZEH-UHFFFAOYSA-O,1160,fenpiverinium,258329-46-3
CCCCCCCCNC(C)C(O)c1ccc(SC(C)C)cc1,"InChI=1S/C20H35NOS/c1-5-6-7-8-9-10-15-21-17(4)20(22)18-11-13-19(14-12-18)23-16(2)3/h11-14,16-17,20-22H,5-10,15H2,1-4H3",BFCDFTHTSVTWOG-UHFFFAOYSA-N,2536,suloctidil,54767-75-8
NS(=O)(=O)c1cc2c(cc1Cl)NC(c1ccccc1)NC2=O,"InChI=1S/C14H12ClN3O3S/c15-10-7-11-9(6-12(10)22(16,20)21)14(19)18-13(17-11)8-4-2-1-3-5-8/h1-7,13,17H,(H,18,19)(H2,16,20,21)",DBDTUXMDTSTPQZ-UHFFFAOYSA-N,1162,fenquizone,20287-37-0
FC(F)(F)C(F)(F)C(F)(F)C(F)(F)C(F)(F)C(F)(F)F,"InChI=1S/C6F14/c7-1(8,3(11,12)5(15,16)17)2(9,10)4(13,14)6(18,19)20",ZJIJAJXFLBMLCK-UHFFFAOYSA-N,3429,perflexane,355-42-0
COc1c(O)c(C)c(C=CCCCCCCCCO)c(O)c1OC,"InChI=1S/C19H30O5/c1-14-15(12-10-8-6-4-5-7-9-11-13-20)17(22)19(24-3)18(23-2)16(14)21/h20H,4-13H2,1-3H3",JGPMMRGNQUBGND-UHFFFAOYSA-N,1416,idebenone,58186-27-9
CC1CCCC(C)N1CCCC(O)(c1ccccc1)c1ccccn1,"InChI=1S/C22H30N2O/c1-18-10-8-11-19(2)24(18)17-9-15-22(25,20-12-4-3-5-13-20)21-14-6-7-16-23-21/h3-7,12-14,16,18-19,25H,8-11,15,17H2,1-2H3/t18-,19+,22?",APUDBKTWDCXQJA-QIDMFYOTSA-N,2207,pirmenol,68252-19-7
NS(=O)(=O)c1cc(C2(O)NC(=O)c3ccccc32)ccc1Cl,"InChI=1S/C14H11ClN2O4S/c15-11-6-5-8(7-12(11)22(16,20)21)14(19)10-4-2-1-3-9(10)13(18)17-14/h1-7,19H,(H,17,18)(H2,16,20,21)",JIVPVXMEBJLZRO-UHFFFAOYSA-N,625,chlortalidone,77-36-1
COc1cc(Cc2cnc(N)nc2N)cc(OC)c1Br,"InChI=1S/C13H15BrN4O2/c1-19-9-4-7(5-10(20-2)11(9)14)3-8-6-17-13(16)18-12(8)15/h4-6H,3H2,1-2H3,(H4,15,16,17,18)",BFCRRLMMHNLSCP-UHFFFAOYSA-N,398,brodimoprim,56518-41-3
CC(=O)OCC1=C(C(=O)O)N2C(=O)C(NC(=O)CC#N)C2SC1,"InChI=1S/C13H13N3O6S/c1-6(17)22-4-7-5-23-12-9(15-8(18)2-3-14)11(19)16(12)10(7)13(20)21/h9,12H,2,4-5H2,1H3,(H,15,18)(H,20,21)/t9-,12-/m1/s1",RRYMAQUWDLIUPV-BXKDBHETSA-N,524,cefacetrile,10206-21-0
COc1ccc(-c2noc(CC(=O)O)c2-c2ccc(OC)cc2)cc1,"InChI=1S/C19H17NO5/c1-23-14-7-3-12(4-8-14)18-16(11-17(21)22)25-20-19(18)13-5-9-15(24-2)10-6-13/h3-10H,11H2,1-2H3,(H,21,22)",DJEIHHYCDCTAAH-UHFFFAOYSA-N,1829,mofezolac,78967-07-4
COc1ccc(Cc2nccc3cc(OC)c(OC)cc23)cc1OC,"InChI=1S/C20H21NO4/c1-22-17-6-5-13(10-18(17)23-2)9-16-15-12-20(25-4)19(24-3)11-14(15)7-8-21-16/h5-8,10-12H,9H2,1-4H3",XQYZDYMELSJDRZ-UHFFFAOYSA-N,2056,papaverine,58-74-2
O=C(NCCNCC(O)COc1ccc(O)cc1)N1CCOCC1,"InChI=1S/C16H25N3O5/c20-13-1-3-15(4-2-13)24-12-14(21)11-17-5-6-18-16(22)19-7-9-23-10-8-19/h1-4,14,17,20-21H,5-12H2,(H,18,22)",DXPOSRCHIDYWHW-UHFFFAOYSA-N,2848,xamoterol,81801-12-9
CC(=N)N1CCC(SC2=C(C(=O)O)N3C(=O)C(C(C)O)C3C2)C1,"InChI=1S/C15H21N3O4S/c1-7(19)12-10-5-11(13(15(21)22)18(10)14(12)20)23-9-3-4-17(6-9)8(2)16/h7,9-10,12,16,19H,3-6H2,1-2H3,(H,21,22)/t7-,9+,10-,12-/m1/s1",TYMABNNERDVXID-DLYFRVTGSA-N,2053,panipenem,87726-17-8
O=C(OCCN1CCCCC1)C(O)(c1ccccc1)c1ccccc1,"InChI=1S/C21H25NO3/c23-20(25-17-16-22-14-8-3-9-15-22)21(24,18-10-4-1-5-11-18)19-12-6-2-7-13-19/h1-2,4-7,10-13,24H,3,8-9,14-17H2",RZWPJFMNFATBEG-UHFFFAOYSA-N,2191,pipethanate,4546-39-8
CCC(CO)NC(=O)C1C=C2c3cccc4[nH]cc(c34)CC2N(C)C1,"InChI=1S/C20H25N3O2/c1-3-14(11-24)22-20(25)13-7-16-15-5-4-6-17-19(15)12(9-21-17)8-18(16)23(2)10-13/h4-7,9,13-14,18,21,24H,3,8,10-11H2,1-2H3,(H,22,25)/t13-,14+,18-/m1/s1",UNBRKDKAWYKMIV-QWQRMKEZSA-N,1764,methylergometrine,113-42-8
CC(C(=O)N1c2ccccc2Sc2ccccc21)[N+]1(C)CCCC1,"InChI=1S/C20H23N2OS/c1-15(22(2)13-7-8-14-22)20(23)21-16-9-3-5-11-18(16)24-19-12-6-4-10-17(19)21/h3-6,9-12,15H,7-8,13-14H2,1-2H3/q+1",YKNNBQKAAWCISH-UHFFFAOYSA-N,2310,propyromazine,145-54-0
CN1CCN(CCCN2c3ccccc3Sc3ccccc32)CC1,"InChI=1S/C20H25N3S/c1-21-13-15-22(16-14-21)11-6-12-23-17-7-2-4-9-19(17)24-20-10-5-3-8-18(20)23/h2-5,7-10H,6,11-16H2,1H3",WEYVCQFUGFRXOM-UHFFFAOYSA-N,2100,perazine,84-97-9
CCN(CC)CC(C)OC(=O)C1CCCCC1(O)C1CCCCC1,"InChI=1S/C20H37NO3/c1-4-21(5-2)15-16(3)24-19(22)18-13-9-10-14-20(18,23)17-11-7-6-8-12-17/h16-18,23H,4-15H2,1-3H3/t16?,18-,20+/m1/s1",XPYLKZZOBVLVHB-QDKIRNHSSA-N,2395,rociverine,53716-44-2
CCCCC(CC)CN1CN(CC(CC)CCCC)CC(C)(N)C1,"InChI=1S/C21H45N3/c1-6-10-12-19(8-3)14-23-16-21(5,22)17-24(18-23)15-20(9-4)13-11-7-2/h19-20H,6-18,22H2,1-5H3",DTOUUUZOYKYHEP-UHFFFAOYSA-N,3277,hexetidine,141-94-6
CN(NC(=O)c1ccc(Cl)c(S(N)(=O)=O)c1)c1ccccc1,"InChI=1S/C14H14ClN3O3S/c1-18(11-5-3-2-4-6-11)17-14(19)10-7-8-12(15)13(9-10)22(16,20)21/h2-9H,1H3,(H,17,19)(H2,16,20,21)",QWNNFYQUBPILCG-UHFFFAOYSA-N,1778,metipamide,85683-41-6
Cc1ncc(COC(=O)CCC(=O)OCCN(C)C)c(CO)c1O,"InChI=1S/C16H24N2O6/c1-11-16(22)13(9-19)12(8-17-11)10-24-15(21)5-4-14(20)23-7-6-18(2)3/h8,19,22H,4-7,9-10H2,1-3H3",KTOAWCPDBUCJED-UHFFFAOYSA-N,2205,pirisudanol,33605-94-6
C[N+]1(C)CCCC1COC(=O)C(O)(c1ccccc1)c1ccccc1,"InChI=1S/C21H26NO3/c1-22(2)15-9-14-19(22)16-25-20(23)21(24,17-10-5-3-6-11-17)18-12-7-4-8-13-18/h3-8,10-13,19,24H,9,14-16H2,1-2H3/q+1",CQRKVVAGMJJJSR-UHFFFAOYSA-N,2226,poldine,596-50-9
C[N+]1(C)CCC(OC(=O)C(O)(c2ccccc2)c2ccccc2)CC1,"InChI=1S/C21H26NO3/c1-22(2)15-13-19(14-16-22)25-20(23)21(24,17-9-5-3-6-10-17)18-11-7-4-8-12-18/h3-12,19,24H,13-16H2,1-2H3/q+1",DMXLLYHBWUOZCZ-UHFFFAOYSA-N,2062,parapenzolate,5634-41-3
CC[N+](C)(CC)CCOC(=O)C1c2ccccc2Oc2ccccc21,"InChI=1S/C21H26NO3/c1-4-22(3,5-2)14-15-24-21(23)20-16-10-6-8-12-18(16)25-19-13-9-7-11-17(19)20/h6-13,20H,4-5,14-15H2,1-3H3/q+1",GZHFODJQISUKAY-UHFFFAOYSA-N,1736,methanthelinium,5818-17-7
C[N+]1(C)CCCC(OC(=O)C(O)(c2ccccc2)c2ccccc2)C1,"InChI=1S/C21H26NO3/c1-22(2)15-9-14-19(16-22)25-20(23)21(24,17-10-5-3-6-11-17)18-12-7-4-8-13-18/h3-8,10-13,19,24H,9,14-16H2,1-2H3/q+1",GKNPSSNBBWDAGH-UHFFFAOYSA-N,1689,mepenzolate,25990-43-6
CC12CCC(=O)C=C1C=CC1C2CCC2(C)C1CCC21CCC(=O)O1,"InChI=1S/C22H28O3/c1-20-9-5-15(23)13-14(20)3-4-16-17(20)6-10-21(2)18(16)7-11-22(21)12-8-19(24)25-22/h3-4,13,16-18H,5-12H2,1-2H3/t16-,17+,18+,20+,21+,22-/m1/s1",UJVLDDZCTMKXJK-WNHSNXHDSA-N,478,canrenone,976-71-6
CCOc1ccc2nccc(C(O)C3CC4CCN3CC4CC)c2c1,"InChI=1S/C21H28N2O2/c1-3-14-13-23-10-8-15(14)11-20(23)21(24)17-7-9-22-19-6-5-16(25-4-2)12-18(17)19/h5-7,9,12,14-15,20-21,24H,3-4,8,10-11,13H2,1-2H3/t14-,15-,20-,21+/m0/s1",SUWZHLCNFQWNPE-LATRNWQMSA-N,3740,ethylhydrocupreine,522-60-1
CCN(CC)C(=O)NC1CC2c3cccc4[nH]cc(c34)CC2N(C)C1,"InChI=1S/C20H28N4O/c1-4-24(5-2)20(25)22-14-10-16-15-7-6-8-17-19(15)13(11-21-17)9-18(16)23(3)12-14/h6-8,11,14,16,18,21H,4-5,9-10,12H2,1-3H3,(H,22,25)/t14-,16+,18+/m0/s1",JOAHPSVPXZTVEP-YXJHDRRASA-N,2601,terguride,37686-84-3
CCC(=O)c1ccc2c(c1)N(CC(C)N(C)C)c1ccccc1S2,"InChI=1S/C20H24N2OS/c1-5-18(23)15-10-11-20-17(12-15)22(13-14(2)21(3)4)16-8-6-7-9-19(16)24-20/h6-12,14H,5,13H2,1-4H3",UVOIBTBFPOZKGP-UHFFFAOYSA-N,2298,propiomazine,362-29-8
CCN(CC)CCNc1ccc(C)c2sc3ccccc3c(=O)c12,"InChI=1S/C20H24N2OS/c1-4-22(5-2)13-12-21-16-11-10-14(3)20-18(16)19(23)15-8-6-7-9-17(15)24-20/h6-11,21H,4-5,12-13H2,1-3H3",FBQPGGIHOFZRGH-UHFFFAOYSA-N,1616,lucanthone,479-50-5
CC(=O)C1(C)CCC2C3=CC(C)=C4CC(=O)CCC4(C)C3CCC21C,"InChI=1S/C23H32O2/c1-14-12-17-18(21(3)9-6-16(25)13-20(14)21)7-11-23(5)19(17)8-10-22(23,4)15(2)24/h12-13,17-19H,6-11H2,1-5H3/t17-,18+,19+,21-,22-,23+/m1/s1",HCFSGRMEEXUOSS-JXEXPEPMSA-N,1657,medrogestone,977-79-7
CC#CC1(O)CCC2C3CC(C)=C4CC(=O)CCC4(C)C3CCC21C,"InChI=1S/C23H32O2/c1-5-9-23(25)12-8-19-17-13-15(2)20-14-16(24)6-10-21(20,3)18(17)7-11-22(19,23)4/h14-15,17-19,25H,6-8,10-13H2,1-4H3/t15-,17+,18-,19-,21+,22-,23-/m0/s1",LVHOURKCKUYIGK-RGUJTQARSA-N,904,dimethisterone,79-64-1
CC[N+](C)(CC)CCOC(=O)C(O)(c1cccs1)C1CCCC1,"InChI=1S/C18H30NO3S/c1-4-19(3,5-2)12-13-22-17(20)18(21,15-9-6-7-10-15)16-11-8-14-23-16/h8,11,14-15,21H,4-7,9-10,12-13H2,1-3H3/q+1",NEMLPWNINZELKP-UHFFFAOYSA-N,2093,penthienate,22064-27-3
CCCCCCCCCCCCCCCCCCCCCC(=O)O,"InChI=1S/C22H44O2/c1-2-3-4-5-6-7-8-9-10-11-12-13-14-15-16-17-18-19-20-21-22(23)24/h2-21H2,1H3,(H,23,24)",UKMSUNONTOPOIO-UHFFFAOYSA-N,3855,docosanoic acid,112-85-6
CN(C)CCCN1C(=O)c2cc([N+](=O)[O-])ccc2Oc2ccccc21,"InChI=1S/C18H19N3O4/c1-19(2)10-5-11-20-15-6-3-4-7-17(15)25-16-9-8-13(21(23)24)12-14(16)18(20)22/h3-4,6-9,12H,5,10-11H2,1-2H3",CGYWLLGTCBIGSR-UHFFFAOYSA-N,4003,nitroxazepine,16398-39-3
COc1ccc2c3c1OC1C(OC(C)=O)=CCC4C(C2)N(C)CCC314,"InChI=1S/C20H23NO4/c1-11(22)24-16-7-5-13-14-10-12-4-6-15(23-3)18-17(12)20(13,19(16)25-18)8-9-21(14)2/h4,6-7,13-14,19H,5,8-10H2,1-3H3/t13-,14+,19-,20-/m0/s1",RRJQTGHQFYTZOW-ILWKUFEGSA-N,3144,thebacon,466-90-0
CNS(=O)(=O)c1ccc(NS(=O)(=O)c2ccc(N)cc2)cc1,"InChI=1S/C13H15N3O4S2/c1-15-21(17,18)12-8-4-11(5-9-12)16-22(19,20)13-6-2-10(14)3-7-13/h2-9,15-16H,14H2,1H3",VJUSDOIKMJHJPN-UHFFFAOYSA-N,3781,diseptal B ,547-53-5
CC(Cc1ccccc1)NCCn1cnc2c1c(=O)n(C)c(=O)n2C,"InChI=1S/C18H23N5O2/c1-13(11-14-7-5-4-6-8-14)19-9-10-23-12-20-16-15(23)17(24)22(3)18(25)21(16)2/h4-8,12-13,19H,9-11H2,1-3H3",NMCHYWGKBADVMK-UHFFFAOYSA-N,1149,fenetylline,3736-08-1
CC1(C)SC2C(NC(=O)C3(N)CCCCC3)C(=O)N2C1C(=O)O,"InChI=1S/C15H23N3O4S/c1-14(2)9(12(20)21)18-10(19)8(11(18)23-14)17-13(22)15(16)6-4-3-5-7-15/h8-9,11H,3-7,16H2,1-2H3,(H,17,22)(H,20,21)/t8-,9+,11-/m1/s1",HGBLNBBNRORJKI-WCABBAIRSA-N,632,cyclacillin,3485-14-1
CN1C2CCC1CC(OC(c1ccccc1)c1ccc(Cl)cc1)C2,"InChI=1S/C21H24ClNO/c1-23-18-11-12-19(23)14-20(13-18)24-21(15-5-3-2-4-6-15)16-7-9-17(22)10-8-16/h2-10,18-21H,11-14H2,1H3/t18-,19+,20?,21?",OCAXFDULERPAJM-WHSGIHJSSA-N,3715,clobenztropine,5627-46-3
Cc1cc(O)c2c(c1)OC1(C)CCC3C(C)(C)CCCC34COC2C14,"InChI=1S/C22H30O3/c1-13-10-14(23)17-15(11-13)25-21(4)9-6-16-20(2,3)7-5-8-22(16)12-24-18(17)19(21)22/h10-11,16,18-19,23H,5-9,12H2,1-4H3/t16-,18-,19-,21-,22-/m0/s1",UGGAILYEBCSZIV-ITJSPEIASA-N,3546,siccanin,22733-60-4
CC(=O)OC1(C(C)=O)CCC2C3=CC(C)=C4CC(=O)CCC4(C)C3CCC21C,"InChI=1S/C24H32O4/c1-14-12-18-19(22(4)9-6-17(27)13-21(14)22)7-10-23(5)20(18)8-11-24(23,15(2)25)28-16(3)26/h12-13,18-20H,6-11H2,1-5H3/t18-,19+,20+,22-,23+,24+/m1/s1",RQZAXGRLVPAYTJ-GQFGMJRRSA-N,1667,megestrol acetate,595-33-5
O=C1CN=C(c2ccccc2F)c2cc(Cl)ccc2N1CC1CC1,"InChI=1S/C19H16ClFN2O/c20-13-7-8-17-15(9-13)19(14-3-1-2-4-16(14)21)22-10-18(24)23(17)11-12-5-6-12/h1-4,7-9,12H,5-6,10-11H2",OFVXPDXXVSGEPX-UHFFFAOYSA-N,1226,flutoprazepam,25967-29-7
CCc1cc2c(s1)-n1c(C)nnc1CN=C2c1ccccc1Cl,"InChI=1S/C17H15ClN4S/c1-3-11-8-13-16(12-6-4-5-7-14(12)18)19-9-15-21-20-10(2)22(15)17(13)23-11/h4-8H,3,9H2,1-2H3",VMZUTJCNQWMAGF-UHFFFAOYSA-N,1102,etizolam,40054-69-1
COc1ccc2c3c1OC1C(OC(C)=O)CCC4C(C2)N(C)CCC341,"InChI=1S/C20H25NO4/c1-11(22)24-16-7-5-13-14-10-12-4-6-15(23-3)18-17(12)20(13,19(16)25-18)8-9-21(14)2/h4,6,13-14,16,19H,5,7-10H2,1-3H3/t13-,14+,16-,19-,20-/m0/s1",LGGDXXJAGWBUSL-BKRJIHRRSA-N,69,acetyldihydrocodeine,3861-72-1
CCCCOc1cc(C(=O)NCCN(CC)CC)c2ccccc2n1,"InChI=1S/C20H29N3O2/c1-4-7-14-25-19-15-17(16-10-8-9-11-18(16)22-19)20(24)21-12-13-23(5-2)6-3/h8-11,15H,4-7,12-14H2,1-3H3,(H,21,24)",PUFQVTATUTYEAL-UHFFFAOYSA-N,859,cinchocaine,85-79-0
CN1CCN(C2=Nc3ccccc3Sc3ccc(Cl)cc32)CC1,"InChI=1S/C18H18ClN3S/c1-21-8-10-22(11-9-21)18-14-12-13(19)6-7-16(14)23-17-5-3-2-4-15(17)20-18/h2-7,12H,8-11H2,1H3",KAAZGXDPUNNEFN-UHFFFAOYSA-N,717,clotiapine,2058-52-8
CN1CCCC1CCOC(C)(c1ccccc1)c1ccc(Cl)cc1,"InChI=1S/C21H26ClNO/c1-21(17-7-4-3-5-8-17,18-10-12-19(22)13-11-18)24-16-14-20-9-6-15-23(20)2/h3-5,7-8,10-13,20H,6,9,14-16H2,1-2H3/t20-,21-/m1/s1",YNNUSGIPVFPVBX-NHCUHLMSSA-N,671,clemastine,15686-51-8
CCN(CC)CCNC(=O)c1cc(Br)c(N)cc1OC,"InChI=1S/C14H22BrN3O2/c1-4-18(5-2)7-6-17-14(19)10-8-11(15)12(16)9-13(10)20-3/h8-9H,4-7,16H2,1-3H3,(H,17,19)",GIYAQDDTCWHPPL-UHFFFAOYSA-N,406,bromopride,4093-35-0
OCC(O)C(O)C(OC1OC(CO)C(O)C(O)C1O)C(O)CO,"InChI=1S/C12H24O11/c13-1-4(16)7(18)11(5(17)2-14)23-12-10(21)9(20)8(19)6(3-15)22-12/h4-21H,1-3H2/t4-,5+,6+,7+,8-,9-,10+,11+,12-/m0/s1",VQHSOMBJVWLPSR-JVCRWLNRSA-N,1534,lactitol,585-86-4
Cc1ccc(S(=O)(=O)Oc2ccc(O)c(S(=O)(=O)O)c2)cc1,"InChI=1S/C13H12O7S2/c1-9-2-5-11(6-3-9)22(18,19)20-10-4-7-12(14)13(8-10)21(15,16)17/h2-8,14H,1H3,(H,15,16,17)",SVXZTCUBEFUKRQ-UHFFFAOYSA-N,2542,sultosilic acid,57775-26-5
Cc1ccnc(NC(=O)C(C)c2cccc(C(=O)c3ccccc3)c2)c1,"InChI=1S/C22H20N2O2/c1-15-11-12-23-20(13-15)24-22(26)16(2)18-9-6-10-19(14-18)21(25)17-7-4-3-5-8-17/h3-14,16H,1-2H3,(H,23,24,26)",ASFKKFRSMGBFRO-UHFFFAOYSA-N,2165,piketoprofen,60576-13-8
CC12C=C(C=O)C(=O)C=C1CCC1C2C(O)CC2(C)C1CCC2(C)O,"InChI=1S/C21H28O4/c1-19-9-12(11-22)16(23)8-13(19)4-5-14-15-6-7-21(3,25)20(15,2)10-17(24)18(14)19/h8-9,11,14-15,17-18,24-25H,4-7,10H2,1-3H3/t14-,15-,17+,18+,19-,20-,21-/m0/s1",AMVODTGMYSRMNP-GNIMZFFESA-N,1237,formebolone,2454-11-7
CN1CCCN=C1COC(=O)C(O)(c1ccccc1)C1CCCCC1,"InChI=1S/C20H28N2O3/c1-22-14-8-13-21-18(22)15-25-19(23)20(24,16-9-4-2-5-10-16)17-11-6-3-7-12-17/h2,4-5,9-10,17,24H,3,6-8,11-15H2,1H3",DUDKAZCAISNGQN-UHFFFAOYSA-N,2026,oxyphencyclimine,125-53-1
CC(=O)C1CCC2C3CC(C)=C4CC(=O)CCC4(C)C3C(O)CC12C,"InChI=1S/C22H32O3/c1-12-9-15-17-6-5-16(13(2)23)22(17,4)11-19(25)20(15)21(3)8-7-14(24)10-18(12)21/h10,12,15-17,19-20,25H,5-9,11H2,1-4H3/t12-,15-,16+,17-,19-,20+,21-,22+/m0/s1",GZENKSODFLBBHQ-ILSZZQPISA-N,1662,medrysone,2668-66-8
Cc1c(Br)cc(Br)c(O)c1Br,"InChI=1S/C7H5Br3O/c1-3-4(8)2-5(9)7(11)6(3)10/h2,11H,1H3",QKHROXOPRBWBDD-UHFFFAOYSA-N,3625,tribromometacresol,4619-74-3
CC(=O)C1CCC2C3=CC(Cl)=C4CC(=O)C=CC4(C)C3CCC12C,"InChI=1S/C21H25ClO2/c1-12(23)15-4-5-16-14-11-19(22)18-10-13(24)6-8-21(18,3)17(14)7-9-20(15,16)2/h6,8,10-11,14-17H,4-5,7,9H2,1-3H3/t14-,15+,16-,17+,20+,21-/m0/s1",USXVMPAWZOOYDE-OAYGGAORSA-N,3623,trengestone,5192-84-7
CN1CCN(C2Cc3ccccc3Sc3ccc(Cl)cc32)CC1,"InChI=1S/C19H21ClN2S/c1-21-8-10-22(11-9-21)17-12-14-4-2-3-5-18(14)23-19-7-6-15(20)13-16(17)19/h2-7,13,17H,8-12H2,1H3",XRYLGRGAWQSVQW-UHFFFAOYSA-N,3912,clorotepine,13448-22-1
O=[N+]([O-])c1cc(Cl)cc(-c2cc(Cl)cc([N+](=O)[O-])c2O)c1O,"InChI=1S/C12H6Cl2N2O6/c13-5-1-7(11(17)9(3-5)15(19)20)8-2-6(14)4-10(12(8)18)16(21)22/h1-4,17-18H",XULACPAEUUWKFX-UHFFFAOYSA-N,1686,niclofolan,10331-57-4
COc1cc(CC2NCCc3cc(O)c(O)cc32)cc(OC)c1OC,"InChI=1S/C19H23NO5/c1-23-17-7-11(8-18(24-2)19(17)25-3)6-14-13-10-16(22)15(21)9-12(13)4-5-20-14/h7-10,14,20-22H,4-6H2,1-3H3/t14-/m0/s1",RGVPOXRFEPSFGH-AWEZNQCLSA-N,2723,tretoquinol,30418-38-3
COc1ccc(CCNCC(O)COc2cccc(C)c2)cc1OC,"InChI=1S/C20H27NO4/c1-15-5-4-6-18(11-15)25-14-17(22)13-21-10-9-16-7-8-19(23-2)20(12-16)24-3/h4-8,11-12,17,21-22H,9-10,13-14H2,1-3H3",HXLAFSUPPDYFEO-UHFFFAOYSA-N,360,bevantolol,59170-23-9
CC1CCCC(C)N1NC(=O)c1ccc(Cl)c(S(N)(=O)=O)c1,"InChI=1S/C14H20ClN3O3S/c1-9-4-3-5-10(2)18(9)17-14(19)11-6-7-12(15)13(8-11)22(16,20)21/h6-10H,3-5H2,1-2H3,(H,17,19)(H2,16,20,21)/t9-,10+",LBXHRAWDUMTPSE-AOOOYVTPSA-N,706,clopamide,636-54-4
COc1cc2c(cc1OC)C(CCc1ccc(Cl)cc1)N(C)CC2,"InChI=1S/C20H24ClNO2/c1-22-11-10-15-12-19(23-2)20(24-3)13-17(15)18(22)9-6-14-4-7-16(21)8-5-14/h4-5,7-8,12-13,18H,6,9-11H2,1-3H3",YBCPYHQFUMNOJG-UHFFFAOYSA-N,1749,metofoline,2154-02-1
Fc1ccc(C(c2ccccc2)(c2ccccc2F)n2ccnc2)cc1,"InChI=1S/C22H16F2N2/c23-19-12-10-18(11-13-19)22(26-15-14-25-16-26,17-6-2-1-3-7-17)20-8-4-5-9-21(20)24/h1-16H",QHMWCHQXCUNUAK-UHFFFAOYSA-N,1227,flutrimazole,119006-77-8
CCOC(=O)C(C)(CC)Oc1ccc(Cc2ccc(Cl)cc2)cc1,"InChI=1S/C20H23ClO3/c1-4-20(3,19(22)23-5-2)24-18-12-8-16(9-13-18)14-15-6-10-17(21)11-7-15/h6-13H,4-5,14H2,1-3H3",YWQGBCXVCXMSLJ-UHFFFAOYSA-N,292,beclobrate,55937-99-0
CCN(CC)CCCN1c2ccccc2Sc2ccc(Cl)cc21,"InChI=1S/C19H23ClN2S/c1-3-21(4-2)12-7-13-22-16-8-5-6-9-18(16)23-19-11-10-15(20)14-17(19)22/h5-6,8-11,14H,3-4,7,12-13H2,1-2H3",DBOUGBAQLIXZLV-UHFFFAOYSA-N,619,chlorproethazine,84-01-5
Nc1ncnc2c1ncn2C1OC(COP(=O)(O)O)C(O)C1O,"InChI=1S/C10H14N5O7P/c11-8-5-9(13-2-12-8)15(3-14-5)10-7(17)6(16)4(22-10)1-21-23(18,19)20/h2-4,6-7,10,16-17H,1H2,(H2,11,12,13)(H2,18,19,20)/t4-,6-,7-,10-/m1/s1",UDMBCSSLTHHNCD-KQYNXXCUSA-N,92,adenosine phosphate,61-19-8
CC(=O)Nc1cc([As]2SCC(CO)S2)ccc1O,"InChI=1S/C11H14AsNO3S2/c1-7(15)13-10-4-8(2-3-11(10)16)12-17-6-9(5-14)18-12/h2-4,9,14,16H,5-6H2,1H3,(H,13,15)",MRUDSZSRLQAPOG-UHFFFAOYSA-N,3007,arsthinol,119-96-0
N=C(N)Nc1ccc(C(=O)Oc2ccc3cc(C(=N)N)ccc3c2)cc1,"InChI=1S/C19H17N5O2/c20-17(21)14-2-1-13-10-16(8-5-12(13)9-14)26-18(25)11-3-6-15(7-4-11)24-19(22)23/h1-10H,(H3,20,21)(H4,22,23,24)",MQQNFDZXWVTQEH-UHFFFAOYSA-N,1867,nafamostat,81525-10-2
CC(C)(C)C(=O)OCOC(=O)C1N2C(=O)CC2S(=O)(=O)C1(C)C,"InChI=1S/C14H21NO7S/c1-13(2,3)12(18)22-7-21-11(17)10-14(4,5)23(19,20)9-6-8(16)15(9)10/h9-10H,6-7H2,1-5H3/t9-,10+/m1/s1",OHPVYKXTRACOSQ-ZJUUUORDSA-N,2493,sulbactam pivoxyl,69388-79-0
CC1=C(C(=O)O)N2C(=O)C(NC(=O)C(N)c3ccccc3)C2SC1,"InChI=1S/C16H17N3O4S/c1-8-7-24-15-11(14(21)19(15)12(8)16(22)23)18-13(20)10(17)9-5-3-2-4-6-9/h2-6,10-11,15H,7,17H2,1H3,(H,18,20)(H,22,23)/t10-,11-,15-/m1/s1",ZAIPMKNFIOOWCQ-UEKVPHQBSA-N,571,cefalexin,15686-71-2
CC(CCN1CCOCC1)OC(=O)C1(c2ccccc2)CCOCC1,"InChI=1S/C20H29NO4/c1-17(7-10-21-11-15-24-16-12-21)25-19(22)20(8-13-23-14-9-20)18-5-3-2-4-6-18/h2-6,17H,7-16H2,1H3",RDEOYUSTRWNWLX-UHFFFAOYSA-N,1139,fedrilate,23271-74-1
CN1CCC(n2[nH]c(-c3ccccc3)c(Cc3ccccc3)c2=O)CC1,"InChI=1S/C22H25N3O/c1-24-14-12-19(13-15-24)25-22(26)20(16-17-8-4-2-5-9-17)21(23-25)18-10-6-3-7-11-18/h2-11,19,23H,12-16H2,1H3",KMGARVOVYXNAOF-UHFFFAOYSA-N,3685,benzpiperylone,53-89-4
O=C(NC1CCN(CCc2c[nH]c3ccccc23)CC1)c1ccccc1,"InChI=1S/C22H25N3O/c26-22(17-6-2-1-3-7-17)24-19-11-14-25(15-12-19)13-10-18-16-23-21-9-5-4-8-20(18)21/h1-9,16,19,23H,10-15H2,(H,24,26)",JXZZEXZZKAWDSP-UHFFFAOYSA-N,1443,indoramin,26844-12-2
COc1ccc(N(CCCC(=O)O)C(=O)c2ccc(Cl)cc2)cc1,"InChI=1S/C18H18ClNO4/c1-24-16-10-8-15(9-11-16)20(12-2-3-17(21)22)18(23)13-4-6-14(19)7-5-13/h4-11H,2-3,12H2,1H3,(H,21,22)",VUPBWNXFSDRWJE-UHFFFAOYSA-N,3104,clanobutin,30544-61-7
CN(C)CCOC(C)(c1ccccc1)c1ccc(Br)cc1,"InChI=1S/C18H22BrNO/c1-18(21-14-13-20(2)3,15-7-5-4-6-8-15)16-9-11-17(19)12-10-16/h4-12H,13-14H2,1-3H3",URSRSKSNFPUKGH-UHFFFAOYSA-N,998,embramine,3565-72-8
Nc1ccc(S(=O)(=O)c2ccc(NC(=O)CCC(=O)O)cc2)cc1,"InChI=1S/C16H16N2O5S/c17-11-1-5-13(6-2-11)24(22,23)14-7-3-12(4-8-14)18-15(19)9-10-16(20)21/h1-8H,9-10,17H2,(H,18,19)(H,20,21)",QAJQUUOBVOKLOD-UHFFFAOYSA-N,3556,succisulfone,5934-14-5
Cc1ccc(C(=CCN2CCCC2)c2cccc(C=CC(=O)O)n2)cc1,"InChI=1S/C22H24N2O2/c1-17-7-9-18(10-8-17)20(13-16-24-14-2-3-15-24)21-6-4-5-19(23-21)11-12-22(25)26/h4-13H,2-3,14-16H2,1H3,(H,25,26)/b12-11+,20-13+",PWACSDKDOHSSQD-IUTFFREVSA-N,82,acrivastine,87848-99-5
Cc1cnc(NCCCN(C)C)c2c1[nH]c1ccc3cc(O)ccc3c12,"InChI=1S/C21H24N4O/c1-13-12-23-21(22-9-4-10-25(2)3)19-18-16-7-6-15(26)11-14(16)5-8-17(18)24-20(13)19/h5-8,11-12,24,26H,4,9-10H2,1-3H3,(H,22,23)",QROONAIPJKQFMC-UHFFFAOYSA-N,1446,intoplicine,125974-72-3
CCN(CC)CCOc1ccccc1-n1c(C)ccc1-c1ccccc1,"InChI=1S/C23H28N2O/c1-4-24(5-2)17-18-26-23-14-10-9-13-22(23)25-19(3)15-16-21(25)20-11-7-6-8-12-20/h6-16H,4-5,17-18H2,1-3H3",DQIUUHJEYNMMLD-UHFFFAOYSA-N,3765,leiopyrrole,5633-16-9
CC[N+](C)(CC)CCOC(=O)C(O)(c1ccccc1)C1CCCCC1,"InChI=1S/C21H34NO3/c1-4-22(3,5-2)16-17-25-20(23)21(24,18-12-8-6-9-13-18)19-14-10-7-11-15-19/h6,8-9,12-13,19,24H,4-5,7,10-11,14-17H2,1-3H3/q+1",GFRUPHOKLBPHTQ-UHFFFAOYSA-N,2039,oxyphenonium,14214-84-7
CCOS(=O)(=O)c1cc(C(C)(C)C)cc2cc(C(C)(C)C)ccc12,"InChI=1S/C20H28O3S/c1-8-23-24(21,22)18-13-16(20(5,6)7)12-14-11-15(19(2,3)4)9-10-17(14)18/h9-13H,8H2,1-7H3",ZAMACTJOCIFTPJ-UHFFFAOYSA-N,3197,ethyl dibunate,5560-69-0
O=C1C(O)N=C(c2ccccc2F)c2cc(Cl)ccc2N1CCO,"InChI=1S/C17H14ClFN2O3/c18-10-5-6-14-12(9-10)15(11-3-1-2-4-13(11)19)20-16(23)17(24)21(14)7-8-22/h1-6,9,16,22-23H,7-8H2",VOJLELRQLPENHL-UHFFFAOYSA-N,955,doxefazepam,40762-15-0
O=C(Nc1ccc(Cl)cc1)Nc1ccc(Cl)c(C(F)(F)F)c1,"InChI=1S/C14H9Cl2F3N2O/c15-8-1-3-9(4-2-8)20-13(22)21-10-5-6-12(16)11(7-10)14(17,18)19/h1-7H,(H2,20,21,22)",ZFSXZJXLKAJIGS-UHFFFAOYSA-N,3108,halocarban,369-77-7
O=c1[nH]c(=O)n(C2OC(CO)C(O)C2O)cc1C=CBr,"InChI=1S/C11H13BrN2O6/c12-2-1-5-3-14(11(19)13-9(5)18)10-8(17)7(16)6(4-15)20-10/h1-3,6-8,10,15-17H,4H2,(H,13,18,19)/b2-1+/t6-,7-,8+,10-/m1/s1",GCQYYIHYQMVWLT-HQNLTJAPSA-N,2463,sorivudine,77181-69-2
O=C1CN2CCOC2(c2ccccc2Cl)c2cc(Cl)ccc2N1,"InChI=1S/C17H14Cl2N2O2/c18-11-5-6-15-13(9-11)17(12-3-1-2-4-14(12)19)21(7-8-23-17)10-16(22)20-15/h1-6,9H,7-8,10H2,(H,20,22)",ZIXNZOBDFKSQTC-UHFFFAOYSA-N,721,cloxazolam,24166-13-0
COc1ccc2c(c1)c(CC(=O)O)c(C)n2C(=O)C=Cc1ccccc1,"InChI=1S/C21H19NO4/c1-14-17(13-21(24)25)18-12-16(26-2)9-10-19(18)22(14)20(23)11-8-15-6-4-3-5-7-15/h3-12H,13H2,1-2H3,(H,24,25)/b11-8+",NKPPORKKCMYYTO-DHZHZOJOSA-N,3711,cinmetacin,20168-99-4
CC1=C(C(=O)O)N2C(=O)C(NC(=O)C(N)C3=CCC=CC3)C2SC1,"InChI=1S/C16H19N3O4S/c1-8-7-24-15-11(14(21)19(15)12(8)16(22)23)18-13(20)10(17)9-5-3-2-4-6-9/h2-3,6,10-11,15H,4-5,7,17H2,1H3,(H,18,20)(H,22,23)/t10-,11-,15-/m1/s1",RDLPVSKMFDYCOR-UEKVPHQBSA-N,576,cefradine,38821-53-3
CCC(=O)C(CC(C)N1CCCCC1)(c1ccccc1)c1ccccc1,"InChI=1S/C24H31NO/c1-3-23(26)24(21-13-7-4-8-14-21,22-15-9-5-10-16-22)19-20(2)25-17-11-6-12-18-25/h4-5,7-10,13-16,20H,3,6,11-12,17-19H2,1-2H3",SVDHSZFEQYXRDC-UHFFFAOYSA-N,921,dipipanone,467-83-4
O=C(OCCN1CCCCCC1)C(c1ccsc1)C1CCCCC1,"InChI=1S/C20H31NO2S/c22-20(23-14-13-21-11-6-1-2-7-12-21)19(18-10-15-24-16-18)17-8-4-3-5-9-17/h10,15-17,19H,1-9,11-14H2",MMNICIJVQJJHHF-UHFFFAOYSA-N,580,cetiedil,14176-10-4
CN1C(=O)COc2c(C(=O)NC3CN4CCC3CC4)cc(Cl)cc21,"InChI=1S/C17H20ClN3O3/c1-20-14-7-11(18)6-12(16(14)24-9-15(20)22)17(23)19-13-8-21-4-2-10(13)3-5-21/h6-7,10,13H,2-5,8-9H2,1H3,(H,19,23)",WUKZPHOXUVCQOR-UHFFFAOYSA-N,267,azasetron,123040-69-7
CC1(C)SC2C(NC(=O)COc3ccccc3)C(=O)N2C1C(=O)O,"InChI=1S/C16H18N2O5S/c1-16(2)12(15(21)22)18-13(20)11(14(18)24-16)17-10(19)8-23-9-6-4-3-5-7-9/h3-7,11-12,14H,8H2,1-2H3,(H,17,19)(H,21,22)/t11-,12+,14-/m1/s1",BPLBGHOLXOTWMN-MBNYWOFBSA-N,2083,phenoxymethylpenicillin,87-08-1
CC(O)C1C(=O)N2C(C(=O)[O-])=C(SC3Cn4cnc[n+]4C3)C(C)C12,"InChI=1S/C15H18N4O4S/c1-7-11-10(8(2)20)14(21)19(11)12(15(22)23)13(7)24-9-3-17-5-16-6-18(17)4-9/h5-11,20H,3-4H2,1-2H3/t7-,8-,10-,11-/m1/s1",MRMBZHPJVKCOMA-YJFSRANCSA-N,365,biapenem,120410-24-4
CC(C)c1cccc(C(C)C)c1NC(=O)CN(CC(=O)O)CC(=O)O,"InChI=1S/C18H26N2O5/c1-11(2)13-6-5-7-14(12(3)4)18(13)19-15(21)8-20(9-16(22)23)10-17(24)25/h5-7,11-12H,8-10H2,1-4H3,(H,19,21)(H,22,23)(H,24,25)",UDUSOMRJOPCWHT-UHFFFAOYSA-N,3161,disofenin,65717-97-7
CCOC(=O)C1=CC2(CC)CCCN3CCc4c(n1c1ccccc41)C32,"InChI=1S/C22H26N2O2/c1-3-22-11-7-12-23-13-10-16-15-8-5-6-9-17(15)24(19(16)20(22)23)18(14-22)21(25)26-4-2/h5-6,8-9,14,20H,3-4,7,10-13H2,1-2H3/t20-,22+/m1/s1",DDNCQMVWWZOMLN-IRLDBZIGSA-N,2828,vinpocetine,42971-09-5
O=S(=O)(O)c1cc(I)c(O)c2ncccc12,"InChI=1S/C9H6INO4S/c10-6-4-7(16(13,14)15)5-2-1-3-11-8(5)9(6)12/h1-4,12H,(H,13,14,15)",ZBJWWKFMHOAPNS-UHFFFAOYSA-N,3287,loretin,547-91-1
O=C1c2ccccc2N(C(=O)CN2CCOCC2)CN1c1ccccc1,"InChI=1S/C20H21N3O3/c24-19(14-21-10-12-26-13-11-21)23-15-22(16-6-2-1-3-7-16)20(25)17-8-4-5-9-18(17)23/h1-9H,10-15H2",VCRQLDNIOXNDMT-UHFFFAOYSA-N,3785,moquizone,19395-58-5
CN1CCN(CC(=O)N2c3ccccc3C(=O)Nc3cccnc32)CC1,"InChI=1S/C19H21N5O2/c1-22-9-11-23(12-10-22)13-17(25)24-16-7-3-2-5-14(16)19(26)21-15-6-4-8-20-18(15)24/h2-8H,9-13H2,1H3,(H,21,26)",RMHMFHUVIITRHF-UHFFFAOYSA-N,2200,pirenzepine,28797-61-7
CC1(C)SC2C(NC(=O)C(N)C3=CCC=CC3)C(=O)N2C1C(=O)O,"InChI=1S/C16H21N3O4S/c1-16(2)11(15(22)23)19-13(21)10(14(19)24-16)18-12(20)9(17)8-6-4-3-5-7-8/h3-4,7,9-11,14H,5-6,17H2,1-2H3,(H,18,20)(H,22,23)/t9-,10-,11+,14-/m1/s1",RPBAFSBGYDKNRG-NJBDSQKTSA-N,1025,epicillin,26774-90-3
CNCC(O)c1ccc(OC(=O)C(C)(C)C)c(OC(=O)C(C)(C)C)c1,"InChI=1S/C19H29NO5/c1-18(2,3)16(22)24-14-9-8-12(13(21)11-20-7)10-15(14)25-17(23)19(4,5)6/h8-10,13,20-21H,11H2,1-7H3",OCUJLLGVOUDECM-UHFFFAOYSA-N,922,dipivefrine,52365-63-6
CC1(C)CCC(C)(C)c2cc(NC(=O)c3ccc(C(=O)O)cc3)ccc21,"InChI=1S/C22H25NO3/c1-21(2)11-12-22(3,4)18-13-16(9-10-17(18)21)23-19(24)14-5-7-15(8-6-14)20(25)26/h5-10,13H,11-12H2,1-4H3,(H,23,24)(H,25,26)",MUTNCGKQJGXKEM-UHFFFAOYSA-N,3580,tamibarotene,94497-51-5
O=C1OC(CCN2CCCCC2)OC1(c1ccccc1)c1ccccc1,"InChI=1S/C22H25NO3/c24-21-22(18-10-4-1-5-11-18,19-12-6-2-7-13-19)26-20(25-21)14-17-23-15-8-3-9-16-23/h1-2,4-7,10-13,20H,3,8-9,14-17H2",DXSUDONPFZKWOO-UHFFFAOYSA-N,2194,pipoxolan,23744-24-3
CCOC(=O)c1ccc(C#Cc2ccc3c(c2)C(C)(C)CCS3)nc1,"InChI=1S/C21H21NO2S/c1-4-24-20(23)16-7-9-17(22-14-16)8-5-15-6-10-19-18(13-15)21(2,3)11-12-25-19/h6-7,9-10,13-14H,4,11-12H2,1-3H3",OGQICQVSFDPSEI-UHFFFAOYSA-N,2571,tazarotene,118292-40-3
CCC(=O)C(CC(C)N1CCOCC1)(c1ccccc1)c1ccccc1,"InChI=1S/C23H29NO2/c1-3-22(25)23(20-10-6-4-7-11-20,21-12-8-5-9-13-21)18-19(2)24-14-16-26-17-15-24/h4-13,19H,3,14-18H2,1-2H3",LOXCOAXRHYDLOW-UHFFFAOYSA-N,3435,phenadoxone,467-84-5
CN(C)Cc1nnc2n1-c1ccc(Cl)cc1C(c1ccccc1)=NC2,"InChI=1S/C19H18ClN5/c1-24(2)12-18-23-22-17-11-21-19(13-6-4-3-5-7-13)15-10-14(20)8-9-16(15)25(17)18/h3-10H,11-12H2,1-2H3",GJSLOMWRLALDCT-UHFFFAOYSA-N,93,adinazolam,37115-32-5
Cc1cc(=O)oc2cc(OS(=O)(=O)O)c(OS(=O)(=O)O)cc12,"InChI=1S/C10H8O10S2/c1-5-2-10(11)18-7-4-9(20-22(15,16)17)8(3-6(5)7)19-21(12,13)14/h2-4H,1H3,(H,12,13,14)(H,15,16,17)",SZNQDPUZKFSCNG-UHFFFAOYSA-N,3573,sulmarin,29334-07-4
CN(C)CCCN1c2ccccc2Sc2ccc(C(F)(F)F)cc21,"InChI=1S/C18H19F3N2S/c1-22(2)10-5-11-23-14-6-3-4-7-16(14)24-17-9-8-13(12-15(17)23)18(19,20)21/h3-4,6-9,12H,5,10-11H2,1-2H3",XSCGXQMFQXDFCW-UHFFFAOYSA-N,2742,triflupromazine,146-54-3
CC(C)CC(NC(=O)C1CCCC(=O)N1)C(=O)N1CCCC1C(N)=O,"InChI=1S/C17H28N4O4/c1-10(2)9-12(17(25)21-8-4-6-13(21)15(18)23)20-16(24)11-5-3-7-14(22)19-11/h10-13H,3-9H2,1-2H3,(H2,18,23)(H,19,22)(H,20,24)/t11-,12-,13-/m0/s1",DPNGIIPSQYKWQA-AVGNSLFASA-N,3484,posatirelin,78664-73-0
C[N+]12CCC(CC1)C(OC(=O)C(O)(c1ccccc1)c1ccccc1)C2,"InChI=1S/C22H26NO3/c1-23-14-12-17(13-15-23)20(16-23)26-21(24)22(25,18-8-4-2-5-9-18)19-10-6-3-7-11-19/h2-11,17,20,25H,12-16H2,1H3/q+1",HOOSGZJRQIVJSZ-UHFFFAOYSA-N,676,clidinium,7020-55-5
CCCCCC(O)C=CC1C(O)CC2OC(=CCCCC(=O)O)CC21,"InChI=1S/C20H32O5/c1-2-3-4-7-14(21)10-11-16-17-12-15(8-5-6-9-20(23)24)25-19(17)13-18(16)22/h8,10-11,14,16-19,21-22H,2-7,9,12-13H2,1H3,(H,23,24)/b11-10+,15-8-/t14-,16+,17+,18+,19-/m0/s1",KAQKFAOMNZTLHT-OZUDYXHBSA-N,1034,epoprostenol,35121-78-9
CCCCOc1ccc(C(=O)OCCOCCN(CC)CC)cc1N,"InChI=1S/C19H32N2O4/c1-4-7-11-24-18-9-8-16(15-17(18)20)19(22)25-14-13-23-12-10-21(5-2)6-3/h8-9,15H,4-7,10-14,20H2,1-3H3",CXYOBRKOFHQONJ-UHFFFAOYSA-N,3023,betoxycaine,3818-62-0
COc1ccc(C(=O)Nc2ccccc2CCC2CCCCN2C)cc1,"InChI=1S/C22H28N2O2/c1-24-16-6-5-8-19(24)13-10-17-7-3-4-9-21(17)23-22(25)18-11-14-20(26-2)15-12-18/h3-4,7,9,11-12,14-15,19H,5-6,8,10,13,16H2,1-2H3,(H,23,25)",PJWPNDMDCLXCOM-UHFFFAOYSA-N,1007,encainide,66778-36-7
CC12C=CC(=O)C=C1CCC1C2CCC2(C)C(OC3=CCCC3)CCC12,"InChI=1S/C24H32O2/c1-23-13-11-17(25)15-16(23)7-8-19-20-9-10-22(26-18-5-3-4-6-18)24(20,2)14-12-21(19)23/h5,11,13,15,19-22H,3-4,6-10,12,14H2,1-2H3/t19-,20-,21-,22-,23-,24-/m0/s1",IUVKMZGDUIUOCP-BTNSXGMBSA-N,3823,quinbolone,2487-63-0
O=C1CN=C(c2ccccc2)c2cc(Cl)ccc2N1CC(F)(F)F,"InChI=1S/C17H12ClF3N2O/c18-12-6-7-14-13(8-12)16(11-4-2-1-3-5-11)22-9-15(24)23(14)10-17(19,20)21/h1-8H,9-10H2",WYCLKVQLVUQKNZ-UHFFFAOYSA-N,1348,halazepam,23092-17-3
CCOC(=O)C(CCN1CCOCC1)(c1ccccc1)c1ccccc1,"InChI=1S/C22H27NO3/c1-2-26-21(24)22(19-9-5-3-6-10-19,20-11-7-4-8-12-20)13-14-23-15-17-25-18-16-23/h3-12H,2,13-18H2,1H3",LQGIXNQCOXNCRP-UHFFFAOYSA-N,3733,dioxaphetyl butyrate,467-86-7
CCC(CO)NC(=O)C1C=C2c3cccc4c3c(cn4C)CC2N(C)C1,"InChI=1S/C21H27N3O2/c1-4-15(12-25)22-21(26)14-8-17-16-6-5-7-18-20(16)13(10-23(18)2)9-19(17)24(3)11-14/h5-8,10,14-15,19,25H,4,9,11-12H2,1-3H3,(H,22,26)/t14-,15+,19-/m1/s1",KPJZHOPZRAFDTN-ZRGWGRIASA-N,1775,methysergide,361-37-5
CCNC(=O)C=C(C)C=CC=C(C)C=Cc1c(C)cc(OC)c(C)c1C,"InChI=1S/C23H31NO2/c1-8-24-23(25)14-17(3)11-9-10-16(2)12-13-21-18(4)15-22(26-7)20(6)19(21)5/h9-15H,8H2,1-7H3,(H,24,25)/b11-9+,13-12+,16-10+,17-14+",IYIYMCASGKQOCZ-DJRRULDNSA-N,1849,motretinide,56281-36-8
CC(C)[N+](C)(CCC(C(N)=O)(c1ccccc1)c1ccccc1)C(C)C,"InChI=1S/C23H32N2O/c1-18(2)25(5,19(3)4)17-16-23(22(24)26,20-12-8-6-9-13-20)21-14-10-7-11-15-21/h6-15,18-19H,16-17H2,1-5H3,(H-,24,26)/p+1",JTPUMZTWMWIVPA-UHFFFAOYSA-O,1500,isopropamide,7492-32-2
CC(C)CC1Nc2cc(Cl)c(S(N)(=O)=O)cc2S(=O)(=O)N1,"InChI=1S/C11H16ClN3O4S2/c1-6(2)3-11-14-8-4-7(12)9(20(13,16)17)5-10(8)21(18,19)15-11/h4-6,11,14-15H,3H2,1-2H3,(H2,13,16,17)",HGBFRHCDYZJRAO-UHFFFAOYSA-N,446,butizide,2043-38-1
O=c1[nH]c(=O)n(C2CC(O)C(CO)O2)cc1I,"InChI=1S/C9H11IN2O5/c10-4-2-12(9(16)11-8(4)15)7-1-5(14)6(3-13)17-7/h2,5-7,13-14H,1,3H2,(H,11,15,16)/t5-,6+,7+/m0/s1",XQFRJNBWHJMXHO-RRKCRQDMSA-N,1417,idoxuridine,54-42-2
O=C(Oc1ccc2c(c1)CCCN2C(=O)C(Cl)Cl)c1ccco1,"InChI=1S/C16H13Cl2NO4/c17-14(18)15(20)19-7-1-3-10-9-11(5-6-12(10)19)23-16(21)13-4-2-8-22-13/h2,4-6,8-9,14H,1,3,7H2",SBJGFIXQRZOVTO-UHFFFAOYSA-N,2344,quinfamide,62265-68-3
O=C(O)COC(=O)Cc1ccccc1Nc1c(Cl)cccc1Cl,"InChI=1S/C16H13Cl2NO4/c17-11-5-3-6-12(18)16(11)19-13-7-2-1-4-10(13)8-15(22)23-9-14(20)21/h1-7,19H,8-9H2,(H,20,21)",MNIPYSSQXLZQLJ-UHFFFAOYSA-N,43,aceclofenac,89796-99-6
O=S1(=O)OC(c2ccc(O)cc2)(c2ccc(O)cc2)c2ccccc21,"InChI=1S/C19H14O5S/c20-15-9-5-13(6-10-15)19(14-7-11-16(21)12-8-14)17-3-1-2-4-18(17)25(22,23)24-19/h1-12,20-21H",BELBBZDIHDAJOR-UHFFFAOYSA-N,3439,phenolsulfonphthalein,143-74-8
O=C(O)Cc1c(-c2ccccc2)c(-c2ccccc2)nn1-c1ccccc1,"InChI=1S/C23H18N2O2/c26-21(27)16-20-22(17-10-4-1-5-11-17)23(18-12-6-2-7-13-18)24-25(20)19-14-8-3-9-15-19/h1-15H,16H2,(H,26,27)",LZRDDINFIHUVCX-UHFFFAOYSA-N,1492,isofezolac,50270-33-2
Cc1c(C)c(O)c(C(=CCCCCC(=O)O)c2ccccc2)c(C)c1O,"InChI=1S/C22H26O4/c1-14-15(2)22(26)20(16(3)21(14)25)18(17-10-6-4-7-11-17)12-8-5-9-13-19(23)24/h4,6-7,10-11,18H,5,8-9,12-13H2,1-3H3,(H,23,24)",ZBVKEHDGYSLCCC-UHFFFAOYSA-N,2432,seratrodast,112665-43-7
CCC12CCCN3CCc4c(n(c5ccccc45)C(O)(C(=O)OC)C1)C32,"InChI=1S/C21H26N2O3/c1-3-20-10-6-11-22-12-9-15-14-7-4-5-8-16(14)23(17(15)18(20)22)21(25,13-20)19(24)26-2/h4-5,7-8,18,25H,3,6,9-13H2,1-2H3/t18-,20+,21+/m1/s1",RXPRRQLKFXBCSJ-GIVPXCGWSA-N,3643,vincamine,1617-90-9
N=C(N)c1ccc(OCCCCCCOc2ccc(C(=N)N)cc2)cc1,"InChI=1S/C20H26N4O2/c21-19(22)15-5-9-17(10-6-15)25-13-3-1-2-4-14-26-18-11-7-16(8-12-18)20(23)24/h5-12H,1-4,13-14H2,(H3,21,22)(H3,23,24)",OQLKNTOKMBVBKV-UHFFFAOYSA-N,3275,hexamidine,3811-75-4
C[N+]1(C)CCCCC1COC(=O)C(O)(c1ccccc1)c1ccccc1,"InChI=1S/C22H28NO3/c1-23(2)16-10-9-15-20(23)17-26-21(24)22(25,18-11-5-3-6-12-18)19-13-7-4-8-14-19/h3-8,11-14,20,25H,9-10,15-17H2,1-2H3/q+1",UHUMRJKDOOEQIG-UHFFFAOYSA-N,3024,bevonium,33371-53-8
CC[N+]1(C)CCCC(OC(=O)C(O)(c2ccccc2)c2ccccc2)C1,"InChI=1S/C22H28NO3/c1-3-23(2)16-10-15-20(17-23)26-21(24)22(25,18-11-6-4-7-12-18)19-13-8-5-9-14-19/h4-9,11-14,20,25H,3,10,15-17H2,1-2H3/q+1",WPUKUEMZZRVAKZ-UHFFFAOYSA-N,2185,pipenzolate,13473-38-6
CC[N+]1(CC)CCC(OC(=O)C(O)(c2ccccc2)c2ccccc2)C1,"InChI=1S/C22H28NO3/c1-3-23(4-2)16-15-20(17-23)26-21(24)22(25,18-11-7-5-8-12-18)19-13-9-6-10-14-19/h5-14,20,25H,3-4,15-17H2,1-2H3/q+1",ZKCWITXZGWUJAV-UHFFFAOYSA-N,320,benzilonium,16175-92-1
CCN1CCCC1CNC(=O)c1cc(S(=O)(=O)CC)ccc1OC,"InChI=1S/C17H26N2O4S/c1-4-19-10-6-7-13(19)12-18-17(20)15-11-14(24(21,22)5-2)8-9-16(15)23-3/h8-9,11,13H,4-7,10,12H2,1-3H3,(H,18,20)",UNRHXEPDKXPRTM-UHFFFAOYSA-N,2541,sultopride,53583-79-2
CCCCCC(O)C=CC1C(O)CC(O)C1CC=CCCCC(=O)O,"InChI=1S/C20H34O5/c1-2-3-6-9-15(21)12-13-17-16(18(22)14-19(17)23)10-7-4-5-8-11-20(24)25/h4,7,12-13,15-19,21-23H,2-3,5-6,8-11,14H2,1H3,(H,24,25)/b7-4-,13-12+/t15-,16+,17+,18-,19+/m0/s1",PXGPLTODNUVGFL-YNNPMVKQSA-N,912,dinoprost,551-11-1
CCCCCC(O)C=CC1C(O)CC(=O)C1CCCCCCC(=O)O,"InChI=1S/C20H34O5/c1-2-3-6-9-15(21)12-13-17-16(18(22)14-19(17)23)10-7-4-5-8-11-20(24)25/h12-13,15-17,19,21,23H,2-11,14H2,1H3,(H,24,25)/b13-12+/t15-,16+,17+,19+/m0/s1",GMVPRGQOIOIIMI-DWKJAMRDSA-N,138,alprostadil,745-65-3
COC(CN1CCN(CCC(O)c2ccccc2)CC1)c1ccccc1,"InChI=1S/C22H30N2O2/c1-26-22(20-10-6-3-7-11-20)18-24-16-14-23(15-17-24)13-12-21(25)19-8-4-2-5-9-19/h2-11,21-22,25H,12-18H2,1H3",QSRHLIUOSXVKTG-UHFFFAOYSA-N,1038,eprozinol,32665-36-4
CCCCC(C)(O)CC=CC1C(O)CC(=O)C1CCCCCCCO,"InChI=1S/C21H38O4/c1-3-4-13-21(2,25)14-10-12-18-17(19(23)16-20(18)24)11-8-6-5-7-9-15-22/h10,12,17-18,20,22,24-25H,3-9,11,13-16H2,1-2H3/b12-10+/t17-,18-,20-,21?/m1/s1",SPOAFZKFCYREMW-FWYLUGOYSA-N,3529,rioprostil,77287-05-9
Cc1cccc(C)c1NC(=O)c1cc(S(N)(=O)=O)c(Cl)cc1O,"InChI=1S/C15H15ClN2O4S/c1-8-4-3-5-9(2)14(8)18-15(20)10-6-13(23(17,21)22)11(16)7-12(10)19/h3-7,19H,1-2H3,(H,18,20)(H2,17,21,22)",MTZBBNMLMNBNJL-UHFFFAOYSA-N,2853,xipamide,14293-44-8
Cc1ccc2c([nH]c(=O)c3c(=O)cc(C(=O)OCCC(C)C)oc32)c1C,"InChI=1S/C20H21NO5/c1-10(2)7-8-25-20(24)15-9-14(22)16-18(26-15)13-6-5-11(3)12(4)17(13)21-19(16)23/h5-6,9-10H,7-8H2,1-4H3,(H,21,23)",NFQIAEMCQGTTIR-UHFFFAOYSA-N,2367,repirinast,73080-51-0
O=C(O)CCC(=O)Nc1ccc(S(=O)(=O)Nc2nccs2)cc1,"InChI=1S/C13H13N3O5S2/c17-11(5-6-12(18)19)15-9-1-3-10(4-2-9)23(20,21)16-13-14-7-8-22-13/h1-4,7-8H,5-6H2,(H,14,16)(H,15,17)(H,18,19)",SKVLYVHULOWXTD-UHFFFAOYSA-N,2490,succinylsulfathiazole,116-43-8
Cc1ccc(C2(O)CCN(CCCC(=O)c3ccc(F)cc3)CC2)cc1,"InChI=1S/C22H26FNO2/c1-17-4-8-19(9-5-17)22(26)12-15-24(16-13-22)14-2-3-21(25)18-6-10-20(23)11-7-18/h4-11,26H,2-3,12-16H2,1H3",AGAHNABIDCTLHW-UHFFFAOYSA-N,1837,moperone,1050-79-9
CC[N+](C)(CC)CCN(C)C(=O)C(O)(c1ccccc1)c1ccccc1,"InChI=1S/C22H31N2O2/c1-5-24(4,6-2)18-17-23(3)21(25)22(26,19-13-9-7-10-14-19)20-15-11-8-12-16-20/h7-16,26H,5-6,17-18H2,1-4H3/q+1",XCEPXSCPQIRLCL-UHFFFAOYSA-N,325,benzomethamine,17010-68-3
CC(NCC=C(c1ccsc1)c1ccsc1)C(O)c1ccccc1,"InChI=1S/C20H21NOS2/c1-15(20(22)16-5-3-2-4-6-16)21-10-7-19(17-8-11-23-13-17)18-9-12-24-14-18/h2-9,11-15,20-22H,10H2,1H3/t15-,20-/m0/s1",JQSHEDRVRBSFCZ-YWZLYKJASA-N,3843,tinofedrine,66788-41-8
CC(C)(Oc1ccc(Cl)cc1)C(=O)NC(=O)NCN1CCOCC1,"InChI=1S/C16H22ClN3O4/c1-16(2,24-13-5-3-12(17)4-6-13)14(21)19-15(22)18-11-20-7-9-23-10-8-20/h3-6H,7-11H2,1-2H3,(H2,18,19,21,22)",DDDQVDIPBFGVIG-UHFFFAOYSA-N,2221,plafibride,63394-05-8
O=C(Cn1c(=O)sc2ccc(Cl)cc21)N1CCN(CCO)CC1,"InChI=1S/C15H18ClN3O3S/c16-11-1-2-13-12(9-11)19(15(22)23-13)10-14(21)18-5-3-17(4-6-18)7-8-20/h1-2,9,20H,3-8,10H2",HTJXMOGUGMSZOG-UHFFFAOYSA-N,2653,tiaramide,32527-55-2
CCN(CC)Cc1cc(Nc2ccnc3cc(Cl)ccc23)ccc1O,"InChI=1S/C20H22ClN3O/c1-3-24(4-2)13-14-11-16(6-8-20(14)25)23-18-9-10-22-19-12-15(21)5-7-17(18)19/h5-12,25H,3-4,13H2,1-2H3,(H,22,23)",OVCDSSHSILBFBN-UHFFFAOYSA-N,186,amodiaquine,86-42-0
Oc1c(Cl)cc(Cl)cc1Sc1cc(Cl)cc(Cl)c1O,"InChI=1S/C12H6Cl4O2S/c13-5-1-7(15)11(17)9(3-5)19-10-4-6(14)2-8(16)12(10)18/h1-4,17-18H",JFIOVJDNOJYLKP-UHFFFAOYSA-N,3032,bithionol,97-18-7
O=C(CCBr)N1CCN(C(=O)CCBr)CC1,InChI=1S/C10H16Br2N2O2/c11-3-1-9(15)13-5-7-14(8-6-13)10(16)2-4-12/h1-8H2,NJBFOOCLYDNZJN-UHFFFAOYSA-N,2192,pipobroman,54-91-1
CC(CCN1CCN(c2ccc(F)cc2)CC1)NC(=O)c1cccnc1,"InChI=1S/C20H25FN4O/c1-16(23-20(26)17-3-2-9-22-15-17)8-10-24-11-13-25(14-12-24)19-6-4-18(21)5-7-19/h2-7,9,15-16H,8,10-14H2,1H3,(H,23,26)",RSKQGBFMNPDPLR-UHFFFAOYSA-N,1908,niaprazine,27367-90-4
CCN(CC)CCNc1ccc(CO)c2sc3ccccc3c(=O)c12,"InChI=1S/C20H24N2O2S/c1-3-22(4-2)12-11-21-16-10-9-14(13-23)20-18(16)19(24)15-7-5-6-8-17(15)25-20/h5-10,21,23H,3-4,11-13H2,1-2H3",MFZWMTSUNYWVBU-UHFFFAOYSA-N,1383,hycanthone,3105-97-3
CC12CCC3c4ccc(OC5CCCC5)cc4CCC3C1CC(O)C2O,"InChI=1S/C23H32O3/c1-23-11-10-18-17-9-7-16(26-15-4-2-3-5-15)12-14(17)6-8-19(18)20(23)13-21(24)22(23)25/h7,9,12,15,18-22,24-25H,2-6,8,10-11,13H2,1H3/t18-,19-,20+,21-,22+,23+/m1/s1",ODYKCPYPRCJXLY-PZORDLPLSA-N,2341,quinestradol,1169-79-5
Oc1ccc(CCNCCCCCCNCCc2ccccc2)cc1O,"InChI=1S/C22H32N2O2/c25-21-11-10-20(18-22(21)26)13-17-24-15-7-2-1-6-14-23-16-12-19-8-4-3-5-9-19/h3-5,8-11,18,23-26H,1-2,6-7,12-17H2",RYBJORHCUPVNMB-UHFFFAOYSA-N,948,dopexamine,86197-47-9
NS(=O)(=O)c1ccc(C(O)C(CO)NC(=O)C(Cl)Cl)cc1,"InChI=1S/C11H14Cl2N2O5S/c12-10(13)11(18)15-8(5-16)9(17)6-1-3-7(4-2-6)21(14,19)20/h1-4,8-10,16-17H,5H2,(H,15,18)(H2,14,19,20)/t8-,9-/m1/s1",HODRFAVLXIFVTR-RKDXNWHRSA-N,3841,tevenel,4302-95-8
CN1c2c(oc(=O)n(-c3ccccn3)c2=O)-c2ccccc2S1(=O)=O,"InChI=1S/C16H11N3O5S/c1-18-13-14(10-6-2-3-7-11(10)25(18,22)23)24-16(21)19(15(13)20)12-8-4-5-9-17-12/h2-9H,1H3",OEHFRZLKGRKFAS-UHFFFAOYSA-N,970,droxicam,90101-16-9
COc1ccc2c(C(=S)N(C)CC(=O)O)cccc2c1C(F)(F)F,"InChI=1S/C16H14F3NO3S/c1-20(8-13(21)22)15(24)11-5-3-4-10-9(11)6-7-12(23-2)14(10)16(17,18)19/h3-7H,8H2,1-2H3,(H,21,22)",LUBHDINQXIHVLS-UHFFFAOYSA-N,2704,tolrestat,82964-04-3
CC(=O)Nc1ccc(OCCOC(=O)c2ccccc2OC(C)=O)cc1,"InChI=1S/C19H19NO6/c1-13(21)20-15-7-9-16(10-8-15)24-11-12-25-19(23)17-5-3-4-6-18(17)26-14(2)22/h3-10H,11-12H2,1-2H3,(H,20,21)",PXBFSRVXEKCBFP-UHFFFAOYSA-N,1070,etersalate,62992-61-4
CC(NCCn1cnc2c1c(=O)n(C)c(=O)n2C)C(O)c1ccccc1,"InChI=1S/C18H23N5O3/c1-12(15(24)13-7-5-4-6-8-13)19-9-10-23-11-20-16-14(23)17(25)22(3)18(26)21(16)2/h4-8,11-12,15,19,24H,9-10H2,1-3H3/t12-,15-/m0/s1",UJSKUDDDPKGBJY-WFASDCNBSA-N,462,cafedrine,58166-83-9
CC(NCCCc1cccc(C(F)(F)F)c1)c1cccc2ccccc12,"InChI=1S/C22H22F3N/c1-16(20-13-5-10-18-9-2-3-12-21(18)20)26-14-6-8-17-7-4-11-19(15-17)22(23,24)25/h2-5,7,9-13,15-16,26H,6,8,14H2,1H3/t16-/m1/s1",VDHAWDNDOKGFTD-MRXNPFEDSA-N,647,cinacalcet,226256-56-0
CN(CCOc1ccc(Cc2sc(=O)[nH]c2O)cc1)c1ccccn1,"InChI=1S/C18H19N3O3S/c1-21(16-4-2-3-9-19-16)10-11-24-14-7-5-13(6-8-14)12-15-17(22)20-18(23)25-15/h2-9,15H,10-12H2,1H3,(H,20,22,23)",YASAKCUCGLMORW-UHFFFAOYSA-N,2405,rosiglitazone,122320-73-4
N#CCCN1C(=O)C(O)N=C(c2ccccc2F)c2cc(Cl)ccc21,"InChI=1S/C18H13ClFN3O2/c19-11-6-7-15-13(10-11)16(12-4-1-2-5-14(12)20)22-17(24)18(25)23(15)9-3-8-21/h1-2,4-7,10,17,24H,3,9H2",XAXMYHMKTCNRRZ-UHFFFAOYSA-N,656,cinolazepam,75696-02-5
COc1ccc2c(C(=O)c3ccc(Cl)cc3)c(C)n(CC(=O)O)c2c1,"InChI=1S/C19H16ClNO4/c1-11-18(19(24)12-3-5-13(20)6-4-12)15-8-7-14(25-2)9-16(15)21(11)10-17(22)23/h3-9H,10H2,1-2H3,(H,22,23)",DGMZLCLHHVYDIS-UHFFFAOYSA-N,698,clometacin,25803-14-9
CC(OCCN1CCCCCC1)(c1ccccc1)c1ccc(Cl)cc1,"InChI=1S/C22H28ClNO/c1-22(19-9-5-4-6-10-19,20-11-13-21(23)14-12-20)25-18-17-24-15-7-2-3-8-16-24/h4-6,9-14H,2-3,7-8,15-18H2,1H3",VBSPHZOBAOWFCL-UHFFFAOYSA-N,2437,setastine,64294-95-7
C[N+](C)(C)CC[N+]1(C)Cc2c(Cl)c(Cl)c(Cl)c(Cl)c2C1,"InChI=1S/C14H20Cl4N2/c1-19(2,3)5-6-20(4)7-9-10(8-20)12(16)14(18)13(17)11(9)15/h5-8H2,1-4H3/q+2",IXWDUZLHWJKVPX-UHFFFAOYSA-N,598,chlorisondamine,69-27-2
COc1ccc(C(=O)NCc2ccc(OCCN(C)C)cc2)cc1OC,"InChI=1S/C20H26N2O4/c1-22(2)11-12-26-17-8-5-15(6-9-17)14-21-20(23)16-7-10-18(24-3)19(13-16)25-4/h5-10,13H,11-12,14H2,1-4H3,(H,21,23)",QQQIECGTIMUVDS-UHFFFAOYSA-N,1512,itopride,122898-67-3
C[N+]1(CC2CC2)C2CC(OC(=O)C(CO)c3ccccc3)CC1C1OC12,"InChI=1S/C21H28NO4/c1-22(11-13-7-8-13)17-9-15(10-18(22)20-19(17)26-20)25-21(24)16(12-23)14-5-3-2-4-6-14/h2-6,13,15-20,23H,7-12H2,1H3/q+1/t15-,16-,17-,18+,19-,20+,22?/m1/s1",QVVOZYKELHAIPX-WVHCHWADSA-N,646,cimetropium,51598-60-8
CC1(C)CC1C(=O)N=C(CCCCCSCC(N)C(=O)O)C(=O)O,"InChI=1S/C16H26N2O5S/c1-16(2)8-10(16)13(19)18-12(15(22)23)6-4-3-5-7-24-9-11(17)14(20)21/h6,10-11H,3-5,7-9,17H2,1-2H3,(H,18,19)(H,20,21)(H,22,23)/b12-6-/t10-,11+/m1/s1",DHSUYTOATWAVLW-WFVMDLQDSA-N,640,cilastatin,82009-34-5
CN(C)CCOCCOC(=O)N1c2ccccc2Sc2ccccc21,"InChI=1S/C19H22N2O3S/c1-20(2)11-12-23-13-14-24-19(22)21-15-7-3-5-9-17(15)25-18-10-6-4-8-16(18)21/h3-10H,11-14H2,1-2H3",OOVJCSPCMCAXEX-UHFFFAOYSA-N,905,dimethoxanate,477-93-0
CC12CCC(=O)C=C1C=CC1C2CCC2(C)C1CCC2(O)CCC(=O)O,"InChI=1S/C22H30O4/c1-20-9-5-15(23)13-14(20)3-4-16-17(20)6-10-21(2)18(16)7-11-22(21,26)12-8-19(24)25/h3-4,13,16-18,26H,5-12H2,1-2H3,(H,24,25)/t16-,17+,18+,20+,21+,22-/m1/s1",PBKZPPIHUVSDNM-WNHSNXHDSA-N,477,potassium canrenoate,2181-04-6
CCN(CC)CC(CN(CC)CC)C(c1ccccc1)C1CCCCC1,"InChI=1S/C24H42N2/c1-5-25(6-2)19-23(20-26(7-3)8-4)24(21-15-11-9-12-16-21)22-17-13-10-14-18-22/h9,11-12,15-16,22-24H,5-8,10,13-14,17-20H2,1-4H3",QDMORDTWFMWOFA-UHFFFAOYSA-N,3744,feclemine,3590-16-7
CN(CC(O)c1cccc(O)c1)c1nc2c(c(=O)n(C)c(=O)n2C)n1C,"InChI=1S/C17H21N5O4/c1-19(9-12(24)10-6-5-7-11(23)8-10)16-18-14-13(20(16)2)15(25)22(4)17(26)21(14)3/h5-8,12,23-24H,9H2,1-4H3",DGXRPIJZPGBJPJ-UHFFFAOYSA-N,2141,phentetramine,40914-99-6
Cc1c(F)c(N2CCNC(C)C2)cc2c1c(=O)c(C(=O)O)cn2C1CC1,"InChI=1S/C19H22FN3O3/c1-10-8-22(6-5-21-10)15-7-14-16(11(2)17(15)20)18(24)13(19(25)26)9-23(14)12-3-4-12/h7,9-10,12,21H,3-6,8H2,1-2H3,(H,25,26)",AIJTTZAVMXIJGM-UHFFFAOYSA-N,1330,grepafloxacin,119914-60-2
CC1(C)SC2C(NC(=O)CCCC(N)C(=O)O)C(=O)N2C1C(=O)O,"InChI=1S/C14H21N3O6S/c1-14(2)9(13(22)23)17-10(19)8(11(17)24-14)16-7(18)5-3-4-6(15)12(20)21/h6,8-9,11H,3-5,15H2,1-2H3,(H,16,18)(H,20,21)(H,22,23)/t6-,8-,9+,11-/m1/s1",MIFYHUACUWQUKT-GPUHXXMPSA-N,3421,adicillin,525-94-0
CC1CCCCN1CCCOC(=O)c1ccc(OC2CCCCC2)cc1,"InChI=1S/C22H33NO3/c1-18-8-5-6-15-23(18)16-7-17-25-22(24)19-11-13-21(14-12-19)26-20-9-3-2-4-10-20/h11-14,18,20H,2-10,15-17H2,1H3",YLRNESBGEGGQBK-UHFFFAOYSA-N,3123,cyclomethycaine,139-62-8
CCCCSc1ccc(C(SCCN(C)C)c2ccccc2)cc1,"InChI=1S/C21H29NS2/c1-4-5-16-23-20-13-11-19(12-14-20)21(24-17-15-22(2)3)18-9-7-6-8-10-18/h6-14,21H,4-5,15-17H2,1-3H3",IZLPZXSZLLELBJ-UHFFFAOYSA-N,483,captodiame,486-17-9
CSc1nc2cc(Cl)c(Oc3cccc(Cl)c3Cl)cc2[nH]1,"InChI=1S/C14H9Cl3N2OS/c1-21-14-18-9-5-8(16)12(6-10(9)19-14)20-11-4-2-3-7(15)13(11)17/h2-6H,1H3,(H,18,19)",NQPDXQQQCQDHHW-UHFFFAOYSA-N,2734,triclabendazole,68786-66-3
CN1C(CCl)Nc2cc(Cl)c(S(N)(=O)=O)cc2S1(=O)=O,"InChI=1S/C9H11Cl2N3O4S2/c1-14-9(4-10)13-6-2-5(11)7(19(12,15)16)3-8(6)20(14,17)18/h2-3,9,13H,4H2,1H3,(H2,12,15,16)",CESYKOGBSMNBPD-UHFFFAOYSA-N,1759,methylclothiazide,135-07-9
CC1CCc2c(N3CCC(O)CC3)c(F)cc3c(=O)c(C(=O)O)cn1c23,"InChI=1S/C19H21FN2O4/c1-10-2-3-12-16-13(18(24)14(19(25)26)9-22(10)16)8-15(20)17(12)21-6-4-11(23)5-7-21/h8-11,23H,2-7H2,1H3,(H,25,26)",JYJTVFIEFKZWCJ-UHFFFAOYSA-N,1864,nadifloxacin,124858-35-1
CC(=O)OCC(=O)C1(O)CCC2C3CC=C4CC(=O)CCC4(C)C3C(=O)CC21C,"InChI=1S/C23H30O6/c1-13(24)29-12-19(27)23(28)9-7-17-16-5-4-14-10-15(25)6-8-21(14,2)20(16)18(26)11-22(17,23)3/h10,16-17,20,28H,4-9,11-12H2,1-3H3/t16-,17-,20+,21-,22-,23-/m0/s1",ITRJWOMZKQRYTA-RFZYENFJSA-N,734,cortisone acetate,50-04-4
CC12CCC(=O)C=C1CCC1C2C(O)CC2(C=O)C(C(=O)CO)CCC12,"InChI=1S/C21H28O5/c1-20-7-6-13(24)8-12(20)2-3-14-15-4-5-16(18(26)10-22)21(15,11-23)9-17(25)19(14)20/h8,11,14-17,19,22,25H,2-7,9-10H2,1H3/t14-,15-,16+,17-,19+,20-,21+/m0/s1",PQSUYGKTWSAVDQ-ZVIOFETBSA-N,111,aldosterone,52-39-1
CCCC[N+]1(C)C2CC(OC(=O)C(CO)c3ccccc3)CC1C1OC12,"InChI=1S/C21H30NO4/c1-3-4-10-22(2)17-11-15(12-18(22)20-19(17)26-20)25-21(24)16(13-23)14-8-6-5-7-9-14/h5-9,15-20,23H,3-4,10-13H2,1-2H3/q+1/t15-,16-,17-,18+,19-,20+,22?/m1/s1",YBCNXCRZPWQOBR-WVHCHWADSA-N,458,scopolamine butylbromide,7182-53-8
CCC(=O)OC1CCC2C3CCC4CC(=O)C(C)CC4(C)C3CCC12C,"InChI=1S/C23H36O3/c1-5-21(25)26-20-9-8-17-16-7-6-15-12-19(24)14(2)13-23(15,4)18(16)10-11-22(17,20)3/h14-18,20H,5-13H2,1-4H3/t14-,15+,16+,17+,18+,20+,22+,23+/m1/s1",NOTIQUSPUUHHEH-UXOVVSIBSA-N,965,drostanolone propionate,521-12-0
CCCCCCCCCCCCCCCC[N+](C)(C)Cc1ccccc1,"InChI=1S/C25H46N/c1-4-5-6-7-8-9-10-11-12-13-14-15-16-20-23-26(2,3)24-25-21-18-17-19-22-25/h17-19,21-22H,4-16,20,23-24H2,1-3H3/q+1",QDYLMAYUEZBUFO-UHFFFAOYSA-N,3078,cetalkonium chloride,122-18-9
CCOC(=O)C1N=C(c2ccccc2F)c2cc(Cl)ccc2NC1=O,"InChI=1S/C18H14ClFN2O3/c1-2-25-18(24)16-17(23)21-14-8-7-10(19)9-12(14)15(22-16)11-5-3-4-6-13(11)20/h3-9,16H,2H2,1H3,(H,21,23)",CUCHJCMWNFEYOM-UHFFFAOYSA-N,1092,ethyl loflazepate,29177-84-2
CCN(CC)CCOc1ccc(-c2nc3cc(Cl)ccc3s2)cc1,"InChI=1S/C19H21ClN2OS/c1-3-22(4-2)11-12-23-16-8-5-14(6-9-16)19-21-17-13-15(20)7-10-18(17)24-19/h5-10,13H,3-4,11-12H2,1-2H3",TXOKWXJQVFUUDD-UHFFFAOYSA-N,3456,haletazole,15599-36-7
Clc1cc(Cl)c(OCC#CI)cc1Cl,"InChI=1S/C9H4Cl3IO/c10-6-4-8(12)9(5-7(6)11)14-3-1-2-13/h4-5H,3H2",CTETYYAZBPJBHE-UHFFFAOYSA-N,1355,haloprogin,777-11-7
C=NC(C(=O)NC1C(=O)N2C1SC(C)(C)C2C(=O)O)c1ccccc1,"InChI=1S/C17H19N3O4S/c1-17(2)12(16(23)24)20-14(22)11(15(20)25-17)19-13(21)10(18-3)9-7-5-4-6-8-9/h4-8,10-12,15H,3H2,1-2H3,(H,19,21)(H,23,24)/t10-,11-,12+,15-/m1/s1",FZECHKJQHUVANE-MCYUEQNJSA-N,1718,metampicillin,6489-97-0
CCOC(=O)COc1ccc2c(C)c(CCN(CC)CC)c(=O)oc2c1,"InChI=1S/C20H27NO5/c1-5-21(6-2)11-10-17-14(4)16-9-8-15(12-18(16)26-20(17)23)25-13-19(22)24-7-3/h8-9,12H,5-7,10-11,13H2,1-4H3",KLOIYEQEVSIOOO-UHFFFAOYSA-N,3098,carbocromen,804-10-4
CCCCC(CC)COC(=O)C(C#N)=C(c1ccccc1)c1ccccc1,"InChI=1S/C24H27NO2/c1-3-5-12-19(4-2)18-27-24(26)22(17-25)23(20-13-8-6-9-14-20)21-15-10-7-11-16-21/h6-11,13-16,19H,3-5,12,18H2,1-2H3",FMJSMJQBSVNSBF-UHFFFAOYSA-N,3395,octocrylene,6197-30-4
c1ccc(C(Cc2noc(CCN3CCCCC3)n2)c2ccccc2)cc1,"InChI=1S/C23H27N3O/c1-4-10-19(11-5-1)21(20-12-6-2-7-13-20)18-22-24-23(27-25-22)14-17-26-15-8-3-9-16-26/h1-2,4-7,10-13,21H,3,8-9,14-18H2",PXZDWASDNFWKSD-UHFFFAOYSA-N,2260,prenoxdiazine,982-43-4
CC(=O)NS(=O)(=O)c1ccc(NC(=O)c2ccccc2C(=O)O)cc1,"InChI=1S/C16H14N2O6S/c1-10(19)18-25(23,24)12-8-6-11(7-9-12)17-15(20)13-4-2-3-5-14(13)16(21)22/h2-9H,1H3,(H,17,20)(H,18,19)(H,21,22)",SNWQKAWITMVCQW-UHFFFAOYSA-N,2157,phthalylsulfacetamide,131-69-1
NC(=O)C1CCCN1C(=O)C(Cc1c[nH]cn1)NC(=O)C1CCC(=O)N1,"InChI=1S/C16H22N6O4/c17-14(24)12-2-1-5-22(12)16(26)11(6-9-7-18-8-19-9)21-15(25)10-3-4-13(23)20-10/h7-8,10-12H,1-6H2,(H2,17,24)(H,18,19)(H,20,23)(H,21,25)/t10-,11-,12-/m0/s1",XNSAINXGIQZQOO-SRVKXCTJSA-N,2316,protirelin,24305-27-9
NS(=O)(=O)c1cc(C(=O)O)cc(N2CCCC2)c1Oc1ccccc1,"InChI=1S/C17H18N2O5S/c18-25(22,23)15-11-12(17(20)21)10-14(19-8-4-5-9-19)16(15)24-13-6-2-1-3-7-13/h1-3,6-7,10-11H,4-5,8-9H2,(H,20,21)(H2,18,22,23)",UJEWTUDSLQGTOA-UHFFFAOYSA-N,2201,piretanide,55837-27-9
Cc1nc(Nc2ccc(F)cc2)nc(N2CCc3ccccc3C2C)c1C,"InChI=1S/C22H23FN4/c1-14-15(2)24-22(25-19-10-8-18(23)9-11-19)26-21(14)27-13-12-17-6-4-5-7-20(17)16(27)3/h4-11,16H,12-13H2,1-3H3,(H,24,25,26)",LECZXZOBEZITCL-UHFFFAOYSA-N,3525,revaprazan,199463-33-7
O=C1CCC(c2ccccc2)(C2CCN(Cc3ccccc3)CC2)C(=O)N1,"InChI=1S/C23H26N2O2/c26-21-11-14-23(22(27)24-21,19-9-5-2-6-10-19)20-12-15-25(16-13-20)17-18-7-3-1-4-8-18/h1-10,20H,11-17H2,(H,24,26,27)/t23-/m1/s1",LQQIVYSCPWCSSD-HSZRJFAPSA-N,831,dexetimide,21888-98-2
CCC(C)N(CC(O)c1cccn1Cc1ccccc1Cl)C(C)CC,"InChI=1S/C21H31ClN2O/c1-5-16(3)24(17(4)6-2)15-21(25)20-12-9-13-23(20)14-18-10-7-8-11-19(18)22/h7-13,16-17,21,25H,5-6,14-15H2,1-4H3",ZILPIBYANAFGMS-UHFFFAOYSA-N,2821,viminol,21363-18-8
CC1COC2(c3ccccc3Cl)c3cc(Cl)ccc3NC(=O)CN12,"InChI=1S/C18H16Cl2N2O2/c1-11-10-24-18(13-4-2-3-5-15(13)20)14-8-12(19)6-7-16(14)21-17(23)9-22(11)18/h2-8,11H,9-10H2,1H3,(H,21,23)",ANUCDXCTICZJRH-UHFFFAOYSA-N,1793,mexazolam,31868-18-5
CN1CCN(c2c(F)cc3c(=O)c(C(=O)O)cn4c3c2SCC4)CC1,"InChI=1S/C17H18FN3O3S/c1-19-2-4-20(5-3-19)14-12(18)8-10-13-16(14)25-7-6-21(13)9-11(15(10)22)17(23)24/h8-9H,2-7H2,1H3,(H,23,24)",NJCJBUHJQLFDSW-UHFFFAOYSA-N,2412,rufloxacin,101363-10-4
CC(C)(C)NCC(O)COc1ccc(NC(=O)NC2CCCCC2)cc1,"InChI=1S/C20H33N3O3/c1-20(2,3)21-13-17(24)14-26-18-11-9-16(10-12-18)23-19(25)22-15-7-5-4-6-8-15/h9-12,15,17,21,24H,4-8,13-14H2,1-3H3,(H2,22,23,25)",MXFWWQICDIZSOA-UHFFFAOYSA-N,2557,talinolol,57460-41-0
OCCN1CCN(CCCN2c3ccccc3C=Cc3ccccc32)CC1,"InChI=1S/C23H29N3O/c27-19-18-25-16-14-24(15-17-25)12-5-13-26-22-8-3-1-6-20(22)10-11-21-7-2-4-9-23(21)26/h1-4,6-11,27H,5,12-19H2",YNZFUWZUGRBMHL-UHFFFAOYSA-N,1993,opipramol,315-72-0
CCCCCCCCCCCC(=O)OCCNC(=O)C[n+]1ccccc1,"InChI=1S/C21H34N2O3/c1-2-3-4-5-6-7-8-9-11-14-21(25)26-18-15-22-20(24)19-23-16-12-10-13-17-23/h10,12-13,16-17H,2-9,11,14-15,18-19H2,1H3/p+1",UGJWZYARKOFRDB-UHFFFAOYSA-O,3314,lapyrium chloride,6272-74-8
CC(C)(Oc1ccc(Cl)cc1)C(=O)OCCOC(=O)c1cccnc1,"InChI=1S/C18H18ClNO5/c1-18(2,25-15-7-5-14(19)6-8-15)17(22)24-11-10-23-16(21)13-4-3-9-20-12-13/h3-9,12H,10-11H2,1-2H3",XXRVYAFBUDSLJX-UHFFFAOYSA-N,1106,etofibrate,31637-97-5
CCOC(=O)NC1=C(N2CC2)C(=O)C(NC(=O)OCC)=C(N2CC2)C1=O,"InChI=1S/C16H20N4O6/c1-3-25-15(23)17-9-11(19-5-6-19)14(22)10(18-16(24)26-4-2)12(13(9)21)20-7-8-20/h3-8H2,1-2H3,(H,17,23)(H,18,24)",WVYXNIXAMZOZFK-UHFFFAOYSA-N,853,diaziquone,57998-68-2
CC(Oc1ccccc1)C(=O)NC1C(=O)N2C1SC(C)(C)C2C(=O)O,"InChI=1S/C17H20N2O5S/c1-9(24-10-7-5-4-6-8-10)13(20)18-11-14(21)19-12(16(22)23)17(2,3)25-15(11)19/h4-9,11-12,15H,1-3H3,(H,18,20)(H,22,23)/t9?,11-,12+,15-/m1/s1",NONJJLVGHLVQQM-JHXYUMNGSA-N,2124,pheneticillin,147-55-7
CC(=O)Oc1ccc(C(=C2CCCCC2)c2ccc(OC(C)=O)cc2)cc1,"InChI=1S/C23H24O4/c1-16(24)26-21-12-8-19(9-13-21)23(18-6-4-3-5-7-18)20-10-14-22(15-11-20)27-17(2)25/h8-15H,3-7H2,1-2H3",GVOUFPWUYJWQSK-UHFFFAOYSA-N,753,cyclofenil,2624-43-3
CC(C)(C)C(=O)CCc1c(O)n(-c2ccccc2)n(-c2ccccc2)c1=O,"InChI=1S/C22H24N2O3/c1-22(2,3)19(25)15-14-18-20(26)23(16-10-6-4-7-11-16)24(21(18)27)17-12-8-5-9-13-17/h4-13,18H,14-15H2,1-3H3",OFVFGKQCUDMLLP-UHFFFAOYSA-N,2732,tribuzone,13221-27-7
C#CC1(O)CCC2C3CCc4cc(OC5CCCC5)ccc4C3CCC21C,"InChI=1S/C25H32O2/c1-3-25(26)15-13-23-22-10-8-17-16-19(27-18-6-4-5-7-18)9-11-20(17)21(22)12-14-24(23,25)2/h1,9,11,16,18,21-23,26H,4-8,10,12-15H2,2H3/t21-,22-,23+,24+,25+/m1/s1",PWZUUYSISTUNDW-VAFBSOEGSA-N,2342,quinestrol,152-43-2
CCCCCCCCCCCC[N+](CCO)(CCO)Cc1ccccc1,"InChI=1S/C23H42NO2/c1-2-3-4-5-6-7-8-9-10-14-17-24(18-20-25,19-21-26)22-23-15-12-11-13-16-23/h11-13,15-16,25-26H,2-10,14,17-22H2,1H3/q+1",BTAFSOGRDASALR-UHFFFAOYSA-N,3019,benzoxonium chloride,19379-90-9
NS(=O)(=O)c1ccc(-n2c(O)cc(-c3ccccc3)c2O)c(Cl)c1,"InChI=1S/C16H13ClN2O4S/c17-13-8-11(24(18,22)23)6-7-14(13)19-15(20)9-12(16(19)21)10-4-2-1-3-5-10/h1-8,12H,9H2,(H2,18,22,23)",JUIHCCIFJCSFON-UHFFFAOYSA-N,3833,suclofenide,30279-49-3
CC(=O)OC1CCC2C3CC=C4C(Cl)C(=O)CCC4(C)C3CCC12C,"InChI=1S/C21H29ClO3/c1-12(23)25-18-7-6-14-13-4-5-16-19(22)17(24)9-11-20(16,2)15(13)8-10-21(14,18)3/h13-15,18H,4-11H2,1-3H3/t13-,14-,15-,18-,20+,21-/m0/s1",XYGMEFJSKQEBTO-KUJXMBTLSA-N,716,clostebol acetate,855-19-6
Nc1nc(F)nc2c1ncn2C1OC(COP(=O)(O)O)C(O)C1O,"InChI=1S/C10H13FN5O7P/c11-10-14-7(12)4-8(15-10)16(2-13-4)9-6(18)5(17)3(23-9)1-22-24(19,20)21/h2-3,5-6,9,17-18H,1H2,(H2,12,14,15)(H2,19,20,21)/t3-,5-,6+,9-/m1/s1",GIUYCYHIANZCFB-FJFJXFQQSA-N,1189,fludarabine phosphate,75607-67-9
CC(C)(C)CC(C)(C)c1ccc(O)c(Cc2ccc(Cl)cc2Cl)c1,"InChI=1S/C21H26Cl2O/c1-20(2,3)13-21(4,5)16-7-9-19(24)15(11-16)10-14-6-8-17(22)12-18(14)23/h6-9,11-12,24H,10,13H2,1-5H3",HQVZOORKDNCGCK-UHFFFAOYSA-N,3109,clofoctol,37693-01-9
COC1=C(C(=O)O)N2C(=O)C(NC(=O)C(N)C3=CCC=CC3)C2SC1,"InChI=1S/C16H19N3O5S/c1-24-9-7-25-15-11(14(21)19(15)12(9)16(22)23)18-13(20)10(17)8-5-3-2-4-6-8/h2-3,6,10-11,15H,4-5,7,17H2,1H3,(H,18,20)(H,22,23)/t10-,11-,15-/m1/s1",RDMOROXKXONCAL-UEKVPHQBSA-N,557,cefroxadine,51762-05-1
Nc1ccc(S(=O)(=O)C(CC(=O)c2ccccc2)c2ccccc2)cc1,"InChI=1S/C21H19NO3S/c22-18-11-13-19(14-12-18)26(24,25)21(17-9-5-2-6-10-17)15-20(23)16-7-3-1-4-8-16/h1-14,21H,15,22H2",VWEMSUCCUQSLME-UHFFFAOYSA-N,121,alkofanone,7527-94-8
CCN(CC)CCn1c(=O)c(Cc2ccc(OC)cc2)nc2ccccc21,"InChI=1S/C22H27N3O2/c1-4-24(5-2)14-15-25-21-9-7-6-8-19(21)23-20(22(25)26)16-17-10-12-18(27-3)13-11-17/h6-13H,4-5,14-16H2,1-3H3",MSPRUJDUTKRMLM-UHFFFAOYSA-N,514,caroverine,23465-76-1
O=C1N(Cc2ccccc2)C2C[S+]3CCCC3C2N1Cc1ccccc1,"InChI=1S/C22H25N2OS/c25-22-23(14-17-8-3-1-4-9-17)19-16-26-13-7-12-20(26)21(19)24(22)15-18-10-5-2-6-11-18/h1-6,8-11,19-21H,7,12-16H2/q+1",CHQOEHPMXSHGCL-UHFFFAOYSA-N,2752,trimetaphan,7187-66-8
NC1CCN(c2c(F)cc3c(=O)c(C(=O)O)cn(C4CC4)c3c2Cl)C1,"InChI=1S/C17H17ClFN3O3/c18-13-14-10(5-12(19)15(13)21-4-3-8(20)6-21)16(23)11(17(24)25)7-22(14)9-1-2-9/h5,7-9H,1-4,6,20H2,(H,24,25)",QGPKADBNRMWEQR-UHFFFAOYSA-N,677,clinafloxacin,105956-97-6
COc1cc(C=C2CCCC(=Cc3ccc(O)c(OC)c3)C2=O)ccc1O,"InChI=1S/C22H22O5/c1-26-20-12-14(6-8-18(20)23)10-16-4-3-5-17(22(16)25)11-15-7-9-19(24)21(13-15)27-2/h6-13,23-24H,3-5H2,1-2H3",DHKKONBXGAAFTB-UHFFFAOYSA-N,762,cyclovalone,579-23-7
COc1ccnc(C[S+]([O-])c2nc3cc(-n4cccc4)ccc3[nH]2)c1C,"InChI=1S/C19H18N4O2S/c1-13-17(20-8-7-18(13)25-2)12-26(24)19-21-15-6-5-14(11-16(15)22-19)23-9-3-4-10-23/h3-11H,12H2,1-2H3,(H,21,22)",HRRXCXABAPSOCP-UHFFFAOYSA-N,3961,ilaprazole,172152-36-2
Cc1ccc(S(=O)(=O)NC(=O)NC2C3CCC(C)(C2O)C3(C)C)cc1,"InChI=1S/C18H26N2O4S/c1-11-5-7-12(8-6-11)25(23,24)20-16(22)19-14-13-9-10-18(4,15(14)21)17(13,2)3/h5-8,13-15,21H,9-10H2,1-4H3,(H2,19,20,22)/t13-,14+,15+,18+/m1/s1",RMTYNAPTNBJHQI-LLDVTBCESA-N,1298,glibornuride,26944-48-9
CC12CCC(=O)C=C1C1CC1C1C2CCC2(C)C1C1CC1C21CCC(=O)O1,"InChI=1S/C24H30O3/c1-22-6-3-12(25)9-17(22)13-10-14(13)20-16(22)4-7-23(2)21(20)15-11-18(15)24(23)8-5-19(26)27-24/h9,13-16,18,20-21H,3-8,10-11H2,1-2H3/t13-,14+,15-,16+,18+,20-,21+,22-,23+,24+/m1/s1",METQSPRSQINEEU-HXCATZOESA-N,968,drospirenone,67392-87-4
CCOC(=O)C1(c2ccccc2)CCN(CCCNc2ccccc2)CC1,"InChI=1S/C23H30N2O2/c1-2-27-22(26)23(20-10-5-3-6-11-20)14-18-25(19-15-23)17-9-16-24-21-12-7-4-8-13-21/h3-8,10-13,24H,2,9,14-19H2,1H3",PXXKIYPSXYFATG-UHFFFAOYSA-N,2170,piminodine,13495-09-5
COC(=O)c1ccccc1C(=O)c1ccc(OCCN2CCCCC2)cc1,"InChI=1S/C22H25NO4/c1-26-22(25)20-8-4-3-7-19(20)21(24)17-9-11-18(12-10-17)27-16-15-23-13-5-2-6-14-23/h3-4,7-12H,2,5-6,13-16H2,1H3",NZHMAQSCHUSSSJ-UHFFFAOYSA-N,2215,pitofenone,54063-52-4
CCOc1ccc(Cc2nc(C)cc3cc(OC)c(OC)cc23)cc1OC,"InChI=1S/C22H25NO4/c1-6-27-19-8-7-15(11-20(19)24-3)10-18-17-13-22(26-5)21(25-4)12-16(17)9-14(2)23-18/h7-9,11-13H,6,10H2,1-5H3",NFABMCCMPXXBFY-UHFFFAOYSA-N,911,dioxyline,147-27-3
CN(C)C(=O)Oc1cc(OC(=O)N(C)C)cc(C(O)CNC(C)(C)C)c1,"InChI=1S/C18H29N3O5/c1-18(2,3)19-11-15(22)12-8-13(25-16(23)20(4)5)10-14(9-12)26-17(24)21(6)7/h8-10,15,19,22H,11H2,1-7H3",ANZXOIAKUNOVQU-UHFFFAOYSA-N,285,bambuterol,81732-65-2
CCOC(=O)Nc1ccc2c(c1)N(C(=O)CN(C)C)c1ccccc1CC2,"InChI=1S/C21H25N3O3/c1-4-27-21(26)22-17-12-11-16-10-9-15-7-5-6-8-18(15)24(19(16)13-17)20(25)14-23(2)3/h5-8,11-13H,4,9-10,14H2,1-3H3,(H,22,26)",KJAMZCVTJDTESW-UHFFFAOYSA-N,2679,tiracizine,83275-56-3
CCOC(=O)C1(c2ccccc2)CCN(CCC(O)c2ccccc2)CC1,"InChI=1S/C23H29NO3/c1-2-27-22(26)23(20-11-7-4-8-12-20)14-17-24(18-15-23)16-13-21(25)19-9-5-3-6-10-19/h3-12,21,25H,2,13-18H2,1H3",IPOPQVVNCFQFRK-UHFFFAOYSA-N,3441,phenoperidine,562-26-5
CCC(C(=O)OCCN1CCOC(c2ccccc2)C1C)c1ccccc1,"InChI=1S/C23H29NO3/c1-3-21(19-10-6-4-7-11-19)23(25)27-17-15-24-14-16-26-22(18(24)2)20-12-8-5-9-13-20/h4-13,18,21-22H,3,14-17H2,1-2H3",BAQKJENAVQLANS-UHFFFAOYSA-N,3222,fenbutrazate,4378-36-3
CCCOC(C(=O)OC1CCN(C)CC1)(c1ccccc1)c1ccccc1,"InChI=1S/C23H29NO3/c1-3-18-26-23(19-10-6-4-7-11-19,20-12-8-5-9-13-20)22(25)27-21-14-16-24(2)17-15-21/h4-13,21H,3,14-18H2,1-2H3",QPCVHQBVMYCJOM-UHFFFAOYSA-N,2300,propiverine,60569-19-9
CCN1CCN(c2cc(-c3ccc(F)cc3)c3c(n2)CCCCCC3)CC1,"InChI=1S/C23H30FN3/c1-2-26-13-15-27(16-14-26)23-17-21(18-9-11-19(24)12-10-18)20-7-5-3-4-6-8-22(20)25-23/h9-12,17H,2-8,13-16H2,1H3",XVGOZDAJGBALKS-UHFFFAOYSA-N,388,blonanserin,132810-10-7
CC(=O)Oc1cccc2c1C(=O)c1c(OC(C)=O)cc(C(=O)O)cc1C2=O,"InChI=1S/C19H12O8/c1-8(20)26-13-5-3-4-11-15(13)18(23)16-12(17(11)22)6-10(19(24)25)7-14(16)27-9(2)21/h3-7H,1-2H3,(H,24,25)",TYNLGDBUJLVSMA-UHFFFAOYSA-N,849,diacerein,13739-02-1
O=C(Nc1ccccc1)OCC1(COC(=O)Nc2ccccc2)CCCC1,"InChI=1S/C21H24N2O4/c24-19(22-17-9-3-1-4-10-17)26-15-21(13-7-8-14-21)16-27-20(25)23-18-11-5-2-6-12-18/h1-6,9-12H,7-8,13-16H2,(H,22,24)(H,23,25)",IRZVVDMCEZNNCW-UHFFFAOYSA-N,3722,cyclarbamate,5779-54-4
Cc1ncc(CSSCc2cnc(C)c(O)c2CO)c(CO)c1O,"InChI=1S/C16H20N2O4S2/c1-9-15(21)13(5-19)11(3-17-9)7-23-24-8-12-4-18-10(2)16(22)14(12)6-20/h3-4,19-22H,5-8H2,1-2H3",SIXLXDIJGIWWFU-UHFFFAOYSA-N,2333,pyritinol,1098-97-1
CC12CCC3C(CC=C4CC(OS(=O)(=O)O)CCC43C)C1CCC2=O,"InChI=1S/C19H28O5S/c1-18-9-7-13(24-25(21,22)23)11-12(18)3-4-14-15-5-6-17(20)19(15,2)10-8-16(14)18/h3,13-16H,4-11H2,1-2H3,(H,21,22,23)/t13-,14-,15-,16-,18-,19-/m0/s1",CZWCKYRVOZZJNM-USOAJAOKSA-N,4049,prasterone sulfate,651-48-9
C(=Cc1ccccc1)CN1CCN(C(c2ccccc2)c2ccccc2)CC1,"InChI=1S/C26H28N2/c1-4-11-23(12-5-1)13-10-18-27-19-21-28(22-20-27)26(24-14-6-2-7-15-24)25-16-8-3-9-17-25/h1-17,26H,18-22H2/b13-10+",DERZBLKQOCDDDZ-JLHYYAGUSA-N,654,cinnarizine,298-57-7
CCCCCCCCCCCCCCCC[N+](C)(C)C1CCCCC1O,"InChI=1S/C24H50NO/c1-4-5-6-7-8-9-10-11-12-13-14-15-16-19-22-25(2,3)23-20-17-18-21-24(23)26/h23-24,26H,4-22H2,1-3H3/q+1",YPQVDFLBDPTGLB-UHFFFAOYSA-N,3080,cethexonium,1794-74-7
CC1=CC(=O)N2CC(=O)N(C)c3ccc(Cl)cc3C2(c2ccccc2)O1,"InChI=1S/C20H17ClN2O3/c1-13-10-18(24)23-12-19(25)22(2)17-9-8-15(21)11-16(17)20(23,26-13)14-6-4-3-5-7-14/h3-11H,12H2,1-2H3",PWAJCNITSBZRBL-UHFFFAOYSA-N,1525,ketazolam,27223-35-4
O=C(OCCOCCO)c1ccccc1Nc1cccc(C(F)(F)F)c1,"InChI=1S/C18H18F3NO4/c19-18(20,21)13-4-3-5-14(12-13)22-16-7-2-1-6-15(16)17(24)26-11-10-25-9-8-23/h1-7,12,22-23H,8-11H2",XILVEPYQJIOVNB-UHFFFAOYSA-N,3211,etofenamate,30544-47-9
CN1CCN(c2c(F)cc3c(=O)c(C(=O)O)cn(CCF)c3c2F)CC1,"InChI=1S/C17H18F3N3O3/c1-21-4-6-22(7-5-21)15-12(19)8-10-14(13(15)20)23(3-2-18)9-11(16(10)24)17(25)26/h8-9H,2-7H2,1H3,(H,25,26)",XBJBPGROQZJDOJ-UHFFFAOYSA-N,1177,fleroxacin,79660-72-3
CC(=O)NS(=O)(=O)c1cc(N)ccc1S(=O)(=O)c1ccc(N)cc1,"InChI=1S/C14H15N3O5S2/c1-9(18)17-24(21,22)14-8-11(16)4-7-13(14)23(19,20)12-5-2-10(15)3-6-12/h2-8H,15-16H2,1H3,(H,17,18)",RAMPGXSXWLFXFU-UHFFFAOYSA-N,61,sulfadiasulfone,80-80-8
COc1cc(NCc2ccc3nc(N)nc(N)c3c2C)cc(OC)c1OC,"InChI=1S/C19H23N5O3/c1-10-11(5-6-13-16(10)18(20)24-19(21)23-13)9-22-12-7-14(25-2)17(27-4)15(8-12)26-3/h5-8,22H,9H2,1-4H3,(H4,20,21,23,24)",NOYPYLRCIDNJJB-UHFFFAOYSA-N,2757,trimetrexate,52128-35-5
COc1cc(NC(C)CCCN=C(C)C2CCOC2=O)c2ncccc2c1,"InChI=1S/C21H27N3O3/c1-14(6-4-9-22-15(2)18-8-11-27-21(18)25)24-19-13-17(26-3)12-16-7-5-10-23-20(16)19/h5,7,10,12-14,22,24H,4,6,8-9,11H2,1-3H3/b18-15-",ADCOUXIGWFEYJP-SDXDJHTJSA-N,425,bulaquine,79781-00-3
C#CC1(OC(C)=O)CCC2C3CCC4=CC(=NO)CCC4C3CCC21CC,"InChI=1S/C23H31NO3/c1-4-22-12-10-19-18-9-7-17(24-26)14-16(18)6-8-20(19)21(22)11-13-23(22,5-2)27-15(3)25/h2,14,18-21,26H,4,6-13H2,1,3H3/b24-17+/t18-,19+,20+,21-,22-,23-/m0/s1",KIQQMECNKUGGKA-NMYWJIRASA-N,1968,norgestimate,35189-28-7
CCC(C)(C)NCC(O)COc1ccccc1C(=O)CCc1ccccc1,"InChI=1S/C23H31NO3/c1-4-23(2,3)24-16-19(25)17-27-22-13-9-8-12-20(22)21(26)15-14-18-10-6-5-7-11-18/h5-13,19,24-25H,4,14-17H2,1-3H3",VDKMYSMWQCFYBQ-UHFFFAOYSA-N,923,diprafenone,81447-80-5
CCC[N+]12C(O)C(CC)C3CC1C1N(C)c4ccccc4C14CC2C3C4O,"InChI=1S/C23H33N2O2/c1-4-10-25-17-11-14(13(5-2)22(25)27)19-18(25)12-23(21(19)26)15-8-6-7-9-16(15)24(3)20(17)23/h6-9,13-14,17-22,26-27H,4-5,10-12H2,1-3H3/q+1/t13-,14-,17-,18-,19-,20-,21+,22+,23+,25-/m0/s1",UAUHEPXILIZYCU-ALHOSYKFSA-N,2230,prajmalium,35080-11-6
NS(=O)(=O)c1cc(C(=O)NN2CC3C4CCC(C4)C3C2)ccc1Cl,"InChI=1S/C16H20ClN3O3S/c17-14-4-3-11(6-15(14)24(18,22)23)16(21)19-20-7-12-9-1-2-10(5-9)13(12)8-20/h3-4,6,9-10,12-13H,1-2,5,7-8H2,(H,19,21)(H2,18,22,23)/t9-,10+,12-,13+",UHLOVGKIEARANS-NIFPGPBJSA-N,2760,tripamide,73803-48-2
O=C(O)COc1cc(OCC(=O)O)c2c(=O)cc(-c3ccccc3)oc2c1,"InChI=1S/C19H14O8/c20-13-8-14(11-4-2-1-3-5-11)27-16-7-12(25-9-17(21)22)6-15(19(13)16)26-10-18(23)24/h1-8H,9-10H2,(H,21,22)(H,23,24)",IGCSSLDDCHLXGL-UHFFFAOYSA-N,1173,flavodic acid,37470-13-6
CC(=O)Oc1ccc2c(c1)CCC1C2CCC2(C)C(=O)C(OC(C)=O)CC12,"InChI=1S/C22H26O5/c1-12(23)26-15-5-7-16-14(10-15)4-6-18-17(16)8-9-22(3)19(18)11-20(21(22)25)27-13(2)24/h5,7,10,17-20H,4,6,8-9,11H2,1-3H3/t17-,18-,19+,20-,22+/m1/s1",QZQSENRWYLQIPC-JPVHLGFFSA-N,3115,hydroxyestrone diacetate,1247-71-8
C=C1CC2C3CC=C4CC(=O)CCC4C3CCC2(C)C1(OC(C)=O)C(C)=O,"InChI=1S/C23H30O4/c1-13-11-21-20-7-5-16-12-17(26)6-8-18(16)19(20)9-10-22(21,4)23(13,14(2)24)27-15(3)25/h12,18-21H,1,5-11H2,2-4H3/t18-,19+,20+,21-,22-,23-/m0/s1",CKFBRGLGTWAVLG-GOMYTPFNSA-N,3175,elcometrine,7759-35-5
CC(=O)OC1(C(C)=O)CCC2C3=CC(C)=C4CC(=O)CCC4C3CCC21C,"InChI=1S/C23H30O4/c1-13-11-20-18(17-6-5-16(26)12-19(13)17)7-9-22(4)21(20)8-10-23(22,14(2)24)27-15(3)25/h11-12,17-18,20-21H,5-10H2,1-4H3/t17-,18-,20-,21+,22+,23+/m1/s1",IIVBFTNIGYRNQY-YQLZSBIMSA-N,1957,nomegestrol acetate,58652-20-3
OCCN1CCN(CCCN2c3ccccc3Sc3cccnc32)CC1,"InChI=1S/C20H26N4OS/c25-16-15-23-13-11-22(12-14-23)9-4-10-24-17-5-1-2-6-18(17)26-19-7-3-8-21-20(19)24/h1-3,5-8,25H,4,9-16H2",RUPOLIZWSDDWNJ-UHFFFAOYSA-N,3415,oxypendyl,5585-93-3
CC12CCC(OC3CCCC3)=CC1=CCC1C2CCC2(C)C1CCC2(C)O,"InChI=1S/C25H38O2/c1-23-13-10-19(27-18-6-4-5-7-18)16-17(23)8-9-20-21(23)11-14-24(2)22(20)12-15-25(24,3)26/h8,16,18,20-22,26H,4-7,9-15H2,1-3H3/t20-,21+,22+,23+,24+,25+/m1/s1",ZUBDXGHKAAMAAA-RFXJPFPRSA-N,3782,penmesterol,67-81-2
O=C(NC(Cc1cc(=O)[nH]c2ccccc12)C(=O)O)c1ccc(Cl)cc1,"InChI=1S/C19H15ClN2O4/c20-13-7-5-11(6-8-13)18(24)22-16(19(25)26)9-12-10-17(23)21-15-4-2-1-3-14(12)15/h1-8,10,16H,9H2,(H,21,23)(H,22,24)(H,25,26)",ALLWOAVDORUJLA-UHFFFAOYSA-N,2360,rebamipide,90098-04-7
NS(=O)(=O)c1cc(-c2nn[nH]n2)c(NCc2cccs2)cc1Cl,"InChI=1S/C12H11ClN6O2S2/c13-9-5-10(15-6-7-2-1-3-22-7)8(12-16-18-19-17-12)4-11(9)23(14,20)21/h1-5,15H,6H2,(H2,14,20,21)(H,16,17,18,19)",HMEDEBAJARCKCT-UHFFFAOYSA-N,278,azosemide,27589-33-9
CC(C)N1CCC(N(C(=O)Cc2ccccc2)c2ccc(Cl)cc2)CC1,"InChI=1S/C22H27ClN2O/c1-17(2)24-14-12-21(13-15-24)25(20-10-8-19(23)9-11-20)22(26)16-18-6-4-3-5-7-18/h3-11,17,21H,12-16H2,1-2H3",XHOJAWVAWFHGHL-UHFFFAOYSA-N,1607,lorcainide,59729-31-6
CCN1CCCC1CNC(=O)c1c(OC)ccc(Br)c1OC,"InChI=1S/C16H23BrN2O3/c1-4-19-9-5-6-11(19)10-18-16(20)14-13(21-2)8-7-12(17)15(14)22-3/h7-8,11H,4-6,9-10H2,1-3H3,(H,18,20)/t11-/m0/s1",GUJRSXAPGDDABA-NSHDSACASA-N,2365,remoxipride,80125-14-0
CC(=O)OCC1OC(n2ncc(=O)[nH]c2=O)C(OC(C)=O)C1OC(C)=O,"InChI=1S/C14H17N3O9/c1-6(18)23-5-9-11(24-7(2)19)12(25-8(3)20)13(26-9)17-14(22)16-10(21)4-15-17/h4,9,11-13H,5H2,1-3H3,(H,16,21,22)/t9-,11-,12-,13-/m1/s1",QQOBRRFOVWGIMD-OJAKKHQRSA-N,27,azaribine,2169-64-4
CCCc1c2oc(C(=O)O)cc(=O)c2cc2c(=O)cc(C(=O)O)n(CC)c12,"InChI=1S/C19H17NO7/c1-3-5-9-16-10(13(21)7-12(18(23)24)20(16)4-2)6-11-14(22)8-15(19(25)26)27-17(9)11/h6-8H,3-5H2,1-2H3,(H,23,24)(H,25,26)",RQTOOFIXOKYGAN-UHFFFAOYSA-N,1889,nedocromil,69049-73-6
CN1CCN(C(=S)Nc2ccc(Nc3ccc([N+](=O)[O-])cc3)cc2)CC1,"InChI=1S/C18H21N5O2S/c1-21-10-12-22(13-11-21)18(26)20-16-4-2-14(3-5-16)19-15-6-8-17(9-7-15)23(24)25/h2-9,19H,10-13H2,1H3,(H,20,26)",UFLRJROFPAGRPN-UHFFFAOYSA-N,185,amocarzine,36590-19-9
CC(C)(C)NCC(O)CSc1nc(-c2ccc(C(N)=O)s2)cs1,"InChI=1S/C15H21N3O2S3/c1-15(2,3)17-6-9(19)7-21-14-18-10(8-22-14)11-4-5-12(23-11)13(16)20/h4-5,8-9,17,19H,6-7H2,1-3H3,(H2,16,20)",BHIAIPWSVYSKJS-UHFFFAOYSA-N,243,arotinolol,68377-92-4
CN(C)C(=O)OC1N=C(c2ccccc2)c2cc(Cl)ccc2N(C)C1=O,"InChI=1S/C19H18ClN3O3/c1-22(2)19(25)26-17-18(24)23(3)15-10-9-13(20)11-14(15)16(21-17)12-7-5-4-6-8-12/h4-11,17H,1-3H3",PXBVEXGRHZFEOF-UHFFFAOYSA-N,469,camazepam,36104-80-0
CN1C(C(=O)Nc2ccccn2)C(=O)c2sc(Cl)cc2S1(=O)=O,"InChI=1S/C13H10ClN3O4S2/c1-17-10(13(19)16-9-4-2-3-5-15-9)11(18)12-7(23(17,20)21)6-8(14)22-12/h2-6,18H,1H3,(H,15,16,19)",WLHQHAUOOXYABV-UHFFFAOYSA-N,1609,lornoxicam,70374-39-9
CC1=C(CC(=O)O)c2cc(F)ccc2C1=Cc1ccc(S(C)(=O)=O)cc1,"InChI=1S/C20H17FO4S/c1-12-17(9-13-3-6-15(7-4-13)26(2,24)25)16-8-5-14(21)10-19(16)18(12)11-20(22)23/h3-10H,11H2,1-2H3,(H,22,23)/b17-9-",MVGSNCBCUWPVDA-MFOYZWKCSA-N,3219,exisulind,59973-80-7
CC(CCc1ccc2c(c1)OCO2)NCC(O)c1ccc(O)c(C(N)=O)c1,"InChI=1S/C20H24N2O5/c1-12(2-3-13-4-7-18-19(8-13)27-11-26-18)22-10-17(24)14-5-6-16(23)15(9-14)20(21)25/h4-9,12,17,22-24H,2-3,10-11H2,1H3,(H2,21,25)",MPQWSYJGFLADEW-UHFFFAOYSA-N,1658,medroxalol,56290-94-9
Cc1cc(N)c2cc(NC(=O)Nc3ccc4nc(C)cc(N)c4c3)ccc2n1,"InChI=1S/C21H20N6O/c1-11-7-17(22)15-9-13(3-5-19(15)24-11)26-21(28)27-14-4-6-20-16(10-14)18(23)8-12(2)25-20/h3-10H,1-2H3,(H2,22,24)(H2,23,25)(H2,26,27,28)",HOUSDILKOJMENG-UHFFFAOYSA-N,174,aminoquinuride,3811-56-1
C=C1CC2C3CC=C4CC(=O)C=CC4(C)C3C(O)CC2(C)C1(O)C(=O)CO,"InChI=1S/C22H28O5/c1-12-8-16-15-5-4-13-9-14(24)6-7-20(13,2)19(15)17(25)10-21(16,3)22(12,27)18(26)11-23/h6-7,9,15-17,19,23,25,27H,1,4-5,8,10-11H2,2-3H3/t15-,16-,17-,19+,20-,21-,22-/m0/s1",WSVOMANDJDYYEY-CWNVBEKCSA-N,2254,prednylidene,599-33-7
CC1CC2C3CC=C4CC(=O)C=CC4(C)C3C(=O)CC2(C)C1(O)C(=O)CO,"InChI=1S/C22H28O5/c1-12-8-16-15-5-4-13-9-14(24)6-7-20(13,2)19(15)17(25)10-21(16,3)22(12,27)18(26)11-23/h6-7,9,12,15-16,19,23,27H,4-5,8,10-11H2,1-3H3/t12-,15-,16-,19+,20-,21-,22-/m0/s1",PIDANAQULIKBQS-RNUIGHNZSA-N,1702,meprednisone,1247-42-3
CC(=O)OCC(=O)C1CCC2C3CC=C4CC(=O)CCC4(C)C3CCC12C,"InChI=1S/C23H32O4/c1-14(24)27-13-21(26)20-7-6-18-17-5-4-15-12-16(25)8-10-22(15,2)19(17)9-11-23(18,20)3/h12,17-20H,4-11,13H2,1-3H3/t17-,18-,19-,20+,22-,23-/m0/s1",VPGRYOFKCNULNK-ACXQXYJUSA-N,821,desoxycorticosterone acetate,56-47-3
CC(=O)OC1(C(C)=O)CCC2C3CC(C)C4=CCCCC4(C)C3CCC21C,"InChI=1S/C24H36O3/c1-15-14-18-20(22(4)11-7-6-8-19(15)22)9-12-23(5)21(18)10-13-24(23,16(2)25)27-17(3)26/h8,15,18,20-21H,6-7,9-14H2,1-5H3/t15-,18+,20-,21-,22-,23-,24-/m0/s1",KDLNOQQQEBKBQM-DICPTYMLSA-N,208,anagestone acetate,3137-73-3
COc1ccc2c(c1)c(CC(O)=NO)c(C)n2C(=O)c1ccc(Cl)cc1,"InChI=1S/C19H17ClN2O4/c1-11-15(10-18(23)21-25)16-9-14(26-2)7-8-17(16)22(11)19(24)12-3-5-13(20)6-4-12/h3-9,25H,10H2,1-2H3,(H,21,23)",AJRNYCDWNITGHF-UHFFFAOYSA-N,2008,oxametacin,27035-30-9
CCCC(=O)N1CCCN(c2nc(N)c3cc(OC)c(OC)cc3n2)CC1,"InChI=1S/C19H27N5O3/c1-4-6-17(25)23-7-5-8-24(10-9-23)19-21-14-12-16(27-3)15(26-2)11-13(14)18(20)22-19/h11-12H,4-10H2,1-3H3,(H2,20,21,22)",RHLJLALHBZGAFM-UHFFFAOYSA-N,429,bunazosin,80755-51-7
COc1cc(N)c(Cl)cc1C(=O)NC1CCN(Cc2ccccc2)CC1,"InChI=1S/C20H24ClN3O2/c1-26-19-12-18(22)17(21)11-16(19)20(25)23-15-7-9-24(10-8-15)13-14-5-3-2-4-6-14/h2-6,11-12,15H,7-10,13,22H2,1H3,(H,23,25)",BVPWJMCABCPUQY-UHFFFAOYSA-N,670,clebopride,55905-53-8
CCCCC1CC(=O)C2(O)OC3C(NC)C(O)C(NC)C(O)C3OC2O1,"InChI=1S/C17H30N2O7/c1-4-5-6-8-7-9(20)17(23)16(24-8)25-15-13(22)10(18-2)12(21)11(19-3)14(15)26-17/h8,10-16,18-19,21-23H,4-7H2,1-3H3/t8-,10-,11+,12+,13+,14-,15-,16+,17+/m1/s1",KHAUBYTYGDOYRU-IRXASZMISA-N,3846,trospectomycin,88669-04-9
CCC#CCC(C)C(O)C#CC1C(O)CC2CC(=CCOCC(=O)O)CC21,"InChI=1S/C22H30O5/c1-3-4-5-6-15(2)20(23)8-7-18-19-12-16(9-10-27-14-22(25)26)11-17(19)13-21(18)24/h9,15,17-21,23-24H,3,6,10-14H2,1-2H3,(H,25,26)/b16-9+/t15-,17-,18+,19-,20+,21+/m0/s1",ARUGKOZUKWAXDS-SEWALLKFSA-N,631,cicaprost,94079-80-8
CC(=O)OCC(=O)C1CCC2C3CC=C4CC(O)CCC4(C)C3CCC12C,"InChI=1S/C23H34O4/c1-14(24)27-13-21(26)20-7-6-18-17-5-4-15-12-16(25)8-10-22(15,2)19(17)9-11-23(18,20)3/h4,16-20,25H,5-13H2,1-3H3/t16-,17-,18-,19-,20+,22-,23-/m0/s1",MDJRZSNPHZEMJH-MTMZYOSNSA-N,33,artisone acetate,566-78-9
CC(=O)OC1(C(C)=O)CCC2C3=CC(Cl)=C4CC(=O)C5CC5C4(C)C3CCC21C,"InChI=1S/C24H29ClO4/c1-12(26)24(29-13(2)27)8-6-16-14-10-20(25)19-11-21(28)15-9-18(15)23(19,4)17(14)5-7-22(16,24)3/h10-11,14-18H,5-9H2,1-4H3/t14-,15+,16-,17-,18-,22-,23-,24-/m0/s1",UWFYSQMTEOIJJG-FDTZYFLXSA-N,766,cyproterone acetate,427-51-0
Cn1c(=O)c2c(ncn2CCNCC(O)c2ccc(O)c(O)c2)n(C)c1=O,"InChI=1S/C17H21N5O5/c1-20-15-14(16(26)21(2)17(20)27)22(9-19-15)6-5-18-8-13(25)10-3-4-11(23)12(24)7-10/h3-4,7,9,13,18,23-25H,5-6,8H2,1-2H3",WMCMJIGLYZDKRN-UHFFFAOYSA-N,2619,theodrenaline,13460-98-5
CC1(C)SC2C(NC(=O)C(N=[N+]=[N-])c3ccccc3)C(=O)N2C1C(=O)O,"InChI=1S/C16H17N5O4S/c1-16(2)11(15(24)25)21-13(23)10(14(21)26-16)18-12(22)9(19-20-17)8-6-4-3-5-7-8/h3-7,9-11,14H,1-2H3,(H,18,22)(H,24,25)/t9-,10-,11+,14-/m1/s1",ODFHGIPNGIAMDK-NJBDSQKTSA-N,273,azidocillin,17243-38-8
NC(=O)C1(N2CCCCC2)CCN(CCCC(=O)c2ccc(F)cc2)CC1,"InChI=1S/C21H30FN3O2/c22-18-8-6-17(7-9-18)19(26)5-4-12-24-15-10-21(11-16-24,20(23)27)25-13-2-1-3-14-25/h6-9H,1-5,10-16H2,(H2,23,27)",AXKPFOAXAHJUAG-UHFFFAOYSA-N,2181,pipamperone,1893-33-0
Cc1cc2nc3c(=O)[nH]c(=O)nc-3n(CC(O)C(O)C(O)CO)c2cc1C,"InChI=1S/C17H20N4O6/c1-7-3-9-10(4-8(7)2)21(5-11(23)14(25)12(24)6-22)15-13(18-9)16(26)20-17(27)19-15/h3-4,11-12,14,22-25H,5-6H2,1-2H3,(H,20,26,27)/t11-,12+,14-/m0/s1",AUNGANRZJHBGPY-SCRDCRAPSA-N,2834,riboflavin,83-88-5
COc1ccc(C(=O)NCc2cccnc2)cc1C(=O)NCc1cccnc1,"InChI=1S/C21H20N4O3/c1-28-19-7-6-17(20(26)24-13-15-4-2-8-22-11-15)10-18(19)21(27)25-14-16-5-3-9-23-12-16/h2-12H,13-14H2,1H3,(H,24,26)(H,25,27)",KYWCWBXGRWWINE-UHFFFAOYSA-N,2161,picotamide,32828-81-2
CCC(=O)N(c1ccccc1)C1(C(=O)OC)CCN(CCC(=O)OC)CC1,"InChI=1S/C20H28N2O5/c1-4-17(23)22(16-8-6-5-7-9-16)20(19(25)27-3)11-14-21(15-12-20)13-10-18(24)26-2/h5-9H,4,10-15H2,1-3H3",ZTVQQQVZCWLTDF-UHFFFAOYSA-N,2363,remifentanil,132875-61-7
CCOC(=O)C(CCc1ccccc1)NC(C)C(=O)N1CCCC1C(=O)O,"InChI=1S/C20H28N2O5/c1-3-27-20(26)16(12-11-15-8-5-4-6-9-15)21-14(2)18(23)22-13-7-10-17(22)19(24)25/h4-6,8-9,14,16-17,21H,3,7,10-13H2,1-2H3,(H,24,25)/t14-,16-,17-/m0/s1",GBXSMTUPTTWBMN-XIRDDKMYSA-N,1005,enalapril,75847-73-3
CC1CC2C3CC(F)C4=CC(=O)C=CC4(C)C3C(O)CC2(C)C1C(=O)CO,"InChI=1S/C22H29FO4/c1-11-6-14-13-8-16(23)15-7-12(25)4-5-21(15,2)20(13)17(26)9-22(14,3)19(11)18(27)10-24/h4-5,7,11,13-14,16-17,19-20,24,26H,6,8-10H2,1-3H3/t11-,13+,14+,16+,17+,19-,20-,21+,22+/m1/s1",GAKMQHDJQHZUTJ-ULHLPKEOSA-N,1206,fluocortolone,152-97-6
CC12CCC3c4ccc(OC(=O)c5ccccc5)cc4CCC3C1CCC2O,"InChI=1S/C25H28O3/c1-25-14-13-20-19-10-8-18(28-24(27)16-5-3-2-4-6-16)15-17(19)7-9-21(20)22(25)11-12-23(25)26/h2-6,8,10,15,20-23,26H,7,9,11-14H2,1H3/t20-,21-,22+,23+,25+/m1/s1",UYIFTLBWAOGQBI-BZDYCCQFSA-N,1058,estradiol benzoate,50-50-0
C[N+](C)(C)CCOC(=O)NCCCCCCNC(=O)OCC[N+](C)(C)C,"InChI=1S/C18H38N4O4/c1-21(2,3)13-15-25-17(23)19-11-9-7-8-10-12-20-18(24)26-16-14-22(4,5)6/h7-16H2,1-6H3/p+2",MBWXZXUOKTXXBU-UHFFFAOYSA-P,3458,hexcarbacholine,306-41-2
CCCCCCCCCCCCOc1ccc(N=C(N)N)cc1N=C(N)N,"InChI=1S/C20H36N6O/c1-2-3-4-5-6-7-8-9-10-11-14-27-18-13-12-16(25-19(21)22)15-17(18)26-20(23)24/h12-13,15H,2-11,14H2,1H3,(H4,21,22,25)(H4,23,24,26)",QMMMGQKKOKYDMN-UHFFFAOYSA-N,3315,lauroguadine,135-43-3
O=C1CN2CCOC2(c2ccccc2F)c2cc(Cl)ccc2N1CCO,"InChI=1S/C19H18ClFN2O3/c20-13-5-6-17-15(11-13)19(14-3-1-2-4-16(14)21)22(8-10-26-19)12-18(25)23(17)7-9-24/h1-6,11,24H,7-10,12H2",WMFSSTNVXWNLKI-UHFFFAOYSA-N,1224,flutazolam,27060-91-9
O=C1CN2CCOC2(c2ccccc2F)c2cc(Br)ccc2N1,"InChI=1S/C17H14BrFN2O2/c18-11-5-6-15-13(9-11)17(12-3-1-2-4-14(12)19)21(7-8-23-17)10-16(22)20-15/h1-6,9H,7-8,10H2,(H,20,22)",XDKCGKQHVBOOHC-UHFFFAOYSA-N,1357,haloxazolam,59128-97-1
Cc1c(CN2CCOC(c3ccccc3)C2C)c(=O)n(-c2ccccc2)n1C,"InChI=1S/C23H27N3O2/c1-17-21(23(27)26(24(17)3)20-12-8-5-9-13-20)16-25-14-15-28-22(18(25)2)19-10-6-4-7-11-19/h4-13,18,22H,14-16H2,1-3H3",OOGNFQMTGRZRAB-UHFFFAOYSA-N,1840,morazone,6536-18-1
COc1ccc(CCC(C)NCC(O)c2ccc(O)c([S+](C)[O-])c2)cc1,"InChI=1S/C20H27NO4S/c1-14(4-5-15-6-9-17(25-2)10-7-15)21-13-19(23)16-8-11-18(22)20(12-16)26(3)24/h6-12,14,19,21-23H,4-5,13H2,1-3H3",PAQZZCOZHPGCFW-UHFFFAOYSA-N,3568,sulfinalol,66264-77-5
O=C(O)CCCC=CCC1C2CCC(C2)C1NS(=O)(=O)c1ccccc1,"InChI=1S/C20H27NO4S/c22-19(23)11-7-2-1-6-10-18-15-12-13-16(14-15)20(18)21-26(24,25)17-8-4-3-5-9-17/h1,3-6,8-9,15-16,18,20-21H,2,7,10-14H2,(H,22,23)/b6-1-/t15-,16+,18+,20+/m1/s1",PWTCIBWRMQFJBC-ZEMKZVSASA-N,3165,domitroban,112966-96-8
CC(C)c1c(CCN(C)C(C)Cc2ccccc2)n(C)n(-c2ccccc2)c1=O,"InChI=1S/C25H33N3O/c1-19(2)24-23(27(5)28(25(24)29)22-14-10-7-11-15-22)16-17-26(4)20(3)18-21-12-8-6-9-13-21/h6-15,19-20H,16-18H2,1-5H3",MJFVUHGZVIKGIW-UHFFFAOYSA-N,1130,famprofazone,22881-35-2
CC(C)(Oc1ccc(Cl)cc1)C(=O)OCCCOC(=O)c1cccnc1,"InChI=1S/C19H20ClNO5/c1-19(2,26-16-8-6-15(20)7-9-16)18(23)25-12-4-11-24-17(22)14-5-3-10-21-13-14/h3,5-10,13H,4,11-12H2,1-2H3",AYJVGKWCGIYEAK-UHFFFAOYSA-N,2401,ronifibrate,42597-57-9
CCc1nn(CCCN2CCN(c3cccc(Cl)c3)CC2)c(=O)n1CC,"InChI=1S/C19H28ClN5O/c1-3-18-21-25(19(26)24(18)4-2)10-6-9-22-11-13-23(14-12-22)17-8-5-7-16(20)15-17/h5,7-8,15H,3-4,6,9-14H2,1-2H3",IZBNNCFOBMGTQX-UHFFFAOYSA-N,1111,etoperidone,52942-31-1
Nc1c(Br)cc(Br)cc1CNC1CCC(O)CC1,"InChI=1S/C13H18Br2N2O/c14-9-5-8(13(16)12(15)6-9)7-17-10-1-3-11(18)4-2-10/h5-6,10-11,17-18H,1-4,7,16H2/t10-,11-",JBDGDEWWOUBZPM-XYPYZODXSA-N,147,ambroxol,18683-91-5
CC1(C)SC2C(NC(=O)C(C(=O)O)c3ccccc3)C(=O)N2C1C(=O)O,"InChI=1S/C17H18N2O6S/c1-17(2)11(16(24)25)19-13(21)10(14(19)26-17)18-12(20)9(15(22)23)8-6-4-3-5-7-8/h3-7,9-11,14H,1-2H3,(H,18,20)(H,22,23)(H,24,25)/t9?,10-,11+,14-/m1/s1",FPPNZSSZRUTDAP-UWFZAAFLSA-N,492,carbenicillin,4697-36-3
CC12C=CC(=O)C=C1C(F)CC1C2C(O)CC2(C)C1CCC2(O)C(=O)CO,"InChI=1S/C21H27FO5/c1-19-5-3-11(24)7-14(19)15(22)8-12-13-4-6-21(27,17(26)10-23)20(13,2)9-16(25)18(12)19/h3,5,7,12-13,15-16,18,23,25,27H,4,6,8-10H2,1-2H3/t12-,13-,15-,16-,18+,19-,20-,21-/m0/s1",MYYIMZRZXIQBGI-HVIRSNARSA-N,1216,fluprednisolone,53-34-9
CCC(Oc1ccccc1)C(=O)NC1C(=O)N2C1SC(C)(C)C2C(=O)O,"InChI=1S/C18H22N2O5S/c1-4-11(25-10-8-6-5-7-9-10)14(21)19-12-15(22)20-13(17(23)24)18(2,3)26-16(12)20/h5-9,11-13,16H,4H2,1-3H3,(H,19,21)(H,23,24)/t11?,12-,13+,16-/m1/s1",HOCWPKXKMNXINF-XQERAMJGSA-N,2297,propicillin,551-27-9
CCN1C(=O)c2ccccc2C1Nc1ccc(OCCN2CCCCC2)cc1,"InChI=1S/C23H29N3O2/c1-2-26-22(20-8-4-5-9-21(20)23(26)27)24-18-10-12-19(13-11-18)28-17-16-25-14-6-3-7-15-25/h4-5,8-13,22,24H,2-3,6-7,14-17H2,1H3",ITIONVBQFUNVJV-UHFFFAOYSA-N,3214,etomidoline,21590-92-1
COc1cc2[nH]c(C)c(CCN3CCN(c4ccccc4)CC3)c2cc1OC,"InChI=1S/C23H29N3O2/c1-17-19(20-15-22(27-2)23(28-3)16-21(20)24-17)9-10-25-11-13-26(14-12-25)18-7-5-4-6-8-18/h4-8,15-16,24H,9-14H2,1-3H3",XCWPUUGSGHNIDZ-UHFFFAOYSA-N,2035,oxypertine,153-87-7
NS(=O)(=O)c1cc2c(cc1Cl)NC(CC1CCCC1)NS2(=O)=O,"InChI=1S/C13H18ClN3O4S2/c14-9-6-10-12(7-11(9)22(15,18)19)23(20,21)17-13(16-10)5-8-3-1-2-4-8/h6-8,13,16-17H,1-5H2,(H2,15,18,19)",BKYKPTRYDKTTJY-UHFFFAOYSA-N,756,cyclopenthiazide,742-20-1
COCC(c1c(O)c2ccccc2oc1=O)c1c(O)c2ccccc2oc1=O,"InChI=1S/C21H16O7/c1-26-10-13(16-18(22)11-6-2-4-8-14(11)27-20(16)24)17-19(23)12-7-3-5-9-15(12)28-21(17)25/h2-9,13,22-23H,10H2,1H3",BUCJFFQZPGTGPX-UHFFFAOYSA-N,3721,coumetarol,4366-18-1
COc1cccc(OC)c1C(=O)NC1C(=O)N2C1SC(C)(C)C2C(=O)O,"InChI=1S/C17H20N2O6S/c1-17(2)12(16(22)23)19-14(21)11(15(19)26-17)18-13(20)10-8(24-3)6-5-7-9(10)25-4/h5-7,11-12,15H,1-4H3,(H,18,20)(H,22,23)/t11-,12+,15-/m1/s1",RJQXTJLFIWVMTO-TYNCELHUSA-N,1744,meticillin,61-32-5
Cc1ccccc1N=Nc1ccc(N=Nc2c(O)ccc3ccccc23)c(C)c1,"InChI=1S/C24H20N4O/c1-16-7-3-6-10-21(16)26-25-19-12-13-22(17(2)15-19)27-28-24-20-9-5-4-8-18(20)11-14-23(24)29/h3-15,29H,1-2H3/b26-25+,28-27+",RCTGMCJBQGBLKT-PAMTUDGESA-N,3543,scarlet red,85-83-6
CC(=O)OCC(=O)C1(O)CCC2C3CC=C4CC(=O)CCC4(C)C3(F)C(O)CC21C,"InChI=1S/C23H31FO6/c1-13(25)30-12-19(28)22(29)9-7-16-17-5-4-14-10-15(26)6-8-20(14,2)23(17,24)18(27)11-21(16,22)3/h10,16-18,27,29H,4-9,11-12H2,1-3H3/t16-,17-,18-,20-,21-,22-,23-/m0/s1",SYWHXTATXSMDSB-GSLJADNHSA-N,1191,fludrocortisone acetate,514-36-3
COc1ccccc1OCCNCC(O)c1ccc(C)c(S(N)(=O)=O)c1,"InChI=1S/C18H24N2O5S/c1-13-7-8-14(11-18(13)26(19,22)23)15(21)12-20-9-10-25-17-6-4-3-5-16(17)24-2/h3-8,11,15,20-21H,9-10,12H2,1-2H3,(H2,19,22,23)",LVEXHFZHOIWIIP-UHFFFAOYSA-N,190,amosulalol,85320-68-9
Cc1cc2c(OCC(CNC(C)(C)C)OC(=O)c3ccccc3)cccc2[nH]1,"InChI=1S/C23H28N2O3/c1-16-13-19-20(25-16)11-8-12-21(19)27-15-18(14-24-23(2,3)4)28-22(26)17-9-6-5-7-10-17/h5-13,18,24-25H,14-15H2,1-4H3",UUOJIACWOAYWEZ-UHFFFAOYSA-N,389,bopindolol,62658-63-3
CC(C)c1cc2c(cc1S(=O)(=O)O)C1(C)CCCC(C)(C(=O)O)C1CC2,"InChI=1S/C20H28O5S/c1-12(2)14-10-13-6-7-17-19(3,8-5-9-20(17,4)18(21)22)15(13)11-16(14)26(23,24)25/h10-12,17H,5-9H2,1-4H3,(H,21,22)(H,23,24,25)/t17-,19-,20-/m1/s1",IWCWQNVIUXZOMJ-MISYRCLQSA-N,981,ecabet,33159-27-2
CCCCC(C)CC(O)C=CC1C(O)CC(=O)C1CCCCC=CC(=O)O,"InChI=1S/C22H36O5/c1-3-4-9-16(2)14-17(23)12-13-19-18(20(24)15-21(19)25)10-7-5-6-8-11-22(26)27/h8,11-13,16-19,21,23,25H,3-7,9-10,14-15H2,1-2H3,(H,26,27)/b11-8+,13-12+/t16-,17+,18+,19+,21+/m0/s1",OJZYRQPMEIEQFC-UAWLTFRCSA-N,1581,limaprost,74397-12-9
CCOC(CN1CCN(CC(C)C(=O)c2ccccc2)CC1)c1ccccc1,"InChI=1S/C24H32N2O2/c1-3-28-23(21-10-6-4-7-11-21)19-26-16-14-25(15-17-26)18-20(2)24(27)22-12-8-5-9-13-22/h4-13,20,23H,3,14-19H2,1-2H3",BSHWLCACYCVCJE-UHFFFAOYSA-N,1035,eprazinone,10402-90-1
NS(=O)(=O)c1cc2c(cc1Cl)NC(C(Cl)Cl)NS2(=O)=O,"InChI=1S/C8H8Cl3N3O4S2/c9-3-1-4-6(2-5(3)19(12,15)16)20(17,18)14-8(13-4)7(10)11/h1-2,7-8,13-14H,(H2,12,15,16)",LMJSLTNSBFUCMU-UHFFFAOYSA-N,2733,trichlormethiazide,133-67-5
COc1ccc(C(Cl)=C(c2ccc(OC)cc2)c2ccc(OC)cc2)cc1,"InChI=1S/C23H21ClO3/c1-25-19-10-4-16(5-11-19)22(17-6-12-20(26-2)13-7-17)23(24)18-8-14-21(27-3)15-9-18/h4-15H,1-3H3",BFPSDSIWYFKGBC-UHFFFAOYSA-N,610,chlorotrianisene,569-57-3
O=C(O)c1cc(-n2c(-c3ccccc3)cc3c2CCc2ccccc2-3)ccc1O,"InChI=1S/C25H19NO3/c27-24-13-11-18(14-21(24)25(28)29)26-22-12-10-16-6-4-5-9-19(16)20(22)15-23(26)17-7-2-1-3-8-17/h1-9,11,13-15,27H,10,12H2,(H,28,29)",HAWWPSYXSLJRBO-UHFFFAOYSA-N,3224,fendosal,53597-27-6
O=C(CCCN1CCC(n2c(=O)[nH]c3ccccc32)CC1)c1ccc(F)cc1,"InChI=1S/C22H24FN3O2/c23-17-9-7-16(8-10-17)21(27)6-3-13-25-14-11-18(12-15-25)26-20-5-2-1-4-19(20)24-22(26)28/h1-2,4-5,7-10,18H,3,6,11-15H2,(H,24,28)",FEBOTPHFXYHVPL-UHFFFAOYSA-N,312,benperidol,2062-84-2
CC1CC(OC(=O)C(OC(=O)c2cccnc2)c2ccccc2)CC(C)(C)C1,"InChI=1S/C23H27NO4/c1-16-12-19(14-23(2,3)13-16)27-22(26)20(17-8-5-4-6-9-17)28-21(25)18-10-7-11-24-15-18/h4-11,15-16,19-20H,12-14H2,1-3H3/t16-,19+,20?/m0/s1",JVISQUVIQOJOOQ-VPSRXSMPSA-N,1799,micinicate,39537-99-0
Clc1ccc(COC(Cn2ccnc2)c2ccc(Cl)cc2Cl)cc1,"InChI=1S/C18H15Cl3N2O/c19-14-3-1-13(2-4-14)11-24-18(10-23-8-7-22-12-23)16-6-5-15(20)9-17(16)21/h1-9,12,18H,10-11H2",LEZWWPYKPKIXLL-UHFFFAOYSA-N,983,econazole,27220-47-9
CCC(C)C(C)C1Nc2cc(Cl)c(S(N)(=O)=O)cc2S(=O)(=O)N1,"InChI=1S/C13H20ClN3O4S2/c1-4-7(2)8(3)13-16-10-5-9(14)11(22(15,18)19)6-12(10)23(20,21)17-13/h5-8,13,16-17H,4H2,1-3H3,(H2,15,18,19)",KJLLKLRVCJAFRY-UHFFFAOYSA-N,1645,mebutizide,3568-00-1
CCC1C(C)=NN=C(c2ccc(OC)c(OC)c2)c2cc(OC)c(OC)cc21,"InChI=1S/C22H26N2O4/c1-7-15-13(2)23-24-22(14-8-9-18(25-3)19(10-14)26-4)17-12-21(28-6)20(27-5)11-16(15)17/h8-12,15H,7H2,1-6H3",RUJBDQSFYCKFAA-UHFFFAOYSA-N,2693,tofisopam,22345-47-7
C=CCN1CCCC1CNC(=O)c1cc(S(=O)(=O)NC)c(N)cc1OC,"InChI=1S/C17H26N4O4S/c1-4-7-21-8-5-6-12(21)11-20-17(22)13-9-16(26(23,24)19-2)14(18)10-15(13)25-3/h4,9-10,12,19H,1,5-8,11,18H2,2-3H3,(H,20,22)",QRQMZZNDJGHPHZ-UHFFFAOYSA-N,135,alpiropride,81982-32-3
Cc1cc(C=Cc2ccc3cc(N(C)C)ccc3[n+]2C)c(C)n1-c1ccccc1,"InChI=1S/C26H28N3/c1-19-17-21(20(2)29(19)24-9-7-6-8-10-24)11-13-23-14-12-22-18-25(27(3)4)15-16-26(22)28(23)5/h6-18H,1-5H3/q+1",QMHSXPLYMTVAMK-UHFFFAOYSA-N,2335,pyrvinium,3546-41-6
CN(CC1(C)CCCO1)S(=O)(=O)c1ccc(Cl)c(S(N)(=O)=O)c1,"InChI=1S/C13H19ClN2O5S2/c1-13(6-3-7-21-13)9-16(2)23(19,20)10-4-5-11(14)12(8-10)22(15,17)18/h4-5,8H,3,6-7,9H2,1-2H3,(H2,15,17,18)",SMNOERSLNYGGOU-UHFFFAOYSA-N,1666,mefruside,7195-27-9
CON=C(C(=O)NC1C(=O)N2C(C(=O)O)=CCSC12)c1csc(N)n1,"InChI=1S/C13H13N5O5S2/c1-23-17-7(5-4-25-13(14)15-5)9(19)16-8-10(20)18-6(12(21)22)2-3-24-11(8)18/h2,4,8,11H,3H2,1H3,(H2,14,15)(H,16,19)(H,21,22)/b17-7-/t8-,11-/m1/s1",NNULBSISHYWZJU-LLKWHZGFSA-N,563,ceftizoxime,68401-81-0
C=CCN1CCCC1CNC(=O)c1cc(S(N)(=O)=O)cc(OC)c1OC,"InChI=1S/C17H25N3O5S/c1-4-7-20-8-5-6-12(20)11-19-17(21)14-9-13(26(18,22)23)10-15(24-2)16(14)25-3/h4,9-10,12H,1,5-8,11H2,2-3H3,(H,19,21)(H2,18,22,23)",RYJXBGGBZJGVQF-UHFFFAOYSA-N,2814,veralipride,66644-81-3
CC(O)C1C(=O)N2C(C(=O)O)=C(SC3CNC(C(=O)N(C)C)C3)C(C)C12,"InChI=1S/C17H25N3O5S/c1-7-12-11(8(2)21)16(23)20(12)13(17(24)25)14(7)26-9-5-10(18-6-9)15(22)19(3)4/h7-12,18,21H,5-6H2,1-4H3,(H,24,25)/t7-,8-,9+,10+,11-,12-/m1/s1",DMJNNHOOLUXYBV-PQTSNVLCSA-N,1709,meropenem,96036-03-2
Oc1c2c(c(O)n1CCCCN1CCN(c3ncccn3)CC1)C1CCC2C1,"InChI=1S/C21H29N5O2/c27-19-17-15-4-5-16(14-15)18(17)20(28)26(19)9-2-1-8-24-10-12-25(13-11-24)21-22-6-3-7-23-21/h3,6-7,15-18H,1-2,4-5,8-14H2/t15-,16+,17+,18-",CEIJFEGBUDEYSX-FZDBZEDMSA-N,2563,tandospirone,87760-53-0
CCC(CC)COC(C(=O)OCCN(C)C)(c1ccccc1)c1ccccc1,"InChI=1S/C24H33NO3/c1-5-20(6-2)19-28-24(21-13-9-7-10-14-21,22-15-11-8-12-16-22)23(26)27-18-17-25(3)4/h7-16,20H,5-6,17-19H2,1-4H3",FPTOUQZVCUIPHY-UHFFFAOYSA-N,805,denaverine,3579-62-2
CCCCCC=CCC=CCCCCCCCC(=O)NC(C)c1ccccc1,"InChI=1S/C26H41NO/c1-3-4-5-6-7-8-9-10-11-12-13-14-15-16-20-23-26(28)27-24(2)25-21-18-17-19-22-25/h7-8,10-11,17-19,21-22,24H,3-6,9,12-16,20,23H2,1-2H3,(H,27,28)/b8-7-,11-10-",RWIUTHWKQHRQNP-NQLNTKRDSA-N,1674,melinamide,14417-88-0
C=CCSCC1Nc2cc(Cl)c(S(N)(=O)=O)cc2S(=O)(=O)N1,"InChI=1S/C11H14ClN3O4S3/c1-2-3-20-6-11-14-8-4-7(12)9(21(13,16)17)5-10(8)22(18,19)15-11/h2,4-5,11,14-15H,1,3,6H2,(H2,13,16,17)",VGLGVJVUHYTIIU-UHFFFAOYSA-N,140,altizide,5588-16-9
CC1CCC2C(C)C(OC(=O)CCC(=O)O)OC3OC4(C)CCC1C32OO4,"InChI=1S/C19H28O8/c1-10-4-5-13-11(2)16(23-15(22)7-6-14(20)21)24-17-19(13)12(10)8-9-18(3,25-17)26-27-19/h10-13,16-17H,4-9H2,1-3H3,(H,20,21)/t10-,11-,12+,13+,16-,17-,18-,19-/m1/s1",FIHJKUPKCHIPAT-AHIGJZGOSA-N,247,artesunate,88495-63-0
CC1(C)SC2C(NC(=O)C(C(=O)O)c3ccsc3)C(=O)N2C1C(=O)O,"InChI=1S/C15H16N2O6S2/c1-15(2)9(14(22)23)17-11(19)8(12(17)25-15)16-10(18)7(13(20)21)6-3-4-24-5-6/h3-5,7-9,12H,1-2H3,(H,16,18)(H,20,21)(H,22,23)/t7-,8-,9+,12-/m1/s1",OHKOGUYZJXTSFX-KZFFXBSXSA-N,2656,ticarcillin,34787-01-4
CC12CCC(O)CC1CCC1C2CCC2(C)C(c3ccc(=O)oc3)CC3OC312,"InChI=1S/C24H32O4/c1-22-9-7-16(25)11-15(22)4-5-18-17(22)8-10-23(2)19(12-20-24(18,23)28-20)14-3-6-21(26)27-13-14/h3,6,13,15-20,25H,4-5,7-12H2,1-2H3/t15-,16+,17+,18-,19-,20-,22+,23-,24-/m1/s1",ATLJNLYIJOCWJE-CWMZOUAVSA-N,3523,bufogenin,465-39-4
CCC(=O)Oc1ccc2c(c1)CCC1C2CCC2(C)C(OC(=O)CC)CCC12,"InChI=1S/C24H32O4/c1-4-22(25)27-16-7-9-17-15(14-16)6-8-19-18(17)12-13-24(3)20(19)10-11-21(24)28-23(26)5-2/h7,9,14,18-21H,4-6,8,10-13H2,1-3H3/t18-,19-,20+,21+,24+/m1/s1",JQIYNMYZKRGDFK-RUFWAXPRSA-N,1060,estradiol dipropionate,113-38-2
COC(CN1CCN(CC(O)C(OC)c2ccccc2)CC1)c1ccccc1,"InChI=1S/C23H32N2O3/c1-27-22(19-9-5-3-6-10-19)18-25-15-13-24(14-16-25)17-21(26)23(28-2)20-11-7-4-8-12-20/h3-12,21-23,26H,13-18H2,1-2H3",VSTNNAYSCJQCQI-UHFFFAOYSA-N,2864,zipeprol,34758-83-3
COc1ccc2c(c1)N(CC(C)CN1CCC(O)CC1)c1ccccc1S2,"InChI=1S/C22H28N2O2S/c1-16(14-23-11-9-17(25)10-12-23)15-24-19-5-3-4-6-21(19)27-22-8-7-18(26-2)13-20(22)24/h3-8,13,16-17,25H,9-12,14-15H2,1-2H3",WYRWAVVTDKZRIJ-UHFFFAOYSA-N,3431,perimetazine,13093-88-4
CCCCCCC(=O)OC1CCC2C3CCc4cc(O)ccc4C3CCC12C,"InChI=1S/C25H36O3/c1-3-4-5-6-7-24(27)28-23-13-12-22-21-10-8-17-16-18(26)9-11-19(17)20(21)14-15-25(22,23)2/h9,11,16,20-23,26H,3-8,10,12-15H2,1-2H3/t20-,21-,22+,23+,25+/m1/s1",RFWTZQAOOLFXAY-BZDYCCQFSA-N,1061,estradiol enanthate,4956-37-0
CCCCCCCN(CC)CCCC(O)c1ccc(NS(C)(=O)=O)cc1,"InChI=1S/C20H36N2O3S/c1-4-6-7-8-9-16-22(5-2)17-10-11-20(23)18-12-14-19(15-13-18)21-26(3,24)25/h12-15,20-21,23H,4-11,16-17H2,1-3H3",ALOBUEHUHMBRLE-UHFFFAOYSA-N,1412,ibutilide,122647-31-8
COC(=O)C1=C(C#N)N=C(C)C(C(=O)OC(C)C)C1c1cccc([N+](=O)[O-])c1,"InChI=1S/C19H19N3O6/c1-10(2)28-19(24)15-11(3)21-14(9-20)17(18(23)27-4)16(15)12-6-5-7-13(8-12)22(25)26/h5-8,10,16,21H,1-4H3",FAIIFDPAEUKBEP-UHFFFAOYSA-N,1934,nilvadipine,75530-68-6
CCN(CCO)CCn1c(Cc2ccccc2)nc2c1c(=O)n(C)c(=O)n2C,"InChI=1S/C20H27N5O3/c1-4-24(12-13-26)10-11-25-16(14-15-8-6-5-7-9-15)21-18-17(25)19(27)23(3)20(28)22(18)2/h5-9,26H,4,10-14H2,1-3H3",VVUYEFBRTFASAH-UHFFFAOYSA-N,287,bamifylline,2016-63-9
CC(=O)SCC(Cc1ccccc1)C(=O)NCC(=O)OCc1ccccc1,"InChI=1S/C21H23NO4S/c1-16(23)27-15-19(12-17-8-4-2-5-9-17)21(25)22-13-20(24)26-14-18-10-6-3-7-11-18/h2-11,19H,12-15H2,1H3,(H,22,25)",ODUOJXZPIYUATO-UHFFFAOYSA-N,60,racecadotril,81110-73-8
O=P(O)(O)OC(Cn1cncn1)(Cn1cncn1)c1ccc(F)cc1F,"InChI=1S/C13H13F2N6O4P/c14-10-1-2-11(12(15)3-10)13(25-26(22,23)24,4-20-8-16-6-18-20)5-21-9-17-7-19-21/h1-3,6-9H,4-5H2,(H2,22,23,24)",GHJWNRRCRIGGIO-UHFFFAOYSA-N,1242,fosfluconazole,194798-83-9
CS(=O)(=O)OCCC(=O)N1CCN(C(=O)CCOS(C)(=O)=O)CC1,"InChI=1S/C12H22N2O8S2/c1-23(17,18)21-9-3-11(15)13-5-7-14(8-6-13)12(16)4-10-22-24(2,19)20/h3-10H2,1-2H3",NUKCGLDCWQXYOQ-UHFFFAOYSA-N,3475,piposulfan,2608-24-4
CC(=O)OCC(=O)C1(O)CCC2C3CC=C4CC(=O)CCC4(C)C3=CCC21C,"InChI=1S/C23H30O5/c1-14(24)28-13-20(26)23(27)11-8-19-17-5-4-15-12-16(25)6-9-21(15,2)18(17)7-10-22(19,23)3/h7,12,17,19,27H,4-6,8-11,13H2,1-3H3/t17-,19+,21+,22+,23+/m1/s1",YUWPMEXLKGOSBF-GACAOOTBSA-N,217,anecortave,7753-60-8
c1ccc(C(c2ccccc2)N2CCN(Cc3ccc4c(c3)OCO4)CC2)cc1,"InChI=1S/C25H26N2O2/c1-3-7-21(8-4-1)25(22-9-5-2-6-10-22)27-15-13-26(14-16-27)18-20-11-12-23-24(17-20)29-19-28-23/h1-12,17,25H,13-16,18-19H2",ORAUEDBBTFLQSK-UHFFFAOYSA-N,3768,medibazine,53-31-6
CN1CCCCC1CCN1c2ccccc2Sc2ccc([S+](C)[O-])cc21,"InChI=1S/C21H26N2OS2/c1-22-13-6-5-7-16(22)12-14-23-18-8-3-4-9-20(18)25-21-11-10-17(26(2)24)15-19(21)23/h3-4,8-11,15-16H,5-7,12-14H2,1-2H3",SLVMESMUVMCQIY-UHFFFAOYSA-N,1712,mesoridazine,5588-33-0
Fc1ccccc1C1=NCC(=S)N(CC(F)(F)F)c2ccc(Cl)cc21,"InChI=1S/C17H11ClF4N2S/c18-10-5-6-14-12(7-10)16(11-3-1-2-4-13(11)19)23-8-15(25)24(14)9-17(20,21)22/h1-7H,8-9H2",IKMPWMZBZSAONZ-UHFFFAOYSA-N,2336,quazepam,36735-22-5
Cc1cc(C)c(NC(=O)CN(CC(=O)O)CC(=O)O)c(C)c1Br,"InChI=1S/C15H19BrN2O5/c1-8-4-9(2)15(10(3)14(8)16)17-11(19)5-18(6-12(20)21)7-13(22)23/h4H,5-7H2,1-3H3,(H,17,19)(H,20,21)(H,22,23)",MHPZZZZLAQGTHT-UHFFFAOYSA-N,3332,mebrofenin,78266-06-5
CCC(COC(=O)c1cc(OC)c(OC)c(OC)c1)(c1ccccc1)N(C)C,"InChI=1S/C22H29NO5/c1-7-22(23(2)3,17-11-9-8-10-12-17)15-28-21(24)16-13-18(25-4)20(27-6)19(14-16)26-5/h8-14H,7,15H2,1-6H3",LORDFXWUHHSAQU-UHFFFAOYSA-N,2748,trimebutine,39133-31-8
COc1ccccc1N1CCN(CCCNc2cc(=O)n(C)c(=O)n2C)CC1,"InChI=1S/C20H29N5O3/c1-22-18(15-19(26)23(2)20(22)27)21-9-6-10-24-11-13-25(14-12-24)16-7-4-5-8-17(16)28-3/h4-5,7-8,15,21H,6,9-14H2,1-3H3",ICMGLRUYEQNHPF-UHFFFAOYSA-N,2796,urapidil,34661-75-1
N=C(N)NCCCCCCC(=O)NC(=O)C(O)NCCCCNCCCN,"InChI=1S/C17H37N7O3/c18-9-7-11-21-10-5-6-12-22-15(26)16(27)24-14(25)8-3-1-2-4-13-23-17(19)20/h16,21,27H,1-13,18H2,(H,22,26)(H,24,25)(H4,19,20,23)",IDINUJSAMVOPCM-UHFFFAOYSA-N,1347,gusperimus,98629-43-7
Clc1ccc(C(Cn2ccnc2)OCc2ccsc2Cl)c(Cl)c1,"InChI=1S/C16H13Cl3N2OS/c17-12-1-2-13(14(18)7-12)15(8-21-5-4-20-10-21)22-9-11-3-6-23-16(11)19/h1-7,10,15H,8-9H2",QXHHHPZILQDDPS-UHFFFAOYSA-N,2675,tioconazole,65899-73-2
NS(=O)(=O)c1cc2c(cc1Cl)NC(Cc1ccccc1)NS2(=O)=O,"InChI=1S/C14H14ClN3O4S2/c15-10-7-11-13(8-12(10)23(16,19)20)24(21,22)18-14(17-11)6-9-4-2-1-3-5-9/h1-5,7-8,14,17-18H,6H2,(H2,16,19,20)",BWSSMIJUDVUASQ-UHFFFAOYSA-N,336,benzylhydrochlorothiazide,1824-50-6
CNc1cc(OC)c(C(=O)NC2CCN(Cc3ccccc3)C2C)cc1Cl,"InChI=1S/C21H26ClN3O2/c1-14-18(9-10-25(14)13-15-7-5-4-6-8-15)24-21(26)16-11-17(22)19(23-2)12-20(16)27-3/h4-8,11-12,14,18,23H,9-10,13H2,1-3H3,(H,24,26)/t14-,18-/m1/s1",KRVOJOCLBAAKSJ-RDTXWAMCSA-N,1895,nemonapride,75272-39-8
CN1CCCN=C1C=Cc1cccc(O)c1,"InChI=1S/C13H16N2O/c1-15-9-3-8-14-13(15)7-6-11-4-2-5-12(16)10-11/h2,4-7,10,16H,3,8-9H2,1H3/b7-6+",VRYKTHBAWRESFI-VOTSOKGWSA-N,4005,oxantel,36531-26-7
COC(=O)C1=C(C)N=C(C)C(C(=O)OCC(C)=O)C1c1ccccc1[N+](=O)[O-],"InChI=1S/C19H20N2O7/c1-10(22)9-28-19(24)16-12(3)20-11(2)15(18(23)27-4)17(16)13-7-5-6-8-14(13)21(25)26/h5-8,17,20H,9H2,1-4H3",NCUCGYYHUFIYNU-UHFFFAOYSA-N,234,aranidipine,86780-90-7
CCC(C)C(=O)OC1C(OC(C)=O)c2c(ccc3ccc(=O)oc23)OC1(C)C,"InChI=1S/C21H24O7/c1-6-11(2)20(24)27-19-18(25-12(3)22)16-14(28-21(19,4)5)9-7-13-8-10-15(23)26-17(13)16/h7-11,18-19H,6H2,1-5H3/t11-,18-,19-/m1/s1",GVBNSPFBYXGREE-CXWAGAITSA-N,3649,visnadine,477-32-7
COc1cc(C(=O)NCc2ccc(OCCN(C)C)cc2)cc(OC)c1OC,"InChI=1S/C21H28N2O5/c1-23(2)10-11-28-17-8-6-15(7-9-17)14-22-21(24)16-12-18(25-3)20(27-5)19(13-16)26-4/h6-9,12-13H,10-11,14H2,1-5H3,(H,22,24)",FEZBIKUBAYAZIU-UHFFFAOYSA-N,2754,trimethobenzamide,138-56-7
CCCCCCCCCCCC[N+](C)(C)Cc1ccccc1,"InChI=1S/C21H38N/c1-4-5-6-7-8-9-10-11-12-16-19-22(2,3)20-21-17-14-13-15-18-21/h13-15,17-18H,4-12,16,19-20H2,1-3H3/q+1",CYDRXTMLKJDRQH-UHFFFAOYSA-N,3017,benzalkonium,139-07-1
O=C(COc1ccc(Cl)cc1)N1CCN(Cc2ccc3c(c2)OCO3)CC1,"InChI=1S/C20H21ClN2O4/c21-16-2-4-17(5-3-16)25-13-20(24)23-9-7-22(8-10-23)12-15-1-6-18-19(11-15)27-14-26-18/h1-6,11H,7-10,12-14H2",BFUJHVVEMMWLHC-UHFFFAOYSA-N,1172,fipexide,34161-24-5
CON=C1CN(c2nc3c(cc2F)c(=O)c(C(=O)O)cn3C2CC2)CC1CN,"InChI=1S/C18H20FN5O4/c1-28-22-14-8-23(6-9(14)5-20)17-13(19)4-11-15(25)12(18(26)27)7-24(10-2-3-10)16(11)21-17/h4,7,9-10H,2-3,5-6,8,20H2,1H3,(H,26,27)/b22-14+",ZRCVYEYHRGVLOC-HYARGMPZSA-N,1286,gemifloxacin,175463-14-6
Cn1c(=O)c2c(ncn2CCCNCC(O)c2cc(O)cc(O)c2)n(C)c1=O,"InChI=1S/C18H23N5O5/c1-21-16-15(17(27)22(2)18(21)28)23(10-20-16)5-3-4-19-9-14(26)11-6-12(24)8-13(25)7-11/h6-8,10,14,19,24-26H,3-5,9H2,1-2H3",WVLAAKXASPCBGT-UHFFFAOYSA-N,2368,reproterol,54063-54-6
CNC1CCCN(c2c(F)cc3c(=O)c(C(=O)O)cn(C4CC4)c3c2OC)C1,"InChI=1S/C20H24FN3O4/c1-22-11-4-3-7-23(9-11)17-15(21)8-13-16(19(17)28-2)24(12-5-6-12)10-14(18(13)25)20(26)27/h8,10-12,22H,3-7,9H2,1-2H3,(H,26,27)",MGQLHRYJBWGORO-UHFFFAOYSA-N,283,balofloxacin,127294-70-6
CC1(C)SC2C(N3C(=O)C(c4ccccc4)NC3(C)C)C(=O)N2C1C(=O)O,"InChI=1S/C19H23N3O4S/c1-18(2)13(17(25)26)21-15(24)12(16(21)27-18)22-14(23)11(20-19(22,3)4)10-8-6-5-7-9-10/h5-9,11-13,16,20H,1-4H3,(H,25,26)/t11-,12-,13+,16-/m1/s1",DXVUYOAEDJXBPY-NFFDBFGFSA-N,1363,hetacillin,3511-16-8
NS(=O)(=O)c1cc2c(cc1Cl)NC(C1CC3C=CC1C3)NS2(=O)=O,"InChI=1S/C14H16ClN3O4S2/c15-10-5-11-13(6-12(10)23(16,19)20)24(21,22)18-14(17-11)9-4-7-1-2-8(9)3-7/h1-2,5-9,14,17-18H,3-4H2,(H2,16,19,20)",BOCUKUHCLICSIY-UHFFFAOYSA-N,761,cyclothiazide,2259-96-3
CCN(CC)CCOc1cc2oc(=O)cc(C)c2cc1OCCN(CC)CC,"InChI=1S/C22H34N2O4/c1-6-23(7-2)10-12-26-20-15-18-17(5)14-22(25)28-19(18)16-21(20)27-13-11-24(8-3)9-4/h14-16H,6-13H2,1-5H3",KDZPIXVLPYVHDO-UHFFFAOYSA-N,3404,oxamarin,15301-80-1
Cc1cccc(CN2CCN(C(c3ccccc3)c3ccc(Cl)cc3)CC2)c1,"InChI=1S/C25H27ClN2/c1-20-6-5-7-21(18-20)19-27-14-16-28(17-15-27)25(22-8-3-2-4-9-22)23-10-12-24(26)13-11-23/h2-13,18,25H,14-17,19H2,1H3",OCJYIGYOJCODJL-UHFFFAOYSA-N,1649,meclozine,569-65-3
Cc1c(-c2ccccc2)oc2c(C(=O)OCCN3CCCCC3)cccc2c1=O,"InChI=1S/C24H25NO4/c1-17-21(26)19-11-8-12-20(23(19)29-22(17)18-9-4-2-5-10-18)24(27)28-16-15-25-13-6-3-7-14-25/h2,4-5,8-12H,3,6-7,13-16H2,1H3",SPIUTQOUKAMGCX-UHFFFAOYSA-N,1175,flavoxate,15301-69-6
O=C(CCCN1CCN2Cc3[nH]c4ccccc4c3CC2C1)c1ccc(F)cc1,"InChI=1S/C24H26FN3O/c25-18-9-7-17(8-10-18)24(29)6-3-11-27-12-13-28-16-23-21(14-19(28)15-27)20-4-1-2-5-22(20)26-23/h1-2,4-5,7-10,19,26H,3,6,11-16H2",YCNCIZWAGQTWBI-UHFFFAOYSA-N,3883,biriperone,42021-34-1
CC(CN1c2ccccc2Sc2ccc(S(=O)(=O)N(C)C)cc21)N(C)C,"InChI=1S/C19H25N3O2S2/c1-14(20(2)3)13-22-16-8-6-7-9-18(16)25-19-11-10-15(12-17(19)22)26(23,24)21(4)5/h6-12,14H,13H2,1-5H3",VWNWVCJGUMZDIU-UHFFFAOYSA-N,1235,dimetotiazine,7456-24-8
CCN1C(=CC=CC=Cc2sc3ccccc3[n+]2CC)Sc2ccccc21,"InChI=1S/C23H23N2S2/c1-3-24-18-12-8-10-14-20(18)26-22(24)16-6-5-7-17-23-25(4-2)19-13-9-11-15-21(19)27-23/h5-17H,3-4H2,1-2H3/q+1",FYXWDSGGZAMYFZ-UHFFFAOYSA-N,930,dithiazanine,7187-55-5
CCOC(=O)CN1CCN(C(=O)C=Cc2cc(OC)c(OC)c(OC)c2)CC1,"InChI=1S/C20H28N2O6/c1-5-28-19(24)14-21-8-10-22(11-9-21)18(23)7-6-15-12-16(25-2)20(27-4)17(13-15)26-3/h6-7,12-13H,5,8-11,14H2,1-4H3/b7-6+",XDUOTWNXVDBCDY-VOTSOKGWSA-N,650,cinepazet,23887-41-4
CC(=O)OCC(=O)C1(O)C(C)CC2C3CC(F)C4=CC(=O)C=CC4(C)C3C(O)CC21C,"InChI=1S/C24H31FO6/c1-12-7-16-15-9-18(25)17-8-14(27)5-6-22(17,3)21(15)19(28)10-23(16,4)24(12,30)20(29)11-31-13(2)26/h5-6,8,12,15-16,18-19,21,28,30H,7,9-11H2,1-4H3/t12-,15+,16+,18+,19+,21-,22+,23+,24+/m1/s1",HYRKAAMZBDSJFJ-LFDBJOOHSA-N,2060,paramethasone acetate,1597-82-6
COc1ccccc1N1CCN(CC(O)COc2cccc3ccccc23)CC1,"InChI=1S/C24H28N2O3/c1-28-24-11-5-4-10-22(24)26-15-13-25(14-16-26)17-20(27)18-29-23-12-6-8-19-7-2-3-9-21(19)23/h2-12,20,27H,13-18H2,1H3",HRRBJVNMSRJFHQ-UHFFFAOYSA-N,1873,naftopidil,57149-07-2
O=C(OC1CC2CCC(C1)[N+]21CCCC1)C(O)(c1ccccc1)c1ccccc1,"InChI=1S/C25H30NO3/c27-24(25(28,19-9-3-1-4-10-19)20-11-5-2-6-12-20)29-23-17-21-13-14-22(18-23)26(21)15-7-8-16-26/h1-6,9-12,21-23,28H,7-8,13-18H2/q+1/t21-,22+,23+",OYYDSUSKLWTMMQ-JKHIJQBDSA-N,2776,trospium,10405-02-4
C[N+]1(C)C2CC(OC(=O)C(O)(c3cccs3)c3cccs3)CC1C1OC12,"InChI=1S/C19H22NO4S2/c1-20(2)12-9-11(10-13(20)17-16(12)24-17)23-18(21)19(22,14-5-3-7-25-14)15-6-4-8-26-15/h3-8,11-13,16-17,22H,9-10H2,1-2H3/q+1/t11-,12+,13-,16+,17-",LERNTVKEWCAPOY-VOGVJGKGSA-N,2677,tiotropium bromide,186691-13-4
CC(CN1CCOCC1)C(C(=O)N1CCCC1)(c1ccccc1)c1ccccc1,"InChI=1S/C25H32N2O2/c1-21(20-26-16-18-29-19-17-26)25(22-10-4-2-5-11-22,23-12-6-3-7-13-23)24(28)27-14-8-9-15-27/h2-7,10-13,21H,8-9,14-20H2,1H3/t21-/m1/s1",INUNXTSAACVKJS-OAQYLSRUSA-N,843,dextromoramide,357-56-2
CC12C=CC(=O)C=C1C(Cl)CC1C2C(=O)CC2(C)C1CCC2(O)C(=O)CO,"InChI=1S/C21H25ClO5/c1-19-5-3-11(24)7-14(19)15(22)8-12-13-4-6-21(27,17(26)10-23)20(13,2)9-16(25)18(12)19/h3,5,7,12-13,15,18,23,27H,4,6,8-10H2,1-2H3/t12-,13-,15-,18+,19-,20-,21-/m0/s1",NPSLCOWKFFNQKK-ZPSUVKRCSA-N,3093,chloroprednisone,52080-57-6
CC12C=CC(=O)C=C1C(Cl)=CC1C2C(O)CC2(C)C1CCC2(O)C(=O)CO,"InChI=1S/C21H25ClO5/c1-19-5-3-11(24)7-14(19)15(22)8-12-13-4-6-21(27,17(26)10-23)20(13,2)9-16(25)18(12)19/h3,5,7-8,12-13,16,18,23,25,27H,4,6,9-10H2,1-2H3/t12-,13-,16-,18+,19-,20-,21-/m0/s1",YTJIBEDMAQUYSZ-FDNPDPBUSA-N,709,cloprednol,5251-34-3
CCC1(O)C(=O)OCc2c1cc1n(c2=O)Cc2cc3c([N+](=O)[O-])cccc3nc2-1,"InChI=1S/C20H15N3O6/c1-2-20(26)13-7-16-17-10(8-22(16)18(24)12(13)9-29-19(20)25)6-11-14(21-17)4-3-5-15(11)23(27)28/h3-7,26H,2,8-9H2,1H3/t20-/m0/s1",VHXNKPBCCMUMSW-FQEVSTJZSA-N,2411,rubitecan,91421-42-0
O=C(NCO)NS(=O)(=O)c1ccc(NC(=O)c2ccccc2C(=O)O)cc1,"InChI=1S/C16H15N3O7S/c20-9-17-16(24)19-27(25,26)11-7-5-10(6-8-11)18-14(21)12-3-1-2-4-13(12)15(22)23/h1-8,20H,9H2,(H,18,21)(H,22,23)(H2,17,19,24)",UPCBSVILVWKHIG-UHFFFAOYSA-N,2508,sulfaloxic acid,14376-16-0
Cc1nnc2n1-c1sc(Br)cc1C(c1ccccc1Cl)=NC2,"InChI=1S/C15H10BrClN4S/c1-8-19-20-13-7-18-14(9-4-2-3-5-11(9)17)10-6-12(16)22-15(10)21(8)13/h2-6H,7H2,1H3",UMSGKTJDUHERQW-UHFFFAOYSA-N,409,brotizolam,57801-81-7
COCC1CN=C(c2ccccc2Cl)c2cc(Br)ccc2N1C,"InChI=1S/C18H18BrClN2O/c1-22-13(11-23-2)10-21-18(14-5-3-4-6-16(14)20)15-9-12(19)7-8-17(15)22/h3-9,13H,10-11H2,1-2H3",WABYCCJHARSRBH-UHFFFAOYSA-N,1716,metaclazepam,84031-17-4
NC1CCCCN(c2c(F)cc3c(=O)c(C(=O)O)cn(C4CC4)c3c2Cl)C1,"InChI=1S/C19H21ClFN3O3/c20-15-16-12(18(25)13(19(26)27)9-24(16)11-4-5-11)7-14(21)17(15)23-6-2-1-3-10(22)8-23/h7,9-11H,1-6,8,22H2,(H,26,27)/t10-/m1/s1",QFFGVLORLPOAEC-SNVBAGLBSA-N,4111,besifloxacin,141388-76-3
C=CCNS(=O)(=O)c1cc(S(N)(=O)=O)c(Cl)cc1N=CCC(C)=O,"InChI=1S/C13H16ClN3O5S2/c1-3-5-17-24(21,22)13-8-12(23(15,19)20)10(14)7-11(13)16-6-4-9(2)18/h3-4,6-8,17-18H,1,5H2,2H3,(H2,15,19,20)",SGYBHNVEILSSGC-UHFFFAOYSA-N,3668,ambuside,3754-19-6
CC1CC2C3CC(F)C4=CC(=O)C=CC4(C)C3(F)C(O)CC2(C)C1C(=O)CO,"InChI=1S/C22H28F2O4/c1-11-6-13-14-8-16(23)15-7-12(26)4-5-21(15,3)22(14,24)18(28)9-20(13,2)19(11)17(27)10-25/h4-5,7,11,13-14,16,18-19,25,28H,6,8-10H2,1-3H3/t11-,13+,14+,16+,18+,19-,20+,21+,22+/m1/s1",OGPWIDANBSLJPC-RFPWEZLHSA-N,3141,diflucortolone,2607-06-9
CCN(CC)CCC(=O)N1c2ccccc2Sc2ccc(C(F)(F)F)cc21,"InChI=1S/C20H21F3N2OS/c1-3-24(4-2)12-11-19(26)25-15-7-5-6-8-17(15)27-18-10-9-14(13-16(18)25)20(21,22)23/h5-10,13H,3-4,11-12H2,1-2H3",VHEOUJNDDFHPGJ-UHFFFAOYSA-N,3230,fluacizine,30223-48-4
O=C(c1ccc(F)cc1)C1CCN(CCn2c(=O)[nH]c3ccccc3c2=O)CC1,"InChI=1S/C22H22FN3O3/c23-17-7-5-15(6-8-17)20(27)16-9-11-25(12-10-16)13-14-26-21(28)18-3-1-2-4-19(18)24-22(26)29/h1-8,16H,9-14H2,(H,24,29)",FPCCSQOGAWCVBH-UHFFFAOYSA-N,1524,ketanserin,74050-98-9
COc1ccc(C(=O)N2CCN(c3ccc4c(c3)CCC(=O)N4)CC2)cc1OC,"InChI=1S/C22H25N3O4/c1-28-19-7-3-16(14-20(19)29-2)22(27)25-11-9-24(10-12-25)17-5-6-18-15(13-17)4-8-21(26)23-18/h3,5-7,13-14H,4,8-12H2,1-2H3,(H,23,26)",ZVNYJIZDIRKMBF-UHFFFAOYSA-N,2817,vesnarinone,81840-15-5
O=C(CCCN1CCC2(CC1)C(=O)NCN2c1ccccc1)c1ccc(F)cc1,"InChI=1S/C23H26FN3O2/c24-19-10-8-18(9-11-19)21(28)7-4-14-26-15-12-23(13-16-26)22(29)25-17-27(23)20-5-2-1-3-6-20/h1-3,5-6,8-11H,4,7,12-17H2,(H,25,29)",DKGZKTPJOSAWFA-UHFFFAOYSA-N,2470,spiperone,749-02-0
CCOc1ccc(Cc2nccc3cc(OCC)c(OCC)cc23)cc1OCC,"InChI=1S/C24H29NO4/c1-5-26-21-10-9-17(14-22(21)27-6-2)13-20-19-16-24(29-8-4)23(28-7-3)15-18(19)11-12-25-20/h9-12,14-16H,5-8,13H2,1-4H3",ZOWYFYXTIWQBEP-UHFFFAOYSA-N,1077,ethaverine,486-47-5
CCCN1CC(NS(=O)(=O)N(CC)CC)CC2Cc3c(O)cccc3CC21,"InChI=1S/C20H33N3O3S/c1-4-10-22-14-17(21-27(25,26)23(5-2)6-3)11-16-12-18-15(13-19(16)22)8-7-9-20(18)24/h7-9,16-17,19,21,24H,4-6,10-14H2,1-3H3/t16-,17+,19-/m1/s1",GDFGTRDCCWFXTG-ZIFCJYIRSA-N,2339,quinagolide,87056-78-8
CCOC(=O)COc1ccc2c(C)c(CCN(CC)CC)c(=O)oc2c1Cl,"InChI=1S/C20H26ClNO5/c1-5-22(6-2)11-10-15-13(4)14-8-9-16(26-12-17(23)25-7-3)18(21)19(14)27-20(15)24/h8-9H,5-7,10-12H2,1-4H3",GYNNRVJJLAVVTQ-UHFFFAOYSA-N,713,cloricromen,68206-94-0
CC(=O)OCC1=C(C(=O)O)N2C(=O)C(NC(=O)Cc3cccs3)C2SC1,"InChI=1S/C16H16N2O6S2/c1-8(19)24-6-9-7-26-15-12(14(21)18(15)13(9)16(22)23)17-11(20)5-10-3-2-4-25-10/h2-4,12,15H,5-7H2,1H3,(H,17,20)(H,22,23)/t12-,15-/m1/s1",XIURVHNZVLADCM-IUODEOHRSA-N,574,cefalotin,153-61-7
Oc1c(I)cc(I)c2cccnc12,"InChI=1S/C9H5I2NO/c10-6-4-7(11)9(13)8-5(6)2-1-3-12-8/h1-4,13H",UXZFQZANDVDGMM-UHFFFAOYSA-N,1457,diiodohydroxyquinoline,83-73-8
CON=C(C(=O)NC1C(=O)N2C(C(=O)O)=C(C)CSC12)c1csc(N)n1,"InChI=1S/C14H15N5O5S2/c1-5-3-25-12-8(11(21)19(12)9(5)13(22)23)17-10(20)7(18-24-2)6-4-26-14(15)16-6/h4,8,12H,3H2,1-2H3,(H2,15,16)(H,17,20)(H,22,23)/b18-7-/t8-,12-/m1/s1",MQLRYUCJDNBWMV-GHXIOONMSA-N,3074,cefetamet,65052-63-3
O=C(Nc1ccccc1)OCC(CN1CCCCC1)OC(=O)Nc1ccccc1,"InChI=1S/C22H27N3O4/c26-21(23-18-10-4-1-5-11-18)28-17-20(16-25-14-8-3-9-15-25)29-22(27)24-19-12-6-2-7-13-19/h1-2,4-7,10-13,20H,3,8-9,14-17H2,(H,23,26)(H,24,27)",YUGZHQHSNYIFLG-UHFFFAOYSA-N,3734,diperodon,537-12-2
CCOc1ccc(CC2=NCCc3cc(OCC)c(OCC)cc32)cc1OCC,"InChI=1S/C24H31NO4/c1-5-26-21-10-9-17(14-22(21)27-6-2)13-20-19-16-24(29-8-4)23(28-7-3)15-18(19)11-12-25-20/h9-10,13-16,25H,5-8,11-12H2,1-4H3/b20-13-",OMFNSKIUKYOYRG-MOSHPQCFSA-N,969,drotaverine,14009-24-6
O=C(CCCN1CCC(n2c(=S)[nH]c3ccccc32)CC1)c1ccc(F)cc1,"InChI=1S/C22H24FN3OS/c23-17-9-7-16(8-10-17)21(27)6-3-13-25-14-11-18(12-15-25)26-20-5-2-1-4-19(20)24-22(26)28/h1-2,4-5,7-10,18H,3,6,11-15H2,(H,24,28)",YDLQKLWVKKFPII-UHFFFAOYSA-N,2668,timiperone,57648-21-2
Clc1ccc(CSC(Cn2ccnc2)c2ccc(Cl)cc2Cl)cc1,"InChI=1S/C18H15Cl3N2S/c19-14-3-1-13(2-4-14)11-24-18(10-23-8-7-22-12-23)16-6-5-15(20)9-17(16)21/h1-9,12,18H,10-11H2/t18-/m0/s1",AFNXATANNDIXLG-SFHVURJKSA-N,2495,sulconazole,61318-90-9
Nc1nc(N)nc(Nc2ccc([As]3SCC(CO)S3)cc2)n1,"InChI=1S/C12H15AsN6OS2/c14-10-17-11(15)19-12(18-10)16-8-3-1-7(2-4-8)13-21-6-9(5-20)22-13/h1-4,9,20H,5-6H2,(H5,14,15,16,17,18,19)",JCYZMTMYPZHVBF-UHFFFAOYSA-N,3336,melarsoprol,494-79-1
CN(C)C(=O)COC(=O)Cc1ccc(OC(=O)c2ccc(N=C(N)N)cc2)cc1,"InChI=1S/C20H22N4O5/c1-24(2)17(25)12-28-18(26)11-13-3-9-16(10-4-13)29-19(27)14-5-7-15(8-6-14)23-20(21)22/h3-10H,11-12H2,1-2H3,(H4,21,22,23)",XASIMHXSUQUHLV-UHFFFAOYSA-N,471,camostat,59721-28-7
C(=NNC1=NCCN1)c1c2ccccc2c(C=NNC2=NCCN2)c2ccccc12,"InChI=1S/C22H22N8/c1-2-6-16-15(5-1)19(13-27-29-21-23-9-10-24-21)17-7-3-4-8-18(17)20(16)14-28-30-22-25-11-12-26-22/h1-8,13-14H,9-12H2,(H2,23,24,29)(H2,25,26,30)/b27-13+,28-14+",NJSMWLQOCQIOPE-OCHFTUDZSA-N,376,bisantrene,78186-34-2
C[N+]1(CCF)C2CCC1CC(OC(=O)C(O)(c1ccccc1)c1ccccc1)C2,"InChI=1S/C24H29FNO3/c1-26(15-14-25)20-12-13-21(26)17-22(16-20)29-23(27)24(28,18-8-4-2-5-9-18)19-10-6-3-7-11-19/h2-11,20-22,28H,12-17H2,1H3/q+1/t20-,21+,22+,26+",OATDVDIMNNZTEY-DAXLTYESSA-N,1228,flutropium,63516-07-4
CC#CCC(C)C(O)C=CC1C(O)CC2Oc3c(CCCC(=O)O)cccc3C21,"InChI=1S/C24H30O5/c1-3-4-7-15(2)19(25)13-12-17-20(26)14-21-23(17)18-10-5-8-16(24(18)29-21)9-6-11-22(27)28/h5,8,10,12-13,15,17,19-21,23,25-26H,6-7,9,11,14H2,1-2H3,(H,27,28)/b13-12+/t15?,17-,19+,20+,21-,23-/m0/s1",CTPOHARTNNSRSR-APJZLKAGSA-N,343,beraprost,88430-50-6
CCCCN(CCN(CCCC)C(=O)N1CCOCC1)C(=O)N1CCOCC1,"InChI=1S/C20H38N4O4/c1-3-5-7-21(19(25)23-11-15-27-16-12-23)9-10-22(8-6-4-2)20(26)24-13-17-28-18-14-24/h3-18H2,1-2H3",HZTMGWSBSDLALI-UHFFFAOYSA-N,3732,dimorpholamine,119-48-2
CC(=O)C1(O)CCC2C3CC=C4C=C(OC5CCCC5)CCC4(C)C3CCC21C,"InChI=1S/C26H38O3/c1-17(27)26(28)15-12-23-21-9-8-18-16-20(29-19-6-4-5-7-19)10-13-24(18,2)22(21)11-14-25(23,26)3/h8,16,19,21-23,28H,4-7,9-15H2,1-3H3/t21-,22+,23+,24+,25+,26+/m1/s1",RBFQPFFCDLXWQK-UXUCURBISA-N,3423,pentagestrone,7001-56-1
CC1CCC(O)CC1=CC=C1CCCC2(C)C1CCC2C(C)C=CC(C)C(C)C,"InChI=1S/C28H46O/c1-19(2)20(3)9-10-22(5)26-15-16-27-23(8-7-17-28(26,27)6)12-13-24-18-25(29)14-11-21(24)4/h9-10,12-13,19-22,25-27,29H,7-8,11,14-18H2,1-6H3/b10-9+,23-12+,24-13+/t20-,21-,22+,25-,26+,27-,28+/m0/s1",ILYCWAKSDCYMBB-OPCMSESCSA-N,2841,dihydrotachysterol,67-96-9
C[S+](CCC(N)C(=O)[O-])CC1OC(n2cnc3c(N)ncnc32)C(O)C1O,"InChI=1S/C15H22N6O5S/c1-27(3-2-7(16)15(24)25)4-8-10(22)11(23)14(26-8)21-6-20-9-12(17)18-5-19-13(9)21/h5-8,10-11,14,22-23H,2-4,16H2,1H3,(H2-,17,18,19,24,25)/t7-,8+,10+,11+,14+,27?/m0/s1",MEFKEPWMEQBLKI-AIRLBKTGSA-N,2414,ademetionine,29908-03-0
O=C(OCCOCCN1CCCCC1)N1c2ccccc2Sc2cccnc21,"InChI=1S/C21H25N3O3S/c25-21(27-16-15-26-14-13-23-11-4-1-5-12-23)24-17-7-2-3-8-18(17)28-19-9-6-10-22-20(19)24/h2-3,6-10H,1,4-5,11-16H2",DTVJXCOMJLLMAK-UHFFFAOYSA-N,2182,pipazetate,2167-85-3
CCSc1ccc2c(c1)N(CCCN1CCN(C)CC1)c1ccccc1S2,"InChI=1S/C22H29N3S2/c1-3-26-18-9-10-22-20(17-18)25(19-7-4-5-8-21(19)27-22)12-6-11-24-15-13-23(2)14-16-24/h4-5,7-10,17H,3,6,11-16H2,1-2H3",XCTYLCDETUVOIP-UHFFFAOYSA-N,2630,thiethylperazine,1420-55-9
CCN(CC)CCCC(C)Nc1c2ccc(Cl)cc2nc2ccc(OC)cc12,"InChI=1S/C23H30ClN3O/c1-5-27(6-2)13-7-8-16(3)25-23-19-11-9-17(24)14-22(19)26-21-12-10-18(28-4)15-20(21)23/h9-12,14-16H,5-8,13H2,1-4H3,(H,25,26)",GPKJTRJOBQGKQK-UHFFFAOYSA-N,2338,mepacrine,83-89-6
COC(=O)CCC=C=CCC1C(=O)CC(O)C1C=CC(O)COc1ccccc1,"InChI=1S/C23H28O6/c1-28-23(27)12-8-3-2-7-11-19-20(22(26)15-21(19)25)14-13-17(24)16-29-18-9-5-4-6-10-18/h3-7,9-10,13-14,17,19-20,22,24,26H,8,11-12,15-16H2,1H3/b14-13+/t2?,17-,19-,20-,22-/m0/s1",PTOJVMZPWPAXER-FPXSIRDUSA-N,1016,enprostil,73121-56-9
CC(=C(CCO)SSCC1CCCO1)N(C=O)Cc1cnc(C)nc1N,"InChI=1S/C17H26N4O3S2/c1-12(16(5-6-22)26-25-10-15-4-3-7-24-15)21(11-23)9-14-8-19-13(2)20-17(14)18/h8,11,15,22H,3-7,9-10H2,1-2H3,(H2,18,19,20)/b16-12+",JTLXCMOFVBXEKD-FOWTUZBSSA-N,1259,fursultiamine,804-30-8
CC(C)CCOc1ccc(NC(=S)Nc2ccc(OCCC(C)C)cc2)cc1,"InChI=1S/C23H32N2O2S/c1-17(2)13-15-26-21-9-5-19(6-10-21)24-23(28)25-20-7-11-22(12-8-20)27-16-14-18(3)4/h5-12,17-18H,13-16H2,1-4H3,(H2,24,25,28)",BWBONKHPVHMQHE-UHFFFAOYSA-N,2673,tiocarlide,910-86-1
CC(C)=CCCC(C)=CCCC(C)=CCCC(=O)OCC=C(C)CCC=C(C)C,"InChI=1S/C27H44O2/c1-22(2)12-8-14-24(5)16-10-17-25(6)18-11-19-27(28)29-21-20-26(7)15-9-13-23(3)4/h12-13,16,18,20H,8-11,14-15,17,19,21H2,1-7H3/b24-16+,25-18+,26-20+",ZPACYDRSPFRDHO-ROBAGEODSA-N,1281,gefarnate,51-77-4
CC(=O)Oc1ccc(C2(c3ccc(OC(C)=O)cc3)C(=O)Nc3ccccc32)cc1,"InChI=1S/C24H19NO5/c1-15(26)29-19-11-7-17(8-12-19)24(18-9-13-20(14-10-18)30-16(2)27)21-5-3-4-6-22(21)25-23(24)28/h3-14H,1-2H3,(H,25,28)",PHPUXYRXPHEJDF-UHFFFAOYSA-N,2037,oxyphenisatine acetate,115-33-3
CCNC(=O)N1CCN(CCCC(c2ccc(F)cc2)c2ccc(F)cc2)CC1,"InChI=1S/C23H29F2N3O/c1-2-26-23(29)28-16-14-27(15-17-28)13-3-4-22(18-5-9-20(24)10-6-18)19-7-11-21(25)12-8-19/h5-12,22H,2-4,13-17H2,1H3,(H,26,29)",NNAIYOXJNVGUOM-UHFFFAOYSA-N,193,amperozide,75558-90-6
CN(CC(=O)N1CCOCC1)Cc1c(Cl)cccc1NC(=O)c1ccccc1,"InChI=1S/C21H24ClN3O3/c1-24(15-20(26)25-10-12-28-13-11-25)14-17-18(22)8-5-9-19(17)23-21(27)16-6-3-2-4-7-16/h2-9H,10-15H2,1H3,(H,23,27)",KSNNEUZOAFRTDS-UHFFFAOYSA-N,1234,fominoben,18053-31-1
CC(c1ccccc1)C1Nc2cc(Cl)c(S(N)(=O)=O)cc2S(=O)(=O)N1,"InChI=1S/C15H16ClN3O4S2/c1-9(10-5-3-2-4-6-10)15-18-12-7-11(16)13(24(17,20)21)8-14(12)25(22,23)19-15/h2-9,15,18-19H,1H3,(H2,17,20,21)",PYVUMAGVCSQCBD-UHFFFAOYSA-N,297,bemetizide,1824-52-8
NC(=O)C1CCN(CCCN2c3ccccc3Sc3ccc(Cl)cc32)CC1,"InChI=1S/C21H24ClN3OS/c22-16-6-7-20-18(14-16)25(17-4-1-2-5-19(17)27-20)11-3-10-24-12-8-15(9-13-24)21(23)26/h1-2,4-7,14-15H,3,8-13H2,(H2,23,26)",OSJJYEUEJRVVOD-UHFFFAOYSA-N,2180,pipamazine,84-04-8
CC(=O)OCC(=O)C1(O)CCC2C3CC=C4CC(=O)C=CC4(C)C3C(O)CC21C,"InChI=1S/C23H30O6/c1-13(24)29-12-19(27)23(28)9-7-17-16-5-4-14-10-15(25)6-8-21(14,2)20(16)18(26)11-22(17,23)3/h6,8,10,16-18,20,26,28H,4-5,7,9,11-12H2,1-3H3/t16-,17-,18-,20+,21-,22-,23-/m0/s1",LRJOMUJRLNCICJ-JZYPGELDSA-N,2247,prednisolone acetate,52-21-1
CCOc1cc(N)c([N+](=O)[O-])cc1C(=O)NC1CCN(CC2CC=CCC2)CC1,"InChI=1S/C21H30N4O4/c1-2-29-20-13-18(22)19(25(27)28)12-17(20)21(26)23-16-8-10-24(11-9-16)14-15-6-4-3-5-7-15/h3-4,12-13,15-16H,2,5-11,14,22H2,1H3,(H,23,26)",ZDLBNXXKDMLZMF-UHFFFAOYSA-N,652,cinitapride,66564-14-5
CC(CCC(=O)O)C1CCC2C3C(=O)CC4CC(=O)CCC4(C)C3CC(=O)C12C,"InChI=1S/C24H34O5/c1-13(4-7-21(28)29)16-5-6-17-22-18(12-20(27)24(16,17)3)23(2)9-8-15(25)10-14(23)11-19(22)26/h13-14,16-18,22H,4-12H2,1-3H3,(H,28,29)/t13-,14+,16-,17+,18+,22+,23+,24-/m1/s1",OHXPGWPVLFPUSM-KLRNGDHRSA-N,794,dehydrocholic acid,81-23-2
C#CC1(O)CCC2C3CCc4cc(OS(=O)(=O)C(C)C)ccc4C3CCC21C,"InChI=1S/C23H30O4S/c1-5-23(24)13-11-21-20-8-6-16-14-17(27-28(25,26)15(2)3)7-9-18(16)19(20)10-12-22(21,23)4/h1,7,9,14-15,19-21,24H,6,8,10-13H2,2-4H3/t19-,20-,21+,22+,23+/m1/s1",KPEUDULLQDHKAZ-VROINQGHSA-N,3943,ethinylestradiol sulfonate,28913-23-7
CN1CCCCC1CCN1c2ccccc2Sc2ccc(S(C)(=O)=O)cc21,"InChI=1S/C21H26N2O2S2/c1-22-13-6-5-7-16(22)12-14-23-18-8-3-4-9-20(18)26-21-11-10-17(15-19(21)23)27(2,24)25/h3-4,8-11,15-16H,5-7,12-14H2,1-2H3",FLGCRGJDQJIJAW-UHFFFAOYSA-N,2532,sulforidazine,14759-06-9
CC(=O)OC1(C(C)=O)CCC2C3=CC(Cl)=C4CC(=O)C=CC4(C)C3CCC21C,"InChI=1S/C23H27ClO4/c1-13(25)23(28-14(2)26)10-7-18-16-12-20(24)19-11-15(27)5-8-21(19,3)17(16)6-9-22(18,23)4/h5,8,11-12,16-18H,6-7,9-10H2,1-4H3/t16-,17+,18+,21-,22+,23+/m1/s1",CGBCCZZJVKUAMX-DFXBJWIESA-N,3130,delmadinone acetate,13698-49-2
CCC1C2CC3C4N(C)c5ccccc5C45CC(C2C5OC(=O)CCl)N3C1O,"InChI=1S/C22H27ClN2O3/c1-3-11-12-8-15-19-22(13-6-4-5-7-14(13)24(19)2)9-16(25(15)21(11)27)18(12)20(22)28-17(26)10-23/h4-7,11-12,15-16,18-21,27H,3,8-10H2,1-2H3/t11-,12-,15-,16-,18-,19-,20+,21+,22+/m0/s1",LAHDERDHXJFFJU-ZWNKPRIXSA-N,1604,lorajmine,47562-08-3
Clc1ccc(C(c2ccccc2)N2CCN(CC=Cc3ccccc3)CC2)cc1,"InChI=1S/C26H27ClN2/c27-25-15-13-24(14-16-25)26(23-11-5-2-6-12-23)29-20-18-28(19-21-29)17-7-10-22-8-3-1-4-9-22/h1-16,26H,17-21H2/b10-7+",ZSQANMZWGKYDER-JXMROGBWSA-N,688,clocinizine,298-55-5
O=C(O)c1ccccc1C(=O)Nc1ccc(S(=O)(=O)Nc2nccs2)cc1,"InChI=1S/C17H13N3O5S2/c21-15(13-3-1-2-4-14(13)16(22)23)19-11-5-7-12(8-6-11)27(24,25)20-17-18-9-10-26-17/h1-10H,(H,18,20)(H,19,21)(H,22,23)",PBMSWVPMRUJMPE-UHFFFAOYSA-N,2158,phthalylsulfathiazole,85-73-4
COc1ccc(C(CN(C)C)=C(c2ccc(OC)cc2)c2ccc(OC)cc2)cc1,"InChI=1S/C26H29NO3/c1-27(2)18-25(19-6-12-22(28-3)13-7-19)26(20-8-14-23(29-4)15-9-20)21-10-16-24(30-5)17-11-21/h6-17H,18H2,1-5H3",FRQGJOFRWIILCX-UHFFFAOYSA-N,3673,aminoxytriphene,5585-64-8
CN1CC(CNC(=O)OCc2ccccc2)CC2c3cccc4c3c(cn4C)CC21,"InChI=1S/C25H29N3O2/c1-27-14-18(13-26-25(29)30-16-17-7-4-3-5-8-17)11-21-20-9-6-10-22-24(20)19(12-23(21)27)15-28(22)2/h3-10,15,18,21,23H,11-14,16H2,1-2H3,(H,26,29)/t18-,21+,23+/m0/s1",WZHJKEUHNJHDLS-QTGUNEKASA-N,1723,metergoline,17692-51-2
CCCN(CCC)C(=O)Cc1c(-c2ccc(Cl)cc2)nc2ccc(Cl)cn12,"InChI=1S/C21H23Cl2N3O/c1-3-11-25(12-4-2)20(27)13-18-21(15-5-7-16(22)8-6-15)24-19-10-9-17(23)14-26(18)19/h5-10,14H,3-4,11-13H2,1-2H3",JRTIDHTUMYMPRU-UHFFFAOYSA-N,134,alpidem,82626-01-5
O=C(O)c1ccc(NC(=O)C(Cc2ccc(O)cc2)NC(=O)c2ccccc2)cc1,"InChI=1S/C23H20N2O5/c26-19-12-6-15(7-13-19)14-20(25-21(27)16-4-2-1-3-5-16)22(28)24-18-10-8-17(9-11-18)23(29)30/h1-13,20,26H,14H2,(H,24,28)(H,25,27)(H,29,30)/t20-/m0/s1",SPPTWHFVYKCNNK-FQEVSTJZSA-N,316,bentiromide,37106-97-1
COc1ccc2c3c1OC1C(OC(=O)c4cccnc4)C=CC4C(C2)N(C)CCC341,"InChI=1S/C24H24N2O4/c1-26-11-9-24-16-6-8-19(29-23(27)15-4-3-10-25-13-15)22(24)30-21-18(28-2)7-5-14(20(21)24)12-17(16)26/h3-8,10,13,16-17,19,22H,9,11-12H2,1-2H3/t16-,17+,19-,22-,24-/m0/s1",RYBGRHAWFUVMST-MJFIPZRTSA-N,1914,nicocodine,3688-66-2
O=S(O)CNc1ccc(S(=O)(=O)c2ccc(NCS(=O)O)cc2)cc1,"InChI=1S/C14H16N2O6S3/c17-23(18)9-15-11-1-5-13(6-2-11)25(21,22)14-7-3-12(4-8-14)16-10-24(19)20/h1-8,15-16H,9-10H2,(H,17,18)(H,19,20)",NEDPPCHNEOMTJV-UHFFFAOYSA-N,2533,aldesulfone,144-75-2
O=c1c(CC[S+]([O-])c2ccccc2)c(O)n(-c2ccccc2)n1-c1ccccc1,"InChI=1S/C23H20N2O3S/c26-22-21(16-17-29(28)20-14-8-3-9-15-20)23(27)25(19-12-6-2-7-13-19)24(22)18-10-4-1-5-11-18/h1-15,21H,16-17H2",MBGGBVCUIVRRBF-UHFFFAOYSA-N,2528,sulfinpyrazone,57-96-5
Fc1ccc(C(c2ccc(F)cc2)N2CCN(CC=Cc3ccccc3)CC2)cc1,"InChI=1S/C26H26F2N2/c27-24-12-8-22(9-13-24)26(23-10-14-25(28)15-11-23)30-19-17-29(18-20-30)16-4-7-21-5-2-1-3-6-21/h1-15,26H,16-20H2/b7-4+",SMANXXCATUTDDT-QPJJXVBHSA-N,1200,flunarizine,52468-60-7
CCN(CC)C(=O)C1CN2CCc3cc(OC)c(OC)cc3C2CC1OC(C)=O,"InChI=1S/C22H32N2O5/c1-6-23(7-2)22(26)17-13-24-9-8-15-10-20(27-4)21(28-5)11-16(15)18(24)12-19(17)29-14(3)25/h10-11,17-19H,6-9,12-13H2,1-5H3",JSZILQVIPPROJI-UHFFFAOYSA-N,331,benzquinamide,63-12-7
COC1(OC2CCC3C4CCC5CC6SC6CC5(C)C4CCC23C)CCCC1,"InChI=1S/C25H40O2S/c1-23-13-10-19-17(7-6-16-14-20-21(28-20)15-24(16,19)2)18(23)8-9-22(23)27-25(26-3)11-4-5-12-25/h16-22H,4-15H2,1-3H3/t16-,17-,18-,19-,20-,21+,22-,23-,24-/m0/s1",IVDYZAAPOLNZKG-KWHRADDSSA-N,1699,mepitiostane,21362-69-6
CC(=O)OC1(C(C)=O)CCC2C3=CC(Cl)=C4CC(=O)CCC4(C)C3CCC21C,"InChI=1S/C23H29ClO4/c1-13(25)23(28-14(2)26)10-7-18-16-12-20(24)19-11-15(27)5-8-21(19,3)17(16)6-9-22(18,23)4/h11-12,16-18H,5-10H2,1-4H3/t16-,17+,18+,21-,22+,23+/m1/s1",QMBJSIBWORFWQT-DFXBJWIESA-N,600,chlormadinone,302-22-7
CN1C(=O)CC(C(=O)NC(Cc2c[nH]cn2)C(=O)N2CCCC2C(N)=O)NC1=O,"InChI=1S/C17H23N7O5/c1-23-13(25)6-10(22-17(23)29)15(27)21-11(5-9-7-19-8-20-9)16(28)24-4-2-3-12(24)14(18)26/h7-8,10-12H,2-6H2,1H3,(H2,18,26)(H,19,20)(H,21,27)(H,22,29)/t10-,11-,12?/m0/s1",LQZAIAZUDWIVPM-NDQFZYFBSA-N,2560,taltirelin,103300-74-9
CC(=O)OCC1=C(C(=O)O)N2C(=O)C(NC(=O)C(N)c3ccccc3)C2SC1,"InChI=1S/C18H19N3O6S/c1-9(22)27-7-11-8-28-17-13(16(24)21(17)14(11)18(25)26)20-15(23)12(19)10-5-3-2-4-6-10/h2-6,12-13,17H,7-8,19H2,1H3,(H,20,23)(H,25,26)/t12-,13-,17-/m1/s1",FUBBGQLTSCSAON-PBFPGSCMSA-N,572,cefaloglycin,3577-01-3
Cn1c(NCCN(CCO)CCCc2ccc([N+](=O)[O-])cc2)cc(=O)n(C)c1=O,"InChI=1S/C19H27N5O5/c1-21-17(14-18(26)22(2)19(21)27)20-9-11-23(12-13-25)10-3-4-15-5-7-16(8-6-15)24(28)29/h5-8,14,20,25H,3-4,9-13H2,1-2H3",OEBPANQZQGQPHF-UHFFFAOYSA-N,1923,nifekalant,130636-43-0
COC1C(O)C(N)C(OC2OC(C(C)N)CCC2N)C(O)C1N(C)C(=O)CN,"InChI=1S/C17H35N5O6/c1-7(19)9-5-4-8(20)17(27-9)28-15-11(21)13(24)16(26-3)12(14(15)25)22(2)10(23)6-18/h7-9,11-17,24-25H,4-6,18-21H2,1-3H3/t7-,8+,9-,11-,12-,13-,14+,15+,16+,17+/m0/s1",BIDUPMYXGFNAEJ-APGVDKLISA-N,250,astromicin,55779-06-1
CN1C2CCC(C)(C)C1CC(OC(=O)C(O)(c1cccs1)c1cccs1)C2,"InChI=1S/C21H27NO3S2/c1-20(2)9-8-14-12-15(13-16(20)22(14)3)25-19(23)21(24,17-6-4-10-26-17)18-7-5-11-27-18/h4-7,10-11,14-16,24H,8-9,12-13H2,1-3H3",AMHPTVWBZSYFSS-UHFFFAOYSA-N,1639,mazaticol,42024-98-6
COc1cc(C(=O)c2ccc(Cl)cc2)cc(OC)c1OCCN1CCOCC1,"InChI=1S/C21H24ClNO5/c1-25-18-13-16(20(24)15-3-5-17(22)6-4-15)14-19(26-2)21(18)28-12-9-23-7-10-27-11-8-23/h3-6,13-14H,7-12H2,1-2H3",KVCJCEKJKGLBOK-UHFFFAOYSA-N,1841,morclofone,31848-01-8
CN(C)CCOc1ccc(C(=C(CCCl)c2ccccc2)c2ccccc2)cc1,"InChI=1S/C26H28ClNO/c1-28(2)19-20-29-24-15-13-23(14-16-24)26(22-11-7-4-8-12-22)25(17-18-27)21-9-5-3-6-10-21/h3-16H,17-20H2,1-2H3/b26-25-",XFCLJVABOIYOMF-QPLCGJKRSA-N,2709,toremifene,89778-26-7
CCN(CC)CCOc1ccc(C(=C(Cl)c2ccccc2)c2ccccc2)cc1,"InChI=1S/C26H28ClNO/c1-3-28(4-2)19-20-29-24-17-15-22(16-18-24)25(21-11-7-5-8-12-21)26(27)23-13-9-6-10-14-23/h5-18H,3-4,19-20H2,1-2H3",GKIRPKYJQBWNGO-UHFFFAOYSA-N,700,clomifene,911-45-5
O=C(OCC(O)CO)c1ccccc1Nc1ccnc2c(C(F)(F)F)cccc12,"InChI=1S/C20H17F3N2O4/c21-20(22,23)15-6-3-5-13-17(8-9-24-18(13)15)25-16-7-2-1-4-14(16)19(28)29-11-12(27)10-26/h1-9,12,26-27H,10-11H2,(H,24,25)",APQPGQGAWABJLN-UHFFFAOYSA-N,1178,floctafenine,23779-99-9
CC(=O)OCOC(=O)C1N2C(=O)C(NC(=O)Cc3ccccc3)C2SC1(C)C,"InChI=1S/C19H22N2O6S/c1-11(22)26-10-27-18(25)15-19(2,3)28-17-14(16(24)21(15)17)20-13(23)9-12-7-5-4-6-8-12/h4-8,14-15,17H,9-10H2,1-3H3,(H,20,23)/t14-,15+,17-/m1/s1",NLOOMWLTUVBWAW-HLLBOEOZSA-N,2077,penamecillin,983-85-7
CC(=O)SCC(C)C(=O)N1CCCC1C(=O)NC(Cc1ccccc1)C(=O)O,"InChI=1S/C20H26N2O5S/c1-13(12-28-14(2)23)19(25)22-10-6-9-17(22)18(24)21-16(20(26)27)11-15-7-4-3-5-8-15/h3-5,7-8,13,16-17H,6,9-12H2,1-2H3,(H,21,24)(H,26,27)/t13-,16+,17+/m1/s1",FHHHOYXPRDYHEZ-COXVUDFISA-N,101,alacepril,74258-86-9
CCCC1CC(C(=O)NC(C(C)O)C2OC(SC)C(O)C(O)C2O)N(C)C1,"InChI=1S/C18H34N2O6S/c1-5-6-10-7-11(20(3)8-10)17(25)19-12(9(2)21)16-14(23)13(22)15(24)18(26-16)27-4/h9-16,18,21-24H,5-8H2,1-4H3,(H,19,25)/t9-,10-,11+,12-,13+,14-,15-,16-,18-/m1/s1",OJMMVQQUTAEWLP-KIDUDLJLSA-N,1582,lincomycin,154-21-2
CC12CCC3C4=C(CCC3C1CCC2OC(=O)CCc1ccccc1)CC(=O)CC4,"InChI=1S/C27H34O3/c1-27-16-15-22-21-11-9-20(28)17-19(21)8-10-23(22)24(27)12-13-25(27)30-26(29)14-7-18-5-3-2-4-6-18/h2-6,17,21-25H,7-16H2,1H3/t21-,22+,23+,24-,25-,27-/m0/s1",UBWXUGDQUBIEIZ-QNTYDACNSA-N,1882,nandrolone phenpropionate,62-90-8
Oc1c(Cl)cc(Cl)c(Cl)c1Cc1c(O)c(Cl)cc(Cl)c1Cl,"InChI=1S/C13H6Cl6O2/c14-6-2-8(16)12(20)4(10(6)18)1-5-11(19)7(15)3-9(17)13(5)21/h2-3,20-21H,1H2",ACGUYXCXAPNIKK-UHFFFAOYSA-N,1364,hexachlorophene,70-30-4
CC(=O)N(CCC(CCN1CCCCC1)(C(N)=O)c1ccccc1Cl)C(C)C,"InChI=1S/C22H34ClN3O2/c1-17(2)26(18(3)27)16-12-22(21(24)28,19-9-5-6-10-20(19)23)11-15-25-13-7-4-8-14-25/h5-6,9-10,17H,4,7-8,11-16H2,1-3H3,(H2,24,28)",GTEPPJFJSNSNIH-UHFFFAOYSA-N,368,bidisomide,116078-65-0
CCOC(=O)C(c1c(O)c2ccccc2oc1=O)c1c(O)c2ccccc2oc1=O,"InChI=1S/C22H16O8/c1-2-28-20(25)15(16-18(23)11-7-3-5-9-13(11)29-21(16)26)17-19(24)12-8-4-6-10-14(12)30-22(17)27/h3-10,15,23-24H,2H2,1H3",JCLHQFUTFHUXNN-UHFFFAOYSA-N,1091,ethyl biscoumacetate,548-00-5
CC(CCC(=O)O)C1CCC2C3C(O)CC4CC(O)CCC4(C)C3CC(O)C12C,"InChI=1S/C24H40O5/c1-13(4-7-21(28)29)16-5-6-17-22-18(12-20(27)24(16,17)3)23(2)9-8-15(25)10-14(23)11-19(22)26/h13-20,22,25-27H,4-12H2,1-3H3,(H,28,29)/t13-,14+,15-,16-,17+,18+,19-,20+,22+,23+,24-/m1/s1",BHQCQFFYRZLCQQ-OELDTZBJSA-N,3096,cholic acid,81-25-4
C#CC1(OC(C)=O)CCC2C3CC=C4C=C(OC5CCCC5)CCC4C3CCC21C,"InChI=1S/C27H36O3/c1-4-27(30-18(2)28)16-14-25-24-11-9-19-17-21(29-20-7-5-6-8-20)10-12-22(19)23(24)13-15-26(25,27)3/h1,9,17,20,22-25H,5-8,10-16H2,2-3H3/t22-,23+,24+,25-,26-,27-/m0/s1",FLGJKPPXEKYCBY-AKCFYGDASA-N,2345,quingestanol acetate,3000-39-3
CCOC(=O)C1=C(COCCN)N=C(C)C(C(=O)OC)C1c1ccccc1Cl,"InChI=1S/C20H25ClN2O5/c1-4-28-20(25)18-15(11-27-10-9-22)23-12(2)16(19(24)26-3)17(18)13-7-5-6-8-14(13)21/h5-8,17,23H,4,9-11,22H2,1-3H3/t17-/m0/s1",HTIQEAQVCYTUBX-KRWDZBQOSA-N,4099,levamlodipine,103129-82-4
CCC(=O)OCC(=O)C1(OC(=O)CC)C(C)CC2C3CC=C4CC(=O)C=CC4(C)C3(Cl)C(O)CC21C,"InChI=1S/C28H37ClO7/c1-6-23(33)35-15-22(32)28(36-24(34)7-2)16(3)12-20-19-9-8-17-13-18(30)10-11-25(17,4)27(19,29)21(31)14-26(20,28)5/h10-11,13,16,19-21,31H,6-9,12,14-15H2,1-5H3/t16-,19-,20-,21-,25-,26-,27-,28-/m0/s1",KUVIULQEHSCUHY-XYWKZLDCSA-N,294,beclometasone dipropionate,5534-09-8
O=C(CCCN1CCC(O)(c2cccc(C(F)(F)F)c2)CC1)c1ccc(F)cc1,"InChI=1S/C22H23F4NO2/c23-19-8-6-16(7-9-19)20(28)5-2-12-27-13-10-21(29,11-14-27)17-3-1-4-18(15-17)22(24,25)26/h1,3-4,6-9,15,29H,2,5,10-14H2",GPMXUUPHFNMNDH-UHFFFAOYSA-N,2741,trifluperidol,749-13-3
N=C(N)NCC1CCC(C(=O)Oc2ccccc2C(=O)OCc2ccccc2)CC1,"InChI=1S/C23H27N3O4/c24-23(25)26-14-16-10-12-18(13-11-16)21(27)30-20-9-5-4-8-19(20)22(28)29-15-17-6-2-1-3-7-17/h1-9,16,18H,10-15H2,(H4,24,25,26)/t16-,18-",IAXUQWSLRKIRFR-SAABIXHNSA-N,3015,benexate,78718-25-9
CCCC(=O)c1ccc2c(c1)N(CCCN1CCN(C)CC1)c1ccccc1S2,"InChI=1S/C24H31N3OS/c1-3-7-22(28)19-10-11-24-21(18-19)27(20-8-4-5-9-23(20)29-24)13-6-12-26-16-14-25(2)15-17-26/h4-5,8-11,18H,3,6-7,12-17H2,1-2H3",DVLBYTMYSMAKHP-UHFFFAOYSA-N,443,butaperazine,653-03-2
NC1CN(c2c(F)cc3c(=O)c(C(=O)O)cn(C4CC4F)c3c2Cl)CC12CC2,"InChI=1S/C19H18ClF2N3O3/c20-14-15-8(17(26)9(18(27)28)5-25(15)12-4-10(12)21)3-11(22)16(14)24-6-13(23)19(7-24)1-2-19/h3,5,10,12-13H,1-2,4,6-7,23H2,(H,27,28)/t10-,12+,13+/m0/s1",PNUZDKCDAWUEGK-CYZMBNFOSA-N,2449,sitafloxacin,127254-12-0
Nc1nc(C(CCC(=O)O)C(=O)N=C2C(=O)N3C(C(=O)O)=CCSC23)cs1,"InChI=1S/C15H14N4O6S2/c16-15-17-7(5-27-15)6(1-2-9(20)21)11(22)18-10-12(23)19-8(14(24)25)3-4-26-13(10)19/h1,3,5,10,13H,2,4H2,(H2,16,17)(H,18,22)(H,20,21)(H,24,25)/b6-1-/t10-,13-/m1/s1",UNJFKXSSGBWRBZ-BJCIPQKHSA-N,562,ceftibuten,97519-39-6
CCCCC(C)CC(O)C=CC1C(O)CC(=O)C1CC(=O)CCCCC(=O)OC,"InChI=1S/C23H38O6/c1-4-5-8-16(2)13-18(25)11-12-19-20(22(27)15-21(19)26)14-17(24)9-6-7-10-23(28)29-3/h11-12,16,18-21,25-26H,4-10,13-15H2,1-3H3/b12-11+/t16-,18+,19+,20+,21+/m0/s1",BBRBUTFBTUFFBU-LHACABTQSA-N,1998,ornoprostil,70667-26-4
CCC(=O)Oc1ccc(C(CC)C(CC)c2ccc(OC(=O)CC)c(C)c2)cc1C,"InChI=1S/C26H34O4/c1-7-21(19-11-13-23(17(5)15-19)29-25(27)9-3)22(8-2)20-12-14-24(18(6)16-20)30-26(28)10-4/h11-16,21-22H,7-10H2,1-6H3",ORHVFDBDWJTZIN-UHFFFAOYSA-N,2287,methestrol dipropionate,84-13-9
CC(=O)c1ccc2c(c1)N(CCCN1CCC(CCO)CC1)c1ccccc1S2,"InChI=1S/C24H30N2O2S/c1-18(28)20-7-8-24-22(17-20)26(21-5-2-3-6-23(21)29-24)13-4-12-25-14-9-19(10-15-25)11-16-27/h2-3,5-8,17,19,27H,4,9-16H2,1H3",BTFMCMVEUCGQDX-UHFFFAOYSA-N,2186,piperacetazine,3819-00-9
C#CC1(OC(=O)CCCCCC)CCC2C3CC=C4CC(=O)CCC4C3CCC21C,"InChI=1S/C27H38O3/c1-4-6-7-8-9-25(29)30-27(5-2)17-15-24-23-12-10-19-18-20(28)11-13-21(19)22(23)14-16-26(24,27)3/h2,18,21-24H,4,6-17H2,1,3H3/t21-,22+,23+,24-,26-,27-/m0/s1",APTGJECXMIKIET-WOSSHHRXSA-N,1964,norethindrone enanthate,3836-23-5
CCOC(=O)c1ncn2c1CN(C)C(=O)c1c(I)cccc1-2,"InChI=1S/C15H14IN3O3/c1-3-22-15(21)13-11-7-18(2)14(20)12-9(16)5-4-6-10(12)19(11)8-17-13/h4-6,8H,3,7H2,1-2H3/i16-4",FRIZVHMAECRUBR-KIWWSDKQSA-N,1462,iomazenil (123I),127396-36-5
Cc1nc(C)c2c(n1)N(Cc1ccc(-c3ccccc3-c3nn[nH]n3)cc1)C(=O)CC2,"InChI=1S/C23H21N7O/c1-14-18-11-12-21(31)30(23(18)25-15(2)24-14)13-16-7-9-17(10-8-16)19-5-3-4-6-20(19)22-26-28-29-27-22/h3-10H,11-13H2,1-2H3,(H,26,27,28,29)",ADXGNEYLLLSOAR-UHFFFAOYSA-N,3839,tasosartan,145733-36-4
CC(=O)c1ccc2c(c1)N(CCCN1CCN(CCO)CC1)c1ccccc1S2,"InChI=1S/C23H29N3O2S/c1-18(28)19-7-8-23-21(17-19)26(20-5-2-3-6-22(20)29-23)10-4-9-24-11-13-25(14-12-24)15-16-27/h2-3,5-8,17,27H,4,9-16H2,1H3",WNTYBHLDCKXEOT-UHFFFAOYSA-N,59,acetophenazine,2751-68-0
Clc1ccc(CCC(Cn2ccnc2)Sc2c(Cl)cccc2Cl)cc1,"InChI=1S/C19H17Cl3N2S/c20-15-7-4-14(5-8-15)6-9-16(12-24-11-10-23-13-24)25-19-17(21)2-1-3-18(19)22/h1-5,7-8,10-11,13,16H,6,9,12H2",SWLMUYACZKCSHZ-UHFFFAOYSA-N,450,butoconazole,64872-77-1
COC(=O)C1=COC(C)C2CN3CCc4c([nH]c5cc(OC)c(OC)cc45)C3CC12,"InChI=1S/C23H28N2O5/c1-12-16-10-25-6-5-13-15-8-20(27-2)21(28-3)9-18(15)24-22(13)19(25)7-14(16)17(11-30-12)23(26)29-4/h8-9,11-12,14,16,19,24H,5-7,10H2,1-4H3/t12-,14-,16-,19+/m0/s1",FGWJRZQNNZVCHR-BCRCDCHUSA-N,3522,reserpiline,131-02-2
CCC(CC)(CC(=O)Nc1cccc(C=Cc2nc(C3CCC3)cs2)c1)C(=O)O,"InChI=1S/C23H28N2O3S/c1-3-23(4-2,22(27)28)14-20(26)24-18-10-5-7-16(13-18)11-12-21-25-19(15-29-21)17-8-6-9-17/h5,7,10-13,15,17H,3-4,6,8-9,14H2,1-2H3,(H,24,26)(H,27,28)/b12-11+",BZMKNPGKXJAIDV-VAWYXSNFSA-N,648,cinalukast,128312-51-6
C=C1C(=CC=C2CCCC3(C)C2CCC3C(C)C=CC(O)C2CC2)CC(O)CC1O,"InChI=1S/C27H40O3/c1-17(6-13-25(29)20-8-9-20)23-11-12-24-19(5-4-14-27(23,24)3)7-10-21-15-22(28)16-26(30)18(21)2/h6-7,10,13,17,20,22-26,28-30H,2,4-5,8-9,11-12,14-16H2,1,3H3/b13-6+,19-7+,21-10-/t17-,22-,23-,24+,25-,26+,27-/m1/s1",LWQQLNNNIPYSNX-UROSTWAQSA-N,465,calcipotriene,112965-21-6
CC(C)(C)CC(C)(C)c1ccc(OCCOCC[N+](C)(C)Cc2ccccc2)cc1,"InChI=1S/C27H42NO2/c1-26(2,3)22-27(4,5)24-13-15-25(16-14-24)30-20-19-29-18-17-28(6,7)21-23-11-9-8-10-12-23/h8-16H,17-22H2,1-7H3/q+1",SIYLLGKDQZGJHK-UHFFFAOYSA-N,3018,benzethonium,121-54-0
CCN(CC)Cc1nccn1-c1ccc([N+](=O)[O-])cc1C(=O)c1ccccc1Cl,"InChI=1S/C21H21ClN4O3/c1-3-24(4-2)14-20-23-11-12-25(20)19-10-9-15(26(28)29)13-17(19)21(27)16-7-5-6-8-18(16)22/h5-13H,3-4,14H2,1-2H3",WZGBZLHGOVJDET-UHFFFAOYSA-N,1956,nizofenone,54533-85-6
CS(=O)(=O)c1ccc(C(O)C(COC(=O)CN)NC(=O)C(Cl)Cl)cc1,"InChI=1S/C14H18Cl2N2O6S/c1-25(22,23)9-4-2-8(3-5-9)12(20)10(7-24-11(19)6-17)18-14(21)13(15)16/h2-5,10,12-13,20H,6-7,17H2,1H3,(H,18,21)/t10-,12-/m1/s1",AMGKHLVPQHMHGQ-ZYHUDNBSSA-N,2625,thiamphenicol glycinate,2393-92-2
CC(=O)OCC(=O)C1(O)CCC2C3CC=C4CC(=O)C=CC4(C)C3(Cl)C(Cl)CC21C,"InChI=1S/C23H28Cl2O5/c1-13(26)30-12-19(28)22(29)9-7-16-17-5-4-14-10-15(27)6-8-20(14,2)23(17,25)18(24)11-21(16,22)3/h6,8,10,16-18,29H,4-5,7,9,11-12H2,1-3H3/t16-,17-,18-,20-,21-,22-,23-/m0/s1",YNNURTVKPVJVEI-GSLJADNHSA-N,3139,dichlorisone,79-61-8
COc1ccc2c(c1OC)C(=O)OC2C1c2c(cc3c(c2OC)OCO3)CCN1C,"InChI=1S/C22H23NO7/c1-23-8-7-11-9-14-20(29-10-28-14)21(27-4)15(11)17(23)18-12-5-6-13(25-2)19(26-3)16(12)22(24)30-18/h5-6,9,17-18H,7-8,10H2,1-4H3/t17-,18+/m1/s1",AKNNEGZIBPJZJG-MSOLQXFVSA-N,1973,noscapine,128-62-1
O=C1OC(OC(=O)c2cccnc2Nc2cccc(C(F)(F)F)c2)c2ccccc21,"InChI=1S/C21H13F3N2O4/c22-21(23,24)12-5-3-6-13(11-12)26-17-16(9-4-10-25-17)19(28)30-20-15-8-2-1-7-14(15)18(27)29-20/h1-11,20H,(H,25,26)",ANMLJLFWUCQGKZ-UHFFFAOYSA-N,2559,talniflumate,66898-62-2
O=C(NCC1CCCCN1)c1cc(OCC(F)(F)F)ccc1OCC(F)(F)F,"InChI=1S/C17H20F6N2O3/c18-16(19,20)9-27-12-4-5-14(28-10-17(21,22)23)13(7-12)15(26)25-8-11-3-1-2-6-24-11/h4-5,7,11,24H,1-3,6,8-10H2,(H,25,26)",DJBNUMBKLMJRSA-UHFFFAOYSA-N,1176,flecainide,54143-55-4
COc1cc(C2c3cc4c(cc3C(O)C3COC(=O)C23)OCO4)cc(OC)c1OC,"InChI=1S/C22H22O8/c1-25-16-4-10(5-17(26-2)21(16)27-3)18-11-6-14-15(30-9-29-14)7-12(11)20(23)13-8-28-22(24)19(13)18/h4-7,13,18-20,23H,8-9H2,1-3H3/t13-,18+,19-,20-/m0/s1",YJGVMLPVUAXIQN-XVVDYKMHSA-N,3481,podophyllotoxin,518-28-5
CN(C)C1C(=O)C(C(N)=O)C(=O)C2(O)C(=O)C3C(=O)c4c(O)cccc4CC3CC12,"InChI=1S/C21H22N2O7/c1-23(2)15-10-7-9-6-8-4-3-5-11(24)12(8)16(25)13(9)18(27)21(10,30)19(28)14(17(15)26)20(22)29/h3-5,9-10,15,24,26-27,30H,6-7H2,1-2H3,(H2,22,29)/t9-,10-,15-,21-/m0/s1",XDVCLKFLRAWGIT-ADOAZJKMSA-N,3828,sancycline,808-26-4
CC1(C)SC2C(NC(=O)C(c3ccccc3)S(=O)(=O)O)C(=O)N2C1C(=O)O,"InChI=1S/C16H18N2O7S2/c1-16(2)11(15(21)22)18-13(20)9(14(18)26-16)17-12(19)10(27(23,24)25)8-6-4-3-5-7-8/h3-7,9-11,14H,1-2H3,(H,17,19)(H,21,22)(H,23,24,25)/t9-,10-,11+,14-/m1/s1",JETQIUPBHQNHNZ-NJBDSQKTSA-N,4052,sulbenicillin,41744-40-5
COC1(NC(=O)C(C(=O)O)c2ccsc2)C(=O)N2C(C(=O)O)C(C)(C)SC21,"InChI=1S/C16H18N2O7S2/c1-15(2)9(12(22)23)18-13(24)16(25-3,14(18)27-15)17-10(19)8(11(20)21)7-4-5-26-6-7/h4-6,8-9,14H,1-3H3,(H,17,19)(H,20,21)(H,22,23)/t8?,9-,14+,16-/m0/s1",BVCKFLJARNKCSS-DWPRYXJFSA-N,2587,temocillin,66148-78-5
CCCCCC(=O)OC1(C(C)=O)CCC2C3CC=C4CC(=O)CCC4C3CCC21C,"InChI=1S/C26H38O4/c1-4-5-6-7-24(29)30-26(17(2)27)15-13-23-22-10-8-18-16-19(28)9-11-20(18)21(22)12-14-25(23,26)3/h16,20-23H,4-15H2,1-3H3/t20-,21+,22+,23-,25-,26-/m0/s1",XURCMZMFZXXQDJ-UKNJCJGYSA-N,3261,gestonorone caproate,1253-28-7
CC(C)(C)C(=O)OCC(=O)C1CCC2C3CC=C4CC(=O)CCC4(C)C3CCC12C,"InChI=1S/C26H38O4/c1-24(2,3)23(29)30-15-22(28)21-9-8-19-18-7-6-16-14-17(27)10-12-25(16,4)20(18)11-13-26(19,21)5/h14,18-21H,6-13,15H2,1-5H3/t18-,19-,20-,21+,25-,26-/m0/s1",VVOIQBFMTVCINR-WWMZEODYSA-N,822,desoxycorticosterone pivalate,808-48-0
CCC(CCC(C)C1CCC2C3CC=C4CC(O)CCC4(C)C3CCC12C)C(C)C,"InChI=1S/C29H50O/c1-7-21(19(2)3)9-8-20(4)25-12-13-26-24-11-10-22-18-23(30)14-16-28(22,5)27(24)15-17-29(25,26)6/h10,19-21,23-27,30H,7-9,11-18H2,1-6H3/t20-,21-,23+,24+,25-,26+,27+,28+,29-/m1/s1",KZJWDPNRJALLNS-VJSFXXLFSA-N,2451,sitosterol,83-46-5
NS(=O)(=O)c1cc2c(cc1Cl)NC(C(Cl)(Cl)Cl)NS2(=O)=O,"InChI=1S/C8H7Cl4N3O4S2/c9-3-1-4-6(2-5(3)20(13,16)17)21(18,19)15-7(14-4)8(10,11)12/h1-2,7,14-15H,(H2,13,16,17)",GUTZRTRUIMWMJZ-UHFFFAOYSA-N,2575,teclothiazide,4267-05-4
COc1ccc2c(c1)c(CC(=O)OCC(=O)O)c(C)n2C(=O)c1ccc(Cl)cc1,"InChI=1S/C21H18ClNO6/c1-12-16(10-20(26)29-11-19(24)25)17-9-15(28-2)7-8-18(17)23(12)21(27)13-3-5-14(22)6-4-13/h3-9H,10-11H2,1-2H3,(H,24,25)",FSQKKOOTNAMONP-UHFFFAOYSA-N,47,acemetacin,53164-05-9
Clc1ccc(C(Cn2ccnc2)OCc2c(Cl)cccc2Cl)c(Cl)c1,"InChI=1S/C18H14Cl4N2O/c19-12-4-5-13(17(22)8-12)18(9-24-7-6-23-11-24)25-10-14-15(20)2-1-3-16(14)21/h1-8,11,18H,9-10H2/t18-/m0/s1",MPIPASJGOJYODL-SFHVURJKSA-N,3309,isoconazole,27523-40-6
O=[N+]([O-])OCCN(CCO[N+](=O)[O-])CCN(CCO[N+](=O)[O-])CCO[N+](=O)[O-],InChI=1S/C10H20N6O12/c17-13(18)25-7-3-11(4-8-26-14(19)20)1-2-12(5-9-27-15(21)22)6-10-28-16(23)24/h1-10H2,DLDKCSIJFIPYRK-UHFFFAOYSA-N,2591,tenitramine,21946-79-2
COc1ccccc1OP(=O)(Oc1ccccc1OC)Oc1ccccc1OC,"InChI=1S/C21H21O7P/c1-23-16-10-4-7-13-19(16)26-29(22,27-20-14-8-5-11-17(20)24-2)28-21-15-9-6-12-18(21)25-3/h4-15H,1-3H3",ADBFDJQRBQZXAB-UHFFFAOYSA-N,3452,guaiacol phosphate,563-03-1
O=C(O)CCn1c2c(c3ccccc31)CC(NS(=O)(=O)c1ccc(F)cc1)CC2,"InChI=1S/C21H21FN2O4S/c22-14-5-8-16(9-6-14)29(27,28)23-15-7-10-20-18(13-15)17-3-1-2-4-19(17)24(20)12-11-21(25)26/h1-6,8-9,15,23H,7,10-13H2,(H,25,26)/t15-/m1/s1",LDXDSHIEDAPSSA-OAHLLOKOSA-N,2354,ramatroban,116649-85-5
OC(C1=CC(=C(c2ccccn2)c2ccccn2)C=C1)(c1ccccn1)c1ccccn1,"InChI=1S/C27H20N4O/c32-27(24-11-3-7-17-30-24,25-12-4-8-18-31-25)21-14-13-20(19-21)26(22-9-1-5-15-28-22)23-10-2-6-16-29-23/h1-19,32H",NCZXKYCNHGRFHE-UHFFFAOYSA-N,3507,pyrinoline,1740-22-3
O=C(Cc1cccs1)NC1C(=O)N2C(C(=O)[O-])=C(C[n+]3ccccc3)CSC12,"InChI=1S/C19H17N3O4S2/c23-14(9-13-5-4-8-27-13)20-15-17(24)22-16(19(25)26)12(11-28-18(15)22)10-21-6-2-1-3-7-21/h1-8,15,18H,9-11H2,(H-,20,23,25,26)/t15-,18-/m1/s1",CZTQZXZIADLWOZ-CRAIPNDOSA-N,573,cefaloridine,50-59-9
CC1(C)OC2CC3C4CC=C5CC(=O)C=CC5(C)C4C(O)CC3(C)C2(C(=O)CO)O1,"InChI=1S/C24H32O6/c1-21(2)29-19-10-16-15-6-5-13-9-14(26)7-8-22(13,3)20(15)17(27)11-23(16,4)24(19,30-21)18(28)12-25/h7-9,15-17,19-20,25,27H,5-6,10-12H2,1-4H3/t15-,16-,17-,19+,20+,22-,23-,24+/m0/s1",WBGKWQHBNHJJPZ-LECWWXJVSA-N,3135,desonide,638-94-8
CC(=O)OCC(=O)C1(O)CCC2C3CC(C)=C4CC(=O)C=CC4(C)C3C(O)CC21C,"InChI=1S/C24H32O6/c1-13-9-16-17-6-8-24(29,20(28)12-30-14(2)25)23(17,4)11-19(27)21(16)22(3)7-5-15(26)10-18(13)22/h5,7,10,13,16-17,19,21,27,29H,6,8-9,11-12H2,1-4H3/t13-,16-,17-,19-,21+,22-,23-,24-/m0/s1",PLBHSZGDDKCEHR-LFYFAGGJSA-N,1770,methylprednisolone acetate,53-36-1
C=C1CCC(O)CC1=CC=C1CCCC2(C)C1CCC2C(C)CCCC(C)C,"InChI=1S/C27H44O/c1-19(2)8-6-9-21(4)25-15-16-26-22(10-7-17-27(25,26)5)12-13-23-18-24(28)14-11-20(23)3/h12-13,19,21,24-26,28H,3,6-11,14-18H2,1-2,4-5H3/b22-12+,23-13-/t21-,24+,25-,26+,27-/m1/s1",QYSXJUFSXHHAJI-YRZJJWOYSA-N,2840,colecalciferol,67-97-0
C=C1CCC(O)CC1=CC=C1CCCC2(C)C1CCC2C(C)CCC(O)C(C)(C)O,"InChI=1S/C27H44O3/c1-18-8-12-22(28)17-21(18)11-10-20-7-6-16-27(5)23(13-14-24(20)27)19(2)9-15-25(29)26(3,4)30/h10-11,19,22-25,28-30H,1,6-9,12-17H2,2-5H3/b20-10+,21-11-/t19-,22+,23-,24+,25-,27-/m1/s1",FCKJYANJHNLEEP-XRWYNYHCSA-N,2426,secalciferol,55721-11-4
CC1CN(c2cc3c(cc2F)c(=O)c(C(=O)O)cn3-c2ccc(F)cc2F)CCN1,"InChI=1S/C21H18F3N3O3/c1-11-9-26(5-4-25-11)19-8-18-13(7-16(19)24)20(28)14(21(29)30)10-27(18)17-3-2-12(22)6-15(17)23/h2-3,6-8,10-11,25H,4-5,9H2,1H3,(H,29,30)",QKDHBVNJCZBTMR-UHFFFAOYSA-N,2584,temafloxacin,108319-06-8
CC(=O)Oc1ccc(C2(c3ccc(OC(C)=O)cc3)Oc3ccccc3NC2=O)cc1,"InChI=1S/C24H19NO6/c1-15(26)29-19-11-7-17(8-12-19)24(18-9-13-20(14-10-18)30-16(2)27)23(28)25-21-5-3-4-6-22(21)31-24/h3-14H,1-2H3,(H,25,28)",ZCBJDQBSLZREAA-UHFFFAOYSA-N,382,bisoxatin acetate,14008-48-1
COc1cc(C=CC(=O)N2CCN(CC(=O)N3CCCC3)CC2)cc(OC)c1OC,"InChI=1S/C22H31N3O5/c1-28-18-14-17(15-19(29-2)22(18)30-3)6-7-20(26)25-12-10-23(11-13-25)16-21(27)24-8-4-5-9-24/h6-7,14-15H,4-5,8-13,16H2,1-3H3/b7-6+",RCUDFXMNPQNBDU-VOTSOKGWSA-N,651,cinepazide,23887-46-9
CCOC(=O)C(CCc1ccccc1)NC1CCCN2CCCC(C(=O)O)N2C1=O,"InChI=1S/C22H31N3O5/c1-2-30-22(29)18(13-12-16-8-4-3-5-9-16)23-17-10-6-14-24-15-7-11-19(21(27)28)25(24)20(17)26/h3-5,8-9,17-19,23H,2,6-7,10-15H2,1H3,(H,27,28)/t17-,18-,19-/m0/s1",HHHKFGXWKKUNCY-FHWLQOOXSA-N,641,cilazapril,88768-40-5
C=C1C(=CC=C2CCCC3(C)C2CCC3C(C)OCCC(C)(C)O)CC(O)CC1O,"InChI=1S/C26H42O4/c1-17-20(15-21(27)16-24(17)28)9-8-19-7-6-12-26(5)22(10-11-23(19)26)18(2)30-14-13-25(3,4)29/h8-9,18,21-24,27-29H,1,6-7,10-16H2,2-5H3/b19-8+,20-9-/t18-,21+,22+,23-,24-,26+/m0/s1",DTXXSJZBSTYZKE-ZDQKKZTESA-N,1638,maxacalcitol,103909-75-7
OCCOCCOCCN1CCN(C(c2ccccc2)c2ccc(Cl)cc2)CC1,"InChI=1S/C23H31ClN2O3/c24-22-8-6-21(7-9-22)23(20-4-2-1-3-5-20)26-12-10-25(11-13-26)14-16-28-18-19-29-17-15-27/h1-9,23,27H,10-19H2",VUFOCTSXHUWGPW-UHFFFAOYSA-N,1104,etodroxizine,17692-34-1
CN(CCCN1c2ccccc2CCc2ccccc21)CC(=O)c1ccc(Cl)cc1,"InChI=1S/C26H27ClN2O/c1-28(19-26(30)22-13-15-23(27)16-14-22)17-6-18-29-24-9-4-2-7-20(24)11-12-21-8-3-5-10-25(21)29/h2-5,7-10,13-16H,6,11-12,17-19H2,1H3",SAPNXPWPAUFAJU-UHFFFAOYSA-N,1592,lofepramine,23047-25-8
O=C(CCCN1CCC(O)(c2ccc(Br)cc2)CC1)c1ccc(F)cc1,"InChI=1S/C21H23BrFNO2/c22-18-7-5-17(6-8-18)21(26)11-14-24(15-12-21)13-1-2-20(25)16-3-9-19(23)10-4-16/h3-10,26H,1-2,11-15H2",RKLNONIVDFXQRX-UHFFFAOYSA-N,407,bromperidol,10457-90-6
COc1ccccc1OC(=O)CNC(=O)Cc1ccc(C(=O)c2ccc(C)cc2)n1C,"InChI=1S/C24H24N2O5/c1-16-8-10-17(11-9-16)24(29)19-13-12-18(26(19)2)14-22(27)25-15-23(28)31-21-7-5-4-6-20(21)30-3/h4-13H,14-15H2,1-3H3,(H,25,27)",CWJNMKKMGIAGDK-UHFFFAOYSA-N,204,amtolmetin guacil,87344-06-7
Oc1ccc(C(O)CNCCCCCCNCC(O)c2ccc(O)c(O)c2)cc1O,"InChI=1S/C22H32N2O6/c25-17-7-5-15(11-19(17)27)21(29)13-23-9-3-1-2-4-10-24-14-22(30)16-6-8-18(26)20(28)12-16/h5-8,11-12,21-30H,1-4,9-10,13-14H2",OXLZNBCNGJWPRV-UHFFFAOYSA-N,1372,hexoprenaline,3215-70-1
CC1CN(C2CCC(C#N)(c3ccc(F)cc3)CC2)CCC1(C(=O)O)c1ccccc1,"InChI=1S/C26H29FN2O2/c1-19-17-29(16-15-26(19,24(30)31)21-5-3-2-4-6-21)23-11-13-25(18-28,14-12-23)20-7-9-22(27)10-8-20/h2-10,19,23H,11-17H2,1H3,(H,30,31)/t19-,23-,25-,26-/m1/s1",ZCGOMHNNNFPNMX-KYTRFIICSA-N,1564,levocabastine,79516-68-0
CCCCC1(CN2CCN(C)CC2)C(=O)N(c2ccccc2)N(c2ccccc2)C1=O,"InChI=1S/C25H32N4O2/c1-3-4-15-25(20-27-18-16-26(2)17-19-27)23(30)28(21-11-7-5-8-12-21)29(24(25)31)22-13-9-6-10-14-22/h5-14H,3-4,15-20H2,1-2H3",XGNKHIPCARGLGS-UHFFFAOYSA-N,3473,pipebuzone,27315-91-9
Cn1c(=O)c2c(ncn2CCOC(=O)C(C)(C)Oc2ccc(Cl)cc2)n(C)c1=O,"InChI=1S/C19H21ClN4O5/c1-19(2,29-13-7-5-12(20)6-8-13)17(26)28-10-9-24-11-21-15-14(24)16(25)23(4)18(27)22(15)3/h5-8,11H,9-10H2,1-4H3",KYAKGJDISSNVPZ-UHFFFAOYSA-N,1108,etofylline clofibrate,54504-70-0
CCC1(O)C(=O)OCc2c1cc1n(c2=O)Cc2cc3c(CN(C)C)c(O)ccc3nc2-1,"InChI=1S/C23H23N3O5/c1-4-23(30)16-8-18-20-12(9-26(18)21(28)15(16)11-31-22(23)29)7-13-14(10-25(2)3)19(27)6-5-17(13)24-20/h5-8,27,30H,4,9-11H2,1-3H3/t23-/m0/s1",UCFGDBYHRUNTLO-QHCPKHFHSA-N,2707,topotecan,123948-87-8
O=C(O)CC(O)CC(O)C=Cc1c(C2CC2)nc2ccccc2c1-c1ccc(F)cc1,"InChI=1S/C25H24FNO4/c26-17-9-7-15(8-10-17)24-20-3-1-2-4-22(20)27-25(16-5-6-16)21(24)12-11-18(28)13-19(29)14-23(30)31/h1-4,7-12,16,18-19,28-29H,5-6,13-14H2,(H,30,31)/b12-11+/t18-,19-/m1/s1",VGYFMXBACGZSIL-MCBHFWOFSA-N,2214,pitavastatin,147511-69-1
OCCN(CCO)c1nc(N2CCCCC2)c2nc(N(CCO)CCO)ncc2n1,"InChI=1S/C19H31N7O4/c27-10-6-25(7-11-28)18-20-14-15-16(22-18)17(24-4-2-1-3-5-24)23-19(21-15)26(8-12-29)9-13-30/h14,27-30H,1-13H2",FOYWNSCCNCUEPU-UHFFFAOYSA-N,1838,mopidamol,13665-88-8
C[N+](C)(CCCCC(C#N)(c1ccccc1)c1ccccc1)CC[N+]1(C)CCOCC1,"InChI=1S/C27H39N3O/c1-29(2,18-19-30(3)20-22-31-23-21-30)17-11-10-16-27(24-28,25-12-6-4-7-13-25)26-14-8-5-9-15-26/h4-9,12-15H,10-11,16-23H2,1-3H3/q+2",GKPFBMQXTRZTOW-UHFFFAOYSA-N,3806,pentacynium chloride,77-12-3
CCOc1cc(N)c(Cl)cc1C(=O)NCC1CN(Cc2ccc(F)cc2)CCO1,"InChI=1S/C21H25ClFN3O3/c1-2-28-20-10-19(24)18(22)9-17(20)21(27)25-11-16-13-26(7-8-29-16)12-14-3-5-15(23)6-4-14/h3-6,9-10,16H,2,7-8,11-13,24H2,1H3,(H,25,27)",YPELFRMCRYSPKZ-UHFFFAOYSA-N,1848,mosapride,112885-41-3
CC12C=CC(C(=O)OC3CCC4C5CC=C6CC(=O)CCC6C5CCC34C)(CC1)CC2,"InChI=1S/C28H38O3/c1-26-11-14-28(15-12-26,16-13-26)25(30)31-24-8-7-23-22-5-3-18-17-19(29)4-6-20(18)21(22)9-10-27(23,24)2/h11,14,17,20-24H,3-10,12-13,15-16H2,1-2H3/t20-,21+,22+,23-,24-,26?,27-,28?/m0/s1",REACBNMPQDINOF-YBBIQVIJSA-N,1880,nandrolone cyclotate,22263-51-0
CC(=O)OCC1=C(C(=O)O)N2C(=O)C(NC(=O)CSc3ccncc3)C2SC1,"InChI=1S/C17H17N3O6S2/c1-9(21)26-6-10-7-28-16-13(15(23)20(16)14(10)17(24)25)19-12(22)8-27-11-2-4-18-5-3-11/h2-5,13,16H,6-8H2,1H3,(H,19,22)(H,24,25)/t13-,16-/m1/s1",UQLLWWBDSUHNEB-CZUORRHYSA-N,575,cefapirin,21593-23-7
CC[N+](CC)(CC)CCOc1cccc(OCC[N+](CC)(CC)CC)c1OCC[N+](CC)(CC)CC,"InChI=1S/C30H60N3O3/c1-10-31(11-2,12-3)22-25-34-28-20-19-21-29(35-26-23-32(13-4,14-5)15-6)30(28)36-27-24-33(16-7,17-8)18-9/h19-21H,10-18,22-27H2,1-9H3/q+3",OZLPUNFFCJDMJD-UHFFFAOYSA-N,1273,gallamine,153-76-4
CC(=C(OCCOc1ccc(Cl)cc1)c1ccc(Cl)cc1Cl)n1ccnc1,"InChI=1S/C20H17Cl3N2O2/c1-14(25-9-8-24-13-25)20(18-7-4-16(22)12-19(18)23)27-11-10-26-17-5-2-15(21)3-6-17/h2-9,12-13H,10-11H2,1H3/b20-14-",JMFOSJNGKJCTMJ-ZHZULCJRSA-N,1991,omoconazole,74512-12-2
CC1CN(CC(Cc2ccccc2)C(=O)NCC(=O)O)CCC1(C)c1cccc(O)c1,"InChI=1S/C25H32N2O4/c1-18-16-27(12-11-25(18,2)21-9-6-10-22(28)14-21)17-20(24(31)26-15-23(29)30)13-19-7-4-3-5-8-19/h3-10,14,18,20,28H,11-13,15-17H2,1-2H3,(H,26,31)(H,29,30)/t18-,20-,25+/m0/s1",UPNUIXSCZBYVBB-JVFUWBCBSA-N,143,alvimopan,156053-89-3
N#CC(CCN1CCC(C(=O)O)(c2ccccc2)CC1)(c1ccccc1)c1ccccc1,"InChI=1S/C28H28N2O2/c29-22-28(24-12-6-2-7-13-24,25-14-8-3-9-15-25)18-21-30-19-16-27(17-20-30,26(31)32)23-10-4-1-5-11-23/h1-15H,16-21H2,(H,31,32)",UFIVBRCCIRTJTN-UHFFFAOYSA-N,878,difenoxin,28782-42-5
CC(C)=CCCC(C)=CCCC(C)=CCN1CCN(Cc2ccc3c(c2)OCO3)CC1,"InChI=1S/C27H40N2O2/c1-22(2)7-5-8-23(3)9-6-10-24(4)13-14-28-15-17-29(18-16-28)20-25-11-12-26-27(19-25)31-21-30-26/h7,9,11-13,19H,5-6,8,10,14-18,20-21H2,1-4H3",DVJCPEWCHQLAEH-UHFFFAOYSA-N,3470,pifarnine,56208-01-6
CCC(=O)c1ccc2c(c1)N(CCCN1CCN(CCO)CC1)c1ccccc1S2,"InChI=1S/C24H31N3O2S/c1-2-22(29)19-8-9-24-21(18-19)27(20-6-3-4-7-23(20)30-24)11-5-10-25-12-14-26(15-13-25)16-17-28/h3-4,6-9,18,28H,2,5,10-17H2,1H3",XZSMZRXAEFNJCU-UHFFFAOYSA-N,516,carfenazine,2622-30-2
NS(=O)(=O)c1cc2c(cc1Cl)NC(CSCC(F)(F)F)NS2(=O)=O,"InChI=1S/C10H11ClF3N3O4S3/c11-5-1-6-8(2-7(5)23(15,18)19)24(20,21)17-9(16-6)3-22-4-10(12,13)14/h1-2,9,16-17H,3-4H2,(H2,15,18,19)",RINBGYCKMGDWPY-UHFFFAOYSA-N,1031,epitizide,1764-85-8
O=S(=O)(O)c1cc(I)c(O)c(I)c1,"InChI=1S/C6H4I2O4S/c7-4-1-3(13(10,11)12)2-5(8)6(4)9/h1-2,9H,(H,10,11,12)",WUFWNWSUSBGBSH-UHFFFAOYSA-N,3830,sozoiodolic acid,554-71-2
CC1NCc2cc(-c3ccc4c(=O)c(C(=O)O)cn(C5CC5)c4c3OC(F)F)ccc21,"InChI=1S/C23H20F2N2O4/c1-11-15-5-2-12(8-13(15)9-26-11)16-6-7-17-19(21(16)31-23(24)25)27(14-3-4-14)10-18(20(17)28)22(29)30/h2,5-8,10-11,14,23,26H,3-4,9H2,1H3,(H,29,30)/t11-/m1/s1",NJDRXTDGYFKORP-LLVKDONJSA-N,4053,garenoxacin,194804-75-6
CC1(C)SC2C(NC(=O)C(Oc3ccccc3)c3ccccc3)C(=O)N2C1C(=O)O,"InChI=1S/C22H22N2O5S/c1-22(2)17(21(27)28)24-19(26)15(20(24)30-22)23-18(25)16(13-9-5-3-6-10-13)29-14-11-7-4-8-12-14/h3-12,15-17,20H,1-2H3,(H,23,25)(H,27,28)/t15-,16?,17+,20-/m1/s1",VZPPEUOYDWPUKO-MQWDNKACSA-N,3221,fenbenicillin,1177-30-6
CCOC(=O)OCCC(SC(=O)OCC)=C(C)N(C=O)Cc1cnc(C)nc1N,"InChI=1S/C18H26N4O6S/c1-5-26-17(24)28-8-7-15(29-18(25)27-6-2)12(3)22(11-23)10-14-9-20-13(4)21-16(14)19/h9,11H,5-8,10H2,1-4H3,(H2,19,20,21)/b15-12-",YBROOZNJUDHTGE-QINSGFPZSA-N,3081,cetotiamine,137-76-8
O=c1[nH]c2ccccc2n1CCCN1CCN(C(c2ccccc2)c2ccccc2)CC1,"InChI=1S/C27H30N4O/c32-27-28-24-14-7-8-15-25(24)31(27)17-9-16-29-18-20-30(21-19-29)26(22-10-3-1-4-11-22)23-12-5-2-6-13-23/h1-8,10-15,26H,9,16-21H2,(H,28,32)",BAINIUMDFURPJM-UHFFFAOYSA-N,2014,oxatomide,60607-34-3
Oc1c2c(c(O)n1CCCCN1CCN(c3nsc4ccccc34)CC1)CCCC2,"InChI=1S/C23H30N4O2S/c28-22-17-7-1-2-8-18(17)23(29)27(22)12-6-5-11-25-13-15-26(16-14-25)21-19-9-3-4-10-20(19)30-24-21/h3-4,9-10,17-18H,1-2,5-8,11-16H2/t17-,18+",FBVFZWUMDDXLLG-HDICACEKSA-N,2112,perospirone,150915-41-6
CCOCCN(Cc1ccc(Oc2ccc([N+](=O)[O-])cc2)cc1)C(=O)C(Cl)Cl,"InChI=1S/C19H20Cl2N2O5/c1-2-27-12-11-22(19(24)18(20)21)13-14-3-7-16(8-4-14)28-17-9-5-15(6-10-17)23(25)26/h3-10,18H,2,11-13H2,1H3",QTRALMGDQMIVFF-UHFFFAOYSA-N,1105,etofamide,25287-60-9
Cc1cc(C)nc(NS(=O)(=O)c2ccc(N=Nc3ccc(O)c(C(=O)O)c3)cc2)n1,"InChI=1S/C19H17N5O5S/c1-11-9-12(2)21-19(20-11)24-30(28,29)15-6-3-13(4-7-15)22-23-14-5-8-17(25)16(10-14)18(26)27/h3-10,25H,1-2H3,(H,26,27)(H,20,21,24)/b23-22+",DFPJEJKMDZFZHC-GHVJWSGMSA-N,3537,salazosulfadimidine,2315-08-4
CCOC(=O)Nc1ccc2c(c1)N(C(=O)CCN1CCOCC1)c1ccccc1S2,"InChI=1S/C22H25N3O4S/c1-2-29-22(27)23-16-7-8-20-18(15-16)25(17-5-3-4-6-19(17)30-20)21(26)9-10-24-11-13-28-14-12-24/h3-8,15H,2,9-14H2,1H3,(H,23,27)",FUBVWMNBEHXPSU-UHFFFAOYSA-N,1842,moracizine,31883-05-3
Cc1ccccc1C(=O)Nc1ccc(C(=O)N2CCCC(N(C)C)c3ccccc32)cc1,"InChI=1S/C27H29N3O2/c1-19-9-4-5-10-22(19)26(31)28-21-16-14-20(15-17-21)27(32)30-18-8-13-24(29(2)3)23-11-6-7-12-25(23)30/h4-7,9-12,14-17,24H,8,13,18H2,1-3H3,(H,28,31)",WRNXUQJJCIZICJ-UHFFFAOYSA-N,4004,mozavaptan,137975-06-5
CC(CN1CCN(CCOCCO)CC1)CN1c2ccccc2Sc2ccccc21,"InChI=1S/C24H33N3O2S/c1-20(18-26-12-10-25(11-13-26)14-16-29-17-15-28)19-27-21-6-2-4-8-23(21)30-24-9-5-3-7-22(24)27/h2-9,20,28H,10-19H2,1H3",MSYUMPGNGDNTIQ-UHFFFAOYSA-N,933,dixyrazine,2470-73-7
CCC(=C(CC)c1ccc(OP(=O)(O)O)cc1)c1ccc(OP(=O)(O)O)cc1,"InChI=1S/C18H22O8P2/c1-3-17(13-5-9-15(10-6-13)25-27(19,20)21)18(4-2)14-7-11-16(12-8-14)26-28(22,23)24/h5-12H,3-4H2,1-2H3,(H2,19,20,21)(H2,22,23,24)/b18-17+",NLORYLAYLIXTID-ISLYRVAYSA-N,3248,fosfestrol,522-40-7
Clc1ccc(CON=C(Cn2ccnc2)c2ccc(Cl)cc2Cl)c(Cl)c1,"InChI=1S/C18H13Cl4N3O/c19-13-2-1-12(16(21)7-13)10-26-24-18(9-25-6-5-23-11-25)15-4-3-14(20)8-17(15)22/h1-8,11H,9-10H2/b24-18+",QRJJEGAJXVEBNE-HKOYGPOVSA-N,3408,oxiconazole,64211-45-6
COC(=O)C1C(c2ccc(F)cc2)CC2CCC1N2CC=CI,"InChI=1S/C18H21FINO2/c1-23-18(22)17-15(12-3-5-13(19)6-4-12)11-14-7-8-16(17)21(14)10-2-9-20/h2-6,9,14-17H,7-8,10-11H2,1H3/b9-2+/t14-,15+,16+,17-/m0/s1",GTQLIPQFXVKRKJ-UNSMHXHVSA-N,3292,altropane,180468-34-2
COc1cccc(CCc2ccccc2OCC(CN(C)C)OC(=O)CCC(=O)O)c1,"InChI=1S/C24H31NO6/c1-25(2)16-21(31-24(28)14-13-23(26)27)17-30-22-10-5-4-8-19(22)12-11-18-7-6-9-20(15-18)29-3/h4-10,15,21H,11-14,16-17H2,1-3H3,(H,26,27)",FFYNAVGJSYHHFO-UHFFFAOYSA-N,2423,sarpogrelate,125926-17-2
CC(CSC(=O)c1ccccc1)C(=O)N1CC(Sc2ccccc2)CC1C(=O)O,"InChI=1S/C22H23NO4S2/c1-15(14-28-22(27)16-8-4-2-5-9-16)20(24)23-13-18(12-19(23)21(25)26)29-17-10-6-3-7-11-17/h2-11,15,18-19H,12-14H2,1H3,(H,25,26)/t15-,18+,19+/m1/s1",IAIDUHCBNLFXEF-MNEFBYGVSA-N,2866,zofenopril,81872-10-8
CCOC(C(=O)N(C)CCN(C)CCc1ccccc1)(c1ccccc1)c1ccccc1,"InChI=1S/C28H34N2O2/c1-4-32-28(25-16-10-6-11-17-25,26-18-12-7-13-19-26)27(31)30(3)23-22-29(2)21-20-24-14-8-5-9-15-24/h5-19H,4,20-23H2,1-3H3",NQIZDFMZAXUZCZ-UHFFFAOYSA-N,3700,carbifene,15687-16-8
N#CC(CCN1CCC(C(N)=O)(N2CCCCC2)CC1)(c1ccccc1)c1ccccc1,"InChI=1S/C27H34N4O/c28-22-26(23-10-4-1-5-11-23,24-12-6-2-7-13-24)14-19-30-20-15-27(16-21-30,25(29)32)31-17-8-3-9-18-31/h1-2,4-7,10-13H,3,8-9,14-21H2,(H2,29,32)",IHEHEFLXQFOQJO-UHFFFAOYSA-N,3478,piritramide,302-41-0
O=C(C[S+]([O-])Cc1ccco1)NCC=CCOc1cc(CN2CCCCC2)ccn1,"InChI=1S/C22H29N3O4S/c26-21(18-30(27)17-20-7-6-14-28-20)23-9-2-5-13-29-22-15-19(8-10-24-22)16-25-11-3-1-4-12-25/h2,5-8,10,14-15H,1,3-4,9,11-13,16-18H2,(H,23,26)/b5-2-",KMZQAVXSMUKBPD-DJWKRKHSSA-N,1537,lafutidine,206449-93-6
NS(=O)(=O)c1cc2c(cc1Cl)N=C(CSCc1ccccc1)NS2(=O)=O,"InChI=1S/C15H14ClN3O4S3/c16-11-6-12-14(7-13(11)25(17,20)21)26(22,23)19-15(18-12)9-24-8-10-4-2-1-3-5-10/h1-7H,8-9H2,(H,18,19)(H2,17,20,21)",NDTSRXAMMQDVSW-UHFFFAOYSA-N,332,benzthiazide,91-33-8
C=C1CC2C3CC=C4CC(=O)C=CC4(C)C3(F)C(O)CC2(C)C1(O)C(=O)COC(C)=O,"InChI=1S/C24H29FO6/c1-13-9-18-17-6-5-15-10-16(27)7-8-21(15,3)23(17,25)19(28)11-22(18,4)24(13,30)20(29)12-31-14(2)26/h7-8,10,17-19,28,30H,1,5-6,9,11-12H2,2-4H3/t17-,18-,19-,21-,22-,23-,24-/m0/s1",DEFOZIFYUBUHHU-IYQKUMFPSA-N,3238,fluprednidene acetate,1255-35-2
CN(c1nc(=O)cc[nH]1)C1CCN(c2nc3ccccc3n2Cc2ccc(F)cc2)CC1,"InChI=1S/C24H25FN6O/c1-29(23-26-13-10-22(32)28-23)19-11-14-30(15-12-19)24-27-20-4-2-3-5-21(20)31(24)16-17-6-8-18(25)9-7-17/h2-10,13,19H,11-12,14-16H2,1H3,(H,26,28,32)",PVLJETXTTWAYEW-UHFFFAOYSA-N,1824,mizolastine,108612-45-9
CCCC(=O)OC1(C(=O)CO)CCC2C3CC=C4CC(=O)CCC4(C)C3C(O)CC21C,"InChI=1S/C25H36O6/c1-4-5-21(30)31-25(20(29)14-26)11-9-18-17-7-6-15-12-16(27)8-10-23(15,2)22(17)19(28)13-24(18,25)3/h12,17-19,22,26,28H,4-11,13-14H2,1-3H3/t17-,18-,19-,22+,23-,24-,25-/m0/s1",BMCQMVFGOVHVNG-TUFAYURCSA-N,3959,hydrocortisone butyrate,13609-67-1
NC(Cc1cc(I)c(O)c(I)c1)C(=O)O,"InChI=1S/C9H9I2NO3/c10-5-1-4(2-6(11)8(5)13)3-7(12)9(14)15/h1-2,7,13H,3,12H2,(H,14,15)/t7-/m0/s1",NYPYHUZRZVSYKL-ZETCQYMHSA-N,3146,diiodotyrosine,300-39-0
CC(C)(C)c1ccc(CN2CCN(C(c3ccccc3)c3ccc(Cl)cc3)CC2)cc1,"InChI=1S/C28H33ClN2/c1-28(2,3)25-13-9-22(10-14-25)21-30-17-19-31(20-18-30)27(23-7-5-4-6-8-23)24-11-15-26(29)16-12-24/h4-16,27H,17-21H2,1-3H3",MOYGZHXDRJNJEP-UHFFFAOYSA-N,416,buclizine,82-95-1
COC(C(=O)NC1C(=O)N2C1SC(C)(C)C2C(=O)O)c1ccc(Cl)c(Cl)c1,"InChI=1S/C17H18Cl2N2O5S/c1-17(2)12(16(24)25)21-14(23)10(15(21)27-17)20-13(22)11(26-3)7-4-5-8(18)9(19)6-7/h4-6,10-12,15H,1-3H3,(H,20,22)(H,24,25)/t10-,11?,12+,15-/m1/s1",JKXQBIZCQJLVOS-GSNLGQFWSA-N,699,clometocillin,1926-49-4
CCC12CCCN3CCc4c(n(c5cc(Br)ccc45)C(O)(C(=O)OC)C1)C32,"InChI=1S/C21H25BrN2O3/c1-3-20-8-4-9-23-10-7-15-14-6-5-13(22)11-16(14)24(17(15)18(20)23)21(26,12-20)19(25)27-2/h5-6,11,18,26H,3-4,7-10,12H2,1-2H3/t18-,20+,21+/m1/s1",WYIJGAVIVKPUGJ-GIVPXCGWSA-N,411,brovincamine,57475-17-9
CCC1(O)C(=O)OCc2c1cc1n(c2=O)Cc2c-1nc1ccccc1c2CCNC(C)C,"InChI=1S/C25H27N3O4/c1-4-25(31)19-11-21-22-17(12-28(21)23(29)18(19)13-32-24(25)30)15(9-10-26-14(2)3)16-7-5-6-8-20(16)27-22/h5-8,11,14,26,31H,4,9-10,12-13H2,1-3H3/t25-/m0/s1",LNHWXBUNXOXMRL-VWLOTQADSA-N,296,belotecan,256411-32-2
CN(c1nc2ccccc2s1)C1CCN(CC(O)COc2ccc(F)c(F)c2)CC1,"InChI=1S/C22H25F2N3O2S/c1-26(22-25-20-4-2-3-5-21(20)30-22)15-8-10-27(11-9-15)13-16(28)14-29-17-6-7-18(23)19(24)12-17/h2-7,12,15-16,28H,8-11,13-14H2,1H3/t16-/m0/s1",OZFSWVOEXHGDES-INIZCTEOSA-N,3328,lubeluzole,144665-07-6
CC(C)(C)C(=O)Oc1ccc(S(=O)(=O)Nc2ccccc2C(=O)NCC(=O)O)cc1,"InChI=1S/C20H22N2O7S/c1-20(2,3)19(26)29-13-8-10-14(11-9-13)30(27,28)22-16-7-5-4-6-15(16)18(25)21-12-17(23)24/h4-11,22H,12H2,1-3H3,(H,21,25)(H,23,24)",BTGNGJJLZOIYID-UHFFFAOYSA-N,2452,sivelestat,127373-66-4
CC(=O)OC(C)C(=O)C1(O)CCC2C3CC=C4CC(=O)C=CC4(C)C3(F)C(O)CC21C,"InChI=1S/C24H31FO6/c1-13(31-14(2)26)20(29)23(30)10-8-17-18-6-5-15-11-16(27)7-9-21(15,3)24(18,25)19(28)12-22(17,23)4/h7,9,11,13,17-19,28,30H,5-6,8,10,12H2,1-4H3/t13-,17-,18-,19-,21-,22-,23-,24-/m0/s1",HHPZZKDXAFJLOH-QZIXMDIESA-N,3237,fluperolone,2119-75-7
CC1(C)OC2CC3C4CC(F)C5=CC(=O)C=CC5(C)C4C(O)CC3(C)C2(C(=O)CO)O1,"InChI=1S/C24H31FO6/c1-21(2)30-19-9-14-13-8-16(25)15-7-12(27)5-6-22(15,3)20(13)17(28)10-23(14,4)24(19,31-21)18(29)11-26/h5-7,13-14,16-17,19-20,26,28H,8-11H2,1-4H3/t13-,14-,16-,17-,19+,20+,22-,23-,24+/m0/s1",XSFJVAJPIHIPKU-XWCQMRHXSA-N,1201,flunisolide,3385-03-3
CN(C)Cc1ccc(CSCCN=C(C[N+](=O)[O-])NCc2ccc3c(c2)OCO3)o1,"InChI=1S/C20H26N4O5S/c1-23(2)11-16-4-5-17(29-16)13-30-8-7-21-20(12-24(25)26)22-10-15-3-6-18-19(9-15)28-14-27-18/h3-6,9,12,21-22H,7-8,10-11,13-14H2,1-2H3",HXRSXEDVVARPHP-UHFFFAOYSA-N,4002,niperotidine,84845-75-0
Cc1cc(C(=O)NCCc2ccc(S(=O)(=O)NC(=O)NC3CCCCC3)cc2)no1,"InChI=1S/C20H26N4O5S/c1-14-13-18(23-29-14)19(25)21-12-11-15-7-9-17(10-8-15)30(27,28)24-20(26)22-16-5-3-2-4-6-16/h7-10,13,16H,2-6,11-12H2,1H3,(H,21,25)(H2,22,24,26)",GZKDXUIWCNCNBJ-UHFFFAOYSA-N,1304,glisolamide,24477-37-0
Cc1ccccc1CN1CCN(CCOC(c2ccccc2)c2ccccc2Cl)CC1,"InChI=1S/C27H31ClN2O/c1-22-9-5-6-12-24(22)21-30-17-15-29(16-18-30)19-20-31-27(23-10-3-2-4-11-23)25-13-7-8-14-26(25)28/h2-14,27H,15-21H2,1H3",VEVSKUJZSMGTMM-UHFFFAOYSA-N,3090,chlorbenzoxamine,522-18-9
CCC1(O)C(=O)OCc2c1cc1n(c2=O)Cc2c-1nc1cc(F)c(C)c3c1c2C(N)CC3,"InChI=1S/C24H22FN3O4/c1-3-24(31)14-6-18-21-12(8-28(18)22(29)13(14)9-32-23(24)30)19-16(26)5-4-11-10(2)15(25)7-17(27-21)20(11)19/h6-7,16,31H,3-5,8-9,26H2,1-2H3/t16-,24-/m0/s1",ZVYVPGLRVWUPMP-FYSMJZIKSA-N,1120,exatecan,171335-80-1
COc1cc2c(N)nc(N3CCN(C(=O)OCC(C)(C)O)CC3)nc2c(OC)c1OC,"InChI=1S/C20H29N5O6/c1-20(2,27)11-31-19(26)25-8-6-24(7-9-25)18-22-14-12(17(21)23-18)10-13(28-3)15(29-4)16(14)30-5/h10,27H,6-9,11H2,1-5H3,(H2,21,22,23)",YNZXWQJZEDLQEG-UHFFFAOYSA-N,2747,trimazosin,35795-16-5
CC12CCC(=O)C=C1CCC1C2CCC2(C)C(OC(O)C(Cl)(Cl)Cl)CCC12,"InChI=1S/C21H29Cl3O3/c1-19-9-7-13(25)11-12(19)3-4-14-15-5-6-17(27-18(26)21(22,23)24)20(15,2)10-8-16(14)19/h11,14-18,26H,3-10H2,1-2H3/t14-,15-,16-,17-,18?,19-,20-/m0/s1",DNADMXUXHNLBKR-SIGPKOBDSA-N,3113,cloxotestosterone,53608-96-1
CC1(C)OC2CC3C4CC(F)C5=CC(=O)CCC5(C)C4C(O)CC3(C)C2(C(=O)CO)O1,"InChI=1S/C24H33FO6/c1-21(2)30-19-9-14-13-8-16(25)15-7-12(27)5-6-22(15,3)20(13)17(28)10-23(14,4)24(19,31-21)18(29)11-26/h7,13-14,16-17,19-20,26,28H,5-6,8-11H2,1-4H3/t13-,14-,16-,17-,19+,20+,22-,23-,24+/m0/s1",POPFMWWJOGLOIF-XWCQMRHXSA-N,1217,fludroxycortide,1524-88-5
CCCCC(CC)COC(=O)CC(C(=O)OCC(CC)CCCC)S(=O)(=O)O,"InChI=1S/C20H38O7S/c1-5-9-11-16(7-3)14-26-19(21)13-18(28(23,24)25)20(22)27-15-17(8-4)12-10-6-2/h16-18H,5-15H2,1-4H3,(H,23,24,25)",HNSDLXPSAYFUHK-UHFFFAOYSA-N,941,docusate sodium,10041-19-7
C=CCc1cc(-c2cc(CC=C)c(O)c(CN(CC)CC)c2)cc(CN(CC)CC)c1O,"InChI=1S/C28H40N2O2/c1-7-13-21-15-23(17-25(27(21)31)19-29(9-3)10-4)24-16-22(14-8-2)28(32)26(18-24)20-30(11-5)12-6/h7-8,15-18,31-32H,1-2,9-14,19-20H2,3-6H3",DQNIWUUHJSXGHW-UHFFFAOYSA-N,364,bialamicol,493-75-4
CC1(C)C(=NC(=O)C(NOCC(=O)O)c2csc(N)n2)C(=O)N1OS(=O)(=O)O,"InChI=1S/C12H15N5O9S2/c1-12(2)8(10(21)17(12)26-28(22,23)24)15-9(20)7(16-25-3-6(18)19)5-4-27-11(13)14-5/h4,8H,3H2,1-2H3,(H2,13,14)(H,15,20)(H,18,19)(H,22,23,24)/b16-7-/t8-/m1/s1",VAMSVIZLXJOLHZ-QWFSEIHXSA-N,3842,tigemonam,102507-71-1
Clc1ccc(C(Cn2ccnc2)OCc2csc3c(Cl)cccc23)c(Cl)c1,"InChI=1S/C20H15Cl3N2OS/c21-14-4-5-16(18(23)8-14)19(9-25-7-6-24-12-25)26-10-13-11-27-20-15(13)2-1-3-17(20)22/h1-8,11-12,19H,9-10H2",JLGKQTAYUIMGRK-UHFFFAOYSA-N,2434,sertaconazole,99592-32-2
CCN(CC)CCOc1ccc(C(O)(Cc2ccc(Cl)cc2)c2ccc(C)cc2)cc1,"InChI=1S/C27H32ClNO2/c1-4-29(5-2)18-19-31-26-16-12-24(13-17-26)27(30,23-10-6-21(3)7-11-23)20-22-8-14-25(28)15-9-22/h6-17,30H,4-5,18-20H2,1-3H3",SYHDSBBKRLVLFF-UHFFFAOYSA-N,2761,triparanol,78-41-1
CCCCC1(COC(=O)CCC(=O)O)C(=O)N(c2ccccc2)N(c2ccccc2)C1=O,"InChI=1S/C24H26N2O6/c1-2-3-16-24(17-32-21(29)15-14-20(27)28)22(30)25(18-10-6-4-7-11-18)26(23(24)31)19-12-8-5-9-13-19/h4-13H,2-3,14-17H2,1H3,(H,27,28)",ONWXNHPOAGOMTG-UHFFFAOYSA-N,2547,suxibuzone,27470-51-5
CCOC(=O)C(CCc1ccccc1)NC(C)C(=O)N1Cc2ccccc2CC1C(=O)O,"InChI=1S/C25H30N2O5/c1-3-32-25(31)21(14-13-18-9-5-4-6-10-18)26-17(2)23(28)27-16-20-12-8-7-11-19(20)15-22(27)24(29)30/h4-12,17,21-22,26H,3,13-16H2,1-2H3,(H,29,30)/t17-,21-,22-/m0/s1",JSDRRTOADPPCHY-HSQYWUDLSA-N,2340,quinapril,85441-61-8
O=C(Nc1cccc(C(F)(F)F)c1)c1cc(Br)cc(Br)c1O,"InChI=1S/C14H8Br2F3NO2/c15-8-5-10(12(21)11(16)6-8)13(22)20-9-3-1-2-7(4-9)14(17,18)19/h1-6,21H,(H,20,22)",VYKKDKFTDMVOBU-UHFFFAOYSA-N,3236,flusalan,4776-06-1
CC(C)(C)C(=O)OCOC(=O)C1N2C(=O)C(N=CN3CCCCCC3)C2SC1(C)C,"InChI=1S/C21H33N3O5S/c1-20(2,3)19(27)29-13-28-18(26)15-21(4,5)30-17-14(16(25)24(15)17)22-12-23-10-8-6-7-9-11-23/h12,14-15,17H,6-11,13H2,1-5H3/b22-12+/t14-,15+,17-/m1/s1",NPGNOVNWUSPMDP-UTEPHESZSA-N,2219,pivmecillinam,32886-97-8
CN1C(CSCC(F)(F)F)Nc2cc(Cl)c(S(N)(=O)=O)cc2S1(=O)=O,"InChI=1S/C11H13ClF3N3O4S3/c1-18-10(4-23-5-11(13,14)15)17-7-2-6(12)8(24(16,19)20)3-9(7)25(18,21)22/h2-3,10,17H,4-5H2,1H3,(H2,16,19,20)",CYLWJCABXYDINA-UHFFFAOYSA-N,2228,polythiazide,346-18-9
Nc1nc(N)c2nc(CNc3ccc(C(=O)NC(CCC(=O)O)C(=O)O)cc3)cnc2n1,"InChI=1S/C19H20N8O5/c20-15-14-16(27-19(21)26-15)23-8-11(24-14)7-22-10-3-1-9(2-4-10)17(30)25-12(18(31)32)5-6-13(28)29/h1-4,8,12,22H,5-7H2,(H,25,30)(H,28,29)(H,31,32)(H4,20,21,23,26,27)/t12-/m0/s1",TVZGACDUOSZQKY-LBPRGKRZSA-N,21,aminopterin,54-62-6
O=C(Cn1cnnn1)NC1C(=O)N2C(C(=O)O)=C(CSc3nncs3)CSC12,"InChI=1S/C13H12N8O4S3/c22-7(1-20-4-14-18-19-20)16-8-10(23)21-9(12(24)25)6(2-26-11(8)21)3-27-13-17-15-5-28-13/h4-5,8,11H,1-3H2,(H,16,22)(H,24,25)/t8-,11-/m1/s1",DZMVCVMFETWNIU-LDYMZIIASA-N,561,ceftezole,26973-24-0
CC(=O)OC1(C(C)=O)CCC2C3CC(C(F)(F)F)=C4CC(=O)CCC4(C)C3CCC21C,"InChI=1S/C24H31F3O4/c1-13(28)23(31-14(2)29)10-7-18-16-12-20(24(25,26)27)19-11-15(30)5-8-21(19,3)17(16)6-9-22(18,23)4/h11,16-18,20H,5-10,12H2,1-4H3/t16-,17+,18+,20+,21-,22+,23+/m1/s1",MXZYUFNILISKBC-WXLIAARGSA-N,3749,flumedroxone acetate,987-18-8
CC(=O)OC1(C(C)=O)CCC2C3CC=C4C=C(OC5CCCC5)CCC4(C)C3CCC21C,"InChI=1S/C28H40O4/c1-18(29)28(32-19(2)30)16-13-25-23-10-9-20-17-22(31-21-7-5-6-8-21)11-14-26(20,3)24(23)12-15-27(25,28)4/h9,17,21,23-25H,5-8,10-16H2,1-4H3/t23-,24+,25+,26+,27+,28+/m1/s1",NSRLWNNZHGRGJS-JVACCQEYSA-N,2089,pentagestrone acetate,1178-60-5
CCCCCCCCCCC(=O)OC1CCC2C3CCc4cc(O)ccc4C3CCC12C,"InChI=1S/C29H44O3/c1-3-4-5-6-7-8-9-10-11-28(31)32-27-17-16-26-25-14-12-21-20-22(30)13-15-23(21)24(25)18-19-29(26,27)2/h13,15,20,24-27,30H,3-12,14,16-19H2,1-2H3/t24-,25-,26+,27+,29+/m1/s1",TXHUMRBWIWWBGW-GVGNIZHQSA-N,1063,estradiol undecylate,3571-53-7
O=C1NCCN1CCN1CCC(c2cn(-c3ccc(F)cc3)c3ccc(Cl)cc23)CC1,"InChI=1S/C24H26ClFN4O/c25-18-1-6-23-21(15-18)22(16-30(23)20-4-2-19(26)3-5-20)17-7-10-28(11-8-17)13-14-29-12-9-27-24(29)31/h1-6,15-17H,7-14H2,(H,27,31)",GZKLJWGUPQBVJQ-UHFFFAOYSA-N,2435,sertindole,106516-24-9
C=C1c2cccc(O)c2C(=O)C2C(=O)C3(O)C(=O)C(C(N)=O)C(=O)C(N(C)C)C3C(O)C12,"InChI=1S/C22H22N2O8/c1-7-8-5-4-6-9(25)11(8)16(26)12-10(7)17(27)14-15(24(2)3)18(28)13(21(23)31)20(30)22(14,32)19(12)29/h4-6,10,14-15,17,25,27-29,32H,1H2,2-3H3,(H2,23,31)/t10-,14-,15+,17+,22+/m1/s1",MHIGBKBJSQVXNH-IWVLMIASSA-N,1727,metacycline,914-00-1
CN1CCN(CC(=O)C2(O)CCC3C4CC=C5CC(=O)C=CC5(C)C4C(O)CC32C)CC1,"InChI=1S/C26H38N2O4/c1-24-8-6-18(29)14-17(24)4-5-19-20-7-9-26(32,25(20,2)15-21(30)23(19)24)22(31)16-28-12-10-27(3)11-13-28/h6,8,14,19-21,23,30,32H,4-5,7,9-13,15-16H2,1-3H3/t19-,20-,21-,23+,24-,25-,26-/m0/s1",CZBOZZDZNVIXFC-VRRJBYJJSA-N,3331,mazipredone,13085-08-0
CC(=O)OCCN1CCN(CCC=C2c3ccccc3Sc3ccc(Cl)cc32)CC1,"InChI=1S/C24H27ClN2O2S/c1-18(28)29-16-15-27-13-11-26(12-14-27)10-4-6-20-21-5-2-3-7-23(21)30-24-9-8-19(25)17-22(20)24/h2-3,5-9,17H,4,10-16H2,1H3/b20-6-",OXAUOBQMCDIVPQ-IOXNKQMXSA-N,4075,zuclopenthixol acetate,85721-05-7
CCCCC(=O)OC1(C(=O)CO)CCC2C3CC=C4CC(=O)C=CC4(C)C3C(O)CC21C,"InChI=1S/C26H36O6/c1-4-5-6-22(31)32-26(21(30)15-27)12-10-19-18-8-7-16-13-17(28)9-11-24(16,2)23(18)20(29)14-25(19,26)3/h9,11,13,18-20,23,27,29H,4-8,10,12,14-15H2,1-3H3/t18-,19-,20-,23+,24-,25-,26-/m0/s1",BOFKYYWJAOZDPB-FZNHGJLXSA-N,3488,prednival,15180-00-4
CC(C)=CCCC(C)=CCCC(C)=CCC=C(C)C=Cc1c(C)c(O)c2ccccc2c1O,"InChI=1S/C31H40O2/c1-22(2)12-9-13-23(3)14-10-15-24(4)16-11-17-25(5)20-21-27-26(6)30(32)28-18-7-8-19-29(28)31(27)33/h7-8,12,14,16,18-20H,9-11,13,15,17,21H2,1-6H3/b23-14+,24-16+,25-20+",DKHGMERMDICWDU-GHDNBGIDSA-N,1685,menatetrenone,863-61-6
CC1CC2C3CC(F)C4=CC(=O)C(Cl)=CC4(C)C3(F)C(O)CC2(C)C1(O)C(=O)CO,"InChI=1S/C22H27ClF2O5/c1-10-4-11-12-5-15(24)13-6-16(27)14(23)7-19(13,2)21(12,25)17(28)8-20(11,3)22(10,30)18(29)9-26/h6-7,10-12,15,17,26,28,30H,4-5,8-9H2,1-3H3/t10-,11+,12+,15+,17+,19+,20+,21+,22+/m1/s1",GGXMRPUKBWXVHE-MIHLVHIWSA-N,1352,halometasone,50629-82-8
COc1ccccc1C(=O)NCCc1ccc(S(=O)(=O)NC(=O)NC2CCCC2)cc1,"InChI=1S/C22H27N3O5S/c1-30-20-9-5-4-8-19(20)21(26)23-15-14-16-10-12-18(13-11-16)31(28,29)25-22(27)24-17-6-2-3-7-17/h4-5,8-13,17H,2-3,6-7,14-15H2,1H3,(H,23,26)(H2,24,25,27)",NSJYMFYVNWVGON-UHFFFAOYSA-N,1303,glisentide,32797-92-5
CS(=O)(=O)c1ccc2c(c1)N(CCCN1CCC(C(N)=O)CC1)c1ccccc1S2,"InChI=1S/C22H27N3O3S2/c1-30(27,28)17-7-8-21-19(15-17)25(18-5-2-3-6-20(18)29-21)12-4-11-24-13-9-16(10-14-24)22(23)26/h2-3,5-8,15-16H,4,9-14H2,1H3,(H2,23,26)",BQDBKDMTIJBJLA-UHFFFAOYSA-N,1784,metopimazine,14008-44-7
CC(=O)OCCN1CCN(CCCN2c3ccccc3Sc3ccc(Cl)cc32)CC1,"InChI=1S/C23H28ClN3O2S/c1-18(28)29-16-15-26-13-11-25(12-14-26)9-4-10-27-20-5-2-3-6-22(20)30-23-8-7-19(24)17-21(23)27/h2-3,5-8,17H,4,9-16H2,1H3",AIUHRQHVWSUTGJ-UHFFFAOYSA-N,2634,thiopropazate,84-06-0
O=C1CSC2(CCN(CCCN3c4ccccc4Sc4ccc(Cl)cc43)CC2)N1,"InChI=1S/C22H24ClN3OS2/c23-16-6-7-20-18(14-16)26(17-4-1-2-5-19(17)29-20)11-3-10-25-12-8-22(9-13-25)24-21(27)15-28-22/h1-2,4-7,14H,3,8-13,15H2,(H,24,27)",CFOYBMUYCBSDAL-UHFFFAOYSA-N,2469,spiclomazine,24527-27-3
O=C(O)C1OC(Oc2cc3oc(-c4ccccc4)cc(=O)c3c(O)c2O)C(O)C(O)C1O,"InChI=1S/C21H18O11/c22-9-6-10(8-4-2-1-3-5-8)30-11-7-12(14(23)15(24)13(9)11)31-21-18(27)16(25)17(26)19(32-21)20(28)29/h1-7,16-19,21,23-27H,(H,28,29)/t16-,17-,18+,19-,21+/m0/s1",IKIIZLYTISPENI-ZFORQUDYSA-N,4055,baicalin,21967-41-9
CCCCOC(=O)C(=O)C1C(C)CC2C3CC(F)C4=CC(=O)C=CC4(C)C3C(O)CC21C,"InChI=1S/C26H35FO5/c1-5-6-9-32-24(31)23(30)21-14(2)10-17-16-12-19(27)18-11-15(28)7-8-25(18,3)22(16)20(29)13-26(17,21)4/h7-8,11,14,16-17,19-22,29H,5-6,9-10,12-13H2,1-4H3/t14-,16+,17+,19+,20+,21-,22-,25+,26+/m1/s1",XWTIDFOGTCVGQB-FHIVUSPVSA-N,3234,fluocortin butyl,41767-29-7
NC(=O)C1(N2CCCCC2)CCN(CCCN2c3ccccc3CCc3ccccc32)CC1,"InChI=1S/C28H38N4O/c29-27(33)28(31-18-6-1-7-19-31)15-21-30(22-16-28)17-8-20-32-25-11-4-2-9-23(25)13-14-24-10-3-5-12-26(24)32/h2-5,9-12H,1,6-8,13-22H2,(H2,29,33)",NWPJLRSCSQHPJV-UHFFFAOYSA-N,517,carpipramine,5942-95-0
O=c1c(C(CC(O)c2ccc(Cl)cc2)c2ccc(Cl)s2)c(O)oc2ccccc12,"InChI=1S/C22H16Cl2O4S/c23-13-7-5-12(6-8-13)16(25)11-15(18-9-10-19(24)29-18)20-21(26)14-3-1-2-4-17(14)28-22(20)27/h1-10,15-16,25-26H,11H2",WRGOVNKNTPWHLZ-UHFFFAOYSA-N,2674,tioclomarol,22619-35-8
CCOC(=O)OC(C)OC1=C(C(=O)Nc2ccccn2)N(C)S(=O)(=O)c2ccccc21,"InChI=1S/C20H21N3O7S/c1-4-28-20(25)30-13(2)29-18-14-9-5-6-10-15(14)31(26,27)23(3)17(18)19(24)22-16-11-7-8-12-21-16/h5-13H,4H2,1-3H3,(H,21,22,24)",LSNWBKACGXCGAJ-UHFFFAOYSA-N,199,ampiroxicam,99464-64-9
CNC1C(O)C(OC2C(N)CC(N)C(OC3OC(CN)=CCC3N)C2O)OCC1(C)O,"InChI=1S/C19H37N5O7/c1-19(27)7-28-18(13(26)16(19)24-2)31-15-11(23)5-10(22)14(12(15)25)30-17-9(21)4-3-8(6-20)29-17/h3,9-18,24-27H,4-7,20-23H2,1-2H3/t9-,10+,11-,12+,13-,14-,15+,16-,17-,18-,19+/m1/s1",URWAJWIAIPFPJE-YFMIWBNJSA-N,2447,sisomicin,32385-11-8
CC(=O)C12OC(C)(c3ccccc3)OC1CC1C3CC=C4CC(=O)CCC4(C)C3CCC12C,"InChI=1S/C29H36O4/c1-18(30)29-25(32-28(4,33-29)19-8-6-5-7-9-19)17-24-22-11-10-20-16-21(31)12-14-26(20,2)23(22)13-15-27(24,29)3/h5-9,16,22-25H,10-15,17H2,1-4H3/t22-,23+,24+,25-,26+,27+,28-,29-/m1/s1",AHBKIEXBQNRDNL-FVCOMRFXSA-N,797,algestone acetophenide,24356-94-3
Cc1cc(C(=O)NCCc2ccc(S(=O)(=O)NC(=O)NN3CCCCCC3)cc2)no1,"InChI=1S/C20H27N5O5S/c1-15-14-18(23-30-15)19(26)21-11-10-16-6-8-17(9-7-16)31(28,29)24-20(27)22-25-12-4-2-3-5-13-25/h6-9,14H,2-5,10-13H2,1H3,(H,21,26)(H2,22,24,27)",ZKUDBRCEOBOWLF-UHFFFAOYSA-N,1305,glisoxepide,25046-79-1
CC(C)=CCOc1ccc(C=CC(=O)c2ccc(OCC=C(C)C)cc2OCC(=O)O)cc1,"InChI=1S/C27H30O6/c1-19(2)13-15-31-22-8-5-21(6-9-22)7-12-25(28)24-11-10-23(32-16-14-20(3)4)17-26(24)33-18-27(29)30/h5-14,17H,15-16,18H2,1-4H3,(H,29,30)",GFWRVVCDTLRWPK-UHFFFAOYSA-N,2456,sofalcone,64506-49-6
CC(=O)SC1C=C2CC(=O)CC(SC(C)=O)C2(C)C2CCC3(C)C(CCC3(C)O)C12,"InChI=1S/C24H34O4S2/c1-13(25)29-19-11-15-10-16(27)12-20(30-14(2)26)24(15,5)18-6-8-22(3)17(21(18)19)7-9-23(22,4)28/h10,17-21,28H,6-9,11-12H2,1-5H3/t17-,18-,19+,20-,21-,22-,23-,24-/m0/s1",YUOZKOLALXNELS-SQVYRKCQSA-N,3844,tiomesterone,2205-73-4
CC(C=Cc1c(C)c(O)c2ccccc2c1O)=CCCC(C)CCCC(C)CCCC(C)C,"InChI=1S/C31H46O2/c1-22(2)12-9-13-23(3)14-10-15-24(4)16-11-17-25(5)20-21-27-26(6)30(32)28-18-7-8-19-29(28)31(27)33/h7-8,18-20,22-24H,9-17,21H2,1-6H3/b25-20+/t23-,24-/m1/s1",MBWXNTAXLNYFJB-NKFFZRIASA-N,2843,phytomenadione,84-80-0
NCC1CCC(N)C(OC2C(N)CC(N)C(OC3OC(CO)C(O)C(N)C3O)C2O)O1,"InChI=1S/C18H37N5O8/c19-4-6-1-2-7(20)17(28-6)30-15-8(21)3-9(22)16(14(15)27)31-18-13(26)11(23)12(25)10(5-24)29-18/h6-18,24-27H,1-5,19-23H2/t6-,7+,8-,9+,10+,11-,12+,13+,14-,15+,16-,17+,18+/m0/s1",JJCQSGDBDPYCEO-XVZSLQNASA-N,855,dibekacin,34493-98-6
OCCN1CCCN(CCCN2c3ccccc3Sc3ccc(C(F)(F)F)cc32)CC1,"InChI=1S/C23H28F3N3OS/c24-23(25,26)18-7-8-22-20(17-18)29(19-5-1-2-6-21(19)31-22)12-4-11-27-9-3-10-28(14-13-27)15-16-30/h1-2,5-8,17,30H,3-4,9-16H2",LOHNHQLZFYCAEQ-UHFFFAOYSA-N,1382,homofenazine,3833-99-6
O=[N+]([O-])OCC(O[N+](=O)[O-])C(O[N+](=O)[O-])C(O[N+](=O)[O-])C(CO[N+](=O)[O-])O[N+](=O)[O-],"InChI=1S/C6H8N6O18/c13-7(14)25-1-3(27-9(17)18)5(29-11(21)22)6(30-12(23)24)4(28-10(19)20)2-26-8(15)16/h3-6H,1-2H2/t3-,4-,5-,6-/m1/s1",DGMJZELBSFOPHH-KVTDHHQDSA-N,3330,mannite hexanitrate,15825-70-4
CCOC(=O)C(CCc1ccccc1)NC(C)C(=O)N(CC(=O)O)C1Cc2ccccc2C1,"InChI=1S/C26H32N2O5/c1-3-33-26(32)23(14-13-19-9-5-4-6-10-19)27-18(2)25(31)28(17-24(29)30)22-15-20-11-7-8-12-21(20)16-22/h4-12,18,22-23,27H,3,13-17H2,1-2H3,(H,29,30)/t18-,23-/m0/s1",WOUOLAUOZXOLJQ-MBSDFSHPSA-N,798,delapril,83435-66-9
CCOC(=O)C1(c2ccccc2)CCN(CCC(C#N)(c2ccccc2)c2ccccc2)CC1,"InChI=1S/C30H32N2O2/c1-2-34-28(33)29(25-12-6-3-7-13-25)18-21-32(22-19-29)23-20-30(24-31,26-14-8-4-9-15-26)27-16-10-5-11-17-27/h3-17H,2,18-23H2,1H3",HYPPXZBJBPSRLK-UHFFFAOYSA-N,918,diphenoxylate,915-30-0
CCCCOc1ccc(C[N+]2(C)C3CCC2CC(OC(=O)C(CO)c2ccccc2)C3)cc1,"InChI=1S/C28H38NO4/c1-3-4-16-32-25-14-10-21(11-15-25)19-29(2)23-12-13-24(29)18-26(17-23)33-28(31)27(20-30)22-8-6-5-7-9-22/h5-11,14-15,23-24,26-27,30H,3-4,12-13,16-20H2,1-2H3/q+1/t23-,24+,26-,27-,29?/m1/s1",ALVDDLOWVXJXCD-JZDGNOGPSA-N,456,butropium,29025-14-7
Cc1onc(-c2c(F)cccc2Cl)c1C(=O)NC1C(=O)N2C1SC(C)(C)C2C(=O)O,"InChI=1S/C19H17ClFN3O5S/c1-7-10(12(23-29-7)11-8(20)5-4-6-9(11)21)15(25)22-13-16(26)24-14(18(27)28)19(2,3)30-17(13)24/h4-6,13-14,17H,1-3H3,(H,22,25)(H,27,28)/t13-,14+,17-/m1/s1",UIOFUWFRIANQPC-JKIFEVAISA-N,1183,floxacillin,5250-39-5
NCC1OC(OC2C(N)CC(N)C(O)C2OC2OC(CO)C(O)C2O)C(N)C(O)C1O,"InChI=1S/C17H34N4O10/c18-2-6-10(24)12(26)8(21)16(28-6)30-14-5(20)1-4(19)9(23)15(14)31-17-13(27)11(25)7(3-22)29-17/h4-17,22-27H,1-3,18-21H2/t4-,5+,6-,7-,8-,9+,10-,11-,12-,13-,14-,15-,16-,17+/m1/s1",NSKGQURZWSPSBC-VVPCINPTSA-N,3526,ribostamycin,25546-65-0
CC1(C)SC2C(NC(=O)C(C(=O)Oc3ccccc3)c3ccccc3)C(=O)N2C1C(=O)O,"InChI=1S/C23H22N2O6S/c1-23(2)17(21(28)29)25-19(27)16(20(25)32-23)24-18(26)15(13-9-5-3-6-10-13)22(30)31-14-11-7-4-8-12-14/h3-12,15-17,20H,1-2H3,(H,24,26)(H,28,29)/t15?,16-,17+,20-/m1/s1",NZDASSHFKWDBBU-KVMCETHSSA-N,507,carfecillin,27025-49-6
Clc1ccc(C(Cn2ccnc2)OCc2ccc(Sc3ccccc3)cc2)c(Cl)c1,"InChI=1S/C24H20Cl2N2OS/c25-19-8-11-22(23(26)14-19)24(15-28-13-12-27-17-28)29-16-18-6-9-21(10-7-18)30-20-4-2-1-3-5-20/h1-14,17,24H,15-16H2",ZCJYUTQZBAIHBS-UHFFFAOYSA-N,1166,fenticonazole,72479-26-6
CCOC(=O)C1=C(C)N=C(C)C(C(=O)OCC)C1c1ccccc1C=CC(=O)OC(C)(C)C,"InChI=1S/C26H33NO6/c1-8-31-24(29)21-16(3)27-17(4)22(25(30)32-9-2)23(21)19-13-11-10-12-18(19)14-15-20(28)33-26(5,6)7/h10-15,23,27H,8-9H2,1-7H3/b15-14+",GKQPCPXONLDCMU-CCEZHUSRSA-N,1532,lacidipine,103890-78-4
Cc1cc2nc3c(=O)[nH]c(=O)nc-3n(CC(O)C(O)C(O)COP(=O)(O)O)c2cc1C,"InChI=1S/C17H21N4O9P/c1-7-3-9-10(4-8(7)2)21(15-13(18-9)16(25)20-17(26)19-15)5-11(22)14(24)12(23)6-30-31(27,28)29/h3-4,11-12,14,22-24H,5-6H2,1-2H3,(H,20,25,26)(H2,27,28,29)/t11-,12+,14-/m0/s1",FVTCRASFADXXNN-SCRDCRAPSA-N,2374,riboflavin phosphate,130-40-5
C[N+]1(Cc2ccc(-c3ccccc3)cc2)C2CCC1CC(OC(=O)C(CO)c1ccccc1)C2,"InChI=1S/C30H34NO3/c1-31(20-22-12-14-24(15-13-22)23-8-4-2-5-9-23)26-16-17-27(31)19-28(18-26)34-30(33)29(21-32)25-10-6-3-7-11-25/h2-15,26-29,32H,16-21H2,1H3/q+1/t26-,27+,28+,29?,31?",QDCILXFPWMMNQY-DNYGJFJUSA-N,2850,xenytropium,38971-12-9
CCC1C2CC3C4N(C)c5ccccc5C45CC(C2C5O)[N+]3(CC(O)CN(CC)CC)C1O,"InChI=1S/C27H42N3O3/c1-5-17-18-12-21-24-27(19-10-8-9-11-20(19)28(24)4)13-22(23(18)25(27)32)30(21,26(17)33)15-16(31)14-29(6-2)7-3/h8-11,16-18,21-26,31-33H,5-7,12-15H2,1-4H3/q+1/t16?,17-,18-,21-,22-,23-,24-,25+,26+,27+,30-/m0/s1",IXLGLCQSNUMEGQ-PYJPINIGSA-N,823,detajmium,47719-70-0
COc1ccc2c(c1)OC(C)(C)C(c1ccccc1)C2c1ccc(OCCN2CCCC2)cc1,"InChI=1S/C30H35NO3/c1-30(2)29(23-9-5-4-6-10-23)28(26-16-15-25(32-3)21-27(26)34-30)22-11-13-24(14-12-22)33-20-19-31-17-7-8-18-31/h4-6,9-16,21,28-29H,7-8,17-20H2,1-3H3",XZEUAXYWNKYKPL-UHFFFAOYSA-N,570,ormeloxifene,31477-60-8
CN1CCN(CCCCn2c(O)cn(N=Cc3ccc(-c4ccc(Cl)cc4)o3)c2=O)CC1,"InChI=1S/C23H28ClN5O3/c1-26-12-14-27(15-13-26)10-2-3-11-28-22(30)17-29(23(28)31)25-16-20-8-9-21(32-20)18-4-6-19(24)7-5-18/h4-9,16H,2-3,10-15,17H2,1H3",MREBEPTUUMTTIA-UHFFFAOYSA-N,274,azimilide,149908-53-2
COC1C(OC(=O)C=CC=CC=CC=CC(=O)O)CCC2(CO2)C1C1(C)OC1CC=C(C)C,"InChI=1S/C26H34O7/c1-18(2)13-14-20-25(3,33-20)24-23(30-4)19(15-16-26(24)17-31-26)32-22(29)12-10-8-6-5-7-9-11-21(27)28/h5-13,19-20,23-24H,14-17H2,1-4H3,(H,27,28)/b7-5+,8-6+,11-9+,12-10+/t19-,20-,23-,24-,25+,26+/m1/s1",NGGMYCMLYOUNGM-CSDLUJIJSA-N,3253,fumagillin,23110-15-8
COc1ccc(CCN2CCC(Nc3nc4ccccc4n3Cc3ccc(F)cc3)CC2)cc1,"InChI=1S/C28H31FN4O/c1-34-25-12-8-21(9-13-25)14-17-32-18-15-24(16-19-32)30-28-31-26-4-2-3-5-27(26)33(28)20-22-6-10-23(29)11-7-22/h2-13,24H,14-20H2,1H3,(H,30,31)",GXDALQBWZGODGZ-UHFFFAOYSA-N,249,astemizole,68844-77-9
CC(C)(C)CC(=O)OCC(=O)C1(O)CCC2C3CC=C4CC(=O)C=CC4(C)C3C(O)CC21C,"InChI=1S/C27H38O6/c1-24(2,3)14-22(31)33-15-21(30)27(32)11-9-19-18-7-6-16-12-17(28)8-10-25(16,4)23(18)20(29)13-26(19,27)5/h8,10,12,18-20,23,29,32H,6-7,9,11,13-15H2,1-5H3/t18-,19-,20-,23+,25-,26-,27-/m0/s1",HUMXXHTVHHLNRO-KAJVQRHHSA-N,2251,prednisolone tebutate,7681-14-3
CC(=O)OCC(=O)C12N=C(C)OC1CC1C3CC=C4CC(=O)C=CC4(C)C3(F)C(O)CC12C,"InChI=1S/C25H30FNO6/c1-13-27-25(20(31)12-32-14(2)28)21(33-13)10-18-17-6-5-15-9-16(29)7-8-22(15,3)24(17,26)19(30)11-23(18,25)4/h7-9,17-19,21,30H,5-6,10-12H2,1-4H3/t17-,18-,19-,21+,22-,23-,24-,25+/m0/s1",BYZCJOHDXLROEC-RBWIMXSLSA-N,3231,fluazacort,19888-56-3
O=C(CN1CCN(Cc2ccc3c(c2)OCO3)CC1)N1c2ccccc2Sc2ccccc21,"InChI=1S/C26H25N3O3S/c30-26(29-20-5-1-3-7-24(20)33-25-8-4-2-6-21(25)29)17-28-13-11-27(12-14-28)16-19-9-10-22-23(15-19)32-18-31-22/h1-10,15H,11-14,16-18H2",UBAJTZKNDCEGKL-UHFFFAOYSA-N,1156,fenoverine,37561-27-6
CC12C=CC(=O)C=C1CCC1C2C(O)CC2(C)C1CCC2(O)C(=O)COC(=O)CCC(=O)O,"InChI=1S/C25H32O8/c1-23-9-7-15(26)11-14(23)3-4-16-17-8-10-25(32,24(17,2)12-18(27)22(16)23)19(28)13-33-21(31)6-5-20(29)30/h7,9,11,16-18,22,27,32H,3-6,8,10,12-13H2,1-2H3,(H,29,30)/t16-,17-,18-,22+,23-,24-,25-/m0/s1",APGDTXUMTIZLCJ-CGVGKPPMSA-N,2246,prednisolone succinate,2920-86-7
CCC(=O)OC1(C(=O)COC(C)=O)CCC2C3CC=C4CC(=O)CCC4(C)C3C(O)CC21C,"InChI=1S/C26H36O7/c1-5-22(31)33-26(21(30)14-32-15(2)27)11-9-19-18-7-6-16-12-17(28)8-10-24(16,3)23(18)20(29)13-25(19,26)4/h12,18-20,23,29H,5-11,13-14H2,1-4H3/t18-,19-,20-,23+,24-,25-,26-/m0/s1",MFBMYAOAMQLLPK-FZNHGJLXSA-N,1389,hydrocortisone aceponate,74050-20-7
Cc1oc(=O)oc1CN1CCN(c2cc3c(cc2F)c(=O)c(C(=O)O)c2n3C(C)S2)CC1,"InChI=1S/C21H20FN3O6S/c1-10-16(31-21(29)30-10)9-23-3-5-24(6-4-23)15-8-14-12(7-13(15)22)18(26)17(20(27)28)19-25(14)11(2)32-19/h7-8,11H,3-6,9H2,1-2H3,(H,27,28)",PWNMXPDKBYZCOO-UHFFFAOYSA-N,2325,prulifloxacin,123447-62-1
Cc1oc(=O)oc1COC(=O)C1N2C(=O)C(NC(=O)C(N)c3ccccc3)C2SC1(C)C,"InChI=1S/C21H23N3O7S/c1-10-12(31-20(28)30-10)9-29-19(27)15-21(2,3)32-18-14(17(26)24(15)18)23-16(25)13(22)11-7-5-4-6-8-11/h4-8,13-15,18H,9,22H2,1-3H3,(H,23,25)/t13-,14-,15+,18-/m1/s1",ZKUKMWMSYCIYRD-ZXFNITATSA-N,1553,lenampicillin,86273-18-9
CN1C(C(=O)Nc2ccccn2)=C(OC(=O)C=Cc2ccccc2)c2ccccc2S1(=O)=O,"InChI=1S/C24H19N3O5S/c1-27-22(24(29)26-20-13-7-8-16-25-20)23(18-11-5-6-12-19(18)33(27,30)31)32-21(28)15-14-17-9-3-2-4-10-17/h2-16H,1H3,(H,25,26,29)/b15-14+",GPUVGQIASQNZET-CCEZHUSRSA-N,655,cinnoxicam,87234-24-0
CC1(C)SC2C(NC(=O)C(NC(=O)N3CCNC3=O)c3ccccc3)C(=O)N2C1C(=O)O,"InChI=1S/C20H23N5O6S/c1-20(2)13(17(28)29)25-15(27)12(16(25)32-20)22-14(26)11(10-6-4-3-5-7-10)23-19(31)24-9-8-21-18(24)30/h3-7,11-13,16H,8-9H2,1-2H3,(H,21,30)(H,22,26)(H,23,31)(H,28,29)/t11-,12-,13+,16-/m1/s1",JTWOMNBEOCYFNV-NFFDBFGFSA-N,277,azlocillin,37091-66-0
CC1=C(C(=O)OCOC(=O)C(C)(C)C)N2C(=O)C(NC(=O)C(N)c3ccccc3)C2SC1,"InChI=1S/C22H27N3O6S/c1-12-10-32-19-15(24-17(26)14(23)13-8-6-5-7-9-13)18(27)25(19)16(12)20(28)30-11-31-21(29)22(2,3)4/h5-9,14-15,19H,10-11,23H2,1-4H3,(H,24,26)/t14-,15-,19-/m1/s1",DIGADQKVPFDJSI-SPYBWZPUSA-N,2217,cefalexin pivoxil,27726-31-4
Cc1ccc(C(=O)Oc2cc(OC(=O)c3ccc(C)cc3)cc(C(O)CNC(C)(C)C)c2)cc1,"InChI=1S/C28H31NO5/c1-18-6-10-20(11-7-18)26(31)33-23-14-22(25(30)17-29-28(3,4)5)15-24(16-23)34-27(32)21-12-8-19(2)9-13-21/h6-16,25,29-30H,17H2,1-5H3",GYJSIOWQEUTITA-UHFFFAOYSA-N,2685,tobuterol,75626-99-2
Cc1ccc(C(=O)Oc2ccc(C(O)CNC(C)(C)C)cc2OC(=O)c2ccc(C)cc2)cc1,"InChI=1S/C28H31NO5/c1-18-6-10-20(11-7-18)26(31)33-24-15-14-22(23(30)17-29-28(3,4)5)16-25(24)34-27(32)21-12-8-19(2)9-13-21/h6-16,23,29-30H,17H2,1-5H3",FZGVEKPRDOIXJY-UHFFFAOYSA-N,384,bitolterol,30392-40-6
FC1(F)C(F)(F)C(F)(F)C2(F)C(F)(F)C(F)(F)C(F)(F)C(F)(F)C2(F)C1(F)F,"InChI=1S/C10F18/c11-1-2(12,5(17,18)9(25,26)7(21,22)3(1,13)14)6(19,20)10(27,28)8(23,24)4(1,15)16",UWEYRJFJVCLAGH-UHFFFAOYSA-N,2103,perflunafene,306-94-5
NC(C(=O)NC1C(=O)N2C(C(=O)O)=C(CSc3c[nH]nn3)CSC12)c1ccc(O)cc1,"InChI=1S/C18H18N6O5S2/c19-12(8-1-3-10(25)4-2-8)15(26)21-13-16(27)24-14(18(28)29)9(7-31-17(13)24)6-30-11-5-20-23-22-11/h1-5,12-13,17,25H,6-7,19H2,(H,21,26)(H,28,29)(H,20,22,23)/t12-,13-,17-/m1/s1",UOCJDOLVGGIYIQ-PBFPGSCMSA-N,529,cefatrizine,51627-14-6
Cn1nnnc1SCC1=C(C(=O)O)N2C(=O)C(NC(=O)C(O)c3ccccc3)C2SC1,"InChI=1S/C18H18N6O5S2/c1-23-18(20-21-22-23)31-8-10-7-30-16-11(15(27)24(16)12(10)17(28)29)19-14(26)13(25)9-5-3-2-4-6-9/h2-6,11,13,16,25H,7-8H2,1H3,(H,19,26)(H,28,29)/t11-,13-,16-/m1/s1",OLVCFLKTBJRLHI-AXAPSJFSSA-N,527,cefamandole,34444-01-4
CC(C)(C)C(=O)SCC(=O)C1(O)CCC2C3CC=C4CC(=O)CCC4(C)C3C(O)CC21C,"InChI=1S/C26H38O5S/c1-23(2,3)22(30)32-14-20(29)26(31)11-9-18-17-7-6-15-12-16(27)8-10-24(15,4)21(17)19(28)13-25(18,26)5/h12,17-19,21,28,31H,6-11,13-14H2,1-5H3/t17-,18-,19-,21+,24-,25-,26-/m0/s1",BISFDZNIUZIKJD-XDANTLIUSA-N,4064,tixocortol,55560-96-8
CC(C)(C)C(=O)OCOC(=O)C1N2C(=O)C(NC(=O)C(N)c3ccccc3)C2SC1(C)C,"InChI=1S/C22H29N3O6S/c1-21(2,3)20(29)31-11-30-19(28)15-22(4,5)32-18-14(17(27)25(15)18)24-16(26)13(23)12-9-7-6-8-10-12/h6-10,13-15,18H,11,23H2,1-5H3,(H,24,26)/t13-,14-,15+,18-/m1/s1",ZEMIJUDPLILVNQ-ZXFNITATSA-N,2218,pivampicillin,33817-20-8
CNCC1CCC(N)C(OC2C(N)CC(N)C(OC3OCC(C)(O)C(NC)C3O)C2O)O1,"InChI=1S/C20H41N5O7/c1-20(28)8-29-19(14(27)17(20)25-3)32-16-12(23)6-11(22)15(13(16)26)31-18-10(21)5-4-9(30-18)7-24-2/h9-19,24-28H,4-8,21-23H2,1-3H3/t9-,10+,11-,12+,13-,14+,15+,16-,17+,18+,19+,20-/m0/s1",DNYGXMICFMACRA-XHEDQWPISA-N,1801,micronomicin,52093-21-7
CNC(=O)c1cccc2c(Nc3ccc(NS(C)(=O)=O)cc3OC)c3cccc(C)c3nc12,"InChI=1S/C24H24N4O4S/c1-14-7-5-8-16-21(14)27-23-17(9-6-10-18(23)24(29)25-2)22(16)26-19-12-11-15(13-20(19)32-3)28-33(4,30)31/h5-13,28H,1-4H3,(H,25,29)(H,26,27)",TWHSQQYCDVSBRK-UHFFFAOYSA-N,252,asulacrine,80841-47-0
CN1CCN(C=C2N=C3CN=C(c4ccccc4Cl)c4cc([N+](=O)[O-])ccc4N3C2=O)CC1,"InChI=1S/C23H21ClN6O3/c1-27-8-10-28(11-9-27)14-19-23(31)29-20-7-6-15(30(32)33)12-17(20)22(25-13-21(29)26-19)16-4-2-3-5-18(16)24/h2-7,12,14H,8-11,13H2,1H3/b19-14-",UTEFBSAVJNEPTR-RGEXLXHISA-N,1602,loprazolam,61197-73-7
CCOC(=O)OC(C)OC(=O)C1N2C(=O)C(NC(=O)C(N)c3ccccc3)C2SC1(C)C,"InChI=1S/C21H27N3O7S/c1-5-29-20(28)31-11(2)30-19(27)15-21(3,4)32-18-14(17(26)24(15)18)23-16(25)13(22)12-9-7-6-8-10-12/h6-11,13-15,18H,5,22H2,1-4H3,(H,23,25)/t11?,13-,14-,15+,18-/m1/s1",PFOLLRNADZZWEX-FFGRCDKISA-N,280,bacampicillin,50972-17-3
NC(=O)OCC1C(=NC(=O)C(NOCC(=O)O)c2csc(N)n2)C(=O)N1S(=O)(=O)O,"InChI=1S/C12H14N6O10S2/c13-11-15-4(3-29-11)7(17-28-2-6(19)20)9(21)16-8-5(1-27-12(14)23)18(10(8)22)30(24,25)26/h3,5,8H,1-2H2,(H2,13,15)(H2,14,23)(H,16,21)(H,19,20)(H,24,25,26)/b17-7-/t5-,8+/m1/s1",UIMOJFJSJSIGLV-JNHMLNOCSA-N,521,carumonam,87638-04-8
CC(=C(CCOP(=O)(O)O)SC(=O)c1ccccc1)N(C=O)Cc1cnc(C)nc1N,"InChI=1S/C19H23N4O6PS/c1-13(23(12-24)11-16-10-21-14(2)22-18(16)20)17(8-9-29-30(26,27)28)31-19(25)15-6-4-3-5-7-15/h3-7,10,12H,8-9,11H2,1-2H3,(H2,20,21,22)(H2,26,27,28)/b17-13-",BTNNPSLJPBRMLZ-LGMDPLHJSA-N,308,benfotiamine,22457-89-2
CCOC(=O)C(CCc1ccccc1)NC(C)C(=O)N1CC2(CC1C(=O)O)SCCS2,"InChI=1S/C22H30N2O5S2/c1-3-29-21(28)17(10-9-16-7-5-4-6-8-16)23-15(2)19(25)24-14-22(30-11-12-31-22)13-18(24)20(26)27/h4-8,15,17-18,23H,3,9-14H2,1-2H3,(H,26,27)/t15-,17-,18-/m0/s1",HRWCVUIFMSZDJS-SZMVWBNQSA-N,2474,spirapril,83647-97-6
CCC(Cc1cnc2nc(N)nc(N)c2n1)c1ccc(C(=O)NC(CCC(=O)O)C(=O)O)cc1,"InChI=1S/C22H25N7O5/c1-2-11(9-14-10-25-19-17(26-14)18(23)28-22(24)29-19)12-3-5-13(6-4-12)20(32)27-15(21(33)34)7-8-16(30)31/h3-6,10-11,15H,2,7-9H2,1H3,(H,27,32)(H,30,31)(H,33,34)(H4,23,24,25,28,29)/t11?,15-/m0/s1",FSIRXIHZBIXHKT-MHTVFEQDSA-N,986,edatrexate,80576-83-6
CN(C(=O)CN(CCO)CC(=O)N(C)C(C)(C)Cc1ccccc1)C(C)(C)Cc1ccccc1,"InChI=1S/C28H41N3O3/c1-27(2,19-23-13-9-7-10-14-23)29(5)25(33)21-31(17-18-32)22-26(34)30(6)28(3,4)20-24-15-11-8-12-16-24/h7-16,32H,17-22H2,1-6H3",FTLDJPRFCGDUFH-UHFFFAOYSA-N,3407,oxetacaine,126-27-2
CCCN(CCC)C(=O)C(Cc1ccc(OCCN(CC)CC)cc1)NC(=O)c1ccccc1,"InChI=1S/C28H41N3O3/c1-5-18-31(19-6-2)28(33)26(29-27(32)24-12-10-9-11-13-24)22-23-14-16-25(17-15-23)34-21-20-30(7-3)8-4/h9-17,26H,5-8,18-22H2,1-4H3,(H,29,32)",FDBWMYOFXWMGEY-UHFFFAOYSA-N,2681,tiropramide,55837-29-1
O=C(O)c1cc(=O)c2c(OCC(O)COc3cccc4oc(C(=O)O)cc(=O)c34)cccc2o1,"InChI=1S/C23H16O11/c24-11(9-31-14-3-1-5-16-20(14)12(25)7-18(33-16)22(27)28)10-32-15-4-2-6-17-21(15)13(26)8-19(34-17)23(29)30/h1-8,11,24H,9-10H2,(H,27,28)(H,29,30)",IMZMKUWMOSJXDT-UHFFFAOYSA-N,741,cromoglicic acid,16110-51-3
O=C(O)c1[nH]n(-c2ccc(S(=O)(=O)O)cc2)c(=O)c1N=Nc1ccc(S(=O)(=O)O)cc1,"InChI=1S/C16H12N4O9S2/c21-15-13(18-17-9-1-5-11(6-2-9)30(24,25)26)14(16(22)23)19-20(15)10-3-7-12(8-4-10)31(27,28)29/h1-8,21H,(H,22,23)(H,24,25,26)(H,27,28,29)/b18-17+",KPIQXPLWZCDIHI-ISLYRVAYSA-N,2567,tartrazine,1934-21-0
COc1ccc(CN2CCN(C(c3ccc(F)cc3)c3ccc(F)cc3)CC2)c(OC)c1OC,"InChI=1S/C27H30F2N2O3/c1-32-24-13-8-21(26(33-2)27(24)34-3)18-30-14-16-31(17-15-30)25(19-4-9-22(28)10-5-19)20-6-11-23(29)12-7-20/h4-13,25H,14-18H2,1-3H3",JQSAYKKFZOSZGJ-UHFFFAOYSA-N,1595,lomerizine,101477-55-8
CN(C)CC1CCn2cc(c3ccccc32)C2=C(C(=O)NC2=O)c2cn(c3ccccc23)CCO1,"InChI=1S/C28H28N4O3/c1-30(2)15-18-11-12-31-16-21(19-7-3-5-9-23(19)31)25-26(28(34)29-27(25)33)22-17-32(13-14-35-18)24-10-6-4-8-20(22)24/h3-10,16-18H,11-15H2,1-2H3,(H,29,33,34)/t18-/m0/s1",ZCBUQCWBWNUWSU-SFHVURJKSA-N,3533,ruboxistaurin,169939-94-0
CCC(C)(Oc1ccc(C2(c3ccc(OC(C)(CC)C(=O)O)cc3)CCCCC2)cc1)C(=O)O,"InChI=1S/C28H36O6/c1-5-26(3,24(29)30)33-22-14-10-20(11-15-22)28(18-8-7-9-19-28)21-12-16-23(17-13-21)34-27(4,6-2)25(31)32/h10-17H,5-9,18-19H2,1-4H3,(H,29,30)(H,31,32)",BMOVQUBVGICXQN-UHFFFAOYSA-N,680,clinofibrate,30299-08-2
CCC(c1ccc(OCCN(CC)CC)cc1)C(CC)c1ccc(OCCN(CC)CC)cc1,"InChI=1S/C30H48N2O2/c1-7-29(25-13-17-27(18-14-25)33-23-21-31(9-3)10-4)30(8-2)26-15-19-28(20-16-26)34-24-22-32(11-5)12-6/h13-20,29-30H,7-12,21-24H2,1-6H3",UBDWKOZBPSKHMO-UHFFFAOYSA-N,3276,diethylaminoethoxyhexestrol,2691-45-4
CC(C)(Oc1ccc(Cl)cc1)C(=O)OCCCOC(=O)C(C)(C)Oc1ccc(Cl)cc1,"InChI=1S/C23H26Cl2O6/c1-22(2,30-18-10-6-16(24)7-11-18)20(26)28-14-5-15-29-21(27)23(3,4)31-19-12-8-17(25)9-13-19/h6-13H,5,14-15H2,1-4H3",JLRNKCZRCMIVKA-UHFFFAOYSA-N,2444,simfibrate,14929-11-4
CCCC(=O)Nc1ncnc2c1ncn2C1OC2COP(=O)(O)OC2C1OC(=O)CCC,"InChI=1S/C18H24N5O8P/c1-3-5-11(24)22-16-13-17(20-8-19-16)23(9-21-13)18-15(30-12(25)6-4-2)14-10(29-18)7-28-32(26,27)31-14/h8-10,14-15,18H,3-7H2,1-2H3,(H,26,27)(H,19,20,22,24)/t10-,14-,15-,18-/m1/s1",CJGYSWNGNKCJSB-YVLZZHOMSA-N,415,bucladesine,362-74-3
CC(C)(C)c1ccc(C(=O)CCCN2CCC(OC(c3ccccc3)c3ccccc3)CC2)cc1,"InChI=1S/C32H39NO2/c1-32(2,3)28-18-16-25(17-19-28)30(34)15-10-22-33-23-20-29(21-24-33)35-31(26-11-6-4-7-12-26)27-13-8-5-9-14-27/h4-9,11-14,16-19,29,31H,10,15,20-24H2,1-3H3",MJJALKDDGIKVBE-UHFFFAOYSA-N,977,ebastine,90729-43-4
N=C(N)c1ccc(OCCCOc2ccc(C(=N)N)cc2Br)c(Br)c1,"InChI=1S/C17H18Br2N4O2/c18-12-8-10(16(20)21)2-4-14(12)24-6-1-7-25-15-5-3-11(17(22)23)9-13(15)19/h2-5,8-9H,1,6-7H2,(H3,20,21)(H3,22,23)",GMJFVGRUYJHMCO-UHFFFAOYSA-N,3137,dibrompropamidine,496-00-4
CC(=O)Nc1c(Br)cc(Br)cc1CN(C)C12CC3CC(CC(C3)C1)C2,"InChI=1S/C20H26Br2N2O/c1-12(25)23-19-16(6-17(21)7-18(19)22)11-24(2)20-8-13-3-14(9-20)5-15(4-13)10-20/h6-7,13-15H,3-5,8-11H2,1-2H3,(H,23,25)",HJJAXSOTUNRQSF-UHFFFAOYSA-N,86,adamexine,54785-02-3
CCOC(=O)Oc1ccc(CCNC(=O)C(CCSC)NC(C)=O)cc1OC(=O)OCC,"InChI=1S/C21H30N2O8S/c1-5-28-20(26)30-17-8-7-15(13-18(17)31-21(27)29-6-2)9-11-22-19(25)16(10-12-32-4)23-14(3)24/h7-8,13,16H,5-6,9-12H2,1-4H3,(H,22,25)(H,23,24)/t16-/m0/s1",ZLVMAMIPILWYHQ-INIZCTEOSA-N,938,docarpamine,74639-40-0
CC1(C(=O)O)CCC2(C)CCC3(C)C(=C2C1)CC(=O)C1C2(C)CCC(O)C(C)(C)C2CCC13C,"InChI=1S/C30H46O4/c1-25(2)21-8-11-30(7)23(28(21,5)10-9-22(25)32)20(31)16-18-19-17-27(4,24(33)34)13-12-26(19,3)14-15-29(18,30)6/h16,19,21-23,32H,8-15,17H2,1-7H3,(H,33,34)/t19-,21-,22-,23+,26+,27-,28-,29+,30+/m0/s1",MPDGHEJMBKOTSU-YKLVYJNSSA-N,3178,enoxolone,471-53-4
COC1(NC(=O)CSCC#N)C(=O)N2C(C(=O)O)=C(CSc3nnnn3C)CSC21,"InChI=1S/C15H17N7O5S3/c1-21-14(18-19-20-21)30-6-8-5-29-13-15(27-2,17-9(23)7-28-4-3-16)12(26)22(13)10(8)11(24)25/h13H,4-7H2,1-2H3,(H,17,23)(H,24,25)/t13-,15+/m1/s1",SNBUBQHDYVFSQF-HIFRSBDPSA-N,539,cefmetazole,56796-20-4
CCC(=O)OC1(C(=O)COC(C)=O)CCC2C3CC(C)=C4CC(=O)C=CC4(C)C3C(O)CC21C,"InChI=1S/C27H36O7/c1-6-23(32)34-27(22(31)14-33-16(3)28)10-8-19-18-11-15(2)20-12-17(29)7-9-25(20,4)24(18)21(30)13-26(19,27)5/h7,9,12,15,18-19,21,24,30H,6,8,10-11,13-14H2,1-5H3/t15-,18-,19-,21-,24+,25-,26-,27-/m0/s1",DALKLAYLIPSCQL-YPYQNWSCSA-N,1769,methylprednisolone aceponate,86401-95-8
CCOC(=O)CNC(C(=O)N1CCC1C(=O)NCc1ccc(C(N)=NO)cc1)C1CCCCC1,"InChI=1S/C24H35N5O5/c1-2-34-20(30)15-26-21(17-6-4-3-5-7-17)24(32)29-13-12-19(29)23(31)27-14-16-8-10-18(11-9-16)22(25)28-33/h8-11,17,19,21,26,33H,2-7,12-15H2,1H3,(H2,25,28)(H,27,31)/t19-,21+/m0/s1",ZXIBCJHYVWYIKI-PZJWPPBQSA-N,2852,ximelagatran,192939-46-1
CCN(CC)CC(=O)OCC(=O)C1(O)CCC2C3CC=C4CC(=O)C=CC4(C)C3C(O)CC21C,"InChI=1S/C27H39NO6/c1-5-28(6-2)15-23(32)34-16-22(31)27(33)12-10-20-19-8-7-17-13-18(29)9-11-25(17,3)24(19)21(30)14-26(20,27)4/h9,11,13,19-21,24,30,33H,5-8,10,12,14-16H2,1-4H3/t19-,20-,21-,24+,25-,26-,27-/m0/s1",ILZSJEITWDWIRX-FOMYWIRZSA-N,3820,prednisolamate,5626-34-6
CCNNC(=O)C1C(c2cc(OC)c(OC)c(OC)c2)c2cc3c(cc2C(O)C1CO)OCO3,"InChI=1S/C24H30N2O8/c1-5-25-26-24(29)21-15(10-27)22(28)14-9-17-16(33-11-34-17)8-13(14)20(21)12-6-18(30-2)23(32-4)19(7-12)31-3/h6-9,15,20-22,25,27-28H,5,10-11H2,1-4H3,(H,26,29)/t15-,20+,21-,22-/m0/s1",CPTIBDHUFVHUJK-NZYDNVMFSA-N,2312,mitopodozide,1508-45-8
CC1=C2CC(=O)C=CC2(C)C2C(O)CC3(C)C(CCC3(O)C(=O)COC(=O)CCC(=O)O)C2C1,"InChI=1S/C26H34O8/c1-14-10-16-17-7-9-26(33,20(29)13-34-22(32)5-4-21(30)31)25(17,3)12-19(28)23(16)24(2)8-6-15(27)11-18(14)24/h6,8,11,14,16-17,19,23,28,33H,4-5,7,9-10,12-13H2,1-3H3,(H,30,31)/t14-,16-,17-,19-,23+,24-,25-,26-/m0/s1",IMBXEJJVJRTNOW-XYMSELFBSA-N,1771,methylprednisolone succinate,2921-57-5
CC[N+](C)(CC)CCSC1=Nc2ccccc2N=C(c2ccc(Sc3ccccc3)cc2)C1,"InChI=1S/C28H32N3S2/c1-4-31(3,5-2)19-20-32-28-21-27(29-25-13-9-10-14-26(25)30-28)22-15-17-24(18-16-22)33-23-11-7-6-8-12-23/h6-18H,4-5,19-21H2,1-3H3/q+1",MAJFXTGRPADJLU-UHFFFAOYSA-N,2654,tibezonium,54663-47-7
CN(C)C(=O)c1nc(CNC(=O)CN)n(-c2ccc(Cl)cc2C(=O)c2ccccc2Cl)n1,"InChI=1S/C21H20Cl2N6O3/c1-28(2)21(32)20-26-17(11-25-18(30)10-24)29(27-20)16-8-7-12(22)9-14(16)19(31)13-5-3-4-6-15(13)23/h3-9H,10-11,24H2,1-2H3,(H,25,30)",KYHFRCPLIGODFH-UHFFFAOYSA-N,2380,rilmazafone,99593-25-6
N=C(N=C(N)N1CCN(C(N)=NC(=N)Nc2ccc(Cl)cc2)CC1)Nc1ccc(Cl)cc1,"InChI=1S/C20H24Cl2N10/c21-13-1-5-15(6-2-13)27-17(23)29-19(25)31-9-11-32(12-10-31)20(26)30-18(24)28-16-7-3-14(22)4-8-16/h1-8H,9-12H2,(H4,23,25,27,29)(H4,24,26,28,30)",YNCLPFSAZFGQCD-UHFFFAOYSA-N,3467,picloxydine,5636-92-0
O=C1NCN(c2ccccc2)C12CCN(CCCC(c1ccc(F)cc1)c1ccc(F)cc1)CC2,"InChI=1S/C29H31F2N3O/c30-24-12-8-22(9-13-24)27(23-10-14-25(31)15-11-23)7-4-18-33-19-16-29(17-20-33)28(35)32-21-34(29)26-5-2-1-3-6-26/h1-3,5-6,8-15,27H,4,7,16-21H2,(H,32,35)",QOYHHIBFXOOADH-UHFFFAOYSA-N,1222,fluspirilene,1841-19-6
CCNC1CC(N)C(OC2OC(CN)=CCC2N)C(O)C1OC1OCC(C)(O)C(NC)C1O,"InChI=1S/C21H41N5O7/c1-4-26-13-7-12(24)16(32-19-11(23)6-5-10(8-22)31-19)14(27)17(13)33-20-15(28)18(25-3)21(2,29)9-30-20/h5,11-20,25-29H,4,6-9,22-24H2,1-3H3/t11-,12+,13-,14+,15-,16-,17+,18-,19-,20-,21+/m1/s1",CIDUJQMULVCIBT-MQDUPKMGSA-N,1903,netilmicin,56391-56-1
CCN(CC)CC(=O)OCC(=O)C1(O)CCC2C3CC=C4CC(=O)CCC4(C)C3C(O)CC21C,"InChI=1S/C27H41NO6/c1-5-28(6-2)15-23(32)34-16-22(31)27(33)12-10-20-19-8-7-17-13-18(29)9-11-25(17,3)24(19)21(30)14-26(20,27)4/h13,19-21,24,30,33H,5-12,14-16H2,1-4H3/t19-,20-,21-,24+,25-,26-,27-/m0/s1",FWFVLWGEFDIZMJ-FOMYWIRZSA-N,1387,hydrocortamate,76-47-1
CCCCCCCCCCCCCCCC(=O)OCCC1CCN(CCCN2c3ccccc3Sc3ccc(S(=O)(=O)N(C)C)cc32)CC1,"InChI=1S/C40H63N3O4S2/c1-4-5-6-7-8-9-10-11-12-13-14-15-16-22-40(44)47-32-27-34-25-30-42(31-26-34)28-19-29-43-36-20-17-18-21-38(36)48-39-24-23-35(33-37(39)43)49(45,46)41(2)3/h17-18,20-21,23-24,33-34H,4-16,19,22,25-32H2,1-3H3",KTOYYUONFQWSMW-UHFFFAOYSA-N,2193,pipotiazine palmitate,37517-26-3
CCOC(=O)C(CCc1ccccc1)NC1CSC(c2cccs2)CN(CC(=O)O)C1=O,"InChI=1S/C23H28N2O5S2/c1-2-30-23(29)17(11-10-16-7-4-3-5-8-16)24-18-15-32-20(19-9-6-12-31-19)13-25(22(18)28)14-21(26)27/h3-9,12,17-18,20,24H,2,10-11,13-15H2,1H3,(H,26,27)/t17-,18-,20-/m0/s1",FIQOFIRCTOWDOW-BJLQDIEVSA-N,2586,temocapril,111902-57-9
C=C1c2c(Cl)ccc(O)c2C(=O)C2C(=O)C3(O)C(=O)C(C(N)=O)C(=O)C(N(C)C)C3C(O)C12,"InChI=1S/C22H21ClN2O8/c1-6-9-7(23)4-5-8(26)11(9)16(27)12-10(6)17(28)14-15(25(2)3)18(29)13(21(24)32)20(31)22(14,33)19(12)30/h4-5,10,14-15,17,26,28-30,33H,1H2,2-3H3,(H2,24,32)/t10-,14-,15+,17+,22+/m1/s1",GGQJXCQBBONZFX-IWVLMIASSA-N,3333,meclocycline,2013-58-3
CCCCC1(COC(=O)c2ccc(Cl)cc2)C(=O)N(c2ccccc2)N(c2ccccc2)C1=O,"InChI=1S/C27H25ClN2O4/c1-2-3-18-27(19-34-24(31)20-14-16-21(28)17-15-20)25(32)29(22-10-6-4-7-11-22)30(26(27)33)23-12-8-5-9-13-23/h4-17H,2-3,18-19H2,1H3",OZKQTMYKYQGCME-UHFFFAOYSA-N,1138,feclobuzone,23111-34-4
N=C(N)N=c1[nH]c(CSCCN=CNS(=O)(=O)c2ccc(Br)cc2)cs1,"InChI=1S/C14H17BrN6O2S3/c15-10-1-3-12(4-2-10)26(22,23)19-9-18-5-6-24-7-11-8-25-14(20-11)21-13(16)17/h1-4,8-9H,5-7H2,(H,18,19)(H4,16,17,20,21)",ZQHFZHPUZXNPMF-UHFFFAOYSA-N,979,ebrotidine,100981-43-9
CCOC1OC(C(COCc2ccccc2)OCc2ccccc2)C(OCc2ccccc2)C1O,"InChI=1S/C29H34O6/c1-2-32-29-26(30)28(34-20-24-16-10-5-11-17-24)27(35-29)25(33-19-23-14-8-4-9-15-23)21-31-18-22-12-6-3-7-13-22/h3-17,25-30H,2,18-21H2,1H3/t25-,26-,27-,28-,29?/m1/s1",ULLNJSBQMBKOJH-VIVFLBMVSA-N,2730,tribenoside,10310-32-4
CCC1=C(CC2NCCc3cc(OC)c(OC)cc32)CC2c3cc(OC)c(OC)cc3CCN2C1,"InChI=1S/C29H38N2O4/c1-6-18-17-31-10-8-20-14-27(33-3)29(35-5)16-23(20)25(31)12-21(18)11-24-22-15-28(34-4)26(32-2)13-19(22)7-9-30-24/h13-16,24-25,30H,6-12,17H2,1-5H3/t24-,25+/m1/s1",XXLZPUYGHQWHRN-RPBOFIJWSA-N,3129,dihydroemetine,4914-30-1
CN(C)C1C(=O)C(C(N)=O)C(=O)C2(O)C(=O)C3C(=O)c4c(O)ccc(Cl)c4C(C)(O)C3CC12,"InChI=1S/C22H23ClN2O8/c1-21(32)7-6-8-15(25(2)3)17(28)13(20(24)31)19(30)22(8,33)18(29)11(7)16(27)12-10(26)5-4-9(23)14(12)21/h4-5,7-8,15,26,28-29,32-33H,6H2,1-3H3,(H2,24,31)/t7-,8-,15-,21-,22-/m0/s1",CYDMQBQPVICBEU-XRNKAMNCSA-N,624,chlortetracycline,57-62-5
CCCC(=O)OC1(C(=O)CCl)C(C)CC2C3CC=C4CC(=O)C=CC4(C)C3(F)C(=O)CC21C,"InChI=1S/C26H32ClFO5/c1-5-6-22(32)33-26(21(31)14-27)15(2)11-19-18-8-7-16-12-17(29)9-10-23(16,3)25(18,28)20(30)13-24(19,26)4/h9-10,12,15,18-19H,5-8,11,13-14H2,1-4H3/t15-,18-,19-,23-,24-,25-,26-/m0/s1",FBRAWBYQGRLCEK-AVVSTMBFSA-N,3911,clobetasone butyrate,25122-57-0
O=C1NC2CCCCN2C12CCN(CCCN1c3ccccc3CCc3ccc(Cl)cc31)CC2,"InChI=1S/C28H35ClN4O/c29-23-12-11-22-10-9-21-6-1-2-7-24(21)32(25(22)20-23)16-5-15-31-18-13-28(14-19-31)27(34)30-26-8-3-4-17-33(26)28/h1-2,6-7,11-12,20,26H,3-5,8-10,13-19H2,(H,30,34)",PXUIZULXJVRBPC-UHFFFAOYSA-N,1847,mosapramine,89419-40-9
CON=C(C(=O)NC1C(=O)N2C(C(=O)O)=C(Cn3nnc(C)n3)CSC12)c1csc(N)n1,"InChI=1S/C16H17N9O5S2/c1-6-20-23-24(21-6)3-7-4-31-14-10(13(27)25(14)11(7)15(28)29)19-12(26)9(22-30-2)8-5-32-16(17)18-8/h5,10,14H,3-4H2,1-2H3,(H2,17,18)(H,19,26)(H,28,29)/b22-9-/t10-,14-/m1/s1",XSPUSVIQHBDITA-RKYNPMAHSA-N,3076,cefteram,82547-58-8
COC(=O)C1=C(C)N=C(C)C(C(=O)OCCN(C)Cc2ccccc2)C1c1cccc([N+](=O)[O-])c1,"InChI=1S/C26H29N3O6/c1-17-22(25(30)34-4)24(20-11-8-12-21(15-20)29(32)33)23(18(2)27-17)26(31)35-14-13-28(3)16-19-9-6-5-7-10-19/h5-12,15,24,27H,13-14,16H2,1-4H3/t24-/m0/s1",ZBBHBTPTTSWHBA-DEOSSOPVSA-N,5,(S)-nicardipine,76093-36-2
CCC1CN2CCc3cc(OC)c(OC)cc3C2CC1CC1NCCc2cc(OC)c(OC)cc21,"InChI=1S/C29H40N2O4/c1-6-18-17-31-10-8-20-14-27(33-3)29(35-5)16-23(20)25(31)12-21(18)11-24-22-15-28(34-4)26(32-2)13-19(22)7-9-30-24/h13-16,18,21,24-25,30H,6-12,17H2,1-5H3/t18-,21-,24+,25-/m0/s1",AUVVAXYIELKVAI-CKBKHPSWSA-N,1001,emetine,483-18-1
NC(=O)C1(N2CCCCC2)CCN(CCCN2c3ccccc3CCc3ccc(Cl)cc32)CC1,"InChI=1S/C28H37ClN4O/c29-24-12-11-23-10-9-22-7-2-3-8-25(22)33(26(23)21-24)18-6-15-31-19-13-28(14-20-31,27(30)34)32-16-4-1-5-17-32/h2-3,7-8,11-12,21H,1,4-6,9-10,13-20H2,(H2,30,34)",QAZKXHSIKKNOHH-UHFFFAOYSA-N,687,clocapramine,47739-98-0
Cn1cc(NC(=O)c2cc(NC(=O)c3cc(NC=O)cn3C)cn2C)cc1C(=O)NCCC(=N)N,"InChI=1S/C22H27N9O4/c1-29-9-13(26-12-32)6-17(29)21(34)28-15-8-18(31(3)11-15)22(35)27-14-7-16(30(2)10-14)20(33)25-5-4-19(23)24/h6-12H,4-5H2,1-3H3,(H3,23,24)(H,25,33)(H,26,32)(H,27,35)(H,28,34)",UPBAOYRENQEPJO-UHFFFAOYSA-N,3553,stallimycin,636-47-5
CC1(C)SC2C(NC(=O)C(N)c3ccccc3)C(=O)N2C1C(=O)OC1OC(=O)c2ccccc21,"InChI=1S/C24H23N3O6S/c1-24(2)17(22(31)33-23-14-11-7-6-10-13(14)21(30)32-23)27-19(29)16(20(27)34-24)26-18(28)15(25)12-8-4-3-5-9-12/h3-11,15-17,20,23H,25H2,1-2H3,(H,26,28)/t15-,16-,17+,20-,23?/m1/s1",SOROUYSPFADXSN-SUWVAFIASA-N,2554,talampicillin,47747-56-8
NCC1OC(OC2C(N)CC(N)C(OC3OC(CO)C(O)C(N)C3O)C2O)C(N)C(O)C1O,"InChI=1S/C18H37N5O10/c19-2-6-11(26)12(27)9(23)17(30-6)32-15-4(20)1-5(21)16(14(15)29)33-18-13(28)8(22)10(25)7(3-24)31-18/h4-18,24-29H,1-3,19-23H2/t4-,5+,6+,7+,8-,9+,10+,11+,12+,13+,14-,15+,16-,17+,18+/m0/s1",SKKLOUVUUNMCJE-FQSMHNGLSA-N,1520,bekanamycin,4696-76-8
CCCCCCCCOc1ccccc1C(=O)Nc1ccc(C(=O)OCC[N+](C)(CC)CC)cc1,"InChI=1S/C29H42N2O4/c1-5-8-9-10-11-14-22-34-27-16-13-12-15-26(27)28(32)30-25-19-17-24(18-20-25)29(33)35-23-21-31(4,6-2)7-3/h12-13,15-20H,5-11,14,21-23H2,1-4H3/p+1",NQHNLNLJPDMBFN-UHFFFAOYSA-O,2003,otilonium bromide,26095-59-0
O=c1ccn(C2OC(COP(=O)(O)OP(=O)(O)OP(=O)(O)O)C(O)C2O)c(=O)[nH]1,"InChI=1S/C9H15N2O15P3/c12-5-1-2-11(9(15)10-5)8-7(14)6(13)4(24-8)3-23-28(19,20)26-29(21,22)25-27(16,17)18/h1-2,4,6-8,13-14H,3H2,(H,19,20)(H,21,22)(H,10,12,15)(H2,16,17,18)/t4-,6-,7-,8-/m1/s1",PGAVKCOVUIYSFO-XVFCMESISA-N,3639,uridine triphosphate,63-39-8
C[N+]1(CC(=O)c2ccc(-c3ccccc3)cc2)C2CCC1CC(OC(=O)C(CO)c1ccccc1)C2,"InChI=1S/C31H34NO4/c1-32(20-30(34)25-14-12-23(13-15-25)22-8-4-2-5-9-22)26-16-17-27(32)19-28(18-26)36-31(35)29(21-33)24-10-6-3-7-11-24/h2-15,26-29,33H,16-21H2,1H3/q+1/t26-,27+,28+,29-,32?/m1/s1",CSYZZFNWCDOVIM-OCTNZTSRSA-N,1167,fentonium,5868-06-4
COc1ccc(CCN(C)CCCC(C#N)(c2cc(OC)c(OC)c(OC)c2)C(C)C)cc1OC,"InChI=1S/C28H40N2O5/c1-20(2)28(19-29,22-17-25(33-6)27(35-8)26(18-22)34-7)13-9-14-30(3)15-12-21-10-11-23(31-4)24(16-21)32-5/h10-11,16-18,20H,9,12-15H2,1-8H3",XQLWNAFCTODIRK-UHFFFAOYSA-N,1275,gallopamil,16662-47-8
CCC(=O)OC1(C(=O)CCl)C(C)CC2C3CC(F)C4=CC(=O)C=CC4(C)C3(F)C(O)CC21C,"InChI=1S/C25H31ClF2O5/c1-5-21(32)33-25(20(31)12-26)13(2)8-15-16-10-18(27)17-9-14(29)6-7-22(17,3)24(16,28)19(30)11-23(15,25)4/h6-7,9,13,15-16,18-19,30H,5,8,10-12H2,1-4H3/t13-,15-,16-,18-,19-,22-,23-,24-,25-/m0/s1",BDSYKGHYMJNPAB-LICBFIPMSA-N,1349,ulobetasol propionate,66852-54-8
CCOC(=O)C1(OC(=O)C(Cl)Cl)CCC2C3CC=C4CC(=O)C=CC4(C)C3C(O)CC21C,"InChI=1S/C24H30Cl2O6/c1-4-31-21(30)24(32-20(29)19(25)26)10-8-16-15-6-5-13-11-14(27)7-9-22(13,2)18(15)17(28)12-23(16,24)3/h7,9,11,15-19,28H,4-6,8,10,12H2,1-3H3/t15-,16-,17-,18+,22-,23-,24-/m0/s1",QAIOVDNCIZSSSF-RFAJLIJZSA-N,3209,etiprednol dicloacetate,199331-40-3
CN1CCN(CCN2CCN(CCCN3c4ccccc4Sc4ccc(Cl)cc43)CC2)C1=O,"InChI=1S/C25H32ClN5OS/c1-27-11-17-30(25(27)32)18-16-29-14-12-28(13-15-29)9-4-10-31-21-5-2-3-6-23(21)33-24-8-7-20(26)19-22(24)31/h2-3,5-8,19H,4,9-18H2,1H3",OCDYNPAUUKDNOR-UHFFFAOYSA-N,3758,imiclopazine,7224-08-0
CCCCC(=O)OC1(C(=O)COC(C)=O)CCC2C3CC=C4CC(=O)C=CC4(C)C3C(O)CC21C,"InChI=1S/C28H38O7/c1-5-6-7-24(33)35-28(23(32)16-34-17(2)29)13-11-21-20-9-8-18-14-19(30)10-12-26(18,3)25(20)22(31)15-27(21,28)4/h10,12,14,20-22,25,31H,5-9,11,13,15-16H2,1-4H3/t20-,21-,22-,25+,26-,27-,28-/m0/s1",DGYSDXLCLKPUBR-SLPNHVECSA-N,2252,prednisolone valerate acetate,72064-79-0
CC12CCC(=O)C=C1CCC1C2C(O)CC2(C)C1CCC2(O)C(=O)COC(=O)CCC1CCCC1,"InChI=1S/C29H42O6/c1-27-13-11-20(30)15-19(27)8-9-21-22-12-14-29(34,28(22,2)16-23(31)26(21)27)24(32)17-35-25(33)10-7-18-5-3-4-6-18/h15,18,21-23,26,31,34H,3-14,16-17H2,1-2H3/t21-,22-,23-,26+,27-,28-,29-/m0/s1",DLVOSEUFIRPIRM-KAQKJVHQSA-N,1390,hydrocortisone cypionate,508-99-6
CCCCOc1ccc(OCC(=O)N(CCN(CC)CC)c2cc(OCC)ccc2OCC)cc1,"InChI=1S/C28H42N2O5/c1-6-11-20-34-23-12-14-24(15-13-23)35-22-28(31)30(19-18-29(7-2)8-3)26-21-25(32-9-4)16-17-27(26)33-10-5/h12-17,21H,6-11,18-20,22H2,1-5H3",OBQUKWIVMOIRGG-UHFFFAOYSA-N,3226,fenoxedil,54063-40-0
CC1(C)OC2CC3C4CC(F)C5=CC(=O)C=CC5(C)C4(Cl)C(Cl)CC3(C)C2(C(=O)CO)O1,"InChI=1S/C24H29Cl2FO5/c1-20(2)31-19-9-13-14-8-16(27)15-7-12(29)5-6-21(15,3)23(14,26)17(25)10-22(13,4)24(19,32-20)18(30)11-28/h5-7,13-14,16-17,19,28H,8-11H2,1-4H3/t13-,14-,16-,17-,19+,21-,22-,23-,24+/m0/s1",NJNWEGFJCGYWQT-VSXGLTOVSA-N,3232,fluclorolone acetonide,3693-39-8
Oc1c(I)cc(I)c(O)c1I,"InChI=1S/C6H3I3O2/c7-2-1-3(8)6(11)4(9)5(2)10/h1,10-11H",XKFZYVWWXHCHIX-UHFFFAOYSA-N,4033,riodoxol,19403-92-0
O=C(Nc1c(Br)cc(Br)cc1CNC1CCC(O)CC1)c1cccs1,"InChI=1S/C18H20Br2N2O2S/c19-12-8-11(10-21-13-3-5-14(23)6-4-13)17(15(20)9-12)22-18(24)16-2-1-7-25-16/h1-2,7-9,13-14,21,23H,3-6,10H2,(H,22,24)/t13-,14-",SSLHKNBKUBAHJY-HDJSIYSDSA-N,1894,neltenexine,99453-84-6
CC12CCC3c4ccc(O)cc4CCC3C1CC(OC(=O)CCC(=O)O)C2OC(=O)CCC(=O)O,"InChI=1S/C26H32O9/c1-26-11-10-17-16-5-3-15(27)12-14(16)2-4-18(17)19(26)13-20(34-23(32)8-6-21(28)29)25(26)35-24(33)9-7-22(30)31/h3,5,12,17-20,25,27H,2,4,6-11,13H2,1H3,(H,28,29)(H,30,31)/t17-,18-,19+,20-,25+,26+/m1/s1",VBRVDDFOBZNCPF-BRSFZVHSSA-N,1067,estriol succinate,514-68-1
CCOC(=O)OC1(C(=O)COC(=O)CC)CCC2C3CC=C4CC(=O)C=CC4(C)C3C(O)CC21C,"InChI=1S/C27H36O8/c1-5-22(31)34-15-21(30)27(35-24(32)33-6-2)12-10-19-18-8-7-16-13-17(28)9-11-25(16,3)23(18)20(29)14-26(19,27)4/h9,11,13,18-20,23,29H,5-8,10,12,14-15H2,1-4H3/t18-,19-,20-,23+,25-,26-,27-/m0/s1",FNPXMHRZILFCKX-KAJVQRHHSA-N,2243,prednicarbate,73771-04-7
C[N+](C)(C)CCOP(=O)([O-])OP(=O)(O)OCC1OC(n2ccc(N)nc2=O)C(O)C1O,"InChI=1S/C14H26N4O11P2/c1-18(2,3)6-7-26-30(22,23)29-31(24,25)27-8-9-11(19)12(20)13(28-9)17-5-4-10(15)16-14(17)21/h4-5,9,11-13,19-20H,6-8H2,1-3H3,(H3-,15,16,21,22,23,24,25)/t9-,11-,12-,13-/m1/s1",RZZPDXZPRHQOCG-OJAKKHQRSA-N,664,citicoline,987-78-0
Cn1nnnc1SCC1=C(C(=O)O)N2C(=O)C(NC(=O)C(OC=O)c3ccccc3)C2SC1,"InChI=1S/C19H18N6O6S2/c1-24-19(21-22-23-24)33-8-11-7-32-17-12(16(28)25(17)13(11)18(29)30)20-15(27)14(31-9-26)10-5-3-2-4-6-10/h2-6,9,12,14,17H,7-8H2,1H3,(H,20,27)(H,29,30)/t12-,14-,17-/m1/s1",RRJHESVQVSRQEX-SUYBPPKGSA-N,528,cefamandole nafate,42540-40-9
Cc1cccc2c1NC(=O)C2(c1ccc(OS(=O)(=O)O)cc1)c1ccc(OS(=O)(=O)O)cc1,"InChI=1S/C21H17NO9S2/c1-13-3-2-4-18-19(13)22-20(23)21(18,14-5-9-16(10-6-14)30-32(24,25)26)15-7-11-17(12-8-15)31-33(27,28)29/h2-12H,1H3,(H,22,23)(H,24,25,26)(H,27,28,29)",URNFTLVCQLRCMN-UHFFFAOYSA-N,2535,sulisatin,54935-03-4
COC(=O)C1=C(C)N=C(C)C(C(=O)OC2CCN(Cc3ccccc3)C2)C1c1cccc([N+](=O)[O-])c1,"InChI=1S/C27H29N3O6/c1-17-23(26(31)35-3)25(20-10-7-11-21(14-20)30(33)34)24(18(2)28-17)27(32)36-22-12-13-29(16-22)15-19-8-5-4-6-9-19/h4-11,14,22,25,28H,12-13,15-16H2,1-3H3/t22-,25-/m0/s1",VXMOONUMYLCFJD-DHLKQENFSA-N,290,barnidipine,104713-75-9
Cc1cccc(C)c1NC(=O)CN1CCN(CCCC(c2ccc(F)cc2)c2ccc(F)cc2)CC1,"InChI=1S/C30H35F2N3O/c1-22-5-3-6-23(2)30(22)33-29(36)21-35-19-17-34(18-20-35)16-4-7-28(24-8-12-26(31)13-9-24)25-10-14-27(32)15-11-25/h3,5-6,8-15,28H,4,7,16-21H2,1-2H3,(H,33,36)",ZBIAKUMOEKILTF-UHFFFAOYSA-N,1580,lidoflazine,3416-26-0
COCCOC(=O)C1=C(C)N=C(C)C(C(=O)OCC=Cc2ccccc2)C1c1cccc([N+](=O)[O-])c1,"InChI=1S/C27H28N2O7/c1-18-23(26(30)35-14-8-11-20-9-5-4-6-10-20)25(21-12-7-13-22(17-21)29(32)33)24(19(2)28-18)27(31)36-16-15-34-3/h4-13,17,25,28H,14-16H2,1-3H3/b11-8+",KJEBULYHNRNJTE-DHZHZOJOSA-N,642,cilnidipine,132203-70-4
CCC(=O)n1c(=O)n(C2CCN(CCC(C#N)(c3ccccc3)c3ccccc3)CC2)c2ccccc21,"InChI=1S/C31H32N4O2/c1-2-29(36)35-28-16-10-9-15-27(28)34(30(35)37)26-17-20-33(21-18-26)22-19-31(23-32,24-11-5-3-6-12-24)25-13-7-4-8-14-25/h3-16,26H,2,17-22H2,1H3",FLKWNFFCSSJANB-UHFFFAOYSA-N,363,bezitramide,15301-48-1
CN(C)C(=O)C(CC[N+]1([O-])CCC(O)(c2ccc(Cl)cc2)CC1)(c1ccccc1)c1ccccc1,"InChI=1S/C29H33ClN2O3/c1-31(2)27(33)29(24-9-5-3-6-10-24,25-11-7-4-8-12-25)19-22-32(35)20-17-28(34,18-21-32)23-13-15-26(30)16-14-23/h3-16,34H,17-22H2,1-2H3/t28-,32-",KXVSBTJVTUVNPM-UKPNQBOSSA-N,1600,loperamide oxide,106900-12-3
CNC(=O)CC(N)C(=O)NC(C(=O)NC1C(=O)N2C1SC(C)(C)C2C(=O)O)c1ccc(O)cc1,"InChI=1S/C21H27N5O7S/c1-21(2)15(20(32)33)26-18(31)14(19(26)34-21)25-17(30)13(9-4-6-10(27)7-5-9)24-16(29)11(22)8-12(28)23-3/h4-7,11,13-15,19,27H,8,22H2,1-3H3,(H,23,28)(H,24,29)(H,25,30)(H,32,33)/t11-,13-,14-,15+,19-/m1/s1",BHELIUBJHYAEDK-OAIUPTLZSA-N,248,aspoxicillin,63358-49-6
COc1ccc(Cl)cc1C(=O)NCCc1ccc(S(=O)(=O)NC(=O)NC2CCCCC2)cc1,"InChI=1S/C23H28ClN3O5S/c1-32-21-12-9-17(24)15-20(21)22(28)25-14-13-16-7-10-19(11-8-16)33(30,31)27-23(29)26-18-5-3-2-4-6-18/h7-12,15,18H,2-6,13-14H2,1H3,(H,25,28)(H2,26,27,29)",ZNNLBTZKUZBEKO-UHFFFAOYSA-N,1314,glibenclamide,10238-21-8
O=C(O)C(Cc1cc(I)c(O)c(I)c1)c1ccccc1,"InChI=1S/C15H12I2O3/c16-12-7-9(8-13(17)14(12)18)6-11(15(19)20)10-4-2-1-3-5-10/h1-5,7-8,11,18H,6H2,(H,19,20)",IKYIXZSIKOYSLD-UHFFFAOYSA-N,3303,pheniodol sodium,577-91-3
CC1(C)SC2C(NC(=O)C(C(=O)Oc3ccc4c(c3)CCC4)c3ccccc3)C(=O)N2C1C(=O)O,"InChI=1S/C26H26N2O6S/c1-26(2)20(24(31)32)28-22(30)19(23(28)35-26)27-21(29)18(15-7-4-3-5-8-15)25(33)34-17-12-11-14-9-6-10-16(14)13-17/h3-5,7-8,11-13,18-20,23H,6,9-10H2,1-2H3,(H,27,29)(H,31,32)/t18?,19-,20+,23-/m1/s1",JIRBAUWICKGBFE-MNRDOXJOSA-N,508,carindacillin,35531-88-5
CC1CC2C3CC(F)C4=CC(=O)C=CC4(C)C3(F)C(O)CC2(C)C1(O)C(=O)COC(=O)C(C)(C)C,"InChI=1S/C27H36F2O6/c1-14-9-16-17-11-19(28)18-10-15(30)7-8-24(18,5)26(17,29)20(31)12-25(16,6)27(14,34)21(32)13-35-22(33)23(2,3)4/h7-8,10,14,16-17,19-20,31,34H,9,11-13H2,1-6H3/t14-,16+,17+,19+,20+,24+,25+,26+,27+/m1/s1",JWRMHDSINXPDHB-OJAGFMMFSA-N,1198,flumetasone pivalate,2002-29-1
CN1CCC23c4c5ccc(OC(=O)c6cccnc6)c4OC2C(OC(=O)c2cccnc2)C=CC3C1C5,"InChI=1S/C29H25N3O5/c1-32-13-10-29-20-7-9-23(36-28(34)19-5-3-12-31-16-19)26(29)37-25-22(8-6-17(24(25)29)14-21(20)32)35-27(33)18-4-2-11-30-15-18/h2-9,11-12,15-16,20-21,23,26H,10,13-14H2,1H3/t20-,21+,23-,26-,29-/m0/s1",HNDXBGYRMHRUFN-CIVUWBIHSA-N,1918,nicomorphine,639-48-5
COCC(=O)OC1(CCN(C)CCCc2nc3ccccc3[nH]2)CCc2cc(F)ccc2C1C(C)C,"InChI=1S/C29H38FN3O3/c1-20(2)28-23-12-11-22(30)18-21(23)13-14-29(28,36-27(34)19-35-4)15-17-33(3)16-7-10-26-31-24-8-5-6-9-25(24)32-26/h5-6,8-9,11-12,18,20,28H,7,10,13-17,19H2,1-4H3,(H,31,32)/t28-,29-/m0/s1",HBNPJJILLOYFJU-VMPREFPWSA-N,1797,mibefradil,116644-53-2
CC1CC2C3CC=C4CC(=O)C=CC4(C)C3(F)C(O)CC2(C)C1(OC(=O)c1ccccc1)C(=O)CO,"InChI=1S/C29H33FO6/c1-17-13-22-21-10-9-19-14-20(32)11-12-26(19,2)28(21,30)23(33)15-27(22,3)29(17,24(34)16-31)36-25(35)18-7-5-4-6-8-18/h4-8,11-12,14,17,21-23,31,33H,9-10,13,15-16H2,1-3H3/t17-,21-,22-,23-,26-,27-,28-,29-/m0/s1",SOQJPQZCPBDOMF-YCUXZELOSA-N,351,betamethasone benzoate,22298-29-9
CC(=O)C1(O)C=C2C(=O)c3c(c(O)c4ccccc4c3O)C(=O)C2C(OC2CC(N)C(O)C(C)O2)C1,"InChI=1S/C26H27NO9/c1-10-21(29)15(27)7-17(35-10)36-16-9-26(34,11(2)28)8-14-18(16)25(33)20-19(24(14)32)22(30)12-5-3-4-6-13(12)23(20)31/h3-6,10,15-17,21,29,32-34H,7-9,27H2,1-2H3/t10-,15-,16-,17-,21+,26-/m0/s1",XDXDZDZNSLXDNA-TZNDIEGXSA-N,1414,idarubicin,58957-92-9
CC(O)C1C(=O)N2C(C(=O)OCOC(=O)C(C)(C)C)=C(SC3CN(C4=NCCS4)C3)C(C)C12,"InChI=1S/C22H31N3O6S2/c1-11-15-14(12(2)26)18(27)25(15)16(19(28)30-10-31-20(29)22(3,4)5)17(11)33-13-8-24(9-13)21-23-6-7-32-21/h11-15,26H,6-10H2,1-5H3/t11-,12-,14-,15-/m1/s1",SNUDIPVBUUXCDG-QHSBEEBCSA-N,2574,tebipenem pivoxil,161715-24-8
CCOC(=O)C(CCc1ccccc1)NC(C)C(=O)N1Cc2cc(OC)c(OC)cc2CC1C(=O)O,"InChI=1S/C27H34N2O7/c1-5-36-27(33)21(12-11-18-9-7-6-8-10-18)28-17(2)25(30)29-16-20-15-24(35-4)23(34-3)14-19(20)13-22(29)26(31)32/h6-10,14-15,17,21-22,28H,5,11-13,16H2,1-4H3,(H,31,32)/t17-,21-,22-/m0/s1",UWWDHYUMIORJTA-HSQYWUDLSA-N,1827,moexipril,103775-10-6
CC(C)(Oc1ccc(Cl)cc1)C(=O)OC(COC(=O)c1cccnc1)COC(=O)c1cccnc1,"InChI=1S/C25H23ClN2O7/c1-25(2,35-20-9-7-19(26)8-10-20)24(31)34-21(15-32-22(29)17-5-3-11-27-13-17)16-33-23(30)18-6-4-12-28-14-18/h3-14,21H,15-16H2,1-2H3",BFYRHDVAEJIBON-UHFFFAOYSA-N,372,binifibrate,69047-39-8
FC(F)(F)C(F)(F)C(F)(F)C(F)(F)C(F)(F)C(F)(F)C(F)(F)C(F)(F)Br,"InChI=1S/C8BrF17/c9-7(22,23)5(18,19)3(14,15)1(10,11)2(12,13)4(16,17)6(20,21)8(24,25)26",WTWWXOGTJWMJHI-UHFFFAOYSA-N,2102,perflubron,423-55-2
CCCOC1C(O)C(OCC)OC1C(COCc1ccc(Cl)cc1)OCc1ccc(Cl)cc1,"InChI=1S/C25H32Cl2O6/c1-3-13-31-24-22(28)25(30-4-2)33-23(24)21(32-15-18-7-11-20(27)12-8-18)16-29-14-17-5-9-19(26)10-6-17/h5-12,21-25,28H,3-4,13-16H2,1-2H3/t21-,22-,23-,24-,25?/m1/s1",UOYOWSGCMGEQHC-MSEXXDKFSA-N,683,clobenoside,29899-95-4
CCCCN(CCCC)CCC(O)c1cc2c(Cl)cc(Cl)cc2c2cc(C(F)(F)F)ccc12,"InChI=1S/C26H30Cl2F3NO/c1-3-5-10-32(11-6-4-2)12-9-25(33)23-16-22-21(14-18(27)15-24(22)28)20-13-17(26(29,30)31)7-8-19(20)23/h7-8,13-16,25,33H,3-6,9-12H2,1-2H3",FOHHNHSLJDZUGQ-UHFFFAOYSA-N,1350,halofantrine,69756-53-2
CCOc1c(N)c2c(c(OCC)c1OCC)C(C1c3c(cc4c(c3OC)OCO4)CCN1C)OC2=O,"InChI=1S/C26H32N2O8/c1-6-31-23-17-16(18(27)24(32-7-2)25(23)33-8-3)26(29)36-21(17)19-15-13(9-10-28(19)4)11-14-20(22(15)30-5)35-12-34-14/h11,19,21H,6-10,12,27H2,1-5H3",IRGJVQIJENCTQF-UHFFFAOYSA-N,2765,tritoqualine,14504-73-5
CCOCCN(Cc1ccc(CN(CCOCC)C(=O)C(Cl)Cl)cc1)C(=O)C(Cl)Cl,"InChI=1S/C20H28Cl4N2O4/c1-3-29-11-9-25(19(27)17(21)22)13-15-5-7-16(8-6-15)14-26(10-12-30-4-2)20(28)18(23)24/h5-8,17-18H,3-4,9-14H2,1-2H3",MSJLJWCAEPENBL-UHFFFAOYSA-N,2576,teclozan,5560-78-1
CC(=O)OCC(=O)C12OC3(CCCC3)OC1CC1C3CC=C4CC(=O)C=CC4(C)C3(F)C(O)CC12C,"InChI=1S/C28H35FO7/c1-16(30)34-15-22(33)28-23(35-26(36-28)9-4-5-10-26)13-20-19-7-6-17-12-18(31)8-11-24(17,2)27(19,29)21(32)14-25(20,28)3/h8,11-12,19-21,23,32H,4-7,9-10,13-15H2,1-3H3/t19-,20-,21-,23+,24-,25-,27-,28+/m0/s1",ILKJAFIWWBXGDU-MOGDOJJUSA-N,150,amcinonide,51022-69-6
C[N+](C)(CCCCCC[N+](C)(C)C1c2ccccc2-c2ccccc21)C1c2ccccc2-c2ccccc21,"InChI=1S/C36H42N2/c1-37(2,35-31-21-11-7-17-27(31)28-18-8-12-22-32(28)35)25-15-5-6-16-26-38(3,4)36-33-23-13-9-19-29(33)30-20-10-14-24-34(30)36/h7-14,17-24,35-36H,5-6,15-16,25-26H2,1-4H3/q+2",HDZAQYPYABGTCL-UHFFFAOYSA-N,1365,hexafluronium,317-52-2
CC(=O)OCC(=O)C1(OC(=O)C(C)C)C(C)CC2C3CC=C4CC(=O)C=CC4(C)C3(F)C(O)CC21C,"InChI=1S/C28H37FO7/c1-15(2)24(34)36-28(23(33)14-35-17(4)30)16(3)11-21-20-8-7-18-12-19(31)9-10-25(18,5)27(20,29)22(32)13-26(21,28)6/h9-10,12,15-16,20-22,32H,7-8,11,13-14H2,1-6H3/t16-,20-,21-,22-,25-,26-,27-,28-/m0/s1",KGNVBESWWSSQAN-QEVRMTOFSA-N,350,betamethasone acibutate,5534-05-4
OCCN(CCO)c1nc(N2CCCCC2)c2nc(N(CCO)CCO)nc(N3CCCCC3)c2n1,"InChI=1S/C24H40N8O4/c33-15-11-31(12-16-34)23-26-20-19(21(27-23)29-7-3-1-4-8-29)25-24(32(13-17-35)14-18-36)28-22(20)30-9-5-2-6-10-30/h33-36H,1-18H2",IZEKFCXSFNUWAM-UHFFFAOYSA-N,924,dipyridamole,58-32-2
CCCC1CC(C(=O)NC(C(C)Cl)C2OC(SC)C(OP(=O)(O)O)C(O)C2O)N(C)C1,"InChI=1S/C18H34ClN2O8PS/c1-5-6-10-7-11(21(3)8-10)17(24)20-12(9(2)19)15-13(22)14(23)16(18(28-15)31-4)29-30(25,26)27/h9-16,18,22-23H,5-8H2,1-4H3,(H,20,24)(H2,25,26,27)/t9-,10+,11-,12+,13+,14-,15+,16+,18+/m0/s1",UFUVLHLTWXBHGZ-MGZQPHGTSA-N,3909,clindamycin phosphate,24729-96-2
COC(=O)C1=C(C)N=C(C)C(C(=O)OC2CCCN(Cc3ccccc3)C2)C1c1cccc([N+](=O)[O-])c1,"InChI=1S/C28H31N3O6/c1-18-24(27(32)36-3)26(21-11-7-12-22(15-21)31(34)35)25(19(2)29-18)28(33)37-23-13-8-14-30(17-23)16-20-9-5-4-6-10-20/h4-7,9-12,15,23,26,29H,8,13-14,16-17H2,1-3H3/t23-,26?/m1/s1",QZVNQOLPLYWLHQ-GEPVFLLWSA-N,3880,benidipine,105979-17-7
CCCCCCC(COC(=O)c1cccnc1)(COC(=O)c1cccnc1)COC(=O)c1cccnc1,"InChI=1S/C28H31N3O6/c1-2-3-4-5-12-28(19-35-25(32)22-9-6-13-29-16-22,20-36-26(33)23-10-7-14-30-17-23)21-37-27(34)24-11-8-15-31-18-24/h6-11,13-18H,2-5,12,19-21H2,1H3",GUIBJJJLGSYNKE-UHFFFAOYSA-N,1359,hepronicate,7237-81-2
COc1ccc2c(c1)c(CC(=O)OCC(C(=O)O)c1ccccc1)c(C)n2C(=O)c1ccc(Cl)cc1,"InChI=1S/C28H24ClNO6/c1-17-22(15-26(31)36-16-24(28(33)34)18-6-4-3-5-7-18)23-14-21(35-2)12-13-25(23)30(17)27(32)19-8-10-20(29)11-9-19/h3-14,24H,15-16H2,1-2H3,(H,33,34)",UCCJWNPWWPJKGL-UHFFFAOYSA-N,2773,tropesin,65189-78-8
Nc1ncnc2c1ncn2C1OC(COP(=O)(O)OP(=O)(O)OP(=O)(O)O)C(O)C1O,"InChI=1S/C10H16N5O13P3/c11-8-5-9(13-2-12-8)15(3-14-5)10-7(17)6(16)4(26-10)1-25-30(21,22)28-31(23,24)27-29(18,19)20/h2-4,6-7,10,16-17H,1H2,(H,21,22)(H,23,24)(H2,11,12,13)(H2,18,19,20)/t4-,6-,7-,10-/m1/s1",ZKHQWZAMYRWXGA-KQYNXXCUSA-N,91,adenosine triphosphate,56-65-5
FC(F)(F)c1ccc2c(c1)N(CCCN1CCN(CCC3OCCCO3)CC1)c1ccccc1S2,"InChI=1S/C26H32F3N3O2S/c27-26(28,29)20-7-8-24-22(19-20)32(21-5-1-2-6-23(21)35-24)11-3-10-30-13-15-31(16-14-30)12-9-25-33-17-4-18-34-25/h1-2,5-8,19,25H,3-4,9-18H2",GXCXYCOOYDMQOK-UHFFFAOYSA-N,3803,oxaflumazine,16498-21-8
CCCC(=O)OC1(C(=O)COC(C)=O)CCC2C3CC(F)C4=CC(=O)C=CC4(C)C3(F)C(O)CC21C,"InChI=1S/C27H34F2O7/c1-5-6-23(34)36-26(22(33)14-35-15(2)30)10-8-17-18-12-20(28)19-11-16(31)7-9-24(19,3)27(18,29)21(32)13-25(17,26)4/h7,9,11,17-18,20-21,32H,5-6,8,10,12-14H2,1-4H3/t17-,18-,20-,21-,24-,25-,26-,27-/m0/s1",WYQPLTPSGFELIB-JTQPXKBDSA-N,3142,difluprednate,23674-86-4
CCCCC(CC)CN=C(N)N=C(N)NCCCCCCN=C(N)N=C(N)NCC(CC)CCCC,"InChI=1S/C26H56N10/c1-5-9-15-21(7-3)19-33-25(29)35-23(27)31-17-13-11-12-14-18-32-24(28)36-26(30)34-20-22(8-4)16-10-6-2/h21-22H,5-20H2,1-4H3,(H5,27,29,31,33,35)(H5,28,30,32,34,36)",LFVVNPBBFUSSHL-UHFFFAOYSA-N,113,alexidine,22573-93-9
CN(C)C1C(=O)C(C(=O)NCO)C(=O)C2(O)C(=O)C3C(=O)c4c(O)ccc(Cl)c4C(C)(O)C3CC12,"InChI=1S/C23H25ClN2O9/c1-22(34)8-6-9-16(26(2)3)18(30)14(21(33)25-7-27)20(32)23(9,35)19(31)12(8)17(29)13-11(28)5-4-10(24)15(13)22/h4-5,8-9,16,27-28,30-31,34-35H,6-7H2,1-3H3,(H,25,33)/t8-,9-,16-,22-,23-/m0/s1",GJGDLRSSCNAKGL-KMVLDZISSA-N,702,clomocycline,1181-54-0
C=CC1(C)CC(=O)C2(O)C(C)(O1)C(OC(C)=O)C(OC(=O)CCN(C)C)C1C(C)(C)CCC(O)C12C,"InChI=1S/C27H43NO8/c1-10-24(5)15-18(31)27(33)25(6)17(30)11-13-23(3,4)21(25)20(35-19(32)12-14-28(8)9)22(34-16(2)29)26(27,7)36-24/h10,17,20-22,30,33H,1,11-15H2,2-9H3/t17-,20-,21-,22-,24-,25-,26+,27-/m0/s1",RSOZZQTUMVBTMR-XGUNBQNXSA-N,729,colforsin daropate,138605-00-2
COc1cc(Br)c(C[N+]2(CCOCCC3CCC4CC3C4(C)C)CCOCC2)cc1OC,"InChI=1S/C26H41BrNO4/c1-26(2)21-6-5-19(22(26)16-21)7-11-31-12-8-28(9-13-32-14-10-28)18-20-15-24(29-3)25(30-4)17-23(20)27/h15,17,19,21-22H,5-14,16,18H2,1-4H3/q+1",DDHUTBKXLWCZCO-UHFFFAOYSA-N,2174,pinaverium,59995-65-2
CON=C(C(=O)NC1C(=O)N2C(C(=O)O)=C(CSc3nnnn3C)CSC12)c1csc(N)n1,"InChI=1S/C16H17N9O5S3/c1-24-16(20-22-23-24)33-4-6-3-31-13-9(12(27)25(13)10(6)14(28)29)19-11(26)8(21-30-2)7-5-32-15(17)18-7/h5,9,13H,3-4H2,1-2H3,(H2,17,18)(H,19,26)(H,28,29)/b21-8-/t9-,13-/m1/s1",HJJDBAOLQAWBMH-YCRCPZNHSA-N,538,cefmenoxime,65085-01-0
CON=C(C(=O)NC1C(=O)N2C(C(=O)OCOC(=O)C(C)(C)C)=C(C)CSC12)c1csc(N)n1,"InChI=1S/C20H25N5O7S2/c1-9-6-33-16-12(23-14(26)11(24-30-5)10-7-34-19(21)22-10)15(27)25(16)13(9)17(28)31-8-32-18(29)20(2,3)4/h7,12,16H,6,8H2,1-5H3,(H2,21,22)(H,23,26)/b24-11-/t12-,16-/m1/s1",DASYMCLQENWCJG-XUKDPADISA-N,536,cefetamet pivoxil,65243-33-6
COC1(NC(=O)CSC(F)F)C(=O)N2C(C(=O)O)=C(CSc3nnnn3CCO)COC21,"InChI=1S/C15H18F2N6O7S2/c1-29-15(18-8(25)6-31-13(16)17)11(28)23-9(10(26)27)7(4-30-12(15)23)5-32-14-19-20-21-22(14)2-3-24/h12-13,24H,2-6H2,1H3,(H,18,25)(H,26,27)/t12-,15+/m1/s1",UHRBTBZOWWGKMK-DOMZBBRYSA-N,1179,flomoxef,99665-00-6
CC(=O)OC1CCC2(C)C(CCC3(C)C2C(=O)C=C2C4CC(C)(C(=O)O)CCC4(C)CCC23C)C1(C)C,"InChI=1S/C32H48O5/c1-19(33)37-24-10-11-30(6)23(27(24,2)3)9-12-32(8)25(30)22(34)17-20-21-18-29(5,26(35)36)14-13-28(21,4)15-16-31(20,32)7/h17,21,23-25H,9-16,18H2,1-8H3,(H,35,36)/t21-,23-,24-,25+,28+,29-,30-,31+,32+/m0/s1",FTQDJVZNPJRVPG-XWEVEMRCSA-N,62,acetoxolone,6277-14-1
CC(=O)C1(O)C=C2C(=O)c3c(c(O)c4c(O)cccc4c3O)C(=O)C2C(OC2CC(N)C(O)C(C)O2)C1,"InChI=1S/C26H27NO10/c1-9-21(30)13(27)6-16(36-9)37-15-8-26(35,10(2)28)7-12-18(15)25(34)20-19(23(12)32)22(31)11-4-3-5-14(29)17(11)24(20)33/h3-5,9,13,15-16,21,29-30,32,34-35H,6-8,27H2,1-2H3/t9-,13-,15-,16-,21+,26-/m0/s1",XREUEWVEMYWFFA-CSKJXFQVSA-N,510,carubicin,50935-04-1
CON=C(C(=O)NC1C(=O)N2C(C(=O)O)=C(CSc3cnns3)CSC12)c1csc(N)n1,"InChI=1S/C16H15N7O5S4/c1-28-21-9(7-5-31-16(17)19-7)12(24)20-10-13(25)23-11(15(26)27)6(4-30-14(10)23)3-29-8-2-18-22-32-8/h2,5,10,14H,3-4H2,1H3,(H2,17,19)(H,20,24)(H,26,27)/b21-9-/t10-,14-/m1/s1",CXHKZHZLDMQGFF-ZSDSSEDPSA-N,3077,cefuzonam,82219-78-1
CC(C)COC(=O)OCN1C(=O)CN(CCN2CC(=O)N(COC(=O)OCC(C)C)C(=O)C2)CC1=O,"InChI=1S/C22H34N4O10/c1-15(2)11-33-21(31)35-13-25-17(27)7-23(8-18(25)28)5-6-24-9-19(29)26(20(30)10-24)14-36-22(32)34-12-16(3)4/h15-16H,5-14H2,1-4H3",OCOKWVBYZHBHLU-UHFFFAOYSA-N,2455,sobuzoxane,98631-95-9
CON=C(C(=O)NC1C(=O)N2C(C(=O)[O-])=C(C[n+]3cccc4c3CCC4)CSC12)c1csc(N)n1,"InChI=1S/C22H22N6O5S2/c1-33-26-15(13-10-35-22(23)24-13)18(29)25-16-19(30)28-17(21(31)32)12(9-34-20(16)28)8-27-7-3-5-11-4-2-6-14(11)27/h3,5,7,10,16,20H,2,4,6,8-9H2,1H3,(H3-,23,24,25,29,31,32)/b26-15-/t16-,20-/m1/s1",DKOQGJHPHLTOJR-WHRDSVKCSA-N,553,cefpirome,84957-29-9
O=C(C=Cc1ccc(O)c(O)c1)OC1CC(OC(=O)C=Cc2ccc(O)c(O)c2)(C(=O)O)CC(O)C1O,"InChI=1S/C25H24O12/c26-15-5-1-13(9-17(15)28)3-7-21(31)36-20-12-25(24(34)35,11-19(30)23(20)33)37-22(32)8-4-14-2-6-16(27)18(29)10-14/h1-10,19-20,23,26-30,33H,11-12H2,(H,34,35)/b7-3+,8-4+/t19-,20-,23+,25-/m1/s1",YDDUMTOHNYZQPO-RVXRWRFUSA-N,3124,cynarine,30964-13-7
CON=C(C(=O)NC1C(=O)N2C(C(=O)[O-])=C(C[n+]3ccn4ncccc43)CSC12)c1nsc(N)n1,"InChI=1S/C19H17N9O5S2/c1-33-24-11(14-23-19(20)35-25-14)15(29)22-12-16(30)28-13(18(31)32)9(8-34-17(12)28)7-26-5-6-27-10(26)3-2-4-21-27/h2-6,12,17H,7-8H2,1H3,(H3-,20,22,23,25,29,31,32)/b24-11-/t12-,17-/m1/s1",QDUIJCOKQCCXQY-WHJQOFBOSA-N,551,cefozopran,113359-04-9
CC(=O)OC1CC2(C)C(CC(O)C3C4(C)CCC(O)C(C)C4CCC32C)C1=C(CCC=C(C)C)C(=O)O,"InChI=1S/C31H48O6/c1-17(2)9-8-10-20(28(35)36)26-22-15-24(34)27-29(5)13-12-23(33)18(3)21(29)11-14-30(27,6)31(22,7)16-25(26)37-19(4)32/h9,18,21-25,27,33-34H,8,10-16H2,1-7H3,(H,35,36)/b26-20-/t18-,21-,22-,23+,24+,25-,27-,29-,30-,31-/m0/s1",IECPWNUMDGFDKC-MZJAQBGESA-N,1261,fusidic acid,6990-06-3
CC(C)(Sc1cc(C(C)(C)C)c(O)c(C(C)(C)C)c1)Sc1cc(C(C)(C)C)c(O)c(C(C)(C)C)c1,"InChI=1S/C31H48O2S2/c1-27(2,3)21-15-19(16-22(25(21)32)28(4,5)6)34-31(13,14)35-20-17-23(29(7,8)9)26(33)24(18-20)30(10,11)12/h15-18,32-33H,1-14H3",FYPMFJGVHOHGLL-UHFFFAOYSA-N,2269,probucol,23288-49-5
CCN1CCN(C(=O)NC(C(=O)NC2C(=O)N3C2SC(C)(C)C3C(=O)O)c2ccccc2)C(=O)C1=O,"InChI=1S/C23H27N5O7S/c1-4-26-10-11-27(19(32)18(26)31)22(35)25-13(12-8-6-5-7-9-12)16(29)24-14-17(30)28-15(21(33)34)23(2,3)36-20(14)28/h5-9,13-15,20H,4,10-11H2,1-3H3,(H,24,29)(H,25,35)(H,33,34)/t13-,14-,15+,20-/m1/s1",IVBHGBMCVLDMKU-GXNBUGAJSA-N,2187,piperacillin,61477-96-1
CCc1oc2ccccc2c1C(=O)c1cc(I)c(O)c(I)c1,"InChI=1S/C17H12I2O3/c1-2-13-15(10-5-3-4-6-14(10)22-13)16(20)9-7-11(18)17(21)12(19)8-9/h3-8,21H,2H2,1H3",CZCHIEJNWPNBDE-UHFFFAOYSA-N,321,benziodarone,68-90-6
Cc1cc2c(C(C)C)c(O)c(O)c(C=O)c2c(O)c1-c1c(C)cc2c(C(C)C)c(O)c(O)c(C=O)c2c1O,"InChI=1S/C30H30O8/c1-11(2)19-15-7-13(5)21(27(35)23(15)17(9-31)25(33)29(19)37)22-14(6)8-16-20(12(3)4)30(38)26(34)18(10-32)24(16)28(22)36/h7-12,33-38H,1-6H3",QBKSWRVVCFFDOT-UHFFFAOYSA-N,1328,gossypol,303-45-7
CCCC(=O)OC1(C(=O)COC(=O)CC)C(C)CC2C3CC=C4CC(=O)C=CC4(C)C3(F)C(O)CC21C,"InChI=1S/C29H39FO7/c1-6-8-25(35)37-29(23(33)16-36-24(34)7-2)17(3)13-21-20-10-9-18-14-19(31)11-12-26(18,4)28(20,30)22(32)15-27(21,29)5/h11-12,14,17,20-22,32H,6-10,13,15-16H2,1-5H3/t17-,20-,21-,22-,26-,27-,28-,29-/m0/s1",VXOWJCTXWVWLLC-REGDIAEZSA-N,352,betamethasone butyrate propionate,5534-02-1
COc1ccc2c(c1)c(CC(=O)NC1C(O)OC(CO)C(O)C1O)c(C)n2C(=O)c1ccc(Cl)cc1,"InChI=1S/C25H27ClN2O8/c1-12-16(10-20(30)27-21-23(32)22(31)19(11-29)36-25(21)34)17-9-15(35-2)7-8-18(17)28(12)24(33)13-3-5-14(26)6-4-13/h3-9,19,21-23,25,29,31-32,34H,10-11H2,1-2H3,(H,27,30)/t19-,21-,22-,23-,25?/m1/s1",LGAJOMLFGCSBFF-XVBLYABRSA-N,1306,glucametacin,52443-21-7
NCc1ccccc1CC(=O)NC1C(=O)N2C(C(=O)O)=C(CSc3nnnn3CC(=O)O)CSC12,"InChI=1S/C20H21N7O6S2/c21-6-11-4-2-1-3-10(11)5-13(28)22-15-17(31)27-16(19(32)33)12(8-34-18(15)27)9-35-20-23-24-25-26(20)7-14(29)30/h1-4,15,18H,5-9,21H2,(H,22,28)(H,29,30)(H,32,33)/t15-,18-/m1/s1",SLAYUXIURFNXPG-CRAIPNDOSA-N,544,ceforanide,60925-61-3
COC1(NC(=O)CSCC(N)C(=O)O)C(=O)N2C(C(=O)O)=C(CSc3nnnn3C)CSC21,"InChI=1S/C16H21N7O7S3/c1-22-15(19-20-21-22)33-4-7-3-32-14-16(30-2,13(29)23(14)10(7)12(27)28)18-9(24)6-31-5-8(17)11(25)26/h8,14H,3-6,17H2,1-2H3,(H,18,24)(H,25,26)(H,27,28)/t8-,14-,16+/m1/s1",JSDXOWVAHXDYCU-VXSYNFHWSA-N,540,cefminox,84305-41-9
CC12CCC3c4ccc(OC(=O)N(CCCl)CCCl)cc4CCC3C1CCC2OP(=O)(O)O,"InChI=1S/C23H32Cl2NO6P/c1-23-9-8-18-17-5-3-16(31-22(27)26(12-10-24)13-11-25)14-15(17)2-4-19(18)20(23)6-7-21(23)32-33(28,29)30/h3,5,14,18-21H,2,4,6-13H2,1H3,(H2,28,29,30)/t18-,19-,20+,21+,23+/m1/s1",ADFOJJHRTBFFOF-RBRWEJTLSA-N,1066,estramustine phosphate,4891-15-0
COC1(NC(=O)C(C(=O)O)c2ccc(O)cc2)C(=O)N2C(C(=O)O)=C(CSc3nnnn3C)COC21,"InChI=1S/C20H20N6O9S/c1-25-19(22-23-24-25)36-8-10-7-35-18-20(34-2,17(33)26(18)13(10)16(31)32)21-14(28)12(15(29)30)9-3-5-11(27)6-4-9/h3-6,12,18,27H,7-8H2,1-2H3,(H,21,28)(H,29,30)(H,31,32)/t12?,18-,20+/m1/s1",JWCSIUVGFCSJCK-CAVRMKNVSA-N,1851,latamoxef,64952-97-2
FC(F)(F)C(F)(F)C(F)(F)N(C(F)(F)C(F)(F)C(F)(F)F)C(F)(F)C(F)(F)C(F)(F)F,"InChI=1S/C9F21N/c10-1(11,4(16,17)18)7(25,26)31(8(27,28)2(12,13)5(19,20)21)9(29,30)3(14,15)6(22,23)24",JAJLKEVKNDUJBG-UHFFFAOYSA-N,2101,perfluamine,338-83-0
CC1(C)SC2C(NC(=O)C(NC(=O)c3c[nH]c4cccnc4c3=O)c3ccccc3)C(=O)N2C1C(=O)O,"InChI=1S/C25H23N5O6S/c1-25(2)19(24(35)36)30-22(34)17(23(30)37-25)29-21(33)15(12-7-4-3-5-8-12)28-20(32)13-11-27-14-9-6-10-26-16(14)18(13)31/h3-11,15,17,19,23H,1-2H3,(H,27,31)(H,28,32)(H,29,33)(H,35,36)/t15-,17-,19+,23-/m1/s1",XMQVYNAURODYCQ-SLFBBCNNSA-N,227,apalcillin,63469-19-2
CON=C(C(=O)NC1C(=O)N2C(C(=O)[O-])=C(C[n+]3ccc(N)n3CCO)CSC12)c1csc(N)n1,"InChI=1S/C19H22N8O6S2/c1-33-24-12(10-8-35-19(21)22-10)15(29)23-13-16(30)27-14(18(31)32)9(7-34-17(13)27)6-25-3-2-11(20)26(25)4-5-28/h2-3,8,13,17,20,28H,4-7H2,1H3,(H4,21,22,23,29,31,32)/b24-12-/t13-,17-/m1/s1",BHXLLRXDAYEMPP-SBGRAJFYSA-N,545,cefoselis,122841-10-5
OC1(c2ccc(Cl)c(C(F)(F)F)c2)CCN(CCCC(c2ccc(F)cc2)c2ccc(F)cc2)CC1,"InChI=1S/C28H27ClF5NO/c29-26-12-7-21(18-25(26)28(32,33)34)27(36)13-16-35(17-14-27)15-1-2-24(19-3-8-22(30)9-4-19)20-5-10-23(31)11-6-20/h3-12,18,24,36H,1-2,13-17H2",MDLAAYDRRZXJIF-UHFFFAOYSA-N,2080,penfluridol,26864-56-2
C=C1C(=CC=C2CCCC3(C)C2CCC3C(C)CCCC(O)(C(F)(F)F)C(F)(F)F)CC(O)CC1O,"InChI=1S/C27H38F6O3/c1-16(6-4-13-25(36,26(28,29)30)27(31,32)33)21-10-11-22-18(7-5-12-24(21,22)3)8-9-19-14-20(34)15-23(35)17(19)2/h8-9,16,20-23,34-36H,2,4-7,10-15H2,1,3H3/b18-8+,19-9+/t16-,20-,21-,22+,23+,24-/m1/s1",XPYGGHVSFMUHLH-WSRTYSJNSA-N,1127,falecalcitriol,83805-11-2
CC1CCC2N(C1)CC1C(C(O)C(O)C3(O)C1CC14OC5(O)C(O)CCC1(C)C5C(O)C(O)C34)C2(C)O,"InChI=1S/C27H43NO9/c1-11-4-5-14-24(3,34)16-12(10-28(14)9-11)13-8-25-21(26(13,35)22(33)17(16)30)19(32)18(31)20-23(25,2)7-6-15(29)27(20,36)37-25/h11-22,29-36H,4-10H2,1-3H3/t11-,12-,13-,14-,15-,16+,17+,18-,19+,20-,21+,22-,23-,24+,25+,26-,27+/m0/s1",CKJAABZFXLMMCS-MKKPLVDTSA-N,2319,protoverine,76-45-9
COc1cc(C(=O)OCc2cccc(COC(=O)c3cc(OC)c(OC)c(OC)c3)n2)cc(OC)c1OC,"InChI=1S/C27H29NO10/c1-31-20-10-16(11-21(32-2)24(20)35-5)26(29)37-14-18-8-7-9-19(28-18)15-38-27(30)17-12-22(33-3)25(36-6)23(13-17)34-4/h7-13H,14-15H2,1-6H3",DIIBXMIIOQXTHW-UHFFFAOYSA-N,2212,pirozadil,54110-25-7
COc1ccc2c(c1)C(=O)N(CCc1ccc(S(=O)(=O)NC(=O)NC3CCCCC3)cc1)C(=O)C2(C)C,"InChI=1S/C27H33N3O6S/c1-27(2)23-14-11-20(36-3)17-22(23)24(31)30(25(27)32)16-15-18-9-12-21(13-10-18)37(34,35)29-26(33)28-19-7-5-4-6-8-19/h9-14,17,19H,4-8,15-16H2,1-3H3,(H2,28,29,33)",LLJFMFZYVVLQKT-UHFFFAOYSA-N,1302,gliquidone,33342-05-1
CC(=O)OCC(=O)C1(OC(=O)c2ccco2)C(C)CC2C3CC=C4CC(=O)C=CC4(C)C3(F)C(O)CC21C,"InChI=1S/C29H33FO8/c1-16-12-21-20-8-7-18-13-19(32)9-10-26(18,3)28(20,30)23(33)14-27(21,4)29(16,24(34)15-37-17(2)31)38-25(35)22-6-5-11-36-22/h5-6,9-11,13,16,20-21,23,33H,7-8,12,14-15H2,1-4H3/t16-,20+,21+,23+,26+,27+,28+,29+/m1/s1",DDIWRLSEGOVQQD-BJRLRHTOSA-N,825,dexamethasone acefurate,83880-70-0
CCCCN(CCCC)CC(O)c1cc(Cl)cc2c1-c1ccc(Cl)cc1C2=Cc1ccc(Cl)cc1,"InChI=1S/C30H32Cl3NO/c1-3-5-13-34(14-6-4-2)19-29(35)28-18-23(33)17-27-25(15-20-7-9-21(31)10-8-20)26-16-22(32)11-12-24(26)30(27)28/h7-12,15-18,29,35H,3-6,13-14,19H2,1-2H3/b25-15-",DYLGFOYVTXJFJP-MYYYXRDXSA-N,1617,lumefantrine,82186-77-4
C=CC[N+]1(C2CC3C4CCC5CC(O)C(N6CCOCC6)CC5(C)C4CCC3(C)C2OC(C)=O)CCCC1,"InChI=1S/C32H53N2O4/c1-5-14-34(15-6-7-16-34)28-20-26-24-9-8-23-19-29(36)27(33-12-17-37-18-13-33)21-32(23,4)25(24)10-11-31(26,3)30(28)38-22(2)35/h5,23-30,36H,1,6-21H2,2-4H3/q+1/t23-,24+,25-,26-,27-,28-,29-,30-,31-,32-/m0/s1",YXRDKMPIGHSVRX-OOJCLDBCSA-N,2396,rocuronium,119302-91-9
CC1OC(OC2C=C3CCC4C(CCC5(C)C(c6ccc(=O)oc6)CCC45O)C3(C)CC2)C(O)C(O)C1O,"InChI=1S/C30H42O8/c1-16-24(32)25(33)26(34)27(37-16)38-19-8-11-28(2)18(14-19)5-6-22-21(28)9-12-29(3)20(10-13-30(22,29)35)17-4-7-23(31)36-15-17/h4,7,14-16,19-22,24-27,32-35H,5-6,8-13H2,1-3H3/t16-,19-,20+,21-,22+,24-,25+,26+,27-,28-,29+,30-/m0/s1",MYEJFUXQJGHEQK-ALRJYLEOSA-N,2313,proscillaridin,466-06-8
CC(=O)OCC(=O)C1(O)C(C)CC2C3C=C(C)C4=Cc5c(cnn5-c5ccccc5)CC4(C)C3C(O)CC21C,"InChI=1S/C32H38N2O5/c1-18-11-23-25-12-19(2)32(38,28(37)17-39-20(3)35)31(25,5)15-27(36)29(23)30(4)14-21-16-33-34(26(21)13-24(18)30)22-9-7-6-8-10-22/h6-11,13,16,19,23,25,27,29,36,38H,12,14-15,17H2,1-5H3/t19-,23+,25+,27+,29-,30+,31+,32+/m1/s1",RKHQGWMMUURILY-UHRZLXHJSA-N,736,cortivazol,1110-40-3
Cc1c(C)c2c(c(C)c1OC(=O)CCC(=O)O)CCC(C)(CCCC(C)CCCC(C)CCCC(C)C)O2,"InChI=1S/C33H54O5/c1-22(2)12-9-13-23(3)14-10-15-24(4)16-11-20-33(8)21-19-28-27(7)31(25(5)26(6)32(28)38-33)37-30(36)18-17-29(34)35/h22-24H,9-21H2,1-8H3,(H,34,35)/t23-,24-,33-/m1/s1",IELOKBJPULMYRW-NJQVLOCASA-N,2690,tocopherol succinate,4345-03-3
NC(=O)c1cc[n+](CC2=C(C(=O)[O-])N3C(=O)C(NC(=O)C(c4ccccc4)S(=O)(=O)O)C3SC2)cc1,"InChI=1S/C22H20N4O8S2/c23-18(27)13-6-8-25(9-7-13)10-14-11-35-21-15(20(29)26(21)16(14)22(30)31)24-19(28)17(36(32,33)34)12-4-2-1-3-5-12/h1-9,15,17,21H,10-11H2,(H4-,23,24,27,28,30,31,32,33,34)/t15-,17-,21-/m1/s1",SYLKGLMBLAAGSC-QLVMHMETSA-N,558,cefsulodin,62587-73-9
Cc1c(C)c2c(c(C)c1OC(=O)c1cccnc1)CCC(C)(CCCC(C)CCCC(C)CCCC(C)C)O2,"InChI=1S/C35H53NO3/c1-24(2)13-9-14-25(3)15-10-16-26(4)17-11-20-35(8)21-19-31-29(7)32(27(5)28(6)33(31)39-35)38-34(37)30-18-12-22-36-23-30/h12,18,22-26H,9-11,13-17,19-21H2,1-8H3/t25-,26-,35-/m1/s1",MSCCTZZBYHQMQJ-AZAGJHQNSA-N,2689,tocopheryl nicotinate,43119-47-7
CC(C=CC=C(C)C=CC1=C(C)CCCC1(C)C)=CC=CC=C(C)C=CC=C(C)C=CC1=C(C)CCCC1(C)C,"InChI=1S/C40H56/c1-31(19-13-21-33(3)25-27-37-35(5)23-15-29-39(37,7)8)17-11-12-18-32(2)20-14-22-34(4)26-28-38-36(6)24-16-30-40(38,9)10/h11-14,17-22,25-28H,15-16,23-24,29-30H2,1-10H3/b12-11+,19-13+,20-14+,27-25+,28-26+,31-17+,32-18+,33-21+,34-22+",OENHQHLEOONYIE-JLTXGRSLSA-N,345,betacarotene,7235-40-7
CC[N+](CC)(CCNC(=O)C(=O)NCC[N+](CC)(CC)Cc1ccccc1Cl)Cc1ccccc1Cl,"InChI=1S/C28H40Cl2N4O2/c1-5-33(6-2,21-23-13-9-11-15-25(23)29)19-17-31-27(35)28(36)32-18-20-34(7-3,8-4)22-24-14-10-12-16-26(24)30/h9-16H,5-8,17-22H2,1-4H3/p+2",OMHBPUNFVFNHJK-UHFFFAOYSA-P,146,ambenonium,7648-98-8
CC(C(=O)OCCN1CCN(CCOC(=O)C(C)c2cccc3ccccc23)CC1)c1cccc2ccccc12,"InChI=1S/C34H38N2O4/c1-25(29-15-7-11-27-9-3-5-13-31(27)29)33(37)39-23-21-35-17-19-36(20-18-35)22-24-40-34(38)26(2)30-16-8-12-28-10-4-6-14-32(28)30/h3-16,25-26H,17-24H2,1-2H3",ZLFQARCCMWUSQE-UHFFFAOYSA-N,3790,nafiverine,5061-22-3
CC1(C)SC2C(NC(=O)C(NC(=O)N3CCN(S(C)(=O)=O)C3=O)c3ccccc3)C(=O)N2C1C(=O)O,"InChI=1S/C21H25N5O8S2/c1-21(2)14(18(29)30)26-16(28)13(17(26)35-21)22-15(27)12(11-7-5-4-6-8-11)23-19(31)24-9-10-25(20(24)32)36(3,33)34/h4-8,12-14,17H,9-10H2,1-3H3,(H,22,27)(H,23,31)(H,29,30)/t12-,13-,14+,17-/m1/s1",YPBATNHYBCGSSN-VWPFQQQWSA-N,1795,mezlocillin,51481-65-3
Cc1cccc(C)c1N(CC(=O)Nc1ccc(-c2ncon2)cc1)C(=O)C1CCS(=O)(=O)CC1,"InChI=1S/C24H26N4O5S/c1-16-4-3-5-17(2)22(16)28(24(30)19-10-12-34(31,32)13-11-19)14-21(29)26-20-8-6-18(7-9-20)23-25-15-33-27-23/h3-9,15,19H,10-14H2,1-2H3,(H,26,29)",MNHNIVNAFBSLLX-UHFFFAOYSA-N,5266,amenamevir,841301-32-4
Cc1ccc(C(=O)OCc2ccc(C(CN)C(=O)Nc3ccc4cnccc4c3)cc2)c(C)c1,"InChI=1S/C28H27N3O3/c1-18-3-10-25(19(2)13-18)28(33)34-17-20-4-6-21(7-5-20)26(15-29)27(32)31-24-9-8-23-16-30-12-11-22(23)14-24/h3-14,16,26H,15,17,29H2,1-2H3,(H,31,32)/t26-/m1/s1",OURRXQUGYQRVML-AREMUKBSSA-N,5269,netarsudil,1254032-66-0
O=C(O)C1=C(CSc2nnnn2CS(=O)(=O)O)CSC2C(NC(=O)C(O)c3ccccc3)C(=O)N12,"InChI=1S/C18H18N6O8S3/c25-13(9-4-2-1-3-5-9)14(26)19-11-15(27)24-12(17(28)29)10(6-33-16(11)24)7-34-18-20-21-22-23(18)8-35(30,31)32/h1-5,11,13,16,25H,6-8H2,(H,19,26)(H,28,29)(H,30,31,32)/t11-,13-,16-/m1/s1",DYAIAHUQIPBDIP-AXAPSJFSSA-N,542,cefonicid,61270-58-4
COc1cccc2c(O)c3c(c(O)c12)C(=O)C1=C(CC(O)(C(=O)CO)CC1OC1CC(N)C(O)C(C)O1)C3=O,"InChI=1S/C27H29NO11/c1-10-22(31)13(28)6-17(38-10)39-15-8-27(36,16(30)9-29)7-12-19(15)26(35)21-20(24(12)33)23(32)11-4-3-5-14(37-2)18(11)25(21)34/h3-5,10,13,15,17,22,29,31,33,35-36H,6-9,28H2,1-2H3/t10-,13-,15-,17-,22-,27-/m0/s1",AOJJSUZBOXZQNB-VTZDEGQISA-N,1030,epirubicin,56420-45-2
CC12C=CC(=O)C=C1CCC1C2C(O)CC2(C)C1CCC2(O)C(=O)COC(=O)c1cccc(S(=O)(=O)O)c1,"InChI=1S/C28H32O9S/c1-26-10-8-18(29)13-17(26)6-7-20-21-9-11-28(33,27(21,2)14-22(30)24(20)26)23(31)15-37-25(32)16-4-3-5-19(12-16)38(34,35)36/h3-5,8,10,12-13,20-22,24,30,33H,6-7,9,11,14-15H2,1-2H3,(H,34,35,36)/t20-,21-,22-,24+,26-,27-,28-/m0/s1",WVKSUFYQOHQCMM-YGZHYJPASA-N,2250,prednisolone sulfobenzoate,630-67-1
COC1C(C)OC(OC2C=C3CCC4C(CCC5(C)C(c6ccc(=O)oc6)CCC45O)C3(C)CC2)C(O)C1O,"InChI=1S/C31H44O8/c1-17-27(36-4)25(33)26(34)28(38-17)39-20-9-12-29(2)19(15-20)6-7-23-22(29)10-13-30(3)21(11-14-31(23,30)35)18-5-8-24(32)37-16-18/h5,8,15-17,20-23,25-28,33-35H,6-7,9-14H2,1-4H3/t17-,20-,21+,22-,23+,25-,26+,27-,28-,29-,30+,31-/m0/s1",RKWPZPDLTYBKCL-RVZGXXANSA-N,1705,meproscillarin,33396-37-1
COC(=O)CCCCC(CCSSC(CCO)=C(C)N(C=O)Cc1cnc(C)nc1N)SC(C)=O,"InChI=1S/C23H36N4O5S3/c1-16(27(15-29)14-19-13-25-17(2)26-23(19)24)21(9-11-28)35-33-12-10-20(34-18(3)30)7-5-6-8-22(31)32-4/h13,15,20,28H,5-12,14H2,1-4H3,(H2,24,25,26)",VJTXQHYNRDGLON-UHFFFAOYSA-N,1979,octotiamine,137-86-0
Cc1nnc(SCC2=C(C(=O)O)N3C(=O)C(NC(=O)Cn4cc(Cl)c(=O)c(Cl)c4)C3SC2)s1,"InChI=1S/C18H15Cl2N5O5S3/c1-7-22-23-18(33-7)32-6-8-5-31-16-12(15(28)25(16)13(8)17(29)30)21-11(26)4-24-2-9(19)14(27)10(20)3-24/h2-3,12,16H,4-6H2,1H3,(H,21,26)(H,29,30)/t12-,16-/m1/s1",VTLCNEGVSVJLDN-MLGOLLRUSA-N,3071,cefazedone,56187-47-4
COC1C(O)C(C)OC(OC2CCC3(C=O)C(CCC4C3CCC3(C)C(C5=CC(=O)OC5)CCC43O)C2)C1O,"InChI=1S/C30H44O9/c1-16-24(33)26(36-3)25(34)27(38-16)39-19-6-10-29(15-31)18(13-19)4-5-22-21(29)7-9-28(2)20(8-11-30(22,28)35)17-12-23(32)37-14-17/h12,15-16,18-22,24-27,33-35H,4-11,13-14H2,1-3H3/t16-,18+,19-,20+,21-,22+,24-,25-,26+,27-,28+,29+,30-/m0/s1",PMTSPAGBAFCORP-HBUONDEYSA-N,3809,peruvoside,1182-87-2
CCCCCCC(=O)OCCN1CCN(CCCN2c3ccccc3Sc3ccc(C(F)(F)F)cc32)CC1,"InChI=1S/C29H38F3N3O2S/c1-2-3-4-5-11-28(36)37-21-20-34-18-16-33(17-19-34)14-8-15-35-24-9-6-7-10-26(24)38-27-13-12-23(22-25(27)35)29(30,31)32/h6-7,9-10,12-13,22H,2-5,8,11,14-21H2,1H3",LRWSFOSWNAQHHW-UHFFFAOYSA-N,1214,fluphenazine enanthate,2746-81-8
CCCCCCCCN=c1ccn(CCCCCCCCCCn2ccc(=NCCCCCCCC)cc2)cc1,"InChI=1S/C36H62N4/c1-3-5-7-9-15-19-27-37-35-23-31-39(32-24-35)29-21-17-13-11-12-14-18-22-30-40-33-25-36(26-34-40)38-28-20-16-10-8-6-4-2/h23-26,31-34H,3-22,27-30H2,1-2H3",ZVXNYZWXUADSRV-UHFFFAOYSA-N,3394,octenidine,71251-02-0
CC(CCc1ccccc1)NC(C)C(O)c1cc(I)c(O)c(I)c1,"InChI=1S/C19H23I2NO2/c1-12(8-9-14-6-4-3-5-7-14)22-13(2)18(23)15-10-16(20)19(24)17(21)11-15/h3-7,10-13,18,22-24H,8-9H2,1-2H3",RFIXURDMUINBMD-UHFFFAOYSA-N,3045,bufeniode,22103-14-6
NCCC(O)C(=O)NC1CC(N)C(OC2OC(CN)CCC2N)C(O)C1OC1OC(CO)C(O)C(N)C1O,"InChI=1S/C22H44N6O10/c23-4-3-12(30)20(34)28-11-5-10(26)18(37-21-9(25)2-1-8(6-24)35-21)17(33)19(11)38-22-16(32)14(27)15(31)13(7-29)36-22/h8-19,21-22,29-33H,1-7,23-27H2,(H,28,34)/t8-,9+,10-,11+,12-,13+,14-,15+,16+,17-,18+,19-,21+,22+/m0/s1",MKKYBZZTJQGVCD-XTCKQBCOSA-N,235,arbekacin,51025-85-5
CC(C)(CO)C(O)C(=O)NCCC(=O)NCCSSCCNC(=O)CCNC(=O)C(O)C(C)(C)CO,"InChI=1S/C22H42N4O8S2/c1-21(2,13-27)17(31)19(33)25-7-5-15(29)23-9-11-35-36-12-10-24-16(30)6-8-26-20(34)18(32)22(3,4)14-28/h17-18,27-28,31-32H,5-14H2,1-4H3,(H,23,29)(H,24,30)(H,25,33)(H,26,34)/t17-,18-/m0/s1",DJWYOLJPSHDSAL-ROUUACIJSA-N,3417,pantethine,16816-67-4
O=C(OCC(COC(=O)c1cccnc1)(COC(=O)c1cccnc1)COC(=O)c1cccnc1)c1cccnc1,"InChI=1S/C29H24N4O8/c34-25(21-5-1-9-30-13-21)38-17-29(18-39-26(35)22-6-2-10-31-14-22,19-40-27(36)23-7-3-11-32-15-23)20-41-28(37)24-8-4-12-33-16-24/h1-16H,17-20H2",KUEUWHJGRZKESU-UHFFFAOYSA-N,1911,niceritrol,5868-05-3
CN(CCCCCCCCCCN(C)C(=O)Oc1cccc([N+](C)(C)C)c1)C(=O)Oc1cccc([N+](C)(C)C)c1,"InChI=1S/C32H52N4O4/c1-33(31(37)39-29-21-17-19-27(25-29)35(3,4)5)23-15-13-11-9-10-12-14-16-24-34(2)32(38)40-30-22-18-20-28(26-30)36(6,7)8/h17-22,25-26H,9-16,23-24H2,1-8H3/q+2",RWZVPVOZTJJMNU-UHFFFAOYSA-N,801,demecarium,56-94-0
CC(=O)Nc1c(I)cc(I)c(C(=O)O)c1I,"InChI=1S/C9H6I3NO3/c1-3(14)13-8-5(11)2-4(10)6(7(8)12)9(15)16/h2H,1H3,(H,13,14)(H,15,16)",GNOGSFBXBWBTIG-UHFFFAOYSA-N,63,acetrizoic acid,85-36-9
CC=C1CN(C)C2Cc3c([nH]c4ccccc34)C(c3cc4[nH]c5c(c4cc3OC)CCN3CC4CC(CC)C3C5(C(=O)OC)C4)CC1C2C(=O)OC,"InChI=1S/C43H52N4O5/c1-7-24-15-23-20-43(42(49)52-6)39-27(13-14-47(21-23)40(24)43)29-19-36(50-4)30(17-34(29)45-39)31-16-28-25(8-2)22-46(3)35(37(28)41(48)51-5)18-32-26-11-9-10-12-33(26)44-38(31)32/h8-12,17,19,23-24,28,31,35,37,40,44-45H,7,13-16,18,20-22H2,1-6H3/b25-8+/t23-,24+,28+,31-,35+,37+,40+,43-/m1/s1",VCMIRXRRQJNZJT-KANKAIPDSA-N,5100,voacamine,3371-85-5
CCOc1ccc(Cc2cc(C34OCC(CO)(O3)C(O)C(O)C4O)ccc2Cl)cc1,"InChI=1S/C22H25ClO7/c1-2-28-16-6-3-13(4-7-16)9-14-10-15(5-8-17(14)23)22-20(27)18(25)19(26)21(11-24,30-22)12-29-22/h3-8,10,18-20,24-27H,2,9,11-12H2,1H3/t18-,19-,20+,21-,22-/m0/s1",MCIACXAZCBVDEE-CUUWFGFTSA-N,5270,ertugliflozin,1210344-57-2
COCC1=C(C(=O)OC(C)OC(=O)OC(C)C)N2C(=O)C(=NC(=O)C(NOC)c3csc(N)n3)C2SC1,"InChI=1S/C21H27N5O9S2/c1-9(2)33-21(30)35-10(3)34-19(29)15-11(6-31-4)7-36-18-14(17(28)26(15)18)24-16(27)13(25-32-5)12-8-37-20(22)23-12/h8-10,14,18H,6-7H2,1-5H3,(H2,22,23)(H,24,27)/b25-13-/t10?,14-,18-/m1/s1",LTINZAODLRIQIX-FBXRGJNPSA-N,555,cefpodoxime proxetil,87239-81-4
CC(=O)OC1CC2CCC3C(CCC4(C)C3CC([N+]3(C)CCCCC3)C4OC(C)=O)C2(C)CC1N1CCCCC1,"InChI=1S/C34H57N2O4/c1-23(37)39-31-20-25-12-13-26-27(34(25,4)22-29(31)35-16-8-6-9-17-35)14-15-33(3)28(26)21-30(32(33)40-24(2)38)36(5)18-10-7-11-19-36/h25-32H,6-22H2,1-5H3/q+1/t25-,26+,27-,28-,29-,30-,31-,32-,33-,34-/m0/s1",BGSZAXLLHYERSY-XQIGCQGXSA-N,2811,vecuronium,50700-72-6
CCC(Oc1c(I)cc(I)cc1I)C(=O)O,"InChI=1S/C10H9I3O3/c1-2-8(10(14)15)16-9-6(12)3-5(11)4-7(9)13/h3-4,8H,2H2,1H3,(H,14,15)",VYAGDYWTCWDKIS-UHFFFAOYSA-N,3812,phenobutiodil,554-24-5
CC(N)C(=O)NC(C)C(=O)NC1C2CN(c3nc4c(cc3F)c(=O)c(C(=O)O)cn4-c3ccc(F)cc3F)CC21,"InChI=1S/C26H25F3N6O5/c1-10(30)24(37)31-11(2)25(38)32-20-14-7-34(8-15(14)20)23-18(29)6-13-21(36)16(26(39)40)9-35(22(13)33-23)19-4-3-12(27)5-17(19)28/h3-6,9-11,14-15,20H,7-8,30H2,1-2H3,(H,31,37)(H,32,38)(H,39,40)/t10-,11-,14-,15+,20+/m0/s1",UUZPPAMZDFLUHD-VUJLHGSVSA-N,102,alatrofloxacin,146961-76-4
CCCCCCC(=O)OCC(COC(=O)CCCCCC)OC(=O)CCCCCC,"InChI=1S/C24H44O6/c1-4-7-10-13-16-22(25)28-19-21(30-24(27)18-15-12-9-6-3)20-29-23(26)17-14-11-8-5-2/h21H,4-20H2,1-3H3",PJHKBYALYHRYSK-UHFFFAOYSA-N,5399,triheptanoin,620-67-7
CC(C)c1c(C(=O)Nc2ccccc2)c(-c2ccccc2)c(-c2ccc(F)cc2)n1CCC(O)CC(O)CC(=O)O,"InChI=1S/C33H35FN2O5/c1-21(2)31-30(33(41)35-25-11-7-4-8-12-25)29(22-9-5-3-6-10-22)32(23-13-15-24(34)16-14-23)36(31)18-17-26(37)19-27(38)20-28(39)40/h3-16,21,26-27,37-38H,17-20H2,1-2H3,(H,35,41)(H,39,40)/t26-,27-/m1/s1",XUKUURHRXDUEBC-KAYWLYCHSA-N,257,atorvastatin,134523-00-5
CC(=O)OCC(=O)C1(OC(C)=O)CCC2C3CC(F)C4=CC(=O)C(Br)=CC4(C)C3(F)C(O)CC21C,"InChI=1S/C25H29BrF2O7/c1-12(29)34-11-21(33)24(35-13(2)30)6-5-14-15-7-18(27)16-8-19(31)17(26)9-23(16,4)25(15,28)20(32)10-22(14,24)3/h8-9,14-15,18,20,32H,5-7,10-11H2,1-4H3/t14-,15-,18+,20-,22-,23-,24-,25-/m0/s1",YCISZOVUHXIOFY-HKXOFBAYSA-N,1354,halopredone acetate,57781-14-3
COc1ccc(NS(=O)(=O)c2ccc(NC(c3c(C)n(C)n(-c4ccccc4)c3=O)S(=O)(=O)O)cc2)nn1,"InChI=1S/C23H24N6O7S2/c1-15-21(23(30)29(28(15)2)17-7-5-4-6-8-17)22(38(33,34)35)24-16-9-11-18(12-10-16)37(31,32)27-19-13-14-20(36-3)26-25-19/h4-14,22,24H,1-3H3,(H,25,27)(H,33,34,35)",BGLHAKAJGYLSOX-UHFFFAOYSA-N,2509,sulfamazone,65761-24-2
C=C1C(=CC)c2cc3[nH]c(cc4[nH]c(cc5nc(cc1n2)C(CC)=C5C)c(C)c4CCC(=O)O)c(C=CC(=O)O)c3C,"InChI=1S/C34H34N4O4/c1-7-21-17(3)25-13-26-19(5)23(9-11-33(39)40)31(37-26)16-32-24(10-12-34(41)42)20(6)28(38-32)15-30-22(8-2)18(4)27(36-30)14-29(21)35-25/h7-8,13-16,35,38H,1-2,9-12H2,3-6H3,(H,39,40)(H,41,42)/b25-13-,26-13-,27-14-,28-15-,29-14-,30-15-,31-16-,32-16-",KSFOVUSSGSKXFI-UJJXFSCMSA-N,3500,protoporphyrin,553-12-8
CC1(C)C2CCC1(CS(=O)(=O)O)C(=O)C2=Cc1ccc(C=C2C(=O)C3(CS(=O)(=O)O)CCC2C3(C)C)cc1,"InChI=1S/C28H34O8S2/c1-25(2)21-9-11-27(25,15-37(31,32)33)23(29)19(21)13-17-5-7-18(8-6-17)14-20-22-10-12-28(24(20)30,26(22,3)4)16-38(34,35)36/h5-8,13-14,21-22H,9-12,15-16H2,1-4H3,(H,31,32,33)(H,34,35,36)",HEAHZSUCFKFERC-UHFFFAOYSA-N,3171,ecamsule,92761-26-7
CC(C)C1C(=O)N2CCCC2C2(O)OC(NC(=O)C3CC4c5cccc6[nH]cc(c56)CC4N(C)C3)(C(C)C)C(=O)N12,"InChI=1S/C31H41N5O5/c1-16(2)26-28(38)35-11-7-10-24(35)31(40)36(26)29(39)30(41-31,17(3)4)33-27(37)19-12-21-20-8-6-9-22-25(20)18(14-32-22)13-23(21)34(5)15-19/h6,8-9,14,16-17,19,21,23-24,26,32,40H,7,10-13,15H2,1-5H3,(H,33,37)/t19-,21-,23-,24+,26+,30-,31+/m1/s1",SEALOBQTUQIVGU-QNIJNHAOSA-N,3184,dihydroergocornine,25447-65-8
CCCCCCCCCCCCCCCCCCCCCC(=O)Nc1ccn(C2OC(CO)C(O)C2O)c(=O)n1,"InChI=1S/C31H55N3O6/c1-2-3-4-5-6-7-8-9-10-11-12-13-14-15-16-17-18-19-20-21-27(36)32-26-22-23-34(31(39)33-26)30-29(38)28(37)25(24-35)40-30/h22-23,25,28-30,35,37-38H,2-21,24H2,1H3,(H,32,33,36,39)/t25-,28-,29+,30-/m1/s1",SAMRUMKYXPVKPA-VFKOLLTISA-N,1012,enocitabine,55726-47-1
CNC1C(OC2C(OC3C(O)C(O)C(N=C(N)N)C(O)C3N=C(N)N)OC(C)C2CO)OC(CO)C(O)C1O,"InChI=1S/C21H41N7O11/c1-5-6(3-29)16(38-18-10(26-2)14(34)11(31)7(4-30)37-18)19(36-5)39-17-9(28-21(24)25)12(32)8(27-20(22)23)13(33)15(17)35/h5-19,26,29-35H,3-4H2,1-2H3,(H4,22,23,27)(H4,24,25,28)/t5-,6-,7-,8+,9-,10-,11-,12+,13-,14-,15+,16+,17+,18-,19-/m0/s1",RUQATQQNXCPTLL-PQMJGINDSA-N,3133,desoxymycin,26086-49-7
CCCC(C(=O)N=C1C(=O)N2C(C(=O)OCOC(=O)C(C)(C)C)=C(COC(N)=O)CSC12)c1csc(N)n1,"InChI=1S/C23H29N5O8S2/c1-5-6-12(13-9-38-21(24)26-13)16(29)27-14-17(30)28-15(11(7-34-22(25)33)8-37-18(14)28)19(31)35-10-36-20(32)23(2,3)4/h6,9,14,18H,5,7-8,10H2,1-4H3,(H2,24,26)(H2,25,33)(H,27,29)/b12-6-/t14-,18-/m1/s1",WVPAABNYMHNFJG-QDVBXLKVSA-N,532,cefcapene pivoxil,105889-45-0
Cc1c(O)cccc1C(=O)NC(CSc1ccccc1)C(O)CN1CC2CCCCC2CC1C(=O)NC(C)(C)C,"InChI=1S/C32H45N3O4S/c1-21-25(15-10-16-28(21)36)30(38)33-26(20-40-24-13-6-5-7-14-24)29(37)19-35-18-23-12-9-8-11-22(23)17-27(35)31(39)34-32(2,3)4/h5-7,10,13-16,22-23,26-27,29,36-37H,8-9,11-12,17-20H2,1-4H3,(H,33,38)(H,34,39)/t22-,23+,26-,27-,29+/m0/s1",QAGYKUNXZHXKMR-HKWSIXNMSA-N,1893,nelfinavir,159989-64-7
COc1cc(C(=O)Nc2c(Br)cc(Br)cc2CN(C)C2CCCCC2)ccc1OC(C)=O,"InChI=1S/C24H28Br2N2O4/c1-15(29)32-21-10-9-16(12-22(21)31-3)24(30)27-23-17(11-18(25)13-20(23)26)14-28(2)19-7-5-4-6-8-19/h9-13,19H,4-8,14H2,1-3H3,(H,27,30)",DQTRREPKGJIABH-UHFFFAOYSA-N,410,brovanexine,54340-61-3
CON=C(C(=O)NC1C(=O)N2C(C(=O)OC(C)OC(=O)C(C)(C)OC)=C(COC(N)=O)CSC12)c1ccco1,"InChI=1S/C23H28N4O11S/c1-11(38-21(31)23(2,3)33-4)37-20(30)16-12(9-36-22(24)32)10-39-19-15(18(29)27(16)19)25-17(28)14(26-34-5)13-7-6-8-35-13/h6-8,11,15,19H,9-10H2,1-5H3,(H2,24,32)(H,25,28)/b26-14-/t11?,15-,19-/m1/s1",MGYPWVCKENORQX-KMMUMHRISA-N,567,cefuroxime pivoxetil,100680-33-9
CC(=O)OCC(=O)C12OC(C)(C)OC1CC1C3CC(C=O)=C4C=C(OCCCl)CCC4(C)C3(F)C(O)CC12C,"InChI=1S/C29H38ClFO8/c1-16(33)37-15-23(35)29-24(38-25(2,3)39-29)12-20-21-10-17(14-32)19-11-18(36-9-8-30)6-7-26(19,4)28(21,31)22(34)13-27(20,29)5/h11,14,20-22,24,34H,6-10,12-13,15H2,1-5H3/t20-,21-,22-,24+,26-,27-,28-,29+/m0/s1",QNXUUBBKHBYRFW-QWAPGEGQSA-N,3245,formocortal,2825-60-7
COC(=O)CCC1N=C(c2ccccn2)c2cc(Br)ccc2-n2c(C)cnc21,"InChI=1S/C21H19BrN4O2/c1-13-12-24-21-17(7-9-19(27)28-2)25-20(16-5-3-4-10-23-16)15-11-14(22)6-8-18(15)26(13)21/h3-6,8,10-12,17H,7,9H2,1-2H3/t17-/m0/s1",CYHWMBVXXDIZNZ-KRWDZBQOSA-N,5400,remimazolam,308242-62-8
COc1cnc(-n2cnc(C)n2)c2c1c(C(=O)C(=O)N1CCN(C(=O)c3ccccc3)CC1)cn2COP(=O)(O)O,"InChI=1S/C25H26N7O8P/c1-16-27-14-32(28-16)23-21-20(19(39-2)12-26-23)18(13-31(21)15-40-41(36,37)38)22(33)25(35)30-10-8-29(9-11-30)24(34)17-6-4-3-5-7-17/h3-7,12-14H,8-11,15H2,1-2H3,(H2,36,37,38)",SWMDAPWAQQTBOG-UHFFFAOYSA-N,5401,fostemsavir,864953-29-7
Cc1ccc(-c2ccc(C)cn2)nc1,"InChI=1S/C12H12N2/c1-9-3-5-11(13-7-9)12-6-4-10(2)8-14-12/h3-8H,1-2H3",PTRATZCAGVBFIQ-UHFFFAOYSA-N,5403,abametapir,1762-34-1
CNC1C(O)C(OC2C(NC(=O)C(O)CN)CC(N)C(OC3OC(CN)C(O)C(O)C3O)C2O)OCC1(C)O,"InChI=1S/C22H43N5O12/c1-22(35)6-36-20(15(33)18(22)26-2)39-17-8(27-19(34)9(28)4-23)3-7(25)16(14(17)32)38-21-13(31)12(30)11(29)10(5-24)37-21/h7-18,20-21,26,28-33,35H,3-6,23-25H2,1-2H3,(H,27,34)/t7-,8+,9-,10+,11+,12-,13+,14-,15+,16+,17-,18+,20+,21+,22-/m0/s1",UDIIBEDMEYAVNG-ZKFPOVNWSA-N,1486,isepamicin,58152-03-7
Ic1[nH]c(I)c(I)c1I,InChI=1S/C4HI4N/c5-1-2(6)4(8)9-3(1)7/h9H,VJOVAKSZILJDBB-UHFFFAOYSA-N,3305,iodol,87-58-1
Cc1cc(O)c(C(C)C)cc1N=Nc1ccc(S(=O)(=O)c2ccc(N=Nc3cc(C(C)C)c(O)cc3C)cc2)cc1,"InChI=1S/C32H34N4O4S/c1-19(2)27-17-29(21(5)15-31(27)37)35-33-23-7-11-25(12-8-23)41(39,40)26-13-9-24(10-14-26)34-36-30-18-28(20(3)4)32(38)16-22(30)6/h7-20,37-38H,1-6H3",KHFUQWURHSKTPO-UHFFFAOYSA-N,3726,diathymosulfone,5964-62-5
CC1(C(=O)O)CCC2(C)CCC3(C)C(=C2C1)CC(=O)C1C2(C)CCC(OC(=O)CCC(=O)O)C(C)(C)C2CCC13C,"InChI=1S/C34H50O7/c1-29(2)23-10-13-34(7)27(32(23,5)12-11-24(29)41-26(38)9-8-25(36)37)22(35)18-20-21-19-31(4,28(39)40)15-14-30(21,3)16-17-33(20,34)6/h18,21,23-24,27H,8-17,19H2,1-7H3,(H,36,37)(H,39,40)/t21-,23-,24-,27+,30+,31-,32-,33+,34+/m0/s1",OBZHEBDUNPOCJG-WBXJDKIVSA-N,493,carbenoxolone,5697-56-3
CCC(Cc1c(I)cc(I)c(N)c1I)C(=O)O,"InChI=1S/C11H12I3NO2/c1-2-5(11(16)17)3-6-7(12)4-8(13)10(15)9(6)14/h4-5H,2-3,15H2,1H3,(H,16,17)",OIRFJRBSRORBCM-UHFFFAOYSA-N,1465,iopanoic acid,96-83-3
CCC(Cc1c(I)cc(I)c(O)c1I)C(=O)O,"InChI=1S/C11H11I3O3/c1-2-5(11(16)17)3-6-7(12)4-8(13)10(15)9(6)14/h4-5,15H,2-3H2,1H3,(H,16,17)",GOIQOQCNFWYSTQ-UHFFFAOYSA-N,3308,iophenoic acid,96-84-4
CC(=O)OC1CC2CCC3C(CCC4(C)C3CC([N+]3(C)CCCCC3)C4OC(C)=O)C2(C)CC1[N+]1(C)CCCCC1,"InChI=1S/C35H60N2O4/c1-24(38)40-32-21-26-13-14-27-28(35(26,4)23-31(32)37(6)19-11-8-12-20-37)15-16-34(3)29(27)22-30(33(34)41-25(2)39)36(5)17-9-7-10-18-36/h26-33H,7-23H2,1-6H3/q+2/t26-,27+,28-,29-,30-,31-,32-,33-,34-,35-/m0/s1",GVEAYVLWDAFXET-XGHATYIMSA-N,2052,pancuronium,15500-66-0
CCCCCCCCCCCCCCCCCCOP(=O)(O)OCC1OC(n2ccc(N)nc2=O)C(O)C1O,"InChI=1S/C27H50N3O8P/c1-2-3-4-5-6-7-8-9-10-11-12-13-14-15-16-17-20-36-39(34,35)37-21-22-24(31)25(32)26(38-22)30-19-18-23(28)29-27(30)33/h18-19,22,24-26,31-32H,2-17,20-21H2,1H3,(H,34,35)(H2,28,29,33)/t22-,24-,25+,26-/m1/s1",YJTVZHOYBAOUTO-URBBEOKESA-N,771,cytarabine ocfosfate,73532-83-9
COC1CC(OC2CCC3(C)C(CCC4C3CCC3(C)C(C5=CC(=O)OC5)C(OC(C)=O)CC43O)C2)OC(C)C1O,"InChI=1S/C32H48O9/c1-17-29(35)24(37-5)14-27(39-17)41-21-8-10-30(3)20(13-21)6-7-23-22(30)9-11-31(4)28(19-12-26(34)38-16-19)25(40-18(2)33)15-32(23,31)36/h12,17,20-25,27-29,35-36H,6-11,13-16H2,1-5H3/t17-,20+,21-,22-,23+,24-,25-,27-,28-,29-,30-,31+,32-/m0/s1",JLPDBLFIVFSOCC-XYXFTTADSA-N,3399,oleandrin,465-16-7
CCC(C)C1C(=O)N2CCCC2C2(O)OC(NC(=O)C3C=C4c5cccc6[nH]cc(c56)CC4N(C)C3)(C(C)C)C(=O)N12,"InChI=1S/C32H41N5O5/c1-6-18(4)27-29(39)36-12-8-11-25(36)32(41)37(27)30(40)31(42-32,17(2)3)34-28(38)20-13-22-21-9-7-10-23-26(21)19(15-33-23)14-24(22)35(5)16-20/h7,9-10,13,15,17-18,20,24-25,27,33,41H,6,8,11-12,14,16H2,1-5H3,(H,34,38)/t18-,20+,24+,25-,27-,31+,32-/m0/s1",YYWXOXLDOMRDHW-SDMXVIBFSA-N,3183,beta-Ergocryptine,20315-46-2
CC(C)CC1C(=O)N2CCCC2C2(O)OC(NC(=O)C3C=C4c5cccc6[nH]cc(c56)CC4N(C)C3)(C(C)C)C(=O)N12,"InChI=1S/C32H41N5O5/c1-17(2)12-25-29(39)36-11-7-10-26(36)32(41)37(25)30(40)31(42-32,18(3)4)34-28(38)20-13-22-21-8-6-9-23-27(21)19(15-33-23)14-24(22)35(5)16-20/h6,8-9,13,15,17-18,20,24-26,33,41H,7,10-12,14,16H2,1-5H3,(H,34,38)/t20-,24-,25+,26+,31-,32+/m1/s1",YDOTUXAWKBPQJW-NSLWYYNWSA-N,885,alpha-Ergocryptine,511-09-1
COC(=O)C1C2CC3c4[nH]c5ccccc5c4CCN3CC2CC(OC(=O)c2cc(OC)c(OC)c(OC)c2)C1OC,"InChI=1S/C32H38N2O8/c1-37-24-12-17(13-25(38-2)29(24)39-3)31(35)42-26-14-18-16-34-11-10-20-19-8-6-7-9-22(19)33-28(20)23(34)15-21(18)27(30(26)40-4)32(36)41-5/h6-9,12-13,18,21,23,26-27,30,33H,10-11,14-16H2,1-5H3/t18-,21+,23-,26-,27+,30+/m1/s1",CVBMAZKKCSYWQR-WCGOZPBSSA-N,810,deserpidine,131-01-1
CCCCOCC(CN1C(=O)N(CC(COCCCC)OC(N)=O)C(=O)C(CC)(c2ccccc2)C1=O)OC(N)=O,"InChI=1S/C28H42N4O9/c1-4-7-14-38-18-21(40-25(29)35)16-31-23(33)28(6-3,20-12-10-9-11-13-20)24(34)32(27(31)37)17-22(41-26(30)36)19-39-15-8-5-2/h9-13,21-22H,4-8,14-19H2,1-3H3,(H2,29,35)(H2,30,36)",GJJRIOLBUILIGK-UHFFFAOYSA-N,876,difebarbamate,15687-09-9
CC(C)=CCCC(C)=CCCC(C)=CC(=O)OCC(=O)C1(O)CCC2C3CC=C4CC(=O)C=CC4(C)C3C(O)CC21C,"InChI=1S/C36H50O6/c1-23(2)9-7-10-24(3)11-8-12-25(4)19-32(40)42-22-31(39)36(41)18-16-29-28-14-13-26-20-27(37)15-17-34(26,5)33(28)30(38)21-35(29,36)6/h9,11,15,17,19-20,28-30,33,38,41H,7-8,10,12-14,16,18,21-22H2,1-6H3/b24-11+,25-19+/t28-,29-,30-,33+,34-,35-,36-/m0/s1",SBQAKZYUNWNIRL-WIPKXTQKSA-N,2248,prednisolone farnesylate,118244-44-3
CC1=NC(=N)C(C(=O)OC2CN(C(c3ccccc3)c3ccccc3)C2)C(c2cccc([N+](=O)[O-])c2)C1C(=O)OC(C)C,"InChI=1S/C33H34N4O6/c1-20(2)42-32(38)27-21(3)35-31(34)29(28(27)24-15-10-16-25(17-24)37(40)41)33(39)43-26-18-36(19-26)30(22-11-6-4-7-12-22)23-13-8-5-9-14-23/h4-17,20,26,28,30,35H,18-19,34H2,1-3H3",ZKFQEACEUNWPMT-UHFFFAOYSA-N,272,azelnidipine,123524-52-7
CNC1C(OC2C(OC3C(O)C(O)C(N=C(N)N)C(O)C3N=C(N)N)OC(C)C2(O)CO)OC(CO)C(O)C1O,"InChI=1S/C21H41N7O12/c1-5-21(36,4-30)16(40-17-9(26-2)13(34)10(31)6(3-29)38-17)18(37-5)39-15-8(28-20(24)25)11(32)7(27-19(22)23)12(33)14(15)35/h5-18,26,29-36H,3-4H2,1-2H3,(H4,22,23,27)(H4,24,25,28)/t5-,6-,7-,8+,9-,10-,11-,12+,13-,14-,15-,16-,17-,18-,21+/m1/s1",ASXBYYWOLISCLQ-APUVXCOVSA-N,890,dihydrostreptomycin,128-46-1
CC1OC(OC2CC(O)C3(CO)C4C(O)CC5(C)C(C6=CC(=O)OC6)CCC5(O)C4CCC3(O)C2)C(O)C(O)C1O,"InChI=1S/C29H44O12/c1-13-22(34)23(35)24(36)25(40-13)41-15-8-19(32)28(12-30)21-17(3-5-27(28,37)9-15)29(38)6-4-16(14-7-20(33)39-11-14)26(29,2)10-18(21)31/h7,13,15-19,21-25,30-32,34-38H,3-6,8-12H2,1-2H3/t13-,15-,16+,17+,18+,19+,21+,22-,23+,24+,25-,26+,27-,28+,29-/m0/s1",LPMXVESGRSUGHW-HBYQJFLCSA-N,2004,ouabain,630-60-4
CON=C(C(=O)NC1C(=O)N2C(C(=O)O)=C(CSc3nc(C)c(CC(=O)O)s3)CSC12)c1csc(N)n1,"InChI=1S/C20H20N6O7S4/c1-7-10(3-11(27)28)37-20(22-7)36-5-8-4-34-17-13(16(30)26(17)14(8)18(31)32)24-15(29)12(25-33-2)9-6-35-19(21)23-9/h6,13,17H,3-5H2,1-2H3,(H2,21,23)(H,24,29)(H,27,28)(H,31,32)/b25-12-/t13-,17-/m1/s1",XDZKBRJLTGRPSS-BGZQYGJUSA-N,541,cefodizime,69739-16-8
CC(C)CN(CC(OP(=O)(O)O)C(Cc1ccccc1)NC(=O)OC1CCOC1)S(=O)(=O)c1ccc(N)cc1,"InChI=1S/C25H36N3O9PS/c1-18(2)15-28(39(33,34)22-10-8-20(26)9-11-22)16-24(37-38(30,31)32)23(14-19-6-4-3-5-7-19)27-25(29)36-21-12-13-35-17-21/h3-11,18,21,23-24H,12-17,26H2,1-2H3,(H,27,29)(H2,30,31,32)/t21-,23-,24+/m0/s1",MLBVMOWEQCZNCC-OEMFJLHTSA-N,1240,fosamprenavir,226700-79-4
CCCCCCCCCCCCCC(=O)OC1C=CC2C3Cc4ccc(OCc5ccccc5)c5c4C2(CCN3C)C1O5,"InChI=1S/C38H51NO4/c1-3-4-5-6-7-8-9-10-11-12-16-19-34(40)42-33-23-21-30-31-26-29-20-22-32(41-27-28-17-14-13-15-18-28)36-35(29)38(30,37(33)43-36)24-25-39(31)2/h13-15,17-18,20-23,30-31,33,37H,3-12,16,19,24-27H2,1-2H3/t30-,31+,33-,37-,38-/m0/s1",GODGZZGKTZQSAL-VXFFQEMOSA-N,3368,myrophine,467-18-5
COc1ccc(-c2cc(=O)c3c(OCCO)cc(OC4OC(COC5OC(C)C(O)C(O)C5O)C(O)C(O)C4O)cc3o2)cc1O,"InChI=1S/C30H36O16/c1-12-23(34)25(36)27(38)29(43-12)42-11-21-24(35)26(37)28(39)30(46-21)44-14-8-19(41-6-5-31)22-16(33)10-18(45-20(22)9-14)13-3-4-17(40-2)15(32)7-13/h3-4,7-10,12,21,23-32,34-39H,5-6,11H2,1-2H3/t12-,21+,23-,24+,25+,26-,27+,28+,29+,30+/m0/s1",XYFLWVOTXWXNAM-WTNNCJBMSA-N,3956,hidrosmin,115960-14-0
O=C(OCCN1CCN(c2cccc(C(F)(F)F)c2)CC1)c1ccccc1Nc1ccnc2cc(C(F)(F)F)ccc12,"InChI=1S/C30H26F6N4O2/c31-29(32,33)20-4-3-5-22(18-20)40-14-12-39(13-15-40)16-17-42-28(41)24-6-1-2-7-25(24)38-26-10-11-37-27-19-21(30(34,35)36)8-9-23(26)27/h1-11,18-19H,12-17H2,(H,37,38)",NWGGKKGAFZIVBJ-UHFFFAOYSA-N,3677,antrafenine,55300-29-3
COC(=O)C1C2CC3c4[nH]c5cc(OC)ccc5c4CCN3CC2CC(OC(=O)C=Cc2ccc(O)c(OC)c2)C1OC,"InChI=1S/C33H38N2O8/c1-39-20-7-8-21-22-11-12-35-17-19-14-28(43-29(37)10-6-18-5-9-26(36)27(13-18)40-2)32(41-3)30(33(38)42-4)23(19)16-25(35)31(22)34-24(21)15-20/h5-10,13,15,19,23,25,28,30,32,34,36H,11-12,14,16-17H2,1-4H3/b10-6+/t19-,23+,25-,28-,30+,32+/m1/s1",MMUMZMIKZXSFSD-ADSVITMPSA-N,3825,rescimetol,73573-42-9
COc1cc(C(=O)OCCCN(C)CCN(C)CCCOC(=O)c2cc(OC)c(OC)c(OC)c2)cc(OC)c1OC,"InChI=1S/C30H44N2O10/c1-31(11-9-15-41-29(33)21-17-23(35-3)27(39-7)24(18-21)36-4)13-14-32(2)12-10-16-42-30(34)22-19-25(37-5)28(40-8)26(20-22)38-6/h17-20H,9-16H2,1-8H3",KRQAMFQCSAJCRH-UHFFFAOYSA-N,1370,hexobendine,54-03-5
CON=C(C(=O)NC1C(=O)N2C(C(=O)OCOC(=O)C(C)(C)C)=C(Cn3nnc(C)n3)CSC12)c1csc(N)n1,"InChI=1S/C22H27N9O7S2/c1-10-26-29-30(27-10)6-11-7-39-18-14(25-16(32)13(28-36-5)12-8-40-21(23)24-12)17(33)31(18)15(11)19(34)37-9-38-20(35)22(2,3)4/h8,14,18H,6-7,9H2,1-5H3,(H2,23,24)(H,25,32)/b28-13-/t14-,18-/m1/s1",UIYAXIPXULMHAI-JLGRZTKVSA-N,560,cefteram pivoxil,82547-81-7
CC1(C)SC2C(NC(=O)C(N)c3ccccc3)C(=O)N2C1C(=O)OCOC(=O)C1N2C(=O)CC2S(=O)(=O)C1(C)C,"InChI=1S/C25H30N4O9S2/c1-24(2)17(29-20(32)16(21(29)39-24)27-19(31)15(26)12-8-6-5-7-9-12)22(33)37-11-38-23(34)18-25(3,4)40(35,36)14-10-13(30)28(14)18/h5-9,14-18,21H,10-11,26H2,1-4H3,(H,27,31)/t14-,15-,16-,17+,18+,21-/m1/s1",OPYGFNJSCUDTBT-PMLPCWDUSA-N,2539,sultamicillin,76497-13-7
CC(C[Se]CC(=O)NCCS(=O)(=O)O)C1CCC2C3C(O)CC4CC(O)CCC4(C)C3CC(O)C12C,"InChI=1S/C26H45NO7SSe/c1-15(13-36-14-23(31)27-8-9-35(32,33)34)18-4-5-19-24-20(12-22(30)26(18,19)3)25(2)7-6-17(28)10-16(25)11-21(24)29/h15-22,24,28-30H,4-14H2,1-3H3,(H,27,31)(H,32,33,34)/t15-,16+,17-,18-,19+,20+,21-,22+,24+,25+,26-/m1/s1/i36-4",JCMLWGQJPSGGEI-DJQDYNOGSA-N,4059,selenium (75Se) tauroselcholic acid,75018-70-1
CC1OC(OCC2OC(Oc3cc4c(O)cc(O)cc4[o+]c3-c3ccc(O)c(O)c3)C(O)C(O)C2O)C(O)C(O)C1O,"InChI=1S/C27H30O15/c1-9-19(32)21(34)23(36)26(39-9)38-8-18-20(33)22(35)24(37)27(42-18)41-17-7-12-14(30)5-11(28)6-16(12)40-25(17)10-2-3-13(29)15(31)4-10/h2-7,9,18-24,26-27,32-37H,8H2,1H3,(H3-,28,29,30,31)/p+1/t9-,18+,19-,20+,21+,22-,23+,24+,26+,27+/m0/s1",USNPULRDBDVJAO-FXCAAIILSA-O,3975,keracyanin,18719-76-1
CN(C)C=Nc1c(I)cc(I)c(CCC(=O)O)c1I,"InChI=1S/C12H13I3N2O2/c1-17(2)6-16-12-9(14)5-8(13)7(11(12)15)3-4-10(18)19/h5-6H,3-4H2,1-2H3,(H,18,19)/b16-6+",YQNFBOJPTAXAKV-OMCISZLKSA-N,1474,iopodic acid,5587-89-3
COc1cc(C(=O)OCCN2CCN(CCCN3c4ccccc4Sc4ccc(Cl)cc43)CC2)cc(OC)c1OC,"InChI=1S/C31H36ClN3O5S/c1-37-26-19-22(20-27(38-2)30(26)39-3)31(36)40-18-17-34-15-13-33(14-16-34)11-6-12-35-24-7-4-5-8-28(24)41-29-10-9-23(32)21-25(29)35/h4-5,7-10,19-21H,6,11-18H2,1-3H3",BAQLUVXNKOTTHU-UHFFFAOYSA-N,3357,metofenazate,388-51-2
CC1=C(C(C)O)c2cc3nc(cc4[nH]c(cc5[nH]c(cc1n2)c(C)c5CCC(=O)O)c(CCC(=O)O)c4C)C(C(C)O)=C3C,"InChI=1S/C34H38N4O6/c1-15-21(7-9-31(41)42)27-14-28-22(8-10-32(43)44)16(2)24(36-28)12-29-34(20(6)40)18(4)26(38-29)13-30-33(19(5)39)17(3)25(37-30)11-23(15)35-27/h11-14,19-20,36-37,39-40H,7-10H2,1-6H3,(H,41,42)(H,43,44)/b23-11-,24-12-,25-11-,26-13-,27-14-,28-14-,29-12-,30-13-",UJKPHYRXOLRVJJ-AMPAVEGJSA-N,3274,hematoporphyrin,14459-29-1
O=C(OCC1OC(O)(COC(=O)c2cccnc2)C(OC(=O)c2cccnc2)C1OC(=O)c1cccnc1)c1cccnc1,"InChI=1S/C30H24N4O10/c35-26(19-5-1-9-31-13-19)40-17-23-24(42-28(37)21-7-3-11-33-15-21)25(43-29(38)22-8-4-12-34-16-22)30(39,44-23)18-41-27(36)20-6-2-10-32-14-20/h1-16,23-25,39H,17-18H2/t23-,24-,25+,30-/m1/s1",FUWFSXZKBMCSKF-ZASNTINBSA-N,1916,nicofuranose,15351-13-0
CC(=O)OC1CC2CCC3C(CCC4(C)C3CC(N3CC[N+](C)(C)CC3)C4OC(C)=O)C2(C)CC1N1CC[N+](C)(C)CC1,"InChI=1S/C35H62N4O4/c1-24(40)42-32-21-26-9-10-27-28(35(26,4)23-31(32)37-15-19-39(7,8)20-16-37)11-12-34(3)29(27)22-30(33(34)43-25(2)41)36-13-17-38(5,6)18-14-36/h26-33H,9-23H2,1-8H3/q+2/t26-,27+,28-,29-,30-,31-,32-,33-,34-,35-/m0/s1",OWWLUIWOFHMHOQ-XGHATYIMSA-N,2183,pipecuronium,68399-58-6
COc1cc(C(=O)OCCCN2CCCN(CCCOC(=O)c3cc(OC)c(OC)c(OC)c3)CC2)cc(OC)c1OC,"InChI=1S/C31H44N2O10/c1-36-24-18-22(19-25(37-2)28(24)40-5)30(34)42-16-8-12-32-10-7-11-33(15-14-32)13-9-17-43-31(35)23-20-26(38-3)29(41-6)27(21-23)39-4/h18-21H,7-17H2,1-6H3",QVZCXCJXTMIDME-UHFFFAOYSA-N,893,dilazep,35898-87-4
COc1ccc(-c2cc(=O)c3c(O)cc(OC4OC(COC5OC(C)C(O)C(O)C5O)C(O)C(O)C4O)cc3o2)cc1O,"InChI=1S/C28H32O15/c1-10-21(32)23(34)25(36)27(40-10)39-9-19-22(33)24(35)26(37)28(43-19)41-12-6-14(30)20-15(31)8-17(42-18(20)7-12)11-3-4-16(38-2)13(29)5-11/h3-8,10,19,21-30,32-37H,9H2,1-2H3/t10-,19+,21-,22+,23+,24-,25+,26+,27+,28+/m0/s1",GZSOSUNBTXMUFQ-YFAPSIMESA-N,3157,diosmin,520-27-4
COC(=O)C1C2CC3c4[nH]c5ccc(OC)cc5c4CCN3CC2CC(OC(=O)c2cc(OC)c(OC)c(OC)c2)C1OC,"InChI=1S/C33H40N2O9/c1-38-19-7-8-23-22(14-19)20-9-10-35-16-18-13-27(44-32(36)17-11-25(39-2)30(41-4)26(12-17)40-3)31(42-5)28(33(37)43-6)21(18)15-24(35)29(20)34-23/h7-8,11-12,14,18,21,24,27-28,31,34H,9-10,13,15-16H2,1-6H3/t18-,21+,24-,27-,28+,31+/m1/s1",ULBNWNUHGJLQHO-VKMIBBQISA-N,1750,methoserpidine,865-04-3
COC(=O)C1=C(C)N=C(C)C(C(=O)OCCCN2CCC(c3ccccc3)(c3ccccc3)CC2)C1c1cccc([N+](=O)[O-])c1,"InChI=1S/C36H39N3O6/c1-25-31(34(40)44-3)33(27-12-10-17-30(24-27)39(42)43)32(26(2)37-25)35(41)45-23-11-20-38-21-18-36(19-22-38,28-13-6-4-7-14-28)29-15-8-5-9-16-29/h4-10,12-17,24,33,37H,11,18-23H2,1-3H3/t33-/m1/s1",SVJMLYUFVDMUHP-MGBGTMOVSA-N,837,dexniguldipine,120054-86-6
COc1cc2c3cc1Oc1cc(ccc1O)CC1c4c(cc(OC)c(O)c4Oc4ccc(cc4)CC3N(C)CC2)CC[N+]1(C)C,"InChI=1S/C37H40N2O6/c1-38-14-12-24-19-32(42-4)33-21-27(24)28(38)16-22-6-9-26(10-7-22)44-37-35-25(20-34(43-5)36(37)41)13-15-39(2,3)29(35)17-23-8-11-30(40)31(18-23)45-33/h6-11,18-21,28-29H,12-17H2,1-5H3,(H-,40,41)/p+1/t28-,29+/m0/s1",JFJZZMVDLULRGK-URLMMPGGSA-O,2781,tubocurarine,57-94-3
CC1OC(OCC2OC(Oc3c(-c4ccc(O)c(O)c4)oc4cc(O)cc(O)c4c3=O)C(O)C(O)C2O)C(O)C(O)C1O,"InChI=1S/C27H30O16/c1-8-17(32)20(35)22(37)26(40-8)39-7-15-18(33)21(36)23(38)27(42-15)43-25-19(34)16-13(31)5-10(28)6-14(16)41-24(25)9-2-3-11(29)12(30)4-9/h2-6,8,15,17-18,20-23,26-33,35-38H,7H2,1H3/t8-,15+,17-,18+,20+,21-,22+,23+,26+,27-/m0/s1",IKGXIBQEEMLURG-NVPNHPEKSA-N,3535,rutoside,153-18-4
CCOc1nc2cccc(C(=O)OC(C)OC(=O)OC3CCCCC3)c2n1Cc1ccc(-c2ccccc2-c2nn[nH]n2)cc1,"InChI=1S/C33H34N6O6/c1-3-42-32-34-28-15-9-14-27(31(40)43-21(2)44-33(41)45-24-10-5-4-6-11-24)29(28)39(32)20-22-16-18-23(19-17-22)25-12-7-8-13-26(25)30-35-37-38-36-30/h7-9,12-19,21,24H,3-6,10-11,20H2,1-2H3,(H,35,36,37,38)",GHOSNRCGJFBJIB-UHFFFAOYSA-N,475,candesartan cilexetil,145040-37-5
COC1C(OC(N)=O)C(O)C(Oc2ccc3c(=O)c(NC(=O)c4ccc(O)c(CC=C(C)C)c4)c(O)oc3c2C)OC1(C)C,"InChI=1S/C31H36N2O11/c1-14(2)7-8-16-13-17(9-11-19(16)34)27(37)33-21-22(35)18-10-12-20(15(3)24(18)42-28(21)38)41-29-23(36)25(43-30(32)39)26(40-6)31(4,5)44-29/h7,9-13,23,25-26,29,34-36H,8H2,1-6H3,(H2,32,39)(H,33,37)/t23-,25+,26-,29-/m1/s1",YJQPYGGHQPGBLI-KGSXXDOSSA-N,1974,novobiocin,303-81-1
Cc1cc(=O)c(C(=O)NC(C(=O)NC2C(=O)N3C(C(=O)O)=C(CSc4nnnn4C)CSC23)c2ccc(O)cc2)c[nH]1,"InChI=1S/C25H24N8O7S2/c1-11-7-16(35)15(8-26-11)20(36)27-17(12-3-5-14(34)6-4-12)21(37)28-18-22(38)33-19(24(39)40)13(9-41-23(18)33)10-42-25-29-30-31-32(25)2/h3-8,17-18,23,34H,9-10H2,1-2H3,(H,26,35)(H,27,36)(H,28,37)(H,39,40)/t17-,18-,23-/m1/s1",PWAUCHMQEXVFJR-PMAPCBKXSA-N,552,cefpiramide,70797-11-4
CNC(=O)c1c(I)c(NC(C)=O)c(I)c(C(=O)O)c1I,"InChI=1S/C11H9I3N2O4/c1-3(17)16-9-7(13)4(10(18)15-2)6(12)5(8(9)14)11(19)20/h1-2H3,(H,15,18)(H,16,17)(H,19,20)",UXIGWFXRQKWHHA-UHFFFAOYSA-N,1469,iotalamic acid,2276-90-6
CC(=O)Nc1c(I)c(NC(C)=O)c(I)c(C(=O)O)c1I,"InChI=1S/C11H9I3N2O4/c1-3(17)15-9-6(12)5(11(19)20)7(13)10(8(9)14)16-4(2)18/h1-2H3,(H,15,17)(H,16,18)(H,19,20)",YVPYQUNUQOZFHG-UHFFFAOYSA-N,851,diatrizoate,117-96-4
CN(C(=O)CCCC(=O)O)c1c(I)cc(I)c(N)c1I,"InChI=1S/C12H13I3N2O3/c1-17(8(18)3-2-4-9(19)20)12-7(14)5-6(13)11(16)10(12)15/h5H,2-4,16H2,1H3,(H,19,20)",QIFJTEYRIMDFPK-UHFFFAOYSA-N,3307,iomeglamic acid,25827-76-3
CC(=O)N(CC(C)C(=O)O)c1c(I)cc(I)c(N)c1I,"InChI=1S/C12H13I3N2O3/c1-5(12(19)20)4-17(6(2)18)11-8(14)3-7(13)10(16)9(11)15/h3,5H,4,16H2,1-2H3,(H,19,20)",GSVQIUGOUKJHRC-UHFFFAOYSA-N,1451,iocetamic acid,16034-77-8
NCC1OC(OC2C(CO)OC(OC3C(O)C(N)CC(N)C3OC3OC(CN)C(O)C(O)C3N)C2O)C(N)C(O)C1O,"InChI=1S/C23H46N6O13/c24-2-7-13(32)15(34)10(28)21(37-7)40-18-6(27)1-5(26)12(31)20(18)42-23-17(36)19(9(4-30)39-23)41-22-11(29)16(35)14(33)8(3-25)38-22/h5-23,30-36H,1-4,24-29H2/t5-,6+,7-,8+,9-,10-,11-,12+,13-,14-,15-,16-,17-,18-,19-,20-,21-,22-,23+/m1/s1",PGBHMTALBVVCIT-VCIWKGPPSA-N,1896,framycetin,119-04-0
NCC1OC(OC2C(CO)OC(OC3C(O)C(N)CC(N)C3OC3OC(CO)C(O)C(O)C3N)C2O)C(N)C(O)C1O,"InChI=1S/C23H45N5O14/c24-2-7-13(32)15(34)10(27)21(37-7)41-19-9(4-30)39-23(17(19)36)42-20-12(31)5(25)1-6(26)18(20)40-22-11(28)16(35)14(33)8(3-29)38-22/h5-23,29-36H,1-4,24-28H2/t5-,6+,7+,8-,9-,10-,11-,12+,13-,14-,15-,16-,17-,18-,19-,20-,21-,22-,23+/m1/s1",UOZODPSAJZTQNH-LSWIJEOBSA-N,2067,paromomycin,7542-37-2
CCC(COC(=O)c1cc(OC)c(OC)c(OC)c1)N(C)CCN(C)C(CC)COC(=O)c1cc(OC)c(OC)c(OC)c1,"InChI=1S/C32H48N2O10/c1-11-23(19-43-31(35)21-15-25(37-5)29(41-9)26(16-21)38-6)33(3)13-14-34(4)24(12-2)20-44-32(36)22-17-27(39-7)30(42-10)28(18-22)40-8/h15-18,23-24H,11-14,19-20H2,1-10H3/t23-,24-/m0/s1",ZKSIPEYIAHUPNM-ZEQRLZLVSA-N,3695,butobendine,55769-65-8
O=C(O)Cc1cc(I)c(Oc2ccc(O)c(I)c2)c(I)c1,"InChI=1S/C14H9I3O4/c15-9-6-8(1-2-12(9)18)21-14-10(16)3-7(4-11(14)17)5-13(19)20/h1-4,6,18H,5H2,(H,19,20)",UOWZUVNAGUAEQC-UHFFFAOYSA-N,3611,tiratricol,51-24-1
CC(CNC(=O)c1ccccc1)C(=O)OCC(=O)C12OC(C)(C)OC1CC1C3CC=C4CC(=O)C=CC4(C)C3(F)C(O)CC12C,"InChI=1S/C35H42FNO8/c1-20(18-37-29(41)21-9-7-6-8-10-21)30(42)43-19-27(40)35-28(44-31(2,3)45-35)16-25-24-12-11-22-15-23(38)13-14-32(22,4)34(24,36)26(39)17-33(25,35)5/h6-10,13-15,20,24-26,28,39H,11-12,16-19H2,1-5H3,(H,37,41)/t20?,24-,25-,26-,28+,32-,33-,34-,35+/m0/s1",GUYPYYARYIIWJZ-CYEPYHPTSA-N,4067,triamcinolone benetonide,31002-79-6
CC1CC2C3CC=C4CC(=O)C=CC4(C)C3=CCC2(C)C1C(=O)CN1CCN(c2cc(N3CCCC3)nc(N3CCCC3)n2)CC1,"InChI=1S/C38H52N6O2/c1-26-22-31-29-9-8-27-23-28(45)10-12-37(27,2)30(29)11-13-38(31,3)35(26)32(46)25-41-18-20-43(21-19-41)34-24-33(42-14-4-5-15-42)39-36(40-34)44-16-6-7-17-44/h10-12,23-24,26,29,31,35H,4-9,13-22,25H2,1-3H3/t26-,29-,31+,35-,37+,38+/m1/s1",RBKASMJPSJDQKY-RBFSKHHSSA-N,4063,tirilazad,110101-66-1
CN(C)C1C(=O)C(C(=O)NCN2CCN(C(N)=NC(=N)N)CC2)C(=O)C2(O)C(=O)C3C(=O)c4c(O)cccc4C(C)(O)C3CC12,"InChI=1S/C29H38N8O8/c1-28(44)13-5-4-6-16(38)17(13)21(39)18-14(28)11-15-20(35(2)3)22(40)19(24(42)29(15,45)23(18)41)25(43)33-12-36-7-9-37(10-8-36)27(32)34-26(30)31/h4-6,14-15,20,38,40-41,44-45H,7-12H2,1-3H3,(H,33,43)(H5,30,31,32,34)/t14-,15-,20-,28+,29-/m0/s1",DIRJDIBCAHCCFL-AQFAATAFSA-N,3273,guamecycline,16545-11-2
Cc1c(C)c2c(c(C)c1OC(=O)C(C)(C)Oc1ccc(Cl)cc1)CCC(C)(CCCC(C)CCCC(C)CCCC(C)C)O2,"InChI=1S/C39H59ClO4/c1-26(2)14-11-15-27(3)16-12-17-28(4)18-13-24-39(10)25-23-34-31(7)35(29(5)30(6)36(34)44-39)42-37(41)38(8,9)43-33-21-19-32(40)20-22-33/h19-22,26-28H,11-18,23-25H2,1-10H3/t27-,28-,39-/m1/s1",VPRFDABTJNLKKR-XHZSPPMBSA-N,2688,tocofibrate,50465-39-9
COc1cccc2c(O)c3c(c(O)c12)C(=O)C1=C(CC(O)(C(=O)CO)CC1OC1CC(N)C(OC2CCCCO2)C(C)O1)C3=O,"InChI=1S/C32H37NO12/c1-14-31(45-21-8-3-4-9-42-21)17(33)10-22(43-14)44-19-12-32(40,20(35)13-34)11-16-24(19)30(39)26-25(28(16)37)27(36)15-6-5-7-18(41-2)23(15)29(26)38/h5-7,14,17,19,21-22,31,34,37,39-40H,3-4,8-13,33H2,1-2H3/t14-,17-,19-,21+,22-,31+,32-/m0/s1",KMSKQZKKOZQFFG-YXRRJAAWSA-N,2198,pirarubicin,72496-41-4
CCN1CCN(C(=O)NC(C(=O)NC2(OC)C(=O)N3C(C(=O)O)=C(CSc4nnnn4C)CSC32)C(C)O)C(=O)C1=O,"InChI=1S/C22H29N9O9S2/c1-5-29-6-7-30(16(35)15(29)34)20(39)23-12(10(2)32)14(33)24-22(40-4)18(38)31-13(17(36)37)11(8-41-19(22)31)9-42-21-25-26-27-28(21)3/h10,12,19,32H,5-9H2,1-4H3,(H,23,39)(H,24,33)(H,36,37)/t10-,12+,19+,22-/m0/s1",SMSRCGPDNDCXFR-CYWZMYCQSA-N,3072,cefbuperazone,76610-84-9
CCCCC(CC)COc1ccc(-c2nc(-c3ccc(OC)cc3)nc(-c3ccc(OCC(CC)CCCC)cc3O)n2)c(O)c1,"InChI=1S/C38H49N3O5/c1-6-10-12-26(8-3)24-45-30-18-20-32(34(42)22-30)37-39-36(28-14-16-29(44-5)17-15-28)40-38(41-37)33-21-19-31(23-35(33)43)46-25-27(9-4)13-11-7-2/h14-23,26-27,42-43H,6-13,24-25H2,1-5H3",XVAMCHGMPYWHNL-UHFFFAOYSA-N,3014,bemotrizinol,187393-00-6
CC(=O)Nc1c(I)c(C(=O)O)c(I)c(N(C)C(C)=O)c1I,"InChI=1S/C12H11I3N2O4/c1-4(18)16-10-7(13)6(12(20)21)8(14)11(9(10)15)17(3)5(2)19/h1-3H3,(H,16,18)(H,20,21)",GGGDNPWHMNJRFN-UHFFFAOYSA-N,1789,metrizoic acid,1949-45-7
CC(=O)NCc1c(I)c(NC(C)=O)c(I)c(C(=O)O)c1I,"InChI=1S/C12H11I3N2O4/c1-4(18)16-3-6-8(13)7(12(20)21)10(15)11(9(6)14)17-5(2)19/h3H2,1-2H3,(H,16,18)(H,17,19)(H,20,21)",VVDGWALACJEJKG-UHFFFAOYSA-N,1452,iodamide,440-58-4
Cc1cccc(C)c1OCC(=O)NC(Cc1ccccc1)C(O)CC(Cc1ccccc1)NC(=O)C(C(C)C)N1CCCNC1=O,"InChI=1S/C37H48N4O5/c1-25(2)34(41-20-12-19-38-37(41)45)36(44)39-30(21-28-15-7-5-8-16-28)23-32(42)31(22-29-17-9-6-10-18-29)40-33(43)24-46-35-26(3)13-11-14-27(35)4/h5-11,13-18,25,30-32,34,42H,12,19-24H2,1-4H3,(H,38,45)(H,39,44)(H,40,43)/t30-,31-,32-,34-/m0/s1",KJHKTHWMRKYKJE-SUGCFTRWSA-N,1601,lopinavir,192725-17-0
O=S(=O)(O)c1cc(O)c2c(N=Nc3ccc(Nc4ccccc4)c4c(S(=O)(=O)O)cccc34)cc(S(=O)(=O)O)cc2c1,"InChI=1S/C26H19N3O10S3/c30-23-14-18(41(34,35)36)12-15-11-17(40(31,32)33)13-22(25(15)23)29-28-20-9-10-21(27-16-5-2-1-3-6-16)26-19(20)7-4-8-24(26)42(37,38)39/h1-14,27,30H,(H,31,32,33)(H,34,35,36)(H,37,38,39)/b29-28+",QFVHZQCOUORWEI-ZQHSETAFSA-N,211,anazolene,3861-73-2
CCCCCCCCCCCCCCCC(=O)OCC(=O)C1(O)C(C)CC2C3CC=C4CC(=O)C=CC4(C)C3(F)C(O)CC21C,"InChI=1S/C38H59FO6/c1-5-6-7-8-9-10-11-12-13-14-15-16-17-18-34(43)45-26-33(42)38(44)27(2)23-31-30-20-19-28-24-29(40)21-22-35(28,3)37(30,39)32(41)25-36(31,38)4/h21-22,24,27,30-32,41,44H,5-20,23,25-26H2,1-4H3/t27-,30+,31+,32+,35+,36+,37+,38+/m1/s1",WDPYZTKOEFDTCU-WDJQFAPHSA-N,828,dexamethasone palmitate,14899-36-6
CC1=NC(C)=C(P2(=O)OCC(C)(C)CO2)C(c2cccc([N+](=O)[O-])c2)C1C(=O)OCCN(Cc1ccccc1)c1ccccc1,"InChI=1S/C34H38N3O7P/c1-24-30(33(38)42-19-18-36(28-15-9-6-10-16-28)21-26-12-7-5-8-13-26)31(27-14-11-17-29(20-27)37(39)40)32(25(2)35-24)45(41)43-22-34(3,4)23-44-45/h5-17,20,31,35H,18-19,21-23H2,1-4H3",NSVFSAJIGAJDMR-UHFFFAOYSA-N,992,efonidipine,111011-63-3
O=C(O)CCc1cc(I)c(Oc2ccc(O)c(I)c2)c(I)c1,"InChI=1S/C15H11I3O4/c16-10-7-9(2-3-13(10)19)22-15-11(17)5-8(6-12(15)18)1-4-14(20)21/h2-3,5-7,19H,1,4H2,(H,20,21)",VRORTNGXAKZJML-UHFFFAOYSA-N,3604,thyropropic acid,51-26-3
CCCC(=O)Nc1c(I)cc(I)c(C=C(CC)C(=O)O)c1I,"InChI=1S/C15H16I3NO3/c1-3-5-12(20)19-14-11(17)7-10(16)9(13(14)18)6-8(4-2)15(21)22/h6-7H,3-5H2,1-2H3,(H,19,20)(H,21,22)/b8-6+",CWRBDUIQDIHWJZ-SOFGYWHQSA-N,3048,bunamiodyl,1233-53-0
O=C(OCC1(COC(=O)c2cccnc2)CCCC(COC(=O)c2cccnc2)(COC(=O)c2cccnc2)C1O)c1cccnc1,"InChI=1S/C34H32N4O9/c39-28(24-6-1-12-35-16-24)44-20-33(21-45-29(40)25-7-2-13-36-17-25)10-5-11-34(32(33)43,22-46-30(41)26-8-3-14-37-18-26)23-47-31(42)27-9-4-15-38-19-27/h1-4,6-9,12-19,32,43H,5,10-11,20-23H2",VRAHPESAMYMDQI-UHFFFAOYSA-N,1917,nicomol,27959-26-8
CCCC(=O)Nc1c(I)cc(I)c(CC(CC)C(=O)O)c1I,"InChI=1S/C15H18I3NO3/c1-3-5-12(20)19-14-11(17)7-10(16)9(13(14)18)6-8(4-2)15(21)22/h7-8H,3-6H2,1-2H3,(H,19,20)(H,21,22)",YMOXVLQZFAUUKI-UHFFFAOYSA-N,2785,tyropanoate,27293-82-9
COc1cccc2c(O)c3c(c(O)c12)C(=O)C1=C(CC(O)(C(C)=NNC(=O)c2ccccc2)CC1OC1CC(N)C(O)C(C)O1)C3=O,"InChI=1S/C34H35N3O10/c1-15-28(38)20(35)12-23(46-15)47-22-14-34(44,16(2)36-37-33(43)17-8-5-4-6-9-17)13-19-25(22)32(42)27-26(30(19)40)29(39)18-10-7-11-21(45-3)24(18)31(27)41/h4-11,15,20,22-23,28,38,40,42,44H,12-14,35H2,1-3H3,(H,37,43)/t15-,20-,22-,23-,28+,34-/m0/s1",FBTUMDXHSRTGRV-BJISBDEGSA-N,2874,zorubicin,54083-22-6
CCN1CCN(C(=O)NC(C(=O)NC2C(=O)N3C(C(=O)O)=C(CSc4nnnn4C)CSC23)c2ccc(O)cc2)C(=O)C1=O,"InChI=1S/C25H27N9O8S2/c1-3-32-8-9-33(21(39)20(32)38)24(42)27-15(12-4-6-14(35)7-5-12)18(36)26-16-19(37)34-17(23(40)41)13(10-43-22(16)34)11-44-25-28-29-30-31(25)2/h4-7,15-16,22,35H,3,8-11H2,1-2H3,(H,26,36)(H,27,42)(H,40,41)/t15-,16-,22-/m1/s1",GCFBRXLSHGKWDP-XCGNWRKASA-N,543,cefoperazone,62893-19-0
CC12C=CC(=O)C=C1CCC1C2C(O)CC2(C)C1CCC2(O)C(=O)COC(=O)CCCc1ccc(N(CCCl)CCCl)cc1,"InChI=1S/C35H45Cl2NO6/c1-33-14-12-26(39)20-24(33)8-11-27-28-13-15-35(43,34(28,2)21-29(40)32(27)33)30(41)22-44-31(42)5-3-4-23-6-9-25(10-7-23)38(18-16-36)19-17-37/h6-7,9-10,12,14,20,27-29,32,40,43H,3-5,8,11,13,15-19,21-22H2,1-2H3/t27-,28-,29-,32+,33-,34-,35-/m0/s1",HFVNWDWLWUCIHC-GUPDPFMOSA-N,2244,prednimustine,29069-24-7
CC1=C2CC(=O)C=CC2(C)C2C(O)CC3(C)C(CCC3(O)C(=O)COC(=O)CCCCCCC(=O)N(C)CCS(=O)(=O)O)C2C1,"InChI=1S/C33H49NO10S/c1-21-17-23-24-12-14-33(40,32(24,3)19-26(36)30(23)31(2)13-11-22(35)18-25(21)31)27(37)20-44-29(39)10-8-6-5-7-9-28(38)34(4)15-16-45(41,42)43/h11,13,18,21,23-24,26,30,36,40H,5-10,12,14-17,19-20H2,1-4H3,(H,41,42,43)/t21-,23-,24-,26-,30+,31-,32-,33-/m0/s1",PSCNNGGPKIBAHB-WFVOKNHCSA-N,1772,methylprednisolone suleptanate,90350-40-6
COc1ccc2cc1Oc1cc3c(cc1OC)CC[N+](C)(C)C3Cc1ccc(cc1)Oc1c(OC)c(OC)cc3c1C(C2)[N+](C)(C)CC3,"InChI=1S/C40H48N2O6/c1-41(2)17-15-27-22-34(44-6)36-24-30(27)31(41)19-25-9-12-29(13-10-25)47-40-38-28(23-37(45-7)39(40)46-8)16-18-42(3,4)32(38)20-26-11-14-33(43-5)35(21-26)48-36/h9-14,21-24,31-32H,15-20H2,1-8H3/q+2/t31-,32+/m0/s1",JFXBEKISTKFVAB-AJQTZOPKSA-N,908,dimethyltubocurarinium,5152-30-7
CC(C)CC1C(=O)N2CCCC2C2(O)OC(NC(=O)C3C=C4c5cccc6[nH]c(Br)c(c56)CC4N(C)C3)(C(C)C)C(=O)N12,"InChI=1S/C32H40BrN5O5/c1-16(2)12-24-29(40)37-11-7-10-25(37)32(42)38(24)30(41)31(43-32,17(3)4)35-28(39)18-13-20-19-8-6-9-22-26(19)21(27(33)34-22)14-23(20)36(5)15-18/h6,8-9,13,16-18,23-25,34,42H,7,10-12,14-15H2,1-5H3,(H,35,39)/t18-,23-,24+,25+,31-,32+/m1/s1",OZVBMTJYIDMWIL-AYFBDAFISA-N,403,bromocriptine,25614-03-3
CC(C)(C)CC(C)(C)c1cc(Cc2cc(C(C)(C)CC(C)(C)C)cc(-n3nc4ccccc4n3)c2O)c(O)c(-n2nc3ccccc3n2)c1,"InChI=1S/C41H50N6O2/c1-38(2,3)24-40(7,8)28-20-26(36(48)34(22-28)46-42-30-15-11-12-16-31(30)43-46)19-27-21-29(41(9,10)25-39(4,5)6)23-35(37(27)49)47-44-32-17-13-14-18-33(32)45-47/h11-18,20-23,48-49H,19,24-25H2,1-10H3",FQUNFJULCYSSOP-UHFFFAOYSA-N,3031,bisoctrizole,103597-45-1
O=P(O)(O)OC1C(OP(=O)(O)O)C(OP(=O)(O)O)C(OP(=O)(O)O)C(OP(=O)(O)O)C1OP(=O)(O)O,"InChI=1S/C6H18O24P6/c7-31(8,9)25-1-2(26-32(10,11)12)4(28-34(16,17)18)6(30-36(22,23)24)5(29-35(19,20)21)3(1)27-33(13,14)15/h1-6H,(H2,7,8,9)(H2,10,11,12)(H2,13,14,15)(H2,16,17,18)(H2,19,20,21)(H2,22,23,24)/t1-,2-,3-,4+,5-,6-",IMQLKJBTEOYOSI-GPIVLXJGSA-N,3465,fytic acid,83-86-3
CNC1C(OC2C3=CC#CC4OC4(C4COC(=O)O4)C#CC3=CC2OC(=O)c2c(O)ccc3c(C)cc(OC)cc23)OC(C)C(O)C1O,"InChI=1S/C35H33NO12/c1-16-12-19(42-4)14-22-20(16)8-9-23(37)27(22)32(40)45-24-13-18-10-11-35(26-15-43-34(41)46-26)25(48-35)7-5-6-21(18)31(24)47-33-28(36-3)30(39)29(38)17(2)44-33/h6,8-9,12-14,17,24-26,28-31,33,36-39H,15H2,1-4H3/b21-6+/t17-,24-,25-,26-,28-,29+,30-,31-,33-,35+/m1/s1",QZGIWPZCWHMVQL-UIYAJPBUSA-N,4108,zinostatin,9014-02-2
Nc1c(I)cc(I)c(C(=O)N(CCC(=O)O)c2ccccc2)c1I,"InChI=1S/C16H13I3N2O3/c17-10-8-11(18)15(20)14(19)13(10)16(24)21(7-6-12(22)23)9-4-2-1-3-5-9/h1-5,8H,6-7,20H2,(H,22,23)",FJYJNLIEGUTPIJ-UHFFFAOYSA-N,3759,iobenzamic acid,3115-05-7
CCCCCCCCCCCCCCCC(=O)OC1C(SC)OC(C(NC(=O)C2CC(CCC)CN2C)C(C)Cl)C(O)C1O,"InChI=1S/C34H63ClN2O6S/c1-6-8-9-10-11-12-13-14-15-16-17-18-19-21-27(38)42-32-30(40)29(39)31(43-34(32)44-5)28(24(3)35)36-33(41)26-22-25(20-7-2)23-37(26)4/h24-26,28-32,34,39-40H,6-23H2,1-5H3,(H,36,41)/t24-,25+,26-,28+,29+,30-,31+,32+,34+/m0/s1",OYSKUZDIHNKWLV-PRUAPSLNSA-N,679,clindamycin palmitate,36688-78-5
CCOC(=O)Oc1c(OC)cc(C(=O)OC2CC3CN4CCc5c([nH]c6cc(OC)ccc56)C4CC3C(C(=O)OC)C2OC)cc1OC,"InChI=1S/C35H42N2O11/c1-7-46-35(40)48-31-26(42-3)12-18(13-27(31)43-4)33(38)47-28-14-19-17-37-11-10-22-21-9-8-20(41-2)15-24(21)36-30(22)25(37)16-23(19)29(32(28)44-5)34(39)45-6/h8-9,12-13,15,19,23,25,28-29,32,36H,7,10-11,14,16-17H2,1-6H3/t19-,23+,25-,28-,29+,32+/m1/s1",ZCDNRPPFBQDQHR-SSYATKPKSA-N,2550,syrosingopine,84-36-6
C=CC[N+]12CCC34c5ccccc5N5C=C6C7CC8C9(CC[N+]8(CC=C)CC7=CCO)c7ccccc7N(C=C(C(CC31)C(=CCO)C2)C54)C69,"InChI=1S/C44H50N4O2/c1-3-17-47-19-15-43-35-9-5-7-11-37(35)45-26-34-32-24-40-44(16-20-48(40,18-4-2)28-30(32)14-22-50)36-10-6-8-12-38(36)46(42(34)44)25-33(41(43)45)31(23-39(43)47)29(27-47)13-21-49/h3-14,25-26,31-32,39-42,49-50H,1-2,15-24,27-28H2/q+2/b29-13-,30-14-,33-25?,34-26?/t31-,32-,39-,40-,41-,42-,43+,44+,47-,48-/m0/s1",MUQUYTSLDVKIOF-BBMNSBIFSA-N,109,alcuronium,23214-96-2
COc1cc(C2c3cc4c(cc3C(OC3OC5COC(C)OC5C(O)C3O)C3COC(=O)C23)OCO4)cc(OC)c1OP(=O)(O)O,"InChI=1S/C29H33O16P/c1-11-38-9-20-27(42-11)23(30)24(31)29(43-20)44-25-14-7-17-16(40-10-41-17)6-13(14)21(22-15(25)8-39-28(22)32)12-4-18(36-2)26(19(5-12)37-3)45-46(33,34)35/h4-7,11,15,20-25,27,29-31H,8-10H2,1-3H3,(H2,33,34,35)/t11-,15+,20-,21-,22+,23-,24-,25-,27-,29+/m1/s1",LIQODXNTTZAGID-OCBXBXKTSA-N,3944,etoposide phosphate,117091-64-2
CCCCCC(O)C1C(=O)OC(C)C(O)C=CC=CC=CC=CC=C(C)C(O)C(O)C(O)CC(O)CC(O)CC(O)CC(O)CC1O,"InChI=1S/C35H58O12/c1-4-5-11-16-29(41)32-30(42)20-26(38)18-24(36)17-25(37)19-27(39)21-31(43)34(45)33(44)22(2)14-12-9-7-6-8-10-13-15-28(40)23(3)47-35(32)46/h6-10,12-15,23-34,36-45H,4-5,11,16-21H2,1-3H3/b7-6+,10-8+,12-9+,15-13+,22-14+/t23-,24+,25-,26+,27-,28+,29-,30+,31-,32-,33-,34-/m1/s1",AGJUUQSLGVCRQA-SWOUQTJZSA-N,3254,pentamycin,6834-98-6
CC(C)(C)NC(=O)C1CC2CCCCC2CN1CC(O)C(Cc1ccccc1)NC(=O)C(CC(N)=O)NC(=O)c1ccc2ccccc2n1,"InChI=1S/C38H50N6O5/c1-38(2,3)43-37(49)32-20-26-14-7-8-15-27(26)22-44(32)23-33(45)30(19-24-11-5-4-6-12-24)41-36(48)31(21-34(39)46)42-35(47)29-18-17-25-13-9-10-16-28(25)40-29/h4-6,9-13,16-18,26-27,30-33,45H,7-8,14-15,19-23H2,1-3H3,(H2,39,46)(H,41,48)(H,42,47)(H,43,49)/t26-,27+,30-,31-,32-,33+/m0/s1",QWAXKHKRTORLEM-UGJKXSETSA-N,2422,saquinavir,127779-20-8
O=C(O)C1=C(C[n+]2ccc(CCS(=O)(=O)[O-])cc2)CSC2C(NC(=O)C(NC(=O)c3[nH]cnc3C(=O)O)c3ccccc3)C(=O)N12,"InChI=1S/C28H26N6O10S2/c35-23(18(16-4-2-1-3-5-16)31-24(36)19-20(27(38)39)30-14-29-19)32-21-25(37)34-22(28(40)41)17(13-45-26(21)34)12-33-9-6-15(7-10-33)8-11-46(42,43)44/h1-7,9-10,14,18,21,26H,8,11-13H2,(H5-,29,30,31,32,35,36,38,39,40,41,42,43,44)/t18-,21-,26-/m1/s1",LNZMRLHZGOBKAN-KAWPREARSA-N,3075,cefpimizole,84880-03-5
CCC(COCCOc1c(I)cc(I)c(NC(C)=O)c1I)C(=O)O,"InChI=1S/C15H18I3NO5/c1-3-9(15(21)22)7-23-4-5-24-14-11(17)6-10(16)13(12(14)18)19-8(2)20/h6,9H,3-5,7H2,1-2H3,(H,19,20)(H,21,22)",YMFIJXDFAPHJIN-UHFFFAOYSA-N,3200,iopronic acid,37723-78-7
CC(C)C(NC(=O)C(CC(=O)O)NC(=O)C(CCCCN)NC(=O)C(N)CCCN=C(N)N)C(=O)NC(Cc1ccc(O)cc1)C(=O)O,"InChI=1S/C30H49N9O9/c1-16(2)24(28(46)38-22(29(47)48)14-17-8-10-18(40)11-9-17)39-27(45)21(15-23(41)42)37-26(44)20(7-3-4-12-31)36-25(43)19(32)6-5-13-35-30(33)34/h8-11,16,19-22,24,40H,3-7,12-15,31-32H2,1-2H3,(H,36,43)(H,37,44)(H,38,46)(H,39,45)(H,41,42)(H,47,48)(H4,33,34,35)/t19-,20-,21-,22-,24-/m0/s1",PSWFFKRAVBDQEG-YGQNSOCVSA-N,2645,thymopentin,69558-55-0
CCCCCCCCCCCCCCCCCC(=O)OCC(=O)OCC(=O)C1(O)CCC2C3CC=C4CC(=O)C=CC4(C)C3C(O)CC21C,"InChI=1S/C41H64O8/c1-4-5-6-7-8-9-10-11-12-13-14-15-16-17-18-19-36(45)49-29-37(46)48-28-35(44)41(47)25-23-33-32-21-20-30-26-31(42)22-24-39(30,2)38(32)34(43)27-40(33,41)3/h22,24,26,32-34,38,43,47H,4-21,23,25,27-29H2,1-3H3/t32-,33-,34-,38+,39-,40-,41-/m0/s1",RBJROVWIRLFZFC-PNLFXGMVSA-N,2249,prednisolone steaglate,5060-55-9
NCCC(O)C(N)CC(=O)NC1CNC(=O)C(C2CCNC(N)=N2)NC(=O)C(C=NC(N)=O)NC(=O)C(CO)NC(=O)C(CO)NC1=O,"InChI=1S/C25H43N13O10/c26-3-1-16(41)10(27)5-17(42)33-12-6-31-23(47)18(11-2-4-30-24(28)37-11)38-20(44)13(7-32-25(29)48)34-21(45)14(8-39)36-22(46)15(9-40)35-19(12)43/h7,10-12,14-16,18,39-41H,1-6,8-9,26-27H2,(H,31,47)(H,33,42)(H,34,45)(H,35,43)(H,36,46)(H,38,44)(H3,28,30,37)(H3,29,32,48)/t10-,11-,12+,14+,15+,16-,18+/m1/s1",HPWIIERXAFODPP-MYIPQGGFSA-N,3180,enviomycin,33103-22-9
NCCCC(N)CC(=O)NC1CNC(=O)C(C2CC(O)N=C(N)N2)NC(=O)C(C=NC(N)=O)NC(=O)C(CO)NC(=O)C(CO)NC1=O,"InChI=1S/C25H43N13O10/c26-3-1-2-10(27)4-16(41)32-12-6-30-23(47)18(11-5-17(42)37-24(28)36-11)38-20(44)13(7-31-25(29)48)33-21(45)14(8-39)35-22(46)15(9-40)34-19(12)43/h7,10-12,14-15,17-18,39-40,42H,1-6,8-9,26-27H2,(H,30,47)(H,32,41)(H,33,45)(H,34,43)(H,35,46)(H,38,44)(H3,28,36,37)(H3,29,31,48)/b13-7-/t10-,11+,12-,14-,15-,17-,18-/m0/s1",GXFAIFRPOKBQRV-GHXCTMGLSA-N,2830,viomycin,32988-50-4
COC1CC(OC2C(C)C(=O)OC(C)C(C)C(O)C(C)C(=O)C3(CO3)CC(C)C(OC3OC(C)CC(N(C)C)C3O)C2C)OC(C)C1O,"InChI=1S/C35H61NO12/c1-16-14-35(15-43-35)32(40)19(4)27(37)18(3)22(7)46-33(41)21(6)31(47-26-13-25(42-11)28(38)23(8)45-26)20(5)30(16)48-34-29(39)24(36(9)10)12-17(2)44-34/h16-31,34,37-39H,12-15H2,1-11H3/t16-,17+,18-,19+,20+,21+,22+,23-,24-,25-,26-,27-,28-,29+,30-,31-,34-,35+/m0/s1",RZPAKFUAFGMUPI-QESOVKLGSA-N,1983,oleandomycin,3922-90-5
CCN(CC)CCS(=O)(=O)C1CN2CC1C(=O)OC(C(C)C)C(C)C=CC(=O)NCC=CC(C)=CC(O)CC(=O)Cc1nc(co1)C2=O,"InChI=1S/C34H50N4O9S/c1-7-37(8-2)14-15-48(44,45)29-20-38-19-27(29)34(43)47-32(22(3)4)24(6)11-12-30(41)35-13-9-10-23(5)16-25(39)17-26(40)18-31-36-28(21-46-31)33(38)42/h9-12,16,21-22,24-25,27,29,32,39H,7-8,13-15,17-20H2,1-6H3,(H,35,41)/b10-9+,12-11+,23-16+/t24-,25-,27-,29+,32-/m1/s1",KLRSZNOYZIOTBR-VLAQKBCTSA-N,778,dalfopristin,112362-50-2
CC(=O)NC(C=O)C(OC(C)C(=O)NC(C)C(=O)NC(CCC(=O)O)C(N)=O)C(OC1OC(CO)C(O)C(O)C1NC(C)=O)C(O)CO,"InChI=1S/C27H45N5O16/c1-10(25(44)32-14(24(28)43)5-6-18(39)40)29-26(45)11(2)46-22(15(7-33)30-12(3)36)23(16(38)8-34)48-27-19(31-13(4)37)21(42)20(41)17(9-35)47-27/h7,10-11,14-17,19-23,27,34-35,38,41-42H,5-6,8-9H2,1-4H3,(H2,28,43)(H,29,45)(H,30,36)(H,31,37)(H,32,44)(H,39,40)/t10-,11+,14+,15-,16+,17+,19+,20+,21+,22+,23+,27-/m0/s1",JPBBNLWRCVBGJS-KCAUTNRHSA-N,1322,glucosaminylmuramyl dipeptide,70280-03-4
O=C1NC(O)CCN1C1OC(CO)C(O)C1(F)F,"InChI=1S/C9H14F2N2O5/c10-9(11)6(16)4(3-14)18-7(9)13-2-1-5(15)12-8(13)17/h4-7,14-16H,1-3H2,(H,12,17)/t4-,5-,6-,7-/m1/s1",VUDZSIYXZUYWSC-DBRKOABJSA-N,5402,inqovi,1141397-80-9
CCC(=O)OC1(C(=O)CO)CCC2C3CC=C4CC(=O)CCC4(C)C3CCC21C,"InChI=1S/C24H34O5/c1-4-21(28)29-24(20(27)14-25)12-9-19-17-6-5-15-13-16(26)7-10-22(15,2)18(17)8-11-23(19,24)3/h13,17-19,25H,4-12,14H2,1-3H3/t17-,18+,19+,22+,23+,24+/m1/s1",GPNHMOZDMYNCPO-PDUMRIMRSA-N,5410,clascoterone,19608-29-8
CC(OC(=O)OC1CCCCC1)OC(=O)C1=C(CSc2nnnn2CCN(C)C)CSC2C(NC(=O)Cc3csc(N)n3)C(=O)N12,"InChI=1S/C27H37N9O7S3/c1-15(42-27(40)43-18-7-5-4-6-8-18)41-24(39)21-16(13-46-26-31-32-33-35(26)10-9-34(2)3)12-44-23-20(22(38)36(21)23)30-19(37)11-17-14-45-25(28)29-17/h14-15,18,20,23H,4-13H2,1-3H3,(H2,28,29)(H,30,37)/t15?,20-,23-/m1/s1",VVFDMWZLBPUKTD-ZKRNHDOASA-N,549,cefotiam hexetil,95761-91-4
CC(=C(CCOC(=O)C(C)C)SSC(CCOC(=O)C(C)C)=C(C)N(C=O)Cc1cnc(C)nc1N)N(C=O)Cc1cnc(C)nc1N,"InChI=1S/C32H46N8O6S2/c1-19(2)31(43)45-11-9-27(21(5)39(17-41)15-25-13-35-23(7)37-29(25)33)47-48-28(10-12-46-32(44)20(3)4)22(6)40(18-42)16-26-14-36-24(8)38-30(26)34/h13-14,17-20H,9-12,15-16H2,1-8H3,(H2,33,35,37)(H2,34,36,38)/b27-21-,28-22-",CKHJPWQVLKHBIH-ZDSKVHJSSA-N,2494,sulbutiamine,3286-46-2
CC(O)C(NC(=O)C1CSSCC(NC(=O)C(Cc2ccccc2)NC(=O)CN2CCN(CC(=O)[O-])CCN(CC(=O)[O-])CCN(CC(=O)O)CC2)C(=O)NC(Cc2ccc(O)cc2)C(=O)NC(Cc2c[nH]c3ccccc23)C(=O)NC(CCCCN)C(=O)NC(C(C)O)C(=O)N1)C(=O)O.[Cu+2],"InChI=1S/C65H90N14O19S2.Cu/c1-38(80)56-64(96)73-51(63(95)75-57(39(2)81)65(97)98)37-100-99-36-50(72-59(91)47(28-40-10-4-3-5-11-40)68-52(83)32-76-20-22-77(33-53(84)85)24-26-79(35-55(88)89)27-25-78(23-21-76)34-54(86)87)62(94)70-48(29-41-15-17-43(82)18-16-41)60(92)71-49(30-42-31-67-45-13-7-6-12-44(42)45)61(93)69-46(58(90)74-56)14-8-9-19-66;/h3-7,10-13,15-18,31,38-39,46-51,56-57,67,80-82H,8-9,14,19-30,32-37,66H2,1-2H3,(H,68,83)(H,69,93)(H,70,94)(H,71,92)(H,72,91)(H,73,96)(H,74,90)(H,75,95)(H,84,85)(H,86,87)(H,88,89)(H,97,98);/q;+2/p-2/t38-,39-,46+,47-,48+,49-,50+,51+,56+,57+;/m1./s1/i;1+0",IJRLLVFQGCCPPI-NVGRTJHCSA-L,5411,copper dotatate Cu-64,1426155-87-4
CCCCC1CC=CC=CC=CC=CC(OC2OC(C)C(O)C(N)C2O)CC2OC(O)(CC(O)CC3OC3C=CC(=O)O1)CC(O)C2C(=O)O,"InChI=1S/C36H53NO13/c1-3-4-12-23-13-10-8-6-5-7-9-11-14-24(48-35-33(42)31(37)32(41)21(2)46-35)18-28-30(34(43)44)25(39)20-36(45,50-28)19-22(38)17-27-26(49-27)15-16-29(40)47-23/h5-11,14-16,21-28,30-33,35,38-39,41-42,45H,3-4,12-13,17-20,37H2,1-2H3,(H,43,44)/b6-5+,9-7+,10-8+,14-11+,16-15+/t21-,22?,23?,24?,25?,26?,27?,28?,30?,31+,32-,33+,35+,36?/m1/s1",MUAOHYJGHYFDSA-RFUYTIRJSA-N,3329,lucimycin,13058-67-8
CCN(CC)CCn1c2c(c3ccc(OC)cc31)CCN1CC3CC(OC(=O)c4cc(OC)c(OC)c(OC)c4)C(OC)C(C(=O)OC)C3CC21,"InChI=1S/C39H53N3O9/c1-9-40(10-2)15-16-42-29-20-25(45-3)11-12-26(29)27-13-14-41-22-24-19-33(37(49-7)34(39(44)50-8)28(24)21-30(41)35(27)42)51-38(43)23-17-31(46-4)36(48-6)32(18-23)47-5/h11-12,17-18,20,24,28,30,33-34,37H,9-10,13-16,19,21-22H2,1-8H3/t24-,28+,30-,33-,34+,37+/m1/s1",WFTSRDISOMSAQC-ZNFOTRSXSA-N,3687,bietaserpine,53-18-9
C=Cc1c(C)c2[nH]c1=Cc1[nH]c(c(CC)c1C)C=c1[nH]c(c(C(=O)O)c1C)=C(CC(=O)NC(CC(=O)O)C(=O)O)C1=C(CCC(=O)O)C(C)C(=N1)C=2,"InChI=1S/C38H41N5O9/c1-7-20-16(3)24-12-26-18(5)22(9-10-32(45)46)35(42-26)23(11-31(44)41-30(37(49)50)15-33(47)48)36-34(38(51)52)19(6)27(43-36)14-29-21(8-2)17(4)25(40-29)13-28(20)39-24/h7,12-14,18,22,30,39,43H,1,8-11,15H2,2-6H3,(H,41,44)(H,45,46)(H,47,48)(H,49,50)(H,51,52)/b24-12-,25-13-,26-12-,27-14-,28-13-,29-14-,35-23-,36-23-/t18-,22-,30-/m0/s1",VSEIDZLLWQQJGK-WSUYNKMOSA-N,2555,talaporfin,110230-98-3
COC1C(O)C(OC2CCC3(C)C(CCC4C3CCC3(C)C(C5=CC(=O)OC5)C(O)CC43O)C2)OC(C)C1OC1OC(CO)C(O)C(O)C1O,"InChI=1S/C36H56O14/c1-16-30(50-32-28(42)27(41)26(40)23(14-37)49-32)31(45-4)29(43)33(47-16)48-19-7-9-34(2)18(12-19)5-6-21-20(34)8-10-35(3)25(17-11-24(39)46-15-17)22(38)13-36(21,35)44/h11,16,18-23,25-33,37-38,40-44H,5-10,12-15H2,1-4H3/t16-,18-,19+,20+,21-,22+,23-,25+,26-,27+,28-,29-,30+,31-,32+,33+,34+,35-,36+/m1/s1",CKNOLMVLQUPVMU-YMMLYESFSA-N,3143,digitalin,752-61-4
COC1(C(=O)NC(C)c2ccc(-n3cc(F)cn3)nc2)CCC(c2nc(C)cc(Nc3cc(C)[nH]n3)n2)CC1,"InChI=1S/C27H32FN9O2/c1-16-11-22(33-23-12-17(2)35-36-23)34-25(31-16)19-7-9-27(39-4,10-8-19)26(38)32-18(3)20-5-6-24(29-13-20)37-15-21(28)14-30-37/h5-6,11-15,18-19H,7-10H2,1-4H3,(H,32,38)(H2,31,33,34,35,36)/t18-,19?,27?/m0/s1",GBLBJPZSROAGMF-SIYOEGHHSA-N,5412,pralsetinib,2097132-94-8
CC(C=CC1=C(C)CCCC1(C)C)=CC=CC(C)=CC(=O)Oc1c(C)c(C)c2c(c1C)CCC(C)(CCCC(C)CCCC(C)CCCC(C)C)O2,"InChI=1S/C49H76O3/c1-34(2)19-14-20-35(3)21-15-22-36(4)25-17-31-49(13)32-29-43-42(10)46(40(8)41(9)47(43)52-49)51-45(50)33-38(6)24-16-23-37(5)27-28-44-39(7)26-18-30-48(44,11)12/h16,23-24,27-28,33-36H,14-15,17-22,25-26,29-32H2,1-13H3/b24-16+,28-27+,37-23+,38-33+",RIQIJXOWVAHQES-BUXFCOQUSA-N,2721,tretinoin tocoferil,40516-48-1
OC(OCC(COC(O)C(Cl)(Cl)Cl)(COC(O)C(Cl)(Cl)Cl)COC(O)C(Cl)(Cl)Cl)C(Cl)(Cl)Cl,"InChI=1S/C13H16Cl12O8/c14-10(15,16)5(26)30-1-9(2-31-6(27)11(17,18)19,3-32-7(28)12(20,21)22)4-33-8(29)13(23,24)25/h5-8,26-29H,1-4H2",OKACKALPXHBEMA-UHFFFAOYSA-N,2086,petrichloral,78-12-6
O=C(O)CNC(=O)c1ncc(-c2cccc(Cl)c2)cc1O,"InChI=1S/C14H11ClN2O4/c15-10-3-1-2-8(4-10)9-5-11(18)13(16-6-9)14(21)17-7-12(19)20/h1-6,18H,7H2,(H,17,21)(H,19,20)",JGRXMPYUTJLTKT-UHFFFAOYSA-N,5420,vadadustat,1000025-07-9
CCCCCCCCCCCCCCCC(=O)OCC(COP(=O)([O-])OCC[N+](C)(C)C)OC(=O)CCCCCCCCCCCCCCC,"InChI=1S/C40H80NO8P/c1-6-8-10-12-14-16-18-20-22-24-26-28-30-32-39(42)46-36-38(37-48-50(44,45)47-35-34-41(3,4)5)49-40(43)33-31-29-27-25-23-21-19-17-15-13-11-9-7-2/h38H,6-37H2,1-5H3/t38-/m1/s1",KILNVBDSWZSGLL-KXQOOQHDSA-N,730,colfosceril palmitate,63-89-8
O=S(=O)(c1ccc(NC(C(O)C(O)C(O)C(O)CO)S(=O)(=O)O)cc1)c1ccc(NC(C(O)C(O)C(O)C(O)CO)S(=O)(=O)O)cc1,"InChI=1S/C24H36N2O18S3/c27-9-15(29)17(31)19(33)21(35)23(46(39,40)41)25-11-1-5-13(6-2-11)45(37,38)14-7-3-12(4-8-14)26-24(47(42,43)44)22(36)20(34)18(32)16(30)10-28/h1-8,15-36H,9-10H2,(H,39,40,41)(H,42,43,44)/t15-,16-,17-,18-,19+,20+,21-,22-,23?,24?/m1/s1",SQQCWHCJRWYRLB-AGNGBHFPSA-N,1308,glucosulfone,554-18-7
CC1OC(OCC2OC(Oc3c(-c4ccc(OCCO)c(OCCO)c4)oc4cc(OCCO)cc(O)c4c3=O)C(O)C(O)C2O)C(O)C(O)C1O,"InChI=1S/C33H42O19/c1-14-23(38)26(41)28(43)32(49-14)48-13-21-24(39)27(42)29(44)33(51-21)52-31-25(40)22-17(37)11-16(45-7-4-34)12-20(22)50-30(31)15-2-3-18(46-8-5-35)19(10-15)47-9-6-36/h2-3,10-12,14,21,23-24,26-29,32-39,41-44H,4-9,13H2,1H3/t14-,21+,23-,24+,26+,27-,28+,29+,32+,33-/m0/s1",IYVFNTXFRYQLRP-VVSTWUKXSA-N,2778,troxerutin,7085-55-4
CNC1C(OC2C(OC3C(O)C(O)C(N=C(N)N)C(O)C3N=C(N)N)OC(C)C2(O)C=O)OC(CO)C(OC2OC(CO)C(O)C(O)C2O)C1O,"InChI=1S/C27H49N7O17/c1-6-27(45,5-37)21(24(46-6)50-20-10(34-26(30)31)13(39)9(33-25(28)29)14(40)17(20)43)51-22-11(32-2)15(41)19(8(4-36)48-22)49-23-18(44)16(42)12(38)7(3-35)47-23/h5-24,32,35-36,38-45H,3-4H2,1-2H3,(H4,28,29,33)(H4,30,31,34)/t6-,7-,8-,9+,10-,11-,12+,13+,14-,15-,16-,17+,18-,19-,20+,21-,22-,23+,24-,27+/m0/s1",HQXKELRFXWJXNP-ABOIPUQESA-N,2482,Streptomycin B,128-45-0
CCC1OC(=O)C(C)C(OC2CC(C)(OC)C(O)C(C)O2)C(C)C(OC2OC(C)CC(N(C)C)C2O)C(C)(O)CC(C)(F)C(=O)C(C)C(O)C1(C)O,"InChI=1S/C37H66FNO13/c1-14-24-37(10,46)29(42)21(5)28(41)34(7,38)17-35(8,45)31(52-33-26(40)23(39(11)12)15-18(2)48-33)19(3)27(20(4)32(44)50-24)51-25-16-36(9,47-13)30(43)22(6)49-25/h18-27,29-31,33,40,42-43,45-46H,14-17H2,1-13H3/t18-,19+,20-,21+,22+,23+,24-,25+,26-,27+,29-,30+,31-,33+,34+,35-,36-,37-/m1/s1",XOEUHCONYHZURQ-HNUBZJOYSA-N,1221,flurithromycin,82664-20-8
O=c1c(OCc2ccccc2)c(-c2ccc(OCc3ccccc3)c(OCc3ccccc3)c2)oc2cc(OCc3ccccc3)cc(OCc3ccccc3)c12,"InChI=1S/C50H40O7/c51-48-47-45(55-34-39-22-12-4-13-23-39)29-42(52-31-36-16-6-1-7-17-36)30-46(47)57-49(50(48)56-35-40-24-14-5-15-25-40)41-26-27-43(53-32-37-18-8-2-9-19-37)44(28-41)54-33-38-20-10-3-11-21-38/h1-30H,31-35H2",CSQNIJRRXIHHAY-UHFFFAOYSA-N,330,benzquercin,13157-90-9
CC1(C)C(=CC=CC=CC=CC2=[N+](CCCCS(=O)(=O)O)c3ccc4ccccc4c3C2(C)C)N(CCCCS(=O)(=O)O)c2ccc3ccccc3c21,"InChI=1S/C43H48N2O6S2/c1-42(2)38(44(28-14-16-30-52(46,47)48)36-26-24-32-18-10-12-20-34(32)40(36)42)22-8-6-5-7-9-23-39-43(3,4)41-35-21-13-11-19-33(35)25-27-37(41)45(39)29-15-17-31-53(49,50)51/h5-13,18-27H,14-17,28-31H2,1-4H3,(H-,46,47,48,49,50,51)/p+1",BDBMLMBYCXNVMC-UHFFFAOYSA-O,3300,indocyanine green,3599-32-4
CCC1OC(=O)C(C)C(OC2CC(C)(OC)C(O)C(C)O2)C(C)C(OC2OC(C)CC(N(C)C)C2O)C(C)(O)CC(C)C(=O)C(C)C2OC(=O)OC12C,"InChI=1S/C38H65NO14/c1-14-25-38(10)32(52-35(44)53-38)20(4)27(40)18(2)16-36(8,45)31(51-34-28(41)24(39(11)12)15-19(3)47-34)21(5)29(22(6)33(43)49-25)50-26-17-37(9,46-13)30(42)23(7)48-26/h18-26,28-32,34,41-42,45H,14-17H2,1-13H3/t18-,19-,20+,21+,22-,23+,24+,25-,26+,28-,29+,30+,31-,32-,34+,36-,37-,38-/m1/s1",NKLGIWNNVDPGCA-ZDYKNUMJSA-N,3940,davercin,55224-05-0
O=C(O)CNC(=O)c1c(O)n(C2CCCCC2)c(=O)n(C2CCCCC2)c1=O,"InChI=1S/C19H27N3O6/c23-14(24)11-20-16(25)15-17(26)21(12-7-3-1-4-8-12)19(28)22(18(15)27)13-9-5-2-6-10-13/h12-13,15H,1-11H2,(H,20,25)(H,23,24)",RUEYEZADQJCKGV-UHFFFAOYSA-N,5421,daprodustat,960539-70-2
NC(Cc1ccc(B(O)O)cc1)C(=O)O,"InChI=1S/C9H12BNO4/c11-8(9(12)13)5-6-1-3-7(4-2-6)10(14)15/h1-4,8,14-15H,5,11H2,(H,12,13)",NFIVJOSXJDORSP-UHFFFAOYSA-N,5422,borofalan (10B),80994-59-8
CC#CC(=O)N1CCC(n2c(=O)n(-c3ccc(Oc4ccccc4)cc3)c3c(N)ncnc32)C1,"InChI=1S/C25H22N6O3/c1-2-6-21(32)29-14-13-18(15-29)31-24-22(23(26)27-16-28-24)30(25(31)33)17-9-11-20(12-10-17)34-19-7-4-3-5-8-19/h3-5,7-12,16,18H,13-15H2,1H3,(H2,26,27,28)/t18-/m1/s1",SEJLPXCPMNSRAM-GOSISDBHSA-N,5423,tirabrutinib hydrochloride,1351636-18-4
NCC1OC(OC2C(CO)OC(OC3C(O)C(N)CC(N)C3OC3OC(CO)C(O)CC3N)C2O)C(N)C(O)C1OC1OC(CO)C(O)C(O)C1O,"InChI=1S/C29H55N5O18/c30-3-11-23(51-28-20(43)19(42)17(40)13(5-36)47-28)18(41)15(34)27(45-11)50-24-14(6-37)48-29(21(24)44)52-25-16(39)7(31)1-8(32)22(25)49-26-9(33)2-10(38)12(4-35)46-26/h7-29,35-44H,1-6,30-34H2/t7-,8+,9-,10+,11+,12-,13-,14-,15-,16+,17-,18-,19+,20+,21-,22-,23-,24-,25-,26-,27-,28-,29+/m1/s1",DBLVDAUGBTYDFR-SWMBIRFSSA-N,1589,lividomycin,36441-41-5
CC1OC(OC2C(O)CC(OC3C(O)CC(OC4CCC5(C)C(CCC6C5CCC5(C)C(C7=CC(=O)OC7)CCC65O)C4)OC3C)OC2C)CC(O)C1O,"InChI=1S/C41H64O13/c1-20-36(46)29(42)16-34(49-20)53-38-22(3)51-35(18-31(38)44)54-37-21(2)50-33(17-30(37)43)52-25-8-11-39(4)24(15-25)6-7-28-27(39)9-12-40(5)26(10-13-41(28,40)47)23-14-32(45)48-19-23/h14,20-22,24-31,33-38,42-44,46-47H,6-13,15-19H2,1-5H3/t20-,21-,22-,24-,25+,26-,27+,28-,29+,30+,31+,33+,34+,35+,36-,37-,38-,39+,40-,41+/m1/s1",WDJUZGPOPHTGOT-XUDUSOBPSA-N,881,digitoxin,71-63-6
CSCCC(NC(=O)C(Cc1c[nH]c2ccccc12)NC(=O)CCNC(=O)OC(C)(C)C)C(=O)NC(CC(=O)O)C(=O)NC(Cc1ccccc1)C(N)=O,"InChI=1S/C37H49N7O9S/c1-37(2,3)53-36(52)39-16-14-30(45)41-28(19-23-21-40-25-13-9-8-12-24(23)25)34(50)42-26(15-17-54-4)33(49)44-29(20-31(46)47)35(51)43-27(32(38)48)18-22-10-6-5-7-11-22/h5-13,21,26-29,40H,14-20H2,1-4H3,(H2,38,48)(H,39,52)(H,41,45)(H,42,50)(H,43,51)(H,44,49)(H,46,47)/t26-,27-,28-,29-/m0/s1",NEYNJQRKHLUJRU-DZUOILHNSA-N,2088,pentagastrin,5534-95-2
CC(=C(CCOC(=O)c1ccccc1)SSC(CCOC(=O)c1ccccc1)=C(C)N(C=O)Cc1cnc(C)nc1N)N(C=O)Cc1cnc(C)nc1N,"InChI=1S/C38H42N8O6S2/c1-25(45(23-47)21-31-19-41-27(3)43-35(31)39)33(15-17-51-37(49)29-11-7-5-8-12-29)53-54-34(16-18-52-38(50)30-13-9-6-10-14-30)26(2)46(24-48)22-32-20-42-28(4)44-36(32)40/h5-14,19-20,23-24H,15-18,21-22H2,1-4H3,(H2,39,41,43)(H2,40,42,44)/b33-25+,34-26+",IWXAZSAGYJHXPX-BCEWYCLDSA-N,378,bisbentiamine,2667-89-2
CCC1OC(=O)C(C)C(OC2CC(C)(OC)C(O)C(C)O2)C(C)C(OC2OC(C)CC(N(C)C)C2OC(C)=O)C(C)(O)CC(C)C(=O)C(C)C(O)C1(C)O,"InChI=1S/C39H69NO14/c1-15-27-39(11,47)32(43)21(4)29(42)19(2)17-37(9,46)34(54-36-31(51-25(8)41)26(40(12)13)16-20(3)49-36)22(5)30(23(6)35(45)52-27)53-28-18-38(10,48-14)33(44)24(7)50-28/h19-24,26-28,30-34,36,43-44,46-47H,15-18H2,1-14H3/t19-,20-,21+,22+,23-,24+,26+,27-,28+,30+,31-,32-,33+,34-,36+,37-,38-,39-/m1/s1",CVBHEIRZLPKMSH-SNWVVRALSA-N,1049,erythromycin acistrate,96128-89-1
NC(Cc1cc(I)c(Oc2cc(I)c(O)c(I)c2)c(I)c1)C(=O)O,"InChI=1S/C15H11I4NO4/c16-8-4-7(5-9(17)13(8)21)24-14-10(18)1-6(2-11(14)19)3-12(20)15(22)23/h1-2,4-5,12,21H,3,20H2,(H,22,23)/t12-/m1/s1",XUIIKFGFIJCVMT-GFCCVEGCSA-N,846,dextrothyroxine,51-49-0
CN(C(=O)CO)c1c(I)c(C(=O)NCC(O)CO)c(I)c(C(=O)NCC(O)CO)c1I,"InChI=1S/C17H22I3N3O8/c1-23(9(29)6-26)15-13(19)10(16(30)21-2-7(27)4-24)12(18)11(14(15)20)17(31)22-3-8(28)5-25/h7-8,24-28H,2-6H2,1H3,(H,21,30)(H,22,31)",NJKDOADNQSYQEV-UHFFFAOYSA-N,1463,iomeprol,78649-41-9
CC1OC(OC2C(O)CC(OC3C(O)CC(OC4CCC5(C)C(CCC6C5CCC5(C)C(C7=CC(=O)OC7)C(O)CC65O)C4)OC3C)OC2C)CC(O)C1O,"InChI=1S/C41H64O14/c1-19-36(47)27(42)14-33(50-19)54-38-21(3)52-34(16-29(38)44)55-37-20(2)51-32(15-28(37)43)53-24-8-10-39(4)23(13-24)6-7-26-25(39)9-11-40(5)35(22-12-31(46)49-18-22)30(45)17-41(26,40)48/h12,19-21,23-30,32-38,42-45,47-48H,6-11,13-18H2,1-5H3/t19-,20-,21-,23-,24+,25+,26-,27+,28+,29+,30+,32+,33+,34+,35+,36-,37-,38-,39+,40-,41+/m1/s1",LKRDZKPBAOKJBT-CNPIRKNPSA-N,3262,gitoxin,4562-36-1
NC(CCC(=O)NC(CS(=O)(=O)CCOP(=O)(N(CCCl)CCCl)N(CCCl)CCCl)C(=O)NC(C(=O)O)c1ccccc1)C(=O)O,"InChI=1S/C26H40Cl4N5O10PS/c27-8-12-34(13-9-28)46(42,35(14-10-29)15-11-30)45-16-17-47(43,44)18-21(32-22(36)7-6-20(31)25(38)39)24(37)33-23(26(40)41)19-4-2-1-3-5-19/h1-5,20-21,23H,6-18,31H2,(H,32,36)(H,33,37)(H,38,39)(H,40,41)/t20-,21-,23+/m0/s1",OJLHWPALWODJPQ-QNWVGRARSA-N,3062,canfosfamide,158382-37-7
CC12CCC3c4ccc(OC(=O)Cc5ccc(N(CCCl)CCCl)cc5)cc4CCC3C1CCC2OC(=O)Cc1ccc(N(CCCl)CCCl)cc1,"InChI=1S/C42H50Cl4N2O4/c1-42-17-16-36-35-13-11-34(51-40(49)26-29-2-7-32(8-3-29)47(22-18-43)23-19-44)28-31(35)6-12-37(36)38(42)14-15-39(42)52-41(50)27-30-4-9-33(10-5-30)48(24-20-45)25-21-46/h2-5,7-11,13,28,36-39H,6,12,14-27H2,1H3/t36-,37-,38+,39+,42+/m1/s1",LRSFXIJGHRPOQQ-VZRQQIPSSA-N,1062,estradiol mustard,22966-79-6
CC(=O)Nc1c(I)c(C(=O)NC2C(O)OC(CO)C(O)C2O)c(I)c(N(C)C(C)=O)c1I,"InChI=1S/C18H22I3N3O8/c1-5(26)22-12-9(19)8(10(20)14(11(12)21)24(3)6(2)27)17(30)23-13-16(29)15(28)7(4-25)32-18(13)31/h7,13,15-16,18,25,28-29,31H,4H2,1-3H3,(H,22,26)(H,23,30)/t7-,13-,15-,16-,18?/m1/s1",BAQCROVBDNBEEB-UBYUBLNFSA-N,1788,metrizamide,31112-62-6
CCC(=O)OC1C(OC2C(C)C(OC3CC(C)(OC)C(O)C(C)O3)C(C)C(=O)OC(CC)C(C)(O)C(O)C(C)C(=O)C(C)CC2(C)O)OC(C)CC1N(C)C,"InChI=1S/C40H71NO14/c1-15-27-40(11,48)33(44)22(5)30(43)20(3)18-38(9,47)35(55-37-32(53-28(42)16-2)26(41(12)13)17-21(4)50-37)23(6)31(24(7)36(46)52-27)54-29-19-39(10,49-14)34(45)25(8)51-29/h20-27,29,31-35,37,44-45,47-48H,15-19H2,1-14H3/t20-,21-,22+,23+,24-,25+,26+,27-,29+,31+,32-,33-,34+,35-,37+,38-,39-,40-/m1/s1",TYQXKHPOXXXCTP-CSLYCKPJSA-N,1052,erythromycin propionate,134-36-1
CCC1=CC2CN(CCc3c([nH]c4ccccc34)C(C(=O)OC)(c3cc4c(cc3OC)N(C)C3C(O)(C(=O)OC)C(OC(C)=O)C5(CC)C=CCN6CCC43C65)C2)C1,"InChI=1S/C46H56N4O8/c1-8-28-21-29-24-45(41(52)56-6,37-31(15-19-49(25-28)26-29)30-13-10-11-14-34(30)47-37)33-22-32-35(23-36(33)55-5)48(4)39-44(32)17-20-50-18-12-16-43(9-2,38(44)50)40(58-27(3)51)46(39,54)42(53)57-7/h10-14,16,21-23,29,38-40,47,54H,8-9,15,17-20,24-26H2,1-7H3/t29-,38-,39+,40+,43+,44+,45-,46-/m0/s1",FFRFGVHNKJYNOV-ZCIMLLHDSA-N,219,anhydrovinblastine,38390-45-3
O=C1OC(c2ccc(O)c(S(=O)(=O)O)c2)(c2ccc(O)c(S(=O)(=O)O)c2)c2c(Br)c(Br)c(Br)c(Br)c21,"InChI=1S/C20H10Br4O10S2/c21-15-13-14(16(22)18(24)17(15)23)20(34-19(13)27,7-1-3-9(25)11(5-7)35(28,29)30)8-2-4-10(26)12(6-8)36(31,32)33/h1-6,25-26H,(H,28,29,30)(H,31,32,33)",OHTXTCNTQJFRIG-UHFFFAOYSA-N,2531,sulfobromophthalein,71-67-0
COC1C(O)CC(OC2C(O)CC(OC3C(O)CC(OC4CCC5(C)C(CCC6C5CC(O)C5(C)C(C7=CC(=O)OC7)CCC65O)C4)OC3C)OC2C)OC1C,"InChI=1S/C42H66O14/c1-20-37(49-6)29(43)16-35(51-20)55-39-22(3)53-36(18-31(39)45)56-38-21(2)52-34(17-30(38)44)54-25-9-11-40(4)24(14-25)7-8-27-28(40)15-32(46)41(5)26(10-12-42(27,41)48)23-13-33(47)50-19-23/h13,20-22,24-32,34-39,43-46,48H,7-12,14-19H2,1-6H3/t20-,21-,22-,24-,25+,26-,27-,28+,29+,30+,31+,32-,34+,35+,36+,37-,38-,39-,40+,41+,42+/m1/s1",IYJMSDVSVHDVGT-PEQKVOOWSA-N,1761,metildigoxin,30685-43-9
Cc1cc2c3ccccc3[n+]1CCCCCCCCCC[n+]1c(C)cc(c3ccccc31)NCCCCCCCCCCN2,"InChI=1S/C40H56N4/c1-33-31-37-35-23-15-17-25-39(35)43(33)29-21-13-9-5-6-10-14-22-30-44-34(2)32-38(36-24-16-18-26-40(36)44)42-28-20-12-8-4-3-7-11-19-27-41-37/h15-18,23-26,31-32H,3-14,19-22,27-30H2,1-2H3/p+2/b41-37+,42-38+",ZFWYZPJOMMIRAM-WWUXXHOVSA-P,3030,bisdequalinium chloride,52951-36-7
C=CCC1=CC(C)CC(C)CC(OC)C2OC(O)(C(=O)C(=O)N3CCCCC3C(=O)OC(C(C)=CC3CCC(O)C(OC)C3)C(C)C(O)CC1=O)C(C)CC2OC,"InChI=1S/C44H69NO12/c1-10-13-31-19-25(2)18-26(3)20-37(54-8)40-38(55-9)22-28(5)44(52,57-40)41(49)42(50)45-17-12-11-14-32(45)43(51)56-39(29(6)34(47)24-35(31)48)27(4)21-30-15-16-33(46)36(23-30)53-7/h10,19,21,26,28-34,36-40,46-47,52H,1,11-18,20,22-24H2,2-9H3/b25-19+,27-21+/t26-,28+,29-,30-,31+,32-,33+,34-,36+,37-,38-,39+,40+,44+/m0/s1",QJJXYPPXXYFBGM-ZIUDIOLZSA-N,2552,tacrolimus,104987-11-3
O=S(=O)(c1ccc(NC(CC(c2ccccc2)S(=O)(=O)O)S(=O)(=O)O)cc1)c1ccc(NC(CC(c2ccccc2)S(=O)(=O)O)S(=O)(=O)O)cc1,"InChI=1S/C30H32N2O14S5/c33-47(34,25-15-11-23(12-16-25)31-29(50(41,42)43)19-27(48(35,36)37)21-7-3-1-4-8-21)26-17-13-24(14-18-26)32-30(51(44,45)46)20-28(49(38,39)40)22-9-5-2-6-10-22/h1-18,27-32H,19-20H2,(H,35,36,37)(H,38,39,40)(H,41,42,43)(H,44,45,46)",HCCUQCPVNVAHMV-UHFFFAOYSA-N,3551,solasulfone,133-65-3
CC(=O)OC1CC(OC2C(O)CC(OC3C(O)CC(OC4CCC5(C)C(CCC6C5CCC5(C)C(C7=CC(=O)OC7)CCC65O)C4)OC3C)OC2C)OC(C)C1O,"InChI=1S/C43H66O14/c1-21-38(48)33(54-24(4)44)19-37(51-21)57-40-23(3)53-36(18-32(40)46)56-39-22(2)52-35(17-31(39)45)55-27-9-12-41(5)26(16-27)7-8-30-29(41)10-13-42(6)28(11-14-43(30,42)49)25-15-34(47)50-20-25/h15,21-23,26-33,35-40,45-46,48-49H,7-14,16-20H2,1-6H3/t21-,22-,23-,26-,27+,28-,29+,30-,31+,32+,33+,35+,36+,37+,38-,39-,40-,41+,42-,43+/m1/s1",HPMZBILYSWLILX-UMDUKNJSSA-N,67,acetyldigitoxin,1111-39-3
O=C(OC1C(OC(=O)c2cccnc2)C(OC(=O)c2cccnc2)C(OC(=O)c2cccnc2)C(OC(=O)c2cccnc2)C1OC(=O)c1cccnc1)c1cccnc1,"InChI=1S/C42H30N6O12/c49-37(25-7-1-13-43-19-25)55-31-32(56-38(50)26-8-2-14-44-20-26)34(58-40(52)28-10-4-16-46-22-28)36(60-42(54)30-12-6-18-48-24-30)35(59-41(53)29-11-5-17-47-23-29)33(31)57-39(51)27-9-3-15-45-21-27/h1-24,31-36H/t31-,32-,33-,34+,35-,36-",MFZCIDXOLLEMOO-GYSGTQPESA-N,1445,inositol nicotinate,6556-11-2
CCC1(O)CC(OC2CC(N(C)C)C(OC3CC(O)C(OC4CCC(=O)C(C)O4)C(C)O3)C(C)O2)c2c(cc3c(c2O)C(=O)c2c(O)cccc2C3=O)C1C(=O)OC,"InChI=1S/C42H53NO15/c1-8-42(51)17-28(33-22(35(42)41(50)52-7)14-23-34(38(33)49)37(48)32-21(36(23)47)10-9-11-26(32)45)56-30-15-24(43(5)6)39(19(3)54-30)58-31-16-27(46)40(20(4)55-31)57-29-13-12-25(44)18(2)53-29/h9-11,14,18-20,24,27-31,35,39-40,45-46,49,51H,8,12-13,15-17H2,1-7H3/t18-,19-,20-,24-,27-,28-,29-,30-,31-,35-,39+,40+,42+/m0/s1",USZYSDMBJDPRIF-SVEJIMAYSA-N,80,aclarubicin,57576-44-0
O=C(OCC(OC(=O)c1cccnc1)C(OC(=O)c1cccnc1)C(OC(=O)c1cccnc1)C(COC(=O)c1cccnc1)OC(=O)c1cccnc1)c1cccnc1,"InChI=1S/C42H32N6O12/c49-37(27-7-1-13-43-19-27)55-25-33(57-39(51)29-9-3-15-45-21-29)35(59-41(53)31-11-5-17-47-23-31)36(60-42(54)32-12-6-18-48-24-32)34(58-40(52)30-10-4-16-46-22-30)26-56-38(50)28-8-2-14-44-20-28/h1-24,33-36H,25-26H2/t33-,34+,35-,36-/m1/s1",IMRLNFKFNFLWQF-IYKITFJXSA-N,2460,sorbinicate,6184-06-1
COC1CC(OC2C(C)C(=O)OC(C)C(C)C(OC(C)=O)C(C)C(=O)C3(CO3)CC(C)C(OC3OC(C)CC(N(C)C)C3OC(C)=O)C2C)OC(C)C1OC(C)=O,"InChI=1S/C41H67NO15/c1-19-17-41(18-49-41)38(46)23(5)34(53-27(9)43)21(3)25(7)52-39(47)24(6)35(56-32-16-31(48-14)36(26(8)51-32)54-28(10)44)22(4)33(19)57-40-37(55-29(11)45)30(42(12)13)15-20(2)50-40/h19-26,30-37,40H,15-18H2,1-14H3/t19-,20+,21-,22+,23+,24+,25+,26-,30-,31-,32-,33-,34-,35-,36-,37+,40-,41+/m0/s1",LQCLVBQBTUVCEQ-QTFUVMRISA-N,2769,troleandomycin,2751-09-9
CCC(=O)OC1CC(=O)OC(C)CC=CC=CC(O)C(C)CC(CC=O)C(OC2OC(C)C(OC3CC(C)(O)C(OC(=O)CC)C(C)O3)C(N(C)C)C2O)C1OC,"InChI=1S/C41H67NO15/c1-11-30(45)54-29-21-32(47)51-24(4)16-14-13-15-17-28(44)23(3)20-27(18-19-43)37(38(29)50-10)57-40-35(48)34(42(8)9)36(25(5)53-40)56-33-22-41(7,49)39(26(6)52-33)55-31(46)12-2/h13-15,17,19,23-29,33-40,44,48-49H,11-12,16,18,20-22H2,1-10H3/b14-13+,17-15+/t23-,24-,25-,26+,27+,28+,29-,33+,34-,35-,36-,37+,38+,39+,40+,41-/m1/s1",DMUAPQTXSSNEDD-QALJCMCCSA-N,1861,mydecamycin,35457-80-8
CC(N)C(=O)NC(Cc1ccc2ccccc2c1)C(=O)NC(C)C(=O)NC(Cc1c[nH]c2ccccc12)C(=O)NC(Cc1ccccc1)C(=O)NC(CCCCN)C(N)=O,"InChI=1S/C45H55N9O6/c1-27(47)41(56)52-38(24-30-19-20-31-14-6-7-15-32(31)22-30)43(58)50-28(2)42(57)53-39(25-33-26-49-35-17-9-8-16-34(33)35)45(60)54-37(23-29-12-4-3-5-13-29)44(59)51-36(40(48)55)18-10-11-21-46/h3-9,12-17,19-20,22,26-28,36-39,49H,10-11,18,21,23-25,46-47H2,1-2H3,(H2,48,55)(H,50,58)(H,51,59)(H,52,56)(H,53,57)(H,54,60)/t27-,28+,36+,37-,38-,39+/m1/s1",HRNLPPBUBKMZMT-RDRUQFPZSA-N,2232,pralmorelin,158861-67-7
CC(COc1ccccc1Cc1ccccc1)N1CCCCC1,"InChI=1S/C21H27NO/c1-18(22-14-8-3-9-15-22)17-23-21-13-7-6-12-20(21)16-19-10-4-2-5-11-19/h2,4-7,10-13,18H,3,8-9,14-17H2,1H3",JTUQXGZRVLWBCR-UHFFFAOYSA-N,5236,benproperine,2156-27-6
CC(C)(C)OCC1C(=O)NCCN1C(=O)CC(N)Cc1cc(F)c(F)cc1F,"InChI=1S/C19H26F3N3O3/c1-19(2,3)28-10-16-18(27)24-4-5-25(16)17(26)8-12(23)6-11-7-14(21)15(22)9-13(11)20/h7,9,12,16H,4-6,8,10,23H2,1-3H3,(H,24,27)/t12-,16-/m1/s1",LCDDAGSJHKEABN-MLGOLLRUSA-N,5239,evogliptin,1222102-29-5
CCOC(=O)C(C)(N)Cc1cc(I)c(Oc2cc(I)c(O)c(I)c2)c(I)c1,"InChI=1S/C18H17I4NO4/c1-3-26-17(25)18(2,23)8-9-4-13(21)16(14(22)5-9)27-10-6-11(19)15(24)12(20)7-10/h4-7,24H,3,8,23H2,1-2H3",LWZCMKGGFONJPB-UHFFFAOYSA-N,3210,etiroxate,17365-01-4
CC1(C(=O)O)CCC2(C)CCC3(C)C(=C2C1)CC(=O)C1C2(C)CCC(OC4OC(C(=O)O)C(O)C(O)C4OC4OC(C(=O)O)C(O)C(O)C4O)C(C)(C)C2CCC13C,"InChI=1S/C42H62O16/c1-37(2)21-8-11-42(7)31(20(43)16-18-19-17-39(4,36(53)54)13-12-38(19,3)14-15-41(18,42)6)40(21,5)10-9-22(37)55-35-30(26(47)25(46)29(57-35)33(51)52)58-34-27(48)23(44)24(45)28(56-34)32(49)50/h16,19,21-31,34-35,44-48H,8-15,17H2,1-7H3,(H,49,50)(H,51,52)(H,53,54)/t19-,21-,22-,23-,24-,25-,26-,27+,28-,29-,30+,31+,34-,35-,38+,39-,40-,41+,42+/m0/s1",LPLVUJXQOOQHMX-QWBHMCJMSA-N,1325,glycyrrhizic acid,1405-86-3
CC1(C)OC(c2ccc(S(N)(=O)=O)cc2)=C(c2cccc(F)c2)C1=O,"InChI=1S/C18H16FNO4S/c1-18(2)17(21)15(12-4-3-5-13(19)10-12)16(24-18)11-6-8-14(9-7-11)25(20,22)23/h3-10H,1-2H3,(H2,20,22,23)",IJWPAFMIFNSIGD-UHFFFAOYSA-N,5240,polmacoxib,301692-76-2
COc1ccc(NC(=O)c2ccc(C(=N)N(C)C)cc2)c(C(=O)Nc2ccc(Cl)cn2)c1,"InChI=1S/C23H22ClN5O3/c1-29(2)21(25)14-4-6-15(7-5-14)22(30)27-19-10-9-17(32-3)12-18(19)23(31)28-20-11-8-16(24)13-26-20/h4-13,25H,1-3H3,(H,27,30)(H,26,28,31)",XHOLNRLADUSQLD-UHFFFAOYSA-N,5241,betrixaban,330942-05-7
CC(=O)OC1C(O)CC(OC2C(O)CC(OC3C(O)CC(OC4CCC5(C)C(CCC6C5CC(O)C5(C)C(C7=CC(=O)OC7)CCC65O)C4)OC3C)OC2C)OC1C,"InChI=1S/C43H66O15/c1-20-38(55-23(4)44)30(45)17-36(53-20)57-40-22(3)54-37(18-32(40)47)58-39-21(2)52-35(16-31(39)46)56-26-9-11-41(5)25(14-26)7-8-28-29(41)15-33(48)42(6)27(10-12-43(28,42)50)24-13-34(49)51-19-24/h13,20-22,25-33,35-40,45-48,50H,7-12,14-19H2,1-6H3/t20-,21-,22-,25-,26+,27-,28-,29+,30+,31+,32+,33-,35+,36+,37+,38-,39-,40-,41+,42+,43+/m1/s1",NREAGDHHMSOWKZ-DXJNJSHLSA-N,68,acetyldigoxin,5355-48-6
CCCC(=O)OC1C(C)OC(OC2C(C)OC(OC3C(CC=O)CC(C)C(O)C=CC=CCC(C)OC(=O)CC(O)C3OC)C(O)C2N(C)C)CC1(C)OC(=O)CC,"InChI=1S/C42H69NO15/c1-11-16-32(48)55-40-27(6)53-34(23-42(40,7)58-31(47)12-2)56-37-26(5)54-41(36(50)35(37)43(8)9)57-38-28(19-20-44)21-24(3)29(45)18-15-13-14-17-25(4)52-33(49)22-30(46)39(38)51-10/h13-15,18,20,24-30,34-41,45-46,50H,11-12,16-17,19,21-23H2,1-10H3/b14-13+,18-15+/t24-,25-,26-,27+,28+,29+,30-,34+,35-,36-,37-,38+,39+,40+,41+,42-/m1/s1",VYWWNRMSAPEJLS-MDWYKHENSA-N,2398,rokitamycin,74014-51-0
COC1C(OC(C)=O)CC(=O)OC(C)CC=CC=CC(O)C(C)CC(CC=O)C1OC1OC(C)C(OC2CC(C)(O)C(OC(=O)CC(C)C)C(C)O2)C(N(C)C)C1O,"InChI=1S/C42H69NO15/c1-23(2)19-32(47)56-40-27(6)53-34(22-42(40,8)50)57-37-26(5)54-41(36(49)35(37)43(9)10)58-38-29(17-18-44)20-24(3)30(46)16-14-12-13-15-25(4)52-33(48)21-31(39(38)51-11)55-28(7)45/h12-14,16,18,23-27,29-31,34-41,46,49-50H,15,17,19-22H2,1-11H3/b13-12+,16-14+/t24-,25-,26-,27+,29+,30+,31-,34+,35-,36-,37-,38+,39+,40+,41+,42-/m1/s1",XJSFLOJWULLJQS-NGVXBBESSA-N,1518,josamycin,16846-24-5
COC(=O)NC(C(=O)N1CCCC1c1nc2cc(C3CCC(c4cc5[nH]c(C6CCCN6C(=O)C(NC(=O)OC)C(C)OC)nc5cc4F)N3c3cc(F)c(N4CCC(c5ccc(F)cc5)CC4)c(F)c3)c(F)cc2[nH]1)C(C)OC,"InChI=1S/C57H65F5N10O8/c1-29(77-3)49(67-56(75)79-5)54(73)70-19-7-9-47(70)52-63-41-25-35(37(59)27-43(41)65-52)45-15-16-46(72(45)34-23-39(61)51(40(62)24-34)69-21-17-32(18-22-69)31-11-13-33(58)14-12-31)36-26-42-44(28-38(36)60)66-53(64-42)48-10-8-20-71(48)55(74)50(30(2)78-4)68-57(76)80-6/h11-14,23-30,32,45-50H,7-10,15-22H2,1-6H3,(H,63,65)(H,64,66)(H,67,75)(H,68,76)/t29-,30-,45-,46-,47+,48+,49+,50+/m1/s1",VJYSBPDEJWLKKJ-NLIMODCCSA-N,5244,pibrentasvir,1353900-92-1
CCC1OC(=O)C(C)C(OC2CC(C)(OC)C(O)C(C)O2)C(C)C(OC2OC(C)CC(N(C)C)C2O)C(C)(O)CC(C)C2NC(COCCOC)OC(C2C)C1(C)O,"InChI=1S/C42H78N2O14/c1-15-29-42(10,49)37-24(4)32(43-30(56-37)21-52-17-16-50-13)22(2)19-40(8,48)36(58-39-33(45)28(44(11)12)18-23(3)53-39)25(5)34(26(6)38(47)55-29)57-31-20-41(9,51-14)35(46)27(7)54-31/h22-37,39,43,45-46,48-49H,15-21H2,1-14H3/t22-,23-,24+,25+,26-,27+,28+,29-,30-,31+,32+,33-,34+,35+,36-,37-,39+,40-,41-,42-/m1/s1",WLOHNSSYAXHWNR-DWIOZXRMSA-N,925,dirithromycin,62013-04-1
COCC(O)CN(C(C)=O)c1c(I)c(C(=O)NCC(O)CO)c(I)c(C(=O)NCC(O)CO)c1I,"InChI=1S/C20H28I3N3O9/c1-9(29)26(5-12(32)8-35-2)18-16(22)13(19(33)24-3-10(30)6-27)15(21)14(17(18)23)20(34)25-4-11(31)7-28/h10-12,27-28,30-32H,3-8H2,1-2H3,(H,24,33)(H,25,34)",IUNJANQVIJDFTQ-UHFFFAOYSA-N,1466,iopentol,89797-00-2
CN(CC(O)CO)C(=O)c1c(I)c(NC(=O)C(CO)CO)c(I)c(C(=O)N(C)CC(O)CO)c1I,"InChI=1S/C20H28I3N3O9/c1-25(3-10(31)7-29)19(34)12-14(21)13(20(35)26(2)4-11(32)8-30)16(23)17(15(12)22)24-18(33)9(5-27)6-28/h9-11,27-32H,3-8H2,1-2H3,(H,24,33)",YLPBXIKWXNRACS-UHFFFAOYSA-N,1449,iobitridol,136949-58-1
COC1C(O)CC(=O)OC(C)CC=CC=CC(OC2CCC(N(C)C)C(C)O2)C(C)CC(CC=O)C1OC1OC(C)C(OC2CC(C)(O)C(O)C(C)O2)C(N(C)C)C1O,"InChI=1S/C43H74N2O14/c1-24-21-29(19-20-46)39(59-42-37(49)36(45(9)10)38(27(4)56-42)58-35-23-43(6,51)41(50)28(5)55-35)40(52-11)31(47)22-33(48)53-25(2)15-13-12-14-16-32(24)57-34-18-17-30(44(7)8)26(3)54-34/h12-14,16,20,24-32,34-42,47,49-51H,15,17-19,21-23H2,1-11H3/b13-12+,16-14+/t24-,25-,26-,27-,28+,29+,30+,31-,32+,34+,35+,36-,37-,38-,39+,40+,41+,42+,43-/m1/s1",ACTOXUHEUCPTEW-CEUOBAOPSA-N,2471,Spiramycin I,24916-50-5
CCCN(CCC)C(=O)C(CCC(=O)OCCCN1CCN(CCOC(=O)Cc2c(C)n(C(=O)c3ccc(Cl)cc3)c3ccc(OC)cc23)CC1)NC(=O)c1ccccc1,"InChI=1S/C46H58ClN5O8/c1-5-21-51(22-6-2)46(57)40(48-44(55)34-11-8-7-9-12-34)18-20-42(53)59-29-10-23-49-24-26-50(27-25-49)28-30-60-43(54)32-38-33(3)52(41-19-17-37(58-4)31-39(38)41)45(56)35-13-15-36(47)16-14-35/h7-9,11-17,19,31,40H,5-6,10,18,20-30,32H2,1-4H3,(H,48,55)",PTXGHCGBYMQQIG-UHFFFAOYSA-N,2280,proglumetacin,57132-53-3
CC(=O)OC1=C2C(C)C(OC(=O)C(O)C(NC(=O)c3ccccc3)c3ccccc3)CC(O)(C(OC(=O)c3ccccc3)C3C4(OC(C)=O)COC4CC(O)C3(C)C1=O)C2(C)C,"InChI=1S/C47H51NO14/c1-25-31(60-43(56)36(52)35(28-16-10-7-11-17-28)48-41(54)29-18-12-8-13-19-29)23-47(57)40(61-42(55)30-20-14-9-15-21-30)38-45(6,32(51)22-33-46(38,24-58-33)62-27(3)50)39(53)37(59-26(2)49)34(25)44(47,4)5/h7-21,31-33,35-38,40,51-52,57H,22-24H2,1-6H3,(H,48,54)/t31-,32-,33+,35-,36+,37+,38-,40-,45+,46-,47+/m0/s1",RCINICONZNJXQF-MZXODVADSA-N,2044,paclitaxel,33069-62-4
CCOC(=O)CCC(=O)OC1C(OC2C(C)C(OC3CC(C)(OC)C(O)C(C)O3)C(C)C(=O)OC(CC)C(C)(O)C(O)C(C)C(=O)C(C)CC2(C)O)OC(C)CC1N(C)C,"InChI=1S/C43H75NO16/c1-15-29-43(11,52)36(48)24(5)33(47)22(3)20-41(9,51)38(25(6)34(26(7)39(50)57-29)59-32-21-42(10,53-14)37(49)27(8)56-32)60-40-35(28(44(12)13)19-23(4)55-40)58-31(46)18-17-30(45)54-16-2/h22-29,32,34-38,40,48-49,51-52H,15-21H2,1-14H3/t22-,23-,24+,25+,26-,27+,28+,29-,32+,34+,35-,36-,37+,38-,40+,41-,42-,43-/m1/s1",NSYZCCDSJNWWJL-YXOIYICCSA-N,1051,erythromycin ethyl succinate,1264-62-6
Cc1cc(-c2ccc(N=Nc3ccc4c(S(=O)(=O)O)cc(S(=O)(=O)O)c(N)c4c3O)c(C)c2)ccc1N=Nc1ccc2c(S(=O)(=O)O)cc(S(=O)(=O)O)c(N)c2c1O,"InChI=1S/C34H28N6O14S4/c1-15-11-17(3-7-21(15)37-39-23-9-5-19-25(55(43,44)45)13-27(57(49,50)51)31(35)29(19)33(23)41)18-4-8-22(16(2)12-18)38-40-24-10-6-20-26(56(46,47)48)14-28(58(52,53)54)32(36)30(20)34(24)42/h3-14,41-42H,35-36H2,1-2H3,(H,43,44,45)(H,46,47,48)(H,49,50,51)(H,52,53,54)/b39-37+,40-38+",COXVTLYNGOIATD-HVMBLDELSA-N,3217,evans blue,314-13-6
COC1C(OC(C)=O)CC(=O)OC(C)CC=CC=CC(OC2CCC(N(C)C)C(C)O2)C(C)CC(CC=O)C1OC1OC(C)C(OC2CC(C)(O)C(O)C(C)O2)C(N(C)C)C1O,"InChI=1S/C45H76N2O15/c1-25-22-31(20-21-48)41(62-44-39(51)38(47(10)11)40(28(4)58-44)61-37-24-45(7,53)43(52)29(5)57-37)42(54-12)34(59-30(6)49)23-35(50)55-26(2)16-14-13-15-17-33(25)60-36-19-18-32(46(8)9)27(3)56-36/h13-15,17,21,25-29,31-34,36-44,51-53H,16,18-20,22-24H2,1-12H3/b14-13+,17-15+/t25-,26-,27-,28-,29+,31+,32+,33+,34-,36+,37+,38-,39-,40-,41+,42+,43+,44+,45-/m1/s1",ZPCCSZFPOXBNDL-ZSTSFXQOSA-N,2472,Spiramycin II,24916-51-6
CCCCCCCCCCCCCCCCCC(=O)NCCCCC(NC(=O)CCC(NC(=O)C(C)NC(=O)C(C)OC1C(O)C(CO)OC(O)C1NC(C)=O)C(N)=O)C(=O)O,"InChI=1S/C43H78N6O13/c1-5-6-7-8-9-10-11-12-13-14-15-16-17-18-19-23-34(52)45-26-21-20-22-32(42(58)59)48-35(53)25-24-31(39(44)55)49-40(56)28(2)46-41(57)29(3)61-38-36(47-30(4)51)43(60)62-33(27-50)37(38)54/h28-29,31-33,36-38,43,50,54,60H,5-27H2,1-4H3,(H2,44,55)(H,45,52)(H,46,57)(H,47,51)(H,48,53)(H,49,56)(H,58,59)/t28-,29+,31+,32-,33+,36+,37+,38+,43?/m0/s1",FKHUGQZRBPETJR-FZKCHLSLSA-N,2400,romurtide,78113-36-7
CCC(=O)OC1CC(=O)OC(C)CC=CC=CC(OC(C)=O)C(C)CC(CC=O)C(OC2OC(C)C(OC3CC(C)(OC(C)=O)C(OC(=O)CC)C(C)O3)C(N(C)C)C2O)C1OC,"InChI=1S/C45H71NO17/c1-13-34(50)59-33-23-36(52)55-26(4)18-16-15-17-19-32(58-29(7)48)25(3)22-31(20-21-47)41(42(33)54-12)62-44-39(53)38(46(10)11)40(27(5)57-44)61-37-24-45(9,63-30(8)49)43(28(6)56-37)60-35(51)14-2/h15-17,19,21,25-28,31-33,37-44,53H,13-14,18,20,22-24H2,1-12H3/b16-15+,19-17+/t25-,26-,27-,28+,31+,32+,33-,37+,38-,39-,40-,41?,42+,43+,44+,45-/m1/s1",GQNZGCARKRHPOH-GSSUJARLSA-N,1815,miocamycin,55881-07-7
CCC(=O)OC1CC(=O)OC(C)CC=CC=CC(OC2CCC(N(C)C)C(C)O2)C(C)CC(CC=O)C(OC2OC(C)C(OC3CC(C)(O)C(O)C(C)O3)C(N(C)C)C2O)C1OC,"InChI=1S/C46H78N2O15/c1-13-35(50)60-34-24-36(51)56-27(3)17-15-14-16-18-33(61-37-20-19-32(47(8)9)28(4)57-37)26(2)23-31(21-22-49)42(43(34)55-12)63-45-40(52)39(48(10)11)41(29(5)59-45)62-38-25-46(7,54)44(53)30(6)58-38/h14-16,18,22,26-34,37-45,52-54H,13,17,19-21,23-25H2,1-12H3/b15-14+,18-16+/t26-,27-,28-,29-,30+,31+,32+,33+,34-,37+,38+,39-,40-,41-,42+,43+,44+,45+,46-/m1/s1",HSZLKTCKAYXVBX-LYIMTGTFSA-N,2473,Spiramycin III,24916-52-7
CNCC(=O)NC(CCCN=C(N)N)C(=O)NC(C(=O)NC(Cc1ccc(O)cc1)C(=O)NC(C(=O)NC(Cc1c[nH]cn1)C(=O)N1CCCC1C(=O)NC(C)C(=O)O)C(C)C)C(C)C,"InChI=1S/C42H65N13O10/c1-22(2)33(53-35(58)28(50-32(57)20-45-6)9-7-15-47-42(43)44)38(61)51-29(17-25-11-13-27(56)14-12-25)36(59)54-34(23(3)4)39(62)52-30(18-26-19-46-21-48-26)40(63)55-16-8-10-31(55)37(60)49-24(5)41(64)65/h11-14,19,21-24,28-31,33-34,45,56H,7-10,15-18,20H2,1-6H3,(H,46,48)(H,49,60)(H,50,57)(H,51,61)(H,52,62)(H,53,58)(H,54,59)(H,64,65)(H4,43,44,47)/t24-,28-,29-,30-,31-,33-,34-/m0/s1",PFGWGEPQIUAZME-NXSMLHPHSA-N,3542,saralasin,34273-10-4
CCC(C)C1NC(=O)C(Cc2ccc(O)cc2)NC(=O)CCCCCC(C(=O)NCC(=O)NC(CC(C)C)C(=O)NCC(N)=O)NC(=O)C(CC(N)=O)NC(=O)C(CCC(N)=O)NC1=O,"InChI=1S/C42H65N11O12/c1-5-23(4)36-42(65)51-27(15-16-31(43)55)39(62)52-30(19-32(44)56)40(63)50-26(37(60)47-21-35(59)49-28(17-22(2)3)38(61)46-20-33(45)57)9-7-6-8-10-34(58)48-29(41(64)53-36)18-24-11-13-25(54)14-12-24/h11-14,22-23,26-30,36,54H,5-10,15-21H2,1-4H3,(H2,43,55)(H2,44,56)(H2,45,57)(H,46,61)(H,47,60)(H,48,58)(H,49,59)(H,50,63)(H,51,65)(H,52,62)(H,53,64)/t23-,26-,27-,28-,29-,30-,36-/m0/s1",YHKWDHMRGAMOKU-DACMYBEBSA-N,3069,cargutocin,33605-67-3
CC1OC(OC2C(C)OC(OC3C(C)OC(OC4CCC5(C)C(CCC6C5CCC5(C)C(C7=CC(=O)OC7)C(OC=O)CC65O)C4)CC3OC=O)CC2OC=O)CC(OC=O)C1OC=O,"InChI=1S/C46H64O19/c1-24-41(59-23-51)32(55-19-47)14-38(60-24)64-43-26(3)62-39(16-34(43)57-21-49)65-42-25(2)61-37(15-33(42)56-20-48)63-29-8-10-44(4)28(13-29)6-7-31-30(44)9-11-45(5)40(27-12-36(52)54-18-27)35(58-22-50)17-46(31,45)53/h12,19-26,28-35,37-43,53H,6-11,13-18H2,1-5H3/t24-,25-,26+,28-,29+,30+,31-,32+,33+,34-,35+,37+,38+,39-,40+,41-,42-,43+,44+,45-,46+/m1/s1",DOMHWKQEPDYUQX-QDMRMOHQSA-N,1296,gitoformate,10176-39-3
CC1OC(OC2CCC3(C)C(CCC4C3CC(O)C3(C)C(C5=CC(=O)OC5)CCC43O)C2)CC(O)C1OC1CC(O)C(OC2CC(O)C(OC3OC(CO)C(O)C(O)C3O)C(C)O2)C(C)O1,"InChI=1S/C47H74O19/c1-20-41(64-36-16-30(50)42(21(2)60-36)65-37-17-31(51)43(22(3)61-37)66-44-40(56)39(55)38(54)32(18-48)63-44)29(49)15-35(59-20)62-25-8-10-45(4)24(13-25)6-7-27-28(45)14-33(52)46(5)26(9-11-47(27,46)57)23-12-34(53)58-19-23/h12,20-22,24-33,35-44,48-52,54-57H,6-11,13-19H2,1-5H3/t20-,21-,22-,24-,25+,26-,27-,28+,29+,30+,31+,32-,33-,35+,36+,37+,38-,39+,40-,41-,42-,43-,44+,45+,46+,47+/m1/s1",OBATZBGFDSVCJD-LALPQLPRSA-N,813,deslanoside,17598-65-1
CSCCC(NC(=O)C(Cc1c[nH]c2ccccc12)NC(=O)CNC(=O)C(NC(=O)C(Cc1ccc(OS(=O)(=O)O)cc1)NC(=O)C(CC(=O)O)NC(=O)C(CCC(N)=O)NC(=O)C1CCC(=O)N1)C(C)O)C(=O)NC(CC(=O)O)C(=O)NC(Cc1ccccc1)C(N)=O,"InChI=1S/C58H73N13O21S2/c1-29(72)49(71-57(87)40(23-31-12-14-33(15-13-31)92-94(89,90)91)68-56(86)43(26-48(78)79)69-52(82)37(16-18-44(59)73)65-51(81)36-17-19-45(74)63-36)58(88)62-28-46(75)64-41(24-32-27-61-35-11-7-6-10-34(32)35)54(84)66-38(20-21-93-2)53(83)70-42(25-47(76)77)55(85)67-39(50(60)80)22-30-8-4-3-5-9-30/h3-15,27,29,36-43,49,61,72H,16-26,28H2,1-2H3,(H2,59,73)(H2,60,80)(H,62,88)(H,63,74)(H,64,75)(H,65,81)(H,66,84)(H,67,85)(H,68,86)(H,69,82)(H,70,83)(H,71,87)(H,76,77)(H,78,79)(H,89,90,91)/t29-,36+,37+,38+,39+,40+,41+,42+,43+,49+/m1/s1",YRALAIOMGQZKOW-HYAOXDFASA-N,579,ceruletide,17650-98-5
CC(=O)OC1CC(OC2C(O)CC(OC3C(O)CC(OC4CCC5(C)C(CCC6C5CC(O)C5(C)C(C7=CC(=O)OC7)CCC65O)C4)OC3C)OC2C)OC(C)C1OC1OC(CO)C(O)C(O)C1O,"InChI=1S/C49H76O20/c1-21-43(67-38-17-32(53)44(22(2)62-38)68-39-18-33(64-24(4)51)45(23(3)63-39)69-46-42(58)41(57)40(56)34(19-50)66-46)31(52)16-37(61-21)65-27-9-11-47(5)26(14-27)7-8-29-30(47)15-35(54)48(6)28(10-12-49(29,48)59)25-13-36(55)60-20-25/h13,21-23,26-35,37-46,50,52-54,56-59H,7-12,14-20H2,1-6H3/t21-,22-,23-,26-,27+,28-,29-,30+,31+,32+,33+,34-,35-,37+,38+,39+,40-,41+,42-,43-,44-,45-,46-,47+,48+,49+/m1/s1",JAYAGJDXJIDEKI-BNNXBDHTSA-N,1543,lanatoside C,17575-22-3
CCC(C)C1NC(=O)C(Cc2ccc(OC)cc2)NC(=O)CCCSCC(C(=O)N2CCCC2C(=O)NC(CC(C)C)C(=O)NCC(N)=O)NC(=O)C(CC(N)=O)NC(=O)C(CCC(N)=O)NC1=O,"InChI=1S/C45H69N11O12S/c1-6-25(4)38-44(66)51-28(15-16-34(46)57)40(62)52-31(21-35(47)58)41(63)54-32(23-69-18-8-10-37(60)50-30(42(64)55-38)20-26-11-13-27(68-5)14-12-26)45(67)56-17-7-9-33(56)43(65)53-29(19-24(2)3)39(61)49-22-36(48)59/h11-14,24-25,28-33,38H,6-10,15-23H2,1-5H3,(H2,46,57)(H2,47,58)(H2,48,59)(H,49,61)(H,50,60)(H,51,66)(H,52,62)(H,53,65)(H,54,63)(H,55,64)/t25-,28-,29-,30-,31-,32-,33-,38-/m0/s1",NSTRIRCPWQHTIA-DTRKZRJBSA-N,495,carbetocin,37025-55-1
CCC(C)C1NC(=O)C(Cc2ccc(O)cc2)NC(=O)CCSSCC(C(=O)N2CCCC2C(=O)NC(CC(C)C)C(=O)NCC(N)=O)NC(=O)C(CC(N)=O)NC(=O)C(CCC(N)=O)NC1=O,"InChI=1S/C43H65N11O12S2/c1-5-23(4)36-42(65)49-26(12-13-32(44)56)38(61)50-29(19-33(45)57)39(62)52-30(21-68-67-16-14-35(59)48-28(40(63)53-36)18-24-8-10-25(55)11-9-24)43(66)54-15-6-7-31(54)41(64)51-27(17-22(2)3)37(60)47-20-34(46)58/h8-11,22-23,26-31,36,55H,5-7,12-21H2,1-4H3,(H2,44,56)(H2,45,57)(H2,46,58)(H,47,60)(H,48,59)(H,49,65)(H,50,61)(H,51,64)(H,52,62)(H,53,63)/t23-,26-,27-,28-,29-,30+,31-,36-/m0/s1",GTYWGUNQAMYZPF-FAJKJHJLSA-N,3126,demoxytocin,113-78-0
CC(O)C(CO)NC(=O)C1CSSCC(NC(=O)C(N)Cc2ccccc2)C(=O)NC(Cc2ccccc2)C(=O)NC(Cc2c[nH]c3ccccc23)C(=O)NC(CCCCN)C(=O)NC(C(C)O)C(=O)N1,"InChI=1S/C49H66N10O10S2/c1-28(61)39(25-60)56-48(68)41-27-71-70-26-40(57-43(63)34(51)21-30-13-5-3-6-14-30)47(67)54-37(22-31-15-7-4-8-16-31)45(65)55-38(23-32-24-52-35-18-10-9-17-33(32)35)46(66)53-36(19-11-12-20-50)44(64)59-42(29(2)62)49(69)58-41/h3-10,13-18,24,28-29,34,36-42,52,60-62H,11-12,19-23,25-27,50-51H2,1-2H3,(H,53,66)(H,54,67)(H,55,65)(H,56,68)(H,57,63)(H,58,69)(H,59,64)/t28-,29-,34+,36+,37+,38+,39+,40+,41+,42+/m1/s1",DEQANNDTNATYII-WKXAURAUSA-N,1980,octreotide,83150-76-9
CCC1NC(=O)C(NC(=O)c2ncccc2O)C(C)OC(=O)C(c2ccccc2)NC(=O)C2CC(=O)C(CSC3CN4CCC3CC4)CN2C(=O)C(Cc2ccc(N(C)C)cc2)N(C)C(=O)C2CCCN2C1=O,"InChI=1S/C53H67N9O10S/c1-6-37-50(68)61-23-11-14-38(61)51(69)59(5)40(26-32-16-18-36(19-17-32)58(3)4)52(70)62-28-35(30-73-43-29-60-24-20-33(43)21-25-60)42(64)27-39(62)47(65)57-45(34-12-8-7-9-13-34)53(71)72-31(2)44(48(66)55-37)56-49(67)46-41(63)15-10-22-54-46/h7-10,12-13,15-19,22,31,33,35,37-40,43-45,63H,6,11,14,20-21,23-30H2,1-5H3,(H,55,66)(H,56,67)(H,57,65)/t31?,35-,37+,38-,39-,40-,43+,44-,45-/m0/s1",WTHRRGMBUAHGNI-LMSSJXMSSA-N,2349,quinupristin,120138-50-3
COc1cc2c(cc1OC)C(Cc1cc(OC)c(OC)c(OC)c1)[N+](C)(CCCOC(=O)CCC=CCCC(=O)OCCC[N+]1(C)CCc3cc(OC)c(OC)cc3C1Cc1cc(OC)c(OC)c(OC)c1)CC2,"InChI=1S/C58H80N2O14/c1-59(25-21-41-35-47(63-3)49(65-5)37-43(41)45(59)29-39-31-51(67-7)57(71-11)52(32-39)68-8)23-17-27-73-55(61)19-15-13-14-16-20-56(62)74-28-18-24-60(2)26-22-42-36-48(64-4)50(66-6)38-44(42)46(60)30-40-33-53(69-9)58(72-12)54(34-40)70-10/h13-14,31-38,45-46H,15-30H2,1-12H3/q+2/b14-13+/t45-,46-,59?,60?/m1/s1",ILVYCEVXHALBSC-OTBYEXOQSA-N,1822,mivacurium,133814-19-4
COc1cc(CC2c3c(cc(OC)c(OC)c3OC)CC[N+]2(C)CCCOC(=O)CCC(=O)OCCC[N+]2(C)CCc3cc(OC)c(OC)c(OC)c3C2Cc2cc(OC)c(OC)c(OC)c2)cc(OC)c1OC,"InChI=1S/C56H78N2O16/c1-57(23-19-37-33-45(65-7)53(69-11)55(71-13)49(37)39(57)27-35-29-41(61-3)51(67-9)42(30-35)62-4)21-15-25-73-47(59)17-18-48(60)74-26-16-22-58(2)24-20-38-34-46(66-8)54(70-12)56(72-14)50(38)40(58)28-36-31-43(63-5)52(68-10)44(32-36)64-6/h29-34,39-40H,15-28H2,1-14H3/q+2",GBLRQXKSCRCLBZ-UHFFFAOYSA-N,2974,doxacurium,133814-18-3
N#CC1(c2ccc(NC(=O)c3cccnc3NCc3ccncc3)cc2)CCCC1,"InChI=1S/C24H23N5O/c25-17-24(11-1-2-12-24)19-5-7-20(8-6-19)29-23(30)21-4-3-13-27-22(21)28-16-18-9-14-26-15-10-18/h3-10,13-15H,1-2,11-12,16H2,(H,27,28)(H,29,30)",WPEWQEMJFLWMLV-UHFFFAOYSA-N,5211,apatinib,811803-05-1
Cc1ccc(NC(=O)C2(c3ccc4c(c3)OC(F)(F)O4)CC2)nc1-c1cccc(C(=O)O)c1,"InChI=1S/C24H18F2N2O5/c1-13-5-8-19(27-20(13)14-3-2-4-15(11-14)21(29)30)28-22(31)23(9-10-23)16-6-7-17-18(12-16)33-24(25,26)32-17/h2-8,11-12H,9-10H2,1H3,(H,29,30)(H,27,28,31)",UFSKUSARDNFIRC-UHFFFAOYSA-N,5010,lumacaftor,936727-05-8
N=C(N)NCCCC(NC(=O)C1CCCN1C(=O)C1CSSCC(N)C(=O)NC(Cc2ccc(O)cc2)C(=O)NC(Cc2ccccc2)C(=O)NC(CCC(N)=O)C(=O)NC(CC(N)=O)C(=O)N1)C(=O)NCC(N)=O,"InChI=1S/C46H65N15O12S2/c47-27-22-74-75-23-33(45(73)61-17-5-9-34(61)44(72)56-28(8-4-16-53-46(51)52)39(67)54-21-37(50)65)60-43(71)32(20-36(49)64)59-40(68)29(14-15-35(48)63)55-41(69)31(18-24-6-2-1-3-7-24)58-42(70)30(57-38(27)66)19-25-10-12-26(62)13-11-25/h1-3,6-7,10-13,27-34,62H,4-5,8-9,14-23,47H2,(H2,48,63)(H2,49,64)(H2,50,65)(H,54,67)(H,55,69)(H,56,72)(H,57,66)(H,58,70)(H,59,68)(H,60,71)(H4,51,52,53)/t27-,28-,29-,30-,31-,32-,33-,34-/m0/s1",KBZOIRJILGZLEJ-LGYYRGKSSA-N,2810,vasopressin,113-79-1
COC(C(=O)C(O)C(C)O)C1Cc2cc3cc(OC4CC(OC5CC(O)C(O)C(C)O5)C(O)C(C)O4)c(C)c(O)c3c(O)c2C(=O)C1OC1CC(OC2CC(OC3CC(C)(O)C(O)C(C)O3)C(O)C(C)O2)C(O)C(C)O1,"InChI=1S/C52H76O24/c1-18-29(72-34-14-30(43(58)21(4)68-34)73-33-13-28(54)42(57)20(3)67-33)12-26-10-25-11-27(49(66-9)48(63)41(56)19(2)53)50(47(62)39(25)46(61)38(26)40(18)55)76-36-16-31(44(59)23(6)70-36)74-35-15-32(45(60)22(5)69-35)75-37-17-52(8,65)51(64)24(7)71-37/h10,12,19-24,27-28,30-37,41-45,49-51,53-61,64-65H,11,13-17H2,1-9H3/t19-,20-,21-,22-,23-,24-,27+,28-,30-,31-,32-,33+,34+,35+,36+,37+,41+,42-,43-,44-,45+,49+,50+,51-,52+/m1/s1",CFCUWKMKBJTWLW-BKHRDMLASA-N,2223,plicamycin,18378-89-7
NCCCCC(NC(=O)C1CCCN1C(=O)C1CSSCC(N)C(=O)NC(Cc2ccc(O)cc2)C(=O)NC(Cc2ccccc2)C(=O)NC(CCC(N)=O)C(=O)NC(CC(N)=O)C(=O)N1)C(=O)NCC(N)=O,"InChI=1S/C46H65N13O12S2/c47-17-5-4-9-29(40(65)52-22-38(51)63)54-45(70)35-10-6-18-59(35)46(71)34-24-73-72-23-28(48)39(64)55-31(20-26-11-13-27(60)14-12-26)43(68)56-32(19-25-7-2-1-3-8-25)42(67)53-30(15-16-36(49)61)41(66)57-33(21-37(50)62)44(69)58-34/h1-3,7-8,11-14,28-35,60H,4-6,9-10,15-24,47-48H2,(H2,49,61)(H2,50,62)(H2,51,63)(H,52,65)(H,53,67)(H,54,70)(H,55,64)(H,56,68)(H,57,66)(H,58,69)/t28-,29-,30-,31-,32-,33-,34-,35-/m0/s1",BJFIDCADFRDPIO-DZCXQCEKSA-N,2959,lypressin,50-57-7
CC(C)C1NC(=O)C(CCCCN)NC(=O)C(Cc2c[nH]c3ccccc23)NC(=O)C(Cc2ccc(O)cc2)NC(=O)C(NC(=O)C(N)Cc2ccc3ccccc3c2)CSSCC(C(=O)NC(C(N)=O)C(C)O)NC1=O,"InChI=1S/C54H69N11O10S2/c1-29(2)45-54(75)63-44(53(74)65-46(30(3)66)47(57)68)28-77-76-27-43(62-48(69)38(56)23-32-15-18-33-10-4-5-11-34(33)22-32)52(73)60-41(24-31-16-19-36(67)20-17-31)50(71)61-42(25-35-26-58-39-13-7-6-12-37(35)39)51(72)59-40(49(70)64-45)14-8-9-21-55/h4-7,10-13,15-20,22,26,29-30,38,40-46,58,66-67H,8-9,14,21,23-25,27-28,55-56H2,1-3H3,(H2,57,68)(H,59,72)(H,60,73)(H,61,71)(H,62,69)(H,63,75)(H,64,70)(H,65,74)/t30-,38+,40+,41+,42-,43+,44+,45+,46+/m1/s1",PUDHBTGHUJUUFI-PURAGXGVSA-N,1546,lanreotide,108736-35-2
O=C(COCC(=O)Nc1c(I)cc(I)c(C(=O)O)c1I)Nc1c(I)cc(I)c(C(=O)O)c1I,"InChI=1S/C18H10I6N2O7/c19-5-1-7(21)15(13(23)11(5)17(29)30)25-9(27)3-33-4-10(28)26-16-8(22)2-6(20)12(14(16)24)18(31)32/h1-2H,3-4H2,(H,25,27)(H,26,28)(H,29,30)(H,31,32)",FZDZULUFHNDEDJ-UHFFFAOYSA-N,3306,ioglycamic acid,2618-25-9
O=C(CCCCC(=O)Nc1c(I)cc(I)c(C(=O)O)c1I)Nc1c(I)cc(I)c(C(=O)O)c1I,"InChI=1S/C20H14I6N2O6/c21-7-5-9(23)17(15(25)13(7)19(31)32)27-11(29)3-1-2-4-12(30)28-18-10(24)6-8(22)14(16(18)26)20(33)34/h5-6H,1-4H2,(H,27,29)(H,28,30)(H,31,32)(H,33,34)",FFINMCNLQNTKLU-UHFFFAOYSA-N,1455,adipiodone,606-17-7
CCC(C)C(NC(=O)C(Cc1ccccc1)NC(=O)C(C)NC(=O)C(CC(=O)O)NC(=O)C(CCCCN)NC(=O)C(CO)NC(=O)C1CCCN1C(=O)C1CCC(=O)N1)C(=O)NCC(=O)NC(CC(C)C)C(=O)NC(CCSC)C(N)=O,"InChI=1S/C54H85N13O15S/c1-7-30(4)44(53(81)57-27-42(70)60-36(24-29(2)3)49(77)61-33(45(56)73)20-23-83-6)66-50(78)37(25-32-14-9-8-10-15-32)63-46(74)31(5)58-48(76)38(26-43(71)72)64-47(75)34(16-11-12-21-55)62-51(79)39(28-68)65-52(80)40-17-13-22-67(40)54(82)35-18-19-41(69)59-35/h8-10,14-15,29-31,33-40,44,68H,7,11-13,16-28,55H2,1-6H3,(H2,56,73)(H,57,81)(H,58,76)(H,59,69)(H,60,70)(H,61,77)(H,62,79)(H,63,74)(H,64,75)(H,65,80)(H,66,78)(H,71,72)/t30-,31-,33-,34-,35-,36-,37-,38-,39-,40-,44-/m0/s1",AYLPVIWBPZMVSH-FCKMLYJASA-N,2955,eledoisin,69-25-0
NC1C(=O)NC2Cc3ccc(c(Cl)c3)Oc3cc4cc(c3O)Oc3ccc(cc3Cl)C(O)C3NC(=O)C(NC(=O)C4NC(=O)C(NC2=O)c2cc(O)cc(c2)Oc2cc1ccc2O)c1ccc(O)c(c1)-c1c(O)cc(O)cc1C(C(=O)O)NC3=O,"InChI=1S/C58H45Cl2N7O18/c59-32-9-21-1-7-38(32)84-41-16-26-17-42(51(41)74)85-39-8-4-24(14-33(39)60)50(73)49-57(80)66-48(58(81)82)31-19-28(69)20-37(72)43(31)30-13-23(3-5-35(30)70)45(54(77)67-49)64-56(79)47(26)65-55(78)46-25-11-27(68)18-29(12-25)83-40-15-22(2-6-36(40)71)44(61)53(76)62-34(10-21)52(75)63-46/h1-9,11-20,34,44-50,68-74H,10,61H2,(H,62,76)(H,63,75)(H,64,79)(H,65,78)(H,66,80)(H,67,77)(H,81,82)/t34-,44-,45-,46+,47-,48+,49+,50-/m1/s1",DKVBOUDTNWVDEP-NJCHZNEYSA-N,2580,teicoplanin aglycone,89139-42-4
CC=CCC(C)C(O)C1C(=O)NC(CC)C(=O)N(C)CC(=O)N(C)C(CC(C)C)C(=O)NC(C(C)C)C(=O)N(C)C(CC(C)C)C(=O)NC(C)C(=O)NC(C)C(=O)N(C)C(CC(C)C)C(=O)N(C)C(CC(C)C)C(=O)N(C)C(C(C)C)C(=O)N1C,"InChI=1S/C62H111N11O12/c1-25-27-28-40(15)52(75)51-56(79)65-43(26-2)58(81)67(18)33-48(74)68(19)44(29-34(3)4)55(78)66-49(38(11)12)61(84)69(20)45(30-35(5)6)54(77)63-41(16)53(76)64-42(17)57(80)70(21)46(31-36(7)8)59(82)71(22)47(32-37(9)10)60(83)72(23)50(39(13)14)62(85)73(51)24/h25,27,34-47,49-52,75H,26,28-33H2,1-24H3,(H,63,77)(H,64,76)(H,65,79)(H,66,78)/b27-25+/t40-,41+,42-,43+,44+,45+,46+,47+,49+,50+,51+,52-/m1/s1",PMATZTZNYRCHOR-CGLBZJNRSA-N,760,ciclosporin,59865-13-3
CCNC(=O)C1CCCN1C(=O)C(CCCN=C(N)N)NC(=O)C(CC(C)C)NC(=O)C(CC(C)C)NC(=O)C(Cc1ccc(O)cc1)NC(=O)C(CO)NC(=O)C(Cc1c[nH]c2ccccc12)NC(=O)C(Cc1c[nH]cn1)NC(=O)C1CCC(=O)N1,"InChI=1S/C59H84N16O12/c1-6-63-57(86)48-14-10-22-75(48)58(87)41(13-9-21-64-59(60)61)68-51(80)42(23-32(2)3)69-52(81)43(24-33(4)5)70-53(82)44(25-34-15-17-37(77)18-16-34)71-56(85)47(30-76)74-54(83)45(26-35-28-65-39-12-8-7-11-38(35)39)72-55(84)46(27-36-29-62-31-66-36)73-50(79)40-19-20-49(78)67-40/h7-8,11-12,15-18,28-29,31-33,40-48,65,76-77H,6,9-10,13-14,19-27,30H2,1-5H3,(H,62,66)(H,63,86)(H,67,78)(H,68,80)(H,69,81)(H,70,82)(H,71,85)(H,72,84)(H,73,79)(H,74,83)(H4,60,61,64)/t40-,41-,42-,43+,44-,45-,46-,47-,48-/m0/s1",GFIJNRVAKGFPGQ-LIJARHBVSA-N,1559,leuprorelin,53714-56-0
O=C(COCCOCCOCC(=O)Nc1c(I)cc(I)c(C(=O)O)c1I)Nc1c(I)cc(I)c(C(=O)O)c1I,"InChI=1S/C22H18I6N2O9/c23-9-5-11(25)19(17(27)15(9)21(33)34)29-13(31)7-38-3-1-37-2-4-39-8-14(32)30-20-12(26)6-10(24)16(18(20)28)22(35)36/h5-6H,1-4,7-8H2,(H,29,31)(H,30,32)(H,33,34)(H,35,36)",JXMIBUGMYLQZGO-UHFFFAOYSA-N,3991,iotroxic acid,51022-74-3
CCCCCCCCCCCCCCCC(=O)OCC(COP(=O)(O)OCCNC(=O)C(C)NC(=O)CCC(NC(=O)C(C)NC(=O)C(C)OC1C(O)C(CO)OC(O)C1NC(C)=O)C(N)=O)OC(=O)CCCCCCCCCCCCCCC,"InChI=1S/C59H109N6O19P/c1-7-9-11-13-15-17-19-21-23-25-27-29-31-33-50(69)79-40-46(83-51(70)34-32-30-28-26-24-22-20-18-16-14-12-10-8-2)41-81-85(77,78)80-38-37-61-56(73)42(3)62-49(68)36-35-47(55(60)72)65-57(74)43(4)63-58(75)44(5)82-54-52(64-45(6)67)59(76)84-48(39-66)53(54)71/h42-44,46-48,52-54,59,66,71,76H,7-41H2,1-6H3,(H2,60,72)(H,61,73)(H,62,68)(H,63,75)(H,64,67)(H,65,74)(H,77,78)/t42-,43-,44+,46+,47+,48+,52+,53+,54+,59?/m0/s1",JMUHBNWAORSSBD-WKYWBUFDSA-N,2960,mifamurtide,90825-43-7
CCNC(=O)C1CCCN1C(=O)C(CCCN=C(N)N)NC(=O)C(CC(C)C)NC(=O)C(COC(C)(C)C)NC(=O)C(Cc1ccc(O)cc1)NC(=O)C(CO)NC(=O)C(Cc1c[nH]c2ccccc12)NC(=O)C(Cc1c[nH]cn1)NC(=O)C1CCC(=O)N1,"InChI=1S/C60H86N16O13/c1-7-64-57(87)48-15-11-23-76(48)58(88)41(14-10-22-65-59(61)62)69-51(81)42(24-33(2)3)70-56(86)47(31-89-60(4,5)6)75-52(82)43(25-34-16-18-37(78)19-17-34)71-55(85)46(30-77)74-53(83)44(26-35-28-66-39-13-9-8-12-38(35)39)72-54(84)45(27-36-29-63-32-67-36)73-50(80)40-20-21-49(79)68-40/h8-9,12-13,16-19,28-29,32-33,40-48,66,77-78H,7,10-11,14-15,20-27,30-31H2,1-6H3,(H,63,67)(H,64,87)(H,68,79)(H,69,81)(H,70,86)(H,71,85)(H,72,84)(H,73,80)(H,74,83)(H,75,82)(H4,61,62,65)/t40-,41-,42-,43-,44-,45-,46-,47+,48-/m0/s1",CUWODFFVMXJOKD-UVLQAERKSA-N,436,buserelin,57982-77-1
CNC(=O)c1c(I)c(NC(=O)CCCCC(=O)Nc2c(I)c(C(=O)O)c(I)c(C(=O)NC)c2I)c(I)c(C(=O)O)c1I,"InChI=1S/C24H20I6N4O8/c1-31-21(37)9-13(25)11(23(39)40)17(29)19(15(9)27)33-7(35)5-3-4-6-8(36)34-20-16(28)10(22(38)32-2)14(26)12(18(20)30)24(41)42/h3-6H2,1-2H3,(H,31,37)(H,32,38)(H,33,35)(H,34,36)(H,39,40)(H,41,42)",SMQYOVYWPWASGU-UHFFFAOYSA-N,1450,iocarmic acid,10397-75-8
O=C(CCOCCOCCOCCOCCC(=O)Nc1c(I)cc(I)c(C(=O)O)c1I)Nc1c(I)cc(I)c(C(=O)O)c1I,"InChI=1S/C26H26I6N2O10/c27-13-11-15(29)23(21(31)19(13)25(37)38)33-17(35)1-3-41-5-7-43-9-10-44-8-6-42-4-2-18(36)34-24-16(30)12-14(28)20(22(24)32)26(39)40/h11-12H,1-10H2,(H,33,35)(H,34,36)(H,37,38)(H,39,40)",WWVAPFRKZMUPHZ-UHFFFAOYSA-N,3966,iodoxamic acid,51764-33-1
Cc1ccc(C(=O)Nc2ccc(S(=O)(=O)O)c3cc(S(=O)(=O)O)cc(S(=O)(=O)O)c23)cc1NC(=O)c1cccc(NC(=O)Nc2cccc(C(=O)Nc3cc(C(=O)Nc4ccc(S(=O)(=O)O)c5cc(S(=O)(=O)O)cc(S(=O)(=O)O)c45)ccc3C)c2)c1,"InChI=1S/C51H40N6O23S6/c1-25-9-11-29(49(60)54-37-13-15-41(83(69,70)71)35-21-33(81(63,64)65)23-43(45(35)37)85(75,76)77)19-39(25)56-47(58)27-5-3-7-31(17-27)52-51(62)53-32-8-4-6-28(18-32)48(59)57-40-20-30(12-10-26(40)2)50(61)55-38-14-16-42(84(72,73)74)36-22-34(82(66,67)68)24-44(46(36)38)86(78,79)80/h3-24H,1-2H3,(H,54,60)(H,55,61)(H,56,58)(H,57,59)(H2,52,53,62)(H,63,64,65)(H,66,67,68)(H,69,70,71)(H,72,73,74)(H,75,76,77)(H,78,79,80)",FIAFUQMPZJWCLV-UHFFFAOYSA-N,2966,suramin,145-63-1
CCCCCCC=CCCCCCCCCCC(=O)NC1C(OCC2OC(OP(=O)(O)O)C(NC(=O)CC(=O)CCCCCCCCCCC)C(OCCCCCCCCCC)C2O)OC(COC)C(OP(=O)(O)O)C1OCCC(CCCCCCC)OC,"InChI=1S/C66H126N2O19P2/c1-7-11-15-19-22-25-26-27-28-29-30-32-34-38-42-46-57(70)67-60-64(82-49-47-54(80-6)45-41-36-18-14-10-4)62(86-88(73,74)75)56(51-79-5)85-65(60)83-52-55-61(72)63(81-48-43-39-35-24-21-17-13-9-3)59(66(84-55)87-89(76,77)78)68-58(71)50-53(69)44-40-37-33-31-23-20-16-12-8-2/h25-26,54-56,59-66,72H,7-24,27-52H2,1-6H3,(H,67,70)(H,68,71)(H2,73,74,75)(H2,76,77,78)/b26-25-/t54-,55-,56-,59-,60-,61-,62-,63-,64-,65-,66+/m1/s1",BPSMYQFMCXXNPC-PFJUCRORSA-N,1044,eritoran,185955-34-4
CC(C)C1NC(=O)C(CCCCN)NC(=O)C(Cc2c[nH]c3ccccc23)NC(=O)C(Cc2ccc(O)cc2)NC(=O)C(Cc2ccccc2)N(C)C(=O)C(CCSCC(=O)NCC(N)C(=O)NC(CCCCN)C(=O)NC(CS)C(=O)NC(CCCCN)C(N)=O)NC1=O,"InChI=1S/C65H96N16O12S2/c1-38(2)55-64(92)76-49(26-30-95-37-54(83)72-35-44(69)57(85)74-47(20-10-13-28-67)58(86)79-52(36-94)62(90)73-46(56(70)84)19-9-12-27-66)65(93)81(3)53(32-39-15-5-4-6-16-39)63(91)78-50(31-40-22-24-42(82)25-23-40)60(88)77-51(33-41-34-71-45-18-8-7-17-43(41)45)61(89)75-48(59(87)80-55)21-11-14-29-68/h4-8,15-18,22-25,34,38,44,46-53,55,71,82,94H,9-14,19-21,26-33,35-37,66-69H2,1-3H3,(H2,70,84)(H,72,83)(H,73,90)(H,74,85)(H,75,89)(H,76,92)(H,77,88)(H,78,91)(H,79,86)(H,80,87)/t44-,46-,47-,48-,49-,50-,51+,52-,53-,55-/m0/s1",XXXSJQLZVNKRKX-YQRDHHIGSA-N,2954,depreotide,161982-62-3
Cc1c(N)nc(C(CC(N)=O)NCC(N)C(N)=O)nc1C(=O)NC(C(=O)NC(C)C(O)C(C)C(=O)NC(C(=O)NCCc1nc(-c2nc(C(=O)NCCCNC(C)c3ccccc3)cs2)cs1)C(C)O)C(OC1OC(CO)C(O)C(O)C1OC1OC(CO)C(O)C(OC(N)=O)C1O)c1c[nH]cn1,"InChI=1S/C61H88N18O21S2/c1-24-39(76-52(79-50(24)64)31(16-37(63)83)71-17-30(62)51(65)89)56(93)78-41(47(32-18-67-23-72-32)98-60-49(45(87)43(85)35(19-80)97-60)99-59-46(88)48(100-61(66)95)44(86)36(20-81)96-59)57(94)73-27(4)42(84)25(2)53(90)77-40(28(5)82)55(92)70-15-12-38-74-34(22-101-38)58-75-33(21-102-58)54(91)69-14-9-13-68-26(3)29-10-7-6-8-11-29/h6-8,10-11,18,21-23,25-28,30-31,35-36,40-49,59-60,68,71,80-82,84-88H,9,12-17,19-20,62H2,1-5H3,(H2,63,83)(H2,65,89)(H2,66,95)(H,67,72)(H,69,91)(H,70,92)(H,73,94)(H,77,90)(H,78,93)(H2,64,76,79)/t25-,26-,27+,28+,30-,31-,35-,36+,40-,41-,42-,43+,44+,45-,46-,47-,48-,49-,59+,60-/m0/s1",QIMGFXOHTOXMQP-GFAGFCTOSA-N,2965,peplomycin,68247-85-8
OCC1OC2OC3C(CO)OC(OC4C(CO)OC(OC5C(CO)OC(OC6C(CO)OC(OC7C(CO)OC(OC8C(CO)OC(OC1C(O)C2O)C(O)C8O)C(O)C7O)C(O)C6O)C(O)C5O)C(O)C4O)C(O)C3O,"InChI=1S/C42H70O35/c43-1-8-29-15(50)22(57)36(64-8)72-30-9(2-44)66-38(24(59)17(30)52)74-32-11(4-46)68-40(26(61)19(32)54)76-34-13(6-48)70-42(28(63)21(34)56)77-35-14(7-49)69-41(27(62)20(35)55)75-33-12(5-47)67-39(25(60)18(33)53)73-31-10(3-45)65-37(71-29)23(58)16(31)51/h8-63H,1-7H2/t8-,9-,10-,11-,12-,13-,14-,15-,16-,17-,18-,19-,20-,21-,22-,23-,24-,25-,26-,27-,28-,29-,30-,31-,32-,33-,34-,35-,36-,37-,38-,39-,40-,41-,42-/m1/s1",WHGYBXFWUBPSRW-FOUAGVGXSA-N,2971,betadex,7585-39-9
CC(N)C(=O)NCC(=O)NC1CSSCC(C(=O)O)NC(=O)C(CO)NC(=O)C(C(C)O)NC(=O)C(Cc2ccccc2)NC(=O)C(C(C)O)NC(=O)C(CCCCN)NC(=O)C(Cc2c[nH]c3ccccc23)NC(=O)C(Cc2ccccc2)NC(=O)C(Cc2ccccc2)NC(=O)C(CC(N)=O)NC(=O)C(CCCCN)NC1=O,"InChI=1S/C76H104N18O19S2/c1-41(79)64(100)82-37-61(99)83-58-39-114-115-40-59(76(112)113)92-72(108)57(38-95)91-75(111)63(43(3)97)94-71(107)54(33-46-23-11-6-12-24-46)90-74(110)62(42(2)96)93-66(102)51(28-16-18-30-78)84-69(105)55(34-47-36-81-49-26-14-13-25-48(47)49)88-68(104)53(32-45-21-9-5-10-22-45)86-67(103)52(31-44-19-7-4-8-20-44)87-70(106)56(35-60(80)98)89-65(101)50(85-73(58)109)27-15-17-29-77/h4-14,19-26,36,41-43,50-59,62-63,81,95-97H,15-18,27-35,37-40,77-79H2,1-3H3,(H2,80,98)(H,82,100)(H,83,99)(H,84,105)(H,85,109)(H,86,103)(H,87,106)(H,88,104)(H,89,101)(H,90,110)(H,91,111)(H,92,108)(H,93,102)(H,94,107)(H,112,113)/t41-,42+,43+,50-,51-,52-,53-,54-,55-,56-,57-,58-,59-,62-,63-/m0/s1",NHXLMOGPVYXJNR-ATOGVRKGSA-N,2997,somatostatin,38916-34-6
CSCCC(NC(=O)C(CO)NC(=O)C(Cc1ccc(O)cc1)NC(=O)CCN)C(=O)NC(CCC(=O)O)C(=O)NC(Cc1c[nH]cn1)C(=O)NC(Cc1ccccc1)C(=O)NC(CCCN=C(N)N)C(=O)NC(Cc1c[nH]c2ccccc12)C(=O)NCC(=O)NC(CCCCN)C(=O)N1CCCC1C(=O)NC(C(=O)NCC(=O)NC(CCCCN)C(=O)NC(CCCCN)C(=O)NC(CCCCN)C(=O)NCCCCN)C(C)C,"InChI=1S/C99H155N29O21S/c1-59(2)84(97(148)113-56-81(132)115-68(26-10-14-40-101)87(138)119-69(27-11-15-41-102)88(139)118-67(25-9-13-39-100)85(136)109-45-18-17-43-104)127-96(147)79-30-20-47-128(79)98(149)73(28-12-16-42-103)116-82(133)55-112-86(137)76(51-62-53-111-66-24-8-7-23-65(62)66)124-89(140)70(29-19-46-110-99(106)107)120-93(144)75(49-60-21-5-4-6-22-60)123-94(145)77(52-63-54-108-58-114-63)125-90(141)71(35-36-83(134)135)121-91(142)72(38-48-150-3)122-95(146)78(57-129)126-92(143)74(117-80(131)37-44-105)50-61-31-33-64(130)34-32-61/h4-8,21-24,31-34,53-54,58-59,67-79,84,111,129-130H,9-20,25-30,35-52,55-57,100-105H2,1-3H3,(H,108,114)(H,109,136)(H,112,137)(H,113,148)(H,115,132)(H,116,133)(H,117,131)(H,118,139)(H,119,138)(H,120,144)(H,121,142)(H,122,146)(H,123,145)(H,124,140)(H,125,141)(H,126,143)(H,127,147)(H,134,135)(H4,106,107,110)/t67-,68-,69-,70-,71-,72-,73-,74-,75-,76-,77-,78-,79-,84-/m0/s1",DIDCGVRALANKIU-OTEFFYEFSA-N,139,alsactide,34765-96-3
CC(C)CC(NC(=O)CNC(=O)C(CCC(N)=O)NC(=O)C(CC(C)C)NC(=O)C(CC(C)C)NC(=O)C(CCCN=C(N)N)NC(=O)C(CCC(N)=O)NC(=O)C(CC(C)C)NC(=O)C(CCCNC(=N)N)NC(=O)C(C)NC(=O)CNC(=O)C(CCC(=O)O)NC(=O)C(CCCNC(=N)N)NC(=O)C(CC(C)C)NC(=O)C(CCCNC(=N)N)NC(=O)C(CO)NC(=O)C(CC(C)C)NC(=O)C(CCC(=O)O)NC(=O)C(CO)NC(=O)C(NC(=O)C(Cc1ccccc1)NC(=O)C(NC(=O)CNC(=O)C(CC(=O)O)NC(=O)C(CO)NC(=O)C(N)Cc1c[nH]cn1)C(C)O)C(C)O)C(=O)NC(C(N)=O)C(C)C,"InChI=1S/C130H220N44O40/c1-60(2)43-81(120(208)173-100(66(13)14)103(134)191)153-95(183)54-149-106(194)77(31-35-92(132)180)159-116(204)84(46-63(7)8)166-118(206)85(47-64(9)10)164-111(199)75(29-23-41-146-129(139)140)155-113(201)79(32-36-93(133)181)160-117(205)83(45-62(5)6)162-110(198)73(27-21-39-144-127(135)136)154-104(192)67(15)152-94(182)53-148-107(195)78(33-37-97(185)186)158-109(197)74(28-22-40-145-128(137)138)156-115(203)82(44-61(3)4)163-112(200)76(30-24-42-147-130(141)142)157-122(210)90(57-176)170-119(207)86(48-65(11)12)165-114(202)80(34-38-98(187)188)161-123(211)91(58-177)171-126(214)102(69(17)179)174-121(209)87(49-70-25-19-18-20-26-70)168-125(213)101(68(16)178)172-96(184)55-150-108(196)88(51-99(189)190)167-124(212)89(56-175)169-105(193)72(131)50-71-52-143-59-151-71/h18-20,25-26,52,59-69,72-91,100-102,175-179H,21-24,27-51,53-58,131H2,1-17H3,(H2,132,180)(H2,133,181)(H2,134,191)(H,143,151)(H,148,195)(H,149,194)(H,150,196)(H,152,182)(H,153,183)(H,154,192)(H,155,201)(H,156,203)(H,157,210)(H,158,197)(H,159,204)(H,160,205)(H,161,211)(H,162,198)(H,163,200)(H,164,199)(H,165,202)(H,166,206)(H,167,212)(H,168,213)(H,169,193)(H,170,207)(H,171,214)(H,172,184)(H,173,208)(H,174,209)(H,185,186)(H,187,188)(H,189,190)(H4,135,136,144)(H4,137,138,145)(H4,139,140,146)(H4,141,142,147)/t67-,68+,69+,72-,73-,74-,75-,76-,77-,78-,79-,80-,81-,82-,83-,84-,85-,86-,87-,88-,89-,90-,91-,100-,101-,102-/m0/s1",OWMZNFCDEHGFEP-NFBCVYDUSA-N,2548,secretin human,108153-74-8
CCC(C)C1NC(=O)C(CCCN=C(N)N)NC(=O)C(CC(=O)O)NC(=O)C(CCSC)NC(=O)C(CCCNC(=N)N)NC(=O)CNC(=O)CNC(=O)C(Cc2ccccc2)NC(=O)C(NC(=O)C(CO)NC(=O)C(CO)NC(=O)C(CCCNC(=N)N)NC(=O)C(CCCNC(=N)N)NC(=O)C(CC(C)C)NC(=O)C(N)CO)CSSCC(C(=O)NC(CC(N)=O)C(=O)NC(CO)C(=O)NC(Cc2ccccc2)C(=O)NC(CCCNC(=N)N)C(=O)NC(Cc2ccc(O)cc2)C(=O)O)NC(=O)CNC(=O)C(CC(C)C)NC(=O)CNC(=O)C(CO)NC(=O)C(CCC(N)=O)NC(=O)C(C)NC(=O)CNC1=O,"InChI=1S/C127H203N45O39S3/c1-9-64(6)99-121(209)150-52-94(182)151-65(7)100(188)155-76(34-35-91(129)179)109(197)167-85(56-174)104(192)149-53-96(184)153-78(43-62(2)3)102(190)148-54-97(185)154-89(119(207)164-82(48-92(130)180)114(202)169-86(57-175)116(204)163-81(46-67-23-14-11-15-24-67)113(201)158-73(27-18-39-143-125(135)136)107(195)166-84(122(210)211)47-68-30-32-69(178)33-31-68)60-213-214-61-90(171-118(206)88(59-177)170-117(205)87(58-176)168-108(196)74(28-19-40-144-126(137)138)156-106(194)72(26-17-38-142-124(133)134)157-112(200)79(44-63(4)5)161-101(189)70(128)55-173)120(208)162-80(45-66-21-12-10-13-22-66)103(191)147-50-93(181)146-51-95(183)152-71(25-16-37-141-123(131)132)105(193)160-77(36-42-212-8)110(198)165-83(49-98(186)187)115(203)159-75(111(199)172-99)29-20-41-145-127(139)140/h10-15,21-24,30-33,62-65,70-90,99,173-178H,9,16-20,25-29,34-61,128H2,1-8H3,(H2,129,179)(H2,130,180)(H,146,181)(H,147,191)(H,148,190)(H,149,192)(H,150,209)(H,151,182)(H,152,183)(H,153,184)(H,154,185)(H,155,188)(H,156,194)(H,157,200)(H,158,201)(H,159,203)(H,160,193)(H,161,189)(H,162,208)(H,163,204)(H,164,207)(H,165,198)(H,166,195)(H,167,197)(H,168,196)(H,169,202)(H,170,205)(H,171,206)(H,172,199)(H,186,187)(H,210,211)(H4,131,132,141)(H4,133,134,142)(H4,135,136,143)(H4,137,138,144)(H4,139,140,145)/t64-,65-,70-,71-,72-,73-,74-,75-,76-,77-,78-,79-,80-,81-,82-,83-,84-,85-,86-,87-,88-,89-,90-,99-/m0/s1",NSQLIUXCMFBZME-MPVJKSABSA-N,515,carperitide,89213-87-6
CCC(C)C(NC(=O)C(Cc1ccccc1)NC(=O)C(CC(C)C)NC(=O)C(CCCN=C(N)N)NC(=O)C(NC(=O)C(C)NC(=O)C(CCC(=O)O)NC(=O)C(CCC(=O)O)NC(=O)C(CCC(=O)O)NC(=O)C(CCSC)NC(=O)C(CCC(N)=O)NC(=O)C(CCCCN)NC(=O)C(CO)NC(=O)C(CC(C)C)NC(=O)C(CC(=O)O)NC(=O)C(CO)NC(=O)C(NC(=O)C(Cc1ccccc1)NC(=O)C(NC(=O)CNC(=O)C(CCC(=O)O)NC(=O)CNC(=O)C(N)Cc1c[nH]cn1)C(C)O)C(C)O)C(C)C)C(=O)NC(CCC(=O)O)C(=O)NC(Cc1c[nH]c2ccccc12)C(=O)NC(CC(C)C)C(=O)NC(CCCCN)C(=O)NC(CC(N)=O)C(=O)NCC(=O)NCC(=O)N1CCCC1C(=O)NC(CO)C(=O)NC(CO)C(=O)NCC(=O)NC(C)C(=O)N1CCCC1C(=O)N1CCCC1C(=O)NC(CO)C(=O)NC(CCCCN)C(=O)NC(CCCCN)C(=O)NC(CCCCN)C(=O)NC(CCCCN)C(=O)NC(CCCCN)C(=O)NC(CCCCN)C(N)=O,"InChI=1S/C215H347N61O65S/c1-16-115(10)173(210(337)256-141(68-74-170(299)300)194(321)261-148(94-122-98-232-126-50-24-23-49-124(122)126)199(326)258-143(89-111(2)3)196(323)247-134(58-32-40-83-223)189(316)262-149(96-160(226)285)180(307)235-100-161(286)233-104-165(290)274-85-42-60-156(274)207(334)267-154(108-280)206(333)265-151(105-277)181(308)237-101-162(287)239-117(12)213(340)276-87-44-62-158(276)214(341)275-86-43-61-157(275)208(335)268-153(107-279)204(331)249-132(56-30-38-81-221)187(314)246-131(55-29-37-80-220)186(313)245-130(54-28-36-79-219)185(312)244-129(53-27-35-78-218)184(311)243-128(52-26-34-77-217)183(310)242-127(176(227)303)51-25-33-76-216)272-201(328)146(92-120-45-19-17-20-46-120)260-197(324)144(90-112(4)5)257-190(317)135(59-41-84-231-215(228)229)255-209(336)172(114(8)9)271-177(304)116(11)240-182(309)138(65-71-167(293)294)251-192(319)139(66-72-168(295)296)252-193(320)140(67-73-169(297)298)253-195(322)142(75-88-342-15)254-191(318)137(63-69-159(225)284)250-188(315)133(57-31-39-82-222)248-203(330)152(106-278)266-198(325)145(91-113(6)7)259-200(327)150(97-171(301)302)263-205(332)155(109-281)269-212(339)175(119(14)283)273-202(329)147(93-121-47-21-18-22-48-121)264-211(338)174(118(13)282)270-164(289)103-236-179(306)136(64-70-166(291)292)241-163(288)102-234-178(305)125(224)95-123-99-230-110-238-123/h17-24,45-50,98-99,110-119,125,127-158,172-175,232,277-283H,16,25-44,51-97,100-109,216-224H2,1-15H3,(H2,225,284)(H2,226,285)(H2,227,303)(H,230,238)(H,233,286)(H,234,305)(H,235,307)(H,236,306)(H,237,308)(H,239,287)(H,240,309)(H,241,288)(H,242,310)(H,243,311)(H,244,312)(H,245,313)(H,246,314)(H,247,323)(H,248,330)(H,249,331)(H,250,315)(H,251,319)(H,252,320)(H,253,322)(H,254,318)(H,255,336)(H,256,337)(H,257,317)(H,258,326)(H,259,327)(H,260,324)(H,261,321)(H,262,316)(H,263,332)(H,264,338)(H,265,333)(H,266,325)(H,267,334)(H,268,335)(H,269,339)(H,270,289)(H,271,304)(H,272,328)(H,273,329)(H,291,292)(H,293,294)(H,295,296)(H,297,298)(H,299,300)(H,301,302)(H4,228,229,231)/t115-,116-,117-,118+,119+,125-,127-,128-,129-,130-,131-,132-,133-,134-,135-,136-,137-,138-,139-,140-,141-,142-,143-,144-,145-,146-,147-,148-,149-,150-,151-,152-,153-,154-,155-,156-,157-,158-,172-,173-,174-,175-/m0/s1",XVVOERDUTLJJHN-IAEQDCLQSA-N,4815,lixisenatide,320367-13-3
COc1ccc2c(c1)C1CC1(C(=O)N1C3CCC1CN(C)C3)Cn1c-2c(C2CCCCC2)c2ccc(C(=O)NS(=O)(=O)N(C)C)cc21,"InChI=1S/C36H45N5O5S/c1-38(2)47(44,45)37-34(42)23-10-14-28-31(16-23)40-21-36(35(43)41-24-11-12-25(41)20-39(3)19-24)18-30(36)29-17-26(46-4)13-15-27(29)33(40)32(28)22-8-6-5-7-9-22/h10,13-17,22,24-25,30H,5-9,11-12,18-21H2,1-4H3,(H,37,42)/t24?,25?,30-,36-/m0/s1",ZTTKEBYSXUCBSE-VSBZUFFNSA-N,5215,beclabuvir,958002-33-0
CCC(C)C(NC(=O)C(CCC(=O)O)NC(=O)C(CO)NC(=O)C(CO)NC(=O)C(NC(=O)C(CC(=O)O)NC(=O)C(NC(=O)C(C)NC(=O)C(C)NC(=O)C(CC(=O)O)NC(=O)C(CO)NC(C)=O)C(C)C)C(C)O)C(=O)NC(C(=O)NC(C(=O)NC(CCCCN)C(=O)NC(CC(=O)O)C(=O)NC(CC(C)C)C(=O)NC(CCCCN)C(=O)NC(CCC(=O)O)C(=O)NC(CCCCN)C(=O)NC(CCCCN)C(=O)NC(CCC(=O)O)C(=O)NC(C(=O)NC(C(=O)NC(CCC(=O)O)C(=O)NC(CCC(=O)O)C(=O)NC(C)C(=O)NC(CCC(=O)O)C(=O)NC(CC(N)=O)C(=O)O)C(C)C)C(C)C)C(C)O)C(C)O,"InChI=1S/C129H215N33O55/c1-18-59(10)98(159-114(201)76(36-42-91(181)182)146-120(207)83(53-164)154-121(208)84(54-165)155-127(214)99(63(14)166)160-118(205)80(51-94(187)188)152-123(210)95(56(4)5)156-104(191)62(13)135-102(189)60(11)137-115(202)78(49-92(183)184)151-119(206)82(52-163)138-66(17)169)125(212)161-101(65(16)168)128(215)162-100(64(15)167)126(213)147-70(30-22-26-46-133)109(196)150-79(50-93(185)186)117(204)149-77(47-55(2)3)116(203)142-69(29-21-25-45-132)108(195)144-73(33-39-88(175)176)110(197)141-67(27-19-23-43-130)106(193)140-68(28-20-24-44-131)107(194)145-75(35-41-90(179)180)113(200)157-97(58(8)9)124(211)158-96(57(6)7)122(209)148-74(34-40-89(177)178)111(198)143-71(31-37-86(171)172)105(192)136-61(12)103(190)139-72(32-38-87(173)174)112(199)153-81(129(216)217)48-85(134)170/h55-65,67-84,95-101,163-168H,18-54,130-133H2,1-17H3,(H2,134,170)(H,135,189)(H,136,192)(H,137,202)(H,138,169)(H,139,190)(H,140,193)(H,141,197)(H,142,203)(H,143,198)(H,144,195)(H,145,194)(H,146,207)(H,147,213)(H,148,209)(H,149,204)(H,150,196)(H,151,206)(H,152,210)(H,153,199)(H,154,208)(H,155,214)(H,156,191)(H,157,200)(H,158,211)(H,159,201)(H,160,205)(H,161,212)(H,162,215)(H,171,172)(H,173,174)(H,175,176)(H,177,178)(H,179,180)(H,181,182)(H,183,184)(H,185,186)(H,187,188)(H,216,217)/t59-,60-,61-,62-,63+,64+,65+,67-,68-,69-,70-,71-,72-,73-,74-,75-,76-,77-,78-,79-,80-,81-,82-,83-,84-,95-,96-,97-,98-,99-,100-,101-/m0/s1",NZVYCXVTEHPMHE-ZSUJOUNUSA-N,2643,thymalfasin,62304-98-7
CCC(C)C(NC(=O)C(C)NC(=O)C(CC(=O)O)NC(=O)C(C)NC(=O)C(N)Cc1ccc(O)cc1)C(=O)NC(Cc1ccccc1)C(=O)NC(C(=O)NC(CC(N)=O)C(=O)NC(CO)C(=O)NC(Cc1ccc(O)cc1)C(=O)NC(CCCN=C(N)N)C(=O)NC(CCCCN)C(=O)NC(C(=O)NC(CC(C)C)C(=O)NCC(=O)NC(CCC(N)=O)C(=O)NC(CC(C)C)C(=O)NC(CO)C(=O)NC(C)C(=O)NC(CCCNC(=N)N)C(=O)NC(CCCCN)C(=O)NC(CC(C)C)C(=O)NC(CC(C)C)C(=O)NC(CCC(N)=O)C(=O)NC(CC(=O)O)C(=O)NC(C(=O)NC(CCSC)C(=O)NC(CO)C(=O)NC(CCCNC(=N)N)C(N)=O)C(C)CC)C(C)C)C(C)O,"InChI=1S/C149H246N44O42S/c1-20-77(13)116(191-122(211)81(17)168-132(221)104(66-113(204)205)178-121(210)79(15)167-123(212)88(152)62-84-39-43-86(198)44-40-84)145(234)185-102(63-83-32-23-22-24-33-83)138(227)193-118(82(18)197)146(235)186-103(65-111(155)202)137(226)189-108(71-196)142(231)182-101(64-85-41-45-87(199)46-42-85)136(225)175-93(38-31-56-165-149(161)162)126(215)174-91(35-26-28-53-151)131(220)190-115(76(11)12)143(232)184-97(58-72(3)4)124(213)166-68-112(203)170-94(47-49-109(153)200)128(217)180-100(61-75(9)10)135(224)188-106(69-194)140(229)169-80(16)120(209)172-92(37-30-55-164-148(159)160)125(214)173-90(34-25-27-52-150)127(216)179-99(60-74(7)8)134(223)181-98(59-73(5)6)133(222)176-95(48-50-110(154)201)129(218)183-105(67-114(206)207)139(228)192-117(78(14)21-2)144(233)177-96(51-57-236-19)130(219)187-107(70-195)141(230)171-89(119(156)208)36-29-54-163-147(157)158/h22-24,32-33,39-46,72-82,88-108,115-118,194-199H,20-21,25-31,34-38,47-71,150-152H2,1-19H3,(H2,153,200)(H2,154,201)(H2,155,202)(H2,156,208)(H,166,213)(H,167,212)(H,168,221)(H,169,229)(H,170,203)(H,171,230)(H,172,209)(H,173,214)(H,174,215)(H,175,225)(H,176,222)(H,177,233)(H,178,210)(H,179,216)(H,180,217)(H,181,223)(H,182,231)(H,183,218)(H,184,232)(H,185,234)(H,186,235)(H,187,219)(H,188,224)(H,189,226)(H,190,220)(H,191,211)(H,192,228)(H,193,227)(H,204,205)(H,206,207)(H4,157,158,163)(H4,159,160,164)(H4,161,162,165)/t77-,78-,79-,80-,81-,82+,88-,89-,90-,91-,92-,93-,94-,95-,96-,97-,98-,99-,100-,101-,102-,103-,104-,105-,106-,107-,108-,115-,116-,117-,118-/m0/s1",WGWPRVFKDLAUQJ-MITYVQBRSA-N,2433,sermorelin,86168-78-7
CC(C)CC(NC(=O)C(CCCCN)NC(=O)CNC(=O)C(CC(C)C)NC(=O)C(NC(=O)C1CCCCCC(=O)NC(CO)C(=O)NC(CC(N)=O)C(=O)NC(CC(C)C)C(=O)NC(CO)C(=O)NC(C(C)O)C(=O)N1)C(C)C)C(=O)NC(CO)C(=O)NC(CCC(N)=O)C(=O)NC(CCC(=O)O)C(=O)NC(CC(C)C)C(=O)NC(Cc1c[nH]cn1)C(=O)NC(CCCCN)C(=O)NC(CC(C)C)C(=O)NC(CCC(N)=O)C(=O)NC(C(=O)NC(Cc1ccc(O)cc1)C(=O)N1CCCC1C(=O)NC(CCCN=C(N)N)C(=O)NC(C(=O)NC(CC(=O)O)C(=O)NC(C(=O)NCC(=O)NC(C)C(=O)NCC(=O)NC(C(=O)N1CCCC1C(N)=O)C(C)O)C(C)C)C(C)O)C(C)O,"InChI=1S/C148H244N42O47/c1-69(2)52-91(178-142(232)115(75(13)14)185-127(217)86-30-21-20-22-36-108(202)165-100(65-191)137(227)177-97(59-107(153)201)135(225)175-95(56-73(9)10)133(223)182-102(67-193)139(229)188-116(77(16)194)143(233)171-86)122(212)160-63-110(204)164-84(31-23-25-47-149)123(213)172-94(55-72(7)8)132(222)181-101(66-192)138(228)169-88(41-44-105(151)199)125(215)167-90(43-46-112(206)207)126(216)174-93(54-71(5)6)131(221)176-96(58-82-61-157-68-162-82)134(224)166-85(32-24-26-48-150)124(214)173-92(53-70(3)4)130(220)168-89(42-45-106(152)200)129(219)187-118(79(18)196)145(235)180-99(57-81-37-39-83(198)40-38-81)146(236)190-51-29-35-104(190)140(230)170-87(33-27-49-158-148(155)156)128(218)186-117(78(17)195)144(234)179-98(60-113(208)209)136(226)184-114(74(11)12)141(231)161-62-109(203)163-76(15)121(211)159-64-111(205)183-119(80(19)197)147(237)189-50-28-34-103(189)120(154)210/h37-40,61,68-80,84-104,114-119,191-198H,20-36,41-60,62-67,149-150H2,1-19H3,(H2,151,199)(H2,152,200)(H2,153,201)(H2,154,210)(H,157,162)(H,159,211)(H,160,212)(H,161,231)(H,163,203)(H,164,204)(H,165,202)(H,166,224)(H,167,215)(H,168,220)(H,169,228)(H,170,230)(H,171,233)(H,172,213)(H,173,214)(H,174,216)(H,175,225)(H,176,221)(H,177,227)(H,178,232)(H,179,234)(H,180,235)(H,181,222)(H,182,223)(H,183,205)(H,184,226)(H,185,217)(H,186,218)(H,187,219)(H,188,229)(H,206,207)(H,208,209)(H4,155,156,158)/t76-,77+,78+,79+,80+,84-,85-,86?,87-,88-,89-,90-,91-,92-,93-,94-,95-,96-,97-,98-,99-,100-,101-,102-,103-,104-,114-,115-,116-,117-,118-,119-/m0/s1",DDPFHDCZUJFNAT-KPZHSHELSA-N,994,elcatonin,60731-46-6
CC(C)CC(NC(=O)C(CCCCN)NC(=O)CNC(=O)C(CC(C)C)NC(=O)C(NC(=O)C1CSSCC(N)C(=O)NC(CO)C(=O)NC(CC(N)=O)C(=O)NC(CC(C)C)C(=O)NC(CO)C(=O)NC(C(C)O)C(=O)N1)C(C)C)C(=O)NC(CO)C(=O)NC(CCC(N)=O)C(=O)NC(CCC(=O)O)C(=O)NC(CC(C)C)C(=O)NC(Cc1c[nH]cn1)C(=O)NC(CCCCN)C(=O)NC(CC(C)C)C(=O)NC(CCC(N)=O)C(=O)NC(C(=O)NC(Cc1ccc(O)cc1)C(=O)N1CCCC1C(=O)NC(CCCN=C(N)N)C(=O)NC(C(=O)NC(CC(N)=O)C(=O)NC(C(=O)NCC(=O)NC(CO)C(=O)NCC(=O)NC(C(=O)N1CCCC1C(N)=O)C(C)O)C(C)O)C(C)O)C(C)O,"InChI=1S/C145H240N44O48S2/c1-65(2)45-86(175-139(232)110(70(11)12)183-136(229)99-63-239-238-62-79(148)117(210)178-96(59-191)134(227)174-92(52-104(151)202)131(224)172-90(49-69(9)10)129(222)180-98(61-193)135(228)187-114(74(16)197)142(235)181-99)118(211)158-55-106(204)162-80(25-18-20-40-146)120(213)169-89(48-68(7)8)128(221)179-97(60-192)133(226)167-83(34-37-102(149)200)122(215)165-85(36-39-109(207)208)123(216)171-88(47-67(5)6)127(220)173-91(51-77-54-156-64-161-77)130(223)164-81(26-19-21-41-147)121(214)170-87(46-66(3)4)126(219)166-84(35-38-103(150)201)125(218)186-113(73(15)196)141(234)177-94(50-76-30-32-78(199)33-31-76)143(236)189-44-24-29-101(189)137(230)168-82(27-22-42-157-145(154)155)124(217)185-112(72(14)195)140(233)176-93(53-105(152)203)132(225)184-111(71(13)194)138(231)160-56-107(205)163-95(58-190)119(212)159-57-108(206)182-115(75(17)198)144(237)188-43-23-28-100(188)116(153)209/h30-33,54,64-75,79-101,110-115,190-199H,18-29,34-53,55-63,146-148H2,1-17H3,(H2,149,200)(H2,150,201)(H2,151,202)(H2,152,203)(H2,153,209)(H,156,161)(H,158,211)(H,159,212)(H,160,231)(H,162,204)(H,163,205)(H,164,223)(H,165,215)(H,166,219)(H,167,226)(H,168,230)(H,169,213)(H,170,214)(H,171,216)(H,172,224)(H,173,220)(H,174,227)(H,175,232)(H,176,233)(H,177,234)(H,178,210)(H,179,221)(H,180,222)(H,181,235)(H,182,206)(H,183,229)(H,184,225)(H,185,217)(H,186,218)(H,187,228)(H,207,208)(H4,154,155,157)/t71-,72-,73-,74-,75-,79+,80+,81+,82+,83+,84+,85+,86+,87+,88+,89+,90+,91+,92+,93+,94+,95+,96+,97+,98+,99+,100+,101+,110+,111+,112+,113+,114+,115+/m1/s1",BBBFJLBPOGFECG-VJVYQDLKSA-N,2989,calcitonin (salmon synthetic),47931-85-1
CSCCC(NC(=O)CNC(=O)C(CO)NC(=O)C(Cc1ccccc1)NC(=O)C(CCCN=C(N)N)NC(=O)C(Cc1c[nH]cn1)NC(=O)C(Cc1ccc(O)cc1)NC(=O)C(CC(N)=O)NC(=O)C(CC(N)=O)NC(=O)C(CC(C)C)NC(=O)C(CC(=O)O)NC(=O)C(CCCCN)NC(=O)C(Cc1c[nH]c2ccccc12)NC(=O)C(Cc1ccc(O)cc1)NC(=O)C(C)NC(=O)C(CO)NC(=O)C(CC(C)C)NC(=O)C(CC(C)C)NC(=O)C1CSSCC(N)C(=O)NC(CO)C(=O)NC(CC(N)=O)C(=O)NC(CC(C)C)C(=O)NC(CO)C(=O)NC(C(C)O)C(=O)N1)C(=O)NCC(=O)NC(Cc1ccccc1)C(=O)NCC(=O)N1CCCC1C(=O)NC(CCC(=O)O)C(=O)NC(C(=O)N1CCCC1C(N)=O)C(C)O,"InChI=1S/C160H233N43O47S3/c1-78(2)52-100(185-152(243)113(65-128(220)221)194-137(228)96(32-21-22-47-161)179-147(238)108(60-89-66-171-95-31-20-19-30-93(89)95)189-144(235)105(58-87-36-40-91(210)41-37-87)182-132(223)82(9)176-153(244)115(72-205)197-142(233)102(54-80(5)6)183-140(231)101(53-79(3)4)186-156(247)118-76-253-252-75-94(162)133(224)195-116(73-206)154(245)193-112(64-123(165)214)149(240)184-103(55-81(7)8)143(234)198-117(74-207)155(246)200-129(83(10)208)158(249)199-118)141(232)191-111(63-122(164)213)151(242)192-110(62-121(163)212)150(241)188-107(59-88-38-42-92(211)43-39-88)145(236)190-109(61-90-67-169-77-175-90)148(239)180-97(33-23-48-170-160(167)168)138(229)187-106(57-86-28-17-14-18-29-86)146(237)196-114(71-204)136(227)173-68-124(215)177-99(46-51-251-12)134(225)172-69-125(216)178-104(56-85-26-15-13-16-27-85)135(226)174-70-126(217)202-49-25-35-120(202)157(248)181-98(44-45-127(218)219)139(230)201-130(84(11)209)159(250)203-50-24-34-119(203)131(166)222/h13-20,26-31,36-43,66-67,77-84,94,96-120,129-130,171,204-211H,21-25,32-35,44-65,68-76,161-162H2,1-12H3,(H2,163,212)(H2,164,213)(H2,165,214)(H2,166,222)(H,169,175)(H,172,225)(H,173,227)(H,174,226)(H,176,244)(H,177,215)(H,178,216)(H,179,238)(H,180,239)(H,181,248)(H,182,223)(H,183,231)(H,184,240)(H,185,243)(H,186,247)(H,187,229)(H,188,241)(H,189,235)(H,190,236)(H,191,232)(H,192,242)(H,193,245)(H,194,228)(H,195,224)(H,196,237)(H,197,233)(H,198,234)(H,199,249)(H,200,246)(H,201,230)(H,218,219)(H,220,221)(H4,167,168,170)/t82-,83+,84+,94-,96-,97-,98-,99-,100-,101-,102-,103-,104-,105-,106-,107-,108-,109-,110-,111-,112-,113-,114-,115-,116-,117-,118-,119-,120-,129-,130-/m0/s1",IXORWGHGSOABEO-AQZOCZKHSA-N,4429,calcitonin (pork natural),147983-50-4
Nc1cc(F)ccc1NC(=O)c1ccc(CNC(=O)C=Cc2cccnc2)cc1,"InChI=1S/C22H19FN4O2/c23-18-8-9-20(19(24)12-18)27-22(29)17-6-3-16(4-7-17)14-26-21(28)10-5-15-2-1-11-25-13-15/h1-13H,14,24H2,(H,26,28)(H,27,29)/b10-5+",SZMJVTADHFNAIS-BJMVGYQFSA-N,4973,chidamide,743420-02-2
CCC(C)C1NC(=O)C(CCCN=C(N)N)NC(=O)C(CC(=O)O)NC(=O)C(CCSC)NC(=O)C(CCCCN)NC(=O)C(CCCNC(=N)N)NC(=O)CNC(=O)C(Cc2ccccc2)NC(=O)C(NC(=O)CNC(=O)C(CO)NC(=O)CNC(=O)C(CCC(N)=O)NC(=O)C(NC(=O)C(CCSC)NC(=O)C(CCCCN)NC(=O)C2CCCN2C(=O)C(N)CO)C(C)C)CSSCC(C(=O)NC(CCCCN)C(=O)NC(C(=O)NC(CC(C)C)C(=O)NC(CCCNC(=N)N)C(=O)NC(CCCNC(=N)N)C(=O)NC(Cc2c[nH]cn2)C(=O)O)C(C)C)NC(=O)CNC(=O)C(CC(C)C)NC(=O)CNC(=O)C(CO)NC(=O)C(CO)NC(=O)C(CO)NC(=O)C(CO)NC1=O,"InChI=1S/C143H244N50O42S4/c1-13-76(10)112-137(232)189-99(68-199)131(226)188-98(67-198)130(225)187-97(66-197)129(224)186-96(65-196)117(212)166-59-105(202)169-90(52-72(2)3)114(209)163-61-107(204)171-100(132(227)177-83(32-19-22-44-146)124(219)190-111(75(8)9)136(231)184-91(53-73(4)5)127(222)175-84(34-24-46-159-141(151)152)121(216)174-85(35-25-47-160-142(153)154)122(217)185-94(139(234)235)55-78-57-157-71-167-78)69-238-239-70-101(172-108(205)62-165-116(211)95(64-195)170-106(203)60-162-113(208)87(38-39-103(148)200)181-135(230)110(74(6)7)191-126(221)89(41-51-237-12)179-120(215)82(31-18-21-43-145)180-134(229)102-37-27-49-193(102)138(233)79(147)63-194)133(228)182-92(54-77-28-15-14-16-29-77)115(210)164-58-104(201)168-80(33-23-45-158-140(149)150)118(213)173-81(30-17-20-42-144)119(214)178-88(40-50-236-11)123(218)183-93(56-109(206)207)128(223)176-86(125(220)192-112)36-26-48-161-143(155)156/h14-16,28-29,57,71-76,79-102,110-112,194-199H,13,17-27,30-56,58-70,144-147H2,1-12H3,(H2,148,200)(H,157,167)(H,162,208)(H,163,209)(H,164,210)(H,165,211)(H,166,212)(H,168,201)(H,169,202)(H,170,203)(H,171,204)(H,172,205)(H,173,213)(H,174,216)(H,175,222)(H,176,223)(H,177,227)(H,178,214)(H,179,215)(H,180,229)(H,181,230)(H,182,228)(H,183,218)(H,184,231)(H,185,217)(H,186,224)(H,187,225)(H,188,226)(H,189,232)(H,190,219)(H,191,221)(H,192,220)(H,206,207)(H,234,235)(H4,149,150,158)(H4,151,152,159)(H4,153,154,160)(H4,155,156,161)/t76-,79-,80-,81-,82-,83-,84-,85-,86-,87-,88-,89-,90-,91-,92-,93-,94-,95-,96-,97-,98-,99-,100-,101-,102-,110-,111-,112-/m0/s1",HPNRHPKXQZSDFX-OAQDCNSJSA-N,1901,nesiritide,124584-08-3
Clc1ccc2c(N3CCN(CCCN4CCN(c5ccnc6cc(Cl)ccc56)CC4)CC3)ccnc2c1,"InChI=1S/C29H32Cl2N6/c30-22-2-4-24-26(20-22)32-8-6-28(24)36-16-12-34(13-17-36)10-1-11-35-14-18-37(19-15-35)29-7-9-33-27-21-23(31)3-5-25(27)29/h2-9,20-21H,1,10-19H2",UCRHFBCYFMIWHC-UHFFFAOYSA-N,4193,piperaquine,4085-31-8
CC1CCC2C(C)C(O)OC3OC4(C)CCC1C32OO4,"InChI=1S/C15H24O5/c1-8-4-5-11-9(2)12(16)17-13-15(11)10(8)6-7-14(3,18-13)19-20-15/h8-13,16H,4-7H2,1-3H3/t8-,9-,10+,11+,12+,13-,14-,15-/m1/s1",BJDCWCLMFKKGEE-ISOSDAIHSA-N,4194,artenimol,71939-50-9
CC(=O)Oc1c(C)c(C)c2c(c1C)CCC(C)(CCCC(C)CCCC(C)CCCC(C)C)O2,"InChI=1S/C31H52O3/c1-21(2)13-10-14-22(3)15-11-16-23(4)17-12-19-31(9)20-18-28-26(7)29(33-27(8)32)24(5)25(6)30(28)34-31/h21-23H,10-20H2,1-9H3/t22-,23-,31-/m1/s1",ZAKOWWREFLAJOT-CEFNRUSXSA-N,4195,alpha-tocopherol acetate,58-95-7
CCCCCCCCCCCCCCCC(=O)OCC=C(C)C=CC=C(C)C=CC1=C(C)CCCC1(C)C,"InChI=1S/C36H60O2/c1-7-8-9-10-11-12-13-14-15-16-17-18-19-25-35(37)38-30-28-32(3)23-20-22-31(2)26-27-34-33(4)24-21-29-36(34,5)6/h20,22-23,26-28H,7-19,21,24-25,29-30H2,1-6H3/b23-20+,27-26+,31-22+,32-28+",VYGQUTWHTHXGQB-FFHKNEKCSA-N,4197,vitamin A palmitate,79-81-2
CC(=O)O,"InChI=1S/C2H4O2/c1-2(3)4/h1H3,(H,3,4)",QTBSBXVTEAMEQO-UHFFFAOYSA-N,4211,acetic acid,64-19-7
CC(=O)OCC(=O)C1(O)CCC2C3CC=C4CC(=O)CCC4(C)C3C(O)CC21C,"InChI=1S/C23H32O6/c1-13(24)29-12-19(27)23(28)9-7-17-16-5-4-14-10-15(25)6-8-21(14,2)20(16)18(26)11-22(17,23)3/h10,16-18,20,26,28H,4-9,11-12H2,1-3H3/t16-,17-,18-,20+,21-,22-,23-/m0/s1",ALEXXDVDDISNDU-JZYPGELDSA-N,4213,hydrocortisone acetate,50-03-3
CC(C)O,"InChI=1S/C3H8O/c1-3(2)4/h3-4H,1-2H3",KFZMGEQAYNKOFK-UHFFFAOYSA-N,4215,isopropanol,67-63-0
CC(Cc1ccccc1)N=CC(Cl)(Cl)Cl,"InChI=1S/C11H12Cl3N/c1-9(15-8-11(12,13)14)7-10-5-3-2-4-6-10/h2-6,8-9H,7H2,1H3/b15-8+",VBZDETYCYXPOAK-OVCLIPMQSA-N,5113,amfecloral,5581-35-1
NC(COP(=O)(O)O)C(=O)O,"InChI=1S/C3H8NO6P/c4-2(3(5)6)1-10-11(7,8)9/h2H,1,4H2,(H,5,6)(H2,7,8,9)/t2-/m0/s1",BZQFBWGGLXLEPQ-REOHCLBHSA-N,4120,dexfosfoserine,407-41-0
O=C(O)C1CCCN1,"InChI=1S/C5H9NO2/c7-5(8)4-2-1-3-6-4/h4,6H,1-3H2,(H,7,8)/t4-/m0/s1",ONIBWKKTOPOVIA-BYPYZUCNSA-N,4125,proline,147-85-3
NC(=O)CC(N)C(=O)O,"InChI=1S/C4H8N2O3/c5-2(4(8)9)1-3(6)7/h2H,1,5H2,(H2,6,7)(H,8,9)/t2-/m0/s1",DCXYFEDJOCDNAF-REOHCLBHSA-N,4126,asparagine,70-47-3
NC(CO)C(=O)O,"InChI=1S/C3H7NO3/c4-2(1-5)3(6)7/h2,5H,1,4H2,(H,6,7)/t2-/m0/s1",MTCFGRXMJLQNBG-REOHCLBHSA-N,4127,serine,56-45-1
CC(C)C(N)C(=O)O,"InChI=1S/C5H11NO2/c1-3(2)4(6)5(7)8/h3-4H,6H2,1-2H3,(H,7,8)/t4-/m0/s1",KZSNJWFQEVHDMF-BYPYZUCNSA-N,4128,valine,72-18-4
CCC(C)C(N)C(=O)O,"InChI=1S/C6H13NO2/c1-3-4(2)5(7)6(8)9/h4-5H,3,7H2,1-2H3,(H,8,9)/t4-,5-/m0/s1",AGPKZVBTJJNPAG-WHFBIAKZSA-N,4129,isoleucine,73-32-5
NC(CSSCC(N)C(=O)O)C(=O)O,"InChI=1S/C6H12N2O4S2/c7-3(5(9)10)1-13-14-2-4(8)6(11)12/h3-4H,1-2,7-8H2,(H,9,10)(H,11,12)/t3-,4-/m0/s1",LEVWYRKDKASIDU-IMJSIDKUSA-N,4130,cystine,56-89-3
Cc1ncc(CO)c(C=O)c1O,"InChI=1S/C8H9NO3/c1-5-8(12)7(4-11)6(3-10)2-9-5/h2,4,10,12H,3H2,1H3",RADKZDMFGJYCBB-UHFFFAOYSA-N,4134,pyridoxal,65-22-5
CN(C)c1ccc(C(=C2C=CC(=[N+](C)C)C=C2)c2ccc(N(C)C)cc2)cc1,"InChI=1S/C25H30N3/c1-26(2)22-13-7-19(8-14-22)25(20-9-15-23(16-10-20)27(3)4)21-11-17-24(18-12-21)28(5)6/h7-18H,1-6H3/q+1",LGLFFNDHMLKUMI-UHFFFAOYSA-N,4138,gentian violet,548-62-9
NC(=O)c1ccc[n+](C2OC(COP(=O)([O-])OP(=O)(O)OCC3OC(n4cnc5c(N)ncnc54)C(O)C3O)C(O)C2O)c1,"InChI=1S/C21H27N7O14P2/c22-17-12-19(25-7-24-17)28(8-26-12)21-16(32)14(30)11(41-21)6-39-44(36,37)42-43(34,35)38-5-10-13(29)15(31)20(40-10)27-3-1-2-9(4-27)18(23)33/h1-4,7-8,10-11,13-16,20-21,29-32H,5-6H2,(H5-,22,23,24,25,33,34,35,36,37)/t10-,11-,13-,14-,15-,16-,20-,21-/m1/s1",BAWFJGJZGIEFAR-NNYOXOHSSA-N,4140,nadide,53-84-9
CCCOc1ccc(S(=O)(=O)NCCC2CCCN2C)cc1-c1nc(=O)c2c([nH]1)c(CCC)nn2C,"InChI=1S/C25H36N6O4S/c1-5-8-20-22-23(31(4)29-20)25(32)28-24(27-22)19-16-18(10-11-21(19)35-15-6-2)36(33,34)26-13-12-17-9-7-14-30(17)3/h10-11,16-17,26H,5-9,12-15H2,1-4H3,(H,27,28,32)",IYFNEFQTYQPVOC-UHFFFAOYSA-N,4141,udenafil,268203-93-6
CC(C=CC=C(C)C=CC1=C(C)CC(O)CC1(C)C)=CC=CC=C(C)C=CC=C(C)C=CC1C(C)=CC(O)CC1(C)C,"InChI=1S/C40H56O2/c1-29(17-13-19-31(3)21-23-37-33(5)25-35(41)27-39(37,7)8)15-11-12-16-30(2)18-14-20-32(4)22-24-38-34(6)26-36(42)28-40(38,9)10/h11-25,35-37,41-42H,26-28H2,1-10H3/b12-11+,17-13+,18-14+,23-21+,24-22+,29-15+,30-16+,31-19+,32-20+/t35-,36+,37-/m0/s1",KBPHJBAIARWVSC-RGZFRNHPSA-N,4145,lutein,127-40-2
CCC(=O)OC1CCC2C3CC=C4CC(=O)CCC4(C)C3CCC12C,"InChI=1S/C22H32O3/c1-4-20(24)25-19-8-7-17-16-6-5-14-13-15(23)9-11-21(14,2)18(16)10-12-22(17,19)3/h13,16-19H,4-12H2,1-3H3/t16-,17-,18-,19-,21-,22-/m0/s1",PDMMFKSKQVNJMI-BLQWBTBKSA-N,4146,testosterone propionate,57-85-2
CCC(C)C1C(=O)N2CCCC2C2(O)OC(NC(=O)C3CC4c5cccc6[nH]cc(c56)CC4N(C)C3)(C(C)C)C(=O)N12,"InChI=1S/C32H43N5O5/c1-6-18(4)27-29(39)36-12-8-11-25(36)32(41)37(27)30(40)31(42-32,17(2)3)34-28(38)20-13-22-21-9-7-10-23-26(21)19(15-33-23)14-24(22)35(5)16-20/h7,9-10,15,17-18,20,22,24-25,27,33,41H,6,8,11-14,16H2,1-5H3,(H,34,38)/t18-,20-,22-,24-,25+,27+,31-,32+/m1/s1",SBFXHXZNBNFPHV-PXXBSISHSA-N,4148,epicriptine,88660-47-3
Cc1c(C(=O)NN2CCCCC2)nn(-c2ccc(Cl)cc2Cl)c1-c1ccc(Cl)cc1,"InChI=1S/C22H21Cl3N4O/c1-14-20(22(30)27-28-11-3-2-4-12-28)26-29(19-10-9-17(24)13-18(19)25)21(14)15-5-7-16(23)8-6-15/h5-10,13H,2-4,11-12H2,1H3,(H,27,30)",JZCPYUJPEARBJL-UHFFFAOYSA-N,4150,rimonabant,168273-06-1
O=C(O)C1[O][Sb](=[O])([O][Sb]2(=[O])[O]C(C(=O)O)C(O)C(C(O)CO)[O]2)[O]C(C(O)CO)C1O,"InChI=1S/2C6H10O7.3O.2Sb/c2*7-1-2(8)3(9)4(10)5(11)6(12)13;;;;;/h2*2-5,7-8,10H,1H2,(H,12,13);;;;;/q2*-2;;;;2*+2/t2*2-,3-,4+,5-;;;;;/m11...../s1",PFOYFBYIHCVQGB-XCCFGPONSA-N,4020,sodium stibogluconate,16037-91-5
CCCC(C(=O)N=C1C(=O)N2C(C(=O)O)=C(COC(N)=O)CSC12)c1csc(N)n1,"InChI=1S/C17H19N5O6S2/c1-2-3-8(9-6-30-16(18)20-9)12(23)21-10-13(24)22-11(15(25)26)7(4-28-17(19)27)5-29-14(10)22/h3,6,10,14H,2,4-5H2,1H3,(H2,18,20)(H2,19,27)(H,21,23)(H,25,26)/b8-3-/t10-,14-/m1/s1",HJJRIJDTIPFROI-NVKITGPLSA-N,4159,cefcapene,135889-00-8
NC(CSCC(=O)O)C(=O)O,"InChI=1S/C5H9NO4S/c6-3(5(9)10)1-11-2-4(7)8/h3H,1-2,6H2,(H,7,8)(H,9,10)/t3-/m0/s1",GBFLZEXEOZUWRN-VKHMYHEASA-N,4160,carbocisteine,638-23-3
Nc1ccncc1,"InChI=1S/C5H6N2/c6-5-1-3-7-4-2-5/h1-4H,(H2,6,7)",NUKYPUAOHBNCPY-UHFFFAOYSA-N,4163,fampridine,504-24-5
CCOC(=O)C(C)(N)Cc1ccc(O)c(O)c1,"InChI=1S/C12H17NO4/c1-3-17-11(16)12(2,13)7-8-4-5-9(14)10(15)6-8/h4-6,14-15H,3,7,13H2,1-2H3/t12-/m0/s1",SVEBYYWCXTVYCR-LBPRGKRZSA-N,4218,methyldopate,6014-30-8
CCON=C(C(=O)NC1C(=O)N2C(C(=O)[O-])=C(Sc3nc(-c4cc[n+](C)cc4)cs3)CSC12)c1nsc(NP(=O)(O)O)n1,"InChI=1S/C22H21N8O8PS4/c1-3-38-26-13(16-25-21(43-28-16)27-39(35,36)37)17(31)24-14-18(32)30-15(20(33)34)12(9-40-19(14)30)42-22-23-11(8-41-22)10-4-6-29(2)7-5-10/h4-8,14,19H,3,9H2,1-2H3,(H4-,24,25,27,28,31,33,34,35,36,37)/b26-13-/t14-,19-/m1/s1",ZCCUWMICIWSJIX-NQJJCJBVSA-N,4169,ceftaroline fosamil,402741-13-3
CCCC(NC(=O)C1C2CCCC2CN1C(=O)C(NC(=O)C(NC(=O)c1cnccn1)C1CCCCC1)C(C)(C)C)C(=O)C(=O)NC1CC1,"InChI=1S/C36H53N7O6/c1-5-10-25(29(44)34(48)39-23-15-16-23)40-33(47)28-24-14-9-13-22(24)20-43(28)35(49)30(36(2,3)4)42-32(46)27(21-11-7-6-8-12-21)41-31(45)26-19-37-17-18-38-26/h17-19,21-25,27-28,30H,5-16,20H2,1-4H3,(H,39,48)(H,40,47)(H,41,45)(H,42,46)/t22-,24-,25-,27-,28-,30+/m0/s1",BBAWEDCPNXPBQM-GDEBMMAJSA-N,4173,telaprevir,402957-28-2
CC(=O)OC1CCC2(C)C(=CCC3C2CCC2(C)C(c4cccnc4)=CCC32)C1,"InChI=1S/C26H33NO2/c1-17(28)29-20-10-12-25(2)19(15-20)6-7-21-23-9-8-22(18-5-4-14-27-16-18)26(23,3)13-11-24(21)25/h4-6,8,14,16,20-21,23-24H,7,9-13,15H2,1-3H3/t20-,21-,23-,24-,25-,26+/m0/s1",UVIQSJCZCSLXRZ-UBUQANBQSA-N,4176,abiraterone acetate,154229-18-2
CCOC(=O)Nc1ccc(NCc2ccc(F)cc2)cc1N,"InChI=1S/C16H18FN3O2/c1-2-22-16(21)20-15-8-7-13(9-14(15)18)19-10-11-3-5-12(17)6-4-11/h3-9,19H,2,10,18H2,1H3,(H,20,21)",PCOBBVZJEWWZFR-UHFFFAOYSA-N,4181,retigabine,150812-12-7
CC(O)C(N)C(=O)O,"InChI=1S/C4H9NO3/c1-2(6)3(5)4(7)8/h2-3,6H,5H2,1H3,(H,7,8)/t2-,3+/m1/s1",AYFVYJQAPQTCCC-GBXIJSLDSA-N,4254,threonine,72-19-5
O=C=O,InChI=1S/CO2/c2-1-3,CURLTUGMZLYLDI-UHFFFAOYSA-N,4256,carbon dioxide,124-38-9
O=C1[O][Bi]([OH])[O]c2ccccc21,"InChI=1S/C7H6O3.Bi.H2O/c8-6-4-2-1-3-5(6)7(9)10;;/h1-4,8H,(H,9,10);;1H2/q;+3;/p-3",ZREIPSZUJIFJNP-UHFFFAOYSA-K,4257,bismuth subsalicylate,14882-18-9
Cc1ccc(C(C)C)c(O)c1,"InChI=1S/C10H14O/c1-7(2)9-5-4-8(3)6-10(9)11/h4-7,11H,1-3H3",MGSRCZKZVOBKFT-UHFFFAOYSA-N,4258,thymol,89-83-8
CC12CCC(CC1)C(C)(C)O2,"InChI=1S/C10H18O/c1-9(2)8-4-6-10(3,11-9)7-5-8/h8H,4-7H2,1-3H3",WEEGYLXZBRQIMU-UHFFFAOYSA-N,4259,cineole,470-82-6
Oc1ccccc1,"InChI=1S/C6H6O/c7-6-4-2-1-3-5-6/h1-5,7H",ISWSIDIOOBJBQZ-UHFFFAOYSA-N,4266,phenol,108-95-2
OCC1OC(Oc2ccc(O)cc2)C(O)C(O)C1O,"InChI=1S/C12H16O7/c13-5-8-9(15)10(16)11(17)12(19-8)18-7-3-1-6(14)2-4-7/h1-4,8-17H,5H2/t8-,9-,10+,11-,12-/m1/s1",BJRNKVDFDLYUGJ-RMPHRYRLSA-N,4267,arbutin,497-76-7
NC(=O)Nc1[nH]c(=O)[nH]c1O,"InChI=1S/C4H6N4O3/c5-3(10)6-1-2(9)8-4(11)7-1/h1H,(H3,5,6,10)(H2,7,8,9,11)",POJWUDADGALRAB-UHFFFAOYSA-N,4268,allantoin,97-59-6
CCCCC(CC)COC(=O)c1ccc(N(C)C)cc1,"InChI=1S/C17H27NO2/c1-5-7-8-14(6-2)13-20-17(19)15-9-11-16(12-10-15)18(3)4/h9-12,14H,5-8,13H2,1-4H3",WYWZRNAHINYAEF-UHFFFAOYSA-N,4270,Padimate O,21245-02-3
O=C(O)C1CC(O)CN1,"InChI=1S/C5H9NO3/c7-3-1-4(5(8)9)6-2-3/h3-4,6-7H,1-2H2,(H,8,9)/t3-,4+/m1/s1",PMMYEEVYMWASQN-DMTCNVIQSA-N,4272,hydroxyproline,51-35-4
CCCCOCCOCCOCc1cc2c(cc1CCC)OCO2,"InChI=1S/C19H30O5/c1-3-5-7-20-8-9-21-10-11-22-14-17-13-19-18(23-15-24-19)12-16(17)6-4-2/h12-13H,3-11,14-15H2,1-2H3",FIPWRIJSWJWJAI-UHFFFAOYSA-N,4276,piperonyl butoxide,51-03-6
Cc1c(C)c2c(c(C)c1O)CCC(C)(CCCC(C)CCCC(C)CCCC(C)C)O2,"InChI=1S/C29H50O2/c1-20(2)12-9-13-21(3)14-10-15-22(4)16-11-18-29(8)19-17-26-25(7)27(30)23(5)24(6)28(26)31-29/h20-22,30H,9-19H2,1-8H3/t21-,22-,29-/m1/s1",GVJHHUAWPYXKBD-IEOSBIPESA-N,4280,tocofersolan,59-02-9
CNc1ccc(C=Cc2ccc(OCCOCCOCCF)nc2)cc1,"InChI=1S/C20H25FN2O3/c1-22-19-7-4-17(5-8-19)2-3-18-6-9-20(23-16-18)26-15-14-25-13-12-24-11-10-21/h2-9,16,22H,10-15H2,1H3/b3-2+/i21-1",YNDIAUKFXKEXSV-CRYLGTRXSA-N,4285,Florbetapir F-18,956103-76-7
CCC=CCC=CCC=CCC=CCC=CCC=CCCC(=O)O,"InChI=1S/C22H32O2/c1-2-3-4-5-6-7-8-9-10-11-12-13-14-15-16-17-18-19-20-21-22(23)24/h3-4,6-7,9-10,12-13,15-16,18-19H,2,5,8,11,14,17,20-21H2,1H3,(H,23,24)/b4-3-,7-6-,10-9-,13-12-,16-15-,19-18-",MBMBGCFOFBJSGT-KUBAVDMBSA-N,4289,doconexent,6217-54-5
Cc1ccc(C=C2C(=O)C3(C)CCC2C3(C)C)cc1,"InChI=1S/C18H22O/c1-12-5-7-13(8-6-12)11-14-15-9-10-18(4,16(14)19)17(15,2)3/h5-8,11,15H,9-10H2,1-4H3/b14-11+",HEOCBCNFKCOKBX-SDNWHVSQSA-N,4292,enzacamene,36861-47-9
CC(C)c1nc(CN(C)C(=O)NC(CCN2CCOCC2)C(=O)NC(CCC(Cc2ccccc2)NC(=O)OCc2cncs2)Cc2ccccc2)cs1,"InChI=1S/C40H53N7O5S2/c1-29(2)38-43-34(27-53-38)25-46(3)39(49)45-36(16-17-47-18-20-51-21-19-47)37(48)42-32(22-30-10-6-4-7-11-30)14-15-33(23-31-12-8-5-9-13-31)44-40(50)52-26-35-24-41-28-54-35/h4-13,24,27-29,32-33,36H,14-23,25-26H2,1-3H3,(H,42,48)(H,44,50)(H,45,49)/t32-,33-,36+/m1/s1",ZCIGNRJZKPOIKD-CQXVEOKZSA-N,4299,cobicistat,1004316-88-4
COc1cc2c(cc1Cc1cccc(Cl)c1F)c(=O)c(C(=O)O)cn2C(CO)C(C)C,"InChI=1S/C23H23ClFNO5/c1-12(2)19(11-27)26-10-16(23(29)30)22(28)15-8-14(20(31-3)9-18(15)26)7-13-5-4-6-17(24)21(13)25/h4-6,8-10,12,19,27H,7,11H2,1-3H3,(H,29,30)/t19-/m1/s1",JUZYLCPPVHEVSV-LJQANCHMSA-N,4300,elvitegravir,697761-98-1
CNc1ccc(-c2nc3ccc(O)cc3s2)cc1F,"InChI=1S/C14H11FN2OS/c1-16-11-4-2-8(6-10(11)15)14-17-12-5-3-9(18)7-13(12)19-14/h2-7,16,18H,1H3/i15-1",VVECGOCJFKTUAX-HUYCHCPVSA-N,4301,Flutemetamol (18F),765922-62-1
C[N+]1(C)CCC(OC(=O)C(O)(c2ccccc2)C2CCCC2)C1,"InChI=1S/C19H28NO3/c1-20(2)13-12-17(14-20)23-18(21)19(22,16-10-6-7-11-16)15-8-4-3-5-9-15/h3-5,8-9,16-17,22H,6-7,10-14H2,1-2H3/q+1",ANGKOCUUWGHLCE-UHFFFAOYSA-N,4302,glycopyrronium bromide,596-51-0
CC(=O)OC1Cc2ccccc2N(C(N)=O)c2ccccc21,"InChI=1S/C17H16N2O3/c1-11(20)22-16-10-12-6-2-4-8-14(12)19(17(18)21)15-9-5-3-7-13(15)16/h2-9,16H,10H2,1H3,(H2,18,21)/t16-/m0/s1",QIALRBLEEWJACW-INIZCTEOSA-N,4303,eslicarbazepine acetate,236395-14-5
O=C(O)CNC(=O)C1C(=O)CC(CCc2ccccc2)n2ncnc21,"InChI=1S/C17H18N4O4/c22-13-8-12(7-6-11-4-2-1-3-5-11)21-16(19-10-20-21)15(13)17(25)18-9-14(23)24/h1-5,8,10,12,22H,6-7,9H2,(H,18,25)(H,19,20)(H,23,24)",DQTXKMATEZTTTQ-UHFFFAOYSA-N,5427,enarodustat,1262132-81-9
CCOC(=O)C[N+]1(C)CCC(OC(=O)C(O)(c2ccccc2)C2CCCC2)C1,"InChI=1S/C22H32NO5/c1-3-27-20(24)16-23(2)14-13-19(15-23)28-21(25)22(26,18-11-7-8-12-18)17-9-5-4-6-10-17/h4-6,9-10,18-19,26H,3,7-8,11-16H2,1-2H3/q+1/t19-,22+,23?/m1/s1",SEVCTUCCZYBJER-BSJAROSPSA-N,5428,sofpironium bromide,1628106-94-4
N#Cc1cccc(C(NCC2CC2)c2ccc(F)c(NC(=O)c3cc(C(F)(F)F)nn3-c3cccc(CN)c3)c2)c1,"InChI=1S/C30H26F4N6O/c31-24-10-9-22(28(37-17-18-7-8-18)21-5-1-3-19(11-21)15-35)13-25(24)38-29(41)26-14-27(30(32,33)34)39-40(26)23-6-2-4-20(12-23)16-36/h1-6,9-14,18,28,37H,7-8,16-17,36H2,(H,38,41)/t28-/m1/s1",UXNXMBYCBRBRFD-MUUNZHRXSA-N,5430,berotralstat,1809010-50-1
CCCCCCCCCCCCCCCCCCN(CCO)CCCN(CCO)CCO,"InChI=1S/C27H58N2O3/c1-2-3-4-5-6-7-8-9-10-11-12-13-14-15-16-17-19-28(22-25-30)20-18-21-29(23-26-31)24-27-32/h30-32H,2-27H2,1H3",KRZCNRGNPAESDC-UHFFFAOYSA-N,4311,olaflur,6818-37-7
CN(C)c1ccc(O)cc1,"InChI=1S/C8H11NO/c1-9(2)7-3-5-8(10)6-4-7/h3-6,10H,1-2H3",JVVRCYWZTJLJSG-UHFFFAOYSA-N,4312,4-dimethylaminophenol,619-60-3
CC(=O)OC1CN2CCC1CC2,"InChI=1S/C9H15NO2/c1-7(11)12-9-6-10-4-2-8(9)3-5-10/h8-9H,2-6H2,1H3",WRJPSSPFHGNBMG-UHFFFAOYSA-N,4314,aceclidine,827-61-2
CC(N)C(=O)NC(CCC(N)=O)C(=O)O,"InChI=1S/C8H15N3O4/c1-4(9)7(13)11-5(8(14)15)2-3-6(10)12/h4-5H,2-3,9H2,1H3,(H2,10,12)(H,11,13)(H,14,15)/t4-,5-/m0/s1",HJCMDXDYPOUFDY-WHFBIAKZSA-N,4319,alanyl glutamine,39537-23-0
CS(=O)(=O)c1cc(F)cc2c3c(n(Cc4ccc(Cl)cc4)c12)C(CC(=O)O)CC3,"InChI=1S/C21H19ClFNO4S/c1-29(27,28)18-10-15(23)9-17-16-7-4-13(8-19(25)26)20(16)24(21(17)18)11-12-2-5-14(22)6-3-12/h2-3,5-6,9-10,13H,4,7-8,11H2,1H3,(H,25,26)/t13-/m1/s1",NXFFJDQHYLNEJK-CYBMUJFWSA-N,4326,laropiprant,571170-77-9
CC[N+](C)(CC)CCOC(c1ccccc1)c1ccccc1,"InChI=1S/C20H28NO/c1-4-21(3,5-2)16-17-22-20(18-12-8-6-9-13-18)19-14-10-7-11-15-19/h6-15,20H,4-5,16-17H2,1-3H3/q+1",IHFMXHPNVAVTCJ-UHFFFAOYSA-N,4327,(2-benzhydryloxyethyl)diethyl-methylammonium iodide,5982-52-5
OCCOc1ccc(Cl)cc1,"InChI=1S/C8H9ClO2/c9-7-1-3-8(4-2-7)11-6-5-10/h1-4,10H,5-6H2",GEGSSUSEWOHAFE-UHFFFAOYSA-N,4328,2-(4-chlorphenoxy)-ethanol,1892-43-9
O=C([O-])CN(CCN(CC(=O)[O-])Cc1cc(CCC(=O)NCCCCCC(=O)NCCCCC(NC(=O)NC(CCC(=O)O)C(=O)O)C(=O)O)ccc1[O-])Cc1cc(CCC(=O)O)ccc1[O-].[Ga+3].[H+],"InChI=1S/C44H62N6O17.Ga/c51-34-13-8-28(22-30(34)24-49(26-40(59)60)20-21-50(27-41(61)62)25-31-23-29(9-14-35(31)52)11-16-38(55)56)10-15-37(54)46-18-4-1-2-7-36(53)45-19-5-3-6-32(42(63)64)47-44(67)48-33(43(65)66)12-17-39(57)58;/h8-9,13-14,22-23,32-33,51-52H,1-7,10-12,15-21,24-27H2,(H,45,53)(H,46,54)(H,55,56)(H,57,58)(H,59,60)(H,61,62)(H,63,64)(H,65,66)(H2,47,48,67);/q;+3/p-3/t32-,33-;/m0./s1/i;1-2",AEBYHKKMCWUMKX-LNTZDJBBSA-K,5429,gallium (68Ga) gozetotide,1906894-20-9
O=[N+]([O-])c1cc([N+](=O)[O-])c(O)c([N+](=O)[O-])c1,"InChI=1S/C6H3N3O7/c10-6-4(8(13)14)1-3(7(11)12)2-5(6)9(15)16/h1-2,10H",OXNIZHLAWKMVMX-UHFFFAOYSA-N,4626,trinitrophenol,88-89-1
Cc1c(-c2ccc(O)cc2)n(Cc2ccc(OCCN3CCCCCC3)cc2)c2ccc(O)cc12,"InChI=1S/C30H34N2O3/c1-22-28-20-26(34)12-15-29(28)32(30(22)24-8-10-25(33)11-9-24)21-23-6-13-27(14-7-23)35-19-18-31-16-4-2-3-5-17-31/h6-15,20,33-34H,2-5,16-19,21H2,1H3",UCJGJABZCDBEDK-UHFFFAOYSA-N,4334,bazedoxifene,198481-32-2
Nc1ccncc1N,"InChI=1S/C5H7N3/c6-4-1-2-8-3-5(4)7/h1-3H,7H2,(H2,6,8)",OYTKINVCDFNREN-UHFFFAOYSA-N,4336,amifampridine,54-96-6
CC(C)C(NC(=O)C(CCCN=C(N)N)NC(=O)C(N)CC(N)=O)C(=O)NC(Cc1ccc(O)cc1)C(=O)NC(C(=O)NC(Cc1c[nH]cn1)C(=O)N1CCCC1C(=O)NC(Cc1ccccc1)C(=O)O)C(C)C,"InChI=1S/C49H70N14O11/c1-26(2)39(61-42(67)33(12-8-18-55-49(52)53)57-41(66)32(50)23-38(51)65)45(70)58-34(20-29-14-16-31(64)17-15-29)43(68)62-40(27(3)4)46(71)59-35(22-30-24-54-25-56-30)47(72)63-19-9-13-37(63)44(69)60-36(48(73)74)21-28-10-6-5-7-11-28/h5-7,10-11,14-17,24-27,32-37,39-40,64H,8-9,12-13,18-23,50H2,1-4H3,(H2,51,65)(H,54,56)(H,57,66)(H,58,70)(H,59,71)(H,60,69)(H,61,67)(H,62,68)(H,73,74)(H4,52,53,55)/t32-,33-,34-,35-,36-,37-,39-,40-/m0/s1",JYPVVOOBQVVUQV-CGHBYZBKSA-N,4338,angiotensinamide,38027-96-2
COc1ccc2nc3cc(Cl)ccc3c(Nc3cc(CN4CCCC4)c(O)c(CN4CCCC4)c3)c2n1,"InChI=1S/C29H32ClN5O2/c1-37-26-9-8-24-28(33-26)27(23-7-6-21(30)16-25(23)32-24)31-22-14-19(17-34-10-2-3-11-34)29(36)20(15-22)18-35-12-4-5-13-35/h6-9,14-16,36H,2-5,10-13,17-18H2,1H3,(H,31,32)",DJUFPMUQJKWIJB-UHFFFAOYSA-N,4339,pyronaridine,74847-35-1
COc1cc(CNC(=O)CCCCC=CC(C)C)ccc1O,"InChI=1S/C18H27NO3/c1-14(2)8-6-4-5-7-9-18(21)19-13-15-10-11-16(20)17(12-15)22-3/h6,8,10-12,14,20H,4-5,7,9,13H2,1-3H3,(H,19,21)/b8-6-",YKPUWZUDDOIDPM-VURMDHGXSA-N,4342,zucapsaicin,25775-90-0
[OH][Bi]1[O]c2c(Br)c(Br)c(Br)c(Br)c2[O]1,InChI=1S/C6H2Br4O2.Bi.H2O/c7-1-2(8)4(10)6(12)5(11)3(1)9;;/h11-12H;;1H2/q;+3;/p-3,VTAVFIZOZUAKKE-UHFFFAOYSA-K,4352,bibrocathol,6915-57-7
C=CCC1=C(C)C(OC(=O)C2C(C=C(C)C)C2(C)C)CC1=O,"InChI=1S/C19H26O3/c1-7-8-13-12(4)16(10-15(13)20)22-18(21)17-14(9-11(2)3)19(17,5)6/h7,9,14,16-17H,1,8,10H2,2-6H3/t14-,16+,17+/m1/s1",ZCVAOQKBXKSDMS-PVAVHDDUSA-N,4354,bioallethrin,28434-00-6
O=C1Nc2ccccc2OC1(c1ccc(O)cc1)c1ccc(O)cc1,"InChI=1S/C20H15NO4/c22-15-9-5-13(6-10-15)20(14-7-11-16(23)12-8-14)19(24)21-17-3-1-2-4-18(17)25-20/h1-12,22-23H,(H,21,24)",BPKUDUSVDVLOPY-UHFFFAOYSA-N,4356,bisoxatin,17692-24-9
CC(CCC(=O)O)C1CCC2C3C(O)CC4CC(O)CCC4(C)C3CCC12C,"InChI=1S/C24H40O4/c1-14(4-7-21(27)28)17-5-6-18-22-19(9-11-24(17,18)3)23(2)10-8-16(25)12-15(23)13-20(22)26/h14-20,22,25-26H,4-13H2,1-3H3,(H,27,28)/t14-,15+,16-,17-,18+,19+,20-,22+,23+,24-/m1/s1",RUDATBOHQWOJDD-BSWAIDMHSA-N,4361,chenodiol,474-25-9
ClC(Cl)Cl,InChI=1S/CHCl3/c2-1(3)4/h1H,HEDRZPFGACZZDS-UHFFFAOYSA-N,4363,chloroform,67-66-3
COc1ccc(CCOC2CCCCC2N2CCC(O)C2)cc1OC,"InChI=1S/C20H31NO4/c1-23-19-8-7-15(13-20(19)24-2)10-12-25-18-6-4-3-5-17(18)21-11-9-16(22)14-21/h7-8,13,16-18,22H,3-6,9-12,14H2,1-2H3/t16-,17-,18-/m1/s1",VBHQKCBVWWUUKN-KZNAEPCWSA-N,4365,vernakalant,794466-70-9
CN(CCO)CC(O)Cn1cnc2c1c(=O)n(C)c(=O)n2C,"InChI=1S/C13H21N5O4/c1-15(4-5-19)6-9(20)7-18-8-14-11-10(18)12(21)17(3)13(22)16(11)2/h8-9,19-20H,4-7H2,1-3H3",DSFGXPJYDCSWTA-UHFFFAOYSA-N,4368,xantinol,437-74-1
O=C1C=C(N2CC2)C(=O)C(N2CC2)=C1N1CC1,"InChI=1S/C12H13N3O2/c16-9-7-8(13-1-2-13)12(17)11(15-5-6-15)10(9)14-3-4-14/h7H,1-6H2",PXSOHRWMIRDKMP-UHFFFAOYSA-N,4372,triaziquone,68-76-8
CC1CNCCc2ccc(Cl)cc21,"InChI=1S/C11H14ClN/c1-8-7-13-5-4-9-2-3-10(12)6-11(8)9/h2-3,6,8,13H,4-5,7H2,1H3/t8-/m0/s1",XTTZERNUQAFMOF-QMMMGPOBSA-N,4374,lorcaserin,616202-92-7
CNC1CCc2cc(OC)c(OC)c(OC)c2-c2ccc(OC)c(=O)cc21,"InChI=1S/C21H25NO5/c1-22-15-8-6-12-10-18(25-3)20(26-4)21(27-5)19(12)13-7-9-17(24-2)16(23)11-14(13)15/h7,9-11,15,22H,6,8H2,1-5H3/t15-/m0/s1",NNJPGOLRFBJNIW-HNNXBMFYSA-N,4375,demecolcine,477-30-5
Cc1cc(N)c2ccccc2[n+]1CCCCCCCCCC[n+]1c(C)cc(N)c2ccccc21,"InChI=1S/C30H38N4/c1-23-21-27(31)25-15-9-11-17-29(25)33(23)19-13-7-5-3-4-6-8-14-20-34-24(2)22-28(32)26-16-10-12-18-30(26)34/h9-12,15-18,21-22,31-32H,3-8,13-14,19-20H2,1-2H3/p+2",PCSWXVJAIHCTMO-UHFFFAOYSA-P,4376,dequalinium,6707-58-0
CCCC(=O)c1c(O)cc(OC)c(CC2C(=O)C(C(=O)CCC)C(=O)C(C)(C)C2=O)c1O,"InChI=1S/C24H30O8/c1-6-8-14(25)18-16(27)11-17(32-5)12(20(18)28)10-13-21(29)19(15(26)9-7-2)23(31)24(3,4)22(13)30/h11,27-28,30-31H,6-10H2,1-5H3",GAHOBHHMYUYJDT-UHFFFAOYSA-N,4377,desaspidin,114-43-2
CC1(C)C(C=C(Br)Br)C1C(=O)OC(C#N)c1cccc(Oc2ccccc2)c1,"InChI=1S/C22H19Br2NO3/c1-22(2)17(12-19(23)24)20(22)21(26)28-18(13-25)14-7-6-10-16(11-14)27-15-8-4-3-5-9-15/h3-12,17-18,20H,1-2H3/t17-,18+,20-/m0/s1",OWZREIFADZCYQD-NSHGMRRFSA-N,4378,decamethrin,52918-63-5
CN(C)C(CCOc1cccc2ccccc12)c1ccccc1,"InChI=1S/C21H23NO/c1-22(2)20(18-10-4-3-5-11-18)15-16-23-21-14-8-12-17-9-6-7-13-19(17)21/h3-14,20H,15-16H2,1-2H3/t20-/m0/s1",USRHYDPUVLEVMC-FQEVSTJZSA-N,4381,dapoxetine,119356-77-3
O=C(C(Cl)Cl)N(CCO)Cc1ccc(Oc2ccc([N+](=O)[O-])cc2)cc1,"InChI=1S/C17H16Cl2N2O5/c18-16(19)17(23)20(9-10-22)11-12-1-5-14(6-2-12)26-15-7-3-13(4-8-15)21(24)25/h1-8,16,22H,9-11H2",ODCUSWJXZDHLKV-UHFFFAOYSA-N,4393,clefamide,3576-64-5
Cc1cn(C2OC(CO)C(O)C2F)c(=O)[nH]c1=O,"InChI=1S/C10H13FN2O5/c1-4-2-13(10(17)12-8(4)16)9-6(11)7(15)5(3-14)18-9/h2,5-7,9,14-15H,3H2,1H3,(H,12,16,17)/t5-,6+,7-,9-/m0/s1",GBBJCSTXCAQSSJ-XQXXSGGOSA-N,4394,clevudine,163252-36-6
CCCCC(CC)c1[nH]c(=O)n(SC(Cl)(Cl)Cl)c1O,"InChI=1S/C11H17Cl3N2O2S/c1-3-5-6-7(4-2)8-9(17)16(10(18)15-8)19-11(12,13)14/h7-8H,3-6H2,1-2H3,(H,15,18)",VOGJJBHRUDVEFM-UHFFFAOYSA-N,4395,clodantoin,5588-20-5
Clc1ccc(C(c2ccc(Cl)cc2)C(Cl)(Cl)Cl)cc1,"InChI=1S/C14H9Cl5/c15-11-5-1-9(2-6-11)13(14(17,18)19)10-3-7-12(16)8-4-10/h1-8,13H",YVGGHNCTFXOJCH-UHFFFAOYSA-N,4396,clofenotane,50-29-3
OCCN1CCN(CCC=C2c3ccccc3Sc3ccc(Cl)cc32)CC1,"InChI=1S/C22H25ClN2OS/c23-17-7-8-22-20(16-17)18(19-4-1-2-6-21(19)27-22)5-3-9-24-10-12-25(13-11-24)14-15-26/h1-2,4-8,16,26H,3,9-15H2",WFPIAZLQTJBIFN-UHFFFAOYSA-N,4397,clopenthixol,982-24-1
O=c1[nH]c(=O)n(C2CCCO2)cc1F,"InChI=1S/C8H9FN2O3/c9-5-4-11(6-2-1-3-14-6)8(13)10-7(5)12/h4,6H,1-3H2,(H,10,12,13)",WFWLQNSHRPWKFK-UHFFFAOYSA-N,4398,tegafur,17902-23-7
NC(=O)OCC(O)c1ccccc1Cl,"InChI=1S/C9H10ClNO3/c10-7-4-2-1-3-6(7)8(12)5-14-9(11)13/h1-4,8,12H,5H2,(H2,11,13)/t8-/m1/s1",OLBWFRRUHYQABZ-MRVPVSSYSA-N,4400,carisbamate,194085-75-1
CC(=O)N1CCN(C2CCN(C(=O)N(C)C(C)c3cc(C(F)(F)F)cc(C(F)(F)F)c3)C(c3ccc(F)cc3C)C2)CC1,"InChI=1S/C30H35F7N4O2/c1-18-13-24(31)5-6-26(18)27-17-25(40-11-9-39(10-12-40)20(3)42)7-8-41(27)28(43)38(4)19(2)21-14-22(29(32,33)34)16-23(15-21)30(35,36)37/h5-6,13-16,19,25,27H,7-12,17H2,1-4H3/t19-,25+,27-/m1/s1",XGGTZCKQRWXCHW-WMTVXVAQSA-N,4401,casopitant,414910-27-3
Cc1oc(=O)oc1COC(=O)N1CCC(N2CC=C(C=C3CSC4C(NC(=O)C(=NO)c5nsc(N)n5)C(=O)N4C3C(=O)O)C2=O)C1,"InChI=1S/C26H26N8O11S2/c1-10-14(45-26(41)44-10)8-43-25(40)32-4-3-13(7-32)33-5-2-11(20(33)36)6-12-9-46-22-16(21(37)34(22)17(12)23(38)39)28-19(35)15(30-42)18-29-24(27)47-31-18/h6,13,16,22,42H,2-5,7-9H2,1H3,(H,28,35)(H,38,39)(H2,27,29,31)/b11-6+,30-15-/t13-,16-,22-/m1/s1",HFTSMHTWUFCYMJ-YIOMYIDASA-N,4402,ceftobiprole medocaril,376653-43-9
CC1(C)C(C=C(Cl)Cl)C1C(=O)OC(C#N)c1ccc(F)c(Oc2ccccc2)c1,"InChI=1S/C22H18Cl2FNO3/c1-22(2)15(11-19(23)24)20(22)21(27)29-18(12-26)13-8-9-16(25)17(10-13)28-14-6-4-3-5-7-14/h3-11,15,18,20H,1-2H3",QQODLKZGRKWIFG-UHFFFAOYSA-N,4407,cyfluthrin,68359-37-5
COC1CC(OC2CCC3(C=O)C4CCC5(C)C(C6=CC(=O)OC6)CCC5(O)C4CCC3(O)C2)OC(C)C1O,"InChI=1S/C30H44O9/c1-17-26(33)23(36-3)13-25(38-17)39-19-4-9-28(16-31)21-5-8-27(2)20(18-12-24(32)37-15-18)7-11-30(27,35)22(21)6-10-29(28,34)14-19/h12,16-17,19-23,25-26,33-35H,4-11,13-15H2,1-3H3/t17-,19+,20-,21+,22-,23+,25+,26-,27-,28+,29+,30+/m1/s1",XQCGNURMLWFQJR-ZNDDOCHDSA-N,4408,cymarin,508-77-0
CC1(C)C(C=C(Cl)Cl)C1C(=O)OC(C#N)c1cccc(Oc2ccccc2)c1,"InChI=1S/C22H19Cl2NO3/c1-22(2)17(12-19(23)24)20(22)21(26)28-18(13-25)14-7-6-10-16(11-14)27-15-8-4-3-5-9-15/h3-12,17-18,20H,1-2H3",KAATUXNTWXVJKI-UHFFFAOYSA-N,4409,cypermethrin,52315-07-8
CC(=O)Oc1ccc2c3c1OC1C(OC(C)=O)C=CC4C(C2)N(C)CCC341,"InChI=1S/C21H23NO5/c1-11(23)25-16-6-4-13-10-15-14-5-7-17(26-12(2)24)20-21(14,8-9-22(15)3)18(13)19(16)27-20/h4-7,14-15,17,20H,8-10H2,1-3H3/t14-,15+,17-,20-,21-/m0/s1",GVGLGOZIDCSQPN-PVHGPHFFSA-N,4412,diamorphine,561-27-3
NC(Cc1cc(Br)c(O)c(Br)c1)C(=O)O,"InChI=1S/C9H9Br2NO3/c10-5-1-4(2-6(11)8(5)13)3-7(12)9(14)15/h1-2,7,13H,3,12H2,(H,14,15)/t7-/m0/s1",COESHZUDRKCEPA-ZETCQYMHSA-N,4413,dibromotyrosine,300-38-9
CCCCOC(=O)c1ccccc1C(=O)OCCCC,"InChI=1S/C16H22O4/c1-3-5-11-19-15(17)13-9-7-8-10-14(13)16(18)20-12-6-4-2/h7-10H,3-6,11-12H2,1-2H3",DOIRQSBPFJWKBE-UHFFFAOYSA-N,4414,dibutylphthalate,84-74-2
CCCCOC(=O)CCC(=O)OCCCC,"InChI=1S/C12H22O4/c1-3-5-9-15-11(13)7-8-12(14)16-10-6-4-2/h3-10H2,1-2H3",YUXIBTJKHLUKBD-UHFFFAOYSA-N,4415,dibutylsuccinate,141-03-7
CCOCC,"InChI=1S/C4H10O/c1-3-5-4-2/h3-4H2,1-2H3",RTZKZFJDLAIYFH-UHFFFAOYSA-N,4417,diethyl ether,60-29-7
CCN(CC)C(=O)c1cccc(C)c1,"InChI=1S/C12H17NO/c1-4-13(5-2)12(14)11-8-6-7-10(3)9-11/h6-9H,4-5H2,1-3H3",MMOXZBCLCQITDF-UHFFFAOYSA-N,4418,diethyltoluamide,134-62-3
O=[As](O)(O)c1ccc(NCCNc2ccc([As](=O)(O)O)cc2)cc1,"InChI=1S/C14H18As2N2O6/c19-15(20,21)11-1-5-13(6-2-11)17-9-10-18-14-7-3-12(4-8-14)16(22,23)24/h1-8,17-18H,9-10H2,(H2,19,20,21)(H2,22,23,24)",YQVALJGIKVYRNI-UHFFFAOYSA-N,4419,difetarsone,3639-19-8
OC(CI)CI,"InChI=1S/C3H6I2O/c4-1-3(6)2-5/h3,6H,1-2H2",DNKPFCQEGBJJTE-UHFFFAOYSA-N,4421,diiodohydroxypropane,534-08-7
CCOC(=O)C(N)Cc1ccc(O)c(O)c1,"InChI=1S/C11H15NO4/c1-2-16-11(15)8(12)5-7-3-4-9(13)10(14)6-7/h3-4,6,8,13-14H,2,5,12H2,1H3/t8-/m0/s1",NULMGOSOSZBEQL-QMMMGPOBSA-N,4422,etilevodopa,37178-37-3
CCN1C2CCC1CC(OC(c1ccccc1)c1ccccc1)C2,"InChI=1S/C22H27NO/c1-2-23-19-13-14-20(23)16-21(15-19)24-22(17-9-5-3-6-10-17)18-11-7-4-8-12-18/h3-12,19-22H,2,13-16H2,1H3/t19-,20+,21+",PHTMLLGDZBZXMW-AERCQKQUSA-N,4423,etybenzatropine,524-83-4
CC1C=CC=CC=CC=CC=CC=CC=CC(OC2OC(C)C(O)C(N)C2O)CC2OC(O)(CC(O)CC(O)CC(O)CC(=O)CCCC(=O)CC(=O)OC1C(C)CC(C)C(O)CC(=O)c1ccc(N)cc1)CC(O)C2C(=O)O,"InChI=1S/C59H84N2O18/c1-35-18-15-13-11-9-7-5-6-8-10-12-14-16-21-46(77-58-55(72)53(61)54(71)38(4)76-58)31-50-52(57(73)74)49(69)34-59(75,79-50)33-45(66)29-44(65)28-43(64)27-41(62)19-17-20-42(63)30-51(70)78-56(35)37(3)26-36(2)47(67)32-48(68)39-22-24-40(60)25-23-39/h5-16,18,21-25,35-38,43-47,49-50,52-56,58,64-67,69,71-72,75H,17,19-20,26-34,60-61H2,1-4H3,(H,73,74)/b6-5+,9-7+,10-8+,13-11+,14-12+,18-15+,21-16+/t35?,36?,37?,38-,43?,44?,45?,46?,47?,49?,50?,52?,53-,54-,55+,56?,58+,59?/m1/s1",YKSVGLFNJPQDJE-YDMQLZBCSA-N,4424,candicidin,1403-17-4
CCC(C)C(NC(=O)C(C)NC(=O)C(NC(=O)C(CCC(N)=O)NC(=O)C1CCCN1C(=O)C(Cc1ccccc1)NC(=O)C(NC(=O)C(Cc1c[nH]cn1)NC(=O)C(Cc1ccccc1)NC(=O)C(CCCCN)NC(=O)C(CC(N)=O)NC(=O)C(Cc1ccccc1)NC(=O)C(CC(=O)O)NC(=O)C(CCC(N)=O)NC(=O)C(NC(=O)C(Cc1ccc(O)cc1)NC(=O)C(NC(=O)CNC(=O)C(CC(C)C)NC(=O)C(CCSC)NC(=O)C1CSSCC(N)C(=O)NCC(=O)NC(CC(N)=O)C(=O)NC(CC(C)C)C(=O)NC(CO)C(=O)NC(C(C)O)C(=O)N1)C(C)O)C(C)O)C(C)O)C(C)O)C(=O)NCC(=O)NC(C(=O)NCC(=O)NC(C)C(=O)N1CCCC1C(N)=O)C(C)C,"InChI=1S/C151H226N40O45S3/c1-17-75(8)118(144(229)163-67-114(205)183-117(74(6)7)143(228)162-64-112(203)165-77(10)150(235)190-50-29-38-106(190)124(158)209)185-125(210)76(9)166-145(230)120(79(12)194)186-131(216)92(45-47-109(155)200)170-142(227)107-39-30-51-191(107)151(236)103(58-85-35-25-20-26-36-85)180-148(233)122(81(14)196)188-139(224)99(59-87-63-159-71-164-87)176-133(218)96(55-83-31-21-18-22-32-83)174-128(213)90(37-27-28-49-152)168-136(221)101(61-111(157)202)177-134(219)97(56-84-33-23-19-24-34-84)175-137(222)102(62-116(207)208)178-129(214)91(44-46-108(154)199)171-147(232)121(80(13)195)187-138(223)98(57-86-40-42-88(198)43-41-86)179-146(231)119(78(11)193)184-115(206)66-161-127(212)94(53-72(2)3)172-130(215)93(48-52-237-16)169-141(226)105-70-239-238-69-89(153)126(211)160-65-113(204)167-100(60-110(156)201)135(220)173-95(54-73(4)5)132(217)181-104(68-192)140(225)189-123(82(15)197)149(234)182-105/h18-26,31-36,40-43,63,71-82,89-107,117-123,192-198H,17,27-30,37-39,44-62,64-70,152-153H2,1-16H3,(H2,154,199)(H2,155,200)(H2,156,201)(H2,157,202)(H2,158,209)(H,159,164)(H,160,211)(H,161,212)(H,162,228)(H,163,229)(H,165,203)(H,166,230)(H,167,204)(H,168,221)(H,169,226)(H,170,227)(H,171,232)(H,172,215)(H,173,220)(H,174,213)(H,175,222)(H,176,218)(H,177,219)(H,178,214)(H,179,231)(H,180,233)(H,181,217)(H,182,234)(H,183,205)(H,184,206)(H,185,210)(H,186,216)(H,187,223)(H,188,224)(H,189,225)(H,207,208)/t75-,76-,77-,78+,79+,80+,81+,82+,89-,90-,91-,92-,93-,94-,95-,96-,97-,98-,99-,100-,101-,102-,103-,104-,105-,106-,107-,117-,118-,119-,120-,121-,122-,123-/m0/s1",LDVRMNJZLWXJPL-JKQNMTHDSA-N,4427,calcitonin human,21215-62-3
CC1CCC(C(C)C)C(OC(=O)c2ccccc2N)C1,"InChI=1S/C17H25NO2/c1-11(2)13-9-8-12(3)10-16(13)20-17(19)14-6-4-5-7-15(14)18/h4-7,11-13,16H,8-10,18H2,1-3H3",SOXAGEOHPCXXIO-UHFFFAOYSA-N,4444,meradimate,134-09-8
O=C1c2ccccc2C(=O)C1C(=O)C(c1ccccc1)c1ccccc1,"InChI=1S/C23H16O3/c24-21-17-13-7-8-14-18(17)22(25)20(21)23(26)19(15-9-3-1-4-10-15)16-11-5-2-6-12-16/h1-14,19-20H",JYGLAHSAISAEAL-UHFFFAOYSA-N,4450,diphenadione,82-66-6
CC12C=CC(=O)C=C1CCC1C2C(O)CC2(C)C1CCC2(O)C(=O)COP(=O)(O)O,"InChI=1S/C21H29O8P/c1-19-7-5-13(22)9-12(19)3-4-14-15-6-8-21(25,17(24)11-29-30(26,27)28)20(15,2)10-16(23)18(14)19/h5,7,9,14-16,18,23,25H,3-4,6,8,10-11H2,1-2H3,(H2,26,27,28)/t14-,15-,16-,18+,19-,20-,21-/m0/s1",JDOZJEUDSLGTLU-VWUMJDOOSA-N,4451,prednisolone sodium phosphate,125-02-0
CCC(=O)OC1(C(=O)CCl)C(C)CC2C3CC=C4CC(=O)C=CC4(C)C3(F)C(O)CC21C,"InChI=1S/C25H32ClFO5/c1-5-21(31)32-25(20(30)13-26)14(2)10-18-17-7-6-15-11-16(28)8-9-22(15,3)24(17,27)19(29)12-23(18,25)4/h8-9,11,14,17-19,29H,5-7,10,12-13H2,1-4H3/t14-,17-,18-,19-,22-,23-,24-,25-/m0/s1",CBGUOGMQLZIXBE-XGQKBEPLSA-N,4452,clobetasol propionate,25122-46-7
OCC1OC(O)C(F)C(O)C1O,"InChI=1S/C6H11FO5/c7-3-5(10)4(9)2(1-8)12-6(3)11/h2-6,8-11H,1H2/t2-,3-,4-,5-,6+/m1/s1/i7-1",ZCXUVYAZINUVJD-AHXZWLDOSA-N,4455,fludeoxyglucose (18F),105851-17-0
CC12CCC(=O)C=C1CCC1C2C(O)CC2(C)C1CCC2(O)C(=O)COC(=O)CCC(=O)O,"InChI=1S/C25H34O8/c1-23-9-7-15(26)11-14(23)3-4-16-17-8-10-25(32,24(17,2)12-18(27)22(16)23)19(28)13-33-21(31)6-5-20(29)30/h11,16-18,22,27,32H,3-10,12-13H2,1-2H3,(H,29,30)/t16-,17-,18-,22+,23-,24-,25-/m0/s1",VWQWXZAWFPZJDA-CGVGKPPMSA-N,4456,hydrocortisone succinate,125-04-2
CC(=O)N(c1onc(C)c1C)S(=O)(=O)c1ccc(N)cc1,"InChI=1S/C13H15N3O4S/c1-8-9(2)15-20-13(8)16(10(3)17)21(18,19)12-6-4-11(14)5-7-12/h4-7H,14H2,1-3H3",JFNWFXVFBDDWCX-UHFFFAOYSA-N,4458,sulfisoxazole acetyl,80-74-0
CC1CCC(C(C)C)C(OC(=O)c2ccccc2O)C1,"InChI=1S/C17H24O3/c1-11(2)13-9-8-12(3)10-16(13)20-17(19)14-6-4-5-7-15(14)18/h4-7,11-13,16,18H,8-10H2,1-3H3/t12-,13+,16-/m1/s1",SJOXEWUZWQYCGL-DVOMOZLQSA-N,4460,menthyl salicylate,89-46-3
CCCCCCCCCCCC[N+](C)(C)CCOc1ccc(Cl)cc1,"InChI=1S/C22H39ClNO/c1-4-5-6-7-8-9-10-11-12-13-18-24(2,3)19-20-25-22-16-14-21(23)15-17-22/h14-17H,4-13,18-20H2,1-3H3/q+1",DIQMZVPLKDZWFT-UHFFFAOYSA-N,4462,dodeclonium bromide,15687-13-5
CCCCCCCCCCCC[N+](C)(C)CCOc1ccccc1,"InChI=1S/C22H40NO/c1-4-5-6-7-8-9-10-11-12-16-19-23(2,3)20-21-24-22-17-14-13-15-18-22/h13-15,17-18H,4-12,16,19-21H2,1-3H3/q+1",YXUPZGKORWTXID-UHFFFAOYSA-N,4463,domiphen,13900-14-6
CCC(=O)C1(c2ccccc2)CCN(CCOCCO)CC1,"InChI=1S/C18H27NO3/c1-2-17(21)18(16-6-4-3-5-7-16)8-10-19(11-9-18)12-14-22-15-13-20/h3-7,20H,2,8-15H2,1H3",FVYYUBRKVVOOAV-UHFFFAOYSA-N,4464,droxypropine,15599-26-5
Cc1cc(C)cc(NC(=O)Cc2ccc(OC(C)(C)C(=O)O)cc2)c1,"InChI=1S/C20H23NO4/c1-13-9-14(2)11-16(10-13)21-18(22)12-15-5-7-17(8-6-15)25-20(3,4)19(23)24/h5-11H,12H2,1-4H3,(H,21,22)(H,23,24)",BNFRJXLZYUTIII-UHFFFAOYSA-N,4465,efaproxiral,131179-95-8
O=C1OC2(c3ccccc31)c1cc(Br)c(O)c(Br)c1Oc1c2cc(Br)c(O)c1Br,"InChI=1S/C20H8Br4O5/c21-11-5-9-17(13(23)15(11)25)28-18-10(6-12(22)16(26)14(18)24)20(9)8-4-2-1-3-7(8)19(27)29-20/h1-6,25-26H",DBZJJPROPLPMSN-UHFFFAOYSA-N,4466,eosin,17372-87-1
N#Cc1ccccc1OCC(O)CNCCNC(=O)Cc1ccc(O)cc1,"InChI=1S/C20H23N3O4/c21-12-16-3-1-2-4-19(16)27-14-18(25)13-22-9-10-23-20(26)11-15-5-7-17(24)8-6-15/h1-8,18,22,24-25H,9-11,13-14H2,(H,23,26)",YARKMNAWFIMDKV-UHFFFAOYSA-N,4467,epanolol,86880-51-5
CC(=O)NC(Cc1ccc(O)cc1)C(=O)O,"InChI=1S/C11H13NO4/c1-7(13)12-10(11(15)16)6-8-2-4-9(14)5-3-8/h2-5,10,14H,6H2,1H3,(H,12,13)(H,15,16)/t10-/m0/s1",CAHKINHBCWCHCF-JTQLQIEISA-N,4481,N-Acetyltyrosine,537-55-3
O=C(OC1C[N+]2(CCCOc3ccccc3)CCC1CC2)C(O)(c1cccs1)c1cccs1,"InChI=1S/C26H30NO4S2/c28-25(26(29,23-9-4-17-32-23)24-10-5-18-33-24)31-22-19-27(14-11-20(22)12-15-27)13-6-16-30-21-7-2-1-3-8-21/h1-5,7-10,17-18,20,22,29H,6,11-16,19H2/q+1/t20?,22-,27?/m0/s1",ASMXXROZKSBQIH-VITNCHFBSA-N,4484,aclidinium bromide,320345-99-1
CC(=O)OCC(=O)C1(OC(C)=O)C(C)CC2C3CC(F)C4=CC(=O)C=CC4(C)C3(F)C(O)CC21C,"InChI=1S/C26H32F2O7/c1-13-8-17-18-10-20(27)19-9-16(31)6-7-23(19,4)25(18,28)21(32)11-24(17,5)26(13,35-15(3)30)22(33)12-34-14(2)29/h6-7,9,13,17-18,20-21,32H,8,10-12H2,1-5H3/t13-,17-,18-,20-,21-,23-,24-,25-,26-/m0/s1",BOBLHFUVNSFZPJ-JOYXJVLSSA-N,4485,diflorasone diacetate,33564-31-7
NCCS(=O)(=O)O,"InChI=1S/C2H7NO3S/c3-1-2-7(4,5)6/h1-3H2,(H,4,5,6)",XOAAWQZATWQOTB-UHFFFAOYSA-N,4486,taurine,107-35-7
CCC(=O)OCC(=O)C1(OC(=O)CC)C(C)CC2C3C(Cl)C=C4CC(=O)C=CC4(C)C3C(O)CC21C,"InChI=1S/C28H37ClO7/c1-6-22(33)35-14-21(32)28(36-23(34)7-2)15(3)10-18-24-19(29)12-16-11-17(30)8-9-26(16,4)25(24)20(31)13-27(18,28)5/h8-9,11,15,18-20,24-25,31H,6-7,10,12-14H2,1-5H3/t15-,18+,19-,20+,24-,25+,26+,27+,28+/m1/s1",DJHCCTTVDRAMEH-DUUJBDRPSA-N,4493,alclometasone dipropionate,66734-13-2
CC(=O)Oc1ccc2c(c1)CCC1C2CCC2(C)C(O)CCC12,"InChI=1S/C20H26O3/c1-12(21)23-14-4-6-15-13(11-14)3-5-17-16(15)9-10-20(2)18(17)7-8-19(20)22/h4,6,11,16-19,22H,3,5,7-10H2,1-2H3/t16-,17-,18+,19+,20+/m1/s1",FHXBMXJMKMWVRG-SLHNCBLASA-N,4497,estradiol acetate,4245-41-4
COc1ccc(C=CC(=O)OCCC(C)C)cc1,"InChI=1S/C15H20O3/c1-12(2)10-11-18-15(16)9-6-13-4-7-14(17-3)8-5-13/h4-9,12H,10-11H2,1-3H3",UBNYRXMKIIGMKK-UHFFFAOYSA-N,4500,amiloxate,71617-10-2
CCCCC(=O)OC1(C(=O)CO)CCC2C3CC=C4CC(=O)CCC4(C)C3C(O)CC21C,"InChI=1S/C26H38O6/c1-4-5-6-22(31)32-26(21(30)15-27)12-10-19-18-8-7-16-13-17(28)9-11-24(16,2)23(18)20(29)14-25(19,26)3/h13,18-20,23,27,29H,4-12,14-15H2,1-3H3/t18-,19-,20-,23+,24-,25-,26-/m0/s1",FZCHYNWYXKICIO-FZNHGJLXSA-N,4504,hydrocortisone valerate,57524-89-7
CC(C)(Oc1ccc(C(=O)c2ccc(Cl)cc2)cc1)C(=O)O,"InChI=1S/C17H15ClO4/c1-17(2,16(20)21)22-14-9-5-12(6-10-14)15(19)11-3-7-13(18)8-4-11/h3-10H,1-2H3,(H,20,21)",MQOBSOSZFYZQOK-UHFFFAOYSA-N,4505,choline fenofibrate,42017-89-0
CC1(C)OC2CC3C4CC=C5CC(=O)CCC5(C)C4(F)C(O)CC3(C)C2(C(=O)CCl)O1,"InChI=1S/C24H32ClFO5/c1-20(2)30-19-10-16-15-6-5-13-9-14(27)7-8-21(13,3)23(15,26)17(28)11-22(16,4)24(19,31-20)18(29)12-25/h9,15-17,19,28H,5-8,10-12H2,1-4H3/t15-,16-,17-,19+,21-,22-,23-,24+/m0/s1",MUQNGPZZQDCDFT-JNQJZLCISA-N,4507,halcinonide,3093-35-4
CNCC(O)c1ccc(O)c(O)c1,"InChI=1S/C9H13NO3/c1-10-5-9(13)6-2-3-7(11)8(12)4-6/h2-4,9-13H,5H2,1H3",UCTWMZQNUQWSLP-UHFFFAOYSA-N,4508,racepinefrine,329-65-7
CSCCC(NC(=O)C(CO)NC(=O)C(Cc1ccc(O)cc1)NC(=O)C(N)CO)C(=O)NC(CCC(=O)O)C(=O)NC(Cc1c[nH]cn1)C(=O)NC(Cc1ccccc1)C(=O)NC(CCCN=C(N)N)C(=O)NC(Cc1c[nH]c2ccccc12)C(=O)NCC(=O)NC(CCCCN)C(=O)N1CCCC1C(=O)NC(C(=O)NCC(=O)NC(CCCCN)C(=O)NC(CCCCN)C(=O)NC(CCCNC(=N)N)C(=O)NC(CCCNC(=N)N)C(=O)N1CCCC1C(=O)NC(C(=O)NC(CCCCN)C(=O)NC(C(=O)NC(Cc1ccc(O)cc1)C(=O)N1CCCC1C(=O)O)C(C)C)C(C)C)C(C)C,"InChI=1S/C136H210N40O31S/c1-75(2)109(127(200)154-71-106(181)156-88(31-13-17-52-137)114(187)158-89(32-14-18-53-138)115(188)159-91(35-21-56-149-134(142)143)116(189)164-96(37-23-58-151-136(146)147)131(204)175-60-25-39-104(175)126(199)173-111(77(5)6)128(201)163-90(33-15-19-54-139)120(193)171-110(76(3)4)129(202)169-101(65-80-43-47-84(180)48-44-80)132(205)176-61-26-40-105(176)133(206)207)172-125(198)103-38-24-59-174(103)130(203)95(34-16-20-55-140)157-107(182)70-153-113(186)99(66-81-68-152-87-30-12-11-29-85(81)87)167-117(190)92(36-22-57-150-135(144)145)160-121(194)98(63-78-27-9-8-10-28-78)166-123(196)100(67-82-69-148-74-155-82)168-118(191)93(49-50-108(183)184)161-119(192)94(51-62-208-7)162-124(197)102(73-178)170-122(195)97(165-112(185)86(141)72-177)64-79-41-45-83(179)46-42-79/h8-12,27-30,41-48,68-69,74-77,86,88-105,109-111,152,177-180H,13-26,31-40,49-67,70-73,137-141H2,1-7H3,(H,148,155)(H,153,186)(H,154,200)(H,156,181)(H,157,182)(H,158,187)(H,159,188)(H,160,194)(H,161,192)(H,162,197)(H,163,201)(H,164,189)(H,165,185)(H,166,196)(H,167,190)(H,168,191)(H,169,202)(H,170,195)(H,171,193)(H,172,198)(H,173,199)(H,183,184)(H,206,207)(H4,142,143,149)(H4,144,145,150)(H4,146,147,151)/t86-,88-,89-,90-,91-,92-,93-,94-,95-,96-,97-,98-,99-,100-,101-,102-,103-,104-,105-,109-,110-,111-/m0/s1",ZOEFCCMDUURGSE-SQKVDDBVSA-N,4516,tetracosactide,16960-16-0
O=C(O)c1cc(O)c2c(c1)[O][Bi]([OH])[O]2,"InChI=1S/C7H6O5.Bi.H2O/c8-4-1-3(7(11)12)2-5(9)6(4)10;;/h1-2,8-10H,(H,11,12);;1H2/q;+3;/p-3",JAONZGLTYYUPCT-UHFFFAOYSA-K,4531,bismuth subgallate,99-26-3
Cc1c(-c2ccccc2)[n+](N=N[n+]2c(-c3ccccc3)c(C)n3ccccc32)c2ccccn12,"InChI=1S/C28H24N6/c1-21-27(23-13-5-3-6-14-23)33(25-17-9-11-19-31(21)25)29-30-34-26-18-10-12-20-32(26)22(2)28(34)24-15-7-4-8-16-24/h3-20H,1-2H3/q+2/b30-29+",NJAGGYXZTILBMJ-QVIHXGFCSA-N,4535,fazadinium,36653-54-0
COC(=O)Nc1nc2cc(Sc3ccccc3)ccc2[nH]1,"InChI=1S/C15H13N3O2S/c1-20-15(19)18-14-16-12-8-7-11(9-13(12)17-14)21-10-5-3-2-4-6-10/h2-9H,1H3,(H2,16,17,18,19)",HDDSHPAODJUKPD-UHFFFAOYSA-N,4536,fenbendazole,43210-67-9
CC12C=CC(=O)C=C1C(F)CC1C3CC(O)C(O)(C(=O)CO)C3(C)CC(Cl)C12Cl,"InChI=1S/C21H25Cl2FO5/c1-18-4-3-10(26)5-13(18)14(24)6-12-11-7-16(27)21(29,17(28)9-25)19(11,2)8-15(22)20(12,18)23/h3-5,11-12,14-16,25,27,29H,6-9H2,1-2H3/t11-,12-,14-,15-,16+,18-,19-,20-,21-/m0/s1",VTWKPILBIUBMDS-OTJLYDAYSA-N,4546,fluclorolone,3693-38-7
CC(=O)C1(O)CCC2C3CC(C(F)(F)F)=C4CC(=O)CCC4(C)C3CCC21C,"InChI=1S/C22H29F3O3/c1-12(26)21(28)9-6-16-14-11-18(22(23,24)25)17-10-13(27)4-7-19(17,2)15(14)5-8-20(16,21)3/h10,14-16,18,28H,4-9,11H2,1-3H3/t14-,15+,16+,18+,19-,20+,21+/m1/s1",CDZJOBWKHSYNMO-SCUQKFFVSA-N,4547,flumedroxone,15687-21-5
CC1CC2C3CC(F)C4=CC(=O)C=CC4(C)C3(F)C(O)CC2(C)C1(O)C(=O)CO,"InChI=1S/C22H28F2O5/c1-11-6-13-14-8-16(23)15-7-12(26)4-5-19(15,2)21(14,24)17(27)9-20(13,3)22(11,29)18(28)10-25/h4-5,7,11,13-14,16-17,25,27,29H,6,8-10H2,1-3H3/t11-,13+,14+,16+,17+,19+,20+,21+,22+/m1/s1",WXURHACBFYSXBI-GQKYHHCASA-N,4548,flumetasone,2135-17-3
NC(Cc1cc(O)c(O)cc1F)C(=O)O,"InChI=1S/C9H10FNO4/c10-5-3-8(13)7(12)2-4(5)1-6(11)9(14)15/h2-3,6,12-13H,1,11H2,(H,14,15)/t6-/m0/s1/i10-1",PAXWQORCRCBOCU-RPDRGXCHSA-N,4550,fluorodopa (18F),92812-82-3
C[N+](C)(CCO)CCF,"InChI=1S/C6H15FNO/c1-8(2,4-3-7)5-6-9/h9H,3-6H2,1-2H3/q+1/i7-1",HVTQGIFBNBMSGE-JZRMKITLSA-N,4551,fluoroethylcholine (18F),188709-02-6
C=C1CC2C3CC=C4CC(=O)C=CC4(C)C3(F)C(O)CC2(C)C1(O)C(=O)CO,"InChI=1S/C22H27FO5/c1-12-8-16-15-5-4-13-9-14(25)6-7-19(13,2)21(15,23)17(26)10-20(16,3)22(12,28)18(27)11-24/h6-7,9,15-17,24,26,28H,1,4-5,8,10-11H2,2-3H3/t15-,16-,17-,19-,20-,21-,22-/m0/s1",YVHXHNGGPURVOS-SBTDHBFYSA-N,4553,fluprednidene,2193-87-5
CC1(C)CC(=O)N(CCCCN2CCN(c3ncccn3)CC2)C(=O)C1,"InChI=1S/C19H29N5O2/c1-19(2)14-16(25)24(17(26)15-19)9-4-3-8-22-10-12-23(13-11-22)18-20-6-5-7-21-18/h5-7H,3-4,8-15H2,1-2H3",QOIGKGMMAGJZNZ-UHFFFAOYSA-N,4562,gepirone,83928-76-1
CC(=O)C1(O)CCC2C3CC=C4CC(=O)CCC4C3CCC21C,"InChI=1S/C20H28O3/c1-12(21)20(23)10-8-18-17-5-3-13-11-14(22)4-6-15(13)16(17)7-9-19(18,20)2/h11,15-18,23H,3-10H2,1-2H3/t15-,16+,17+,18-,19-,20-/m0/s1",GTFUITFQDGVJSK-XGXHKTLJSA-N,4563,gestonorone,2137-18-0
N=C(N)NNCCOc1c(Cl)cccc1Cl,"InChI=1S/C9H12Cl2N4O/c10-6-2-1-3-7(11)8(6)16-5-4-14-15-9(12)13/h1-3,14H,4-5H2,(H4,12,13,15)",XIHXRRMCNSMUET-UHFFFAOYSA-N,4564,guanoclor,5001-32-1
CC(=O)C1(O)CCC2C3=CC(C)=C4CC(=O)CCC4C3CCC21C,"InChI=1S/C21H28O3/c1-12-10-18-16(15-5-4-14(23)11-17(12)15)6-8-20(3)19(18)7-9-21(20,24)13(2)22/h10-11,15-16,18-19,24H,4-9H2,1-3H3/t15-,16-,18-,19+,20+,21+/m1/s1",KZUIYQJTUIACIG-YBZCJVABSA-N,4567,nomegestrol,58691-88-6
CCCC(=O)OC1(C(=O)COC(=O)CC)CCC2C3CC=C4CC(=O)CCC4(C)C3C(O)CC21C,"InChI=1S/C28H40O7/c1-5-7-24(33)35-28(22(31)16-34-23(32)6-2)13-11-20-19-9-8-17-14-18(29)10-12-26(17,3)25(19)21(30)15-27(20,28)4/h14,19-21,25,30H,5-13,15-16H2,1-4H3/t19-,20-,21-,25+,26-,27-,28-/m0/s1",FOGXJPFPZOHSQS-AYVLZSQQSA-N,4569,hydrocortisone probutate,72590-77-3
CC(CN1c2ccccc2Sc2ccccc21)[N+](C)(C)CCO,"InChI=1S/C19H25N2OS/c1-15(21(2,3)12-13-22)14-20-16-8-4-6-10-18(16)23-19-11-7-5-9-17(19)20/h4-11,15,22H,12-14H2,1-3H3/q+1",PDSVTRQOBUIQBQ-UHFFFAOYSA-N,4571,hydroxyethylpromethazine,7647-63-4
Nc1nc(=O)n(C2CC(O)C(CO)O2)cc1I,"InChI=1S/C9H12IN3O4/c10-4-2-13(9(16)12-8(4)11)7-1-5(15)6(3-14)17-7/h2,5-7,14-15H,1,3H2,(H2,11,12,16)/t5-,6+,7+/m0/s1",WEVJJMPVVFNAHZ-RRKCRQDMSA-N,4572,ibacitabine,611-53-0
COc1cc(Cc2cnc(N)nc2N)c2c(c1OC)OC(C1CC1)C=C2,"InChI=1S/C19H22N4O3/c1-24-15-8-11(7-12-9-22-19(21)23-18(12)20)13-5-6-14(10-3-4-10)26-16(13)17(15)25-2/h5-6,8-10,14H,3-4,7H2,1-2H3,(H4,20,21,22,23)",HWJPWWYTGBZDEG-UHFFFAOYSA-N,4573,iclaprim,192314-93-5
COc1ccc(C2(c3ccc(OC)cc3)NC(=O)N(CCN3CCCCC3)C2=O)cc1,"InChI=1S/C24H29N3O4/c1-30-20-10-6-18(7-11-20)24(19-8-12-21(31-2)13-9-19)22(28)27(23(29)25-24)17-16-26-14-4-3-5-15-26/h6-13H,3-5,14-17H2,1-2H3,(H,25,29)",HVYGXNYMNHSBGD-UHFFFAOYSA-N,4574,idanpramine,25466-44-8
O=C1C(c2[nH]c3ccc(S(=O)(=O)O)cc3c2O)=Nc2ccc(S(=O)(=O)O)cc21,"InChI=1S/C16H10N2O8S2/c19-15-9-5-7(27(21,22)23)1-3-11(9)17-13(15)14-16(20)10-6-8(28(24,25)26)2-4-12(10)18-14/h1-6,17-18H,(H,21,22,23)(H,24,25,26)/b14-13+",CFZXDJWFRVEWSR-BUHFOSPRSA-N,4575,indigo carmine,860-22-0
CC(C)CCCC(C)C1CCC2C3CC=C4CC(O)CCC4(CI)C3CCC12C,"InChI=1S/C27H45IO/c1-18(2)6-5-7-19(3)23-10-11-24-22-9-8-20-16-21(29)12-15-27(20,17-28)25(22)13-14-26(23,24)4/h8,18-19,21-25,29H,5-7,9-17H2,1-4H3/t19-,21+,22+,23-,24+,25+,26-,27-/m1/s1/i28+4",FIOAEFCJGZJUPW-ODFYUTSGSA-N,4578,iodocholesterol (131I),42220-21-3
IC(I)I,InChI=1S/CHI3/c2-1(3)4/h1H,OKJPEAGHQZHRQV-UHFFFAOYSA-N,4579,iodoform,75-47-8
CNC(=O)CNC(=O)c1c(I)c(NC(C)=O)c(I)c(C(=O)O)c1I,"InChI=1S/C13H12I3N3O5/c1-4(20)19-11-9(15)6(12(22)18-3-5(21)17-2)8(14)7(10(11)16)13(23)24/h3H2,1-2H3,(H,17,21)(H,18,22)(H,19,20)(H,23,24)",HHFIATHHSBFCBY-UHFFFAOYSA-N,4580,ioglicic acid,49755-67-1
O=c1c(I)cn(CC(O)CO)cc1I,"InChI=1S/C8H9I2NO3/c9-6-2-11(1-5(13)4-12)3-7(10)8(6)14/h2-3,5,12-13H,1,4H2",TZADDXVKYWMEHX-UHFFFAOYSA-N,4581,iopydol,5579-92-0
CC(=O)Nc1c(I)c(C(=O)O)c(I)c(C(=O)NCCO)c1I,"InChI=1S/C12H11I3N2O5/c1-4(19)17-10-8(14)5(11(20)16-2-3-18)7(13)6(9(10)15)12(21)22/h18H,2-3H2,1H3,(H,16,20)(H,17,19)(H,21,22)",OLAOYPRJVHUHCF-UHFFFAOYSA-N,4582,ioxitalamic acid,28179-44-4
NCCO[N+](=O)[O-],InChI=1S/C2H6N2O3/c3-1-2-7-4(5)6/h1-3H2,KZTZJUQNSSLNAG-UHFFFAOYSA-N,4583,itramin tosilate,13445-63-1
CCC(=O)C(CC(C)N(C)C)(c1ccccc1)c1ccccc1,"InChI=1S/C21H27NO/c1-5-20(23)21(16-17(2)22(3)4,18-12-8-6-9-13-18)19-14-10-7-11-15-19/h6-15,17H,5,16H2,1-4H3/t17-/m1/s1",USSIQXCVUWKGNF-QGZVFWFLSA-N,4586,levomethadone,125-58-6
CC1=C2CC(C(=O)C1)C2(C)C,"InChI=1S/C10H14O/c1-6-4-9(11)8-5-7(6)10(8,2)3/h4,7-8H,5H2,1-3H3/t7-,8+/m0/s1",DCSCXTJOXBUFGB-JGVFFNPUSA-N,4587,levoverbenone,1196-01-6
O=C1N(c2ccccc2)c2ccccc2C1(Cc1ccncc1)Cc1ccncc1,"InChI=1S/C26H21N3O/c30-25-26(18-20-10-14-27-15-11-20,19-21-12-16-28-17-13-21)23-8-4-5-9-24(23)29(25)22-6-2-1-3-7-22/h1-17H,18-19H2",YEJCDKJIEMIWRQ-UHFFFAOYSA-N,4588,linopirdine,105431-72-9
N=c1c[n+](N2CCOCC2)[n-]o1,"InChI=1S/C6H10N4O2/c7-6-5-10(8-12-6)9-1-3-11-4-2-9/h5,7H,1-4H2",FKDHHVKWGRFRTG-UHFFFAOYSA-N,4589,linsidomine,33876-97-0
CS(=O)(=O)OCC(OS(C)(=O)=O)C(O)C(O)C(COS(C)(=O)=O)OS(C)(=O)=O,"InChI=1S/C10H22O14S4/c1-25(13,14)21-5-7(23-27(3,17)18)9(11)10(12)8(24-28(4,19)20)6-22-26(2,15)16/h7-12H,5-6H2,1-4H3/t7-,8-,9-,10-/m1/s1",UUVIQYKKKBJYJT-ZYUZMQFOSA-N,4598,mannosulfan,7518-35-6
COc1ccc(-c2cc(=O)c3c(O)cc(O)cc3o2)cc1O,"InChI=1S/C16H12O6/c1-21-13-3-2-8(4-10(13)18)14-7-12(20)16-11(19)5-9(17)6-15(16)22-14/h2-7,17-19H,1H3",MBNGWHIJMBWFHU-UHFFFAOYSA-N,4601,diosmetin,520-34-3
CCCCCCOC(=O)c1ccccc1C(=O)c1ccc(N(CC)CC)cc1O,"InChI=1S/C24H31NO4/c1-4-7-8-11-16-29-24(28)20-13-10-9-12-19(20)23(27)21-15-14-18(17-22(21)26)25(5-2)6-3/h9-10,12-15,17,26H,4-8,11,16H2,1-3H3",FDATWRLUYRHCJE-UHFFFAOYSA-N,4602,diethylamino hydroxybenzoyl hexyl benzoate,302776-68-7
CCCCCCCCCCCCCCCC[N+](C)(C)CCN(Cc1ccc(OC)cc1)c1ncccn1,"InChI=1S/C32H55N4O/c1-5-6-7-8-9-10-11-12-13-14-15-16-17-18-27-36(2,3)28-26-35(32-33-24-19-25-34-32)29-30-20-22-31(37-4)23-21-30/h19-25H,5-18,26-29H2,1-4H3/q+1",IOYZYMQFUSNATM-UHFFFAOYSA-N,4605,tonzonium,553-08-2
CC1CC2C3CC(F)C4=CC(=O)C=CC4(C)C3(Cl)C(O)CC2(C)C1C(=O)COC(=O)C(C)(C)C,"InChI=1S/C27H36ClFO5/c1-14-9-16-17-11-19(29)18-10-15(30)7-8-26(18,6)27(17,28)21(32)12-25(16,5)22(14)20(31)13-34-23(33)24(2,3)4/h7-8,10,14,16-17,19,21-22,32H,9,11-13H2,1-6H3/t14-,16+,17+,19+,21+,22-,25+,26+,27+/m1/s1",SXYZQZLHAIHKKY-GSTUPEFVSA-N,4606,clocortolone pivalate,34097-16-0
COc1c(O)c(C)c(C=CC(C)=CCC=C(C)CCC=C(C)CCC=C(C)CCC=C(C)CCC=C(C)CCC=C(C)CCC=C(C)CCC=C(C)CCC=C(C)C)c(O)c1OC,"InChI=1S/C59H90O4/c1-44(2)24-15-25-45(3)26-16-27-46(4)28-17-29-47(5)30-18-31-48(6)32-19-33-49(7)34-20-35-50(8)36-21-37-51(9)38-22-39-52(10)40-23-41-53(11)42-43-55-54(12)56(60)58(62-13)59(63-14)57(55)61/h24,26,28,30,32,34,36,38,40,42H,15-23,25,27,29,31,33,35,37,39,41,43H2,1-14H3/b45-26+,46-28+,47-30+,48-32+,49-34+,50-36+,51-38+,52-40+,53-42+",ACTIUHUUMQJHFO-UPTCCGCDSA-N,4607,ubidecarenone,303-98-0
Cc1cc(-c2ccc(N=Nc3c(S(=O)(=O)O)cc4cc(S(=O)(=O)O)cc(N)c4c3O)c(C)c2)ccc1N=Nc1c(S(=O)(=O)O)cc2cc(S(=O)(=O)O)cc(N)c2c1O,"InChI=1S/C34H28N6O14S4/c1-15-7-17(3-5-25(15)37-39-31-27(57(49,50)51)11-19-9-21(55(43,44)45)13-23(35)29(19)33(31)41)18-4-6-26(16(2)8-18)38-40-32-28(58(52,53)54)12-20-10-22(56(46,47)48)14-24(36)30(20)34(32)42/h3-14,41-42H,35-36H2,1-2H3,(H,43,44,45)(H,46,47,48)(H,49,50,51)(H,52,53,54)/b39-37+,40-38+",ZBNARPCCDMHDDV-HVMBLDELSA-N,4608,trypan blue,72-57-1
CCCCCCC(=O)OC1CCC2C3CC=C4CC(=O)CCC4(C)C3CCC12C,"InChI=1S/C26H40O3/c1-4-5-6-7-8-24(28)29-23-12-11-21-20-10-9-18-17-19(27)13-15-25(18,2)22(20)14-16-26(21,23)3/h17,20-23H,4-16H2,1-3H3/t20-,21-,22-,23-,25-,26-/m0/s1",VOCBWIIFXDYGNZ-IXKNJLPQSA-N,4609,testosterone enantate,315-37-7
OCC1OC(OC2(CO)OC(CO)C(O)C2O)C(O)C(O)C1O,"InChI=1S/C12H22O11/c13-1-4-6(16)8(18)9(19)11(21-4)23-12(3-15)10(20)7(17)5(2-14)22-12/h4-11,13-20H,1-3H2/t4-,5-,6-,7-,8+,9-,10+,11-,12+/m1/s1",CZMRCDWAGMRECN-UGDNZRGBSA-N,4610,sucrose,57-50-1
CCCCCCCCCCCCCCCCCC(=O)O,"InChI=1S/C18H36O2/c1-2-3-4-5-6-7-8-9-10-11-12-13-14-15-16-17-18(19)20/h2-17H2,1H3,(H,19,20)",QIQXTHQIDYTFRH-UHFFFAOYSA-N,4611,stearic acid,57-11-4
O=Cc1ccc(O)c(O)c1,"InChI=1S/C7H6O3/c8-4-5-1-2-6(9)7(10)3-5/h1-4,9-10H",IBGBGRVKPALMCQ-UHFFFAOYSA-N,4612,protocatechualdehyde,139-85-5
OCC1OC(Oc2cc(O)cc(C=Cc3ccc(O)cc3)c2)C(O)C(O)C1O,"InChI=1S/C20H22O8/c21-10-16-17(24)18(25)19(26)20(28-16)27-15-8-12(7-14(23)9-15)2-1-11-3-5-13(22)6-4-11/h1-9,16-26H,10H2/b2-1+/t16-,17-,18+,19-,20-/m1/s1",HSTZMXCBWJGKHG-CUYWLFDKSA-N,4613,polydatin,27208-80-6
CC(=O)NC1C(O)OC(CO)C(O)C1O,"InChI=1S/C8H15NO6/c1-3(11)9-5-7(13)6(12)4(2-10)15-8(5)14/h4-8,10,12-14H,2H2,1H3,(H,9,11)/t4-,5-,6-,7-,8-/m1/s1",OVRNDRQMDRJTHS-FMDGEEDCSA-N,4615,N-Acetylglucosamine,7512-17-6
CC(C)=CCCC(C)=CC=CC(C)=CC=CC(C)=CC=CC=C(C)C=CC=C(C)C=CC=C(C)CCC=C(C)C,"InChI=1S/C40H56/c1-33(2)19-13-23-37(7)27-17-31-39(9)29-15-25-35(5)21-11-12-22-36(6)26-16-30-40(10)32-18-28-38(8)24-14-20-34(3)4/h11-12,15-22,25-32H,13-14,23-24H2,1-10H3/b12-11+,25-15+,26-16+,31-17+,32-18+,35-21+,36-22+,37-27+,38-28+,39-29+,40-30+",OAIJSZIZWZSQBC-GYZMGTAESA-N,4617,lycopene,502-65-8
CCC=CCC=CCC=CCCCCCCCC(=O)O,"InChI=1S/C18H30O2/c1-2-3-4-5-6-7-8-9-10-11-12-13-14-15-16-17-18(19)20/h3-4,6-7,9-10H,2,5,8,11-17H2,1H3,(H,19,20)/b4-3-,7-6-,10-9-",DTOSIQBPPRVQHS-PDBXOOCHSA-N,4618,linolenic acid,463-40-1
CC(C)=CCCC(C)(O)C1CC=C(C)CC1,"InChI=1S/C15H26O/c1-12(2)6-5-11-15(4,16)14-9-7-13(3)8-10-14/h6-7,14,16H,5,8-11H2,1-4H3/t14-,15+/m1/s1",RGZSQWQPBWRIAQ-CABCVRRESA-N,4619,levomenol,23089-26-1
C=C1CCC2C(=CC(C)C(=O)C3(OC(C)=O)CC(C)C(OC(=O)c4ccccc4)C3C1OC(C)=O)C2(C)C,"InChI=1S/C31H38O7/c1-17-13-14-23-24(30(23,6)7)15-18(2)28(34)31(38-21(5)33)16-19(3)27(25(31)26(17)36-20(4)32)37-29(35)22-11-9-8-10-12-22/h8-12,15,19,23-27H,1,13-14,16H2,2-7H3/b18-15+/t19-,23-,24+,25-,26-,27-,31+/m0/s1",JPYYWXPAHJBKJX-VWSFRBHVSA-N,4620,diacetyl benzoyl lathyrol,218916-52-0
CN1c2c([nH]c(N)nc2=O)NCC1CNc1ccc(C(=O)NC(CCC(=O)O)C(=O)O)cc1,"InChI=1S/C20H25N7O6/c1-27-12(9-23-16-15(27)18(31)26-20(21)25-16)8-22-11-4-2-10(3-5-11)17(30)24-13(19(32)33)6-7-14(28)29/h2-5,12-13,22H,6-9H2,1H3,(H,24,30)(H,28,29)(H,32,33)(H4,21,23,25,26,31)/t12-,13-/m0/s1",ZNOVTXRBGFNYRX-STQMWFEESA-N,4621,levomefolic acid,31690-09-2
O=C(O)Cc1ccccc1,"InChI=1S/C8H8O2/c9-8(10)6-7-4-2-1-3-5-7/h1-5H,6H2,(H,9,10)",WLJVXDMOQOGPHL-UHFFFAOYSA-N,4624,phenylacetic acid,103-82-2
C=CCc1ccc(O)c(OC)c1,"InChI=1S/C10H12O2/c1-3-4-8-5-6-9(11)10(7-8)12-2/h3,5-7,11H,1,4H2,2H3",RRAFCDWBNXTKKO-UHFFFAOYSA-N,4648,eugenol,97-53-0
[O-][n+]1ccccc1SSc1cccc[n+]1[O-],InChI=1S/C10H8N2O2S2/c13-11-7-3-1-5-9(11)15-16-10-6-2-4-8-12(10)14/h1-8H,ZHDBTKPXEJDTTQ-UHFFFAOYSA-N,4649,dipyrithione,3696-28-4
CCCCCCCCCCCCCC(=O)OCC(COP(=O)(O)OCC(O)CO)OC(=O)CCCCCCCCCCCCC,"InChI=1S/C34H67O10P/c1-3-5-7-9-11-13-15-17-19-21-23-25-33(37)41-29-32(30-43-45(39,40)42-28-31(36)27-35)44-34(38)26-24-22-20-18-16-14-12-10-8-6-4-2/h31-32,35-36H,3-30H2,1-2H3,(H,39,40)",BPHQZTVXXXJVHI-UHFFFAOYSA-N,4650,dimyristoylphosphatidylglycerol,61361-72-6
CC(C)CCOC(=O)c1ccc(N(C)C)cc1,"InChI=1S/C14H21NO2/c1-11(2)9-10-17-14(16)12-5-7-13(8-6-12)15(3)4/h5-8,11H,9-10H2,1-4H3",OFSAUHSCHWRZKM-UHFFFAOYSA-N,4638,Padimate A,21245-01-2
O=C(O)CN(CC(=O)O)Cc1cc2c(cc1O)Oc1cc(O)c(CN(CC(=O)O)CC(=O)O)cc1C21OC(=O)c2ccccc21,"InChI=1S/C30H26N2O13/c33-21-7-23-19(5-15(21)9-31(11-25(35)36)12-26(37)38)30(18-4-2-1-3-17(18)29(43)45-30)20-6-16(22(34)8-24(20)44-23)10-32(13-27(39)40)14-28(41)42/h1-8,33-34H,9-14H2,(H,35,36)(H,37,38)(H,39,40)(H,41,42)",DEGAKNSWVGKMLS-UHFFFAOYSA-N,4639,oftasceine,1461-15-0
CCCCCCCC[Si](OCC)(OCC)OCC,"InChI=1S/C14H32O3Si/c1-5-9-10-11-12-13-14-18(15-6-2,16-7-3)17-8-4/h5-14H2,1-4H3",MSRJTTSHWYDFIU-UHFFFAOYSA-N,4640,octyltriethoxysilane,2943-75-1
CNC(C)Cc1ccccc1,"InChI=1S/C10H15N/c1-9(11-2)8-10-6-4-3-5-7-10/h3-7,9,11H,8H2,1-2H3/t9-/m1/s1",MYWUZJCMWCOHBA-SECBINFHSA-N,4641,levmetamfetamine,33817-09-3
CCCCCCCCCCCC(=O)O,"InChI=1S/C12H24O2/c1-2-3-4-5-6-7-8-9-10-11-12(13)14/h2-11H2,1H3,(H,13,14)",POULHZVOKOAJMA-UHFFFAOYSA-N,4642,dodecanoic acid,143-07-7
O=C(O)CO,"InChI=1S/C2H4O3/c3-1-2(4)5/h3H,1H2,(H,4,5)",AEMRFAOFKBGASW-UHFFFAOYSA-N,4645,glycolic acid,79-14-1
CC(=O)OC1(C(C)=O)CCC2C3CC(C)=C4CC(=O)C=CC4(C)C3(F)C(O)CC21C,"InChI=1S/C24H31FO5/c1-13-10-19-17-7-9-23(14(2)26,30-15(3)27)22(17,5)12-20(29)24(19,25)21(4)8-6-16(28)11-18(13)21/h6,8,11,13,17,19-20,29H,7,9-10,12H2,1-5H3/t13-,17-,19-,20-,21-,22-,23-,24-/m0/s1",YRFXGQHBPBMFHW-SBTZIJSASA-N,4647,fluorometholone acetate,3801-06-7
CCCCCCCCCCCCCC(=O)OCC(COP(=O)([O-])OCC[N+](C)(C)C)OC(=O)CCCCCCCCCCCCC,"InChI=1S/C36H72NO8P/c1-6-8-10-12-14-16-18-20-22-24-26-28-35(38)42-32-34(33-44-46(40,41)43-31-30-37(3,4)5)45-36(39)29-27-25-23-21-19-17-15-13-11-9-7-2/h34H,6-33H2,1-5H3",CITHEXJVPOWHKC-UHFFFAOYSA-N,4651,dimyristoylphosphatidylcholine,18656-38-7
O=C(NCO)N(CO)c1c(O)n(CO)c(=O)n1CO,"InChI=1S/C8H14N4O7/c13-1-9-7(18)10(2-14)5-6(17)12(4-16)8(19)11(5)3-15/h5,13-16H,1-4H2,(H,9,18)",SOROIESOUPGGFO-UHFFFAOYSA-N,4652,diazolidinylurea,78491-02-8
O=C(O)CCC(=O)OCC(NC(=O)C(Cl)Cl)C(O)c1ccc([N+](=O)[O-])cc1,"InChI=1S/C15H16Cl2N2O8/c16-14(17)15(24)18-10(7-27-12(22)6-5-11(20)21)13(23)8-1-3-9(4-2-8)19(25)26/h1-4,10,13-14,23H,5-7H2,(H,18,24)(H,20,21)/t10-,13-/m1/s1",LIRCDOVJWUGTMW-ZWNOBZJWSA-N,4653,chloramphenicol succinate,982-57-0
O=C(O)c1ccccc1,"InChI=1S/C7H6O2/c8-7(9)6-4-2-1-3-5-6/h1-5H,(H,8,9)",WPYMKLBDIGXBTP-UHFFFAOYSA-N,4664,benzoic acid,65-85-0
CCN(CC)c1ccc(C(=C2C=CC(=[N+](CC)CC)C=C2)c2ccccc2)cc1,"InChI=1S/C27H33N2/c1-5-28(6-2)25-18-14-23(15-19-25)27(22-12-10-9-11-13-22)24-16-20-26(21-17-24)29(7-3)8-4/h9-21H,5-8H2,1-4H3/q+1",HXCILVUBKWANLN-UHFFFAOYSA-N,4665,brilliant green,633-03-4
CCCCCCCCCCCCCCCCCCCCCCCCCCCCO,"InChI=1S/C28H58O/c1-2-3-4-5-6-7-8-9-10-11-12-13-14-15-16-17-18-19-20-21-22-23-24-25-26-27-28-29/h29H,2-28H2,1H3",CNNRPFQICPFDPO-UHFFFAOYSA-N,4668,1-Octacosanol,557-61-9
CN(C)c1ccc(C(O)(c2ccc(N(C)C)cc2)c2ccc(N(C)C)cc2)cc1,"InChI=1S/C25H31N3O/c1-26(2)22-13-7-19(8-14-22)25(29,20-9-15-23(16-10-20)27(3)4)21-11-17-24(18-12-21)28(5)6/h7-18,29H,1-6H3",QFVDKARCPMTZCS-UHFFFAOYSA-N,4670,methylrosaniline,467-63-0
Cc1sc2ccccc2c1CC1=NCCN1,"InChI=1S/C13H14N2S/c1-9-11(8-13-14-6-7-15-13)10-4-2-3-5-12(10)16-9/h2-5H,6-8H2,1H3,(H,14,15)",NDNKHWUXXOFHTD-UHFFFAOYSA-N,4671,metizoline,17692-22-7
O=C(OCCN1CCOCC1)c1cccnc1Nc1cccc(C(F)(F)F)c1,"InChI=1S/C19H20F3N3O3/c20-19(21,22)14-3-1-4-15(13-14)24-17-16(5-2-6-23-17)18(26)28-12-9-25-7-10-27-11-8-25/h1-6,13H,7-12H2,(H,23,24)",LDXSPUSKBDTEKA-UHFFFAOYSA-N,4672,morniflumate,65847-85-0
CN(C(=O)C=Cc1ccoc1)C1CCC2(O)C3Cc4ccc(O)c5c4C2(CCN3CC2CC2)C1O5,"InChI=1S/C28H32N2O5/c1-29(23(32)7-4-18-9-13-34-16-18)20-8-10-28(33)22-14-19-5-6-21(31)25-24(19)27(28,26(20)35-25)11-12-30(22)15-17-2-3-17/h4-7,9,13,16-17,20,22,26,31,33H,2-3,8,10-12,14-15H2,1H3/b7-4+/t20-,22-,26+,27+,28-/m1/s1",XGZZHZMWIXFATA-UEZBDDGYSA-N,4673,nalfurafine,152657-84-6
COc1ccc2cc(C(C)C(=O)OCCCCO[N+](=O)[O-])ccc2c1,"InChI=1S/C18H21NO6/c1-13(18(20)24-9-3-4-10-25-19(21)22)14-5-6-16-12-17(23-2)8-7-15(16)11-14/h5-8,11-13H,3-4,9-10H2,1-2H3/t13-/m0/s1",AKFJWRDCWYYTIG-ZDUSSCGKSA-N,4674,naproxcinod,163133-43-5
O=C(NC(Cc1ccccc1)c1ccccc1)c1cccnc1,"InChI=1S/C20H18N2O/c23-20(18-12-7-13-21-15-18)22-19(17-10-5-2-6-11-17)14-16-8-3-1-4-9-16/h1-13,15,19H,14H2,(H,22,23)",DWODOIKZDGJOPQ-UHFFFAOYSA-N,4675,nicofetamide,553-06-0
ON=Cc1cc[n+](COC[n+]2ccc(C=NO)cc2)cc1,"InChI=1S/C14H14N4O3/c19-15-9-13-1-5-17(6-2-13)11-21-12-18-7-3-14(4-8-18)10-16-20/h1-10H,11-12H2/p+2",HIGRLDNHDGYWQJ-UHFFFAOYSA-P,4676,obidoxime,7683-36-5
CC12CCC3C4CCC(=O)C(=O)C4CCC3C1CCC2OC(=O)CCC1CCCC1,"InChI=1S/C26H38O4/c1-26-15-14-18-17-9-11-22(27)25(29)20(17)8-7-19(18)21(26)10-12-23(26)30-24(28)13-6-16-4-2-3-5-16/h16-19,21,23,29H,2-15H2,1H3/t17-,18-,19-,21+,23+,26+/m1/s1",KHKDIUPVDIEHAH-KXLSUQFWSA-N,4681,oxabolone cipionate,1254-35-9
CCOP(=O)(OCC)Oc1ccc([N+](=O)[O-])cc1,"InChI=1S/C10H14NO6P/c1-3-15-18(14,16-4-2)17-10-7-5-9(6-8-10)11(12)13/h5-8H,3-4H2,1-2H3",WYMSBXTXOHUIGT-UHFFFAOYSA-N,4683,paraoxon,311-45-5
FC(F)(F)C(F)(F)C(F)(F)C(F)(F)C(F)(F)F,"InChI=1S/C5F12/c6-1(7,2(8,9)4(12,13)14)3(10,11)5(15,16)17",NJCBUSHGCBERSK-UHFFFAOYSA-N,4685,perflenapent,678-26-2
CC(C)=CC1C(C(=O)OCc2cccc(Oc3ccccc3)c2)C1(C)C,"InChI=1S/C23H26O3/c1-16(2)13-20-21(23(20,3)4)22(24)25-15-17-9-8-12-19(14-17)26-18-10-6-5-7-11-18/h5-14,20-21H,15H2,1-4H3",SBNFWQZLDJGRLK-UHFFFAOYSA-N,4686,phenothrin,26002-80-2
NNc1nnc(Cc2ccncc2)c2ccccc12,"InChI=1S/C14H13N5/c15-17-14-12-4-2-1-3-11(12)13(18-19-14)9-10-5-7-16-8-6-10/h1-8H,9,15H2,(H,17,19)",KCASCYQNVLPVDP-UHFFFAOYSA-N,4689,picodralazine,17692-43-2
Cc1cc(CCCOc2c(C)cc(-c3noc(C(F)(F)F)n3)cc2C)on1,"InChI=1S/C18H18F3N3O3/c1-10-7-13(16-22-17(27-24-16)18(19,20)21)8-11(2)15(10)25-6-4-5-14-9-12(3)23-26-14/h7-9H,4-6H2,1-3H3",KQOXLKOJHVFTRN-UHFFFAOYSA-N,4690,pleconaril,153168-05-9
CC(C)(C)S(=O)(=O)CC(Cc1ccccc1)C(=O)NC(Cc1c[nH]cn1)C(=O)NC(CC1CCCCC1)C(O)C(O)C1CC1,"InChI=1S/C33H50N4O6S/c1-33(2,3)44(42,43)20-25(16-22-10-6-4-7-11-22)31(40)37-28(18-26-19-34-21-35-26)32(41)36-27(17-23-12-8-5-9-13-23)30(39)29(38)24-14-15-24/h4,6-7,10-11,19,21,23-25,27-30,38-39H,5,8-9,12-18,20H2,1-3H3,(H,34,35)(H,36,41)(H,37,40)/t25-,27+,28+,29+,30-/m1/s1",UXIGZRQVLGFTOU-VQXQMPIVSA-N,4696,remikiren,126222-34-2
O=C(O)CSC(SCC(=O)O)SCC(=O)O,"InChI=1S/C7H10O6S3/c8-4(9)1-14-7(15-2-5(10)11)16-3-6(12)13/h7H,1-3H2,(H,8,9)(H,10,11)(H,12,13)",ZBNBQISDCFIEQC-UHFFFAOYSA-N,4697,ritiometan,34914-39-1
CC1CCC(NC(=O)N(CCCl)N=O)CC1,"InChI=1S/C10H18ClN3O2/c1-8-2-4-9(5-3-8)12-10(15)14(13-16)7-6-11/h8-9H,2-7H2,1H3,(H,12,15)/t8-,9?",FVLVBPDQNARYJU-XAHDHGMMSA-N,4704,semustine,13909-09-6
COc1cccc2c(O)c3c(c(O)c12)C(=O)C1=C(CC(O)(C(C)O)CC1OC1CC(N)C(O)C(C)O1)C3=O,"InChI=1S/C27H31NO10/c1-10-22(30)14(28)7-17(37-10)38-16-9-27(35,11(2)29)8-13-19(16)26(34)21-20(24(13)32)23(31)12-5-4-6-15(36-3)18(12)25(21)33/h4-6,10-11,14,16-17,22,29-30,32,34-35H,7-9,28H2,1-3H3/t10-,11-,14-,16-,17-,22+,27-/m0/s1",HJEZFVLKJYFNQW-PRFXOSGESA-N,4719,daunorubicinol,28008-55-1
Oc1ccc(O)[nH]1,"InChI=1S/C4H5NO2/c6-3-1-2-4(7)5-3/h1-2H2,(H,5,6,7)",KZNICNPSHKQLFF-UHFFFAOYSA-N,4723,succinimide,123-56-8
C=C1C(=CC=C2CCCC3(C)C2CCC3C(C)CCC(O)C(C)C)CC(O)CC1O,"InChI=1S/C27H44O3/c1-17(2)25(29)13-8-18(3)23-11-12-24-20(7-6-14-27(23,24)5)9-10-21-15-22(28)16-26(30)19(21)4/h9-10,17-18,22-26,28-30H,4,6-8,11-16H2,1-3,5H3/b20-9+,21-10-/t18-,22-,23-,24+,25-,26+,27-/m1/s1",BJYLYJCXYAMOFT-RSFVBTMBSA-N,4727,tacalcitol,57333-96-7
CC(CC(c1ccccc1)c1ccccc1)N(C)C,"InChI=1S/C18H23N/c1-15(19(2)3)14-18(16-10-6-4-7-11-16)17-12-8-5-9-13-17/h4-13,15,18H,14H2,1-3H3",NSHMKXVHJBBKTN-UHFFFAOYSA-N,4737,trimethyldiphenylpropylamine,13957-55-6
COC(=O)C1OC(OC2C(C(=O)OC)OC(OC3C(C(=O)OC)OC(OC4C(C(=O)OC)OC(O)C(O)C4O)C(O)C3O)C(O)C2O)C(O)C(O)C1O,"InChI=1S/C28H42O25/c1-43-22(39)17-6(30)5(29)11(35)26(51-17)49-15-8(32)13(37)28(53-19(15)24(41)45-3)50-16-9(33)12(36)27(52-20(16)25(42)46-4)48-14-7(31)10(34)21(38)47-18(14)23(40)44-2/h5-21,26-38H,1-4H3/t5-,6+,7+,8+,9+,10+,11+,12+,13+,14+,15+,16+,17-,18-,19-,20-,21-,26-,27-,28-/m0/s1",PHKOCTCUZMQEOT-LRVJTQDXSA-N,4729,tetragalacturonic acid hydroxymethylester,53008-15-4
CC(C)=CC1C(C(=O)OCN2C(=O)C3=C(CCCC3)C2=O)C1(C)C,"InChI=1S/C19H25NO4/c1-11(2)9-14-15(19(14,3)4)18(23)24-10-20-16(21)12-7-5-6-8-13(12)17(20)22/h9,14-15H,5-8,10H2,1-4H3",CXBMCYHAMVGWJQ-UHFFFAOYSA-N,4730,tetramethrin,7696-12-0
O=C(O)CCCCC1CCSS1,"InChI=1S/C8H14O2S2/c9-8(10)4-2-1-3-7-5-6-11-12-7/h7H,1-6H2,(H,9,10)",AGBQKNBQESQNJD-UHFFFAOYSA-N,4732,thioctic acid,1077-28-7
O=c1[nH]sc2cc(Cl)ccc12,"InChI=1S/C7H4ClNOS/c8-4-1-2-5-6(3-4)11-9-7(5)10/h1-3H,(H,9,10)",POPOYOKQQAEISW-UHFFFAOYSA-N,4734,ticlatone,70-10-0
CC(=O)C(O)C1(C)CCC2C3=C(CCC21C)C1=C(CC3)CC(=O)CC1,"InChI=1S/C22H30O3/c1-13(23)20(25)22(3)11-9-19-18-6-4-14-12-15(24)5-7-16(14)17(18)8-10-21(19,22)2/h12-13,18-19,23H,4-11H2,1-3H3/t13-,18+,19-,21-,22+/m0/s1",JUNDJWOLDSCTFK-MTZCLOFQSA-N,4736,trimegestone,74513-62-5
C=CCC1(CC)C(=O)NC(=O)NC1=O,"InChI=1S/C9H12N2O3/c1-3-5-9(4-2)6(12)10-8(14)11-7(9)13/h3H,1,4-5H2,2H3,(H2,10,11,12,13,14)",QPADNTZLUBYNEN-UHFFFAOYSA-N,4743,etallobarbital,2373-84-4
Oc1ccccc1-c1ccccc1,"InChI=1S/C12H10O/c13-12-9-5-4-8-11(12)10-6-2-1-3-7-10/h1-9,13H",LLEMOWNGBBNAJR-UHFFFAOYSA-N,4768,biphenylol,90-43-7
CC(C(=O)N1c2ccccc2Sc2ccccc21)N(C)C,"InChI=1S/C17H18N2OS/c1-12(18(2)3)17(20)19-13-8-4-6-10-15(13)21-16-11-7-5-9-14(16)19/h4-12H,1-3H3",POZJNEBUHLZROM-UHFFFAOYSA-N,4769,dimethylaminopropionylphenothiazine,63834-04-8
COC(=O)C1C2C=CC(C2)C1C(=O)OC,"InChI=1S/C11H14O4/c1-14-10(12)8-6-3-4-7(5-6)9(8)11(13)15-2/h3-4,6-9H,5H2,1-2H3/t6-,7+,8-,9+",VGQLNJWOULYVFV-SPJNRGJMSA-N,4770,dimethylcarbate,39589-98-5
COC(=O)c1ccccc1C(=O)OC,"InChI=1S/C10H10O4/c1-13-9(11)7-5-3-4-6-8(7)10(12)14-2/h3-6H,1-2H3",NIQCNGHVCWTJSM-UHFFFAOYSA-N,4771,dimethylphthalate,131-11-3
OCCN(Cc1ccc2c(c1)OCO2)Cc1ccc2c(c1)OCO2,"InChI=1S/C18H19NO5/c20-6-5-19(9-13-1-3-15-17(7-13)23-11-21-15)10-14-2-4-16-18(8-14)24-12-22-16/h1-4,7-8,20H,5-6,9-12H2",MGIZPPBLEKKZPZ-UHFFFAOYSA-N,4772,dipiperonylaminoethanol,39961-59-6
CCOC(=O)c1ccc(O)cc1,"InChI=1S/C9H10O3/c1-2-12-9(11)7-3-5-8(10)6-4-7/h3-6,10H,2H2,1H3",NUVBSKCKDOMJSU-UHFFFAOYSA-N,4773,ethyl hydroxybenzoate,120-47-8
CCCC(O)C(CC)CO,"InChI=1S/C8H18O2/c1-3-5-8(10)7(4-2)6-9/h7-10H,3-6H2,1-2H3",RWLALWYNXFYRGW-UHFFFAOYSA-N,4774,etohexadiol,94-96-2
C[N+](C)(CF)CCO,"InChI=1S/C5H13FNO/c1-7(2,5-6)3-4-8/h8H,3-5H2,1-2H3/q+1/i6-1",PBVFROWIWWGIFK-KWCOIAHCSA-N,4775,fluoromethylcholine (18F),475572-73-7
OCc1cc(C(O)CNCCCCCCOCCOCc2c(Cl)cccc2Cl)ccc1O,"InChI=1S/C24H33Cl2NO5/c25-21-6-5-7-22(26)20(21)17-32-13-12-31-11-4-2-1-3-10-27-15-24(30)18-8-9-23(29)19(14-18)16-28/h5-9,14,24,27-30H,1-4,10-13,15-17H2/t24-/m0/s1",DAFYYTQWSAWIGS-DEOSSOPVSA-N,4799,vilanterol,503068-34-6
Cc1ccccc1C(O)(c1ccccc1C)C1CN2CCC1CC2,"InChI=1S/C22H27NO/c1-16-7-3-5-9-19(16)22(24,20-10-6-4-8-17(20)2)21-15-23-13-11-18(21)12-14-23/h3-10,18,21,24H,11-15H2,1-2H3/t21-/m1/s1",OXDOWGVJMITMJL-OAQYLSRUSA-N,4803,sequifenadine,57734-69-7
CSCCC(NC(=O)C(CO)NC(=O)C(Cc1ccc(O)cc1)NC(=O)C(N)CO)C(=O)NC(CCC(=O)O)C(=O)NC(Cc1c[nH]cn1)C(=O)NC(Cc1ccccc1)C(=O)NC(CCCN=C(N)N)C(=O)NC(Cc1c[nH]c2ccccc12)C(=O)NCC(=O)NC(CCCCN)C(=O)N1CCCC1C(=O)NC(C(=O)NCC(=O)NC(CCCCN)C(=O)NC(CCCCN)C(=O)NC(CCCNC(=N)N)C(=O)NC(CCCNC(=N)N)C(=O)N1CCCC1C(=O)NC(C(=O)NC(CCCCN)C(=O)NC(C(=O)NC(Cc1ccc(O)cc1)C(=O)N1CCCC1C(=O)NC(CC(=O)O)C(=O)NC(C)C(=O)NCC(=O)NC(CCC(=O)O)C(=O)NC(CC(=O)O)C(=O)NC(CCC(N)=O)C(=O)NC(CO)C(=O)NC(C)C(=O)NC(CCC(=O)O)C(=O)NC(C)C(=O)NC(Cc1ccccc1)C(=O)N1CCCC1C(=O)NC(CC(C)C)C(=O)NC(CCC(=O)O)C(=O)NC(Cc1ccccc1)C(=O)O)C(C)C)C(C)C)C(C)C,"InChI=1S/C207H308N56O58S/c1-108(2)89-140(186(302)241-136(70-75-163(279)280)181(297)254-149(204(320)321)94-117-43-20-15-21-44-117)250-193(309)152-54-35-86-262(152)202(318)147(92-116-41-18-14-19-42-116)252-171(287)114(11)230-174(290)134(68-73-161(275)276)235-170(286)113(10)231-191(307)150(105-265)255-182(298)133(66-71-156(213)269)240-190(306)146(98-165(283)284)249-179(295)132(67-72-160(273)274)233-157(270)101-225-169(285)112(9)229-185(301)145(97-164(281)282)251-194(310)153-55-36-87-263(153)203(319)148(93-119-60-64-123(268)65-61-119)253-199(315)167(110(5)6)257-184(300)129(49-26-30-79-210)243-198(314)168(111(7)8)259-196(312)155-57-38-85-261(155)201(317)139(53-34-83-223-207(218)219)244-177(293)130(51-32-81-221-205(214)215)237-176(292)128(48-25-29-78-209)236-175(291)127(47-24-28-77-208)232-158(271)103-227-197(313)166(109(3)4)258-195(311)154-56-37-84-260(154)200(316)138(50-27-31-80-211)234-159(272)102-226-173(289)143(95-120-99-224-126-46-23-22-45-124(120)126)247-178(294)131(52-33-82-222-206(216)217)238-187(303)142(90-115-39-16-13-17-40-115)246-189(305)144(96-121-100-220-107-228-121)248-180(296)135(69-74-162(277)278)239-183(299)137(76-88-322-12)242-192(308)151(106-266)256-188(304)141(245-172(288)125(212)104-264)91-118-58-62-122(267)63-59-118/h13-23,39-46,58-65,99-100,107-114,125,127-155,166-168,224,264-268H,24-38,47-57,66-98,101-106,208-212H2,1-12H3,(H2,213,269)(H,220,228)(H,225,285)(H,226,289)(H,227,313)(H,229,301)(H,230,290)(H,231,307)(H,232,271)(H,233,270)(H,234,272)(H,235,286)(H,236,291)(H,237,292)(H,238,303)(H,239,299)(H,240,306)(H,241,302)(H,242,308)(H,243,314)(H,244,293)(H,245,288)(H,246,305)(H,247,294)(H,248,296)(H,249,295)(H,250,309)(H,251,310)(H,252,287)(H,253,315)(H,254,297)(H,255,298)(H,256,304)(H,257,300)(H,258,311)(H,259,312)(H,273,274)(H,275,276)(H,277,278)(H,279,280)(H,281,282)(H,283,284)(H,320,321)(H4,214,215,221)(H4,216,217,222)(H4,218,219,223)/t112-,113-,114-,125-,127-,128-,129-,130-,131-,132-,133-,134-,135-,136-,137-,138-,139-,140-,141-,142-,143-,144-,145-,146-,147-,148-,149-,150-,151-,152-,153-,154-,155-,166-,167-,168-/m0/s1",FHOCOBKCNJYXOP-OVLDLUHVSA-N,4821,seractide,39295-97-1
CCCCC(NC(=O)C(CO)NC(=O)C(Cc1ccc(O)cc1)NC(=O)C(CO)NC(C)=O)C(=O)NC(CCC(=O)O)C(=O)NC(Cc1c[nH]cn1)C(=O)NC(Cc1ccccc1)C(=O)NC(CCCN=C(N)N)C(=O)NC(Cc1c[nH]c2ccccc12)C(=O)NCC(=O)NC(CCCCN)C(=O)N1CCCC1C(=O)NC(C(N)=O)C(C)C,"InChI=1S/C78H111N21O19/c1-5-6-19-52(91-75(116)61(41-101)97-72(113)57(34-46-24-26-49(103)27-25-46)94-74(115)60(40-100)88-44(4)102)68(109)92-54(28-29-64(105)106)70(111)96-59(36-48-38-83-42-87-48)73(114)93-56(33-45-16-8-7-9-17-45)71(112)90-53(22-14-31-84-78(81)82)69(110)95-58(35-47-37-85-51-20-11-10-18-50(47)51)67(108)86-39-63(104)89-55(21-12-13-30-79)77(118)99-32-15-23-62(99)76(117)98-65(43(2)3)66(80)107/h7-11,16-18,20,24-27,37-38,42-43,52-62,65,85,100-101,103H,5-6,12-15,19,21-23,28-36,39-41,79H2,1-4H3,(H2,80,107)(H,83,87)(H,86,108)(H,88,102)(H,89,104)(H,90,112)(H,91,116)(H,92,109)(H,93,114)(H,94,115)(H,95,110)(H,96,111)(H,97,113)(H,98,117)(H,105,106)(H4,81,82,84)/t52-,53-,54-,55-,56-,57-,58-,59-,60-,61-,62-,65-/m0/s1",UAHFGYDRQSXQEB-PWPYQVNISA-N,4836,afamelanotide,75921-69-6
CCOC(=O)NC1CCC2C(C1)CC1C(=O)OC(C)C1C2C=Cc1ccc(-c2cccc(F)c2)cn1,"InChI=1S/C29H33FN2O4/c1-3-35-29(34)32-23-10-11-24-20(14-23)15-26-27(17(2)36-28(26)33)25(24)12-9-22-8-7-19(16-31-22)18-5-4-6-21(30)13-18/h4-9,12-13,16-17,20,23-27H,3,10-11,14-15H2,1-2H3,(H,32,34)/b12-9+/t17-,20+,23-,24-,25+,26-,27+/m1/s1",ZBGXUVOIWDMMJE-QHNZEKIYSA-N,4870,vorapaxar,618385-01-6
[O]=[Bi][O][As](=O)(O)c1ccc(NC(=O)CO)cc1,"InChI=1S/C8H10AsNO5.Bi.O/c11-5-8(12)10-7-3-1-6(2-4-7)9(13,14)15;;/h1-4,11H,5H2,(H,10,12)(H2,13,14,15);;/q;+1;/p-1",FATAHBJTOKXSDH-UHFFFAOYSA-M,4849,glycobiarsol,116-49-4
O=C(O)Cn1c2ccccc2c(=O)c2ccccc21,"InChI=1S/C15H11NO3/c17-14(18)9-16-12-7-3-1-5-10(12)15(19)11-6-2-4-8-13(11)16/h1-8H,9H2,(H,17,18)",UOMKBIIXHQIERR-UHFFFAOYSA-N,4853,cridanimod,38609-97-1
O=C(O)c1ccccc1S,"InChI=1S/C7H6O2S/c8-7(9)5-3-1-2-4-6(5)10/h1-4,10H,(H,8,9)",NBOMNTLFRHMDEZ-UHFFFAOYSA-N,4856,sodium thiosalicylate,134-23-6
CC12CCC3c4ccc(OS(=O)(=O)O)cc4CCC3C1CCC2=O,"InChI=1S/C18H22O5S/c1-18-9-8-14-13-5-3-12(23-24(20,21)22)10-11(13)2-4-15(14)16(18)6-7-17(18)19/h3,5,10,14-16H,2,4,6-9H2,1H3,(H,20,21,22)/t14-,15-,16+,18+/m1/s1",JKKFKPJIXZFSSB-CBZIJGRNSA-N,4857,estrone sulphate,7280-37-7
CCC(C)C(NC(=O)C(NC(=O)C(CCC(=O)O)NC(=O)C(CCSC)NC(=O)C(CC(C)C)NC(=O)C(CCCCN)NC(=O)C(CCCN=C(N)N)NC(=O)C(CC(N)=O)NC(=O)C(CO)NC(=O)C(Cc1c[nH]cn1)NC(=O)C(C)NC(=O)C(CCC(N)=O)NC(=O)C(CCC(N)=O)NC(=O)C(C)NC(=O)C(CC(C)C)NC(=O)C(CCC(N)=O)NC(=O)C(CCC(=O)O)NC(=O)C(C)NC(=O)C(CCCNC(=N)N)NC(=O)C(C)NC(=O)C(CCSC)NC(=O)C(CCC(=O)O)NC(=O)C(CC(C)C)NC(=O)C(NC(=O)C(CCC(=O)O)NC(=O)C(CCCNC(=N)N)NC(=O)C(CC(C)C)NC(=O)C(CC(C)C)NC(=O)C(Cc1c[nH]cn1)NC(=O)C(Cc1ccccc1)NC(=O)C(NC(=O)C(CC(C)C)NC(=O)C(CC(=O)O)NC(=O)C(CC(C)C)NC(=O)C(CO)NC(=O)C(NC(=O)C1CCCN1C(=O)C1CCCN1C(=O)C(CCC(=O)O)NC(=O)C(CCC(=O)O)NC(=O)C(N)CO)C(C)CC)C(C)O)C(C)C)C(C)CC)C(N)=O,"InChI=1S/C208H344N60O63S2/c1-30-106(20)161(165(215)291)263-202(328)163(108(22)32-3)264-184(310)129(58-67-157(285)286)243-182(308)131(70-78-333-29)246-187(313)134(80-99(6)7)250-176(302)118(45-36-37-71-209)237-174(300)120(47-39-73-225-207(218)219)239-194(320)143(89-152(214)276)256-197(323)145(94-270)260-193(319)141(87-115-91-222-96-227-115)248-169(295)112(26)230-172(298)122(51-60-149(211)273)240-177(303)123(52-61-150(212)274)234-168(294)111(25)232-185(311)133(79-98(4)5)249-181(307)124(53-62-151(213)275)241-178(304)125(54-63-153(277)278)235-167(293)110(24)229-171(297)119(46-38-72-224-206(216)217)233-166(292)109(23)231-173(299)130(69-77-332-28)245-179(305)127(56-65-155(281)282)244-188(314)138(84-103(14)15)258-200(326)160(105(18)19)262-183(309)128(57-66-156(283)284)242-175(301)121(48-40-74-226-208(220)221)238-186(312)135(81-100(8)9)251-189(315)136(82-101(10)11)252-192(318)142(88-116-92-223-97-228-116)255-191(317)140(86-114-43-34-33-35-44-114)259-203(329)164(113(27)272)266-196(322)139(85-104(16)17)253-195(321)144(90-159(289)290)257-190(316)137(83-102(12)13)254-198(324)146(95-271)261-201(327)162(107(21)31-2)265-199(325)147-49-41-75-267(147)205(331)148-50-42-76-268(148)204(330)132(59-68-158(287)288)247-180(306)126(55-64-154(279)280)236-170(296)117(210)93-269/h33-35,43-44,91-92,96-113,117-148,160-164,269-272H,30-32,36-42,45-90,93-95,209-210H2,1-29H3,(H2,211,273)(H2,212,274)(H2,213,275)(H2,214,276)(H2,215,291)(H,222,227)(H,223,228)(H,229,297)(H,230,298)(H,231,299)(H,232,311)(H,233,292)(H,234,294)(H,235,293)(H,236,296)(H,237,300)(H,238,312)(H,239,320)(H,240,303)(H,241,304)(H,242,301)(H,243,308)(H,244,314)(H,245,305)(H,246,313)(H,247,306)(H,248,295)(H,249,307)(H,250,302)(H,251,315)(H,252,318)(H,253,321)(H,254,324)(H,255,317)(H,256,323)(H,257,316)(H,258,326)(H,259,329)(H,260,319)(H,261,327)(H,262,309)(H,263,328)(H,264,310)(H,265,325)(H,266,322)(H,277,278)(H,279,280)(H,281,282)(H,283,284)(H,285,286)(H,287,288)(H,289,290)(H4,216,217,224)(H4,218,219,225)(H4,220,221,226)/t106-,107-,108-,109-,110-,111-,112-,113+,117-,118-,119-,120-,121-,122-,123-,124-,125-,126-,127-,128-,129-,130-,131-,132-,133-,134-,135-,136-,137-,138-,139-,140-,141-,142-,143-,144-,145-,146-,147-,148-,160-,161-,162-,163-,164-/m0/s1",GBONBLHJMVUBSJ-FAUHKOHMSA-N,4858,corticorelin,86784-80-7
CN1C(=O)N(C)C2C1N(C)C(=O)N2C,"InChI=1S/C8H14N4O2/c1-9-5-6(11(3)7(9)13)12(4)8(14)10(5)2/h5-6H,1-4H3",XIUUSFJTJXFNGH-UHFFFAOYSA-N,4861,mebicar,10095-06-4
CNC(=O)c1cccnc1,"InChI=1S/C7H8N2O/c1-8-7(10)6-3-2-4-9-5-6/h2-5H,1H3,(H,8,10)",ZYVXHFWBYUDDBM-UHFFFAOYSA-N,4862,nicotinyl methylamide,114-33-0
NCC(CC(=O)O)c1ccccc1,"InChI=1S/C10H13NO2/c11-7-9(6-10(12)13)8-4-2-1-3-5-8/h1-5,9H,6-7,11H2,(H,12,13)",DAFOCGYVTAOKAJ-UHFFFAOYSA-N,4863,phenibut,1078-21-3
CCc1ccc(Cc2ccc3c(c2)C2(OC3)OC(CO)C(O)C(O)C2O)cc1,"InChI=1S/C22H26O6/c1-2-13-3-5-14(6-4-13)9-15-7-8-16-12-27-22(17(16)10-15)21(26)20(25)19(24)18(11-23)28-22/h3-8,10,18-21,23-26H,2,9,11-12H2,1H3/t18-,19-,20+,21-,22+/m1/s1",VWVKUNOPTJGDOB-BDHVOXNPSA-N,4892,tofogliflozin,903565-83-3
N=C1CCCN1Cc1[nH]c(=O)[nH]c(=O)c1Cl,"InChI=1S/C9H11ClN4O2/c10-7-5(12-9(16)13-8(7)15)4-14-3-1-2-6(14)11/h11H,1-4H2,(H2,12,13,15,16)",QQHMKNYGKVVGCZ-UHFFFAOYSA-N,4893,tipiracil,183204-74-2
Cc1cc(N2CCN(C3CNC(C(=O)N4CCSC4)C3)CC2)n(-c2ccccc2)n1,"InChI=1S/C22H30N6OS/c1-17-13-21(28(24-17)18-5-3-2-4-6-18)26-9-7-25(8-10-26)19-14-20(23-15-19)22(29)27-11-12-30-16-27/h2-6,13,19-20,23H,7-12,14-16H2,1H3/t19-,20-/m0/s1",WGRQANOPCQRCME-PMACEKPBSA-N,4895,teneligliptin,760937-92-6
Cc1cc2ncc(C(=O)NCC(C)(C)NCC(=O)N3CCCC3C#N)cn2n1,"InChI=1S/C19H25N7O2/c1-13-7-16-21-9-14(11-26(16)24-13)18(28)22-12-19(2,3)23-10-17(27)25-6-4-5-15(25)8-20/h7,9,11,15,23H,4-6,10,12H2,1-3H3,(H,22,28)/t15-/m0/s1",LDXYBEHACFJIEL-HNNXBMFYSA-N,4896,anagliptin,739366-20-2
CCCCc1nc(C)c(CC(=S)N(C)C)c(=O)n1Cc1ccc(-c2ccccc2-c2nn[nH]n2)cc1,"InChI=1S/C27H31N7OS/c1-5-6-11-24-28-18(2)23(16-25(36)33(3)4)27(35)34(24)17-19-12-14-20(15-13-19)21-9-7-8-10-22(21)26-29-31-32-30-26/h7-10,12-15H,5-6,11,16-17H2,1-4H3,(H,29,30,31,32)",AMEROGPZOLAFBN-UHFFFAOYSA-N,4906,fimasartan,247257-48-3
CCOc1ccc(Nc2ccc(C(=C3C=CC(=[N+](CC)Cc4cccc(S(=O)(=O)[O-])c4)C=C3C)c3ccc(N(CC)Cc4cccc(S(=O)(=O)[O-])c4)cc3C)cc2)cc1,"InChI=1S/C47H49N3O7S2/c1-6-49(31-35-11-9-13-43(29-35)58(51,52)53)40-21-25-45(33(4)27-40)47(37-15-17-38(18-16-37)48-39-19-23-42(24-20-39)57-8-3)46-26-22-41(28-34(46)5)50(7-2)32-36-12-10-14-44(30-36)59(54,55)56/h9-30H,6-8,31-32H2,1-5H3,(H2,51,52,53,54,55,56)/p-1",YVNQAIFQFWTPLQ-UHFFFAOYSA-M,5359,brilliant Blue G,6104-58-1
CC1CNCCCN1S(=O)(=O)c1cccc2cncc(F)c12,"InChI=1S/C15H18FN3O2S/c1-11-8-17-6-3-7-19(11)22(20,21)14-5-2-4-12-9-18-10-13(16)15(12)14/h2,4-5,9-11,17H,3,6-8H2,1H3/t11-/m0/s1",QSKQVZWVLOIIEV-NSHDSACASA-N,4938,ripasudil,223645-67-8
CCC1CC1(NC(=O)C1C2CCN1C(=O)C(C(C)(C)C)NC(=O)OCC(C)(C)CCCCc1cccc3c1CN(C3)C(=O)O2)C(=O)NS(=O)(=O)C1CC1,"InChI=1S/C38H55N5O9S/c1-7-25-19-38(25,33(46)41-53(49,50)26-14-15-26)40-31(44)29-28-16-18-43(29)32(45)30(36(2,3)4)39-34(47)51-22-37(5,6)17-9-8-11-23-12-10-13-24-20-42(21-27(23)24)35(48)52-28/h10,12-13,25-26,28-30H,7-9,11,14-22H2,1-6H3,(H,39,47)(H,40,44)(H,41,46)/t25-,28-,29+,30-,38-/m1/s1",KYLWQAGGDVJPKM-ZBVFNZHQSA-N,4939,vaniprevir,923590-37-8
CNCc1cc(-c2ccccc2F)n(S(=O)(=O)c2cccnc2)c1,"InChI=1S/C17H16FN3O2S/c1-19-10-13-9-17(15-6-2-3-7-16(15)18)21(12-13)24(22,23)14-5-4-8-20-11-14/h2-9,11-12,19H,10H2,1H3",BFDBKMOZYNOTPK-UHFFFAOYSA-N,4993,vonoprazan,881681-00-1
CCCOc1ccc(S(=O)(=O)N2CCN(CCO)CC2)cc1C1=NC(=O)C2C(N1)C(CCC)=CN2CC,"InChI=1S/C26H39N5O5S/c1-4-7-19-18-30(6-3)24-23(19)27-25(28-26(24)33)21-17-20(8-9-22(21)36-16-5-2)37(34,35)31-12-10-29(11-13-31)14-15-32/h8-9,17-18,23-24,32H,4-7,10-16H2,1-3H3,(H,27,28,33)",YIEAVVIJPFEHCX-UHFFFAOYSA-N,5005,mirodenafil,862189-95-5
CNc1ncc(-c2ccc3c(=O)c(C(=O)O)cn(C4CC4)c3c2C)cc1C,"InChI=1S/C21H21N3O3/c1-11-8-13(9-23-20(11)22-3)15-6-7-16-18(12(15)2)24(14-4-5-14)10-17(19(16)25)21(26)27/h6-10,14H,4-5H2,1-3H3,(H,22,23)(H,26,27)",XPIJWUTXQAGSLK-UHFFFAOYSA-N,5058,ozenoxacin,245765-41-7
CCCCCCOC(C)c1cccc(-c2csc(NC(=O)c3cc(Cl)c(C=C(C)C(=O)O)c(Cl)c3)n2)c1OC,"InChI=1S/C29H32Cl2N2O5S/c1-5-6-7-8-12-38-18(3)20-10-9-11-21(26(20)37-4)25-16-39-29(32-25)33-27(34)19-14-23(30)22(24(31)15-19)13-17(2)28(35)36/h9-11,13-16,18H,5-8,12H2,1-4H3,(H,35,36)(H,32,33,34)/b17-13+/t18-/m0/s1",NOZIJMHMKORZBA-KJCUYJGMSA-N,5059,lusutrombopag,1110766-97-6
CC(C(=O)O)c1ccc(-c2ccccc2)c(F)c1,"InChI=1S/C15H13FO2/c1-10(15(17)18)12-7-8-13(14(16)9-12)11-5-3-2-4-6-11/h2-10H,1H3,(H,17,18)/t10-/m0/s1",SYTBZMRGLBWNTM-JTQLQIEISA-N,5060,esflurbiprofen,51543-39-6
COc1ccc(Oc2cc(N(C)CCOc3ccc(Cc4sc(=O)[nH]c4O)cc3)ncn2)cc1,"InChI=1S/C24H24N4O5S/c1-28(21-14-22(26-15-25-21)33-19-9-7-17(31-2)8-10-19)11-12-32-18-5-3-16(4-6-18)13-20-23(29)27-24(30)34-20/h3-10,14-15,20H,11-13H2,1-2H3,(H,27,29,30)",CHHXEZSCHQVSRE-UHFFFAOYSA-N,5078,lobeglitazone,607723-33-1
COc1c(N2CC(C)CC(N)C2)ccc2c(=O)c(C(=O)O)cn(C3CC3)c12,"InChI=1S/C20H25N3O4/c1-11-7-12(21)9-22(8-11)16-6-5-14-17(19(16)27-2)23(13-3-4-13)10-15(18(14)24)20(25)26/h5-6,10-13H,3-4,7-9,21H2,1-2H3,(H,25,26)/t11-,12-/m0/s1",AVPQPGFLVZTJOR-RYUDHWBXSA-N,5079,nemonoxacin,378746-64-6
CC(C)(N)NC(=O)CC1CCC2(CC1)OOC1(O2)C2CC3CC(C2)CC1C3,"InChI=1S/C21H34N2O4/c1-19(2,22)23-18(24)12-13-3-5-20(6-4-13)25-21(27-26-20)16-8-14-7-15(10-16)11-17(21)9-14/h13-17H,3-12,22H2,1-2H3,(H,23,24)/t13-,14?,15?,16-,17+,20+,21?",BRJULSXZDFYSPG-MSMJXPJBSA-N,5090,arterolane,664338-39-0
NNc1ccc(C(N)=O)nn1,"InChI=1S/C5H7N5O/c6-5(11)3-1-2-4(8-7)10-9-3/h1-2H,7H2,(H2,6,11)(H,8,10)",WRYZEGZNBYOMLE-UHFFFAOYSA-N,5125,hydracarbazine,3614-47-9
O=c1cccc2n1CC1CNCC2C1,"InChI=1S/C11H14N2O/c14-11-3-1-2-10-9-4-8(5-12-6-9)7-13(10)11/h1-3,8-9,12H,4-7H2/t8-,9+/m0/s1",ANJTVLIZGCUXLD-DTWKUNHWSA-N,5217,cytisine,485-35-8
CC(C)CC(NC(=O)C1CSSCC2NC(=O)C(CC(C)C)NC(=O)C(CCC(=O)O)NC(=O)C(NC(=O)C(CCC(=O)O)NC(=O)C(CC(=O)O)NC(=O)C(N)CC(N)=O)CSSCC(NC(=O)C(C)NC(=O)C(C(C)C)NC(=O)C(CC(N)=O)NC(=O)C(C(C)C)NC2=O)C(=O)NC(C(C)O)C(=O)NCC(=O)N1)C(=O)O,"InChI=1S/C65H104N18O26S4/c1-25(2)15-34-55(98)80-41-24-113-110-21-38(58(101)77-37(65(108)109)16-26(3)4)71-44(87)20-69-62(105)50(30(10)84)83-61(104)40(78-51(94)29(9)70-63(106)48(27(5)6)81-57(100)35(18-43(68)86)76-64(107)49(28(7)8)82-60(41)103)23-112-111-22-39(59(102)73-32(53(96)75-34)11-13-45(88)89)79-54(97)33(12-14-46(90)91)72-56(99)36(19-47(92)93)74-52(95)31(66)17-42(67)85/h25-41,48-50,84H,11-24,66H2,1-10H3,(H2,67,85)(H2,68,86)(H,69,105)(H,70,106)(H,71,87)(H,72,99)(H,73,102)(H,74,95)(H,75,96)(H,76,107)(H,77,101)(H,78,94)(H,79,97)(H,80,98)(H,81,100)(H,82,103)(H,83,104)(H,88,89)(H,90,91)(H,92,93)(H,108,109)/t29-,30+,31-,32-,33-,34-,35-,36-,37-,38-,39-,40-,41-,48-,49-,50-/m0/s1",NSPHQWLKCGGCQR-DLJDZFDSSA-N,5208,plecanatide,467426-54-6
CCC(C)C(NC(=O)C(CO)NC(=O)C(CCCCN)NC(=O)CNC(=O)C(CCCCN)NC(=O)C(CC(=O)O)NC(=O)C(Cc1c[nH]cn1)NC(=O)C(CC(C)C)NC(=O)C(CC(C)C)NC(=O)C(CCC(N)=O)NC(=O)C(Cc1c[nH]cn1)NC(=O)C(CCC(=O)O)NC(=O)C(CO)NC(=O)C(NC(=O)C(C)N)C(C)C)C(=O)NC(CCC(N)=O)C(=O)NC(CC(=O)O)C(=O)NC(CC(C)C)C(=O)NC(CCCN=C(N)N)C(=O)NC(CCCNC(=N)N)C(=O)NC(CCCNC(=N)N)C(=O)NC(CCC(=O)O)C(=O)NC(CC(C)C)C(=O)NC(CC(C)C)C(=O)NC(CCC(=O)O)C(=O)NC(CCCCN)C(=O)NC(CC(C)C)C(=O)NC(CC(C)C)C(=O)NC(C)(C)C(=O)NC(CCCCN)C(=O)NC(CC(C)C)C(=O)NC(Cc1c[nH]cn1)C(=O)NC(C(=O)NC(C)C(N)=O)C(C)O,"InChI=1S/C174H300N56O49/c1-26-93(20)136(228-165(274)126(80-232)224-141(250)101(39-28-32-56-176)200-129(236)78-195-140(249)100(38-27-31-55-175)201-161(270)123(73-133(243)244)223-160(269)121(71-98-76-190-82-197-98)220-158(267)118(68-90(14)15)216-155(264)114(64-86(6)7)213-148(257)107(45-50-127(180)234)207-159(268)120(70-97-75-189-81-196-97)219-151(260)111(49-54-132(241)242)209-164(273)125(79-231)225-167(276)135(92(18)19)227-139(248)94(21)179)168(277)210-108(46-51-128(181)235)149(258)222-124(74-134(245)246)162(271)217-112(62-84(2)3)152(261)205-105(44-37-61-194-173(187)188)143(252)203-103(42-35-59-192-171(183)184)142(251)204-104(43-36-60-193-172(185)186)144(253)206-110(48-53-131(239)240)150(259)214-115(65-87(8)9)154(263)215-113(63-85(4)5)153(262)208-109(47-52-130(237)238)147(256)202-102(40-29-33-57-177)145(254)211-116(66-88(10)11)156(265)218-119(69-91(16)17)166(275)230-174(24,25)170(279)226-106(41-30-34-58-178)146(255)212-117(67-89(12)13)157(266)221-122(72-99-77-191-83-198-99)163(272)229-137(96(23)233)169(278)199-95(22)138(182)247/h75-77,81-96,100-126,135-137,231-233H,26-74,78-80,175-179H2,1-25H3,(H2,180,234)(H2,181,235)(H2,182,247)(H,189,196)(H,190,197)(H,191,198)(H,195,249)(H,199,278)(H,200,236)(H,201,270)(H,202,256)(H,203,252)(H,204,251)(H,205,261)(H,206,253)(H,207,268)(H,208,262)(H,209,273)(H,210,277)(H,211,254)(H,212,255)(H,213,257)(H,214,259)(H,215,263)(H,216,264)(H,217,271)(H,218,265)(H,219,260)(H,220,267)(H,221,266)(H,222,258)(H,223,269)(H,224,250)(H,225,276)(H,226,279)(H,227,248)(H,228,274)(H,229,272)(H,230,275)(H,237,238)(H,239,240)(H,241,242)(H,243,244)(H,245,246)(H4,183,184,192)(H4,185,186,193)(H4,187,188,194)/t93-,94-,95-,96+,100-,101-,102-,103-,104-,105-,106-,107-,108-,109-,110-,111-,112-,113-,114-,115-,116-,117-,118-,119-,120-,121-,122-,123-,124-,125-,126-,135-,136-,137-/m0/s1",BVISQZFBLRSESR-XSCWXTNMSA-N,5232,abaloparatide,247062-33-5
CCC1C2CN(C(=O)C(C(C)(C)C)NC(=O)OC3CC3CCCCC(F)(F)c3nc4ccc(OC)cc4nc3O2)C1C(=O)NC1(C(=O)NS(=O)(=O)C2(C)CC2)CC1C(F)F,"InChI=1S/C40H52F4N6O9S/c1-7-22-27-19-50(28(22)32(51)48-39(18-23(39)31(41)42)35(53)49-60(55,56)38(5)14-15-38)34(52)30(37(2,3)4)47-36(54)59-26-16-20(26)10-8-9-13-40(43,44)29-33(58-27)46-25-17-21(57-6)11-12-24(25)45-29/h11-12,17,20,22-23,26-28,30-31H,7-10,13-16,18-19H2,1-6H3,(H,47,54)(H,48,51)(H,49,53)/t20-,22-,23+,26-,27+,28+,30-,39-/m1/s1",MZBLZLWXUBZHSL-FZNJKFJKSA-N,5242,voxilaprevir,1535212-07-7
CC(C)(C)C1NC(=O)OC2CCCC2OCC=CC(F)(F)c2nc3ccccc3nc2OC2CC(C(=O)NC3(C(=O)NS(=O)(=O)C4(C)CC4)CC3C(F)F)N(C2)C1=O,"InChI=1S/C38H46F4N6O9S/c1-35(2,3)28-32(50)48-19-20(17-24(48)30(49)46-37(18-21(37)29(39)40)33(51)47-58(53,54)36(4)14-15-36)56-31-27(43-22-9-5-6-10-23(22)44-31)38(41,42)13-8-16-55-25-11-7-12-26(25)57-34(52)45-28/h5-6,8-10,13,20-21,24-26,28-29H,7,11-12,14-19H2,1-4H3,(H,45,52)(H,46,49)(H,47,51)/b13-8+/t20-,21+,24+,25-,26-,28-,37-/m1/s1",MLSQGNCUYAMAHD-ITNVBOSISA-N,5243,glecaprevir,1365970-03-1
CCCCC1OC(=O)c2ccccc21,"InChI=1S/C12H14O2/c1-2-3-8-11-9-6-4-5-7-10(9)12(13)14-11/h4-7,11H,2-3,8H2,1H3",HJXMNVQARNZTEE-UHFFFAOYSA-N,5257,butylphthalide,6066-49-5
Cc1nn(C)cc1S(=O)(=O)NC(=O)c1ccc(-n2ccc(OCC(C)(C)C(F)(F)F)n2)nc1N1CC(C)CC1(C)C,"InChI=1S/C26H34F3N7O4S/c1-16-12-25(5,6)35(13-16)22-18(23(37)33-41(38,39)19-14-34(7)31-17(19)2)8-9-20(30-22)36-11-10-21(32-36)40-15-24(3,4)26(27,28)29/h8-11,14,16H,12-13,15H2,1-7H3,(H,33,37)/t16-/m0/s1",MVRHVFSOIWFBTE-INIZCTEOSA-N,5372,elexacaftor,2216712-66-0
COc1ccsc1CNCCC1(c2ccccn2)CCOC2(CCCC2)C1,"InChI=1S/C22H30N2O2S/c1-25-18-7-15-27-19(18)16-23-13-10-21(20-6-2-5-12-24-20)11-14-26-22(17-21)8-3-4-9-22/h2,5-7,12,15,23H,3-4,8-11,13-14,16-17H2,1H3/t21-/m1/s1",DMNOVGJWPASQDL-OAQYLSRUSA-N,5406,oliceridine,1401028-24-7
NC(=O)N1CCC(CC(=O)N2CCC(C3c4ncc(Br)cc4CCc4cc(Cl)cc(Br)c43)CC2)CC1,"InChI=1S/C27H31Br2ClN4O2/c28-20-12-19-2-1-18-13-21(30)14-22(29)24(18)25(26(19)32-15-20)17-5-9-33(10-6-17)23(35)11-16-3-7-34(8-4-16)27(31)36/h12-17,25H,1-11H2,(H2,31,36)/t25-/m1/s1",DHMTURDWPRKSOA-RUZDIDTESA-N,5414,lonafarnib,193275-84-2
CC(=O)NC(CCCN=C(N)N)C(=O)NC1CSSCC(C(N)=O)NC(=O)C(Cc2c[nH]c3ccccc23)NC(=O)C(CCCN=C(N)N)NC(=O)C(Cc2ccccc2)NC(=O)C(Cc2c[nH]cn2)NC(=O)C(C)NC1=O,"InChI=1S/C49H68N18O9S2/c1-26-41(70)63-37(20-30-22-55-25-59-30)46(75)64-35(18-28-10-4-3-5-11-28)44(73)62-34(15-9-17-57-49(53)54)43(72)65-36(19-29-21-58-32-13-7-6-12-31(29)32)45(74)66-38(40(50)69)23-77-78-24-39(47(76)60-26)67-42(71)33(61-27(2)68)14-8-16-56-48(51)52/h3-7,10-13,21-22,25-26,33-39,58H,8-9,14-20,23-24H2,1-2H3,(H2,50,69)(H,55,59)(H,60,76)(H,61,68)(H,62,73)(H,63,70)(H,64,75)(H,65,72)(H,66,74)(H,67,71)(H4,51,52,56)(H4,53,54,57)/t26-,33+,34+,35-,36+,37+,38+,39+/m1/s1",HDHDTKMUACZDAA-PHNIDTBTSA-N,5416,setmelanotide,920014-72-8
O=C(c1cc(Cl)c(O)c(Cl)c1)N1CS(=O)(=O)c2ccccc21,"InChI=1S/C14H9Cl2NO4S/c15-9-5-8(6-10(16)13(9)18)14(19)17-7-22(20,21)12-4-2-1-3-11(12)17/h1-6,18H,7H2",VOFLAIHEELWYGO-UHFFFAOYSA-N,5425,dotinurad,1285572-51-1
CC1CN(C(=O)CC#N)C12CCN(c1ncnc3[nH]ccc13)C2,"InChI=1S/C16H18N6O/c1-11-8-22(13(23)2-5-17)16(11)4-7-21(9-16)15-12-3-6-18-14(12)19-10-20-15/h3,6,10-11H,2,4,7-9H2,1H3,(H,18,19,20)/t11-,16-/m0/s1",LOWWYYZBZNSPDT-ZBEGNZNMSA-N,5426,delgocitinib,1263774-59-9
O=C(Cc1ccc(-c2ccc(OCCN3CCOCC3)cc2)cn1)NCc1ccccc1,"InChI=1S/C26H29N3O3/c30-26(28-19-21-4-2-1-3-5-21)18-24-9-6-23(20-27-24)22-7-10-25(11-8-22)32-17-14-29-12-15-31-16-13-29/h1-11,20H,12-19H2,(H,28,30)",HUNGUWOZPQBXGX-UHFFFAOYSA-N,5431,tirbanibulin,897016-82-9
CC1COC2Cn3cc(C(=O)NCc4ccc(F)cc4F)c(=O)c(O)c3C(=O)N12,"InChI=1S/C19H17F2N3O5/c1-9-8-29-14-7-23-6-12(16(25)17(26)15(23)19(28)24(9)14)18(27)22-5-10-2-3-11(20)4-13(10)21/h2-4,6,9,14,26H,5,7-8H2,1H3,(H,22,27)/t9-,14+/m0/s1",WCWSTNLSLKSJPK-LKFCYVNXSA-N,5440,cabotegravir,1051375-10-0
CN1CCN(c2ccc(Nc3ncc4cc5n(c4n3)C3(CCCCC3)CNC5=O)nc2)CC1,"InChI=1S/C24H30N8O/c1-30-9-11-31(12-10-30)18-5-6-20(25-15-18)28-23-26-14-17-13-19-22(33)27-16-24(7-3-2-4-8-24)32(19)21(17)29-23/h5-6,13-15H,2-4,7-12,16H2,1H3,(H,27,33)(H,25,26,28,29)",PDGKHKMBHVFCMG-UHFFFAOYSA-N,5442,trilaciclib,1374743-00-6
Nc1nc(=O)c2c([nH]1)NC1OC3COP(=O)(O)OC3C(O)(O)C1N2,"InChI=1S/C10H14N5O8P/c11-9-14-6-3(7(16)15-9)12-4-8(13-6)22-2-1-21-24(19,20)23-5(2)10(4,17)18/h2,4-5,8,12,17-18H,1H2,(H,19,20)(H4,11,13,14,15,16)/t2-,4-,5+,8-/m1/s1",CZAKJJUNKNPTTO-AJFJRRQVSA-N,5444,fosdenopterin,150829-29-1
CCOC(=O)C(Cc1ccc(F)cc1)NC(=O)C(N)Cc1ccc(N(CCCl)CCCl)cc1,"InChI=1S/C24H30Cl2FN3O3/c1-2-33-24(32)22(16-18-3-7-19(27)8-4-18)29-23(31)21(28)15-17-5-9-20(10-6-17)30(13-11-25)14-12-26/h3-10,21-22H,2,11-16,28H2,1H3,(H,29,31)/t21-,22-/m0/s1",YQZNKYXGZSVEHI-VXKWHMMOSA-N,5445,melphalan flufenamide,380449-51-4
CCCN=C1SC(=Cc2ccc(OCC(O)CO)c(Cl)c2)C(=O)N1c1ccccc1C,"InChI=1S/C23H25ClN2O4S/c1-3-10-25-23-26(19-7-5-4-6-15(19)2)22(29)21(31-23)12-16-8-9-20(18(24)11-16)30-14-17(28)13-27/h4-9,11-12,17,27-28H,3,10,13-14H2,1-2H3/b21-12-,25-23?/t17-/m1/s1",LPAUOXUZGSBGDU-ULCCENQXSA-N,5446,ponesimod,854107-55-4
CC(C)CC(NC(=O)C(Cc1c[nH]c2ccccc12)NC(=O)C(CCCCN)NC(=O)C(NC(=O)C(Cc1ccccc1)NC(=O)C(CCC(=O)O)NC(=O)C(CCC(=O)O)NC(=O)C(C)NC(=O)C(CCCN=C(N)N)NC(=O)C(C)NC(=O)C(C)(C)NC(=O)C(CC(=O)O)NC(=O)C(CC(C)C)NC(=O)C(Cc1ccc(O)cc1)NC(=O)C(CCCCN)NC(=O)C(CO)NC(=O)C(Cc1ccc(O)cc1)NC(=O)C(CC(=O)O)NC(=O)C(CO)NC(=O)C(NC(=O)C(Cc1ccccc1)NC(=O)C(NC(=O)CNC(=O)C(CCC(N)=O)NC(=O)C(CO)NC(=O)C(N)Cc1c[nH]cn1)C(C)O)C(C)O)C(C)C)C(=O)NC(CCC(=O)O)C(=O)NC(CO)C(=O)NC(C(=O)O)C(C)O,"InChI=1S/C152H222N38O50/c1-73(2)55-99(133(222)171-98(47-51-116(206)207)132(221)183-111(71-194)144(233)189-122(80(11)197)149(238)239)174-137(226)105(61-85-65-161-91-32-21-20-31-89(85)91)178-129(218)93(34-23-25-53-154)172-146(235)119(75(5)6)187-139(228)103(57-81-27-16-14-17-28-81)176-131(220)97(46-50-115(204)205)170-130(219)96(45-49-114(202)203)167-123(212)76(7)164-127(216)94(35-26-54-160-151(157)158)166-124(213)77(8)165-150(240)152(12,13)190-145(234)107(64-118(210)211)180-134(223)100(56-74(3)4)173-135(224)101(59-83-36-40-87(198)41-37-83)175-128(217)92(33-22-24-52-153)168-142(231)109(69-192)184-136(225)102(60-84-38-42-88(199)43-39-84)177-138(227)106(63-117(208)209)179-143(232)110(70-193)185-148(237)121(79(10)196)188-140(229)104(58-82-29-18-15-19-30-82)181-147(236)120(78(9)195)186-113(201)67-162-126(215)95(44-48-112(156)200)169-141(230)108(68-191)182-125(214)90(155)62-86-66-159-72-163-86/h14-21,27-32,36-43,65-66,72-80,90,92-111,119-122,161,191-199H,22-26,33-35,44-64,67-71,153-155H2,1-13H3,(H2,156,200)(H,159,163)(H,162,215)(H,164,216)(H,165,240)(H,166,213)(H,167,212)(H,168,231)(H,169,230)(H,170,219)(H,171,222)(H,172,235)(H,173,224)(H,174,226)(H,175,217)(H,176,220)(H,177,227)(H,178,218)(H,179,232)(H,180,223)(H,181,236)(H,182,214)(H,183,221)(H,184,225)(H,185,237)(H,186,201)(H,187,228)(H,188,229)(H,189,233)(H,190,234)(H,202,203)(H,204,205)(H,206,207)(H,208,209)(H,210,211)(H,238,239)(H4,157,158,160)/t76-,77-,78+,79+,80+,90-,92-,93-,94-,95-,96-,97-,98-,99-,100-,101-,102-,103-,104-,105-,106-,107-,108-,109-,110-,111-,119-,120-,121-,122-/m0/s1",RZRMFQMNPDPAIX-AJTOSFMRSA-N,5447,dasiglucagon,1544300-84-6
COC(=O)C(c1ccccc1)C1CCCCN1C(=O)OC[n+]1cccc(C(=O)NC(CO)C(=O)[O-])c1,"InChI=1S/C25H29N3O8/c1-35-24(33)21(17-8-3-2-4-9-17)20-11-5-6-13-28(20)25(34)36-16-27-12-7-10-18(14-27)22(30)26-19(15-29)23(31)32/h2-4,7-10,12,14,19-21,29H,5-6,11,13,15-16H2,1H3,(H-,26,30,31,32)/t19-,20+,21+/m0/s1",UBZPNQRBUOBBLN-PWRODBHTSA-N,5448,serdexmethylphenidate,1996626-30-2
CC12CCC3c4ccc(O)cc4CCC3C1C(O)C(O)C2O,"InChI=1S/C18H24O4/c1-18-7-6-12-11-5-3-10(19)8-9(11)2-4-13(12)14(18)15(20)16(21)17(18)22/h3,5,8,12-17,19-22H,2,4,6-7H2,1H3/t12-,13-,14-,15-,16-,17+,18+/m1/s1",AJIPIJNNOJSSQC-NYLIRDPKSA-N,5450,estetrol,15183-37-6
O=C(O)CCC(NC(=O)NC(CCCCNC(=O)c1ccc(F)nc1)C(=O)O)C(=O)O,,,5458,piflufolastat F-18,1207181-29-0
CCN1CCN(c2ccc(Nc3cc(N(C)C(=O)Nc4c(Cl)c(OC)cc(OC)c4Cl)ncn3)cc2)CC1,"InChI=1S/C26H31Cl2N7O3/c1-5-34-10-12-35(13-11-34)18-8-6-17(7-9-18)31-21-15-22(30-16-29-21)33(2)26(36)32-25-23(27)19(37-3)14-20(38-4)24(25)28/h6-9,14-16H,5,10-13H2,1-4H3,(H,32,36)(H,29,30,31)",QADPYRIHXKWUSV-UHFFFAOYSA-N,5459,infigratinib,872511-34-7
NC(=O)c1ccc2c(c1O)C13CCN(CC4CC4)C(C2)C1(O)CCC(=O)C3,"InChI=1S/C21H26N2O4/c22-19(26)15-4-3-13-9-16-21(27)6-5-14(24)10-20(21,17(13)18(15)25)7-8-23(16)11-12-1-2-12/h3-4,12,16,25,27H,1-2,5-11H2,(H2,22,26)",RYIDHLJADOKWFM-UHFFFAOYSA-N,5460,samidorphan,852626-89-2
