STITCH_ID,Drug_Name,SMILES,Respiratory_Patterns
CID100000159,prostacyclin,"<!DOCTYPE html PUBLIC ""-//W3C//DTD XHTML 1.1//EN"" ""http://www.w3.org/TR/xhtml11/DTD/xhtml11.dtd""> 
<html>
<head>
<title>NCBI - WWW Error Blocked Diagnostic</title>
<meta http-equiv=""Content-Type"" content=""text/html; charset=utf-8"" />
<meta http-equiv=""pragma"" content=""no-cache"" />
<meta http-equiv=""cache-control"" content=""no-cache"" />
<meta name=""robots"" content=""noarchive,none"" />

<style type=""text/css"">
body {
min-width: 950px;
_width: 950px;
}
h1.error {color: red; font-size: 40pt}

#mainContent {
padding: 1em 2em;
}

dl#diags {
padding: 0.5em 0.5em 1.5em 0.5em;
padding-left: 2em;
border: solid 1px #888;
border-left: none;
border-right: none;
margin-bottom:0;
background-color:#eeeeee;
color:#666;
font-size: 80%;
_font-size: 70%;
font-family: Verdana, sans-serif;
}

dl#diags dt {
float: left;
font-weight: bold;
width: auto;
}

dl#diags dd {
margin-left:1em;
float: left;
margin-right: 2em;
}

#footer span {
float: left;
color: #888;
font-size: 80%;
}

#footer {
text-align: right;
padding: 0 0.5em;
clear: left;
}

#footer img {
border: none;
}

.ncbi {
margin: 0;
padding:0;
font-size:240%;
font-weight: bold;
font-family: Times, serif;
color: #336699;
float: left;
display: inline;
}

.ncbi a {
text-decoration: none;
color: #336699;
}

.ncbi a:visited {
text-decoration: none;
color: #336699;
}

.ncbi a:hover {
text-decoration: underline;
}

.message {
font-family: Verdana, sans-serif;
background-color: #336699;
color: white;
padding: .35em;
margin-left: 7em;
margin-top: .67em;
_margin-top: 0.5em;
font-weight: bold;
font-size: 100%;
margin-bottom: 0;
}

h1 {
clear: left;
font-size: 110%;
font-family: Verdana, sans-serif;
}


body.denied {
background-color: black;
color: white;
}

body.denied h1 {
color: red;
}

body.denied a {
color: green;
}

body.denied #footer, body.denied #diags {
color: black;
}

#searchme:focus {
background-color: #ffa;
}

.errurl {
letter-spacing: 0;
margin: 0 1em;
padding: 0.25em;
background-color: #fff0f0;
color: #c00;
font-family: ""Courier New"", Courier, monospace;
font-size: 90%;
_font-size: 80%;
}

body.denied .errurl {
background-color: black;
color: yellow;
}

span.x {
display: none;
}

</style>

</head>
<body class='denied'>



<div id='header'>
<a href=""#mainContent"" title=""Skip to main content"" />
<p class=""ncbi""><a href=""http://www.ncbi.nlm.nih.gov"">NCBI</a></p>
<p class=""message"">Error</p>
</div>

<div id='mainContent'>


<h1 class=""error"">Access Denied</h1>


<p>
Your access to the NCBI website at <b>www.ncbi.nlm.nih.gov</b> has been
temporarily blocked due to a possible misuse/abuse situation
involving your site. This is not an indication of a security issue
such as a virus or attack. It could be something as simple as a run
away script or learning how to better use E-utilities,
<a href=""http://www.ncbi.nlm.nih.gov/books/NBK25497/"">http://www.ncbi.nlm.nih.gov/books/NBK25497/</a>,
for more efficient work such that your work does not impact the ability of other researchers
to also use our site.
To restore access and understand how to better interact with our site
to avoid this in the future, please have your system administrator
contact 
<a href=""mailto:info@ncbi.nlm.nih.gov?subject=NCBI Web site BLOCKED: 14.186.125.174&amp;body=%3E%20Error%3Dblocked for possible abuse%0D%3E%20Server%3Dmisuse.ncbi.nlm.nih.gov%0D%3E%20Client%3D14.186.125.174%0D%3E%20Time%3DWednesday, 23-Sep-2026 08:25:39 EDT  %0D%0DPlease%20enter%20comments%20below:%0D%0D"">info@ncbi.nlm.nih.gov</a>.
</p>

</div>

<dl id='diags'>

<dt>Error</dt><dd>blocked for possible abuse </dd>
<dt>Server</dt><dd>misuse.ncbi.nlm.nih.gov</dd>
<dt>Client</dt><dd>14.186.125.174</dd>
<dt>Time</dt><dd>Wednesday, 23-Sep-2026 08:25:39 EDT</dd>

</dl>
 

<p id='footer'>
<a href=""https://www.hhs.gov/vulnerability-disclosure-policy/index.html"">HHS Vulnerability Disclosure</a><br>
<span id='rev'>Rev. 05/18/15</span>
</p>

</body>
</html>",Pleural effusion; Pulmonary embolism; Pulmonary oedema
CID100000206,glucose,"<!DOCTYPE html PUBLIC ""-//W3C//DTD XHTML 1.1//EN"" ""http://www.w3.org/TR/xhtml11/DTD/xhtml11.dtd""> 
<html>
<head>
<title>NCBI - WWW Error Blocked Diagnostic</title>
<meta http-equiv=""Content-Type"" content=""text/html; charset=utf-8"" />
<meta http-equiv=""pragma"" content=""no-cache"" />
<meta http-equiv=""cache-control"" content=""no-cache"" />
<meta name=""robots"" content=""noarchive,none"" />

<style type=""text/css"">
body {
min-width: 950px;
_width: 950px;
}
h1.error {color: red; font-size: 40pt}

#mainContent {
padding: 1em 2em;
}

dl#diags {
padding: 0.5em 0.5em 1.5em 0.5em;
padding-left: 2em;
border: solid 1px #888;
border-left: none;
border-right: none;
margin-bottom:0;
background-color:#eeeeee;
color:#666;
font-size: 80%;
_font-size: 70%;
font-family: Verdana, sans-serif;
}

dl#diags dt {
float: left;
font-weight: bold;
width: auto;
}

dl#diags dd {
margin-left:1em;
float: left;
margin-right: 2em;
}

#footer span {
float: left;
color: #888;
font-size: 80%;
}

#footer {
text-align: right;
padding: 0 0.5em;
clear: left;
}

#footer img {
border: none;
}

.ncbi {
margin: 0;
padding:0;
font-size:240%;
font-weight: bold;
font-family: Times, serif;
color: #336699;
float: left;
display: inline;
}

.ncbi a {
text-decoration: none;
color: #336699;
}

.ncbi a:visited {
text-decoration: none;
color: #336699;
}

.ncbi a:hover {
text-decoration: underline;
}

.message {
font-family: Verdana, sans-serif;
background-color: #336699;
color: white;
padding: .35em;
margin-left: 7em;
margin-top: .67em;
_margin-top: 0.5em;
font-weight: bold;
font-size: 100%;
margin-bottom: 0;
}

h1 {
clear: left;
font-size: 110%;
font-family: Verdana, sans-serif;
}


body.denied {
background-color: black;
color: white;
}

body.denied h1 {
color: red;
}

body.denied a {
color: green;
}

body.denied #footer, body.denied #diags {
color: black;
}

#searchme:focus {
background-color: #ffa;
}

.errurl {
letter-spacing: 0;
margin: 0 1em;
padding: 0.25em;
background-color: #fff0f0;
color: #c00;
font-family: ""Courier New"", Courier, monospace;
font-size: 90%;
_font-size: 80%;
}

body.denied .errurl {
background-color: black;
color: yellow;
}

span.x {
display: none;
}

</style>

</head>
<body class='denied'>



<div id='header'>
<a href=""#mainContent"" title=""Skip to main content"" />
<p class=""ncbi""><a href=""http://www.ncbi.nlm.nih.gov"">NCBI</a></p>
<p class=""message"">Error</p>
</div>

<div id='mainContent'>


<h1 class=""error"">Access Denied</h1>


<p>
Your access to the NCBI website at <b>www.ncbi.nlm.nih.gov</b> has been
temporarily blocked due to a possible misuse/abuse situation
involving your site. This is not an indication of a security issue
such as a virus or attack. It could be something as simple as a run
away script or learning how to better use E-utilities,
<a href=""http://www.ncbi.nlm.nih.gov/books/NBK25497/"">http://www.ncbi.nlm.nih.gov/books/NBK25497/</a>,
for more efficient work such that your work does not impact the ability of other researchers
to also use our site.
To restore access and understand how to better interact with our site
to avoid this in the future, please have your system administrator
contact 
<a href=""mailto:info@ncbi.nlm.nih.gov?subject=NCBI Web site BLOCKED: 14.186.125.174&amp;body=%3E%20Error%3Dblocked for possible abuse%0D%3E%20Server%3Dmisuse.ncbi.nlm.nih.gov%0D%3E%20Client%3D14.186.125.174%0D%3E%20Time%3DWednesday, 23-Sep-2026 08:25:43 EDT  %0D%0DPlease%20enter%20comments%20below:%0D%0D"">info@ncbi.nlm.nih.gov</a>.
</p>

</div>

<dl id='diags'>

<dt>Error</dt><dd>blocked for possible abuse </dd>
<dt>Server</dt><dd>misuse.ncbi.nlm.nih.gov</dd>
<dt>Client</dt><dd>14.186.125.174</dd>
<dt>Time</dt><dd>Wednesday, 23-Sep-2026 08:25:43 EDT</dd>

</dl>
 

<p id='footer'>
<a href=""https://www.hhs.gov/vulnerability-disclosure-policy/index.html"">HHS Vulnerability Disclosure</a><br>
<span id='rev'>Rev. 05/18/15</span>
</p>

</body>
</html>",Pulmonary embolism
CID100000444,bupropion,"<!DOCTYPE html PUBLIC ""-//W3C//DTD XHTML 1.1//EN"" ""http://www.w3.org/TR/xhtml11/DTD/xhtml11.dtd""> 
<html>
<head>
<title>NCBI - WWW Error Blocked Diagnostic</title>
<meta http-equiv=""Content-Type"" content=""text/html; charset=utf-8"" />
<meta http-equiv=""pragma"" content=""no-cache"" />
<meta http-equiv=""cache-control"" content=""no-cache"" />
<meta name=""robots"" content=""noarchive,none"" />

<style type=""text/css"">
body {
min-width: 950px;
_width: 950px;
}
h1.error {color: red; font-size: 40pt}

#mainContent {
padding: 1em 2em;
}

dl#diags {
padding: 0.5em 0.5em 1.5em 0.5em;
padding-left: 2em;
border: solid 1px #888;
border-left: none;
border-right: none;
margin-bottom:0;
background-color:#eeeeee;
color:#666;
font-size: 80%;
_font-size: 70%;
font-family: Verdana, sans-serif;
}

dl#diags dt {
float: left;
font-weight: bold;
width: auto;
}

dl#diags dd {
margin-left:1em;
float: left;
margin-right: 2em;
}

#footer span {
float: left;
color: #888;
font-size: 80%;
}

#footer {
text-align: right;
padding: 0 0.5em;
clear: left;
}

#footer img {
border: none;
}

.ncbi {
margin: 0;
padding:0;
font-size:240%;
font-weight: bold;
font-family: Times, serif;
color: #336699;
float: left;
display: inline;
}

.ncbi a {
text-decoration: none;
color: #336699;
}

.ncbi a:visited {
text-decoration: none;
color: #336699;
}

.ncbi a:hover {
text-decoration: underline;
}

.message {
font-family: Verdana, sans-serif;
background-color: #336699;
color: white;
padding: .35em;
margin-left: 7em;
margin-top: .67em;
_margin-top: 0.5em;
font-weight: bold;
font-size: 100%;
margin-bottom: 0;
}

h1 {
clear: left;
font-size: 110%;
font-family: Verdana, sans-serif;
}


body.denied {
background-color: black;
color: white;
}

body.denied h1 {
color: red;
}

body.denied a {
color: green;
}

body.denied #footer, body.denied #diags {
color: black;
}

#searchme:focus {
background-color: #ffa;
}

.errurl {
letter-spacing: 0;
margin: 0 1em;
padding: 0.25em;
background-color: #fff0f0;
color: #c00;
font-family: ""Courier New"", Courier, monospace;
font-size: 90%;
_font-size: 80%;
}

body.denied .errurl {
background-color: black;
color: yellow;
}

span.x {
display: none;
}

</style>

</head>
<body class='denied'>



<div id='header'>
<a href=""#mainContent"" title=""Skip to main content"" />
<p class=""ncbi""><a href=""http://www.ncbi.nlm.nih.gov"">NCBI</a></p>
<p class=""message"">Error</p>
</div>

<div id='mainContent'>


<h1 class=""error"">Access Denied</h1>


<p>
Your access to the NCBI website at <b>www.ncbi.nlm.nih.gov</b> has been
temporarily blocked due to a possible misuse/abuse situation
involving your site. This is not an indication of a security issue
such as a virus or attack. It could be something as simple as a run
away script or learning how to better use E-utilities,
<a href=""http://www.ncbi.nlm.nih.gov/books/NBK25497/"">http://www.ncbi.nlm.nih.gov/books/NBK25497/</a>,
for more efficient work such that your work does not impact the ability of other researchers
to also use our site.
To restore access and understand how to better interact with our site
to avoid this in the future, please have your system administrator
contact 
<a href=""mailto:info@ncbi.nlm.nih.gov?subject=NCBI Web site BLOCKED: 14.186.125.174&amp;body=%3E%20Error%3Dblocked for possible abuse%0D%3E%20Server%3Dmisuse.ncbi.nlm.nih.gov%0D%3E%20Client%3D14.186.125.174%0D%3E%20Time%3DWednesday, 23-Sep-2026 08:25:46 EDT  %0D%0DPlease%20enter%20comments%20below:%0D%0D"">info@ncbi.nlm.nih.gov</a>.
</p>

</div>

<dl id='diags'>

<dt>Error</dt><dd>blocked for possible abuse </dd>
<dt>Server</dt><dd>misuse.ncbi.nlm.nih.gov</dd>
<dt>Client</dt><dd>14.186.125.174</dd>
<dt>Time</dt><dd>Wednesday, 23-Sep-2026 08:25:46 EDT</dd>

</dl>
 

<p id='footer'>
<a href=""https://www.hhs.gov/vulnerability-disclosure-policy/index.html"">HHS Vulnerability Disclosure</a><br>
<span id='rev'>Rev. 05/18/15</span>
</p>

</body>
</html>",Pulmonary embolism
CID100000450,estradiol,"<!DOCTYPE html PUBLIC ""-//W3C//DTD XHTML 1.1//EN"" ""http://www.w3.org/TR/xhtml11/DTD/xhtml11.dtd""> 
<html>
<head>
<title>NCBI - WWW Error Blocked Diagnostic</title>
<meta http-equiv=""Content-Type"" content=""text/html; charset=utf-8"" />
<meta http-equiv=""pragma"" content=""no-cache"" />
<meta http-equiv=""cache-control"" content=""no-cache"" />
<meta name=""robots"" content=""noarchive,none"" />

<style type=""text/css"">
body {
min-width: 950px;
_width: 950px;
}
h1.error {color: red; font-size: 40pt}

#mainContent {
padding: 1em 2em;
}

dl#diags {
padding: 0.5em 0.5em 1.5em 0.5em;
padding-left: 2em;
border: solid 1px #888;
border-left: none;
border-right: none;
margin-bottom:0;
background-color:#eeeeee;
color:#666;
font-size: 80%;
_font-size: 70%;
font-family: Verdana, sans-serif;
}

dl#diags dt {
float: left;
font-weight: bold;
width: auto;
}

dl#diags dd {
margin-left:1em;
float: left;
margin-right: 2em;
}

#footer span {
float: left;
color: #888;
font-size: 80%;
}

#footer {
text-align: right;
padding: 0 0.5em;
clear: left;
}

#footer img {
border: none;
}

.ncbi {
margin: 0;
padding:0;
font-size:240%;
font-weight: bold;
font-family: Times, serif;
color: #336699;
float: left;
display: inline;
}

.ncbi a {
text-decoration: none;
color: #336699;
}

.ncbi a:visited {
text-decoration: none;
color: #336699;
}

.ncbi a:hover {
text-decoration: underline;
}

.message {
font-family: Verdana, sans-serif;
background-color: #336699;
color: white;
padding: .35em;
margin-left: 7em;
margin-top: .67em;
_margin-top: 0.5em;
font-weight: bold;
font-size: 100%;
margin-bottom: 0;
}

h1 {
clear: left;
font-size: 110%;
font-family: Verdana, sans-serif;
}


body.denied {
background-color: black;
color: white;
}

body.denied h1 {
color: red;
}

body.denied a {
color: green;
}

body.denied #footer, body.denied #diags {
color: black;
}

#searchme:focus {
background-color: #ffa;
}

.errurl {
letter-spacing: 0;
margin: 0 1em;
padding: 0.25em;
background-color: #fff0f0;
color: #c00;
font-family: ""Courier New"", Courier, monospace;
font-size: 90%;
_font-size: 80%;
}

body.denied .errurl {
background-color: black;
color: yellow;
}

span.x {
display: none;
}

</style>

</head>
<body class='denied'>



<div id='header'>
<a href=""#mainContent"" title=""Skip to main content"" />
<p class=""ncbi""><a href=""http://www.ncbi.nlm.nih.gov"">NCBI</a></p>
<p class=""message"">Error</p>
</div>

<div id='mainContent'>


<h1 class=""error"">Access Denied</h1>


<p>
Your access to the NCBI website at <b>www.ncbi.nlm.nih.gov</b> has been
temporarily blocked due to a possible misuse/abuse situation
involving your site. This is not an indication of a security issue
such as a virus or attack. It could be something as simple as a run
away script or learning how to better use E-utilities,
<a href=""http://www.ncbi.nlm.nih.gov/books/NBK25497/"">http://www.ncbi.nlm.nih.gov/books/NBK25497/</a>,
for more efficient work such that your work does not impact the ability of other researchers
to also use our site.
To restore access and understand how to better interact with our site
to avoid this in the future, please have your system administrator
contact 
<a href=""mailto:info@ncbi.nlm.nih.gov?subject=NCBI Web site BLOCKED: 14.186.125.174&amp;body=%3E%20Error%3Dblocked for possible abuse%0D%3E%20Server%3Dmisuse.ncbi.nlm.nih.gov%0D%3E%20Client%3D14.186.125.174%0D%3E%20Time%3DWednesday, 23-Sep-2026 08:25:50 EDT  %0D%0DPlease%20enter%20comments%20below:%0D%0D"">info@ncbi.nlm.nih.gov</a>.
</p>

</div>

<dl id='diags'>

<dt>Error</dt><dd>blocked for possible abuse </dd>
<dt>Server</dt><dd>misuse.ncbi.nlm.nih.gov</dd>
<dt>Client</dt><dd>14.186.125.174</dd>
<dt>Time</dt><dd>Wednesday, 23-Sep-2026 08:25:50 EDT</dd>

</dl>
 

<p id='footer'>
<a href=""https://www.hhs.gov/vulnerability-disclosure-policy/index.html"">HHS Vulnerability Disclosure</a><br>
<span id='rev'>Rev. 05/18/15</span>
</p>

</body>
</html>",Pulmonary embolism
CID100000453,mannitol,"<!DOCTYPE html PUBLIC ""-//W3C//DTD XHTML 1.1//EN"" ""http://www.w3.org/TR/xhtml11/DTD/xhtml11.dtd""> 
<html>
<head>
<title>NCBI - WWW Error Blocked Diagnostic</title>
<meta http-equiv=""Content-Type"" content=""text/html; charset=utf-8"" />
<meta http-equiv=""pragma"" content=""no-cache"" />
<meta http-equiv=""cache-control"" content=""no-cache"" />
<meta name=""robots"" content=""noarchive,none"" />

<style type=""text/css"">
body {
min-width: 950px;
_width: 950px;
}
h1.error {color: red; font-size: 40pt}

#mainContent {
padding: 1em 2em;
}

dl#diags {
padding: 0.5em 0.5em 1.5em 0.5em;
padding-left: 2em;
border: solid 1px #888;
border-left: none;
border-right: none;
margin-bottom:0;
background-color:#eeeeee;
color:#666;
font-size: 80%;
_font-size: 70%;
font-family: Verdana, sans-serif;
}

dl#diags dt {
float: left;
font-weight: bold;
width: auto;
}

dl#diags dd {
margin-left:1em;
float: left;
margin-right: 2em;
}

#footer span {
float: left;
color: #888;
font-size: 80%;
}

#footer {
text-align: right;
padding: 0 0.5em;
clear: left;
}

#footer img {
border: none;
}

.ncbi {
margin: 0;
padding:0;
font-size:240%;
font-weight: bold;
font-family: Times, serif;
color: #336699;
float: left;
display: inline;
}

.ncbi a {
text-decoration: none;
color: #336699;
}

.ncbi a:visited {
text-decoration: none;
color: #336699;
}

.ncbi a:hover {
text-decoration: underline;
}

.message {
font-family: Verdana, sans-serif;
background-color: #336699;
color: white;
padding: .35em;
margin-left: 7em;
margin-top: .67em;
_margin-top: 0.5em;
font-weight: bold;
font-size: 100%;
margin-bottom: 0;
}

h1 {
clear: left;
font-size: 110%;
font-family: Verdana, sans-serif;
}


body.denied {
background-color: black;
color: white;
}

body.denied h1 {
color: red;
}

body.denied a {
color: green;
}

body.denied #footer, body.denied #diags {
color: black;
}

#searchme:focus {
background-color: #ffa;
}

.errurl {
letter-spacing: 0;
margin: 0 1em;
padding: 0.25em;
background-color: #fff0f0;
color: #c00;
font-family: ""Courier New"", Courier, monospace;
font-size: 90%;
_font-size: 80%;
}

body.denied .errurl {
background-color: black;
color: yellow;
}

span.x {
display: none;
}

</style>

</head>
<body class='denied'>



<div id='header'>
<a href=""#mainContent"" title=""Skip to main content"" />
<p class=""ncbi""><a href=""http://www.ncbi.nlm.nih.gov"">NCBI</a></p>
<p class=""message"">Error</p>
</div>

<div id='mainContent'>


<h1 class=""error"">Access Denied</h1>


<p>
Your access to the NCBI website at <b>www.ncbi.nlm.nih.gov</b> has been
temporarily blocked due to a possible misuse/abuse situation
involving your site. This is not an indication of a security issue
such as a virus or attack. It could be something as simple as a run
away script or learning how to better use E-utilities,
<a href=""http://www.ncbi.nlm.nih.gov/books/NBK25497/"">http://www.ncbi.nlm.nih.gov/books/NBK25497/</a>,
for more efficient work such that your work does not impact the ability of other researchers
to also use our site.
To restore access and understand how to better interact with our site
to avoid this in the future, please have your system administrator
contact 
<a href=""mailto:info@ncbi.nlm.nih.gov?subject=NCBI Web site BLOCKED: 14.186.125.174&amp;body=%3E%20Error%3Dblocked for possible abuse%0D%3E%20Server%3Dmisuse.ncbi.nlm.nih.gov%0D%3E%20Client%3D14.186.125.174%0D%3E%20Time%3DWednesday, 23-Sep-2026 08:25:53 EDT  %0D%0DPlease%20enter%20comments%20below:%0D%0D"">info@ncbi.nlm.nih.gov</a>.
</p>

</div>

<dl id='diags'>

<dt>Error</dt><dd>blocked for possible abuse </dd>
<dt>Server</dt><dd>misuse.ncbi.nlm.nih.gov</dd>
<dt>Client</dt><dd>14.186.125.174</dd>
<dt>Time</dt><dd>Wednesday, 23-Sep-2026 08:25:53 EDT</dd>

</dl>
 

<p id='footer'>
<a href=""https://www.hhs.gov/vulnerability-disclosure-policy/index.html"">HHS Vulnerability Disclosure</a><br>
<span id='rev'>Rev. 05/18/15</span>
</p>

</body>
</html>",Pulmonary oedema
CID100000564,EACA,"<!DOCTYPE html PUBLIC ""-//W3C//DTD XHTML 1.1//EN"" ""http://www.w3.org/TR/xhtml11/DTD/xhtml11.dtd""> 
<html>
<head>
<title>NCBI - WWW Error Blocked Diagnostic</title>
<meta http-equiv=""Content-Type"" content=""text/html; charset=utf-8"" />
<meta http-equiv=""pragma"" content=""no-cache"" />
<meta http-equiv=""cache-control"" content=""no-cache"" />
<meta name=""robots"" content=""noarchive,none"" />

<style type=""text/css"">
body {
min-width: 950px;
_width: 950px;
}
h1.error {color: red; font-size: 40pt}

#mainContent {
padding: 1em 2em;
}

dl#diags {
padding: 0.5em 0.5em 1.5em 0.5em;
padding-left: 2em;
border: solid 1px #888;
border-left: none;
border-right: none;
margin-bottom:0;
background-color:#eeeeee;
color:#666;
font-size: 80%;
_font-size: 70%;
font-family: Verdana, sans-serif;
}

dl#diags dt {
float: left;
font-weight: bold;
width: auto;
}

dl#diags dd {
margin-left:1em;
float: left;
margin-right: 2em;
}

#footer span {
float: left;
color: #888;
font-size: 80%;
}

#footer {
text-align: right;
padding: 0 0.5em;
clear: left;
}

#footer img {
border: none;
}

.ncbi {
margin: 0;
padding:0;
font-size:240%;
font-weight: bold;
font-family: Times, serif;
color: #336699;
float: left;
display: inline;
}

.ncbi a {
text-decoration: none;
color: #336699;
}

.ncbi a:visited {
text-decoration: none;
color: #336699;
}

.ncbi a:hover {
text-decoration: underline;
}

.message {
font-family: Verdana, sans-serif;
background-color: #336699;
color: white;
padding: .35em;
margin-left: 7em;
margin-top: .67em;
_margin-top: 0.5em;
font-weight: bold;
font-size: 100%;
margin-bottom: 0;
}

h1 {
clear: left;
font-size: 110%;
font-family: Verdana, sans-serif;
}


body.denied {
background-color: black;
color: white;
}

body.denied h1 {
color: red;
}

body.denied a {
color: green;
}

body.denied #footer, body.denied #diags {
color: black;
}

#searchme:focus {
background-color: #ffa;
}

.errurl {
letter-spacing: 0;
margin: 0 1em;
padding: 0.25em;
background-color: #fff0f0;
color: #c00;
font-family: ""Courier New"", Courier, monospace;
font-size: 90%;
_font-size: 80%;
}

body.denied .errurl {
background-color: black;
color: yellow;
}

span.x {
display: none;
}

</style>

</head>
<body class='denied'>



<div id='header'>
<a href=""#mainContent"" title=""Skip to main content"" />
<p class=""ncbi""><a href=""http://www.ncbi.nlm.nih.gov"">NCBI</a></p>
<p class=""message"">Error</p>
</div>

<div id='mainContent'>


<h1 class=""error"">Access Denied</h1>


<p>
Your access to the NCBI website at <b>www.ncbi.nlm.nih.gov</b> has been
temporarily blocked due to a possible misuse/abuse situation
involving your site. This is not an indication of a security issue
such as a virus or attack. It could be something as simple as a run
away script or learning how to better use E-utilities,
<a href=""http://www.ncbi.nlm.nih.gov/books/NBK25497/"">http://www.ncbi.nlm.nih.gov/books/NBK25497/</a>,
for more efficient work such that your work does not impact the ability of other researchers
to also use our site.
To restore access and understand how to better interact with our site
to avoid this in the future, please have your system administrator
contact 
<a href=""mailto:info@ncbi.nlm.nih.gov?subject=NCBI Web site BLOCKED: 14.186.125.174&amp;body=%3E%20Error%3Dblocked for possible abuse%0D%3E%20Server%3Dmisuse.ncbi.nlm.nih.gov%0D%3E%20Client%3D14.186.125.174%0D%3E%20Time%3DWednesday, 23-Sep-2026 08:25:57 EDT  %0D%0DPlease%20enter%20comments%20below:%0D%0D"">info@ncbi.nlm.nih.gov</a>.
</p>

</div>

<dl id='diags'>

<dt>Error</dt><dd>blocked for possible abuse </dd>
<dt>Server</dt><dd>misuse.ncbi.nlm.nih.gov</dd>
<dt>Client</dt><dd>14.186.125.174</dd>
<dt>Time</dt><dd>Wednesday, 23-Sep-2026 08:25:57 EDT</dd>

</dl>
 

<p id='footer'>
<a href=""https://www.hhs.gov/vulnerability-disclosure-policy/index.html"">HHS Vulnerability Disclosure</a><br>
<span id='rev'>Rev. 05/18/15</span>
</p>

</body>
</html>",Pulmonary embolism
CID100000596,cytarabine,"<!DOCTYPE html PUBLIC ""-//W3C//DTD XHTML 1.1//EN"" ""http://www.w3.org/TR/xhtml11/DTD/xhtml11.dtd""> 
<html>
<head>
<title>NCBI - WWW Error Blocked Diagnostic</title>
<meta http-equiv=""Content-Type"" content=""text/html; charset=utf-8"" />
<meta http-equiv=""pragma"" content=""no-cache"" />
<meta http-equiv=""cache-control"" content=""no-cache"" />
<meta name=""robots"" content=""noarchive,none"" />

<style type=""text/css"">
body {
min-width: 950px;
_width: 950px;
}
h1.error {color: red; font-size: 40pt}

#mainContent {
padding: 1em 2em;
}

dl#diags {
padding: 0.5em 0.5em 1.5em 0.5em;
padding-left: 2em;
border: solid 1px #888;
border-left: none;
border-right: none;
margin-bottom:0;
background-color:#eeeeee;
color:#666;
font-size: 80%;
_font-size: 70%;
font-family: Verdana, sans-serif;
}

dl#diags dt {
float: left;
font-weight: bold;
width: auto;
}

dl#diags dd {
margin-left:1em;
float: left;
margin-right: 2em;
}

#footer span {
float: left;
color: #888;
font-size: 80%;
}

#footer {
text-align: right;
padding: 0 0.5em;
clear: left;
}

#footer img {
border: none;
}

.ncbi {
margin: 0;
padding:0;
font-size:240%;
font-weight: bold;
font-family: Times, serif;
color: #336699;
float: left;
display: inline;
}

.ncbi a {
text-decoration: none;
color: #336699;
}

.ncbi a:visited {
text-decoration: none;
color: #336699;
}

.ncbi a:hover {
text-decoration: underline;
}

.message {
font-family: Verdana, sans-serif;
background-color: #336699;
color: white;
padding: .35em;
margin-left: 7em;
margin-top: .67em;
_margin-top: 0.5em;
font-weight: bold;
font-size: 100%;
margin-bottom: 0;
}

h1 {
clear: left;
font-size: 110%;
font-family: Verdana, sans-serif;
}


body.denied {
background-color: black;
color: white;
}

body.denied h1 {
color: red;
}

body.denied a {
color: green;
}

body.denied #footer, body.denied #diags {
color: black;
}

#searchme:focus {
background-color: #ffa;
}

.errurl {
letter-spacing: 0;
margin: 0 1em;
padding: 0.25em;
background-color: #fff0f0;
color: #c00;
font-family: ""Courier New"", Courier, monospace;
font-size: 90%;
_font-size: 80%;
}

body.denied .errurl {
background-color: black;
color: yellow;
}

span.x {
display: none;
}

</style>

</head>
<body class='denied'>



<div id='header'>
<a href=""#mainContent"" title=""Skip to main content"" />
<p class=""ncbi""><a href=""http://www.ncbi.nlm.nih.gov"">NCBI</a></p>
<p class=""message"">Error</p>
</div>

<div id='mainContent'>


<h1 class=""error"">Access Denied</h1>


<p>
Your access to the NCBI website at <b>www.ncbi.nlm.nih.gov</b> has been
temporarily blocked due to a possible misuse/abuse situation
involving your site. This is not an indication of a security issue
such as a virus or attack. It could be something as simple as a run
away script or learning how to better use E-utilities,
<a href=""http://www.ncbi.nlm.nih.gov/books/NBK25497/"">http://www.ncbi.nlm.nih.gov/books/NBK25497/</a>,
for more efficient work such that your work does not impact the ability of other researchers
to also use our site.
To restore access and understand how to better interact with our site
to avoid this in the future, please have your system administrator
contact 
<a href=""mailto:info@ncbi.nlm.nih.gov?subject=NCBI Web site BLOCKED: 14.186.125.174&amp;body=%3E%20Error%3Dblocked for possible abuse%0D%3E%20Server%3Dmisuse.ncbi.nlm.nih.gov%0D%3E%20Client%3D14.186.125.174%0D%3E%20Time%3DWednesday, 23-Sep-2026 08:26:01 EDT  %0D%0DPlease%20enter%20comments%20below:%0D%0D"">info@ncbi.nlm.nih.gov</a>.
</p>

</div>

<dl id='diags'>

<dt>Error</dt><dd>blocked for possible abuse </dd>
<dt>Server</dt><dd>misuse.ncbi.nlm.nih.gov</dd>
<dt>Client</dt><dd>14.186.125.174</dd>
<dt>Time</dt><dd>Wednesday, 23-Sep-2026 08:26:01 EDT</dd>

</dl>
 

<p id='footer'>
<a href=""https://www.hhs.gov/vulnerability-disclosure-policy/index.html"">HHS Vulnerability Disclosure</a><br>
<span id='rev'>Rev. 05/18/15</span>
</p>

</body>
</html>",Interstitial pneumonia; Pulmonary oedema
CID100000698,estrone,"<!DOCTYPE html PUBLIC ""-//W3C//DTD XHTML 1.1//EN"" ""http://www.w3.org/TR/xhtml11/DTD/xhtml11.dtd""> 
<html>
<head>
<title>NCBI - WWW Error Blocked Diagnostic</title>
<meta http-equiv=""Content-Type"" content=""text/html; charset=utf-8"" />
<meta http-equiv=""pragma"" content=""no-cache"" />
<meta http-equiv=""cache-control"" content=""no-cache"" />
<meta name=""robots"" content=""noarchive,none"" />

<style type=""text/css"">
body {
min-width: 950px;
_width: 950px;
}
h1.error {color: red; font-size: 40pt}

#mainContent {
padding: 1em 2em;
}

dl#diags {
padding: 0.5em 0.5em 1.5em 0.5em;
padding-left: 2em;
border: solid 1px #888;
border-left: none;
border-right: none;
margin-bottom:0;
background-color:#eeeeee;
color:#666;
font-size: 80%;
_font-size: 70%;
font-family: Verdana, sans-serif;
}

dl#diags dt {
float: left;
font-weight: bold;
width: auto;
}

dl#diags dd {
margin-left:1em;
float: left;
margin-right: 2em;
}

#footer span {
float: left;
color: #888;
font-size: 80%;
}

#footer {
text-align: right;
padding: 0 0.5em;
clear: left;
}

#footer img {
border: none;
}

.ncbi {
margin: 0;
padding:0;
font-size:240%;
font-weight: bold;
font-family: Times, serif;
color: #336699;
float: left;
display: inline;
}

.ncbi a {
text-decoration: none;
color: #336699;
}

.ncbi a:visited {
text-decoration: none;
color: #336699;
}

.ncbi a:hover {
text-decoration: underline;
}

.message {
font-family: Verdana, sans-serif;
background-color: #336699;
color: white;
padding: .35em;
margin-left: 7em;
margin-top: .67em;
_margin-top: 0.5em;
font-weight: bold;
font-size: 100%;
margin-bottom: 0;
}

h1 {
clear: left;
font-size: 110%;
font-family: Verdana, sans-serif;
}


body.denied {
background-color: black;
color: white;
}

body.denied h1 {
color: red;
}

body.denied a {
color: green;
}

body.denied #footer, body.denied #diags {
color: black;
}

#searchme:focus {
background-color: #ffa;
}

.errurl {
letter-spacing: 0;
margin: 0 1em;
padding: 0.25em;
background-color: #fff0f0;
color: #c00;
font-family: ""Courier New"", Courier, monospace;
font-size: 90%;
_font-size: 80%;
}

body.denied .errurl {
background-color: black;
color: yellow;
}

span.x {
display: none;
}

</style>

</head>
<body class='denied'>



<div id='header'>
<a href=""#mainContent"" title=""Skip to main content"" />
<p class=""ncbi""><a href=""http://www.ncbi.nlm.nih.gov"">NCBI</a></p>
<p class=""message"">Error</p>
</div>

<div id='mainContent'>


<h1 class=""error"">Access Denied</h1>


<p>
Your access to the NCBI website at <b>www.ncbi.nlm.nih.gov</b> has been
temporarily blocked due to a possible misuse/abuse situation
involving your site. This is not an indication of a security issue
such as a virus or attack. It could be something as simple as a run
away script or learning how to better use E-utilities,
<a href=""http://www.ncbi.nlm.nih.gov/books/NBK25497/"">http://www.ncbi.nlm.nih.gov/books/NBK25497/</a>,
for more efficient work such that your work does not impact the ability of other researchers
to also use our site.
To restore access and understand how to better interact with our site
to avoid this in the future, please have your system administrator
contact 
<a href=""mailto:info@ncbi.nlm.nih.gov?subject=NCBI Web site BLOCKED: 14.186.125.174&amp;body=%3E%20Error%3Dblocked for possible abuse%0D%3E%20Server%3Dmisuse.ncbi.nlm.nih.gov%0D%3E%20Client%3D14.186.125.174%0D%3E%20Time%3DWednesday, 23-Sep-2026 08:26:04 EDT  %0D%0DPlease%20enter%20comments%20below:%0D%0D"">info@ncbi.nlm.nih.gov</a>.
</p>

</div>

<dl id='diags'>

<dt>Error</dt><dd>blocked for possible abuse </dd>
<dt>Server</dt><dd>misuse.ncbi.nlm.nih.gov</dd>
<dt>Client</dt><dd>14.186.125.174</dd>
<dt>Time</dt><dd>Wednesday, 23-Sep-2026 08:26:04 EDT</dd>

</dl>
 

<p id='footer'>
<a href=""https://www.hhs.gov/vulnerability-disclosure-policy/index.html"">HHS Vulnerability Disclosure</a><br>
<span id='rev'>Rev. 05/18/15</span>
</p>

</body>
</html>",Pulmonary embolism
CID100000699,Oestrogen,"<!DOCTYPE html PUBLIC ""-//W3C//DTD XHTML 1.1//EN"" ""http://www.w3.org/TR/xhtml11/DTD/xhtml11.dtd""> 
<html>
<head>
<title>NCBI - WWW Error Blocked Diagnostic</title>
<meta http-equiv=""Content-Type"" content=""text/html; charset=utf-8"" />
<meta http-equiv=""pragma"" content=""no-cache"" />
<meta http-equiv=""cache-control"" content=""no-cache"" />
<meta name=""robots"" content=""noarchive,none"" />

<style type=""text/css"">
body {
min-width: 950px;
_width: 950px;
}
h1.error {color: red; font-size: 40pt}

#mainContent {
padding: 1em 2em;
}

dl#diags {
padding: 0.5em 0.5em 1.5em 0.5em;
padding-left: 2em;
border: solid 1px #888;
border-left: none;
border-right: none;
margin-bottom:0;
background-color:#eeeeee;
color:#666;
font-size: 80%;
_font-size: 70%;
font-family: Verdana, sans-serif;
}

dl#diags dt {
float: left;
font-weight: bold;
width: auto;
}

dl#diags dd {
margin-left:1em;
float: left;
margin-right: 2em;
}

#footer span {
float: left;
color: #888;
font-size: 80%;
}

#footer {
text-align: right;
padding: 0 0.5em;
clear: left;
}

#footer img {
border: none;
}

.ncbi {
margin: 0;
padding:0;
font-size:240%;
font-weight: bold;
font-family: Times, serif;
color: #336699;
float: left;
display: inline;
}

.ncbi a {
text-decoration: none;
color: #336699;
}

.ncbi a:visited {
text-decoration: none;
color: #336699;
}

.ncbi a:hover {
text-decoration: underline;
}

.message {
font-family: Verdana, sans-serif;
background-color: #336699;
color: white;
padding: .35em;
margin-left: 7em;
margin-top: .67em;
_margin-top: 0.5em;
font-weight: bold;
font-size: 100%;
margin-bottom: 0;
}

h1 {
clear: left;
font-size: 110%;
font-family: Verdana, sans-serif;
}


body.denied {
background-color: black;
color: white;
}

body.denied h1 {
color: red;
}

body.denied a {
color: green;
}

body.denied #footer, body.denied #diags {
color: black;
}

#searchme:focus {
background-color: #ffa;
}

.errurl {
letter-spacing: 0;
margin: 0 1em;
padding: 0.25em;
background-color: #fff0f0;
color: #c00;
font-family: ""Courier New"", Courier, monospace;
font-size: 90%;
_font-size: 80%;
}

body.denied .errurl {
background-color: black;
color: yellow;
}

span.x {
display: none;
}

</style>

</head>
<body class='denied'>



<div id='header'>
<a href=""#mainContent"" title=""Skip to main content"" />
<p class=""ncbi""><a href=""http://www.ncbi.nlm.nih.gov"">NCBI</a></p>
<p class=""message"">Error</p>
</div>

<div id='mainContent'>


<h1 class=""error"">Access Denied</h1>


<p>
Your access to the NCBI website at <b>www.ncbi.nlm.nih.gov</b> has been
temporarily blocked due to a possible misuse/abuse situation
involving your site. This is not an indication of a security issue
such as a virus or attack. It could be something as simple as a run
away script or learning how to better use E-utilities,
<a href=""http://www.ncbi.nlm.nih.gov/books/NBK25497/"">http://www.ncbi.nlm.nih.gov/books/NBK25497/</a>,
for more efficient work such that your work does not impact the ability of other researchers
to also use our site.
To restore access and understand how to better interact with our site
to avoid this in the future, please have your system administrator
contact 
<a href=""mailto:info@ncbi.nlm.nih.gov?subject=NCBI Web site BLOCKED: 14.186.125.174&amp;body=%3E%20Error%3Dblocked for possible abuse%0D%3E%20Server%3Dmisuse.ncbi.nlm.nih.gov%0D%3E%20Client%3D14.186.125.174%0D%3E%20Time%3DWednesday, 23-Sep-2026 08:26:08 EDT  %0D%0DPlease%20enter%20comments%20below:%0D%0D"">info@ncbi.nlm.nih.gov</a>.
</p>

</div>

<dl id='diags'>

<dt>Error</dt><dd>blocked for possible abuse </dd>
<dt>Server</dt><dd>misuse.ncbi.nlm.nih.gov</dd>
<dt>Client</dt><dd>14.186.125.174</dd>
<dt>Time</dt><dd>Wednesday, 23-Sep-2026 08:26:08 EDT</dd>

</dl>
 

<p id='footer'>
<a href=""https://www.hhs.gov/vulnerability-disclosure-policy/index.html"">HHS Vulnerability Disclosure</a><br>
<span id='rev'>Rev. 05/18/15</span>
</p>

</body>
</html>",Pulmonary embolism
CID100000700,monoethanolamine,"<!DOCTYPE html PUBLIC ""-//W3C//DTD XHTML 1.1//EN"" ""http://www.w3.org/TR/xhtml11/DTD/xhtml11.dtd""> 
<html>
<head>
<title>NCBI - WWW Error Blocked Diagnostic</title>
<meta http-equiv=""Content-Type"" content=""text/html; charset=utf-8"" />
<meta http-equiv=""pragma"" content=""no-cache"" />
<meta http-equiv=""cache-control"" content=""no-cache"" />
<meta name=""robots"" content=""noarchive,none"" />

<style type=""text/css"">
body {
min-width: 950px;
_width: 950px;
}
h1.error {color: red; font-size: 40pt}

#mainContent {
padding: 1em 2em;
}

dl#diags {
padding: 0.5em 0.5em 1.5em 0.5em;
padding-left: 2em;
border: solid 1px #888;
border-left: none;
border-right: none;
margin-bottom:0;
background-color:#eeeeee;
color:#666;
font-size: 80%;
_font-size: 70%;
font-family: Verdana, sans-serif;
}

dl#diags dt {
float: left;
font-weight: bold;
width: auto;
}

dl#diags dd {
margin-left:1em;
float: left;
margin-right: 2em;
}

#footer span {
float: left;
color: #888;
font-size: 80%;
}

#footer {
text-align: right;
padding: 0 0.5em;
clear: left;
}

#footer img {
border: none;
}

.ncbi {
margin: 0;
padding:0;
font-size:240%;
font-weight: bold;
font-family: Times, serif;
color: #336699;
float: left;
display: inline;
}

.ncbi a {
text-decoration: none;
color: #336699;
}

.ncbi a:visited {
text-decoration: none;
color: #336699;
}

.ncbi a:hover {
text-decoration: underline;
}

.message {
font-family: Verdana, sans-serif;
background-color: #336699;
color: white;
padding: .35em;
margin-left: 7em;
margin-top: .67em;
_margin-top: 0.5em;
font-weight: bold;
font-size: 100%;
margin-bottom: 0;
}

h1 {
clear: left;
font-size: 110%;
font-family: Verdana, sans-serif;
}


body.denied {
background-color: black;
color: white;
}

body.denied h1 {
color: red;
}

body.denied a {
color: green;
}

body.denied #footer, body.denied #diags {
color: black;
}

#searchme:focus {
background-color: #ffa;
}

.errurl {
letter-spacing: 0;
margin: 0 1em;
padding: 0.25em;
background-color: #fff0f0;
color: #c00;
font-family: ""Courier New"", Courier, monospace;
font-size: 90%;
_font-size: 80%;
}

body.denied .errurl {
background-color: black;
color: yellow;
}

span.x {
display: none;
}

</style>

</head>
<body class='denied'>



<div id='header'>
<a href=""#mainContent"" title=""Skip to main content"" />
<p class=""ncbi""><a href=""http://www.ncbi.nlm.nih.gov"">NCBI</a></p>
<p class=""message"">Error</p>
</div>

<div id='mainContent'>


<h1 class=""error"">Access Denied</h1>


<p>
Your access to the NCBI website at <b>www.ncbi.nlm.nih.gov</b> has been
temporarily blocked due to a possible misuse/abuse situation
involving your site. This is not an indication of a security issue
such as a virus or attack. It could be something as simple as a run
away script or learning how to better use E-utilities,
<a href=""http://www.ncbi.nlm.nih.gov/books/NBK25497/"">http://www.ncbi.nlm.nih.gov/books/NBK25497/</a>,
for more efficient work such that your work does not impact the ability of other researchers
to also use our site.
To restore access and understand how to better interact with our site
to avoid this in the future, please have your system administrator
contact 
<a href=""mailto:info@ncbi.nlm.nih.gov?subject=NCBI Web site BLOCKED: 14.186.125.174&amp;body=%3E%20Error%3Dblocked for possible abuse%0D%3E%20Server%3Dmisuse.ncbi.nlm.nih.gov%0D%3E%20Client%3D14.186.125.174%0D%3E%20Time%3DWednesday, 23-Sep-2026 08:26:12 EDT  %0D%0DPlease%20enter%20comments%20below:%0D%0D"">info@ncbi.nlm.nih.gov</a>.
</p>

</div>

<dl id='diags'>

<dt>Error</dt><dd>blocked for possible abuse </dd>
<dt>Server</dt><dd>misuse.ncbi.nlm.nih.gov</dd>
<dt>Client</dt><dd>14.186.125.174</dd>
<dt>Time</dt><dd>Wednesday, 23-Sep-2026 08:26:12 EDT</dd>

</dl>
 

<p id='footer'>
<a href=""https://www.hhs.gov/vulnerability-disclosure-policy/index.html"">HHS Vulnerability Disclosure</a><br>
<span id='rev'>Rev. 05/18/15</span>
</p>

</body>
</html>",Pleural effusion
CID100000772,LMWH,"<!DOCTYPE html PUBLIC ""-//W3C//DTD XHTML 1.1//EN"" ""http://www.w3.org/TR/xhtml11/DTD/xhtml11.dtd""> 
<html>
<head>
<title>NCBI - WWW Error Blocked Diagnostic</title>
<meta http-equiv=""Content-Type"" content=""text/html; charset=utf-8"" />
<meta http-equiv=""pragma"" content=""no-cache"" />
<meta http-equiv=""cache-control"" content=""no-cache"" />
<meta name=""robots"" content=""noarchive,none"" />

<style type=""text/css"">
body {
min-width: 950px;
_width: 950px;
}
h1.error {color: red; font-size: 40pt}

#mainContent {
padding: 1em 2em;
}

dl#diags {
padding: 0.5em 0.5em 1.5em 0.5em;
padding-left: 2em;
border: solid 1px #888;
border-left: none;
border-right: none;
margin-bottom:0;
background-color:#eeeeee;
color:#666;
font-size: 80%;
_font-size: 70%;
font-family: Verdana, sans-serif;
}

dl#diags dt {
float: left;
font-weight: bold;
width: auto;
}

dl#diags dd {
margin-left:1em;
float: left;
margin-right: 2em;
}

#footer span {
float: left;
color: #888;
font-size: 80%;
}

#footer {
text-align: right;
padding: 0 0.5em;
clear: left;
}

#footer img {
border: none;
}

.ncbi {
margin: 0;
padding:0;
font-size:240%;
font-weight: bold;
font-family: Times, serif;
color: #336699;
float: left;
display: inline;
}

.ncbi a {
text-decoration: none;
color: #336699;
}

.ncbi a:visited {
text-decoration: none;
color: #336699;
}

.ncbi a:hover {
text-decoration: underline;
}

.message {
font-family: Verdana, sans-serif;
background-color: #336699;
color: white;
padding: .35em;
margin-left: 7em;
margin-top: .67em;
_margin-top: 0.5em;
font-weight: bold;
font-size: 100%;
margin-bottom: 0;
}

h1 {
clear: left;
font-size: 110%;
font-family: Verdana, sans-serif;
}


body.denied {
background-color: black;
color: white;
}

body.denied h1 {
color: red;
}

body.denied a {
color: green;
}

body.denied #footer, body.denied #diags {
color: black;
}

#searchme:focus {
background-color: #ffa;
}

.errurl {
letter-spacing: 0;
margin: 0 1em;
padding: 0.25em;
background-color: #fff0f0;
color: #c00;
font-family: ""Courier New"", Courier, monospace;
font-size: 90%;
_font-size: 80%;
}

body.denied .errurl {
background-color: black;
color: yellow;
}

span.x {
display: none;
}

</style>

</head>
<body class='denied'>



<div id='header'>
<a href=""#mainContent"" title=""Skip to main content"" />
<p class=""ncbi""><a href=""http://www.ncbi.nlm.nih.gov"">NCBI</a></p>
<p class=""message"">Error</p>
</div>

<div id='mainContent'>


<h1 class=""error"">Access Denied</h1>


<p>
Your access to the NCBI website at <b>www.ncbi.nlm.nih.gov</b> has been
temporarily blocked due to a possible misuse/abuse situation
involving your site. This is not an indication of a security issue
such as a virus or attack. It could be something as simple as a run
away script or learning how to better use E-utilities,
<a href=""http://www.ncbi.nlm.nih.gov/books/NBK25497/"">http://www.ncbi.nlm.nih.gov/books/NBK25497/</a>,
for more efficient work such that your work does not impact the ability of other researchers
to also use our site.
To restore access and understand how to better interact with our site
to avoid this in the future, please have your system administrator
contact 
<a href=""mailto:info@ncbi.nlm.nih.gov?subject=NCBI Web site BLOCKED: 14.186.125.174&amp;body=%3E%20Error%3Dblocked for possible abuse%0D%3E%20Server%3Dmisuse.ncbi.nlm.nih.gov%0D%3E%20Client%3D14.186.125.174%0D%3E%20Time%3DWednesday, 23-Sep-2026 08:26:15 EDT  %0D%0DPlease%20enter%20comments%20below:%0D%0D"">info@ncbi.nlm.nih.gov</a>.
</p>

</div>

<dl id='diags'>

<dt>Error</dt><dd>blocked for possible abuse </dd>
<dt>Server</dt><dd>misuse.ncbi.nlm.nih.gov</dd>
<dt>Client</dt><dd>14.186.125.174</dd>
<dt>Time</dt><dd>Wednesday, 23-Sep-2026 08:26:15 EDT</dd>

</dl>
 

<p id='footer'>
<a href=""https://www.hhs.gov/vulnerability-disclosure-policy/index.html"">HHS Vulnerability Disclosure</a><br>
<span id='rev'>Rev. 05/18/15</span>
</p>

</body>
</html>",Pulmonary oedema
CID100000838,epinephrine,"<!DOCTYPE html PUBLIC ""-//W3C//DTD XHTML 1.1//EN"" ""http://www.w3.org/TR/xhtml11/DTD/xhtml11.dtd""> 
<html>
<head>
<title>NCBI - WWW Error Blocked Diagnostic</title>
<meta http-equiv=""Content-Type"" content=""text/html; charset=utf-8"" />
<meta http-equiv=""pragma"" content=""no-cache"" />
<meta http-equiv=""cache-control"" content=""no-cache"" />
<meta name=""robots"" content=""noarchive,none"" />

<style type=""text/css"">
body {
min-width: 950px;
_width: 950px;
}
h1.error {color: red; font-size: 40pt}

#mainContent {
padding: 1em 2em;
}

dl#diags {
padding: 0.5em 0.5em 1.5em 0.5em;
padding-left: 2em;
border: solid 1px #888;
border-left: none;
border-right: none;
margin-bottom:0;
background-color:#eeeeee;
color:#666;
font-size: 80%;
_font-size: 70%;
font-family: Verdana, sans-serif;
}

dl#diags dt {
float: left;
font-weight: bold;
width: auto;
}

dl#diags dd {
margin-left:1em;
float: left;
margin-right: 2em;
}

#footer span {
float: left;
color: #888;
font-size: 80%;
}

#footer {
text-align: right;
padding: 0 0.5em;
clear: left;
}

#footer img {
border: none;
}

.ncbi {
margin: 0;
padding:0;
font-size:240%;
font-weight: bold;
font-family: Times, serif;
color: #336699;
float: left;
display: inline;
}

.ncbi a {
text-decoration: none;
color: #336699;
}

.ncbi a:visited {
text-decoration: none;
color: #336699;
}

.ncbi a:hover {
text-decoration: underline;
}

.message {
font-family: Verdana, sans-serif;
background-color: #336699;
color: white;
padding: .35em;
margin-left: 7em;
margin-top: .67em;
_margin-top: 0.5em;
font-weight: bold;
font-size: 100%;
margin-bottom: 0;
}

h1 {
clear: left;
font-size: 110%;
font-family: Verdana, sans-serif;
}


body.denied {
background-color: black;
color: white;
}

body.denied h1 {
color: red;
}

body.denied a {
color: green;
}

body.denied #footer, body.denied #diags {
color: black;
}

#searchme:focus {
background-color: #ffa;
}

.errurl {
letter-spacing: 0;
margin: 0 1em;
padding: 0.25em;
background-color: #fff0f0;
color: #c00;
font-family: ""Courier New"", Courier, monospace;
font-size: 90%;
_font-size: 80%;
}

body.denied .errurl {
background-color: black;
color: yellow;
}

span.x {
display: none;
}

</style>

</head>
<body class='denied'>



<div id='header'>
<a href=""#mainContent"" title=""Skip to main content"" />
<p class=""ncbi""><a href=""http://www.ncbi.nlm.nih.gov"">NCBI</a></p>
<p class=""message"">Error</p>
</div>

<div id='mainContent'>


<h1 class=""error"">Access Denied</h1>


<p>
Your access to the NCBI website at <b>www.ncbi.nlm.nih.gov</b> has been
temporarily blocked due to a possible misuse/abuse situation
involving your site. This is not an indication of a security issue
such as a virus or attack. It could be something as simple as a run
away script or learning how to better use E-utilities,
<a href=""http://www.ncbi.nlm.nih.gov/books/NBK25497/"">http://www.ncbi.nlm.nih.gov/books/NBK25497/</a>,
for more efficient work such that your work does not impact the ability of other researchers
to also use our site.
To restore access and understand how to better interact with our site
to avoid this in the future, please have your system administrator
contact 
<a href=""mailto:info@ncbi.nlm.nih.gov?subject=NCBI Web site BLOCKED: 14.186.125.174&amp;body=%3E%20Error%3Dblocked for possible abuse%0D%3E%20Server%3Dmisuse.ncbi.nlm.nih.gov%0D%3E%20Client%3D14.186.125.174%0D%3E%20Time%3DWednesday, 23-Sep-2026 08:26:18 EDT  %0D%0DPlease%20enter%20comments%20below:%0D%0D"">info@ncbi.nlm.nih.gov</a>.
</p>

</div>

<dl id='diags'>

<dt>Error</dt><dd>blocked for possible abuse </dd>
<dt>Server</dt><dd>misuse.ncbi.nlm.nih.gov</dd>
<dt>Client</dt><dd>14.186.125.174</dd>
<dt>Time</dt><dd>Wednesday, 23-Sep-2026 08:26:18 EDT</dd>

</dl>
 

<p id='footer'>
<a href=""https://www.hhs.gov/vulnerability-disclosure-policy/index.html"">HHS Vulnerability Disclosure</a><br>
<span id='rev'>Rev. 05/18/15</span>
</p>

</body>
</html>",Pulmonary oedema
CID100001065,quinidine,"<!DOCTYPE html PUBLIC ""-//W3C//DTD XHTML 1.1//EN"" ""http://www.w3.org/TR/xhtml11/DTD/xhtml11.dtd""> 
<html>
<head>
<title>NCBI - WWW Error Blocked Diagnostic</title>
<meta http-equiv=""Content-Type"" content=""text/html; charset=utf-8"" />
<meta http-equiv=""pragma"" content=""no-cache"" />
<meta http-equiv=""cache-control"" content=""no-cache"" />
<meta name=""robots"" content=""noarchive,none"" />

<style type=""text/css"">
body {
min-width: 950px;
_width: 950px;
}
h1.error {color: red; font-size: 40pt}

#mainContent {
padding: 1em 2em;
}

dl#diags {
padding: 0.5em 0.5em 1.5em 0.5em;
padding-left: 2em;
border: solid 1px #888;
border-left: none;
border-right: none;
margin-bottom:0;
background-color:#eeeeee;
color:#666;
font-size: 80%;
_font-size: 70%;
font-family: Verdana, sans-serif;
}

dl#diags dt {
float: left;
font-weight: bold;
width: auto;
}

dl#diags dd {
margin-left:1em;
float: left;
margin-right: 2em;
}

#footer span {
float: left;
color: #888;
font-size: 80%;
}

#footer {
text-align: right;
padding: 0 0.5em;
clear: left;
}

#footer img {
border: none;
}

.ncbi {
margin: 0;
padding:0;
font-size:240%;
font-weight: bold;
font-family: Times, serif;
color: #336699;
float: left;
display: inline;
}

.ncbi a {
text-decoration: none;
color: #336699;
}

.ncbi a:visited {
text-decoration: none;
color: #336699;
}

.ncbi a:hover {
text-decoration: underline;
}

.message {
font-family: Verdana, sans-serif;
background-color: #336699;
color: white;
padding: .35em;
margin-left: 7em;
margin-top: .67em;
_margin-top: 0.5em;
font-weight: bold;
font-size: 100%;
margin-bottom: 0;
}

h1 {
clear: left;
font-size: 110%;
font-family: Verdana, sans-serif;
}


body.denied {
background-color: black;
color: white;
}

body.denied h1 {
color: red;
}

body.denied a {
color: green;
}

body.denied #footer, body.denied #diags {
color: black;
}

#searchme:focus {
background-color: #ffa;
}

.errurl {
letter-spacing: 0;
margin: 0 1em;
padding: 0.25em;
background-color: #fff0f0;
color: #c00;
font-family: ""Courier New"", Courier, monospace;
font-size: 90%;
_font-size: 80%;
}

body.denied .errurl {
background-color: black;
color: yellow;
}

span.x {
display: none;
}

</style>

</head>
<body class='denied'>



<div id='header'>
<a href=""#mainContent"" title=""Skip to main content"" />
<p class=""ncbi""><a href=""http://www.ncbi.nlm.nih.gov"">NCBI</a></p>
<p class=""message"">Error</p>
</div>

<div id='mainContent'>


<h1 class=""error"">Access Denied</h1>


<p>
Your access to the NCBI website at <b>www.ncbi.nlm.nih.gov</b> has been
temporarily blocked due to a possible misuse/abuse situation
involving your site. This is not an indication of a security issue
such as a virus or attack. It could be something as simple as a run
away script or learning how to better use E-utilities,
<a href=""http://www.ncbi.nlm.nih.gov/books/NBK25497/"">http://www.ncbi.nlm.nih.gov/books/NBK25497/</a>,
for more efficient work such that your work does not impact the ability of other researchers
to also use our site.
To restore access and understand how to better interact with our site
to avoid this in the future, please have your system administrator
contact 
<a href=""mailto:info@ncbi.nlm.nih.gov?subject=NCBI Web site BLOCKED: 14.186.125.174&amp;body=%3E%20Error%3Dblocked for possible abuse%0D%3E%20Server%3Dmisuse.ncbi.nlm.nih.gov%0D%3E%20Client%3D14.186.125.174%0D%3E%20Time%3DWednesday, 23-Sep-2026 08:26:22 EDT  %0D%0DPlease%20enter%20comments%20below:%0D%0D"">info@ncbi.nlm.nih.gov</a>.
</p>

</div>

<dl id='diags'>

<dt>Error</dt><dd>blocked for possible abuse </dd>
<dt>Server</dt><dd>misuse.ncbi.nlm.nih.gov</dd>
<dt>Client</dt><dd>14.186.125.174</dd>
<dt>Time</dt><dd>Wednesday, 23-Sep-2026 08:26:22 EDT</dd>

</dl>
 

<p id='footer'>
<a href=""https://www.hhs.gov/vulnerability-disclosure-policy/index.html"">HHS Vulnerability Disclosure</a><br>
<span id='rev'>Rev. 05/18/15</span>
</p>

</body>
</html>",Pulmonary oedema
CID100001130,thiamine,"<!DOCTYPE html PUBLIC ""-//W3C//DTD XHTML 1.1//EN"" ""http://www.w3.org/TR/xhtml11/DTD/xhtml11.dtd""> 
<html>
<head>
<title>NCBI - WWW Error Blocked Diagnostic</title>
<meta http-equiv=""Content-Type"" content=""text/html; charset=utf-8"" />
<meta http-equiv=""pragma"" content=""no-cache"" />
<meta http-equiv=""cache-control"" content=""no-cache"" />
<meta name=""robots"" content=""noarchive,none"" />

<style type=""text/css"">
body {
min-width: 950px;
_width: 950px;
}
h1.error {color: red; font-size: 40pt}

#mainContent {
padding: 1em 2em;
}

dl#diags {
padding: 0.5em 0.5em 1.5em 0.5em;
padding-left: 2em;
border: solid 1px #888;
border-left: none;
border-right: none;
margin-bottom:0;
background-color:#eeeeee;
color:#666;
font-size: 80%;
_font-size: 70%;
font-family: Verdana, sans-serif;
}

dl#diags dt {
float: left;
font-weight: bold;
width: auto;
}

dl#diags dd {
margin-left:1em;
float: left;
margin-right: 2em;
}

#footer span {
float: left;
color: #888;
font-size: 80%;
}

#footer {
text-align: right;
padding: 0 0.5em;
clear: left;
}

#footer img {
border: none;
}

.ncbi {
margin: 0;
padding:0;
font-size:240%;
font-weight: bold;
font-family: Times, serif;
color: #336699;
float: left;
display: inline;
}

.ncbi a {
text-decoration: none;
color: #336699;
}

.ncbi a:visited {
text-decoration: none;
color: #336699;
}

.ncbi a:hover {
text-decoration: underline;
}

.message {
font-family: Verdana, sans-serif;
background-color: #336699;
color: white;
padding: .35em;
margin-left: 7em;
margin-top: .67em;
_margin-top: 0.5em;
font-weight: bold;
font-size: 100%;
margin-bottom: 0;
}

h1 {
clear: left;
font-size: 110%;
font-family: Verdana, sans-serif;
}


body.denied {
background-color: black;
color: white;
}

body.denied h1 {
color: red;
}

body.denied a {
color: green;
}

body.denied #footer, body.denied #diags {
color: black;
}

#searchme:focus {
background-color: #ffa;
}

.errurl {
letter-spacing: 0;
margin: 0 1em;
padding: 0.25em;
background-color: #fff0f0;
color: #c00;
font-family: ""Courier New"", Courier, monospace;
font-size: 90%;
_font-size: 80%;
}

body.denied .errurl {
background-color: black;
color: yellow;
}

span.x {
display: none;
}

</style>

</head>
<body class='denied'>



<div id='header'>
<a href=""#mainContent"" title=""Skip to main content"" />
<p class=""ncbi""><a href=""http://www.ncbi.nlm.nih.gov"">NCBI</a></p>
<p class=""message"">Error</p>
</div>

<div id='mainContent'>


<h1 class=""error"">Access Denied</h1>


<p>
Your access to the NCBI website at <b>www.ncbi.nlm.nih.gov</b> has been
temporarily blocked due to a possible misuse/abuse situation
involving your site. This is not an indication of a security issue
such as a virus or attack. It could be something as simple as a run
away script or learning how to better use E-utilities,
<a href=""http://www.ncbi.nlm.nih.gov/books/NBK25497/"">http://www.ncbi.nlm.nih.gov/books/NBK25497/</a>,
for more efficient work such that your work does not impact the ability of other researchers
to also use our site.
To restore access and understand how to better interact with our site
to avoid this in the future, please have your system administrator
contact 
<a href=""mailto:info@ncbi.nlm.nih.gov?subject=NCBI Web site BLOCKED: 14.186.125.174&amp;body=%3E%20Error%3Dblocked for possible abuse%0D%3E%20Server%3Dmisuse.ncbi.nlm.nih.gov%0D%3E%20Client%3D14.186.125.174%0D%3E%20Time%3DWednesday, 23-Sep-2026 08:26:26 EDT  %0D%0DPlease%20enter%20comments%20below:%0D%0D"">info@ncbi.nlm.nih.gov</a>.
</p>

</div>

<dl id='diags'>

<dt>Error</dt><dd>blocked for possible abuse </dd>
<dt>Server</dt><dd>misuse.ncbi.nlm.nih.gov</dd>
<dt>Client</dt><dd>14.186.125.174</dd>
<dt>Time</dt><dd>Wednesday, 23-Sep-2026 08:26:26 EDT</dd>

</dl>
 

<p id='footer'>
<a href=""https://www.hhs.gov/vulnerability-disclosure-policy/index.html"">HHS Vulnerability Disclosure</a><br>
<span id='rev'>Rev. 05/18/15</span>
</p>

</body>
</html>",Pulmonary oedema
CID100001301,naproxen,"<!DOCTYPE html PUBLIC ""-//W3C//DTD XHTML 1.1//EN"" ""http://www.w3.org/TR/xhtml11/DTD/xhtml11.dtd""> 
<html>
<head>
<title>NCBI - WWW Error Blocked Diagnostic</title>
<meta http-equiv=""Content-Type"" content=""text/html; charset=utf-8"" />
<meta http-equiv=""pragma"" content=""no-cache"" />
<meta http-equiv=""cache-control"" content=""no-cache"" />
<meta name=""robots"" content=""noarchive,none"" />

<style type=""text/css"">
body {
min-width: 950px;
_width: 950px;
}
h1.error {color: red; font-size: 40pt}

#mainContent {
padding: 1em 2em;
}

dl#diags {
padding: 0.5em 0.5em 1.5em 0.5em;
padding-left: 2em;
border: solid 1px #888;
border-left: none;
border-right: none;
margin-bottom:0;
background-color:#eeeeee;
color:#666;
font-size: 80%;
_font-size: 70%;
font-family: Verdana, sans-serif;
}

dl#diags dt {
float: left;
font-weight: bold;
width: auto;
}

dl#diags dd {
margin-left:1em;
float: left;
margin-right: 2em;
}

#footer span {
float: left;
color: #888;
font-size: 80%;
}

#footer {
text-align: right;
padding: 0 0.5em;
clear: left;
}

#footer img {
border: none;
}

.ncbi {
margin: 0;
padding:0;
font-size:240%;
font-weight: bold;
font-family: Times, serif;
color: #336699;
float: left;
display: inline;
}

.ncbi a {
text-decoration: none;
color: #336699;
}

.ncbi a:visited {
text-decoration: none;
color: #336699;
}

.ncbi a:hover {
text-decoration: underline;
}

.message {
font-family: Verdana, sans-serif;
background-color: #336699;
color: white;
padding: .35em;
margin-left: 7em;
margin-top: .67em;
_margin-top: 0.5em;
font-weight: bold;
font-size: 100%;
margin-bottom: 0;
}

h1 {
clear: left;
font-size: 110%;
font-family: Verdana, sans-serif;
}


body.denied {
background-color: black;
color: white;
}

body.denied h1 {
color: red;
}

body.denied a {
color: green;
}

body.denied #footer, body.denied #diags {
color: black;
}

#searchme:focus {
background-color: #ffa;
}

.errurl {
letter-spacing: 0;
margin: 0 1em;
padding: 0.25em;
background-color: #fff0f0;
color: #c00;
font-family: ""Courier New"", Courier, monospace;
font-size: 90%;
_font-size: 80%;
}

body.denied .errurl {
background-color: black;
color: yellow;
}

span.x {
display: none;
}

</style>

</head>
<body class='denied'>



<div id='header'>
<a href=""#mainContent"" title=""Skip to main content"" />
<p class=""ncbi""><a href=""http://www.ncbi.nlm.nih.gov"">NCBI</a></p>
<p class=""message"">Error</p>
</div>

<div id='mainContent'>


<h1 class=""error"">Access Denied</h1>


<p>
Your access to the NCBI website at <b>www.ncbi.nlm.nih.gov</b> has been
temporarily blocked due to a possible misuse/abuse situation
involving your site. This is not an indication of a security issue
such as a virus or attack. It could be something as simple as a run
away script or learning how to better use E-utilities,
<a href=""http://www.ncbi.nlm.nih.gov/books/NBK25497/"">http://www.ncbi.nlm.nih.gov/books/NBK25497/</a>,
for more efficient work such that your work does not impact the ability of other researchers
to also use our site.
To restore access and understand how to better interact with our site
to avoid this in the future, please have your system administrator
contact 
<a href=""mailto:info@ncbi.nlm.nih.gov?subject=NCBI Web site BLOCKED: 14.186.125.174&amp;body=%3E%20Error%3Dblocked for possible abuse%0D%3E%20Server%3Dmisuse.ncbi.nlm.nih.gov%0D%3E%20Client%3D14.186.125.174%0D%3E%20Time%3DWednesday, 23-Sep-2026 08:26:30 EDT  %0D%0DPlease%20enter%20comments%20below:%0D%0D"">info@ncbi.nlm.nih.gov</a>.
</p>

</div>

<dl id='diags'>

<dt>Error</dt><dd>blocked for possible abuse </dd>
<dt>Server</dt><dd>misuse.ncbi.nlm.nih.gov</dd>
<dt>Client</dt><dd>14.186.125.174</dd>
<dt>Time</dt><dd>Wednesday, 23-Sep-2026 08:26:30 EDT</dd>

</dl>
 

<p id='footer'>
<a href=""https://www.hhs.gov/vulnerability-disclosure-policy/index.html"">HHS Vulnerability Disclosure</a><br>
<span id='rev'>Rev. 05/18/15</span>
</p>

</body>
</html>",Pulmonary oedema
CID100001546,cladribine,"<!DOCTYPE html PUBLIC ""-//W3C//DTD XHTML 1.1//EN"" ""http://www.w3.org/TR/xhtml11/DTD/xhtml11.dtd""> 
<html>
<head>
<title>NCBI - WWW Error Blocked Diagnostic</title>
<meta http-equiv=""Content-Type"" content=""text/html; charset=utf-8"" />
<meta http-equiv=""pragma"" content=""no-cache"" />
<meta http-equiv=""cache-control"" content=""no-cache"" />
<meta name=""robots"" content=""noarchive,none"" />

<style type=""text/css"">
body {
min-width: 950px;
_width: 950px;
}
h1.error {color: red; font-size: 40pt}

#mainContent {
padding: 1em 2em;
}

dl#diags {
padding: 0.5em 0.5em 1.5em 0.5em;
padding-left: 2em;
border: solid 1px #888;
border-left: none;
border-right: none;
margin-bottom:0;
background-color:#eeeeee;
color:#666;
font-size: 80%;
_font-size: 70%;
font-family: Verdana, sans-serif;
}

dl#diags dt {
float: left;
font-weight: bold;
width: auto;
}

dl#diags dd {
margin-left:1em;
float: left;
margin-right: 2em;
}

#footer span {
float: left;
color: #888;
font-size: 80%;
}

#footer {
text-align: right;
padding: 0 0.5em;
clear: left;
}

#footer img {
border: none;
}

.ncbi {
margin: 0;
padding:0;
font-size:240%;
font-weight: bold;
font-family: Times, serif;
color: #336699;
float: left;
display: inline;
}

.ncbi a {
text-decoration: none;
color: #336699;
}

.ncbi a:visited {
text-decoration: none;
color: #336699;
}

.ncbi a:hover {
text-decoration: underline;
}

.message {
font-family: Verdana, sans-serif;
background-color: #336699;
color: white;
padding: .35em;
margin-left: 7em;
margin-top: .67em;
_margin-top: 0.5em;
font-weight: bold;
font-size: 100%;
margin-bottom: 0;
}

h1 {
clear: left;
font-size: 110%;
font-family: Verdana, sans-serif;
}


body.denied {
background-color: black;
color: white;
}

body.denied h1 {
color: red;
}

body.denied a {
color: green;
}

body.denied #footer, body.denied #diags {
color: black;
}

#searchme:focus {
background-color: #ffa;
}

.errurl {
letter-spacing: 0;
margin: 0 1em;
padding: 0.25em;
background-color: #fff0f0;
color: #c00;
font-family: ""Courier New"", Courier, monospace;
font-size: 90%;
_font-size: 80%;
}

body.denied .errurl {
background-color: black;
color: yellow;
}

span.x {
display: none;
}

</style>

</head>
<body class='denied'>



<div id='header'>
<a href=""#mainContent"" title=""Skip to main content"" />
<p class=""ncbi""><a href=""http://www.ncbi.nlm.nih.gov"">NCBI</a></p>
<p class=""message"">Error</p>
</div>

<div id='mainContent'>


<h1 class=""error"">Access Denied</h1>


<p>
Your access to the NCBI website at <b>www.ncbi.nlm.nih.gov</b> has been
temporarily blocked due to a possible misuse/abuse situation
involving your site. This is not an indication of a security issue
such as a virus or attack. It could be something as simple as a run
away script or learning how to better use E-utilities,
<a href=""http://www.ncbi.nlm.nih.gov/books/NBK25497/"">http://www.ncbi.nlm.nih.gov/books/NBK25497/</a>,
for more efficient work such that your work does not impact the ability of other researchers
to also use our site.
To restore access and understand how to better interact with our site
to avoid this in the future, please have your system administrator
contact 
<a href=""mailto:info@ncbi.nlm.nih.gov?subject=NCBI Web site BLOCKED: 14.186.125.174&amp;body=%3E%20Error%3Dblocked for possible abuse%0D%3E%20Server%3Dmisuse.ncbi.nlm.nih.gov%0D%3E%20Client%3D14.186.125.174%0D%3E%20Time%3DWednesday, 23-Sep-2026 08:26:34 EDT  %0D%0DPlease%20enter%20comments%20below:%0D%0D"">info@ncbi.nlm.nih.gov</a>.
</p>

</div>

<dl id='diags'>

<dt>Error</dt><dd>blocked for possible abuse </dd>
<dt>Server</dt><dd>misuse.ncbi.nlm.nih.gov</dd>
<dt>Client</dt><dd>14.186.125.174</dd>
<dt>Time</dt><dd>Wednesday, 23-Sep-2026 08:26:34 EDT</dd>

</dl>
 

<p id='footer'>
<a href=""https://www.hhs.gov/vulnerability-disclosure-policy/index.html"">HHS Vulnerability Disclosure</a><br>
<span id='rev'>Rev. 05/18/15</span>
</p>

</body>
</html>",Pulmonary embolism
CID100001690,doxorubicin,"<!DOCTYPE html PUBLIC ""-//W3C//DTD XHTML 1.1//EN"" ""http://www.w3.org/TR/xhtml11/DTD/xhtml11.dtd""> 
<html>
<head>
<title>NCBI - WWW Error Blocked Diagnostic</title>
<meta http-equiv=""Content-Type"" content=""text/html; charset=utf-8"" />
<meta http-equiv=""pragma"" content=""no-cache"" />
<meta http-equiv=""cache-control"" content=""no-cache"" />
<meta name=""robots"" content=""noarchive,none"" />

<style type=""text/css"">
body {
min-width: 950px;
_width: 950px;
}
h1.error {color: red; font-size: 40pt}

#mainContent {
padding: 1em 2em;
}

dl#diags {
padding: 0.5em 0.5em 1.5em 0.5em;
padding-left: 2em;
border: solid 1px #888;
border-left: none;
border-right: none;
margin-bottom:0;
background-color:#eeeeee;
color:#666;
font-size: 80%;
_font-size: 70%;
font-family: Verdana, sans-serif;
}

dl#diags dt {
float: left;
font-weight: bold;
width: auto;
}

dl#diags dd {
margin-left:1em;
float: left;
margin-right: 2em;
}

#footer span {
float: left;
color: #888;
font-size: 80%;
}

#footer {
text-align: right;
padding: 0 0.5em;
clear: left;
}

#footer img {
border: none;
}

.ncbi {
margin: 0;
padding:0;
font-size:240%;
font-weight: bold;
font-family: Times, serif;
color: #336699;
float: left;
display: inline;
}

.ncbi a {
text-decoration: none;
color: #336699;
}

.ncbi a:visited {
text-decoration: none;
color: #336699;
}

.ncbi a:hover {
text-decoration: underline;
}

.message {
font-family: Verdana, sans-serif;
background-color: #336699;
color: white;
padding: .35em;
margin-left: 7em;
margin-top: .67em;
_margin-top: 0.5em;
font-weight: bold;
font-size: 100%;
margin-bottom: 0;
}

h1 {
clear: left;
font-size: 110%;
font-family: Verdana, sans-serif;
}


body.denied {
background-color: black;
color: white;
}

body.denied h1 {
color: red;
}

body.denied a {
color: green;
}

body.denied #footer, body.denied #diags {
color: black;
}

#searchme:focus {
background-color: #ffa;
}

.errurl {
letter-spacing: 0;
margin: 0 1em;
padding: 0.25em;
background-color: #fff0f0;
color: #c00;
font-family: ""Courier New"", Courier, monospace;
font-size: 90%;
_font-size: 80%;
}

body.denied .errurl {
background-color: black;
color: yellow;
}

span.x {
display: none;
}

</style>

</head>
<body class='denied'>



<div id='header'>
<a href=""#mainContent"" title=""Skip to main content"" />
<p class=""ncbi""><a href=""http://www.ncbi.nlm.nih.gov"">NCBI</a></p>
<p class=""message"">Error</p>
</div>

<div id='mainContent'>


<h1 class=""error"">Access Denied</h1>


<p>
Your access to the NCBI website at <b>www.ncbi.nlm.nih.gov</b> has been
temporarily blocked due to a possible misuse/abuse situation
involving your site. This is not an indication of a security issue
such as a virus or attack. It could be something as simple as a run
away script or learning how to better use E-utilities,
<a href=""http://www.ncbi.nlm.nih.gov/books/NBK25497/"">http://www.ncbi.nlm.nih.gov/books/NBK25497/</a>,
for more efficient work such that your work does not impact the ability of other researchers
to also use our site.
To restore access and understand how to better interact with our site
to avoid this in the future, please have your system administrator
contact 
<a href=""mailto:info@ncbi.nlm.nih.gov?subject=NCBI Web site BLOCKED: 14.186.125.174&amp;body=%3E%20Error%3Dblocked for possible abuse%0D%3E%20Server%3Dmisuse.ncbi.nlm.nih.gov%0D%3E%20Client%3D14.186.125.174%0D%3E%20Time%3DWednesday, 23-Sep-2026 08:26:38 EDT  %0D%0DPlease%20enter%20comments%20below:%0D%0D"">info@ncbi.nlm.nih.gov</a>.
</p>

</div>

<dl id='diags'>

<dt>Error</dt><dd>blocked for possible abuse </dd>
<dt>Server</dt><dd>misuse.ncbi.nlm.nih.gov</dd>
<dt>Client</dt><dd>14.186.125.174</dd>
<dt>Time</dt><dd>Wednesday, 23-Sep-2026 08:26:38 EDT</dd>

</dl>
 

<p id='footer'>
<a href=""https://www.hhs.gov/vulnerability-disclosure-policy/index.html"">HHS Vulnerability Disclosure</a><br>
<span id='rev'>Rev. 05/18/15</span>
</p>

</body>
</html>",Pleural effusion; Pulmonary embolism; Pulmonary oedema
CID100001775,phenytoin,"<!DOCTYPE html PUBLIC ""-//W3C//DTD XHTML 1.1//EN"" ""http://www.w3.org/TR/xhtml11/DTD/xhtml11.dtd""> 
<html>
<head>
<title>NCBI - WWW Error Blocked Diagnostic</title>
<meta http-equiv=""Content-Type"" content=""text/html; charset=utf-8"" />
<meta http-equiv=""pragma"" content=""no-cache"" />
<meta http-equiv=""cache-control"" content=""no-cache"" />
<meta name=""robots"" content=""noarchive,none"" />

<style type=""text/css"">
body {
min-width: 950px;
_width: 950px;
}
h1.error {color: red; font-size: 40pt}

#mainContent {
padding: 1em 2em;
}

dl#diags {
padding: 0.5em 0.5em 1.5em 0.5em;
padding-left: 2em;
border: solid 1px #888;
border-left: none;
border-right: none;
margin-bottom:0;
background-color:#eeeeee;
color:#666;
font-size: 80%;
_font-size: 70%;
font-family: Verdana, sans-serif;
}

dl#diags dt {
float: left;
font-weight: bold;
width: auto;
}

dl#diags dd {
margin-left:1em;
float: left;
margin-right: 2em;
}

#footer span {
float: left;
color: #888;
font-size: 80%;
}

#footer {
text-align: right;
padding: 0 0.5em;
clear: left;
}

#footer img {
border: none;
}

.ncbi {
margin: 0;
padding:0;
font-size:240%;
font-weight: bold;
font-family: Times, serif;
color: #336699;
float: left;
display: inline;
}

.ncbi a {
text-decoration: none;
color: #336699;
}

.ncbi a:visited {
text-decoration: none;
color: #336699;
}

.ncbi a:hover {
text-decoration: underline;
}

.message {
font-family: Verdana, sans-serif;
background-color: #336699;
color: white;
padding: .35em;
margin-left: 7em;
margin-top: .67em;
_margin-top: 0.5em;
font-weight: bold;
font-size: 100%;
margin-bottom: 0;
}

h1 {
clear: left;
font-size: 110%;
font-family: Verdana, sans-serif;
}


body.denied {
background-color: black;
color: white;
}

body.denied h1 {
color: red;
}

body.denied a {
color: green;
}

body.denied #footer, body.denied #diags {
color: black;
}

#searchme:focus {
background-color: #ffa;
}

.errurl {
letter-spacing: 0;
margin: 0 1em;
padding: 0.25em;
background-color: #fff0f0;
color: #c00;
font-family: ""Courier New"", Courier, monospace;
font-size: 90%;
_font-size: 80%;
}

body.denied .errurl {
background-color: black;
color: yellow;
}

span.x {
display: none;
}

</style>

</head>
<body class='denied'>



<div id='header'>
<a href=""#mainContent"" title=""Skip to main content"" />
<p class=""ncbi""><a href=""http://www.ncbi.nlm.nih.gov"">NCBI</a></p>
<p class=""message"">Error</p>
</div>

<div id='mainContent'>


<h1 class=""error"">Access Denied</h1>


<p>
Your access to the NCBI website at <b>www.ncbi.nlm.nih.gov</b> has been
temporarily blocked due to a possible misuse/abuse situation
involving your site. This is not an indication of a security issue
such as a virus or attack. It could be something as simple as a run
away script or learning how to better use E-utilities,
<a href=""http://www.ncbi.nlm.nih.gov/books/NBK25497/"">http://www.ncbi.nlm.nih.gov/books/NBK25497/</a>,
for more efficient work such that your work does not impact the ability of other researchers
to also use our site.
To restore access and understand how to better interact with our site
to avoid this in the future, please have your system administrator
contact 
<a href=""mailto:info@ncbi.nlm.nih.gov?subject=NCBI Web site BLOCKED: 14.186.125.174&amp;body=%3E%20Error%3Dblocked for possible abuse%0D%3E%20Server%3Dmisuse.ncbi.nlm.nih.gov%0D%3E%20Client%3D14.186.125.174%0D%3E%20Time%3DWednesday, 23-Sep-2026 08:26:41 EDT  %0D%0DPlease%20enter%20comments%20below:%0D%0D"">info@ncbi.nlm.nih.gov</a>.
</p>

</div>

<dl id='diags'>

<dt>Error</dt><dd>blocked for possible abuse </dd>
<dt>Server</dt><dd>misuse.ncbi.nlm.nih.gov</dd>
<dt>Client</dt><dd>14.186.125.174</dd>
<dt>Time</dt><dd>Wednesday, 23-Sep-2026 08:26:41 EDT</dd>

</dl>
 

<p id='footer'>
<a href=""https://www.hhs.gov/vulnerability-disclosure-policy/index.html"">HHS Vulnerability Disclosure</a><br>
<span id='rev'>Rev. 05/18/15</span>
</p>

</body>
</html>",Pulmonary embolism
CID100001805,5-azacytidine,"<!DOCTYPE html PUBLIC ""-//W3C//DTD XHTML 1.1//EN"" ""http://www.w3.org/TR/xhtml11/DTD/xhtml11.dtd""> 
<html>
<head>
<title>NCBI - WWW Error Blocked Diagnostic</title>
<meta http-equiv=""Content-Type"" content=""text/html; charset=utf-8"" />
<meta http-equiv=""pragma"" content=""no-cache"" />
<meta http-equiv=""cache-control"" content=""no-cache"" />
<meta name=""robots"" content=""noarchive,none"" />

<style type=""text/css"">
body {
min-width: 950px;
_width: 950px;
}
h1.error {color: red; font-size: 40pt}

#mainContent {
padding: 1em 2em;
}

dl#diags {
padding: 0.5em 0.5em 1.5em 0.5em;
padding-left: 2em;
border: solid 1px #888;
border-left: none;
border-right: none;
margin-bottom:0;
background-color:#eeeeee;
color:#666;
font-size: 80%;
_font-size: 70%;
font-family: Verdana, sans-serif;
}

dl#diags dt {
float: left;
font-weight: bold;
width: auto;
}

dl#diags dd {
margin-left:1em;
float: left;
margin-right: 2em;
}

#footer span {
float: left;
color: #888;
font-size: 80%;
}

#footer {
text-align: right;
padding: 0 0.5em;
clear: left;
}

#footer img {
border: none;
}

.ncbi {
margin: 0;
padding:0;
font-size:240%;
font-weight: bold;
font-family: Times, serif;
color: #336699;
float: left;
display: inline;
}

.ncbi a {
text-decoration: none;
color: #336699;
}

.ncbi a:visited {
text-decoration: none;
color: #336699;
}

.ncbi a:hover {
text-decoration: underline;
}

.message {
font-family: Verdana, sans-serif;
background-color: #336699;
color: white;
padding: .35em;
margin-left: 7em;
margin-top: .67em;
_margin-top: 0.5em;
font-weight: bold;
font-size: 100%;
margin-bottom: 0;
}

h1 {
clear: left;
font-size: 110%;
font-family: Verdana, sans-serif;
}


body.denied {
background-color: black;
color: white;
}

body.denied h1 {
color: red;
}

body.denied a {
color: green;
}

body.denied #footer, body.denied #diags {
color: black;
}

#searchme:focus {
background-color: #ffa;
}

.errurl {
letter-spacing: 0;
margin: 0 1em;
padding: 0.25em;
background-color: #fff0f0;
color: #c00;
font-family: ""Courier New"", Courier, monospace;
font-size: 90%;
_font-size: 80%;
}

body.denied .errurl {
background-color: black;
color: yellow;
}

span.x {
display: none;
}

</style>

</head>
<body class='denied'>



<div id='header'>
<a href=""#mainContent"" title=""Skip to main content"" />
<p class=""ncbi""><a href=""http://www.ncbi.nlm.nih.gov"">NCBI</a></p>
<p class=""message"">Error</p>
</div>

<div id='mainContent'>


<h1 class=""error"">Access Denied</h1>


<p>
Your access to the NCBI website at <b>www.ncbi.nlm.nih.gov</b> has been
temporarily blocked due to a possible misuse/abuse situation
involving your site. This is not an indication of a security issue
such as a virus or attack. It could be something as simple as a run
away script or learning how to better use E-utilities,
<a href=""http://www.ncbi.nlm.nih.gov/books/NBK25497/"">http://www.ncbi.nlm.nih.gov/books/NBK25497/</a>,
for more efficient work such that your work does not impact the ability of other researchers
to also use our site.
To restore access and understand how to better interact with our site
to avoid this in the future, please have your system administrator
contact 
<a href=""mailto:info@ncbi.nlm.nih.gov?subject=NCBI Web site BLOCKED: 14.186.125.174&amp;body=%3E%20Error%3Dblocked for possible abuse%0D%3E%20Server%3Dmisuse.ncbi.nlm.nih.gov%0D%3E%20Client%3D14.186.125.174%0D%3E%20Time%3DWednesday, 23-Sep-2026 08:26:45 EDT  %0D%0DPlease%20enter%20comments%20below:%0D%0D"">info@ncbi.nlm.nih.gov</a>.
</p>

</div>

<dl id='diags'>

<dt>Error</dt><dd>blocked for possible abuse </dd>
<dt>Server</dt><dd>misuse.ncbi.nlm.nih.gov</dd>
<dt>Client</dt><dd>14.186.125.174</dd>
<dt>Time</dt><dd>Wednesday, 23-Sep-2026 08:26:45 EDT</dd>

</dl>
 

<p id='footer'>
<a href=""https://www.hhs.gov/vulnerability-disclosure-policy/index.html"">HHS Vulnerability Disclosure</a><br>
<span id='rev'>Rev. 05/18/15</span>
</p>

</body>
</html>",Pleural effusion
CID100001972,amphotericin,"<!DOCTYPE html PUBLIC ""-//W3C//DTD XHTML 1.1//EN"" ""http://www.w3.org/TR/xhtml11/DTD/xhtml11.dtd""> 
<html>
<head>
<title>NCBI - WWW Error Blocked Diagnostic</title>
<meta http-equiv=""Content-Type"" content=""text/html; charset=utf-8"" />
<meta http-equiv=""pragma"" content=""no-cache"" />
<meta http-equiv=""cache-control"" content=""no-cache"" />
<meta name=""robots"" content=""noarchive,none"" />

<style type=""text/css"">
body {
min-width: 950px;
_width: 950px;
}
h1.error {color: red; font-size: 40pt}

#mainContent {
padding: 1em 2em;
}

dl#diags {
padding: 0.5em 0.5em 1.5em 0.5em;
padding-left: 2em;
border: solid 1px #888;
border-left: none;
border-right: none;
margin-bottom:0;
background-color:#eeeeee;
color:#666;
font-size: 80%;
_font-size: 70%;
font-family: Verdana, sans-serif;
}

dl#diags dt {
float: left;
font-weight: bold;
width: auto;
}

dl#diags dd {
margin-left:1em;
float: left;
margin-right: 2em;
}

#footer span {
float: left;
color: #888;
font-size: 80%;
}

#footer {
text-align: right;
padding: 0 0.5em;
clear: left;
}

#footer img {
border: none;
}

.ncbi {
margin: 0;
padding:0;
font-size:240%;
font-weight: bold;
font-family: Times, serif;
color: #336699;
float: left;
display: inline;
}

.ncbi a {
text-decoration: none;
color: #336699;
}

.ncbi a:visited {
text-decoration: none;
color: #336699;
}

.ncbi a:hover {
text-decoration: underline;
}

.message {
font-family: Verdana, sans-serif;
background-color: #336699;
color: white;
padding: .35em;
margin-left: 7em;
margin-top: .67em;
_margin-top: 0.5em;
font-weight: bold;
font-size: 100%;
margin-bottom: 0;
}

h1 {
clear: left;
font-size: 110%;
font-family: Verdana, sans-serif;
}


body.denied {
background-color: black;
color: white;
}

body.denied h1 {
color: red;
}

body.denied a {
color: green;
}

body.denied #footer, body.denied #diags {
color: black;
}

#searchme:focus {
background-color: #ffa;
}

.errurl {
letter-spacing: 0;
margin: 0 1em;
padding: 0.25em;
background-color: #fff0f0;
color: #c00;
font-family: ""Courier New"", Courier, monospace;
font-size: 90%;
_font-size: 80%;
}

body.denied .errurl {
background-color: black;
color: yellow;
}

span.x {
display: none;
}

</style>

</head>
<body class='denied'>



<div id='header'>
<a href=""#mainContent"" title=""Skip to main content"" />
<p class=""ncbi""><a href=""http://www.ncbi.nlm.nih.gov"">NCBI</a></p>
<p class=""message"">Error</p>
</div>

<div id='mainContent'>


<h1 class=""error"">Access Denied</h1>


<p>
Your access to the NCBI website at <b>www.ncbi.nlm.nih.gov</b> has been
temporarily blocked due to a possible misuse/abuse situation
involving your site. This is not an indication of a security issue
such as a virus or attack. It could be something as simple as a run
away script or learning how to better use E-utilities,
<a href=""http://www.ncbi.nlm.nih.gov/books/NBK25497/"">http://www.ncbi.nlm.nih.gov/books/NBK25497/</a>,
for more efficient work such that your work does not impact the ability of other researchers
to also use our site.
To restore access and understand how to better interact with our site
to avoid this in the future, please have your system administrator
contact 
<a href=""mailto:info@ncbi.nlm.nih.gov?subject=NCBI Web site BLOCKED: 14.186.125.174&amp;body=%3E%20Error%3Dblocked for possible abuse%0D%3E%20Server%3Dmisuse.ncbi.nlm.nih.gov%0D%3E%20Client%3D14.186.125.174%0D%3E%20Time%3DWednesday, 23-Sep-2026 08:26:48 EDT  %0D%0DPlease%20enter%20comments%20below:%0D%0D"">info@ncbi.nlm.nih.gov</a>.
</p>

</div>

<dl id='diags'>

<dt>Error</dt><dd>blocked for possible abuse </dd>
<dt>Server</dt><dd>misuse.ncbi.nlm.nih.gov</dd>
<dt>Client</dt><dd>14.186.125.174</dd>
<dt>Time</dt><dd>Wednesday, 23-Sep-2026 08:26:48 EDT</dd>

</dl>
 

<p id='footer'>
<a href=""https://www.hhs.gov/vulnerability-disclosure-policy/index.html"">HHS Vulnerability Disclosure</a><br>
<span id='rev'>Rev. 05/18/15</span>
</p>

</body>
</html>",Pleural effusion; Pulmonary oedema
CID100001983,acetaminophen,"<!DOCTYPE html PUBLIC ""-//W3C//DTD XHTML 1.1//EN"" ""http://www.w3.org/TR/xhtml11/DTD/xhtml11.dtd""> 
<html>
<head>
<title>NCBI - WWW Error Blocked Diagnostic</title>
<meta http-equiv=""Content-Type"" content=""text/html; charset=utf-8"" />
<meta http-equiv=""pragma"" content=""no-cache"" />
<meta http-equiv=""cache-control"" content=""no-cache"" />
<meta name=""robots"" content=""noarchive,none"" />

<style type=""text/css"">
body {
min-width: 950px;
_width: 950px;
}
h1.error {color: red; font-size: 40pt}

#mainContent {
padding: 1em 2em;
}

dl#diags {
padding: 0.5em 0.5em 1.5em 0.5em;
padding-left: 2em;
border: solid 1px #888;
border-left: none;
border-right: none;
margin-bottom:0;
background-color:#eeeeee;
color:#666;
font-size: 80%;
_font-size: 70%;
font-family: Verdana, sans-serif;
}

dl#diags dt {
float: left;
font-weight: bold;
width: auto;
}

dl#diags dd {
margin-left:1em;
float: left;
margin-right: 2em;
}

#footer span {
float: left;
color: #888;
font-size: 80%;
}

#footer {
text-align: right;
padding: 0 0.5em;
clear: left;
}

#footer img {
border: none;
}

.ncbi {
margin: 0;
padding:0;
font-size:240%;
font-weight: bold;
font-family: Times, serif;
color: #336699;
float: left;
display: inline;
}

.ncbi a {
text-decoration: none;
color: #336699;
}

.ncbi a:visited {
text-decoration: none;
color: #336699;
}

.ncbi a:hover {
text-decoration: underline;
}

.message {
font-family: Verdana, sans-serif;
background-color: #336699;
color: white;
padding: .35em;
margin-left: 7em;
margin-top: .67em;
_margin-top: 0.5em;
font-weight: bold;
font-size: 100%;
margin-bottom: 0;
}

h1 {
clear: left;
font-size: 110%;
font-family: Verdana, sans-serif;
}


body.denied {
background-color: black;
color: white;
}

body.denied h1 {
color: red;
}

body.denied a {
color: green;
}

body.denied #footer, body.denied #diags {
color: black;
}

#searchme:focus {
background-color: #ffa;
}

.errurl {
letter-spacing: 0;
margin: 0 1em;
padding: 0.25em;
background-color: #fff0f0;
color: #c00;
font-family: ""Courier New"", Courier, monospace;
font-size: 90%;
_font-size: 80%;
}

body.denied .errurl {
background-color: black;
color: yellow;
}

span.x {
display: none;
}

</style>

</head>
<body class='denied'>



<div id='header'>
<a href=""#mainContent"" title=""Skip to main content"" />
<p class=""ncbi""><a href=""http://www.ncbi.nlm.nih.gov"">NCBI</a></p>
<p class=""message"">Error</p>
</div>

<div id='mainContent'>


<h1 class=""error"">Access Denied</h1>


<p>
Your access to the NCBI website at <b>www.ncbi.nlm.nih.gov</b> has been
temporarily blocked due to a possible misuse/abuse situation
involving your site. This is not an indication of a security issue
such as a virus or attack. It could be something as simple as a run
away script or learning how to better use E-utilities,
<a href=""http://www.ncbi.nlm.nih.gov/books/NBK25497/"">http://www.ncbi.nlm.nih.gov/books/NBK25497/</a>,
for more efficient work such that your work does not impact the ability of other researchers
to also use our site.
To restore access and understand how to better interact with our site
to avoid this in the future, please have your system administrator
contact 
<a href=""mailto:info@ncbi.nlm.nih.gov?subject=NCBI Web site BLOCKED: 14.186.125.174&amp;body=%3E%20Error%3Dblocked for possible abuse%0D%3E%20Server%3Dmisuse.ncbi.nlm.nih.gov%0D%3E%20Client%3D14.186.125.174%0D%3E%20Time%3DWednesday, 23-Sep-2026 08:26:52 EDT  %0D%0DPlease%20enter%20comments%20below:%0D%0D"">info@ncbi.nlm.nih.gov</a>.
</p>

</div>

<dl id='diags'>

<dt>Error</dt><dd>blocked for possible abuse </dd>
<dt>Server</dt><dd>misuse.ncbi.nlm.nih.gov</dd>
<dt>Client</dt><dd>14.186.125.174</dd>
<dt>Time</dt><dd>Wednesday, 23-Sep-2026 08:26:52 EDT</dd>

</dl>
 

<p id='footer'>
<a href=""https://www.hhs.gov/vulnerability-disclosure-policy/index.html"">HHS Vulnerability Disclosure</a><br>
<span id='rev'>Rev. 05/18/15</span>
</p>

</body>
</html>",Pleural effusion; Pulmonary oedema
CID100002022,acyclovir,"<!DOCTYPE html PUBLIC ""-//W3C//DTD XHTML 1.1//EN"" ""http://www.w3.org/TR/xhtml11/DTD/xhtml11.dtd""> 
<html>
<head>
<title>NCBI - WWW Error Blocked Diagnostic</title>
<meta http-equiv=""Content-Type"" content=""text/html; charset=utf-8"" />
<meta http-equiv=""pragma"" content=""no-cache"" />
<meta http-equiv=""cache-control"" content=""no-cache"" />
<meta name=""robots"" content=""noarchive,none"" />

<style type=""text/css"">
body {
min-width: 950px;
_width: 950px;
}
h1.error {color: red; font-size: 40pt}

#mainContent {
padding: 1em 2em;
}

dl#diags {
padding: 0.5em 0.5em 1.5em 0.5em;
padding-left: 2em;
border: solid 1px #888;
border-left: none;
border-right: none;
margin-bottom:0;
background-color:#eeeeee;
color:#666;
font-size: 80%;
_font-size: 70%;
font-family: Verdana, sans-serif;
}

dl#diags dt {
float: left;
font-weight: bold;
width: auto;
}

dl#diags dd {
margin-left:1em;
float: left;
margin-right: 2em;
}

#footer span {
float: left;
color: #888;
font-size: 80%;
}

#footer {
text-align: right;
padding: 0 0.5em;
clear: left;
}

#footer img {
border: none;
}

.ncbi {
margin: 0;
padding:0;
font-size:240%;
font-weight: bold;
font-family: Times, serif;
color: #336699;
float: left;
display: inline;
}

.ncbi a {
text-decoration: none;
color: #336699;
}

.ncbi a:visited {
text-decoration: none;
color: #336699;
}

.ncbi a:hover {
text-decoration: underline;
}

.message {
font-family: Verdana, sans-serif;
background-color: #336699;
color: white;
padding: .35em;
margin-left: 7em;
margin-top: .67em;
_margin-top: 0.5em;
font-weight: bold;
font-size: 100%;
margin-bottom: 0;
}

h1 {
clear: left;
font-size: 110%;
font-family: Verdana, sans-serif;
}


body.denied {
background-color: black;
color: white;
}

body.denied h1 {
color: red;
}

body.denied a {
color: green;
}

body.denied #footer, body.denied #diags {
color: black;
}

#searchme:focus {
background-color: #ffa;
}

.errurl {
letter-spacing: 0;
margin: 0 1em;
padding: 0.25em;
background-color: #fff0f0;
color: #c00;
font-family: ""Courier New"", Courier, monospace;
font-size: 90%;
_font-size: 80%;
}

body.denied .errurl {
background-color: black;
color: yellow;
}

span.x {
display: none;
}

</style>

</head>
<body class='denied'>



<div id='header'>
<a href=""#mainContent"" title=""Skip to main content"" />
<p class=""ncbi""><a href=""http://www.ncbi.nlm.nih.gov"">NCBI</a></p>
<p class=""message"">Error</p>
</div>

<div id='mainContent'>


<h1 class=""error"">Access Denied</h1>


<p>
Your access to the NCBI website at <b>www.ncbi.nlm.nih.gov</b> has been
temporarily blocked due to a possible misuse/abuse situation
involving your site. This is not an indication of a security issue
such as a virus or attack. It could be something as simple as a run
away script or learning how to better use E-utilities,
<a href=""http://www.ncbi.nlm.nih.gov/books/NBK25497/"">http://www.ncbi.nlm.nih.gov/books/NBK25497/</a>,
for more efficient work such that your work does not impact the ability of other researchers
to also use our site.
To restore access and understand how to better interact with our site
to avoid this in the future, please have your system administrator
contact 
<a href=""mailto:info@ncbi.nlm.nih.gov?subject=NCBI Web site BLOCKED: 14.186.125.174&amp;body=%3E%20Error%3Dblocked for possible abuse%0D%3E%20Server%3Dmisuse.ncbi.nlm.nih.gov%0D%3E%20Client%3D14.186.125.174%0D%3E%20Time%3DWednesday, 23-Sep-2026 08:26:56 EDT  %0D%0DPlease%20enter%20comments%20below:%0D%0D"">info@ncbi.nlm.nih.gov</a>.
</p>

</div>

<dl id='diags'>

<dt>Error</dt><dd>blocked for possible abuse </dd>
<dt>Server</dt><dd>misuse.ncbi.nlm.nih.gov</dd>
<dt>Client</dt><dd>14.186.125.174</dd>
<dt>Time</dt><dd>Wednesday, 23-Sep-2026 08:26:56 EDT</dd>

</dl>
 

<p id='footer'>
<a href=""https://www.hhs.gov/vulnerability-disclosure-policy/index.html"">HHS Vulnerability Disclosure</a><br>
<span id='rev'>Rev. 05/18/15</span>
</p>

</body>
</html>",Pulmonary oedema
CID100002083,salbutamol,"<!DOCTYPE html PUBLIC ""-//W3C//DTD XHTML 1.1//EN"" ""http://www.w3.org/TR/xhtml11/DTD/xhtml11.dtd""> 
<html>
<head>
<title>NCBI - WWW Error Blocked Diagnostic</title>
<meta http-equiv=""Content-Type"" content=""text/html; charset=utf-8"" />
<meta http-equiv=""pragma"" content=""no-cache"" />
<meta http-equiv=""cache-control"" content=""no-cache"" />
<meta name=""robots"" content=""noarchive,none"" />

<style type=""text/css"">
body {
min-width: 950px;
_width: 950px;
}
h1.error {color: red; font-size: 40pt}

#mainContent {
padding: 1em 2em;
}

dl#diags {
padding: 0.5em 0.5em 1.5em 0.5em;
padding-left: 2em;
border: solid 1px #888;
border-left: none;
border-right: none;
margin-bottom:0;
background-color:#eeeeee;
color:#666;
font-size: 80%;
_font-size: 70%;
font-family: Verdana, sans-serif;
}

dl#diags dt {
float: left;
font-weight: bold;
width: auto;
}

dl#diags dd {
margin-left:1em;
float: left;
margin-right: 2em;
}

#footer span {
float: left;
color: #888;
font-size: 80%;
}

#footer {
text-align: right;
padding: 0 0.5em;
clear: left;
}

#footer img {
border: none;
}

.ncbi {
margin: 0;
padding:0;
font-size:240%;
font-weight: bold;
font-family: Times, serif;
color: #336699;
float: left;
display: inline;
}

.ncbi a {
text-decoration: none;
color: #336699;
}

.ncbi a:visited {
text-decoration: none;
color: #336699;
}

.ncbi a:hover {
text-decoration: underline;
}

.message {
font-family: Verdana, sans-serif;
background-color: #336699;
color: white;
padding: .35em;
margin-left: 7em;
margin-top: .67em;
_margin-top: 0.5em;
font-weight: bold;
font-size: 100%;
margin-bottom: 0;
}

h1 {
clear: left;
font-size: 110%;
font-family: Verdana, sans-serif;
}


body.denied {
background-color: black;
color: white;
}

body.denied h1 {
color: red;
}

body.denied a {
color: green;
}

body.denied #footer, body.denied #diags {
color: black;
}

#searchme:focus {
background-color: #ffa;
}

.errurl {
letter-spacing: 0;
margin: 0 1em;
padding: 0.25em;
background-color: #fff0f0;
color: #c00;
font-family: ""Courier New"", Courier, monospace;
font-size: 90%;
_font-size: 80%;
}

body.denied .errurl {
background-color: black;
color: yellow;
}

span.x {
display: none;
}

</style>

</head>
<body class='denied'>



<div id='header'>
<a href=""#mainContent"" title=""Skip to main content"" />
<p class=""ncbi""><a href=""http://www.ncbi.nlm.nih.gov"">NCBI</a></p>
<p class=""message"">Error</p>
</div>

<div id='mainContent'>


<h1 class=""error"">Access Denied</h1>


<p>
Your access to the NCBI website at <b>www.ncbi.nlm.nih.gov</b> has been
temporarily blocked due to a possible misuse/abuse situation
involving your site. This is not an indication of a security issue
such as a virus or attack. It could be something as simple as a run
away script or learning how to better use E-utilities,
<a href=""http://www.ncbi.nlm.nih.gov/books/NBK25497/"">http://www.ncbi.nlm.nih.gov/books/NBK25497/</a>,
for more efficient work such that your work does not impact the ability of other researchers
to also use our site.
To restore access and understand how to better interact with our site
to avoid this in the future, please have your system administrator
contact 
<a href=""mailto:info@ncbi.nlm.nih.gov?subject=NCBI Web site BLOCKED: 14.186.125.174&amp;body=%3E%20Error%3Dblocked for possible abuse%0D%3E%20Server%3Dmisuse.ncbi.nlm.nih.gov%0D%3E%20Client%3D14.186.125.174%0D%3E%20Time%3DWednesday, 23-Sep-2026 08:26:59 EDT  %0D%0DPlease%20enter%20comments%20below:%0D%0D"">info@ncbi.nlm.nih.gov</a>.
</p>

</div>

<dl id='diags'>

<dt>Error</dt><dd>blocked for possible abuse </dd>
<dt>Server</dt><dd>misuse.ncbi.nlm.nih.gov</dd>
<dt>Client</dt><dd>14.186.125.174</dd>
<dt>Time</dt><dd>Wednesday, 23-Sep-2026 08:26:59 EDT</dd>

</dl>
 

<p id='footer'>
<a href=""https://www.hhs.gov/vulnerability-disclosure-policy/index.html"">HHS Vulnerability Disclosure</a><br>
<span id='rev'>Rev. 05/18/15</span>
</p>

</body>
</html>",Pulmonary oedema
CID100002094,allopurinol,"<!DOCTYPE html PUBLIC ""-//W3C//DTD XHTML 1.1//EN"" ""http://www.w3.org/TR/xhtml11/DTD/xhtml11.dtd""> 
<html>
<head>
<title>NCBI - WWW Error Blocked Diagnostic</title>
<meta http-equiv=""Content-Type"" content=""text/html; charset=utf-8"" />
<meta http-equiv=""pragma"" content=""no-cache"" />
<meta http-equiv=""cache-control"" content=""no-cache"" />
<meta name=""robots"" content=""noarchive,none"" />

<style type=""text/css"">
body {
min-width: 950px;
_width: 950px;
}
h1.error {color: red; font-size: 40pt}

#mainContent {
padding: 1em 2em;
}

dl#diags {
padding: 0.5em 0.5em 1.5em 0.5em;
padding-left: 2em;
border: solid 1px #888;
border-left: none;
border-right: none;
margin-bottom:0;
background-color:#eeeeee;
color:#666;
font-size: 80%;
_font-size: 70%;
font-family: Verdana, sans-serif;
}

dl#diags dt {
float: left;
font-weight: bold;
width: auto;
}

dl#diags dd {
margin-left:1em;
float: left;
margin-right: 2em;
}

#footer span {
float: left;
color: #888;
font-size: 80%;
}

#footer {
text-align: right;
padding: 0 0.5em;
clear: left;
}

#footer img {
border: none;
}

.ncbi {
margin: 0;
padding:0;
font-size:240%;
font-weight: bold;
font-family: Times, serif;
color: #336699;
float: left;
display: inline;
}

.ncbi a {
text-decoration: none;
color: #336699;
}

.ncbi a:visited {
text-decoration: none;
color: #336699;
}

.ncbi a:hover {
text-decoration: underline;
}

.message {
font-family: Verdana, sans-serif;
background-color: #336699;
color: white;
padding: .35em;
margin-left: 7em;
margin-top: .67em;
_margin-top: 0.5em;
font-weight: bold;
font-size: 100%;
margin-bottom: 0;
}

h1 {
clear: left;
font-size: 110%;
font-family: Verdana, sans-serif;
}


body.denied {
background-color: black;
color: white;
}

body.denied h1 {
color: red;
}

body.denied a {
color: green;
}

body.denied #footer, body.denied #diags {
color: black;
}

#searchme:focus {
background-color: #ffa;
}

.errurl {
letter-spacing: 0;
margin: 0 1em;
padding: 0.25em;
background-color: #fff0f0;
color: #c00;
font-family: ""Courier New"", Courier, monospace;
font-size: 90%;
_font-size: 80%;
}

body.denied .errurl {
background-color: black;
color: yellow;
}

span.x {
display: none;
}

</style>

</head>
<body class='denied'>



<div id='header'>
<a href=""#mainContent"" title=""Skip to main content"" />
<p class=""ncbi""><a href=""http://www.ncbi.nlm.nih.gov"">NCBI</a></p>
<p class=""message"">Error</p>
</div>

<div id='mainContent'>


<h1 class=""error"">Access Denied</h1>


<p>
Your access to the NCBI website at <b>www.ncbi.nlm.nih.gov</b> has been
temporarily blocked due to a possible misuse/abuse situation
involving your site. This is not an indication of a security issue
such as a virus or attack. It could be something as simple as a run
away script or learning how to better use E-utilities,
<a href=""http://www.ncbi.nlm.nih.gov/books/NBK25497/"">http://www.ncbi.nlm.nih.gov/books/NBK25497/</a>,
for more efficient work such that your work does not impact the ability of other researchers
to also use our site.
To restore access and understand how to better interact with our site
to avoid this in the future, please have your system administrator
contact 
<a href=""mailto:info@ncbi.nlm.nih.gov?subject=NCBI Web site BLOCKED: 14.186.125.174&amp;body=%3E%20Error%3Dblocked for possible abuse%0D%3E%20Server%3Dmisuse.ncbi.nlm.nih.gov%0D%3E%20Client%3D14.186.125.174%0D%3E%20Time%3DWednesday, 23-Sep-2026 08:27:03 EDT  %0D%0DPlease%20enter%20comments%20below:%0D%0D"">info@ncbi.nlm.nih.gov</a>.
</p>

</div>

<dl id='diags'>

<dt>Error</dt><dd>blocked for possible abuse </dd>
<dt>Server</dt><dd>misuse.ncbi.nlm.nih.gov</dd>
<dt>Client</dt><dd>14.186.125.174</dd>
<dt>Time</dt><dd>Wednesday, 23-Sep-2026 08:27:03 EDT</dd>

</dl>
 

<p id='footer'>
<a href=""https://www.hhs.gov/vulnerability-disclosure-policy/index.html"">HHS Vulnerability Disclosure</a><br>
<span id='rev'>Rev. 05/18/15</span>
</p>

</body>
</html>",Pulmonary embolism
CID100002130,amantadine,"<!DOCTYPE html PUBLIC ""-//W3C//DTD XHTML 1.1//EN"" ""http://www.w3.org/TR/xhtml11/DTD/xhtml11.dtd""> 
<html>
<head>
<title>NCBI - WWW Error Blocked Diagnostic</title>
<meta http-equiv=""Content-Type"" content=""text/html; charset=utf-8"" />
<meta http-equiv=""pragma"" content=""no-cache"" />
<meta http-equiv=""cache-control"" content=""no-cache"" />
<meta name=""robots"" content=""noarchive,none"" />

<style type=""text/css"">
body {
min-width: 950px;
_width: 950px;
}
h1.error {color: red; font-size: 40pt}

#mainContent {
padding: 1em 2em;
}

dl#diags {
padding: 0.5em 0.5em 1.5em 0.5em;
padding-left: 2em;
border: solid 1px #888;
border-left: none;
border-right: none;
margin-bottom:0;
background-color:#eeeeee;
color:#666;
font-size: 80%;
_font-size: 70%;
font-family: Verdana, sans-serif;
}

dl#diags dt {
float: left;
font-weight: bold;
width: auto;
}

dl#diags dd {
margin-left:1em;
float: left;
margin-right: 2em;
}

#footer span {
float: left;
color: #888;
font-size: 80%;
}

#footer {
text-align: right;
padding: 0 0.5em;
clear: left;
}

#footer img {
border: none;
}

.ncbi {
margin: 0;
padding:0;
font-size:240%;
font-weight: bold;
font-family: Times, serif;
color: #336699;
float: left;
display: inline;
}

.ncbi a {
text-decoration: none;
color: #336699;
}

.ncbi a:visited {
text-decoration: none;
color: #336699;
}

.ncbi a:hover {
text-decoration: underline;
}

.message {
font-family: Verdana, sans-serif;
background-color: #336699;
color: white;
padding: .35em;
margin-left: 7em;
margin-top: .67em;
_margin-top: 0.5em;
font-weight: bold;
font-size: 100%;
margin-bottom: 0;
}

h1 {
clear: left;
font-size: 110%;
font-family: Verdana, sans-serif;
}


body.denied {
background-color: black;
color: white;
}

body.denied h1 {
color: red;
}

body.denied a {
color: green;
}

body.denied #footer, body.denied #diags {
color: black;
}

#searchme:focus {
background-color: #ffa;
}

.errurl {
letter-spacing: 0;
margin: 0 1em;
padding: 0.25em;
background-color: #fff0f0;
color: #c00;
font-family: ""Courier New"", Courier, monospace;
font-size: 90%;
_font-size: 80%;
}

body.denied .errurl {
background-color: black;
color: yellow;
}

span.x {
display: none;
}

</style>

</head>
<body class='denied'>



<div id='header'>
<a href=""#mainContent"" title=""Skip to main content"" />
<p class=""ncbi""><a href=""http://www.ncbi.nlm.nih.gov"">NCBI</a></p>
<p class=""message"">Error</p>
</div>

<div id='mainContent'>


<h1 class=""error"">Access Denied</h1>


<p>
Your access to the NCBI website at <b>www.ncbi.nlm.nih.gov</b> has been
temporarily blocked due to a possible misuse/abuse situation
involving your site. This is not an indication of a security issue
such as a virus or attack. It could be something as simple as a run
away script or learning how to better use E-utilities,
<a href=""http://www.ncbi.nlm.nih.gov/books/NBK25497/"">http://www.ncbi.nlm.nih.gov/books/NBK25497/</a>,
for more efficient work such that your work does not impact the ability of other researchers
to also use our site.
To restore access and understand how to better interact with our site
to avoid this in the future, please have your system administrator
contact 
<a href=""mailto:info@ncbi.nlm.nih.gov?subject=NCBI Web site BLOCKED: 14.186.125.174&amp;body=%3E%20Error%3Dblocked for possible abuse%0D%3E%20Server%3Dmisuse.ncbi.nlm.nih.gov%0D%3E%20Client%3D14.186.125.174%0D%3E%20Time%3DWednesday, 23-Sep-2026 08:27:06 EDT  %0D%0DPlease%20enter%20comments%20below:%0D%0D"">info@ncbi.nlm.nih.gov</a>.
</p>

</div>

<dl id='diags'>

<dt>Error</dt><dd>blocked for possible abuse </dd>
<dt>Server</dt><dd>misuse.ncbi.nlm.nih.gov</dd>
<dt>Client</dt><dd>14.186.125.174</dd>
<dt>Time</dt><dd>Wednesday, 23-Sep-2026 08:27:06 EDT</dd>

</dl>
 

<p id='footer'>
<a href=""https://www.hhs.gov/vulnerability-disclosure-policy/index.html"">HHS Vulnerability Disclosure</a><br>
<span id='rev'>Rev. 05/18/15</span>
</p>

</body>
</html>",Pulmonary oedema
CID100002140,diatrizoate,"<!DOCTYPE html PUBLIC ""-//W3C//DTD XHTML 1.1//EN"" ""http://www.w3.org/TR/xhtml11/DTD/xhtml11.dtd""> 
<html>
<head>
<title>NCBI - WWW Error Blocked Diagnostic</title>
<meta http-equiv=""Content-Type"" content=""text/html; charset=utf-8"" />
<meta http-equiv=""pragma"" content=""no-cache"" />
<meta http-equiv=""cache-control"" content=""no-cache"" />
<meta name=""robots"" content=""noarchive,none"" />

<style type=""text/css"">
body {
min-width: 950px;
_width: 950px;
}
h1.error {color: red; font-size: 40pt}

#mainContent {
padding: 1em 2em;
}

dl#diags {
padding: 0.5em 0.5em 1.5em 0.5em;
padding-left: 2em;
border: solid 1px #888;
border-left: none;
border-right: none;
margin-bottom:0;
background-color:#eeeeee;
color:#666;
font-size: 80%;
_font-size: 70%;
font-family: Verdana, sans-serif;
}

dl#diags dt {
float: left;
font-weight: bold;
width: auto;
}

dl#diags dd {
margin-left:1em;
float: left;
margin-right: 2em;
}

#footer span {
float: left;
color: #888;
font-size: 80%;
}

#footer {
text-align: right;
padding: 0 0.5em;
clear: left;
}

#footer img {
border: none;
}

.ncbi {
margin: 0;
padding:0;
font-size:240%;
font-weight: bold;
font-family: Times, serif;
color: #336699;
float: left;
display: inline;
}

.ncbi a {
text-decoration: none;
color: #336699;
}

.ncbi a:visited {
text-decoration: none;
color: #336699;
}

.ncbi a:hover {
text-decoration: underline;
}

.message {
font-family: Verdana, sans-serif;
background-color: #336699;
color: white;
padding: .35em;
margin-left: 7em;
margin-top: .67em;
_margin-top: 0.5em;
font-weight: bold;
font-size: 100%;
margin-bottom: 0;
}

h1 {
clear: left;
font-size: 110%;
font-family: Verdana, sans-serif;
}


body.denied {
background-color: black;
color: white;
}

body.denied h1 {
color: red;
}

body.denied a {
color: green;
}

body.denied #footer, body.denied #diags {
color: black;
}

#searchme:focus {
background-color: #ffa;
}

.errurl {
letter-spacing: 0;
margin: 0 1em;
padding: 0.25em;
background-color: #fff0f0;
color: #c00;
font-family: ""Courier New"", Courier, monospace;
font-size: 90%;
_font-size: 80%;
}

body.denied .errurl {
background-color: black;
color: yellow;
}

span.x {
display: none;
}

</style>

</head>
<body class='denied'>



<div id='header'>
<a href=""#mainContent"" title=""Skip to main content"" />
<p class=""ncbi""><a href=""http://www.ncbi.nlm.nih.gov"">NCBI</a></p>
<p class=""message"">Error</p>
</div>

<div id='mainContent'>


<h1 class=""error"">Access Denied</h1>


<p>
Your access to the NCBI website at <b>www.ncbi.nlm.nih.gov</b> has been
temporarily blocked due to a possible misuse/abuse situation
involving your site. This is not an indication of a security issue
such as a virus or attack. It could be something as simple as a run
away script or learning how to better use E-utilities,
<a href=""http://www.ncbi.nlm.nih.gov/books/NBK25497/"">http://www.ncbi.nlm.nih.gov/books/NBK25497/</a>,
for more efficient work such that your work does not impact the ability of other researchers
to also use our site.
To restore access and understand how to better interact with our site
to avoid this in the future, please have your system administrator
contact 
<a href=""mailto:info@ncbi.nlm.nih.gov?subject=NCBI Web site BLOCKED: 14.186.125.174&amp;body=%3E%20Error%3Dblocked for possible abuse%0D%3E%20Server%3Dmisuse.ncbi.nlm.nih.gov%0D%3E%20Client%3D14.186.125.174%0D%3E%20Time%3DWednesday, 23-Sep-2026 08:27:10 EDT  %0D%0DPlease%20enter%20comments%20below:%0D%0D"">info@ncbi.nlm.nih.gov</a>.
</p>

</div>

<dl id='diags'>

<dt>Error</dt><dd>blocked for possible abuse </dd>
<dt>Server</dt><dd>misuse.ncbi.nlm.nih.gov</dd>
<dt>Client</dt><dd>14.186.125.174</dd>
<dt>Time</dt><dd>Wednesday, 23-Sep-2026 08:27:10 EDT</dd>

</dl>
 

<p id='footer'>
<a href=""https://www.hhs.gov/vulnerability-disclosure-policy/index.html"">HHS Vulnerability Disclosure</a><br>
<span id='rev'>Rev. 05/18/15</span>
</p>

</body>
</html>",Pulmonary embolism; Pulmonary oedema
CID100002156,amiodarone,"<!DOCTYPE html PUBLIC ""-//W3C//DTD XHTML 1.1//EN"" ""http://www.w3.org/TR/xhtml11/DTD/xhtml11.dtd""> 
<html>
<head>
<title>NCBI - WWW Error Blocked Diagnostic</title>
<meta http-equiv=""Content-Type"" content=""text/html; charset=utf-8"" />
<meta http-equiv=""pragma"" content=""no-cache"" />
<meta http-equiv=""cache-control"" content=""no-cache"" />
<meta name=""robots"" content=""noarchive,none"" />

<style type=""text/css"">
body {
min-width: 950px;
_width: 950px;
}
h1.error {color: red; font-size: 40pt}

#mainContent {
padding: 1em 2em;
}

dl#diags {
padding: 0.5em 0.5em 1.5em 0.5em;
padding-left: 2em;
border: solid 1px #888;
border-left: none;
border-right: none;
margin-bottom:0;
background-color:#eeeeee;
color:#666;
font-size: 80%;
_font-size: 70%;
font-family: Verdana, sans-serif;
}

dl#diags dt {
float: left;
font-weight: bold;
width: auto;
}

dl#diags dd {
margin-left:1em;
float: left;
margin-right: 2em;
}

#footer span {
float: left;
color: #888;
font-size: 80%;
}

#footer {
text-align: right;
padding: 0 0.5em;
clear: left;
}

#footer img {
border: none;
}

.ncbi {
margin: 0;
padding:0;
font-size:240%;
font-weight: bold;
font-family: Times, serif;
color: #336699;
float: left;
display: inline;
}

.ncbi a {
text-decoration: none;
color: #336699;
}

.ncbi a:visited {
text-decoration: none;
color: #336699;
}

.ncbi a:hover {
text-decoration: underline;
}

.message {
font-family: Verdana, sans-serif;
background-color: #336699;
color: white;
padding: .35em;
margin-left: 7em;
margin-top: .67em;
_margin-top: 0.5em;
font-weight: bold;
font-size: 100%;
margin-bottom: 0;
}

h1 {
clear: left;
font-size: 110%;
font-family: Verdana, sans-serif;
}


body.denied {
background-color: black;
color: white;
}

body.denied h1 {
color: red;
}

body.denied a {
color: green;
}

body.denied #footer, body.denied #diags {
color: black;
}

#searchme:focus {
background-color: #ffa;
}

.errurl {
letter-spacing: 0;
margin: 0 1em;
padding: 0.25em;
background-color: #fff0f0;
color: #c00;
font-family: ""Courier New"", Courier, monospace;
font-size: 90%;
_font-size: 80%;
}

body.denied .errurl {
background-color: black;
color: yellow;
}

span.x {
display: none;
}

</style>

</head>
<body class='denied'>



<div id='header'>
<a href=""#mainContent"" title=""Skip to main content"" />
<p class=""ncbi""><a href=""http://www.ncbi.nlm.nih.gov"">NCBI</a></p>
<p class=""message"">Error</p>
</div>

<div id='mainContent'>


<h1 class=""error"">Access Denied</h1>


<p>
Your access to the NCBI website at <b>www.ncbi.nlm.nih.gov</b> has been
temporarily blocked due to a possible misuse/abuse situation
involving your site. This is not an indication of a security issue
such as a virus or attack. It could be something as simple as a run
away script or learning how to better use E-utilities,
<a href=""http://www.ncbi.nlm.nih.gov/books/NBK25497/"">http://www.ncbi.nlm.nih.gov/books/NBK25497/</a>,
for more efficient work such that your work does not impact the ability of other researchers
to also use our site.
To restore access and understand how to better interact with our site
to avoid this in the future, please have your system administrator
contact 
<a href=""mailto:info@ncbi.nlm.nih.gov?subject=NCBI Web site BLOCKED: 14.186.125.174&amp;body=%3E%20Error%3Dblocked for possible abuse%0D%3E%20Server%3Dmisuse.ncbi.nlm.nih.gov%0D%3E%20Client%3D14.186.125.174%0D%3E%20Time%3DWednesday, 23-Sep-2026 08:27:15 EDT  %0D%0DPlease%20enter%20comments%20below:%0D%0D"">info@ncbi.nlm.nih.gov</a>.
</p>

</div>

<dl id='diags'>

<dt>Error</dt><dd>blocked for possible abuse </dd>
<dt>Server</dt><dd>misuse.ncbi.nlm.nih.gov</dd>
<dt>Client</dt><dd>14.186.125.174</dd>
<dt>Time</dt><dd>Wednesday, 23-Sep-2026 08:27:15 EDT</dd>

</dl>
 

<p id='footer'>
<a href=""https://www.hhs.gov/vulnerability-disclosure-policy/index.html"">HHS Vulnerability Disclosure</a><br>
<span id='rev'>Rev. 05/18/15</span>
</p>

</body>
</html>",Interstitial pneumonia; Pleural effusion; Pulmonary oedema
CID100002159,amisulpride,"<!DOCTYPE html PUBLIC ""-//W3C//DTD XHTML 1.1//EN"" ""http://www.w3.org/TR/xhtml11/DTD/xhtml11.dtd""> 
<html>
<head>
<title>NCBI - WWW Error Blocked Diagnostic</title>
<meta http-equiv=""Content-Type"" content=""text/html; charset=utf-8"" />
<meta http-equiv=""pragma"" content=""no-cache"" />
<meta http-equiv=""cache-control"" content=""no-cache"" />
<meta name=""robots"" content=""noarchive,none"" />

<style type=""text/css"">
body {
min-width: 950px;
_width: 950px;
}
h1.error {color: red; font-size: 40pt}

#mainContent {
padding: 1em 2em;
}

dl#diags {
padding: 0.5em 0.5em 1.5em 0.5em;
padding-left: 2em;
border: solid 1px #888;
border-left: none;
border-right: none;
margin-bottom:0;
background-color:#eeeeee;
color:#666;
font-size: 80%;
_font-size: 70%;
font-family: Verdana, sans-serif;
}

dl#diags dt {
float: left;
font-weight: bold;
width: auto;
}

dl#diags dd {
margin-left:1em;
float: left;
margin-right: 2em;
}

#footer span {
float: left;
color: #888;
font-size: 80%;
}

#footer {
text-align: right;
padding: 0 0.5em;
clear: left;
}

#footer img {
border: none;
}

.ncbi {
margin: 0;
padding:0;
font-size:240%;
font-weight: bold;
font-family: Times, serif;
color: #336699;
float: left;
display: inline;
}

.ncbi a {
text-decoration: none;
color: #336699;
}

.ncbi a:visited {
text-decoration: none;
color: #336699;
}

.ncbi a:hover {
text-decoration: underline;
}

.message {
font-family: Verdana, sans-serif;
background-color: #336699;
color: white;
padding: .35em;
margin-left: 7em;
margin-top: .67em;
_margin-top: 0.5em;
font-weight: bold;
font-size: 100%;
margin-bottom: 0;
}

h1 {
clear: left;
font-size: 110%;
font-family: Verdana, sans-serif;
}


body.denied {
background-color: black;
color: white;
}

body.denied h1 {
color: red;
}

body.denied a {
color: green;
}

body.denied #footer, body.denied #diags {
color: black;
}

#searchme:focus {
background-color: #ffa;
}

.errurl {
letter-spacing: 0;
margin: 0 1em;
padding: 0.25em;
background-color: #fff0f0;
color: #c00;
font-family: ""Courier New"", Courier, monospace;
font-size: 90%;
_font-size: 80%;
}

body.denied .errurl {
background-color: black;
color: yellow;
}

span.x {
display: none;
}

</style>

</head>
<body class='denied'>



<div id='header'>
<a href=""#mainContent"" title=""Skip to main content"" />
<p class=""ncbi""><a href=""http://www.ncbi.nlm.nih.gov"">NCBI</a></p>
<p class=""message"">Error</p>
</div>

<div id='mainContent'>


<h1 class=""error"">Access Denied</h1>


<p>
Your access to the NCBI website at <b>www.ncbi.nlm.nih.gov</b> has been
temporarily blocked due to a possible misuse/abuse situation
involving your site. This is not an indication of a security issue
such as a virus or attack. It could be something as simple as a run
away script or learning how to better use E-utilities,
<a href=""http://www.ncbi.nlm.nih.gov/books/NBK25497/"">http://www.ncbi.nlm.nih.gov/books/NBK25497/</a>,
for more efficient work such that your work does not impact the ability of other researchers
to also use our site.
To restore access and understand how to better interact with our site
to avoid this in the future, please have your system administrator
contact 
<a href=""mailto:info@ncbi.nlm.nih.gov?subject=NCBI Web site BLOCKED: 14.186.125.174&amp;body=%3E%20Error%3Dblocked for possible abuse%0D%3E%20Server%3Dmisuse.ncbi.nlm.nih.gov%0D%3E%20Client%3D14.186.125.174%0D%3E%20Time%3DWednesday, 23-Sep-2026 08:27:19 EDT  %0D%0DPlease%20enter%20comments%20below:%0D%0D"">info@ncbi.nlm.nih.gov</a>.
</p>

</div>

<dl id='diags'>

<dt>Error</dt><dd>blocked for possible abuse </dd>
<dt>Server</dt><dd>misuse.ncbi.nlm.nih.gov</dd>
<dt>Client</dt><dd>14.186.125.174</dd>
<dt>Time</dt><dd>Wednesday, 23-Sep-2026 08:27:19 EDT</dd>

</dl>
 

<p id='footer'>
<a href=""https://www.hhs.gov/vulnerability-disclosure-policy/index.html"">HHS Vulnerability Disclosure</a><br>
<span id='rev'>Rev. 05/18/15</span>
</p>

</body>
</html>",Pulmonary embolism
CID100002182,anagrelide,"<!DOCTYPE html PUBLIC ""-//W3C//DTD XHTML 1.1//EN"" ""http://www.w3.org/TR/xhtml11/DTD/xhtml11.dtd""> 
<html>
<head>
<title>NCBI - WWW Error Blocked Diagnostic</title>
<meta http-equiv=""Content-Type"" content=""text/html; charset=utf-8"" />
<meta http-equiv=""pragma"" content=""no-cache"" />
<meta http-equiv=""cache-control"" content=""no-cache"" />
<meta name=""robots"" content=""noarchive,none"" />

<style type=""text/css"">
body {
min-width: 950px;
_width: 950px;
}
h1.error {color: red; font-size: 40pt}

#mainContent {
padding: 1em 2em;
}

dl#diags {
padding: 0.5em 0.5em 1.5em 0.5em;
padding-left: 2em;
border: solid 1px #888;
border-left: none;
border-right: none;
margin-bottom:0;
background-color:#eeeeee;
color:#666;
font-size: 80%;
_font-size: 70%;
font-family: Verdana, sans-serif;
}

dl#diags dt {
float: left;
font-weight: bold;
width: auto;
}

dl#diags dd {
margin-left:1em;
float: left;
margin-right: 2em;
}

#footer span {
float: left;
color: #888;
font-size: 80%;
}

#footer {
text-align: right;
padding: 0 0.5em;
clear: left;
}

#footer img {
border: none;
}

.ncbi {
margin: 0;
padding:0;
font-size:240%;
font-weight: bold;
font-family: Times, serif;
color: #336699;
float: left;
display: inline;
}

.ncbi a {
text-decoration: none;
color: #336699;
}

.ncbi a:visited {
text-decoration: none;
color: #336699;
}

.ncbi a:hover {
text-decoration: underline;
}

.message {
font-family: Verdana, sans-serif;
background-color: #336699;
color: white;
padding: .35em;
margin-left: 7em;
margin-top: .67em;
_margin-top: 0.5em;
font-weight: bold;
font-size: 100%;
margin-bottom: 0;
}

h1 {
clear: left;
font-size: 110%;
font-family: Verdana, sans-serif;
}


body.denied {
background-color: black;
color: white;
}

body.denied h1 {
color: red;
}

body.denied a {
color: green;
}

body.denied #footer, body.denied #diags {
color: black;
}

#searchme:focus {
background-color: #ffa;
}

.errurl {
letter-spacing: 0;
margin: 0 1em;
padding: 0.25em;
background-color: #fff0f0;
color: #c00;
font-family: ""Courier New"", Courier, monospace;
font-size: 90%;
_font-size: 80%;
}

body.denied .errurl {
background-color: black;
color: yellow;
}

span.x {
display: none;
}

</style>

</head>
<body class='denied'>



<div id='header'>
<a href=""#mainContent"" title=""Skip to main content"" />
<p class=""ncbi""><a href=""http://www.ncbi.nlm.nih.gov"">NCBI</a></p>
<p class=""message"">Error</p>
</div>

<div id='mainContent'>


<h1 class=""error"">Access Denied</h1>


<p>
Your access to the NCBI website at <b>www.ncbi.nlm.nih.gov</b> has been
temporarily blocked due to a possible misuse/abuse situation
involving your site. This is not an indication of a security issue
such as a virus or attack. It could be something as simple as a run
away script or learning how to better use E-utilities,
<a href=""http://www.ncbi.nlm.nih.gov/books/NBK25497/"">http://www.ncbi.nlm.nih.gov/books/NBK25497/</a>,
for more efficient work such that your work does not impact the ability of other researchers
to also use our site.
To restore access and understand how to better interact with our site
to avoid this in the future, please have your system administrator
contact 
<a href=""mailto:info@ncbi.nlm.nih.gov?subject=NCBI Web site BLOCKED: 14.186.125.174&amp;body=%3E%20Error%3Dblocked for possible abuse%0D%3E%20Server%3Dmisuse.ncbi.nlm.nih.gov%0D%3E%20Client%3D14.186.125.174%0D%3E%20Time%3DWednesday, 23-Sep-2026 08:27:23 EDT  %0D%0DPlease%20enter%20comments%20below:%0D%0D"">info@ncbi.nlm.nih.gov</a>.
</p>

</div>

<dl id='diags'>

<dt>Error</dt><dd>blocked for possible abuse </dd>
<dt>Server</dt><dd>misuse.ncbi.nlm.nih.gov</dd>
<dt>Client</dt><dd>14.186.125.174</dd>
<dt>Time</dt><dd>Wednesday, 23-Sep-2026 08:27:23 EDT</dd>

</dl>
 

<p id='footer'>
<a href=""https://www.hhs.gov/vulnerability-disclosure-policy/index.html"">HHS Vulnerability Disclosure</a><br>
<span id='rev'>Rev. 05/18/15</span>
</p>

</body>
</html>",Interstitial pneumonia; Pleural effusion
CID100002187,anastrozole,"<!DOCTYPE html PUBLIC ""-//W3C//DTD XHTML 1.1//EN"" ""http://www.w3.org/TR/xhtml11/DTD/xhtml11.dtd""> 
<html>
<head>
<title>NCBI - WWW Error Blocked Diagnostic</title>
<meta http-equiv=""Content-Type"" content=""text/html; charset=utf-8"" />
<meta http-equiv=""pragma"" content=""no-cache"" />
<meta http-equiv=""cache-control"" content=""no-cache"" />
<meta name=""robots"" content=""noarchive,none"" />

<style type=""text/css"">
body {
min-width: 950px;
_width: 950px;
}
h1.error {color: red; font-size: 40pt}

#mainContent {
padding: 1em 2em;
}

dl#diags {
padding: 0.5em 0.5em 1.5em 0.5em;
padding-left: 2em;
border: solid 1px #888;
border-left: none;
border-right: none;
margin-bottom:0;
background-color:#eeeeee;
color:#666;
font-size: 80%;
_font-size: 70%;
font-family: Verdana, sans-serif;
}

dl#diags dt {
float: left;
font-weight: bold;
width: auto;
}

dl#diags dd {
margin-left:1em;
float: left;
margin-right: 2em;
}

#footer span {
float: left;
color: #888;
font-size: 80%;
}

#footer {
text-align: right;
padding: 0 0.5em;
clear: left;
}

#footer img {
border: none;
}

.ncbi {
margin: 0;
padding:0;
font-size:240%;
font-weight: bold;
font-family: Times, serif;
color: #336699;
float: left;
display: inline;
}

.ncbi a {
text-decoration: none;
color: #336699;
}

.ncbi a:visited {
text-decoration: none;
color: #336699;
}

.ncbi a:hover {
text-decoration: underline;
}

.message {
font-family: Verdana, sans-serif;
background-color: #336699;
color: white;
padding: .35em;
margin-left: 7em;
margin-top: .67em;
_margin-top: 0.5em;
font-weight: bold;
font-size: 100%;
margin-bottom: 0;
}

h1 {
clear: left;
font-size: 110%;
font-family: Verdana, sans-serif;
}


body.denied {
background-color: black;
color: white;
}

body.denied h1 {
color: red;
}

body.denied a {
color: green;
}

body.denied #footer, body.denied #diags {
color: black;
}

#searchme:focus {
background-color: #ffa;
}

.errurl {
letter-spacing: 0;
margin: 0 1em;
padding: 0.25em;
background-color: #fff0f0;
color: #c00;
font-family: ""Courier New"", Courier, monospace;
font-size: 90%;
_font-size: 80%;
}

body.denied .errurl {
background-color: black;
color: yellow;
}

span.x {
display: none;
}

</style>

</head>
<body class='denied'>



<div id='header'>
<a href=""#mainContent"" title=""Skip to main content"" />
<p class=""ncbi""><a href=""http://www.ncbi.nlm.nih.gov"">NCBI</a></p>
<p class=""message"">Error</p>
</div>

<div id='mainContent'>


<h1 class=""error"">Access Denied</h1>


<p>
Your access to the NCBI website at <b>www.ncbi.nlm.nih.gov</b> has been
temporarily blocked due to a possible misuse/abuse situation
involving your site. This is not an indication of a security issue
such as a virus or attack. It could be something as simple as a run
away script or learning how to better use E-utilities,
<a href=""http://www.ncbi.nlm.nih.gov/books/NBK25497/"">http://www.ncbi.nlm.nih.gov/books/NBK25497/</a>,
for more efficient work such that your work does not impact the ability of other researchers
to also use our site.
To restore access and understand how to better interact with our site
to avoid this in the future, please have your system administrator
contact 
<a href=""mailto:info@ncbi.nlm.nih.gov?subject=NCBI Web site BLOCKED: 14.186.125.174&amp;body=%3E%20Error%3Dblocked for possible abuse%0D%3E%20Server%3Dmisuse.ncbi.nlm.nih.gov%0D%3E%20Client%3D14.186.125.174%0D%3E%20Time%3DWednesday, 23-Sep-2026 08:27:27 EDT  %0D%0DPlease%20enter%20comments%20below:%0D%0D"">info@ncbi.nlm.nih.gov</a>.
</p>

</div>

<dl id='diags'>

<dt>Error</dt><dd>blocked for possible abuse </dd>
<dt>Server</dt><dd>misuse.ncbi.nlm.nih.gov</dd>
<dt>Client</dt><dd>14.186.125.174</dd>
<dt>Time</dt><dd>Wednesday, 23-Sep-2026 08:27:27 EDT</dd>

</dl>
 

<p id='footer'>
<a href=""https://www.hhs.gov/vulnerability-disclosure-policy/index.html"">HHS Vulnerability Disclosure</a><br>
<span id='rev'>Rev. 05/18/15</span>
</p>

</body>
</html>",Pulmonary embolism
CID100002232,argatroban,"<!DOCTYPE html PUBLIC ""-//W3C//DTD XHTML 1.1//EN"" ""http://www.w3.org/TR/xhtml11/DTD/xhtml11.dtd""> 
<html>
<head>
<title>NCBI - WWW Error Blocked Diagnostic</title>
<meta http-equiv=""Content-Type"" content=""text/html; charset=utf-8"" />
<meta http-equiv=""pragma"" content=""no-cache"" />
<meta http-equiv=""cache-control"" content=""no-cache"" />
<meta name=""robots"" content=""noarchive,none"" />

<style type=""text/css"">
body {
min-width: 950px;
_width: 950px;
}
h1.error {color: red; font-size: 40pt}

#mainContent {
padding: 1em 2em;
}

dl#diags {
padding: 0.5em 0.5em 1.5em 0.5em;
padding-left: 2em;
border: solid 1px #888;
border-left: none;
border-right: none;
margin-bottom:0;
background-color:#eeeeee;
color:#666;
font-size: 80%;
_font-size: 70%;
font-family: Verdana, sans-serif;
}

dl#diags dt {
float: left;
font-weight: bold;
width: auto;
}

dl#diags dd {
margin-left:1em;
float: left;
margin-right: 2em;
}

#footer span {
float: left;
color: #888;
font-size: 80%;
}

#footer {
text-align: right;
padding: 0 0.5em;
clear: left;
}

#footer img {
border: none;
}

.ncbi {
margin: 0;
padding:0;
font-size:240%;
font-weight: bold;
font-family: Times, serif;
color: #336699;
float: left;
display: inline;
}

.ncbi a {
text-decoration: none;
color: #336699;
}

.ncbi a:visited {
text-decoration: none;
color: #336699;
}

.ncbi a:hover {
text-decoration: underline;
}

.message {
font-family: Verdana, sans-serif;
background-color: #336699;
color: white;
padding: .35em;
margin-left: 7em;
margin-top: .67em;
_margin-top: 0.5em;
font-weight: bold;
font-size: 100%;
margin-bottom: 0;
}

h1 {
clear: left;
font-size: 110%;
font-family: Verdana, sans-serif;
}


body.denied {
background-color: black;
color: white;
}

body.denied h1 {
color: red;
}

body.denied a {
color: green;
}

body.denied #footer, body.denied #diags {
color: black;
}

#searchme:focus {
background-color: #ffa;
}

.errurl {
letter-spacing: 0;
margin: 0 1em;
padding: 0.25em;
background-color: #fff0f0;
color: #c00;
font-family: ""Courier New"", Courier, monospace;
font-size: 90%;
_font-size: 80%;
}

body.denied .errurl {
background-color: black;
color: yellow;
}

span.x {
display: none;
}

</style>

</head>
<body class='denied'>



<div id='header'>
<a href=""#mainContent"" title=""Skip to main content"" />
<p class=""ncbi""><a href=""http://www.ncbi.nlm.nih.gov"">NCBI</a></p>
<p class=""message"">Error</p>
</div>

<div id='mainContent'>


<h1 class=""error"">Access Denied</h1>


<p>
Your access to the NCBI website at <b>www.ncbi.nlm.nih.gov</b> has been
temporarily blocked due to a possible misuse/abuse situation
involving your site. This is not an indication of a security issue
such as a virus or attack. It could be something as simple as a run
away script or learning how to better use E-utilities,
<a href=""http://www.ncbi.nlm.nih.gov/books/NBK25497/"">http://www.ncbi.nlm.nih.gov/books/NBK25497/</a>,
for more efficient work such that your work does not impact the ability of other researchers
to also use our site.
To restore access and understand how to better interact with our site
to avoid this in the future, please have your system administrator
contact 
<a href=""mailto:info@ncbi.nlm.nih.gov?subject=NCBI Web site BLOCKED: 14.186.125.174&amp;body=%3E%20Error%3Dblocked for possible abuse%0D%3E%20Server%3Dmisuse.ncbi.nlm.nih.gov%0D%3E%20Client%3D14.186.125.174%0D%3E%20Time%3DWednesday, 23-Sep-2026 08:27:30 EDT  %0D%0DPlease%20enter%20comments%20below:%0D%0D"">info@ncbi.nlm.nih.gov</a>.
</p>

</div>

<dl id='diags'>

<dt>Error</dt><dd>blocked for possible abuse </dd>
<dt>Server</dt><dd>misuse.ncbi.nlm.nih.gov</dd>
<dt>Client</dt><dd>14.186.125.174</dd>
<dt>Time</dt><dd>Wednesday, 23-Sep-2026 08:27:30 EDT</dd>

</dl>
 

<p id='footer'>
<a href=""https://www.hhs.gov/vulnerability-disclosure-policy/index.html"">HHS Vulnerability Disclosure</a><br>
<span id='rev'>Rev. 05/18/15</span>
</p>

</body>
</html>",Pleural effusion; Pulmonary embolism; Pulmonary oedema
CID100002249,atenolol,"<!DOCTYPE html PUBLIC ""-//W3C//DTD XHTML 1.1//EN"" ""http://www.w3.org/TR/xhtml11/DTD/xhtml11.dtd""> 
<html>
<head>
<title>NCBI - WWW Error Blocked Diagnostic</title>
<meta http-equiv=""Content-Type"" content=""text/html; charset=utf-8"" />
<meta http-equiv=""pragma"" content=""no-cache"" />
<meta http-equiv=""cache-control"" content=""no-cache"" />
<meta name=""robots"" content=""noarchive,none"" />

<style type=""text/css"">
body {
min-width: 950px;
_width: 950px;
}
h1.error {color: red; font-size: 40pt}

#mainContent {
padding: 1em 2em;
}

dl#diags {
padding: 0.5em 0.5em 1.5em 0.5em;
padding-left: 2em;
border: solid 1px #888;
border-left: none;
border-right: none;
margin-bottom:0;
background-color:#eeeeee;
color:#666;
font-size: 80%;
_font-size: 70%;
font-family: Verdana, sans-serif;
}

dl#diags dt {
float: left;
font-weight: bold;
width: auto;
}

dl#diags dd {
margin-left:1em;
float: left;
margin-right: 2em;
}

#footer span {
float: left;
color: #888;
font-size: 80%;
}

#footer {
text-align: right;
padding: 0 0.5em;
clear: left;
}

#footer img {
border: none;
}

.ncbi {
margin: 0;
padding:0;
font-size:240%;
font-weight: bold;
font-family: Times, serif;
color: #336699;
float: left;
display: inline;
}

.ncbi a {
text-decoration: none;
color: #336699;
}

.ncbi a:visited {
text-decoration: none;
color: #336699;
}

.ncbi a:hover {
text-decoration: underline;
}

.message {
font-family: Verdana, sans-serif;
background-color: #336699;
color: white;
padding: .35em;
margin-left: 7em;
margin-top: .67em;
_margin-top: 0.5em;
font-weight: bold;
font-size: 100%;
margin-bottom: 0;
}

h1 {
clear: left;
font-size: 110%;
font-family: Verdana, sans-serif;
}


body.denied {
background-color: black;
color: white;
}

body.denied h1 {
color: red;
}

body.denied a {
color: green;
}

body.denied #footer, body.denied #diags {
color: black;
}

#searchme:focus {
background-color: #ffa;
}

.errurl {
letter-spacing: 0;
margin: 0 1em;
padding: 0.25em;
background-color: #fff0f0;
color: #c00;
font-family: ""Courier New"", Courier, monospace;
font-size: 90%;
_font-size: 80%;
}

body.denied .errurl {
background-color: black;
color: yellow;
}

span.x {
display: none;
}

</style>

</head>
<body class='denied'>



<div id='header'>
<a href=""#mainContent"" title=""Skip to main content"" />
<p class=""ncbi""><a href=""http://www.ncbi.nlm.nih.gov"">NCBI</a></p>
<p class=""message"">Error</p>
</div>

<div id='mainContent'>


<h1 class=""error"">Access Denied</h1>


<p>
Your access to the NCBI website at <b>www.ncbi.nlm.nih.gov</b> has been
temporarily blocked due to a possible misuse/abuse situation
involving your site. This is not an indication of a security issue
such as a virus or attack. It could be something as simple as a run
away script or learning how to better use E-utilities,
<a href=""http://www.ncbi.nlm.nih.gov/books/NBK25497/"">http://www.ncbi.nlm.nih.gov/books/NBK25497/</a>,
for more efficient work such that your work does not impact the ability of other researchers
to also use our site.
To restore access and understand how to better interact with our site
to avoid this in the future, please have your system administrator
contact 
<a href=""mailto:info@ncbi.nlm.nih.gov?subject=NCBI Web site BLOCKED: 14.186.125.174&amp;body=%3E%20Error%3Dblocked for possible abuse%0D%3E%20Server%3Dmisuse.ncbi.nlm.nih.gov%0D%3E%20Client%3D14.186.125.174%0D%3E%20Time%3DWednesday, 23-Sep-2026 08:27:34 EDT  %0D%0DPlease%20enter%20comments%20below:%0D%0D"">info@ncbi.nlm.nih.gov</a>.
</p>

</div>

<dl id='diags'>

<dt>Error</dt><dd>blocked for possible abuse </dd>
<dt>Server</dt><dd>misuse.ncbi.nlm.nih.gov</dd>
<dt>Client</dt><dd>14.186.125.174</dd>
<dt>Time</dt><dd>Wednesday, 23-Sep-2026 08:27:34 EDT</dd>

</dl>
 

<p id='footer'>
<a href=""https://www.hhs.gov/vulnerability-disclosure-policy/index.html"">HHS Vulnerability Disclosure</a><br>
<span id='rev'>Rev. 05/18/15</span>
</p>

</body>
</html>",Pulmonary oedema
CID100002265,azathioprine,"<!DOCTYPE html PUBLIC ""-//W3C//DTD XHTML 1.1//EN"" ""http://www.w3.org/TR/xhtml11/DTD/xhtml11.dtd""> 
<html>
<head>
<title>NCBI - WWW Error Blocked Diagnostic</title>
<meta http-equiv=""Content-Type"" content=""text/html; charset=utf-8"" />
<meta http-equiv=""pragma"" content=""no-cache"" />
<meta http-equiv=""cache-control"" content=""no-cache"" />
<meta name=""robots"" content=""noarchive,none"" />

<style type=""text/css"">
body {
min-width: 950px;
_width: 950px;
}
h1.error {color: red; font-size: 40pt}

#mainContent {
padding: 1em 2em;
}

dl#diags {
padding: 0.5em 0.5em 1.5em 0.5em;
padding-left: 2em;
border: solid 1px #888;
border-left: none;
border-right: none;
margin-bottom:0;
background-color:#eeeeee;
color:#666;
font-size: 80%;
_font-size: 70%;
font-family: Verdana, sans-serif;
}

dl#diags dt {
float: left;
font-weight: bold;
width: auto;
}

dl#diags dd {
margin-left:1em;
float: left;
margin-right: 2em;
}

#footer span {
float: left;
color: #888;
font-size: 80%;
}

#footer {
text-align: right;
padding: 0 0.5em;
clear: left;
}

#footer img {
border: none;
}

.ncbi {
margin: 0;
padding:0;
font-size:240%;
font-weight: bold;
font-family: Times, serif;
color: #336699;
float: left;
display: inline;
}

.ncbi a {
text-decoration: none;
color: #336699;
}

.ncbi a:visited {
text-decoration: none;
color: #336699;
}

.ncbi a:hover {
text-decoration: underline;
}

.message {
font-family: Verdana, sans-serif;
background-color: #336699;
color: white;
padding: .35em;
margin-left: 7em;
margin-top: .67em;
_margin-top: 0.5em;
font-weight: bold;
font-size: 100%;
margin-bottom: 0;
}

h1 {
clear: left;
font-size: 110%;
font-family: Verdana, sans-serif;
}


body.denied {
background-color: black;
color: white;
}

body.denied h1 {
color: red;
}

body.denied a {
color: green;
}

body.denied #footer, body.denied #diags {
color: black;
}

#searchme:focus {
background-color: #ffa;
}

.errurl {
letter-spacing: 0;
margin: 0 1em;
padding: 0.25em;
background-color: #fff0f0;
color: #c00;
font-family: ""Courier New"", Courier, monospace;
font-size: 90%;
_font-size: 80%;
}

body.denied .errurl {
background-color: black;
color: yellow;
}

span.x {
display: none;
}

</style>

</head>
<body class='denied'>



<div id='header'>
<a href=""#mainContent"" title=""Skip to main content"" />
<p class=""ncbi""><a href=""http://www.ncbi.nlm.nih.gov"">NCBI</a></p>
<p class=""message"">Error</p>
</div>

<div id='mainContent'>


<h1 class=""error"">Access Denied</h1>


<p>
Your access to the NCBI website at <b>www.ncbi.nlm.nih.gov</b> has been
temporarily blocked due to a possible misuse/abuse situation
involving your site. This is not an indication of a security issue
such as a virus or attack. It could be something as simple as a run
away script or learning how to better use E-utilities,
<a href=""http://www.ncbi.nlm.nih.gov/books/NBK25497/"">http://www.ncbi.nlm.nih.gov/books/NBK25497/</a>,
for more efficient work such that your work does not impact the ability of other researchers
to also use our site.
To restore access and understand how to better interact with our site
to avoid this in the future, please have your system administrator
contact 
<a href=""mailto:info@ncbi.nlm.nih.gov?subject=NCBI Web site BLOCKED: 14.186.125.174&amp;body=%3E%20Error%3Dblocked for possible abuse%0D%3E%20Server%3Dmisuse.ncbi.nlm.nih.gov%0D%3E%20Client%3D14.186.125.174%0D%3E%20Time%3DWednesday, 23-Sep-2026 08:27:38 EDT  %0D%0DPlease%20enter%20comments%20below:%0D%0D"">info@ncbi.nlm.nih.gov</a>.
</p>

</div>

<dl id='diags'>

<dt>Error</dt><dd>blocked for possible abuse </dd>
<dt>Server</dt><dd>misuse.ncbi.nlm.nih.gov</dd>
<dt>Client</dt><dd>14.186.125.174</dd>
<dt>Time</dt><dd>Wednesday, 23-Sep-2026 08:27:38 EDT</dd>

</dl>
 

<p id='footer'>
<a href=""https://www.hhs.gov/vulnerability-disclosure-policy/index.html"">HHS Vulnerability Disclosure</a><br>
<span id='rev'>Rev. 05/18/15</span>
</p>

</body>
</html>",Interstitial pneumonia
CID100002269,azithromycin,"<!DOCTYPE html PUBLIC ""-//W3C//DTD XHTML 1.1//EN"" ""http://www.w3.org/TR/xhtml11/DTD/xhtml11.dtd""> 
<html>
<head>
<title>NCBI - WWW Error Blocked Diagnostic</title>
<meta http-equiv=""Content-Type"" content=""text/html; charset=utf-8"" />
<meta http-equiv=""pragma"" content=""no-cache"" />
<meta http-equiv=""cache-control"" content=""no-cache"" />
<meta name=""robots"" content=""noarchive,none"" />

<style type=""text/css"">
body {
min-width: 950px;
_width: 950px;
}
h1.error {color: red; font-size: 40pt}

#mainContent {
padding: 1em 2em;
}

dl#diags {
padding: 0.5em 0.5em 1.5em 0.5em;
padding-left: 2em;
border: solid 1px #888;
border-left: none;
border-right: none;
margin-bottom:0;
background-color:#eeeeee;
color:#666;
font-size: 80%;
_font-size: 70%;
font-family: Verdana, sans-serif;
}

dl#diags dt {
float: left;
font-weight: bold;
width: auto;
}

dl#diags dd {
margin-left:1em;
float: left;
margin-right: 2em;
}

#footer span {
float: left;
color: #888;
font-size: 80%;
}

#footer {
text-align: right;
padding: 0 0.5em;
clear: left;
}

#footer img {
border: none;
}

.ncbi {
margin: 0;
padding:0;
font-size:240%;
font-weight: bold;
font-family: Times, serif;
color: #336699;
float: left;
display: inline;
}

.ncbi a {
text-decoration: none;
color: #336699;
}

.ncbi a:visited {
text-decoration: none;
color: #336699;
}

.ncbi a:hover {
text-decoration: underline;
}

.message {
font-family: Verdana, sans-serif;
background-color: #336699;
color: white;
padding: .35em;
margin-left: 7em;
margin-top: .67em;
_margin-top: 0.5em;
font-weight: bold;
font-size: 100%;
margin-bottom: 0;
}

h1 {
clear: left;
font-size: 110%;
font-family: Verdana, sans-serif;
}


body.denied {
background-color: black;
color: white;
}

body.denied h1 {
color: red;
}

body.denied a {
color: green;
}

body.denied #footer, body.denied #diags {
color: black;
}

#searchme:focus {
background-color: #ffa;
}

.errurl {
letter-spacing: 0;
margin: 0 1em;
padding: 0.25em;
background-color: #fff0f0;
color: #c00;
font-family: ""Courier New"", Courier, monospace;
font-size: 90%;
_font-size: 80%;
}

body.denied .errurl {
background-color: black;
color: yellow;
}

span.x {
display: none;
}

</style>

</head>
<body class='denied'>



<div id='header'>
<a href=""#mainContent"" title=""Skip to main content"" />
<p class=""ncbi""><a href=""http://www.ncbi.nlm.nih.gov"">NCBI</a></p>
<p class=""message"">Error</p>
</div>

<div id='mainContent'>


<h1 class=""error"">Access Denied</h1>


<p>
Your access to the NCBI website at <b>www.ncbi.nlm.nih.gov</b> has been
temporarily blocked due to a possible misuse/abuse situation
involving your site. This is not an indication of a security issue
such as a virus or attack. It could be something as simple as a run
away script or learning how to better use E-utilities,
<a href=""http://www.ncbi.nlm.nih.gov/books/NBK25497/"">http://www.ncbi.nlm.nih.gov/books/NBK25497/</a>,
for more efficient work such that your work does not impact the ability of other researchers
to also use our site.
To restore access and understand how to better interact with our site
to avoid this in the future, please have your system administrator
contact 
<a href=""mailto:info@ncbi.nlm.nih.gov?subject=NCBI Web site BLOCKED: 14.186.125.174&amp;body=%3E%20Error%3Dblocked for possible abuse%0D%3E%20Server%3Dmisuse.ncbi.nlm.nih.gov%0D%3E%20Client%3D14.186.125.174%0D%3E%20Time%3DWednesday, 23-Sep-2026 08:27:41 EDT  %0D%0DPlease%20enter%20comments%20below:%0D%0D"">info@ncbi.nlm.nih.gov</a>.
</p>

</div>

<dl id='diags'>

<dt>Error</dt><dd>blocked for possible abuse </dd>
<dt>Server</dt><dd>misuse.ncbi.nlm.nih.gov</dd>
<dt>Client</dt><dd>14.186.125.174</dd>
<dt>Time</dt><dd>Wednesday, 23-Sep-2026 08:27:41 EDT</dd>

</dl>
 

<p id='footer'>
<a href=""https://www.hhs.gov/vulnerability-disclosure-policy/index.html"">HHS Vulnerability Disclosure</a><br>
<span id='rev'>Rev. 05/18/15</span>
</p>

</body>
</html>",Pleural effusion
CID100002284,baclofen,"<!DOCTYPE html PUBLIC ""-//W3C//DTD XHTML 1.1//EN"" ""http://www.w3.org/TR/xhtml11/DTD/xhtml11.dtd""> 
<html>
<head>
<title>NCBI - WWW Error Blocked Diagnostic</title>
<meta http-equiv=""Content-Type"" content=""text/html; charset=utf-8"" />
<meta http-equiv=""pragma"" content=""no-cache"" />
<meta http-equiv=""cache-control"" content=""no-cache"" />
<meta name=""robots"" content=""noarchive,none"" />

<style type=""text/css"">
body {
min-width: 950px;
_width: 950px;
}
h1.error {color: red; font-size: 40pt}

#mainContent {
padding: 1em 2em;
}

dl#diags {
padding: 0.5em 0.5em 1.5em 0.5em;
padding-left: 2em;
border: solid 1px #888;
border-left: none;
border-right: none;
margin-bottom:0;
background-color:#eeeeee;
color:#666;
font-size: 80%;
_font-size: 70%;
font-family: Verdana, sans-serif;
}

dl#diags dt {
float: left;
font-weight: bold;
width: auto;
}

dl#diags dd {
margin-left:1em;
float: left;
margin-right: 2em;
}

#footer span {
float: left;
color: #888;
font-size: 80%;
}

#footer {
text-align: right;
padding: 0 0.5em;
clear: left;
}

#footer img {
border: none;
}

.ncbi {
margin: 0;
padding:0;
font-size:240%;
font-weight: bold;
font-family: Times, serif;
color: #336699;
float: left;
display: inline;
}

.ncbi a {
text-decoration: none;
color: #336699;
}

.ncbi a:visited {
text-decoration: none;
color: #336699;
}

.ncbi a:hover {
text-decoration: underline;
}

.message {
font-family: Verdana, sans-serif;
background-color: #336699;
color: white;
padding: .35em;
margin-left: 7em;
margin-top: .67em;
_margin-top: 0.5em;
font-weight: bold;
font-size: 100%;
margin-bottom: 0;
}

h1 {
clear: left;
font-size: 110%;
font-family: Verdana, sans-serif;
}


body.denied {
background-color: black;
color: white;
}

body.denied h1 {
color: red;
}

body.denied a {
color: green;
}

body.denied #footer, body.denied #diags {
color: black;
}

#searchme:focus {
background-color: #ffa;
}

.errurl {
letter-spacing: 0;
margin: 0 1em;
padding: 0.25em;
background-color: #fff0f0;
color: #c00;
font-family: ""Courier New"", Courier, monospace;
font-size: 90%;
_font-size: 80%;
}

body.denied .errurl {
background-color: black;
color: yellow;
}

span.x {
display: none;
}

</style>

</head>
<body class='denied'>



<div id='header'>
<a href=""#mainContent"" title=""Skip to main content"" />
<p class=""ncbi""><a href=""http://www.ncbi.nlm.nih.gov"">NCBI</a></p>
<p class=""message"">Error</p>
</div>

<div id='mainContent'>


<h1 class=""error"">Access Denied</h1>


<p>
Your access to the NCBI website at <b>www.ncbi.nlm.nih.gov</b> has been
temporarily blocked due to a possible misuse/abuse situation
involving your site. This is not an indication of a security issue
such as a virus or attack. It could be something as simple as a run
away script or learning how to better use E-utilities,
<a href=""http://www.ncbi.nlm.nih.gov/books/NBK25497/"">http://www.ncbi.nlm.nih.gov/books/NBK25497/</a>,
for more efficient work such that your work does not impact the ability of other researchers
to also use our site.
To restore access and understand how to better interact with our site
to avoid this in the future, please have your system administrator
contact 
<a href=""mailto:info@ncbi.nlm.nih.gov?subject=NCBI Web site BLOCKED: 14.186.125.174&amp;body=%3E%20Error%3Dblocked for possible abuse%0D%3E%20Server%3Dmisuse.ncbi.nlm.nih.gov%0D%3E%20Client%3D14.186.125.174%0D%3E%20Time%3DWednesday, 23-Sep-2026 08:27:45 EDT  %0D%0DPlease%20enter%20comments%20below:%0D%0D"">info@ncbi.nlm.nih.gov</a>.
</p>

</div>

<dl id='diags'>

<dt>Error</dt><dd>blocked for possible abuse </dd>
<dt>Server</dt><dd>misuse.ncbi.nlm.nih.gov</dd>
<dt>Client</dt><dd>14.186.125.174</dd>
<dt>Time</dt><dd>Wednesday, 23-Sep-2026 08:27:45 EDT</dd>

</dl>
 

<p id='footer'>
<a href=""https://www.hhs.gov/vulnerability-disclosure-policy/index.html"">HHS Vulnerability Disclosure</a><br>
<span id='rev'>Rev. 05/18/15</span>
</p>

</body>
</html>",Pulmonary embolism
CID100002349,penicillin,"<!DOCTYPE html PUBLIC ""-//W3C//DTD XHTML 1.1//EN"" ""http://www.w3.org/TR/xhtml11/DTD/xhtml11.dtd""> 
<html>
<head>
<title>NCBI - WWW Error Blocked Diagnostic</title>
<meta http-equiv=""Content-Type"" content=""text/html; charset=utf-8"" />
<meta http-equiv=""pragma"" content=""no-cache"" />
<meta http-equiv=""cache-control"" content=""no-cache"" />
<meta name=""robots"" content=""noarchive,none"" />

<style type=""text/css"">
body {
min-width: 950px;
_width: 950px;
}
h1.error {color: red; font-size: 40pt}

#mainContent {
padding: 1em 2em;
}

dl#diags {
padding: 0.5em 0.5em 1.5em 0.5em;
padding-left: 2em;
border: solid 1px #888;
border-left: none;
border-right: none;
margin-bottom:0;
background-color:#eeeeee;
color:#666;
font-size: 80%;
_font-size: 70%;
font-family: Verdana, sans-serif;
}

dl#diags dt {
float: left;
font-weight: bold;
width: auto;
}

dl#diags dd {
margin-left:1em;
float: left;
margin-right: 2em;
}

#footer span {
float: left;
color: #888;
font-size: 80%;
}

#footer {
text-align: right;
padding: 0 0.5em;
clear: left;
}

#footer img {
border: none;
}

.ncbi {
margin: 0;
padding:0;
font-size:240%;
font-weight: bold;
font-family: Times, serif;
color: #336699;
float: left;
display: inline;
}

.ncbi a {
text-decoration: none;
color: #336699;
}

.ncbi a:visited {
text-decoration: none;
color: #336699;
}

.ncbi a:hover {
text-decoration: underline;
}

.message {
font-family: Verdana, sans-serif;
background-color: #336699;
color: white;
padding: .35em;
margin-left: 7em;
margin-top: .67em;
_margin-top: 0.5em;
font-weight: bold;
font-size: 100%;
margin-bottom: 0;
}

h1 {
clear: left;
font-size: 110%;
font-family: Verdana, sans-serif;
}


body.denied {
background-color: black;
color: white;
}

body.denied h1 {
color: red;
}

body.denied a {
color: green;
}

body.denied #footer, body.denied #diags {
color: black;
}

#searchme:focus {
background-color: #ffa;
}

.errurl {
letter-spacing: 0;
margin: 0 1em;
padding: 0.25em;
background-color: #fff0f0;
color: #c00;
font-family: ""Courier New"", Courier, monospace;
font-size: 90%;
_font-size: 80%;
}

body.denied .errurl {
background-color: black;
color: yellow;
}

span.x {
display: none;
}

</style>

</head>
<body class='denied'>



<div id='header'>
<a href=""#mainContent"" title=""Skip to main content"" />
<p class=""ncbi""><a href=""http://www.ncbi.nlm.nih.gov"">NCBI</a></p>
<p class=""message"">Error</p>
</div>

<div id='mainContent'>


<h1 class=""error"">Access Denied</h1>


<p>
Your access to the NCBI website at <b>www.ncbi.nlm.nih.gov</b> has been
temporarily blocked due to a possible misuse/abuse situation
involving your site. This is not an indication of a security issue
such as a virus or attack. It could be something as simple as a run
away script or learning how to better use E-utilities,
<a href=""http://www.ncbi.nlm.nih.gov/books/NBK25497/"">http://www.ncbi.nlm.nih.gov/books/NBK25497/</a>,
for more efficient work such that your work does not impact the ability of other researchers
to also use our site.
To restore access and understand how to better interact with our site
to avoid this in the future, please have your system administrator
contact 
<a href=""mailto:info@ncbi.nlm.nih.gov?subject=NCBI Web site BLOCKED: 14.186.125.174&amp;body=%3E%20Error%3Dblocked for possible abuse%0D%3E%20Server%3Dmisuse.ncbi.nlm.nih.gov%0D%3E%20Client%3D14.186.125.174%0D%3E%20Time%3DWednesday, 23-Sep-2026 08:27:49 EDT  %0D%0DPlease%20enter%20comments%20below:%0D%0D"">info@ncbi.nlm.nih.gov</a>.
</p>

</div>

<dl id='diags'>

<dt>Error</dt><dd>blocked for possible abuse </dd>
<dt>Server</dt><dd>misuse.ncbi.nlm.nih.gov</dd>
<dt>Client</dt><dd>14.186.125.174</dd>
<dt>Time</dt><dd>Wednesday, 23-Sep-2026 08:27:49 EDT</dd>

</dl>
 

<p id='footer'>
<a href=""https://www.hhs.gov/vulnerability-disclosure-policy/index.html"">HHS Vulnerability Disclosure</a><br>
<span id='rev'>Rev. 05/18/15</span>
</p>

</body>
</html>",Pulmonary embolism
CID100002375,bicalutamide,"<!DOCTYPE html PUBLIC ""-//W3C//DTD XHTML 1.1//EN"" ""http://www.w3.org/TR/xhtml11/DTD/xhtml11.dtd""> 
<html>
<head>
<title>NCBI - WWW Error Blocked Diagnostic</title>
<meta http-equiv=""Content-Type"" content=""text/html; charset=utf-8"" />
<meta http-equiv=""pragma"" content=""no-cache"" />
<meta http-equiv=""cache-control"" content=""no-cache"" />
<meta name=""robots"" content=""noarchive,none"" />

<style type=""text/css"">
body {
min-width: 950px;
_width: 950px;
}
h1.error {color: red; font-size: 40pt}

#mainContent {
padding: 1em 2em;
}

dl#diags {
padding: 0.5em 0.5em 1.5em 0.5em;
padding-left: 2em;
border: solid 1px #888;
border-left: none;
border-right: none;
margin-bottom:0;
background-color:#eeeeee;
color:#666;
font-size: 80%;
_font-size: 70%;
font-family: Verdana, sans-serif;
}

dl#diags dt {
float: left;
font-weight: bold;
width: auto;
}

dl#diags dd {
margin-left:1em;
float: left;
margin-right: 2em;
}

#footer span {
float: left;
color: #888;
font-size: 80%;
}

#footer {
text-align: right;
padding: 0 0.5em;
clear: left;
}

#footer img {
border: none;
}

.ncbi {
margin: 0;
padding:0;
font-size:240%;
font-weight: bold;
font-family: Times, serif;
color: #336699;
float: left;
display: inline;
}

.ncbi a {
text-decoration: none;
color: #336699;
}

.ncbi a:visited {
text-decoration: none;
color: #336699;
}

.ncbi a:hover {
text-decoration: underline;
}

.message {
font-family: Verdana, sans-serif;
background-color: #336699;
color: white;
padding: .35em;
margin-left: 7em;
margin-top: .67em;
_margin-top: 0.5em;
font-weight: bold;
font-size: 100%;
margin-bottom: 0;
}

h1 {
clear: left;
font-size: 110%;
font-family: Verdana, sans-serif;
}


body.denied {
background-color: black;
color: white;
}

body.denied h1 {
color: red;
}

body.denied a {
color: green;
}

body.denied #footer, body.denied #diags {
color: black;
}

#searchme:focus {
background-color: #ffa;
}

.errurl {
letter-spacing: 0;
margin: 0 1em;
padding: 0.25em;
background-color: #fff0f0;
color: #c00;
font-family: ""Courier New"", Courier, monospace;
font-size: 90%;
_font-size: 80%;
}

body.denied .errurl {
background-color: black;
color: yellow;
}

span.x {
display: none;
}

</style>

</head>
<body class='denied'>



<div id='header'>
<a href=""#mainContent"" title=""Skip to main content"" />
<p class=""ncbi""><a href=""http://www.ncbi.nlm.nih.gov"">NCBI</a></p>
<p class=""message"">Error</p>
</div>

<div id='mainContent'>


<h1 class=""error"">Access Denied</h1>


<p>
Your access to the NCBI website at <b>www.ncbi.nlm.nih.gov</b> has been
temporarily blocked due to a possible misuse/abuse situation
involving your site. This is not an indication of a security issue
such as a virus or attack. It could be something as simple as a run
away script or learning how to better use E-utilities,
<a href=""http://www.ncbi.nlm.nih.gov/books/NBK25497/"">http://www.ncbi.nlm.nih.gov/books/NBK25497/</a>,
for more efficient work such that your work does not impact the ability of other researchers
to also use our site.
To restore access and understand how to better interact with our site
to avoid this in the future, please have your system administrator
contact 
<a href=""mailto:info@ncbi.nlm.nih.gov?subject=NCBI Web site BLOCKED: 14.186.125.174&amp;body=%3E%20Error%3Dblocked for possible abuse%0D%3E%20Server%3Dmisuse.ncbi.nlm.nih.gov%0D%3E%20Client%3D14.186.125.174%0D%3E%20Time%3DWednesday, 23-Sep-2026 08:27:53 EDT  %0D%0DPlease%20enter%20comments%20below:%0D%0D"">info@ncbi.nlm.nih.gov</a>.
</p>

</div>

<dl id='diags'>

<dt>Error</dt><dd>blocked for possible abuse </dd>
<dt>Server</dt><dd>misuse.ncbi.nlm.nih.gov</dd>
<dt>Client</dt><dd>14.186.125.174</dd>
<dt>Time</dt><dd>Wednesday, 23-Sep-2026 08:27:53 EDT</dd>

</dl>
 

<p id='footer'>
<a href=""https://www.hhs.gov/vulnerability-disclosure-policy/index.html"">HHS Vulnerability Disclosure</a><br>
<span id='rev'>Rev. 05/18/15</span>
</p>

</body>
</html>",Interstitial pneumonia; Pleural effusion
CID100002405,bisoprolol,"<!DOCTYPE html PUBLIC ""-//W3C//DTD XHTML 1.1//EN"" ""http://www.w3.org/TR/xhtml11/DTD/xhtml11.dtd""> 
<html>
<head>
<title>NCBI - WWW Error Blocked Diagnostic</title>
<meta http-equiv=""Content-Type"" content=""text/html; charset=utf-8"" />
<meta http-equiv=""pragma"" content=""no-cache"" />
<meta http-equiv=""cache-control"" content=""no-cache"" />
<meta name=""robots"" content=""noarchive,none"" />

<style type=""text/css"">
body {
min-width: 950px;
_width: 950px;
}
h1.error {color: red; font-size: 40pt}

#mainContent {
padding: 1em 2em;
}

dl#diags {
padding: 0.5em 0.5em 1.5em 0.5em;
padding-left: 2em;
border: solid 1px #888;
border-left: none;
border-right: none;
margin-bottom:0;
background-color:#eeeeee;
color:#666;
font-size: 80%;
_font-size: 70%;
font-family: Verdana, sans-serif;
}

dl#diags dt {
float: left;
font-weight: bold;
width: auto;
}

dl#diags dd {
margin-left:1em;
float: left;
margin-right: 2em;
}

#footer span {
float: left;
color: #888;
font-size: 80%;
}

#footer {
text-align: right;
padding: 0 0.5em;
clear: left;
}

#footer img {
border: none;
}

.ncbi {
margin: 0;
padding:0;
font-size:240%;
font-weight: bold;
font-family: Times, serif;
color: #336699;
float: left;
display: inline;
}

.ncbi a {
text-decoration: none;
color: #336699;
}

.ncbi a:visited {
text-decoration: none;
color: #336699;
}

.ncbi a:hover {
text-decoration: underline;
}

.message {
font-family: Verdana, sans-serif;
background-color: #336699;
color: white;
padding: .35em;
margin-left: 7em;
margin-top: .67em;
_margin-top: 0.5em;
font-weight: bold;
font-size: 100%;
margin-bottom: 0;
}

h1 {
clear: left;
font-size: 110%;
font-family: Verdana, sans-serif;
}


body.denied {
background-color: black;
color: white;
}

body.denied h1 {
color: red;
}

body.denied a {
color: green;
}

body.denied #footer, body.denied #diags {
color: black;
}

#searchme:focus {
background-color: #ffa;
}

.errurl {
letter-spacing: 0;
margin: 0 1em;
padding: 0.25em;
background-color: #fff0f0;
color: #c00;
font-family: ""Courier New"", Courier, monospace;
font-size: 90%;
_font-size: 80%;
}

body.denied .errurl {
background-color: black;
color: yellow;
}

span.x {
display: none;
}

</style>

</head>
<body class='denied'>



<div id='header'>
<a href=""#mainContent"" title=""Skip to main content"" />
<p class=""ncbi""><a href=""http://www.ncbi.nlm.nih.gov"">NCBI</a></p>
<p class=""message"">Error</p>
</div>

<div id='mainContent'>


<h1 class=""error"">Access Denied</h1>


<p>
Your access to the NCBI website at <b>www.ncbi.nlm.nih.gov</b> has been
temporarily blocked due to a possible misuse/abuse situation
involving your site. This is not an indication of a security issue
such as a virus or attack. It could be something as simple as a run
away script or learning how to better use E-utilities,
<a href=""http://www.ncbi.nlm.nih.gov/books/NBK25497/"">http://www.ncbi.nlm.nih.gov/books/NBK25497/</a>,
for more efficient work such that your work does not impact the ability of other researchers
to also use our site.
To restore access and understand how to better interact with our site
to avoid this in the future, please have your system administrator
contact 
<a href=""mailto:info@ncbi.nlm.nih.gov?subject=NCBI Web site BLOCKED: 14.186.125.174&amp;body=%3E%20Error%3Dblocked for possible abuse%0D%3E%20Server%3Dmisuse.ncbi.nlm.nih.gov%0D%3E%20Client%3D14.186.125.174%0D%3E%20Time%3DWednesday, 23-Sep-2026 08:27:56 EDT  %0D%0DPlease%20enter%20comments%20below:%0D%0D"">info@ncbi.nlm.nih.gov</a>.
</p>

</div>

<dl id='diags'>

<dt>Error</dt><dd>blocked for possible abuse </dd>
<dt>Server</dt><dd>misuse.ncbi.nlm.nih.gov</dd>
<dt>Client</dt><dd>14.186.125.174</dd>
<dt>Time</dt><dd>Wednesday, 23-Sep-2026 08:27:56 EDT</dd>

</dl>
 

<p id='footer'>
<a href=""https://www.hhs.gov/vulnerability-disclosure-policy/index.html"">HHS Vulnerability Disclosure</a><br>
<span id='rev'>Rev. 05/18/15</span>
</p>

</body>
</html>",Pulmonary oedema
CID100002443,bromocriptine,"<!DOCTYPE html PUBLIC ""-//W3C//DTD XHTML 1.1//EN"" ""http://www.w3.org/TR/xhtml11/DTD/xhtml11.dtd""> 
<html>
<head>
<title>NCBI - WWW Error Blocked Diagnostic</title>
<meta http-equiv=""Content-Type"" content=""text/html; charset=utf-8"" />
<meta http-equiv=""pragma"" content=""no-cache"" />
<meta http-equiv=""cache-control"" content=""no-cache"" />
<meta name=""robots"" content=""noarchive,none"" />

<style type=""text/css"">
body {
min-width: 950px;
_width: 950px;
}
h1.error {color: red; font-size: 40pt}

#mainContent {
padding: 1em 2em;
}

dl#diags {
padding: 0.5em 0.5em 1.5em 0.5em;
padding-left: 2em;
border: solid 1px #888;
border-left: none;
border-right: none;
margin-bottom:0;
background-color:#eeeeee;
color:#666;
font-size: 80%;
_font-size: 70%;
font-family: Verdana, sans-serif;
}

dl#diags dt {
float: left;
font-weight: bold;
width: auto;
}

dl#diags dd {
margin-left:1em;
float: left;
margin-right: 2em;
}

#footer span {
float: left;
color: #888;
font-size: 80%;
}

#footer {
text-align: right;
padding: 0 0.5em;
clear: left;
}

#footer img {
border: none;
}

.ncbi {
margin: 0;
padding:0;
font-size:240%;
font-weight: bold;
font-family: Times, serif;
color: #336699;
float: left;
display: inline;
}

.ncbi a {
text-decoration: none;
color: #336699;
}

.ncbi a:visited {
text-decoration: none;
color: #336699;
}

.ncbi a:hover {
text-decoration: underline;
}

.message {
font-family: Verdana, sans-serif;
background-color: #336699;
color: white;
padding: .35em;
margin-left: 7em;
margin-top: .67em;
_margin-top: 0.5em;
font-weight: bold;
font-size: 100%;
margin-bottom: 0;
}

h1 {
clear: left;
font-size: 110%;
font-family: Verdana, sans-serif;
}


body.denied {
background-color: black;
color: white;
}

body.denied h1 {
color: red;
}

body.denied a {
color: green;
}

body.denied #footer, body.denied #diags {
color: black;
}

#searchme:focus {
background-color: #ffa;
}

.errurl {
letter-spacing: 0;
margin: 0 1em;
padding: 0.25em;
background-color: #fff0f0;
color: #c00;
font-family: ""Courier New"", Courier, monospace;
font-size: 90%;
_font-size: 80%;
}

body.denied .errurl {
background-color: black;
color: yellow;
}

span.x {
display: none;
}

</style>

</head>
<body class='denied'>



<div id='header'>
<a href=""#mainContent"" title=""Skip to main content"" />
<p class=""ncbi""><a href=""http://www.ncbi.nlm.nih.gov"">NCBI</a></p>
<p class=""message"">Error</p>
</div>

<div id='mainContent'>


<h1 class=""error"">Access Denied</h1>


<p>
Your access to the NCBI website at <b>www.ncbi.nlm.nih.gov</b> has been
temporarily blocked due to a possible misuse/abuse situation
involving your site. This is not an indication of a security issue
such as a virus or attack. It could be something as simple as a run
away script or learning how to better use E-utilities,
<a href=""http://www.ncbi.nlm.nih.gov/books/NBK25497/"">http://www.ncbi.nlm.nih.gov/books/NBK25497/</a>,
for more efficient work such that your work does not impact the ability of other researchers
to also use our site.
To restore access and understand how to better interact with our site
to avoid this in the future, please have your system administrator
contact 
<a href=""mailto:info@ncbi.nlm.nih.gov?subject=NCBI Web site BLOCKED: 14.186.125.174&amp;body=%3E%20Error%3Dblocked for possible abuse%0D%3E%20Server%3Dmisuse.ncbi.nlm.nih.gov%0D%3E%20Client%3D14.186.125.174%0D%3E%20Time%3DWednesday, 23-Sep-2026 08:28:00 EDT  %0D%0DPlease%20enter%20comments%20below:%0D%0D"">info@ncbi.nlm.nih.gov</a>.
</p>

</div>

<dl id='diags'>

<dt>Error</dt><dd>blocked for possible abuse </dd>
<dt>Server</dt><dd>misuse.ncbi.nlm.nih.gov</dd>
<dt>Client</dt><dd>14.186.125.174</dd>
<dt>Time</dt><dd>Wednesday, 23-Sep-2026 08:28:00 EDT</dd>

</dl>
 

<p id='footer'>
<a href=""https://www.hhs.gov/vulnerability-disclosure-policy/index.html"">HHS Vulnerability Disclosure</a><br>
<span id='rev'>Rev. 05/18/15</span>
</p>

</body>
</html>",Pleural effusion
CID100002474,bupivacaine,"<!DOCTYPE html PUBLIC ""-//W3C//DTD XHTML 1.1//EN"" ""http://www.w3.org/TR/xhtml11/DTD/xhtml11.dtd""> 
<html>
<head>
<title>NCBI - WWW Error Blocked Diagnostic</title>
<meta http-equiv=""Content-Type"" content=""text/html; charset=utf-8"" />
<meta http-equiv=""pragma"" content=""no-cache"" />
<meta http-equiv=""cache-control"" content=""no-cache"" />
<meta name=""robots"" content=""noarchive,none"" />

<style type=""text/css"">
body {
min-width: 950px;
_width: 950px;
}
h1.error {color: red; font-size: 40pt}

#mainContent {
padding: 1em 2em;
}

dl#diags {
padding: 0.5em 0.5em 1.5em 0.5em;
padding-left: 2em;
border: solid 1px #888;
border-left: none;
border-right: none;
margin-bottom:0;
background-color:#eeeeee;
color:#666;
font-size: 80%;
_font-size: 70%;
font-family: Verdana, sans-serif;
}

dl#diags dt {
float: left;
font-weight: bold;
width: auto;
}

dl#diags dd {
margin-left:1em;
float: left;
margin-right: 2em;
}

#footer span {
float: left;
color: #888;
font-size: 80%;
}

#footer {
text-align: right;
padding: 0 0.5em;
clear: left;
}

#footer img {
border: none;
}

.ncbi {
margin: 0;
padding:0;
font-size:240%;
font-weight: bold;
font-family: Times, serif;
color: #336699;
float: left;
display: inline;
}

.ncbi a {
text-decoration: none;
color: #336699;
}

.ncbi a:visited {
text-decoration: none;
color: #336699;
}

.ncbi a:hover {
text-decoration: underline;
}

.message {
font-family: Verdana, sans-serif;
background-color: #336699;
color: white;
padding: .35em;
margin-left: 7em;
margin-top: .67em;
_margin-top: 0.5em;
font-weight: bold;
font-size: 100%;
margin-bottom: 0;
}

h1 {
clear: left;
font-size: 110%;
font-family: Verdana, sans-serif;
}


body.denied {
background-color: black;
color: white;
}

body.denied h1 {
color: red;
}

body.denied a {
color: green;
}

body.denied #footer, body.denied #diags {
color: black;
}

#searchme:focus {
background-color: #ffa;
}

.errurl {
letter-spacing: 0;
margin: 0 1em;
padding: 0.25em;
background-color: #fff0f0;
color: #c00;
font-family: ""Courier New"", Courier, monospace;
font-size: 90%;
_font-size: 80%;
}

body.denied .errurl {
background-color: black;
color: yellow;
}

span.x {
display: none;
}

</style>

</head>
<body class='denied'>



<div id='header'>
<a href=""#mainContent"" title=""Skip to main content"" />
<p class=""ncbi""><a href=""http://www.ncbi.nlm.nih.gov"">NCBI</a></p>
<p class=""message"">Error</p>
</div>

<div id='mainContent'>


<h1 class=""error"">Access Denied</h1>


<p>
Your access to the NCBI website at <b>www.ncbi.nlm.nih.gov</b> has been
temporarily blocked due to a possible misuse/abuse situation
involving your site. This is not an indication of a security issue
such as a virus or attack. It could be something as simple as a run
away script or learning how to better use E-utilities,
<a href=""http://www.ncbi.nlm.nih.gov/books/NBK25497/"">http://www.ncbi.nlm.nih.gov/books/NBK25497/</a>,
for more efficient work such that your work does not impact the ability of other researchers
to also use our site.
To restore access and understand how to better interact with our site
to avoid this in the future, please have your system administrator
contact 
<a href=""mailto:info@ncbi.nlm.nih.gov?subject=NCBI Web site BLOCKED: 14.186.125.174&amp;body=%3E%20Error%3Dblocked for possible abuse%0D%3E%20Server%3Dmisuse.ncbi.nlm.nih.gov%0D%3E%20Client%3D14.186.125.174%0D%3E%20Time%3DWednesday, 23-Sep-2026 08:28:04 EDT  %0D%0DPlease%20enter%20comments%20below:%0D%0D"">info@ncbi.nlm.nih.gov</a>.
</p>

</div>

<dl id='diags'>

<dt>Error</dt><dd>blocked for possible abuse </dd>
<dt>Server</dt><dd>misuse.ncbi.nlm.nih.gov</dd>
<dt>Client</dt><dd>14.186.125.174</dd>
<dt>Time</dt><dd>Wednesday, 23-Sep-2026 08:28:04 EDT</dd>

</dl>
 

<p id='footer'>
<a href=""https://www.hhs.gov/vulnerability-disclosure-policy/index.html"">HHS Vulnerability Disclosure</a><br>
<span id='rev'>Rev. 05/18/15</span>
</p>

</body>
</html>",Pulmonary oedema
CID100002478,busulfan,"<!DOCTYPE html PUBLIC ""-//W3C//DTD XHTML 1.1//EN"" ""http://www.w3.org/TR/xhtml11/DTD/xhtml11.dtd""> 
<html>
<head>
<title>NCBI - WWW Error Blocked Diagnostic</title>
<meta http-equiv=""Content-Type"" content=""text/html; charset=utf-8"" />
<meta http-equiv=""pragma"" content=""no-cache"" />
<meta http-equiv=""cache-control"" content=""no-cache"" />
<meta name=""robots"" content=""noarchive,none"" />

<style type=""text/css"">
body {
min-width: 950px;
_width: 950px;
}
h1.error {color: red; font-size: 40pt}

#mainContent {
padding: 1em 2em;
}

dl#diags {
padding: 0.5em 0.5em 1.5em 0.5em;
padding-left: 2em;
border: solid 1px #888;
border-left: none;
border-right: none;
margin-bottom:0;
background-color:#eeeeee;
color:#666;
font-size: 80%;
_font-size: 70%;
font-family: Verdana, sans-serif;
}

dl#diags dt {
float: left;
font-weight: bold;
width: auto;
}

dl#diags dd {
margin-left:1em;
float: left;
margin-right: 2em;
}

#footer span {
float: left;
color: #888;
font-size: 80%;
}

#footer {
text-align: right;
padding: 0 0.5em;
clear: left;
}

#footer img {
border: none;
}

.ncbi {
margin: 0;
padding:0;
font-size:240%;
font-weight: bold;
font-family: Times, serif;
color: #336699;
float: left;
display: inline;
}

.ncbi a {
text-decoration: none;
color: #336699;
}

.ncbi a:visited {
text-decoration: none;
color: #336699;
}

.ncbi a:hover {
text-decoration: underline;
}

.message {
font-family: Verdana, sans-serif;
background-color: #336699;
color: white;
padding: .35em;
margin-left: 7em;
margin-top: .67em;
_margin-top: 0.5em;
font-weight: bold;
font-size: 100%;
margin-bottom: 0;
}

h1 {
clear: left;
font-size: 110%;
font-family: Verdana, sans-serif;
}


body.denied {
background-color: black;
color: white;
}

body.denied h1 {
color: red;
}

body.denied a {
color: green;
}

body.denied #footer, body.denied #diags {
color: black;
}

#searchme:focus {
background-color: #ffa;
}

.errurl {
letter-spacing: 0;
margin: 0 1em;
padding: 0.25em;
background-color: #fff0f0;
color: #c00;
font-family: ""Courier New"", Courier, monospace;
font-size: 90%;
_font-size: 80%;
}

body.denied .errurl {
background-color: black;
color: yellow;
}

span.x {
display: none;
}

</style>

</head>
<body class='denied'>



<div id='header'>
<a href=""#mainContent"" title=""Skip to main content"" />
<p class=""ncbi""><a href=""http://www.ncbi.nlm.nih.gov"">NCBI</a></p>
<p class=""message"">Error</p>
</div>

<div id='mainContent'>


<h1 class=""error"">Access Denied</h1>


<p>
Your access to the NCBI website at <b>www.ncbi.nlm.nih.gov</b> has been
temporarily blocked due to a possible misuse/abuse situation
involving your site. This is not an indication of a security issue
such as a virus or attack. It could be something as simple as a run
away script or learning how to better use E-utilities,
<a href=""http://www.ncbi.nlm.nih.gov/books/NBK25497/"">http://www.ncbi.nlm.nih.gov/books/NBK25497/</a>,
for more efficient work such that your work does not impact the ability of other researchers
to also use our site.
To restore access and understand how to better interact with our site
to avoid this in the future, please have your system administrator
contact 
<a href=""mailto:info@ncbi.nlm.nih.gov?subject=NCBI Web site BLOCKED: 14.186.125.174&amp;body=%3E%20Error%3Dblocked for possible abuse%0D%3E%20Server%3Dmisuse.ncbi.nlm.nih.gov%0D%3E%20Client%3D14.186.125.174%0D%3E%20Time%3DWednesday, 23-Sep-2026 08:28:07 EDT  %0D%0DPlease%20enter%20comments%20below:%0D%0D"">info@ncbi.nlm.nih.gov</a>.
</p>

</div>

<dl id='diags'>

<dt>Error</dt><dd>blocked for possible abuse </dd>
<dt>Server</dt><dd>misuse.ncbi.nlm.nih.gov</dd>
<dt>Client</dt><dd>14.186.125.174</dd>
<dt>Time</dt><dd>Wednesday, 23-Sep-2026 08:28:07 EDT</dd>

</dl>
 

<p id='footer'>
<a href=""https://www.hhs.gov/vulnerability-disclosure-policy/index.html"">HHS Vulnerability Disclosure</a><br>
<span id='rev'>Rev. 05/18/15</span>
</p>

</body>
</html>",Interstitial pneumonia; Pleural effusion; Pulmonary oedema
CID100002512,cabergoline,"<!DOCTYPE html PUBLIC ""-//W3C//DTD XHTML 1.1//EN"" ""http://www.w3.org/TR/xhtml11/DTD/xhtml11.dtd""> 
<html>
<head>
<title>NCBI - WWW Error Blocked Diagnostic</title>
<meta http-equiv=""Content-Type"" content=""text/html; charset=utf-8"" />
<meta http-equiv=""pragma"" content=""no-cache"" />
<meta http-equiv=""cache-control"" content=""no-cache"" />
<meta name=""robots"" content=""noarchive,none"" />

<style type=""text/css"">
body {
min-width: 950px;
_width: 950px;
}
h1.error {color: red; font-size: 40pt}

#mainContent {
padding: 1em 2em;
}

dl#diags {
padding: 0.5em 0.5em 1.5em 0.5em;
padding-left: 2em;
border: solid 1px #888;
border-left: none;
border-right: none;
margin-bottom:0;
background-color:#eeeeee;
color:#666;
font-size: 80%;
_font-size: 70%;
font-family: Verdana, sans-serif;
}

dl#diags dt {
float: left;
font-weight: bold;
width: auto;
}

dl#diags dd {
margin-left:1em;
float: left;
margin-right: 2em;
}

#footer span {
float: left;
color: #888;
font-size: 80%;
}

#footer {
text-align: right;
padding: 0 0.5em;
clear: left;
}

#footer img {
border: none;
}

.ncbi {
margin: 0;
padding:0;
font-size:240%;
font-weight: bold;
font-family: Times, serif;
color: #336699;
float: left;
display: inline;
}

.ncbi a {
text-decoration: none;
color: #336699;
}

.ncbi a:visited {
text-decoration: none;
color: #336699;
}

.ncbi a:hover {
text-decoration: underline;
}

.message {
font-family: Verdana, sans-serif;
background-color: #336699;
color: white;
padding: .35em;
margin-left: 7em;
margin-top: .67em;
_margin-top: 0.5em;
font-weight: bold;
font-size: 100%;
margin-bottom: 0;
}

h1 {
clear: left;
font-size: 110%;
font-family: Verdana, sans-serif;
}


body.denied {
background-color: black;
color: white;
}

body.denied h1 {
color: red;
}

body.denied a {
color: green;
}

body.denied #footer, body.denied #diags {
color: black;
}

#searchme:focus {
background-color: #ffa;
}

.errurl {
letter-spacing: 0;
margin: 0 1em;
padding: 0.25em;
background-color: #fff0f0;
color: #c00;
font-family: ""Courier New"", Courier, monospace;
font-size: 90%;
_font-size: 80%;
}

body.denied .errurl {
background-color: black;
color: yellow;
}

span.x {
display: none;
}

</style>

</head>
<body class='denied'>



<div id='header'>
<a href=""#mainContent"" title=""Skip to main content"" />
<p class=""ncbi""><a href=""http://www.ncbi.nlm.nih.gov"">NCBI</a></p>
<p class=""message"">Error</p>
</div>

<div id='mainContent'>


<h1 class=""error"">Access Denied</h1>


<p>
Your access to the NCBI website at <b>www.ncbi.nlm.nih.gov</b> has been
temporarily blocked due to a possible misuse/abuse situation
involving your site. This is not an indication of a security issue
such as a virus or attack. It could be something as simple as a run
away script or learning how to better use E-utilities,
<a href=""http://www.ncbi.nlm.nih.gov/books/NBK25497/"">http://www.ncbi.nlm.nih.gov/books/NBK25497/</a>,
for more efficient work such that your work does not impact the ability of other researchers
to also use our site.
To restore access and understand how to better interact with our site
to avoid this in the future, please have your system administrator
contact 
<a href=""mailto:info@ncbi.nlm.nih.gov?subject=NCBI Web site BLOCKED: 14.186.125.174&amp;body=%3E%20Error%3Dblocked for possible abuse%0D%3E%20Server%3Dmisuse.ncbi.nlm.nih.gov%0D%3E%20Client%3D14.186.125.174%0D%3E%20Time%3DWednesday, 23-Sep-2026 08:28:11 EDT  %0D%0DPlease%20enter%20comments%20below:%0D%0D"">info@ncbi.nlm.nih.gov</a>.
</p>

</div>

<dl id='diags'>

<dt>Error</dt><dd>blocked for possible abuse </dd>
<dt>Server</dt><dd>misuse.ncbi.nlm.nih.gov</dd>
<dt>Client</dt><dd>14.186.125.174</dd>
<dt>Time</dt><dd>Wednesday, 23-Sep-2026 08:28:11 EDT</dd>

</dl>
 

<p id='footer'>
<a href=""https://www.hhs.gov/vulnerability-disclosure-policy/index.html"">HHS Vulnerability Disclosure</a><br>
<span id='rev'>Rev. 05/18/15</span>
</p>

</body>
</html>",Pleural effusion
CID100002519,caffeine,"<!DOCTYPE html PUBLIC ""-//W3C//DTD XHTML 1.1//EN"" ""http://www.w3.org/TR/xhtml11/DTD/xhtml11.dtd""> 
<html>
<head>
<title>NCBI - WWW Error Blocked Diagnostic</title>
<meta http-equiv=""Content-Type"" content=""text/html; charset=utf-8"" />
<meta http-equiv=""pragma"" content=""no-cache"" />
<meta http-equiv=""cache-control"" content=""no-cache"" />
<meta name=""robots"" content=""noarchive,none"" />

<style type=""text/css"">
body {
min-width: 950px;
_width: 950px;
}
h1.error {color: red; font-size: 40pt}

#mainContent {
padding: 1em 2em;
}

dl#diags {
padding: 0.5em 0.5em 1.5em 0.5em;
padding-left: 2em;
border: solid 1px #888;
border-left: none;
border-right: none;
margin-bottom:0;
background-color:#eeeeee;
color:#666;
font-size: 80%;
_font-size: 70%;
font-family: Verdana, sans-serif;
}

dl#diags dt {
float: left;
font-weight: bold;
width: auto;
}

dl#diags dd {
margin-left:1em;
float: left;
margin-right: 2em;
}

#footer span {
float: left;
color: #888;
font-size: 80%;
}

#footer {
text-align: right;
padding: 0 0.5em;
clear: left;
}

#footer img {
border: none;
}

.ncbi {
margin: 0;
padding:0;
font-size:240%;
font-weight: bold;
font-family: Times, serif;
color: #336699;
float: left;
display: inline;
}

.ncbi a {
text-decoration: none;
color: #336699;
}

.ncbi a:visited {
text-decoration: none;
color: #336699;
}

.ncbi a:hover {
text-decoration: underline;
}

.message {
font-family: Verdana, sans-serif;
background-color: #336699;
color: white;
padding: .35em;
margin-left: 7em;
margin-top: .67em;
_margin-top: 0.5em;
font-weight: bold;
font-size: 100%;
margin-bottom: 0;
}

h1 {
clear: left;
font-size: 110%;
font-family: Verdana, sans-serif;
}


body.denied {
background-color: black;
color: white;
}

body.denied h1 {
color: red;
}

body.denied a {
color: green;
}

body.denied #footer, body.denied #diags {
color: black;
}

#searchme:focus {
background-color: #ffa;
}

.errurl {
letter-spacing: 0;
margin: 0 1em;
padding: 0.25em;
background-color: #fff0f0;
color: #c00;
font-family: ""Courier New"", Courier, monospace;
font-size: 90%;
_font-size: 80%;
}

body.denied .errurl {
background-color: black;
color: yellow;
}

span.x {
display: none;
}

</style>

</head>
<body class='denied'>



<div id='header'>
<a href=""#mainContent"" title=""Skip to main content"" />
<p class=""ncbi""><a href=""http://www.ncbi.nlm.nih.gov"">NCBI</a></p>
<p class=""message"">Error</p>
</div>

<div id='mainContent'>


<h1 class=""error"">Access Denied</h1>


<p>
Your access to the NCBI website at <b>www.ncbi.nlm.nih.gov</b> has been
temporarily blocked due to a possible misuse/abuse situation
involving your site. This is not an indication of a security issue
such as a virus or attack. It could be something as simple as a run
away script or learning how to better use E-utilities,
<a href=""http://www.ncbi.nlm.nih.gov/books/NBK25497/"">http://www.ncbi.nlm.nih.gov/books/NBK25497/</a>,
for more efficient work such that your work does not impact the ability of other researchers
to also use our site.
To restore access and understand how to better interact with our site
to avoid this in the future, please have your system administrator
contact 
<a href=""mailto:info@ncbi.nlm.nih.gov?subject=NCBI Web site BLOCKED: 14.186.125.174&amp;body=%3E%20Error%3Dblocked for possible abuse%0D%3E%20Server%3Dmisuse.ncbi.nlm.nih.gov%0D%3E%20Client%3D14.186.125.174%0D%3E%20Time%3DWednesday, 23-Sep-2026 08:28:15 EDT  %0D%0DPlease%20enter%20comments%20below:%0D%0D"">info@ncbi.nlm.nih.gov</a>.
</p>

</div>

<dl id='diags'>

<dt>Error</dt><dd>blocked for possible abuse </dd>
<dt>Server</dt><dd>misuse.ncbi.nlm.nih.gov</dd>
<dt>Client</dt><dd>14.186.125.174</dd>
<dt>Time</dt><dd>Wednesday, 23-Sep-2026 08:28:15 EDT</dd>

</dl>
 

<p id='footer'>
<a href=""https://www.hhs.gov/vulnerability-disclosure-policy/index.html"">HHS Vulnerability Disclosure</a><br>
<span id='rev'>Rev. 05/18/15</span>
</p>

</body>
</html>",Pulmonary oedema
CID100002520,verapamil,"<!DOCTYPE html PUBLIC ""-//W3C//DTD XHTML 1.1//EN"" ""http://www.w3.org/TR/xhtml11/DTD/xhtml11.dtd""> 
<html>
<head>
<title>NCBI - WWW Error Blocked Diagnostic</title>
<meta http-equiv=""Content-Type"" content=""text/html; charset=utf-8"" />
<meta http-equiv=""pragma"" content=""no-cache"" />
<meta http-equiv=""cache-control"" content=""no-cache"" />
<meta name=""robots"" content=""noarchive,none"" />

<style type=""text/css"">
body {
min-width: 950px;
_width: 950px;
}
h1.error {color: red; font-size: 40pt}

#mainContent {
padding: 1em 2em;
}

dl#diags {
padding: 0.5em 0.5em 1.5em 0.5em;
padding-left: 2em;
border: solid 1px #888;
border-left: none;
border-right: none;
margin-bottom:0;
background-color:#eeeeee;
color:#666;
font-size: 80%;
_font-size: 70%;
font-family: Verdana, sans-serif;
}

dl#diags dt {
float: left;
font-weight: bold;
width: auto;
}

dl#diags dd {
margin-left:1em;
float: left;
margin-right: 2em;
}

#footer span {
float: left;
color: #888;
font-size: 80%;
}

#footer {
text-align: right;
padding: 0 0.5em;
clear: left;
}

#footer img {
border: none;
}

.ncbi {
margin: 0;
padding:0;
font-size:240%;
font-weight: bold;
font-family: Times, serif;
color: #336699;
float: left;
display: inline;
}

.ncbi a {
text-decoration: none;
color: #336699;
}

.ncbi a:visited {
text-decoration: none;
color: #336699;
}

.ncbi a:hover {
text-decoration: underline;
}

.message {
font-family: Verdana, sans-serif;
background-color: #336699;
color: white;
padding: .35em;
margin-left: 7em;
margin-top: .67em;
_margin-top: 0.5em;
font-weight: bold;
font-size: 100%;
margin-bottom: 0;
}

h1 {
clear: left;
font-size: 110%;
font-family: Verdana, sans-serif;
}


body.denied {
background-color: black;
color: white;
}

body.denied h1 {
color: red;
}

body.denied a {
color: green;
}

body.denied #footer, body.denied #diags {
color: black;
}

#searchme:focus {
background-color: #ffa;
}

.errurl {
letter-spacing: 0;
margin: 0 1em;
padding: 0.25em;
background-color: #fff0f0;
color: #c00;
font-family: ""Courier New"", Courier, monospace;
font-size: 90%;
_font-size: 80%;
}

body.denied .errurl {
background-color: black;
color: yellow;
}

span.x {
display: none;
}

</style>

</head>
<body class='denied'>



<div id='header'>
<a href=""#mainContent"" title=""Skip to main content"" />
<p class=""ncbi""><a href=""http://www.ncbi.nlm.nih.gov"">NCBI</a></p>
<p class=""message"">Error</p>
</div>

<div id='mainContent'>


<h1 class=""error"">Access Denied</h1>


<p>
Your access to the NCBI website at <b>www.ncbi.nlm.nih.gov</b> has been
temporarily blocked due to a possible misuse/abuse situation
involving your site. This is not an indication of a security issue
such as a virus or attack. It could be something as simple as a run
away script or learning how to better use E-utilities,
<a href=""http://www.ncbi.nlm.nih.gov/books/NBK25497/"">http://www.ncbi.nlm.nih.gov/books/NBK25497/</a>,
for more efficient work such that your work does not impact the ability of other researchers
to also use our site.
To restore access and understand how to better interact with our site
to avoid this in the future, please have your system administrator
contact 
<a href=""mailto:info@ncbi.nlm.nih.gov?subject=NCBI Web site BLOCKED: 14.186.125.174&amp;body=%3E%20Error%3Dblocked for possible abuse%0D%3E%20Server%3Dmisuse.ncbi.nlm.nih.gov%0D%3E%20Client%3D14.186.125.174%0D%3E%20Time%3DWednesday, 23-Sep-2026 08:28:20 EDT  %0D%0DPlease%20enter%20comments%20below:%0D%0D"">info@ncbi.nlm.nih.gov</a>.
</p>

</div>

<dl id='diags'>

<dt>Error</dt><dd>blocked for possible abuse </dd>
<dt>Server</dt><dd>misuse.ncbi.nlm.nih.gov</dd>
<dt>Client</dt><dd>14.186.125.174</dd>
<dt>Time</dt><dd>Wednesday, 23-Sep-2026 08:28:20 EDT</dd>

</dl>
 

<p id='footer'>
<a href=""https://www.hhs.gov/vulnerability-disclosure-policy/index.html"">HHS Vulnerability Disclosure</a><br>
<span id='rev'>Rev. 05/18/15</span>
</p>

</body>
</html>",Pulmonary oedema
CID100002540,candesartan,"<!DOCTYPE html PUBLIC ""-//W3C//DTD XHTML 1.1//EN"" ""http://www.w3.org/TR/xhtml11/DTD/xhtml11.dtd""> 
<html>
<head>
<title>NCBI - WWW Error Blocked Diagnostic</title>
<meta http-equiv=""Content-Type"" content=""text/html; charset=utf-8"" />
<meta http-equiv=""pragma"" content=""no-cache"" />
<meta http-equiv=""cache-control"" content=""no-cache"" />
<meta name=""robots"" content=""noarchive,none"" />

<style type=""text/css"">
body {
min-width: 950px;
_width: 950px;
}
h1.error {color: red; font-size: 40pt}

#mainContent {
padding: 1em 2em;
}

dl#diags {
padding: 0.5em 0.5em 1.5em 0.5em;
padding-left: 2em;
border: solid 1px #888;
border-left: none;
border-right: none;
margin-bottom:0;
background-color:#eeeeee;
color:#666;
font-size: 80%;
_font-size: 70%;
font-family: Verdana, sans-serif;
}

dl#diags dt {
float: left;
font-weight: bold;
width: auto;
}

dl#diags dd {
margin-left:1em;
float: left;
margin-right: 2em;
}

#footer span {
float: left;
color: #888;
font-size: 80%;
}

#footer {
text-align: right;
padding: 0 0.5em;
clear: left;
}

#footer img {
border: none;
}

.ncbi {
margin: 0;
padding:0;
font-size:240%;
font-weight: bold;
font-family: Times, serif;
color: #336699;
float: left;
display: inline;
}

.ncbi a {
text-decoration: none;
color: #336699;
}

.ncbi a:visited {
text-decoration: none;
color: #336699;
}

.ncbi a:hover {
text-decoration: underline;
}

.message {
font-family: Verdana, sans-serif;
background-color: #336699;
color: white;
padding: .35em;
margin-left: 7em;
margin-top: .67em;
_margin-top: 0.5em;
font-weight: bold;
font-size: 100%;
margin-bottom: 0;
}

h1 {
clear: left;
font-size: 110%;
font-family: Verdana, sans-serif;
}


body.denied {
background-color: black;
color: white;
}

body.denied h1 {
color: red;
}

body.denied a {
color: green;
}

body.denied #footer, body.denied #diags {
color: black;
}

#searchme:focus {
background-color: #ffa;
}

.errurl {
letter-spacing: 0;
margin: 0 1em;
padding: 0.25em;
background-color: #fff0f0;
color: #c00;
font-family: ""Courier New"", Courier, monospace;
font-size: 90%;
_font-size: 80%;
}

body.denied .errurl {
background-color: black;
color: yellow;
}

span.x {
display: none;
}

</style>

</head>
<body class='denied'>



<div id='header'>
<a href=""#mainContent"" title=""Skip to main content"" />
<p class=""ncbi""><a href=""http://www.ncbi.nlm.nih.gov"">NCBI</a></p>
<p class=""message"">Error</p>
</div>

<div id='mainContent'>


<h1 class=""error"">Access Denied</h1>


<p>
Your access to the NCBI website at <b>www.ncbi.nlm.nih.gov</b> has been
temporarily blocked due to a possible misuse/abuse situation
involving your site. This is not an indication of a security issue
such as a virus or attack. It could be something as simple as a run
away script or learning how to better use E-utilities,
<a href=""http://www.ncbi.nlm.nih.gov/books/NBK25497/"">http://www.ncbi.nlm.nih.gov/books/NBK25497/</a>,
for more efficient work such that your work does not impact the ability of other researchers
to also use our site.
To restore access and understand how to better interact with our site
to avoid this in the future, please have your system administrator
contact 
<a href=""mailto:info@ncbi.nlm.nih.gov?subject=NCBI Web site BLOCKED: 14.186.125.174&amp;body=%3E%20Error%3Dblocked for possible abuse%0D%3E%20Server%3Dmisuse.ncbi.nlm.nih.gov%0D%3E%20Client%3D14.186.125.174%0D%3E%20Time%3DWednesday, 23-Sep-2026 08:28:24 EDT  %0D%0DPlease%20enter%20comments%20below:%0D%0D"">info@ncbi.nlm.nih.gov</a>.
</p>

</div>

<dl id='diags'>

<dt>Error</dt><dd>blocked for possible abuse </dd>
<dt>Server</dt><dd>misuse.ncbi.nlm.nih.gov</dd>
<dt>Client</dt><dd>14.186.125.174</dd>
<dt>Time</dt><dd>Wednesday, 23-Sep-2026 08:28:24 EDT</dd>

</dl>
 

<p id='footer'>
<a href=""https://www.hhs.gov/vulnerability-disclosure-policy/index.html"">HHS Vulnerability Disclosure</a><br>
<span id='rev'>Rev. 05/18/15</span>
</p>

</body>
</html>",Pulmonary oedema
CID100002554,carbamazepine,"<!DOCTYPE html PUBLIC ""-//W3C//DTD XHTML 1.1//EN"" ""http://www.w3.org/TR/xhtml11/DTD/xhtml11.dtd""> 
<html>
<head>
<title>NCBI - WWW Error Blocked Diagnostic</title>
<meta http-equiv=""Content-Type"" content=""text/html; charset=utf-8"" />
<meta http-equiv=""pragma"" content=""no-cache"" />
<meta http-equiv=""cache-control"" content=""no-cache"" />
<meta name=""robots"" content=""noarchive,none"" />

<style type=""text/css"">
body {
min-width: 950px;
_width: 950px;
}
h1.error {color: red; font-size: 40pt}

#mainContent {
padding: 1em 2em;
}

dl#diags {
padding: 0.5em 0.5em 1.5em 0.5em;
padding-left: 2em;
border: solid 1px #888;
border-left: none;
border-right: none;
margin-bottom:0;
background-color:#eeeeee;
color:#666;
font-size: 80%;
_font-size: 70%;
font-family: Verdana, sans-serif;
}

dl#diags dt {
float: left;
font-weight: bold;
width: auto;
}

dl#diags dd {
margin-left:1em;
float: left;
margin-right: 2em;
}

#footer span {
float: left;
color: #888;
font-size: 80%;
}

#footer {
text-align: right;
padding: 0 0.5em;
clear: left;
}

#footer img {
border: none;
}

.ncbi {
margin: 0;
padding:0;
font-size:240%;
font-weight: bold;
font-family: Times, serif;
color: #336699;
float: left;
display: inline;
}

.ncbi a {
text-decoration: none;
color: #336699;
}

.ncbi a:visited {
text-decoration: none;
color: #336699;
}

.ncbi a:hover {
text-decoration: underline;
}

.message {
font-family: Verdana, sans-serif;
background-color: #336699;
color: white;
padding: .35em;
margin-left: 7em;
margin-top: .67em;
_margin-top: 0.5em;
font-weight: bold;
font-size: 100%;
margin-bottom: 0;
}

h1 {
clear: left;
font-size: 110%;
font-family: Verdana, sans-serif;
}


body.denied {
background-color: black;
color: white;
}

body.denied h1 {
color: red;
}

body.denied a {
color: green;
}

body.denied #footer, body.denied #diags {
color: black;
}

#searchme:focus {
background-color: #ffa;
}

.errurl {
letter-spacing: 0;
margin: 0 1em;
padding: 0.25em;
background-color: #fff0f0;
color: #c00;
font-family: ""Courier New"", Courier, monospace;
font-size: 90%;
_font-size: 80%;
}

body.denied .errurl {
background-color: black;
color: yellow;
}

span.x {
display: none;
}

</style>

</head>
<body class='denied'>



<div id='header'>
<a href=""#mainContent"" title=""Skip to main content"" />
<p class=""ncbi""><a href=""http://www.ncbi.nlm.nih.gov"">NCBI</a></p>
<p class=""message"">Error</p>
</div>

<div id='mainContent'>


<h1 class=""error"">Access Denied</h1>


<p>
Your access to the NCBI website at <b>www.ncbi.nlm.nih.gov</b> has been
temporarily blocked due to a possible misuse/abuse situation
involving your site. This is not an indication of a security issue
such as a virus or attack. It could be something as simple as a run
away script or learning how to better use E-utilities,
<a href=""http://www.ncbi.nlm.nih.gov/books/NBK25497/"">http://www.ncbi.nlm.nih.gov/books/NBK25497/</a>,
for more efficient work such that your work does not impact the ability of other researchers
to also use our site.
To restore access and understand how to better interact with our site
to avoid this in the future, please have your system administrator
contact 
<a href=""mailto:info@ncbi.nlm.nih.gov?subject=NCBI Web site BLOCKED: 14.186.125.174&amp;body=%3E%20Error%3Dblocked for possible abuse%0D%3E%20Server%3Dmisuse.ncbi.nlm.nih.gov%0D%3E%20Client%3D14.186.125.174%0D%3E%20Time%3DWednesday, 23-Sep-2026 08:28:27 EDT  %0D%0DPlease%20enter%20comments%20below:%0D%0D"">info@ncbi.nlm.nih.gov</a>.
</p>

</div>

<dl id='diags'>

<dt>Error</dt><dd>blocked for possible abuse </dd>
<dt>Server</dt><dd>misuse.ncbi.nlm.nih.gov</dd>
<dt>Client</dt><dd>14.186.125.174</dd>
<dt>Time</dt><dd>Wednesday, 23-Sep-2026 08:28:27 EDT</dd>

</dl>
 

<p id='footer'>
<a href=""https://www.hhs.gov/vulnerability-disclosure-policy/index.html"">HHS Vulnerability Disclosure</a><br>
<span id='rev'>Rev. 05/18/15</span>
</p>

</body>
</html>",Pulmonary embolism; Pulmonary oedema
CID100002578,BCNU,"<!DOCTYPE html PUBLIC ""-//W3C//DTD XHTML 1.1//EN"" ""http://www.w3.org/TR/xhtml11/DTD/xhtml11.dtd""> 
<html>
<head>
<title>NCBI - WWW Error Blocked Diagnostic</title>
<meta http-equiv=""Content-Type"" content=""text/html; charset=utf-8"" />
<meta http-equiv=""pragma"" content=""no-cache"" />
<meta http-equiv=""cache-control"" content=""no-cache"" />
<meta name=""robots"" content=""noarchive,none"" />

<style type=""text/css"">
body {
min-width: 950px;
_width: 950px;
}
h1.error {color: red; font-size: 40pt}

#mainContent {
padding: 1em 2em;
}

dl#diags {
padding: 0.5em 0.5em 1.5em 0.5em;
padding-left: 2em;
border: solid 1px #888;
border-left: none;
border-right: none;
margin-bottom:0;
background-color:#eeeeee;
color:#666;
font-size: 80%;
_font-size: 70%;
font-family: Verdana, sans-serif;
}

dl#diags dt {
float: left;
font-weight: bold;
width: auto;
}

dl#diags dd {
margin-left:1em;
float: left;
margin-right: 2em;
}

#footer span {
float: left;
color: #888;
font-size: 80%;
}

#footer {
text-align: right;
padding: 0 0.5em;
clear: left;
}

#footer img {
border: none;
}

.ncbi {
margin: 0;
padding:0;
font-size:240%;
font-weight: bold;
font-family: Times, serif;
color: #336699;
float: left;
display: inline;
}

.ncbi a {
text-decoration: none;
color: #336699;
}

.ncbi a:visited {
text-decoration: none;
color: #336699;
}

.ncbi a:hover {
text-decoration: underline;
}

.message {
font-family: Verdana, sans-serif;
background-color: #336699;
color: white;
padding: .35em;
margin-left: 7em;
margin-top: .67em;
_margin-top: 0.5em;
font-weight: bold;
font-size: 100%;
margin-bottom: 0;
}

h1 {
clear: left;
font-size: 110%;
font-family: Verdana, sans-serif;
}


body.denied {
background-color: black;
color: white;
}

body.denied h1 {
color: red;
}

body.denied a {
color: green;
}

body.denied #footer, body.denied #diags {
color: black;
}

#searchme:focus {
background-color: #ffa;
}

.errurl {
letter-spacing: 0;
margin: 0 1em;
padding: 0.25em;
background-color: #fff0f0;
color: #c00;
font-family: ""Courier New"", Courier, monospace;
font-size: 90%;
_font-size: 80%;
}

body.denied .errurl {
background-color: black;
color: yellow;
}

span.x {
display: none;
}

</style>

</head>
<body class='denied'>



<div id='header'>
<a href=""#mainContent"" title=""Skip to main content"" />
<p class=""ncbi""><a href=""http://www.ncbi.nlm.nih.gov"">NCBI</a></p>
<p class=""message"">Error</p>
</div>

<div id='mainContent'>


<h1 class=""error"">Access Denied</h1>


<p>
Your access to the NCBI website at <b>www.ncbi.nlm.nih.gov</b> has been
temporarily blocked due to a possible misuse/abuse situation
involving your site. This is not an indication of a security issue
such as a virus or attack. It could be something as simple as a run
away script or learning how to better use E-utilities,
<a href=""http://www.ncbi.nlm.nih.gov/books/NBK25497/"">http://www.ncbi.nlm.nih.gov/books/NBK25497/</a>,
for more efficient work such that your work does not impact the ability of other researchers
to also use our site.
To restore access and understand how to better interact with our site
to avoid this in the future, please have your system administrator
contact 
<a href=""mailto:info@ncbi.nlm.nih.gov?subject=NCBI Web site BLOCKED: 14.186.125.174&amp;body=%3E%20Error%3Dblocked for possible abuse%0D%3E%20Server%3Dmisuse.ncbi.nlm.nih.gov%0D%3E%20Client%3D14.186.125.174%0D%3E%20Time%3DWednesday, 23-Sep-2026 08:28:31 EDT  %0D%0DPlease%20enter%20comments%20below:%0D%0D"">info@ncbi.nlm.nih.gov</a>.
</p>

</div>

<dl id='diags'>

<dt>Error</dt><dd>blocked for possible abuse </dd>
<dt>Server</dt><dd>misuse.ncbi.nlm.nih.gov</dd>
<dt>Client</dt><dd>14.186.125.174</dd>
<dt>Time</dt><dd>Wednesday, 23-Sep-2026 08:28:31 EDT</dd>

</dl>
 

<p id='footer'>
<a href=""https://www.hhs.gov/vulnerability-disclosure-policy/index.html"">HHS Vulnerability Disclosure</a><br>
<span id='rev'>Rev. 05/18/15</span>
</p>

</body>
</html>",Pulmonary embolism
CID100002585,carvedilol,"<!DOCTYPE html PUBLIC ""-//W3C//DTD XHTML 1.1//EN"" ""http://www.w3.org/TR/xhtml11/DTD/xhtml11.dtd""> 
<html>
<head>
<title>NCBI - WWW Error Blocked Diagnostic</title>
<meta http-equiv=""Content-Type"" content=""text/html; charset=utf-8"" />
<meta http-equiv=""pragma"" content=""no-cache"" />
<meta http-equiv=""cache-control"" content=""no-cache"" />
<meta name=""robots"" content=""noarchive,none"" />

<style type=""text/css"">
body {
min-width: 950px;
_width: 950px;
}
h1.error {color: red; font-size: 40pt}

#mainContent {
padding: 1em 2em;
}

dl#diags {
padding: 0.5em 0.5em 1.5em 0.5em;
padding-left: 2em;
border: solid 1px #888;
border-left: none;
border-right: none;
margin-bottom:0;
background-color:#eeeeee;
color:#666;
font-size: 80%;
_font-size: 70%;
font-family: Verdana, sans-serif;
}

dl#diags dt {
float: left;
font-weight: bold;
width: auto;
}

dl#diags dd {
margin-left:1em;
float: left;
margin-right: 2em;
}

#footer span {
float: left;
color: #888;
font-size: 80%;
}

#footer {
text-align: right;
padding: 0 0.5em;
clear: left;
}

#footer img {
border: none;
}

.ncbi {
margin: 0;
padding:0;
font-size:240%;
font-weight: bold;
font-family: Times, serif;
color: #336699;
float: left;
display: inline;
}

.ncbi a {
text-decoration: none;
color: #336699;
}

.ncbi a:visited {
text-decoration: none;
color: #336699;
}

.ncbi a:hover {
text-decoration: underline;
}

.message {
font-family: Verdana, sans-serif;
background-color: #336699;
color: white;
padding: .35em;
margin-left: 7em;
margin-top: .67em;
_margin-top: 0.5em;
font-weight: bold;
font-size: 100%;
margin-bottom: 0;
}

h1 {
clear: left;
font-size: 110%;
font-family: Verdana, sans-serif;
}


body.denied {
background-color: black;
color: white;
}

body.denied h1 {
color: red;
}

body.denied a {
color: green;
}

body.denied #footer, body.denied #diags {
color: black;
}

#searchme:focus {
background-color: #ffa;
}

.errurl {
letter-spacing: 0;
margin: 0 1em;
padding: 0.25em;
background-color: #fff0f0;
color: #c00;
font-family: ""Courier New"", Courier, monospace;
font-size: 90%;
_font-size: 80%;
}

body.denied .errurl {
background-color: black;
color: yellow;
}

span.x {
display: none;
}

</style>

</head>
<body class='denied'>



<div id='header'>
<a href=""#mainContent"" title=""Skip to main content"" />
<p class=""ncbi""><a href=""http://www.ncbi.nlm.nih.gov"">NCBI</a></p>
<p class=""message"">Error</p>
</div>

<div id='mainContent'>


<h1 class=""error"">Access Denied</h1>


<p>
Your access to the NCBI website at <b>www.ncbi.nlm.nih.gov</b> has been
temporarily blocked due to a possible misuse/abuse situation
involving your site. This is not an indication of a security issue
such as a virus or attack. It could be something as simple as a run
away script or learning how to better use E-utilities,
<a href=""http://www.ncbi.nlm.nih.gov/books/NBK25497/"">http://www.ncbi.nlm.nih.gov/books/NBK25497/</a>,
for more efficient work such that your work does not impact the ability of other researchers
to also use our site.
To restore access and understand how to better interact with our site
to avoid this in the future, please have your system administrator
contact 
<a href=""mailto:info@ncbi.nlm.nih.gov?subject=NCBI Web site BLOCKED: 14.186.125.174&amp;body=%3E%20Error%3Dblocked for possible abuse%0D%3E%20Server%3Dmisuse.ncbi.nlm.nih.gov%0D%3E%20Client%3D14.186.125.174%0D%3E%20Time%3DWednesday, 23-Sep-2026 08:28:34 EDT  %0D%0DPlease%20enter%20comments%20below:%0D%0D"">info@ncbi.nlm.nih.gov</a>.
</p>

</div>

<dl id='diags'>

<dt>Error</dt><dd>blocked for possible abuse </dd>
<dt>Server</dt><dd>misuse.ncbi.nlm.nih.gov</dd>
<dt>Client</dt><dd>14.186.125.174</dd>
<dt>Time</dt><dd>Wednesday, 23-Sep-2026 08:28:34 EDT</dd>

</dl>
 

<p id='footer'>
<a href=""https://www.hhs.gov/vulnerability-disclosure-policy/index.html"">HHS Vulnerability Disclosure</a><br>
<span id='rev'>Rev. 05/18/15</span>
</p>

</body>
</html>",Interstitial pneumonia; Pulmonary oedema
CID100002662,celecoxib,"<!DOCTYPE html PUBLIC ""-//W3C//DTD XHTML 1.1//EN"" ""http://www.w3.org/TR/xhtml11/DTD/xhtml11.dtd""> 
<html>
<head>
<title>NCBI - WWW Error Blocked Diagnostic</title>
<meta http-equiv=""Content-Type"" content=""text/html; charset=utf-8"" />
<meta http-equiv=""pragma"" content=""no-cache"" />
<meta http-equiv=""cache-control"" content=""no-cache"" />
<meta name=""robots"" content=""noarchive,none"" />

<style type=""text/css"">
body {
min-width: 950px;
_width: 950px;
}
h1.error {color: red; font-size: 40pt}

#mainContent {
padding: 1em 2em;
}

dl#diags {
padding: 0.5em 0.5em 1.5em 0.5em;
padding-left: 2em;
border: solid 1px #888;
border-left: none;
border-right: none;
margin-bottom:0;
background-color:#eeeeee;
color:#666;
font-size: 80%;
_font-size: 70%;
font-family: Verdana, sans-serif;
}

dl#diags dt {
float: left;
font-weight: bold;
width: auto;
}

dl#diags dd {
margin-left:1em;
float: left;
margin-right: 2em;
}

#footer span {
float: left;
color: #888;
font-size: 80%;
}

#footer {
text-align: right;
padding: 0 0.5em;
clear: left;
}

#footer img {
border: none;
}

.ncbi {
margin: 0;
padding:0;
font-size:240%;
font-weight: bold;
font-family: Times, serif;
color: #336699;
float: left;
display: inline;
}

.ncbi a {
text-decoration: none;
color: #336699;
}

.ncbi a:visited {
text-decoration: none;
color: #336699;
}

.ncbi a:hover {
text-decoration: underline;
}

.message {
font-family: Verdana, sans-serif;
background-color: #336699;
color: white;
padding: .35em;
margin-left: 7em;
margin-top: .67em;
_margin-top: 0.5em;
font-weight: bold;
font-size: 100%;
margin-bottom: 0;
}

h1 {
clear: left;
font-size: 110%;
font-family: Verdana, sans-serif;
}


body.denied {
background-color: black;
color: white;
}

body.denied h1 {
color: red;
}

body.denied a {
color: green;
}

body.denied #footer, body.denied #diags {
color: black;
}

#searchme:focus {
background-color: #ffa;
}

.errurl {
letter-spacing: 0;
margin: 0 1em;
padding: 0.25em;
background-color: #fff0f0;
color: #c00;
font-family: ""Courier New"", Courier, monospace;
font-size: 90%;
_font-size: 80%;
}

body.denied .errurl {
background-color: black;
color: yellow;
}

span.x {
display: none;
}

</style>

</head>
<body class='denied'>



<div id='header'>
<a href=""#mainContent"" title=""Skip to main content"" />
<p class=""ncbi""><a href=""http://www.ncbi.nlm.nih.gov"">NCBI</a></p>
<p class=""message"">Error</p>
</div>

<div id='mainContent'>


<h1 class=""error"">Access Denied</h1>


<p>
Your access to the NCBI website at <b>www.ncbi.nlm.nih.gov</b> has been
temporarily blocked due to a possible misuse/abuse situation
involving your site. This is not an indication of a security issue
such as a virus or attack. It could be something as simple as a run
away script or learning how to better use E-utilities,
<a href=""http://www.ncbi.nlm.nih.gov/books/NBK25497/"">http://www.ncbi.nlm.nih.gov/books/NBK25497/</a>,
for more efficient work such that your work does not impact the ability of other researchers
to also use our site.
To restore access and understand how to better interact with our site
to avoid this in the future, please have your system administrator
contact 
<a href=""mailto:info@ncbi.nlm.nih.gov?subject=NCBI Web site BLOCKED: 14.186.125.174&amp;body=%3E%20Error%3Dblocked for possible abuse%0D%3E%20Server%3Dmisuse.ncbi.nlm.nih.gov%0D%3E%20Client%3D14.186.125.174%0D%3E%20Time%3DWednesday, 23-Sep-2026 08:28:38 EDT  %0D%0DPlease%20enter%20comments%20below:%0D%0D"">info@ncbi.nlm.nih.gov</a>.
</p>

</div>

<dl id='diags'>

<dt>Error</dt><dd>blocked for possible abuse </dd>
<dt>Server</dt><dd>misuse.ncbi.nlm.nih.gov</dd>
<dt>Client</dt><dd>14.186.125.174</dd>
<dt>Time</dt><dd>Wednesday, 23-Sep-2026 08:28:38 EDT</dd>

</dl>
 

<p id='footer'>
<a href=""https://www.hhs.gov/vulnerability-disclosure-policy/index.html"">HHS Vulnerability Disclosure</a><br>
<span id='rev'>Rev. 05/18/15</span>
</p>

</body>
</html>",Pulmonary embolism
CID100002684,cevimeline,"<!DOCTYPE html PUBLIC ""-//W3C//DTD XHTML 1.1//EN"" ""http://www.w3.org/TR/xhtml11/DTD/xhtml11.dtd""> 
<html>
<head>
<title>NCBI - WWW Error Blocked Diagnostic</title>
<meta http-equiv=""Content-Type"" content=""text/html; charset=utf-8"" />
<meta http-equiv=""pragma"" content=""no-cache"" />
<meta http-equiv=""cache-control"" content=""no-cache"" />
<meta name=""robots"" content=""noarchive,none"" />

<style type=""text/css"">
body {
min-width: 950px;
_width: 950px;
}
h1.error {color: red; font-size: 40pt}

#mainContent {
padding: 1em 2em;
}

dl#diags {
padding: 0.5em 0.5em 1.5em 0.5em;
padding-left: 2em;
border: solid 1px #888;
border-left: none;
border-right: none;
margin-bottom:0;
background-color:#eeeeee;
color:#666;
font-size: 80%;
_font-size: 70%;
font-family: Verdana, sans-serif;
}

dl#diags dt {
float: left;
font-weight: bold;
width: auto;
}

dl#diags dd {
margin-left:1em;
float: left;
margin-right: 2em;
}

#footer span {
float: left;
color: #888;
font-size: 80%;
}

#footer {
text-align: right;
padding: 0 0.5em;
clear: left;
}

#footer img {
border: none;
}

.ncbi {
margin: 0;
padding:0;
font-size:240%;
font-weight: bold;
font-family: Times, serif;
color: #336699;
float: left;
display: inline;
}

.ncbi a {
text-decoration: none;
color: #336699;
}

.ncbi a:visited {
text-decoration: none;
color: #336699;
}

.ncbi a:hover {
text-decoration: underline;
}

.message {
font-family: Verdana, sans-serif;
background-color: #336699;
color: white;
padding: .35em;
margin-left: 7em;
margin-top: .67em;
_margin-top: 0.5em;
font-weight: bold;
font-size: 100%;
margin-bottom: 0;
}

h1 {
clear: left;
font-size: 110%;
font-family: Verdana, sans-serif;
}


body.denied {
background-color: black;
color: white;
}

body.denied h1 {
color: red;
}

body.denied a {
color: green;
}

body.denied #footer, body.denied #diags {
color: black;
}

#searchme:focus {
background-color: #ffa;
}

.errurl {
letter-spacing: 0;
margin: 0 1em;
padding: 0.25em;
background-color: #fff0f0;
color: #c00;
font-family: ""Courier New"", Courier, monospace;
font-size: 90%;
_font-size: 80%;
}

body.denied .errurl {
background-color: black;
color: yellow;
}

span.x {
display: none;
}

</style>

</head>
<body class='denied'>



<div id='header'>
<a href=""#mainContent"" title=""Skip to main content"" />
<p class=""ncbi""><a href=""http://www.ncbi.nlm.nih.gov"">NCBI</a></p>
<p class=""message"">Error</p>
</div>

<div id='mainContent'>


<h1 class=""error"">Access Denied</h1>


<p>
Your access to the NCBI website at <b>www.ncbi.nlm.nih.gov</b> has been
temporarily blocked due to a possible misuse/abuse situation
involving your site. This is not an indication of a security issue
such as a virus or attack. It could be something as simple as a run
away script or learning how to better use E-utilities,
<a href=""http://www.ncbi.nlm.nih.gov/books/NBK25497/"">http://www.ncbi.nlm.nih.gov/books/NBK25497/</a>,
for more efficient work such that your work does not impact the ability of other researchers
to also use our site.
To restore access and understand how to better interact with our site
to avoid this in the future, please have your system administrator
contact 
<a href=""mailto:info@ncbi.nlm.nih.gov?subject=NCBI Web site BLOCKED: 14.186.125.174&amp;body=%3E%20Error%3Dblocked for possible abuse%0D%3E%20Server%3Dmisuse.ncbi.nlm.nih.gov%0D%3E%20Client%3D14.186.125.174%0D%3E%20Time%3DWednesday, 23-Sep-2026 08:28:41 EDT  %0D%0DPlease%20enter%20comments%20below:%0D%0D"">info@ncbi.nlm.nih.gov</a>.
</p>

</div>

<dl id='diags'>

<dt>Error</dt><dd>blocked for possible abuse </dd>
<dt>Server</dt><dd>misuse.ncbi.nlm.nih.gov</dd>
<dt>Client</dt><dd>14.186.125.174</dd>
<dt>Time</dt><dd>Wednesday, 23-Sep-2026 08:28:41 EDT</dd>

</dl>
 

<p id='footer'>
<a href=""https://www.hhs.gov/vulnerability-disclosure-policy/index.html"">HHS Vulnerability Disclosure</a><br>
<span id='rev'>Rev. 05/18/15</span>
</p>

</body>
</html>",Pleural effusion; Pulmonary embolism
CID100002708,chlorambucil,"<!DOCTYPE html PUBLIC ""-//W3C//DTD XHTML 1.1//EN"" ""http://www.w3.org/TR/xhtml11/DTD/xhtml11.dtd""> 
<html>
<head>
<title>NCBI - WWW Error Blocked Diagnostic</title>
<meta http-equiv=""Content-Type"" content=""text/html; charset=utf-8"" />
<meta http-equiv=""pragma"" content=""no-cache"" />
<meta http-equiv=""cache-control"" content=""no-cache"" />
<meta name=""robots"" content=""noarchive,none"" />

<style type=""text/css"">
body {
min-width: 950px;
_width: 950px;
}
h1.error {color: red; font-size: 40pt}

#mainContent {
padding: 1em 2em;
}

dl#diags {
padding: 0.5em 0.5em 1.5em 0.5em;
padding-left: 2em;
border: solid 1px #888;
border-left: none;
border-right: none;
margin-bottom:0;
background-color:#eeeeee;
color:#666;
font-size: 80%;
_font-size: 70%;
font-family: Verdana, sans-serif;
}

dl#diags dt {
float: left;
font-weight: bold;
width: auto;
}

dl#diags dd {
margin-left:1em;
float: left;
margin-right: 2em;
}

#footer span {
float: left;
color: #888;
font-size: 80%;
}

#footer {
text-align: right;
padding: 0 0.5em;
clear: left;
}

#footer img {
border: none;
}

.ncbi {
margin: 0;
padding:0;
font-size:240%;
font-weight: bold;
font-family: Times, serif;
color: #336699;
float: left;
display: inline;
}

.ncbi a {
text-decoration: none;
color: #336699;
}

.ncbi a:visited {
text-decoration: none;
color: #336699;
}

.ncbi a:hover {
text-decoration: underline;
}

.message {
font-family: Verdana, sans-serif;
background-color: #336699;
color: white;
padding: .35em;
margin-left: 7em;
margin-top: .67em;
_margin-top: 0.5em;
font-weight: bold;
font-size: 100%;
margin-bottom: 0;
}

h1 {
clear: left;
font-size: 110%;
font-family: Verdana, sans-serif;
}


body.denied {
background-color: black;
color: white;
}

body.denied h1 {
color: red;
}

body.denied a {
color: green;
}

body.denied #footer, body.denied #diags {
color: black;
}

#searchme:focus {
background-color: #ffa;
}

.errurl {
letter-spacing: 0;
margin: 0 1em;
padding: 0.25em;
background-color: #fff0f0;
color: #c00;
font-family: ""Courier New"", Courier, monospace;
font-size: 90%;
_font-size: 80%;
}

body.denied .errurl {
background-color: black;
color: yellow;
}

span.x {
display: none;
}

</style>

</head>
<body class='denied'>



<div id='header'>
<a href=""#mainContent"" title=""Skip to main content"" />
<p class=""ncbi""><a href=""http://www.ncbi.nlm.nih.gov"">NCBI</a></p>
<p class=""message"">Error</p>
</div>

<div id='mainContent'>


<h1 class=""error"">Access Denied</h1>


<p>
Your access to the NCBI website at <b>www.ncbi.nlm.nih.gov</b> has been
temporarily blocked due to a possible misuse/abuse situation
involving your site. This is not an indication of a security issue
such as a virus or attack. It could be something as simple as a run
away script or learning how to better use E-utilities,
<a href=""http://www.ncbi.nlm.nih.gov/books/NBK25497/"">http://www.ncbi.nlm.nih.gov/books/NBK25497/</a>,
for more efficient work such that your work does not impact the ability of other researchers
to also use our site.
To restore access and understand how to better interact with our site
to avoid this in the future, please have your system administrator
contact 
<a href=""mailto:info@ncbi.nlm.nih.gov?subject=NCBI Web site BLOCKED: 14.186.125.174&amp;body=%3E%20Error%3Dblocked for possible abuse%0D%3E%20Server%3Dmisuse.ncbi.nlm.nih.gov%0D%3E%20Client%3D14.186.125.174%0D%3E%20Time%3DWednesday, 23-Sep-2026 08:28:44 EDT  %0D%0DPlease%20enter%20comments%20below:%0D%0D"">info@ncbi.nlm.nih.gov</a>.
</p>

</div>

<dl id='diags'>

<dt>Error</dt><dd>blocked for possible abuse </dd>
<dt>Server</dt><dd>misuse.ncbi.nlm.nih.gov</dd>
<dt>Client</dt><dd>14.186.125.174</dd>
<dt>Time</dt><dd>Wednesday, 23-Sep-2026 08:28:44 EDT</dd>

</dl>
 

<p id='footer'>
<a href=""https://www.hhs.gov/vulnerability-disclosure-policy/index.html"">HHS Vulnerability Disclosure</a><br>
<span id='rev'>Rev. 05/18/15</span>
</p>

</body>
</html>",Interstitial pneumonia
CID100002720,thiazide,"<!DOCTYPE html PUBLIC ""-//W3C//DTD XHTML 1.1//EN"" ""http://www.w3.org/TR/xhtml11/DTD/xhtml11.dtd""> 
<html>
<head>
<title>NCBI - WWW Error Blocked Diagnostic</title>
<meta http-equiv=""Content-Type"" content=""text/html; charset=utf-8"" />
<meta http-equiv=""pragma"" content=""no-cache"" />
<meta http-equiv=""cache-control"" content=""no-cache"" />
<meta name=""robots"" content=""noarchive,none"" />

<style type=""text/css"">
body {
min-width: 950px;
_width: 950px;
}
h1.error {color: red; font-size: 40pt}

#mainContent {
padding: 1em 2em;
}

dl#diags {
padding: 0.5em 0.5em 1.5em 0.5em;
padding-left: 2em;
border: solid 1px #888;
border-left: none;
border-right: none;
margin-bottom:0;
background-color:#eeeeee;
color:#666;
font-size: 80%;
_font-size: 70%;
font-family: Verdana, sans-serif;
}

dl#diags dt {
float: left;
font-weight: bold;
width: auto;
}

dl#diags dd {
margin-left:1em;
float: left;
margin-right: 2em;
}

#footer span {
float: left;
color: #888;
font-size: 80%;
}

#footer {
text-align: right;
padding: 0 0.5em;
clear: left;
}

#footer img {
border: none;
}

.ncbi {
margin: 0;
padding:0;
font-size:240%;
font-weight: bold;
font-family: Times, serif;
color: #336699;
float: left;
display: inline;
}

.ncbi a {
text-decoration: none;
color: #336699;
}

.ncbi a:visited {
text-decoration: none;
color: #336699;
}

.ncbi a:hover {
text-decoration: underline;
}

.message {
font-family: Verdana, sans-serif;
background-color: #336699;
color: white;
padding: .35em;
margin-left: 7em;
margin-top: .67em;
_margin-top: 0.5em;
font-weight: bold;
font-size: 100%;
margin-bottom: 0;
}

h1 {
clear: left;
font-size: 110%;
font-family: Verdana, sans-serif;
}


body.denied {
background-color: black;
color: white;
}

body.denied h1 {
color: red;
}

body.denied a {
color: green;
}

body.denied #footer, body.denied #diags {
color: black;
}

#searchme:focus {
background-color: #ffa;
}

.errurl {
letter-spacing: 0;
margin: 0 1em;
padding: 0.25em;
background-color: #fff0f0;
color: #c00;
font-family: ""Courier New"", Courier, monospace;
font-size: 90%;
_font-size: 80%;
}

body.denied .errurl {
background-color: black;
color: yellow;
}

span.x {
display: none;
}

</style>

</head>
<body class='denied'>



<div id='header'>
<a href=""#mainContent"" title=""Skip to main content"" />
<p class=""ncbi""><a href=""http://www.ncbi.nlm.nih.gov"">NCBI</a></p>
<p class=""message"">Error</p>
</div>

<div id='mainContent'>


<h1 class=""error"">Access Denied</h1>


<p>
Your access to the NCBI website at <b>www.ncbi.nlm.nih.gov</b> has been
temporarily blocked due to a possible misuse/abuse situation
involving your site. This is not an indication of a security issue
such as a virus or attack. It could be something as simple as a run
away script or learning how to better use E-utilities,
<a href=""http://www.ncbi.nlm.nih.gov/books/NBK25497/"">http://www.ncbi.nlm.nih.gov/books/NBK25497/</a>,
for more efficient work such that your work does not impact the ability of other researchers
to also use our site.
To restore access and understand how to better interact with our site
to avoid this in the future, please have your system administrator
contact 
<a href=""mailto:info@ncbi.nlm.nih.gov?subject=NCBI Web site BLOCKED: 14.186.125.174&amp;body=%3E%20Error%3Dblocked for possible abuse%0D%3E%20Server%3Dmisuse.ncbi.nlm.nih.gov%0D%3E%20Client%3D14.186.125.174%0D%3E%20Time%3DWednesday, 23-Sep-2026 08:28:48 EDT  %0D%0DPlease%20enter%20comments%20below:%0D%0D"">info@ncbi.nlm.nih.gov</a>.
</p>

</div>

<dl id='diags'>

<dt>Error</dt><dd>blocked for possible abuse </dd>
<dt>Server</dt><dd>misuse.ncbi.nlm.nih.gov</dd>
<dt>Client</dt><dd>14.186.125.174</dd>
<dt>Time</dt><dd>Wednesday, 23-Sep-2026 08:28:48 EDT</dd>

</dl>
 

<p id='footer'>
<a href=""https://www.hhs.gov/vulnerability-disclosure-policy/index.html"">HHS Vulnerability Disclosure</a><br>
<span id='rev'>Rev. 05/18/15</span>
</p>

</body>
</html>",Pulmonary oedema
CID100002732,chlorthalidone,"<!DOCTYPE html PUBLIC ""-//W3C//DTD XHTML 1.1//EN"" ""http://www.w3.org/TR/xhtml11/DTD/xhtml11.dtd""> 
<html>
<head>
<title>NCBI - WWW Error Blocked Diagnostic</title>
<meta http-equiv=""Content-Type"" content=""text/html; charset=utf-8"" />
<meta http-equiv=""pragma"" content=""no-cache"" />
<meta http-equiv=""cache-control"" content=""no-cache"" />
<meta name=""robots"" content=""noarchive,none"" />

<style type=""text/css"">
body {
min-width: 950px;
_width: 950px;
}
h1.error {color: red; font-size: 40pt}

#mainContent {
padding: 1em 2em;
}

dl#diags {
padding: 0.5em 0.5em 1.5em 0.5em;
padding-left: 2em;
border: solid 1px #888;
border-left: none;
border-right: none;
margin-bottom:0;
background-color:#eeeeee;
color:#666;
font-size: 80%;
_font-size: 70%;
font-family: Verdana, sans-serif;
}

dl#diags dt {
float: left;
font-weight: bold;
width: auto;
}

dl#diags dd {
margin-left:1em;
float: left;
margin-right: 2em;
}

#footer span {
float: left;
color: #888;
font-size: 80%;
}

#footer {
text-align: right;
padding: 0 0.5em;
clear: left;
}

#footer img {
border: none;
}

.ncbi {
margin: 0;
padding:0;
font-size:240%;
font-weight: bold;
font-family: Times, serif;
color: #336699;
float: left;
display: inline;
}

.ncbi a {
text-decoration: none;
color: #336699;
}

.ncbi a:visited {
text-decoration: none;
color: #336699;
}

.ncbi a:hover {
text-decoration: underline;
}

.message {
font-family: Verdana, sans-serif;
background-color: #336699;
color: white;
padding: .35em;
margin-left: 7em;
margin-top: .67em;
_margin-top: 0.5em;
font-weight: bold;
font-size: 100%;
margin-bottom: 0;
}

h1 {
clear: left;
font-size: 110%;
font-family: Verdana, sans-serif;
}


body.denied {
background-color: black;
color: white;
}

body.denied h1 {
color: red;
}

body.denied a {
color: green;
}

body.denied #footer, body.denied #diags {
color: black;
}

#searchme:focus {
background-color: #ffa;
}

.errurl {
letter-spacing: 0;
margin: 0 1em;
padding: 0.25em;
background-color: #fff0f0;
color: #c00;
font-family: ""Courier New"", Courier, monospace;
font-size: 90%;
_font-size: 80%;
}

body.denied .errurl {
background-color: black;
color: yellow;
}

span.x {
display: none;
}

</style>

</head>
<body class='denied'>



<div id='header'>
<a href=""#mainContent"" title=""Skip to main content"" />
<p class=""ncbi""><a href=""http://www.ncbi.nlm.nih.gov"">NCBI</a></p>
<p class=""message"">Error</p>
</div>

<div id='mainContent'>


<h1 class=""error"">Access Denied</h1>


<p>
Your access to the NCBI website at <b>www.ncbi.nlm.nih.gov</b> has been
temporarily blocked due to a possible misuse/abuse situation
involving your site. This is not an indication of a security issue
such as a virus or attack. It could be something as simple as a run
away script or learning how to better use E-utilities,
<a href=""http://www.ncbi.nlm.nih.gov/books/NBK25497/"">http://www.ncbi.nlm.nih.gov/books/NBK25497/</a>,
for more efficient work such that your work does not impact the ability of other researchers
to also use our site.
To restore access and understand how to better interact with our site
to avoid this in the future, please have your system administrator
contact 
<a href=""mailto:info@ncbi.nlm.nih.gov?subject=NCBI Web site BLOCKED: 14.186.125.174&amp;body=%3E%20Error%3Dblocked for possible abuse%0D%3E%20Server%3Dmisuse.ncbi.nlm.nih.gov%0D%3E%20Client%3D14.186.125.174%0D%3E%20Time%3DWednesday, 23-Sep-2026 08:28:51 EDT  %0D%0DPlease%20enter%20comments%20below:%0D%0D"">info@ncbi.nlm.nih.gov</a>.
</p>

</div>

<dl id='diags'>

<dt>Error</dt><dd>blocked for possible abuse </dd>
<dt>Server</dt><dd>misuse.ncbi.nlm.nih.gov</dd>
<dt>Client</dt><dd>14.186.125.174</dd>
<dt>Time</dt><dd>Wednesday, 23-Sep-2026 08:28:51 EDT</dd>

</dl>
 

<p id='footer'>
<a href=""https://www.hhs.gov/vulnerability-disclosure-policy/index.html"">HHS Vulnerability Disclosure</a><br>
<span id='rev'>Rev. 05/18/15</span>
</p>

</body>
</html>",Pulmonary oedema
CID100002754,cilostazol,"<!DOCTYPE html PUBLIC ""-//W3C//DTD XHTML 1.1//EN"" ""http://www.w3.org/TR/xhtml11/DTD/xhtml11.dtd""> 
<html>
<head>
<title>NCBI - WWW Error Blocked Diagnostic</title>
<meta http-equiv=""Content-Type"" content=""text/html; charset=utf-8"" />
<meta http-equiv=""pragma"" content=""no-cache"" />
<meta http-equiv=""cache-control"" content=""no-cache"" />
<meta name=""robots"" content=""noarchive,none"" />

<style type=""text/css"">
body {
min-width: 950px;
_width: 950px;
}
h1.error {color: red; font-size: 40pt}

#mainContent {
padding: 1em 2em;
}

dl#diags {
padding: 0.5em 0.5em 1.5em 0.5em;
padding-left: 2em;
border: solid 1px #888;
border-left: none;
border-right: none;
margin-bottom:0;
background-color:#eeeeee;
color:#666;
font-size: 80%;
_font-size: 70%;
font-family: Verdana, sans-serif;
}

dl#diags dt {
float: left;
font-weight: bold;
width: auto;
}

dl#diags dd {
margin-left:1em;
float: left;
margin-right: 2em;
}

#footer span {
float: left;
color: #888;
font-size: 80%;
}

#footer {
text-align: right;
padding: 0 0.5em;
clear: left;
}

#footer img {
border: none;
}

.ncbi {
margin: 0;
padding:0;
font-size:240%;
font-weight: bold;
font-family: Times, serif;
color: #336699;
float: left;
display: inline;
}

.ncbi a {
text-decoration: none;
color: #336699;
}

.ncbi a:visited {
text-decoration: none;
color: #336699;
}

.ncbi a:hover {
text-decoration: underline;
}

.message {
font-family: Verdana, sans-serif;
background-color: #336699;
color: white;
padding: .35em;
margin-left: 7em;
margin-top: .67em;
_margin-top: 0.5em;
font-weight: bold;
font-size: 100%;
margin-bottom: 0;
}

h1 {
clear: left;
font-size: 110%;
font-family: Verdana, sans-serif;
}


body.denied {
background-color: black;
color: white;
}

body.denied h1 {
color: red;
}

body.denied a {
color: green;
}

body.denied #footer, body.denied #diags {
color: black;
}

#searchme:focus {
background-color: #ffa;
}

.errurl {
letter-spacing: 0;
margin: 0 1em;
padding: 0.25em;
background-color: #fff0f0;
color: #c00;
font-family: ""Courier New"", Courier, monospace;
font-size: 90%;
_font-size: 80%;
}

body.denied .errurl {
background-color: black;
color: yellow;
}

span.x {
display: none;
}

</style>

</head>
<body class='denied'>



<div id='header'>
<a href=""#mainContent"" title=""Skip to main content"" />
<p class=""ncbi""><a href=""http://www.ncbi.nlm.nih.gov"">NCBI</a></p>
<p class=""message"">Error</p>
</div>

<div id='mainContent'>


<h1 class=""error"">Access Denied</h1>


<p>
Your access to the NCBI website at <b>www.ncbi.nlm.nih.gov</b> has been
temporarily blocked due to a possible misuse/abuse situation
involving your site. This is not an indication of a security issue
such as a virus or attack. It could be something as simple as a run
away script or learning how to better use E-utilities,
<a href=""http://www.ncbi.nlm.nih.gov/books/NBK25497/"">http://www.ncbi.nlm.nih.gov/books/NBK25497/</a>,
for more efficient work such that your work does not impact the ability of other researchers
to also use our site.
To restore access and understand how to better interact with our site
to avoid this in the future, please have your system administrator
contact 
<a href=""mailto:info@ncbi.nlm.nih.gov?subject=NCBI Web site BLOCKED: 14.186.125.174&amp;body=%3E%20Error%3Dblocked for possible abuse%0D%3E%20Server%3Dmisuse.ncbi.nlm.nih.gov%0D%3E%20Client%3D14.186.125.174%0D%3E%20Time%3DWednesday, 23-Sep-2026 08:28:54 EDT  %0D%0DPlease%20enter%20comments%20below:%0D%0D"">info@ncbi.nlm.nih.gov</a>.
</p>

</div>

<dl id='diags'>

<dt>Error</dt><dd>blocked for possible abuse </dd>
<dt>Server</dt><dd>misuse.ncbi.nlm.nih.gov</dd>
<dt>Client</dt><dd>14.186.125.174</dd>
<dt>Time</dt><dd>Wednesday, 23-Sep-2026 08:28:54 EDT</dd>

</dl>
 

<p id='footer'>
<a href=""https://www.hhs.gov/vulnerability-disclosure-policy/index.html"">HHS Vulnerability Disclosure</a><br>
<span id='rev'>Rev. 05/18/15</span>
</p>

</body>
</html>",Interstitial pneumonia
CID100002764,ciprofloxacin,"<!DOCTYPE html PUBLIC ""-//W3C//DTD XHTML 1.1//EN"" ""http://www.w3.org/TR/xhtml11/DTD/xhtml11.dtd""> 
<html>
<head>
<title>NCBI - WWW Error Blocked Diagnostic</title>
<meta http-equiv=""Content-Type"" content=""text/html; charset=utf-8"" />
<meta http-equiv=""pragma"" content=""no-cache"" />
<meta http-equiv=""cache-control"" content=""no-cache"" />
<meta name=""robots"" content=""noarchive,none"" />

<style type=""text/css"">
body {
min-width: 950px;
_width: 950px;
}
h1.error {color: red; font-size: 40pt}

#mainContent {
padding: 1em 2em;
}

dl#diags {
padding: 0.5em 0.5em 1.5em 0.5em;
padding-left: 2em;
border: solid 1px #888;
border-left: none;
border-right: none;
margin-bottom:0;
background-color:#eeeeee;
color:#666;
font-size: 80%;
_font-size: 70%;
font-family: Verdana, sans-serif;
}

dl#diags dt {
float: left;
font-weight: bold;
width: auto;
}

dl#diags dd {
margin-left:1em;
float: left;
margin-right: 2em;
}

#footer span {
float: left;
color: #888;
font-size: 80%;
}

#footer {
text-align: right;
padding: 0 0.5em;
clear: left;
}

#footer img {
border: none;
}

.ncbi {
margin: 0;
padding:0;
font-size:240%;
font-weight: bold;
font-family: Times, serif;
color: #336699;
float: left;
display: inline;
}

.ncbi a {
text-decoration: none;
color: #336699;
}

.ncbi a:visited {
text-decoration: none;
color: #336699;
}

.ncbi a:hover {
text-decoration: underline;
}

.message {
font-family: Verdana, sans-serif;
background-color: #336699;
color: white;
padding: .35em;
margin-left: 7em;
margin-top: .67em;
_margin-top: 0.5em;
font-weight: bold;
font-size: 100%;
margin-bottom: 0;
}

h1 {
clear: left;
font-size: 110%;
font-family: Verdana, sans-serif;
}


body.denied {
background-color: black;
color: white;
}

body.denied h1 {
color: red;
}

body.denied a {
color: green;
}

body.denied #footer, body.denied #diags {
color: black;
}

#searchme:focus {
background-color: #ffa;
}

.errurl {
letter-spacing: 0;
margin: 0 1em;
padding: 0.25em;
background-color: #fff0f0;
color: #c00;
font-family: ""Courier New"", Courier, monospace;
font-size: 90%;
_font-size: 80%;
}

body.denied .errurl {
background-color: black;
color: yellow;
}

span.x {
display: none;
}

</style>

</head>
<body class='denied'>



<div id='header'>
<a href=""#mainContent"" title=""Skip to main content"" />
<p class=""ncbi""><a href=""http://www.ncbi.nlm.nih.gov"">NCBI</a></p>
<p class=""message"">Error</p>
</div>

<div id='mainContent'>


<h1 class=""error"">Access Denied</h1>


<p>
Your access to the NCBI website at <b>www.ncbi.nlm.nih.gov</b> has been
temporarily blocked due to a possible misuse/abuse situation
involving your site. This is not an indication of a security issue
such as a virus or attack. It could be something as simple as a run
away script or learning how to better use E-utilities,
<a href=""http://www.ncbi.nlm.nih.gov/books/NBK25497/"">http://www.ncbi.nlm.nih.gov/books/NBK25497/</a>,
for more efficient work such that your work does not impact the ability of other researchers
to also use our site.
To restore access and understand how to better interact with our site
to avoid this in the future, please have your system administrator
contact 
<a href=""mailto:info@ncbi.nlm.nih.gov?subject=NCBI Web site BLOCKED: 14.186.125.174&amp;body=%3E%20Error%3Dblocked for possible abuse%0D%3E%20Server%3Dmisuse.ncbi.nlm.nih.gov%0D%3E%20Client%3D14.186.125.174%0D%3E%20Time%3DWednesday, 23-Sep-2026 08:28:57 EDT  %0D%0DPlease%20enter%20comments%20below:%0D%0D"">info@ncbi.nlm.nih.gov</a>.
</p>

</div>

<dl id='diags'>

<dt>Error</dt><dd>blocked for possible abuse </dd>
<dt>Server</dt><dd>misuse.ncbi.nlm.nih.gov</dd>
<dt>Client</dt><dd>14.186.125.174</dd>
<dt>Time</dt><dd>Wednesday, 23-Sep-2026 08:28:57 EDT</dd>

</dl>
 

<p id='footer'>
<a href=""https://www.hhs.gov/vulnerability-disclosure-policy/index.html"">HHS Vulnerability Disclosure</a><br>
<span id='rev'>Rev. 05/18/15</span>
</p>

</body>
</html>",Pleural effusion; Pulmonary embolism; Pulmonary oedema
CID100002771,citalopram,"<!DOCTYPE html PUBLIC ""-//W3C//DTD XHTML 1.1//EN"" ""http://www.w3.org/TR/xhtml11/DTD/xhtml11.dtd""> 
<html>
<head>
<title>NCBI - WWW Error Blocked Diagnostic</title>
<meta http-equiv=""Content-Type"" content=""text/html; charset=utf-8"" />
<meta http-equiv=""pragma"" content=""no-cache"" />
<meta http-equiv=""cache-control"" content=""no-cache"" />
<meta name=""robots"" content=""noarchive,none"" />

<style type=""text/css"">
body {
min-width: 950px;
_width: 950px;
}
h1.error {color: red; font-size: 40pt}

#mainContent {
padding: 1em 2em;
}

dl#diags {
padding: 0.5em 0.5em 1.5em 0.5em;
padding-left: 2em;
border: solid 1px #888;
border-left: none;
border-right: none;
margin-bottom:0;
background-color:#eeeeee;
color:#666;
font-size: 80%;
_font-size: 70%;
font-family: Verdana, sans-serif;
}

dl#diags dt {
float: left;
font-weight: bold;
width: auto;
}

dl#diags dd {
margin-left:1em;
float: left;
margin-right: 2em;
}

#footer span {
float: left;
color: #888;
font-size: 80%;
}

#footer {
text-align: right;
padding: 0 0.5em;
clear: left;
}

#footer img {
border: none;
}

.ncbi {
margin: 0;
padding:0;
font-size:240%;
font-weight: bold;
font-family: Times, serif;
color: #336699;
float: left;
display: inline;
}

.ncbi a {
text-decoration: none;
color: #336699;
}

.ncbi a:visited {
text-decoration: none;
color: #336699;
}

.ncbi a:hover {
text-decoration: underline;
}

.message {
font-family: Verdana, sans-serif;
background-color: #336699;
color: white;
padding: .35em;
margin-left: 7em;
margin-top: .67em;
_margin-top: 0.5em;
font-weight: bold;
font-size: 100%;
margin-bottom: 0;
}

h1 {
clear: left;
font-size: 110%;
font-family: Verdana, sans-serif;
}


body.denied {
background-color: black;
color: white;
}

body.denied h1 {
color: red;
}

body.denied a {
color: green;
}

body.denied #footer, body.denied #diags {
color: black;
}

#searchme:focus {
background-color: #ffa;
}

.errurl {
letter-spacing: 0;
margin: 0 1em;
padding: 0.25em;
background-color: #fff0f0;
color: #c00;
font-family: ""Courier New"", Courier, monospace;
font-size: 90%;
_font-size: 80%;
}

body.denied .errurl {
background-color: black;
color: yellow;
}

span.x {
display: none;
}

</style>

</head>
<body class='denied'>



<div id='header'>
<a href=""#mainContent"" title=""Skip to main content"" />
<p class=""ncbi""><a href=""http://www.ncbi.nlm.nih.gov"">NCBI</a></p>
<p class=""message"">Error</p>
</div>

<div id='mainContent'>


<h1 class=""error"">Access Denied</h1>


<p>
Your access to the NCBI website at <b>www.ncbi.nlm.nih.gov</b> has been
temporarily blocked due to a possible misuse/abuse situation
involving your site. This is not an indication of a security issue
such as a virus or attack. It could be something as simple as a run
away script or learning how to better use E-utilities,
<a href=""http://www.ncbi.nlm.nih.gov/books/NBK25497/"">http://www.ncbi.nlm.nih.gov/books/NBK25497/</a>,
for more efficient work such that your work does not impact the ability of other researchers
to also use our site.
To restore access and understand how to better interact with our site
to avoid this in the future, please have your system administrator
contact 
<a href=""mailto:info@ncbi.nlm.nih.gov?subject=NCBI Web site BLOCKED: 14.186.125.174&amp;body=%3E%20Error%3Dblocked for possible abuse%0D%3E%20Server%3Dmisuse.ncbi.nlm.nih.gov%0D%3E%20Client%3D14.186.125.174%0D%3E%20Time%3DWednesday, 23-Sep-2026 08:29:00 EDT  %0D%0DPlease%20enter%20comments%20below:%0D%0D"">info@ncbi.nlm.nih.gov</a>.
</p>

</div>

<dl id='diags'>

<dt>Error</dt><dd>blocked for possible abuse </dd>
<dt>Server</dt><dd>misuse.ncbi.nlm.nih.gov</dd>
<dt>Client</dt><dd>14.186.125.174</dd>
<dt>Time</dt><dd>Wednesday, 23-Sep-2026 08:29:00 EDT</dd>

</dl>
 

<p id='footer'>
<a href=""https://www.hhs.gov/vulnerability-disclosure-policy/index.html"">HHS Vulnerability Disclosure</a><br>
<span id='rev'>Rev. 05/18/15</span>
</p>

</body>
</html>",Pulmonary embolism
CID100002800,clomiphene,"<!DOCTYPE html PUBLIC ""-//W3C//DTD XHTML 1.1//EN"" ""http://www.w3.org/TR/xhtml11/DTD/xhtml11.dtd""> 
<html>
<head>
<title>NCBI - WWW Error Blocked Diagnostic</title>
<meta http-equiv=""Content-Type"" content=""text/html; charset=utf-8"" />
<meta http-equiv=""pragma"" content=""no-cache"" />
<meta http-equiv=""cache-control"" content=""no-cache"" />
<meta name=""robots"" content=""noarchive,none"" />

<style type=""text/css"">
body {
min-width: 950px;
_width: 950px;
}
h1.error {color: red; font-size: 40pt}

#mainContent {
padding: 1em 2em;
}

dl#diags {
padding: 0.5em 0.5em 1.5em 0.5em;
padding-left: 2em;
border: solid 1px #888;
border-left: none;
border-right: none;
margin-bottom:0;
background-color:#eeeeee;
color:#666;
font-size: 80%;
_font-size: 70%;
font-family: Verdana, sans-serif;
}

dl#diags dt {
float: left;
font-weight: bold;
width: auto;
}

dl#diags dd {
margin-left:1em;
float: left;
margin-right: 2em;
}

#footer span {
float: left;
color: #888;
font-size: 80%;
}

#footer {
text-align: right;
padding: 0 0.5em;
clear: left;
}

#footer img {
border: none;
}

.ncbi {
margin: 0;
padding:0;
font-size:240%;
font-weight: bold;
font-family: Times, serif;
color: #336699;
float: left;
display: inline;
}

.ncbi a {
text-decoration: none;
color: #336699;
}

.ncbi a:visited {
text-decoration: none;
color: #336699;
}

.ncbi a:hover {
text-decoration: underline;
}

.message {
font-family: Verdana, sans-serif;
background-color: #336699;
color: white;
padding: .35em;
margin-left: 7em;
margin-top: .67em;
_margin-top: 0.5em;
font-weight: bold;
font-size: 100%;
margin-bottom: 0;
}

h1 {
clear: left;
font-size: 110%;
font-family: Verdana, sans-serif;
}


body.denied {
background-color: black;
color: white;
}

body.denied h1 {
color: red;
}

body.denied a {
color: green;
}

body.denied #footer, body.denied #diags {
color: black;
}

#searchme:focus {
background-color: #ffa;
}

.errurl {
letter-spacing: 0;
margin: 0 1em;
padding: 0.25em;
background-color: #fff0f0;
color: #c00;
font-family: ""Courier New"", Courier, monospace;
font-size: 90%;
_font-size: 80%;
}

body.denied .errurl {
background-color: black;
color: yellow;
}

span.x {
display: none;
}

</style>

</head>
<body class='denied'>



<div id='header'>
<a href=""#mainContent"" title=""Skip to main content"" />
<p class=""ncbi""><a href=""http://www.ncbi.nlm.nih.gov"">NCBI</a></p>
<p class=""message"">Error</p>
</div>

<div id='mainContent'>


<h1 class=""error"">Access Denied</h1>


<p>
Your access to the NCBI website at <b>www.ncbi.nlm.nih.gov</b> has been
temporarily blocked due to a possible misuse/abuse situation
involving your site. This is not an indication of a security issue
such as a virus or attack. It could be something as simple as a run
away script or learning how to better use E-utilities,
<a href=""http://www.ncbi.nlm.nih.gov/books/NBK25497/"">http://www.ncbi.nlm.nih.gov/books/NBK25497/</a>,
for more efficient work such that your work does not impact the ability of other researchers
to also use our site.
To restore access and understand how to better interact with our site
to avoid this in the future, please have your system administrator
contact 
<a href=""mailto:info@ncbi.nlm.nih.gov?subject=NCBI Web site BLOCKED: 14.186.125.174&amp;body=%3E%20Error%3Dblocked for possible abuse%0D%3E%20Server%3Dmisuse.ncbi.nlm.nih.gov%0D%3E%20Client%3D14.186.125.174%0D%3E%20Time%3DWednesday, 23-Sep-2026 08:29:03 EDT  %0D%0DPlease%20enter%20comments%20below:%0D%0D"">info@ncbi.nlm.nih.gov</a>.
</p>

</div>

<dl id='diags'>

<dt>Error</dt><dd>blocked for possible abuse </dd>
<dt>Server</dt><dd>misuse.ncbi.nlm.nih.gov</dd>
<dt>Client</dt><dd>14.186.125.174</dd>
<dt>Time</dt><dd>Wednesday, 23-Sep-2026 08:29:03 EDT</dd>

</dl>
 

<p id='footer'>
<a href=""https://www.hhs.gov/vulnerability-disclosure-policy/index.html"">HHS Vulnerability Disclosure</a><br>
<span id='rev'>Rev. 05/18/15</span>
</p>

</body>
</html>",Pulmonary embolism
CID100002806,clopidogrel,"<!DOCTYPE html PUBLIC ""-//W3C//DTD XHTML 1.1//EN"" ""http://www.w3.org/TR/xhtml11/DTD/xhtml11.dtd""> 
<html>
<head>
<title>NCBI - WWW Error Blocked Diagnostic</title>
<meta http-equiv=""Content-Type"" content=""text/html; charset=utf-8"" />
<meta http-equiv=""pragma"" content=""no-cache"" />
<meta http-equiv=""cache-control"" content=""no-cache"" />
<meta name=""robots"" content=""noarchive,none"" />

<style type=""text/css"">
body {
min-width: 950px;
_width: 950px;
}
h1.error {color: red; font-size: 40pt}

#mainContent {
padding: 1em 2em;
}

dl#diags {
padding: 0.5em 0.5em 1.5em 0.5em;
padding-left: 2em;
border: solid 1px #888;
border-left: none;
border-right: none;
margin-bottom:0;
background-color:#eeeeee;
color:#666;
font-size: 80%;
_font-size: 70%;
font-family: Verdana, sans-serif;
}

dl#diags dt {
float: left;
font-weight: bold;
width: auto;
}

dl#diags dd {
margin-left:1em;
float: left;
margin-right: 2em;
}

#footer span {
float: left;
color: #888;
font-size: 80%;
}

#footer {
text-align: right;
padding: 0 0.5em;
clear: left;
}

#footer img {
border: none;
}

.ncbi {
margin: 0;
padding:0;
font-size:240%;
font-weight: bold;
font-family: Times, serif;
color: #336699;
float: left;
display: inline;
}

.ncbi a {
text-decoration: none;
color: #336699;
}

.ncbi a:visited {
text-decoration: none;
color: #336699;
}

.ncbi a:hover {
text-decoration: underline;
}

.message {
font-family: Verdana, sans-serif;
background-color: #336699;
color: white;
padding: .35em;
margin-left: 7em;
margin-top: .67em;
_margin-top: 0.5em;
font-weight: bold;
font-size: 100%;
margin-bottom: 0;
}

h1 {
clear: left;
font-size: 110%;
font-family: Verdana, sans-serif;
}


body.denied {
background-color: black;
color: white;
}

body.denied h1 {
color: red;
}

body.denied a {
color: green;
}

body.denied #footer, body.denied #diags {
color: black;
}

#searchme:focus {
background-color: #ffa;
}

.errurl {
letter-spacing: 0;
margin: 0 1em;
padding: 0.25em;
background-color: #fff0f0;
color: #c00;
font-family: ""Courier New"", Courier, monospace;
font-size: 90%;
_font-size: 80%;
}

body.denied .errurl {
background-color: black;
color: yellow;
}

span.x {
display: none;
}

</style>

</head>
<body class='denied'>



<div id='header'>
<a href=""#mainContent"" title=""Skip to main content"" />
<p class=""ncbi""><a href=""http://www.ncbi.nlm.nih.gov"">NCBI</a></p>
<p class=""message"">Error</p>
</div>

<div id='mainContent'>


<h1 class=""error"">Access Denied</h1>


<p>
Your access to the NCBI website at <b>www.ncbi.nlm.nih.gov</b> has been
temporarily blocked due to a possible misuse/abuse situation
involving your site. This is not an indication of a security issue
such as a virus or attack. It could be something as simple as a run
away script or learning how to better use E-utilities,
<a href=""http://www.ncbi.nlm.nih.gov/books/NBK25497/"">http://www.ncbi.nlm.nih.gov/books/NBK25497/</a>,
for more efficient work such that your work does not impact the ability of other researchers
to also use our site.
To restore access and understand how to better interact with our site
to avoid this in the future, please have your system administrator
contact 
<a href=""mailto:info@ncbi.nlm.nih.gov?subject=NCBI Web site BLOCKED: 14.186.125.174&amp;body=%3E%20Error%3Dblocked for possible abuse%0D%3E%20Server%3Dmisuse.ncbi.nlm.nih.gov%0D%3E%20Client%3D14.186.125.174%0D%3E%20Time%3DWednesday, 23-Sep-2026 08:29:07 EDT  %0D%0DPlease%20enter%20comments%20below:%0D%0D"">info@ncbi.nlm.nih.gov</a>.
</p>

</div>

<dl id='diags'>

<dt>Error</dt><dd>blocked for possible abuse </dd>
<dt>Server</dt><dd>misuse.ncbi.nlm.nih.gov</dd>
<dt>Client</dt><dd>14.186.125.174</dd>
<dt>Time</dt><dd>Wednesday, 23-Sep-2026 08:29:07 EDT</dd>

</dl>
 

<p id='footer'>
<a href=""https://www.hhs.gov/vulnerability-disclosure-policy/index.html"">HHS Vulnerability Disclosure</a><br>
<span id='rev'>Rev. 05/18/15</span>
</p>

</body>
</html>",Interstitial pneumonia; Pulmonary embolism; Pulmonary oedema
CID100002818,clozapine,"<!DOCTYPE html PUBLIC ""-//W3C//DTD XHTML 1.1//EN"" ""http://www.w3.org/TR/xhtml11/DTD/xhtml11.dtd""> 
<html>
<head>
<title>NCBI - WWW Error Blocked Diagnostic</title>
<meta http-equiv=""Content-Type"" content=""text/html; charset=utf-8"" />
<meta http-equiv=""pragma"" content=""no-cache"" />
<meta http-equiv=""cache-control"" content=""no-cache"" />
<meta name=""robots"" content=""noarchive,none"" />

<style type=""text/css"">
body {
min-width: 950px;
_width: 950px;
}
h1.error {color: red; font-size: 40pt}

#mainContent {
padding: 1em 2em;
}

dl#diags {
padding: 0.5em 0.5em 1.5em 0.5em;
padding-left: 2em;
border: solid 1px #888;
border-left: none;
border-right: none;
margin-bottom:0;
background-color:#eeeeee;
color:#666;
font-size: 80%;
_font-size: 70%;
font-family: Verdana, sans-serif;
}

dl#diags dt {
float: left;
font-weight: bold;
width: auto;
}

dl#diags dd {
margin-left:1em;
float: left;
margin-right: 2em;
}

#footer span {
float: left;
color: #888;
font-size: 80%;
}

#footer {
text-align: right;
padding: 0 0.5em;
clear: left;
}

#footer img {
border: none;
}

.ncbi {
margin: 0;
padding:0;
font-size:240%;
font-weight: bold;
font-family: Times, serif;
color: #336699;
float: left;
display: inline;
}

.ncbi a {
text-decoration: none;
color: #336699;
}

.ncbi a:visited {
text-decoration: none;
color: #336699;
}

.ncbi a:hover {
text-decoration: underline;
}

.message {
font-family: Verdana, sans-serif;
background-color: #336699;
color: white;
padding: .35em;
margin-left: 7em;
margin-top: .67em;
_margin-top: 0.5em;
font-weight: bold;
font-size: 100%;
margin-bottom: 0;
}

h1 {
clear: left;
font-size: 110%;
font-family: Verdana, sans-serif;
}


body.denied {
background-color: black;
color: white;
}

body.denied h1 {
color: red;
}

body.denied a {
color: green;
}

body.denied #footer, body.denied #diags {
color: black;
}

#searchme:focus {
background-color: #ffa;
}

.errurl {
letter-spacing: 0;
margin: 0 1em;
padding: 0.25em;
background-color: #fff0f0;
color: #c00;
font-family: ""Courier New"", Courier, monospace;
font-size: 90%;
_font-size: 80%;
}

body.denied .errurl {
background-color: black;
color: yellow;
}

span.x {
display: none;
}

</style>

</head>
<body class='denied'>



<div id='header'>
<a href=""#mainContent"" title=""Skip to main content"" />
<p class=""ncbi""><a href=""http://www.ncbi.nlm.nih.gov"">NCBI</a></p>
<p class=""message"">Error</p>
</div>

<div id='mainContent'>


<h1 class=""error"">Access Denied</h1>


<p>
Your access to the NCBI website at <b>www.ncbi.nlm.nih.gov</b> has been
temporarily blocked due to a possible misuse/abuse situation
involving your site. This is not an indication of a security issue
such as a virus or attack. It could be something as simple as a run
away script or learning how to better use E-utilities,
<a href=""http://www.ncbi.nlm.nih.gov/books/NBK25497/"">http://www.ncbi.nlm.nih.gov/books/NBK25497/</a>,
for more efficient work such that your work does not impact the ability of other researchers
to also use our site.
To restore access and understand how to better interact with our site
to avoid this in the future, please have your system administrator
contact 
<a href=""mailto:info@ncbi.nlm.nih.gov?subject=NCBI Web site BLOCKED: 14.186.125.174&amp;body=%3E%20Error%3Dblocked for possible abuse%0D%3E%20Server%3Dmisuse.ncbi.nlm.nih.gov%0D%3E%20Client%3D14.186.125.174%0D%3E%20Time%3DWednesday, 23-Sep-2026 08:29:10 EDT  %0D%0DPlease%20enter%20comments%20below:%0D%0D"">info@ncbi.nlm.nih.gov</a>.
</p>

</div>

<dl id='diags'>

<dt>Error</dt><dd>blocked for possible abuse </dd>
<dt>Server</dt><dd>misuse.ncbi.nlm.nih.gov</dd>
<dt>Client</dt><dd>14.186.125.174</dd>
<dt>Time</dt><dd>Wednesday, 23-Sep-2026 08:29:10 EDT</dd>

</dl>
 

<p id='footer'>
<a href=""https://www.hhs.gov/vulnerability-disclosure-policy/index.html"">HHS Vulnerability Disclosure</a><br>
<span id='rev'>Rev. 05/18/15</span>
</p>

</body>
</html>",Pleural effusion; Pulmonary embolism
CID100002891,cyanocobalamin,NA,Pulmonary oedema
CID100002907,cyclophosphamide,NA,Interstitial pneumonia; Pleural effusion; Pulmonary embolism; Pulmonary oedema
CID100002914,cyproterone,NA,Pulmonary embolism
CID100002949,danazol,NA,Interstitial pneumonia
CID100002951,dantrolene,NA,Pleural effusion; Pulmonary oedema
CID100002972,deferiprone,CCC(C1=CC(=C(C=C1)C)C)NC(=O)C(C)SCC2=CC=CC=C2,Pulmonary embolism
CID100003003,dexamethasone,COCC1(C(C1S(=O)(=O)C)C2=CC=C(C=C2)OC)CN,Pulmonary oedema
CID100003108,dipyridamole,CC(C(=O)N(C)CC1=NC(=NO1)C2=CC=C(C=C2)Cl)SCC3=CC=CC=C3,Pulmonary oedema
CID100003121,valproate,CC(C)C1=CC=C(C=C1)CCCNC(=O)C(C)SCC2=CC=CC=C2,Pleural effusion
CID100003143,docetaxel,CC1=CC2=C(C(CC(=O)O2)C3=COC4=CC=CC=C4C3=O)C(=O)O1,Interstitial pneumonia; Pleural effusion; Pulmonary embolism; Pulmonary oedema
CID100003154,dorzolamide,COC1=CC(=C(C=C1)C2=NOC(=N2)CNC(=O)C3=CC=C(C=C3)CN4CCOCC4)OC,Pulmonary oedema
CID100003199,trabectedin,C1CC(CN(C1)C(=O)COCC(C(F)F)(F)F)C(=O)C2=CC=CC=N2,Pulmonary embolism; Pulmonary oedema
CID100003222,CAS,COC(=O)CC(C1=CC2=C(C=C1)OCO2)C3=CC4=C(C=C3O)OCO4,Pulmonary embolism; Pulmonary oedema
CID100003250,ergonovine,C1=CC=C(C=C1)SCCC(=O)NCCCC2=CC=CC=C2Cl,Pulmonary oedema
CID100003263,estradiol,CCOC1=C(C=CC(=C1)C(CC(=O)OC)C2=C(C(=O)C=C(O2)CN3CC4CC(C3)C5=CC=CC(=O)N5C4)O)O,Pulmonary embolism
CID100003267,estradiol,CCOC(=O)C1(C(C1S(=O)(=O)CC)C2=CC=C(C=C2)OC)C#N,Pulmonary embolism
CID100003269,estriol,CCOC(=O)C1(C(C1S(=O)(=O)CC)C2=CC=C(C=C2)OC)C#N,Pulmonary embolism
CID100003310,etoposide,C1CC(OC1)CN(CC2=CC=CC=N2)C(=O)C3=CC=CC(=C3)C4=CC=CO4,Interstitial pneumonia
CID100003325,famotidine,CC1CCN(CC1)C2=CC=C(C=C2)C(C)NC(=O)CCSC3=CC=CC=C3,Interstitial pneumonia
CID100003331,felbamate,CC1CCCN(C1)C2=CC=C(C=C2)C(C)NC(=O)CCSC3=CC=CC=C3,Pleural effusion
CID100003339,fenofibrate,CC1=CC2=C(C=C1)OC(CC2NC(=O)CCSC3=CC=CC=C3)(C)C,Pulmonary embolism
CID100003342,fenoprofen,NA,Pulmonary oedema
CID100003345,fentanyl,NA,Pleural effusion; Pulmonary embolism
CID100003355,flecainide,NA,Pulmonary oedema
CID100003385,5-FU,NA,Pulmonary oedema
CID100003386,fluoxetine,NA,Pleural effusion; Pulmonary embolism; Pulmonary oedema
CID100003388,fluphenazine,NA,Pulmonary embolism
CID100003394,flurbiprofen,NA,Pulmonary embolism
CID100003397,flutamide,NA,Pulmonary embolism
CID100003419,fosinopril,NA,Pulmonary oedema
CID100003425,Romidepsin,NA,Pulmonary embolism
CID100003446,gabapentin,NA,Pulmonary embolism; Pulmonary oedema
CID100003454,ganciclovir,NA,Pleural effusion
CID100003461,gemcitabine,NA,Interstitial pneumonia; Pleural effusion; Pulmonary oedema
CID100003517,icodextrin,COC1=CC=C(C=C1)CCCNC(=O)CCSC2=CC=C(C=C2)Cl,Pulmonary oedema
CID100003639,hydrochlorothiazide,NA,Pulmonary oedema
CID100003640,cortisol,NA,Pulmonary oedema
CID100003648,hydromorphone,NA,Pulmonary oedema
CID100003657,hydroxyurea,NA,Pulmonary oedema
CID100003661,atropine,NA,Pulmonary oedema
CID100003690,ifosfamide,NA,Interstitial pneumonia; Pleural effusion; Pulmonary embolism; Pulmonary oedema
CID100003715,indomethacin,NA,Pulmonary oedema
CID100003724,iodixanol,NA,Pulmonary oedema
CID100003730,iohexol,NA,Pulmonary oedema
CID100003734,iopamidol,NA,Pulmonary oedema
CID100003736,iopromide,NA,Pleural effusion; Pulmonary oedema
CID100003737,sodium,NA,Pulmonary oedema
CID100003741,ioversol,NA,Pulmonary oedema
CID100003742,ioxaglate,NA,Pulmonary oedema
CID100003749,irbesartan,NA,Pulmonary oedema
CID100003750,irinotecan,NA,Pulmonary embolism
CID100003779,isoproterenol,NA,Pulmonary oedema
CID100003783,isoxsuprine,NA,Pulmonary oedema
CID100003793,itraconazole,NA,Pulmonary oedema
CID100003826,ketorolac,NA,Pulmonary oedema
CID100003883,lansoprazole,NA,Interstitial pneumonia
CID100003899,leflunomide,NA,Interstitial pneumonia
CID100003902,letrozole,NA,Pleural effusion; Pulmonary embolism
CID100003911,Leuprorelin,NA,Pulmonary embolism
CID100003937,Lisinopril,NA,Pleural effusion; Pulmonary embolism; Pulmonary oedema
CID100003938,lisuride,NA,Pleural effusion
CID100003948,lomefloxacin,NA,Pulmonary embolism; Pulmonary oedema
CID100003958,lorazepam,NA,Pulmonary oedema
CID100003961,losartan,NA,Pulmonary oedema
CID100004011,maprotiline,NA,Interstitial pneumonia
CID100004032,mecamylamine,NA,Pulmonary oedema
CID100004042,medroxyprogesterone,NA,Pulmonary embolism
CID100004048,megestrol,NA,Pulmonary embolism
CID100004053,melphalan,NA,Interstitial pneumonia
CID100004054,memantine,NA,Pulmonary embolism; Pulmonary oedema
CID100004075,5-ASA,NA,Interstitial pneumonia; Pleural effusion
CID100004095,methadone,NA,Pulmonary oedema
CID100004112,methotrexate,NA,Interstitial pneumonia; Pleural effusion; Pulmonary embolism; Pulmonary oedema
CID100004121,methyclothiazide,NA,Pulmonary oedema
CID100004159,methylprednisolone,NA,Pulmonary oedema
CID100004163,methysergide,NA,Pleural effusion
CID100004201,minoxidil,NA,Pleural effusion
CID100004205,mirtazapine,NA,Pulmonary embolism; Pulmonary oedema
CID100004212,mitoxantrone,NA,Interstitial pneumonia
CID100004253,morphine,NA,Pulmonary embolism; Pulmonary oedema
CID100004259,moxifloxacin,NA,Pleural effusion
CID100004271,mycophenolate,NA,Interstitial pneumonia; Pleural effusion; Pulmonary embolism; Pulmonary oedema
CID100004272,mycophenolic,NA,Pleural effusion; Pulmonary oedema
CID100004409,nabumetone,NA,Interstitial pneumonia
CID100004411,nadolol,NA,Pulmonary oedema
CID100004419,nalbuphine,NA,Pulmonary oedema
CID100004425,naloxone,NA,Pulmonary oedema
CID100004428,naltrexone,NA,Pulmonary embolism
CID100004485,nifedipine,NA,Pulmonary oedema
CID100004493,nilutamide,NA,Interstitial pneumonia
CID100004499,nisoldipine,NA,Pleural effusion
CID100004509,nitrofurantoin,NA,Interstitial pneumonia; Pleural effusion
CID100004536,norethisterone,NA,Pulmonary embolism
CID100004583,ofloxacin,NA,Interstitial pneumonia; Pleural effusion; Pulmonary embolism; Pulmonary oedema
CID100004585,olanzapine,NA,Pulmonary embolism; Pulmonary oedema
CID100004666,paclitaxel,NA,Interstitial pneumonia; Pleural effusion; Pulmonary embolism
CID100004673,pamidronate,NA,Interstitial pneumonia; Pleural effusion; Pulmonary oedema
CID100004691,paroxetine,NA,Pulmonary embolism; Pulmonary oedema
CID100004727,D-penicillamine,NA,Interstitial pneumonia
CID100004735,pentamidine,NA,Interstitial pneumonia
CID100004739,pentostatin,NA,Pulmonary embolism
CID100004745,pergolide,NA,Pleural effusion; Pulmonary embolism; Pulmonary oedema
CID100004747,propericiazine,NA,Pulmonary embolism
CID100004782,phenylephrine,NA,Pulmonary oedema
CID100004819,pilocarpine,NA,Pulmonary oedema
CID100004829,pioglitazone,NA,Pulmonary oedema
CID100004885,pramipexole,NA,Pulmonary embolism; Pulmonary oedema
CID100004894,prednisolone,NA,Pulmonary oedema
CID100004895,prednisolone,NA,Pulmonary oedema
CID100004900,prednisone,NA,Pulmonary oedema
CID100004913,procainamide,NA,Pleural effusion
CID100004915,procarbazine,NA,Pleural effusion
CID100004917,prochlorperazine,NA,Pulmonary embolism
CID100004920,progesterone,NA,Pulmonary embolism
CID100004932,propafenone,NA,Pleural effusion
CID100004943,propofol,NA,Pulmonary oedema
CID100004991,pyridostigmine,NA,Pulmonary oedema
CID100005002,quetiapine,NA,Pulmonary embolism
CID100005029,rabeprazole,NA,Interstitial pneumonia; Pulmonary embolism
CID100005035,raloxifene,NA,Pulmonary embolism
CID100005040,rapamycin,NA,Pleural effusion; Pulmonary embolism; Pulmonary oedema
CID100005064,ribavirin,NA,Interstitial pneumonia; Pulmonary embolism; Pulmonary oedema
CID100005070,riluzole,NA,Pleural effusion; Pulmonary embolism; Pulmonary oedema
CID100005073,risperidone,NA,Pulmonary embolism; Pulmonary oedema
CID100005076,ritonavir,NA,Interstitial pneumonia
CID100005077,rivastigmine,NA,Pleural effusion; Pulmonary embolism; Pulmonary oedema
CID100005090,rofecoxib,NA,Pulmonary embolism; Pulmonary oedema
CID100005095,ropinirole,NA,Pulmonary embolism; Pulmonary oedema
CID100005195,deprenyl,NA,Pleural effusion; Pulmonary oedema
CID100005248,sodium,CN1C(=CC=N1)C(CC(=O)OC)C2=C(C3=CC=CC=C3OC2=O)O,Pulmonary embolism
CID100005253,sotalol,CCOCC1(C(C1S(=O)(=O)C)C2=CC3=C(C=C2)OCO3)CN,Pulmonary oedema
CID100005257,sparfloxacin,CCOCC1(C(C1S(=O)(=O)C)C2=CC3=C(C=C2)OCO3)CN,Interstitial pneumonia; Pulmonary oedema
CID100005291,imatinib,CCOC1=C(C=C(C=C1)CNC(=O)C(C)SC2=CC=C(C=C2)C)OCC,Interstitial pneumonia; Pleural effusion; Pulmonary oedema
CID100005311,vorinostat,CS(=O)(=O)C1C(C1C2=CC3=C(C=C2)OCO3)CO,Pulmonary embolism
CID100005314,succinylcholine,CC1=CC=C(C=C1)SC(C)C(=O)NCCCC2=CC=CC=C2Cl,Pulmonary oedema
CID100005352,sulindac,CC1=CC=C(C=C1)SC(C)C(=O)NC(C)COC2=CC=C(C=C2)OC,Pleural effusion
CID100005358,sumatriptan,CC1=CC=C(C=C1)SC(C)C(=O)NC2=CC=CC=C2C(=O)C3=CC=CC=C3,Pulmonary embolism
CID100005372,tacrolimus,CC(C(=O)OC)NC(=O)C(C)(C)OC1=CC=C(C=C1)C2CC2(Cl)Cl,Pleural effusion; Pulmonary oedema
CID100005376,tamoxifen,CC1=CC=C(C=C1)SC(C)C(=O)NCCCC2=CC=C(C=C2)OC(C)C,Interstitial pneumonia; Pulmonary embolism
CID100005394,temozolomide,CCOC1=CC=C(C=C1)CCCNC(=O)C(C)SC2=CC=C(C=C2)C,Interstitial pneumonia; Pulmonary embolism
CID100005408,testosterone,NA,Pulmonary embolism
CID100005426,thalidomide,CC(C)C(CO)NC(=O)C1CC(=O)N(C1)CC2=CC=CC=C2,Pleural effusion; Pulmonary embolism; Pulmonary oedema
CID100005453,thiotepa,CC1=CC=C(C=C1)SC(C)C(=O)NC2CC(OC3=C2C=C(C=C3)C)(C)C,Pulmonary oedema
CID100005470,tibolone,CCC1=C(N(N=C1C)CC(=O)NCC2CCCN(C2)C3=CC=CC=N3)C,Pulmonary embolism
CID100005478,timolol,NA,Pulmonary oedema
CID100005487,tizanidine,NA,Pulmonary embolism; Pulmonary oedema
CID100005514,topiramate,NA,Pulmonary embolism
CID100005515,topotecan,CCS(=O)(=O)C1C(C1(COC)C#N)C2=CC3=C(C=C2)OCO3,Pleural effusion; Pulmonary embolism
CID100005516,toremifene,NA,Pulmonary embolism
CID100005523,tramadol,NA,Pulmonary embolism; Pulmonary oedema
CID100005526,tranexamic,NA,Pulmonary embolism; Pulmonary oedema
CID100005538,retinoic,NA,Pleural effusion; Pulmonary oedema
CID100005544,triamcinolone,NA,Pulmonary oedema
CID100005645,UDCA,CC1=CC=C(C=C1)SC(C)C(=O)NCCCC2=CC=C(C=C2)C(C)C,Interstitial pneumonia; Pleural effusion
CID100005656,venlafaxine,NA,Pulmonary embolism
CID100005665,vigabatrin,NA,Pulmonary embolism
CID100005672,vinorelbine,NA,Pulmonary embolism; Pulmonary oedema
CID100005719,zaleplon,NA,Pleural effusion; Pulmonary embolism
CID100005731,zolmitriptan,NA,Pulmonary oedema
CID100005732,zolpidem,NA,Pulmonary embolism; Pulmonary oedema
CID100005734,zonisamide,NA,Pulmonary embolism
CID100005746,mitomycin,NA,Pulmonary oedema
CID100005771,oxytocin,NA,Pulmonary oedema
CID100006238,17-hydroxyprogesterone,NA,Pulmonary embolism
CID100006436,triamcinolone,NA,Pulmonary oedema
CID100010631,medroxyprogesterone,NA,Pulmonary embolism
CID100014888,arsenic,NA,Pleural effusion
CID100015232,benzathine,NA,Pulmonary embolism
CID100016850,fluorescein,NA,Pulmonary oedema
CID100016886,5-aza-2'-deoxycytidine,NA,Pleural effusion; Pulmonary embolism; Pulmonary oedema
CID100019090,megestrol,NA,Pulmonary embolism
CID100022318,gold,NA,Interstitial pneumonia
CID100023703,ogen,NA,Pulmonary embolism
CID100023925,Fe(III,NA,Pulmonary oedema
CID100023982,gadolinium,NA,Pulmonary oedema
CID100027993,conjugated,NA,Pulmonary embolism
CID100034312,oxcarbazepine,NA,Pulmonary oedema
CID100037392,halofantrine,NA,Pulmonary oedema
CID100042615,Supremon,NA,Pulmonary embolism
CID100042955,misoprostol,NA,Pulmonary embolism
CID100047725,Goserelin,NA,Pulmonary embolism
CID100054547,cefpodoxime,NA,Pleural effusion
CID100054688,clarithromycin,NA,Pulmonary embolism
CID100054786,treprostinil,NA,Pulmonary embolism
CID100055466,Gd-DTPA,NA,Pulmonary oedema
CID100056338,fosphenytoin,NA,Pulmonary embolism
CID100057166,Photofrin,NA,Pleural effusion; Pulmonary embolism; Pulmonary oedema
CID100057469,imiquimod,NA,Pulmonary oedema
CID100059768,esmolol,NA,Pleural effusion; Pulmonary oedema
CID100060198,exemestane,NA,Pulmonary embolism
CID100060612,dexmedetomidine,NA,Pleural effusion; Pulmonary oedema
CID100060668,etoposide,NA,Interstitial pneumonia
CID100060706,meropenem,NA,Pleural effusion; Pulmonary embolism; Pulmonary oedema
CID100060795,aripiprazole,NA,Pulmonary embolism; Pulmonary oedema
CID100060814,remifentanil,NA,Pleural effusion; Pulmonary oedema
CID100060843,pemetrexed,NA,Interstitial pneumonia; Pulmonary embolism
CID100060852,ibandronate,NA,Pulmonary oedema
CID100060853,ziprasidone,NA,Pulmonary embolism
CID100060953,capecitabine,NA,Pleural effusion; Pulmonary embolism
CID100064147,valganciclovir,NA,Pleural effusion
CID100064778,Meropenem,NA,Pleural effusion; Pulmonary embolism; Pulmonary oedema
CID100065370,Glat,NA,Pleural effusion; Pulmonary embolism
CID100068613,atosiban,NA,Pulmonary oedema
CID100068740,zoledronic,NA,Pleural effusion
CID100071158,acamprosate,NA,Pulmonary embolism
CID100071273,ropivacaine,NA,Pleural effusion; Pulmonary embolism
CID100071301,nebivolol,NA,Pulmonary oedema
CID100071436,Lutalyse,C1=CC=C(C=C1)C2=NC=C(S2)COC(=O)C=CC3=CC=NC=C3,Pulmonary embolism
CID100071616,voriconazole,NA,Pleural effusion; Pulmonary embolism; Pulmonary oedema
CID100072081,Terlipressin,NA,Pulmonary oedema
CID100073303,doripenem,NA,Interstitial pneumonia
CID100077996,paricalcitol,NA,Pulmonary oedema
CID100077998,rosiglitazone,NA,Pleural effusion; Pulmonary oedema
CID100082146,bexarotene,NA,Pleural effusion; Pulmonary oedema
CID100083030,Ge-132,NA,Pulmonary oedema
CID100084003,ketorolac,NA,Pulmonary embolism; Pulmonary oedema
CID100093860,bortezomib,NA,Pleural effusion; Pulmonary embolism; Pulmonary oedema
CID100096312,nelarabine,NA,Pleural effusion
CID100104865,bosentan,NA,Pulmonary oedema
CID100105145,68Ga,NA,Pleural effusion
CID100115237,paliperidone,NA,Pulmonary embolism
CID100119182,clofarabine,NA,Pleural effusion; Pulmonary oedema
CID100119607,valdecoxib,NA,Pleural effusion; Pulmonary embolism; Pulmonary oedema
CID100119828,parecoxib,NA,Pulmonary embolism
CID100122316,rasagiline,NA,Interstitial pneumonia; Pleural effusion
CID100123015,SU5416,NA,Pulmonary embolism
CID100123623,Cancidas,NA,Pleural effusion; Pulmonary oedema
CID100123631,gefitinib,NA,Interstitial pneumonia; Pleural effusion
CID100123634,Trisequens,NA,Pulmonary embolism
CID100125889,pregabalin,NA,Pleural effusion; Pulmonary embolism; Pulmonary oedema
CID100134019,pixantrone,NA,Pleural effusion
CID100134780,pomalidomide,NA,Pulmonary embolism
CID100147912,posaconazole,NA,Interstitial pneumonia; Pulmonary embolism
CID100148191,temsirolimus,NA,Interstitial pneumonia; Pleural effusion; Pulmonary embolism
CID100150310,eplerenone,NA,Pulmonary oedema
CID100150610,ertapenem,NA,Pleural effusion; Pulmonary embolism
CID100151165,aprepitant,NA,Pulmonary embolism
CID100154256,bazedoxifene,NA,Pulmonary embolism
CID100156326,asenapine,NA,Pulmonary embolism
CID100157429,gadopentetate,NA,Pulmonary oedema
CID100157688,vinflunine,NA,Pulmonary embolism; Pulmonary oedema
CID100158786,pegaptanib,NA,Pleural effusion
CID100166548,Anidulafungin,NA,Pleural effusion
CID100170361,varenicline,NA,Pulmonary embolism
CID100176870,erlotinib,NA,Interstitial pneumonia
CID100197281,gadobenate,NA,Pulmonary embolism; Pulmonary oedema
CID100197712,ambrisentan,NA,Pleural effusion; Pulmonary oedema
CID100206527,L-Dmp,NA,Pulmonary embolism; Pulmonary oedema
CID100213046,lurasidone,NA,Pulmonary embolism
CID100216235,sitaxsentan,NA,Pleural effusion; Pulmonary embolism
CID100216237,tolvaptan,NA,Pulmonary embolism
CID100216239,sorafenib,NA,Interstitial pneumonia; Pleural effusion
CID100216326,lenalidomide,NA,Interstitial pneumonia; Pleural effusion; Pulmonary embolism; Pulmonary oedema
CID100216416,lasofoxifene,NA,Pulmonary embolism
CID100441332,carboprost,NA,Pulmonary oedema
CID100443379,CAS,NA,Pulmonary embolism; Pulmonary oedema
CID100444006,cefditoren,NA,Interstitial pneumonia
CID100477468,FK463,NA,Pulmonary embolism
CID100644241,nilotinib,NA,Pleural effusion; Pulmonary oedema
CID100657298,propylthiouracil,NA,Interstitial pneumonia
CID103062316,dasatinib,NA,Pleural effusion; Pulmonary embolism; Pulmonary oedema
CID103080904,Estrofem,NA,Pulmonary embolism
CID103081884,copolymer,NA,Pleural effusion; Pulmonary embolism
CID103086257,Photofrin,NA,Pleural effusion
CID103086685,axitinib,NA,Pulmonary embolism
CID103086686,sunitinib,NA,Pleural effusion; Pulmonary embolism; Pulmonary oedema
CID104474778,2-hydroxysuccinaldehyde,NA,Pulmonary embolism
CID104479097,hydroxocobalamin,NA,Pleural effusion; Pulmonary oedema
CID104659569,tolcapone,NA,Pulmonary embolism; Pulmonary oedema
CID105327147,polyoxyethylene,NA,Pulmonary oedema
CID105328940,bosutinib,NA,Pleural effusion; Pulmonary oedema
CID105359596,arsenic,NA,Pleural effusion; Pulmonary oedema
CID105362070,balsalazide,NA,Pleural effusion
CID105479141,CGP,NA,Pleural effusion
CID106323497,rifapentine,NA,Pleural effusion
CID106331630,eribulin,CCC(C)(CC)NS(=O)(=O)C1=CC(=CC(=C1Cl)CO)Cl,Pulmonary embolism
CID106333887,auranofin,NA,Interstitial pneumonia
CID106398970,cefdinir,NA,Interstitial pneumonia
CID106442177,everolimus,NA,Pleural effusion; Pulmonary embolism; Pulmonary oedema
CID106445540,ixabepilone,NA,Pulmonary oedema
CID106850791,leuprorelin,NA,Pleural effusion; Pulmonary embolism
CID109812414,dalteparin,NA,Pulmonary embolism
CID109815559,trans,NA,Pulmonary embolism; Pulmonary oedema
CID109831761,irbesartan-hydrochlorothiazide,NA,Pulmonary oedema
CID109940864,Benicar-HCT,NA,Pulmonary oedema
CID110113978,pazopanib,NA,Pulmonary embolism
CID110324367,boceprevir,NA,Pulmonary embolism
CID111254352,sodium,NA,Pulmonary oedema
CID111505907,Zyprexa,NA,Pulmonary embolism
CID111597571,crizotinib,NA,Pulmonary embolism
CID116129629,LY146032,NA,Pleural effusion
CID116129672,Insulin,NA,Pleural effusion
CID116129704,Bivalirudin,NA,Pleural effusion; Pulmonary oedema
CID116130295,BPTI,NA,Pleural effusion; Pulmonary embolism; Pulmonary oedema
CID116132441,Refludan,NA,Pulmonary embolism
CID116137271,insulin,NA,Pulmonary oedema
CID124826799,ponatinib,NA,Pleural effusion; Pulmonary embolism
CID124846132,hetastarch,NA,Pulmonary oedema
CID125077405,Nafarelin,NA,Interstitial pneumonia; Pleural effusion; Pulmonary embolism
CID125102847,cabozantinib,NA,Pulmonary embolism
CID144564722,Promacta,NA,Pulmonary embolism
CID154681041,tigecycline,NA,Pleural effusion
CID156603655,pegaptanib,NA,Pleural effusion
CID170683024,x,NA,Interstitial pneumonia; Pulmonary oedema
CID171306834,K779,NA,Pleural effusion; Pulmonary embolism; Pulmonary oedema
