smiles,Drug_Name,Pattern,PubChem_ID,Source,norm
Nc1nc(NC2CC2)c2ncn(C3C=CC(CO)C3)c2n1,Abacavir,"I.a
                
I - Interstitial/parenchymal lung disease

                    I.a - Pneumonitis (ILD), acute and/or severe (may cause ARDS)                


                  I.f
                
I - Interstitial/parenchymal lung disease

                    I.f - Acute fibrinous organizing pneumonia (AFOP)                


                  II.a
                
II - Pulmonary edema - Acute lung injury - ARDS

                    II.a - Pulmonary edema, noncardiogenic (NCPE)                


                  II.b
                
II - Pulmonary edema - Acute lung injury - ARDS

                    II.b - ARDS - Acute lung injury                


                  IV.d
                
IV - Airway involvement

                    IV.d - Cough (lone)                


                  X.a
                
X - Systemic/Distant conditions, syndromes and reactions

                    X.a - DRES syndrome - DRESS-like reaction                


                  X.f
                
X - Systemic/Distant conditions, syndromes and reactions

                    X.f - Anaphylaxis-Anaphylactoid reaction (can be fatal)                


                  XV.d
                
XV - Pathology

                    XV.d - Path: Acute fibrinous organizing pneumonia (AFOP-pattern) (see also If)",441300,Both,abacavir
CCN1CCN(Cc2ccc(Nc3ncc(F)c(-c4cc(F)c5nc(C)n(C(C)C)c5c4)n3)nc2)CC1,Abemaciclib,"I.a
                
I - Interstitial/parenchymal lung disease

                    I.a - Pneumonitis (ILD), acute and/or severe (may cause ARDS)                


                  I.b
                
I - Interstitial/parenchymal lung disease

                    I.b - Pneumonitis (ILD)                


                  I.c
                
I - Interstitial/parenchymal lung disease

                    I.c - Eosinophilic pneumonia (pulmonary infiltrates and eosinophilia)                


                  II.b
                
II - Pulmonary edema - Acute lung injury - ARDS

                    II.b - ARDS - Acute lung injury                


                  XV.a
                
XV - Pathology

                    XV.a - Path: NSIP-cellular pattern (see also Ia, Ib)",46220502,Both,abemaciclib
CC12CCC(O)CC1=CCC1C2CCC2(C)C(c3cccnc3)=CCC12,Abiraterone,"I.a
                
I - Interstitial/parenchymal lung disease

                    I.a - Pneumonitis (ILD), acute and/or severe (may cause ARDS)                


                  I.b
                
I - Interstitial/parenchymal lung disease

                    I.b - Pneumonitis (ILD)                


                  II.d
                
II - Pulmonary edema - Acute lung injury - ARDS

                    II.d - Pulmonary edema, cardiogenic                


                  X.r
                
X - Systemic/Distant conditions, syndromes and reactions

                    X.r - Fluid retention                


                  XII.a
                
XII - Cardiovascular involvement / toxicity

                    XII.a - Left or biventricular dysfunction/failure                


                  XII.ai
                
XII - Cardiovascular involvement / toxicity

                    XII.ai - Cardiotoxicity",132971,Both,abiraterone
CCCC(=O)Nc1ccc(OCC(O)CNC(C)C)c(C(C)=O)c1,Acebutolol,"I.b
                
I - Interstitial/parenchymal lung disease

                    I.b - Pneumonitis (ILD)                


                  I.d
                
I - Interstitial/parenchymal lung disease

                    I.d - Organizing pneumonia pattern (an area or areas of consolidation on imaging)                


                  IV.a
                
IV - Airway involvement

                    IV.a - Bronchospasm - Wheezing - Asthma                


                  IV.f
                
IV - Airway involvement

                    IV.f - Severe or catastrophic bronchospasm or asthma attack (can be fatal)                


                  V.a
                
V - Pleural and/or pericardial involvement

                    V.a - Pleural effusion (uni- or bilateral) (can accompany DI-LDs)                


                  V.c
                
V - Pleural and/or pericardial involvement

                    V.c - Pleural thickening - Fibrothorax                


                  V.d
                
V - Pleural and/or pericardial involvement

                    V.d - Pleural/pericardial effusion, ANA positive (DI lupus)                


                  X.y
                
X - Systemic/Distant conditions, syndromes and reactions

                    X.y - Subclinical ANA positivity",1978,Both,acebutolol
CC(=O)CC(c1ccc([N+](=O)[O-])cc1)c1c(O)c2ccccc2oc1=O,Acenocoumarol,"V.e
                
V - Pleural and/or pericardial involvement

                    V.e - Hemothorax - Serosanguineous pleural effusion                


                  VII.g
                
VII - Mediastinal involvement

                    VII.g - Hemomediastinum - Mediastinal hematoma                


                  VIII.b
                
VIII - Central-large-upper airway (incl. pharyngeal-nasal) involvement

                    VIII.b - Hematoma of/around central airway wall potentially causing UAO",54676537,Pneumotox_only,acenocoumarol
CC(=O)c1ccc2c(c1)N(CCCN(C)C)c1ccccc1S2,Acepromazine,"IX.d
                
IX - Neuromuscular / CNS involvement - Disordered breathing (during sleep)

                    IX.d - Respiratory failure from ventilatory depression (due to neuromuscular blockade/paralysis)",6077,Pneumotox_only,acepromazine
CC(=O)Nc1ccccc1,Acetanilide,"XIV.a
                
XIV - Hemoglobinopathies - Abnormal hemoglobin states (acquired)

                    XIV.a - Methemoglobinemia                


                  XIV.b
                
XIV - Hemoglobinopathies - Abnormal hemoglobin states (acquired)

                    XIV.b - Sulfhemoglobinemia",904,Pneumotox_only,acetanilide
CC(=O)Nc1nnc(S(N)(=O)=O)s1,Acetazolamide,"II.a
                
II - Pulmonary edema - Acute lung injury - ARDS

                    II.a - Pulmonary edema, noncardiogenic (NCPE)                


                  IX.a
                
IX - Neuromuscular / CNS involvement - Disordered breathing (during sleep)

                    IX.a - Diaphragm/inspiratory muscle weakness/paralysis (w/wo ARF)                


                  X.f
                
X - Systemic/Distant conditions, syndromes and reactions

                    X.f - Anaphylaxis-Anaphylactoid reaction (can be fatal)                


                  XI.d
                
XI - Miscellaneous

                    XI.d - Metabolic acidosis (incl. lactic acidosis/-gap). May cause hyperpnea/dyspnea                


                  XII.n
                
XII - Cardiovascular involvement / toxicity

                    XII.n - Cardiovascular collapse - Cardiogenic shock - Hypotension                


                  XXI.a
                
XXI - Rechallenge data

                    XXI.a - Rechallenge can lead to near-fatal or fatal relapse of AE/ILD                


                  XXI.b
                
XXI - Rechallenge data

                    XXI.b - Rechallenge can lead to relapse of AE/ILD",1986,Both,acetazolamide
CC(=O)N(c1ccccc1)C1CCN(CCc2ccccc2)CC1,Acetylfentanyl,"II.a
                
II - Pulmonary edema - Acute lung injury - ARDS

                    II.a - Pulmonary edema, noncardiogenic (NCPE)                


                  IX.d
                
IX - Neuromuscular / CNS involvement - Disordered breathing (during sleep)

                    IX.d - Respiratory failure from ventilatory depression (due to neuromuscular blockade/paralysis)                


                  XI.r
                
XI - Miscellaneous

                    XI.r - Death following exposure or poisoning",527015,Pneumotox_only,acetylfentanyl
COc1cc(C)c(C=CC(C)=CC=CC(C)=CC(=O)O)c(C)c1C,Acitretin,"II.b
                
II - Pulmonary edema - Acute lung injury - ARDS

                    II.b - ARDS - Acute lung injury                


                  X.c
                
X - Systemic/Distant conditions, syndromes and reactions

                    X.c - Capillary leak syndrome (CLS)",5284513,Both,acitretin
CCN1CC2(COC)C(O)CC(OC)C34C5CC6(O)C(OC)C(O)C(OC(C)=O)(C5C6OC(=O)c5ccccc5)C(C(OC)C23)C14,Aconitine,"XII.l
                
XII - Cardiovascular involvement / toxicity

                    XII.l - Cardiac arrhythmias or dysrhythmias (AF, VT, VF, TdP)",245005,Pneumotox_only,aconitine
C=CC(=O)N(c1ccccc1)C1CCN(CCc2ccccc2)CC1,Acrylfentanyl,,10314851,Pneumotox_only,acrylfentanyl
Nc1nc(=O)c2ncn(COCCO)c2[nH]1,Acyclovir,"I.b
                
I - Interstitial/parenchymal lung disease

                    I.b - Pneumonitis (ILD)                


                  V.a
                
V - Pleural and/or pericardial involvement

                    V.a - Pleural effusion (uni- or bilateral) (can accompany DI-LDs)",135398513,Both,acyclovir
C=C(F)C(=O)N1CCN(c2nc(OCC3CCCN3C)nc3c2CCN(c2cccc4cccc(Cl)c24)C3)CC1CC#N,Adagrasib,"I.a
                
I - Interstitial/parenchymal lung disease

                    I.a - Pneumonitis (ILD), acute and/or severe (may cause ARDS)                


                  I.b
                
I - Interstitial/parenchymal lung disease

                    I.b - Pneumonitis (ILD)",138611145,Pneumotox_only,adagrasib
Nc1ncnc2c1ncn2C1OC(CO)C(O)C1O,Adenosine,"IV.a
                
IV - Airway involvement

                    IV.a - Bronchospasm - Wheezing - Asthma                


                  IV.f
                
IV - Airway involvement

                    IV.f - Severe or catastrophic bronchospasm or asthma attack (can be fatal)                


                  XI.b
                
XI - Miscellaneous

                    XI.b - Chest pain (acute or subacute), lone or prominent                


                  XII.m
                
XII - Cardiovascular involvement / toxicity

                    XII.m - Cardiac- cardiorespiratory/pulmonary arrest",60961,Both,adenosine
Nc1ncnc2c1ncn2C1OC(COP(=O)(O)OP(=O)(O)OP(=O)(O)O)C(O)C1O,Adenosine 5'-triphosphate,"XI.b
                
XI - Miscellaneous

                    XI.b - Chest pain (acute or subacute), lone or prominent",5957,Pneumotox_only,adenosine 5'-triphosphate
CN(C)CC=CC(=O)Nc1cc2c(Nc3ccc(F)c(Cl)c3)ncnc2cc1OC1CCOC1,Afatinib,"I.b
                
I - Interstitial/parenchymal lung disease

                    I.b - Pneumonitis (ILD)                


                  IV.c
                
IV - Airway involvement

                    IV.c - Obliterative bronchiolitis (a pattern consistent with) (see also IVn, XVx)                


                  V.a
                
V - Pleural and/or pericardial involvement

                    V.a - Pleural effusion (uni- or bilateral) (can accompany DI-LDs)                


                  X.j
                
X - Systemic/Distant conditions, syndromes and reactions

                    X.j - Myopathy-Myositis-Polymyositis (see also under Xba)                


                  XII.p
                
XII - Cardiovascular involvement / toxicity

                    XII.p - QTc prolongation                


                  XV.z
                
XV - Pathology

                    XV.z - Path: Obliterative (constrictive) bronchiolitis (see also IVc, IVn)                


                  XVI.b
                
XVI - Imaging

                    XVI.b - Imaging: Ground-glass opacities (GGO) / shadowing",10184653,Both,afatinib
Cc1ccccc1-n1c(CF)nc2ccc(N)cc2c1=O,Afloqualone,"XXIV.i
                
XXIV - Veterinary medicine

                    XXIV.i - Veterinary: Respiratory/Ventilatory depression",2040,Pneumotox_only,afloqualone
CCC1C2CC3C4N(C)c5ccccc5C45CC(C2C5O)N3C1O,Ajmaline,"XII.l
                
XII - Cardiovascular involvement / toxicity

                    XII.l - Cardiac arrhythmias or dysrhythmias (AF, VT, VF, TdP)",6100671,Pneumotox_only,ajmaline
CCc1cc2c(cc1N1CCC(N3CCOCC3)CC1)C(C)(C)c1[nH]c3cc(C#N)ccc3c1C2=O,Alectinib,"I.b
                
I - Interstitial/parenchymal lung disease

                    I.b - Pneumonitis (ILD)                


                  I.d
                
I - Interstitial/parenchymal lung disease

                    I.d - Organizing pneumonia pattern (an area or areas of consolidation on imaging)                


                  I.h
                
I - Interstitial/parenchymal lung disease

                    I.h - Subclinical pulmonary infiltrates/ILD                


                  I.ao
                
I - Interstitial/parenchymal lung disease

                    I.ao - Pulmonary infiltrates                


                  V.a
                
V - Pleural and/or pericardial involvement

                    V.a - Pleural effusion (uni- or bilateral) (can accompany DI-LDs)                


                  XII.c
                
XII - Cardiovascular involvement / toxicity

                    XII.c - Pericardial effusion (w/wo tamponade)                


                  XV.a
                
XV - Pathology

                    XV.a - Path: NSIP-cellular pattern (see also Ia, Ib)                


                  XIX.a
                
XIX - Cytological, biochemical features of/in BAL, pleural fluid or FNA

                    XIX.a - BAL: An excess proportion of lymphocytes                


                  XXI.e
                
XXI - Rechallenge data

                    XXI.e - Rechallenge may not necessarily lead to relapse of AE/ILD",49806720,Both,alectinib
O=C([O-])C1OC(O)C(O)C(O)C1O,Alginate,"X.f
                
X - Systemic/Distant conditions, syndromes and reactions

                    X.f - Anaphylaxis-Anaphylactoid reaction (can be fatal)",91666324,Pneumotox_only,alginate
COCCCOc1cc(CC(CC(N)C(O)CC(C(=O)NCC(C)(C)C(N)=O)C(C)C)C(C)C)ccc1OC,Aliskiren,"VIII.a
                
VIII - Central-large-upper airway (incl. pharyngeal-nasal) involvement

                    VIII.a - Angioedema (may cause UAO, asphyxia and death)",5493444,Both,aliskiren
O=c1[nH]cnc2[nH]ncc12,Allopurinol,"VI.d
                
VI - Pulmonary vasculopathies

                    VI.d - Pulmonary vasculitis or capillaritis                


                  VIII.a
                
VIII - Central-large-upper airway (incl. pharyngeal-nasal) involvement

                    VIII.a - Angioedema (may cause UAO, asphyxia and death)                


                  X.a
                
X - Systemic/Distant conditions, syndromes and reactions

                    X.a - DRES syndrome - DRESS-like reaction                


                  X.m
                
X - Systemic/Distant conditions, syndromes and reactions

                    X.m - Vascultis (pulmonary, extrathoracic or systemic)-ANCA status unknown or negative)                


                  X.n
                
X - Systemic/Distant conditions, syndromes and reactions

                    X.n - Tumor lysis syndrome (TLS)                


                  X.s
                
X - Systemic/Distant conditions, syndromes and reactions

                    X.s - Vasculitis, pulmonary (w/wo AH), extrapulmonary, systemic: ANCA-positive                


                  XV.ac
                
XV - Pathology

                    XV.ac - Path: Pulmonary vasculitis other than capillaritis",135401907,Both,allopurinol
C=CCNc1nc(NCC=C)nc(N2CCN(C(c3ccc(F)cc3)c3ccc(F)cc3)CC2)n1,Almitrine,"XI.d
                
XI - Miscellaneous

                    XI.d - Metabolic acidosis (incl. lactic acidosis/-gap). May cause hyperpnea/dyspnea",33887,Pneumotox_only,almitrine
C=CC(=O)Nc1cc(Nc2nccc(-c3cn(C4CC4)c4ccccc34)n2)c(OC)cc1N(C)CCN(C)C,Almonertinib,"I.b
                
I - Interstitial/parenchymal lung disease

                    I.b - Pneumonitis (ILD)",121280087,Pneumotox_only,almonertinib
Cc1nc(NC(=O)N2CCCC2C(N)=O)sc1-c1ccnc(C(C)(C)C(F)(F)F)c1,Alpelisib,"I.a
                
I - Interstitial/parenchymal lung disease

                    I.a - Pneumonitis (ILD), acute and/or severe (may cause ARDS)",56649450,Both,alpelisib
Cc1nnc2n1-c1ccc(Cl)cc1C(c1ccccc1)=NC2,Alprazolam,"IX.d
                
IX - Neuromuscular / CNS involvement - Disordered breathing (during sleep)

                    IX.d - Respiratory failure from ventilatory depression (due to neuromuscular blockade/paralysis)",2118,Both,alprazolam
C=CCc1ccccc1OCC(O)CNC(C)C,Alprenolol,"IV.a
                
IV - Airway involvement

                    IV.a - Bronchospasm - Wheezing - Asthma",2119,Pneumotox_only,alprenolol
NC12CC3CC(CC(C3)C1)C2,Amantadine,"II.a
                
II - Pulmonary edema - Acute lung injury - ARDS

                    II.a - Pulmonary edema, noncardiogenic (NCPE)                


                  II.b
                
II - Pulmonary edema - Acute lung injury - ARDS

                    II.b - ARDS - Acute lung injury                


                  XII.m
                
XII - Cardiovascular involvement / toxicity

                    XII.m - Cardiac- cardiorespiratory/pulmonary arrest                


                  XV.f
                
XV - Pathology

                    XV.f - Path: Diffuse alveolar damage (DAD-pattern) (see also IL)",2130,Both,amantadine
COC(c1ccccc1)(c1ccccc1)C(Oc1nc(C)cc(C)n1)C(=O)O,Ambrisentan,"I.y
                
I - Interstitial/parenchymal lung disease

                    I.y - Progression, acceleration or exacerbation of preexisting ILD/fibrosis",197712,Both,ambrisentan
NCCCNCCSP(=O)(O)O,Amifostine,"X.f
                
X - Systemic/Distant conditions, syndromes and reactions

                    X.f - Anaphylaxis-Anaphylactoid reaction (can be fatal)",2141,Both,amifostine
NCCC(O)C(=O)NC1CC(N)C(OC2OC(CN)C(O)C(O)C2O)C(O)C1OC1OC(CO)C(O)C(N)C1O,Amikacin,"X.f
                
X - Systemic/Distant conditions, syndromes and reactions

                    X.f - Anaphylaxis-Anaphylactoid reaction (can be fatal)",37768,Both,amikacin
CCC1(c2ccc(N)cc2)CCC(=O)NC1=O,Aminoglutethimide,"I.c
                
I - Interstitial/parenchymal lung disease

                    I.c - Eosinophilic pneumonia (pulmonary infiltrates and eosinophilia)                


                  III.a
                
III - Pulmonary/alveolar./airway hemorrhage/bleeding

                    III.a - Alveolar hemorrhage (AH), diffuse AH (DAH)",2145,Both,aminoglutethimide
Nc1ccccn1,Aminopyridine,"VI.b
                
VI - Pulmonary vasculopathies

                    VI.b - Pulmonary arterial hypertension",10439,Pneumotox_only,aminopyridine
N=C1NCC(c2ccccc2)O1,Aminorex,"VI.b
                
VI - Pulmonary vasculopathies

                    VI.b - Pulmonary arterial hypertension                


                  XV.al
                
XV - Pathology

                    XV.al - Path: Pulmonary hypertension incl. angiomatoid vasculopathy",16630,Pneumotox_only,aminorex
CCCCc1oc2ccccc2c1C(=O)c1cc(I)c(OCCN(CC)CC)c(I)c1,Amiodarone,"I.a
                
I - Interstitial/parenchymal lung disease

                    I.a - Pneumonitis (ILD), acute and/or severe (may cause ARDS)                


                  I.b
                
I - Interstitial/parenchymal lung disease

                    I.b - Pneumonitis (ILD)                


                  I.c
                
I - Interstitial/parenchymal lung disease

                    I.c - Eosinophilic pneumonia (pulmonary infiltrates and eosinophilia)                


                  I.d
                
I - Interstitial/parenchymal lung disease

                    I.d - Organizing pneumonia pattern (an area or areas of consolidation on imaging)                


                  I.e
                
I - Interstitial/parenchymal lung disease

                    I.e - Acute eosinophilic pneumonia (AEP)                


                  I.f
                
I - Interstitial/parenchymal lung disease

                    I.f - Acute fibrinous organizing pneumonia (AFOP)                


                  I.g
                
I - Interstitial/parenchymal lung disease

                    I.g - Pulmonary fibrosis                


                  I.h
                
I - Interstitial/parenchymal lung disease

                    I.h - Subclinical pulmonary infiltrates/ILD                


                  I.k
                
I - Interstitial/parenchymal lung disease

                    I.k - Lung nodule or nodules                


                  I.l
                
I - Interstitial/parenchymal lung disease

                    I.l - Diffuse alveolar damage (DAD) (see alsoo under IIb and XVf)                


                  I.s
                
I - Interstitial/parenchymal lung disease

                    I.s - A mass or masses                


                  I.u
                
I - Interstitial/parenchymal lung disease

                    I.u - Relapsing or migrating pneumonitis/pneumonia (see also Id)                


                  I.w
                
I - Interstitial/parenchymal lung disease

                    I.w - Rapidly progressive ILD/pulmonary fibrosis (Hamman-Rich syndrome)                


                  I.z
                
I - Interstitial/parenchymal lung disease

                    I.z - An area or areas of consolidation                


                  I.aa
                
I - Interstitial/parenchymal lung disease

                    I.aa - Delayed ILD, -pneumonitis, -fibrosis                


                  I.ao
                
I - Interstitial/parenchymal lung disease

                    I.ao - Pulmonary infiltrates                


                  I.at
                
I - Interstitial/parenchymal lung disease

                    I.at - Amiodarone pulmonary toxicity - Amiodarone lung                


                  I.ax
                
I - Interstitial/parenchymal lung disease

                    I.ax - Chronic pneumonitis                


                  I.ay
                
I - Interstitial/parenchymal lung disease

                    I.ay - Unilateral interstitial lung disease                


                  II.b
                
II - Pulmonary edema - Acute lung injury - ARDS

                    II.b - ARDS - Acute lung injury                


                  II.l
                
II - Pulmonary edema - Acute lung injury - ARDS

                    II.l - Postoperative ARDS                


                  III.a
                
III - Pulmonary/alveolar./airway hemorrhage/bleeding

                    III.a - Alveolar hemorrhage (AH), diffuse AH (DAH)                


                  III.c
                
III - Pulmonary/alveolar./airway hemorrhage/bleeding

                    III.c - Hemoptysis                


                  IV.a
                
IV - Airway involvement

                    IV.a - Bronchospasm - Wheezing - Asthma                


                  IV.d
                
IV - Airway involvement

                    IV.d - Cough (lone)                


                  IV.r
                
IV - Airway involvement

                    IV.r - Airway pigmentation (black, bluish, petechial)                


                  V.a
                
V - Pleural and/or pericardial involvement

                    V.a - Pleural effusion (uni- or bilateral) (can accompany DI-LDs)                


                  V.c
                
V - Pleural and/or pericardial involvement

                    V.c - Pleural thickening - Fibrothorax                


                  V.d
                
V - Pleural and/or pericardial involvement

                    V.d - Pleural/pericardial effusion, ANA positive (DI lupus)                


                  V.t
                
V - Pleural and/or pericardial involvement

                    V.t - The apical cap                


                  VI.a
                
VI - Pulmonary vasculopathies

                    VI.a - Pulmonary embolism - Venous thrombosis/thromboembolism                


                  VI.i
                
VI - Pulmonary vasculopathies

                    VI.i - Acute pulmonary hypertension                


                  VIII.a
                
VIII - Central-large-upper airway (incl. pharyngeal-nasal) involvement

                    VIII.a - Angioedema (may cause UAO, asphyxia and death)                


                  IX.a
                
IX - Neuromuscular / CNS involvement - Disordered breathing (during sleep)

                    IX.a - Diaphragm/inspiratory muscle weakness/paralysis (w/wo ARF)                


                  IX.d
                
IX - Neuromuscular / CNS involvement - Disordered breathing (during sleep)

                    IX.d - Respiratory failure from ventilatory depression (due to neuromuscular blockade/paralysis)                


                  IX.ai
                
IX - Neuromuscular / CNS involvement - Disordered breathing (during sleep)

                    IX.ai - Acute respiratory failure (hypoxemia, acidosis) from myxedema (-coma)                


                  X.d
                
X - Systemic/Distant conditions, syndromes and reactions

                    X.d - Lupus - Lupus syndrome (see also Vd)                


                  X.f
                
X - Systemic/Distant conditions, syndromes and reactions

                    X.f - Anaphylaxis-Anaphylactoid reaction (can be fatal)                


                  X.q
                
X - Systemic/Distant conditions, syndromes and reactions

                    X.q - Systemic inflammatory response                


                  XI.c
                
XI - Miscellaneous

                    XI.c - Pleuritic chest pain                


                  XI.f
                
XI - Miscellaneous

                    XI.f - Bluish, pseudocyanotic skin discoloration                


                  XI.bq
                
XI - Miscellaneous

                    XI.bq - Platypnea-orthodeoxia                


                  XII.a
                
XII - Cardiovascular involvement / toxicity

                    XII.a - Left or biventricular dysfunction/failure                


                  XII.c
                
XII - Cardiovascular involvement / toxicity

                    XII.c - Pericardial effusion (w/wo tamponade)                


                  XII.e
                
XII - Cardiovascular involvement / toxicity

                    XII.e - Takotsubo (stress) cardiomyopathy                


                  XII.l
                
XII - Cardiovascular involvement / toxicity

                    XII.l - Cardiac arrhythmias or dysrhythmias (AF, VT, VF, TdP)                


                  XII.n
                
XII - Cardiovascular involvement / toxicity

                    XII.n - Cardiovascular collapse - Cardiogenic shock - Hypotension                


                  XII.p
                
XII - Cardiovascular involvement / toxicity

                    XII.p - QTc prolongation                


                  XII.t
                
XII - Cardiovascular involvement / toxicity

                    XII.t - Torsades de pointe                


                  XII.af
                
XII - Cardiovascular involvement / toxicity

                    XII.af - Coronary vasospasm - Vasospastic angina                


                  XII.au
                
XII - Cardiovascular involvement / toxicity

                    XII.au - Heart failure (thyrotoxicosis-, thyroid storm-mediated)                


                  XV.a
                
XV - Pathology

                    XV.a - Path: NSIP-cellular pattern (see also Ia, Ib)                


                  XV.b
                
XV - Pathology

                    XV.b - Path: Eosinophilic pneumonia (subacute or acute)  (see also Ic)                


                  XV.c
                
XV - Pathology

                    XV.c - Path: Organizing pneumonia (OP/BOOP) pattern (see also Id)                


                  XV.d
                
XV - Pathology

                    XV.d - Path: Acute fibrinous organizing pneumonia (AFOP-pattern) (see also If)                


                  XV.f
                
XV - Pathology

                    XV.f - Path: Diffuse alveolar damage (DAD-pattern) (see also IL)                


                  XV.g
                
XV - Pathology

                    XV.g - Path: Alveolar hemorrhage (see also IIIa)                


                  XV.h
                
XV - Pathology

                    XV.h - Path: NSIP-fibrotic pattern                


                  XV.i
                
XV - Pathology

                    XV.i - Path: Pneumocyte atypia (reactive epithelial cells) (a.k.a. the ""Napoleon Hat"" sign)                


                  XV.j
                
XV - Pathology

                    XV.j - Path: Pulmonary fibrosis (UIP-pattern)                


                  XV.k
                
XV - Pathology

                    XV.k - Path: Desquamative interstitial pneumonia (DIP-pattern)                


                  XV.m
                
XV - Pathology

                    XV.m - Path: Lymphoid hyperplasia (including nodular- or a lymphocytic interstitial pneumonia pattern)                


                  XV.o
                
XV - Pathology

                    XV.o - Path: Endogenous lipoid pneumonia (phospholipidosis)                


                  XV.r
                
XV - Pathology

                    XV.r - Path: Smudged geographic necrosis                


                  XV.ao
                
XV - Pathology

                    XV.ao - Path: Pleuritis, pleural fibrosis                


                  XV.bt
                
XV - Pathology

                    XV.bt - Path: Histiocytic proliferation                


                  XVI.b
                
XVI - Imaging

                    XVI.b - Imaging: Ground-glass opacities (GGO) / shadowing                


                  XVI.i
                
XVI - Imaging

                    XVI.i - Imaging: An area or areas of involvement with a recognizable anatomic distribution                


                  XVI.j
                
XVI - Imaging

                    XVI.j - Imaging: Wandering (migratory) pulmonary opacities                


                  XVI.n
                
XVI - Imaging

                    XVI.n - Imaging: Intralobular septal thickening - Crazy paving                


                  XVI.s
                
XVI - Imaging

                    XVI.s - Imaging: An area or areas of involvement with high attenuation numbers or metallic density                


                  XVI.w
                
XVI - Imaging

                    XVI.w - Imaging: Lung nodule or nodules                


                  XVI.aa
                
XVI - Imaging

                    XVI.aa - Imaging: Nodules, mass or masses with a central area of low attenuation (see also under XVIaa)                


                  XVI.ab
                
XVI - Imaging

                    XVI.ab - Imaging: Cavitating/cavitary lung nodule, mass or nodules (see also Iq, XIs, XIIi, XVIaa and XVIIp)                


                  XVI.ay
                
XVI - Imaging

                    XVI.ay - Imaging: Asymmetrical, predominantly unilateral involvement                


                  XVI.az
                
XVI - Imaging

                    XVI.az - Imaging: Solitary pulmonary nodule                


                  XVI.bj
                
XVI - Imaging

                    XVI.bj - Imaging: Atelectasis (a combination of increased density and volume loss. Typically lobar)                


                  XVI.bq
                
XVI - Imaging

                    XVI.bq - Imaging: A pattern consistent with pleuroparenchymal fibroelastosis                


                  XVI.bt
                
XVI - Imaging

                    XVI.bt - Imaging: A subsolid lung nodule or nodules                


                  XVI.bx
                
XVI - Imaging

                    XVI.bx - Imaging: Waxing and waning nodules                


                  XVI.ca
                
XVI - Imaging

                    XVI.ca - Imaging: Disseminated patchy pulmonary opacities                


                  XVII.e
                
XVII - Infections & related conditions

                    XVII.e - Pneumocystis jiroveci pneumonia                


                  XVIII.b
                
XVIII - Distinctive patterns - 'Eye-catchers'

                    XVIII.b - Eye catcher: Electron-dense area or areas of consolidation on unenhanced chest CT                


                  XVIII.j
                
XVIII - Distinctive patterns - 'Eye-catchers'

                    XVIII.j - Eye-catcher: Avid lung uptake on 18F-PET-CT                


                  XVIII.k
                
XVIII - Distinctive patterns - 'Eye-catchers'

                    XVIII.k - Eye-catcher: An electron-dense liver on unenhanced CT                


                  XVIII.p
                
XVIII - Distinctive patterns - 'Eye-catchers'

                    XVIII.p - Eye-catcher: An electron-dense ('white') thyroid                


                  XIX.a
                
XIX - Cytological, biochemical features of/in BAL, pleural fluid or FNA

                    XIX.a - BAL: An excess proportion of lymphocytes                


                  XIX.b
                
XIX - Cytological, biochemical features of/in BAL, pleural fluid or FNA

                    XIX.b - BAL: An excess proportion of neutrophils                


                  XIX.c
                
XIX - Cytological, biochemical features of/in BAL, pleural fluid or FNA

                    XIX.c - BAL: An excess proportion of eosinophils                


                  XIX.e
                
XIX - Cytological, biochemical features of/in BAL, pleural fluid or FNA

                    XIX.e - BAL: Stainable iron in macrophages                


                  XIX.f
                
XIX - Cytological, biochemical features of/in BAL, pleural fluid or FNA

                    XIX.f - BAL: Foamy macrophages                


                  XIX.m
                
XIX - Cytological, biochemical features of/in BAL, pleural fluid or FNA

                    XIX.m - BAL: A normal cell differential                


                  XIX.p
                
XIX - Cytological, biochemical features of/in BAL, pleural fluid or FNA

                    XIX.p - BAL: Lamellar bodies in AM on EM",2157,Both,amiodarone
Cc1ccc(N=CN(C)C=Nc2ccc(C)cc2C)c(C)c1,Amitraz,"IX.d
                
IX - Neuromuscular / CNS involvement - Disordered breathing (during sleep)

                    IX.d - Respiratory failure from ventilatory depression (due to neuromuscular blockade/paralysis)",36324,Pneumotox_only,amitraz
CN(C)CCC=C1c2ccccc2CCc2ccccc21,Amitriptyline,"I.c
                
I - Interstitial/parenchymal lung disease

                    I.c - Eosinophilic pneumonia (pulmonary infiltrates and eosinophilia)                


                  II.b
                
II - Pulmonary edema - Acute lung injury - ARDS

                    II.b - ARDS - Acute lung injury                


                  IX.d
                
IX - Neuromuscular / CNS involvement - Disordered breathing (during sleep)

                    IX.d - Respiratory failure from ventilatory depression (due to neuromuscular blockade/paralysis)                


                  X.a
                
X - Systemic/Distant conditions, syndromes and reactions

                    X.a - DRES syndrome - DRESS-like reaction                


                  XII.c
                
XII - Cardiovascular involvement / toxicity

                    XII.c - Pericardial effusion (w/wo tamponade)                


                  XII.d
                
XII - Cardiovascular involvement / toxicity

                    XII.d - Myocarditis (can be fulminant)                


                  XV.ca
                
XV - Pathology

                    XV.ca - Path: Myocarditis                


                  XV.cf
                
XV - Pathology

                    XV.cf - Path: Myocardial fibrosis",2160,Both,amitriptyline
CCOC(=O)C1=C(COCCN)N=C(C)C(C(=O)OC)C1c1ccccc1Cl,Amlodipine,"II.a
                
II - Pulmonary edema - Acute lung injury - ARDS

                    II.a - Pulmonary edema, noncardiogenic (NCPE)                


                  II.b
                
II - Pulmonary edema - Acute lung injury - ARDS

                    II.b - ARDS - Acute lung injury                


                  II.u
                
II - Pulmonary edema - Acute lung injury - ARDS

                    II.u - Acute respiratory failure (e.g. from ARDS, ILD, PIE, OP, pulmonary edema or bronchospasm) requiring ECMO                


                  IV.d
                
IV - Airway involvement

                    IV.d - Cough (lone)                


                  VIII.a
                
VIII - Central-large-upper airway (incl. pharyngeal-nasal) involvement

                    VIII.a - Angioedema (may cause UAO, asphyxia and death)                


                  XI.b
                
XI - Miscellaneous

                    XI.b - Chest pain (acute or subacute), lone or prominent                


                  XI.r
                
XI - Miscellaneous

                    XI.r - Death following exposure or poisoning                


                  XI.ab
                
XI - Miscellaneous

                    XI.ab - Gingival hypertrophy                


                  XII.n
                
XII - Cardiovascular involvement / toxicity

                    XII.n - Cardiovascular collapse - Cardiogenic shock - Hypotension",2162,Both,amlodipine
Clc1ccc2c(c1)C(N1CCNCC1)=Nc1ccccc1O2,Amoxapine,"II.b
                
II - Pulmonary edema - Acute lung injury - ARDS

                    II.b - ARDS - Acute lung injury",2170,Both,amoxapine
CC1(C)SC2C(NC(=O)C(N)c3ccc(O)cc3)C(=O)N2C1C(=O)O,Amoxicillin,"I.c
                
I - Interstitial/parenchymal lung disease

                    I.c - Eosinophilic pneumonia (pulmonary infiltrates and eosinophilia)                


                  I.e
                
I - Interstitial/parenchymal lung disease

                    I.e - Acute eosinophilic pneumonia (AEP)                


                  IV.aa
                
IV - Airway involvement

                    IV.aa - Occupational asthma                


                  VIII.a
                
VIII - Central-large-upper airway (incl. pharyngeal-nasal) involvement

                    VIII.a - Angioedema (may cause UAO, asphyxia and death)                


                  X.a
                
X - Systemic/Distant conditions, syndromes and reactions

                    X.a - DRES syndrome - DRESS-like reaction                


                  X.f
                
X - Systemic/Distant conditions, syndromes and reactions

                    X.f - Anaphylaxis-Anaphylactoid reaction (can be fatal)",33613,Both,amoxicillin
CC1(C)SC2C(NC(=O)C(N)c3ccccc3)C(=O)N2C1C(=O)O,Ampicillin,"I.c
                
I - Interstitial/parenchymal lung disease

                    I.c - Eosinophilic pneumonia (pulmonary infiltrates and eosinophilia)                


                  I.e
                
I - Interstitial/parenchymal lung disease

                    I.e - Acute eosinophilic pneumonia (AEP)                


                  II.b
                
II - Pulmonary edema - Acute lung injury - ARDS

                    II.b - ARDS - Acute lung injury                


                  X.f
                
X - Systemic/Distant conditions, syndromes and reactions

                    X.f - Anaphylaxis-Anaphylactoid reaction (can be fatal)                


                  XV.b
                
XV - Pathology

                    XV.b - Path: Eosinophilic pneumonia (subacute or acute)  (see also Ic)",6249,Both,ampicillin
CC(=O)C1(N)C=C2C(=O)c3c(c(O)c4ccccc4c3O)C(=O)C2C(OC2CC(O)C(O)CO2)C1,Amrubicin,"I.a
                
I - Interstitial/parenchymal lung disease

                    I.a - Pneumonitis (ILD), acute and/or severe (may cause ARDS)                


                  I.b
                
I - Interstitial/parenchymal lung disease

                    I.b - Pneumonitis (ILD)                


                  I.y
                
I - Interstitial/parenchymal lung disease

                    I.y - Progression, acceleration or exacerbation of preexisting ILD/fibrosis",3035016,Pneumotox_only,amrubicin
Oc1cn2c(n1)Nc1ccc(Cl)c(Cl)c1C2,Anagrelide,"I.a
                
I - Interstitial/parenchymal lung disease

                    I.a - Pneumonitis (ILD), acute and/or severe (may cause ARDS)                


                  I.b
                
I - Interstitial/parenchymal lung disease

                    I.b - Pneumonitis (ILD)                


                  V.a
                
V - Pleural and/or pericardial involvement

                    V.a - Pleural effusion (uni- or bilateral) (can accompany DI-LDs)                


                  XI.b
                
XI - Miscellaneous

                    XI.b - Chest pain (acute or subacute), lone or prominent                


                  XII.c
                
XII - Cardiovascular involvement / toxicity

                    XII.c - Pericardial effusion (w/wo tamponade)                


                  XII.f
                
XII - Cardiovascular involvement / toxicity

                    XII.f - Cardiomyopathy (acute, subacute, chronic)                


                  XII.l
                
XII - Cardiovascular involvement / toxicity

                    XII.l - Cardiac arrhythmias or dysrhythmias (AF, VT, VF, TdP)                


                  XII.ai
                
XII - Cardiovascular involvement / toxicity

                    XII.ai - Cardiotoxicity                


                  XVI.a
                
XVI - Imaging

                    XVI.a - Imaging: Diffuse haze",135409400,Both,anagrelide
CC(C)(C#N)c1cc(Cn2cncn2)cc(C(C)(C)C#N)c1,Anastrozole,"I.b
                
I - Interstitial/parenchymal lung disease

                    I.b - Pneumonitis (ILD)                


                  VI.a
                
VI - Pulmonary vasculopathies

                    VI.a - Pulmonary embolism - Venous thrombosis/thromboembolism",2187,Both,anastrozole
CCCCCOc1ccc(-c2ccc(-c3ccc(C(=O)NC4CC(O)C(O)NC(=O)C5C(O)C(C)CN5C(=O)C(C(C)O)NC(=O)C(C(O)C(O)c5ccc(O)cc5)NC(=O)C5CC(O)CN5C(=O)C(C(C)O)NC4=O)cc3)cc2)cc1,Anidulafungin,"II.a
                
II - Pulmonary edema - Acute lung injury - ARDS

                    II.a - Pulmonary edema, noncardiogenic (NCPE)                


                  II.i
                
II - Pulmonary edema - Acute lung injury - ARDS

                    II.i - Flash (fulminate) pulmonary edema",166548,Both,anidulafungin
Nc1ccc(Cl)cc1,"Aniline, p-chloro-","XIV.a
                
XIV - Hemoglobinopathies - Abnormal hemoglobin states (acquired)

                    XIV.a - Methemoglobinemia",7812,Pneumotox_only,"aniline, p-chloro-"
c1ccc(CN(CC2=NCCN2)c2ccccc2)cc1,Antazoline,"I.b
                
I - Interstitial/parenchymal lung disease

                    I.b - Pneumonitis (ILD)",2200,Pneumotox_only,antazoline
CC(=O)NC1C(OP(=O)(O)OP(=O)(O)OCC2OC(n3cc(I)c(=O)[nH]c3=O)C(O)C2O)OC(CO)C(O)C1OC(C)C(=O)NC(C)P(=O)(O)CC(CCC(=O)O)C(=O)O,Antibiotics,"I.b
                
I - Interstitial/parenchymal lung disease

                    I.b - Pneumonitis (ILD)                


                  I.c
                
I - Interstitial/parenchymal lung disease

                    I.c - Eosinophilic pneumonia (pulmonary infiltrates and eosinophilia)                


                  I.e
                
I - Interstitial/parenchymal lung disease

                    I.e - Acute eosinophilic pneumonia (AEP)                


                  IV.a
                
IV - Airway involvement

                    IV.a - Bronchospasm - Wheezing - Asthma                


                  IV.f
                
IV - Airway involvement

                    IV.f - Severe or catastrophic bronchospasm or asthma attack (can be fatal)                


                  VIII.a
                
VIII - Central-large-upper airway (incl. pharyngeal-nasal) involvement

                    VIII.a - Angioedema (may cause UAO, asphyxia and death)                


                  X.a
                
X - Systemic/Distant conditions, syndromes and reactions

                    X.a - DRES syndrome - DRESS-like reaction                


                  X.f
                
X - Systemic/Distant conditions, syndromes and reactions

                    X.f - Anaphylaxis-Anaphylactoid reaction (can be fatal)                


                  X.s
                
X - Systemic/Distant conditions, syndromes and reactions

                    X.s - Vasculitis, pulmonary (w/wo AH), extrapulmonary, systemic: ANCA-positive                


                  XI.n
                
XI - Miscellaneous

                    XI.n - Neutropenia, agranulocytosis (w/wo infection/sepsis)                


                  XII.c
                
XII - Cardiovascular involvement / toxicity

                    XII.c - Pericardial effusion (w/wo tamponade)",46874763,Pneumotox_only,antibiotics
CNC(=O)c1ccc(N2C(=S)N(c3cnc(C#N)c(C(F)(F)F)c3)C(=O)C23CCC3)cc1F,Apalutamide,"I.a
                
I - Interstitial/parenchymal lung disease

                    I.a - Pneumonitis (ILD), acute and/or severe (may cause ARDS)                


                  I.b
                
I - Interstitial/parenchymal lung disease

                    I.b - Pneumonitis (ILD)                


                  I.f
                
I - Interstitial/parenchymal lung disease

                    I.f - Acute fibrinous organizing pneumonia (AFOP)                


                  XV.d
                
XV - Pathology

                    XV.d - Path: Acute fibrinous organizing pneumonia (AFOP-pattern) (see also If)                


                  XVII.g
                
XVII - Infections & related conditions

                    XVII.g - Tuberculosis (pulmonary, pulmonary, extrapulmonary or disseminated). Reactivation or de novo",24872560,Both,apalutamide
Cc1c(CN2CCN(C(=O)C(C)O)CC2)sc2c(N3CCOCC3)nc(-c3cnc(N)nc3)nc12,Apitolisib,"I.b
                
I - Interstitial/parenchymal lung disease

                    I.b - Pneumonitis (ILD)",25254071,Pneumotox_only,apitolisib
COc1ccc(-n2nc(C(N)=O)c3c2C(=O)N(c2ccc(N4CCCCC4=O)cc2)CC3)cc1,Apixaban,"I.a
                
I - Interstitial/parenchymal lung disease

                    I.a - Pneumonitis (ILD), acute and/or severe (may cause ARDS)                


                  I.b
                
I - Interstitial/parenchymal lung disease

                    I.b - Pneumonitis (ILD)                


                  III.a
                
III - Pulmonary/alveolar./airway hemorrhage/bleeding

                    III.a - Alveolar hemorrhage (AH), diffuse AH (DAH)                


                  V.e
                
V - Pleural and/or pericardial involvement

                    V.e - Hemothorax - Serosanguineous pleural effusion                


                  V.n
                
V - Pleural and/or pericardial involvement

                    V.n - Hemopericardium - Bloody pericardial effusion",10182969,Both,apixaban
CCN(CC)CCCN(c1ccccc1)C1Cc2ccccc2C1,Aprindine,"I.b
                
I - Interstitial/parenchymal lung disease

                    I.b - Pneumonitis (ILD)",2218,Pneumotox_only,aprindine
O=C1CCc2ccc(OCCCCN3CCN(c4cccc(Cl)c4Cl)CC3)cc2N1,Aripiprazole,"I.b
                
I - Interstitial/parenchymal lung disease

                    I.b - Pneumonitis (ILD)                


                  II.a
                
II - Pulmonary edema - Acute lung injury - ARDS

                    II.a - Pulmonary edema, noncardiogenic (NCPE)                


                  IX.f
                
IX - Neuromuscular / CNS involvement - Disordered breathing (during sleep)

                    IX.f - Hiccup                


                  XII.l
                
XII - Cardiovascular involvement / toxicity

                    XII.l - Cardiac arrhythmias or dysrhythmias (AF, VT, VF, TdP)                


                  XV.a
                
XV - Pathology

                    XV.a - Path: NSIP-cellular pattern (see also Ia, Ib)",60795,Both,aripiprazole
C=CC1CC1(NC(=O)C1CC(Oc2ncc(OC)c3ccc(Cl)cc23)CN1C(=O)C(NC(=O)OC(C)(C)C)C(C)(C)C)C(=O)NS(=O)(=O)C1CC1,Asunaprevir,"I.b
                
I - Interstitial/parenchymal lung disease

                    I.b - Pneumonitis (ILD)",16076883,Pneumotox_only,asunaprevir
CCOc1ccc(CC2NC(=O)CCSSCC(C(=O)N3CCCC3C(=O)NC(CCCN)C(=O)NCC(N)=O)NC(=O)C(CC(N)=O)NC(=O)C(C(C)O)NC(=O)C(C(C)CC)NC2=O)cc1,Atosiban,"II.a
                
II - Pulmonary edema - Acute lung injury - ARDS

                    II.a - Pulmonary edema, noncardiogenic (NCPE)",5311010,Both,atosiban
CNC(=O)c1ccccc1Sc1ccc2c(C=Cc3ccccn3)[nH]nc2c1,Axitinib,"I.b
                
I - Interstitial/parenchymal lung disease

                    I.b - Pneumonitis (ILD)                


                  III.c
                
III - Pulmonary/alveolar./airway hemorrhage/bleeding

                    III.c - Hemoptysis                


                  V.f
                
V - Pleural and/or pericardial involvement

                    V.f - Pneumothorax                


                  VIII.j
                
VIII - Central-large-upper airway (incl. pharyngeal-nasal) involvement

                    VIII.j - Laryngeal disorder-Laryngeal nerve palsy (dysphonia, hoarseness)                


                  XI.w
                
XI - Miscellaneous

                    XI.w - Cavitation/necrosis of lung tumor or metastases                


                  XVI.bf
                
XVI - Imaging

                    XVI.bf - Imaging: Tumoral cavitation",6450551,Both,axitinib
Nc1ncn(C2OC(CO)C(O)C2O)c(=O)n1,Azacitidine,"I.a
                
I - Interstitial/parenchymal lung disease

                    I.a - Pneumonitis (ILD), acute and/or severe (may cause ARDS)                


                  I.b
                
I - Interstitial/parenchymal lung disease

                    I.b - Pneumonitis (ILD)                


                  I.c
                
I - Interstitial/parenchymal lung disease

                    I.c - Eosinophilic pneumonia (pulmonary infiltrates and eosinophilia)                


                  I.d
                
I - Interstitial/parenchymal lung disease

                    I.d - Organizing pneumonia pattern (an area or areas of consolidation on imaging)                


                  II.b
                
II - Pulmonary edema - Acute lung injury - ARDS

                    II.b - ARDS - Acute lung injury                


                  V.i
                
V - Pleural and/or pericardial involvement

                    V.i - Pleuritis (can cause chest pain)                


                  V.m
                
V - Pleural and/or pericardial involvement

                    V.m - Pleuropericarditis - Pleuropericardial effusion (ANA unknown or negative)                


                  XI.c
                
XI - Miscellaneous

                    XI.c - Pleuritic chest pain                


                  XV.c
                
XV - Pathology

                    XV.c - Path: Organizing pneumonia (OP/BOOP) pattern (see also Id)",9444,Both,azacitidine
CCCc1c(O)n2c(N(C)C)nc3ccc(C)cc3n2c1=O,Azapropazone,"I.b
                
I - Interstitial/parenchymal lung disease

                    I.b - Pneumonitis (ILD)",26098,Pneumotox_only,azapropazone
Cn1cnc([N+](=O)[O-])c1Sc1ncnc2[nH]cnc12,Azathioprine,"I.a
                
I - Interstitial/parenchymal lung disease

                    I.a - Pneumonitis (ILD), acute and/or severe (may cause ARDS)                


                  I.b
                
I - Interstitial/parenchymal lung disease

                    I.b - Pneumonitis (ILD)                


                  I.c
                
I - Interstitial/parenchymal lung disease

                    I.c - Eosinophilic pneumonia (pulmonary infiltrates and eosinophilia)                


                  I.d
                
I - Interstitial/parenchymal lung disease

                    I.d - Organizing pneumonia pattern (an area or areas of consolidation on imaging)                


                  I.g
                
I - Interstitial/parenchymal lung disease

                    I.g - Pulmonary fibrosis                


                  I.l
                
I - Interstitial/parenchymal lung disease

                    I.l - Diffuse alveolar damage (DAD) (see alsoo under IIb and XVf)                


                  I.m
                
I - Interstitial/parenchymal lung disease

                    I.m - ILD with a granulomatous component                


                  I.q
                
I - Interstitial/parenchymal lung disease

                    I.q - Pulmonary nodulosis                


                  I.ah
                
I - Interstitial/parenchymal lung disease

                    I.ah - Acute restrictive lung dysfunction                


                  II.b
                
II - Pulmonary edema - Acute lung injury - ARDS

                    II.b - ARDS - Acute lung injury                


                  III.a
                
III - Pulmonary/alveolar./airway hemorrhage/bleeding

                    III.a - Alveolar hemorrhage (AH), diffuse AH (DAH)                


                  VIII.a
                
VIII - Central-large-upper airway (incl. pharyngeal-nasal) involvement

                    VIII.a - Angioedema (may cause UAO, asphyxia and death)                


                  X.g
                
X - Systemic/Distant conditions, syndromes and reactions

                    X.g - Hypersensitivity reaction (may manifest with fever and/or skin, throat or airway involvement)                


                  X.o
                
X - Systemic/Distant conditions, syndromes and reactions

                    X.o - Neutrophilic dermatosis (Pyoderma, Sweet syndrome)                


                  XII.h
                
XII - Cardiovascular involvement / toxicity

                    XII.h - Eosinophilic myocarditis                


                  XIII.b
                
XIII - Neoplastic conditions

                    XIII.b - Lymphoproliferative disease (pulmonary, endobronchial, endothoracic)                


                  XV.a
                
XV - Pathology

                    XV.a - Path: NSIP-cellular pattern (see also Ia, Ib)                


                  XV.e
                
XV - Pathology

                    XV.e - Path: ILD with a granulomatous component (see also Im)                


                  XV.f
                
XV - Pathology

                    XV.f - Path: Diffuse alveolar damage (DAD-pattern) (see also IL)                


                  XV.j
                
XV - Pathology

                    XV.j - Path: Pulmonary fibrosis (UIP-pattern)                


                  XV.bq
                
XV - Pathology

                    XV.bq - Path: Lymphoproliferative disease, endothoracic                


                  XVII.e
                
XVII - Infections & related conditions

                    XVII.e - Pneumocystis jiroveci pneumonia                


                  XVII.h
                
XVII - Infections & related conditions

                    XVII.h - Nontuberculous pulmonary mycobacterial infection/superinfection                


                  XIX.a
                
XIX - Cytological, biochemical features of/in BAL, pleural fluid or FNA

                    XIX.a - BAL: An excess proportion of lymphocytes",2265,Both,azathioprine
CCC1OC(=O)C(C)C(OC2CC(C)(OC)C(O)C(C)O2)C(C)C(OC2OC(C)CC(N(C)C)C2O)C(C)(O)CC(C)CN(C)C(C)C(O)C1(C)O,Azithromycin,"I.c
                
I - Interstitial/parenchymal lung disease

                    I.c - Eosinophilic pneumonia (pulmonary infiltrates and eosinophilia)                


                  III.a
                
III - Pulmonary/alveolar./airway hemorrhage/bleeding

                    III.a - Alveolar hemorrhage (AH), diffuse AH (DAH)                


                  IX.f
                
IX - Neuromuscular / CNS involvement - Disordered breathing (during sleep)

                    IX.f - Hiccup                


                  X.a
                
X - Systemic/Distant conditions, syndromes and reactions

                    X.a - DRES syndrome - DRESS-like reaction                


                  X.h
                
X - Systemic/Distant conditions, syndromes and reactions

                    X.h - Eosinophilic granulomatosis with polyangiitis (Churg-Strauss)",447043,Both,azithromycin
CCC(C)C(N)C1=NC(C(=O)NC(CC(C)C)C(=O)NC(CCC(=O)O)C(=O)NC(C(=O)NC2CCCCNC(=O)C(CC(N)=O)NC(=O)C(CC(=O)O)NC(=O)C(Cc3c[nH]cn3)NC(=O)C(Cc3ccccc3)NC(=O)C(C(C)CC)NC(=O)C(CCCN)NC2=O)C(C)CC)CS1,Bacitracin,"X.f
                
X - Systemic/Distant conditions, syndromes and reactions

                    X.f - Anaphylaxis-Anaphylactoid reaction (can be fatal)",10909430,Pneumotox_only,bacitracin
NCC(CC(=O)O)c1ccc(Cl)cc1,Baclofen,"VIII.e
                
VIII - Central-large-upper airway (incl. pharyngeal-nasal) involvement

                    VIII.e - Laryngospasm (a.k.a. laryngismus)                


                  VIII.h
                
VIII - Central-large-upper airway (incl. pharyngeal-nasal) involvement

                    VIII.h - Vocal cord dysfunction, adduction, closure, injury                


                  IX.d
                
IX - Neuromuscular / CNS involvement - Disordered breathing (during sleep)

                    IX.d - Respiratory failure from ventilatory depression (due to neuromuscular blockade/paralysis)                


                  IX.e
                
IX - Neuromuscular / CNS involvement - Disordered breathing (during sleep)

                    IX.e - Disordered breathing pattern incl. Cheyne-Stokes respiration                


                  IX.f
                
IX - Neuromuscular / CNS involvement - Disordered breathing (during sleep)

                    IX.f - Hiccup                


                  IX.p
                
IX - Neuromuscular / CNS involvement - Disordered breathing (during sleep)

                    IX.p - Disordered breathing during sleep - Sleep apnea                


                  IX.u
                
IX - Neuromuscular / CNS involvement - Disordered breathing (during sleep)

                    IX.u - Central sleep apnea                


                  XII.f
                
XII - Cardiovascular involvement / toxicity

                    XII.f - Cardiomyopathy (acute, subacute, chronic)                


                  XII.m
                
XII - Cardiovascular involvement / toxicity

                    XII.m - Cardiac- cardiorespiratory/pulmonary arrest",2284,Both,baclofen
O=C(O)CCNC(=O)c1ccc(N=Nc2ccc(O)c(C(=O)O)c2)cc1,Balsalazide,"I.c
                
I - Interstitial/parenchymal lung disease

                    I.c - Eosinophilic pneumonia (pulmonary infiltrates and eosinophilia)                


                  I.d
                
I - Interstitial/parenchymal lung disease

                    I.d - Organizing pneumonia pattern (an area or areas of consolidation on imaging)                


                  V.m
                
V - Pleural and/or pericardial involvement

                    V.m - Pleuropericarditis - Pleuropericardial effusion (ANA unknown or negative)                


                  XV.b
                
XV - Pathology

                    XV.b - Path: Eosinophilic pneumonia (subacute or acute)  (see also Ic)                


                  XV.c
                
XV - Pathology

                    XV.c - Path: Organizing pneumonia (OP/BOOP) pattern (see also Id)                


                  XV.ac
                
XV - Pathology

                    XV.ac - Path: Pulmonary vasculitis other than capillaritis",54585,Both,balsalazide
CCS(=O)(=O)N1CC(CC#N)(n2cc(-c3ncnc4[nH]ccc34)cn2)C1,Baricitinib,"I.b
                
I - Interstitial/parenchymal lung disease

                    I.b - Pneumonitis (ILD)",44205240,Both,baricitinib
CC1CC2C3CC=C4CC(=O)C=CC4(C)C3(Cl)C(O)CC2(C)C1(O)C(=O)CO,Beclomethasone,"I.c
                
I - Interstitial/parenchymal lung disease

                    I.c - Eosinophilic pneumonia (pulmonary infiltrates and eosinophilia)                


                  IV.a
                
IV - Airway involvement

                    IV.a - Bronchospasm - Wheezing - Asthma",20469,Both,beclomethasone
CCOC(=O)C(CCc1ccccc1)NC1CCc2ccccc2N(CC(=O)O)C1=O,Benazepril,"VIII.a
                
VIII - Central-large-upper airway (incl. pharyngeal-nasal) involvement

                    VIII.a - Angioedema (may cause UAO, asphyxia and death)",5362124,Both,benazepril
Cn1c(CCCC(=O)O)nc2cc(N(CCCl)CCCl)ccc21,Bendamustine,"IX.h
                
IX - Neuromuscular / CNS involvement - Disordered breathing (during sleep)

                    IX.h - Dyspnea, unexplained otherwise                


                  XVII.b
                
XVII - Infections & related conditions

                    XVII.b - Opportunistic pulmonary/systemic infections                


                  XVII.e
                
XVII - Infections & related conditions

                    XVII.e - Pneumocystis jiroveci pneumonia                


                  XVII.ag
                
XVII - Infections & related conditions

                    XVII.ag - CMV pneumonitis (reactivation)",65628,Both,bendamustine
CC(Cc1cccc(C(F)(F)F)c1)NCCOC(=O)c1ccccc1,Benfluorex,"V.a
                
V - Pleural and/or pericardial involvement

                    V.a - Pleural effusion (uni- or bilateral) (can accompany DI-LDs)                


                  V.c
                
V - Pleural and/or pericardial involvement

                    V.c - Pleural thickening - Fibrothorax                


                  VI.b
                
VI - Pulmonary vasculopathies

                    VI.b - Pulmonary arterial hypertension                


                  XII.b
                
XII - Cardiovascular involvement / toxicity

                    XII.b - Valvular heart disease and/or dysfunction",2318,Pneumotox_only,benfluorex
CC(C)N1C(=O)c2ccccc2NS1(=O)=O,Bentazone,"IX.c
                
IX - Neuromuscular / CNS involvement - Disordered breathing (during sleep)

                    IX.c - Chest wall muscle rigidity - Stiff/wooden chest                


                  IX.k
                
IX - Neuromuscular / CNS involvement - Disordered breathing (during sleep)

                    IX.k - Trismus (lockjaw)                


                  XI.r
                
XI - Miscellaneous

                    XI.r - Death following exposure or poisoning                


                  XII.m
                
XII - Cardiovascular involvement / toxicity

                    XII.m - Cardiac- cardiorespiratory/pulmonary arrest",2328,Pneumotox_only,bentazone
CCCCCCCCCCCCC[N+](C)(C)Cc1ccccc1,Benzalkonium chloride,"IV.a
                
IV - Airway involvement

                    IV.a - Bronchospasm - Wheezing - Asthma                


                  X.f
                
X - Systemic/Distant conditions, syndromes and reactions

                    X.f - Anaphylaxis-Anaphylactoid reaction (can be fatal)",3014024,Pneumotox_only,benzalkonium chloride
CCc1oc2ccccc2c1C(=O)c1cc(Br)c(O)c(Br)c1,Benzbromarone,"I.c
                
I - Interstitial/parenchymal lung disease

                    I.c - Eosinophilic pneumonia (pulmonary infiltrates and eosinophilia)                


                  III.a
                
III - Pulmonary/alveolar./airway hemorrhage/bleeding

                    III.a - Alveolar hemorrhage (AH), diffuse AH (DAH)                


                  XI.c
                
XI - Miscellaneous

                    XI.c - Pleuritic chest pain",2333,Pneumotox_only,benzbromarone
CCCCNc1ccc(C(=O)OCCOCCOCCOCCOCCOCCOCCOCCOCCOC)cc1,Benzonatate,"IV.a
                
IV - Airway involvement

                    IV.a - Bronchospasm - Wheezing - Asthma                


                  XI.d
                
XI - Miscellaneous

                    XI.d - Metabolic acidosis (incl. lactic acidosis/-gap). May cause hyperpnea/dyspnea                


                  XII.l
                
XII - Cardiovascular involvement / toxicity

                    XII.l - Cardiac arrhythmias or dysrhythmias (AF, VT, VF, TdP)                


                  XII.m
                
XII - Cardiovascular involvement / toxicity

                    XII.m - Cardiac- cardiorespiratory/pulmonary arrest",7699,Both,benzonatate
N#Cc1ccccc1,Benzonitrile,"XIV.a
                
XIV - Hemoglobinopathies - Abnormal hemoglobin states (acquired)

                    XIV.a - Methemoglobinemia",7505,Pneumotox_only,benzonitrile
O=C(OCc1ccccc1)c1ccccc1,Benzylbenzoate,"X.f
                
X - Systemic/Distant conditions, syndromes and reactions

                    X.f - Anaphylaxis-Anaphylactoid reaction (can be fatal)",2345,Pneumotox_only,benzylbenzoate
O=c1cc(Cc2ccccc2)[nH]c(=S)[nH]1,Benzylthiouracil,"I.b
                
I - Interstitial/parenchymal lung disease

                    I.b - Pneumonitis (ILD)                


                  III.b
                
III - Pulmonary/alveolar./airway hemorrhage/bleeding

                    III.b - Pneumorenal syndrome (w/wo ANCAs)                


                  III.d
                
III - Pulmonary/alveolar./airway hemorrhage/bleeding

                    III.d - Alveolar hemorrhage, diffuse (ANCA-positive/-related)                


                  VI.d
                
VI - Pulmonary vasculopathies

                    VI.d - Pulmonary vasculitis or capillaritis                


                  X.s
                
X - Systemic/Distant conditions, syndromes and reactions

                    X.s - Vasculitis, pulmonary (w/wo AH), extrapulmonary, systemic: ANCA-positive",685814,Pneumotox_only,benzylthiouracil
CC(C)COCC(CN(Cc1ccccc1)c1ccccc1)N1CCCC1,Bepridil,"I.b
                
I - Interstitial/parenchymal lung disease

                    I.b - Pneumonitis (ILD)                


                  I.g
                
I - Interstitial/parenchymal lung disease

                    I.g - Pulmonary fibrosis",2351,Both,bepridil
CNCCc1ccccn1,Betahistine,"IV.a
                
IV - Airway involvement

                    IV.a - Bronchospasm - Wheezing - Asthma",2366,Both,betahistine
CC(C)NCC(O)COc1ccc(CCOCC2CC2)cc1,Betaxolol,"I.d
                
I - Interstitial/parenchymal lung disease

                    I.d - Organizing pneumonia pattern (an area or areas of consolidation on imaging)                


                  IV.a
                
IV - Airway involvement

                    IV.a - Bronchospasm - Wheezing - Asthma                


                  V.d
                
V - Pleural and/or pericardial involvement

                    V.d - Pleural/pericardial effusion, ANA positive (DI lupus)",2369,Both,betaxolol
CC(C)(Oc1ccc(CCNC(=O)c2ccc(Cl)cc2)cc1)C(=O)O,Bezafibrate,"X.j
                
X - Systemic/Distant conditions, syndromes and reactions

                    X.j - Myopathy-Myositis-Polymyositis (see also under Xba)",39042,Both,bezafibrate
CC(O)(CS(=O)(=O)c1ccc(F)cc1)C(=O)Nc1ccc(C#N)c(C(F)(F)F)c1,Bicalutamide,"I.b
                
I - Interstitial/parenchymal lung disease

                    I.b - Pneumonitis (ILD)                


                  I.c
                
I - Interstitial/parenchymal lung disease

                    I.c - Eosinophilic pneumonia (pulmonary infiltrates and eosinophilia)                


                  XII.a
                
XII - Cardiovascular involvement / toxicity

                    XII.a - Left or biventricular dysfunction/failure",2375,Both,bicalutamide
CC(C)NCC(O)COc1ccc(COCCOC(C)C)cc1,Bisoprolol,"IV.a
                
IV - Airway involvement

                    IV.a - Bronchospasm - Wheezing - Asthma                


                  XII.af
                
XII - Cardiovascular involvement / toxicity

                    XII.af - Coronary vasospasm - Vasospastic angina",2405,Both,bisoprolol
CCC(C)C(NC(=O)C(CCC(=O)O)NC(=O)C(CCC(=O)O)NC(=O)C(Cc1ccccc1)NC(=O)C(CC(=O)O)NC(=O)CNC(=O)C(CC(N)=O)NC(=O)CNC(=O)CNC(=O)CNC(=O)CNC(=O)C1CCCN1C(=O)C(CCCN=C(N)N)NC(=O)C1CCCN1C(=O)C(N)Cc1ccccc1)C(=O)N1CCCC1C(=O)NC(CCC(=O)O)C(=O)NC(CCC(=O)O)C(=O)NC(Cc1ccc(O)cc1)C(=O)NC(CC(C)C)C(=O)O,Bivalirudin,"V.e
                
V - Pleural and/or pericardial involvement

                    V.e - Hemothorax - Serosanguineous pleural effusion",16129704,Both,bivalirudin
Cc1c(N)nc(C(CC(N)=O)NCC(N)C(N)=O)nc1C(=O)NC(C(=O)NC(C)C(O)C(C)C(=O)NC(C(=O)NCCc1nc(-c2nc(C(=O)NCCC[S+](C)C)cs2)cs1)C(C)O)C(OC1OC(CO)C(O)C(O)C1OC1OC(CO)C(O)C(OC(N)=O)C1O)c1c[nH]cn1,Bleomycin,"I.a
                
I - Interstitial/parenchymal lung disease

                    I.a - Pneumonitis (ILD), acute and/or severe (may cause ARDS)                


                  I.b
                
I - Interstitial/parenchymal lung disease

                    I.b - Pneumonitis (ILD)                


                  I.c
                
I - Interstitial/parenchymal lung disease

                    I.c - Eosinophilic pneumonia (pulmonary infiltrates and eosinophilia)                


                  I.d
                
I - Interstitial/parenchymal lung disease

                    I.d - Organizing pneumonia pattern (an area or areas of consolidation on imaging)                


                  I.f
                
I - Interstitial/parenchymal lung disease

                    I.f - Acute fibrinous organizing pneumonia (AFOP)                


                  I.g
                
I - Interstitial/parenchymal lung disease

                    I.g - Pulmonary fibrosis                


                  I.k
                
I - Interstitial/parenchymal lung disease

                    I.k - Lung nodule or nodules                


                  I.l
                
I - Interstitial/parenchymal lung disease

                    I.l - Diffuse alveolar damage (DAD) (see alsoo under IIb and XVf)                


                  I.p
                
I - Interstitial/parenchymal lung disease

                    I.p - Fatal pneumonitis (ILD)                


                  I.v
                
I - Interstitial/parenchymal lung disease

                    I.v - Abnormal lung function/pulmonary physiology (PFTs) without necessarily imaging or clinical evidence                


                  I.w
                
I - Interstitial/parenchymal lung disease

                    I.w - Rapidly progressive ILD/pulmonary fibrosis (Hamman-Rich syndrome)                


                  II.b
                
II - Pulmonary edema - Acute lung injury - ARDS

                    II.b - ARDS - Acute lung injury                


                  II.u
                
II - Pulmonary edema - Acute lung injury - ARDS

                    II.u - Acute respiratory failure (e.g. from ARDS, ILD, PIE, OP, pulmonary edema or bronchospasm) requiring ECMO                


                  V.f
                
V - Pleural and/or pericardial involvement

                    V.f - Pneumothorax                


                  V.p
                
V - Pleural and/or pericardial involvement

                    V.p - Pleuroparenchymal fibroelastosis (PPFE)                


                  V.z
                
V - Pleural and/or pericardial involvement

                    V.z - Pneumothorax (associated or secondary to drug-induced ILD)                


                  VI.c
                
VI - Pulmonary vasculopathies

                    VI.c - Pulmonary veno-occlusive disease                


                  VI.f
                
VI - Pulmonary vasculopathies

                    VI.f - Hemolytic and uremic syndrome (HUS). See also under Xaf                


                  VII.e
                
VII - Mediastinal involvement

                    VII.e - Granulomatous mediastinal lymphadenopathy                


                  VII.h
                
VII - Mediastinal involvement

                    VII.h - Pneumomediastinum                


                  XI.b
                
XI - Miscellaneous

                    XI.b - Chest pain (acute or subacute), lone or prominent                


                  XI.c
                
XI - Miscellaneous

                    XI.c - Pleuritic chest pain                


                  XV.a
                
XV - Pathology

                    XV.a - Path: NSIP-cellular pattern (see also Ia, Ib)                


                  XV.b
                
XV - Pathology

                    XV.b - Path: Eosinophilic pneumonia (subacute or acute)  (see also Ic)                


                  XV.c
                
XV - Pathology

                    XV.c - Path: Organizing pneumonia (OP/BOOP) pattern (see also Id)                


                  XV.d
                
XV - Pathology

                    XV.d - Path: Acute fibrinous organizing pneumonia (AFOP-pattern) (see also If)                


                  XV.f
                
XV - Pathology

                    XV.f - Path: Diffuse alveolar damage (DAD-pattern) (see also IL)                


                  XV.h
                
XV - Pathology

                    XV.h - Path: NSIP-fibrotic pattern                


                  XV.i
                
XV - Pathology

                    XV.i - Path: Pneumocyte atypia (reactive epithelial cells) (a.k.a. the ""Napoleon Hat"" sign)                


                  XV.j
                
XV - Pathology

                    XV.j - Path: Pulmonary fibrosis (UIP-pattern)                


                  XV.l
                
XV - Pathology

                    XV.l - Path: Pulmonary fibrosis (not otherwise specified or unclassifiable)                


                  XV.ax
                
XV - Pathology

                    XV.ax - Path: Focal organizing pneumonia                


                  XV.be
                
XV - Pathology

                    XV.be - Path: Interstitial pulmonary edema                


                  XV.bf
                
XV - Pathology

                    XV.bf - Path: Pulmonary necrotizing granuloma or granulomas                


                  XVI.a
                
XVI - Imaging

                    XVI.a - Imaging: Diffuse haze                


                  XVI.b
                
XVI - Imaging

                    XVI.b - Imaging: Ground-glass opacities (GGO) / shadowing                


                  XVI.e
                
XVI - Imaging

                    XVI.e - Imaging: Pulmonary opacities with a subpleural distribution                


                  XVI.k
                
XVI - Imaging

                    XVI.k - Imaging: An area or areas of consolidation                


                  XVI.w
                
XVI - Imaging

                    XVI.w - Imaging: Lung nodule or nodules                


                  XVI.ab
                
XVI - Imaging

                    XVI.ab - Imaging: Cavitating/cavitary lung nodule, mass or nodules (see also Iq, XIs, XIIi, XVIaa and XVIIp)                


                  XVI.af
                
XVI - Imaging

                    XVI.af - Imaging: Lung cysts or bullae (see also XVI ah/bf)                


                  XVI.bl
                
XVI - Imaging

                    XVI.bl - Imaging: An area or areas of avid tracer uptake in the lung/chest on 18F-PET scan                


                  XVIII.j
                
XVIII - Distinctive patterns - 'Eye-catchers'

                    XVIII.j - Eye-catcher: Avid lung uptake on 18F-PET-CT                


                  XIX.b
                
XIX - Cytological, biochemical features of/in BAL, pleural fluid or FNA

                    XIX.b - BAL: An excess proportion of neutrophils                


                  XXIV.a
                
XXIV - Veterinary medicine

                    XXIV.a - Veterinary: Pneumonitis - Interstitial lung disease                


                  XXIV.b
                
XXIV - Veterinary medicine

                    XXIV.b - Veterinary: Pulmonary fibrosis",5460769,Both,bleomycin
CC(C)CC(NC(=O)C(Cc1ccccc1)NC(=O)c1cnccn1)B(O)O,Bortezomib,"I.a
                
I - Interstitial/parenchymal lung disease

                    I.a - Pneumonitis (ILD), acute and/or severe (may cause ARDS)                


                  I.b
                
I - Interstitial/parenchymal lung disease

                    I.b - Pneumonitis (ILD)                


                  I.d
                
I - Interstitial/parenchymal lung disease

                    I.d - Organizing pneumonia pattern (an area or areas of consolidation on imaging)                


                  I.l
                
I - Interstitial/parenchymal lung disease

                    I.l - Diffuse alveolar damage (DAD) (see alsoo under IIb and XVf)                


                  II.b
                
II - Pulmonary edema - Acute lung injury - ARDS

                    II.b - ARDS - Acute lung injury                


                  III.a
                
III - Pulmonary/alveolar./airway hemorrhage/bleeding

                    III.a - Alveolar hemorrhage (AH), diffuse AH (DAH)                


                  VI.b
                
VI - Pulmonary vasculopathies

                    VI.b - Pulmonary arterial hypertension                


                  X.c
                
X - Systemic/Distant conditions, syndromes and reactions

                    X.c - Capillary leak syndrome (CLS)                


                  X.n
                
X - Systemic/Distant conditions, syndromes and reactions

                    X.n - Tumor lysis syndrome (TLS)                


                  X.o
                
X - Systemic/Distant conditions, syndromes and reactions

                    X.o - Neutrophilic dermatosis (Pyoderma, Sweet syndrome)                


                  XII.a
                
XII - Cardiovascular involvement / toxicity

                    XII.a - Left or biventricular dysfunction/failure                


                  XII.f
                
XII - Cardiovascular involvement / toxicity

                    XII.f - Cardiomyopathy (acute, subacute, chronic)                


                  XII.s
                
XII - Cardiovascular involvement / toxicity

                    XII.s - Heart block (bundle branch- or AV-)                


                  XII.ai
                
XII - Cardiovascular involvement / toxicity

                    XII.ai - Cardiotoxicity                


                  XV.a
                
XV - Pathology

                    XV.a - Path: NSIP-cellular pattern (see also Ia, Ib)                


                  XV.c
                
XV - Pathology

                    XV.c - Path: Organizing pneumonia (OP/BOOP) pattern (see also Id)                


                  XVII.e
                
XVII - Infections & related conditions

                    XVII.e - Pneumocystis jiroveci pneumonia                


                  XVII.h
                
XVII - Infections & related conditions

                    XVII.h - Nontuberculous pulmonary mycobacterial infection/superinfection                


                  XVII.j
                
XVII - Infections & related conditions

                    XVII.j - Mucormycosis (pulmonary, tracheobronchial or systemic)",387447,Both,bortezomib
COc1cc(Nc2c(C#N)cnc3cc(OCCCN4CCN(C)CC4)c(OC)cc23)c(Cl)cc1Cl,Bosutinib,"I.a
                
I - Interstitial/parenchymal lung disease

                    I.a - Pneumonitis (ILD), acute and/or severe (may cause ARDS)                


                  I.b
                
I - Interstitial/parenchymal lung disease

                    I.b - Pneumonitis (ILD)                


                  I.ao
                
I - Interstitial/parenchymal lung disease

                    I.ao - Pulmonary infiltrates                


                  V.a
                
V - Pleural and/or pericardial involvement

                    V.a - Pleural effusion (uni- or bilateral) (can accompany DI-LDs)                


                  V.ae
                
V - Pleural and/or pericardial involvement

                    V.ae - Pleural effusion, massive                


                  VI.b
                
VI - Pulmonary vasculopathies

                    VI.b - Pulmonary arterial hypertension",5328940,Both,bosutinib
COc1cc(N2CCC(N3CCN(C)CC3)CC2)ccc1Nc1ncc(Cl)c(Nc2ccccc2P(C)(C)=O)n1,Brigatinib,"I.b
                
I - Interstitial/parenchymal lung disease

                    I.b - Pneumonitis (ILD)                


                  I.ao
                
I - Interstitial/parenchymal lung disease

                    I.ao - Pulmonary infiltrates                


                  XVII.a
                
XVII - Infections & related conditions

                    XVII.a - Respiratory tract infection incl. pneumonia                


                  XVII.g
                
XVII - Infections & related conditions

                    XVII.g - Tuberculosis (pulmonary, pulmonary, extrapulmonary or disseminated). Reactivation or de novo",68165256,Both,brigatinib
O=c1c(C2CC(c3ccc(-c4ccc(Br)cc4)cc3)Cc3ccccc32)c(O)oc2ccccc12,Brodifacoum,"III.a
                
III - Pulmonary/alveolar./airway hemorrhage/bleeding

                    III.a - Alveolar hemorrhage (AH), diffuse AH (DAH)                


                  III.c
                
III - Pulmonary/alveolar./airway hemorrhage/bleeding

                    III.c - Hemoptysis                


                  III.m
                
III - Pulmonary/alveolar./airway hemorrhage/bleeding

                    III.m - Coagulopathy                


                  V.n
                
V - Pleural and/or pericardial involvement

                    V.n - Hemopericardium - Bloody pericardial effusion                


                  VI.a
                
VI - Pulmonary vasculopathies

                    VI.a - Pulmonary embolism - Venous thrombosis/thromboembolism                


                  VIII.a
                
VIII - Central-large-upper airway (incl. pharyngeal-nasal) involvement

                    VIII.a - Angioedema (may cause UAO, asphyxia and death)                


                  VIII.b
                
VIII - Central-large-upper airway (incl. pharyngeal-nasal) involvement

                    VIII.b - Hematoma of/around central airway wall potentially causing UAO                


                  XXIV.d
                
XXIV - Veterinary medicine

                    XXIV.d - Veterinary: Pulmonary bleeding (hemoptysis, alveolar hemorrhage)                


                  XXIV.e
                
XXIV - Veterinary medicine

                    XXIV.e - Veterinary: Tracheal hemorrhage, stenosis, collapse",54680676,Pneumotox_only,brodifacoum
O=c1c(C(CC(O)c2ccc(-c3ccc(Br)cc3)cc2)c2ccccc2)c(O)oc2ccccc12,Bromadiolone,,54680085,Pneumotox_only,bromadiolone
CC(C)C(Br)C(=O)NC(N)=O,Bromocarbamide,"II.b
                
II - Pulmonary edema - Acute lung injury - ARDS

                    II.b - ARDS - Acute lung injury                


                  XI.r
                
XI - Miscellaneous

                    XI.r - Death following exposure or poisoning",2447,Pneumotox_only,bromocarbamide
CC(C)(S)C(=O)NC(CS)C(=O)O,Bucillamine,"I.a
                
I - Interstitial/parenchymal lung disease

                    I.a - Pneumonitis (ILD), acute and/or severe (may cause ARDS)                


                  I.b
                
I - Interstitial/parenchymal lung disease

                    I.b - Pneumonitis (ILD)                


                  I.c
                
I - Interstitial/parenchymal lung disease

                    I.c - Eosinophilic pneumonia (pulmonary infiltrates and eosinophilia)                


                  I.d
                
I - Interstitial/parenchymal lung disease

                    I.d - Organizing pneumonia pattern (an area or areas of consolidation on imaging)                


                  IV.d
                
IV - Airway involvement

                    IV.d - Cough (lone)                


                  XI.t
                
XI - Miscellaneous

                    XI.t - Yellow nail syndrome",656604,Pneumotox_only,bucillamine
CCCCNc1cc(C(=O)O)cc(S(N)(=O)=O)c1Oc1ccccc1,Bumetanide,"I.b
                
I - Interstitial/parenchymal lung disease

                    I.b - Pneumonitis (ILD)                


                  I.g
                
I - Interstitial/parenchymal lung disease

                    I.g - Pulmonary fibrosis                


                  XI.b
                
XI - Miscellaneous

                    XI.b - Chest pain (acute or subacute), lone or prominent",2471,Both,bumetanide
Nc1cc(C(F)(F)F)c(-c2cc(N3CCOCC3)nc(N3CCOCC3)n2)cn1,Buparlisib,"I.b
                
I - Interstitial/parenchymal lung disease

                    I.b - Pneumonitis (ILD)",16654980,Pneumotox_only,buparlisib
COC12CCC3(CC1C(C)(O)C(C)(C)C)C1Cc4ccc(O)c5c4C3(CCN1CC1CC1)C2O5,Buprenorphine,"II.a
                
II - Pulmonary edema - Acute lung injury - ARDS

                    II.a - Pulmonary edema, noncardiogenic (NCPE)                


                  VI.b
                
VI - Pulmonary vasculopathies

                    VI.b - Pulmonary arterial hypertension                


                  IX.d
                
IX - Neuromuscular / CNS involvement - Disordered breathing (during sleep)

                    IX.d - Respiratory failure from ventilatory depression (due to neuromuscular blockade/paralysis)                


                  IX.i
                
IX - Neuromuscular / CNS involvement - Disordered breathing (during sleep)

                    IX.i - Respiratory arrest - Apnea                


                  X.f
                
X - Systemic/Distant conditions, syndromes and reactions

                    X.f - Anaphylaxis-Anaphylactoid reaction (can be fatal)                


                  XI.r
                
XI - Miscellaneous

                    XI.r - Death following exposure or poisoning",644073,Both,buprenorphine
CS(=O)(=O)OCCCCOS(C)(=O)=O,Busulfan,"I.a
                
I - Interstitial/parenchymal lung disease

                    I.a - Pneumonitis (ILD), acute and/or severe (may cause ARDS)                


                  I.b
                
I - Interstitial/parenchymal lung disease

                    I.b - Pneumonitis (ILD)                


                  I.d
                
I - Interstitial/parenchymal lung disease

                    I.d - Organizing pneumonia pattern (an area or areas of consolidation on imaging)                


                  I.g
                
I - Interstitial/parenchymal lung disease

                    I.g - Pulmonary fibrosis                


                  I.l
                
I - Interstitial/parenchymal lung disease

                    I.l - Diffuse alveolar damage (DAD) (see alsoo under IIb and XVf)                


                  I.n
                
I - Interstitial/parenchymal lung disease

                    I.n - Pulmonary alveolar proteinosis (PAP)                


                  I.v
                
I - Interstitial/parenchymal lung disease

                    I.v - Abnormal lung function/pulmonary physiology (PFTs) without necessarily imaging or clinical evidence                


                  II.b
                
II - Pulmonary edema - Acute lung injury - ARDS

                    II.b - ARDS - Acute lung injury                


                  XV.a
                
XV - Pathology

                    XV.a - Path: NSIP-cellular pattern (see also Ia, Ib)                


                  XV.c
                
XV - Pathology

                    XV.c - Path: Organizing pneumonia (OP/BOOP) pattern (see also Id)                


                  XV.d
                
XV - Pathology

                    XV.d - Path: Acute fibrinous organizing pneumonia (AFOP-pattern) (see also If)                


                  XV.f
                
XV - Pathology

                    XV.f - Path: Diffuse alveolar damage (DAD-pattern) (see also IL)                


                  XV.h
                
XV - Pathology

                    XV.h - Path: NSIP-fibrotic pattern                


                  XV.i
                
XV - Pathology

                    XV.i - Path: Pneumocyte atypia (reactive epithelial cells) (a.k.a. the ""Napoleon Hat"" sign)                


                  XV.n
                
XV - Pathology

                    XV.n - Path: Pulmonary alveolar proteinosis pattern (PAP pattern)                


                  XV.bc
                
XV - Pathology

                    XV.bc - Path: Opportunistic pulmonary infection (see also XVII/XVIIb-d-e)                


                  XVI.d
                
XVI - Imaging

                    XVI.d - Imaging: Alveolar opacities or haze with a batwing or butterfly distribution                


                  XVII.f
                
XVII - Infections & related conditions

                    XVII.f - Tuberculosis, miliary                


                  XIX.g
                
XIX - Cytological, biochemical features of/in BAL, pleural fluid or FNA

                    XIX.g - BAL: Atypical epithelial cells (at times poetically named",2478,Both,busulfan
CCCC,Butane,"II.a
                
II - Pulmonary edema - Acute lung injury - ARDS

                    II.a - Pulmonary edema, noncardiogenic (NCPE)                


                  XI.s
                
XI - Miscellaneous

                    XI.s - Sniffing death - Death from inhalation of compound                


                  XV.w
                
XV - Pathology

                    XV.w - Path: Pulmonary edema (see also II/IIa)",7843,Pneumotox_only,butane
CCCC(=O)N(c1ccccc1)C1CCN(CCc2ccccc2)CC1,Butyrfentanyl,"III.a
                
III - Pulmonary/alveolar./airway hemorrhage/bleeding

                    III.a - Alveolar hemorrhage (AH), diffuse AH (DAH)                


                  III.c
                
III - Pulmonary/alveolar./airway hemorrhage/bleeding

                    III.c - Hemoptysis                


                  IX.d
                
IX - Neuromuscular / CNS involvement - Disordered breathing (during sleep)

                    IX.d - Respiratory failure from ventilatory depression (due to neuromuscular blockade/paralysis)",621174,Pneumotox_only,butyrfentanyl
COC1=C2C(C)C(OC(=O)C(O)C(NC(=O)OC(C)(C)C)c3ccccc3)CC(O)(C(OC(=O)c3ccccc3)C3C4(OC(C)=O)COC4CC(OC)C3(C)C1=O)C2(C)C,Cabazitaxel,"I.b
                
I - Interstitial/parenchymal lung disease

                    I.b - Pneumonitis (ILD)                


                  I.ad
                
I - Interstitial/parenchymal lung disease

                    I.ad - Radiation recall pneumonitis",9854073,Both,cabazitaxel
C=CCN1CC(C(=O)N(CCCN(C)C)C(=O)NCC)CC2c3cccc4[nH]cc(c34)CC21,Cabergoline,"I.b
                
I - Interstitial/parenchymal lung disease

                    I.b - Pneumonitis (ILD)                


                  I.m
                
I - Interstitial/parenchymal lung disease

                    I.m - ILD with a granulomatous component                


                  V.a
                
V - Pleural and/or pericardial involvement

                    V.a - Pleural effusion (uni- or bilateral) (can accompany DI-LDs)                


                  V.c
                
V - Pleural and/or pericardial involvement

                    V.c - Pleural thickening - Fibrothorax                


                  VI.b
                
VI - Pulmonary vasculopathies

                    VI.b - Pulmonary arterial hypertension                


                  XII.a
                
XII - Cardiovascular involvement / toxicity

                    XII.a - Left or biventricular dysfunction/failure                


                  XII.b
                
XII - Cardiovascular involvement / toxicity

                    XII.b - Valvular heart disease and/or dysfunction                


                  XII.c
                
XII - Cardiovascular involvement / toxicity

                    XII.c - Pericardial effusion (w/wo tamponade)",54746,Both,cabergoline
COc1cc2nccc(Oc3ccc(NC(=O)C4(C(=O)Nc5ccc(F)cc5)CC4)cc3)c2cc1OC,Cabozantinib,"III.h
                
III - Pulmonary/alveolar./airway hemorrhage/bleeding

                    III.h - Major/massive hemoptysis                


                  VI.a
                
VI - Pulmonary vasculopathies

                    VI.a - Pulmonary embolism - Venous thrombosis/thromboembolism                


                  XII.a
                
XII - Cardiovascular involvement / toxicity

                    XII.a - Left or biventricular dysfunction/failure                


                  XII.f
                
XII - Cardiovascular involvement / toxicity

                    XII.f - Cardiomyopathy (acute, subacute, chronic)                


                  XII.r
                
XII - Cardiovascular involvement / toxicity

                    XII.r - Heart failure (biventricular, congestive)",25102847,Both,cabozantinib
Cn1c(=O)c2c(ncn2C)n(C)c1=O,Caffeine,"XI.r
                
XI - Miscellaneous

                    XI.r - Death following exposure or poisoning                


                  XII.g
                
XII - Cardiovascular involvement / toxicity

                    XII.g - Coronary artery disease (acute) - Myocardial ischemia/infarction                


                  XII.l
                
XII - Cardiovascular involvement / toxicity

                    XII.l - Cardiac arrhythmias or dysrhythmias (AF, VT, VF, TdP)                


                  XII.n
                
XII - Cardiovascular involvement / toxicity

                    XII.n - Cardiovascular collapse - Cardiogenic shock - Hypotension",2519,Both,caffeine
CC12CCC(CC1=O)C2(C)C,Camphor,"IX.d
                
IX - Neuromuscular / CNS involvement - Disordered breathing (during sleep)

                    IX.d - Respiratory failure from ventilatory depression (due to neuromuscular blockade/paralysis)                


                  IX.i
                
IX - Neuromuscular / CNS involvement - Disordered breathing (during sleep)

                    IX.i - Respiratory arrest - Apnea                


                  X.u
                
X - Systemic/Distant conditions, syndromes and reactions

                    X.u - Multiple organ dysfunction/failure (MODS/MOF)                


                  XII.l
                
XII - Cardiovascular involvement / toxicity

                    XII.l - Cardiac arrhythmias or dysrhythmias (AF, VT, VF, TdP)                


                  XII.m
                
XII - Cardiovascular involvement / toxicity

                    XII.m - Cardiac- cardiorespiratory/pulmonary arrest",2537,Pneumotox_only,camphor
CCOc1nc2cccc(C(=O)OC(C)OC(=O)OC3CCCCC3)c2n1Cc1ccc(-c2ccccc2-c2nn[nH]n2)cc1,Candesartan,"VIII.a
                
VIII - Central-large-upper airway (incl. pharyngeal-nasal) involvement

                    VIII.a - Angioedema (may cause UAO, asphyxia and death)",2540,Both,candesartan
CSCCNc1nc(SCCC(F)(F)F)nc2c1ncn2C1OC(COP(=O)(O)OP(=O)(O)C(Cl)(Cl)P(=O)(O)O)C(O)C1O,Cangrelor,"IX.h
                
IX - Neuromuscular / CNS involvement - Disordered breathing (during sleep)

                    IX.h - Dyspnea, unexplained otherwise",9854012,Both,cangrelor
CCCCCOC(=O)Nc1nc(=O)n(C2OC(C)C(O)C2O)cc1F,Capecitabine,"I.m
                
I - Interstitial/parenchymal lung disease

                    I.m - ILD with a granulomatous component                


                  VII.a
                
VII - Mediastinal involvement

                    VII.a - Lymphadenopathy (intrathoracic)                


                  VIII.af
                
VIII - Central-large-upper airway (incl. pharyngeal-nasal) involvement

                    VIII.af - Oromandibular dystonia                


                  X.k
                
X - Systemic/Distant conditions, syndromes and reactions

                    X.k - Sarcoid-like granulomatosis (endo-/extrathoracic)                


                  XI.b
                
XI - Miscellaneous

                    XI.b - Chest pain (acute or subacute), lone or prominent                


                  XII.d
                
XII - Cardiovascular involvement / toxicity

                    XII.d - Myocarditis (can be fulminant)                


                  XII.g
                
XII - Cardiovascular involvement / toxicity

                    XII.g - Coronary artery disease (acute) - Myocardial ischemia/infarction                


                  XII.af
                
XII - Cardiovascular involvement / toxicity

                    XII.af - Coronary vasospasm - Vasospastic angina",60953,Both,capecitabine
CNC(=O)c1ccc(-c2cnc3ncc(Cc4ccc5ncccc5c4)n3n2)cc1F,Capmatinib,"I.b
                
I - Interstitial/parenchymal lung disease

                    I.b - Pneumonitis (ILD)",25145656,Both,capmatinib
COc1cc(CNC(=O)CCCCC=CC(C)C)ccc1O,Capsaicin,"IV.q
                
IV - Airway involvement

                    IV.q - Reactive airway dysfunction syndrome (RADS)                


                  XII.af
                
XII - Cardiovascular involvement / toxicity

                    XII.af - Coronary vasospasm - Vasospastic angina",1548943,Both,capsaicin
CC(CS)C(=O)N1CCCC1C(=O)O,Captopril,"I.b
                
I - Interstitial/parenchymal lung disease

                    I.b - Pneumonitis (ILD)                


                  I.c
                
I - Interstitial/parenchymal lung disease

                    I.c - Eosinophilic pneumonia (pulmonary infiltrates and eosinophilia)                


                  IV.a
                
IV - Airway involvement

                    IV.a - Bronchospasm - Wheezing - Asthma                


                  IV.d
                
IV - Airway involvement

                    IV.d - Cough (lone)                


                  V.d
                
V - Pleural and/or pericardial involvement

                    V.d - Pleural/pericardial effusion, ANA positive (DI lupus)                


                  VIII.a
                
VIII - Central-large-upper airway (incl. pharyngeal-nasal) involvement

                    VIII.a - Angioedema (may cause UAO, asphyxia and death)                


                  X.b
                
X - Systemic/Distant conditions, syndromes and reactions

                    X.b - Antiphospholipid antibodies w/wo the APL syndrome                


                  X.d
                
X - Systemic/Distant conditions, syndromes and reactions

                    X.d - Lupus - Lupus syndrome (see also Vd)                


                  XII.al
                
XII - Cardiovascular involvement / toxicity

                    XII.al - Hyperkinetic circulation",44093,Both,captopril
NC(=O)[O-],Carbamates,"II.b
                
II - Pulmonary edema - Acute lung injury - ARDS

                    II.b - ARDS - Acute lung injury                


                  IV.t
                
IV - Airway involvement

                    IV.t - Sptutum production - Bronchorrhea - 'Bronchitis'",276,Pneumotox_only,carbamates
NC(=O)N1c2ccccc2C=Cc2ccccc21,Carbamazepine,"I.a
                
I - Interstitial/parenchymal lung disease

                    I.a - Pneumonitis (ILD), acute and/or severe (may cause ARDS)                


                  I.b
                
I - Interstitial/parenchymal lung disease

                    I.b - Pneumonitis (ILD)                


                  I.c
                
I - Interstitial/parenchymal lung disease

                    I.c - Eosinophilic pneumonia (pulmonary infiltrates and eosinophilia)                


                  I.d
                
I - Interstitial/parenchymal lung disease

                    I.d - Organizing pneumonia pattern (an area or areas of consolidation on imaging)                


                  I.k
                
I - Interstitial/parenchymal lung disease

                    I.k - Lung nodule or nodules                


                  I.l
                
I - Interstitial/parenchymal lung disease

                    I.l - Diffuse alveolar damage (DAD) (see alsoo under IIb and XVf)                


                  II.a
                
II - Pulmonary edema - Acute lung injury - ARDS

                    II.a - Pulmonary edema, noncardiogenic (NCPE)                


                  II.b
                
II - Pulmonary edema - Acute lung injury - ARDS

                    II.b - ARDS - Acute lung injury                


                  IV.a
                
IV - Airway involvement

                    IV.a - Bronchospasm - Wheezing - Asthma                


                  V.a
                
V - Pleural and/or pericardial involvement

                    V.a - Pleural effusion (uni- or bilateral) (can accompany DI-LDs)                


                  V.d
                
V - Pleural and/or pericardial involvement

                    V.d - Pleural/pericardial effusion, ANA positive (DI lupus)                


                  VII.a
                
VII - Mediastinal involvement

                    VII.a - Lymphadenopathy (intrathoracic)                


                  VII.b
                
VII - Mediastinal involvement

                    VII.b - Lymphadenopathy with reactive changes                


                  X.a
                
X - Systemic/Distant conditions, syndromes and reactions

                    X.a - DRES syndrome - DRESS-like reaction                


                  X.d
                
X - Systemic/Distant conditions, syndromes and reactions

                    X.d - Lupus - Lupus syndrome (see also Vd)                


                  X.m
                
X - Systemic/Distant conditions, syndromes and reactions

                    X.m - Vascultis (pulmonary, extrathoracic or systemic)-ANCA status unknown or negative)                


                  XII.a
                
XII - Cardiovascular involvement / toxicity

                    XII.a - Left or biventricular dysfunction/failure                


                  XII.c
                
XII - Cardiovascular involvement / toxicity

                    XII.c - Pericardial effusion (w/wo tamponade)                


                  XII.d
                
XII - Cardiovascular involvement / toxicity

                    XII.d - Myocarditis (can be fulminant)                


                  XII.l
                
XII - Cardiovascular involvement / toxicity

                    XII.l - Cardiac arrhythmias or dysrhythmias (AF, VT, VF, TdP)                


                  XII.s
                
XII - Cardiovascular involvement / toxicity

                    XII.s - Heart block (bundle branch- or AV-)                


                  XIII.b
                
XIII - Neoplastic conditions

                    XIII.b - Lymphoproliferative disease (pulmonary, endobronchial, endothoracic)                


                  XV.a
                
XV - Pathology

                    XV.a - Path: NSIP-cellular pattern (see also Ia, Ib)                


                  XV.b
                
XV - Pathology

                    XV.b - Path: Eosinophilic pneumonia (subacute or acute)  (see also Ic)                


                  XV.c
                
XV - Pathology

                    XV.c - Path: Organizing pneumonia (OP/BOOP) pattern (see also Id)                


                  XV.e
                
XV - Pathology

                    XV.e - Path: ILD with a granulomatous component (see also Im)                


                  XVI.ab
                
XVI - Imaging

                    XVI.ab - Imaging: Cavitating/cavitary lung nodule, mass or nodules (see also Iq, XIs, XIIi, XVIaa and XVIIp)",2554,Both,carbamazepine
O=C(O)C1=CCC2CC(=O)N12,Carbapenems,,134085,Pneumotox_only,carbapenems
CCOC(=O)n1ccn(C)c1=S,Carbimazole,"III.b
                
III - Pulmonary/alveolar./airway hemorrhage/bleeding

                    III.b - Pneumorenal syndrome (w/wo ANCAs)                


                  III.d
                
III - Pulmonary/alveolar./airway hemorrhage/bleeding

                    III.d - Alveolar hemorrhage, diffuse (ANCA-positive/-related)                


                  V.a
                
V - Pleural and/or pericardial involvement

                    V.a - Pleural effusion (uni- or bilateral) (can accompany DI-LDs)                


                  V.b
                
V - Pleural and/or pericardial involvement

                    V.b - Eosinophilic pleural effusion                


                  VI.d
                
VI - Pulmonary vasculopathies

                    VI.d - Pulmonary vasculitis or capillaritis                


                  X.m
                
X - Systemic/Distant conditions, syndromes and reactions

                    X.m - Vascultis (pulmonary, extrathoracic or systemic)-ANCA status unknown or negative)                


                  X.s
                
X - Systemic/Distant conditions, syndromes and reactions

                    X.s - Vasculitis, pulmonary (w/wo AH), extrapulmonary, systemic: ANCA-positive",31072,Both,carbimazole
NC(CSCC(=O)O)C(=O)O,Carbocysteine,"I.b
                
I - Interstitial/parenchymal lung disease

                    I.b - Pneumonitis (ILD)",193653,Pneumotox_only,carbocysteine
O=C(O)C1(C(=O)O)CCC1.[Pt+2],Carboplatin,"II.b
                
II - Pulmonary edema - Acute lung injury - ARDS

                    II.b - ARDS - Acute lung injury                


                  IV.a
                
IV - Airway involvement

                    IV.a - Bronchospasm - Wheezing - Asthma                


                  X.f
                
X - Systemic/Distant conditions, syndromes and reactions

                    X.f - Anaphylaxis-Anaphylactoid reaction (can be fatal)                


                  X.g
                
X - Systemic/Distant conditions, syndromes and reactions

                    X.g - Hypersensitivity reaction (may manifest with fever and/or skin, throat or airway involvement)                


                  XI.u
                
XI - Miscellaneous

                    XI.u - Chest pressure/discomfort                


                  XI.ay
                
XI - Miscellaneous

                    XI.ay - Chest tightness                


                  XII.af
                
XII - Cardiovascular involvement / toxicity

                    XII.af - Coronary vasospasm - Vasospastic angina",426756,Both,carboplatin
CCCCCC(C)(O)C=CC1C(O)CC(O)C1CC=CCCCC(=O)O,Carboprost,"II.a
                
II - Pulmonary edema - Acute lung injury - ARDS

                    II.a - Pulmonary edema, noncardiogenic (NCPE)                


                  II.i
                
II - Pulmonary edema - Acute lung injury - ARDS

                    II.i - Flash (fulminate) pulmonary edema",5281075,Both,carboprost
CC(C)CC(NC(=O)C(CCc1ccccc1)NC(=O)CN1CCOCC1)C(=O)NC(Cc1ccccc1)C(=O)NC(CC(C)C)C(=O)C1(C)CO1,Carfilzomib,"I.a
                
I - Interstitial/parenchymal lung disease

                    I.a - Pneumonitis (ILD), acute and/or severe (may cause ARDS)                


                  I.b
                
I - Interstitial/parenchymal lung disease

                    I.b - Pneumonitis (ILD)                


                  III.a
                
III - Pulmonary/alveolar./airway hemorrhage/bleeding

                    III.a - Alveolar hemorrhage (AH), diffuse AH (DAH)                


                  VI.b
                
VI - Pulmonary vasculopathies

                    VI.b - Pulmonary arterial hypertension                


                  X.n
                
X - Systemic/Distant conditions, syndromes and reactions

                    X.n - Tumor lysis syndrome (TLS)                


                  XII.a
                
XII - Cardiovascular involvement / toxicity

                    XII.a - Left or biventricular dysfunction/failure                


                  XII.f
                
XII - Cardiovascular involvement / toxicity

                    XII.f - Cardiomyopathy (acute, subacute, chronic)                


                  XII.ai
                
XII - Cardiovascular involvement / toxicity

                    XII.ai - Cardiotoxicity                


                  XVII.a
                
XVII - Infections & related conditions

                    XVII.a - Respiratory tract infection incl. pneumonia                


                  XVII.o
                
XVII - Infections & related conditions

                    XVII.o - Nocardia pulmonary/systemic infection                


                  XXI.a
                
XXI - Rechallenge data

                    XXI.a - Rechallenge can lead to near-fatal or fatal relapse of AE/ILD                


                  XXI.b
                
XXI - Rechallenge data

                    XXI.b - Rechallenge can lead to relapse of AE/ILD",11556711,Both,carfilzomib
CCCC(C)(COC(N)=O)COC(=O)NC(C)C,Carisoprodol,"XI.r
                
XI - Miscellaneous

                    XI.r - Death following exposure or poisoning",2576,Both,carisoprodol
CC(C)(C)NCC(O)COc1cccc2c1CCC(=O)N2,Carteolol,"IV.a
                
IV - Airway involvement

                    IV.a - Bronchospasm - Wheezing - Asthma",2583,Both,carteolol
COc1ccccc1OCCNCC(O)COc1cccc2[nH]c3ccccc3c12,Carvedilol,"I.b
                
I - Interstitial/parenchymal lung disease

                    I.b - Pneumonitis (ILD)                


                  IV.a
                
IV - Airway involvement

                    IV.a - Bronchospasm - Wheezing - Asthma                


                  IV.f
                
IV - Airway involvement

                    IV.f - Severe or catastrophic bronchospasm or asthma attack (can be fatal)                


                  X.d
                
X - Systemic/Distant conditions, syndromes and reactions

                    X.d - Lupus - Lupus syndrome (see also Vd)",2585,Both,carvedilol
Cc1nnc(SCC2=C(C(=O)O)N3C(=O)C(NC(=O)Cn4cnnn4)C3SC2)s1,Cefazolin,"IV.f
                
IV - Airway involvement

                    IV.f - Severe or catastrophic bronchospasm or asthma attack (can be fatal)                


                  X.f
                
X - Systemic/Distant conditions, syndromes and reactions

                    X.f - Anaphylaxis-Anaphylactoid reaction (can be fatal)",33255,Both,cefazolin
COC1(NC(O)=c2sc(=C(C(N)=O)C(=O)O)s2)C(=O)N2C(C(=O)O)=C(CSc3nnnn3C)CSC21,Cefotetan,"X.f
                
X - Systemic/Distant conditions, syndromes and reactions

                    X.f - Anaphylaxis-Anaphylactoid reaction (can be fatal)",53025,Pneumotox_only,cefotetan
CN(C)CCn1nnnc1SCC1=C(C(=O)O)N2C(=O)C(NC(=O)Cc3csc(N)n3)C2SC1,Cefotiam,"I.c
                
I - Interstitial/parenchymal lung disease

                    I.c - Eosinophilic pneumonia (pulmonary infiltrates and eosinophilia)",43708,Pneumotox_only,cefotiam
COCC1=C(C(=O)O)N2C(=O)C(=NC(=O)C(NOC)c3csc(N)n3)C2SC1,Cefpodoxime,"I.c
                
I - Interstitial/parenchymal lung disease

                    I.c - Eosinophilic pneumonia (pulmonary infiltrates and eosinophilia)",6335986,Both,cefpodoxime
CON=C(C(=O)NC1C(=O)N2C(C(=O)O)=C(CSc3nc(=O)c(=O)[nH]n3C)CSC12)c1csc(N)n1,Ceftriaxone,"I.c
                
I - Interstitial/parenchymal lung disease

                    I.c - Eosinophilic pneumonia (pulmonary infiltrates and eosinophilia)                


                  VI.b
                
VI - Pulmonary vasculopathies

                    VI.b - Pulmonary arterial hypertension                


                  IX.i
                
IX - Neuromuscular / CNS involvement - Disordered breathing (during sleep)

                    IX.i - Respiratory arrest - Apnea                


                  X.a
                
X - Systemic/Distant conditions, syndromes and reactions

                    X.a - DRES syndrome - DRESS-like reaction                


                  X.f
                
X - Systemic/Distant conditions, syndromes and reactions

                    X.f - Anaphylaxis-Anaphylactoid reaction (can be fatal)                


                  XII.m
                
XII - Cardiovascular involvement / toxicity

                    XII.m - Cardiac- cardiorespiratory/pulmonary arrest                


                  XIX.c
                
XIX - Cytological, biochemical features of/in BAL, pleural fluid or FNA

                    XIX.c - BAL: An excess proportion of eosinophils                


                  XXIV.h
                
XXIV - Veterinary medicine

                    XXIV.h - Veterinary: Anaphylaxis/Anaphylactoid reaction",5479530,Both,ceftriaxone
CON=C(C(=O)NC1C(=O)N2C(C(=O)O)=C(COC(N)=O)CSC12)c1ccco1,Cefuroxime,"IV.c
                
IV - Airway involvement

                    IV.c - Obliterative bronchiolitis (a pattern consistent with) (see also IVn, XVx)                


                  IV.ai
                
IV - Airway involvement

                    IV.ai - Bronchiolitis obliterans, post-Stevens-Johnson",41375,Both,cefuroxime
CON=C(C(=O)NC1C(=O)N2C(C(=O)OC(C)OC(C)=O)=C(COC(N)=O)CSC12)c1ccco1,Cefuroxime axetil,"X.f
                
X - Systemic/Distant conditions, syndromes and reactions

                    X.f - Anaphylaxis-Anaphylactoid reaction (can be fatal)                


                  XII.af
                
XII - Cardiovascular involvement / toxicity

                    XII.af - Coronary vasospasm - Vasospastic angina",5361467,Both,cefuroxime axetil
Cc1ccc(-c2cc(C(F)(F)F)nn2-c2ccc(S(N)(=O)=O)cc2)cc1,Celecoxib,"I.c
                
I - Interstitial/parenchymal lung disease

                    I.c - Eosinophilic pneumonia (pulmonary infiltrates and eosinophilia)                


                  II.a
                
II - Pulmonary edema - Acute lung injury - ARDS

                    II.a - Pulmonary edema, noncardiogenic (NCPE)                


                  IV.a
                
IV - Airway involvement

                    IV.a - Bronchospasm - Wheezing - Asthma                


                  X.a
                
X - Systemic/Distant conditions, syndromes and reactions

                    X.a - DRES syndrome - DRESS-like reaction                


                  X.f
                
X - Systemic/Distant conditions, syndromes and reactions

                    X.f - Anaphylaxis-Anaphylactoid reaction (can be fatal)                


                  XIV.a
                
XIV - Hemoglobinopathies - Abnormal hemoglobin states (acquired)

                    XIV.a - Methemoglobinemia",2662,Both,celecoxib
CCN(CC)C(=O)Nc1ccc(OCC(O)CNC(C)(C)C)c(C(C)=O)c1,Celiprolol,"I.a
                
I - Interstitial/parenchymal lung disease

                    I.a - Pneumonitis (ILD), acute and/or severe (may cause ARDS)                


                  IV.a
                
IV - Airway involvement

                    IV.a - Bronchospasm - Wheezing - Asthma",2663,Both,celiprolol
CC1=C(C(=O)O)N2C(=O)C(NC(=O)C(N)c3ccccc3)C2SC1,Cephalexin,"I.d
                
I - Interstitial/parenchymal lung disease

                    I.d - Organizing pneumonia pattern (an area or areas of consolidation on imaging)",27447,Both,cephalexin
Cc1cc(Nc2ncc(Cl)c(Nc3ccccc3S(=O)(=O)C(C)C)n2)c(OC(C)C)cc1C1CCNCC1,Ceritinib,"I.a
                
I - Interstitial/parenchymal lung disease

                    I.a - Pneumonitis (ILD), acute and/or severe (may cause ARDS)                


                  I.b
                
I - Interstitial/parenchymal lung disease

                    I.b - Pneumonitis (ILD)                


                  I.d
                
I - Interstitial/parenchymal lung disease

                    I.d - Organizing pneumonia pattern (an area or areas of consolidation on imaging)                


                  V.a
                
V - Pleural and/or pericardial involvement

                    V.a - Pleural effusion (uni- or bilateral) (can accompany DI-LDs)                


                  X.k
                
X - Systemic/Distant conditions, syndromes and reactions

                    X.k - Sarcoid-like granulomatosis (endo-/extrathoracic)                


                  XII.l
                
XII - Cardiovascular involvement / toxicity

                    XII.l - Cardiac arrhythmias or dysrhythmias (AF, VT, VF, TdP)                


                  XII.p
                
XII - Cardiovascular involvement / toxicity

                    XII.p - QTc prolongation                


                  XII.q
                
XII - Cardiovascular involvement / toxicity

                    XII.q - Pericarditis (see also under XIIc)                


                  XV.c
                
XV - Pathology

                    XV.c - Path: Organizing pneumonia (OP/BOOP) pattern (see also Id)                


                  XV.cy
                
XV - Pathology

                    XV.cy - Path: Bronchial sarcoid-like granulomas                


                  XIX.a
                
XIX - Cytological, biochemical features of/in BAL, pleural fluid or FNA

                    XIX.a - BAL: An excess proportion of lymphocytes",57379345,Both,ceritinib
FC(F)(F)c1cccc(C2=CCN(CCc3ccc4ccccc4c3)CC2)c1,Certolizumab,"I.b
                
I - Interstitial/parenchymal lung disease

                    I.b - Pneumonitis (ILD)                


                  I.w
                
I - Interstitial/parenchymal lung disease

                    I.w - Rapidly progressive ILD/pulmonary fibrosis (Hamman-Rich syndrome)                


                  X.k
                
X - Systemic/Distant conditions, syndromes and reactions

                    X.k - Sarcoid-like granulomatosis (endo-/extrathoracic)",128919,Pneumotox_only,certolizumab
O=C(O)CCCc1ccc(N(CCCl)CCCl)cc1,Chlorambucil,"I.b
                
I - Interstitial/parenchymal lung disease

                    I.b - Pneumonitis (ILD)                


                  I.d
                
I - Interstitial/parenchymal lung disease

                    I.d - Organizing pneumonia pattern (an area or areas of consolidation on imaging)                


                  I.g
                
I - Interstitial/parenchymal lung disease

                    I.g - Pulmonary fibrosis                


                  I.w
                
I - Interstitial/parenchymal lung disease

                    I.w - Rapidly progressive ILD/pulmonary fibrosis (Hamman-Rich syndrome)                


                  II.b
                
II - Pulmonary edema - Acute lung injury - ARDS

                    II.b - ARDS - Acute lung injury                


                  X.a
                
X - Systemic/Distant conditions, syndromes and reactions

                    X.a - DRES syndrome - DRESS-like reaction                


                  XV.i
                
XV - Pathology

                    XV.i - Path: Pneumocyte atypia (reactive epithelial cells) (a.k.a. the ""Napoleon Hat"" sign)                


                  XV.l
                
XV - Pathology

                    XV.l - Path: Pulmonary fibrosis (not otherwise specified or unclassifiable)                


                  XIX.a
                
XIX - Cytological, biochemical features of/in BAL, pleural fluid or FNA

                    XIX.a - BAL: An excess proportion of lymphocytes",2708,Both,chlorambucil
CN=C1CN(O)C(c2ccccc2)=c2cc(Cl)ccc2=N1,Chlordiazepoxide,"II.a
                
II - Pulmonary edema - Acute lung injury - ARDS

                    II.a - Pulmonary edema, noncardiogenic (NCPE)",2712,Both,chlordiazepoxide
N=C(N=C(N)NCCCCCCN=C(N)N=C(N)Nc1ccc(Cl)cc1)Nc1ccc(Cl)cc1,Chlorhexidine,"II.b
                
II - Pulmonary edema - Acute lung injury - ARDS

                    II.b - ARDS - Acute lung injury                


                  IV.a
                
IV - Airway involvement

                    IV.a - Bronchospasm - Wheezing - Asthma                


                  X.f
                
X - Systemic/Distant conditions, syndromes and reactions

                    X.f - Anaphylaxis-Anaphylactoid reaction (can be fatal)",9552079,Both,chlorhexidine
CCN(CC)CCCC(C)Nc1ccnc2cc(Cl)ccc12,Chloroquine,"I.b
                
I - Interstitial/parenchymal lung disease

                    I.b - Pneumonitis (ILD)                


                  I.c
                
I - Interstitial/parenchymal lung disease

                    I.c - Eosinophilic pneumonia (pulmonary infiltrates and eosinophilia)                


                  I.d
                
I - Interstitial/parenchymal lung disease

                    I.d - Organizing pneumonia pattern (an area or areas of consolidation on imaging)                


                  I.e
                
I - Interstitial/parenchymal lung disease

                    I.e - Acute eosinophilic pneumonia (AEP)                


                  II.b
                
II - Pulmonary edema - Acute lung injury - ARDS

                    II.b - ARDS - Acute lung injury                


                  VI.b
                
VI - Pulmonary vasculopathies

                    VI.b - Pulmonary arterial hypertension                


                  IX.a
                
IX - Neuromuscular / CNS involvement - Disordered breathing (during sleep)

                    IX.a - Diaphragm/inspiratory muscle weakness/paralysis (w/wo ARF)                


                  IX.i
                
IX - Neuromuscular / CNS involvement - Disordered breathing (during sleep)

                    IX.i - Respiratory arrest - Apnea                


                  X.a
                
X - Systemic/Distant conditions, syndromes and reactions

                    X.a - DRES syndrome - DRESS-like reaction                


                  XI.r
                
XI - Miscellaneous

                    XI.r - Death following exposure or poisoning                


                  XII.f
                
XII - Cardiovascular involvement / toxicity

                    XII.f - Cardiomyopathy (acute, subacute, chronic)                


                  XII.h
                
XII - Cardiovascular involvement / toxicity

                    XII.h - Eosinophilic myocarditis                


                  XII.l
                
XII - Cardiovascular involvement / toxicity

                    XII.l - Cardiac arrhythmias or dysrhythmias (AF, VT, VF, TdP)                


                  XII.m
                
XII - Cardiovascular involvement / toxicity

                    XII.m - Cardiac- cardiorespiratory/pulmonary arrest                


                  XII.p
                
XII - Cardiovascular involvement / toxicity

                    XII.p - QTc prolongation                


                  XII.s
                
XII - Cardiovascular involvement / toxicity

                    XII.s - Heart block (bundle branch- or AV-)                


                  XIV.a
                
XIV - Hemoglobinopathies - Abnormal hemoglobin states (acquired)

                    XIV.a - Methemoglobinemia                


                  XV.b
                
XV - Pathology

                    XV.b - Path: Eosinophilic pneumonia (subacute or acute)  (see also Ic)                


                  XV.c
                
XV - Pathology

                    XV.c - Path: Organizing pneumonia (OP/BOOP) pattern (see also Id)                


                  XIX.c
                
XIX - Cytological, biochemical features of/in BAL, pleural fluid or FNA

                    XIX.c - BAL: An excess proportion of eosinophils",2719,Both,chloroquine
NS(=O)(=O)c1cc2c(cc1Cl)N=CNS2(=O)=O,Chlorothiazide,"II.b
                
II - Pulmonary edema - Acute lung injury - ARDS

                    II.b - ARDS - Acute lung injury",2720,Both,chlorothiazide
CN(C)CCCN1c2ccccc2Sc2ccc(Cl)cc21,Chlorpromazine,"I.c
                
I - Interstitial/parenchymal lung disease

                    I.c - Eosinophilic pneumonia (pulmonary infiltrates and eosinophilia)                


                  V.d
                
V - Pleural and/or pericardial involvement

                    V.d - Pleural/pericardial effusion, ANA positive (DI lupus)                


                  VI.a
                
VI - Pulmonary vasculopathies

                    VI.a - Pulmonary embolism - Venous thrombosis/thromboembolism                


                  VIII.e
                
VIII - Central-large-upper airway (incl. pharyngeal-nasal) involvement

                    VIII.e - Laryngospasm (a.k.a. laryngismus)                


                  IX.b
                
IX - Neuromuscular / CNS involvement - Disordered breathing (during sleep)

                    IX.b - Respiratory dyskinesia                


                  IX.d
                
IX - Neuromuscular / CNS involvement - Disordered breathing (during sleep)

                    IX.d - Respiratory failure from ventilatory depression (due to neuromuscular blockade/paralysis)                


                  X.b
                
X - Systemic/Distant conditions, syndromes and reactions

                    X.b - Antiphospholipid antibodies w/wo the APL syndrome                


                  X.d
                
X - Systemic/Distant conditions, syndromes and reactions

                    X.d - Lupus - Lupus syndrome (see also Vd)                


                  X.f
                
X - Systemic/Distant conditions, syndromes and reactions

                    X.f - Anaphylaxis-Anaphylactoid reaction (can be fatal)",2726,Both,chlorpromazine
CCCNC(=O)NS(=O)(=O)c1ccc(Cl)cc1,Chlorpropamide,"I.c
                
I - Interstitial/parenchymal lung disease

                    I.c - Eosinophilic pneumonia (pulmonary infiltrates and eosinophilia)                


                  X.a
                
X - Systemic/Distant conditions, syndromes and reactions

                    X.a - DRES syndrome - DRESS-like reaction",2727,Pneumotox_only,chlorpropamide
c1ccc(C2(c3ccccc3)CC2C2=NCCN2)cc1,Cibenzoline,"I.b
                
I - Interstitial/parenchymal lung disease

                    I.b - Pneumonitis (ILD)                


                  IX.d
                
IX - Neuromuscular / CNS involvement - Disordered breathing (during sleep)

                    IX.d - Respiratory failure from ventilatory depression (due to neuromuscular blockade/paralysis)",2747,Pneumotox_only,cibenzoline
O=C1CCc2cc(OCCCCc3nnnn3C3CCCCC3)ccc2N1,Cilostazol,"I.b
                
I - Interstitial/parenchymal lung disease

                    I.b - Pneumonitis (ILD)                


                  III.a
                
III - Pulmonary/alveolar./airway hemorrhage/bleeding

                    III.a - Alveolar hemorrhage (AH), diffuse AH (DAH)",2754,Both,cilostazol
CN=C(NC#N)NCCSCc1[nH]cnc1C,Cimetidine,"I.b
                
I - Interstitial/parenchymal lung disease

                    I.b - Pneumonitis (ILD)",2756,Both,cimetidine
O=C(O)c1cn(C2CC2)c2cc(N3CCNCC3)c(F)cc2c1=O,Ciprofloxacin,"I.b
                
I - Interstitial/parenchymal lung disease

                    I.b - Pneumonitis (ILD)                


                  I.c
                
I - Interstitial/parenchymal lung disease

                    I.c - Eosinophilic pneumonia (pulmonary infiltrates and eosinophilia)                


                  VIII.c
                
VIII - Central-large-upper airway (incl. pharyngeal-nasal) involvement

                    VIII.c - Upper airway obstruction other than angioedema or hematoma                


                  X.f
                
X - Systemic/Distant conditions, syndromes and reactions

                    X.f - Anaphylaxis-Anaphylactoid reaction (can be fatal)                


                  XV.b
                
XV - Pathology

                    XV.b - Path: Eosinophilic pneumonia (subacute or acute)  (see also Ic)                


                  XV.e
                
XV - Pathology

                    XV.e - Path: ILD with a granulomatous component (see also Im)",2764,Both,ciprofloxacin
COc1cc(N)c(Cl)cc1C(=O)NC1CCN(CCCOc2ccc(F)cc2)CC1OC,Cisapride,"IV.a
                
IV - Airway involvement

                    IV.a - Bronchospasm - Wheezing - Asthma",6917698,Both,cisapride
Nc1nc(Cl)nc2c1ncn2C1CC(O)C(CO)O1,Cladribine,"I.a
                
I - Interstitial/parenchymal lung disease

                    I.a - Pneumonitis (ILD), acute and/or severe (may cause ARDS)                


                  I.b
                
I - Interstitial/parenchymal lung disease

                    I.b - Pneumonitis (ILD)                


                  I.d
                
I - Interstitial/parenchymal lung disease

                    I.d - Organizing pneumonia pattern (an area or areas of consolidation on imaging)                


                  XIII.b
                
XIII - Neoplastic conditions

                    XIII.b - Lymphoproliferative disease (pulmonary, endobronchial, endothoracic)                


                  XV.k
                
XV - Pathology

                    XV.k - Path: Desquamative interstitial pneumonia (DIP-pattern)                


                  XVII.b
                
XVII - Infections & related conditions

                    XVII.b - Opportunistic pulmonary/systemic infections                


                  XVII.e
                
XVII - Infections & related conditions

                    XVII.e - Pneumocystis jiroveci pneumonia                


                  XVII.g
                
XVII - Infections & related conditions

                    XVII.g - Tuberculosis (pulmonary, pulmonary, extrapulmonary or disseminated). Reactivation or de novo                


                  XVII.j
                
XVII - Infections & related conditions

                    XVII.j - Mucormycosis (pulmonary, tracheobronchial or systemic)                


                  XVII.q
                
XVII - Infections & related conditions

                    XVII.q - Viral pneumonia",20279,Both,cladribine
CCC1OC(=O)C(C)C(OC2CC(C)(OC)C(O)C(C)O2)C(C)C(OC2OC(C)CC(N(C)C)C2O)C(C)(OC)CC(C)C(=O)C(C)C(O)C1(C)O,Clarithromycin,"I.c
                
I - Interstitial/parenchymal lung disease

                    I.c - Eosinophilic pneumonia (pulmonary infiltrates and eosinophilia)                


                  IV.a
                
IV - Airway involvement

                    IV.a - Bronchospasm - Wheezing - Asthma                


                  X.h
                
X - Systemic/Distant conditions, syndromes and reactions

                    X.h - Eosinophilic granulomatosis with polyangiitis (Churg-Strauss)                


                  XII.g
                
XII - Cardiovascular involvement / toxicity

                    XII.g - Coronary artery disease (acute) - Myocardial ischemia/infarction",84029,Both,clarithromycin
COc1ccccc1Oc1c(NS(=O)(=O)c2ccc(C)cn2)nc(-c2ccnc(-c3nn[nH]n3)c2)nc1OCCO,Clazosentan,"II.a
                
II - Pulmonary edema - Acute lung injury - ARDS

                    II.a - Pulmonary edema, noncardiogenic (NCPE)                


                  II.d
                
II - Pulmonary edema - Acute lung injury - ARDS

                    II.d - Pulmonary edema, cardiogenic                


                  II.h
                
II - Pulmonary edema - Acute lung injury - ARDS

                    II.h - Overload pulmonary edema (including  posttransfusional (TACO))                


                  V.a
                
V - Pleural and/or pericardial involvement

                    V.a - Pleural effusion (uni- or bilateral) (can accompany DI-LDs)",6433095,Pneumotox_only,clazosentan
CC(C)(C)NCC(O)c1cc(Cl)c(N)c(Cl)c1,Clenbuterol,"XI.b
                
XI - Miscellaneous

                    XI.b - Chest pain (acute or subacute), lone or prominent                


                  XI.d
                
XI - Miscellaneous

                    XI.d - Metabolic acidosis (incl. lactic acidosis/-gap). May cause hyperpnea/dyspnea                


                  XII.n
                
XII - Cardiovascular involvement / toxicity

                    XII.n - Cardiovascular collapse - Cardiogenic shock - Hypotension",2783,Pneumotox_only,clenbuterol
CCCC(=O)OCOC(=O)C1=C(C)N=C(C)C(C(=O)OC)C1c1cccc(Cl)c1Cl,Clevidipine,"II.f
                
II - Pulmonary edema - Acute lung injury - ARDS

                    II.f - Hypoxemia, low oxygen saturation (may occur in isolation)",153994,Both,clevidipine
CCCC1CC(C(=O)NC(C(C)Cl)C2OC(SC)C(O)C(O)C2O)N(C)C1,Clindamycin,"I.b
                
I - Interstitial/parenchymal lung disease

                    I.b - Pneumonitis (ILD)                


                  I.c
                
I - Interstitial/parenchymal lung disease

                    I.c - Eosinophilic pneumonia (pulmonary infiltrates and eosinophilia)                


                  IX.d
                
IX - Neuromuscular / CNS involvement - Disordered breathing (during sleep)

                    IX.d - Respiratory failure from ventilatory depression (due to neuromuscular blockade/paralysis)                


                  IX.i
                
IX - Neuromuscular / CNS involvement - Disordered breathing (during sleep)

                    IX.i - Respiratory arrest - Apnea                


                  XI.a
                
XI - Miscellaneous

                    XI.a - Cyanosis, a low SpO2 and normal measured PaO2                


                  XIV.a
                
XIV - Hemoglobinopathies - Abnormal hemoglobin states (acquired)

                    XIV.a - Methemoglobinemia",2786,Both,clindamycin
Nc1nc(Cl)nc2c1ncn2C1OC(CO)C(O)C1F,Clofarabine,"X.c
                
X - Systemic/Distant conditions, syndromes and reactions

                    X.c - Capillary leak syndrome (CLS)",119182,Both,clofarabine
CC(C)N=c1cc2n(-c3ccc(Cl)cc3)c3ccccc3nc-2cc1Nc1ccc(Cl)cc1,Clofazimine,"I.b
                
I - Interstitial/parenchymal lung disease

                    I.b - Pneumonitis (ILD)                


                  XV.u
                
XV - Pathology

                    XV.u - Path: Crystal storage disease",2794,Pneumotox_only,clofazimine
CCOC(=O)C(C)(C)Oc1ccc(Cl)cc1,Clofibrate,"I.c
                
I - Interstitial/parenchymal lung disease

                    I.c - Eosinophilic pneumonia (pulmonary infiltrates and eosinophilia)                


                  X.d
                
X - Systemic/Distant conditions, syndromes and reactions

                    X.d - Lupus - Lupus syndrome (see also Vd)",2796,Pneumotox_only,clofibrate
CN(C)CCCN1c2ccccc2CCc2ccc(Cl)cc21,Clomipramine,"I.c
                
I - Interstitial/parenchymal lung disease

                    I.c - Eosinophilic pneumonia (pulmonary infiltrates and eosinophilia)                


                  I.d
                
I - Interstitial/parenchymal lung disease

                    I.d - Organizing pneumonia pattern (an area or areas of consolidation on imaging)                


                  IX.d
                
IX - Neuromuscular / CNS involvement - Disordered breathing (during sleep)

                    IX.d - Respiratory failure from ventilatory depression (due to neuromuscular blockade/paralysis)                


                  X.a
                
X - Systemic/Distant conditions, syndromes and reactions

                    X.a - DRES syndrome - DRESS-like reaction                


                  XII.d
                
XII - Cardiovascular involvement / toxicity

                    XII.d - Myocarditis (can be fulminant)                


                  XII.ay
                
XII - Cardiovascular involvement / toxicity

                    XII.ay - Coronary (artery) vasculitis                


                  XV.cb
                
XV - Pathology

                    XV.cb - Path: Lymphocytic myocarditis                


                  XV.cc
                
XV - Pathology

                    XV.cc - Path: Eosinophilic myocarditis                


                  XV.cm
                
XV - Pathology

                    XV.cm - Path: Coronary vasculitis w/wo eosinophilia",2801,Both,clomipramine
O=C1CN=C(c2ccccc2Cl)c2cc([N+](=O)[O-])ccc2N1,Clonazepam,"IX.d
                
IX - Neuromuscular / CNS involvement - Disordered breathing (during sleep)

                    IX.d - Respiratory failure from ventilatory depression (due to neuromuscular blockade/paralysis)                


                  IX.i
                
IX - Neuromuscular / CNS involvement - Disordered breathing (during sleep)

                    IX.i - Respiratory arrest - Apnea",2802,Both,clonazepam
Clc1cccc(Cl)c1NC1=NCCN1,Clonidine,"IX.d
                
IX - Neuromuscular / CNS involvement - Disordered breathing (during sleep)

                    IX.d - Respiratory failure from ventilatory depression (due to neuromuscular blockade/paralysis)                


                  X.d
                
X - Systemic/Distant conditions, syndromes and reactions

                    X.d - Lupus - Lupus syndrome (see also Vd)                


                  XII.e
                
XII - Cardiovascular involvement / toxicity

                    XII.e - Takotsubo (stress) cardiomyopathy",2803,Both,clonidine
COC(=O)C(c1ccccc1Cl)N1CCc2sccc2C1,Clopidogrel,"I.a
                
I - Interstitial/parenchymal lung disease

                    I.a - Pneumonitis (ILD), acute and/or severe (may cause ARDS)                


                  I.b
                
I - Interstitial/parenchymal lung disease

                    I.b - Pneumonitis (ILD)                


                  I.c
                
I - Interstitial/parenchymal lung disease

                    I.c - Eosinophilic pneumonia (pulmonary infiltrates and eosinophilia)                


                  II.a
                
II - Pulmonary edema - Acute lung injury - ARDS

                    II.a - Pulmonary edema, noncardiogenic (NCPE)                


                  II.b
                
II - Pulmonary edema - Acute lung injury - ARDS

                    II.b - ARDS - Acute lung injury                


                  III.a
                
III - Pulmonary/alveolar./airway hemorrhage/bleeding

                    III.a - Alveolar hemorrhage (AH), diffuse AH (DAH)                


                  III.c
                
III - Pulmonary/alveolar./airway hemorrhage/bleeding

                    III.c - Hemoptysis                


                  V.e
                
V - Pleural and/or pericardial involvement

                    V.e - Hemothorax - Serosanguineous pleural effusion                


                  V.n
                
V - Pleural and/or pericardial involvement

                    V.n - Hemopericardium - Bloody pericardial effusion                


                  VI.f
                
VI - Pulmonary vasculopathies

                    VI.f - Hemolytic and uremic syndrome (HUS). See also under Xaf                


                  VIII.a
                
VIII - Central-large-upper airway (incl. pharyngeal-nasal) involvement

                    VIII.a - Angioedema (may cause UAO, asphyxia and death)                


                  VIII.b
                
VIII - Central-large-upper airway (incl. pharyngeal-nasal) involvement

                    VIII.b - Hematoma of/around central airway wall potentially causing UAO                


                  VIII.k
                
VIII - Central-large-upper airway (incl. pharyngeal-nasal) involvement

                    VIII.k - Submucosal airway petechiae/hemorrhage                


                  X.a
                
X - Systemic/Distant conditions, syndromes and reactions

                    X.a - DRES syndrome - DRESS-like reaction                


                  X.g
                
X - Systemic/Distant conditions, syndromes and reactions

                    X.g - Hypersensitivity reaction (may manifest with fever and/or skin, throat or airway involvement)                


                  X.q
                
X - Systemic/Distant conditions, syndromes and reactions

                    X.q - Systemic inflammatory response                


                  XI.k
                
XI - Miscellaneous

                    XI.k - Esophageal hematoma (may cause chest pain and/or tracheal compression)                


                  XV.a
                
XV - Pathology

                    XV.a - Path: NSIP-cellular pattern (see also Ia, Ib)                


                  XV.c
                
XV - Pathology

                    XV.c - Path: Organizing pneumonia (OP/BOOP) pattern (see also Id)                


                  XIX.c
                
XIX - Cytological, biochemical features of/in BAL, pleural fluid or FNA

                    XIX.c - BAL: An excess proportion of eosinophils",60606,Both,clopidogrel
CN1CCN(C2=Nc3cc(Cl)ccc3Nc3ccccc32)CC1,Clozapine,"I.b
                
I - Interstitial/parenchymal lung disease

                    I.b - Pneumonitis (ILD)                


                  I.c
                
I - Interstitial/parenchymal lung disease

                    I.c - Eosinophilic pneumonia (pulmonary infiltrates and eosinophilia)                


                  IV.a
                
IV - Airway involvement

                    IV.a - Bronchospasm - Wheezing - Asthma                


                  V.a
                
V - Pleural and/or pericardial involvement

                    V.a - Pleural effusion (uni- or bilateral) (can accompany DI-LDs)                


                  V.b
                
V - Pleural and/or pericardial involvement

                    V.b - Eosinophilic pleural effusion                


                  V.m
                
V - Pleural and/or pericardial involvement

                    V.m - Pleuropericarditis - Pleuropericardial effusion (ANA unknown or negative)                


                  VI.a
                
VI - Pulmonary vasculopathies

                    VI.a - Pulmonary embolism - Venous thrombosis/thromboembolism                


                  VIII.a
                
VIII - Central-large-upper airway (incl. pharyngeal-nasal) involvement

                    VIII.a - Angioedema (may cause UAO, asphyxia and death)                


                  IX.f
                
IX - Neuromuscular / CNS involvement - Disordered breathing (during sleep)

                    IX.f - Hiccup                


                  X.e
                
X - Systemic/Distant conditions, syndromes and reactions

                    X.e - Autoimmunity-Autoimmune conditions (+ANA, +anti-ds-DNA, +ANCAs, other auto-Abs)                


                  X.o
                
X - Systemic/Distant conditions, syndromes and reactions

                    X.o - Neutrophilic dermatosis (Pyoderma, Sweet syndrome)                


                  X.s
                
X - Systemic/Distant conditions, syndromes and reactions

                    X.s - Vasculitis, pulmonary (w/wo AH), extrapulmonary, systemic: ANCA-positive                


                  X.u
                
X - Systemic/Distant conditions, syndromes and reactions

                    X.u - Multiple organ dysfunction/failure (MODS/MOF)                


                  XI.g
                
XI - Miscellaneous

                    XI.g - Aspiration, aspiration pneumonia (w/wo demonstrable pharyngeal dysmotility)                


                  XI.n
                
XI - Miscellaneous

                    XI.n - Neutropenia, agranulocytosis (w/wo infection/sepsis)                


                  XI.ak
                
XI - Miscellaneous

                    XI.ak - Sialorrhea - Drooling                


                  XII.d
                
XII - Cardiovascular involvement / toxicity

                    XII.d - Myocarditis (can be fulminant)                


                  XII.f
                
XII - Cardiovascular involvement / toxicity

                    XII.f - Cardiomyopathy (acute, subacute, chronic)                


                  XII.h
                
XII - Cardiovascular involvement / toxicity

                    XII.h - Eosinophilic myocarditis                


                  XII.ai
                
XII - Cardiovascular involvement / toxicity

                    XII.ai - Cardiotoxicity                


                  XV.cb
                
XV - Pathology

                    XV.cb - Path: Lymphocytic myocarditis                


                  XV.cc
                
XV - Pathology

                    XV.cc - Path: Eosinophilic myocarditis",135398737,Both,clozapine
COc1ccc2c3c1OC1C(O)C=CC4C(C2)N(C)CCC341,Codeine,"II.a
                
II - Pulmonary edema - Acute lung injury - ARDS

                    II.a - Pulmonary edema, noncardiogenic (NCPE)                


                  II.f
                
II - Pulmonary edema - Acute lung injury - ARDS

                    II.f - Hypoxemia, low oxygen saturation (may occur in isolation)                


                  IX.d
                
IX - Neuromuscular / CNS involvement - Disordered breathing (during sleep)

                    IX.d - Respiratory failure from ventilatory depression (due to neuromuscular blockade/paralysis)                


                  X.f
                
X - Systemic/Distant conditions, syndromes and reactions

                    X.f - Anaphylaxis-Anaphylactoid reaction (can be fatal)",5284371,Both,codeine
COc1cc2c(c(OC)c1OC)-c1ccc(OC)c(=O)cc1C(NC(C)=O)CC2,Colchicine,"II.b
                
II - Pulmonary edema - Acute lung injury - ARDS

                    II.b - ARDS - Acute lung injury                


                  VII.h
                
VII - Mediastinal involvement

                    VII.h - Pneumomediastinum                


                  X.u
                
X - Systemic/Distant conditions, syndromes and reactions

                    X.u - Multiple organ dysfunction/failure (MODS/MOF)                


                  XI.r
                
XI - Miscellaneous

                    XI.r - Death following exposure or poisoning                


                  XII.m
                
XII - Cardiovascular involvement / toxicity

                    XII.m - Cardiac- cardiorespiratory/pulmonary arrest                


                  XII.n
                
XII - Cardiovascular involvement / toxicity

                    XII.n - Cardiovascular collapse - Cardiogenic shock - Hypotension",6167,Both,colchicine
CCC(C)CCCCC(=O)NC(CCNCS(=O)(=O)[O-])C(=O)NC(C(=O)NC(CCNCS(=O)(=O)[O-])C(=O)NC1CCNC(=O)C(C(C)O)NC(=O)C(CCNCS(=O)(=O)[O-])NC(=O)C(CCNCS(=O)(=O)[O-])NC(=O)C(CC(C)C)NC(=O)C(CC(C)C)NC(=O)C(CCNCS(=O)(=O)[O-])NC1=O)C(C)O,Colistimethate,"IX.d
                
IX - Neuromuscular / CNS involvement - Disordered breathing (during sleep)

                    IX.d - Respiratory failure from ventilatory depression (due to neuromuscular blockade/paralysis)                


                  IX.i
                
IX - Neuromuscular / CNS involvement - Disordered breathing (during sleep)

                    IX.i - Respiratory arrest - Apnea",216258,Both,colistimethate
CC(=O)OCC(=O)C1(O)CCC2C3CC=C4CC(=O)CCC4(C)C3C(=O)CC21C,Cortisone,"XV.i
                
XV - Pathology

                    XV.i - Path: Pneumocyte atypia (reactive epithelial cells) (a.k.a. the ""Napoleon Hat"" sign)",5745,Both,cortisone
CC(Oc1cc(-c2cnn(C3CCNCC3)c2)cnc1N)c1c(Cl)ccc(F)c1Cl,Crizotinib,"I.a
                
I - Interstitial/parenchymal lung disease

                    I.a - Pneumonitis (ILD), acute and/or severe (may cause ARDS)                


                  I.b
                
I - Interstitial/parenchymal lung disease

                    I.b - Pneumonitis (ILD)                


                  I.d
                
I - Interstitial/parenchymal lung disease

                    I.d - Organizing pneumonia pattern (an area or areas of consolidation on imaging)                


                  II.b
                
II - Pulmonary edema - Acute lung injury - ARDS

                    II.b - ARDS - Acute lung injury                


                  III.a
                
III - Pulmonary/alveolar./airway hemorrhage/bleeding

                    III.a - Alveolar hemorrhage (AH), diffuse AH (DAH)                


                  III.h
                
III - Pulmonary/alveolar./airway hemorrhage/bleeding

                    III.h - Major/massive hemoptysis                


                  V.f
                
V - Pleural and/or pericardial involvement

                    V.f - Pneumothorax                


                  VIII.a
                
VIII - Central-large-upper airway (incl. pharyngeal-nasal) involvement

                    VIII.a - Angioedema (may cause UAO, asphyxia and death)                


                  X.g
                
X - Systemic/Distant conditions, syndromes and reactions

                    X.g - Hypersensitivity reaction (may manifest with fever and/or skin, throat or airway involvement)                


                  XI.w
                
XI - Miscellaneous

                    XI.w - Cavitation/necrosis of lung tumor or metastases                


                  XII.ag
                
XII - Cardiovascular involvement / toxicity

                    XII.ag - Bradycardia                


                  XII.ai
                
XII - Cardiovascular involvement / toxicity

                    XII.ai - Cardiotoxicity                


                  XV.a
                
XV - Pathology

                    XV.a - Path: NSIP-cellular pattern (see also Ia, Ib)                


                  XV.c
                
XV - Pathology

                    XV.c - Path: Organizing pneumonia (OP/BOOP) pattern (see also Id)                


                  XV.f
                
XV - Pathology

                    XV.f - Path: Diffuse alveolar damage (DAD-pattern) (see also IL)                


                  XVI.af
                
XVI - Imaging

                    XVI.af - Imaging: Lung cysts or bullae (see also XVI ah/bf)                


                  XIX.a
                
XIX - Cytological, biochemical features of/in BAL, pleural fluid or FNA

                    XIX.a - BAL: An excess proportion of lymphocytes",11626560,Both,crizotinib
[C-]#N,Cyanide,"XI.d
                
XI - Miscellaneous

                    XI.d - Metabolic acidosis (incl. lactic acidosis/-gap). May cause hyperpnea/dyspnea                


                  XI.bi
                
XI - Miscellaneous

                    XI.bi - Cyanide poisoning",5975,Pneumotox_only,cyanide
OCC1OC2OC3C(CO)OC(OC4C(CO)OC(OC5C(CO)OC(OC6C(CO)OC(OC7C(CO)OC(OC1C(O)C2O)C(O)C7O)C(O)C6O)C(O)C5O)C(O)C4O)C(O)C3O,Cyclodextrin,"II.b
                
II - Pulmonary edema - Acute lung injury - ARDS

                    II.b - ARDS - Acute lung injury",320760,Pneumotox_only,cyclodextrin
O=P1(N(CCCl)CCCl)NCCCO1,Cyclophosphamide,"I.a
                
I - Interstitial/parenchymal lung disease

                    I.a - Pneumonitis (ILD), acute and/or severe (may cause ARDS)                


                  I.b
                
I - Interstitial/parenchymal lung disease

                    I.b - Pneumonitis (ILD)                


                  I.d
                
I - Interstitial/parenchymal lung disease

                    I.d - Organizing pneumonia pattern (an area or areas of consolidation on imaging)                


                  I.g
                
I - Interstitial/parenchymal lung disease

                    I.g - Pulmonary fibrosis                


                  I.l
                
I - Interstitial/parenchymal lung disease

                    I.l - Diffuse alveolar damage (DAD) (see alsoo under IIb and XVf)                


                  I.x
                
I - Interstitial/parenchymal lung disease

                    I.x - Pleuroparenchymal fibroelastosis (PPFE)                


                  I.aa
                
I - Interstitial/parenchymal lung disease

                    I.aa - Delayed ILD, -pneumonitis, -fibrosis                


                  II.a
                
II - Pulmonary edema - Acute lung injury - ARDS

                    II.a - Pulmonary edema, noncardiogenic (NCPE)                


                  II.b
                
II - Pulmonary edema - Acute lung injury - ARDS

                    II.b - ARDS - Acute lung injury                


                  III.a
                
III - Pulmonary/alveolar./airway hemorrhage/bleeding

                    III.a - Alveolar hemorrhage (AH), diffuse AH (DAH)                


                  IV.a
                
IV - Airway involvement

                    IV.a - Bronchospasm - Wheezing - Asthma                


                  V.a
                
V - Pleural and/or pericardial involvement

                    V.a - Pleural effusion (uni- or bilateral) (can accompany DI-LDs)                


                  V.b
                
V - Pleural and/or pericardial involvement

                    V.b - Eosinophilic pleural effusion                


                  V.c
                
V - Pleural and/or pericardial involvement

                    V.c - Pleural thickening - Fibrothorax                


                  V.f
                
V - Pleural and/or pericardial involvement

                    V.f - Pneumothorax                


                  VI.c
                
VI - Pulmonary vasculopathies

                    VI.c - Pulmonary veno-occlusive disease                


                  IX.f
                
IX - Neuromuscular / CNS involvement - Disordered breathing (during sleep)

                    IX.f - Hiccup                


                  X.f
                
X - Systemic/Distant conditions, syndromes and reactions

                    X.f - Anaphylaxis-Anaphylactoid reaction (can be fatal)                


                  XI.b
                
XI - Miscellaneous

                    XI.b - Chest pain (acute or subacute), lone or prominent                


                  XI.c
                
XI - Miscellaneous

                    XI.c - Pleuritic chest pain                


                  XI.p
                
XI - Miscellaneous

                    XI.p - Chest deformity: platythorax                


                  XII.a
                
XII - Cardiovascular involvement / toxicity

                    XII.a - Left or biventricular dysfunction/failure                


                  XII.c
                
XII - Cardiovascular involvement / toxicity

                    XII.c - Pericardial effusion (w/wo tamponade)                


                  XII.f
                
XII - Cardiovascular involvement / toxicity

                    XII.f - Cardiomyopathy (acute, subacute, chronic)                


                  XII.g
                
XII - Cardiovascular involvement / toxicity

                    XII.g - Coronary artery disease (acute) - Myocardial ischemia/infarction                


                  XII.s
                
XII - Cardiovascular involvement / toxicity

                    XII.s - Heart block (bundle branch- or AV-)                


                  XV.a
                
XV - Pathology

                    XV.a - Path: NSIP-cellular pattern (see also Ia, Ib)                


                  XV.c
                
XV - Pathology

                    XV.c - Path: Organizing pneumonia (OP/BOOP) pattern (see also Id)                


                  XV.f
                
XV - Pathology

                    XV.f - Path: Diffuse alveolar damage (DAD-pattern) (see also IL)                


                  XV.h
                
XV - Pathology

                    XV.h - Path: NSIP-fibrotic pattern                


                  XV.i
                
XV - Pathology

                    XV.i - Path: Pneumocyte atypia (reactive epithelial cells) (a.k.a. the ""Napoleon Hat"" sign)                


                  XV.ak
                
XV - Pathology

                    XV.ak - Path: Pulmonary veno-occlusive disease (PVOD)                


                  XV.ap
                
XV - Pathology

                    XV.ap - Path: Pleuroparenchymal fibrosis/fibroelastosis (PPFE)                


                  XVI.ap
                
XVI - Imaging

                    XVI.ap - Imaging: Pleural thickening w/wo rounded atelectasis                


                  XVI.bl
                
XVI - Imaging

                    XVI.bl - Imaging: An area or areas of avid tracer uptake in the lung/chest on 18F-PET scan                


                  XVII.b
                
XVII - Infections & related conditions

                    XVII.b - Opportunistic pulmonary/systemic infections                


                  XVII.e
                
XVII - Infections & related conditions

                    XVII.e - Pneumocystis jiroveci pneumonia                


                  XVII.q
                
XVII - Infections & related conditions

                    XVII.q - Viral pneumonia                


                  XIX.a
                
XIX - Cytological, biochemical features of/in BAL, pleural fluid or FNA

                    XIX.a - BAL: An excess proportion of lymphocytes",2907,Both,cyclophosphamide
O=C(C1CC1)N(c1ccccc1)C1CCN(CCc2ccccc2)CC1,Cyclopropylfentanyl,"IX.d
                
IX - Neuromuscular / CNS involvement - Disordered breathing (during sleep)

                    IX.d - Respiratory failure from ventilatory depression (due to neuromuscular blockade/paralysis)",137332271,Pneumotox_only,cyclopropylfentanyl
CC=CCC(C)C(O)C1C(=O)NC(CC)C(=O)N(C)CC(=O)N(C)C(CC(C)C)C(=O)NC(C(C)C)C(=O)N(C)C(CC(C)C)C(=O)NC(C)C(=O)NC(C)C(=O)N(C)C(CC(C)C)C(=O)N(C)C(CC(C)C)C(=O)N(C)C(C(C)C)C(=O)N1C,Cyclosporine,"I.a
                
I - Interstitial/parenchymal lung disease

                    I.a - Pneumonitis (ILD), acute and/or severe (may cause ARDS)                


                  I.b
                
I - Interstitial/parenchymal lung disease

                    I.b - Pneumonitis (ILD)                


                  I.n
                
I - Interstitial/parenchymal lung disease

                    I.n - Pulmonary alveolar proteinosis (PAP)                


                  II.b
                
II - Pulmonary edema - Acute lung injury - ARDS

                    II.b - ARDS - Acute lung injury                


                  IV.k
                
IV - Airway involvement

                    IV.k - Bronchiectasis                


                  VIII.a
                
VIII - Central-large-upper airway (incl. pharyngeal-nasal) involvement

                    VIII.a - Angioedema (may cause UAO, asphyxia and death)                


                  X.c
                
X - Systemic/Distant conditions, syndromes and reactions

                    X.c - Capillary leak syndrome (CLS)                


                  X.f
                
X - Systemic/Distant conditions, syndromes and reactions

                    X.f - Anaphylaxis-Anaphylactoid reaction (can be fatal)                


                  XI.ab
                
XI - Miscellaneous

                    XI.ab - Gingival hypertrophy                


                  XIII.b
                
XIII - Neoplastic conditions

                    XIII.b - Lymphoproliferative disease (pulmonary, endobronchial, endothoracic)                


                  XV.a
                
XV - Pathology

                    XV.a - Path: NSIP-cellular pattern (see also Ia, Ib)                


                  XV.n
                
XV - Pathology

                    XV.n - Path: Pulmonary alveolar proteinosis pattern (PAP pattern)                


                  XVII.b
                
XVII - Infections & related conditions

                    XVII.b - Opportunistic pulmonary/systemic infections                


                  XVII.c
                
XVII - Infections & related conditions

                    XVII.c - Aspergillosis, pulmonary (invasive, allergic [ABPA], or mycetoma)                


                  XVII.e
                
XVII - Infections & related conditions

                    XVII.e - Pneumocystis jiroveci pneumonia                


                  XVII.g
                
XVII - Infections & related conditions

                    XVII.g - Tuberculosis (pulmonary, pulmonary, extrapulmonary or disseminated). Reactivation or de novo                


                  XVII.o
                
XVII - Infections & related conditions

                    XVII.o - Nocardia pulmonary/systemic infection",5280754,Both,cyclosporine
CC(=O)OC1(C(C)=O)CCC2C3=CC(Cl)=C4CC(=O)C5CC5C4(C)C3CCC21C,Cyproterone,"I.b
                
I - Interstitial/parenchymal lung disease

                    I.b - Pneumonitis (ILD)                


                  VI.a
                
VI - Pulmonary vasculopathies

                    VI.a - Pulmonary embolism - Venous thrombosis/thromboembolism                


                  VI.b
                
VI - Pulmonary vasculopathies

                    VI.b - Pulmonary arterial hypertension",9880,Both,cyproterone
Cn1c(CNc2ccc(C(=N)N)cc2)nc2cc(C(=O)N(CCC(=O)O)c3ccccn3)ccc21,Dabigatran,"I.a
                
I - Interstitial/parenchymal lung disease

                    I.a - Pneumonitis (ILD), acute and/or severe (may cause ARDS)                


                  I.b
                
I - Interstitial/parenchymal lung disease

                    I.b - Pneumonitis (ILD)                


                  I.d
                
I - Interstitial/parenchymal lung disease

                    I.d - Organizing pneumonia pattern (an area or areas of consolidation on imaging)                


                  III.a
                
III - Pulmonary/alveolar./airway hemorrhage/bleeding

                    III.a - Alveolar hemorrhage (AH), diffuse AH (DAH)                


                  III.c
                
III - Pulmonary/alveolar./airway hemorrhage/bleeding

                    III.c - Hemoptysis                


                  III.h
                
III - Pulmonary/alveolar./airway hemorrhage/bleeding

                    III.h - Major/massive hemoptysis                


                  V.n
                
V - Pleural and/or pericardial involvement

                    V.n - Hemopericardium - Bloody pericardial effusion                


                  XII.z
                
XII - Cardiovascular involvement / toxicity

                    XII.z - Heart valve thrombosis                


                  XV.c
                
XV - Pathology

                    XV.c - Path: Organizing pneumonia (OP/BOOP) pattern (see also Id)                


                  XVI.j
                
XVI - Imaging

                    XVI.j - Imaging: Wandering (migratory) pulmonary opacities",216210,Both,dabigatran
CC(C)(C)c1nc(-c2cccc(NS(=O)(=O)c3c(F)cccc3F)c2F)c(-c2ccnc(N)n2)s1,Dabrafenib,"X.k
                
X - Systemic/Distant conditions, syndromes and reactions

                    X.k - Sarcoid-like granulomatosis (endo-/extrathoracic)                


                  X.ah
                
X - Systemic/Distant conditions, syndromes and reactions

                    X.ah - Granulomatosis with polyangiitis (typically ANCA pos.) - GPA flare",44462760,Both,dabrafenib
CN(C)N=Nc1[nH]cnc1C(N)=O,Dacarbazine,"I.a
                
I - Interstitial/parenchymal lung disease

                    I.a - Pneumonitis (ILD), acute and/or severe (may cause ARDS)                


                  II.b
                
II - Pulmonary edema - Acute lung injury - ARDS

                    II.b - ARDS - Acute lung injury",2942,Both,dacarbazine
COC(=O)NC(C(=O)N1CCCC1c1nc(-c2ccc(-c3ccc(-c4c[nH]c(C5CCCN5C(=O)C(NC(=O)OC)C(C)C)n4)cc3)cc2)c[nH]1)C(C)C,Daclatasvir,"I.b
                
I - Interstitial/parenchymal lung disease

                    I.b - Pneumonitis (ILD)",25154714,Pneumotox_only,daclatasvir
Cc1ccc(C(=O)NC2C(=O)NC(C(C)C)C(=O)N3CCCC3C(=O)N(C)CC(=O)N(C)C(C(C)C)C(=O)OC2C)c2c1Oc1c(C)c(O)c(N)c(=C(O)N=C3C(=O)NC(C(C)C)C(=O)N4CCCC4C(=O)N(C)CC(=O)N(C)C(C(C)C)C(=O)OC3C)c1=N2,Dactinomycin,"I.ad
                
I - Interstitial/parenchymal lung disease

                    I.ad - Radiation recall pneumonitis",457193,Both,dactinomycin
C#CC1(O)CCC2C3CCC4=Cc5oncc5CC4(C)C3CCC21C,Danazol,"I.g
                
I - Interstitial/parenchymal lung disease

                    I.g - Pulmonary fibrosis",28417,Both,danazol
O=C1N=C([O-])CN1N=Cc1ccc(-c2ccc([N+](=O)[O-])cc2)o1,Dantrolene,"I.b
                
I - Interstitial/parenchymal lung disease

                    I.b - Pneumonitis (ILD)                


                  V.b
                
V - Pleural and/or pericardial involvement

                    V.b - Eosinophilic pleural effusion                


                  V.m
                
V - Pleural and/or pericardial involvement

                    V.m - Pleuropericarditis - Pleuropericardial effusion (ANA unknown or negative)                


                  IX.d
                
IX - Neuromuscular / CNS involvement - Disordered breathing (during sleep)

                    IX.d - Respiratory failure from ventilatory depression (due to neuromuscular blockade/paralysis)                


                  XII.c
                
XII - Cardiovascular involvement / toxicity

                    XII.c - Pericardial effusion (w/wo tamponade)",6604100,Both,dantrolene
CCCCCCCCCC(=O)NC(Cc1c[nH]c2ccccc12)C(=O)NC(CC(N)=O)C(=O)NC(CC(=O)O)C(=O)NC1C(=O)NCC(=O)NC(CCCN)C(=O)NC(CC(=O)O)C(=O)NC(C)C(=O)NC(CC(=O)O)C(=O)NCC(=O)NC(CO)C(=O)NC(C(C)CC(=O)O)C(=O)NC(CC(=O)c2ccccc2N)C(=O)OC1C,Daptomycin,"I.b
                
I - Interstitial/parenchymal lung disease

                    I.b - Pneumonitis (ILD)                


                  I.c
                
I - Interstitial/parenchymal lung disease

                    I.c - Eosinophilic pneumonia (pulmonary infiltrates and eosinophilia)                


                  I.d
                
I - Interstitial/parenchymal lung disease

                    I.d - Organizing pneumonia pattern (an area or areas of consolidation on imaging)                


                  I.e
                
I - Interstitial/parenchymal lung disease

                    I.e - Acute eosinophilic pneumonia (AEP)                


                  I.k
                
I - Interstitial/parenchymal lung disease

                    I.k - Lung nodule or nodules                


                  I.x
                
I - Interstitial/parenchymal lung disease

                    I.x - Pleuroparenchymal fibroelastosis (PPFE)                


                  I.z
                
I - Interstitial/parenchymal lung disease

                    I.z - An area or areas of consolidation                


                  II.b
                
II - Pulmonary edema - Acute lung injury - ARDS

                    II.b - ARDS - Acute lung injury                


                  VIII.a
                
VIII - Central-large-upper airway (incl. pharyngeal-nasal) involvement

                    VIII.a - Angioedema (may cause UAO, asphyxia and death)                


                  X.f
                
X - Systemic/Distant conditions, syndromes and reactions

                    X.f - Anaphylaxis-Anaphylactoid reaction (can be fatal)                


                  XV.b
                
XV - Pathology

                    XV.b - Path: Eosinophilic pneumonia (subacute or acute)  (see also Ic)                


                  XV.c
                
XV - Pathology

                    XV.c - Path: Organizing pneumonia (OP/BOOP) pattern (see also Id)                


                  XV.d
                
XV - Pathology

                    XV.d - Path: Acute fibrinous organizing pneumonia (AFOP-pattern) (see also If)                


                  XVI.k
                
XVI - Imaging

                    XVI.k - Imaging: An area or areas of consolidation                


                  XIX.b
                
XIX - Cytological, biochemical features of/in BAL, pleural fluid or FNA

                    XIX.b - BAL: An excess proportion of neutrophils                


                  XIX.c
                
XIX - Cytological, biochemical features of/in BAL, pleural fluid or FNA

                    XIX.c - BAL: An excess proportion of eosinophils                


                  XXI.e
                
XXI - Rechallenge data

                    XXI.e - Rechallenge may not necessarily lead to relapse of AE/ILD",16134395,Both,daptomycin
COc1c(-c2ccc3cc(NS(C)(=O)=O)ccc3c2)cc(-n2ccc(=O)[nH]c2=O)cc1C(C)(C)C,Dasabuvir,,56640146,Both,dasabuvir
Cc1nc(Nc2ncc(C(=O)Nc3c(C)cccc3Cl)s2)cc(N2CCN(CCO)CC2)n1,Dasatinib,"I.b
                
I - Interstitial/parenchymal lung disease

                    I.b - Pneumonitis (ILD)                


                  I.d
                
I - Interstitial/parenchymal lung disease

                    I.d - Organizing pneumonia pattern (an area or areas of consolidation on imaging)                


                  I.n
                
I - Interstitial/parenchymal lung disease

                    I.n - Pulmonary alveolar proteinosis (PAP)                


                  I.y
                
I - Interstitial/parenchymal lung disease

                    I.y - Progression, acceleration or exacerbation of preexisting ILD/fibrosis                


                  II.a
                
II - Pulmonary edema - Acute lung injury - ARDS

                    II.a - Pulmonary edema, noncardiogenic (NCPE)                


                  V.a
                
V - Pleural and/or pericardial involvement

                    V.a - Pleural effusion (uni- or bilateral) (can accompany DI-LDs)                


                  V.c
                
V - Pleural and/or pericardial involvement

                    V.c - Pleural thickening - Fibrothorax                


                  V.d
                
V - Pleural and/or pericardial involvement

                    V.d - Pleural/pericardial effusion, ANA positive (DI lupus)                


                  V.h
                
V - Pleural and/or pericardial involvement

                    V.h - Chylothorax                


                  V.i
                
V - Pleural and/or pericardial involvement

                    V.i - Pleuritis (can cause chest pain)                


                  V.m
                
V - Pleural and/or pericardial involvement

                    V.m - Pleuropericarditis - Pleuropericardial effusion (ANA unknown or negative)                


                  VI.b
                
VI - Pulmonary vasculopathies

                    VI.b - Pulmonary arterial hypertension                


                  X.d
                
X - Systemic/Distant conditions, syndromes and reactions

                    X.d - Lupus - Lupus syndrome (see also Vd)                


                  X.r
                
X - Systemic/Distant conditions, syndromes and reactions

                    X.r - Fluid retention                


                  XI.b
                
XI - Miscellaneous

                    XI.b - Chest pain (acute or subacute), lone or prominent                


                  XII.c
                
XII - Cardiovascular involvement / toxicity

                    XII.c - Pericardial effusion (w/wo tamponade)                


                  XV.c
                
XV - Pathology

                    XV.c - Path: Organizing pneumonia (OP/BOOP) pattern (see also Id)                


                  XV.n
                
XV - Pathology

                    XV.n - Path: Pulmonary alveolar proteinosis pattern (PAP pattern)                


                  XV.ao
                
XV - Pathology

                    XV.ao - Path: Pleuritis, pleural fibrosis                


                  XV.ch
                
XV - Pathology

                    XV.ch - Path: Organizing fibrinous pleuritis (OFP)                


                  XVI.m
                
XVI - Imaging

                    XVI.m - Imaging: Interlobular septal thickening                


                  XVI.an
                
XVI - Imaging

                    XVI.an - Imaging: Pleural effusion                


                  XIX.a
                
XIX - Cytological, biochemical features of/in BAL, pleural fluid or FNA

                    XIX.a - BAL: An excess proportion of lymphocytes",3062316,Both,dasatinib
COc1cccc2c(O)c3c(c(O)c12)C(=O)C1=C(CC(O)(C(C)=O)CC1OC1CC(N)C(O)C(C)O1)C3=O,Daunorubicin,"XII.a
                
XII - Cardiovascular involvement / toxicity

                    XII.a - Left or biventricular dysfunction/failure                


                  XII.ai
                
XII - Cardiovascular involvement / toxicity

                    XII.ai - Cardiotoxicity",30323,Both,daunorubicin
Nc1ncn(C2CC(O)C(CO)O2)c(=O)n1,Decitabine,"I.b
                
I - Interstitial/parenchymal lung disease

                    I.b - Pneumonitis (ILD)                


                  I.f
                
I - Interstitial/parenchymal lung disease

                    I.f - Acute fibrinous organizing pneumonia (AFOP)                


                  XV.d
                
XV - Pathology

                    XV.d - Path: Acute fibrinous organizing pneumonia (AFOP-pattern) (see also If)",451668,Both,decitabine
CC(=O)N(O)CCCCCNC(=O)CCC(=O)N(O)CCCCCNC(=O)CCC(=O)N(O)CCCCCN,Deferoxamine,"I.a
                
I - Interstitial/parenchymal lung disease

                    I.a - Pneumonitis (ILD), acute and/or severe (may cause ARDS)                


                  I.b
                
I - Interstitial/parenchymal lung disease

                    I.b - Pneumonitis (ILD)                


                  II.a
                
II - Pulmonary edema - Acute lung injury - ARDS

                    II.a - Pulmonary edema, noncardiogenic (NCPE)                


                  II.b
                
II - Pulmonary edema - Acute lung injury - ARDS

                    II.b - ARDS - Acute lung injury                


                  VI.a
                
VI - Pulmonary vasculopathies

                    VI.a - Pulmonary embolism - Venous thrombosis/thromboembolism                


                  X.f
                
X - Systemic/Distant conditions, syndromes and reactions

                    X.f - Anaphylaxis-Anaphylactoid reaction (can be fatal)                


                  XV.a
                
XV - Pathology

                    XV.a - Path: NSIP-cellular pattern (see also Ia, Ib)                


                  XV.f
                
XV - Pathology

                    XV.f - Path: Diffuse alveolar damage (DAD-pattern) (see also IL)                


                  XVII.e
                
XVII - Infections & related conditions

                    XVII.e - Pneumocystis jiroveci pneumonia",2973,Both,deferoxamine
CNCCCN1c2ccccc2CCc2ccccc21,Desipramine,"I.c
                
I - Interstitial/parenchymal lung disease

                    I.c - Eosinophilic pneumonia (pulmonary infiltrates and eosinophilia)                


                  II.a
                
II - Pulmonary edema - Acute lung injury - ARDS

                    II.a - Pulmonary edema, noncardiogenic (NCPE)                


                  IV.a
                
IV - Airway involvement

                    IV.a - Bronchospasm - Wheezing - Asthma                


                  XII.d
                
XII - Cardiovascular involvement / toxicity

                    XII.d - Myocarditis (can be fulminant)",2995,Both,desipramine
N=C(N)NCCCC(NC(=O)C1CCCN1C(=O)C1CSSCCC(=O)NC(Cc2ccc(O)cc2)C(=O)NC(Cc2ccccc2)C(=O)NC(CCC(N)=O)C(=O)NC(CC(N)=O)C(=O)N1)C(=O)NCC(N)=O,Desmopressin,"II.d
                
II - Pulmonary edema - Acute lung injury - ARDS

                    II.d - Pulmonary edema, cardiogenic",5311065,Both,desmopressin
Cc1cccc(C(C)c2c[nH]cn2)c1C,Dexmedetomidine,"XII.af
                
XII - Cardiovascular involvement / toxicity

                    XII.af - Coronary vasospasm - Vasospastic angina",5311068,Both,dexmedetomidine
O=C(C(O)CO)C(O)C(O)COC1OC(COC2OC(CO)C(O)C(O)C2O)C(O)C(O)C1O,Dextran,"II.a
                
II - Pulmonary edema - Acute lung injury - ARDS

                    II.a - Pulmonary edema, noncardiogenic (NCPE)                


                  II.b
                
II - Pulmonary edema - Acute lung injury - ARDS

                    II.b - ARDS - Acute lung injury                


                  III.a
                
III - Pulmonary/alveolar./airway hemorrhage/bleeding

                    III.a - Alveolar hemorrhage (AH), diffuse AH (DAH)                


                  IV.b
                
IV - Airway involvement

                    IV.b - Bronchospasm and angioedema                


                  IV.d
                
IV - Airway involvement

                    IV.d - Cough (lone)                


                  V.a
                
V - Pleural and/or pericardial involvement

                    V.a - Pleural effusion (uni- or bilateral) (can accompany DI-LDs)                


                  X.f
                
X - Systemic/Distant conditions, syndromes and reactions

                    X.f - Anaphylaxis-Anaphylactoid reaction (can be fatal)                


                  XXIV.h
                
XXIV - Veterinary medicine

                    XXIV.h - Veterinary: Anaphylaxis/Anaphylactoid reaction",4125253,Both,dextran
COc1ccc2c(c1)C13CCCCC1C(C2)N(C)CC3,Dextromethorphan,"II.a
                
II - Pulmonary edema - Acute lung injury - ARDS

                    II.a - Pulmonary edema, noncardiogenic (NCPE)                


                  IX.d
                
IX - Neuromuscular / CNS involvement - Disordered breathing (during sleep)

                    IX.d - Respiratory failure from ventilatory depression (due to neuromuscular blockade/paralysis)",5360696,Both,dextromethorphan
CC(=O)Oc1ccc2c3c1OC1C(OC(C)=O)C=CC4C(C2)N(C)CCC341,Diacetylmorphine,"IX.d
                
IX - Neuromuscular / CNS involvement - Disordered breathing (during sleep)

                    IX.d - Respiratory failure from ventilatory depression (due to neuromuscular blockade/paralysis)",5462328,Pneumotox_only,diacetylmorphine
CN1C(=O)CN=C(c2ccccc2)c2cc(Cl)ccc21,Diazepam,"IX.d
                
IX - Neuromuscular / CNS involvement - Disordered breathing (during sleep)

                    IX.d - Respiratory failure from ventilatory depression (due to neuromuscular blockade/paralysis)                


                  IX.i
                
IX - Neuromuscular / CNS involvement - Disordered breathing (during sleep)

                    IX.i - Respiratory arrest - Apnea",3016,Both,diazepam
CC1=NS(=O)(=O)c2cc(Cl)ccc2N1,Diazoxide,"VI.b
                
VI - Pulmonary vasculopathies

                    VI.b - Pulmonary arterial hypertension",3019,Both,diazoxide
CN(C)CCN1C(=O)c2ccccc2N(C)c2ccccc21,Dibenzepin,"II.a
                
II - Pulmonary edema - Acute lung injury - ARDS

                    II.a - Pulmonary edema, noncardiogenic (NCPE)                


                  II.b
                
II - Pulmonary edema - Acute lung injury - ARDS

                    II.b - ARDS - Acute lung injury",9419,Pneumotox_only,dibenzepin
O=C(O)Cc1ccccc1Nc1c(Cl)cccc1Cl,Diclofenac,"I.c
                
I - Interstitial/parenchymal lung disease

                    I.c - Eosinophilic pneumonia (pulmonary infiltrates and eosinophilia)                


                  III.c
                
III - Pulmonary/alveolar./airway hemorrhage/bleeding

                    III.c - Hemoptysis                


                  IV.a
                
IV - Airway involvement

                    IV.a - Bronchospasm - Wheezing - Asthma",3033,Both,diclofenac
O=c1c(Cc2c(O)oc3ccccc3c2=O)c(O)oc2ccccc12,Dicoumarol,"V.e
                
V - Pleural and/or pericardial involvement

                    V.e - Hemothorax - Serosanguineous pleural effusion                


                  V.n
                
V - Pleural and/or pericardial involvement

                    V.n - Hemopericardium - Bloody pericardial effusion",54676038,Pneumotox_only,dicoumarol
OCCOCCO,Diethylene glycol,"IX.d
                
IX - Neuromuscular / CNS involvement - Disordered breathing (during sleep)

                    IX.d - Respiratory failure from ventilatory depression (due to neuromuscular blockade/paralysis)                


                  XI.d
                
XI - Miscellaneous

                    XI.d - Metabolic acidosis (incl. lactic acidosis/-gap). May cause hyperpnea/dyspnea",8117,Pneumotox_only,diethylene glycol
O=c1c(C2CC(c3ccc(-c4ccccc4)cc3)Cc3ccccc32)c(O)oc2ccccc12,Difenacoum,"III.c
                
III - Pulmonary/alveolar./airway hemorrhage/bleeding

                    III.c - Hemoptysis",54676884,Pneumotox_only,difenacoum
O=C(O)c1cc(-c2ccc(F)cc2F)ccc1O,Diflunisal,"I.c
                
I - Interstitial/parenchymal lung disease

                    I.c - Eosinophilic pneumonia (pulmonary infiltrates and eosinophilia)                


                  VI.k
                
VI - Pulmonary vasculopathies

                    VI.k - Eosinophilic pulmonary vasculitis",3059,Both,diflunisal
CC(F)F,Difluoroethane,"XI.s
                
XI - Miscellaneous

                    XI.s - Sniffing death - Death from inhalation of compound",6368,Pneumotox_only,difluoroethane
CC1OC(OC2C(O)CC(OC3C(O)CC(OC4CCC5(C)C(CCC6C5CC(O)C5(C)C(C7=CC(=O)OC7)CCC65O)C4)OC3C)OC2C)CC(O)C1O,Digoxin,"XII.bm
                
XII - Cardiovascular involvement / toxicity

                    XII.bm - Ventricular tachycardia",2724385,Both,digoxin
NNc1nnc(NN)c2ccccc12,Dihydralazine,"I.b
                
I - Interstitial/parenchymal lung disease

                    I.b - Pneumonitis (ILD)                


                  X.d
                
X - Systemic/Distant conditions, syndromes and reactions

                    X.d - Lupus - Lupus syndrome (see also Vd)",10230,Pneumotox_only,dihydralazine
COc1ccc2c3c1OC1C(O)CCC4C(C2)N(C)CCC341,Dihydrocodeine,"IX.d
                
IX - Neuromuscular / CNS involvement - Disordered breathing (during sleep)

                    IX.d - Respiratory failure from ventilatory depression (due to neuromuscular blockade/paralysis)",5284543,Both,dihydrocodeine
CC(C)C1(NC(=O)C2CC3c4cccc5[nH]cc(c45)CC3N(C)C2)OC2(O)C3CCCN3C(=O)C(Cc3ccccc3)N2C1=O,Dihydroergocristine,"I.b
                
I - Interstitial/parenchymal lung disease

                    I.b - Pneumonitis (ILD)",107715,Pneumotox_only,dihydroergocristine
CC(C)CC1C(=O)N2CCCC2C2(O)OC(NC(=O)C3CC4c5cccc6[nH]cc(c56)CC4N(C)C3)(C(C)C)C(=O)N12,Dihydroergocryptine,"V.c
                
V - Pleural and/or pericardial involvement

                    V.c - Pleural thickening - Fibrothorax",114948,Pneumotox_only,dihydroergocryptine
CN1CC(C(=O)NC2(C)OC3(O)C4CCCN4C(=O)C(Cc4ccccc4)N3C2=O)CC2c3cccc4[nH]cc(c34)CC21,Dihydroergotamine,"V.a
                
V - Pleural and/or pericardial involvement

                    V.a - Pleural effusion (uni- or bilateral) (can accompany DI-LDs)                


                  V.c
                
V - Pleural and/or pericardial involvement

                    V.c - Pleural thickening - Fibrothorax",10531,Both,dihydroergotamine
C1=CCNC=C1,Dihydropyridine,"VIII.a
                
VIII - Central-large-upper airway (incl. pharyngeal-nasal) involvement

                    VIII.a - Angioedema (may cause UAO, asphyxia and death)                


                  X.f
                
X - Systemic/Distant conditions, syndromes and reactions

                    X.f - Anaphylaxis-Anaphylactoid reaction (can be fatal)",407038,Pneumotox_only,dihydropyridine
COc1ccc(C2Sc3ccccc3N(CCN(C)C)C(=O)C2OC(C)=O)cc1,Diltiazem,"II.a
                
II - Pulmonary edema - Acute lung injury - ARDS

                    II.a - Pulmonary edema, noncardiogenic (NCPE)                


                  II.d
                
II - Pulmonary edema - Acute lung injury - ARDS

                    II.d - Pulmonary edema, cardiogenic                


                  V.b
                
V - Pleural and/or pericardial involvement

                    V.b - Eosinophilic pleural effusion",39186,Both,diltiazem
CN(C)CCO,Dimethylaminoethanol,"IX.b
                
IX - Neuromuscular / CNS involvement - Disordered breathing (during sleep)

                    IX.b - Respiratory dyskinesia",7902,Pneumotox_only,dimethylaminoethanol
CN(C)CCOC(c1ccccc1)c1ccccc1,Diphenhydramine,"II.a
                
II - Pulmonary edema - Acute lung injury - ARDS

                    II.a - Pulmonary edema, noncardiogenic (NCPE)                


                  XI.r
                
XI - Miscellaneous

                    XI.r - Death following exposure or poisoning",3100,Both,diphenhydramine
Cc1c(N(C)CS(=O)(=O)[O-])c(=O)n(-c2ccccc2)n1C,Dipyrone,"IV.a
                
IV - Airway involvement

                    IV.a - Bronchospasm - Wheezing - Asthma                


                  X.f
                
X - Systemic/Distant conditions, syndromes and reactions

                    X.f - Anaphylaxis-Anaphylactoid reaction (can be fatal)                


                  X.g
                
X - Systemic/Distant conditions, syndromes and reactions

                    X.g - Hypersensitivity reaction (may manifest with fever and/or skin, throat or airway involvement)",522325,Pneumotox_only,dipyrone
c1cc[n+]2c(c1)-c1cccc[n+]1CC2,Diquat,"II.b
                
II - Pulmonary edema - Acute lung injury - ARDS

                    II.b - ARDS - Acute lung injury                


                  VIII.r
                
VIII - Central-large-upper airway (incl. pharyngeal-nasal) involvement

                    VIII.r - Tracheal/large airway necrosis, chondronecrosis, perforation",6795,Pneumotox_only,diquat
CC(C)N(CCC(C(N)=O)(c1ccccc1)c1ccccn1)C(C)C,Disopyramide,"I.b
                
I - Interstitial/parenchymal lung disease

                    I.b - Pneumonitis (ILD)",3114,Both,disopyramide
CN(CCCCCCN(C)C(=O)Oc1ccc[n+](C)c1)C(=O)Oc1ccc[n+](C)c1,Distigmine,"IX.d
                
IX - Neuromuscular / CNS involvement - Disordered breathing (during sleep)

                    IX.d - Respiratory failure from ventilatory depression (due to neuromuscular blockade/paralysis)",3116,Pneumotox_only,distigmine
CC(CCc1ccc(O)cc1)NCCc1ccc(O)c(O)c1,Dobutamine,"XII.h
                
XII - Cardiovascular involvement / toxicity

                    XII.h - Eosinophilic myocarditis",36811,Both,dobutamine
CC(=O)OC12COC1CC(O)C1(C)C(=O)C(=O)C3C(C)C(OC(=O)C(O)C(NC(=O)OC(C)(C)C)c4ccccc4)CC(O)(C(OC(=O)c4ccccc4)C21)C3(C)C,Docetaxel,"I.a
                
I - Interstitial/parenchymal lung disease

                    I.a - Pneumonitis (ILD), acute and/or severe (may cause ARDS)                


                  I.b
                
I - Interstitial/parenchymal lung disease

                    I.b - Pneumonitis (ILD)                


                  I.g
                
I - Interstitial/parenchymal lung disease

                    I.g - Pulmonary fibrosis                


                  II.a
                
II - Pulmonary edema - Acute lung injury - ARDS

                    II.a - Pulmonary edema, noncardiogenic (NCPE)                


                  II.b
                
II - Pulmonary edema - Acute lung injury - ARDS

                    II.b - ARDS - Acute lung injury                


                  II.j
                
II - Pulmonary edema - Acute lung injury - ARDS

                    II.j - Transient pulmonary opacities/infiltrates (see also under Iav)                


                  III.a
                
III - Pulmonary/alveolar./airway hemorrhage/bleeding

                    III.a - Alveolar hemorrhage (AH), diffuse AH (DAH)                


                  V.a
                
V - Pleural and/or pericardial involvement

                    V.a - Pleural effusion (uni- or bilateral) (can accompany DI-LDs)                


                  X.c
                
X - Systemic/Distant conditions, syndromes and reactions

                    X.c - Capillary leak syndrome (CLS)                


                  X.g
                
X - Systemic/Distant conditions, syndromes and reactions

                    X.g - Hypersensitivity reaction (may manifest with fever and/or skin, throat or airway involvement)                


                  X.n
                
X - Systemic/Distant conditions, syndromes and reactions

                    X.n - Tumor lysis syndrome (TLS)                


                  X.r
                
X - Systemic/Distant conditions, syndromes and reactions

                    X.r - Fluid retention                


                  XII.c
                
XII - Cardiovascular involvement / toxicity

                    XII.c - Pericardial effusion (w/wo tamponade)                


                  XII.m
                
XII - Cardiovascular involvement / toxicity

                    XII.m - Cardiac- cardiorespiratory/pulmonary arrest                


                  XV.a
                
XV - Pathology

                    XV.a - Path: NSIP-cellular pattern (see also Ia, Ib)                


                  XV.f
                
XV - Pathology

                    XV.f - Path: Diffuse alveolar damage (DAD-pattern) (see also IL)                


                  XV.h
                
XV - Pathology

                    XV.h - Path: NSIP-fibrotic pattern",148124,Both,docetaxel
O=C(OC1CC2CC3CC(C1)N2CC3=O)c1c[nH]c2ccccc12,Dolasetron,"XII.t
                
XII - Cardiovascular involvement / toxicity

                    XII.t - Torsades de pointe",60654,Both,dolasetron
CC1CCOC2Cn3cc(C(=O)NCc4ccc(F)cc4F)c(=O)c([O-])c3C(=O)N12,Dolutegravir,"X.an
                
X - Systemic/Distant conditions, syndromes and reactions

                    X.an - Cytokine release syndrome - Cytokine storm                


                  XII.d
                
XII - Cardiovascular involvement / toxicity

                    XII.d - Myocarditis (can be fulminant)",46216142,Both,dolutegravir
COc1cc2c(cc1OC)C(=O)C(CC1CCN(Cc3ccccc3)CC1)C2,Donepezil,"IX.f
                
IX - Neuromuscular / CNS involvement - Disordered breathing (during sleep)

                    IX.f - Hiccup",3152,Both,donepezil
CN1CCN(c2ccc3[nH]c(-c4c(N)c5c(F)cccc5[nH]c4=O)nc3c2)CC1,Dovitinib,"VI.a
                
VI - Pulmonary vasculopathies

                    VI.a - Pulmonary embolism - Venous thrombosis/thromboembolism",135398510,Pneumotox_only,dovitinib
CC1c2cccc(O)c2C(=O)C2C(=O)C3(O)C(=O)C(C(N)=O)C(=O)C(N(C)C)C3C(O)C21,Doxycycline,"IV.a
                
IV - Airway involvement

                    IV.a - Bronchospasm - Wheezing - Asthma                


                  X.d
                
X - Systemic/Distant conditions, syndromes and reactions

                    X.d - Lupus - Lupus syndrome (see also Vd)                


                  X.f
                
X - Systemic/Distant conditions, syndromes and reactions

                    X.f - Anaphylaxis-Anaphylactoid reaction (can be fatal)                


                  X.g
                
X - Systemic/Distant conditions, syndromes and reactions

                    X.g - Hypersensitivity reaction (may manifest with fever and/or skin, throat or airway involvement)                


                  X.o
                
X - Systemic/Distant conditions, syndromes and reactions

                    X.o - Neutrophilic dermatosis (Pyoderma, Sweet syndrome)                


                  X.s
                
X - Systemic/Distant conditions, syndromes and reactions

                    X.s - Vasculitis, pulmonary (w/wo AH), extrapulmonary, systemic: ANCA-positive                


                  XI.h
                
XI - Miscellaneous

                    XI.h - Esophageal pathology (erosion, ulcer, tear, rupture, fistula)",54671203,Both,doxycycline
CCCCCc1cc(O)c2c(c1)OC(C)(C)C1CCC(C)=CC21,Dronabinol,"XII.ah
                
XII - Cardiovascular involvement / toxicity

                    XII.ah - Tachycardia",16078,Both,dronabinol
CCCCc1oc2ccc(NS(C)(=O)=O)cc2c1C(=O)c1ccc(OCCCN(CCCC)CCCC)cc1,Dronedarone,"I.a
                
I - Interstitial/parenchymal lung disease

                    I.a - Pneumonitis (ILD), acute and/or severe (may cause ARDS)                


                  I.b
                
I - Interstitial/parenchymal lung disease

                    I.b - Pneumonitis (ILD)                


                  I.d
                
I - Interstitial/parenchymal lung disease

                    I.d - Organizing pneumonia pattern (an area or areas of consolidation on imaging)                


                  I.l
                
I - Interstitial/parenchymal lung disease

                    I.l - Diffuse alveolar damage (DAD) (see alsoo under IIb and XVf)                


                  II.b
                
II - Pulmonary edema - Acute lung injury - ARDS

                    II.b - ARDS - Acute lung injury                


                  XII.a
                
XII - Cardiovascular involvement / toxicity

                    XII.a - Left or biventricular dysfunction/failure                


                  XII.t
                
XII - Cardiovascular involvement / toxicity

                    XII.t - Torsades de pointe                


                  XV.c
                
XV - Pathology

                    XV.c - Path: Organizing pneumonia (OP/BOOP) pattern (see also Id)                


                  XV.f
                
XV - Pathology

                    XV.f - Path: Diffuse alveolar damage (DAD-pattern) (see also IL)",208898,Both,dronedarone
O=C(CCCN1CC=C(n2c(=O)[nH]c3ccccc32)CC1)c1ccc(F)cc1,Droperidol,"IX.c
                
IX - Neuromuscular / CNS involvement - Disordered breathing (during sleep)

                    IX.c - Chest wall muscle rigidity - Stiff/wooden chest",3168,Both,droperidol
CC12C=CC(=O)NC1CCC1C2CCC2(C)C(C(=O)Nc3cc(C(F)(F)F)ccc3C(F)(F)F)CCC12,Dutasteride,"VI.a
                
VI - Pulmonary vasculopathies

                    VI.a - Pulmonary embolism - Venous thrombosis/thromboembolism",6918296,Both,dutasteride
CC(Nc1ncnc2[nH]cnc12)c1cc2cccc(Cl)c2c(=O)n1-c1ccccc1,Duvelisib,"I.a
                
I - Interstitial/parenchymal lung disease

                    I.a - Pneumonitis (ILD), acute and/or severe (may cause ARDS)",50905713,Both,duvelisib
CCC(C)C1NC(=O)C(Cc2ccccc2)NC(=O)C(CCC(=O)O)NC(=O)C(CCC(=O)O)NC(=O)C2CSSCC3NC(=O)C(CCC(=O)O)NC(=O)C(CCC(=O)O)NC(=O)C(CC(C)C)NC(=O)C(CO)NC(=O)C(CCC(=O)O)NC(=O)C(Cc4ccccc4)NC(=O)C(CCCN=C(N)N)NC(=O)C(CC(N)=O)NC(=O)C(CCC(N)=O)NC(=O)C(CC(N)=O)NC(=O)CNC(=O)C(CCC(=O)O)NC(=O)C(CSSCC(NC(=O)C4CCCN4C(=O)CNC(=O)C(CC(=O)O)NC(=O)C(CC(=O)O)NC(=O)C(C)NC(=O)C(CCCCN)NC(=O)C(Cc4ccccc4)NC(=O)C(C)NC(=O)C(NC(=O)C(Cc4ccccc4)NC(=O)C(CO)NC(=O)C(Cc4cnc[nH]4)NC(=O)C(CCSC)NC(=O)C(C)NC(=O)C(N)CCC(=O)O)CSSCC(C(=O)NC(C(=O)NC(CCCNC(=N)N)C(=O)NC(CC(=O)O)C(=O)O)C(C)O)NC(=O)C(CCSC)NC(=O)C(CCCCN)NC(=O)C(CCCCN)NC3=O)C(=O)NC(CCCNC(=N)N)C(=O)NC(C)C(=O)NC(C)C(=O)NC(Cc3cnc[nH]3)C(=O)N3CCCC3C(=O)NC(CCCNC(=N)N)C(=O)NC(Cc3c[nH]c4ccccc34)C(=O)NC(Cc3ccccc3)C(=O)NC(Cc3ccccc3)C(=O)NC(CC(N)=O)C(=O)NC(C(C)CC)C(=O)NC(Cc3ccccc3)C(=O)NC(C(C)O)C(=O)NC(CCCNC(=N)N)C(=O)NC(CCC(N)=O)C(=O)N2)NC(=O)CNC(=O)CNC(=O)C(Cc2ccc(O)cc2)NC1=O,Ecallantide,"X.f
                
X - Systemic/Distant conditions, syndromes and reactions

                    X.f - Anaphylaxis-Anaphylactoid reaction (can be fatal)",44152182,Both,ecallantide
CN1CCc2nc(C(=O)NC3CC(C(=O)N(C)C)CCC3NC(=O)C(=O)Nc3ccc(Cl)cn3)sc2C1,Edoxaban,"III.a
                
III - Pulmonary/alveolar./airway hemorrhage/bleeding

                    III.a - Alveolar hemorrhage (AH), diffuse AH (DAH)",10280735,Both,edoxaban
O=C1Nc2ccc(Cl)cc2C(C#CC2CC2)(C(F)(F)F)O1,Efavirenz,"I.c
                
I - Interstitial/parenchymal lung disease

                    I.c - Eosinophilic pneumonia (pulmonary infiltrates and eosinophilia)                


                  X.a
                
X - Systemic/Distant conditions, syndromes and reactions

                    X.a - DRES syndrome - DRESS-like reaction                


                  X.g
                
X - Systemic/Distant conditions, syndromes and reactions

                    X.g - Hypersensitivity reaction (may manifest with fever and/or skin, throat or airway involvement)",64139,Both,efavirenz
CNc1cc2[nH]c(=O)n(-c3ccc(NC(=O)NS(=O)(=O)c4ccc(Cl)s4)cc3)c(=O)c2cc1F,Elinogrel,"IX.h
                
IX - Neuromuscular / CNS involvement - Disordered breathing (during sleep)

                    IX.h - Dyspnea, unexplained otherwise",16066663,Pneumotox_only,elinogrel
Cc1ccc(-n2[nH]c(C)c(N=Nc3cccc(-c4cccc(C(=O)O)c4)c3O)c2=O)cc1C,Eltrombopag,"X.b
                
X - Systemic/Distant conditions, syndromes and reactions

                    X.b - Antiphospholipid antibodies w/wo the APL syndrome",135449332,Both,eltrombopag
COC(=O)NC(C)CNc1nccc(-c2cn(C(C)C)nc2-c2cc(Cl)cc(NS(C)(=O)=O)c2F)n1,Encorafenib (LGX818),"X.k
                
X - Systemic/Distant conditions, syndromes and reactions

                    X.k - Sarcoid-like granulomatosis (endo-/extrathoracic)",50922675,Pneumotox_only,encorafenib (lgx818)
CC(=O)NC1C(OC2C(C(=O)[O-])OC(OC3C4COC(O4)C(NS(=O)(=O)[O-])C3O)C(O)C2O)OC(CO)C(OC2CC(C(=O)[O-])C(OC3OC(COS(=O)(=O)O)C(OC4OC(C(=O)[O-])=CC(O)C4O)C(O)C3NC(C)=O)C(O)C2O)C1C,Enoxaparin,"III.a
                
III - Pulmonary/alveolar./airway hemorrhage/bleeding

                    III.a - Alveolar hemorrhage (AH), diffuse AH (DAH)                


                  V.e
                
V - Pleural and/or pericardial involvement

                    V.e - Hemothorax - Serosanguineous pleural effusion",60196282,Both,enoxaparin
c1cn2cc(-c3ccc4c[nH]nc4c3)nc(Nc3ccc(N4CCOCC4)cc3)c2n1,Entospletinib,"I.a
                
I - Interstitial/parenchymal lung disease

                    I.a - Pneumonitis (ILD), acute and/or severe (may cause ARDS)",59473233,Pneumotox_only,entospletinib
CN1CCN(c2ccc(C(=O)Nc3[nH]nc4ccc(Cc5cc(F)cc(F)c5)cc34)c(NC3CCOCC3)c2)CC1,Entrectinib,"I.b
                
I - Interstitial/parenchymal lung disease

                    I.b - Pneumonitis (ILD)                


                  XII.a
                
XII - Cardiovascular involvement / toxicity

                    XII.a - Left or biventricular dysfunction/failure                


                  XII.d
                
XII - Cardiovascular involvement / toxicity

                    XII.d - Myocarditis (can be fulminant)                


                  XII.h
                
XII - Cardiovascular involvement / toxicity

                    XII.h - Eosinophilic myocarditis",25141092,Both,entrectinib
CCCC=c1ncc(=CC(Cc2cccs2)C(=O)O)n1Cc1ccc(C(=O)O)cc1,Eprosartan,"I.b
                
I - Interstitial/parenchymal lung disease

                    I.b - Pneumonitis (ILD)",5281037,Both,eprosartan
N=C(N)NCCCCC1NC(=O)CCSSCC(C(N)=O)NC(=O)C2CCCN2C(=O)C(Cc2c[nH]c3ccccc23)NC(=O)C(CC(=O)O)NC(=O)CNC1=O,Eptifibatide,"III.a
                
III - Pulmonary/alveolar./airway hemorrhage/bleeding

                    III.a - Alveolar hemorrhage (AH), diffuse AH (DAH)                


                  VIII.a
                
VIII - Central-large-upper airway (incl. pharyngeal-nasal) involvement

                    VIII.a - Angioedema (may cause UAO, asphyxia and death)",448812,Both,eptifibatide
CN1CC(C(=O)NC2(C)OC3(O)C4CCCN4C(=O)C(Cc4ccccc4)N3C2=O)C=C2c3cccc4[nH]cc(c34)CC21,Ergotamine,"V.a
                
V - Pleural and/or pericardial involvement

                    V.a - Pleural effusion (uni- or bilateral) (can accompany DI-LDs)                


                  V.c
                
V - Pleural and/or pericardial involvement

                    V.c - Pleural thickening - Fibrothorax                


                  V.h
                
V - Pleural and/or pericardial involvement

                    V.h - Chylothorax                


                  V.o
                
V - Pleural and/or pericardial involvement

                    V.o - The 'folded lung' (Blesovsky syndrome)                


                  XII.b
                
XII - Cardiovascular involvement / toxicity

                    XII.b - Valvular heart disease and/or dysfunction                


                  XII.k
                
XII - Cardiovascular involvement / toxicity

                    XII.k - Constrictive pericarditis - Pericardial thickening                


                  XVI.an
                
XVI - Imaging

                    XVI.an - Imaging: Pleural effusion                


                  XVI.ap
                
XVI - Imaging

                    XVI.ap - Imaging: Pleural thickening w/wo rounded atelectasis",8223,Both,ergotamine
C=C1CC2CCC34CC5OC6C(OC7CCC(CC(=O)CC8C(CC9OC(CCC1O2)CC(C)C9=C)OC(CC(O)CN)C8OC)OC7C6O3)C5O4,Eribulin,"I.b
                
I - Interstitial/parenchymal lung disease

                    I.b - Pneumonitis (ILD)",11354606,Both,eribulin
C#Cc1cccc(Nc2ncnc3cc(OCCOC)c(OCCOC)cc23)c1,Erlotinib,"I.a
                
I - Interstitial/parenchymal lung disease

                    I.a - Pneumonitis (ILD), acute and/or severe (may cause ARDS)                


                  I.b
                
I - Interstitial/parenchymal lung disease

                    I.b - Pneumonitis (ILD)                


                  I.d
                
I - Interstitial/parenchymal lung disease

                    I.d - Organizing pneumonia pattern (an area or areas of consolidation on imaging)                


                  I.g
                
I - Interstitial/parenchymal lung disease

                    I.g - Pulmonary fibrosis                


                  I.l
                
I - Interstitial/parenchymal lung disease

                    I.l - Diffuse alveolar damage (DAD) (see alsoo under IIb and XVf)                


                  I.w
                
I - Interstitial/parenchymal lung disease

                    I.w - Rapidly progressive ILD/pulmonary fibrosis (Hamman-Rich syndrome)                


                  I.ad
                
I - Interstitial/parenchymal lung disease

                    I.ad - Radiation recall pneumonitis                


                  II.b
                
II - Pulmonary edema - Acute lung injury - ARDS

                    II.b - ARDS - Acute lung injury                


                  III.a
                
III - Pulmonary/alveolar./airway hemorrhage/bleeding

                    III.a - Alveolar hemorrhage (AH), diffuse AH (DAH)                


                  V.a
                
V - Pleural and/or pericardial involvement

                    V.a - Pleural effusion (uni- or bilateral) (can accompany DI-LDs)                


                  V.f
                
V - Pleural and/or pericardial involvement

                    V.f - Pneumothorax                


                  XI.w
                
XI - Miscellaneous

                    XI.w - Cavitation/necrosis of lung tumor or metastases                


                  XII.f
                
XII - Cardiovascular involvement / toxicity

                    XII.f - Cardiomyopathy (acute, subacute, chronic)                


                  XV.c
                
XV - Pathology

                    XV.c - Path: Organizing pneumonia (OP/BOOP) pattern (see also Id)                


                  XV.f
                
XV - Pathology

                    XV.f - Path: Diffuse alveolar damage (DAD-pattern) (see also IL)                


                  XVI.n
                
XVI - Imaging

                    XVI.n - Imaging: Intralobular septal thickening - Crazy paving                


                  XVI.af
                
XVI - Imaging

                    XVI.af - Imaging: Lung cysts or bullae (see also XVI ah/bf)                


                  XVI.ay
                
XVI - Imaging

                    XVI.ay - Imaging: Asymmetrical, predominantly unilateral involvement                


                  XVI.bw
                
XVI - Imaging

                    XVI.bw - Imaging: Air or an air crescent around lung tumor or metastase(s)                


                  XXI.e
                
XXI - Rechallenge data

                    XXI.e - Rechallenge may not necessarily lead to relapse of AE/ILD",176870,Both,erlotinib
OCC(O)C(O)CO,Erythritol,"X.f
                
X - Systemic/Distant conditions, syndromes and reactions

                    X.f - Anaphylaxis-Anaphylactoid reaction (can be fatal)",222285,Pneumotox_only,erythritol
CCC1OC(=O)C(C)C(OC2CC(C)(OC)C(O)C(C)O2)C(C)C(OC2OC(C)CC(N(C)C)C2O)C(C)(O)CC(C)C(=O)C(C)C(O)C1(C)O,Erythromycin,"VIII.a
                
VIII - Central-large-upper airway (incl. pharyngeal-nasal) involvement

                    VIII.a - Angioedema (may cause UAO, asphyxia and death)                


                  X.f
                
X - Systemic/Distant conditions, syndromes and reactions

                    X.f - Anaphylaxis-Anaphylactoid reaction (can be fatal)                


                  X.h
                
X - Systemic/Distant conditions, syndromes and reactions

                    X.h - Eosinophilic granulomatosis with polyangiitis (Churg-Strauss)",12560,Both,erythromycin
COC(=O)CCc1ccc(OCC(O)CNC(C)C)cc1,Esmolol,"IV.a
                
IV - Airway involvement

                    IV.a - Bronchospasm - Wheezing - Asthma",59768,Both,esmolol
CC12CCC3C(=CCc4cc(OS(=O)(=O)[O-])ccc43)C1CCC2=O,Estrogens,"I.as
                
I - Interstitial/parenchymal lung disease

                    I.as - Progression of preexisting pulmonary LAMM                


                  VI.a
                
VI - Pulmonary vasculopathies

                    VI.a - Pulmonary embolism - Venous thrombosis/thromboembolism                


                  VIII.a
                
VIII - Central-large-upper airway (incl. pharyngeal-nasal) involvement

                    VIII.a - Angioedema (may cause UAO, asphyxia and death)                


                  XV.au
                
XV - Pathology

                    XV.au - Path: Progression of pulmonary LAMM",23676225,Both,estrogens
CCC(CO)NCCNC(CC)CO,Ethambutol,"I.b
                
I - Interstitial/parenchymal lung disease

                    I.b - Pneumonitis (ILD)                


                  I.c
                
I - Interstitial/parenchymal lung disease

                    I.c - Eosinophilic pneumonia (pulmonary infiltrates and eosinophilia)                


                  I.e
                
I - Interstitial/parenchymal lung disease

                    I.e - Acute eosinophilic pneumonia (AEP)                


                  VIII.a
                
VIII - Central-large-upper airway (incl. pharyngeal-nasal) involvement

                    VIII.a - Angioedema (may cause UAO, asphyxia and death)                


                  X.a
                
X - Systemic/Distant conditions, syndromes and reactions

                    X.a - DRES syndrome - DRESS-like reaction                


                  XIX.c
                
XIX - Cytological, biochemical features of/in BAL, pleural fluid or FNA

                    XIX.c - BAL: An excess proportion of eosinophils",14052,Both,ethambutol
C#CC(O)(C=CCl)CC,Ethchlorvynol,"II.a
                
II - Pulmonary edema - Acute lung injury - ARDS

                    II.a - Pulmonary edema, noncardiogenic (NCPE)                


                  II.b
                
II - Pulmonary edema - Acute lung injury - ARDS

                    II.b - ARDS - Acute lung injury                


                  V.a
                
V - Pleural and/or pericardial involvement

                    V.a - Pleural effusion (uni- or bilateral) (can accompany DI-LDs)",5281077,Pneumotox_only,ethchlorvynol
CCC1(C)CC(=O)NC1=O,Ethosuximide,"V.d
                
V - Pleural and/or pericardial involvement

                    V.d - Pleural/pericardial effusion, ANA positive (DI lupus)                


                  X.d
                
X - Systemic/Distant conditions, syndromes and reactions

                    X.d - Lupus - Lupus syndrome (see also Vd)                


                  XII.c
                
XII - Cardiovascular involvement / toxicity

                    XII.c - Pericardial effusion (w/wo tamponade)                


                  XII.d
                
XII - Cardiovascular involvement / toxicity

                    XII.d - Myocarditis (can be fulminant)",3291,Both,ethosuximide
CCCCOCCO,Ethylene glycol butyl ether,"II.a
                
II - Pulmonary edema - Acute lung injury - ARDS

                    II.a - Pulmonary edema, noncardiogenic (NCPE)",8133,Pneumotox_only,ethylene glycol butyl ether
CCOC(=O)C(c1ccccc1)C1CCCCN1,Ethylphenidate,"XI.r
                
XI - Miscellaneous

                    XI.r - Death following exposure or poisoning",3080846,Pneumotox_only,ethylphenidate
COc1cc(C2c3cc4c(cc3C(OC3OC5COC(C)OC5C(O)C3O)C3COC(=O)C23)OCO4)cc(OC)c1O,Etoposide,"I.b
                
I - Interstitial/parenchymal lung disease

                    I.b - Pneumonitis (ILD)                


                  I.l
                
I - Interstitial/parenchymal lung disease

                    I.l - Diffuse alveolar damage (DAD) (see alsoo under IIb and XVf)                


                  II.b
                
II - Pulmonary edema - Acute lung injury - ARDS

                    II.b - ARDS - Acute lung injury                


                  III.a
                
III - Pulmonary/alveolar./airway hemorrhage/bleeding

                    III.a - Alveolar hemorrhage (AH), diffuse AH (DAH)                


                  IV.a
                
IV - Airway involvement

                    IV.a - Bronchospasm - Wheezing - Asthma                


                  VIII.a
                
VIII - Central-large-upper airway (incl. pharyngeal-nasal) involvement

                    VIII.a - Angioedema (may cause UAO, asphyxia and death)                


                  X.f
                
X - Systemic/Distant conditions, syndromes and reactions

                    X.f - Anaphylaxis-Anaphylactoid reaction (can be fatal)                


                  X.g
                
X - Systemic/Distant conditions, syndromes and reactions

                    X.g - Hypersensitivity reaction (may manifest with fever and/or skin, throat or airway involvement)                


                  XI.b
                
XI - Miscellaneous

                    XI.b - Chest pain (acute or subacute), lone or prominent                


                  XII.g
                
XII - Cardiovascular involvement / toxicity

                    XII.g - Coronary artery disease (acute) - Myocardial ischemia/infarction                


                  XII.n
                
XII - Cardiovascular involvement / toxicity

                    XII.n - Cardiovascular collapse - Cardiogenic shock - Hypotension                


                  XV.c
                
XV - Pathology

                    XV.c - Path: Organizing pneumonia (OP/BOOP) pattern (see also Id)                


                  XV.f
                
XV - Pathology

                    XV.f - Path: Diffuse alveolar damage (DAD-pattern) (see also IL)                


                  XV.i
                
XV - Pathology

                    XV.i - Path: Pneumocyte atypia (reactive epithelial cells) (a.k.a. the ""Napoleon Hat"" sign)                


                  XVI.b
                
XVI - Imaging

                    XVI.b - Imaging: Ground-glass opacities (GGO) / shadowing",36462,Both,etoposide
Cc1ccc(-c2ncc(Cl)cc2-c2ccc(S(C)(=O)=O)cc2)cn1,Etoricoxib,"IV.a
                
IV - Airway involvement

                    IV.a - Bronchospasm - Wheezing - Asthma                


                  V.a
                
V - Pleural and/or pericardial involvement

                    V.a - Pleural effusion (uni- or bilateral) (can accompany DI-LDs)                


                  VIII.a
                
VIII - Central-large-upper airway (incl. pharyngeal-nasal) involvement

                    VIII.a - Angioedema (may cause UAO, asphyxia and death)",123619,Both,etoricoxib
CCOC(=O)C=C(C)C=CC=C(C)C=Cc1c(C)cc(OC)c(C)c1C,Etretinate,"II.b
                
II - Pulmonary edema - Acute lung injury - ARDS

                    II.b - ARDS - Acute lung injury",5282375,Pneumotox_only,etretinate
COC1CC2CCC(C)C(O)(O2)C(=O)C(=O)N2CCCCC2C(=O)OC(C(C)CC2CCC(OCCO)C(OC)C2)CC(=O)C(C)=CC(C)C(O)C(OC)C(=O)C(C)CC(C)C=CC=CC=C1C,Everolimus,"I.a
                
I - Interstitial/parenchymal lung disease

                    I.a - Pneumonitis (ILD), acute and/or severe (may cause ARDS)                


                  I.b
                
I - Interstitial/parenchymal lung disease

                    I.b - Pneumonitis (ILD)                


                  I.d
                
I - Interstitial/parenchymal lung disease

                    I.d - Organizing pneumonia pattern (an area or areas of consolidation on imaging)                


                  I.f
                
I - Interstitial/parenchymal lung disease

                    I.f - Acute fibrinous organizing pneumonia (AFOP)                


                  I.h
                
I - Interstitial/parenchymal lung disease

                    I.h - Subclinical pulmonary infiltrates/ILD                


                  I.l
                
I - Interstitial/parenchymal lung disease

                    I.l - Diffuse alveolar damage (DAD) (see alsoo under IIb and XVf)                


                  I.m
                
I - Interstitial/parenchymal lung disease

                    I.m - ILD with a granulomatous component                


                  I.p
                
I - Interstitial/parenchymal lung disease

                    I.p - Fatal pneumonitis (ILD)                


                  I.v
                
I - Interstitial/parenchymal lung disease

                    I.v - Abnormal lung function/pulmonary physiology (PFTs) without necessarily imaging or clinical evidence                


                  I.y
                
I - Interstitial/parenchymal lung disease

                    I.y - Progression, acceleration or exacerbation of preexisting ILD/fibrosis                


                  I.ad
                
I - Interstitial/parenchymal lung disease

                    I.ad - Radiation recall pneumonitis                


                  II.b
                
II - Pulmonary edema - Acute lung injury - ARDS

                    II.b - ARDS - Acute lung injury                


                  III.a
                
III - Pulmonary/alveolar./airway hemorrhage/bleeding

                    III.a - Alveolar hemorrhage (AH), diffuse AH (DAH)                


                  III.h
                
III - Pulmonary/alveolar./airway hemorrhage/bleeding

                    III.h - Major/massive hemoptysis                


                  IV.d
                
IV - Airway involvement

                    IV.d - Cough (lone)                


                  V.h
                
V - Pleural and/or pericardial involvement

                    V.h - Chylothorax                


                  V.i
                
V - Pleural and/or pericardial involvement

                    V.i - Pleuritis (can cause chest pain)                


                  VI.a
                
VI - Pulmonary vasculopathies

                    VI.a - Pulmonary embolism - Venous thrombosis/thromboembolism                


                  VIII.a
                
VIII - Central-large-upper airway (incl. pharyngeal-nasal) involvement

                    VIII.a - Angioedema (may cause UAO, asphyxia and death)                


                  XV.a
                
XV - Pathology

                    XV.a - Path: NSIP-cellular pattern (see also Ia, Ib)                


                  XV.c
                
XV - Pathology

                    XV.c - Path: Organizing pneumonia (OP/BOOP) pattern (see also Id)                


                  XV.d
                
XV - Pathology

                    XV.d - Path: Acute fibrinous organizing pneumonia (AFOP-pattern) (see also If)                


                  XV.e
                
XV - Pathology

                    XV.e - Path: ILD with a granulomatous component (see also Im)                


                  XV.g
                
XV - Pathology

                    XV.g - Path: Alveolar hemorrhage (see also IIIa)                


                  XVI.b
                
XVI - Imaging

                    XVI.b - Imaging: Ground-glass opacities (GGO) / shadowing                


                  XVI.bl
                
XVI - Imaging

                    XVI.bl - Imaging: An area or areas of avid tracer uptake in the lung/chest on 18F-PET scan                


                  XVII.e
                
XVII - Infections & related conditions

                    XVII.e - Pneumocystis jiroveci pneumonia",6442177,Both,everolimus
C=C1CC2C(CCC3(C)C(=O)CCC23)C2(C)C=CC(=O)C=C12,Exemestane,"I.b
                
I - Interstitial/parenchymal lung disease

                    I.b - Pneumonitis (ILD)",60198,Both,exemestane
O=C1C(CCC(O)c2ccc(F)cc2)C(c2ccc(O)cc2)N1c1ccc(F)cc1,Ezetimibe,"X.s
                
X - Systemic/Distant conditions, syndromes and reactions

                    X.s - Vasculitis, pulmonary (w/wo AH), extrapulmonary, systemic: ANCA-positive",150311,Both,ezetimibe
N=C(CCSCc1csc(N=C(N)N)n1)NS(N)(=O)=O,Famotidine,"X.f
                
X - Systemic/Distant conditions, syndromes and reactions

                    X.f - Anaphylaxis-Anaphylactoid reaction (can be fatal)",3325,Both,famotidine
NC(=O)c1nc(F)c[nH]c1=O,Favipiravir,"XII.ag
                
XII - Cardiovascular involvement / toxicity

                    XII.ag - Bradycardia",492405,Pneumotox_only,favipiravir
CCCCOCC(CN1C(=O)NC(=O)C(CC)(c2ccccc2)C1=O)OC(N)=O,Febarbamate,"I.c
                
I - Interstitial/parenchymal lung disease

                    I.c - Eosinophilic pneumonia (pulmonary infiltrates and eosinophilia)",25803,Pneumotox_only,febarbamate
O=C(O)CCC(=O)c1ccc(-c2ccccc2)cc1,Fenbufen,"I.c
                
I - Interstitial/parenchymal lung disease

                    I.c - Eosinophilic pneumonia (pulmonary infiltrates and eosinophilia)                


                  VII.a
                
VII - Mediastinal involvement

                    VII.a - Lymphadenopathy (intrathoracic)",3335,Pneumotox_only,fenbufen
CC(C)OC(=O)C(C)(C)Oc1ccc(C(=O)c2ccc(Cl)cc2)cc1,Fenofibrate,"X.j
                
X - Systemic/Distant conditions, syndromes and reactions

                    X.j - Myopathy-Myositis-Polymyositis (see also under Xba)",3339,Both,fenofibrate
CC(C(=O)O)c1cccc(Oc2ccccc2)c1,Fenoprofen,"I.c
                
I - Interstitial/parenchymal lung disease

                    I.c - Eosinophilic pneumonia (pulmonary infiltrates and eosinophilia)",3342,Both,fenoprofen
CC(Cc1ccc(O)cc1)NCC(O)c1cc(O)cc(O)c1,Fenoterol,"II.a
                
II - Pulmonary edema - Acute lung injury - ARDS

                    II.a - Pulmonary edema, noncardiogenic (NCPE)",3343,Pneumotox_only,fenoterol
CCC(=O)N(c1ccccc1)C1CCN(CCc2ccccc2)CC1,Fentanyl,"I.n
                
I - Interstitial/parenchymal lung disease

                    I.n - Pulmonary alveolar proteinosis (PAP)                


                  II.a
                
II - Pulmonary edema - Acute lung injury - ARDS

                    II.a - Pulmonary edema, noncardiogenic (NCPE)                


                  III.a
                
III - Pulmonary/alveolar./airway hemorrhage/bleeding

                    III.a - Alveolar hemorrhage (AH), diffuse AH (DAH)                


                  IV.e
                
IV - Airway involvement

                    IV.e - Cough (acute, violent, explosive)                


                  IV.g
                
IV - Airway involvement

                    IV.g - Cough syncope                


                  VIII.c
                
VIII - Central-large-upper airway (incl. pharyngeal-nasal) involvement

                    VIII.c - Upper airway obstruction other than angioedema or hematoma                


                  VIII.e
                
VIII - Central-large-upper airway (incl. pharyngeal-nasal) involvement

                    VIII.e - Laryngospasm (a.k.a. laryngismus)                


                  VIII.h
                
VIII - Central-large-upper airway (incl. pharyngeal-nasal) involvement

                    VIII.h - Vocal cord dysfunction, adduction, closure, injury                


                  VIII.q
                
VIII - Central-large-upper airway (incl. pharyngeal-nasal) involvement

                    VIII.q - Tongue involvement (edema, glossitis, hematoma)                


                  IX.c
                
IX - Neuromuscular / CNS involvement - Disordered breathing (during sleep)

                    IX.c - Chest wall muscle rigidity - Stiff/wooden chest                


                  IX.d
                
IX - Neuromuscular / CNS involvement - Disordered breathing (during sleep)

                    IX.d - Respiratory failure from ventilatory depression (due to neuromuscular blockade/paralysis)                


                  IX.i
                
IX - Neuromuscular / CNS involvement - Disordered breathing (during sleep)

                    IX.i - Respiratory arrest - Apnea                


                  IX.t
                
IX - Neuromuscular / CNS involvement - Disordered breathing (during sleep)

                    IX.t - CNS involvement/dysfunction/damage                


                  X.f
                
X - Systemic/Distant conditions, syndromes and reactions

                    X.f - Anaphylaxis-Anaphylactoid reaction (can be fatal)                


                  XI.g
                
XI - Miscellaneous

                    XI.g - Aspiration, aspiration pneumonia (w/wo demonstrable pharyngeal dysmotility)                


                  XI.r
                
XI - Miscellaneous

                    XI.r - Death following exposure or poisoning                


                  XII.f
                
XII - Cardiovascular involvement / toxicity

                    XII.f - Cardiomyopathy (acute, subacute, chronic)                


                  XII.n
                
XII - Cardiovascular involvement / toxicity

                    XII.n - Cardiovascular collapse - Cardiogenic shock - Hypotension",3345,Both,fentanyl
O=C(Nc1nc2cccc(-c3ccc(CN4CCS(=O)(=O)CC4)cc3)n2n1)C1CC1,Filgotinib,"XVII.a
                
XVII - Infections & related conditions

                    XVII.a - Respiratory tract infection incl. pneumonia",49831257,Pneumotox_only,filgotinib
CC(C)(C)NC(=O)C1CCC2C3CCC4NC(=O)C=CC4(C)C3CCC12C,Finasteride,"VI.a
                
VI - Pulmonary vasculopathies

                    VI.a - Pulmonary embolism - Venous thrombosis/thromboembolism",57363,Both,finasteride
CCCCCCCCc1ccc(CCC(N)(CO)CO)cc1,Fingolimod,"I.b
                
I - Interstitial/parenchymal lung disease

                    I.b - Pneumonitis (ILD)                


                  IV.a
                
IV - Airway involvement

                    IV.a - Bronchospasm - Wheezing - Asthma                


                  IV.d
                
IV - Airway involvement

                    IV.d - Cough (lone)                


                  IV.f
                
IV - Airway involvement

                    IV.f - Severe or catastrophic bronchospasm or asthma attack (can be fatal)                


                  XII.s
                
XII - Cardiovascular involvement / toxicity

                    XII.s - Heart block (bundle branch- or AV-)                


                  XII.ag
                
XII - Cardiovascular involvement / toxicity

                    XII.ag - Bradycardia                


                  XVII.a
                
XVII - Infections & related conditions

                    XVII.a - Respiratory tract infection incl. pneumonia                


                  XVII.b
                
XVII - Infections & related conditions

                    XVII.b - Opportunistic pulmonary/systemic infections                


                  XVII.q
                
XVII - Infections & related conditions

                    XVII.q - Viral pneumonia",107970,Both,fingolimod
CN1CCC(c2c(O)cc(O)c3c(=O)cc(-c4ccccc4Cl)oc23)C(O)C1,Flavopiridol,"X.n
                
X - Systemic/Distant conditions, syndromes and reactions

                    X.n - Tumor lysis syndrome (TLS)",5287969,Pneumotox_only,flavopiridol
O=c1[nH]c2ccccc2n1CCN1CCN(c2cccc(C(F)(F)F)c2)CC1,Flibanserin,"IX.c
                
IX - Neuromuscular / CNS involvement - Disordered breathing (during sleep)

                    IX.c - Chest wall muscle rigidity - Stiff/wooden chest                


                  IX.d
                
IX - Neuromuscular / CNS involvement - Disordered breathing (during sleep)

                    IX.d - Respiratory failure from ventilatory depression (due to neuromuscular blockade/paralysis)",6918248,Both,flibanserin
O=c1[nH]c(=O)n(C2CC(O)C(CO)O2)cc1F,Floxuridine,"I.b
                
I - Interstitial/parenchymal lung disease

                    I.b - Pneumonitis (ILD)                


                  II.b
                
II - Pulmonary edema - Acute lung injury - ARDS

                    II.b - ARDS - Acute lung injury",5790,Both,floxuridine
Cc1onc(-c2c(F)cccc2Cl)c1C(=O)NC1C(=O)N2C1SC(C)(C)C2C(=O)O,Flucloxacillin,"X.f
                
X - Systemic/Distant conditions, syndromes and reactions

                    X.f - Anaphylaxis-Anaphylactoid reaction (can be fatal)",21319,Both,flucloxacillin
Nc1nc(F)nc2c1ncn2C1OC(CO)C(O)C1O,Fludarabine,"I.a
                
I - Interstitial/parenchymal lung disease

                    I.a - Pneumonitis (ILD), acute and/or severe (may cause ARDS)                


                  I.b
                
I - Interstitial/parenchymal lung disease

                    I.b - Pneumonitis (ILD)                


                  I.c
                
I - Interstitial/parenchymal lung disease

                    I.c - Eosinophilic pneumonia (pulmonary infiltrates and eosinophilia)                


                  I.d
                
I - Interstitial/parenchymal lung disease

                    I.d - Organizing pneumonia pattern (an area or areas of consolidation on imaging)                


                  I.e
                
I - Interstitial/parenchymal lung disease

                    I.e - Acute eosinophilic pneumonia (AEP)                


                  I.f
                
I - Interstitial/parenchymal lung disease

                    I.f - Acute fibrinous organizing pneumonia (AFOP)                


                  I.k
                
I - Interstitial/parenchymal lung disease

                    I.k - Lung nodule or nodules                


                  I.l
                
I - Interstitial/parenchymal lung disease

                    I.l - Diffuse alveolar damage (DAD) (see alsoo under IIb and XVf)                


                  I.m
                
I - Interstitial/parenchymal lung disease

                    I.m - ILD with a granulomatous component                


                  II.b
                
II - Pulmonary edema - Acute lung injury - ARDS

                    II.b - ARDS - Acute lung injury                


                  III.a
                
III - Pulmonary/alveolar./airway hemorrhage/bleeding

                    III.a - Alveolar hemorrhage (AH), diffuse AH (DAH)                


                  V.i
                
V - Pleural and/or pericardial involvement

                    V.i - Pleuritis (can cause chest pain)                


                  XV.c
                
XV - Pathology

                    XV.c - Path: Organizing pneumonia (OP/BOOP) pattern (see also Id)                


                  XV.d
                
XV - Pathology

                    XV.d - Path: Acute fibrinous organizing pneumonia (AFOP-pattern) (see also If)                


                  XVII.b
                
XVII - Infections & related conditions

                    XVII.b - Opportunistic pulmonary/systemic infections                


                  XVII.e
                
XVII - Infections & related conditions

                    XVII.e - Pneumocystis jiroveci pneumonia                


                  XVII.w
                
XVII - Infections & related conditions

                    XVII.w - Hypogammaglobulinemia - Antibody deficiency",657237,Both,fludarabine
O=C1c2ccccc2C(=O)C1c1ccc(F)cc1,Fluindione,"I.c
                
I - Interstitial/parenchymal lung disease

                    I.c - Eosinophilic pneumonia (pulmonary infiltrates and eosinophilia)                


                  X.a
                
X - Systemic/Distant conditions, syndromes and reactions

                    X.a - DRES syndrome - DRESS-like reaction",68942,Pneumotox_only,fluindione
CCOC(=O)c1ncn2c1CN(C)C(=O)c1cc(F)ccc1-2,Flumazenil,"IX.a
                
IX - Neuromuscular / CNS involvement - Disordered breathing (during sleep)

                    IX.a - Diaphragm/inspiratory muscle weakness/paralysis (w/wo ARF)",3373,Both,flumazenil
O=C1OC2(c3ccc(O)cc3Oc3cc(O)ccc32)c2ccccc21,Fluorescein,"II.a
                
II - Pulmonary edema - Acute lung injury - ARDS

                    II.a - Pulmonary edema, noncardiogenic (NCPE)                


                  X.f
                
X - Systemic/Distant conditions, syndromes and reactions

                    X.f - Anaphylaxis-Anaphylactoid reaction (can be fatal)",16850,Both,fluorescein
O=C(F)CC(O)C(O)C(O)CO,Fluorodeoxyglucose,"X.g
                
X - Systemic/Distant conditions, syndromes and reactions

                    X.g - Hypersensitivity reaction (may manifest with fever and/or skin, throat or airway involvement)",53716604,Pneumotox_only,fluorodeoxyglucose
CNCCC(Oc1ccc(C(F)(F)F)cc1)c1ccccc1,Fluoxetine,"I.a
                
I - Interstitial/parenchymal lung disease

                    I.a - Pneumonitis (ILD), acute and/or severe (may cause ARDS)                


                  I.b
                
I - Interstitial/parenchymal lung disease

                    I.b - Pneumonitis (ILD)                


                  I.c
                
I - Interstitial/parenchymal lung disease

                    I.c - Eosinophilic pneumonia (pulmonary infiltrates and eosinophilia)                


                  I.e
                
I - Interstitial/parenchymal lung disease

                    I.e - Acute eosinophilic pneumonia (AEP)                


                  I.k
                
I - Interstitial/parenchymal lung disease

                    I.k - Lung nodule or nodules                


                  I.m
                
I - Interstitial/parenchymal lung disease

                    I.m - ILD with a granulomatous component                


                  V.b
                
V - Pleural and/or pericardial involvement

                    V.b - Eosinophilic pleural effusion                


                  VI.b
                
VI - Pulmonary vasculopathies

                    VI.b - Pulmonary arterial hypertension                


                  VI.d
                
VI - Pulmonary vasculopathies

                    VI.d - Pulmonary vasculitis or capillaritis                


                  XV.a
                
XV - Pathology

                    XV.a - Path: NSIP-cellular pattern (see also Ia, Ib)                


                  XV.e
                
XV - Pathology

                    XV.e - Path: ILD with a granulomatous component (see also Im)                


                  XV.ac
                
XV - Pathology

                    XV.ac - Path: Pulmonary vasculitis other than capillaritis",3386,Both,fluoxetine
OCCN1CCN(CCC=C2c3ccccc3Sc3ccc(C(F)(F)F)cc32)CC1,Flupentixol,"VIII.e
                
VIII - Central-large-upper airway (incl. pharyngeal-nasal) involvement

                    VIII.e - Laryngospasm (a.k.a. laryngismus)                


                  VIII.h
                
VIII - Central-large-upper airway (incl. pharyngeal-nasal) involvement

                    VIII.h - Vocal cord dysfunction, adduction, closure, injury",5281881,Pneumotox_only,flupentixol
CC(C(=O)O)c1ccc(-c2ccccc2)c(F)c1,Flurbiprofen,"IV.a
                
IV - Airway involvement

                    IV.a - Bronchospasm - Wheezing - Asthma                


                  IV.f
                
IV - Airway involvement

                    IV.f - Severe or catastrophic bronchospasm or asthma attack (can be fatal)                


                  XII.d
                
XII - Cardiovascular involvement / toxicity

                    XII.d - Myocarditis (can be fulminant)",3394,Both,flurbiprofen
CC(C)C(=O)Nc1ccc([N+](=O)[O-])c(C(F)(F)F)c1,Flutamide,"I.b
                
I - Interstitial/parenchymal lung disease

                    I.b - Pneumonitis (ILD)                


                  I.g
                
I - Interstitial/parenchymal lung disease

                    I.g - Pulmonary fibrosis                


                  XIV.a
                
XIV - Hemoglobinopathies - Abnormal hemoglobin states (acquired)

                    XIV.a - Methemoglobinemia",3397,Both,flutamide
CC(C)n1c(C=CC(O)CC(O)CC(=O)O)c(-c2ccc(F)cc2)c2ccccc21,Fluvastatin,"I.b
                
I - Interstitial/parenchymal lung disease

                    I.b - Pneumonitis (ILD)                


                  II.b
                
II - Pulmonary edema - Acute lung injury - ARDS

                    II.b - ARDS - Acute lung injury                


                  X.d
                
X - Systemic/Distant conditions, syndromes and reactions

                    X.d - Lupus - Lupus syndrome (see also Vd)",446155,Both,fluvastatin
Nc1nc(=O)c2nc(CNc3ccc(C(=O)NC(CCC(=O)O)C(=O)O)cc3)cnc2[nH]1,Folic acid,"X.f
                
X - Systemic/Distant conditions, syndromes and reactions

                    X.f - Anaphylaxis-Anaphylactoid reaction (can be fatal)",135398658,Both,folic acid
O=CO,Formic acid,"XIV.c
                
XIV - Hemoglobinopathies - Abnormal hemoglobin states (acquired)

                    XIV.c - Carboxyhemoglobinemia",284,Pneumotox_only,formic acid
CCC(=O)OC(OP(=O)(CCCCc1ccccc1)CC(=O)N1CC(C2CCCCC2)CC1C(=O)O)C(C)C,Fosinopril,"I.c
                
I - Interstitial/parenchymal lung disease

                    I.c - Eosinophilic pneumonia (pulmonary infiltrates and eosinophilia)                


                  I.d
                
I - Interstitial/parenchymal lung disease

                    I.d - Organizing pneumonia pattern (an area or areas of consolidation on imaging)                


                  IV.d
                
IV - Airway involvement

                    IV.d - Cough (lone)                


                  VIII.a
                
VIII - Central-large-upper airway (incl. pharyngeal-nasal) involvement

                    VIII.a - Angioedema (may cause UAO, asphyxia and death)",3420,Both,fosinopril
O=C1NC(c2ccccc2)(c2ccccc2)C(=O)N1COP(=O)(O)O,Fosphenytoin,"XII.x
                
XII - Cardiovascular involvement / toxicity

                    XII.x - Sinus arrest",56339,Both,fosphenytoin
CCOP(=O)(OCC)C(C)NC(=O)N(CCCl)N=O,Fotemustine,"II.b
                
II - Pulmonary edema - Acute lung injury - ARDS

                    II.b - ARDS - Acute lung injury",104799,Both,fotemustine
CC12CCC3c4ccc(O)cc4CC(CCCCCCCCC[S+]([O-])CCCC(F)(F)C(F)(F)F)C3C1CCC2O,Fulvestrant,"I.c
                
I - Interstitial/parenchymal lung disease

                    I.c - Eosinophilic pneumonia (pulmonary infiltrates and eosinophilia)",104741,Both,fulvestrant
O=c1[nH]c(O)cn1N=CC=Cc1ccc([N+](=O)[O-])o1,Furazidin,"I.b
                
I - Interstitial/parenchymal lung disease

                    I.b - Pneumonitis (ILD)",6870646,Pneumotox_only,furazidin
O=C1OCCN1N=Cc1ccc([N+](=O)[O-])o1,Furazolidone,"I.a
                
I - Interstitial/parenchymal lung disease

                    I.a - Pneumonitis (ILD), acute and/or severe (may cause ARDS)                


                  I.b
                
I - Interstitial/parenchymal lung disease

                    I.b - Pneumonitis (ILD)                


                  I.c
                
I - Interstitial/parenchymal lung disease

                    I.c - Eosinophilic pneumonia (pulmonary infiltrates and eosinophilia)                


                  XI.b
                
XI - Miscellaneous

                    XI.b - Chest pain (acute or subacute), lone or prominent",5323714,Pneumotox_only,furazolidone
NS(=O)(=O)c1cc(C(=O)O)c(NCc2ccco2)cc1Cl,Furosemide,"VIII.e
                
VIII - Central-large-upper airway (incl. pharyngeal-nasal) involvement

                    VIII.e - Laryngospasm (a.k.a. laryngismus)                


                  X.a
                
X - Systemic/Distant conditions, syndromes and reactions

                    X.a - DRES syndrome - DRESS-like reaction",3440,Both,furosemide
NCC1(CC(=O)O)CCCCC1,Gabapentin,"I.c
                
I - Interstitial/parenchymal lung disease

                    I.c - Eosinophilic pneumonia (pulmonary infiltrates and eosinophilia)                


                  V.b
                
V - Pleural and/or pericardial involvement

                    V.b - Eosinophilic pleural effusion                


                  VII.a
                
VII - Mediastinal involvement

                    VII.a - Lymphadenopathy (intrathoracic)                


                  VIII.a
                
VIII - Central-large-upper airway (incl. pharyngeal-nasal) involvement

                    VIII.a - Angioedema (may cause UAO, asphyxia and death)                


                  VIII.q
                
VIII - Central-large-upper airway (incl. pharyngeal-nasal) involvement

                    VIII.q - Tongue involvement (edema, glossitis, hematoma)                


                  IX.d
                
IX - Neuromuscular / CNS involvement - Disordered breathing (during sleep)

                    IX.d - Respiratory failure from ventilatory depression (due to neuromuscular blockade/paralysis)                


                  IX.p
                
IX - Neuromuscular / CNS involvement - Disordered breathing (during sleep)

                    IX.p - Disordered breathing during sleep - Sleep apnea                


                  XI.r
                
XI - Miscellaneous

                    XI.r - Death following exposure or poisoning",3446,Both,gabapentin
O=C(O)CN1CCN(CC(=O)O)CCN(C(CO)C(O)CO)CCN(CC(=O)O)CC1,Gadobutrol,"II.a
                
II - Pulmonary edema - Acute lung injury - ARDS

                    II.a - Pulmonary edema, noncardiogenic (NCPE)                


                  II.b
                
II - Pulmonary edema - Acute lung injury - ARDS

                    II.b - ARDS - Acute lung injury                


                  X.f
                
X - Systemic/Distant conditions, syndromes and reactions

                    X.f - Anaphylaxis-Anaphylactoid reaction (can be fatal)",189914,Both,gadobutrol
COc1cc2ncnc(Nc3ccc(F)c(Cl)c3)c2cc1OCCCN1CCOCC1,Gefitinib,"I.a
                
I - Interstitial/parenchymal lung disease

                    I.a - Pneumonitis (ILD), acute and/or severe (may cause ARDS)                


                  I.b
                
I - Interstitial/parenchymal lung disease

                    I.b - Pneumonitis (ILD)                


                  I.g
                
I - Interstitial/parenchymal lung disease

                    I.g - Pulmonary fibrosis                


                  I.l
                
I - Interstitial/parenchymal lung disease

                    I.l - Diffuse alveolar damage (DAD) (see alsoo under IIb and XVf)                


                  II.b
                
II - Pulmonary edema - Acute lung injury - ARDS

                    II.b - ARDS - Acute lung injury                


                  III.a
                
III - Pulmonary/alveolar./airway hemorrhage/bleeding

                    III.a - Alveolar hemorrhage (AH), diffuse AH (DAH)                


                  V.f
                
V - Pleural and/or pericardial involvement

                    V.f - Pneumothorax                


                  V.ab
                
V - Pleural and/or pericardial involvement

                    V.ab - Pneumothorax, bilateral                


                  XI.w
                
XI - Miscellaneous

                    XI.w - Cavitation/necrosis of lung tumor or metastases                


                  XII.d
                
XII - Cardiovascular involvement / toxicity

                    XII.d - Myocarditis (can be fulminant)                


                  XII.ax
                
XII - Cardiovascular involvement / toxicity

                    XII.ax - Necrotizing myocarditis (w/o evidence for CAD)                


                  XV.f
                
XV - Pathology

                    XV.f - Path: Diffuse alveolar damage (DAD-pattern) (see also IL)                


                  XV.j
                
XV - Pathology

                    XV.j - Path: Pulmonary fibrosis (UIP-pattern)                


                  XV.ce
                
XV - Pathology

                    XV.ce - Path: Necrotizing myocarditis                


                  XVI.b
                
XVI - Imaging

                    XVI.b - Imaging: Ground-glass opacities (GGO) / shadowing                


                  XVI.af
                
XVI - Imaging

                    XVI.af - Imaging: Lung cysts or bullae (see also XVI ah/bf)                


                  XIX.a
                
XIX - Cytological, biochemical features of/in BAL, pleural fluid or FNA

                    XIX.a - BAL: An excess proportion of lymphocytes                


                  XIX.c
                
XIX - Cytological, biochemical features of/in BAL, pleural fluid or FNA

                    XIX.c - BAL: An excess proportion of eosinophils",123631,Both,gefitinib
Nc1ccn(C2OC(CO)C(O)C2(F)F)c(=O)n1,Gemcitabine,"I.a
                
I - Interstitial/parenchymal lung disease

                    I.a - Pneumonitis (ILD), acute and/or severe (may cause ARDS)                


                  I.b
                
I - Interstitial/parenchymal lung disease

                    I.b - Pneumonitis (ILD)                


                  I.c
                
I - Interstitial/parenchymal lung disease

                    I.c - Eosinophilic pneumonia (pulmonary infiltrates and eosinophilia)                


                  I.e
                
I - Interstitial/parenchymal lung disease

                    I.e - Acute eosinophilic pneumonia (AEP)                


                  I.g
                
I - Interstitial/parenchymal lung disease

                    I.g - Pulmonary fibrosis                


                  I.h
                
I - Interstitial/parenchymal lung disease

                    I.h - Subclinical pulmonary infiltrates/ILD                


                  I.l
                
I - Interstitial/parenchymal lung disease

                    I.l - Diffuse alveolar damage (DAD) (see alsoo under IIb and XVf)                


                  I.ad
                
I - Interstitial/parenchymal lung disease

                    I.ad - Radiation recall pneumonitis                


                  II.a
                
II - Pulmonary edema - Acute lung injury - ARDS

                    II.a - Pulmonary edema, noncardiogenic (NCPE)                


                  II.b
                
II - Pulmonary edema - Acute lung injury - ARDS

                    II.b - ARDS - Acute lung injury                


                  II.c
                
II - Pulmonary edema - Acute lung injury - ARDS

                    II.c - ARDS and the hemolytic-uremic syndrome (HUS)                


                  III.a
                
III - Pulmonary/alveolar./airway hemorrhage/bleeding

                    III.a - Alveolar hemorrhage (AH), diffuse AH (DAH)                


                  III.h
                
III - Pulmonary/alveolar./airway hemorrhage/bleeding

                    III.h - Major/massive hemoptysis                


                  IV.b
                
IV - Airway involvement

                    IV.b - Bronchospasm and angioedema                


                  V.a
                
V - Pleural and/or pericardial involvement

                    V.a - Pleural effusion (uni- or bilateral) (can accompany DI-LDs)                


                  V.i
                
V - Pleural and/or pericardial involvement

                    V.i - Pleuritis (can cause chest pain)                


                  V.m
                
V - Pleural and/or pericardial involvement

                    V.m - Pleuropericarditis - Pleuropericardial effusion (ANA unknown or negative)                


                  VI.b
                
VI - Pulmonary vasculopathies

                    VI.b - Pulmonary arterial hypertension                


                  VI.c
                
VI - Pulmonary vasculopathies

                    VI.c - Pulmonary veno-occlusive disease                


                  VI.f
                
VI - Pulmonary vasculopathies

                    VI.f - Hemolytic and uremic syndrome (HUS). See also under Xaf                


                  X.c
                
X - Systemic/Distant conditions, syndromes and reactions

                    X.c - Capillary leak syndrome (CLS)                


                  X.m
                
X - Systemic/Distant conditions, syndromes and reactions

                    X.m - Vascultis (pulmonary, extrathoracic or systemic)-ANCA status unknown or negative)                


                  X.n
                
X - Systemic/Distant conditions, syndromes and reactions

                    X.n - Tumor lysis syndrome (TLS)                


                  X.af
                
X - Systemic/Distant conditions, syndromes and reactions

                    X.af - Thrombotic microangiopathy                


                  XI.b
                
XI - Miscellaneous

                    XI.b - Chest pain (acute or subacute), lone or prominent                


                  XII.c
                
XII - Cardiovascular involvement / toxicity

                    XII.c - Pericardial effusion (w/wo tamponade)                


                  XII.f
                
XII - Cardiovascular involvement / toxicity

                    XII.f - Cardiomyopathy (acute, subacute, chronic)                


                  XV.a
                
XV - Pathology

                    XV.a - Path: NSIP-cellular pattern (see also Ia, Ib)                


                  XV.e
                
XV - Pathology

                    XV.e - Path: ILD with a granulomatous component (see also Im)                


                  XV.f
                
XV - Pathology

                    XV.f - Path: Diffuse alveolar damage (DAD-pattern) (see also IL)                


                  XV.g
                
XV - Pathology

                    XV.g - Path: Alveolar hemorrhage (see also IIIa)                


                  XVI.b
                
XVI - Imaging

                    XVI.b - Imaging: Ground-glass opacities (GGO) / shadowing                


                  XVI.n
                
XVI - Imaging

                    XVI.n - Imaging: Intralobular septal thickening - Crazy paving                


                  XVII.e
                
XVII - Infections & related conditions

                    XVII.e - Pneumocystis jiroveci pneumonia",60750,Both,gemcitabine
CCc1nc(C(N)=O)c(Nc2ccc(N3CCC(N4CCN(C)CC4)CC3)c(OC)c2)nc1NC1CCOCC1,Gilteritinib,,49803313,Both,gilteritinib
O=C(OCC(O)CO)c1ccccc1Nc1ccnc2cc(Cl)ccc12,Glafenine,"I.c
                
I - Interstitial/parenchymal lung disease

                    I.c - Eosinophilic pneumonia (pulmonary infiltrates and eosinophilia)                


                  X.f
                
X - Systemic/Distant conditions, syndromes and reactions

                    X.f - Anaphylaxis-Anaphylactoid reaction (can be fatal)",3474,Pneumotox_only,glafenine
CN1CCC(NC(=O)Nc2ccc(C#N)cc2)CC1c1nc2ccccc2[nH]1,Glasdegib,"XVII.a
                
XVII - Infections & related conditions

                    XVII.a - Respiratory tract infection incl. pneumonia",25166913,Pneumotox_only,glasdegib
Cc1ccc(S(=O)(=O)NC(=O)NN2CC3CCCC3C2)cc1,Gliclazide,"V.b
                
V - Pleural and/or pericardial involvement

                    V.b - Eosinophilic pleural effusion",3475,Both,gliclazide
CSCCC(NC(=O)C(CC(C)C)NC(=O)C(Cc1c[nH]c2ccccc12)NC(=O)C(CCC(N)=O)NC(=O)C(NC(=O)C(Cc1ccccc1)NC(=O)C(CC(=O)O)NC(=O)C(CCC(N)=O)NC(=O)C(C)NC(=O)C(CCCN=C(N)N)NC(=O)C(CCCNC(=N)N)NC(=O)C(CO)NC(=O)C(CC(=O)O)NC(=O)C(CC(C)C)NC(=O)C(Cc1ccc(O)cc1)NC(=O)C(CCCCN)NC(=O)C(CO)NC(=O)C(Cc1ccc(O)cc1)NC(=O)C(CC(=O)O)NC(=O)C(CO)NC(=O)C(NC(=O)C(Cc1ccccc1)NC(=O)C(NC(=O)CNC(=O)C(CCC(N)=O)NC(=O)C(CO)NC(=O)C(N)Cc1cnc[nH]1)C(C)O)C(C)O)C(C)C)C(=O)NC(CC(N)=O)C(=O)NC(C(=O)O)C(C)O,Glucagon,"XII.ai
                
XII - Cardiovascular involvement / toxicity

                    XII.ai - Cardiotoxicity",16132283,Pneumotox_only,glucagon
O=C(O)CNCP(=O)(O)O,Glyphosate,"I.c
                
I - Interstitial/parenchymal lung disease

                    I.c - Eosinophilic pneumonia (pulmonary infiltrates and eosinophilia)                


                  I.e
                
I - Interstitial/parenchymal lung disease

                    I.e - Acute eosinophilic pneumonia (AEP)                


                  I.f
                
I - Interstitial/parenchymal lung disease

                    I.f - Acute fibrinous organizing pneumonia (AFOP)                


                  II.a
                
II - Pulmonary edema - Acute lung injury - ARDS

                    II.a - Pulmonary edema, noncardiogenic (NCPE)                


                  II.b
                
II - Pulmonary edema - Acute lung injury - ARDS

                    II.b - ARDS - Acute lung injury                


                  XV.d
                
XV - Pathology

                    XV.d - Path: Acute fibrinous organizing pneumonia (AFOP-pattern) (see also If)",3496,Pneumotox_only,glyphosate
CC(C)CC(NC(=O)C(Cc1c[nH]c2ccccc12)NC(=O)CNC(=O)C(Cc1ccc(O)cc1)NC(=O)C(CO)NC(=O)C(Cc1c[nH]c2ccccc12)NC(=O)C(Cc1c[nH]cn1)NC(=O)C1CCC(=O)N1)C(=O)N1CCCC1C(=O)NCC(N)=O,GnRH,"IV.a
                
IV - Airway involvement

                    IV.a - Bronchospasm - Wheezing - Asthma                


                  V.g
                
V - Pleural and/or pericardial involvement

                    V.g - Effusions of the ovarian hyperstimulation syndrome (OHSS)                


                  X.f
                
X - Systemic/Distant conditions, syndromes and reactions

                    X.f - Anaphylaxis-Anaphylactoid reaction (can be fatal)",16132914,Pneumotox_only,gnrh
CC(C)CC(NC(=O)CNC(=O)C(Cc1ccc(O)cc1)NC(=O)C(CO)NC(=O)C(Cc1c[nH]c2ccccc12)NC(=O)C(Cc1c[nH]cn1)NC(=O)C1CCC(=O)N1)C(=O)NC(CCCN=C(N)N)C(=O)N1CCCC1C(=O)NCC(N)=O,Gonadorelin,"X.f
                
X - Systemic/Distant conditions, syndromes and reactions

                    X.f - Anaphylaxis-Anaphylactoid reaction (can be fatal)",638793,Both,gonadorelin
CC(C)CC(NC(=O)C(COC(C)(C)C)NC(=O)C(Cc1ccc(O)cc1)NC(=O)C(CO)NC(=O)C(Cc1c[nH]c2ccccc12)NC(=O)C(Cc1c[nH]cn1)NC(=O)C1CCC(=O)N1)C(=O)NC(CCCN=C(N)N)C(=O)N1CCCC1C(=O)NNC(N)=O,Goserelin,"X.f
                
X - Systemic/Distant conditions, syndromes and reactions

                    X.f - Anaphylaxis-Anaphylactoid reaction (can be fatal)                


                  X.g
                
X - Systemic/Distant conditions, syndromes and reactions

                    X.g - Hypersensitivity reaction (may manifest with fever and/or skin, throat or airway involvement)",5311128,Both,goserelin
O=C(CCCN1CCC(O)(c2ccc(Cl)cc2)CC1)c1ccc(F)cc1,Haloperidol,"II.a
                
II - Pulmonary edema - Acute lung injury - ARDS

                    II.a - Pulmonary edema, noncardiogenic (NCPE)                


                  VIII.a
                
VIII - Central-large-upper airway (incl. pharyngeal-nasal) involvement

                    VIII.a - Angioedema (may cause UAO, asphyxia and death)                


                  VIII.e
                
VIII - Central-large-upper airway (incl. pharyngeal-nasal) involvement

                    VIII.e - Laryngospasm (a.k.a. laryngismus)                


                  IX.d
                
IX - Neuromuscular / CNS involvement - Disordered breathing (during sleep)

                    IX.d - Respiratory failure from ventilatory depression (due to neuromuscular blockade/paralysis)                


                  XI.g
                
XI - Miscellaneous

                    XI.g - Aspiration, aspiration pneumonia (w/wo demonstrable pharyngeal dysmotility)",3559,Both,haloperidol
C[N+](C)(C)CCCCCC[N+](C)(C)C,Hexamethonium,"I.d
                
I - Interstitial/parenchymal lung disease

                    I.d - Organizing pneumonia pattern (an area or areas of consolidation on imaging)                


                  I.g
                
I - Interstitial/parenchymal lung disease

                    I.g - Pulmonary fibrosis                


                  II.b
                
II - Pulmonary edema - Acute lung injury - ARDS

                    II.b - ARDS - Acute lung injury                


                  XV.c
                
XV - Pathology

                    XV.c - Path: Organizing pneumonia (OP/BOOP) pattern (see also Id)",3604,Pneumotox_only,hexamethonium
CN(C)c1nc(N(C)C)nc(N(C)C)n1,Hexamethylmelamine,"IX.b
                
IX - Neuromuscular / CNS involvement - Disordered breathing (during sleep)

                    IX.b - Respiratory dyskinesia",2123,Pneumotox_only,hexamethylmelamine
CCC(C)C1NC(=O)C2CSSCC(NC(=O)C(CC(C)C)NC(=O)C3CSSCC(NC(=O)C(CC(=O)O)NC(=O)C(NC(=O)C(Cc4ccc(O)cc4)NC(=O)C(NC(=O)C(N)C(C)C)C(C)C)C(C)O)C(=O)NC(C(C)O)C(=O)NC(CCC(=O)O)C(=O)NC(CO)C(=O)NCC(=O)NC(CCC(N)=O)C(=O)NC(CC(N)=O)C(=O)NC(CC(C)C)C(=O)N3)C(=O)NC(CCC(=O)O)C(=O)NCC(=O)NC(CO)C(=O)NC(CC(N)=O)C(=O)NC(C(C)C)C(=O)NC(CSSCC(C(=O)NC(C(=O)NC(C(=O)NCC(=O)NC(CCC(=O)O)C(=O)NCC(=O)NC(C(=O)N3CCCC3C(=O)NC(CCCCN)C(=O)N3CCCC3C(=O)NC(CCC(N)=O)C(=O)NC(CO)C(=O)NC(Cc3c[nH]cn3)C(=O)NC(CC(N)=O)C(=O)NC(CC(=O)O)C(=O)NCC(=O)NC(CC(=O)O)C(=O)NC(Cc3ccccc3)C(=O)NC(CCC(=O)O)C(=O)NC(CCC(=O)O)C(=O)NC(C(=O)N3CCCC3C(=O)NC(CCC(=O)O)C(=O)NC(CCC(=O)O)C(=O)NC(Cc3ccc(OS(=O)(=O)O)cc3)C(=O)NC(CC(C)C)C(=O)NC(CCC(N)=O)C(=O)O)C(C)CC)C(C)O)C(C)O)C(C)C)NC(=O)C(CCC(N)=O)NC(=O)C(CC(N)=O)NC(=O)C(CCCCN)NC(=O)C(CCC(=O)O)NC(=O)CNC(=O)C(CC(=O)O)NC(=O)C(CO)NC(=O)CNC(=O)C(CC(C)C)NC1=O)C(=O)NCC(=O)NC(CCC(N)=O)C(=O)NCC(=O)NC(CC(N)=O)C(=O)NC(CCCCN)C(=O)N2,Hirudin,"IX.h
                
IX - Neuromuscular / CNS involvement - Disordered breathing (during sleep)

                    IX.h - Dyspnea, unexplained otherwise",72941487,Pneumotox_only,hirudin
O=c1[nH]cc(O)[nH]1,Hydantoin,"I.g
                
I - Interstitial/parenchymal lung disease

                    I.g - Pulmonary fibrosis",10006,Pneumotox_only,hydantoin
NNc1nncc2ccccc12,Hydralazine,"I.a
                
I - Interstitial/parenchymal lung disease

                    I.a - Pneumonitis (ILD), acute and/or severe (may cause ARDS)                


                  I.b
                
I - Interstitial/parenchymal lung disease

                    I.b - Pneumonitis (ILD)                


                  I.d
                
I - Interstitial/parenchymal lung disease

                    I.d - Organizing pneumonia pattern (an area or areas of consolidation on imaging)                


                  II.b
                
II - Pulmonary edema - Acute lung injury - ARDS

                    II.b - ARDS - Acute lung injury                


                  III.a
                
III - Pulmonary/alveolar./airway hemorrhage/bleeding

                    III.a - Alveolar hemorrhage (AH), diffuse AH (DAH)                


                  III.b
                
III - Pulmonary/alveolar./airway hemorrhage/bleeding

                    III.b - Pneumorenal syndrome (w/wo ANCAs)                


                  III.d
                
III - Pulmonary/alveolar./airway hemorrhage/bleeding

                    III.d - Alveolar hemorrhage, diffuse (ANCA-positive/-related)                


                  IV.a
                
IV - Airway involvement

                    IV.a - Bronchospasm - Wheezing - Asthma                


                  V.d
                
V - Pleural and/or pericardial involvement

                    V.d - Pleural/pericardial effusion, ANA positive (DI lupus)                


                  V.i
                
V - Pleural and/or pericardial involvement

                    V.i - Pleuritis (can cause chest pain)                


                  V.m
                
V - Pleural and/or pericardial involvement

                    V.m - Pleuropericarditis - Pleuropericardial effusion (ANA unknown or negative)                


                  VI.d
                
VI - Pulmonary vasculopathies

                    VI.d - Pulmonary vasculitis or capillaritis                


                  VIII.a
                
VIII - Central-large-upper airway (incl. pharyngeal-nasal) involvement

                    VIII.a - Angioedema (may cause UAO, asphyxia and death)                


                  VIII.c
                
VIII - Central-large-upper airway (incl. pharyngeal-nasal) involvement

                    VIII.c - Upper airway obstruction other than angioedema or hematoma                


                  VIII.h
                
VIII - Central-large-upper airway (incl. pharyngeal-nasal) involvement

                    VIII.h - Vocal cord dysfunction, adduction, closure, injury                


                  X.a
                
X - Systemic/Distant conditions, syndromes and reactions

                    X.a - DRES syndrome - DRESS-like reaction                


                  X.b
                
X - Systemic/Distant conditions, syndromes and reactions

                    X.b - Antiphospholipid antibodies w/wo the APL syndrome                


                  X.d
                
X - Systemic/Distant conditions, syndromes and reactions

                    X.d - Lupus - Lupus syndrome (see also Vd)                


                  X.e
                
X - Systemic/Distant conditions, syndromes and reactions

                    X.e - Autoimmunity-Autoimmune conditions (+ANA, +anti-ds-DNA, +ANCAs, other auto-Abs)                


                  X.m
                
X - Systemic/Distant conditions, syndromes and reactions

                    X.m - Vascultis (pulmonary, extrathoracic or systemic)-ANCA status unknown or negative)                


                  X.o
                
X - Systemic/Distant conditions, syndromes and reactions

                    X.o - Neutrophilic dermatosis (Pyoderma, Sweet syndrome)                


                  X.s
                
X - Systemic/Distant conditions, syndromes and reactions

                    X.s - Vasculitis, pulmonary (w/wo AH), extrapulmonary, systemic: ANCA-positive                


                  X.ak
                
X - Systemic/Distant conditions, syndromes and reactions

                    X.ak - Dual MPO-/PR3-ANCA systemic disease/vasculitis/pseudovasculitis                


                  XII.c
                
XII - Cardiovascular involvement / toxicity

                    XII.c - Pericardial effusion (w/wo tamponade)                


                  XII.k
                
XII - Cardiovascular involvement / toxicity

                    XII.k - Constrictive pericarditis - Pericardial thickening                


                  XV.f
                
XV - Pathology

                    XV.f - Path: Diffuse alveolar damage (DAD-pattern) (see also IL)",3637,Both,hydralazine
NS(=O)(=O)c1cc2c(cc1Cl)NCNS2(=O)=O,Hydrochlorothiazide,"I.a
                
I - Interstitial/parenchymal lung disease

                    I.a - Pneumonitis (ILD), acute and/or severe (may cause ARDS)                


                  I.b
                
I - Interstitial/parenchymal lung disease

                    I.b - Pneumonitis (ILD)                


                  I.e
                
I - Interstitial/parenchymal lung disease

                    I.e - Acute eosinophilic pneumonia (AEP)                


                  II.a
                
II - Pulmonary edema - Acute lung injury - ARDS

                    II.a - Pulmonary edema, noncardiogenic (NCPE)                


                  II.b
                
II - Pulmonary edema - Acute lung injury - ARDS

                    II.b - ARDS - Acute lung injury                


                  II.d
                
II - Pulmonary edema - Acute lung injury - ARDS

                    II.d - Pulmonary edema, cardiogenic                


                  II.f
                
II - Pulmonary edema - Acute lung injury - ARDS

                    II.f - Hypoxemia, low oxygen saturation (may occur in isolation)                


                  II.i
                
II - Pulmonary edema - Acute lung injury - ARDS

                    II.i - Flash (fulminate) pulmonary edema                


                  II.r
                
II - Pulmonary edema - Acute lung injury - ARDS

                    II.r - Interstitial pulmonary edema                


                  IX.h
                
IX - Neuromuscular / CNS involvement - Disordered breathing (during sleep)

                    IX.h - Dyspnea, unexplained otherwise                


                  X.b
                
X - Systemic/Distant conditions, syndromes and reactions

                    X.b - Antiphospholipid antibodies w/wo the APL syndrome                


                  X.c
                
X - Systemic/Distant conditions, syndromes and reactions

                    X.c - Capillary leak syndrome (CLS)                


                  X.d
                
X - Systemic/Distant conditions, syndromes and reactions

                    X.d - Lupus - Lupus syndrome (see also Vd)                


                  X.e
                
X - Systemic/Distant conditions, syndromes and reactions

                    X.e - Autoimmunity-Autoimmune conditions (+ANA, +anti-ds-DNA, +ANCAs, other auto-Abs)                


                  X.u
                
X - Systemic/Distant conditions, syndromes and reactions

                    X.u - Multiple organ dysfunction/failure (MODS/MOF)                


                  XI.b
                
XI - Miscellaneous

                    XI.b - Chest pain (acute or subacute), lone or prominent                


                  XII.c
                
XII - Cardiovascular involvement / toxicity

                    XII.c - Pericardial effusion (w/wo tamponade)                


                  XII.m
                
XII - Cardiovascular involvement / toxicity

                    XII.m - Cardiac- cardiorespiratory/pulmonary arrest                


                  XII.n
                
XII - Cardiovascular involvement / toxicity

                    XII.n - Cardiovascular collapse - Cardiogenic shock - Hypotension                


                  XXI.a
                
XXI - Rechallenge data

                    XXI.a - Rechallenge can lead to near-fatal or fatal relapse of AE/ILD",3639,Both,hydrochlorothiazide
COc1ccc2c3c1OC1C(=O)CCC4C(C2)N(C)CCC314,Hydrocodone,"I.a
                
I - Interstitial/parenchymal lung disease

                    I.a - Pneumonitis (ILD), acute and/or severe (may cause ARDS)                


                  I.b
                
I - Interstitial/parenchymal lung disease

                    I.b - Pneumonitis (ILD)                


                  IX.d
                
IX - Neuromuscular / CNS involvement - Disordered breathing (during sleep)

                    IX.d - Respiratory failure from ventilatory depression (due to neuromuscular blockade/paralysis)                


                  XI.r
                
XI - Miscellaneous

                    XI.r - Death following exposure or poisoning                


                  XII.w
                
XII - Cardiovascular involvement / toxicity

                    XII.w - Asystole",5284569,Both,hydrocodone
CC12CCC(=O)C=C1CCC1C2C(O)CC2(C)C1CCC2(O)C(=O)CO,Hydrocortisone,"II.a
                
II - Pulmonary edema - Acute lung injury - ARDS

                    II.a - Pulmonary edema, noncardiogenic (NCPE)                


                  IV.a
                
IV - Airway involvement

                    IV.a - Bronchospasm - Wheezing - Asthma                


                  IV.b
                
IV - Airway involvement

                    IV.b - Bronchospasm and angioedema                


                  IV.f
                
IV - Airway involvement

                    IV.f - Severe or catastrophic bronchospasm or asthma attack (can be fatal)                


                  IX.a
                
IX - Neuromuscular / CNS involvement - Disordered breathing (during sleep)

                    IX.a - Diaphragm/inspiratory muscle weakness/paralysis (w/wo ARF)                


                  X.f
                
X - Systemic/Distant conditions, syndromes and reactions

                    X.f - Anaphylaxis-Anaphylactoid reaction (can be fatal)                


                  X.r
                
X - Systemic/Distant conditions, syndromes and reactions

                    X.r - Fluid retention                


                  XII.v
                
XII - Cardiovascular involvement / toxicity

                    XII.v - Hypertrophic cardiomyopathy",5754,Both,hydrocortisone
CN1CCC23c4c5ccc(O)c4OC2C(=O)CCC3C1C5,Hydromorphone,"VIII.a
                
VIII - Central-large-upper airway (incl. pharyngeal-nasal) involvement

                    VIII.a - Angioedema (may cause UAO, asphyxia and death)",5284570,Both,hydromorphone
CCN(CCO)CCCC(C)Nc1ccnc2cc(Cl)ccc12,Hydroxychloroquine,"I.b
                
I - Interstitial/parenchymal lung disease

                    I.b - Pneumonitis (ILD)                


                  I.c
                
I - Interstitial/parenchymal lung disease

                    I.c - Eosinophilic pneumonia (pulmonary infiltrates and eosinophilia)                


                  IV.a
                
IV - Airway involvement

                    IV.a - Bronchospasm - Wheezing - Asthma                


                  IV.aa
                
IV - Airway involvement

                    IV.aa - Occupational asthma                


                  VI.b
                
VI - Pulmonary vasculopathies

                    VI.b - Pulmonary arterial hypertension                


                  IX.a
                
IX - Neuromuscular / CNS involvement - Disordered breathing (during sleep)

                    IX.a - Diaphragm/inspiratory muscle weakness/paralysis (w/wo ARF)                


                  X.a
                
X - Systemic/Distant conditions, syndromes and reactions

                    X.a - DRES syndrome - DRESS-like reaction                


                  X.f
                
X - Systemic/Distant conditions, syndromes and reactions

                    X.f - Anaphylaxis-Anaphylactoid reaction (can be fatal)                


                  XII.a
                
XII - Cardiovascular involvement / toxicity

                    XII.a - Left or biventricular dysfunction/failure                


                  XII.f
                
XII - Cardiovascular involvement / toxicity

                    XII.f - Cardiomyopathy (acute, subacute, chronic)                


                  XII.l
                
XII - Cardiovascular involvement / toxicity

                    XII.l - Cardiac arrhythmias or dysrhythmias (AF, VT, VF, TdP)                


                  XII.p
                
XII - Cardiovascular involvement / toxicity

                    XII.p - QTc prolongation                


                  XII.s
                
XII - Cardiovascular involvement / toxicity

                    XII.s - Heart block (bundle branch- or AV-)                


                  XII.t
                
XII - Cardiovascular involvement / toxicity

                    XII.t - Torsades de pointe                


                  XII.v
                
XII - Cardiovascular involvement / toxicity

                    XII.v - Hypertrophic cardiomyopathy                


                  XV.cz
                
XV - Pathology

                    XV.cz - Path: Lysosomal storage cardiomyopathy/cardiotoxicity",3652,Both,hydroxychloroquine
CCC1CC2CC3c4[nH]c5ccc(OC)cc5c4CCN(C2)C13,Ibogaine,"XI.r
                
XI - Miscellaneous

                    XI.r - Death following exposure or poisoning                


                  XII.m
                
XII - Cardiovascular involvement / toxicity

                    XII.m - Cardiac- cardiorespiratory/pulmonary arrest",197060,Pneumotox_only,ibogaine
C=CC(=O)N1CCCC(n2nc(-c3ccc(Oc4ccccc4)cc3)c3c(N)ncnc32)C1,Ibrutinib,"I.a
                
I - Interstitial/parenchymal lung disease

                    I.a - Pneumonitis (ILD), acute and/or severe (may cause ARDS)                


                  I.b
                
I - Interstitial/parenchymal lung disease

                    I.b - Pneumonitis (ILD)                


                  IV.d
                
IV - Airway involvement

                    IV.d - Cough (lone)                


                  V.f
                
V - Pleural and/or pericardial involvement

                    V.f - Pneumothorax                


                  VII.h
                
VII - Mediastinal involvement

                    VII.h - Pneumomediastinum                


                  X.n
                
X - Systemic/Distant conditions, syndromes and reactions

                    X.n - Tumor lysis syndrome (TLS)                


                  XII.f
                
XII - Cardiovascular involvement / toxicity

                    XII.f - Cardiomyopathy (acute, subacute, chronic)                


                  XII.l
                
XII - Cardiovascular involvement / toxicity

                    XII.l - Cardiac arrhythmias or dysrhythmias (AF, VT, VF, TdP)                


                  XII.m
                
XII - Cardiovascular involvement / toxicity

                    XII.m - Cardiac- cardiorespiratory/pulmonary arrest                


                  XII.ai
                
XII - Cardiovascular involvement / toxicity

                    XII.ai - Cardiotoxicity                


                  XVII.a
                
XVII - Infections & related conditions

                    XVII.a - Respiratory tract infection incl. pneumonia                


                  XVII.c
                
XVII - Infections & related conditions

                    XVII.c - Aspergillosis, pulmonary (invasive, allergic [ABPA], or mycetoma)                


                  XVII.e
                
XVII - Infections & related conditions

                    XVII.e - Pneumocystis jiroveci pneumonia                


                  XVII.f
                
XVII - Infections & related conditions

                    XVII.f - Tuberculosis, miliary                


                  XVII.r
                
XVII - Infections & related conditions

                    XVII.r - Fungal infection (pulmonary/extrapulmonary)",24821094,Both,ibrutinib
CC(C)Cc1ccc(C(C)C(=O)O)cc1,Ibuprofen,"I.c
                
I - Interstitial/parenchymal lung disease

                    I.c - Eosinophilic pneumonia (pulmonary infiltrates and eosinophilia)                


                  II.a
                
II - Pulmonary edema - Acute lung injury - ARDS

                    II.a - Pulmonary edema, noncardiogenic (NCPE)                


                  II.b
                
II - Pulmonary edema - Acute lung injury - ARDS

                    II.b - ARDS - Acute lung injury                


                  IV.a
                
IV - Airway involvement

                    IV.a - Bronchospasm - Wheezing - Asthma                


                  IV.f
                
IV - Airway involvement

                    IV.f - Severe or catastrophic bronchospasm or asthma attack (can be fatal)                


                  IV.v
                
IV - Airway involvement

                    IV.v - Deterioration/exacerbation of preexisting asthma or COPD                


                  V.a
                
V - Pleural and/or pericardial involvement

                    V.a - Pleural effusion (uni- or bilateral) (can accompany DI-LDs)                


                  VI.b
                
VI - Pulmonary vasculopathies

                    VI.b - Pulmonary arterial hypertension                


                  VI.y
                
VI - Pulmonary vasculopathies

                    VI.y - Pulmonary hypertension of the newborn (Persistent PHT)                


                  VIII.a
                
VIII - Central-large-upper airway (incl. pharyngeal-nasal) involvement

                    VIII.a - Angioedema (may cause UAO, asphyxia and death)                


                  X.a
                
X - Systemic/Distant conditions, syndromes and reactions

                    X.a - DRES syndrome - DRESS-like reaction                


                  X.f
                
X - Systemic/Distant conditions, syndromes and reactions

                    X.f - Anaphylaxis-Anaphylactoid reaction (can be fatal)                


                  X.g
                
X - Systemic/Distant conditions, syndromes and reactions

                    X.g - Hypersensitivity reaction (may manifest with fever and/or skin, throat or airway involvement)",3672,Both,ibuprofen
N=C(N)NN=Cc1c(Cl)cccc1Cl,Icodextrin,"X.g
                
X - Systemic/Distant conditions, syndromes and reactions

                    X.g - Hypersensitivity reaction (may manifest with fever and/or skin, throat or airway involvement)",3517,Both,icodextrin
C#Cc1cccc(Nc2ncnc3cc4c(cc23)OCCOCCOCCO4)c1,Icotinib,"I.b
                
I - Interstitial/parenchymal lung disease

                    I.b - Pneumonitis (ILD)                


                  II.b
                
II - Pulmonary edema - Acute lung injury - ARDS

                    II.b - ARDS - Acute lung injury",22024915,Pneumotox_only,icotinib
CCC(Nc1ncnc2[nH]cnc12)c1nc2cccc(F)c2c(=O)n1-c1ccccc1,Idelalisib,"I.a
                
I - Interstitial/parenchymal lung disease

                    I.a - Pneumonitis (ILD), acute and/or severe (may cause ARDS)                


                  I.b
                
I - Interstitial/parenchymal lung disease

                    I.b - Pneumonitis (ILD)                


                  I.c
                
I - Interstitial/parenchymal lung disease

                    I.c - Eosinophilic pneumonia (pulmonary infiltrates and eosinophilia)                


                  I.ao
                
I - Interstitial/parenchymal lung disease

                    I.ao - Pulmonary infiltrates                


                  IV.d
                
IV - Airway involvement

                    IV.d - Cough (lone)                


                  XVII.a
                
XVII - Infections & related conditions

                    XVII.a - Respiratory tract infection incl. pneumonia                


                  XVII.e
                
XVII - Infections & related conditions

                    XVII.e - Pneumocystis jiroveci pneumonia",11625818,Both,idelalisib
CC(C(O)c1ccc(O)cc1)N1CCC(Cc2ccccc2)CC1,Ifenprodil,"I.c
                
I - Interstitial/parenchymal lung disease

                    I.c - Eosinophilic pneumonia (pulmonary infiltrates and eosinophilia)",3689,Pneumotox_only,ifenprodil
O=P1(NCCCl)OCCCN1CCCl,Ifosfamide,"I.b
                
I - Interstitial/parenchymal lung disease

                    I.b - Pneumonitis (ILD)                


                  I.g
                
I - Interstitial/parenchymal lung disease

                    I.g - Pulmonary fibrosis                


                  I.ad
                
I - Interstitial/parenchymal lung disease

                    I.ad - Radiation recall pneumonitis                


                  II.a
                
II - Pulmonary edema - Acute lung injury - ARDS

                    II.a - Pulmonary edema, noncardiogenic (NCPE)                


                  II.d
                
II - Pulmonary edema - Acute lung injury - ARDS

                    II.d - Pulmonary edema, cardiogenic                


                  XI.a
                
XI - Miscellaneous

                    XI.a - Cyanosis, a low SpO2 and normal measured PaO2                


                  XII.f
                
XII - Cardiovascular involvement / toxicity

                    XII.f - Cardiomyopathy (acute, subacute, chronic)                


                  XII.l
                
XII - Cardiovascular involvement / toxicity

                    XII.l - Cardiac arrhythmias or dysrhythmias (AF, VT, VF, TdP)                


                  XII.n
                
XII - Cardiovascular involvement / toxicity

                    XII.n - Cardiovascular collapse - Cardiogenic shock - Hypotension                


                  XIV.a
                
XIV - Hemoglobinopathies - Abnormal hemoglobin states (acquired)

                    XIV.a - Methemoglobinemia                


                  XV.h
                
XV - Pathology

                    XV.h - Path: NSIP-fibrotic pattern                


                  XV.j
                
XV - Pathology

                    XV.j - Path: Pulmonary fibrosis (UIP-pattern)",3690,Both,ifosfamide
CS(=O)(=O)Nc1cc2occ(NC=O)c(=O)c2cc1Oc1ccccc1,Iguratimod,"I.b
                
I - Interstitial/parenchymal lung disease

                    I.b - Pneumonitis (ILD)                


                  I.y
                
I - Interstitial/parenchymal lung disease

                    I.y - Progression, acceleration or exacerbation of preexisting ILD/fibrosis                


                  XVII.e
                
XVII - Infections & related conditions

                    XVII.e - Pneumocystis jiroveci pneumonia",124246,Pneumotox_only,iguratimod
COc1cc(C(C)=O)ccc1OCCCN1CCC(c2noc3cc(F)ccc23)CC1,Iloperidone,"XII.p
                
XII - Cardiovascular involvement / toxicity

                    XII.p - QTc prolongation",71360,Both,iloperidone
CC#CCC(C)C(O)C=CC1C(O)CC2CC(=CCCCC(=O)O)CC21,Iloprost,"II.f
                
II - Pulmonary edema - Acute lung injury - ARDS

                    II.f - Hypoxemia, low oxygen saturation (may occur in isolation)                


                  IV.a
                
IV - Airway involvement

                    IV.a - Bronchospasm - Wheezing - Asthma                


                  V.f
                
V - Pleural and/or pericardial involvement

                    V.f - Pneumothorax",5311181,Both,iloprost
Cc1ccc(NC(=O)c2ccc(CN3CCN(C)CC3)cc2)cc1Nc1nccc(-c2cccnc2)n1,Imatinib,"I.a
                
I - Interstitial/parenchymal lung disease

                    I.a - Pneumonitis (ILD), acute and/or severe (may cause ARDS)                


                  I.b
                
I - Interstitial/parenchymal lung disease

                    I.b - Pneumonitis (ILD)                


                  I.c
                
I - Interstitial/parenchymal lung disease

                    I.c - Eosinophilic pneumonia (pulmonary infiltrates and eosinophilia)                


                  I.d
                
I - Interstitial/parenchymal lung disease

                    I.d - Organizing pneumonia pattern (an area or areas of consolidation on imaging)                


                  I.m
                
I - Interstitial/parenchymal lung disease

                    I.m - ILD with a granulomatous component                


                  I.n
                
I - Interstitial/parenchymal lung disease

                    I.n - Pulmonary alveolar proteinosis (PAP)                


                  I.y
                
I - Interstitial/parenchymal lung disease

                    I.y - Progression, acceleration or exacerbation of preexisting ILD/fibrosis                


                  II.b
                
II - Pulmonary edema - Acute lung injury - ARDS

                    II.b - ARDS - Acute lung injury                


                  II.d
                
II - Pulmonary edema - Acute lung injury - ARDS

                    II.d - Pulmonary edema, cardiogenic                


                  III.a
                
III - Pulmonary/alveolar./airway hemorrhage/bleeding

                    III.a - Alveolar hemorrhage (AH), diffuse AH (DAH)                


                  V.a
                
V - Pleural and/or pericardial involvement

                    V.a - Pleural effusion (uni- or bilateral) (can accompany DI-LDs)                


                  V.c
                
V - Pleural and/or pericardial involvement

                    V.c - Pleural thickening - Fibrothorax                


                  V.i
                
V - Pleural and/or pericardial involvement

                    V.i - Pleuritis (can cause chest pain)                


                  V.m
                
V - Pleural and/or pericardial involvement

                    V.m - Pleuropericarditis - Pleuropericardial effusion (ANA unknown or negative)                


                  X.a
                
X - Systemic/Distant conditions, syndromes and reactions

                    X.a - DRES syndrome - DRESS-like reaction                


                  X.n
                
X - Systemic/Distant conditions, syndromes and reactions

                    X.n - Tumor lysis syndrome (TLS)                


                  X.r
                
X - Systemic/Distant conditions, syndromes and reactions

                    X.r - Fluid retention                


                  XII.a
                
XII - Cardiovascular involvement / toxicity

                    XII.a - Left or biventricular dysfunction/failure                


                  XII.f
                
XII - Cardiovascular involvement / toxicity

                    XII.f - Cardiomyopathy (acute, subacute, chronic)                


                  XIII.g
                
XIII - Neoplastic conditions

                    XIII.g - Lymphomatoid granulomatosis (pulmonary, endothoracic)                


                  XV.a
                
XV - Pathology

                    XV.a - Path: NSIP-cellular pattern (see also Ia, Ib)                


                  XV.c
                
XV - Pathology

                    XV.c - Path: Organizing pneumonia (OP/BOOP) pattern (see also Id)                


                  XV.n
                
XV - Pathology

                    XV.n - Path: Pulmonary alveolar proteinosis pattern (PAP pattern)                


                  XV.ch
                
XV - Pathology

                    XV.ch - Path: Organizing fibrinous pleuritis (OFP)                


                  XVII.g
                
XVII - Infections & related conditions

                    XVII.g - Tuberculosis (pulmonary, pulmonary, extrapulmonary or disseminated). Reactivation or de novo                


                  XVII.h
                
XVII - Infections & related conditions

                    XVII.h - Nontuberculous pulmonary mycobacterial infection/superinfection                


                  XVII.o
                
XVII - Infections & related conditions

                    XVII.o - Nocardia pulmonary/systemic infection                


                  XVII.w
                
XVII - Infections & related conditions

                    XVII.w - Hypogammaglobulinemia - Antibody deficiency",5291,Both,imatinib
O=[N+]([O-])NC1=NCCN1Cc1ccc(Cl)nc1,Imidacloprid,"IX.d
                
IX - Neuromuscular / CNS involvement - Disordered breathing (during sleep)

                    IX.d - Respiratory failure from ventilatory depression (due to neuromuscular blockade/paralysis)",86287518,Pneumotox_only,imidacloprid
CCOC(=O)C(CCc1ccccc1)NC(C)C(=O)N1C(=O)N(C)CC1C(=O)O,Imidapril,"IV.d
                
IV - Airway involvement

                    IV.d - Cough (lone)                


                  V.b
                
V - Pleural and/or pericardial involvement

                    V.b - Eosinophilic pleural effusion",5464343,Pneumotox_only,imidapril
CN(C)CCCN1c2ccccc2CCc2ccccc21,Imipramine,"I.b
                
I - Interstitial/parenchymal lung disease

                    I.b - Pneumonitis (ILD)                


                  I.c
                
I - Interstitial/parenchymal lung disease

                    I.c - Eosinophilic pneumonia (pulmonary infiltrates and eosinophilia)                


                  I.d
                
I - Interstitial/parenchymal lung disease

                    I.d - Organizing pneumonia pattern (an area or areas of consolidation on imaging)                


                  I.g
                
I - Interstitial/parenchymal lung disease

                    I.g - Pulmonary fibrosis                


                  II.b
                
II - Pulmonary edema - Acute lung injury - ARDS

                    II.b - ARDS - Acute lung injury                


                  XII.d
                
XII - Cardiovascular involvement / toxicity

                    XII.d - Myocarditis (can be fulminant)",3696,Both,imipramine
CC(C)Cn1cnc2c(N)nc3ccccc3c21,Imiquimod,"VI.a
                
VI - Pulmonary vasculopathies

                    VI.a - Pulmonary embolism - Venous thrombosis/thromboembolism",57469,Both,imiquimod
CC1Cc2ccccc2N1NC(=O)c1ccc(Cl)c(S(N)(=O)=O)c1,Indapamide,"I.g
                
I - Interstitial/parenchymal lung disease

                    I.g - Pulmonary fibrosis",3702,Both,indapamide
O=C1C(c2[nH]c3ccccc3c2O)=Nc2ccccc21,Indigo,"IV.aa
                
IV - Airway involvement

                    IV.aa - Occupational asthma                


                  VI.b
                
VI - Pulmonary vasculopathies

                    VI.b - Pulmonary arterial hypertension",10215,Pneumotox_only,indigo
CC(C)(C)NC(=O)C1CN(Cc2cccnc2)CCN1CC(O)CC(Cc1ccccc1)C(=O)NC1c2ccccc2CC1O,Indinavir,"II.b
                
II - Pulmonary edema - Acute lung injury - ARDS

                    II.b - ARDS - Acute lung injury",5362440,Both,indinavir
COc1ccc2c(c1)c(CC(=O)O)c(C)n2C(=O)c1ccc(Cl)cc1,Indomethacin,"I.c
                
I - Interstitial/parenchymal lung disease

                    I.c - Eosinophilic pneumonia (pulmonary infiltrates and eosinophilia)                


                  IV.a
                
IV - Airway involvement

                    IV.a - Bronchospasm - Wheezing - Asthma                


                  IV.f
                
IV - Airway involvement

                    IV.f - Severe or catastrophic bronchospasm or asthma attack (can be fatal)                


                  VII.a
                
VII - Mediastinal involvement

                    VII.a - Lymphadenopathy (intrathoracic)                


                  VIII.a
                
VIII - Central-large-upper airway (incl. pharyngeal-nasal) involvement

                    VIII.a - Angioedema (may cause UAO, asphyxia and death)                


                  VIII.v
                
VIII - Central-large-upper airway (incl. pharyngeal-nasal) involvement

                    VIII.v - Retropharyngeal hematoma (may cause UAO)                


                  IX.e
                
IX - Neuromuscular / CNS involvement - Disordered breathing (during sleep)

                    IX.e - Disordered breathing pattern incl. Cheyne-Stokes respiration",3715,Both,indomethacin
CCC(C)C(NC(=O)CN)C(=O)NC(C(=O)NC(CCC(=O)O)C(=O)NC(CCC(N)=O)C(=O)NC1CSSCC2NC(=O)C(C(C)CC)NC(=O)C(CO)NC(=O)C(C(C)O)NC(=O)C(CSSCC(NC(=O)C(CC(C)C)NC(=O)C(Cc3c[nH]cn3)NC(=O)C(CCC(N)=O)NC(=O)C(NC(=O)C(NC(=O)C(N)Cc3ccccc3)C(C)C)C(N)=O)C(=O)NCC(=O)NC(CO)C(=O)NC(Cc3c[nH]cn3)C(=O)NC(CC(C)C)C(=O)NC(C(C)C)C(=O)NC(CCC(=O)O)C(=O)NC(C)C(=O)NC(CC(C)C)C(=O)NC(Cc3ccc(O)cc3)C(=O)NC(CC(C)C)C(=O)NC(C(C)C)C(=O)NC(C(=O)NCC(=O)NC(CCC(=O)O)C(=O)NC(CCCN=C(N)N)C(=O)NCC(=O)NC(Cc3ccccc3)C(=O)NC(Cc3ccccc3)C(=O)NC(Cc3ccc(O)cc3)C(=O)NC(C(=O)N3CCCC3C(=O)NC(CCCCN)C(=O)NC(C(=O)O)C(C)O)C(C)O)CSSCC(C(=O)NC(CC(N)=O)C(=O)O)NC(=O)C(Cc3ccc(O)cc3)NC(=O)C(CC(N)=O)NC(=O)C(CCC(=O)O)NC(=O)C(CC(C)C)NC(=O)C(CCC(N)=O)NC(=O)C(Cc3ccc(O)cc3)NC(=O)C(CC(C)C)NC(=O)C(CO)NC2=O)NC1=O)C(C)C,Insulin,"II.a
                
II - Pulmonary edema - Acute lung injury - ARDS

                    II.a - Pulmonary edema, noncardiogenic (NCPE)                


                  II.b
                
II - Pulmonary edema - Acute lung injury - ARDS

                    II.b - ARDS - Acute lung injury                


                  X.f
                
X - Systemic/Distant conditions, syndromes and reactions

                    X.f - Anaphylaxis-Anaphylactoid reaction (can be fatal)                


                  XV.t
                
XV - Pathology

                    XV.t - Path: Pulmonary amyloid deposits",70678557,Pneumotox_only,insulin
CC(=O)N(CC(O)CN(C(C)=O)c1c(I)c(C(=O)NCC(O)CO)c(I)c(C(=O)NCC(O)CO)c1I)c1c(I)c(C(=O)NCC(O)CO)c(I)c(C(=O)NCC(O)CO)c1I,Iodixanol,"I.v
                
I - Interstitial/parenchymal lung disease

                    I.v - Abnormal lung function/pulmonary physiology (PFTs) without necessarily imaging or clinical evidence",3724,Both,iodixanol
CC(=O)N(CC(O)CO)c1c(I)c(C(=O)NCC(O)CO)c(I)c(C(=O)NCC(O)CO)c1I,Iohexol,"X.n
                
X - Systemic/Distant conditions, syndromes and reactions

                    X.n - Tumor lysis syndrome (TLS)",3730,Both,iohexol
CCCCC1=NC2(CCCC2)C(=O)N1Cc1ccc(-c2ccccc2-c2nn[nH]n2)cc1,Irbesartan,"VIII.a
                
VIII - Central-large-upper airway (incl. pharyngeal-nasal) involvement

                    VIII.a - Angioedema (may cause UAO, asphyxia and death)",3749,Both,irbesartan
CCc1c2c(nc3ccc(OC(=O)N4CCC(N5CCCCC5)CC4)cc13)-c1cc3c(c(=O)n1C2)COC(=O)C3(O)CC,Irinotecan,"I.b
                
I - Interstitial/parenchymal lung disease

                    I.b - Pneumonitis (ILD)                


                  II.b
                
II - Pulmonary edema - Acute lung injury - ARDS

                    II.b - ARDS - Acute lung injury                


                  III.a
                
III - Pulmonary/alveolar./airway hemorrhage/bleeding

                    III.a - Alveolar hemorrhage (AH), diffuse AH (DAH)                


                  XV.f
                
XV - Pathology

                    XV.f - Path: Diffuse alveolar damage (DAD-pattern) (see also IL)                


                  XV.i
                
XV - Pathology

                    XV.i - Path: Pneumocyte atypia (reactive epithelial cells) (a.k.a. the ""Napoleon Hat"" sign)",60838,Both,irinotecan
CC1=C(CO)C2=C(C)C3(CC3)C(C)(O)C(=O)C2=C1,Irofulven,"II.a
                
II - Pulmonary edema - Acute lung injury - ARDS

                    II.a - Pulmonary edema, noncardiogenic (NCPE)",148189,Pneumotox_only,irofulven
[N-]=C=O,Isocyanates,"I.b
                
I - Interstitial/parenchymal lung disease

                    I.b - Pneumonitis (ILD)                


                  I.an
                
I - Interstitial/parenchymal lung disease

                    I.an - Hypersensitivity pneumonitis pattern                


                  IV.a
                
IV - Airway involvement

                    IV.a - Bronchospasm - Wheezing - Asthma",105034,Pneumotox_only,isocyanates
FC(F)OC(Cl)C(F)(F)F,Isoflurane,"IV.a
                
IV - Airway involvement

                    IV.a - Bronchospasm - Wheezing - Asthma                


                  IV.e
                
IV - Airway involvement

                    IV.e - Cough (acute, violent, explosive)",3763,Both,isoflurane
CC(C)NCC(O)c1ccc(O)c(O)c1,Isoprenaline,"IV.a
                
IV - Airway involvement

                    IV.a - Bronchospasm - Wheezing - Asthma",3779,Both,isoprenaline
Cc1c(C(C)C)c(=O)n(-c2ccccc2)n1C,Isopropylantipyrine,"IV.a
                
IV - Airway involvement

                    IV.a - Bronchospasm - Wheezing - Asthma                


                  X.f
                
X - Systemic/Distant conditions, syndromes and reactions

                    X.f - Anaphylaxis-Anaphylactoid reaction (can be fatal)",3778,Pneumotox_only,isopropylantipyrine
CCN(CC)c1ccc(C(=C2C=CC(=[N+](CC)CC)C=C2)c2cc(S(=O)(=O)[O-])ccc2S(=O)(=O)[O-])cc1,Isosulfan blue,"XI.f
                
XI - Miscellaneous

                    XI.f - Bluish, pseudocyanotic skin discoloration                


                  XIV.g
                
XIV - Hemoglobinopathies - Abnormal hemoglobin states (acquired)

                    XIV.g - A condition mimicking methemoglobinemia",50108,Pneumotox_only,isosulfan blue
CC(COc1ccccc1)NC(C)C(O)c1ccc(O)cc1,Isoxsuprine,"II.a
                
II - Pulmonary edema - Acute lung injury - ARDS

                    II.a - Pulmonary edema, noncardiogenic (NCPE)                


                  II.b
                
II - Pulmonary edema - Acute lung injury - ARDS

                    II.b - ARDS - Acute lung injury",3783,Both,isoxsuprine
CCC(C)n1ncn(-c2ccc(N3CCN(c4ccc(OCC5COC(Cn6cncn6)(c6ccc(Cl)cc6Cl)O5)cc4)CC3)cc2)c1=O,Itraconazole,"III.a
                
III - Pulmonary/alveolar./airway hemorrhage/bleeding

                    III.a - Alveolar hemorrhage (AH), diffuse AH (DAH)                


                  V.m
                
V - Pleural and/or pericardial involvement

                    V.m - Pleuropericarditis - Pleuropericardial effusion (ANA unknown or negative)                


                  VIII.a
                
VIII - Central-large-upper airway (incl. pharyngeal-nasal) involvement

                    VIII.a - Angioedema (may cause UAO, asphyxia and death)                


                  X.f
                
X - Systemic/Distant conditions, syndromes and reactions

                    X.f - Anaphylaxis-Anaphylactoid reaction (can be fatal)                


                  XII.r
                
XII - Cardiovascular involvement / toxicity

                    XII.r - Heart failure (biventricular, congestive)",55283,Both,itraconazole
COc1cc2c(cc1OC)CC(=O)N(CCCN(C)CC1Cc3cc(OC)c(OC)cc31)CC2,Ivabradine,"II.b
                
II - Pulmonary edema - Acute lung injury - ARDS

                    II.b - ARDS - Acute lung injury                


                  III.a
                
III - Pulmonary/alveolar./airway hemorrhage/bleeding

                    III.a - Alveolar hemorrhage (AH), diffuse AH (DAH)",132999,Both,ivabradine
CC(C)CC(NC(=O)CNC(=O)c1cc(Cl)ccc1Cl)B(O)O,Ixazomib,"XII.ai
                
XII - Cardiovascular involvement / toxicity

                    XII.ai - Cardiotoxicity",25183872,Both,ixazomib
CC(C(=O)O)c1cccc(C(=O)c2ccccc2)c1,Ketoprofen,"IV.a
                
IV - Airway involvement

                    IV.a - Bronchospasm - Wheezing - Asthma",3825,Both,ketoprofen
O=C(c1ccccc1)c1ccc2n1CCC2C(=O)O,Ketorolac,"III.a
                
III - Pulmonary/alveolar./airway hemorrhage/bleeding

                    III.a - Alveolar hemorrhage (AH), diffuse AH (DAH)                


                  IV.a
                
IV - Airway involvement

                    IV.a - Bronchospasm - Wheezing - Asthma                


                  IV.f
                
IV - Airway involvement

                    IV.f - Severe or catastrophic bronchospasm or asthma attack (can be fatal)                


                  X.f
                
X - Systemic/Distant conditions, syndromes and reactions

                    X.f - Anaphylaxis-Anaphylactoid reaction (can be fatal)                


                  XI.b
                
XI - Miscellaneous

                    XI.b - Chest pain (acute or subacute), lone or prominent",3826,Both,ketorolac
CC(CCc1ccccc1)NCC(O)c1ccc(O)c(C(N)=O)c1,Labetalol,"I.b
                
I - Interstitial/parenchymal lung disease

                    I.b - Pneumonitis (ILD)                


                  I.g
                
I - Interstitial/parenchymal lung disease

                    I.g - Pulmonary fibrosis                


                  X.d
                
X - Systemic/Distant conditions, syndromes and reactions

                    X.d - Lupus - Lupus syndrome (see also Vd)",3869,Both,labetalol
COCC(NC(C)=O)C(=O)NCc1ccccc1,Lacosamide,"XII.l
                
XII - Cardiovascular involvement / toxicity

                    XII.l - Cardiac arrhythmias or dysrhythmias (AF, VT, VF, TdP)",219078,Both,lacosamide
Nc1nnc(-c2cccc(Cl)c2Cl)c(N)n1,Lamotrigine,"I.a
                
I - Interstitial/parenchymal lung disease

                    I.a - Pneumonitis (ILD), acute and/or severe (may cause ARDS)                


                  I.b
                
I - Interstitial/parenchymal lung disease

                    I.b - Pneumonitis (ILD)                


                  I.d
                
I - Interstitial/parenchymal lung disease

                    I.d - Organizing pneumonia pattern (an area or areas of consolidation on imaging)                


                  I.m
                
I - Interstitial/parenchymal lung disease

                    I.m - ILD with a granulomatous component                


                  II.b
                
II - Pulmonary edema - Acute lung injury - ARDS

                    II.b - ARDS - Acute lung injury                


                  IV.ag
                
IV - Airway involvement

                    IV.ag - Bronchocentric granulomatosis                


                  X.a
                
X - Systemic/Distant conditions, syndromes and reactions

                    X.a - DRES syndrome - DRESS-like reaction                


                  X.d
                
X - Systemic/Distant conditions, syndromes and reactions

                    X.d - Lupus - Lupus syndrome (see also Vd)                


                  X.az
                
X - Systemic/Distant conditions, syndromes and reactions

                    X.az - Hemophagocytic syndrome                


                  XII.d
                
XII - Cardiovascular involvement / toxicity

                    XII.d - Myocarditis (can be fulminant)                


                  XII.h
                
XII - Cardiovascular involvement / toxicity

                    XII.h - Eosinophilic myocarditis                


                  XII.s
                
XII - Cardiovascular involvement / toxicity

                    XII.s - Heart block (bundle branch- or AV-)                


                  XV.cc
                
XV - Pathology

                    XV.cc - Path: Eosinophilic myocarditis                


                  XV.cu
                
XV - Pathology

                    XV.cu - Path: Bronchocentric granulomatosis                


                  XXIV.g
                
XXIV - Veterinary medicine

                    XXIV.g - Veterinary: Cardiac arrhythmias",3878,Both,lamotrigine
CC1(C)OCC(COC(=O)CCc2ccc(OCC(O)CNCCNC(=O)N3CCOCC3)cc2)O1,Landiolol,"IV.a
                
IV - Airway involvement

                    IV.a - Bronchospasm - Wheezing - Asthma",114905,Pneumotox_only,landiolol
COC(C(O)CO)C1OC(C(=O)O)=CC(N=C(N)N)C1NC(C)=O,Laninamivir,"I.b
                
I - Interstitial/parenchymal lung disease

                    I.b - Pneumonitis (ILD)                


                  I.c
                
I - Interstitial/parenchymal lung disease

                    I.c - Eosinophilic pneumonia (pulmonary infiltrates and eosinophilia)                


                  XIX.c
                
XIX - Cytological, biochemical features of/in BAL, pleural fluid or FNA

                    XIX.c - BAL: An excess proportion of eosinophils",502272,Pneumotox_only,laninamivir
CS(=O)(=O)CCNCc1ccc(-c2ccc3ncnc(Nc4ccc(OCc5cccc(F)c5)c(Cl)c4)c3c2)o1,Lapatinib,"I.b
                
I - Interstitial/parenchymal lung disease

                    I.b - Pneumonitis (ILD)                


                  VI.a
                
VI - Pulmonary vasculopathies

                    VI.a - Pulmonary embolism - Venous thrombosis/thromboembolism                


                  VI.b
                
VI - Pulmonary vasculopathies

                    VI.b - Pulmonary arterial hypertension",208908,Both,lapatinib
CC(C)OC(=O)CCCC=CCC1C(O)CC(O)C1CCC(O)CCc1ccccc1,Latanoprost,"IV.a
                
IV - Airway involvement

                    IV.a - Bronchospasm - Wheezing - Asthma                


                  IV.d
                
IV - Airway involvement

                    IV.d - Cough (lone)",5311221,Both,latanoprost
COC(=O)NC(C(=O)N1CC2(CC2)CC1c1nc(-c2ccc3c(c2)C(F)(F)c2cc(-c4ccc5[nH]c(C6C7CCC(C7)N6C(=O)C(NC(=O)OC)C(C)C)nc5c4)ccc2-3)c[nH]1)C(C)C,Ledipasvir,"I.b
                
I - Interstitial/parenchymal lung disease

                    I.b - Pneumonitis (ILD)                


                  XVII.f
                
XVII - Infections & related conditions

                    XVII.f - Tuberculosis, miliary",67505836,Pneumotox_only,ledipasvir
Cc1oncc1C(=O)Nc1ccc(C(F)(F)F)cc1,Leflunomide,"I.a
                
I - Interstitial/parenchymal lung disease

                    I.a - Pneumonitis (ILD), acute and/or severe (may cause ARDS)                


                  I.b
                
I - Interstitial/parenchymal lung disease

                    I.b - Pneumonitis (ILD)                


                  I.c
                
I - Interstitial/parenchymal lung disease

                    I.c - Eosinophilic pneumonia (pulmonary infiltrates and eosinophilia)                


                  I.d
                
I - Interstitial/parenchymal lung disease

                    I.d - Organizing pneumonia pattern (an area or areas of consolidation on imaging)                


                  I.l
                
I - Interstitial/parenchymal lung disease

                    I.l - Diffuse alveolar damage (DAD) (see alsoo under IIb and XVf)                


                  I.n
                
I - Interstitial/parenchymal lung disease

                    I.n - Pulmonary alveolar proteinosis (PAP)                


                  I.q
                
I - Interstitial/parenchymal lung disease

                    I.q - Pulmonary nodulosis                


                  I.y
                
I - Interstitial/parenchymal lung disease

                    I.y - Progression, acceleration or exacerbation of preexisting ILD/fibrosis                


                  I.z
                
I - Interstitial/parenchymal lung disease

                    I.z - An area or areas of consolidation                


                  IV.d
                
IV - Airway involvement

                    IV.d - Cough (lone)                


                  V.m
                
V - Pleural and/or pericardial involvement

                    V.m - Pleuropericarditis - Pleuropericardial effusion (ANA unknown or negative)                


                  VI.b
                
VI - Pulmonary vasculopathies

                    VI.b - Pulmonary arterial hypertension                


                  X.a
                
X - Systemic/Distant conditions, syndromes and reactions

                    X.a - DRES syndrome - DRESS-like reaction                


                  X.d
                
X - Systemic/Distant conditions, syndromes and reactions

                    X.d - Lupus - Lupus syndrome (see also Vd)                


                  XV.a
                
XV - Pathology

                    XV.a - Path: NSIP-cellular pattern (see also Ia, Ib)                


                  XV.c
                
XV - Pathology

                    XV.c - Path: Organizing pneumonia (OP/BOOP) pattern (see also Id)                


                  XV.f
                
XV - Pathology

                    XV.f - Path: Diffuse alveolar damage (DAD-pattern) (see also IL)                


                  XV.i
                
XV - Pathology

                    XV.i - Path: Pneumocyte atypia (reactive epithelial cells) (a.k.a. the ""Napoleon Hat"" sign)                


                  XVII.g
                
XVII - Infections & related conditions

                    XVII.g - Tuberculosis (pulmonary, pulmonary, extrapulmonary or disseminated). Reactivation or de novo                


                  XIX.a
                
XIX - Cytological, biochemical features of/in BAL, pleural fluid or FNA

                    XIX.a - BAL: An excess proportion of lymphocytes",3899,Both,leflunomide
Cc1ncc(OCC2(c3cccc(F)c3)CC2C(=O)Nc2ccc(F)cn2)c(C)n1,Lemborexant,"I.b
                
I - Interstitial/parenchymal lung disease

                    I.b - Pneumonitis (ILD)",56944144,Both,lemborexant
Nc1cccc2c1CN(C1CCC(=O)NC1=O)C2=O,Lenalidomide,"I.a
                
I - Interstitial/parenchymal lung disease

                    I.a - Pneumonitis (ILD), acute and/or severe (may cause ARDS)                


                  I.b
                
I - Interstitial/parenchymal lung disease

                    I.b - Pneumonitis (ILD)                


                  I.c
                
I - Interstitial/parenchymal lung disease

                    I.c - Eosinophilic pneumonia (pulmonary infiltrates and eosinophilia)                


                  I.d
                
I - Interstitial/parenchymal lung disease

                    I.d - Organizing pneumonia pattern (an area or areas of consolidation on imaging)                


                  I.h
                
I - Interstitial/parenchymal lung disease

                    I.h - Subclinical pulmonary infiltrates/ILD                


                  II.b
                
II - Pulmonary edema - Acute lung injury - ARDS

                    II.b - ARDS - Acute lung injury                


                  III.a
                
III - Pulmonary/alveolar./airway hemorrhage/bleeding

                    III.a - Alveolar hemorrhage (AH), diffuse AH (DAH)                


                  IV.d
                
IV - Airway involvement

                    IV.d - Cough (lone)                


                  VI.a
                
VI - Pulmonary vasculopathies

                    VI.a - Pulmonary embolism - Venous thrombosis/thromboembolism                


                  X.a
                
X - Systemic/Distant conditions, syndromes and reactions

                    X.a - DRES syndrome - DRESS-like reaction                


                  X.n
                
X - Systemic/Distant conditions, syndromes and reactions

                    X.n - Tumor lysis syndrome (TLS)                


                  XII.d
                
XII - Cardiovascular involvement / toxicity

                    XII.d - Myocarditis (can be fulminant)                


                  XV.a
                
XV - Pathology

                    XV.a - Path: NSIP-cellular pattern (see also Ia, Ib)                


                  XV.b
                
XV - Pathology

                    XV.b - Path: Eosinophilic pneumonia (subacute or acute)  (see also Ic)                


                  XV.c
                
XV - Pathology

                    XV.c - Path: Organizing pneumonia (OP/BOOP) pattern (see also Id)                


                  XVII.j
                
XVII - Infections & related conditions

                    XVII.j - Mucormycosis (pulmonary, tracheobronchial or systemic)                


                  XIX.a
                
XIX - Cytological, biochemical features of/in BAL, pleural fluid or FNA

                    XIX.a - BAL: An excess proportion of lymphocytes                


                  XIX.b
                
XIX - Cytological, biochemical features of/in BAL, pleural fluid or FNA

                    XIX.b - BAL: An excess proportion of neutrophils",216326,Both,lenalidomide
COc1cc2nccc(Oc3ccc(NC(=O)NC4CC4)c(Cl)c3)c2cc1C(N)=O,Lenvatinib,"I.b
                
I - Interstitial/parenchymal lung disease

                    I.b - Pneumonitis (ILD)                


                  V.f
                
V - Pleural and/or pericardial involvement

                    V.f - Pneumothorax                


                  VI.a
                
VI - Pulmonary vasculopathies

                    VI.a - Pulmonary embolism - Venous thrombosis/thromboembolism                


                  XVI.ab
                
XVI - Imaging

                    XVI.ab - Imaging: Cavitating/cavitary lung nodule, mass or nodules (see also Iq, XIs, XIIi, XVIaa and XVIIp)",9823820,Both,lenvatinib
N#Cc1ccc(C(c2ccc(C#N)cc2)n2cncn2)cc1,Letrozole,"I.b
                
I - Interstitial/parenchymal lung disease

                    I.b - Pneumonitis (ILD)                


                  I.d
                
I - Interstitial/parenchymal lung disease

                    I.d - Organizing pneumonia pattern (an area or areas of consolidation on imaging)",3902,Both,letrozole
CCC(C(N)=O)N1CCCC1=O,Levetiracetam,"I.b
                
I - Interstitial/parenchymal lung disease

                    I.b - Pneumonitis (ILD)                


                  I.c
                
I - Interstitial/parenchymal lung disease

                    I.c - Eosinophilic pneumonia (pulmonary infiltrates and eosinophilia)                


                  X.a
                
X - Systemic/Distant conditions, syndromes and reactions

                    X.a - DRES syndrome - DRESS-like reaction                


                  X.f
                
X - Systemic/Distant conditions, syndromes and reactions

                    X.f - Anaphylaxis-Anaphylactoid reaction (can be fatal)",5284583,Both,levetiracetam
COc1ccc2c(c1)N(CC(C)CN(C)C)c1ccccc1S2,Levomepromazine,"VIII.c
                
VIII - Central-large-upper airway (incl. pharyngeal-nasal) involvement

                    VIII.c - Upper airway obstruction other than angioedema or hematoma",72287,Pneumotox_only,levomepromazine
C#CC1(O)CCC2C3CC=C4CC(=O)CCC4C3CCC21CC,Levonorgestrel,"III.a
                
III - Pulmonary/alveolar./airway hemorrhage/bleeding

                    III.a - Alveolar hemorrhage (AH), diffuse AH (DAH)",13109,Both,levonorgestrel
CC#CCn1c(N2CCCC(N)C2)nc2c1c(=O)n(Cc1nc(C)c3ccccc3n1)c(=O)n2C,Linagliptin,"IV.d
                
IV - Airway involvement

                    IV.d - Cough (lone)",10096344,Both,linagliptin
CC(=O)NCC1CN(c2ccc(N3CCOCC3)c(F)c2)C(=O)O1,Linezolid,"XI.d
                
XI - Miscellaneous

                    XI.d - Metabolic acidosis (incl. lactic acidosis/-gap). May cause hyperpnea/dyspnea",441401,Both,linezolid
NCCCCC(NC(CCc1ccccc1)C(=O)O)C(=O)N1CCCC1C(=O)O,Lisinopril,"IV.d
                
IV - Airway involvement

                    IV.d - Cough (lone)                


                  V.b
                
V - Pleural and/or pericardial involvement

                    V.b - Eosinophilic pleural effusion                


                  VIII.a
                
VIII - Central-large-upper airway (incl. pharyngeal-nasal) involvement

                    VIII.a - Angioedema (may cause UAO, asphyxia and death)                


                  VIII.e
                
VIII - Central-large-upper airway (incl. pharyngeal-nasal) involvement

                    VIII.e - Laryngospasm (a.k.a. laryngismus)                


                  VIII.q
                
VIII - Central-large-upper airway (incl. pharyngeal-nasal) involvement

                    VIII.q - Tongue involvement (edema, glossitis, hematoma)                


                  X.d
                
X - Systemic/Distant conditions, syndromes and reactions

                    X.d - Lupus - Lupus syndrome (see also Vd)                


                  X.au
                
X - Systemic/Distant conditions, syndromes and reactions

                    X.au - Visceral angioedema (can cause relapsing abdominal pain)",5362119,Both,lisinopril
CCN(CC)C(=O)NC1C=C2c3cccc4[nH]cc(c34)CC2N(C)C1,Lisuride,"I.b
                
I - Interstitial/parenchymal lung disease

                    I.b - Pneumonitis (ILD)                


                  V.c
                
V - Pleural and/or pericardial involvement

                    V.c - Pleural thickening - Fibrothorax                


                  XII.b
                
XII - Cardiovascular involvement / toxicity

                    XII.b - Valvular heart disease and/or dysfunction                


                  XII.af
                
XII - Cardiovascular involvement / toxicity

                    XII.af - Coronary vasospasm - Vasospastic angina",28864,Both,lisuride
CN(C)C(=O)C(CCN1CCC(O)(c2ccc(Cl)cc2)CC1)(c1ccccc1)c1ccccc1,Loperamide,"II.a
                
II - Pulmonary edema - Acute lung injury - ARDS

                    II.a - Pulmonary edema, noncardiogenic (NCPE)                


                  IX.d
                
IX - Neuromuscular / CNS involvement - Disordered breathing (during sleep)

                    IX.d - Respiratory failure from ventilatory depression (due to neuromuscular blockade/paralysis)                


                  X.f
                
X - Systemic/Distant conditions, syndromes and reactions

                    X.f - Anaphylaxis-Anaphylactoid reaction (can be fatal)                


                  XI.r
                
XI - Miscellaneous

                    XI.r - Death following exposure or poisoning                


                  XII.e
                
XII - Cardiovascular involvement / toxicity

                    XII.e - Takotsubo (stress) cardiomyopathy                


                  XII.l
                
XII - Cardiovascular involvement / toxicity

                    XII.l - Cardiac arrhythmias or dysrhythmias (AF, VT, VF, TdP)                


                  XII.m
                
XII - Cardiovascular involvement / toxicity

                    XII.m - Cardiac- cardiorespiratory/pulmonary arrest                


                  XII.p
                
XII - Cardiovascular involvement / toxicity

                    XII.p - QTc prolongation                


                  XII.s
                
XII - Cardiovascular involvement / toxicity

                    XII.s - Heart block (bundle branch- or AV-)                


                  XII.t
                
XII - Cardiovascular involvement / toxicity

                    XII.t - Torsades de pointe                


                  XII.ag
                
XII - Cardiovascular involvement / toxicity

                    XII.ag - Bradycardia                


                  XII.ai
                
XII - Cardiovascular involvement / toxicity

                    XII.ai - Cardiotoxicity",3955,Both,loperamide
CCOC(=O)N1CCC(=C2c3ccc(Cl)cc3CCc3cccnc32)CC1,Loratadine,"VIII.a
                
VIII - Central-large-upper airway (incl. pharyngeal-nasal) involvement

                    VIII.a - Angioedema (may cause UAO, asphyxia and death)",3957,Both,loratadine
O=C1N=C(c2ccccc2Cl)c2cc(Cl)ccc2NC1O,Lorazepam,"IX.a
                
IX - Neuromuscular / CNS involvement - Disordered breathing (during sleep)

                    IX.a - Diaphragm/inspiratory muscle weakness/paralysis (w/wo ARF)",3958,Both,lorazepam
CC1Oc2cc(cnc2N)-c2c(nn(C)c2C#N)CN(C)C(=O)c2ccc(F)cc21,Lorlatinib,"I.a
                
I - Interstitial/parenchymal lung disease

                    I.a - Pneumonitis (ILD), acute and/or severe (may cause ARDS)                


                  I.b
                
I - Interstitial/parenchymal lung disease

                    I.b - Pneumonitis (ILD)                


                  I.ad
                
I - Interstitial/parenchymal lung disease

                    I.ad - Radiation recall pneumonitis                


                  II.b
                
II - Pulmonary edema - Acute lung injury - ARDS

                    II.b - ARDS - Acute lung injury                


                  VI.b
                
VI - Pulmonary vasculopathies

                    VI.b - Pulmonary arterial hypertension                


                  IX.r
                
IX - Neuromuscular / CNS involvement - Disordered breathing (during sleep)

                    IX.r - Myasthenia gravis - Myasthenic-like syndrome",71731823,Both,lorlatinib
CCCCc1nc(Cl)c(CO)n1Cc1ccc(-c2ccccc2-c2nn[nH]n2)cc1,Losartan,"II.a
                
II - Pulmonary edema - Acute lung injury - ARDS

                    II.a - Pulmonary edema, noncardiogenic (NCPE)                


                  IV.a
                
IV - Airway involvement

                    IV.a - Bronchospasm - Wheezing - Asthma                


                  IV.d
                
IV - Airway involvement

                    IV.d - Cough (lone)                


                  VIII.a
                
VIII - Central-large-upper airway (incl. pharyngeal-nasal) involvement

                    VIII.a - Angioedema (may cause UAO, asphyxia and death)                


                  X.f
                
X - Systemic/Distant conditions, syndromes and reactions

                    X.f - Anaphylaxis-Anaphylactoid reaction (can be fatal)",3961,Both,losartan
CCC(C)C(=O)OC1CC(C)C=C2C=CC(C)C(CCC3CC(O)CC(=O)O3)C21,Lovastatin,"X.d
                
X - Systemic/Distant conditions, syndromes and reactions

                    X.d - Lupus - Lupus syndrome (see also Vd)",53232,Both,lovastatin
CC(C(=O)O)c1ccc(CC2CCCC2=O)cc1,Loxoprofen,"I.b
                
I - Interstitial/parenchymal lung disease

                    I.b - Pneumonitis (ILD)                


                  I.c
                
I - Interstitial/parenchymal lung disease

                    I.c - Eosinophilic pneumonia (pulmonary infiltrates and eosinophilia)                


                  I.d
                
I - Interstitial/parenchymal lung disease

                    I.d - Organizing pneumonia pattern (an area or areas of consolidation on imaging)                


                  IV.a
                
IV - Airway involvement

                    IV.a - Bronchospasm - Wheezing - Asthma                


                  XII.ay
                
XII - Cardiovascular involvement / toxicity

                    XII.ay - Coronary (artery) vasculitis                


                  XII.bj
                
XII - Cardiovascular involvement / toxicity

                    XII.bj - Eosinophilic coronary (peri)-arteritis                


                  XV.cm
                
XV - Pathology

                    XV.cm - Path: Coronary vasculitis w/wo eosinophilia",3965,Pneumotox_only,loxoprofen
CCCCC(F)(F)C1(O)CCC2C(CC(=O)C2CCCCCCC(=O)O)O1,Lubiprostone,"XI.bk
                
XI - Miscellaneous

                    XI.bk - Finger clubbing",157920,Both,lubiprostone
c1ccc(CC(c2ccccc2)N2CCN(C3CCCCC3)CC2)cc1,MT-45,"XI.r
                
XI - Miscellaneous

                    XI.r - Death following exposure or poisoning",431865,Pneumotox_only,mt-45
CCCNS(=O)(=O)Nc1ncnc(OCCOc2ncc(Br)cn2)c1-c1ccc(Br)cc1,Macitentan,"II.d
                
II - Pulmonary edema - Acute lung injury - ARDS

                    II.d - Pulmonary edema, cardiogenic",16004692,Both,macitentan
CN(C)c1ccc(C(=C2C=CC(=[N+](C)C)C=C2)c2ccccc2)cc1,Malachite green,"XIV.a
                
XIV - Hemoglobinopathies - Abnormal hemoglobin states (acquired)

                    XIV.a - Methemoglobinemia",11294,Pneumotox_only,malachite green
CCOC(=O)CC(SP(=S)(OC)OC)C(=O)OCC,Malathion,"IX.d
                
IX - Neuromuscular / CNS involvement - Disordered breathing (during sleep)

                    IX.d - Respiratory failure from ventilatory depression (due to neuromuscular blockade/paralysis)",4004,Pneumotox_only,malathion
COC(=O)C1=C(C)N=C(C)C(C(=O)OCCN2CCN(C(c3ccccc3)c3ccccc3)CC2)C1c1cccc([N+](=O)[O-])c1,Manidipine,"I.b
                
I - Interstitial/parenchymal lung disease

                    I.b - Pneumonitis (ILD)",4008,Pneumotox_only,manidipine
CNCCCC12CCC(c3ccccc31)c1ccccc12,Maprotiline,"I.b
                
I - Interstitial/parenchymal lung disease

                    I.b - Pneumonitis (ILD)                


                  I.c
                
I - Interstitial/parenchymal lung disease

                    I.c - Eosinophilic pneumonia (pulmonary infiltrates and eosinophilia)",4011,Both,maprotiline
Cc1ccc(NC(=O)c2ccc(CN3CCN(C)CC3)cc2)cc1Nc1nc(-c2cccnc2)cs1,Masitinib,"X.h
                
X - Systemic/Distant conditions, syndromes and reactions

                    X.h - Eosinophilic granulomatosis with polyangiitis (Churg-Strauss)",10074640,Pneumotox_only,masitinib
OC1(c2ccc(Cl)cc2)c2ccccc2C2=NCCN21,Mazindol,"VI.b
                
VI - Pulmonary vasculopathies

                    VI.b - Pulmonary arterial hypertension",4020,Pneumotox_only,mazindol
CNC1(C)C2CCC(C2)C1(C)C,Mecamylamine,"I.d
                
I - Interstitial/parenchymal lung disease

                    I.d - Organizing pneumonia pattern (an area or areas of consolidation on imaging)",4032,Both,mecamylamine
CC(=O)OC1(C(C)=O)CCC2C3CC(C)=C4CC(=O)CCC4(C)C3CCC21C,Medroxyprogesterone,"I.w
                
I - Interstitial/parenchymal lung disease

                    I.w - Rapidly progressive ILD/pulmonary fibrosis (Hamman-Rich syndrome)",6279,Both,medroxyprogesterone
Cc1cccc(Nc2ccccc2C(=O)O)c1C,Mefenamic acid,"I.e
                
I - Interstitial/parenchymal lung disease

                    I.e - Acute eosinophilic pneumonia (AEP)",4044,Both,mefenamic acid
OC(c1cc(C(F)(F)F)nc2c(C(F)(F)F)cccc12)C1CCCCN1,Mefloquine,"I.a
                
I - Interstitial/parenchymal lung disease

                    I.a - Pneumonitis (ILD), acute and/or severe (may cause ARDS)                


                  I.b
                
I - Interstitial/parenchymal lung disease

                    I.b - Pneumonitis (ILD)                


                  I.c
                
I - Interstitial/parenchymal lung disease

                    I.c - Eosinophilic pneumonia (pulmonary infiltrates and eosinophilia)                


                  I.e
                
I - Interstitial/parenchymal lung disease

                    I.e - Acute eosinophilic pneumonia (AEP)                


                  I.l
                
I - Interstitial/parenchymal lung disease

                    I.l - Diffuse alveolar damage (DAD) (see alsoo under IIb and XVf)                


                  II.b
                
II - Pulmonary edema - Acute lung injury - ARDS

                    II.b - ARDS - Acute lung injury                


                  XIX.c
                
XIX - Cytological, biochemical features of/in BAL, pleural fluid or FNA

                    XIX.c - BAL: An excess proportion of eosinophils",4046,Both,mefloquine
CC(=O)C1(O)CCC2C3=CC(C)=C4CC(=O)CCC4(C)C3CCC21C,Megestrol,"VI.a
                
VI - Pulmonary vasculopathies

                    VI.a - Pulmonary embolism - Venous thrombosis/thromboembolism                


                  IX.f
                
IX - Neuromuscular / CNS involvement - Disordered breathing (during sleep)

                    IX.f - Hiccup",19090,Both,megestrol
Cc1cnc(NC(=O)C2C(=O)c3ccccc3S(=O)(=O)N2C)s1,Meloxicam,"I.c
                
I - Interstitial/parenchymal lung disease

                    I.c - Eosinophilic pneumonia (pulmonary infiltrates and eosinophilia)                


                  IV.a
                
IV - Airway involvement

                    IV.a - Bronchospasm - Wheezing - Asthma                


                  VIII.a
                
VIII - Central-large-upper airway (incl. pharyngeal-nasal) involvement

                    VIII.a - Angioedema (may cause UAO, asphyxia and death)",54677470,Both,meloxicam
NC(Cc1ccc(N(CCCl)CCCl)cc1)C(=O)O,Melphalan,"I.a
                
I - Interstitial/parenchymal lung disease

                    I.a - Pneumonitis (ILD), acute and/or severe (may cause ARDS)                


                  I.g
                
I - Interstitial/parenchymal lung disease

                    I.g - Pulmonary fibrosis                


                  I.v
                
I - Interstitial/parenchymal lung disease

                    I.v - Abnormal lung function/pulmonary physiology (PFTs) without necessarily imaging or clinical evidence                


                  II.b
                
II - Pulmonary edema - Acute lung injury - ARDS

                    II.b - ARDS - Acute lung injury                


                  IV.a
                
IV - Airway involvement

                    IV.a - Bronchospasm - Wheezing - Asthma                


                  X.f
                
X - Systemic/Distant conditions, syndromes and reactions

                    X.f - Anaphylaxis-Anaphylactoid reaction (can be fatal)                


                  XV.c
                
XV - Pathology

                    XV.c - Path: Organizing pneumonia (OP/BOOP) pattern (see also Id)                


                  XV.h
                
XV - Pathology

                    XV.h - Path: NSIP-fibrotic pattern                


                  XV.i
                
XV - Pathology

                    XV.i - Path: Pneumocyte atypia (reactive epithelial cells) (a.k.a. the ""Napoleon Hat"" sign)                


                  XV.j
                
XV - Pathology

                    XV.j - Path: Pulmonary fibrosis (UIP-pattern)",460612,Both,melphalan
COCc1c(F)c(F)c(COC(=O)C2C(C=C(Cl)Cl)C2(C)C)c(F)c1F,Meperfluthrin,"II.b
                
II - Pulmonary edema - Acute lung injury - ARDS

                    II.b - ARDS - Acute lung injury                


                  IX.h
                
IX - Neuromuscular / CNS involvement - Disordered breathing (during sleep)

                    IX.h - Dyspnea, unexplained otherwise",56841697,Pneumotox_only,meperfluthrin
CNC(C)C(=O)c1ccc(C)cc1,Mephedrone,"XI.a
                
XI - Miscellaneous

                    XI.a - Cyanosis, a low SpO2 and normal measured PaO2                


                  XI.b
                
XI - Miscellaneous

                    XI.b - Chest pain (acute or subacute), lone or prominent                


                  XII.g
                
XII - Cardiovascular involvement / toxicity

                    XII.g - Coronary artery disease (acute) - Myocardial ischemia/infarction                


                  XIV.a
                
XIV - Hemoglobinopathies - Abnormal hemoglobin states (acquired)

                    XIV.a - Methemoglobinemia",45266826,Pneumotox_only,mephedrone
Cc1ccccc1OCC(O)CO,Mephenesin,"I.c
                
I - Interstitial/parenchymal lung disease

                    I.c - Eosinophilic pneumonia (pulmonary infiltrates and eosinophilia)",4059,Pneumotox_only,mephenesin
CCC1(c2ccccc2)NC(=O)N(C)C1=O,Mephenytoin,"VII.a
                
VII - Mediastinal involvement

                    VII.a - Lymphadenopathy (intrathoracic)",4060,Both,mephenytoin
CN1CC(NS(=O)(=O)N(C)C)CC2c3cccc4c3c(cn4C)CC21,Mesulergine,"V.c
                
V - Pleural and/or pericardial involvement

                    V.c - Pleural thickening - Fibrothorax",68848,Pneumotox_only,mesulergine
N#Cc1ccc(CC(=NNC(=O)Nc2ccc(OC(F)(F)F)cc2)c2cccc(C(F)(F)F)c2)cc1,Metaflumizone,"XIV.a
                
XIV - Hemoglobinopathies - Abnormal hemoglobin states (acquired)

                    XIV.a - Methemoglobinemia",11614934,Pneumotox_only,metaflumizone
Cc1c(N(C)CS(=O)(=O)O)c(=O)n(-c2ccccc2)n1C,Metamizole,"II.a
                
II - Pulmonary edema - Acute lung injury - ARDS

                    II.a - Pulmonary edema, noncardiogenic (NCPE)                


                  IV.a
                
IV - Airway involvement

                    IV.a - Bronchospasm - Wheezing - Asthma                


                  IV.f
                
IV - Airway involvement

                    IV.f - Severe or catastrophic bronchospasm or asthma attack (can be fatal)                


                  X.f
                
X - Systemic/Distant conditions, syndromes and reactions

                    X.f - Anaphylaxis-Anaphylactoid reaction (can be fatal)",3111,Pneumotox_only,metamizole
CNC1Cc2ccccc2N(C)c2ccccc21,Metapramine,"I.c
                
I - Interstitial/parenchymal lung disease

                    I.c - Eosinophilic pneumonia (pulmonary infiltrates and eosinophilia)",65700,Pneumotox_only,metapramine
CC(N)C(O)c1cccc(O)c1,Metaraminol,"II.a
                
II - Pulmonary edema - Acute lung injury - ARDS

                    II.a - Pulmonary edema, noncardiogenic (NCPE)",5906,Pneumotox_only,metaraminol
CN(C)C(N)=NC(=N)N,Metformin,"I.b
                
I - Interstitial/parenchymal lung disease

                    I.b - Pneumonitis (ILD)                


                  I.c
                
I - Interstitial/parenchymal lung disease

                    I.c - Eosinophilic pneumonia (pulmonary infiltrates and eosinophilia)                


                  XI.d
                
XI - Miscellaneous

                    XI.d - Metabolic acidosis (incl. lactic acidosis/-gap). May cause hyperpnea/dyspnea",4091,Both,metformin
CCC(=O)C(CC(C)N(C)C)(c1ccccc1)c1ccccc1,Methadone,"I.t
                
I - Interstitial/parenchymal lung disease

                    I.t - Pneumoconiosis (silicosis, talcosis...)                


                  II.a
                
II - Pulmonary edema - Acute lung injury - ARDS

                    II.a - Pulmonary edema, noncardiogenic (NCPE)                


                  II.b
                
II - Pulmonary edema - Acute lung injury - ARDS

                    II.b - ARDS - Acute lung injury                


                  II.f
                
II - Pulmonary edema - Acute lung injury - ARDS

                    II.f - Hypoxemia, low oxygen saturation (may occur in isolation)                


                  VI.b
                
VI - Pulmonary vasculopathies

                    VI.b - Pulmonary arterial hypertension                


                  VI.g
                
VI - Pulmonary vasculopathies

                    VI.g - Foreign body pulmonary vasculopathy (Excipient lung disease)                


                  IX.c
                
IX - Neuromuscular / CNS involvement - Disordered breathing (during sleep)

                    IX.c - Chest wall muscle rigidity - Stiff/wooden chest                


                  IX.d
                
IX - Neuromuscular / CNS involvement - Disordered breathing (during sleep)

                    IX.d - Respiratory failure from ventilatory depression (due to neuromuscular blockade/paralysis)                


                  IX.e
                
IX - Neuromuscular / CNS involvement - Disordered breathing (during sleep)

                    IX.e - Disordered breathing pattern incl. Cheyne-Stokes respiration                


                  IX.i
                
IX - Neuromuscular / CNS involvement - Disordered breathing (during sleep)

                    IX.i - Respiratory arrest - Apnea                


                  XI.r
                
XI - Miscellaneous

                    XI.r - Death following exposure or poisoning                


                  XII.e
                
XII - Cardiovascular involvement / toxicity

                    XII.e - Takotsubo (stress) cardiomyopathy                


                  XII.f
                
XII - Cardiovascular involvement / toxicity

                    XII.f - Cardiomyopathy (acute, subacute, chronic)                


                  XII.l
                
XII - Cardiovascular involvement / toxicity

                    XII.l - Cardiac arrhythmias or dysrhythmias (AF, VT, VF, TdP)                


                  XII.p
                
XII - Cardiovascular involvement / toxicity

                    XII.p - QTc prolongation                


                  XII.t
                
XII - Cardiovascular involvement / toxicity

                    XII.t - Torsades de pointe                


                  XII.bo
                
XII - Cardiovascular involvement / toxicity

                    XII.bo - Right ventricular dysfunction.failure",4095,Both,methadone
CNC(C)Cc1ccccc1,Methamphetamine,"I.a
                
I - Interstitial/parenchymal lung disease

                    I.a - Pneumonitis (ILD), acute and/or severe (may cause ARDS)                


                  I.t
                
I - Interstitial/parenchymal lung disease

                    I.t - Pneumoconiosis (silicosis, talcosis...)                


                  II.a
                
II - Pulmonary edema - Acute lung injury - ARDS

                    II.a - Pulmonary edema, noncardiogenic (NCPE)                


                  II.b
                
II - Pulmonary edema - Acute lung injury - ARDS

                    II.b - ARDS - Acute lung injury                


                  III.a
                
III - Pulmonary/alveolar./airway hemorrhage/bleeding

                    III.a - Alveolar hemorrhage (AH), diffuse AH (DAH)                


                  IV.a
                
IV - Airway involvement

                    IV.a - Bronchospasm - Wheezing - Asthma                


                  VI.b
                
VI - Pulmonary vasculopathies

                    VI.b - Pulmonary arterial hypertension                


                  VII.h
                
VII - Mediastinal involvement

                    VII.h - Pneumomediastinum                


                  VIII.ae
                
VIII - Central-large-upper airway (incl. pharyngeal-nasal) involvement

                    VIII.ae - 'Meth mouth'                


                  IX.ae
                
IX - Neuromuscular / CNS involvement - Disordered breathing (during sleep)

                    IX.ae - Stroke                


                  X.m
                
X - Systemic/Distant conditions, syndromes and reactions

                    X.m - Vascultis (pulmonary, extrathoracic or systemic)-ANCA status unknown or negative)                


                  X.u
                
X - Systemic/Distant conditions, syndromes and reactions

                    X.u - Multiple organ dysfunction/failure (MODS/MOF)                


                  XI.b
                
XI - Miscellaneous

                    XI.b - Chest pain (acute or subacute), lone or prominent                


                  XI.r
                
XI - Miscellaneous

                    XI.r - Death following exposure or poisoning                


                  XII.f
                
XII - Cardiovascular involvement / toxicity

                    XII.f - Cardiomyopathy (acute, subacute, chronic)                


                  XII.g
                
XII - Cardiovascular involvement / toxicity

                    XII.g - Coronary artery disease (acute) - Myocardial ischemia/infarction                


                  XII.ba
                
XII - Cardiovascular involvement / toxicity

                    XII.ba - Sudden cardiac death                


                  XII.bx
                
XII - Cardiovascular involvement / toxicity

                    XII.bx - Electrical storm                


                  XV.q
                
XV - Pathology

                    XV.q - Path: Foreign body deposits/granulomatous reaction",10836,Both,methamphetamine
Cc1ccccc1-n1c(C)nc2ccccc2c1=O,Methaqualone,"II.a
                
II - Pulmonary edema - Acute lung injury - ARDS

                    II.a - Pulmonary edema, noncardiogenic (NCPE)                


                  IX.c
                
IX - Neuromuscular / CNS involvement - Disordered breathing (during sleep)

                    IX.c - Chest wall muscle rigidity - Stiff/wooden chest",6292,Pneumotox_only,methaqualone
CC1=CC(=O)CC2CCC3C4CCC(O)C4(C)CCC3C12C,Methenolone,"I.b
                
I - Interstitial/parenchymal lung disease

                    I.b - Pneumonitis (ILD)",3037705,Pneumotox_only,methenolone
Cn1cc[nH]c1=S,Methimazole,"III.a
                
III - Pulmonary/alveolar./airway hemorrhage/bleeding

                    III.a - Alveolar hemorrhage (AH), diffuse AH (DAH)                


                  III.b
                
III - Pulmonary/alveolar./airway hemorrhage/bleeding

                    III.b - Pneumorenal syndrome (w/wo ANCAs)                


                  III.d
                
III - Pulmonary/alveolar./airway hemorrhage/bleeding

                    III.d - Alveolar hemorrhage, diffuse (ANCA-positive/-related)                


                  IV.a
                
IV - Airway involvement

                    IV.a - Bronchospasm - Wheezing - Asthma                


                  V.b
                
V - Pleural and/or pericardial involvement

                    V.b - Eosinophilic pleural effusion                


                  VI.d
                
VI - Pulmonary vasculopathies

                    VI.d - Pulmonary vasculitis or capillaritis                


                  VIII.c
                
VIII - Central-large-upper airway (incl. pharyngeal-nasal) involvement

                    VIII.c - Upper airway obstruction other than angioedema or hematoma                


                  X.e
                
X - Systemic/Distant conditions, syndromes and reactions

                    X.e - Autoimmunity-Autoimmune conditions (+ANA, +anti-ds-DNA, +ANCAs, other auto-Abs)                


                  X.s
                
X - Systemic/Distant conditions, syndromes and reactions

                    X.s - Vasculitis, pulmonary (w/wo AH), extrapulmonary, systemic: ANCA-positive                


                  X.x
                
X - Systemic/Distant conditions, syndromes and reactions

                    X.x - ANCA positivity. Subclinical or with clinical manifestations                


                  XI.n
                
XI - Miscellaneous

                    XI.n - Neutropenia, agranulocytosis (w/wo infection/sepsis)",1349907,Both,methimazole
C=CCC1(C(C)C#CCC)C(=O)NC(=O)N(C)C1=O,Methohexital,"VIII.e
                
VIII - Central-large-upper airway (incl. pharyngeal-nasal) involvement

                    VIII.e - Laryngospasm (a.k.a. laryngismus)",9034,Both,methohexital
CN(Cc1cnc2nc(N)nc(N)c2n1)c1ccc(C(=O)NC(CCC(=O)O)C(=O)O)cc1,Methotrexate,"I.a
                
I - Interstitial/parenchymal lung disease

                    I.a - Pneumonitis (ILD), acute and/or severe (may cause ARDS)                


                  I.b
                
I - Interstitial/parenchymal lung disease

                    I.b - Pneumonitis (ILD)                


                  I.c
                
I - Interstitial/parenchymal lung disease

                    I.c - Eosinophilic pneumonia (pulmonary infiltrates and eosinophilia)                


                  I.d
                
I - Interstitial/parenchymal lung disease

                    I.d - Organizing pneumonia pattern (an area or areas of consolidation on imaging)                


                  I.g
                
I - Interstitial/parenchymal lung disease

                    I.g - Pulmonary fibrosis                


                  I.h
                
I - Interstitial/parenchymal lung disease

                    I.h - Subclinical pulmonary infiltrates/ILD                


                  I.k
                
I - Interstitial/parenchymal lung disease

                    I.k - Lung nodule or nodules                


                  I.l
                
I - Interstitial/parenchymal lung disease

                    I.l - Diffuse alveolar damage (DAD) (see alsoo under IIb and XVf)                


                  I.m
                
I - Interstitial/parenchymal lung disease

                    I.m - ILD with a granulomatous component                


                  I.q
                
I - Interstitial/parenchymal lung disease

                    I.q - Pulmonary nodulosis                


                  I.v
                
I - Interstitial/parenchymal lung disease

                    I.v - Abnormal lung function/pulmonary physiology (PFTs) without necessarily imaging or clinical evidence                


                  I.w
                
I - Interstitial/parenchymal lung disease

                    I.w - Rapidly progressive ILD/pulmonary fibrosis (Hamman-Rich syndrome)                


                  I.aa
                
I - Interstitial/parenchymal lung disease

                    I.aa - Delayed ILD, -pneumonitis, -fibrosis                


                  II.a
                
II - Pulmonary edema - Acute lung injury - ARDS

                    II.a - Pulmonary edema, noncardiogenic (NCPE)                


                  II.b
                
II - Pulmonary edema - Acute lung injury - ARDS

                    II.b - ARDS - Acute lung injury                


                  III.a
                
III - Pulmonary/alveolar./airway hemorrhage/bleeding

                    III.a - Alveolar hemorrhage (AH), diffuse AH (DAH)                


                  IV.a
                
IV - Airway involvement

                    IV.a - Bronchospasm - Wheezing - Asthma                


                  IV.d
                
IV - Airway involvement

                    IV.d - Cough (lone)                


                  V.a
                
V - Pleural and/or pericardial involvement

                    V.a - Pleural effusion (uni- or bilateral) (can accompany DI-LDs)                


                  V.b
                
V - Pleural and/or pericardial involvement

                    V.b - Eosinophilic pleural effusion                


                  V.e
                
V - Pleural and/or pericardial involvement

                    V.e - Hemothorax - Serosanguineous pleural effusion                


                  V.i
                
V - Pleural and/or pericardial involvement

                    V.i - Pleuritis (can cause chest pain)                


                  V.n
                
V - Pleural and/or pericardial involvement

                    V.n - Hemopericardium - Bloody pericardial effusion                


                  V.s
                
V - Pleural and/or pericardial involvement

                    V.s - Serositis - Polyserositis                


                  VI.a
                
VI - Pulmonary vasculopathies

                    VI.a - Pulmonary embolism - Venous thrombosis/thromboembolism                


                  VII.a
                
VII - Mediastinal involvement

                    VII.a - Lymphadenopathy (intrathoracic)                


                  VIII.a
                
VIII - Central-large-upper airway (incl. pharyngeal-nasal) involvement

                    VIII.a - Angioedema (may cause UAO, asphyxia and death)                


                  VIII.aj
                
VIII - Central-large-upper airway (incl. pharyngeal-nasal) involvement

                    VIII.aj - Endobronchial lymphoproliferative disorder                


                  X.a
                
X - Systemic/Distant conditions, syndromes and reactions

                    X.a - DRES syndrome - DRESS-like reaction                


                  X.f
                
X - Systemic/Distant conditions, syndromes and reactions

                    X.f - Anaphylaxis-Anaphylactoid reaction (can be fatal)                


                  X.k
                
X - Systemic/Distant conditions, syndromes and reactions

                    X.k - Sarcoid-like granulomatosis (endo-/extrathoracic)                


                  X.u
                
X - Systemic/Distant conditions, syndromes and reactions

                    X.u - Multiple organ dysfunction/failure (MODS/MOF)                


                  XI.b
                
XI - Miscellaneous

                    XI.b - Chest pain (acute or subacute), lone or prominent                


                  XI.c
                
XI - Miscellaneous

                    XI.c - Pleuritic chest pain                


                  XII.c
                
XII - Cardiovascular involvement / toxicity

                    XII.c - Pericardial effusion (w/wo tamponade)                


                  XIII.b
                
XIII - Neoplastic conditions

                    XIII.b - Lymphoproliferative disease (pulmonary, endobronchial, endothoracic)                


                  XIII.g
                
XIII - Neoplastic conditions

                    XIII.g - Lymphomatoid granulomatosis (pulmonary, endothoracic)                


                  XIII.k
                
XIII - Neoplastic conditions

                    XIII.k - Lymphoproliferative disease (extrathoracic)                


                  XV.a
                
XV - Pathology

                    XV.a - Path: NSIP-cellular pattern (see also Ia, Ib)                


                  XV.c
                
XV - Pathology

                    XV.c - Path: Organizing pneumonia (OP/BOOP) pattern (see also Id)                


                  XV.e
                
XV - Pathology

                    XV.e - Path: ILD with a granulomatous component (see also Im)                


                  XV.f
                
XV - Pathology

                    XV.f - Path: Diffuse alveolar damage (DAD-pattern) (see also IL)                


                  XV.h
                
XV - Pathology

                    XV.h - Path: NSIP-fibrotic pattern                


                  XV.i
                
XV - Pathology

                    XV.i - Path: Pneumocyte atypia (reactive epithelial cells) (a.k.a. the ""Napoleon Hat"" sign)                


                  XV.w
                
XV - Pathology

                    XV.w - Path: Pulmonary edema (see also II/IIa)                


                  XV.bq
                
XV - Pathology

                    XV.bq - Path: Lymphoproliferative disease, endothoracic                


                  XVI.b
                
XVI - Imaging

                    XVI.b - Imaging: Ground-glass opacities (GGO) / shadowing                


                  XVI.k
                
XVI - Imaging

                    XVI.k - Imaging: An area or areas of consolidation                


                  XVI.w
                
XVI - Imaging

                    XVI.w - Imaging: Lung nodule or nodules                


                  XVI.bc
                
XVI - Imaging

                    XVI.bc - Imaging: Intrathoracic lymph node enlargement                


                  XVII.b
                
XVII - Infections & related conditions

                    XVII.b - Opportunistic pulmonary/systemic infections                


                  XVII.d
                
XVII - Infections & related conditions

                    XVII.d - Pneumocystis jiroveci pulmonary colonization                


                  XVII.e
                
XVII - Infections & related conditions

                    XVII.e - Pneumocystis jiroveci pneumonia                


                  XVII.h
                
XVII - Infections & related conditions

                    XVII.h - Nontuberculous pulmonary mycobacterial infection/superinfection                


                  XVII.q
                
XVII - Infections & related conditions

                    XVII.q - Viral pneumonia                


                  XIX.a
                
XIX - Cytological, biochemical features of/in BAL, pleural fluid or FNA

                    XIX.a - BAL: An excess proportion of lymphocytes                


                  XIX.b
                
XIX - Cytological, biochemical features of/in BAL, pleural fluid or FNA

                    XIX.b - BAL: An excess proportion of neutrophils                


                  XIX.c
                
XIX - Cytological, biochemical features of/in BAL, pleural fluid or FNA

                    XIX.c - BAL: An excess proportion of eosinophils",126941,Both,methotrexate
CCNC1(c2cccc(OC)c2)CCCCC1=O,Methoxetamine,"XI.r
                
XI - Miscellaneous

                    XI.r - Death following exposure or poisoning",52911279,Pneumotox_only,methoxetamine
CBr,Methyl bromide,"II.q
                
II - Pulmonary edema - Acute lung injury - ARDS

                    II.q - Respiratory distress or failure, not otherwise specified                


                  IV.a
                
IV - Airway involvement

                    IV.a - Bronchospasm - Wheezing - Asthma",6323,Pneumotox_only,methyl bromide
CCl,Methyl chloride,"XIV.c
                
XIV - Hemoglobinopathies - Abnormal hemoglobin states (acquired)

                    XIV.c - Carboxyhemoglobinemia",6327,Pneumotox_only,methyl chloride
CC(N)(Cc1ccc(O)c(O)c1)C(=O)O,Methyldopa,"V.d
                
V - Pleural and/or pericardial involvement

                    V.d - Pleural/pericardial effusion, ANA positive (DI lupus)                


                  VII.b
                
VII - Mediastinal involvement

                    VII.b - Lymphadenopathy with reactive changes                


                  X.d
                
X - Systemic/Distant conditions, syndromes and reactions

                    X.d - Lupus - Lupus syndrome (see also Vd)                


                  X.m
                
X - Systemic/Distant conditions, syndromes and reactions

                    X.m - Vascultis (pulmonary, extrathoracic or systemic)-ANCA status unknown or negative)                


                  X.y
                
X - Systemic/Distant conditions, syndromes and reactions

                    X.y - Subclinical ANA positivity                


                  XI.c
                
XI - Miscellaneous

                    XI.c - Pleuritic chest pain                


                  XII.d
                
XII - Cardiovascular involvement / toxicity

                    XII.d - Myocarditis (can be fulminant)                


                  XIII.b
                
XIII - Neoplastic conditions

                    XIII.b - Lymphoproliferative disease (pulmonary, endobronchial, endothoracic)",38853,Both,methyldopa
ClCCl,Methylene chloride,"II.a
                
II - Pulmonary edema - Acute lung injury - ARDS

                    II.a - Pulmonary edema, noncardiogenic (NCPE)                


                  XIV.c
                
XIV - Hemoglobinopathies - Abnormal hemoglobin states (acquired)

                    XIV.c - Carboxyhemoglobinemia",6344,Pneumotox_only,methylene chloride
CNC(C)Cc1ccc2c(c1)OCO2,Methylenedioxymethamphetamine,"II.a
                
II - Pulmonary edema - Acute lung injury - ARDS

                    II.a - Pulmonary edema, noncardiogenic (NCPE)                


                  II.b
                
II - Pulmonary edema - Acute lung injury - ARDS

                    II.b - ARDS - Acute lung injury                


                  X.u
                
X - Systemic/Distant conditions, syndromes and reactions

                    X.u - Multiple organ dysfunction/failure (MODS/MOF)",1615,Pneumotox_only,methylenedioxymethamphetamine
CC(=O)C=O,Methylglyoxal,"VI.b
                
VI - Pulmonary vasculopathies

                    VI.b - Pulmonary arterial hypertension",880,Pneumotox_only,methylglyoxal
CNC(C)C(=O)c1ccc2c(c1)OCO2,Methylone,"XI.r
                
XI - Miscellaneous

                    XI.r - Death following exposure or poisoning                


                  XII.f
                
XII - Cardiovascular involvement / toxicity

                    XII.f - Cardiomyopathy (acute, subacute, chronic)                


                  XV.bs
                
XV - Pathology

                    XV.bs - Path: Striated heart muscle damage",45789647,Pneumotox_only,methylone
CC1=C2CC(=O)C=CC2(C)C2C(O)CC3(C)C(CCC3(O)C(=O)CO)C2C1,Methylprednisolone,"IV.a
                
IV - Airway involvement

                    IV.a - Bronchospasm - Wheezing - Asthma                


                  IV.f
                
IV - Airway involvement

                    IV.f - Severe or catastrophic bronchospasm or asthma attack (can be fatal)                


                  VIII.a
                
VIII - Central-large-upper airway (incl. pharyngeal-nasal) involvement

                    VIII.a - Angioedema (may cause UAO, asphyxia and death)                


                  X.f
                
X - Systemic/Distant conditions, syndromes and reactions

                    X.f - Anaphylaxis-Anaphylactoid reaction (can be fatal)                


                  XII.m
                
XII - Cardiovascular involvement / toxicity

                    XII.m - Cardiac- cardiorespiratory/pulmonary arrest",6741,Both,methylprednisolone
CC(=O)Oc1c(C)cc(OCC(O)CNC(C)C)c(C)c1C,Metipranolol,"II.a
                
II - Pulmonary edema - Acute lung injury - ARDS

                    II.a - Pulmonary edema, noncardiogenic (NCPE)                


                  IV.a
                
IV - Airway involvement

                    IV.a - Bronchospasm - Wheezing - Asthma",31477,Both,metipranolol
CCN(CC)CCNC(=O)c1cc(Cl)c(N)cc1OC,Metoclopramide,"IV.a
                
IV - Airway involvement

                    IV.a - Bronchospasm - Wheezing - Asthma                


                  IV.f
                
IV - Airway involvement

                    IV.f - Severe or catastrophic bronchospasm or asthma attack (can be fatal)                


                  IX.b
                
IX - Neuromuscular / CNS involvement - Disordered breathing (during sleep)

                    IX.b - Respiratory dyskinesia                


                  XIV.a
                
XIV - Hemoglobinopathies - Abnormal hemoglobin states (acquired)

                    XIV.a - Methemoglobinemia                


                  XIV.b
                
XIV - Hemoglobinopathies - Abnormal hemoglobin states (acquired)

                    XIV.b - Sulfhemoglobinemia",4168,Both,metoclopramide
COCCc1ccc(OCC(O)CNC(C)C)cc1,Metoprolol,"II.f
                
II - Pulmonary edema - Acute lung injury - ARDS

                    II.f - Hypoxemia, low oxygen saturation (may occur in isolation)                


                  IV.a
                
IV - Airway involvement

                    IV.a - Bronchospasm - Wheezing - Asthma                


                  IV.f
                
IV - Airway involvement

                    IV.f - Severe or catastrophic bronchospasm or asthma attack (can be fatal)                


                  IV.o
                
IV - Airway involvement

                    IV.o - Airway hyperresponsiveness                


                  VIII.a
                
VIII - Central-large-upper airway (incl. pharyngeal-nasal) involvement

                    VIII.a - Angioedema (may cause UAO, asphyxia and death)                


                  X.d
                
X - Systemic/Distant conditions, syndromes and reactions

                    X.d - Lupus - Lupus syndrome (see also Vd)                


                  XII.a
                
XII - Cardiovascular involvement / toxicity

                    XII.a - Left or biventricular dysfunction/failure                


                  XII.m
                
XII - Cardiovascular involvement / toxicity

                    XII.m - Cardiac- cardiorespiratory/pulmonary arrest                


                  XII.n
                
XII - Cardiovascular involvement / toxicity

                    XII.n - Cardiovascular collapse - Cardiogenic shock - Hypotension",4171,Both,metoprolol
Cc1ncc([N+](=O)[O-])n1CCO,Metronidazole,"I.c
                
I - Interstitial/parenchymal lung disease

                    I.c - Eosinophilic pneumonia (pulmonary infiltrates and eosinophilia)                


                  III.a
                
III - Pulmonary/alveolar./airway hemorrhage/bleeding

                    III.a - Alveolar hemorrhage (AH), diffuse AH (DAH)",4173,Both,metronidazole
CC(C)(C(=O)c1cccnc1)c1cccnc1,Metyrapone,"I.y
                
I - Interstitial/parenchymal lung disease

                    I.y - Progression, acceleration or exacerbation of preexisting ILD/fibrosis",4174,Both,metyrapone
Cc1cccc(C)c1OCC(C)N,Mexiletine,"I.c
                
I - Interstitial/parenchymal lung disease

                    I.c - Eosinophilic pneumonia (pulmonary infiltrates and eosinophilia)                


                  I.g
                
I - Interstitial/parenchymal lung disease

                    I.g - Pulmonary fibrosis                


                  X.a
                
X - Systemic/Distant conditions, syndromes and reactions

                    X.a - DRES syndrome - DRESS-like reaction",4178,Both,mexiletine
CN1CCN2c3ccccc3Cc3ccccc3C2C1,Mianserin,"I.b
                
I - Interstitial/parenchymal lung disease

                    I.b - Pneumonitis (ILD)                


                  I.c
                
I - Interstitial/parenchymal lung disease

                    I.c - Eosinophilic pneumonia (pulmonary infiltrates and eosinophilia)                


                  I.g
                
I - Interstitial/parenchymal lung disease

                    I.g - Pulmonary fibrosis",4184,Both,mianserin
Clc1ccc(COC(Cn2ccnc2)c2ccc(Cl)cc2Cl)c(Cl)c1,Miconazole,"X.f
                
X - Systemic/Distant conditions, syndromes and reactions

                    X.f - Anaphylaxis-Anaphylactoid reaction (can be fatal)",4189,Both,miconazole
Cc1ncc2n1-c1ccc(Cl)cc1C(c1ccccc1F)=NC2,Midazolam,"IV.a
                
IV - Airway involvement

                    IV.a - Bronchospasm - Wheezing - Asthma                


                  VIII.z
                
VIII - Central-large-upper airway (incl. pharyngeal-nasal) involvement

                    VIII.z - An increased bite force                


                  IX.f
                
IX - Neuromuscular / CNS involvement - Disordered breathing (during sleep)

                    IX.f - Hiccup                


                  IX.g
                
IX - Neuromuscular / CNS involvement - Disordered breathing (during sleep)

                    IX.g - Hyperpnea - Hyperventilation - Low PaCO2                


                  X.f
                
X - Systemic/Distant conditions, syndromes and reactions

                    X.f - Anaphylaxis-Anaphylactoid reaction (can be fatal)                


                  XII.m
                
XII - Cardiovascular involvement / toxicity

                    XII.m - Cardiac- cardiorespiratory/pulmonary arrest",4192,Both,midazolam
COC1C(N(C)C(=O)c2ccccc2)CC2OC1(C)n1c3ccccc3c3c4c(c5c6ccccc6n2c5c31)C(=O)NC4,Midostaurin,"I.b
                
I - Interstitial/parenchymal lung disease

                    I.b - Pneumonitis (ILD)                


                  II.a
                
II - Pulmonary edema - Acute lung injury - ARDS

                    II.a - Pulmonary edema, noncardiogenic (NCPE)                


                  V.a
                
V - Pleural and/or pericardial involvement

                    V.a - Pleural effusion (uni- or bilateral) (can accompany DI-LDs)                


                  VI.b
                
VI - Pulmonary vasculopathies

                    VI.b - Pulmonary arterial hypertension                


                  XIX.a
                
XIX - Cytological, biochemical features of/in BAL, pleural fluid or FNA

                    XIX.a - BAL: An excess proportion of lymphocytes                


                  XIX.b
                
XIX - Cytological, biochemical features of/in BAL, pleural fluid or FNA

                    XIX.b - BAL: An excess proportion of neutrophils",9829523,Both,midostaurin
CCCCCCCCCCCCCCCCOP(=O)([O-])OCC[N+](C)(C)C,Miltefosine,"I.b
                
I - Interstitial/parenchymal lung disease

                    I.b - Pneumonitis (ILD)",3599,Both,miltefosine
CN(C)c1ccc(O)c2c1CC1CC3C(N(C)C)C(=O)C(C(N)=O)C(=O)C3(O)C(=O)C1C2=O,Minocycline,"I.a
                
I - Interstitial/parenchymal lung disease

                    I.a - Pneumonitis (ILD), acute and/or severe (may cause ARDS)                


                  I.b
                
I - Interstitial/parenchymal lung disease

                    I.b - Pneumonitis (ILD)                


                  I.c
                
I - Interstitial/parenchymal lung disease

                    I.c - Eosinophilic pneumonia (pulmonary infiltrates and eosinophilia)                


                  I.d
                
I - Interstitial/parenchymal lung disease

                    I.d - Organizing pneumonia pattern (an area or areas of consolidation on imaging)                


                  I.e
                
I - Interstitial/parenchymal lung disease

                    I.e - Acute eosinophilic pneumonia (AEP)                


                  I.k
                
I - Interstitial/parenchymal lung disease

                    I.k - Lung nodule or nodules                


                  I.l
                
I - Interstitial/parenchymal lung disease

                    I.l - Diffuse alveolar damage (DAD) (see alsoo under IIb and XVf)                


                  I.aj
                
I - Interstitial/parenchymal lung disease

                    I.aj - Shrinking lung syndrome                


                  II.a
                
II - Pulmonary edema - Acute lung injury - ARDS

                    II.a - Pulmonary edema, noncardiogenic (NCPE)                


                  II.b
                
II - Pulmonary edema - Acute lung injury - ARDS

                    II.b - ARDS - Acute lung injury                


                  IV.d
                
IV - Airway involvement

                    IV.d - Cough (lone)                


                  V.d
                
V - Pleural and/or pericardial involvement

                    V.d - Pleural/pericardial effusion, ANA positive (DI lupus)                


                  V.m
                
V - Pleural and/or pericardial involvement

                    V.m - Pleuropericarditis - Pleuropericardial effusion (ANA unknown or negative)                


                  VII.a
                
VII - Mediastinal involvement

                    VII.a - Lymphadenopathy (intrathoracic)                


                  X.a
                
X - Systemic/Distant conditions, syndromes and reactions

                    X.a - DRES syndrome - DRESS-like reaction                


                  X.b
                
X - Systemic/Distant conditions, syndromes and reactions

                    X.b - Antiphospholipid antibodies w/wo the APL syndrome                


                  X.d
                
X - Systemic/Distant conditions, syndromes and reactions

                    X.d - Lupus - Lupus syndrome (see also Vd)                


                  X.e
                
X - Systemic/Distant conditions, syndromes and reactions

                    X.e - Autoimmunity-Autoimmune conditions (+ANA, +anti-ds-DNA, +ANCAs, other auto-Abs)                


                  X.f
                
X - Systemic/Distant conditions, syndromes and reactions

                    X.f - Anaphylaxis-Anaphylactoid reaction (can be fatal)                


                  X.g
                
X - Systemic/Distant conditions, syndromes and reactions

                    X.g - Hypersensitivity reaction (may manifest with fever and/or skin, throat or airway involvement)                


                  X.m
                
X - Systemic/Distant conditions, syndromes and reactions

                    X.m - Vascultis (pulmonary, extrathoracic or systemic)-ANCA status unknown or negative)                


                  X.o
                
X - Systemic/Distant conditions, syndromes and reactions

                    X.o - Neutrophilic dermatosis (Pyoderma, Sweet syndrome)                


                  X.s
                
X - Systemic/Distant conditions, syndromes and reactions

                    X.s - Vasculitis, pulmonary (w/wo AH), extrapulmonary, systemic: ANCA-positive                


                  X.v
                
X - Systemic/Distant conditions, syndromes and reactions

                    X.v - Systemic eosinophilic syndrome w/wo vasculitis (see also Xa)                


                  X.aj
                
X - Systemic/Distant conditions, syndromes and reactions

                    X.aj - Polyarteritis nodosa-like condition                


                  XI.b
                
XI - Miscellaneous

                    XI.b - Chest pain (acute or subacute), lone or prominent                


                  XI.c
                
XI - Miscellaneous

                    XI.c - Pleuritic chest pain                


                  XII.c
                
XII - Cardiovascular involvement / toxicity

                    XII.c - Pericardial effusion (w/wo tamponade)                


                  XII.d
                
XII - Cardiovascular involvement / toxicity

                    XII.d - Myocarditis (can be fulminant)                


                  XII.as
                
XII - Cardiovascular involvement / toxicity

                    XII.as - Giant cell myocarditis                


                  XV.b
                
XV - Pathology

                    XV.b - Path: Eosinophilic pneumonia (subacute or acute)  (see also Ic)                


                  XV.d
                
XV - Pathology

                    XV.d - Path: Acute fibrinous organizing pneumonia (AFOP-pattern) (see also If)                


                  XV.ac
                
XV - Pathology

                    XV.ac - Path: Pulmonary vasculitis other than capillaritis                


                  XV.ad
                
XV - Pathology

                    XV.ad - Path: Eosinophilic vasculitis                


                  XV.af
                
XV - Pathology

                    XV.af - Path: Granulomatous pulmonary vasculitis                


                  XV.cj
                
XV - Pathology

                    XV.cj - Path: Brownish macrophages in airspaces (airways - alveoli)                


                  XVI.e
                
XVI - Imaging

                    XVI.e - Imaging: Pulmonary opacities with a subpleural distribution                


                  XVIII.y
                
XVIII - Distinctive patterns - 'Eye-catchers'

                    XVIII.y - Eye catcher: Pseudocyanosis                


                  XIX.b
                
XIX - Cytological, biochemical features of/in BAL, pleural fluid or FNA

                    XIX.b - BAL: An excess proportion of neutrophils                


                  XIX.c
                
XIX - Cytological, biochemical features of/in BAL, pleural fluid or FNA

                    XIX.c - BAL: An excess proportion of eosinophils",54675783,Both,minocycline
N=c1cc(N2CCCCC2)nc(N)n1O,Minoxidil,"I.b
                
I - Interstitial/parenchymal lung disease

                    I.b - Pneumonitis (ILD)                


                  V.a
                
V - Pleural and/or pericardial involvement

                    V.a - Pleural effusion (uni- or bilateral) (can accompany DI-LDs)                


                  V.m
                
V - Pleural and/or pericardial involvement

                    V.m - Pleuropericarditis - Pleuropericardial effusion (ANA unknown or negative)                


                  XII.c
                
XII - Cardiovascular involvement / toxicity

                    XII.c - Pericardial effusion (w/wo tamponade)",4201,Both,minoxidil
Nc1nc(CC(=O)Nc2ccc(CCNCC(O)c3ccccc3)cc2)cs1,Mirabegron,"IX.a
                
IX - Neuromuscular / CNS involvement - Disordered breathing (during sleep)

                    IX.a - Diaphragm/inspiratory muscle weakness/paralysis (w/wo ARF)",9865528,Both,mirabegron
CCCCC(C)(O)CC=CC1C(O)CC(=O)C1CCCCCCC(=O)OC,Misoprostol,"I.b
                
I - Interstitial/parenchymal lung disease

                    I.b - Pneumonitis (ILD)",5282381,Both,misoprostol
Clc1ccc(C(c2ccccc2Cl)C(Cl)Cl)cc1,Mitotane,"IX.h
                
IX - Neuromuscular / CNS involvement - Disordered breathing (during sleep)

                    IX.h - Dyspnea, unexplained otherwise",4211,Both,mitotane
O=C1C=CC(=O)c2c1c(O)c1c(NCCNCCO)ccc(NCCNCCO)c1c2O,Mitoxantrone,"I.b
                
I - Interstitial/parenchymal lung disease

                    I.b - Pneumonitis (ILD)                


                  IV.a
                
IV - Airway involvement

                    IV.a - Bronchospasm - Wheezing - Asthma                


                  X.a
                
X - Systemic/Distant conditions, syndromes and reactions

                    X.a - DRES syndrome - DRESS-like reaction                


                  XV.a
                
XV - Pathology

                    XV.a - Path: NSIP-cellular pattern (see also Ia, Ib)                


                  XV.i
                
XV - Pathology

                    XV.i - Path: Pneumocyte atypia (reactive epithelial cells) (a.k.a. the ""Napoleon Hat"" sign)",4212,Both,mitoxantrone
CCC1CN2CCc3c([nH]c4cccc(OC)c34)C2CC1C(=COC)C(=O)OC,Mitragynine,"II.a
                
II - Pulmonary edema - Acute lung injury - ARDS

                    II.a - Pulmonary edema, noncardiogenic (NCPE)",3034396,Pneumotox_only,mitragynine
CCCCCCCC(=O)OCC(O)CO,Monooctanoin,"II.a
                
II - Pulmonary edema - Acute lung injury - ARDS

                    II.a - Pulmonary edema, noncardiogenic (NCPE)                


                  VI.e
                
VI - Pulmonary vasculopathies

                    VI.e - Fat/oil embolism - The FES embolism syndrome                


                  XV.ae
                
XV - Pathology

                    XV.ae - Path: Lipid/fat embolism (see also VIe)",3033877,Pneumotox_only,monooctanoin
CC(C)(O)c1ccccc1CCC(SCC1(CC(=O)O)CC1)c1cccc(C=Cc2ccc3ccc(Cl)cc3n2)c1,Montelukast,"I.c
                
I - Interstitial/parenchymal lung disease

                    I.c - Eosinophilic pneumonia (pulmonary infiltrates and eosinophilia)                


                  III.a
                
III - Pulmonary/alveolar./airway hemorrhage/bleeding

                    III.a - Alveolar hemorrhage (AH), diffuse AH (DAH)                


                  VIII.a
                
VIII - Central-large-upper airway (incl. pharyngeal-nasal) involvement

                    VIII.a - Angioedema (may cause UAO, asphyxia and death)                


                  X.f
                
X - Systemic/Distant conditions, syndromes and reactions

                    X.f - Anaphylaxis-Anaphylactoid reaction (can be fatal)                


                  X.h
                
X - Systemic/Distant conditions, syndromes and reactions

                    X.h - Eosinophilic granulomatosis with polyangiitis (Churg-Strauss)                


                  X.ah
                
X - Systemic/Distant conditions, syndromes and reactions

                    X.ah - Granulomatosis with polyangiitis (typically ANCA pos.) - GPA flare",5281040,Both,montelukast
COC1(NC(=O)C(C(=O)O)c2ccc(O)cc2)C(=O)N2C(C(=O)O)=C(CSc3nnnn3C)COC21,Moxalactam,"III.a
                
III - Pulmonary/alveolar./airway hemorrhage/bleeding

                    III.a - Alveolar hemorrhage (AH), diffuse AH (DAH)                


                  X.f
                
X - Systemic/Distant conditions, syndromes and reactions

                    X.f - Anaphylaxis-Anaphylactoid reaction (can be fatal)",47499,Pneumotox_only,moxalactam
CON=C1CC2(CC3CC(CC=C(C)CC(C)C=CC=C4COC5C(O)C(C)=CC(C(=O)O3)C45O)O2)OC(C(C)=CC(C)C)C1C,Moxidectin,"XXIV.i
                
XXIV - Veterinary medicine

                    XXIV.i - Veterinary: Respiratory/Ventilatory depression",9832912,Pneumotox_only,moxidectin
COc1c(N2CC3CCCNC3C2)c(F)cc2c(=O)c(C(=O)O)cn(C3CC3)c12,Moxifloxacin,"X.f
                
X - Systemic/Distant conditions, syndromes and reactions

                    X.f - Anaphylaxis-Anaphylactoid reaction (can be fatal)",152946,Both,moxifloxacin
COc1c(C)c2c(c(O)c1CC=C(C)CCC(=O)OCCN1CCOCC1)C(=O)OC2,Mycophenolate mofetil,"I.b
                
I - Interstitial/parenchymal lung disease

                    I.b - Pneumonitis (ILD)                


                  I.g
                
I - Interstitial/parenchymal lung disease

                    I.g - Pulmonary fibrosis                


                  I.n
                
I - Interstitial/parenchymal lung disease

                    I.n - Pulmonary alveolar proteinosis (PAP)                


                  II.b
                
II - Pulmonary edema - Acute lung injury - ARDS

                    II.b - ARDS - Acute lung injury                


                  III.a
                
III - Pulmonary/alveolar./airway hemorrhage/bleeding

                    III.a - Alveolar hemorrhage (AH), diffuse AH (DAH)                


                  IV.d
                
IV - Airway involvement

                    IV.d - Cough (lone)                


                  IV.k
                
IV - Airway involvement

                    IV.k - Bronchiectasis                


                  XV.g
                
XV - Pathology

                    XV.g - Path: Alveolar hemorrhage (see also IIIa)                


                  XV.h
                
XV - Pathology

                    XV.h - Path: NSIP-fibrotic pattern                


                  XV.n
                
XV - Pathology

                    XV.n - Path: Pulmonary alveolar proteinosis pattern (PAP pattern)                


                  XV.ab
                
XV - Pathology

                    XV.ab - Path: Pulmonary capillaritis                


                  XVII.e
                
XVII - Infections & related conditions

                    XVII.e - Pneumocystis jiroveci pneumonia                


                  XVII.g
                
XVII - Infections & related conditions

                    XVII.g - Tuberculosis (pulmonary, pulmonary, extrapulmonary or disseminated). Reactivation or de novo",5281078,Both,mycophenolate mofetil
COc1ccc2cc(CCC(C)=O)ccc2c1,Nabumetone,"I.c
                
I - Interstitial/parenchymal lung disease

                    I.c - Eosinophilic pneumonia (pulmonary infiltrates and eosinophilia)                


                  I.g
                
I - Interstitial/parenchymal lung disease

                    I.g - Pulmonary fibrosis",4409,Both,nabumetone
CC(C)(C)NCC(O)COc1cccc2c1CC(O)C(O)C2,Nadolol,"I.b
                
I - Interstitial/parenchymal lung disease

                    I.b - Pneumonitis (ILD)                


                  IV.a
                
IV - Airway involvement

                    IV.a - Bronchospasm - Wheezing - Asthma",39147,Both,nadolol
c1ccc2c(CC3=NCCN3)cccc2c1,Nafazoline,"II.a
                
II - Pulmonary edema - Acute lung injury - ARDS

                    II.a - Pulmonary edema, noncardiogenic (NCPE)",4436,Pneumotox_only,nafazoline
CCOc1ccc2ccccc2c1C(=O)NC1C(=O)N2C1SC(C)(C)C2C(=O)O,Nafcillin,"I.c
                
I - Interstitial/parenchymal lung disease

                    I.c - Eosinophilic pneumonia (pulmonary infiltrates and eosinophilia)",8982,Both,nafcillin
CCN(CC)CCOC(=O)C(Cc1cccc2ccccc12)CC1CCCO1,Naftidrofuryl,"IV.b
                
IV - Airway involvement

                    IV.b - Bronchospasm and angioedema",4417,Pneumotox_only,naftidrofuryl
Oc1ccc2c3c1OC1C(O)CCC4(O)C(C2)N(CC2CCC2)CCC314,Nalbuphine,"II.a
                
II - Pulmonary edema - Acute lung injury - ARDS

                    II.a - Pulmonary edema, noncardiogenic (NCPE)",5311304,Both,nalbuphine
CCn1cc(C(=O)O)c(=O)c2ccc(C)nc21,Nalidixic acid,"I.b
                
I - Interstitial/parenchymal lung disease

                    I.b - Pneumonitis (ILD)                


                  X.d
                
X - Systemic/Distant conditions, syndromes and reactions

                    X.d - Lupus - Lupus syndrome (see also Vd)                


                  X.f
                
X - Systemic/Distant conditions, syndromes and reactions

                    X.f - Anaphylaxis-Anaphylactoid reaction (can be fatal)",4421,Both,nalidixic acid
C=C1CCC2(O)C3Cc4ccc(O)c5c4C2(CCN3CC2CC2)C1O5,Nalmefene,"II.a
                
II - Pulmonary edema - Acute lung injury - ARDS

                    II.a - Pulmonary edema, noncardiogenic (NCPE)                


                  IX.u
                
IX - Neuromuscular / CNS involvement - Disordered breathing (during sleep)

                    IX.u - Central sleep apnea",5284594,Both,nalmefene
C=CCN1CCC23c4c5ccc(O)c4OC2C(=O)CCC3(O)C1C5,Naloxone,"II.a
                
II - Pulmonary edema - Acute lung injury - ARDS

                    II.a - Pulmonary edema, noncardiogenic (NCPE)                


                  II.g
                
II - Pulmonary edema - Acute lung injury - ARDS

                    II.g - Negative pressure pulmonary edema (NPPE)                


                  II.u
                
II - Pulmonary edema - Acute lung injury - ARDS

                    II.u - Acute respiratory failure (e.g. from ARDS, ILD, PIE, OP, pulmonary edema or bronchospasm) requiring ECMO",5284596,Both,naloxone
O=C1CCC2(O)C3Cc4ccc(O)c5c4C2(CCN3CC2CC2)C1O5,Naltrexone,"I.c
                
I - Interstitial/parenchymal lung disease

                    I.c - Eosinophilic pneumonia (pulmonary infiltrates and eosinophilia)                


                  I.e
                
I - Interstitial/parenchymal lung disease

                    I.e - Acute eosinophilic pneumonia (AEP)                


                  XV.b
                
XV - Pathology

                    XV.b - Path: Eosinophilic pneumonia (subacute or acute)  (see also Ic)",5360515,Both,naltrexone
COc1ccc2cc(C(C)C(=O)O)ccc2c1,Naproxen,"I.c
                
I - Interstitial/parenchymal lung disease

                    I.c - Eosinophilic pneumonia (pulmonary infiltrates and eosinophilia)                


                  II.a
                
II - Pulmonary edema - Acute lung injury - ARDS

                    II.a - Pulmonary edema, noncardiogenic (NCPE)                


                  IV.a
                
IV - Airway involvement

                    IV.a - Bronchospasm - Wheezing - Asthma                


                  X.a
                
X - Systemic/Distant conditions, syndromes and reactions

                    X.a - DRES syndrome - DRESS-like reaction                


                  X.f
                
X - Systemic/Distant conditions, syndromes and reactions

                    X.f - Anaphylaxis-Anaphylactoid reaction (can be fatal)                


                  XIV.a
                
XIV - Hemoglobinopathies - Abnormal hemoglobin states (acquired)

                    XIV.a - Methemoglobinemia",156391,Both,naproxen
OC(CNCC(O)C1CCc2cc(F)ccc2O1)C1CCc2cc(F)ccc2O1,Nebivolol,"IV.a
                
IV - Airway involvement

                    IV.a - Bronchospasm - Wheezing - Asthma",71301,Both,nebivolol
CN(C)C(=O)Oc1cccc([N+](C)(C)C)c1,Neostigmine,"II.a
                
II - Pulmonary edema - Acute lung injury - ARDS

                    II.a - Pulmonary edema, noncardiogenic (NCPE)                


                  X.f
                
X - Systemic/Distant conditions, syndromes and reactions

                    X.f - Anaphylaxis-Anaphylactoid reaction (can be fatal)",4456,Both,neostigmine
Cc1ccnc2c1NC(=O)c1cccnc1N2C1CC1,Nevirapine,"V.a
                
V - Pleural and/or pericardial involvement

                    V.a - Pleural effusion (uni- or bilateral) (can accompany DI-LDs)                


                  X.a
                
X - Systemic/Distant conditions, syndromes and reactions

                    X.a - DRES syndrome - DRESS-like reaction",4463,Both,nevirapine
O=C(O)c1cccnc1,Niacin,"XII.n
                
XII - Cardiovascular involvement / toxicity

                    XII.n - Cardiovascular collapse - Cardiogenic shock - Hypotension",938,Both,niacin
COC(=O)C1=C(C)N=C(C)C(C(=O)OCCN(C)Cc2ccccc2)C1c1cccc([N+](=O)[O-])c1,Nicardipine,"II.a
                
II - Pulmonary edema - Acute lung injury - ARDS

                    II.a - Pulmonary edema, noncardiogenic (NCPE)",4474,Both,nicardipine
COC12CC(COC(=O)c3cncc(Br)c3)CN(C)C1Cc1cn(C)c3cccc2c13,Nicergoline,"V.c
                
V - Pleural and/or pericardial involvement

                    V.c - Pleural thickening - Fibrothorax",34040,Pneumotox_only,nicergoline
O=C(NCCO[N+](=O)[O-])c1cccnc1,Nicorandil,"XIV.a
                
XIV - Hemoglobinopathies - Abnormal hemoglobin states (acquired)

                    XIV.a - Methemoglobinemia",47528,Both,nicorandil
COC(=O)C1=C(C)N=C(C)C(C(=O)OC)C1c1ccccc1[N+](=O)[O-],Nifedipine,"II.a
                
II - Pulmonary edema - Acute lung injury - ARDS

                    II.a - Pulmonary edema, noncardiogenic (NCPE)                


                  XI.b
                
XI - Miscellaneous

                    XI.b - Chest pain (acute or subacute), lone or prominent                


                  XI.ab
                
XI - Miscellaneous

                    XI.ab - Gingival hypertrophy                


                  XII.n
                
XII - Cardiovascular involvement / toxicity

                    XII.n - Cardiovascular collapse - Cardiogenic shock - Hypotension                


                  XVI.d
                
XVI - Imaging

                    XVI.d - Imaging: Alveolar opacities or haze with a batwing or butterfly distribution",4485,Both,nifedipine
O=C(O)c1cccnc1Nc1cccc(C(F)(F)F)c1,Niflumic acid,"I.c
                
I - Interstitial/parenchymal lung disease

                    I.c - Eosinophilic pneumonia (pulmonary infiltrates and eosinophilia)",4488,Pneumotox_only,niflumic acid
Cc1cn(-c2cc(NC(=O)c3ccc(C)c(Nc4nccc(-c5cccnc5)n4)c3)cc(C(F)(F)F)c2)cn1,Nilotinib,"I.b
                
I - Interstitial/parenchymal lung disease

                    I.b - Pneumonitis (ILD)                


                  I.d
                
I - Interstitial/parenchymal lung disease

                    I.d - Organizing pneumonia pattern (an area or areas of consolidation on imaging)                


                  III.a
                
III - Pulmonary/alveolar./airway hemorrhage/bleeding

                    III.a - Alveolar hemorrhage (AH), diffuse AH (DAH)                


                  V.a
                
V - Pleural and/or pericardial involvement

                    V.a - Pleural effusion (uni- or bilateral) (can accompany DI-LDs)                


                  V.c
                
V - Pleural and/or pericardial involvement

                    V.c - Pleural thickening - Fibrothorax                


                  VI.b
                
VI - Pulmonary vasculopathies

                    VI.b - Pulmonary arterial hypertension                


                  VI.d
                
VI - Pulmonary vasculopathies

                    VI.d - Pulmonary vasculitis or capillaritis                


                  X.r
                
X - Systemic/Distant conditions, syndromes and reactions

                    X.r - Fluid retention                


                  XII.c
                
XII - Cardiovascular involvement / toxicity

                    XII.c - Pericardial effusion (w/wo tamponade)                


                  XII.k
                
XII - Cardiovascular involvement / toxicity

                    XII.k - Constrictive pericarditis - Pericardial thickening                


                  XII.o
                
XII - Cardiovascular involvement / toxicity

                    XII.o - Coronary artery disease (subacute, chronic)                


                  XII.ay
                
XII - Cardiovascular involvement / toxicity

                    XII.ay - Coronary (artery) vasculitis                


                  XV.ao
                
XV - Pathology

                    XV.ao - Path: Pleuritis, pleural fibrosis",644241,Both,nilotinib
CC1(C)NC(=O)N(c2ccc([N+](=O)[O-])c(C(F)(F)F)c2)C1=O,Nilutamide,"I.a
                
I - Interstitial/parenchymal lung disease

                    I.a - Pneumonitis (ILD), acute and/or severe (may cause ARDS)                


                  I.b
                
I - Interstitial/parenchymal lung disease

                    I.b - Pneumonitis (ILD)                


                  I.c
                
I - Interstitial/parenchymal lung disease

                    I.c - Eosinophilic pneumonia (pulmonary infiltrates and eosinophilia)                


                  I.d
                
I - Interstitial/parenchymal lung disease

                    I.d - Organizing pneumonia pattern (an area or areas of consolidation on imaging)                


                  XV.a
                
XV - Pathology

                    XV.a - Path: NSIP-cellular pattern (see also Ia, Ib)                


                  XV.c
                
XV - Pathology

                    XV.c - Path: Organizing pneumonia (OP/BOOP) pattern (see also Id)                


                  XV.k
                
XV - Pathology

                    XV.k - Path: Desquamative interstitial pneumonia (DIP-pattern)                


                  XIX.a
                
XIX - Cytological, biochemical features of/in BAL, pleural fluid or FNA

                    XIX.a - BAL: An excess proportion of lymphocytes                


                  XIX.b
                
XIX - Cytological, biochemical features of/in BAL, pleural fluid or FNA

                    XIX.b - BAL: An excess proportion of neutrophils                


                  XIX.c
                
XIX - Cytological, biochemical features of/in BAL, pleural fluid or FNA

                    XIX.c - BAL: An excess proportion of eosinophils",4493,Both,nilutamide
CS(=O)(=O)Nc1ccc([N+](=O)[O-])cc1Oc1ccccc1,Nimesulide,"I.c
                
I - Interstitial/parenchymal lung disease

                    I.c - Eosinophilic pneumonia (pulmonary infiltrates and eosinophilia)                


                  II.a
                
II - Pulmonary edema - Acute lung injury - ARDS

                    II.a - Pulmonary edema, noncardiogenic (NCPE)                


                  IV.a
                
IV - Airway involvement

                    IV.a - Bronchospasm - Wheezing - Asthma                


                  IV.c
                
IV - Airway involvement

                    IV.c - Obliterative bronchiolitis (a pattern consistent with) (see also IVn, XVx)                


                  X.f
                
X - Systemic/Distant conditions, syndromes and reactions

                    X.f - Anaphylaxis-Anaphylactoid reaction (can be fatal)",4495,Pneumotox_only,nimesulide
COCCOC(=O)C1=C(C)N=C(C)C(C(=O)OC(C)C)C1c1cccc([N+](=O)[O-])c1,Nimodipine,"II.f
                
II - Pulmonary edema - Acute lung injury - ARDS

                    II.f - Hypoxemia, low oxygen saturation (may occur in isolation)",4497,Both,nimodipine
COC(=O)c1ccc2c(C(=Nc3ccc(N(C)C(=O)CN4CCN(C)CC4)cc3)c3ccccc3)c(O)[nH]c2c1,Nintedanib,"I.y
                
I - Interstitial/parenchymal lung disease

                    I.y - Progression, acceleration or exacerbation of preexisting ILD/fibrosis                


                  VI.b
                
VI - Pulmonary vasculopathies

                    VI.b - Pulmonary arterial hypertension",135423438,Both,nintedanib
NC(=O)c1cccc2cn(-c3ccc(C4CCCNC4)cc3)nc12,Niraparib,"I.b
                
I - Interstitial/parenchymal lung disease

                    I.b - Pneumonitis (ILD)                


                  XVI.b
                
XVI - Imaging

                    XVI.b - Imaging: Ground-glass opacities (GGO) / shadowing",24958200,Both,niraparib
O=C1NCCN1c1ncc([N+](=O)[O-])s1,Niridazol,"I.c
                
I - Interstitial/parenchymal lung disease

                    I.c - Eosinophilic pneumonia (pulmonary infiltrates and eosinophilia)                


                  II.a
                
II - Pulmonary edema - Acute lung injury - ARDS

                    II.a - Pulmonary edema, noncardiogenic (NCPE)                


                  IV.a
                
IV - Airway involvement

                    IV.a - Bronchospasm - Wheezing - Asthma",6093,Pneumotox_only,niridazol
O=C1CN=C(c2ccccc2)c2cc([N+](=O)[O-])ccc2N1,Nitrazepam,"IV.a
                
IV - Airway involvement

                    IV.a - Bronchospasm - Wheezing - Asthma",4506,Both,nitrazepam
O=[N+]([O-])c1ccccc1,Nitrobenzene,"II.a
                
II - Pulmonary edema - Acute lung injury - ARDS

                    II.a - Pulmonary edema, noncardiogenic (NCPE)                


                  XIV.a
                
XIV - Hemoglobinopathies - Abnormal hemoglobin states (acquired)

                    XIV.a - Methemoglobinemia",7416,Pneumotox_only,nitrobenzene
O=[N+]([O-])OCC(CO[N+](=O)[O-])O[N+](=O)[O-],Nitroglycerin,"II.a
                
II - Pulmonary edema - Acute lung injury - ARDS

                    II.a - Pulmonary edema, noncardiogenic (NCPE)                


                  XIV.a
                
XIV - Hemoglobinopathies - Abnormal hemoglobin states (acquired)

                    XIV.a - Methemoglobinemia",4510,Both,nitroglycerin
CN1Cc2c(N)cccc2C(c2ccccc2)C1,Nomifensine,"I.b
                
I - Interstitial/parenchymal lung disease

                    I.b - Pneumonitis (ILD)                


                  I.c
                
I - Interstitial/parenchymal lung disease

                    I.c - Eosinophilic pneumonia (pulmonary infiltrates and eosinophilia)                


                  I.e
                
I - Interstitial/parenchymal lung disease

                    I.e - Acute eosinophilic pneumonia (AEP)                


                  V.a
                
V - Pleural and/or pericardial involvement

                    V.a - Pleural effusion (uni- or bilateral) (can accompany DI-LDs)                


                  X.d
                
X - Systemic/Distant conditions, syndromes and reactions

                    X.d - Lupus - Lupus syndrome (see also Vd)                


                  X.m
                
X - Systemic/Distant conditions, syndromes and reactions

                    X.m - Vascultis (pulmonary, extrathoracic or systemic)-ANCA status unknown or negative)",4528,Pneumotox_only,nomifensine
CNc1c(C)n(C)n(-c2ccccc2)c1=O,Noramidopyrine,"II.a
                
II - Pulmonary edema - Acute lung injury - ARDS

                    II.a - Pulmonary edema, noncardiogenic (NCPE)",10618,Pneumotox_only,noramidopyrine
CCCCOc1cc(C(=O)NCCN(CC)CC)c2ccccc2n1,Nupercaine,"II.b
                
II - Pulmonary edema - Acute lung injury - ARDS

                    II.b - ARDS - Acute lung injury",3025,Pneumotox_only,nupercaine
COC1=CC(c2cc3ccccc3[nH]2)=NC1=Cc1[nH]c(C)cc1C,Obatoclax,"II.f
                
II - Pulmonary edema - Acute lung injury - ARDS

                    II.f - Hypoxemia, low oxygen saturation (may occur in isolation)",11404337,Pneumotox_only,obatoclax
Cc1cc2c(s1)Nc1ccccc1N=C2N1CCN(C)CC1,Olanzapine,"I.b
                
I - Interstitial/parenchymal lung disease

                    I.b - Pneumonitis (ILD)                


                  III.a
                
III - Pulmonary/alveolar./airway hemorrhage/bleeding

                    III.a - Alveolar hemorrhage (AH), diffuse AH (DAH)                


                  V.b
                
V - Pleural and/or pericardial involvement

                    V.b - Eosinophilic pleural effusion                


                  V.m
                
V - Pleural and/or pericardial involvement

                    V.m - Pleuropericarditis - Pleuropericardial effusion (ANA unknown or negative)                


                  VI.a
                
VI - Pulmonary vasculopathies

                    VI.a - Pulmonary embolism - Venous thrombosis/thromboembolism                


                  IX.d
                
IX - Neuromuscular / CNS involvement - Disordered breathing (during sleep)

                    IX.d - Respiratory failure from ventilatory depression (due to neuromuscular blockade/paralysis)                


                  X.a
                
X - Systemic/Distant conditions, syndromes and reactions

                    X.a - DRES syndrome - DRESS-like reaction                


                  X.b
                
X - Systemic/Distant conditions, syndromes and reactions

                    X.b - Antiphospholipid antibodies w/wo the APL syndrome                


                  XIX.d
                
XIX - Cytological, biochemical features of/in BAL, pleural fluid or FNA

                    XIX.d - BAL: Gross or microscopic bleeding/hemorrhage",135398745,Both,olanzapine
O=C(c1cc(Cc2n[nH]c(=O)c3ccccc23)ccc1F)N1CCN(C(=O)C2CC2)CC1,Olaparib,"I.b
                
I - Interstitial/parenchymal lung disease

                    I.b - Pneumonitis (ILD)                


                  XV.a
                
XV - Pathology

                    XV.a - Path: NSIP-cellular pattern (see also Ia, Ib)",23725625,Both,olaparib
CCCc1nc(C(C)(C)O)c(C(=O)O)n1Cc1ccc(-c2ccccc2-c2nn[nH]n2)cc1,Olmesartan,"VIII.a
                
VIII - Central-large-upper airway (incl. pharyngeal-nasal) involvement

                    VIII.a - Angioedema (may cause UAO, asphyxia and death)                


                  VIII.q
                
VIII - Central-large-upper airway (incl. pharyngeal-nasal) involvement

                    VIII.q - Tongue involvement (edema, glossitis, hematoma)",158781,Both,olmesartan
O=C(O)c1cc(N=Nc2ccc(O)c(C(=O)O)c2)ccc1O,Olsalazine,"X.d
                
X - Systemic/Distant conditions, syndromes and reactions

                    X.d - Lupus - Lupus syndrome (see also Vd)",22419,Both,olsalazine
O=C(NC1CCSC2CCCC(C(=O)O)N2C1=O)C(S)Cc1ccccc1,Omapatrilat,"IV.d
                
IV - Airway involvement

                    IV.d - Cough (lone)                


                  VIII.a
                
VIII - Central-large-upper airway (incl. pharyngeal-nasal) involvement

                    VIII.a - Angioedema (may cause UAO, asphyxia and death)",656629,Pneumotox_only,omapatrilat
COC(=O)NC(C(=O)N1CCCC1C(=O)Nc1ccc(C2CCC(c3ccc(NC(=O)C4CCCN4C(=O)C(NC(=O)OC)C(C)C)cc3)N2c2ccc(C(C)(C)C)cc2)cc1)C(C)C,Ombitasvir,"I.b
                
I - Interstitial/parenchymal lung disease

                    I.b - Pneumonitis (ILD)",54767916,Pneumotox_only,ombitasvir
NCCCC(NC(=O)C1CCCN1C(=O)C1CSSCC(N)C(=O)NC(Cc2ccc(O)cc2)C(=O)NC(Cc2ccccc2)C(=O)NC(CCC(N)=O)C(=O)NC(CC(N)=O)C(=O)N1)C(=O)NCC(N)=O,Ornipressin,"II.a
                
II - Pulmonary edema - Acute lung injury - ARDS

                    II.a - Pulmonary edema, noncardiogenic (NCPE)",14257660,Pneumotox_only,ornipressin
C=CC(=O)Nc1cc(Nc2nccc(-c3cn(C)c4ccccc34)n2)c(OC)cc1N(C)CCN(C)C,Osimertinib,"I.a
                
I - Interstitial/parenchymal lung disease

                    I.a - Pneumonitis (ILD), acute and/or severe (may cause ARDS)                


                  I.b
                
I - Interstitial/parenchymal lung disease

                    I.b - Pneumonitis (ILD)                


                  I.c
                
I - Interstitial/parenchymal lung disease

                    I.c - Eosinophilic pneumonia (pulmonary infiltrates and eosinophilia)                


                  I.h
                
I - Interstitial/parenchymal lung disease

                    I.h - Subclinical pulmonary infiltrates/ILD                


                  I.ad
                
I - Interstitial/parenchymal lung disease

                    I.ad - Radiation recall pneumonitis                


                  I.av
                
I - Interstitial/parenchymal lung disease

                    I.av - Transient pulmonary opacities/infiltrates (TAPO) (see also under IIj)                


                  I.az
                
I - Interstitial/parenchymal lung disease

                    I.az - Pulmonary alveolar proteinosis flare/exacerbation                


                  III.a
                
III - Pulmonary/alveolar./airway hemorrhage/bleeding

                    III.a - Alveolar hemorrhage (AH), diffuse AH (DAH)                


                  XII.l
                
XII - Cardiovascular involvement / toxicity

                    XII.l - Cardiac arrhythmias or dysrhythmias (AF, VT, VF, TdP)                


                  XII.p
                
XII - Cardiovascular involvement / toxicity

                    XII.p - QTc prolongation                


                  XII.r
                
XII - Cardiovascular involvement / toxicity

                    XII.r - Heart failure (biventricular, congestive)                


                  XII.ai
                
XII - Cardiovascular involvement / toxicity

                    XII.ai - Cardiotoxicity                


                  XV.a
                
XV - Pathology

                    XV.a - Path: NSIP-cellular pattern (see also Ia, Ib)                


                  XV.b
                
XV - Pathology

                    XV.b - Path: Eosinophilic pneumonia (subacute or acute)  (see also Ic)                


                  XIX.a
                
XIX - Cytological, biochemical features of/in BAL, pleural fluid or FNA

                    XIX.a - BAL: An excess proportion of lymphocytes                


                  XIX.c
                
XIX - Cytological, biochemical features of/in BAL, pleural fluid or FNA

                    XIX.c - BAL: An excess proportion of eosinophils                


                  XXI.e
                
XXI - Rechallenge data

                    XXI.e - Rechallenge may not necessarily lead to relapse of AE/ILD",71496458,Both,osimertinib
[NH-]C1CCCCC1[NH-].[Pt+2],Oxaliplatin,"I.a
                
I - Interstitial/parenchymal lung disease

                    I.a - Pneumonitis (ILD), acute and/or severe (may cause ARDS)                


                  I.b
                
I - Interstitial/parenchymal lung disease

                    I.b - Pneumonitis (ILD)                


                  X.f
                
X - Systemic/Distant conditions, syndromes and reactions

                    X.f - Anaphylaxis-Anaphylactoid reaction (can be fatal)                


                  X.g
                
X - Systemic/Distant conditions, syndromes and reactions

                    X.g - Hypersensitivity reaction (may manifest with fever and/or skin, throat or airway involvement)",9887053,Both,oxaliplatin
O=C(O)CCc1nc(-c2ccccc2)c(-c2ccccc2)o1,Oxaprozin,"IV.f
                
IV - Airway involvement

                    IV.f - Severe or catastrophic bronchospasm or asthma attack (can be fatal)",4614,Both,oxaprozin
CN(C)CCC=C1c2ccccc2OCc2c1oc1ccccc21,Oxetorone,"XI.ba
                
XI - Miscellaneous

                    XI.ba - Nonrespiratory AE of interest                


                  XII.l
                
XII - Cardiovascular involvement / toxicity

                    XII.l - Cardiac arrhythmias or dysrhythmias (AF, VT, VF, TdP)                


                  XII.n
                
XII - Cardiovascular involvement / toxicity

                    XII.n - Cardiovascular collapse - Cardiogenic shock - Hypotension                


                  XII.p
                
XII - Cardiovascular involvement / toxicity

                    XII.p - QTc prolongation                


                  XII.s
                
XII - Cardiovascular involvement / toxicity

                    XII.s - Heart block (bundle branch- or AV-)",36846,Pneumotox_only,oxetorone
C=CCOc1ccccc1OCC(O)CNC(C)C,Oxprenolol,"II.a
                
II - Pulmonary edema - Acute lung injury - ARDS

                    II.a - Pulmonary edema, noncardiogenic (NCPE)                


                  IV.a
                
IV - Airway involvement

                    IV.a - Bronchospasm - Wheezing - Asthma                


                  IV.f
                
IV - Airway involvement

                    IV.f - Severe or catastrophic bronchospasm or asthma attack (can be fatal)                


                  V.c
                
V - Pleural and/or pericardial involvement

                    V.c - Pleural thickening - Fibrothorax                


                  XII.m
                
XII - Cardiovascular involvement / toxicity

                    XII.m - Cardiac- cardiorespiratory/pulmonary arrest",4631,Both,oxprenolol
COc1ccc2c3c1OC1C(=O)CCC4(O)C(C2)N(C)CCC314,Oxycodone,"II.a
                
II - Pulmonary edema - Acute lung injury - ARDS

                    II.a - Pulmonary edema, noncardiogenic (NCPE)                


                  VIII.i
                
VIII - Central-large-upper airway (incl. pharyngeal-nasal) involvement

                    VIII.i - Midline destructive lesions                


                  IX.d
                
IX - Neuromuscular / CNS involvement - Disordered breathing (during sleep)

                    IX.d - Respiratory failure from ventilatory depression (due to neuromuscular blockade/paralysis)                


                  XI.r
                
XI - Miscellaneous

                    XI.r - Death following exposure or poisoning                


                  XII.e
                
XII - Cardiovascular involvement / toxicity

                    XII.e - Takotsubo (stress) cardiomyopathy",5284603,Both,oxycodone
Cc1cc(C(C)(C)C)c(O)c(C)c1CC1=NCCN1,Oxymetazoline,"II.a
                
II - Pulmonary edema - Acute lung injury - ARDS

                    II.a - Pulmonary edema, noncardiogenic (NCPE)                


                  II.d
                
II - Pulmonary edema - Acute lung injury - ARDS

                    II.d - Pulmonary edema, cardiogenic                


                  II.i
                
II - Pulmonary edema - Acute lung injury - ARDS

                    II.i - Flash (fulminate) pulmonary edema                


                  XII.ag
                
XII - Cardiovascular involvement / toxicity

                    XII.ag - Bradycardia",4636,Both,oxymetazoline
CN1CCC23c4c5ccc(O)c4OC2C(=O)CCC3(O)C1C5,Oxymorphone,"X.af
                
X - Systemic/Distant conditions, syndromes and reactions

                    X.af - Thrombotic microangiopathy",5284604,Both,oxymorphone
CCCCc1c(O)n(-c2ccc(O)cc2)n(-c2ccccc2)c1=O,Oxyphenbutazone,"I.b
                
I - Interstitial/parenchymal lung disease

                    I.b - Pneumonitis (ILD)                


                  III.a
                
III - Pulmonary/alveolar./airway hemorrhage/bleeding

                    III.a - Alveolar hemorrhage (AH), diffuse AH (DAH)",4641,Both,oxyphenbutazone
CCC(C)C1NC(=O)C(Cc2ccc(O)cc2)NC(=O)C(N)CSSCC(C(=O)N2CCCC2C(=O)NC(CC(C)C)C(=O)NCC(N)=O)NC(=O)C(CC(N)=O)NC(=O)C(CCC(N)=O)NC1=O,Oxytocin,"II.a
                
II - Pulmonary edema - Acute lung injury - ARDS

                    II.a - Pulmonary edema, noncardiogenic (NCPE)                


                  IV.a
                
IV - Airway involvement

                    IV.a - Bronchospasm - Wheezing - Asthma                


                  IV.b
                
IV - Airway involvement

                    IV.b - Bronchospasm and angioedema                


                  VIII.a
                
VIII - Central-large-upper airway (incl. pharyngeal-nasal) involvement

                    VIII.a - Angioedema (may cause UAO, asphyxia and death)                


                  X.f
                
X - Systemic/Distant conditions, syndromes and reactions

                    X.f - Anaphylaxis-Anaphylactoid reaction (can be fatal)                


                  XII.a
                
XII - Cardiovascular involvement / toxicity

                    XII.a - Left or biventricular dysfunction/failure",439302,Both,oxytocin
CC(=O)c1c(C)c2cnc(Nc3ccc(N4CCNCC4)cn3)nc2n(C2CCCC2)c1=O,Palbociclib,"I.a
                
I - Interstitial/parenchymal lung disease

                    I.a - Pneumonitis (ILD), acute and/or severe (may cause ARDS)                


                  II.b
                
II - Pulmonary edema - Acute lung injury - ARDS

                    II.b - ARDS - Acute lung injury",5330286,Both,palbociclib
Cc1nc2n(c(=O)c1CCN1CCC(c3noc4cc(F)ccc34)CC1)CCCC2O,Paliperidone,"VI.a
                
VI - Pulmonary vasculopathies

                    VI.a - Pulmonary embolism - Venous thrombosis/thromboembolism",115237,Both,paliperidone
O=C([O-])C1C2CCC(O2)C1C(=O)[O-],Pancrelipase,"IV.a
                
IV - Airway involvement

                    IV.a - Bronchospasm - Wheezing - Asthma                


                  X.g
                
X - Systemic/Distant conditions, syndromes and reactions

                    X.g - Hypersensitivity reaction (may manifest with fever and/or skin, throat or airway involvement)",8519,Both,pancrelipase
Cc1[nH]c2ccccc2c1CCNCc1ccc(C=CC(O)=NO)cc1,Panobinostat,"I.b
                
I - Interstitial/parenchymal lung disease

                    I.b - Pneumonitis (ILD)",6918837,Pneumotox_only,panobinostat
Clc1ccc(Cl)cc1,Para-dichlorobenzene,"XIV.a
                
XIV - Hemoglobinopathies - Abnormal hemoglobin states (acquired)

                    XIV.a - Methemoglobinemia",4685,Pneumotox_only,para-dichlorobenzene
CC1OC(C)OC(C)O1,Paraldehyde,"II.a
                
II - Pulmonary edema - Acute lung injury - ARDS

                    II.a - Pulmonary edema, noncardiogenic (NCPE)",31264,Pneumotox_only,paraldehyde
CNC(C)Cc1ccc(OC)cc1,Paramethoxymethamphetamine,"II.a
                
II - Pulmonary edema - Acute lung injury - ARDS

                    II.a - Pulmonary edema, noncardiogenic (NCPE)                


                  XI.r
                
XI - Miscellaneous

                    XI.r - Death following exposure or poisoning",90766,Pneumotox_only,paramethoxymethamphetamine
C[n+]1ccc(-c2cc[n+](C)cc2)cc1,Paraquat,"I.a
                
I - Interstitial/parenchymal lung disease

                    I.a - Pneumonitis (ILD), acute and/or severe (may cause ARDS)                


                  I.b
                
I - Interstitial/parenchymal lung disease

                    I.b - Pneumonitis (ILD)                


                  I.d
                
I - Interstitial/parenchymal lung disease

                    I.d - Organizing pneumonia pattern (an area or areas of consolidation on imaging)                


                  I.g
                
I - Interstitial/parenchymal lung disease

                    I.g - Pulmonary fibrosis                


                  I.l
                
I - Interstitial/parenchymal lung disease

                    I.l - Diffuse alveolar damage (DAD) (see alsoo under IIb and XVf)                


                  I.w
                
I - Interstitial/parenchymal lung disease

                    I.w - Rapidly progressive ILD/pulmonary fibrosis (Hamman-Rich syndrome)                


                  I.ba
                
I - Interstitial/parenchymal lung disease

                    I.ba - Irreversible respiratory damage requiring lung Tx                


                  II.b
                
II - Pulmonary edema - Acute lung injury - ARDS

                    II.b - ARDS - Acute lung injury                


                  II.c
                
II - Pulmonary edema - Acute lung injury - ARDS

                    II.c - ARDS and the hemolytic-uremic syndrome (HUS)                


                  III.a
                
III - Pulmonary/alveolar./airway hemorrhage/bleeding

                    III.a - Alveolar hemorrhage (AH), diffuse AH (DAH)                


                  IV.k
                
IV - Airway involvement

                    IV.k - Bronchiectasis                


                  V.f
                
V - Pleural and/or pericardial involvement

                    V.f - Pneumothorax                


                  X.u
                
X - Systemic/Distant conditions, syndromes and reactions

                    X.u - Multiple organ dysfunction/failure (MODS/MOF)                


                  XI.h
                
XI - Miscellaneous

                    XI.h - Esophageal pathology (erosion, ulcer, tear, rupture, fistula)                


                  XI.n
                
XI - Miscellaneous

                    XI.n - Neutropenia, agranulocytosis (w/wo infection/sepsis)                


                  XI.r
                
XI - Miscellaneous

                    XI.r - Death following exposure or poisoning                


                  XV.a
                
XV - Pathology

                    XV.a - Path: NSIP-cellular pattern (see also Ia, Ib)                


                  XV.h
                
XV - Pathology

                    XV.h - Path: NSIP-fibrotic pattern                


                  XVI.k
                
XVI - Imaging

                    XVI.k - Imaging: An area or areas of consolidation                


                  XVI.n
                
XVI - Imaging

                    XVI.n - Imaging: Intralobular septal thickening - Crazy paving                


                  XVI.q
                
XVI - Imaging

                    XVI.q - Imaging: A pattern similar/consistent to/with IPF                


                  XXIV.n
                
XXIV - Veterinary medicine

                    XXIV.n - Veterinary: Acute Respiratory Distress Syndrome (ARDS)",15939,Pneumotox_only,paraquat
CCOP(=S)(OCC)Oc1ccc([N+](=O)[O-])cc1,Parathion,"I.w
                
I - Interstitial/parenchymal lung disease

                    I.w - Rapidly progressive ILD/pulmonary fibrosis (Hamman-Rich syndrome)",991,Pneumotox_only,parathion
Cc1cnc(C(=O)NC2CCCCCC=CC3CC3(C(=O)NS(=O)(=O)C3CC3)NC(=O)C3CC(Oc4nc5ccccc5c5ccccc45)CN3C2=O)cn1,Paritaprevir,"I.b
                
I - Interstitial/parenchymal lung disease

                    I.b - Pneumonitis (ILD)",45110509,Pneumotox_only,paritaprevir
Fc1ccc(C2CCNCC2COc2ccc3c(c2)OCO3)cc1,Paroxetine,"I.l
                
I - Interstitial/parenchymal lung disease

                    I.l - Diffuse alveolar damage (DAD) (see alsoo under IIb and XVf)                


                  II.b
                
II - Pulmonary edema - Acute lung injury - ARDS

                    II.b - ARDS - Acute lung injury                


                  IV.d
                
IV - Airway involvement

                    IV.d - Cough (lone)                


                  VI.a
                
VI - Pulmonary vasculopathies

                    VI.a - Pulmonary embolism - Venous thrombosis/thromboembolism                


                  VIII.a
                
VIII - Central-large-upper airway (incl. pharyngeal-nasal) involvement

                    VIII.a - Angioedema (may cause UAO, asphyxia and death)                


                  XII.f
                
XII - Cardiovascular involvement / toxicity

                    XII.f - Cardiomyopathy (acute, subacute, chronic)                


                  XV.f
                
XV - Pathology

                    XV.f - Path: Diffuse alveolar damage (DAD-pattern) (see also IL)",43815,Both,paroxetine
CCN(CC)c1ccc(C(=C2C=CC(=[N+](CC)CC)C=C2)c2cc(O)c(S(=O)(=O)O)cc2S(=O)(=O)O)cc1,Patent blue,"X.f
                
X - Systemic/Distant conditions, syndromes and reactions

                    X.f - Anaphylaxis-Anaphylactoid reaction (can be fatal)",77074,Pneumotox_only,patent blue
Cc1ccc(Nc2nccc(N(C)c3ccc4c(C)n(C)nc4c3)n2)cc1S(N)(=O)=O,Pazopanib,"I.b
                
I - Interstitial/parenchymal lung disease

                    I.b - Pneumonitis (ILD)                


                  I.d
                
I - Interstitial/parenchymal lung disease

                    I.d - Organizing pneumonia pattern (an area or areas of consolidation on imaging)                


                  II.d
                
II - Pulmonary edema - Acute lung injury - ARDS

                    II.d - Pulmonary edema, cardiogenic                


                  V.f
                
V - Pleural and/or pericardial involvement

                    V.f - Pneumothorax                


                  V.ab
                
V - Pleural and/or pericardial involvement

                    V.ab - Pneumothorax, bilateral                


                  VII.h
                
VII - Mediastinal involvement

                    VII.h - Pneumomediastinum                


                  XI.w
                
XI - Miscellaneous

                    XI.w - Cavitation/necrosis of lung tumor or metastases                


                  XII.a
                
XII - Cardiovascular involvement / toxicity

                    XII.a - Left or biventricular dysfunction/failure                


                  XII.f
                
XII - Cardiovascular involvement / toxicity

                    XII.f - Cardiomyopathy (acute, subacute, chronic)                


                  XV.c
                
XV - Pathology

                    XV.c - Path: Organizing pneumonia (OP/BOOP) pattern (see also Id)",10113978,Both,pazopanib
COCCOC(=O)NCC(=O)NC1C(O)CC(OCC2OC(OC(C)C(N)C(=O)O)C(NC(C)=O)C(O)C2O)(C(=O)O)OC1C(O)C(O)CO,Pegfilgrastim,"I.b
                
I - Interstitial/parenchymal lung disease

                    I.b - Pneumonitis (ILD)",70683024,Both,pegfilgrastim
Nc1nc(=O)c2c(CCc3ccc(C(=O)NC(CCC(=O)O)C(=O)O)cc3)c[nH]c2[nH]1,Pemetrexed,"I.a
                
I - Interstitial/parenchymal lung disease

                    I.a - Pneumonitis (ILD), acute and/or severe (may cause ARDS)                


                  I.b
                
I - Interstitial/parenchymal lung disease

                    I.b - Pneumonitis (ILD)                


                  I.d
                
I - Interstitial/parenchymal lung disease

                    I.d - Organizing pneumonia pattern (an area or areas of consolidation on imaging)                


                  I.l
                
I - Interstitial/parenchymal lung disease

                    I.l - Diffuse alveolar damage (DAD) (see alsoo under IIb and XVf)                


                  I.m
                
I - Interstitial/parenchymal lung disease

                    I.m - ILD with a granulomatous component                


                  I.w
                
I - Interstitial/parenchymal lung disease

                    I.w - Rapidly progressive ILD/pulmonary fibrosis (Hamman-Rich syndrome)                


                  I.y
                
I - Interstitial/parenchymal lung disease

                    I.y - Progression, acceleration or exacerbation of preexisting ILD/fibrosis                


                  II.b
                
II - Pulmonary edema - Acute lung injury - ARDS

                    II.b - ARDS - Acute lung injury                


                  III.a
                
III - Pulmonary/alveolar./airway hemorrhage/bleeding

                    III.a - Alveolar hemorrhage (AH), diffuse AH (DAH)                


                  V.i
                
V - Pleural and/or pericardial involvement

                    V.i - Pleuritis (can cause chest pain)                


                  X.c
                
X - Systemic/Distant conditions, syndromes and reactions

                    X.c - Capillary leak syndrome (CLS)                


                  X.f
                
X - Systemic/Distant conditions, syndromes and reactions

                    X.f - Anaphylaxis-Anaphylactoid reaction (can be fatal)                


                  X.af
                
X - Systemic/Distant conditions, syndromes and reactions

                    X.af - Thrombotic microangiopathy                


                  XII.g
                
XII - Cardiovascular involvement / toxicity

                    XII.g - Coronary artery disease (acute) - Myocardial ischemia/infarction                


                  XV.a
                
XV - Pathology

                    XV.a - Path: NSIP-cellular pattern (see also Ia, Ib)                


                  XV.c
                
XV - Pathology

                    XV.c - Path: Organizing pneumonia (OP/BOOP) pattern (see also Id)                


                  XV.e
                
XV - Pathology

                    XV.e - Path: ILD with a granulomatous component (see also Im)                


                  XV.g
                
XV - Pathology

                    XV.g - Path: Alveolar hemorrhage (see also IIIa)                


                  XV.w
                
XV - Pathology

                    XV.w - Path: Pulmonary edema (see also II/IIa)                


                  XVI.b
                
XVI - Imaging

                    XVI.b - Imaging: Ground-glass opacities (GGO) / shadowing                


                  XVII.e
                
XVII - Infections & related conditions

                    XVII.e - Pneumocystis jiroveci pneumonia                


                  XIX.a
                
XIX - Cytological, biochemical features of/in BAL, pleural fluid or FNA

                    XIX.a - BAL: An excess proportion of lymphocytes",135410875,Both,pemetrexed
CC(C)(S)C(N)C(=O)O,Penicillamine,"I.a
                
I - Interstitial/parenchymal lung disease

                    I.a - Pneumonitis (ILD), acute and/or severe (may cause ARDS)                


                  I.b
                
I - Interstitial/parenchymal lung disease

                    I.b - Pneumonitis (ILD)                


                  I.c
                
I - Interstitial/parenchymal lung disease

                    I.c - Eosinophilic pneumonia (pulmonary infiltrates and eosinophilia)                


                  I.d
                
I - Interstitial/parenchymal lung disease

                    I.d - Organizing pneumonia pattern (an area or areas of consolidation on imaging)                


                  I.w
                
I - Interstitial/parenchymal lung disease

                    I.w - Rapidly progressive ILD/pulmonary fibrosis (Hamman-Rich syndrome)                


                  II.b
                
II - Pulmonary edema - Acute lung injury - ARDS

                    II.b - ARDS - Acute lung injury                


                  III.a
                
III - Pulmonary/alveolar./airway hemorrhage/bleeding

                    III.a - Alveolar hemorrhage (AH), diffuse AH (DAH)                


                  III.b
                
III - Pulmonary/alveolar./airway hemorrhage/bleeding

                    III.b - Pneumorenal syndrome (w/wo ANCAs)                


                  III.d
                
III - Pulmonary/alveolar./airway hemorrhage/bleeding

                    III.d - Alveolar hemorrhage, diffuse (ANCA-positive/-related)                


                  IV.a
                
IV - Airway involvement

                    IV.a - Bronchospasm - Wheezing - Asthma                


                  IV.c
                
IV - Airway involvement

                    IV.c - Obliterative bronchiolitis (a pattern consistent with) (see also IVn, XVx)                


                  IV.n
                
IV - Airway involvement

                    IV.n - Obstructive airway dysfunction (see also IVc, XVx)                


                  V.a
                
V - Pleural and/or pericardial involvement

                    V.a - Pleural effusion (uni- or bilateral) (can accompany DI-LDs)                


                  IX.a
                
IX - Neuromuscular / CNS involvement - Disordered breathing (during sleep)

                    IX.a - Diaphragm/inspiratory muscle weakness/paralysis (w/wo ARF)                


                  IX.r
                
IX - Neuromuscular / CNS involvement - Disordered breathing (during sleep)

                    IX.r - Myasthenia gravis - Myasthenic-like syndrome                


                  X.d
                
X - Systemic/Distant conditions, syndromes and reactions

                    X.d - Lupus - Lupus syndrome (see also Vd)                


                  X.e
                
X - Systemic/Distant conditions, syndromes and reactions

                    X.e - Autoimmunity-Autoimmune conditions (+ANA, +anti-ds-DNA, +ANCAs, other auto-Abs)                


                  X.j
                
X - Systemic/Distant conditions, syndromes and reactions

                    X.j - Myopathy-Myositis-Polymyositis (see also under Xba)                


                  X.s
                
X - Systemic/Distant conditions, syndromes and reactions

                    X.s - Vasculitis, pulmonary (w/wo AH), extrapulmonary, systemic: ANCA-positive                


                  X.ac
                
X - Systemic/Distant conditions, syndromes and reactions

                    X.ac - Anti-GBM antibody disease (Goodpasture-like or flare of preexisting GS)                


                  XI.t
                
XI - Miscellaneous

                    XI.t - Yellow nail syndrome                


                  XV.z
                
XV - Pathology

                    XV.z - Path: Obliterative (constrictive) bronchiolitis (see also IVc, IVn)                


                  XVII.w
                
XVII - Infections & related conditions

                    XVII.w - Hypogammaglobulinemia - Antibody deficiency",5852,Both,penicillamine
N=C(N)c1ccc(OCCCCCOc2ccc(C(=N)N)cc2)cc1,Pentamidine,"I.c
                
I - Interstitial/parenchymal lung disease

                    I.c - Eosinophilic pneumonia (pulmonary infiltrates and eosinophilia)                


                  IV.a
                
IV - Airway involvement

                    IV.a - Bronchospasm - Wheezing - Asthma                


                  V.f
                
V - Pleural and/or pericardial involvement

                    V.f - Pneumothorax                


                  X.t
                
X - Systemic/Distant conditions, syndromes and reactions

                    X.t - Jarisch-Herxheimer reaction                


                  XII.f
                
XII - Cardiovascular involvement / toxicity

                    XII.f - Cardiomyopathy (acute, subacute, chronic)                


                  XII.l
                
XII - Cardiovascular involvement / toxicity

                    XII.l - Cardiac arrhythmias or dysrhythmias (AF, VT, VF, TdP)",4735,Both,pentamidine
CCCC(C)C1(CC)C(=O)NC(=O)NC1=O,Pentobarbital,"II.a
                
II - Pulmonary edema - Acute lung injury - ARDS

                    II.a - Pulmonary edema, noncardiogenic (NCPE)                


                  IX.d
                
IX - Neuromuscular / CNS involvement - Disordered breathing (during sleep)

                    IX.d - Respiratory failure from ventilatory depression (due to neuromuscular blockade/paralysis)                


                  IX.i
                
IX - Neuromuscular / CNS involvement - Disordered breathing (during sleep)

                    IX.i - Respiratory arrest - Apnea",4737,Both,pentobarbital
N#Cc1ccccc1-c1cc(-c2ccccn2)cn(-c2ccccc2)c1=O,Perampanel,"XII.n
                
XII - Cardiovascular involvement / toxicity

                    XII.n - Cardiovascular collapse - Cardiogenic shock - Hypotension                


                  XII.ag
                
XII - Cardiovascular involvement / toxicity

                    XII.ag - Bradycardia",9924495,Both,perampanel
CCCN1CC(CSC)CC2c3cccc4[nH]cc(c34)CC21,Pergolide,"I.g
                
I - Interstitial/parenchymal lung disease

                    I.g - Pulmonary fibrosis                


                  V.a
                
V - Pleural and/or pericardial involvement

                    V.a - Pleural effusion (uni- or bilateral) (can accompany DI-LDs)                


                  V.c
                
V - Pleural and/or pericardial involvement

                    V.c - Pleural thickening - Fibrothorax                


                  V.m
                
V - Pleural and/or pericardial involvement

                    V.m - Pleuropericarditis - Pleuropericardial effusion (ANA unknown or negative)                


                  VI.b
                
VI - Pulmonary vasculopathies

                    VI.b - Pulmonary arterial hypertension                


                  XII.b
                
XII - Cardiovascular involvement / toxicity

                    XII.b - Valvular heart disease and/or dysfunction                


                  XII.k
                
XII - Cardiovascular involvement / toxicity

                    XII.k - Constrictive pericarditis - Pericardial thickening",47811,Both,pergolide
C1CCC(C(CC2CCCCN2)C2CCCCC2)CC1,Perhexiline,"XVI.ap
                
XVI - Imaging

                    XVI.ap - Imaging: Pleural thickening w/wo rounded atelectasis",4746,Pneumotox_only,perhexiline
CCCC(NC(C)C(=O)N1C(C(=O)O)CC2CCCCC21)C(=O)OCC,Perindopril,"I.b
                
I - Interstitial/parenchymal lung disease

                    I.b - Pneumonitis (ILD)                


                  I.c
                
I - Interstitial/parenchymal lung disease

                    I.c - Eosinophilic pneumonia (pulmonary infiltrates and eosinophilia)                


                  I.m
                
I - Interstitial/parenchymal lung disease

                    I.m - ILD with a granulomatous component                


                  IV.d
                
IV - Airway involvement

                    IV.d - Cough (lone)                


                  V.b
                
V - Pleural and/or pericardial involvement

                    V.b - Eosinophilic pleural effusion                


                  VIII.a
                
VIII - Central-large-upper airway (incl. pharyngeal-nasal) involvement

                    VIII.a - Angioedema (may cause UAO, asphyxia and death)                


                  VIII.q
                
VIII - Central-large-upper airway (incl. pharyngeal-nasal) involvement

                    VIII.q - Tongue involvement (edema, glossitis, hematoma)                


                  XV.e
                
XV - Pathology

                    XV.e - Path: ILD with a granulomatous component (see also Im)",107807,Both,perindopril
CC1(C)C(C=C(Cl)Cl)C1C(=O)OCc1cccc(Oc2ccccc2)c1,Permethrin,"XI.d
                
XI - Miscellaneous

                    XI.d - Metabolic acidosis (incl. lactic acidosis/-gap). May cause hyperpnea/dyspnea",40326,Pneumotox_only,permethrin
CCOc1ccc(NC(C)=O)cc1,Phenacetin,"XIV.a
                
XIV - Hemoglobinopathies - Abnormal hemoglobin states (acquired)

                    XIV.a - Methemoglobinemia                


                  XIV.b
                
XIV - Hemoglobinopathies - Abnormal hemoglobin states (acquired)

                    XIV.b - Sulfhemoglobinemia",4754,Pneumotox_only,phenacetin
Nc1ccc(N=Nc2ccccc2)c(N)n1,Phenazopyridine,"XIV.a
                
XIV - Hemoglobinopathies - Abnormal hemoglobin states (acquired)

                    XIV.a - Methemoglobinemia                


                  XIV.b
                
XIV - Hemoglobinopathies - Abnormal hemoglobin states (acquired)

                    XIV.b - Sulfhemoglobinemia",4756,Pneumotox_only,phenazopyridine
c1ccc(C2(N3CCCCC3)CCCCC2)cc1,Phencyclidine,"XI.g
                
XI - Miscellaneous

                    XI.g - Aspiration, aspiration pneumonia (w/wo demonstrable pharyngeal dysmotility)",6468,Both,phencyclidine
CC1C(c2ccccc2)OCCN1C,Phendimetrazine,"VI.b
                
VI - Pulmonary vasculopathies

                    VI.b - Pulmonary arterial hypertension                


                  XII.f
                
XII - Cardiovascular involvement / toxicity

                    XII.f - Cardiomyopathy (acute, subacute, chronic)",30487,Both,phendimetrazine
N=C(N)N=C(N)NCCc1ccccc1,Phenformin,"II.a
                
II - Pulmonary edema - Acute lung injury - ARDS

                    II.a - Pulmonary edema, noncardiogenic (NCPE)                


                  VI.b
                
VI - Pulmonary vasculopathies

                    VI.b - Pulmonary arterial hypertension",8249,Pneumotox_only,phenformin
CCC1(c2ccccc2)C(=O)NC(=O)NC1=O,Phenobarbital,"IX.d
                
IX - Neuromuscular / CNS involvement - Disordered breathing (during sleep)

                    IX.d - Respiratory failure from ventilatory depression (due to neuromuscular blockade/paralysis)                


                  X.a
                
X - Systemic/Distant conditions, syndromes and reactions

                    X.a - DRES syndrome - DRESS-like reaction                


                  XII.h
                
XII - Cardiovascular involvement / toxicity

                    XII.h - Eosinophilic myocarditis                


                  XV.bt
                
XV - Pathology

                    XV.bt - Path: Histiocytic proliferation",4763,Both,phenobarbital
CCC(c1ccccc1)c1c(O)c2ccccc2oc1=O,Phenprocoumon,"III.a
                
III - Pulmonary/alveolar./airway hemorrhage/bleeding

                    III.a - Alveolar hemorrhage (AH), diffuse AH (DAH)                


                  VIII.b
                
VIII - Central-large-upper airway (incl. pharyngeal-nasal) involvement

                    VIII.b - Hematoma of/around central airway wall potentially causing UAO                


                  VIII.q
                
VIII - Central-large-upper airway (incl. pharyngeal-nasal) involvement

                    VIII.q - Tongue involvement (edema, glossitis, hematoma)",54680692,Pneumotox_only,phenprocoumon
CC(C)(N)Cc1ccccc1,Phentermine,"VI.b
                
VI - Pulmonary vasculopathies

                    VI.b - Pulmonary arterial hypertension                


                  XII.b
                
XII - Cardiovascular involvement / toxicity

                    XII.b - Valvular heart disease and/or dysfunction",4771,Both,phentermine
CCCCc1c(O)n(-c2ccccc2)n(-c2ccccc2)c1=O,Phenylbutazone,"I.c
                
I - Interstitial/parenchymal lung disease

                    I.c - Eosinophilic pneumonia (pulmonary infiltrates and eosinophilia)                


                  II.a
                
II - Pulmonary edema - Acute lung injury - ARDS

                    II.a - Pulmonary edema, noncardiogenic (NCPE)                


                  VII.a
                
VII - Mediastinal involvement

                    VII.a - Lymphadenopathy (intrathoracic)                


                  X.a
                
X - Systemic/Distant conditions, syndromes and reactions

                    X.a - DRES syndrome - DRESS-like reaction                


                  X.d
                
X - Systemic/Distant conditions, syndromes and reactions

                    X.d - Lupus - Lupus syndrome (see also Vd)                


                  X.k
                
X - Systemic/Distant conditions, syndromes and reactions

                    X.k - Sarcoid-like granulomatosis (endo-/extrathoracic)                


                  XV.ba
                
XV - Pathology

                    XV.ba - Path: Granulomatous lymphadenopathy",4781,Both,phenylbutazone
CNCC(O)c1cccc(O)c1,Phenylephrine,"II.a
                
II - Pulmonary edema - Acute lung injury - ARDS

                    II.a - Pulmonary edema, noncardiogenic (NCPE)                


                  II.d
                
II - Pulmonary edema - Acute lung injury - ARDS

                    II.d - Pulmonary edema, cardiogenic                


                  II.i
                
II - Pulmonary edema - Acute lung injury - ARDS

                    II.i - Flash (fulminate) pulmonary edema                


                  IV.a
                
IV - Airway involvement

                    IV.a - Bronchospasm - Wheezing - Asthma",6041,Both,phenylephrine
CC(N)C(O)c1ccccc1,Phenylpropanolamine,"VI.b
                
VI - Pulmonary vasculopathies

                    VI.b - Pulmonary arterial hypertension                


                  XII.f
                
XII - Cardiovascular involvement / toxicity

                    XII.f - Cardiomyopathy (acute, subacute, chronic)",4786,Both,phenylpropanolamine
CN1CCC23c4c5ccc(OCCN6CCOCC6)c4OC2C(O)C=CC3C1C5,Pholcodine,"IV.d
                
IV - Airway involvement

                    IV.d - Cough (lone)",5311356,Pneumotox_only,pholcodine
CC(C)NCC(O)COc1cccc2[nH]ccc12,Pindolol,"I.g
                
I - Interstitial/parenchymal lung disease

                    I.g - Pulmonary fibrosis                


                  V.d
                
V - Pleural and/or pericardial involvement

                    V.d - Pleural/pericardial effusion, ANA positive (DI lupus)                


                  X.d
                
X - Systemic/Distant conditions, syndromes and reactions

                    X.d - Lupus - Lupus syndrome (see also Vd)                


                  XI.r
                
XI - Miscellaneous

                    XI.r - Death following exposure or poisoning",4828,Both,pindolol
CCc1ccc(CCOc2ccc(Cc3sc(=O)[nH]c3O)cc2)nc1,Pioglitazone,"I.b
                
I - Interstitial/parenchymal lung disease

                    I.b - Pneumonitis (ILD)                


                  II.a
                
II - Pulmonary edema - Acute lung injury - ARDS

                    II.a - Pulmonary edema, noncardiogenic (NCPE)                


                  II.d
                
II - Pulmonary edema - Acute lung injury - ARDS

                    II.d - Pulmonary edema, cardiogenic                


                  V.a
                
V - Pleural and/or pericardial involvement

                    V.a - Pleural effusion (uni- or bilateral) (can accompany DI-LDs)                


                  XII.f
                
XII - Cardiovascular involvement / toxicity

                    XII.f - Cardiomyopathy (acute, subacute, chronic)",4829,Both,pioglitazone
C1CNCCN1,Piperazine,"XIV.a
                
XIV - Hemoglobinopathies - Abnormal hemoglobin states (acquired)

                    XIV.a - Methemoglobinemia",4837,Pneumotox_only,piperazine
Cc1ccc(=O)n(-c2ccccc2)c1,Pirfenidone,"I.b
                
I - Interstitial/parenchymal lung disease

                    I.b - Pneumonitis (ILD)                


                  I.c
                
I - Interstitial/parenchymal lung disease

                    I.c - Eosinophilic pneumonia (pulmonary infiltrates and eosinophilia)                


                  I.m
                
I - Interstitial/parenchymal lung disease

                    I.m - ILD with a granulomatous component                


                  III.a
                
III - Pulmonary/alveolar./airway hemorrhage/bleeding

                    III.a - Alveolar hemorrhage (AH), diffuse AH (DAH)                


                  IV.a
                
IV - Airway involvement

                    IV.a - Bronchospasm - Wheezing - Asthma                


                  VIII.a
                
VIII - Central-large-upper airway (incl. pharyngeal-nasal) involvement

                    VIII.a - Angioedema (may cause UAO, asphyxia and death)                


                  X.a
                
X - Systemic/Distant conditions, syndromes and reactions

                    X.a - DRES syndrome - DRESS-like reaction                


                  X.g
                
X - Systemic/Distant conditions, syndromes and reactions

                    X.g - Hypersensitivity reaction (may manifest with fever and/or skin, throat or airway involvement)                


                  X.k
                
X - Systemic/Distant conditions, syndromes and reactions

                    X.k - Sarcoid-like granulomatosis (endo-/extrathoracic)                


                  XV.e
                
XV - Pathology

                    XV.e - Path: ILD with a granulomatous component (see also Im)                


                  XV.ba
                
XV - Pathology

                    XV.ba - Path: Granulomatous lymphadenopathy                


                  XVII.g
                
XVII - Infections & related conditions

                    XVII.g - Tuberculosis (pulmonary, pulmonary, extrapulmonary or disseminated). Reactivation or de novo",40632,Both,pirfenidone
COc1ccc(OC)c(Cc2cnc3nc(N)nc(N)c3c2C)c1,Piritrexim,"I.b
                
I - Interstitial/parenchymal lung disease

                    I.b - Pneumonitis (ILD)",54369,Pneumotox_only,piritrexim
CN1C(C(=O)Nc2ccccn2)C(=O)c2ccccc2S1(=O)=O,Piroxicam,"I.c
                
I - Interstitial/parenchymal lung disease

                    I.c - Eosinophilic pneumonia (pulmonary infiltrates and eosinophilia)                


                  VIII.a
                
VIII - Central-large-upper airway (incl. pharyngeal-nasal) involvement

                    VIII.a - Angioedema (may cause UAO, asphyxia and death)                


                  X.c
                
X - Systemic/Distant conditions, syndromes and reactions

                    X.c - Capillary leak syndrome (CLS)",54676228,Both,piroxicam
Nc1cccc2c1C(=O)N(C1CCC(=O)NC1=O)C2=O,Pomalidomide,"I.a
                
I - Interstitial/parenchymal lung disease

                    I.a - Pneumonitis (ILD), acute and/or severe (may cause ARDS)                


                  I.b
                
I - Interstitial/parenchymal lung disease

                    I.b - Pneumonitis (ILD)                


                  I.c
                
I - Interstitial/parenchymal lung disease

                    I.c - Eosinophilic pneumonia (pulmonary infiltrates and eosinophilia)                


                  I.g
                
I - Interstitial/parenchymal lung disease

                    I.g - Pulmonary fibrosis                


                  XVII.a
                
XVII - Infections & related conditions

                    XVII.a - Respiratory tract infection incl. pneumonia                


                  XIX.c
                
XIX - Cytological, biochemical features of/in BAL, pleural fluid or FNA

                    XIX.c - BAL: An excess proportion of eosinophils",134780,Both,pomalidomide
Cc1ccc(C(=O)Nc2ccc(CN3CCN(C)CC3)c(C(F)(F)F)c2)cc1C#Cc1cnc2cccnn12,Ponatinib,"I.a
                
I - Interstitial/parenchymal lung disease

                    I.a - Pneumonitis (ILD), acute and/or severe (may cause ARDS)                


                  I.b
                
I - Interstitial/parenchymal lung disease

                    I.b - Pneumonitis (ILD)                


                  II.b
                
II - Pulmonary edema - Acute lung injury - ARDS

                    II.b - ARDS - Acute lung injury                


                  VI.b
                
VI - Pulmonary vasculopathies

                    VI.b - Pulmonary arterial hypertension                


                  XII.a
                
XII - Cardiovascular involvement / toxicity

                    XII.a - Left or biventricular dysfunction/failure                


                  XII.g
                
XII - Cardiovascular involvement / toxicity

                    XII.g - Coronary artery disease (acute) - Myocardial ischemia/infarction",24826799,Both,ponatinib
C=CC(=O)N1CCC(Oc2cc3c(Nc4ccc(Cl)c(Cl)c4F)ncnc3cc2OC)CC1,Poziotinib,"I.b
                
I - Interstitial/parenchymal lung disease

                    I.b - Pneumonitis (ILD)",25127713,Pneumotox_only,poziotinib
CC(=O)Nc1ccc(OCC(O)CNC(C)C)cc1,Practolol,"I.b
                
I - Interstitial/parenchymal lung disease

                    I.b - Pneumonitis (ILD)                


                  IV.a
                
IV - Airway involvement

                    IV.a - Bronchospasm - Wheezing - Asthma                


                  V.a
                
V - Pleural and/or pericardial involvement

                    V.a - Pleural effusion (uni- or bilateral) (can accompany DI-LDs)                


                  V.c
                
V - Pleural and/or pericardial involvement

                    V.c - Pleural thickening - Fibrothorax                


                  V.m
                
V - Pleural and/or pericardial involvement

                    V.m - Pleuropericarditis - Pleuropericardial effusion (ANA unknown or negative)                


                  X.d
                
X - Systemic/Distant conditions, syndromes and reactions

                    X.d - Lupus - Lupus syndrome (see also Vd)                


                  XII.k
                
XII - Cardiovascular involvement / toxicity

                    XII.k - Constrictive pericarditis - Pericardial thickening",4883,Pneumotox_only,practolol
CCCNC1CCc2nc(N)sc2C1,Pramipexole,"IX.f
                
IX - Neuromuscular / CNS involvement - Disordered breathing (during sleep)

                    IX.f - Hiccup                


                  XII.a
                
XII - Cardiovascular involvement / toxicity

                    XII.a - Left or biventricular dysfunction/failure                


                  XII.b
                
XII - Cardiovascular involvement / toxicity

                    XII.b - Valvular heart disease and/or dysfunction",119570,Both,pramipexole
O=C(Nc1cccc2c(=O)cc(-c3nn[nH]n3)oc12)c1ccc(OCCCCc2ccccc2)cc1,Pranlukast,"I.b
                
I - Interstitial/parenchymal lung disease

                    I.b - Pneumonitis (ILD)                


                  I.c
                
I - Interstitial/parenchymal lung disease

                    I.c - Eosinophilic pneumonia (pulmonary infiltrates and eosinophilia)                


                  X.h
                
X - Systemic/Distant conditions, syndromes and reactions

                    X.h - Eosinophilic granulomatosis with polyangiitis (Churg-Strauss)                


                  XII.f
                
XII - Cardiovascular involvement / toxicity

                    XII.f - Cardiomyopathy (acute, subacute, chronic)                


                  XII.h
                
XII - Cardiovascular involvement / toxicity

                    XII.h - Eosinophilic myocarditis",4887,Pneumotox_only,pranlukast
CC(C(=O)O)c1ccc2c(c1)Cc1cccnc1O2,Pranoprofen,"I.c
                
I - Interstitial/parenchymal lung disease

                    I.c - Eosinophilic pneumonia (pulmonary infiltrates and eosinophilia)",4888,Pneumotox_only,pranoprofen
CC(=O)Oc1cc2c(s1)CCN(C(C(=O)C1CC1)c1ccccc1F)C2,Prasugrel,"IV.a
                
IV - Airway involvement

                    IV.a - Bronchospasm - Wheezing - Asthma                


                  VIII.a
                
VIII - Central-large-upper airway (incl. pharyngeal-nasal) involvement

                    VIII.a - Angioedema (may cause UAO, asphyxia and death)",6918456,Both,prasugrel
CCC(C)C(=O)OC1CC(O)C=C2C=CC(C)C(CCC(O)CC(O)CC(=O)O)C21,Pravastatin,"I.b
                
I - Interstitial/parenchymal lung disease

                    I.b - Pneumonitis (ILD)                


                  I.d
                
I - Interstitial/parenchymal lung disease

                    I.d - Organizing pneumonia pattern (an area or areas of consolidation on imaging)                


                  I.aq
                
I - Interstitial/parenchymal lung disease

                    I.aq - Interstitial Pneumonitis with Autoimmune Features (IPAF)                


                  V.a
                
V - Pleural and/or pericardial involvement

                    V.a - Pleural effusion (uni- or bilateral) (can accompany DI-LDs)                


                  VIII.a
                
VIII - Central-large-upper airway (incl. pharyngeal-nasal) involvement

                    VIII.a - Angioedema (may cause UAO, asphyxia and death)                


                  X.j
                
X - Systemic/Distant conditions, syndromes and reactions

                    X.j - Myopathy-Myositis-Polymyositis (see also under Xba)                


                  XI.b
                
XI - Miscellaneous

                    XI.b - Chest pain (acute or subacute), lone or prominent",54687,Both,pravastatin
O=C(C1CCCCC1)N1CC(=O)N2CCc3ccccc3C2C1,Praziquantel,"I.a
                
I - Interstitial/parenchymal lung disease

                    I.a - Pneumonitis (ILD), acute and/or severe (may cause ARDS)                


                  V.a
                
V - Pleural and/or pericardial involvement

                    V.a - Pleural effusion (uni- or bilateral) (can accompany DI-LDs)                


                  V.i
                
V - Pleural and/or pericardial involvement

                    V.i - Pleuritis (can cause chest pain)                


                  V.m
                
V - Pleural and/or pericardial involvement

                    V.m - Pleuropericarditis - Pleuropericardial effusion (ANA unknown or negative)                


                  X.g
                
X - Systemic/Distant conditions, syndromes and reactions

                    X.g - Hypersensitivity reaction (may manifest with fever and/or skin, throat or airway involvement)                


                  X.t
                
X - Systemic/Distant conditions, syndromes and reactions

                    X.t - Jarisch-Herxheimer reaction",4891,Both,praziquantel
COc1cc2nc(N3CCN(C(=O)c4ccco4)CC3)nc(N)c2cc1OC,Prazosin,"VIII.a
                
VIII - Central-large-upper airway (incl. pharyngeal-nasal) involvement

                    VIII.a - Angioedema (may cause UAO, asphyxia and death)",4893,Both,prazosin
CC12C=CC(=O)C=C1CCC1C2C(=O)CC2(C)C1CCC2(O)C(=O)CO,Prednisone,"X.n
                
X - Systemic/Distant conditions, syndromes and reactions

                    X.n - Tumor lysis syndrome (TLS)                


                  XVII.e
                
XVII - Infections & related conditions

                    XVII.e - Pneumocystis jiroveci pneumonia",5865,Both,prednisone
CC(C)CC(CN)CC(=O)O,Pregabalin,"I.b
                
I - Interstitial/parenchymal lung disease

                    I.b - Pneumonitis (ILD)                


                  VIII.a
                
VIII - Central-large-upper airway (incl. pharyngeal-nasal) involvement

                    VIII.a - Angioedema (may cause UAO, asphyxia and death)                


                  IX.d
                
IX - Neuromuscular / CNS involvement - Disordered breathing (during sleep)

                    IX.d - Respiratory failure from ventilatory depression (due to neuromuscular blockade/paralysis)                


                  IX.p
                
IX - Neuromuscular / CNS involvement - Disordered breathing (during sleep)

                    IX.p - Disordered breathing during sleep - Sleep apnea                


                  IX.v
                
IX - Neuromuscular / CNS involvement - Disordered breathing (during sleep)

                    IX.v - Generalized myopathy/muscle weakness                


                  X.a
                
X - Systemic/Distant conditions, syndromes and reactions

                    X.a - DRES syndrome - DRESS-like reaction                


                  XI.r
                
XI - Miscellaneous

                    XI.r - Death following exposure or poisoning                


                  XII.s
                
XII - Cardiovascular involvement / toxicity

                    XII.s - Heart block (bundle branch- or AV-)",5486971,Both,pregabalin
COc1cc(NC(C)CCCN)c2ncccc2c1,Primaquine,"I.d
                
I - Interstitial/parenchymal lung disease

                    I.d - Organizing pneumonia pattern (an area or areas of consolidation on imaging)                


                  XI.a
                
XI - Miscellaneous

                    XI.a - Cyanosis, a low SpO2 and normal measured PaO2                


                  XIV.a
                
XIV - Hemoglobinopathies - Abnormal hemoglobin states (acquired)

                    XIV.a - Methemoglobinemia                


                  XV.c
                
XV - Pathology

                    XV.c - Path: Organizing pneumonia (OP/BOOP) pattern (see also Id)",4908,Pneumotox_only,primaquine
CCC1(c2ccccc2)C(=O)NCNC1=O,Primidone,"X.a
                
X - Systemic/Distant conditions, syndromes and reactions

                    X.a - DRES syndrome - DRESS-like reaction                


                  X.d
                
X - Systemic/Distant conditions, syndromes and reactions

                    X.d - Lupus - Lupus syndrome (see also Vd)                


                  XII.as
                
XII - Cardiovascular involvement / toxicity

                    XII.as - Giant cell myocarditis",4909,Both,primidone
CC1(C)SCCN(S(=O)(=O)c2ccc(Oc3ccncc3)cc2)C1C(O)=NO,Prinomastat,"VI.a
                
VI - Pulmonary vasculopathies

                    VI.a - Pulmonary embolism - Venous thrombosis/thromboembolism",466151,Pneumotox_only,prinomastat
CC(C)CCCC(C)CCCC(C)CCCC(C)C,Pristane,"III.a
                
III - Pulmonary/alveolar./airway hemorrhage/bleeding

                    III.a - Alveolar hemorrhage (AH), diffuse AH (DAH)                


                  VI.d
                
VI - Pulmonary vasculopathies

                    VI.d - Pulmonary vasculitis or capillaritis",15979,Pneumotox_only,pristane
CNNCc1ccc(C(=O)NC(C)C)cc1,Procarbazine,"I.a
                
I - Interstitial/parenchymal lung disease

                    I.a - Pneumonitis (ILD), acute and/or severe (may cause ARDS)                


                  I.b
                
I - Interstitial/parenchymal lung disease

                    I.b - Pneumonitis (ILD)                


                  I.c
                
I - Interstitial/parenchymal lung disease

                    I.c - Eosinophilic pneumonia (pulmonary infiltrates and eosinophilia)                


                  I.h
                
I - Interstitial/parenchymal lung disease

                    I.h - Subclinical pulmonary infiltrates/ILD                


                  V.i
                
V - Pleural and/or pericardial involvement

                    V.i - Pleuritis (can cause chest pain)                


                  XV.e
                
XV - Pathology

                    XV.e - Path: ILD with a granulomatous component (see also Im)",4915,Both,procarbazine
CC(=O)C1CCC2C3CC=C4CC(=O)CCC4(C)C3CCC12C,Progesterone,"I.c
                
I - Interstitial/parenchymal lung disease

                    I.c - Eosinophilic pneumonia (pulmonary infiltrates and eosinophilia)                


                  I.e
                
I - Interstitial/parenchymal lung disease

                    I.e - Acute eosinophilic pneumonia (AEP)                


                  I.j
                
I - Interstitial/parenchymal lung disease

                    I.j - Exogenous lipoid pneumonia (subacute, acute)                


                  VI.e
                
VI - Pulmonary vasculopathies

                    VI.e - Fat/oil embolism - The FES embolism syndrome",5994,Both,progesterone
CC(C)N=C(N)N=C(N)Nc1ccc(Cl)cc1,Proguanil,"I.c
                
I - Interstitial/parenchymal lung disease

                    I.c - Eosinophilic pneumonia (pulmonary infiltrates and eosinophilia)                


                  X.a
                
X - Systemic/Distant conditions, syndromes and reactions

                    X.a - DRES syndrome - DRESS-like reaction",6178111,Both,proguanil
CCCNCC(O)COc1ccccc1C(=O)CCc1ccccc1,Propafenone,"IV.a
                
IV - Airway involvement

                    IV.a - Bronchospasm - Wheezing - Asthma                


                  IV.q
                
IV - Airway involvement

                    IV.q - Reactive airway dysfunction syndrome (RADS)                


                  VIII.a
                
VIII - Central-large-upper airway (incl. pharyngeal-nasal) involvement

                    VIII.a - Angioedema (may cause UAO, asphyxia and death)",4932,Both,propafenone
CCC,Propane,"VIII.d
                
VIII - Central-large-upper airway (incl. pharyngeal-nasal) involvement

                    VIII.d - Thermal (burns, frostbite), chemical or caustic injury on the face, mouth, tongue, pharynx or upper airway                


                  XI.r
                
XI - Miscellaneous

                    XI.r - Death following exposure or poisoning                


                  XI.s
                
XI - Miscellaneous

                    XI.s - Sniffing death - Death from inhalation of compound",6334,Pneumotox_only,propane
CCC(=O)Nc1ccc(Cl)c(Cl)c1,Propanil,"XIV.a
                
XIV - Hemoglobinopathies - Abnormal hemoglobin states (acquired)

                    XIV.a - Methemoglobinemia",4933,Pneumotox_only,propanil
CCCO,Propanol,,1031,Pneumotox_only,propanol
CC(C)c1cccc(C(C)C)c1O,Propofol,"II.a
                
II - Pulmonary edema - Acute lung injury - ARDS

                    II.a - Pulmonary edema, noncardiogenic (NCPE)                


                  II.b
                
II - Pulmonary edema - Acute lung injury - ARDS

                    II.b - ARDS - Acute lung injury                


                  II.f
                
II - Pulmonary edema - Acute lung injury - ARDS

                    II.f - Hypoxemia, low oxygen saturation (may occur in isolation)                


                  II.i
                
II - Pulmonary edema - Acute lung injury - ARDS

                    II.i - Flash (fulminate) pulmonary edema                


                  IV.a
                
IV - Airway involvement

                    IV.a - Bronchospasm - Wheezing - Asthma                


                  IV.b
                
IV - Airway involvement

                    IV.b - Bronchospasm and angioedema                


                  IV.d
                
IV - Airway involvement

                    IV.d - Cough (lone)                


                  IV.e
                
IV - Airway involvement

                    IV.e - Cough (acute, violent, explosive)                


                  IV.f
                
IV - Airway involvement

                    IV.f - Severe or catastrophic bronchospasm or asthma attack (can be fatal)                


                  VI.e
                
VI - Pulmonary vasculopathies

                    VI.e - Fat/oil embolism - The FES embolism syndrome                


                  VIII.h
                
VIII - Central-large-upper airway (incl. pharyngeal-nasal) involvement

                    VIII.h - Vocal cord dysfunction, adduction, closure, injury                


                  IX.d
                
IX - Neuromuscular / CNS involvement - Disordered breathing (during sleep)

                    IX.d - Respiratory failure from ventilatory depression (due to neuromuscular blockade/paralysis)                


                  IX.i
                
IX - Neuromuscular / CNS involvement - Disordered breathing (during sleep)

                    IX.i - Respiratory arrest - Apnea                


                  IX.p
                
IX - Neuromuscular / CNS involvement - Disordered breathing (during sleep)

                    IX.p - Disordered breathing during sleep - Sleep apnea                


                  X.f
                
X - Systemic/Distant conditions, syndromes and reactions

                    X.f - Anaphylaxis-Anaphylactoid reaction (can be fatal)                


                  X.u
                
X - Systemic/Distant conditions, syndromes and reactions

                    X.u - Multiple organ dysfunction/failure (MODS/MOF)                


                  X.aa
                
X - Systemic/Distant conditions, syndromes and reactions

                    X.aa - Propofol infusion syndrome (PRIS)                


                  XI.d
                
XI - Miscellaneous

                    XI.d - Metabolic acidosis (incl. lactic acidosis/-gap). May cause hyperpnea/dyspnea                


                  XI.r
                
XI - Miscellaneous

                    XI.r - Death following exposure or poisoning                


                  XI.x
                
XI - Miscellaneous

                    XI.x - Addictive risk                


                  XII.a
                
XII - Cardiovascular involvement / toxicity

                    XII.a - Left or biventricular dysfunction/failure                


                  XII.m
                
XII - Cardiovascular involvement / toxicity

                    XII.m - Cardiac- cardiorespiratory/pulmonary arrest                


                  XII.n
                
XII - Cardiovascular involvement / toxicity

                    XII.n - Cardiovascular collapse - Cardiogenic shock - Hypotension                


                  XII.w
                
XII - Cardiovascular involvement / toxicity

                    XII.w - Asystole                


                  XV.ae
                
XV - Pathology

                    XV.ae - Path: Lipid/fat embolism (see also VIe)                


                  XXIV.h
                
XXIV - Veterinary medicine

                    XXIV.h - Veterinary: Anaphylaxis/Anaphylactoid reaction",4943,Both,propofol
CCC(=O)OC(Cc1ccccc1)(c1ccccc1)C(C)CN(C)C,Propoxyphene,"I.b
                
I - Interstitial/parenchymal lung disease

                    I.b - Pneumonitis (ILD)                


                  I.c
                
I - Interstitial/parenchymal lung disease

                    I.c - Eosinophilic pneumonia (pulmonary infiltrates and eosinophilia)                


                  II.a
                
II - Pulmonary edema - Acute lung injury - ARDS

                    II.a - Pulmonary edema, noncardiogenic (NCPE)                


                  XII.a
                
XII - Cardiovascular involvement / toxicity

                    XII.a - Left or biventricular dysfunction/failure",10100,Both,propoxyphene
CC(C)NCC(O)COc1cccc2ccccc12,Propranolol,"I.b
                
I - Interstitial/parenchymal lung disease

                    I.b - Pneumonitis (ILD)                


                  II.a
                
II - Pulmonary edema - Acute lung injury - ARDS

                    II.a - Pulmonary edema, noncardiogenic (NCPE)                


                  II.d
                
II - Pulmonary edema - Acute lung injury - ARDS

                    II.d - Pulmonary edema, cardiogenic                


                  IV.a
                
IV - Airway involvement

                    IV.a - Bronchospasm - Wheezing - Asthma                


                  IV.f
                
IV - Airway involvement

                    IV.f - Severe or catastrophic bronchospasm or asthma attack (can be fatal)                


                  VIII.e
                
VIII - Central-large-upper airway (incl. pharyngeal-nasal) involvement

                    VIII.e - Laryngospasm (a.k.a. laryngismus)                


                  IX.i
                
IX - Neuromuscular / CNS involvement - Disordered breathing (during sleep)

                    IX.i - Respiratory arrest - Apnea                


                  X.d
                
X - Systemic/Distant conditions, syndromes and reactions

                    X.d - Lupus - Lupus syndrome (see also Vd)                


                  XI.r
                
XI - Miscellaneous

                    XI.r - Death following exposure or poisoning                


                  XI.af
                
XI - Miscellaneous

                    XI.af - Refractoriness to epineprine in case of anaphylaxis                


                  XII.a
                
XII - Cardiovascular involvement / toxicity

                    XII.a - Left or biventricular dysfunction/failure                


                  XII.n
                
XII - Cardiovascular involvement / toxicity

                    XII.n - Cardiovascular collapse - Cardiogenic shock - Hypotension                


                  XII.p
                
XII - Cardiovascular involvement / toxicity

                    XII.p - QTc prolongation",4946,Both,propranolol
CC(O)CO,Propylene glycol,"IV.a
                
IV - Airway involvement

                    IV.a - Bronchospasm - Wheezing - Asthma                


                  X.u
                
X - Systemic/Distant conditions, syndromes and reactions

                    X.u - Multiple organ dysfunction/failure (MODS/MOF)                


                  XI.d
                
XI - Miscellaneous

                    XI.d - Metabolic acidosis (incl. lactic acidosis/-gap). May cause hyperpnea/dyspnea",1030,Both,propylene glycol
CNC(C)CC1CCCCC1,Propylhexedrine,"VI.b
                
VI - Pulmonary vasculopathies

                    VI.b - Pulmonary arterial hypertension                


                  XII.g
                
XII - Cardiovascular involvement / toxicity

                    XII.g - Coronary artery disease (acute) - Myocardial ischemia/infarction",7558,Pneumotox_only,propylhexedrine
CCCOC(=O)Cn1cc(I)c(=O)c(I)c1,Propyliodone,"I.af
                
I - Interstitial/parenchymal lung disease

                    I.af - Chemical (toxic) pneumonitis",4949,Pneumotox_only,propyliodone
CCCCCCCCCCCCCCCCCCCCCCCCCCCCCCCCC(=O)O,Psyllium,"IV.a
                
IV - Airway involvement

                    IV.a - Bronchospasm - Wheezing - Asthma                


                  IV.b
                
IV - Airway involvement

                    IV.b - Bronchospasm and angioedema                


                  IV.f
                
IV - Airway involvement

                    IV.f - Severe or catastrophic bronchospasm or asthma attack (can be fatal)                


                  IV.aa
                
IV - Airway involvement

                    IV.aa - Occupational asthma                


                  VIII.a
                
VIII - Central-large-upper airway (incl. pharyngeal-nasal) involvement

                    VIII.a - Angioedema (may cause UAO, asphyxia and death)                


                  X.f
                
X - Systemic/Distant conditions, syndromes and reactions

                    X.f - Anaphylaxis-Anaphylactoid reaction (can be fatal)                


                  XV.aa
                
XV - Pathology

                    XV.aa - Path: Foreign body bronchiolitis (see also IVi)",181572,Pneumotox_only,psyllium
NC(=O)c1cnccn1,Pyrazinamide,"X.a
                
X - Systemic/Distant conditions, syndromes and reactions

                    X.a - DRES syndrome - DRESS-like reaction",1046,Both,pyrazinamide
c1ccc(CN(CCN2CC2)c2ccccn2)cc1,Pyribenzamine,"XV.q
                
XV - Pathology

                    XV.q - Path: Foreign body deposits/granulomatous reaction",44370233,Pneumotox_only,pyribenzamine
CCc1nc(N)nc(N)c1-c1ccc(Cl)cc1,Pyrimethamine,"II.a
                
II - Pulmonary edema - Acute lung injury - ARDS

                    II.a - Pulmonary edema, noncardiogenic (NCPE)                


                  V.a
                
V - Pleural and/or pericardial involvement

                    V.a - Pleural effusion (uni- or bilateral) (can accompany DI-LDs)",4993,Both,pyrimethamine
OCCOCCN1CCN(C2=Nc3ccccc3Sc3ccccc32)CC1,Quetiapine,"I.b
                
I - Interstitial/parenchymal lung disease

                    I.b - Pneumonitis (ILD)                


                  II.b
                
II - Pulmonary edema - Acute lung injury - ARDS

                    II.b - ARDS - Acute lung injury                


                  IX.d
                
IX - Neuromuscular / CNS involvement - Disordered breathing (during sleep)

                    IX.d - Respiratory failure from ventilatory depression (due to neuromuscular blockade/paralysis)",5002,Both,quetiapine
C=CC1CN2CCC1CC2C(O)c1ccnc2ccc(OC)cc12,Quinine,"I.b
                
I - Interstitial/parenchymal lung disease

                    I.b - Pneumonitis (ILD)                


                  I.c
                
I - Interstitial/parenchymal lung disease

                    I.c - Eosinophilic pneumonia (pulmonary infiltrates and eosinophilia)                


                  I.d
                
I - Interstitial/parenchymal lung disease

                    I.d - Organizing pneumonia pattern (an area or areas of consolidation on imaging)                


                  II.a
                
II - Pulmonary edema - Acute lung injury - ARDS

                    II.a - Pulmonary edema, noncardiogenic (NCPE)                


                  II.b
                
II - Pulmonary edema - Acute lung injury - ARDS

                    II.b - ARDS - Acute lung injury                


                  II.j
                
II - Pulmonary edema - Acute lung injury - ARDS

                    II.j - Transient pulmonary opacities/infiltrates (see also under Iav)                


                  III.a
                
III - Pulmonary/alveolar./airway hemorrhage/bleeding

                    III.a - Alveolar hemorrhage (AH), diffuse AH (DAH)                


                  III.m
                
III - Pulmonary/alveolar./airway hemorrhage/bleeding

                    III.m - Coagulopathy                


                  VIII.b
                
VIII - Central-large-upper airway (incl. pharyngeal-nasal) involvement

                    VIII.b - Hematoma of/around central airway wall potentially causing UAO                


                  VIII.d
                
VIII - Central-large-upper airway (incl. pharyngeal-nasal) involvement

                    VIII.d - Thermal (burns, frostbite), chemical or caustic injury on the face, mouth, tongue, pharynx or upper airway                


                  X.a
                
X - Systemic/Distant conditions, syndromes and reactions

                    X.a - DRES syndrome - DRESS-like reaction                


                  X.f
                
X - Systemic/Distant conditions, syndromes and reactions

                    X.f - Anaphylaxis-Anaphylactoid reaction (can be fatal)                


                  X.g
                
X - Systemic/Distant conditions, syndromes and reactions

                    X.g - Hypersensitivity reaction (may manifest with fever and/or skin, throat or airway involvement)                


                  X.h
                
X - Systemic/Distant conditions, syndromes and reactions

                    X.h - Eosinophilic granulomatosis with polyangiitis (Churg-Strauss)                


                  X.m
                
X - Systemic/Distant conditions, syndromes and reactions

                    X.m - Vascultis (pulmonary, extrathoracic or systemic)-ANCA status unknown or negative)                


                  X.ad
                
X - Systemic/Distant conditions, syndromes and reactions

                    X.ad - Skin purpura, ecchymoses or necrosis                


                  X.af
                
X - Systemic/Distant conditions, syndromes and reactions

                    X.af - Thrombotic microangiopathy                


                  XI.b
                
XI - Miscellaneous

                    XI.b - Chest pain (acute or subacute), lone or prominent                


                  XIV.a
                
XIV - Hemoglobinopathies - Abnormal hemoglobin states (acquired)

                    XIV.a - Methemoglobinemia                


                  XV.c
                
XV - Pathology

                    XV.c - Path: Organizing pneumonia (OP/BOOP) pattern (see also Id)",3034034,Both,quinine
O=c1ccc2ccccc2[nH]1,Quinolones,"I.b
                
I - Interstitial/parenchymal lung disease

                    I.b - Pneumonitis (ILD)                


                  I.c
                
I - Interstitial/parenchymal lung disease

                    I.c - Eosinophilic pneumonia (pulmonary infiltrates and eosinophilia)                


                  X.f
                
X - Systemic/Distant conditions, syndromes and reactions

                    X.f - Anaphylaxis-Anaphylactoid reaction (can be fatal)                


                  XV.b
                
XV - Pathology

                    XV.b - Path: Eosinophilic pneumonia (subacute or acute)  (see also Ic)                


                  XV.e
                
XV - Pathology

                    XV.e - Path: ILD with a granulomatous component (see also Im)",6038,Pneumotox_only,quinolones
CCOC(=O)C(C)NP(=O)(COCCn1cnc2c(NC3CC3)nc(N)nc21)NC(C)C(=O)OCC,Rabacfosadine,"XXIV.b
                
XXIV - Veterinary medicine

                    XXIV.b - Veterinary: Pulmonary fibrosis",16047979,Pneumotox_only,rabacfosadine
O=C(c1ccc(OCCN2CCCCC2)cc1)c1c(-c2ccc(O)cc2)sc2cc(O)ccc12,Raloxifene,"VI.a
                
VI - Pulmonary vasculopathies

                    VI.a - Pulmonary embolism - Venous thrombosis/thromboembolism",5035,Both,raloxifene
Cc1nnc(C(=O)NC(C)(C)c2nc(C(=O)NCc3ccc(F)cc3)c([O-])c(=O)n2C)o1,Raltegravir,"X.a
                
X - Systemic/Distant conditions, syndromes and reactions

                    X.a - DRES syndrome - DRESS-like reaction",23668479,Both,raltegravir
Cc1nc(=O)c2cc(CN(C)c3ccc(C(=O)NC(CCC(=O)O)C(=O)O)s3)ccc2[nH]1,Raltitrexed,"I.b
                
I - Interstitial/parenchymal lung disease

                    I.b - Pneumonitis (ILD)                


                  X.q
                
X - Systemic/Distant conditions, syndromes and reactions

                    X.q - Systemic inflammatory response",135400182,Both,raltitrexed
CCOC(=O)C(CCc1ccccc1)NC(C)C(=O)N1C(C(=O)O)CC2CCCC21,Ramipril,"IV.d
                
IV - Airway involvement

                    IV.d - Cough (lone)                


                  V.m
                
V - Pleural and/or pericardial involvement

                    V.m - Pleuropericarditis - Pleuropericardial effusion (ANA unknown or negative)                


                  VIII.a
                
VIII - Central-large-upper airway (incl. pharyngeal-nasal) involvement

                    VIII.a - Angioedema (may cause UAO, asphyxia and death)",5362129,Both,ramipril
COC1OC(CNC(=O)N(CCCl)N=O)C(O)C(O)C1O,Ranimustine,"II.b
                
II - Pulmonary edema - Acute lung injury - ARDS

                    II.b - ARDS - Acute lung injury",71741,Pneumotox_only,ranimustine
CN=C(C[N+](=O)[O-])NCCSCc1ccc(CN(C)C)o1,Ranitidine,"IV.a
                
IV - Airway involvement

                    IV.a - Bronchospasm - Wheezing - Asthma                


                  IV.aa
                
IV - Airway involvement

                    IV.aa - Occupational asthma                


                  X.f
                
X - Systemic/Distant conditions, syndromes and reactions

                    X.f - Anaphylaxis-Anaphylactoid reaction (can be fatal)                


                  XII.h
                
XII - Cardiovascular involvement / toxicity

                    XII.h - Eosinophilic myocarditis",3001055,Both,ranitidine
COc1ccccc1OCC(O)CN1CCN(CC(=O)Nc2c(C)cccc2C)CC1,Ranolazine,"IX.h
                
IX - Neuromuscular / CNS involvement - Disordered breathing (during sleep)

                    IX.h - Dyspnea, unexplained otherwise",56959,Both,ranolazine
C=CC[N+]1(C2CC3C4CCC5CC(OC(C)=O)C(N6CCCCC6)CC5(C)C4CCC3(C)C2OC(=O)CC)CCCCC1,Rapacuronium,"IV.a
                
IV - Airway involvement

                    IV.a - Bronchospasm - Wheezing - Asthma",5311399,Pneumotox_only,rapacuronium
CNC(=O)c1cc(Oc2ccc(NC(=O)Nc3ccc(Cl)c(C(F)(F)F)c3)c(F)c2)ccn1,Regorafenib,"I.b
                
I - Interstitial/parenchymal lung disease

                    I.b - Pneumonitis (ILD)                


                  XI.w
                
XI - Miscellaneous

                    XI.w - Cavitation/necrosis of lung tumor or metastases                


                  XVI.bf
                
XVI - Imaging

                    XVI.bf - Imaging: Tumoral cavitation",11167602,Both,regorafenib
CCC(CC)COC(=O)C(C)NP(=O)(OCC1OC(C#N)(c2ccc3c(N)ncnn23)C(O)C1O)Oc1ccccc1,Remdesivir,"XII.s
                
XII - Cardiovascular involvement / toxicity

                    XII.s - Heart block (bundle branch- or AV-)                


                  XII.ag
                
XII - Cardiovascular involvement / toxicity

                    XII.ag - Bradycardia",121304016,Both,remdesivir
NC(=O)c1ncn(C2OC(CO)C(O)C2O)n1,Ribavirin,"I.a
                
I - Interstitial/parenchymal lung disease

                    I.a - Pneumonitis (ILD), acute and/or severe (may cause ARDS)                


                  IV.a
                
IV - Airway involvement

                    IV.a - Bronchospasm - Wheezing - Asthma                


                  IV.d
                
IV - Airway involvement

                    IV.d - Cough (lone)                


                  IV.w
                
IV - Airway involvement

                    IV.w - Plugs/casts in the airways                


                  IX.h
                
IX - Neuromuscular / CNS involvement - Disordered breathing (during sleep)

                    IX.h - Dyspnea, unexplained otherwise",37542,Both,ribavirin
CN(C)C(=O)c1cc2cnc(Nc3ccc(N4CCNCC4)cn3)nc2n1C1CCCC1,Ribociclib,"I.b
                
I - Interstitial/parenchymal lung disease

                    I.b - Pneumonitis (ILD)                


                  I.d
                
I - Interstitial/parenchymal lung disease

                    I.d - Organizing pneumonia pattern (an area or areas of consolidation on imaging)                


                  XII.p
                
XII - Cardiovascular involvement / toxicity

                    XII.p - QTc prolongation",44631912,Both,ribociclib
COC1CC2CCC(C)C(O)(O2)C(=O)C(=O)N2CCCCC2C(=O)OC(C(C)CC2CCC(OP(C)(C)=O)C(OC)C2)CC(=O)C(C)=CC(C)C(O)C(OC)C(=O)C(C)CC(C)C=CC=CC=C1C,Ridaforolimus,"I.a
                
I - Interstitial/parenchymal lung disease

                    I.a - Pneumonitis (ILD), acute and/or severe (may cause ARDS)                


                  I.b
                
I - Interstitial/parenchymal lung disease

                    I.b - Pneumonitis (ILD)",11520894,Pneumotox_only,ridaforolimus
COC1C=COC2(C)Oc3c(C)c(O)c4c(O)c(c(C=NN5CCN(C)CC5)c(O)c4c3C2=O)NC(=O)C(C)=CC=CC(C)C(O)C(C)C(O)C(C)C(OC(C)=O)C1C,Rifampicin,"I.a
                
I - Interstitial/parenchymal lung disease

                    I.a - Pneumonitis (ILD), acute and/or severe (may cause ARDS)                


                  I.b
                
I - Interstitial/parenchymal lung disease

                    I.b - Pneumonitis (ILD)                


                  I.c
                
I - Interstitial/parenchymal lung disease

                    I.c - Eosinophilic pneumonia (pulmonary infiltrates and eosinophilia)                


                  II.b
                
II - Pulmonary edema - Acute lung injury - ARDS

                    II.b - ARDS - Acute lung injury                


                  IV.a
                
IV - Airway involvement

                    IV.a - Bronchospasm - Wheezing - Asthma                


                  X.u
                
X - Systemic/Distant conditions, syndromes and reactions

                    X.u - Multiple organ dysfunction/failure (MODS/MOF)                


                  XV.a
                
XV - Pathology

                    XV.a - Path: NSIP-cellular pattern (see also Ia, Ib)                


                  XV.d
                
XV - Pathology

                    XV.d - Path: Acute fibrinous organizing pneumonia (AFOP-pattern) (see also If)                


                  XV.f
                
XV - Pathology

                    XV.f - Path: Diffuse alveolar damage (DAD-pattern) (see also IL)",135398735,Both,rifampicin
COC1C=COC2(C)Oc3c(C)c(O)c4c(O)c(cc(O)c4c3C2=O)NC(=O)C(C)=CC=CC(C)C(O)C(C)C(O)C(C)C(OC(C)=O)C1C,Rifamycin SV,"X.f
                
X - Systemic/Distant conditions, syndromes and reactions

                    X.f - Anaphylaxis-Anaphylactoid reaction (can be fatal)",6324616,Pneumotox_only,rifamycin sv
Nc1nc2ccc(OC(F)(F)F)cc2s1,Riluzole,"I.a
                
I - Interstitial/parenchymal lung disease

                    I.a - Pneumonitis (ILD), acute and/or severe (may cause ARDS)                


                  I.b
                
I - Interstitial/parenchymal lung disease

                    I.b - Pneumonitis (ILD)                


                  XIV.a
                
XIV - Hemoglobinopathies - Abnormal hemoglobin states (acquired)

                    XIV.a - Methemoglobinemia                


                  XV.c
                
XV - Pathology

                    XV.c - Path: Organizing pneumonia (OP/BOOP) pattern (see also Id)                


                  XV.e
                
XV - Pathology

                    XV.e - Path: ILD with a granulomatous component (see also Im)                


                  XVI.a
                
XVI - Imaging

                    XVI.a - Imaging: Diffuse haze                


                  XVI.b
                
XVI - Imaging

                    XVI.b - Imaging: Ground-glass opacities (GGO) / shadowing",5070,Both,riluzole
O=P([O-])(O)C(O)(Cc1cccnc1)P(=O)(O)O,Risedronate,"I.d
                
I - Interstitial/parenchymal lung disease

                    I.d - Organizing pneumonia pattern (an area or areas of consolidation on imaging)                


                  XV.c
                
XV - Pathology

                    XV.c - Path: Organizing pneumonia (OP/BOOP) pattern (see also Id)",4194514,Both,risedronate
Cc1nc2n(c(=O)c1CCN1CCC(c3noc4cc(F)ccc34)CC1)CCCC2,Risperidone,"I.c
                
I - Interstitial/parenchymal lung disease

                    I.c - Eosinophilic pneumonia (pulmonary infiltrates and eosinophilia)                


                  I.e
                
I - Interstitial/parenchymal lung disease

                    I.e - Acute eosinophilic pneumonia (AEP)                


                  I.g
                
I - Interstitial/parenchymal lung disease

                    I.g - Pulmonary fibrosis                


                  IV.a
                
IV - Airway involvement

                    IV.a - Bronchospasm - Wheezing - Asthma                


                  IV.d
                
IV - Airway involvement

                    IV.d - Cough (lone)                


                  VI.a
                
VI - Pulmonary vasculopathies

                    VI.a - Pulmonary embolism - Venous thrombosis/thromboembolism                


                  VIII.e
                
VIII - Central-large-upper airway (incl. pharyngeal-nasal) involvement

                    VIII.e - Laryngospasm (a.k.a. laryngismus)                


                  IX.b
                
IX - Neuromuscular / CNS involvement - Disordered breathing (during sleep)

                    IX.b - Respiratory dyskinesia                


                  IX.d
                
IX - Neuromuscular / CNS involvement - Disordered breathing (during sleep)

                    IX.d - Respiratory failure from ventilatory depression (due to neuromuscular blockade/paralysis)                


                  XV.b
                
XV - Pathology

                    XV.b - Path: Eosinophilic pneumonia (subacute or acute)  (see also Ic)                


                  XV.c
                
XV - Pathology

                    XV.c - Path: Organizing pneumonia (OP/BOOP) pattern (see also Id)                


                  XV.h
                
XV - Pathology

                    XV.h - Path: NSIP-fibrotic pattern",5073,Both,risperidone
CC(NCCc1ccc(O)cc1)C(O)c1ccc(O)cc1,Ritodrine,"II.a
                
II - Pulmonary edema - Acute lung injury - ARDS

                    II.a - Pulmonary edema, noncardiogenic (NCPE)                


                  II.b
                
II - Pulmonary edema - Acute lung injury - ARDS

                    II.b - ARDS - Acute lung injury                


                  XVI.ay
                
XVI - Imaging

                    XVI.ay - Imaging: Asymmetrical, predominantly unilateral involvement",33572,Pneumotox_only,ritodrine
CC(C)c1nc(CN(C)C(=O)NC(C(=O)NC(Cc2ccccc2)CC(O)C(Cc2ccccc2)NC(=O)OCc2cncs2)C(C)C)cs1,Ritonavir,"I.b
                
I - Interstitial/parenchymal lung disease

                    I.b - Pneumonitis (ILD)",392622,Both,ritonavir
O=C(NCC1CN(c2ccc(N3CCOCC3=O)cc2)C(=O)O1)c1ccc(Cl)s1,Rivaroxaban,"I.a
                
I - Interstitial/parenchymal lung disease

                    I.a - Pneumonitis (ILD), acute and/or severe (may cause ARDS)                


                  I.b
                
I - Interstitial/parenchymal lung disease

                    I.b - Pneumonitis (ILD)                


                  III.a
                
III - Pulmonary/alveolar./airway hemorrhage/bleeding

                    III.a - Alveolar hemorrhage (AH), diffuse AH (DAH)                


                  V.e
                
V - Pleural and/or pericardial involvement

                    V.e - Hemothorax - Serosanguineous pleural effusion                


                  V.n
                
V - Pleural and/or pericardial involvement

                    V.n - Hemopericardium - Bloody pericardial effusion                


                  VIII.b
                
VIII - Central-large-upper airway (incl. pharyngeal-nasal) involvement

                    VIII.b - Hematoma of/around central airway wall potentially causing UAO                


                  VIII.q
                
VIII - Central-large-upper airway (incl. pharyngeal-nasal) involvement

                    VIII.q - Tongue involvement (edema, glossitis, hematoma)                


                  X.a
                
X - Systemic/Distant conditions, syndromes and reactions

                    X.a - DRES syndrome - DRESS-like reaction                


                  X.e
                
X - Systemic/Distant conditions, syndromes and reactions

                    X.e - Autoimmunity-Autoimmune conditions (+ANA, +anti-ds-DNA, +ANCAs, other auto-Abs)                


                  X.f
                
X - Systemic/Distant conditions, syndromes and reactions

                    X.f - Anaphylaxis-Anaphylactoid reaction (can be fatal)                


                  XII.k
                
XII - Cardiovascular involvement / toxicity

                    XII.k - Constrictive pericarditis - Pericardial thickening                


                  XV.ci
                
XV - Pathology

                    XV.ci - Path: Fibrinous pericarditis",9875401,Both,rivaroxaban
CCN(C)C(=O)Oc1cccc(C(C)N(C)C)c1,Rivastigmine,"VIII.a
                
VIII - Central-large-upper airway (incl. pharyngeal-nasal) involvement

                    VIII.a - Angioedema (may cause UAO, asphyxia and death)                


                  IX.d
                
IX - Neuromuscular / CNS involvement - Disordered breathing (during sleep)

                    IX.d - Respiratory failure from ventilatory depression (due to neuromuscular blockade/paralysis)                


                  XII.l
                
XII - Cardiovascular involvement / toxicity

                    XII.l - Cardiac arrhythmias or dysrhythmias (AF, VT, VF, TdP)",77991,Both,rivastigmine
C=CC(=O)Nc1cccc(Nc2nc(Nc3ccc(N4CCN(C(C)=O)CC4)cc3OC)ncc2C(F)(F)F)c1,Rociletinib,"I.b
                
I - Interstitial/parenchymal lung disease

                    I.b - Pneumonitis (ILD)",57335384,Pneumotox_only,rociletinib
CS(=O)(=O)c1ccc(C2=C(c3ccccc3)C(=O)OC2)cc1,Rofecoxib,"II.a
                
II - Pulmonary edema - Acute lung injury - ARDS

                    II.a - Pulmonary edema, noncardiogenic (NCPE)                


                  II.b
                
II - Pulmonary edema - Acute lung injury - ARDS

                    II.b - ARDS - Acute lung injury                


                  III.a
                
III - Pulmonary/alveolar./airway hemorrhage/bleeding

                    III.a - Alveolar hemorrhage (AH), diffuse AH (DAH)                


                  IV.a
                
IV - Airway involvement

                    IV.a - Bronchospasm - Wheezing - Asthma                


                  VIII.a
                
VIII - Central-large-upper airway (incl. pharyngeal-nasal) involvement

                    VIII.a - Angioedema (may cause UAO, asphyxia and death)                


                  X.f
                
X - Systemic/Distant conditions, syndromes and reactions

                    X.f - Anaphylaxis-Anaphylactoid reaction (can be fatal)",5090,Both,rofecoxib
CCC1=NC(=O)C2CSSCCC=CC(CC(=O)NC(C(C)C)C(=O)N2)OC(=O)C(C(C)C)NC1=O,Romidepsin,"I.b
                
I - Interstitial/parenchymal lung disease

                    I.b - Pneumonitis (ILD)",5352062,Both,romidepsin
CCCN(CCC)CCc1cccc2[nH]c(O)cc12,Ropinirole,"I.b
                
I - Interstitial/parenchymal lung disease

                    I.b - Pneumonitis (ILD)                


                  V.c
                
V - Pleural and/or pericardial involvement

                    V.c - Pleural thickening - Fibrothorax                


                  XII.b
                
XII - Cardiovascular involvement / toxicity

                    XII.b - Valvular heart disease and/or dysfunction",5095,Both,ropinirole
CC(C)=c1nc(N(C)S(C)(=O)=O)nc(-c2ccc(F)cc2)c1=CCC(O)CC(O)CC(=O)O,Rosuvastatin,"I.b
                
I - Interstitial/parenchymal lung disease

                    I.b - Pneumonitis (ILD)                


                  I.ar
                
I - Interstitial/parenchymal lung disease

                    I.ar - The association of ILD and myositis                


                  X.d
                
X - Systemic/Distant conditions, syndromes and reactions

                    X.d - Lupus - Lupus syndrome (see also Vd)                


                  X.j
                
X - Systemic/Distant conditions, syndromes and reactions

                    X.j - Myopathy-Myositis-Polymyositis (see also under Xba)                


                  XIX.f
                
XIX - Cytological, biochemical features of/in BAL, pleural fluid or FNA

                    XIX.f - BAL: Foamy macrophages",446157,Both,rosuvastatin
CCC1OC(=O)C(C)C(OC2CC(C)(OC)C(O)C(C)O2)C(C)C(OC2OC(C)CC(N(C)C)C2O)C(C)(O)CC(C)C(=NOCOCCOC)C(C)C(O)C1(C)O,Roxithromycin,"I.c
                
I - Interstitial/parenchymal lung disease

                    I.c - Eosinophilic pneumonia (pulmonary infiltrates and eosinophilia)                


                  X.h
                
X - Systemic/Distant conditions, syndromes and reactions

                    X.h - Eosinophilic granulomatosis with polyangiitis (Churg-Strauss)",444037,Both,roxithromycin
N#CCC(C1CCCC1)n1cc(-c2ncnc3[nH]ccc23)cn1,Ruxolitinib,"I.a
                
I - Interstitial/parenchymal lung disease

                    I.a - Pneumonitis (ILD), acute and/or severe (may cause ARDS)                


                  II.b
                
II - Pulmonary edema - Acute lung injury - ARDS

                    II.b - ARDS - Acute lung injury                


                  V.a
                
V - Pleural and/or pericardial involvement

                    V.a - Pleural effusion (uni- or bilateral) (can accompany DI-LDs)                


                  VI.b
                
VI - Pulmonary vasculopathies

                    VI.b - Pulmonary arterial hypertension                


                  IX.h
                
IX - Neuromuscular / CNS involvement - Disordered breathing (during sleep)

                    IX.h - Dyspnea, unexplained otherwise                


                  X.n
                
X - Systemic/Distant conditions, syndromes and reactions

                    X.n - Tumor lysis syndrome (TLS)                


                  X.al
                
X - Systemic/Distant conditions, syndromes and reactions

                    X.al - Drug withdrawal syndrome                


                  XI.d
                
XI - Miscellaneous

                    XI.d - Metabolic acidosis (incl. lactic acidosis/-gap). May cause hyperpnea/dyspnea                


                  XVII.b
                
XVII - Infections & related conditions

                    XVII.b - Opportunistic pulmonary/systemic infections                


                  XVII.e
                
XVII - Infections & related conditions

                    XVII.e - Pneumocystis jiroveci pneumonia                


                  XVII.g
                
XVII - Infections & related conditions

                    XVII.g - Tuberculosis (pulmonary, pulmonary, extrapulmonary or disseminated). Reactivation or de novo                


                  XVII.y
                
XVII - Infections & related conditions

                    XVII.y - Cryptococcus pulmonary and/or systemic infection",25126798,Both,ruxolitinib
CC1Cc2ccccc2N1C(=O)Cc1nc(=O)cc(N2CCOCC2)[nH]1,SAR260301,"I.a
                
I - Interstitial/parenchymal lung disease

                    I.a - Pneumonitis (ILD), acute and/or severe (may cause ARDS)                


                  I.b
                
I - Interstitial/parenchymal lung disease

                    I.b - Pneumonitis (ILD)",135565159,Pneumotox_only,sar260301
CCOC(=O)C(C)CC(Cc1ccc(-c2ccccc2)cc1)NC(=O)CCC(=O)O,Sacubitril,"IV.d
                
IV - Airway involvement

                    IV.d - Cough (lone)                


                  VIII.a
                
VIII - Central-large-upper airway (incl. pharyngeal-nasal) involvement

                    VIII.a - Angioedema (may cause UAO, asphyxia and death)",9811834,Pneumotox_only,sacubitril
N#CC1CC2CC2N1C(=O)C(N)C12CC3CC(CC(O)(C3)C1)C2,Saxagliptin,"VIII.a
                
VIII - Central-large-upper airway (incl. pharyngeal-nasal) involvement

                    VIII.a - Angioedema (may cause UAO, asphyxia and death)",11235729,Both,saxagliptin
CN1C2CC(OC(=O)C(CO)c3ccccc3)CC1C1OC12,Scopolamine,"XII.l
                
XII - Cardiovascular involvement / toxicity

                    XII.l - Cardiac arrhythmias or dysrhythmias (AF, VT, VF, TdP)",5184,Both,scopolamine
COc1ccc(CN2C3CC2CN(c2ccc(-c4cc(OCC(C)(C)O)cn5ncc(C#N)c45)cn2)C3)cn1,Selpercatinib,"I.b
                
I - Interstitial/parenchymal lung disease

                    I.b - Pneumonitis (ILD)                


                  I.h
                
I - Interstitial/parenchymal lung disease

                    I.h - Subclinical pulmonary infiltrates/ILD                


                  XV.c
                
XV - Pathology

                    XV.c - Path: Organizing pneumonia (OP/BOOP) pattern (see also Id)",134436906,Both,selpercatinib
Cn1cnc2c(F)c(Nc3ccc(Br)cc3Cl)c(C(=O)NOCCO)cc21,Selumetinib,"I.b
                
I - Interstitial/parenchymal lung disease

                    I.b - Pneumonitis (ILD)                


                  XVII.e
                
XVII - Infections & related conditions

                    XVII.e - Pneumocystis jiroveci pneumonia",10127622,Both,selumetinib
CCC(C)C(NC(=O)C(Cc1ccccc1)NC(=O)C(CCC(=O)O)NC(=O)C(CCCCNC(=O)COCCOCCNC(=O)COCCOCCNC(=O)CCC(NC(=O)CCCCCCCCCCCCCCCCC(=O)O)C(=O)O)NC(=O)C(C)NC(=O)C(C)NC(=O)C(CCC(N)=O)NC(=O)CNC(=O)C(CCC(=O)O)NC(=O)C(CC(C)C)NC(=O)C(Cc1ccc(O)cc1)NC(=O)C(CO)NC(=O)C(CO)NC(=O)C(NC(=O)C(CC(=O)O)NC(=O)C(CO)NC(=O)C(NC(=O)C(Cc1ccccc1)NC(=O)C(NC(=O)CNC(=O)C(CCC(=O)O)NC(=O)C(C)(C)NC(=O)C(N)Cc1c[nH]cn1)C(C)O)C(C)O)C(C)C)C(=O)NC(C)C(=O)NC(Cc1c[nH]c2ccccc12)C(=O)NC(CC(C)C)C(=O)NC(C(=O)NC(CCCNC(=N)N)C(=O)NCC(=O)NC(CCCNC(=N)N)C(=O)NCC(=O)O)C(C)C,Semaglutide,"XI.g
                
XI - Miscellaneous

                    XI.g - Aspiration, aspiration pneumonia (w/wo demonstrable pharyngeal dysmotility)",56843331,Pneumotox_only,semaglutide
CNC1CCC(c2ccc(Cl)c(Cl)c2)c2ccccc21,Sertraline,"I.a
                
I - Interstitial/parenchymal lung disease

                    I.a - Pneumonitis (ILD), acute and/or severe (may cause ARDS)                


                  I.b
                
I - Interstitial/parenchymal lung disease

                    I.b - Pneumonitis (ILD)                


                  I.c
                
I - Interstitial/parenchymal lung disease

                    I.c - Eosinophilic pneumonia (pulmonary infiltrates and eosinophilia)                


                  I.d
                
I - Interstitial/parenchymal lung disease

                    I.d - Organizing pneumonia pattern (an area or areas of consolidation on imaging)                


                  I.e
                
I - Interstitial/parenchymal lung disease

                    I.e - Acute eosinophilic pneumonia (AEP)                


                  I.g
                
I - Interstitial/parenchymal lung disease

                    I.g - Pulmonary fibrosis                


                  I.l
                
I - Interstitial/parenchymal lung disease

                    I.l - Diffuse alveolar damage (DAD) (see alsoo under IIb and XVf)                


                  IV.f
                
IV - Airway involvement

                    IV.f - Severe or catastrophic bronchospasm or asthma attack (can be fatal)                


                  V.a
                
V - Pleural and/or pericardial involvement

                    V.a - Pleural effusion (uni- or bilateral) (can accompany DI-LDs)                


                  V.ad
                
V - Pleural and/or pericardial involvement

                    V.ad - Pleural effusion and drug-induced ILD                


                  VI.g
                
VI - Pulmonary vasculopathies

                    VI.g - Foreign body pulmonary vasculopathy (Excipient lung disease)                


                  VIII.a
                
VIII - Central-large-upper airway (incl. pharyngeal-nasal) involvement

                    VIII.a - Angioedema (may cause UAO, asphyxia and death)                


                  X.d
                
X - Systemic/Distant conditions, syndromes and reactions

                    X.d - Lupus - Lupus syndrome (see also Vd)                


                  XV.b
                
XV - Pathology

                    XV.b - Path: Eosinophilic pneumonia (subacute or acute)  (see also Ic)                


                  XV.c
                
XV - Pathology

                    XV.c - Path: Organizing pneumonia (OP/BOOP) pattern (see also Id)                


                  XV.h
                
XV - Pathology

                    XV.h - Path: NSIP-fibrotic pattern                


                  XIX.a
                
XIX - Cytological, biochemical features of/in BAL, pleural fluid or FNA

                    XIX.a - BAL: An excess proportion of lymphocytes                


                  XIX.c
                
XIX - Cytological, biochemical features of/in BAL, pleural fluid or FNA

                    XIX.c - BAL: An excess proportion of eosinophils",68617,Both,sertraline
FCOC(C(F)(F)F)C(F)(F)F,Sevoflurane,"II.b
                
II - Pulmonary edema - Acute lung injury - ARDS

                    II.b - ARDS - Acute lung injury                


                  III.a
                
III - Pulmonary/alveolar./airway hemorrhage/bleeding

                    III.a - Alveolar hemorrhage (AH), diffuse AH (DAH)                


                  VIII.k
                
VIII - Central-large-upper airway (incl. pharyngeal-nasal) involvement

                    VIII.k - Airway fire/explosion                


                  XIV.c
                
XIV - Hemoglobinopathies - Abnormal hemoglobin states (acquired)

                    XIV.c - Carboxyhemoglobinemia",5206,Both,sevoflurane
CC(C)CC(N(C)C)C1(c2ccc(Cl)cc2)CCC1,Sibutramine,"VI.b
                
VI - Pulmonary vasculopathies

                    VI.b - Pulmonary arterial hypertension                


                  VI.t
                
VI - Pulmonary vasculopathies

                    VI.t - Pulmonary artery aneurysm(s)",5210,Both,sibutramine
CCCc1nn(C)c2c(=O)[nH]c(-c3cc(S(=O)(=O)N4CCN(C)CC4)ccc3OCC)nc12,Sildenafil,"III.a
                
III - Pulmonary/alveolar./airway hemorrhage/bleeding

                    III.a - Alveolar hemorrhage (AH), diffuse AH (DAH)                


                  III.c
                
III - Pulmonary/alveolar./airway hemorrhage/bleeding

                    III.c - Hemoptysis                


                  IV.a
                
IV - Airway involvement

                    IV.a - Bronchospasm - Wheezing - Asthma                


                  V.a
                
V - Pleural and/or pericardial involvement

                    V.a - Pleural effusion (uni- or bilateral) (can accompany DI-LDs)                


                  V.e
                
V - Pleural and/or pericardial involvement

                    V.e - Hemothorax - Serosanguineous pleural effusion                


                  VIII.f
                
VIII - Central-large-upper airway (incl. pharyngeal-nasal) involvement

                    VIII.f - Central airway instability - Tracheomalacia                


                  XII.m
                
XII - Cardiovascular involvement / toxicity

                    XII.m - Cardiac- cardiorespiratory/pulmonary arrest",135398744,Both,sildenafil
COc1ccc2c(OC3CC4C(=O)NC5(C(=O)NS(=O)(=O)C6CC6)CC5C=CCCCCN(C)C(=O)C4C3)cc(-c3nc(C(C)C)cs3)nc2c1C,Simeprevir,"I.b
                
I - Interstitial/parenchymal lung disease

                    I.b - Pneumonitis (ILD)                


                  XV.f
                
XV - Pathology

                    XV.f - Path: Diffuse alveolar damage (DAD-pattern) (see also IL)",24873435,Both,simeprevir
CCC(C)(C)C(=O)OC1CC(C)C=C2C=CC(C)C(CCC3CC(O)CC(=O)O3)C21,Simvastatin,"I.b
                
I - Interstitial/parenchymal lung disease

                    I.b - Pneumonitis (ILD)                


                  I.c
                
I - Interstitial/parenchymal lung disease

                    I.c - Eosinophilic pneumonia (pulmonary infiltrates and eosinophilia)                


                  I.d
                
I - Interstitial/parenchymal lung disease

                    I.d - Organizing pneumonia pattern (an area or areas of consolidation on imaging)                


                  I.e
                
I - Interstitial/parenchymal lung disease

                    I.e - Acute eosinophilic pneumonia (AEP)                


                  I.l
                
I - Interstitial/parenchymal lung disease

                    I.l - Diffuse alveolar damage (DAD) (see alsoo under IIb and XVf)                


                  I.x
                
I - Interstitial/parenchymal lung disease

                    I.x - Pleuroparenchymal fibroelastosis (PPFE)                


                  V.b
                
V - Pleural and/or pericardial involvement

                    V.b - Eosinophilic pleural effusion                


                  V.d
                
V - Pleural and/or pericardial involvement

                    V.d - Pleural/pericardial effusion, ANA positive (DI lupus)                


                  V.h
                
V - Pleural and/or pericardial involvement

                    V.h - Chylothorax                


                  IX.a
                
IX - Neuromuscular / CNS involvement - Disordered breathing (during sleep)

                    IX.a - Diaphragm/inspiratory muscle weakness/paralysis (w/wo ARF)                


                  X.j
                
X - Systemic/Distant conditions, syndromes and reactions

                    X.j - Myopathy-Myositis-Polymyositis (see also under Xba)                


                  XI.b
                
XI - Miscellaneous

                    XI.b - Chest pain (acute or subacute), lone or prominent                


                  XV.a
                
XV - Pathology

                    XV.a - Path: NSIP-cellular pattern (see also Ia, Ib)                


                  XV.o
                
XV - Pathology

                    XV.o - Path: Endogenous lipoid pneumonia (phospholipidosis)                


                  XV.ap
                
XV - Pathology

                    XV.ap - Path: Pleuroparenchymal fibrosis/fibroelastosis (PPFE)",54454,Both,simvastatin
COC1CC2CCC(C)C(O)(O2)C(=O)C(=O)N2CCCCC2C(=O)OC(C(C)CC2CCC(O)C(OC)C2)CC(=O)C(C)=CC(C)C(O)C(OC)C(=O)C(C)CC(C)C=CC=CC=C1C,Sirolimus,"I.a
                
I - Interstitial/parenchymal lung disease

                    I.a - Pneumonitis (ILD), acute and/or severe (may cause ARDS)                


                  I.b
                
I - Interstitial/parenchymal lung disease

                    I.b - Pneumonitis (ILD)                


                  I.d
                
I - Interstitial/parenchymal lung disease

                    I.d - Organizing pneumonia pattern (an area or areas of consolidation on imaging)                


                  I.f
                
I - Interstitial/parenchymal lung disease

                    I.f - Acute fibrinous organizing pneumonia (AFOP)                


                  I.l
                
I - Interstitial/parenchymal lung disease

                    I.l - Diffuse alveolar damage (DAD) (see alsoo under IIb and XVf)                


                  I.m
                
I - Interstitial/parenchymal lung disease

                    I.m - ILD with a granulomatous component                


                  I.n
                
I - Interstitial/parenchymal lung disease

                    I.n - Pulmonary alveolar proteinosis (PAP)                


                  II.b
                
II - Pulmonary edema - Acute lung injury - ARDS

                    II.b - ARDS - Acute lung injury                


                  III.a
                
III - Pulmonary/alveolar./airway hemorrhage/bleeding

                    III.a - Alveolar hemorrhage (AH), diffuse AH (DAH)                


                  IV.d
                
IV - Airway involvement

                    IV.d - Cough (lone)                


                  IV.l
                
IV - Airway involvement

                    IV.l - Bronchial stump dehiscence                


                  V.m
                
V - Pleural and/or pericardial involvement

                    V.m - Pleuropericarditis - Pleuropericardial effusion (ANA unknown or negative)                


                  VI.a
                
VI - Pulmonary vasculopathies

                    VI.a - Pulmonary embolism - Venous thrombosis/thromboembolism                


                  VI.d
                
VI - Pulmonary vasculopathies

                    VI.d - Pulmonary vasculitis or capillaritis                


                  VI.f
                
VI - Pulmonary vasculopathies

                    VI.f - Hemolytic and uremic syndrome (HUS). See also under Xaf                


                  VIII.a
                
VIII - Central-large-upper airway (incl. pharyngeal-nasal) involvement

                    VIII.a - Angioedema (may cause UAO, asphyxia and death)                


                  X.c
                
X - Systemic/Distant conditions, syndromes and reactions

                    X.c - Capillary leak syndrome (CLS)                


                  XII.c
                
XII - Cardiovascular involvement / toxicity

                    XII.c - Pericardial effusion (w/wo tamponade)                


                  XV.c
                
XV - Pathology

                    XV.c - Path: Organizing pneumonia (OP/BOOP) pattern (see also Id)                


                  XV.d
                
XV - Pathology

                    XV.d - Path: Acute fibrinous organizing pneumonia (AFOP-pattern) (see also If)                


                  XV.e
                
XV - Pathology

                    XV.e - Path: ILD with a granulomatous component (see also Im)                


                  XV.f
                
XV - Pathology

                    XV.f - Path: Diffuse alveolar damage (DAD-pattern) (see also IL)                


                  XV.g
                
XV - Pathology

                    XV.g - Path: Alveolar hemorrhage (see also IIIa)                


                  XV.k
                
XV - Pathology

                    XV.k - Path: Desquamative interstitial pneumonia (DIP-pattern)                


                  XV.m
                
XV - Pathology

                    XV.m - Path: Lymphoid hyperplasia (including nodular- or a lymphocytic interstitial pneumonia pattern)                


                  XV.n
                
XV - Pathology

                    XV.n - Path: Pulmonary alveolar proteinosis pattern (PAP pattern)                


                  XV.ac
                
XV - Pathology

                    XV.ac - Path: Pulmonary vasculitis other than capillaritis                


                  XV.bf
                
XV - Pathology

                    XV.bf - Path: Pulmonary necrotizing granuloma or granulomas                


                  XVI.b
                
XVI - Imaging

                    XVI.b - Imaging: Ground-glass opacities (GGO) / shadowing                


                  XVI.k
                
XVI - Imaging

                    XVI.k - Imaging: An area or areas of consolidation                


                  XVII.b
                
XVII - Infections & related conditions

                    XVII.b - Opportunistic pulmonary/systemic infections                


                  XVII.e
                
XVII - Infections & related conditions

                    XVII.e - Pneumocystis jiroveci pneumonia                


                  XIX.a
                
XIX - Cytological, biochemical features of/in BAL, pleural fluid or FNA

                    XIX.a - BAL: An excess proportion of lymphocytes",5284616,Both,sirolimus
NC(CC(=O)N1CCn2c(nnc2C(F)(F)F)C1)Cc1cc(F)c(F)cc1F,Sitagliptin,"I.b
                
I - Interstitial/parenchymal lung disease

                    I.b - Pneumonitis (ILD)                


                  II.a
                
II - Pulmonary edema - Acute lung injury - ARDS

                    II.a - Pulmonary edema, noncardiogenic (NCPE)                


                  IV.d
                
IV - Airway involvement

                    IV.d - Cough (lone)                


                  VIII.a
                
VIII - Central-large-upper airway (incl. pharyngeal-nasal) involvement

                    VIII.a - Angioedema (may cause UAO, asphyxia and death)",4369359,Both,sitagliptin
O=C([O-])CCCO,Sodium oxybate,"IX.e
                
IX - Neuromuscular / CNS involvement - Disordered breathing (during sleep)

                    IX.e - Disordered breathing pattern incl. Cheyne-Stokes respiration                


                  IX.p
                
IX - Neuromuscular / CNS involvement - Disordered breathing (during sleep)

                    IX.p - Disordered breathing during sleep - Sleep apnea                


                  IX.u
                
IX - Neuromuscular / CNS involvement - Disordered breathing (during sleep)

                    IX.u - Central sleep apnea",23663870,Both,oxybate
CC(C)OC(=O)C(C)NP(=O)(OCC1OC(n2ccc(=O)[nH]c2=O)C(C)(F)C1O)Oc1ccccc1,Sofosbuvir,"I.a
                
I - Interstitial/parenchymal lung disease

                    I.a - Pneumonitis (ILD), acute and/or severe (may cause ARDS)                


                  I.b
                
I - Interstitial/parenchymal lung disease

                    I.b - Pneumonitis (ILD)                


                  IV.a
                
IV - Airway involvement

                    IV.a - Bronchospasm - Wheezing - Asthma                


                  VI.b
                
VI - Pulmonary vasculopathies

                    VI.b - Pulmonary arterial hypertension                


                  IX.h
                
IX - Neuromuscular / CNS involvement - Disordered breathing (during sleep)

                    IX.h - Dyspnea, unexplained otherwise                


                  X.s
                
X - Systemic/Distant conditions, syndromes and reactions

                    X.s - Vasculitis, pulmonary (w/wo AH), extrapulmonary, systemic: ANCA-positive                


                  XV.f
                
XV - Pathology

                    XV.f - Path: Diffuse alveolar damage (DAD-pattern) (see also IL)                


                  XVII.f
                
XVII - Infections & related conditions

                    XVII.f - Tuberculosis, miliary",45375808,Both,sofosbuvir
CNC(=O)c1cc(Oc2ccc(NC(=O)Nc3ccc(Cl)c(C(F)(F)F)c3)cc2)ccn1,Sorafenib,"I.a
                
I - Interstitial/parenchymal lung disease

                    I.a - Pneumonitis (ILD), acute and/or severe (may cause ARDS)                


                  I.b
                
I - Interstitial/parenchymal lung disease

                    I.b - Pneumonitis (ILD)                


                  II.b
                
II - Pulmonary edema - Acute lung injury - ARDS

                    II.b - ARDS - Acute lung injury                


                  IV.a
                
IV - Airway involvement

                    IV.a - Bronchospasm - Wheezing - Asthma                


                  V.f
                
V - Pleural and/or pericardial involvement

                    V.f - Pneumothorax                


                  X.n
                
X - Systemic/Distant conditions, syndromes and reactions

                    X.n - Tumor lysis syndrome (TLS)                


                  XII.a
                
XII - Cardiovascular involvement / toxicity

                    XII.a - Left or biventricular dysfunction/failure                


                  XV.f
                
XV - Pathology

                    XV.f - Path: Diffuse alveolar damage (DAD-pattern) (see also IL)                


                  XVI.ab
                
XVI - Imaging

                    XVI.ab - Imaging: Cavitating/cavitary lung nodule, mass or nodules (see also Iq, XIs, XIIi, XVIaa and XVIIp)                


                  XVI.bf
                
XVI - Imaging

                    XVI.bf - Imaging: Tumoral cavitation                


                  XVII.g
                
XVII - Infections & related conditions

                    XVII.g - Tuberculosis (pulmonary, pulmonary, extrapulmonary or disseminated). Reactivation or de novo",216239,Both,sorafenib
CC(C)NCC(O)c1ccc(NS(C)(=O)=O)cc1,Sotalol,"I.d
                
I - Interstitial/parenchymal lung disease

                    I.d - Organizing pneumonia pattern (an area or areas of consolidation on imaging)                


                  I.u
                
I - Interstitial/parenchymal lung disease

                    I.u - Relapsing or migrating pneumonitis/pneumonia (see also Id)                


                  IV.a
                
IV - Airway involvement

                    IV.a - Bronchospasm - Wheezing - Asthma",5253,Both,sotalol
C=CC(=O)N1CCN(c2nc(=O)n(-c3c(C)ccnc3C(C)C)c3nc(-c4c(O)cccc4F)c(F)cc23)C(C)C1,Sotorasib,"I.b
                
I - Interstitial/parenchymal lung disease

                    I.b - Pneumonitis (ILD)",137278711,Both,sotorasib
C[CH2][Ge]1([CH2]C)[CH2]CC2(CCN(CCCN(C)C)C2)C[CH2]1,Spirogermanium,"I.b
                
I - Interstitial/parenchymal lung disease

                    I.b - Pneumonitis (ILD)",39075,Pneumotox_only,spirogermanium
CC(=O)SC1C=C2CC(=O)CCC2(C)C2CCC3(C)C(CCC34CCC(=O)O4)C12,Spironolactone,"X.a
                
X - Systemic/Distant conditions, syndromes and reactions

                    X.a - DRES syndrome - DRESS-like reaction",5833,Both,spironolactone
O=C(O)C1CC(C2CCCCC2)CN1,Streptokinase,"II.b
                
II - Pulmonary edema - Acute lung injury - ARDS

                    II.b - ARDS - Acute lung injury                


                  III.a
                
III - Pulmonary/alveolar./airway hemorrhage/bleeding

                    III.a - Alveolar hemorrhage (AH), diffuse AH (DAH)                


                  III.c
                
III - Pulmonary/alveolar./airway hemorrhage/bleeding

                    III.c - Hemoptysis                


                  IV.a
                
IV - Airway involvement

                    IV.a - Bronchospasm - Wheezing - Asthma                


                  IV.f
                
IV - Airway involvement

                    IV.f - Severe or catastrophic bronchospasm or asthma attack (can be fatal)                


                  VII.g
                
VII - Mediastinal involvement

                    VII.g - Hemomediastinum - Mediastinal hematoma                


                  VIII.b
                
VIII - Central-large-upper airway (incl. pharyngeal-nasal) involvement

                    VIII.b - Hematoma of/around central airway wall potentially causing UAO                


                  X.f
                
X - Systemic/Distant conditions, syndromes and reactions

                    X.f - Anaphylaxis-Anaphylactoid reaction (can be fatal)",9815560,Both,streptokinase
CNC1C(OC2C(OC3C(O)C(O)C(N=C(N)N)C(O)C3N=C(N)N)OC(C)C2(O)C=O)OC(CO)C(O)C1O,Streptomycin,"I.b
                
I - Interstitial/parenchymal lung disease

                    I.b - Pneumonitis (ILD)                


                  I.c
                
I - Interstitial/parenchymal lung disease

                    I.c - Eosinophilic pneumonia (pulmonary infiltrates and eosinophilia)                


                  IX.a
                
IX - Neuromuscular / CNS involvement - Disordered breathing (during sleep)

                    IX.a - Diaphragm/inspiratory muscle weakness/paralysis (w/wo ARF)                


                  X.a
                
X - Systemic/Distant conditions, syndromes and reactions

                    X.a - DRES syndrome - DRESS-like reaction",19649,Both,streptomycin
N#Cc1c(N(CC(=O)[O-])CC(=O)[O-])sc(C(=O)[O-])c1CC(=O)[O-].[Sr+2].[Sr+2],Strontium ranelate,"VI.a
                
VI - Pulmonary vasculopathies

                    VI.a - Pulmonary embolism - Venous thrombosis/thromboembolism                


                  X.a
                
X - Systemic/Distant conditions, syndromes and reactions

                    X.a - DRES syndrome - DRESS-like reaction",6918182,Both,strontium ranelate
O=C1CC2OCC=C3CN4CCC56c7ccccc7N1C5C2C3CC46,Strychnine,"IX.c
                
IX - Neuromuscular / CNS involvement - Disordered breathing (during sleep)

                    IX.c - Chest wall muscle rigidity - Stiff/wooden chest                


                  XI.d
                
XI - Miscellaneous

                    XI.d - Metabolic acidosis (incl. lactic acidosis/-gap). May cause hyperpnea/dyspnea",441071,Pneumotox_only,strychnine
CCC(=O)N(c1ccccc1)C1(COC)CCN(CCc2cccs2)CC1,Sufentanil,"IV.e
                
IV - Airway involvement

                    IV.e - Cough (acute, violent, explosive)                


                  VIII.h
                
VIII - Central-large-upper airway (incl. pharyngeal-nasal) involvement

                    VIII.h - Vocal cord dysfunction, adduction, closure, injury                


                  IX.d
                
IX - Neuromuscular / CNS involvement - Disordered breathing (during sleep)

                    IX.d - Respiratory failure from ventilatory depression (due to neuromuscular blockade/paralysis)",41693,Both,sufentanil
O=C(O)CCSCC1OC2OC3C(CSCCC(=O)O)OC(OC4C(CSCCC(=O)O)OC(OC5C(CSCCC(=O)O)OC(OC6C(CSCCC(=O)O)OC(OC7C(CSCCC(=O)O)OC(OC8C(CSCCC(=O)O)OC(OC9C(CSCCC(=O)O)OC(OC1C(O)C2O)C(O)C9O)C(O)C8O)C(O)C7O)C(O)C6O)C(O)C5O)C(O)C4O)C(O)C3O,Sugammadex,"II.g
                
II - Pulmonary edema - Acute lung injury - ARDS

                    II.g - Negative pressure pulmonary edema (NPPE)                


                  IV.a
                
IV - Airway involvement

                    IV.a - Bronchospasm - Wheezing - Asthma                


                  IV.d
                
IV - Airway involvement

                    IV.d - Cough (lone)                


                  IV.f
                
IV - Airway involvement

                    IV.f - Severe or catastrophic bronchospasm or asthma attack (can be fatal)                


                  VIII.a
                
VIII - Central-large-upper airway (incl. pharyngeal-nasal) involvement

                    VIII.a - Angioedema (may cause UAO, asphyxia and death)                


                  VIII.e
                
VIII - Central-large-upper airway (incl. pharyngeal-nasal) involvement

                    VIII.e - Laryngospasm (a.k.a. laryngismus)                


                  X.f
                
X - Systemic/Distant conditions, syndromes and reactions

                    X.f - Anaphylaxis-Anaphylactoid reaction (can be fatal)",6918585,Both,sugammadex
CC(=O)NS(=O)(=O)c1ccc(N)cc1,Sulfacetamide,"XIV.a
                
XIV - Hemoglobinopathies - Abnormal hemoglobin states (acquired)

                    XIV.a - Methemoglobinemia",5320,Pneumotox_only,sulfacetamide
Nc1ccc(S(=O)(=O)Nc2ncccn2)cc1,Sulfadiazine,"XIV.a
                
XIV - Hemoglobinopathies - Abnormal hemoglobin states (acquired)

                    XIV.a - Methemoglobinemia",5215,Pneumotox_only,sulfadiazine
COc1ncnc(NS(=O)(=O)c2ccc(N)cc2)c1OC,Sulfadoxine,"I.c
                
I - Interstitial/parenchymal lung disease

                    I.c - Eosinophilic pneumonia (pulmonary infiltrates and eosinophilia)                


                  X.a
                
X - Systemic/Distant conditions, syndromes and reactions

                    X.a - DRES syndrome - DRESS-like reaction",17134,Pneumotox_only,sulfadoxine
COc1ccc(NS(=O)(=O)c2ccc(N)cc2)nn1,Sulfamethoxypyridazine,"I.b
                
I - Interstitial/parenchymal lung disease

                    I.b - Pneumonitis (ILD)                


                  IV.c
                
IV - Airway involvement

                    IV.c - Obliterative bronchiolitis (a pattern consistent with) (see also IVn, XVx)",5330,Pneumotox_only,sulfamethoxypyridazine
Nc1ccc(S(N)(=O)=O)cc1,Sulfanilamide,"XIV.a
                
XIV - Hemoglobinopathies - Abnormal hemoglobin states (acquired)

                    XIV.a - Methemoglobinemia                


                  XIV.b
                
XIV - Hemoglobinopathies - Abnormal hemoglobin states (acquired)

                    XIV.b - Sulfhemoglobinemia",5333,Pneumotox_only,sulfanilamide
O=C(O)c1cc(N=Nc2ccc(S(=O)(=O)Nc3ccccn3)cc2)ccc1O,Sulfasalazine,"I.a
                
I - Interstitial/parenchymal lung disease

                    I.a - Pneumonitis (ILD), acute and/or severe (may cause ARDS)                


                  I.b
                
I - Interstitial/parenchymal lung disease

                    I.b - Pneumonitis (ILD)                


                  I.c
                
I - Interstitial/parenchymal lung disease

                    I.c - Eosinophilic pneumonia (pulmonary infiltrates and eosinophilia)                


                  I.d
                
I - Interstitial/parenchymal lung disease

                    I.d - Organizing pneumonia pattern (an area or areas of consolidation on imaging)                


                  I.g
                
I - Interstitial/parenchymal lung disease

                    I.g - Pulmonary fibrosis                


                  I.m
                
I - Interstitial/parenchymal lung disease

                    I.m - ILD with a granulomatous component                


                  II.d
                
II - Pulmonary edema - Acute lung injury - ARDS

                    II.d - Pulmonary edema, cardiogenic                


                  IV.y
                
IV - Airway involvement

                    IV.y - Eosinophilic airway disease (asthma, bronchitis, bronchiolitis)                


                  V.a
                
V - Pleural and/or pericardial involvement

                    V.a - Pleural effusion (uni- or bilateral) (can accompany DI-LDs)                


                  V.b
                
V - Pleural and/or pericardial involvement

                    V.b - Eosinophilic pleural effusion                


                  V.d
                
V - Pleural and/or pericardial involvement

                    V.d - Pleural/pericardial effusion, ANA positive (DI lupus)                


                  V.m
                
V - Pleural and/or pericardial involvement

                    V.m - Pleuropericarditis - Pleuropericardial effusion (ANA unknown or negative)                


                  VI.d
                
VI - Pulmonary vasculopathies

                    VI.d - Pulmonary vasculitis or capillaritis                


                  VII.a
                
VII - Mediastinal involvement

                    VII.a - Lymphadenopathy (intrathoracic)                


                  X.a
                
X - Systemic/Distant conditions, syndromes and reactions

                    X.a - DRES syndrome - DRESS-like reaction                


                  X.d
                
X - Systemic/Distant conditions, syndromes and reactions

                    X.d - Lupus - Lupus syndrome (see also Vd)                


                  X.g
                
X - Systemic/Distant conditions, syndromes and reactions

                    X.g - Hypersensitivity reaction (may manifest with fever and/or skin, throat or airway involvement)                


                  X.k
                
X - Systemic/Distant conditions, syndromes and reactions

                    X.k - Sarcoid-like granulomatosis (endo-/extrathoracic)                


                  X.s
                
X - Systemic/Distant conditions, syndromes and reactions

                    X.s - Vasculitis, pulmonary (w/wo AH), extrapulmonary, systemic: ANCA-positive                


                  X.u
                
X - Systemic/Distant conditions, syndromes and reactions

                    X.u - Multiple organ dysfunction/failure (MODS/MOF)                


                  XI.b
                
XI - Miscellaneous

                    XI.b - Chest pain (acute or subacute), lone or prominent                


                  XI.c
                
XI - Miscellaneous

                    XI.c - Pleuritic chest pain                


                  XII.c
                
XII - Cardiovascular involvement / toxicity

                    XII.c - Pericardial effusion (w/wo tamponade)                


                  XII.d
                
XII - Cardiovascular involvement / toxicity

                    XII.d - Myocarditis (can be fulminant)                


                  XII.h
                
XII - Cardiovascular involvement / toxicity

                    XII.h - Eosinophilic myocarditis                


                  XIV.a
                
XIV - Hemoglobinopathies - Abnormal hemoglobin states (acquired)

                    XIV.a - Methemoglobinemia                


                  XV.c
                
XV - Pathology

                    XV.c - Path: Organizing pneumonia (OP/BOOP) pattern (see also Id)                


                  XV.e
                
XV - Pathology

                    XV.e - Path: ILD with a granulomatous component (see also Im)                


                  XV.f
                
XV - Pathology

                    XV.f - Path: Diffuse alveolar damage (DAD-pattern) (see also IL)                


                  XV.k
                
XV - Pathology

                    XV.k - Path: Desquamative interstitial pneumonia (DIP-pattern)                


                  XV.ac
                
XV - Pathology

                    XV.ac - Path: Pulmonary vasculitis other than capillaritis                


                  XVII.w
                
XVII - Infections & related conditions

                    XVII.w - Hypogammaglobulinemia - Antibody deficiency                


                  XIX.a
                
XIX - Cytological, biochemical features of/in BAL, pleural fluid or FNA

                    XIX.a - BAL: An excess proportion of lymphocytes                


                  XIX.c
                
XIX - Cytological, biochemical features of/in BAL, pleural fluid or FNA

                    XIX.c - BAL: An excess proportion of eosinophils",5339,Both,sulfasalazine
O=S(O)CNc1ccc(S(=O)(=O)c2ccc(NCS(=O)O)cc2)cc1,Sulfoxone,"XIV.a
                
XIV - Hemoglobinopathies - Abnormal hemoglobin states (acquired)

                    XIV.a - Methemoglobinemia",5351,Pneumotox_only,sulfoxone
CC1=C(CC(=O)O)c2cc(F)ccc2C1=Cc1ccc([S+](C)[O-])cc1,Sulindac,"I.c
                
I - Interstitial/parenchymal lung disease

                    I.c - Eosinophilic pneumonia (pulmonary infiltrates and eosinophilia)                


                  I.d
                
I - Interstitial/parenchymal lung disease

                    I.d - Organizing pneumonia pattern (an area or areas of consolidation on imaging)                


                  VII.a
                
VII - Mediastinal involvement

                    VII.a - Lymphadenopathy (intrathoracic)                


                  X.a
                
X - Systemic/Distant conditions, syndromes and reactions

                    X.a - DRES syndrome - DRESS-like reaction                


                  X.u
                
X - Systemic/Distant conditions, syndromes and reactions

                    X.u - Multiple organ dysfunction/failure (MODS/MOF)",1548887,Both,sulindac
CS(=O)(=O)NC(=O)CCCC=CCC1C(=O)CC(O)C1C=CC(O)COc1ccccc1,Sulprostone,"II.a
                
II - Pulmonary edema - Acute lung injury - ARDS

                    II.a - Pulmonary edema, noncardiogenic (NCPE)",5312153,Pneumotox_only,sulprostone
NS(=O)(=O)c1ccc(N2CCCCS2(=O)=O)cc1,Sulthiame,"X.a
                
X - Systemic/Distant conditions, syndromes and reactions

                    X.a - DRES syndrome - DRESS-like reaction",5356,Pneumotox_only,sulthiame
CNS(=O)(=O)Cc1ccc2[nH]cc(CCN(C)C)c2c1,Sumatriptan,"XI.b
                
XI - Miscellaneous

                    XI.b - Chest pain (acute or subacute), lone or prominent                


                  XII.g
                
XII - Cardiovascular involvement / toxicity

                    XII.g - Coronary artery disease (acute) - Myocardial ischemia/infarction                


                  XII.h
                
XII - Cardiovascular involvement / toxicity

                    XII.h - Eosinophilic myocarditis",5358,Both,sumatriptan
C=c1c(C(=O)NCCN(CC)CC)c(C)[nH]c1=Cc1c(O)[nH]c2ccc(F)cc12,Sunitinib,"I.a
                
I - Interstitial/parenchymal lung disease

                    I.a - Pneumonitis (ILD), acute and/or severe (may cause ARDS)                


                  I.b
                
I - Interstitial/parenchymal lung disease

                    I.b - Pneumonitis (ILD)                


                  II.d
                
II - Pulmonary edema - Acute lung injury - ARDS

                    II.d - Pulmonary edema, cardiogenic                


                  III.a
                
III - Pulmonary/alveolar./airway hemorrhage/bleeding

                    III.a - Alveolar hemorrhage (AH), diffuse AH (DAH)                


                  V.a
                
V - Pleural and/or pericardial involvement

                    V.a - Pleural effusion (uni- or bilateral) (can accompany DI-LDs)                


                  V.m
                
V - Pleural and/or pericardial involvement

                    V.m - Pleuropericarditis - Pleuropericardial effusion (ANA unknown or negative)                


                  VI.a
                
VI - Pulmonary vasculopathies

                    VI.a - Pulmonary embolism - Venous thrombosis/thromboembolism                


                  XII.a
                
XII - Cardiovascular involvement / toxicity

                    XII.a - Left or biventricular dysfunction/failure                


                  XII.r
                
XII - Cardiovascular involvement / toxicity

                    XII.r - Heart failure (biventricular, congestive)                


                  XII.ai
                
XII - Cardiovascular involvement / toxicity

                    XII.ai - Cardiotoxicity                


                  XVI.bf
                
XVI - Imaging

                    XVI.bf - Imaging: Tumoral cavitation",5329102,Both,sunitinib
CNCC(O)c1ccc(O)cc1,Synephrine,"XII.g
                
XII - Cardiovascular involvement / toxicity

                    XII.g - Coronary artery disease (acute) - Myocardial ischemia/infarction",7172,Pneumotox_only,synephrine
COc1ccccc1OC,Synthol,"VI.e
                
VI - Pulmonary vasculopathies

                    VI.e - Fat/oil embolism - The FES embolism syndrome",7043,Pneumotox_only,synthol
CC(C)CC(NC(=O)C(CCCN=C(N)N)NC(=O)C(CC(=O)O)NC(=O)CNC(=O)C(N)CCCCN)C(=O)NC(CO)C(=O)O,TNF-alpha,"I.v
                
I - Interstitial/parenchymal lung disease

                    I.v - Abnormal lung function/pulmonary physiology (PFTs) without necessarily imaging or clinical evidence                


                  II.a
                
II - Pulmonary edema - Acute lung injury - ARDS

                    II.a - Pulmonary edema, noncardiogenic (NCPE)                


                  II.b
                
II - Pulmonary edema - Acute lung injury - ARDS

                    II.b - ARDS - Acute lung injury                


                  III.a
                
III - Pulmonary/alveolar./airway hemorrhage/bleeding

                    III.a - Alveolar hemorrhage (AH), diffuse AH (DAH)",44356648,Pneumotox_only,tnf-alpha
CN1CC(=O)N2C(Cc3c([nH]c4ccccc34)C2c2ccc3c(c2)OCO3)C1=O,Tadalafil,"VI.a
                
VI - Pulmonary vasculopathies

                    VI.a - Pulmonary embolism - Venous thrombosis/thromboembolism",110635,Both,tadalafil
COc1cc(C)c2c(Oc3cccc(C(F)(F)F)c3)c(OC)cc(NC(C)CCCN)c2n1,Tafenoquine,"IV.a
                
IV - Airway involvement

                    IV.a - Bronchospasm - Wheezing - Asthma                


                  IV.aa
                
IV - Airway involvement

                    IV.aa - Occupational asthma",115358,Pneumotox_only,tafenoquine
CCC(=C(c1ccccc1)c1ccc(OCCN(C)C)cc1)c1ccccc1,Tamoxifen,"I.b
                
I - Interstitial/parenchymal lung disease

                    I.b - Pneumonitis (ILD)                


                  I.c
                
I - Interstitial/parenchymal lung disease

                    I.c - Eosinophilic pneumonia (pulmonary infiltrates and eosinophilia)                


                  I.e
                
I - Interstitial/parenchymal lung disease

                    I.e - Acute eosinophilic pneumonia (AEP)                


                  I.g
                
I - Interstitial/parenchymal lung disease

                    I.g - Pulmonary fibrosis                


                  IV.a
                
IV - Airway involvement

                    IV.a - Bronchospasm - Wheezing - Asthma                


                  VI.a
                
VI - Pulmonary vasculopathies

                    VI.a - Pulmonary embolism - Venous thrombosis/thromboembolism",2733526,Both,tamoxifen
CCOc1ccccc1OCCNC(C)Cc1ccc(OC)c(S(N)(=O)=O)c1,Tamsulosin,"I.b
                
I - Interstitial/parenchymal lung disease

                    I.b - Pneumonitis (ILD)                


                  IX.q
                
IX - Neuromuscular / CNS involvement - Disordered breathing (during sleep)

                    IX.q - Obstructive sleep apnea",60147,Both,tamsulosin
CCC(c1cccc(O)c1)C(C)CN(C)C,Tapentadol,"II.a
                
II - Pulmonary edema - Acute lung injury - ARDS

                    II.a - Pulmonary edema, noncardiogenic (NCPE)                


                  IX.d
                
IX - Neuromuscular / CNS involvement - Disordered breathing (during sleep)

                    IX.d - Respiratory failure from ventilatory depression (due to neuromuscular blockade/paralysis)                


                  XI.r
                
XI - Miscellaneous

                    XI.r - Death following exposure or poisoning",9838022,Both,tapentadol
CC(=O)OC1CC2OCC2(OC(C)=O)C2C(OC(=O)c3ccccc3)C3(C(C)(C)O)CC(O)C(C)=C3C(O)C(OC(=O)c3ccccc3)C12C,Taxanes,"I.a
                
I - Interstitial/parenchymal lung disease

                    I.a - Pneumonitis (ILD), acute and/or severe (may cause ARDS)                


                  I.b
                
I - Interstitial/parenchymal lung disease

                    I.b - Pneumonitis (ILD)                


                  V.i
                
V - Pleural and/or pericardial involvement

                    V.i - Pleuritis (can cause chest pain)",78384800,Pneumotox_only,taxanes
CC1(Cn2ccnn2)C(C(=O)O)N2C(=O)CC2S1(=O)=O,Tazobactam,"I.e
                
I - Interstitial/parenchymal lung disease

                    I.e - Acute eosinophilic pneumonia (AEP)",123630,Pneumotox_only,tazobactam
O=C(CCl)c1ccccc1,Tear gas,"II.a
                
II - Pulmonary edema - Acute lung injury - ARDS

                    II.a - Pulmonary edema, noncardiogenic (NCPE)                


                  III.a
                
III - Pulmonary/alveolar./airway hemorrhage/bleeding

                    III.a - Alveolar hemorrhage (AH), diffuse AH (DAH)                


                  IV.a
                
IV - Airway involvement

                    IV.a - Bronchospasm - Wheezing - Asthma                


                  VIII.e
                
VIII - Central-large-upper airway (incl. pharyngeal-nasal) involvement

                    VIII.e - Laryngospasm (a.k.a. laryngismus)                


                  XII.g
                
XII - Cardiovascular involvement / toxicity

                    XII.g - Coronary artery disease (acute) - Myocardial ischemia/infarction",10757,Pneumotox_only,tear gas
CCC1OC(=O)C(C)C(=O)C(C)C(OC2OC(C)CC(N(C)C)C2O)C(C)(OC)CC(C)C(=O)C(C)C2N(CCCCn3cnc(-c4cccnc4)c3)C(=O)OC12C,Telithromycin,"X.f
                
X - Systemic/Distant conditions, syndromes and reactions

                    X.f - Anaphylaxis-Anaphylactoid reaction (can be fatal)",3002190,Both,telithromycin
CCCc1nc2c(C)cc(-c3nc4ccccc4n3C)cc2n1Cc1ccc(-c2ccccc2C(=O)O)cc1,Telmisartan,"IV.d
                
IV - Airway involvement

                    IV.d - Cough (lone)                


                  VIII.a
                
VIII - Central-large-upper airway (incl. pharyngeal-nasal) involvement

                    VIII.a - Angioedema (may cause UAO, asphyxia and death)",65999,Both,telmisartan
Cn1nnc2c(C(N)=O)ncn2c1=O,Temozolomide,"I.a
                
I - Interstitial/parenchymal lung disease

                    I.a - Pneumonitis (ILD), acute and/or severe (may cause ARDS)                


                  I.b
                
I - Interstitial/parenchymal lung disease

                    I.b - Pneumonitis (ILD)                


                  I.d
                
I - Interstitial/parenchymal lung disease

                    I.d - Organizing pneumonia pattern (an area or areas of consolidation on imaging)                


                  II.b
                
II - Pulmonary edema - Acute lung injury - ARDS

                    II.b - ARDS - Acute lung injury                


                  V.a
                
V - Pleural and/or pericardial involvement

                    V.a - Pleural effusion (uni- or bilateral) (can accompany DI-LDs)                


                  XV.c
                
XV - Pathology

                    XV.c - Path: Organizing pneumonia (OP/BOOP) pattern (see also Id)                


                  XV.k
                
XV - Pathology

                    XV.k - Path: Desquamative interstitial pneumonia (DIP-pattern)                


                  XVII.c
                
XVII - Infections & related conditions

                    XVII.c - Aspergillosis, pulmonary (invasive, allergic [ABPA], or mycetoma)                


                  XVII.e
                
XVII - Infections & related conditions

                    XVII.e - Pneumocystis jiroveci pneumonia                


                  XVII.aj
                
XVII - Infections & related conditions

                    XVII.aj - Bordetella bronchiseptica pulmonary infection",5394,Both,temozolomide
COC1CC2CCC(C)C(O)(O2)C(=O)C(=O)N2CCCCC2C(=O)OC(C(C)CC2CCC(OC(=O)C(C)(CO)CO)C(OC)C2)CC(=O)C(C)=CC(C)C(O)C(OC)C(=O)C(C)CC(C)C=CC=CC=C1C,Temsirolimus,"I.a
                
I - Interstitial/parenchymal lung disease

                    I.a - Pneumonitis (ILD), acute and/or severe (may cause ARDS)                


                  I.b
                
I - Interstitial/parenchymal lung disease

                    I.b - Pneumonitis (ILD)                


                  XII.c
                
XII - Cardiovascular involvement / toxicity

                    XII.c - Pericardial effusion (w/wo tamponade)                


                  XVII.h
                
XVII - Infections & related conditions

                    XVII.h - Nontuberculous pulmonary mycobacterial infection/superinfection",6918289,Both,temsirolimus
NC(=O)n1c(O)c(C(=O)c2cccs2)c2cc(Cl)ccc21,Tenidap,"I.c
                
I - Interstitial/parenchymal lung disease

                    I.c - Eosinophilic pneumonia (pulmonary infiltrates and eosinophilia)                


                  I.e
                
I - Interstitial/parenchymal lung disease

                    I.e - Acute eosinophilic pneumonia (AEP)",60712,Pneumotox_only,tenidap
COc1cc(C2c3cc4c(cc3C(OC3OC5COC(c6cccs6)OC5C(O)C3O)C3COC(=O)C23)OCO4)cc(OC)c1O,Teniposide,"I.l
                
I - Interstitial/parenchymal lung disease

                    I.l - Diffuse alveolar damage (DAD) (see alsoo under IIb and XVf)                


                  IV.a
                
IV - Airway involvement

                    IV.a - Bronchospasm - Wheezing - Asthma                


                  X.f
                
X - Systemic/Distant conditions, syndromes and reactions

                    X.f - Anaphylaxis-Anaphylactoid reaction (can be fatal)                


                  X.g
                
X - Systemic/Distant conditions, syndromes and reactions

                    X.g - Hypersensitivity reaction (may manifest with fever and/or skin, throat or airway involvement)                


                  XV.f
                
XV - Pathology

                    XV.f - Path: Diffuse alveolar damage (DAD-pattern) (see also IL)",5396,Both,teniposide
CC(Cn1cnc2c(N)ncnc21)OCP(=O)(O)O,Tenofovir,"I.b
                
I - Interstitial/parenchymal lung disease

                    I.b - Pneumonitis (ILD)                


                  X.g
                
X - Systemic/Distant conditions, syndromes and reactions

                    X.g - Hypersensitivity reaction (may manifest with fever and/or skin, throat or airway involvement)",464205,Both,tenofovir
CN1CCC(COc2cnc(-c3cccc(Cn4nc(-c5cccc(C#N)c5)ccc4=O)c3)nc2)CC1,Tepotinib,"I.b
                
I - Interstitial/parenchymal lung disease

                    I.b - Pneumonitis (ILD)                


                  V.a
                
V - Pleural and/or pericardial involvement

                    V.a - Pleural effusion (uni- or bilateral) (can accompany DI-LDs)                


                  XV.c
                
XV - Pathology

                    XV.c - Path: Organizing pneumonia (OP/BOOP) pattern (see also Id)",25171648,Both,tepotinib
CC(C)(C)NCC(O)c1cc(O)cc(O)c1,Terbutaline,"IV.a
                
IV - Airway involvement

                    IV.a - Bronchospasm - Wheezing - Asthma",5403,Both,terbutaline
CC(=O)C(C#N)C(=O)Nc1ccc(C(F)(F)F)cc1,Teriflunomide,"VI.a
                
VI - Pulmonary vasculopathies

                    VI.a - Pulmonary embolism - Venous thrombosis/thromboembolism                


                  XVII.a
                
XVII - Infections & related conditions

                    XVII.a - Respiratory tract infection incl. pneumonia",54684141,Both,teriflunomide
NCCCCC(NC(=O)C1CCCN1C(=O)C1CSSCC(NC(=O)CNC(=O)CNC(=O)CN)C(=O)NC(Cc2ccc(O)cc2)C(=O)NC(Cc2ccccc2)C(=O)NC(CCC(N)=O)C(=O)NC(CC(N)=O)C(=O)N1)C(=O)NCC(N)=O,Terlipressin,"II.d
                
II - Pulmonary edema - Acute lung injury - ARDS

                    II.d - Pulmonary edema, cardiogenic",72081,Both,terlipressin
Cc1c(NC(c2nnc(-c3ccc(C#N)cc3)o2)C(C)O)ccc(C#N)c1Cl,Testolone,"XII.d
                
XII - Cardiovascular involvement / toxicity

                    XII.d - Myocarditis (can be fulminant)",44200882,Pneumotox_only,testolone
CC12CCC(=O)C=C1CCC1C2CCC2(C)C(O)CCC12,Testosterone,"VI.a
                
VI - Pulmonary vasculopathies

                    VI.a - Pulmonary embolism - Venous thrombosis/thromboembolism",6013,Both,testosterone
CC12CCC(=O)C=C1CCC1C2CCC2(C)C(OC(=O)CCC3CCCC3)CCC12,Testosterone cypionate,"I.c
                
I - Interstitial/parenchymal lung disease

                    I.c - Eosinophilic pneumonia (pulmonary infiltrates and eosinophilia)",441404,Both,testosterone cypionate
CCCCCCCCCCC(=O)OC1CCC2C3CC=C4CC(=O)CCC4(C)C3CCC12C,Testosterone undecanoate,"IV.d
                
IV - Airway involvement

                    IV.d - Cough (lone)                


                  IV.x
                
IV - Airway involvement

                    IV.x - Transient hacking cough                


                  VI.e
                
VI - Pulmonary vasculopathies

                    VI.e - Fat/oil embolism - The FES embolism syndrome                


                  X.f
                
X - Systemic/Distant conditions, syndromes and reactions

                    X.f - Anaphylaxis-Anaphylactoid reaction (can be fatal)",65157,Both,testosterone undecanoate
CN(C)C1C(=O)C(C(N)=O)C(=O)C2(O)C(=O)C3C(=O)c4c(O)cccc4C(C)(O)C3CC12,Tetracycline,"I.c
                
I - Interstitial/parenchymal lung disease

                    I.c - Eosinophilic pneumonia (pulmonary infiltrates and eosinophilia)                


                  IV.a
                
IV - Airway involvement

                    IV.a - Bronchospasm - Wheezing - Asthma                


                  IV.aa
                
IV - Airway involvement

                    IV.aa - Occupational asthma                


                  X.d
                
X - Systemic/Distant conditions, syndromes and reactions

                    X.d - Lupus - Lupus syndrome (see also Vd)                


                  XVIII.y
                
XVIII - Distinctive patterns - 'Eye-catchers'

                    XVIII.y - Eye catcher: Pseudocyanosis",54675776,Both,tetracycline
O=C1CCC(N2C(=O)c3ccccc3C2=O)C(=O)N1,Thalidomide,"I.a
                
I - Interstitial/parenchymal lung disease

                    I.a - Pneumonitis (ILD), acute and/or severe (may cause ARDS)                


                  I.b
                
I - Interstitial/parenchymal lung disease

                    I.b - Pneumonitis (ILD)                


                  I.c
                
I - Interstitial/parenchymal lung disease

                    I.c - Eosinophilic pneumonia (pulmonary infiltrates and eosinophilia)                


                  I.d
                
I - Interstitial/parenchymal lung disease

                    I.d - Organizing pneumonia pattern (an area or areas of consolidation on imaging)                


                  II.b
                
II - Pulmonary edema - Acute lung injury - ARDS

                    II.b - ARDS - Acute lung injury                


                  VI.a
                
VI - Pulmonary vasculopathies

                    VI.a - Pulmonary embolism - Venous thrombosis/thromboembolism                


                  VI.b
                
VI - Pulmonary vasculopathies

                    VI.b - Pulmonary arterial hypertension                


                  XV.c
                
XV - Pathology

                    XV.c - Path: Organizing pneumonia (OP/BOOP) pattern (see also Id)                


                  XV.e
                
XV - Pathology

                    XV.e - Path: ILD with a granulomatous component (see also Im)                


                  XIX.a
                
XIX - Cytological, biochemical features of/in BAL, pleural fluid or FNA

                    XIX.a - BAL: An excess proportion of lymphocytes                


                  XIX.b
                
XIX - Cytological, biochemical features of/in BAL, pleural fluid or FNA

                    XIX.b - BAL: An excess proportion of neutrophils",5426,Both,thalidomide
Cn1c(=O)c2[nH]cnc2n(C)c1=O,Theophylline,"X.ba
                
X - Systemic/Distant conditions, syndromes and reactions

                    X.ba - Rhabdomyolysis (see also under Xj)                


                  XI.d
                
XI - Miscellaneous

                    XI.d - Metabolic acidosis (incl. lactic acidosis/-gap). May cause hyperpnea/dyspnea                


                  XI.r
                
XI - Miscellaneous

                    XI.r - Death following exposure or poisoning                


                  XII.l
                
XII - Cardiovascular involvement / toxicity

                    XII.l - Cardiac arrhythmias or dysrhythmias (AF, VT, VF, TdP)",2153,Both,theophylline
CS(=O)(=O)c1ccc(C(O)C(CO)NC(=O)C(Cl)Cl)cc1,Thiamphenicol,"IV.aa
                
IV - Airway involvement

                    IV.aa - Occupational asthma",27200,Pneumotox_only,thiamphenicol
COc1c(OC2OC(CO)C(O)C(O)C2O)cc2c(c1OC)-c1ccc(SC)c(=O)cc1C(NC(C)=O)CC2,Thiocolchicoside,"XIV.b
                
XIV - Hemoglobinopathies - Abnormal hemoglobin states (acquired)

                    XIV.b - Sulfhemoglobinemia",9915886,Pneumotox_only,thiocolchicoside
CN1c2ccccc2C(NCCCCCCC(=O)O)c2ccc(Cl)cc2S1(=O)=O,Tianeptine,"IX.d
                
IX - Neuromuscular / CNS involvement - Disordered breathing (during sleep)

                    IX.d - Respiratory failure from ventilatory depression (due to neuromuscular blockade/paralysis)",68870,Pneumotox_only,tianeptine
CCCSc1nc(NC2CC2c2ccc(F)c(F)c2)c2nnn(C3CC(OCCO)C(O)C3O)c2n1,Ticagrelor,"III.a
                
III - Pulmonary/alveolar./airway hemorrhage/bleeding

                    III.a - Alveolar hemorrhage (AH), diffuse AH (DAH)                


                  VIII.a
                
VIII - Central-large-upper airway (incl. pharyngeal-nasal) involvement

                    VIII.a - Angioedema (may cause UAO, asphyxia and death)                


                  IX.e
                
IX - Neuromuscular / CNS involvement - Disordered breathing (during sleep)

                    IX.e - Disordered breathing pattern incl. Cheyne-Stokes respiration                


                  IX.h
                
IX - Neuromuscular / CNS involvement - Disordered breathing (during sleep)

                    IX.h - Dyspnea, unexplained otherwise                


                  IX.p
                
IX - Neuromuscular / CNS involvement - Disordered breathing (during sleep)

                    IX.p - Disordered breathing during sleep - Sleep apnea                


                  IX.u
                
IX - Neuromuscular / CNS involvement - Disordered breathing (during sleep)

                    IX.u - Central sleep apnea                


                  XII.ag
                
XII - Cardiovascular involvement / toxicity

                    XII.ag - Bradycardia",9871419,Both,ticagrelor
Clc1ccccc1CN1CCc2sccc2C1,Ticlopidine,"I.b
                
I - Interstitial/parenchymal lung disease

                    I.b - Pneumonitis (ILD)                


                  I.c
                
I - Interstitial/parenchymal lung disease

                    I.c - Eosinophilic pneumonia (pulmonary infiltrates and eosinophilia)                


                  I.d
                
I - Interstitial/parenchymal lung disease

                    I.d - Organizing pneumonia pattern (an area or areas of consolidation on imaging)                


                  I.k
                
I - Interstitial/parenchymal lung disease

                    I.k - Lung nodule or nodules                


                  I.l
                
I - Interstitial/parenchymal lung disease

                    I.l - Diffuse alveolar damage (DAD) (see alsoo under IIb and XVf)                


                  III.a
                
III - Pulmonary/alveolar./airway hemorrhage/bleeding

                    III.a - Alveolar hemorrhage (AH), diffuse AH (DAH)                


                  V.d
                
V - Pleural and/or pericardial involvement

                    V.d - Pleural/pericardial effusion, ANA positive (DI lupus)                


                  V.e
                
V - Pleural and/or pericardial involvement

                    V.e - Hemothorax - Serosanguineous pleural effusion                


                  X.d
                
X - Systemic/Distant conditions, syndromes and reactions

                    X.d - Lupus - Lupus syndrome (see also Vd)",5472,Both,ticlopidine
CC(C)(C)NCC(O)COc1nsnc1N1CCOCC1,Timolol,"I.b
                
I - Interstitial/parenchymal lung disease

                    I.b - Pneumonitis (ILD)                


                  I.d
                
I - Interstitial/parenchymal lung disease

                    I.d - Organizing pneumonia pattern (an area or areas of consolidation on imaging)                


                  IV.a
                
IV - Airway involvement

                    IV.a - Bronchospasm - Wheezing - Asthma                


                  IV.f
                
IV - Airway involvement

                    IV.f - Severe or catastrophic bronchospasm or asthma attack (can be fatal)                


                  V.d
                
V - Pleural and/or pericardial involvement

                    V.d - Pleural/pericardial effusion, ANA positive (DI lupus)                


                  IX.d
                
IX - Neuromuscular / CNS involvement - Disordered breathing (during sleep)

                    IX.d - Respiratory failure from ventilatory depression (due to neuromuscular blockade/paralysis)",33624,Both,timolol
CN1CCCC(=C(c2cccs2)c2cccs2)C1,Tipepidine,"X.f
                
X - Systemic/Distant conditions, syndromes and reactions

                    X.f - Anaphylaxis-Anaphylactoid reaction (can be fatal)",5484,Pneumotox_only,tipepidine
CCCCS(=O)(=O)NC(Cc1ccc(OCCCCC2CCNCC2)cc1)C(=O)O,Tirofiban,"III.a
                
III - Pulmonary/alveolar./airway hemorrhage/bleeding

                    III.a - Alveolar hemorrhage (AH), diffuse AH (DAH)",60947,Both,tirofiban
Oc1[nH]c(O)c(-c2cn3c4c(cccc24)CCC3)c1-c1c[nH]c2ccccc12,Tivantinib,"I.b
                
I - Interstitial/parenchymal lung disease

                    I.b - Pneumonitis (ILD)",11494412,Pneumotox_only,tivantinib
Clc1ccc2nsnc2c1NC1=NCCN1,Tizanidine,"V.b
                
V - Pleural and/or pericardial involvement

                    V.b - Eosinophilic pleural effusion",5487,Both,tizanidine
Cc1cccc(C)c1NC(=O)C(C)N,Tocainide,"I.b
                
I - Interstitial/parenchymal lung disease

                    I.b - Pneumonitis (ILD)                


                  I.g
                
I - Interstitial/parenchymal lung disease

                    I.g - Pulmonary fibrosis                


                  V.d
                
V - Pleural and/or pericardial involvement

                    V.d - Pleural/pericardial effusion, ANA positive (DI lupus)                


                  X.d
                
X - Systemic/Distant conditions, syndromes and reactions

                    X.d - Lupus - Lupus syndrome (see also Vd)                


                  XI.n
                
XI - Miscellaneous

                    XI.n - Neutropenia, agranulocytosis (w/wo infection/sepsis)                


                  XV.c
                
XV - Pathology

                    XV.c - Path: Organizing pneumonia (OP/BOOP) pattern (see also Id)                


                  XV.k
                
XV - Pathology

                    XV.k - Path: Desquamative interstitial pneumonia (DIP-pattern)",38945,Pneumotox_only,tocainide
CC1CCN(C(=O)CC#N)CC1N(C)c1ncnc2[nH]ccc12,Tofacitinib,"I.b
                
I - Interstitial/parenchymal lung disease

                    I.b - Pneumonitis (ILD)                


                  VI.b
                
VI - Pulmonary vasculopathies

                    VI.b - Pulmonary arterial hypertension                


                  XVII.b
                
XVII - Infections & related conditions

                    XVII.b - Opportunistic pulmonary/systemic infections                


                  XVII.e
                
XVII - Infections & related conditions

                    XVII.e - Pneumocystis jiroveci pneumonia                


                  XVII.g
                
XVII - Infections & related conditions

                    XVII.g - Tuberculosis (pulmonary, pulmonary, extrapulmonary or disseminated). Reactivation or de novo                


                  XVII.h
                
XVII - Infections & related conditions

                    XVII.h - Nontuberculous pulmonary mycobacterial infection/superinfection                


                  XVII.q
                
XVII - Infections & related conditions

                    XVII.q - Viral pneumonia                


                  XVII.y
                
XVII - Infections & related conditions

                    XVII.y - Cryptococcus pulmonary and/or systemic infection",9926791,Both,tofacitinib
Cc1ccc(S(=O)(=O)NC(=O)NN2CCCCCC2)cc1,Tolazamide,"I.c
                
I - Interstitial/parenchymal lung disease

                    I.c - Eosinophilic pneumonia (pulmonary infiltrates and eosinophilia)",5503,Pneumotox_only,tolazamide
Cc1c(Cl)cccc1Nc1ccccc1C(=O)O,Tolfenamic acid,"I.c
                
I - Interstitial/parenchymal lung disease

                    I.c - Eosinophilic pneumonia (pulmonary infiltrates and eosinophilia)",610479,Pneumotox_only,tolfenamic acid
Cc1ccc(C(=O)C(C)CN2CCCCC2)cc1,Tolperisone,"IX.d
                
IX - Neuromuscular / CNS involvement - Disordered breathing (during sleep)

                    IX.d - Respiratory failure from ventilatory depression (due to neuromuscular blockade/paralysis)",5511,Pneumotox_only,tolperisone
Cc1ccccc1C(=O)Nc1ccc(C(=O)N2CCCC(O)c3cc(Cl)ccc32)c(C)c1,Tolvaptan,"XII.n
                
XII - Cardiovascular involvement / toxicity

                    XII.n - Cardiovascular collapse - Cardiogenic shock - Hypotension",216237,Both,tolvaptan
CC1(C)OC2COC3(COS(N)(=O)=O)OC(C)(C)OC3C2O1,Topiramate,"I.c
                
I - Interstitial/parenchymal lung disease

                    I.c - Eosinophilic pneumonia (pulmonary infiltrates and eosinophilia)                


                  IV.d
                
IV - Airway involvement

                    IV.d - Cough (lone)                


                  IX.b
                
IX - Neuromuscular / CNS involvement - Disordered breathing (during sleep)

                    IX.b - Respiratory dyskinesia                


                  IX.e
                
IX - Neuromuscular / CNS involvement - Disordered breathing (during sleep)

                    IX.e - Disordered breathing pattern incl. Cheyne-Stokes respiration                


                  IX.g
                
IX - Neuromuscular / CNS involvement - Disordered breathing (during sleep)

                    IX.g - Hyperpnea - Hyperventilation - Low PaCO2                


                  XI.d
                
XI - Miscellaneous

                    XI.d - Metabolic acidosis (incl. lactic acidosis/-gap). May cause hyperpnea/dyspnea                


                  XIX.c
                
XIX - Cytological, biochemical features of/in BAL, pleural fluid or FNA

                    XIX.c - BAL: An excess proportion of eosinophils",5284627,Both,topiramate
NC1CCN(c2nc3c(cc2F)c(=O)c(C(=O)O)cn3-c2ccc(F)cc2F)C1,Tosufloxacin,"I.b
                
I - Interstitial/parenchymal lung disease

                    I.b - Pneumonitis (ILD)                


                  I.c
                
I - Interstitial/parenchymal lung disease

                    I.c - Eosinophilic pneumonia (pulmonary infiltrates and eosinophilia)                


                  XV.b
                
XV - Pathology

                    XV.b - Path: Eosinophilic pneumonia (subacute or acute)  (see also Ic)",5517,Pneumotox_only,tosufloxacin
COc1cc2c(cc1O)CCNC21CSC2c3c(OC(C)=O)c(C)c4c(c3C(COC1=O)N1C(O)C3Cc5cc(C)c(OC)c(O)c5C(C21)N3C)OCO4,Trabectedin,"II.d
                
II - Pulmonary edema - Acute lung injury - ARDS

                    II.d - Pulmonary edema, cardiogenic                


                  XII.d
                
XII - Cardiovascular involvement / toxicity

                    XII.d - Myocarditis (can be fulminant)                


                  XII.g
                
XII - Cardiovascular involvement / toxicity

                    XII.g - Coronary artery disease (acute) - Myocardial ischemia/infarction                


                  XII.l
                
XII - Cardiovascular involvement / toxicity

                    XII.l - Cardiac arrhythmias or dysrhythmias (AF, VT, VF, TdP)                


                  XII.m
                
XII - Cardiovascular involvement / toxicity

                    XII.m - Cardiac- cardiorespiratory/pulmonary arrest",108150,Both,trabectedin
COc1cccc(C2(O)CCCCC2CN(C)C)c1,Tramadol,"VI.b
                
VI - Pulmonary vasculopathies

                    VI.b - Pulmonary arterial hypertension                


                  VIII.a
                
VIII - Central-large-upper airway (incl. pharyngeal-nasal) involvement

                    VIII.a - Angioedema (may cause UAO, asphyxia and death)                


                  IX.d
                
IX - Neuromuscular / CNS involvement - Disordered breathing (during sleep)

                    IX.d - Respiratory failure from ventilatory depression (due to neuromuscular blockade/paralysis)                


                  X.u
                
X - Systemic/Distant conditions, syndromes and reactions

                    X.u - Multiple organ dysfunction/failure (MODS/MOF)                


                  XI.e
                
XI - Miscellaneous

                    XI.e - Respiratory acidosis - Hypercapnia                


                  XI.r
                
XI - Miscellaneous

                    XI.r - Death following exposure or poisoning                


                  XII.m
                
XII - Cardiovascular involvement / toxicity

                    XII.m - Cardiac- cardiorespiratory/pulmonary arrest                


                  XII.n
                
XII - Cardiovascular involvement / toxicity

                    XII.n - Cardiovascular collapse - Cardiogenic shock - Hypotension",33741,Both,tramadol
CC(=O)Nc1cccc(-n2c(=O)n(C3CC3)c(=O)c3c(Nc4ccc(I)cc4F)n(C)c(=O)c(C)c32)c1,Trametinib,"I.b
                
I - Interstitial/parenchymal lung disease

                    I.b - Pneumonitis (ILD)                


                  X.k
                
X - Systemic/Distant conditions, syndromes and reactions

                    X.k - Sarcoid-like granulomatosis (endo-/extrathoracic)                


                  X.ah
                
X - Systemic/Distant conditions, syndromes and reactions

                    X.ah - Granulomatosis with polyangiitis (typically ANCA pos.) - GPA flare                


                  XII.a
                
XII - Cardiovascular involvement / toxicity

                    XII.a - Left or biventricular dysfunction/failure                


                  XII.n
                
XII - Cardiovascular involvement / toxicity

                    XII.n - Cardiovascular collapse - Cardiogenic shock - Hypotension",11707110,Both,trametinib
CCOC(=O)C(CCc1ccccc1)NC(C)C(=O)N1C(C(=O)O)CC2CCCCC21,Trandolapril,"VIII.a
                
VIII - Central-large-upper airway (incl. pharyngeal-nasal) involvement

                    VIII.a - Angioedema (may cause UAO, asphyxia and death)",5484727,Both,trandolapril
NCC1CCC(C(=O)O)CC1,Tranexamic acid,"VI.a
                
VI - Pulmonary vasculopathies

                    VI.a - Pulmonary embolism - Venous thrombosis/thromboembolism",5526,Both,tranexamic acid
O=c1n(CCCN2CCN(c3cccc(Cl)c3)CC2)nc2ccccn12,Trazodone,"I.c
                
I - Interstitial/parenchymal lung disease

                    I.c - Eosinophilic pneumonia (pulmonary infiltrates and eosinophilia)",5533,Both,trazodone
CC12C=CC3=C(CC=C4CC(=O)CCC43)C1CCC2O,Trenbolone,"I.j
                
I - Interstitial/parenchymal lung disease

                    I.j - Exogenous lipoid pneumonia (subacute, acute)                


                  I.l
                
I - Interstitial/parenchymal lung disease

                    I.l - Diffuse alveolar damage (DAD) (see alsoo under IIb and XVf)",25015,Pneumotox_only,trenbolone
CCCCCC(O)CCC1C(O)CC2Cc3c(cccc3OCC(=O)O)CC21,Treprostinil,"II.a
                
II - Pulmonary edema - Acute lung injury - ARDS

                    II.a - Pulmonary edema, noncardiogenic (NCPE)                


                  XII.e
                
XII - Cardiovascular involvement / toxicity

                    XII.e - Takotsubo (stress) cardiomyopathy                


                  XII.n
                
XII - Cardiovascular involvement / toxicity

                    XII.n - Cardiovascular collapse - Cardiogenic shock - Hypotension",6918140,Both,treprostinil
Cc1nnc2n1-c1ccc(Cl)cc1C(c1ccccc1Cl)=NC2,Triazolam,"II.a
                
II - Pulmonary edema - Acute lung injury - ARDS

                    II.a - Pulmonary edema, noncardiogenic (NCPE)",5556,Both,triazolam
ClC=C(Cl)Cl,Trichloroethylene,"I.an
                
I - Interstitial/parenchymal lung disease

                    I.an - Hypersensitivity pneumonitis pattern                


                  X.a
                
X - Systemic/Distant conditions, syndromes and reactions

                    X.a - DRES syndrome - DRESS-like reaction",6575,Pneumotox_only,trichloroethylene
CN1CCN(CCCN2c3ccccc3Sc3ccc(C(F)(F)F)cc32)CC1,Trifluoperazine,"XI.g
                
XI - Miscellaneous

                    XI.g - Aspiration, aspiration pneumonia (w/wo demonstrable pharyngeal dysmotility)",5566,Both,trifluoperazine
CCC(=O)OC1(c2ccccc2)CC(C)N(C)CC1C,Trimeperidine,"IX.i
                
IX - Neuromuscular / CNS involvement - Disordered breathing (during sleep)

                    IX.i - Respiratory arrest - Apnea",20055107,Pneumotox_only,trimeperidine
CC(CN(C)C)CN1c2ccccc2CCc2ccccc21,Trimipramine,"I.c
                
I - Interstitial/parenchymal lung disease

                    I.c - Eosinophilic pneumonia (pulmonary infiltrates and eosinophilia)                


                  V.b
                
V - Pleural and/or pericardial involvement

                    V.b - Eosinophilic pleural effusion                


                  V.f
                
V - Pleural and/or pericardial involvement

                    V.f - Pneumothorax                


                  V.u
                
V - Pleural and/or pericardial involvement

                    V.u - Eosinophilic pleuritis                


                  XV.an
                
XV - Pathology

                    XV.an - Path: Eosinophilic pleuritis",5584,Both,trimipramine
CC(C)CC(NC(=O)C(Cc1c[nH]c2ccccc12)NC(=O)C(Cc1ccc(O)cc1)NC(=O)C(CO)NC(=O)C(Cc1c[nH]c2ccccc12)NC(=O)C(Cc1c[nH]cn1)NC(=O)C1CCC(=O)N1)C(=O)NC(CCCN=C(N)N)C(=O)N1CCCC1C(=O)NCC(N)=O,Triptorelin,"I.a
                
I - Interstitial/parenchymal lung disease

                    I.a - Pneumonitis (ILD), acute and/or severe (may cause ARDS)                


                  V.a
                
V - Pleural and/or pericardial involvement

                    V.a - Pleural effusion (uni- or bilateral) (can accompany DI-LDs)                


                  X.f
                
X - Systemic/Distant conditions, syndromes and reactions

                    X.f - Anaphylaxis-Anaphylactoid reaction (can be fatal)",25074470,Both,triptorelin
O=P1(N(CCCl)CCCl)OCCCN1CCCl,Trofosfamide,"I.b
                
I - Interstitial/parenchymal lung disease

                    I.b - Pneumonitis (ILD)",65702,Pneumotox_only,trofosfamide
Cc1c(C)c2c(c(C)c1O)CCC(C)(COc1ccc(Cc3sc(=O)[nH]c3O)cc1)O2,Troglitazone,"II.a
                
II - Pulmonary edema - Acute lung injury - ARDS

                    II.a - Pulmonary edema, noncardiogenic (NCPE)                


                  V.a
                
V - Pleural and/or pericardial involvement

                    V.a - Pleural effusion (uni- or bilateral) (can accompany DI-LDs)                


                  V.i
                
V - Pleural and/or pericardial involvement

                    V.i - Pleuritis (can cause chest pain)",5591,Pneumotox_only,troglitazone
CN(C)C1CCCCC1N(C)C(=O)c1ccc(Cl)c(Cl)c1,U-47700,"IX.d
                
IX - Neuromuscular / CNS involvement - Disordered breathing (during sleep)

                    IX.d - Respiratory failure from ventilatory depression (due to neuromuscular blockade/paralysis)                


                  XI.r
                
XI - Miscellaneous

                    XI.r - Death following exposure or poisoning",71719125,Pneumotox_only,u-47700
CC(C)Oc1ccc(-c2nn(C(C)c3oc4ccc(F)cc4c(=O)c3-c3cccc(F)c3)c3ncnc(N)c23)cc1F,Umbralisib,"I.a
                
I - Interstitial/parenchymal lung disease

                    I.a - Pneumonitis (ILD), acute and/or severe (may cause ARDS)",72950888,Pneumotox_only,umbralisib
CCCCC(=O)N(Cc1ccc(-c2ccccc2-c2nn[nH]n2)cc1)C(C(=O)O)C(C)C,Valsartan,"VIII.a
                
VIII - Central-large-upper airway (incl. pharyngeal-nasal) involvement

                    VIII.a - Angioedema (may cause UAO, asphyxia and death)                


                  X.b
                
X - Systemic/Distant conditions, syndromes and reactions

                    X.b - Antiphospholipid antibodies w/wo the APL syndrome",60846,Both,valsartan
CNC(CC(C)C)C(=O)NC1C(=O)NC(CC(N)=O)C(=O)NC2C(=O)NC3C(=O)NC(C(=O)NC(C(=O)O)c4cc(O)cc(O)c4-c4cc3ccc4O)C(O)c3ccc(c(Cl)c3)Oc3cc2cc(c3OC2OC(CO)C(O)C(O)C2OC2CC(C)(N)C(O)C(C)O2)Oc2ccc(cc2Cl)C1O,Vancomycin,"I.c
                
I - Interstitial/parenchymal lung disease

                    I.c - Eosinophilic pneumonia (pulmonary infiltrates and eosinophilia)                


                  II.a
                
II - Pulmonary edema - Acute lung injury - ARDS

                    II.a - Pulmonary edema, noncardiogenic (NCPE)                


                  IV.a
                
IV - Airway involvement

                    IV.a - Bronchospasm - Wheezing - Asthma                


                  IV.f
                
IV - Airway involvement

                    IV.f - Severe or catastrophic bronchospasm or asthma attack (can be fatal)                


                  V.n
                
V - Pleural and/or pericardial involvement

                    V.n - Hemopericardium - Bloody pericardial effusion                


                  X.a
                
X - Systemic/Distant conditions, syndromes and reactions

                    X.a - DRES syndrome - DRESS-like reaction                


                  X.f
                
X - Systemic/Distant conditions, syndromes and reactions

                    X.f - Anaphylaxis-Anaphylactoid reaction (can be fatal)                


                  X.g
                
X - Systemic/Distant conditions, syndromes and reactions

                    X.g - Hypersensitivity reaction (may manifest with fever and/or skin, throat or airway involvement)                


                  XII.m
                
XII - Cardiovascular involvement / toxicity

                    XII.m - Cardiac- cardiorespiratory/pulmonary arrest                


                  XII.n
                
XII - Cardiovascular involvement / toxicity

                    XII.n - Cardiovascular collapse - Cardiogenic shock - Hypotension",14969,Both,vancomycin
COc1cc2c(Nc3ccc(Br)cc3F)ncnc2cc1OCC1CCN(C)CC1,Vandetanib,"I.b
                
I - Interstitial/parenchymal lung disease

                    I.b - Pneumonitis (ILD)                


                  XII.ai
                
XII - Cardiovascular involvement / toxicity

                    XII.ai - Cardiotoxicity",3081361,Both,vandetanib
CCCS(=O)(=O)Nc1ccc(F)c(C(=O)c2c[nH]c3ncc(-c4ccc(Cl)cc4)cc23)c1F,Vemurafenib,"I.b
                
I - Interstitial/parenchymal lung disease

                    I.b - Pneumonitis (ILD)                


                  I.m
                
I - Interstitial/parenchymal lung disease

                    I.m - ILD with a granulomatous component                


                  I.ad
                
I - Interstitial/parenchymal lung disease

                    I.ad - Radiation recall pneumonitis                


                  X.a
                
X - Systemic/Distant conditions, syndromes and reactions

                    X.a - DRES syndrome - DRESS-like reaction                


                  X.f
                
X - Systemic/Distant conditions, syndromes and reactions

                    X.f - Anaphylaxis-Anaphylactoid reaction (can be fatal)                


                  X.k
                
X - Systemic/Distant conditions, syndromes and reactions

                    X.k - Sarcoid-like granulomatosis (endo-/extrathoracic)                


                  X.m
                
X - Systemic/Distant conditions, syndromes and reactions

                    X.m - Vascultis (pulmonary, extrathoracic or systemic)-ANCA status unknown or negative)                


                  XII.ai
                
XII - Cardiovascular involvement / toxicity

                    XII.ai - Cardiotoxicity                


                  XV.a
                
XV - Pathology

                    XV.a - Path: NSIP-cellular pattern (see also Ia, Ib)                


                  XV.e
                
XV - Pathology

                    XV.e - Path: ILD with a granulomatous component (see also Im)",42611257,Both,vemurafenib
CC1(C)CCC(CN2CCN(c3ccc(C(=O)NS(=O)(=O)c4ccc(NCC5CCOCC5)c([N+](=O)[O-])c4)c(Oc4cnc5[nH]ccc5c4)c3)CC2)=C(c2ccc(Cl)cc2)C1,Venetoclax,"I.b
                
I - Interstitial/parenchymal lung disease

                    I.b - Pneumonitis (ILD)                


                  XXI.b
                
XXI - Rechallenge data

                    XXI.b - Rechallenge can lead to relapse of AE/ILD",49846579,Both,venetoclax
COc1ccc(C(CN(C)C)C2(O)CCCCC2)cc1,Venlafaxine,"I.b
                
I - Interstitial/parenchymal lung disease

                    I.b - Pneumonitis (ILD)                


                  I.c
                
I - Interstitial/parenchymal lung disease

                    I.c - Eosinophilic pneumonia (pulmonary infiltrates and eosinophilia)                


                  I.e
                
I - Interstitial/parenchymal lung disease

                    I.e - Acute eosinophilic pneumonia (AEP)                


                  I.m
                
I - Interstitial/parenchymal lung disease

                    I.m - ILD with a granulomatous component                


                  IV.a
                
IV - Airway involvement

                    IV.a - Bronchospasm - Wheezing - Asthma                


                  X.a
                
X - Systemic/Distant conditions, syndromes and reactions

                    X.a - DRES syndrome - DRESS-like reaction                


                  XI.r
                
XI - Miscellaneous

                    XI.r - Death following exposure or poisoning                


                  XII.f
                
XII - Cardiovascular involvement / toxicity

                    XII.f - Cardiomyopathy (acute, subacute, chronic)                


                  XII.g
                
XII - Cardiovascular involvement / toxicity

                    XII.g - Coronary artery disease (acute) - Myocardial ischemia/infarction                


                  XII.l
                
XII - Cardiovascular involvement / toxicity

                    XII.l - Cardiac arrhythmias or dysrhythmias (AF, VT, VF, TdP)                


                  XV.b
                
XV - Pathology

                    XV.b - Path: Eosinophilic pneumonia (subacute or acute)  (see also Ic)",5656,Both,venlafaxine
COc1ccc(CCN(C)CCCC(C#N)(c2ccc(OC)c(OC)c2)C(C)C)cc1OC,Verapamil,"II.a
                
II - Pulmonary edema - Acute lung injury - ARDS

                    II.a - Pulmonary edema, noncardiogenic (NCPE)                


                  II.b
                
II - Pulmonary edema - Acute lung injury - ARDS

                    II.b - ARDS - Acute lung injury                


                  IV.a
                
IV - Airway involvement

                    IV.a - Bronchospasm - Wheezing - Asthma                


                  XI.r
                
XI - Miscellaneous

                    XI.r - Death following exposure or poisoning",2520,Both,verapamil
N#CC1CCCN1C(=O)CNC12CC3CC(CC(O)(C3)C1)C2,Vildagliptin,"I.b
                
I - Interstitial/parenchymal lung disease

                    I.b - Pneumonitis (ILD)                


                  I.m
                
I - Interstitial/parenchymal lung disease

                    I.m - ILD with a granulomatous component                


                  VIII.a
                
VIII - Central-large-upper airway (incl. pharyngeal-nasal) involvement

                    VIII.a - Angioedema (may cause UAO, asphyxia and death)                


                  XV.a
                
XV - Pathology

                    XV.a - Path: NSIP-cellular pattern (see also Ia, Ib)",5251896,Both,vildagliptin
CCC1(O)CC2CN(CCc3c([nH]c4ccccc34)C(C(=O)OC)(c3cc4c(cc3OC)N(C)C3C(O)(C(=O)OC)C(OC(C)=O)C5(CC)C=CCN6CCC43C65)C2)C1,Vinblastine,"I.b
                
I - Interstitial/parenchymal lung disease

                    I.b - Pneumonitis (ILD)                


                  I.k
                
I - Interstitial/parenchymal lung disease

                    I.k - Lung nodule or nodules                


                  I.l
                
I - Interstitial/parenchymal lung disease

                    I.l - Diffuse alveolar damage (DAD) (see alsoo under IIb and XVf)                


                  II.a
                
II - Pulmonary edema - Acute lung injury - ARDS

                    II.a - Pulmonary edema, noncardiogenic (NCPE)                


                  II.b
                
II - Pulmonary edema - Acute lung injury - ARDS

                    II.b - ARDS - Acute lung injury                


                  IV.a
                
IV - Airway involvement

                    IV.a - Bronchospasm - Wheezing - Asthma                


                  XII.g
                
XII - Cardiovascular involvement / toxicity

                    XII.g - Coronary artery disease (acute) - Myocardial ischemia/infarction                


                  XV.f
                
XV - Pathology

                    XV.f - Path: Diffuse alveolar damage (DAD-pattern) (see also IL)",13342,Both,vinblastine
CCC1(O)CC2CN(CCc3c([nH]c4ccccc34)C(C(=O)OC)(c3cc4c(cc3OC)N(C=O)C3C(O)(C(=O)OC)C(OC(C)=O)C5(CC)C=CCN6CCC43C65)C2)C1,Vincristine,"I.b
                
I - Interstitial/parenchymal lung disease

                    I.b - Pneumonitis (ILD)                


                  VIII.e
                
VIII - Central-large-upper airway (incl. pharyngeal-nasal) involvement

                    VIII.e - Laryngospasm (a.k.a. laryngismus)                


                  VIII.h
                
VIII - Central-large-upper airway (incl. pharyngeal-nasal) involvement

                    VIII.h - Vocal cord dysfunction, adduction, closure, injury                


                  VIII.j
                
VIII - Central-large-upper airway (incl. pharyngeal-nasal) involvement

                    VIII.j - Laryngeal disorder-Laryngeal nerve palsy (dysphonia, hoarseness)                


                  XV.a
                
XV - Pathology

                    XV.a - Path: NSIP-cellular pattern (see also Ia, Ib)                


                  XV.i
                
XV - Pathology

                    XV.i - Path: Pneumocyte atypia (reactive epithelial cells) (a.k.a. the ""Napoleon Hat"" sign)",5978,Both,vincristine
CCC1(O)CC2CN(CCc3c([nH]c4ccccc34)C(C(=O)OC)(c3cc4c(cc3OC)N(C)C3C(O)(C(N)=O)C(O)C5(CC)C=CCN6CCC43C65)C2)C1,Vindesine,"I.b
                
I - Interstitial/parenchymal lung disease

                    I.b - Pneumonitis (ILD)                


                  II.a
                
II - Pulmonary edema - Acute lung injury - ARDS

                    II.a - Pulmonary edema, noncardiogenic (NCPE)                


                  IV.a
                
IV - Airway involvement

                    IV.a - Bronchospasm - Wheezing - Asthma                


                  IV.n
                
IV - Airway involvement

                    IV.n - Obstructive airway dysfunction (see also IVc, XVx)",40839,Pneumotox_only,vindesine
CCC1=CC2CN(C1)Cc1c([nH]c3ccccc13)C(C(=O)OC)(c1cc3c(cc1OC)N(C)C1C(O)(C(=O)OC)C(OC(C)=O)C4(CC)C=CCN5CCC31C54)C2,Vinorelbine,"I.b
                
I - Interstitial/parenchymal lung disease

                    I.b - Pneumonitis (ILD)                


                  II.a
                
II - Pulmonary edema - Acute lung injury - ARDS

                    II.a - Pulmonary edema, noncardiogenic (NCPE)                


                  II.b
                
II - Pulmonary edema - Acute lung injury - ARDS

                    II.b - ARDS - Acute lung injury                


                  IV.a
                
IV - Airway involvement

                    IV.a - Bronchospasm - Wheezing - Asthma                


                  X.f
                
X - Systemic/Distant conditions, syndromes and reactions

                    X.f - Anaphylaxis-Anaphylactoid reaction (can be fatal)                


                  XII.m
                
XII - Cardiovascular involvement / toxicity

                    XII.m - Cardiac- cardiorespiratory/pulmonary arrest",5311497,Both,vinorelbine
CC(C=CC1=C(C)CCCC1(C)C)=CC=CC(C)=CCO,Vitamin A,"V.a
                
V - Pleural and/or pericardial involvement

                    V.a - Pleural effusion (uni- or bilateral) (can accompany DI-LDs)",445354,Pneumotox_only,vitamin a
C=C1CCC(O)CC1=CC=C1CCCC2(C)C1CCC2C(C)CCCC(C)C,Vitamin D3,"XVII.a
                
XVII - Infections & related conditions

                    XVII.a - Respiratory tract infection incl. pneumonia",5280795,Pneumotox_only,vitamin d3
CC(Nc1nc(NC(C)C(F)(F)F)nc(-c2cccc(Cl)n2)n1)C(F)(F)F,Vorasidenib (AG881),"I.b
                
I - Interstitial/parenchymal lung disease

                    I.b - Pneumonitis (ILD)                


                  XVI.by
                
XVI - Imaging

                    XVI.by - Imaging: The photographic negative of batwing or pulmonary edema",117817422,Pneumotox_only,vorasidenib (ag881)
CC(c1ncncc1F)C(O)(Cn1cncn1)c1ccc(F)cc1F,Voriconazole,"XI.al
                
XI - Miscellaneous

                    XI.al - Periostitis - Rib hypertrophy                


                  XVIII.n
                
XVIII - Distinctive patterns - 'Eye-catchers'

                    XVIII.n - Eye-catcher: Periostitis - Rib hypertrophy",71616,Both,voriconazole
OCC(O)C(O)C(O)CO,Xylitol,"XXIV.j
                
XXIV - Veterinary medicine

                    XXIV.j - Veterinary: Cardiotoxicity                


                  XXIV.o
                
XXIV - Veterinary medicine

                    XXIV.o - Veterinary: Myocardial dysfunction",6912,Pneumotox_only,xylitol
COC(=O)C1C(O)CCC2CN3CCc4c([nH]c5ccccc45)C3CC21,Yohimbine,"IV.a
                
IV - Airway involvement

                    IV.a - Bronchospasm - Wheezing - Asthma",8969,Pneumotox_only,yohimbine
COc1cc(C(=O)NS(=O)(=O)c2ccccc2C)ccc1Cc1cn(C)c2ccc(NC(=O)OC3CCCC3)cc12,Zafirlukast,"I.c
                
I - Interstitial/parenchymal lung disease

                    I.c - Eosinophilic pneumonia (pulmonary infiltrates and eosinophilia)                


                  X.d
                
X - Systemic/Distant conditions, syndromes and reactions

                    X.d - Lupus - Lupus syndrome (see also Vd)                


                  X.h
                
X - Systemic/Distant conditions, syndromes and reactions

                    X.h - Eosinophilic granulomatosis with polyangiitis (Churg-Strauss)                


                  XII.f
                
XII - Cardiovascular involvement / toxicity

                    XII.f - Cardiomyopathy (acute, subacute, chronic)",5717,Both,zafirlukast
CC(=O)NC1C(N=C(N)N)C=C(C(=O)O)OC1C(O)C(O)CO,Zanamivir,"IV.a
                
IV - Airway involvement

                    IV.a - Bronchospasm - Wheezing - Asthma",60855,Both,zanamivir
C=CC(=O)N1CCC(C2CCNc3c(C(N)=O)c(-c4ccc(Oc5ccccc5)cc4)nn32)CC1,Zanubrutinib,"XVII.j
                
XVII - Infections & related conditions

                    XVII.j - Mucormycosis (pulmonary, tracheobronchial or systemic)",135565884,Both,zanubrutinib
Oc1cc2cc(CCN3CCN(c4nsc5ccccc45)CC3)c(Cl)cc2[nH]1,Ziprasidone,"X.j
                
X - Systemic/Distant conditions, syndromes and reactions

                    X.j - Myopathy-Myositis-Polymyositis (see also under Xba)",60854,Both,ziprasidone
O=P(O)(O)C(O)(Cn1ccnc1)P(=O)(O)O,Zoledronic acid,"X.n
                
X - Systemic/Distant conditions, syndromes and reactions

                    X.n - Tumor lysis syndrome (TLS)",68740,Both,zoledronic acid
Cc1ccc(-c2nc3ccc(C)cn3c2CC(=O)N(C)C)cc1,Zolpidem,"II.a
                
II - Pulmonary edema - Acute lung injury - ARDS

                    II.a - Pulmonary edema, noncardiogenic (NCPE)",5732,Both,zolpidem
Cc1cc(CC(=O)O)n(C)c1C(=O)c1ccc(Cl)cc1,Zomepirac,"IV.a
                
IV - Airway involvement

                    IV.a - Bronchospasm - Wheezing - Asthma                


                  X.f
                
X - Systemic/Distant conditions, syndromes and reactions

                    X.f - Anaphylaxis-Anaphylactoid reaction (can be fatal)",5733,Pneumotox_only,zomepirac
NS(=O)(=O)Cc1noc2ccccc12,Zonisamide,"X.a
                
X - Systemic/Distant conditions, syndromes and reactions

                    X.a - DRES syndrome - DRESS-like reaction",5734,Both,zonisamide
COC1CC2CCC(C)C(O)(O2)C(=O)C(=O)N2CCCCC2C(=O)OC(C(C)CC2CCC(n3cnnn3)C(OC)C2)CC(=O)C(C)=CC(C)C(O)C(OC)C(=O)C(C)CC(C)C=CC=CC=C1C,Zotarolimus,"I.b
                
I - Interstitial/parenchymal lung disease

                    I.b - Pneumonitis (ILD)                


                  XV.a
                
XV - Pathology

                    XV.a - Path: NSIP-cellular pattern (see also Ia, Ib)                


                  XV.e
                
XV - Pathology

                    XV.e - Path: ILD with a granulomatous component (see also Im)",9876378,Pneumotox_only,zotarolimus
CC(=O)CC(c1ccccc1)c1c([O-])oc2ccccc2c1=O,4-oxo-3-(3-oxo-1-phenylbutyl)chromen-2-olate,ADReCS: Thoracic disorders (excl lung and pleura),23690541,ADReCS_only,4-oxo-3-(3-oxo-1-phenylbutyl)chromen-2-olate
CC1Oc2ccc(C(C)(C)C)cc2O1,"5-tert-butyl-2-methyl-1,3-benzodioxole",ADReCS: Asthma,135113,ADReCS_only,"5-tert-butyl-2-methyl-1,3-benzodioxole"
CC(=O)NC(Cc1ccc2ccccc2c1)C(=O)NC(Cc1ccc(Cl)cc1)C(=O)NC(Cc1cccnc1)C(=O)NC(CO)C(=O)N(C)C(Cc1ccc(O)cc1)C(=O)NC(CC(N)=O)C(=O)NC(CC(C)C)C(=O)NC(CCCCNC(C)C)C(=O)N1CCCC1C(=O)NC(C)C(N)=O,Abarelix,ADReCS: Respiratory tract infections,16131215,ADReCS_only,abarelix
CC#CC(=O)N1CCCC1c1nc(-c2ccc(C(=O)Nc3ccccn3)cc2)c2c(N)nccn12,Acalabrutinib,ADReCS: Acute pulmonary oedema,71226662,ADReCS_only,acalabrutinib
CC(=O)NCCCS(=O)(=O)O,Acamprosate,ADReCS: Asthma,71158,ADReCS_only,acamprosate
CC1OC(OC2C(CO)OC(OC3C(CO)OC(O)C(O)C3O)C(O)C2O)C(O)C(O)C1NC1C=C(CO)C(O)C(O)C1O,Acarbose,ADReCS: Respiratory signs and symptoms NEC,444254,ADReCS_only,acarbose
CC(=O)Nc1ccc(O)cc1,Acetaminophen,ADReCS: Acute respiratory distress syndrome,1983,ADReCS_only,acetaminophen
CC(O)=NO,Acetohydroxamic acid,ADReCS: Pulmonary embolism,1990,ADReCS_only,acetohydroxamic acid
CC(=O)N(c1onc(C)c1C)S(=O)(=O)c1ccc(N)cc1,Acetyl sulfisoxazole,ADReCS: Lower respiratory tract disorders (excl obstruction and infection),6662,ADReCS_only,acetyl sulfisoxazole
CC(=O)NC(CS)C(=O)O,Acetylcysteine,ADReCS: Asthma,12035,ADReCS_only,acetylcysteine
CC(=O)Oc1ccccc1C(=O)O,Acetylsalicylic acid,ADReCS: Acute respiratory distress syndrome,2244,ADReCS_only,acetylsalicylic acid
Cc1cnc(C(=O)O)c[n+]1[O-],Acipimox,ADReCS: Bronchial disorders (excl neoplasms),5310993,ADReCS_only,acipimox
[C],Activated charcoal,ADReCS: Bronchial disorders (excl neoplasms),5462310,ADReCS_only,activated charcoal
COc1ccc(-c2ccc3cc(C(=O)O)ccc3c2)cc1C12CC3CC(CC(C3)C1)C2,Adapalene,ADReCS: Pulmonary embolism,60164,ADReCS_only,adapalene
CC(C)(C)C(=O)OCOP(=O)(COCCn1cnc2c(N)ncnc21)OCOC(=O)C(C)(C)C,Adefovir dipivoxil,ADReCS: Thoracic disorders (excl lung and pleura),60871,ADReCS_only,adefovir dipivoxil
COc1ccc2cccc(CCNC(C)=O)c2c1,Agomelatine,ADReCS: Respiratory tract infections,82148,ADReCS_only,agomelatine
CCCSc1ccc2[nH]c(NC(=O)OC)nc2c1,Albendazole,ADReCS: Respiratory signs and symptoms NEC,2082,ADReCS_only,albendazole
CCC(C)C(NC(=O)C(Cc1ccccc1)NC(=O)C(CCC(=O)O)NC(=O)C(CCCCN)NC(=O)C(C)NC(=O)C(C)NC(=O)C(CCC(N)=O)NC(=O)CNC(=O)C(CCC(=O)O)NC(=O)C(CC(C)C)NC(=O)C(Cc1ccc(O)cc1)NC(=O)C(CO)NC(=O)C(CO)NC(=O)C(NC(=O)C(CC(=O)O)NC(=O)C(CO)NC(=O)C(NC(=O)C(Cc1ccccc1)NC(=O)C(NC(=O)CNC(=O)C(CCC(=O)O)NC(=O)CNC(=O)C(N)Cc1c[nH]cn1)C(C)O)C(C)O)C(C)C)C(=O)NC(C)C(=O)NC(Cc1c[nH]c2ccccc12)C(=O)NC(CC(C)C)C(=O)NC(C(=O)NC(CCCCN)C(=O)NCC(=O)NC(CCCNC(=N)N)C(N)=O)C(C)C,Albiglutide,ADReCS: Respiratory tract infections,145994868,ADReCS_only,albiglutide
CN1CCC(=C2c3ccccc3CCn3c(C=O)cnc32)CC1,Alcaftadine,ADReCS: Respiratory tract infections,19371515,ADReCS_only,alcaftadine
C=C1C(=CC=C2CCCC3(C)C2CCC3C(C)CCCC(C)C)CC(O)CC1O,Alfacalcidol,ADReCS: Lower respiratory tract disorders (excl obstruction and infection),5282181,ADReCS_only,alfacalcidol
CCC(=O)N(c1ccccc1)C1(COC)CCN(CCn2nnn(CC)c2=O)CC1,Alfentanil,ADReCS: Bronchial disorders (excl neoplasms),51263,ADReCS_only,alfentanil
COc1cc2nc(N(C)CCCNC(=O)C3CCCO3)nc(N)c2cc1OC,Alfuzosin,ADReCS: Bronchitis,2092,ADReCS_only,alfuzosin
CN(C)CCc1c[nH]c2ccc(CS(=O)(=O)N3CCCC3)cc12,Almotriptan,ADReCS: Bronchitis,123606,ADReCS_only,almotriptan
Cn1c(=O)cc(N2CCCC(N)C2)n(Cc2ccccc2C#N)c1=O,Alogliptin,ADReCS: Interstitial lung disease,11450633,ADReCS_only,alogliptin
Cc1[nH]cnc1CN1CCc2c(c3ccccc3n2C)C1=O,Alosetron,ADReCS: Respiratory tract infections,2099,ADReCS_only,alosetron
Cc1ccc(N(c2ccc(C)cc2)c2c3ccccc3c(N(c3ccc(C)cc3)c3ccc(C)cc3)c3ccccc23)cc1,Alteplase,ADReCS: Pulmonary embolism,22976653,ADReCS_only,alteplase
CC[N+](CC)(CCNC(=O)C(=O)NCC[N+](CC)(CC)Cc1ccccc1Cl)Cc1ccccc1Cl,Ambenonium chloride,ADReCS: Lower respiratory tract signs and symptoms,8288,ADReCS_only,ambenonium chloride
NCCCCCC(=O)O,Aminocaproic acid,ADReCS: Pulmonary embolism,564,ADReCS_only,aminocaproic acid
Nc1ccc(C(=O)NCC(=O)O)cc1,Aminohippuric acid,"ADReCS: Respiratory, thoracic and mediastinal disorders",2148,ADReCS_only,aminohippuric acid
NCC(=O)CCC(=O)O,Aminolevulinic acid,ADReCS: Respiratory acidoses,137,ADReCS_only,aminolevulinic acid
Nc1ccc(C(=O)O)c(O)c1,Aminosalicylic acid,ADReCS: Lower respiratory tract disorders (excl obstruction and infection),4649,ADReCS_only,aminosalicylic acid
CCN1CCCC1CNC(=O)c1cc(S(=O)(=O)CC)c(N)cc1OC,Amisulpride,ADReCS: Pulmonary embolism,2159,ADReCS_only,amisulpride
CC(C)c1ccc2oc3nc(N)c(C(=O)O)cc3c(=O)c2c1,Amlexanox,"ADReCS: Respiratory, thoracic and mediastinal disorders",2161,ADReCS_only,amlexanox
CCC1(CCC(C)C)C(=O)NC(=O)NC1=O,Amobarbital,ADReCS: Lower respiratory tract disorders (excl obstruction and infection),2164,ADReCS_only,amobarbital
CC1C=CC=CC=CC=CC=CC=CC=CC(OC2OC(C)C(O)C(N)C2O)CC2OC(O)(CC(O)CC(O)C(O)CCC(O)CC(O)CC(=O)OC(C)C(C)C1O)CC(O)C2C(=O)O,Amphotericin b,ADReCS: Asthma,14956,ADReCS_only,amphotericin b
CC(C)CN(CC(O)C(Cc1ccccc1)NC(=O)OC1CCOC1)S(=O)(=O)c1ccc(N)cc1,Amprenavir,"ADReCS: Respiratory, thoracic and mediastinal disorders",65016,ADReCS_only,amprenavir
COc1cc(NS(C)(=O)=O)ccc1Nc1c2ccccc2nc2ccccc12,Amsacrine,ADReCS: Thoracic disorders (excl lung and pleura),2179,ADReCS_only,amsacrine
CCOC(=O)C1(c2ccccc2)CCN(CCc2ccc(N)cc2)CC1,Anileridine,ADReCS: Respiratory depression,8944,ADReCS_only,anileridine
CN1CCc2cccc3c2C1Cc1ccc(O)c(O)c1-3,Apomorphine,ADReCS: Respiratory tract infections,6005,ADReCS_only,apomorphine
Nc1cc(Cl)c(NC2=NCCN2)c(Cl)c1,Apraclonidine,ADReCS: Asthma; Respiratory signs and symptoms NEC,2216,ADReCS_only,apraclonidine
CCOc1cc(C(CS(C)(=O)=O)N2C(=O)c3cccc(NC(C)=O)c3C2=O)ccc1OC,Apremilast,ADReCS: Asthma,10151715,ADReCS_only,apremilast
CC(OC1OCCN(Cc2n[nH]c(=O)[nH]2)C1c1ccc(F)cc1)c1cc(C(F)(F)F)cc(C(F)(F)F)c1,Aprepitant,ADReCS: Bronchial disorders (excl neoplasms),135413536,ADReCS_only,aprepitant
CC1CNc2c(cccc2S(=O)(=O)NC(CCCN=C(N)N)C(=O)N2CCC(C)CC2C(=O)O)C1,Argatroban,ADReCS: Lower respiratory tract disorders (excl obstruction and infection),92722,ADReCS_only,argatroban
N=C(N)NCCCC(N)C(=O)O,Arginine,"ADReCS: Respiratory, thoracic and mediastinal disorders",6322,ADReCS_only,arginine
CCCCCCCCCCCC(=O)OCN1C(=O)CCc2ccc(OCCCCN3CCN(c4cccc(Cl)c4Cl)CC3)cc21,Aripiprazole lauroxil,ADReCS: Cardio-respiratory arrest,49831411,ADReCS_only,aripiprazole lauroxil
O=C(Nc1ccc(OC(F)(F)Cl)cc1)c1cnc(N2CCC(O)C2)c(-c2cc[nH]n2)c1,Asciminib,ADReCS: Pleural disorders,72165228,ADReCS_only,asciminib
OCC(O)c1oc(O)c(O)c1O,Ascorbic acid,ADReCS: Respiratory signs and symptoms NEC,54670067,ADReCS_only,ascorbic acid
CN1CC2c3ccccc3Oc3ccc(Cl)cc3C2C1,Asenapine,ADReCS: Bronchial disorders (excl neoplasms),9903970,ADReCS_only,asenapine
COC(=O)NC(C(=O)NC(Cc1ccccc1)C(O)CN(Cc1ccc(-c2ccccn2)cc1)NC(=O)C(NC(=O)OC)C(C)(C)C)C(C)(C)C,Atazanavir,"ADReCS: Bronchial disorders (excl neoplasms); Respiratory, thoracic and mediastinal disorders",148192,ADReCS_only,atazanavir
Oc1c(C2=CCC(c3ccc(Cl)cc3)CC2)c(O)c2ccccc2c1O,Atovaquone,ADReCS: Bronchial disorders (excl neoplasms),74989,ADReCS_only,atovaquone
O=C([O-])CC([S-])C(=O)[O-].[Au+],Sodium aurothiomalate,ADReCS: Bronchitis,22318,ADReCS_only,aurothiomalate
Cc1ccc(NC(=O)C2CCCN(C(=O)c3c(C)cccc3F)C2c2ccc(NC3CCCC3)cc2)cc1C(F)(F)F,Avacopan,ADReCS: Pulmonary embolism,49841217,ADReCS_only,avacopan
COc1ccc(CNc2nc(N3CCCC3CO)ncc2C(=O)NCc2ncccn2)cc1Cl,Avanafil,ADReCS: Adenoviral upper respiratory infection,9869929,ADReCS_only,avanafil
Cn1cc(-c2cc3c(N4CCN(c5ncc(C(C)(N)c6ccc(F)cc6)cn5)CC4)ncnn3c2)cn1,Avapritinib,ADReCS: Respiratory signs and symptoms NEC,118023034,ADReCS_only,avapritinib
O=C(Nc1nc(-c2cc(Cl)cs2)c(N2CCN(C3CCCCC3)CC2)s1)c1cnc(N2CCC(C(=O)O)CC2)c(Cl)c1,Avatrombopag,ADReCS: Bronchial disorders (excl neoplasms),9852519,ADReCS_only,avatrombopag
O=C(O)CCCCCCCC(=O)O,Azelaic acid,ADReCS: Asthma,2266,ADReCS_only,azelaic acid
CN1CCCC(n2nc(Cc3ccc(Cl)cc3)c3ccccc3c2=O)CC1,Azelastine,ADReCS: Asthma,2267,ADReCS_only,azelastine
CCOc1nc2cccc(C(=O)O)c2n1Cc1ccc(-c2ccccc2-c2nc(=O)o[nH]2)cc1,Azilsartan,ADReCS: Thoracic disorders (excl lung and pleura),135415867,ADReCS_only,azilsartan
CCOc1nc2cccc(C(=O)OCc3oc(=O)oc3C)c2n1Cc1ccc(-c2ccccc2-c2noc(=O)[n-]2)cc1,Azilsartan kamedoxomil,ADReCS: Respiratory signs and symptoms NEC,23699544,ADReCS_only,azilsartan kamedoxomil
CCOc1nc2cccc(C(=O)OCc3oc(=O)oc3C)c2n1Cc1ccc(-c2ccccc2-c2nc(=O)o[nH]2)cc1,Azilsartan medoxomil,ADReCS: Respiratory disorders NEC,135409642,ADReCS_only,azilsartan medoxomil
CC1C(=NC(=O)C(NOC(C)(C)C(=O)O)c2csc(N)n2)C(=O)N1S(=O)(=O)O,Aztreonam,ADReCS: Bronchial disorders (excl neoplasms),2274,ADReCS_only,aztreonam
COC(=O)OCOc1c2n(ccc1=O)N(C1c3ccccc3SCc3c1ccc(F)c3F)C1COCCN1C2=O,Baloxavir marboxil,ADReCS: Acute respiratory distress syndrome,124081896,ADReCS_only,baloxavir marboxil
O=C([O-])CCNC(=O)c1ccc(N=Nc2ccc([O-])c(C(=O)O)c2)cc1,Balsalazide disodium,ADReCS: Lower respiratory tract disorders (excl obstruction and infection),135413496,ADReCS_only,balsalazide disodium
CCC(=O)OC1(C(=O)CO)C(C)CC2C3CC=C4CC(=O)C=CC4(C)C3(Cl)C(O)CC21C,Beclomethasone 17-monopropionate,ADReCS: Asthma,62965,ADReCS_only,beclomethasone 17-monopropionate
CCC(=O)OCC(=O)C1(OC(=O)CC)C(C)CC2C3CC=C4CC(=O)C=CC4(C)C3(Cl)C(O)CC21C,Beclomethasone dipropionate,ADReCS: Asthma; Bronchial disorders (excl neoplasms),21700,ADReCS_only,beclomethasone dipropionate
COc1nc2ccc(Br)cc2cc1C(c1ccccc1)C(O)(CCN(C)C)c1cccc2ccccc12,Bedaquiline,ADReCS: Respiratory signs and symptoms NEC,5388906,ADReCS_only,bedaquiline
O=S(=O)(Nc1ccccc1)c1cccc(C=CC(O)=NO)c1,Belinostat,ADReCS: Respiratory tract infections,6918638,ADReCS_only,belinostat
CC(C)NC(=O)COc1cccc(-c2nc(Nc3ccc4[nH]ncc4c3)c3ccccc3n2)c1,Belumosudil,ADReCS: Respiratory disorders NEC,11950170,ADReCS_only,belumosudil
CC(C)(CCCCCC(O)CCCCCC(C)(C)C(=O)O)C(=O)O,Bempedoic acid,"ADReCS: Respiratory, thoracic and mediastinal disorders",10472693,ADReCS_only,bempedoic acid
O=C(O)CN1C(=O)C(NC(CCc2ccccc2)C(=O)O)CCc2ccccc21,Benazeprilat,ADReCS: Asthma,5463984,ADReCS_only,benazeprilat
NS(=O)(=O)c1cc2c(cc1C(F)(F)F)NC(Cc1ccccc1)NS2(=O)=O,Bendroflumethiazide,ADReCS: Lower respiratory tract disorders (excl obstruction and infection),2315,ADReCS_only,bendroflumethiazide
CCOC(=O)c1ccc(N)cc1,Benzocaine,ADReCS: Respiratory distress,2337,ADReCS_only,benzocaine
O=C(OOC(=O)c1ccccc1)c1ccccc1,Benzoyl peroxide,ADReCS: Respiratory disorders NEC,7187,ADReCS_only,benzoyl peroxide
CN1C2CCC1CC(OC(c1ccccc1)c1ccccc1)C2,Benztropine,"ADReCS: Respiratory, thoracic and mediastinal disorders",1201549,ADReCS_only,benztropine
CN(C)CCCOc1nn(Cc2ccccc2)c2ccccc12,Benzydamine,ADReCS: Respiratory disorders NEC,12555,ADReCS_only,benzydamine
CC1(C)SC(C(NC(=O)Cc2ccccc2)C(=O)NCCCCCC(=O)O)NC1C(=O)O,Benzylpenicilloyl g,ADReCS: Respiratory disorders NEC,119212,ADReCS_only,benzylpenicilloyl g
O=C(O)CCCN1CCC(OC(c2ccc(Cl)cc2)c2ccccn2)CC1,Bepotastine,ADReCS: Respiratory tract infections,164522,ADReCS_only,bepotastine
OCC1OC(O)C(O)C(O)C1O,Beta-d-glucose,ADReCS: Pulmonary embolism,64689,ADReCS_only,beta-d-glucose
C[N+](C)(C)CC(=O)[O-],Betaine,ADReCS: Respiratory distress,247,ADReCS_only,betaine
O=C(O)CNC(=O)CNC(=O)CNC(=O)CSC(=O)c1ccccc1,Betiatide,ADReCS: Bronchial disorders (excl neoplasms),185457,ADReCS_only,betiatide
C=C(c1ccc(C(=O)O)cc1)c1cc2c(cc1C)C(C)(C)CCC2(C)C,Bexarotene,ADReCS: Bronchitis,82146,ADReCS_only,bexarotene
N=C(N)N=C(N)N,Biguanide,"ADReCS: Respiratory, thoracic and mediastinal disorders",5939,ADReCS_only,biguanide
CCOCCn1c(C2CCN(CCc3ccc(C(C)(C)C(=O)O)cc3)CC2)nc2ccccc21,Bilastine,ADReCS: Lower respiratory tract signs and symptoms,185460,ADReCS_only,bilastine
CCNC(=O)CCCC=CCC1C(O)CC(O)C1C=CC(O)CCc1ccccc1,Bimatoprost,ADReCS: Asthma,5311027,ADReCS_only,bimatoprost
CC(=O)Oc1ccc(C(c2ccc(OC(C)=O)cc2)c2ccccn2)cc1,Bisacodyl,ADReCS: Respiratory signs and symptoms NEC,2391,ADReCS_only,bisacodyl
CC(C)(C)NC(=O)NC(C(=O)N1CC2C(C1C(=O)NC(CC1CCC1)C(=O)C(N)=O)C2(C)C)C(C)(C)C,Boceprevir,ADReCS: Bronchial disorders (excl neoplasms),10324367,ADReCS_only,boceprevir
COc1ccccc1Oc1c(NS(=O)(=O)c2ccc(C(C)(C)C)cc2)nc(-c2ncccn2)nc1OCCO,Bosentan,ADReCS: Acute pulmonary oedema,104865,ADReCS_only,bosentan
CC[N+](C)(C)Cc1ccccc1Br,Bretylium,ADReCS: Lower respiratory tract signs and symptoms,2431,ADReCS_only,bretylium
O=c1ccc2ccc(OCCCCN3CCN(c4cccc5sccc45)CC3)cc2[nH]1,Brexpiprazole,ADReCS: Bronchial disorders (excl neoplasms),11978813,ADReCS_only,brexpiprazole
Brc1c(NC2=NCCN2)ccc2nccnc12,Brimonidine,ADReCS: Asthma,2435,ADReCS_only,brimonidine
CCNC1CN(CCCOC)S(=O)(=O)c2sc(S(N)(=O)=O)cc21,Brinzolamide,ADReCS: Asthma,68844,ADReCS_only,brinzolamide
CCCC1CC(=O)N(C(CC)C(N)=O)C1,Brivaracetam,ADReCS: Bronchial disorders (excl neoplasms),9837243,ADReCS_only,brivaracetam
O=C1CN=C(c2ccccn2)c2cc(Br)ccc2N1,Bromazepam,ADReCS: Respiratory and pulmonary function diagnostic procedures,2441,ADReCS_only,bromazepam
Nc1c(CC(=O)O)cccc1C(=O)c1ccc(Br)cc1,Bromfenac,ADReCS: Asthma,60726,ADReCS_only,bromfenac
CN(Cc1cc(Br)cc(Br)c1N)C1CCCCC1,Bromhexine,ADReCS: Bronchial disorders (excl neoplasms),2442,ADReCS_only,bromhexine
CCCC1OC2CC3C4CC=C5CC(=O)C=CC5(C)C4C(O)CC3(C)C2(C(=O)CO)O1,Budesonide,ADReCS: Acute respiratory distress syndrome,5281004,ADReCS_only,budesonide
CC(NC(C)(C)C)C(=O)c1cccc(Cl)c1,Bupropion,ADReCS: Acute respiratory distress syndrome; Bronchial disorders (excl neoplasms),444,ADReCS_only,bupropion
O=C1CC2(CCCC2)CC(=O)N1CCCCN1CCN(c2ncccn2)CC1,Buspirone,ADReCS: Lower respiratory tract disorders (excl obstruction and infection); Lower respiratory tract signs and symptoms,2477,ADReCS_only,buspirone
CCC(C)C1(CC)C(=O)NC(=O)NC1=O,Butabarbital,ADReCS: Respiratory acidoses; Respiratory disorders NEC,2479,ADReCS_only,butabarbital
Oc1ccc2c(c1)C13CCCCC1(O)C(C2)N(CC1CCC1)CC3,Butorphanol,ADReCS: Bronchitis,5361092,ADReCS_only,butorphanol
CCCC[N+]1(C)C2CC(OC(=O)C(CO)c3ccccc3)CC1C1OC12,Butylscopolamine bromide,ADReCS: Respiratory disorders NEC,656587,ADReCS_only,butylscopolamine bromide
C=C1CCC(O)CC1=CC=C1CCCC2(C)C1CCC2C(C)CCCC(C)(C)O,Calcifediol,ADReCS: Respiratory disorders NEC,5283731,ADReCS_only,calcifediol
CC(C)CC(NC(=O)C(CCCCN)NC(=O)CNC(=O)C(CC(C)C)NC(=O)C(NC(=O)C1CSSCC(N)C(=O)NC(CO)C(=O)NC(CC(N)=O)C(=O)NC(CC(C)C)C(=O)NC(CO)C(=O)NC(C(C)O)C(=O)N1)C(C)C)C(=O)NC(CO)C(=O)NC(CCC(N)=O)C(=O)NC(CCC(=O)O)C(=O)NC(CC(C)C)C(=O)NC(Cc1c[nH]cn1)C(=O)NC(CCCCN)C(=O)NC(CC(C)C)C(=O)NC(CCC(N)=O)C(=O)NC(C(=O)NC(Cc1ccc(O)cc1)C(=O)N1CCCC1C(=O)NC(CCCNC(=N)N)C(=O)NC(C(=O)NC(CC(N)=O)C(=O)NC(C(=O)NCC(=O)NC(CO)C(=O)NCC(=O)NC(C(=O)N1CCCC1C(N)=O)C(C)O)C(C)O)C(C)O)C(C)O,Calcitonin,ADReCS: Bronchial disorders (excl neoplasms),16220016,ADReCS_only,calcitonin
CC(C)CC(NC(=O)C(CCCCN)NC(=O)CNC(=O)C(CC(C)C)NC(=O)C(NC(=O)C1CSSCC(N)C(=O)NC(CO)C(=O)NC(CC(N)=O)C(=O)NC(CC(C)C)C(=O)NC(CO)C(=O)NC(C(C)O)C(=O)N1)C(C)C)C(=O)NC(CO)C(=O)NC(CCC(N)=O)C(=O)NC(CCC(=O)O)C(=O)NC(CC(C)C)C(=O)NC(Cc1c[nH]cn1)C(=O)NC(CCCCN)C(=O)NC(CC(C)C)C(=O)NC(CCC(N)=O)C(=O)NC(C(=O)NC(Cc1ccc(O)cc1)C(=O)N1CCCC1C(=O)NC(CCCN=C(N)N)C(=O)NC(C(=O)NC(CC(N)=O)C(=O)NC(C(=O)NCC(=O)NC(CO)C(=O)NCC(=O)NC(C(=O)N1CCCC1C(N)=O)C(C)O)C(C)O)C(C)O)C(C)O,Calcitonin (salmon),ADReCS: Bronchial disorders (excl neoplasms),16133812,ADReCS_only,calcitonin (salmon)
C=C1C(=CC=C2CCCC3(C)C2CCC3C(C)CCCC(C)(C)O)CC(O)CC1O,Calcitriol,ADReCS: Respiratory tract infections,5280453,ADReCS_only,calcitriol
Cc1ccc(C2OC(CO)C(O)C(O)C2O)cc1Cc1ccc(-c2ccc(F)cc2)s1,Canagliflozin,ADReCS: Asthma,24812758,ADReCS_only,canagliflozin
C=C(C)C1CCC(C)=CC1c1c(O)cc(CCCCC)cc1O,Cannabidiol,ADReCS: Lower respiratory tract disorders (excl obstruction and infection),644019,ADReCS_only,cannabidiol
Nc1nc(=O)c2ncn(C3OC(COP(=O)(O)O)C(OP(=O)(O)O)C3O)c2[nH]1,Capromab pendetide,ADReCS: Respiratory disorders NEC,135509147,ADReCS_only,capromab pendetide
C[N+](C)(C)CCOC(N)=O,Carbachol,ADReCS: Asthma,5831,ADReCS_only,carbachol
CC(Cc1ccc(O)c(O)c1)(NN)C(=O)O,Carbidopa,ADReCS: Respiratory tract infections,34359,ADReCS_only,carbidopa
CN(C)CCOC(c1ccc(Cl)cc1)c1ccccn1,Carbinoxamine,ADReCS: Bronchial disorders (excl neoplasms),2564,ADReCS_only,carbinoxamine
O=C(O)O,Carbonic acid,ADReCS: Respiratory disorders NEC,767,ADReCS_only,carbonic acid
NC(=O)NC(CCC(=O)O)C(=O)O,Carglumic acid,ADReCS: Acute respiratory failure,121396,ADReCS_only,carglumic acid
CN(C)C(=O)NC1CCC(CCN2CCN(c3cccc(Cl)c3Cl)CC2)CC1,Cariprazine,ADReCS: Respiratory tract infections,11154555,ADReCS_only,cariprazine
O=NN(CCCl)C(=O)NCCCl,Carmustine,ADReCS: Congenital respiratory tract disorders,2578,ADReCS_only,carmustine
CCC(C)CC(C)CCCCCCCCC(=O)NC1CC(O)C(NCCN)NC(=O)C2C(O)CCN2C(=O)C(C(O)CCN)NC(=O)C(C(O)C(O)c2ccc(O)cc2)NC(=O)C2CC(O)CN2C(=O)C(C(C)O)NC1=O,Caspofungin,ADReCS: Acute respiratory distress syndrome; Respiratory tract infections,2826718,ADReCS_only,caspofungin
NC(C(=O)NC1C(=O)N2C(C(=O)O)=C(Cl)CSC12)c1ccccc1,Cefaclor,ADReCS: Asthma,51039,ADReCS_only,cefaclor
CC1=C(C(=O)O)N2C(=O)C(NC(=O)C(N)c3ccc(O)cc3)C2SC1,Cefadroxil,ADReCS: Respiratory signs and symptoms NEC,47965,ADReCS_only,cefadroxil
C=CC1=C(C(=O)O)N2C(=O)C(NC(=O)C(=NO)c3csc(N)n3)C2SC1,Cefdinir,ADReCS: Acute respiratory failure,6915944,ADReCS_only,cefdinir
CON=C(C(=O)NC1C(=O)N2C(C(=O)OCOC(=O)C(C)(C)C)=C(C=Cc3scnc3C)CSC12)c1csc(N)n1,Cefditoren pivoxil,ADReCS: Asthma,16667736,ADReCS_only,cefditoren pivoxil
CON=C(C(=O)NC1C(=O)N2C(C(=O)[O-])=C(C[N+]3(C)CCCC3)CSC12)c1csc(N)n1,Cefepime,ADReCS: Bacterial lower respiratory tract infections,5479537,ADReCS_only,cefepime
C=CC1=C(C(=O)O)N2C(=O)C(=NC(=O)C(NOCC(=O)O)c3csc(N)n3)C2SC1,Cefixime,ADReCS: Bacterial lower respiratory tract infections,5362065,ADReCS_only,cefixime
CON=C(C(=O)NC1C(=O)N2C(C(=O)O)=C(COC(C)=O)CSC12)c1csc(N)n1,Cefotaxime,ADReCS: Bronchial disorders (excl neoplasms),5742673,ADReCS_only,cefotaxime
COC1(NC(=O)Cc2cccs2)C(=O)N2C(C(=O)O)=C(COC(N)=O)CSC21,Cefoxitin,ADReCS: Respiratory disorders NEC,441199,ADReCS_only,cefoxitin
CC=CC1=C(C(=O)O)N2C(=O)C(NC(=O)C(N)c3ccc(O)cc3)C2SC1,Cefprozil,ADReCS: Bacterial lower respiratory tract infections,5281006,ADReCS_only,cefprozil
CC(C)(ON=C(C(=O)NC1C(=O)N2C(C(=O)[O-])=C(C[n+]3ccccc3)CSC12)c1csc(N)n1)C(=O)O,Ceftazidime,ADReCS: Bronchial disorders (excl neoplasms),5481173,ADReCS_only,ceftazidime
Nc1nc(C(=NO)C(=O)NC2C(=O)N3C(C(=O)O)=C(C=C4CCN(C5CCNC5)C4=O)CSC23)ns1,Ceftobiprole,ADReCS: Respiratory disorders NEC,135413542,ADReCS_only,ceftobiprole
NC(=O)OC(Cn1ncnn1)c1ccccc1Cl,Cenobamate,ADReCS: Respiratory signs and symptoms NEC,11962412,ADReCS_only,cenobamate
CC1=C(C(=O)O)N2C(=O)C(NC(=O)C(N)C3=CCC=CC3)C2SC1,Cephradine,ADReCS: Respiratory signs and symptoms NEC,38103,ADReCS_only,cephradine
COCc1c(-c2ccc(F)cc2)c(=CCC(O)CC(O)CC(=O)O)c(C(C)C)nc1=C(C)C,Cerivastatin,ADReCS: Bronchitis,446156,ADReCS_only,cerivastatin
CC(=O)NC(Cc1ccc2ccccc2c1)C(=O)NC(Cc1ccc(Cl)cc1)C(=O)NC(Cc1cccnc1)C(=O)NC(CO)C(=O)NC(Cc1ccc(O)cc1)C(=O)NC(CCCNC(N)=O)C(=O)NC(CC(C)C)C(=O)NC(CCCN=C(N)N)C(=O)N1CCCC1C(=O)NC(C)C(N)=O,Cetrorelix,ADReCS: Thoracic disorders (excl lung and pleura),25074887,ADReCS_only,cetrorelix
CC1OC2(CS1)CN1CCC2CC1,Cevimeline,ADReCS: Asthma,2684,ADReCS_only,cevimeline
OC(O)C(Cl)(Cl)Cl,Chloral hydrate,"ADReCS: Respiratory, thoracic and mediastinal disorders",2707,ADReCS_only,chloral hydrate
O=C(NC(CO)C(O)c1ccc([N+](=O)[O-])cc1)C(Cl)Cl,Chloramphenicol,ADReCS: Neonatal cardiovascular disorders (excl cardiorespiratory arrest),5959,ADReCS_only,chloramphenicol
O=C([O-])CCC(=O)OCC(NC(=O)C(Cl)Cl)C(O)c1ccc([N+](=O)[O-])cc1,Chloramphenicol sodium succinate,"ADReCS: Respiratory, thoracic and mediastinal disorders",656833,ADReCS_only,chloramphenicol succinate
CCN(CC)CCOC(=O)c1ccc(N)cc1Cl,Chloroprocaine,ADReCS: Respiratory arrest,8612,ADReCS_only,chloroprocaine
NS(=O)(=O)c1cc(C2(O)NC(=O)c3ccccc32)ccc1Cl,Chlorthalidone,ADReCS: Lower respiratory tract disorders (excl obstruction and infection),2732,ADReCS_only,chlorthalidone
O=c1[nH]c2cc(Cl)ccc2o1,Chlorzoxazone,"ADReCS: Respiratory, thoracic and mediastinal disorders",2733,ADReCS_only,chlorzoxazone
CC(C)C(=O)OCC(=O)C12OC(C3CCCCC3)OC1CC1C3CC=C4CC(=O)C=CC4(C)C3C(O)CC12C,Ciclesonide,ADReCS: Asthma,6918155,ADReCS_only,ciclesonide
Nc1ccn(CC(CO)OCP(=O)(O)O)c(=O)n1,Cidofovir,ADReCS: Asthma,60613,ADReCS_only,cidofovir
CCn1nc(C(=O)O)c(=O)c2cc3c(cc21)OCO3,Cinoxacin,"ADReCS: Respiratory, thoracic and mediastinal disorders",2762,ADReCS_only,cinoxacin
O=C(O)CC(O)(CC(=O)O)C(=O)O,Citric acid,ADReCS: Respiratory disorders NEC,311,ADReCS_only,citric acid
CN1C(=O)CC(=O)N(c2ccccc2)c2cc(Cl)ccc21,Clobazam,ADReCS: Asthma,2789,ADReCS_only,clobazam
CC1CC2C3CC=C4CC(=O)C=CC4(C)C3(F)C(O)CC2(C)C1(O)C(=O)CCl,Clobetasol,ADReCS: Bacterial upper respiratory tract infections; Respiratory disorders NEC,5311051,ADReCS_only,clobetasol
O=P(O)(O)C(Cl)(Cl)P(=O)(O)O,Clodronic acid,ADReCS: Bronchial disorders (excl neoplasms),25419,ADReCS_only,clodronic acid
Clc1ccccc1C(c1ccccc1)(c1ccccc1)n1ccnc1,Clotrimazole,ADReCS: Respiratory signs and symptoms NEC,2812,ADReCS_only,clotrimazole
Cc1onc(-c2ccccc2Cl)c1C(=O)NC1C(=O)N2C1SC(C)(C)C2C(=O)O,Cloxacillin,ADReCS: Bronchial disorders (excl neoplasms),6098,ADReCS_only,cloxacillin
O=C(c1ccc(F)c(F)c1Nc1ccc(I)cc1F)N1CC(O)(C2CCCCN2)C1,Cobimetinib,ADReCS: Lower respiratory tract disorders (excl obstruction and infection),16222096,ADReCS_only,cobimetinib
Cc1nc2c([nH]1)-c1ccccc1N(C(=O)c1ccc(NC(=O)c3ccccc3-c3ccccc3)cc1)CC2,Conivaptan,ADReCS: Respiratory tract infections; Thoracic disorders (excl lung and pleura),151171,ADReCS_only,conivaptan
CC12CCC3c4ccc(OS(=O)(=O)[O-])cc4CCC3C1CCC2=O,Conjugated estrogens,ADReCS: Asthma,45357473,ADReCS_only,conjugated estrogens
CCC(C)C(NC(=O)C(CC(=O)O)NC(=O)C(CC(C)C)NC(=O)C(CC(C)C)NC(=O)C(CCCCN)NC(=O)C(CCCN=C(N)N)NC(=O)C(CC(N)=O)NC(=O)C(CO)NC(=O)C(Cc1cnc[nH]1)NC(=O)C(C)NC(=O)C(CCC(N)=O)NC(=O)C(CCC(N)=O)NC(=O)C(C)NC(=O)C(CC(C)C)NC(=O)C(CCC(N)=O)NC(=O)C(CC(=O)O)NC(=O)C(C)NC(=O)C(CCCCN)NC(=O)C(NC(=O)C(CCSC)NC(=O)C(CCC(=O)O)NC(=O)C(CC(C)C)NC(=O)C(NC(=O)C(CCC(=O)O)NC(=O)C(CCCNC(=N)N)NC(=O)C(CC(C)C)NC(=O)C(CC(C)C)NC(=O)C(Cc1cnc[nH]1)NC(=O)C(Cc1ccccc1)NC(=O)C(NC(=O)C(CC(C)C)NC(=O)C(CC(=O)O)NC(=O)C(CC(C)C)NC(=O)C(CO)NC(=O)C(NC(=O)C1CCCN1C(=O)C1CCCN1C(=O)C(CCC(=O)O)NC(=O)C(CCC(N)=O)NC(=O)C(N)CO)C(C)CC)C(C)O)C(C)C)C(C)O)C(=O)NC(C)C(N)=O,Corticorelin ovine triflutate,ADReCS: Respiratory depth increased,16132344,ADReCS_only,corticorelin ovine triflutate
CSCCC(NC(=O)C(CO)NC(=O)C(Cc1ccc(O)cc1)NC(=O)C(N)CO)C(=O)NC(CCC(=O)O)C(=O)NC(Cc1c[nH]cn1)C(=O)NC(Cc1ccccc1)C(=O)NC(CCCNC(=N)N)C(=O)NC(Cc1c[nH]c2ccccc12)C(=O)NCC(=O)NC(CCCCN)C(=O)N1CCCC1C(=O)NC(C(=O)NCC(=O)NC(CCCCN)C(=O)NC(CCCCN)C(=O)NC(CCCNC(=N)N)C(=O)NC(CCCNC(=N)N)C(=O)N1CCCC1C(=O)NC(C(=O)NC(CCCCN)C(=O)NC(C(=O)NC(Cc1ccc(O)cc1)C(=O)N1CCCC1C(=O)NC(CC(N)=O)C(=O)NCC(=O)NC(C)C(=O)NC(CCC(=O)O)C(=O)NC(CC(=O)O)C(=O)NC(CCC(=O)O)C(=O)NC(CO)C(=O)NC(C)C(=O)NC(CCC(=O)O)C(=O)NC(C)C(=O)NC(Cc1ccccc1)C(=O)N1CCCC1C(=O)NC(CC(C)C)C(=O)NC(CCC(=O)O)C(=O)NC(Cc1ccccc1)C(=O)O)C(C)C)C(C)C)C(C)C,Corticotropin,ADReCS: Thoracic disorders (excl lung and pleura),16132265,ADReCS_only,corticotropin
CSCCC(NC(=O)C(CO)NC(=O)C(Cc1ccc(O)cc1)NC(=O)C(N)CO)C(=O)NC(CCC(=O)O)C(=O)NC(Cc1c[nH]cn1)C(=O)NC(Cc1ccccc1)C(=O)NC(CCCN=C(N)N)C(=O)NC(Cc1c[nH]c2ccccc12)C(=O)NCC(=O)NC(CCCCN)C(=O)N1CCCC1C(=O)NC(C(=O)NCC(=O)NC(CCCCN)C(=O)NC(CCCCN)C(=O)NC(CCCNC(=N)N)C(=O)NC(CCCNC(=N)N)C(=O)N1CCCC1C(=O)NC(C(=O)NC(CCCCN)C(=O)NC(C(=O)NC(Cc1ccc(O)cc1)C(=O)N1CCCC1C(=O)O)C(C)C)C(C)C)C(C)C,Cosyntropin,ADReCS: Asthma,16133802,ADReCS_only,cosyntropin
N#Cc1ccc(Oc2ccc3c(c2)COB3O)cc1,Crisaborole,"ADReCS: Respiratory, thoracic and mediastinal disorders",44591583,ADReCS_only,crisaborole
CSCCC(NC(=O)C(CC(C)C)NC(=O)CNC(=O)C(Cc1ccccc1)NC(=O)C(Cc1ccccc1)NC(=O)C(CCC(N)=O)NC(=O)C(CCC(N)=O)NC(=O)C1CCCN1C(=O)C(CCCCN)NC(=O)C1CCCN1C(=O)C(N)CCCN=C(N)N)C(N)=O,Crofelemer,ADReCS: Bronchitis,36511,ADReCS_only,crofelemer
CC1=C2N=C(C=C3N=C(C(C)=C4[N-]C(C)(C5N=C1C(C)(CCC(=O)NCC(C)OP(=O)([O-])OC1C(CO)OC(n6cnc7cc(C)c(C)cc76)C1O)C5CC(N)=O)C(C)(CC(N)=O)C4CCC(N)=O)C(C)(CC(N)=O)C3CCC(N)=O)C(C)(C)C2CCC(N)=O.[C-]#N.[Co+3],Cyanocobalamin,ADReCS: Lower respiratory tract disorders (excl obstruction and infection),5311498,ADReCS_only,cyanocobalamin
CN1CCN(C(c2ccccc2)c2ccccc2)CC1,Cyclizine,ADReCS: Bronchial disorders (excl neoplasms),6726,ADReCS_only,cyclizine
O=c1ccn(C2OC3COP(=O)(O)OC4C(COP(=O)(O)OC3C2O)OC(n2ccc(=O)[nH]c2=O)C4O)c(=O)[nH]1,Cyclo-upup,ADReCS: Bronchial disorders (excl neoplasms),194491,ADReCS_only,cyclo-upup
CN(C)CCC=C1c2ccccc2C=Cc2ccccc21,Cyclobenzaprine,ADReCS: Bronchial disorders (excl neoplasms); Respiratory tract infections,2895,ADReCS_only,cyclobenzaprine
CN1CCC(=C2c3ccccc3C=Cc3ccccc32)CC1,Cyproheptadine,ADReCS: Bronchial disorders (excl neoplasms),2913,ADReCS_only,cyproheptadine
NCCS,Cysteamine,ADReCS: Lower respiratory tract disorders (excl obstruction and infection),6058,ADReCS_only,cysteamine
Nc1ccn(C2OC(CO)C(O)C2O)c(=O)n1,Cytarabine,ADReCS: Acute respiratory distress syndrome,6253,ADReCS_only,cytarabine
CCCCCCOC(=O)N=C(N)c1ccc(NCc2nc3cc(C(=O)N(CCC(=O)OCC)c4ccccn4)ccc3n2C)cc1,Dabigatran etexilate,"ADReCS: Bronchial disorders (excl neoplasms); Respiratory, thoracic and mediastinal disorders",135565674,ADReCS_only,dabigatran etexilate
COc1cc2ncnc(Nc3ccc(F)c(Cl)c3)c2cc1NC(=O)C=CCN1CCCCC1,Dacomitinib,ADReCS: Pleural disorders,11511120,ADReCS_only,dacomitinib
CNC1C(=O)NC2Cc3ccc(cc3)Oc3cc4cc(c3OC3OC(C(=O)O)C(O)C(O)C3NC(=O)CCCCCCCCC(C)C)Oc3ccc(cc3Cl)C(O)C3NC(=O)C(NC(=O)C4NC(=O)C(NC2=O)c2cc(cc(O)c2Cl)Oc2cc1ccc2O)c1ccc(O)c(c1)-c1c(OC2OC(CO)C(O)C(O)C2O)cc(O)cc1C(C(=O)NCCCN(C)C)NC3=O,Dalbavancin,ADReCS: Bronchial disorders (excl neoplasms),16134627,ADReCS_only,dalbavancin
CCOc1ccc(Cc2cc(C3OC(CO)C(O)C(O)C3O)ccc2Cl)cc1,Dapagliflozin,ADReCS: Respiratory tract infections,9887712,ADReCS_only,dapagliflozin
Nc1ccc(S(=O)(=O)c2ccc(N)cc2)cc1,Dapsone,ADReCS: Acute respiratory failure,2955,ADReCS_only,dapsone
NC(=O)C(c1ccccc1)(c1ccccc1)C1CCN(CCc2ccc3c(c2)CCO3)C1,Darifenacin,ADReCS: Bronchial disorders (excl neoplasms),444031,ADReCS_only,darifenacin
CC(C)CN(CC(O)C(Cc1ccccc1)NC(=O)OC1COC2OCCC12)S(=O)(=O)c1ccc(N)cc1,Darunavir,ADReCS: Acute respiratory distress syndrome,213039,ADReCS_only,darunavir
O=C(O)c1ccc(-n2nc(-c3ccccc3O)nc2-c2ccccc2O)cc1,Deferasirox,ADReCS: Bronchial disorders (excl neoplasms),214348,ADReCS_only,deferasirox
Cc1c(O)c(=O)ccn1C,Deferiprone,ADReCS: Acute respiratory distress syndrome,2972,ADReCS_only,deferiprone
CC(C)c1cc(-c2n[nH]c(=O)n2-c2ccc3c(ccn3C)c2)c(O)cc1OP(=O)(O)O,Defibrotide sodium,ADReCS: Lower respiratory tract disorders (excl obstruction and infection),135565962,ADReCS_only,defibrotide
CC(=O)OCC(=O)C12N=C(C)OC1CC1C3CC=C4CC(=O)C=CC4(C)C3C(O)CC12C,Deflazacort,ADReCS: Asthma,189821,ADReCS_only,deflazacort
CC(=O)NC(Cc1ccc2ccccc2c1)C(=O)NC(Cc1ccc(Cl)cc1)C(=O)NC(Cc1cccnc1)C(=O)NC(CO)C(=O)NC(Cc1ccc(NC(=O)C2CC(=O)NC(=O)N2)cc1)C(=O)NC(Cc1ccc(NC(N)=O)cc1)C(=O)NC(CC(C)C)C(=O)NC(CCCCNC(C)C)C(=O)N1CCCC1C(=O)NC(C)C(N)=O,Degarelix,ADReCS: Thoracic disorders (excl lung and pleura),16136245,ADReCS_only,degarelix
Nc1nc(-n2cc(C(=O)O)c(=O)c3cc(F)c(N4CC(O)C4)c(Cl)c32)c(F)cc1F,Delafloxacin,ADReCS: Respiratory disorders NEC,487101,ADReCS_only,delafloxacin
CC1(COc2ccc(N3CCC(Oc4ccc(OC(F)(F)F)cc4)CC3)cc2)Cn2cc([N+](=O)[O-])nc2O1,Delamanid,ADReCS: Thoracic disorders (excl lung and pleura),6480466,ADReCS_only,delamanid
CC(C)Nc1cccnc1N1CCN(C(=O)c2cc3cc(NS(C)(=O)=O)ccc3[nH]2)CC1,Delavirdine,ADReCS: Bronchitis,5625,ADReCS_only,delavirdine
CN(C)C1C(=O)C(C(N)=O)C(=O)C2(O)C(=O)C3C(=O)c4c(O)ccc(Cl)c4C(O)C3CC12,Demeclocycline,ADReCS: Lower respiratory tract disorders (excl obstruction and infection),54680690,ADReCS_only,demeclocycline
CC(CCC(=O)O)C1CCC2C3CCC4CC(O)CCC4(C)C3CC(O)C12C,Deoxycholic acid,ADReCS: Bronchial disorders (excl neoplasms),222528,ADReCS_only,deoxycholic acid
FC(F)OC(F)C(F)(F)F,Desflurane,ADReCS: Asthma,42113,ADReCS_only,desflurane
CCC(C)C1NC(=O)C2CSSCC(NC(=O)C(CC(C)C)NC(=O)C3CSSCC(NC(=O)C(CC(=O)O)NC(=O)C(NC(=O)C(Cc4ccc(O)cc4)NC(=O)C(NC(=O)C(N)C(C)C)C(C)C)C(C)O)C(=O)NC(C(C)O)C(=O)NC(CCC(=O)O)C(=O)NC(CO)C(=O)NCC(=O)NC(CCC(N)=O)C(=O)NC(CC(N)=O)C(=O)NC(CC(C)C)C(=O)N3)C(=O)NC(CCC(=O)O)C(=O)NCC(=O)NC(CO)C(=O)NC(CC(N)=O)C(=O)NC(C(C)C)C(=O)NC(CSSCC(C(=O)NC(C(=O)NC(C(=O)NCC(=O)NC(CCC(=O)O)C(=O)NCC(=O)NC(C(=O)N3CCCC3C(=O)NC(CCCCN)C(=O)N3CCCC3C(=O)NC(CCC(N)=O)C(=O)NC(CO)C(=O)NC(Cc3c[nH]cn3)C(=O)NC(CC(N)=O)C(=O)NC(CC(=O)O)C(=O)NCC(=O)NC(CC(=O)O)C(=O)NC(Cc3ccccc3)C(=O)NC(CCC(=O)O)C(=O)NC(CCC(=O)O)C(=O)NC(C(=O)N3CCCC3C(=O)NC(CCC(=O)O)C(=O)NC(CCC(=O)O)C(=O)NC(Cc3ccc(O)cc3)C(=O)NC(CC(C)C)C(=O)NC(CCC(N)=O)C(=O)O)C(C)CC)C(C)O)C(C)O)C(C)C)NC(=O)C(CCC(N)=O)NC(=O)C(CC(N)=O)NC(=O)C(CCCCN)NC(=O)C(CCC(=O)O)NC(=O)CNC(=O)C(CC(=O)O)NC(=O)C(CO)NC(=O)CNC(=O)C(CC(C)C)NC1=O)C(=O)NCC(=O)NC(CCC(N)=O)C(=O)NCC(=O)NC(CC(N)=O)C(=O)NC(CCCCN)C(=O)N2,Desirudin,ADReCS: Thoracic disorders (excl lung and pleura),16129703,ADReCS_only,desirudin
Clc1ccc2c(c1)CCc1cccnc1C2=C1CCNCC1,Desloratadine,ADReCS: Bronchial disorders (excl neoplasms),124087,ADReCS_only,desloratadine
CC1CC2C3CC=C4CC(=O)C=CC4(C)C3(F)C(O)CC2(C)C1C(=O)CO,Desoximetasone,ADReCS: Asthma,5311067,ADReCS_only,desoximetasone
CN(C)CC(c1ccc(O)cc1)C1(O)CCCCC1,Desvenlafaxine,ADReCS: Bronchial disorders (excl neoplasms),125017,ADReCS_only,desvenlafaxine
CNC(=O)c1nnc(NC(=O)C2CC2)cc1Nc1cccc(-c2ncn(C)n2)c1OC,Deucravacitinib,ADReCS: Respiratory disorders NEC,134821691,ADReCS_only,deucravacitinib
CC(C)(CO)C(O)C(=O)NCCCO,Dexpanthenol,ADReCS: Respiratory disorders NEC,131204,ADReCS_only,dexpanthenol
CC(CN1CC(=O)NC(=O)C1)N1CC(=O)NC(=O)C1,Dexrazoxane,ADReCS: Respiratory tract infections; Thoracic disorders (excl lung and pleura),71384,ADReCS_only,dexrazoxane
CC(=O)Nc1c(I)c(NC(C)=O)c(I)c(C(=O)[O-])c1I,Diatrizoate sodium,ADReCS: Asthma,23672589,ADReCS_only,diatrizoate
CC(=O)Nc1c(I)c(NC(C)=O)c(I)c(C(=O)O)c1I,Diatrizoic acid,ADReCS: Asthma,2140,ADReCS_only,diatrizoic acid
NS(=O)(=O)c1cc(Cl)c(Cl)c(S(N)(=O)=O)c1,Dichlorphenamide,ADReCS: Asthma,3038,ADReCS_only,dichlorphenamide
Cc1onc(-c2c(Cl)cccc2Cl)c1C(=O)NC1C(=O)N2C1SC(C)(C)C2C(=O)O,Dicloxacillin,ADReCS: Bronchial disorders (excl neoplasms),18381,ADReCS_only,dicloxacillin
CCN(CC)CCOC(=O)C1(C2CCCCC2)CCCCC1,Dicyclomine,ADReCS: Respiratory disorders NEC; Thoracic disorders (excl lung and pleura),3042,ADReCS_only,dicyclomine
CC12CC=C3C4=C(CCC3C1CCC2(O)CC#N)CC(=O)CC4,Dienogest,ADReCS: Respiratory signs and symptoms NEC,68861,ADReCS_only,dienogest
CCN(CC)C(C)C(=O)c1ccccc1,Diethylpropion,ADReCS: Respiratory signs and symptoms NEC,7029,ADReCS_only,diethylpropion
OCC(S)CS,Dimercaprol,ADReCS: Respiratory tract infections,3080,ADReCS_only,dimercaprol
COC(=O)C=CC(=O)OC,Dimethyl fumarate,ADReCS: Bronchial disorders (excl neoplasms),637568,ADReCS_only,dimethyl
CCCCCC(O)C=CC1C(O)CC(=O)C1CC=CCCCC(=O)O,Dinoprostone,ADReCS: Asthma,5280360,ADReCS_only,dinoprostone
COC(=O)C=CC(=O)OCCn1c(O)ccc1O,Diroximel fumarate,"ADReCS: Respiratory, thoracic and mediastinal disorders",73330464,ADReCS_only,diroximel
CCCCC(CC)COC(=O)CC(C(=O)OCC(CC)CCCC)S(=O)(=O)O,Docusate,ADReCS: Lower respiratory tract disorders (excl obstruction and infection),11339,ADReCS_only,docusate
CN(CCOc1ccc(NS(C)(=O)=O)cc1)CCc1ccc(NS(C)(=O)=O)cc1,Dofetilide,ADReCS: Asthma,71329,ADReCS_only,dofetilide
O=c1[nH]c2ccccc2n1CCCN1CCC(n2c(=O)[nH]c3cc(Cl)ccc32)CC1,Domperidone,ADReCS: Respiratory signs and symptoms NEC,3151,ADReCS_only,domperidone
NCCc1ccc(O)c(O)c1,Dopamine,ADReCS: Respiratory disorders NEC,681,ADReCS_only,dopamine
CC(O)C1C(=O)N2C(C(=O)O)=C(SC3CNC(CNS(N)(=O)=O)C3)C(C)C12,Doripenem,ADReCS: Interstitial lung disease,73303,ADReCS_only,doripenem
COc1cc(CC2c3c(cc(OC)c(OC)c3OC)CC[N+]2(C)CCCOC(=O)CCC(=O)OCCC[N+]2(C)CCc3cc(OC)c(OC)c(OC)c3C2Cc2cc(OC)c(OC)c(OC)c2)cc(OC)c1OC,Doxacurium chloride,ADReCS: Bronchial disorders (excl neoplasms),60168,ADReCS_only,doxacurium chloride
CCN1CC(CCN2CCOCC2)C(c2ccccc2)(c2ccccc2)C1=O,Doxapram,ADReCS: Bronchial disorders (excl neoplasms),3156,ADReCS_only,doxapram
COc1cc2nc(N3CCN(C(=O)C4COc5ccccc5O4)CC3)nc(N)c2cc1OC,Doxazosin,ADReCS: Bronchial disorders (excl neoplasms),3157,ADReCS_only,doxazosin
CN(C)CCC=C1c2ccccc2COc2ccccc21,Doxepin,ADReCS: Asthma,3158,ADReCS_only,doxepin
C=C1C(=CC=C2CCCC3(C)C2CCC3C(C)C=CC(C)C(C)C)CC(O)CC1O,Doxercalciferol,ADReCS: Respiratory tract infections,5281107,ADReCS_only,doxercalciferol
COc1cccc2c(O)c3c(c(O)c12)C(=O)C1=C(CC(O)(C(=O)CO)CC1OC1CC(N)C(O)C(C)O1)C3=O,Doxorubicin,ADReCS: Acute pulmonary oedema; Respiratory tract infections,31703,ADReCS_only,doxorubicin
CN(C)CCOC(C)(c1ccccc1)c1ccccn1,Doxylamine,ADReCS: Respiratory disorders NEC,3162,ADReCS_only,doxylamine
NC(C(=O)O)C(O)c1ccc(O)c(O)c1,Droxidopa,ADReCS: Lower respiratory tract disorders (excl obstruction and infection),92974,ADReCS_only,droxidopa
Cn1c(=O)c2c(ncn2CC(O)CO)n(C)c1=O,Dyphylline,ADReCS: Respiratory disorders NEC,3182,ADReCS_only,dyphylline
Cc1cc(=O)n(-c2ccccc2)[nH]1,Edaravone,ADReCS: Respiratory signs and symptoms NEC,4021,ADReCS_only,edaravone
O=C([O-])CN(CCN(CC(=O)[O-])CC(=O)[O-])CC(=O)[O-],Edetate calcium disodium,"ADReCS: Respiratory, thoracic and mediastinal disorders",6093170,ADReCS_only,edetate disodium
O=C(O)CN(CCN(CC(=O)O)CC(=O)O)CC(=O)O,Edetic acid,"ADReCS: Respiratory, thoracic and mediastinal disorders",6049,ADReCS_only,edetic acid
C=C1CCN(C(C)C(O)(Cn2cncn2)c2ccc(F)cc2F)CC1,Efinaconazole,ADReCS: Respiratory signs and symptoms NEC,489181,ADReCS_only,efinaconazole
COc1cccc(-c2c(C)n(Cc3c(F)cccc3C(F)(F)F)c(=O)n(CC(NCCCC(=O)O)c3ccccc3)c2=O)c1F,Elagolix,ADReCS: Respiratory signs and symptoms NEC,11250647,ADReCS_only,elagolix
CN1CCCC1Cc1c[nH]c2ccc(CCS(=O)(=O)c3ccccc3)cc12,Eletriptan,ADReCS: Asthma,77993,ADReCS_only,eletriptan
CCCCCCCC(=O)NC(CN1CCCC1)C(O)c1ccc2c(c1)OCCO2,Eliglustat,ADReCS: Thoracic disorders (excl lung and pleura),23652731,ADReCS_only,eliglustat
COc1ccc(CN(C(=O)C(N)Cc2c(C)cc(C(N)=O)cc2C)C(C)c2nc(-c3ccccc3)c[nH]2)cc1C(=O)O,Eluxadoline,ADReCS: Asthma,11250029,ADReCS_only,eluxadoline
CCOCCn1c(N2CCCN(C)CC2)nc2ccccc21,Emedastine,ADReCS: Respiratory tract infections,3219,ADReCS_only,emedastine
OCC1OC(c2ccc(Cl)c(Cc3ccc(OC4CCOC4)cc3)c2)C(O)C(O)C1O,Empagliflozin,ADReCS: Respiratory tract infections,11949646,ADReCS_only,empagliflozin
Nc1nc(=O)n(C2CSC(CO)O2)cc1F,Emtricitabine,ADReCS: Thoracic disorders (excl lung and pleura),60877,ADReCS_only,emtricitabine
CC(NC(CCc1ccccc1)C(=O)O)C(=O)N1CCCC1C(=O)O,Enalaprilat,ADReCS: Acute respiratory failure,5462501,ADReCS_only,enalaprilat
CC(C)(O)CNc1nc(Nc2ccnc(C(F)(F)F)c2)nc(-c2cccc(C(F)(F)F)n2)n1,Enasidenib,ADReCS: Acute respiratory distress syndrome,89683805,ADReCS_only,enasidenib
FC(F)OC(F)(F)C(F)Cl,Enflurane,ADReCS: Respiratory and pulmonary function diagnostic procedures,3226,ADReCS_only,enflurane
CCC(C)C(NC(=O)C(CC(C)C)NC(=O)C(CO)NC(=O)C(Cc1c[nH]cn1)NC(=O)C(NC(=O)C(CC(C)C)NC(=O)C(CO)NC(=O)C(NC(=O)C(Cc1ccc(O)cc1)NC(C)=O)C(C)O)C(C)CC)C(=O)NC(CCC(=O)O)C(=O)NC(CCC(=O)O)C(=O)NC(CO)C(=O)NC(CCC(N)=O)C(=O)NC(CC(N)=O)C(=O)NC(CCC(N)=O)C(=O)NC(CCC(N)=O)C(=O)NC(CCC(=O)O)C(=O)NC(CCCCN)C(=O)NC(CC(N)=O)C(=O)NC(CCC(=O)O)C(=O)NC(CCC(N)=O)C(=O)NC(CCC(=O)O)C(=O)NC(CC(C)C)C(=O)NC(CC(C)C)C(=O)NC(CCC(=O)O)C(=O)NC(CC(C)C)C(=O)NC(CC(=O)O)C(=O)NC(CCCCN)C(=O)NC(Cc1c[nH]c2ccccc12)C(=O)NC(C)C(=O)NC(CO)C(=O)NC(CC(C)C)C(=O)NC(Cc1c[nH]c2ccccc12)C(=O)NC(CC(N)=O)C(=O)NC(Cc1c[nH]c2ccccc12)C(=O)NC(Cc1ccccc1)C(N)=O,Enfuvirtide,ADReCS: Bacterial lower respiratory tract infections,16130199,ADReCS_only,enfuvirtide
CCN(CC)C(=O)C(C#N)=Cc1cc(O)c(O)c([N+](=O)[O-])c1,Entacapone,ADReCS: Acute respiratory failure,5281081,ADReCS_only,entacapone
C=C1C(CO)C(O)CC1n1cnc2c(=O)[nH]c(N)nc21,Entecavir,ADReCS: Cardio-respiratory arrest,135398508,ADReCS_only,entecavir
CNC(=O)c1ccc(N2C(=S)N(c3ccc(C#N)c(C(F)(F)F)c3)C(=O)C2(C)C)cc1F,Enzalutamide,ADReCS: Bronchitis,15951529,ADReCS_only,enzalutamide
CCC(C)C(NC(=O)C(Cc1ccccc1)NC(=O)C(CCC(=O)O)NC(=O)C(CCC(=O)O)NC(=O)C(CS)NC(=O)C(CCC(N)=O)NC(=O)C(CCCN=C(N)N)NC(=O)C(NC(=O)C(Cc1ccccc1)NC(=O)C(NC(=O)C(CC(N)=O)NC(=O)C(Cc1ccccc1)NC(=O)C(Cc1ccccc1)NC(=O)C(Cc1c[nH]c2ccccc12)NC(=O)C(CCCNC(=N)N)NC(=O)C1CCCN1C(=O)C(Cc1cnc[nH]1)NC(=O)C(C)NC(=O)C(C)NC(=O)C(CCCNC(=N)N)NC(=O)C(CS)NC(=O)C1CCCN1C(=O)CNC(=O)C(CC(=O)O)NC(=O)C(CC(=O)O)NC(=O)C(C)NC(=O)C(CCCCN)NC(=O)C(Cc1ccccc1)NC(=O)C(C)NC(=O)C(CS)NC(=O)C(Cc1ccccc1)NC(=O)C(CO)NC(=O)C(Cc1cnc[nH]1)NC(=O)C(CCSC)NC(=O)C(C)NC(=O)C(N)CCC(=O)O)C(C)CC)C(C)O)C(=O)NC(Cc1ccc(O)cc1)C(=O)NCC(=O)NCC(=O)NC(CS)C(=O)NC(CCC(=O)O)C(=O)NCC(=O)NC(CC(N)=O)C(=O)NC(CCC(N)=O)C(=O)NC(CC(N)=O)C(=O)NC(CCCNC(=N)N)C(=O)NC(Cc1ccccc1)C(=O)NC(CCC(=O)O)C(=O)NC(CO)C(=O)NC(CC(C)C)C(=O)NC(CCC(=O)O)C(=O)NC(CCC(=O)O)C(=O)NC(CS)C(=O)NC(CCCCN)C(=O)NC(CCCCN)C(=O)NC(CCSC)C(=O)NC(CS)C(=O)NC(C(=O)NC(CCCNC(=N)N)C(=O)NC(CC(=O)O)C(=O)O)C(C)O,Epi-kal2,ADReCS: Respiratory tract infections,44201343,ADReCS_only,epi-kal2
NC1=NCC2c3ccccc3Cc3ccccc3N12,Epinastine,ADReCS: Respiratory tract infections,3241,ADReCS_only,epinastine
CNCC(O)c1ccc(O)c(O)c1,Epinephrine,ADReCS: Acute pulmonary oedema,5816,ADReCS_only,epinephrine
COC(=O)C1C=C2CC(=O)CCC2(C)C23OC2CC2(C)C(CCC24CCC(=O)O4)C13,Eplerenone,ADReCS: Bronchitis,443872,ADReCS_only,eplerenone
O=C(CNC(=O)c1ccccc1)CC(Cc1ccccc1)C(=O)O,Epoetin alfa,ADReCS: Respiratory tract infections,127893,ADReCS_only,epoetin alfa
CC12CCC3C(=CCc4cc(OS(=O)(=O)O)ccc43)C1CCC2=O,Equilin sulfate,ADReCS: Asthma,168708,ADReCS_only,equilin
COc1cc(OC)cc(N(CCNC(C)C)c2ccc3ncc(-c4cnn(C)c4)nc3c2)c1,Erdafitinib,ADReCS: Pulmonary embolism,67462786,ADReCS_only,erdafitinib
C=C1CCC(O)CC1=CC=C1CCCC2(C)C1CCC2C(C)C=CC(C)C(C)C,Ergocalciferol,ADReCS: Asthma,5280793,ADReCS_only,ergocalciferol
CC(O)C1C(=O)N2C(C(=O)O)=C(SC3CNC(C(=O)Nc4cccc(C(=O)O)c4)C3)C(C)C12,Ertapenem,ADReCS: Asthma,150610,ADReCS_only,ertapenem
CCCCc1nc(Cl)c(CO)n1Cc1ccc(-c2ccccc2-c2nnn[n-]2)cc1,Erythropoietin,ADReCS: Respiratory tract infections,11751549,ADReCS_only,erythropoietin
NC(=O)N1c2ccccc2CC(O)c2ccccc21,Eslicarbazepine,ADReCS: Thoracic disorders (excl lung and pleura),9881504,ADReCS_only,eslicarbazepine
Clc1ccc2c(c1)C(c1ccccc1)=NCc1nncn1-2,Estazolam,ADReCS: Asthma,3261,ADReCS_only,estazolam
CC12CCC3c4ccc(O)cc4CCC3C1CCC2O,Estradiol,ADReCS: Acute respiratory failure; Asthma,5757,ADReCS_only,estradiol
CC12CCC3c4ccc(O)cc4CCC3C1CCC2OC(=O)CCC1CCCC1,Estradiol cypionate,ADReCS: Asthma,9403,ADReCS_only,estradiol cypionate
CCCCC(=O)OC1CCC2C3CCc4cc(O)ccc4C3CCC12C,Estradiol valerate,ADReCS: Asthma,13791,ADReCS_only,estradiol valerate
CC12CCC3c4ccc(OC(=O)N(CCCl)CCCl)cc4CCC3C1CCC2O,Estramustine,"ADReCS: Respiratory signs and symptoms NEC; Respiratory, thoracic and mediastinal disorders",259331,ADReCS_only,estramustine
CC12CCC3c4ccc(O)cc4CCC3C1CC(O)C2O,Estriol,ADReCS: Pulmonary embolism,5756,ADReCS_only,estriol
CC12CCC3c4ccc(O)cc4CCC3C1CCC2=O,Estrone,ADReCS: Asthma,5870,ADReCS_only,estrone
CC(=O)NC(CSSCC(N)C(=O)O)C(=O)NC(C)C(=O)NC(CCCN=C(N)N)C(=O)NC(CCCN=C(N)N)C(=O)NC(CCCN=C(N)N)C(=O)NC(C)C(=O)NC(CCCN=C(N)N)C(N)=O,Etelcalcetide,ADReCS: Interstitial lung disease,71511839,ADReCS_only,etelcalcetide
C#CC1(O)CCC2C3CCc4cc(O)ccc4C3CCC21C,Ethinyl estradiol,ADReCS: Lower respiratory tract signs and symptoms,5991,ADReCS_only,ethinyl estradiol
CCn1c(O)c(-c2ccccc2)[nH]c1=O,Ethotoin,ADReCS: Respiratory signs and symptoms NEC,3292,ADReCS_only,ethotoin
CC(O)(P(=O)([O-])O)P(=O)([O-])O,Etidronate disodium,ADReCS: Asthma,23894,ADReCS_only,etidronate disodium
CC(O)(P(=O)(O)O)P(=O)(O)O,Etidronic acid,ADReCS: Asthma,3305,ADReCS_only,etidronic acid
CCc1cccc2c3c([nH]c12)C(CC)(CC(=O)O)OCC3,Etodolac,ADReCS: Acute respiratory distress syndrome,3308,ADReCS_only,etodolac
CCOC(=O)c1cncn1C(C)c1ccccc1,Etomidate,ADReCS: Lower respiratory tract signs and symptoms,667484,ADReCS_only,etomidate
C#CC1(O)CCC2C3CC=C4CC(=O)CCC4C3C(=C)CC21CC,Etonogestrel,ADReCS: Asthma,6917715,ADReCS_only,etonogestrel
COc1cc(C2c3cc4c(cc3C(OC3OC5COC(C)OC5C(O)C3O)C3COC(=O)C23)OCO4)cc(OC)c1OP(=O)(O)O,Etophos,ADReCS: Bronchial disorders (excl neoplasms),60668,ADReCS_only,etophos
Cc1cc(C#N)cc(C)c1Oc1nc(Nc2ccc(C#N)cc2)nc(N)c1Br,Etravirine,ADReCS: Bronchial disorders (excl neoplasms),193962,ADReCS_only,etravirine
CCC(C)C(NC(=O)C(Cc1ccccc1)NC(=O)C(CC(C)C)NC(=O)C(CCCN=C(N)N)NC(=O)C(NC(=O)C(C)NC(=O)C(CCC(=O)O)NC(=O)C(CCC(=O)O)NC(=O)C(CCC(=O)O)NC(=O)C(CCSC)NC(=O)C(CCC(N)=O)NC(=O)C(CCCCN)NC(=O)C(CO)NC(=O)C(CC(C)C)NC(=O)C(CC(=O)O)NC(=O)C(CO)NC(=O)C(NC(=O)C(Cc1ccccc1)NC(=O)C(NC(=O)CNC(=O)C(CCC(=O)O)NC(=O)CNC(=O)C(N)Cc1c[nH]cn1)C(C)O)C(C)O)C(C)C)C(=O)NC(CCC(=O)O)C(=O)NC(Cc1c[nH]c2ccccc12)C(=O)NC(CC(C)C)C(=O)NC(CCCCN)C(=O)NC(CC(N)=O)C(=O)NCC(=O)NCC(=O)N1CCCC1C(=O)NC(CO)C(=O)NC(CO)C(=O)NCC(=O)NC(C)C(=O)N1CCCC1C(=O)N1CCCC1C(=O)N1CCCC1C(=O)NC(CO)C(N)=O,Exenatide,"ADReCS: Respiratory, thoracic and mediastinal disorders",45588096,ADReCS_only,exenatide
CCC(C)C(NC(=O)C(Cc1ccccc1)NC(=O)C(CC(C)C)NC(=O)C(CCCN=C(N)N)NC(=O)C(NC(=O)C(C)NC(=O)C(CCC(=O)O)NC(=O)C(CCC(=O)O)NC(=O)C(CCC(=O)O)NC(=O)C(CCSC)NC(=O)C(CCC(N)=O)NC(=O)C(CCCCN)NC(=O)C(CO)NC(=O)C(CC(C)C)NC(=O)C(CC(=O)O)NC(=O)C(CO)NC(=O)C(NC(=O)C(Cc1ccccc1)NC(=O)C(NC(=O)CNC(=O)C(CCC(=O)O)NC(=O)CNC(=O)C(N)Cc1cnc[nH]1)C(C)O)C(C)O)C(C)C)C(=O)NC(CCC(=O)O)C(=O)NC(Cc1c[nH]c2ccccc12)C(=O)NC(CC(C)C)C(=O)NC(CCCCN)C(=O)NC(CC(N)=O)C(=O)NCC(=O)NCC(=O)N1CCCC1C(=O)NC(CO)C(=O)NC(CO)C(=O)NCC(=O)NC(C)C(=O)N1CCCC1C(=O)N1CCCC1C(=O)N1CCCC1C(=O)NC(CO)C(N)=O,Extendin-4,ADReCS: Thoracic disorders (excl lung and pleura),16157882,ADReCS_only,extendin-4
CCOC(=O)Nc1ccc(NCc2ccc(F)cc2)cc1N,Ezogabine,ADReCS: Respiratory tract infections,121892,ADReCS_only,ezogabine
CC(=O)OCC(CCn1cnc2cnc(N)nc21)COC(C)=O,Famciclovir,ADReCS: Respiratory tract infections,3324,ADReCS_only,famciclovir
Cc1nc(-c2ccc(OCC(C)C)c(C#N)c2)sc1C(=O)O,Febuxostat,ADReCS: Bronchitis,134018,ADReCS_only,febuxostat
Cc1cnc(Nc2ccc(OCCN3CCCC3)cc2)nc1Nc1cccc(S(=O)(=O)NC(C)(C)C)c1,Fedratinib,ADReCS: Lower respiratory tract disorders (excl obstruction and infection),16722836,ADReCS_only,fedratinib
NC(=O)OCC(COC(N)=O)c1ccccc1,Felbamate,ADReCS: Asthma,3331,ADReCS_only,felbamate
CCOC(=O)C1=C(C)N=C(C)C(C(=O)OC)C1c1cccc(Cl)c1Cl,Felodipine,ADReCS: Bronchitis,3333,ADReCS_only,felodipine
CC(C)(Oc1ccc(C(=O)c2ccc(Cl)cc2)cc1)C(=O)O,Fenofibric acid,ADReCS: Bronchitis,64929,ADReCS_only,fenofibric acid
Oc1ccc(C2CNCCc3c2cc(O)c(O)c3Cl)cc1,Fenoldopam,ADReCS: Respiratory signs and symptoms NEC,3341,ADReCS_only,fenoldopam
O=C([O-])C(O)C(O)C(O)C(O)CO.[Fe+3],Sodium ferric gluconate complex,ADReCS: Bronchial disorders (excl neoplasms),23693558,ADReCS_only,ferric gluconate complex
CC(C)C(=O)Oc1ccc(CO)cc1C(CCN(C(C)C)C(C)C)c1ccccc1,Fesoterodine,ADReCS: Asthma; Bronchial disorders (excl neoplasms),6918558,ADReCS_only,fesoterodine
CC(C)(C(=O)O)c1ccc(C(O)CCCN2CCC(C(O)(c3ccccc3)c3ccccc3)CC2)cc1,Fexofenadine,ADReCS: Interstitial lung disease; Respiratory tract infections,3348,ADReCS_only,fexofenadine
CCc1c(Cl)c(O)c(Cl)c(O)c1C(=O)OC1C(C)OC(OCC2=CC=CCC(O)C(C)=CC(CC)C(OC3OC(C)(C)C(OC(=O)C(C)C)C(O)C3O)C(C)=CC(C)=CCC(C(C)O)OC2=O)C(OC)C1O,Fidaxomicin,ADReCS: Respiratory disorders NEC,151383,ADReCS_only,fidaxomicin
CCOc1ncc(C)c2c1C(c1ccc(C#N)cc1OC)C(C(N)=O)C(C)=N2,Finerenone,ADReCS: Respiratory disorders NEC,60150535,ADReCS_only,finerenone
OC(Cn1cncn1)(Cn1cncn1)c1ccc(F)cc1F,Fluconazole,ADReCS: Acute respiratory distress syndrome,3365,ADReCS_only,fluconazole
Nc1[nH]c(=O)ncc1F,Flucytosine,ADReCS: Respiratory signs and symptoms NEC,3366,ADReCS_only,flucytosine
CN1C(=O)CN=C(c2ccccc2F)c2cc([N+](=O)[O-])ccc21,Flunitrazepam,ADReCS: Lower respiratory tract signs and symptoms,3380,ADReCS_only,flunitrazepam
CC1(C)OC2CC3C4CC(F)C5=CC(=O)C=CC5(C)C4(F)C(O)CC3(C)C2(C(=O)CO)O1,Fluocinolone acetonide,ADReCS: Bronchial disorders (excl neoplasms),6215,ADReCS_only,fluocinolone acetonide
CC(=O)OCC(=O)C12OC(C)(C)OC1CC1C3CC(F)C4=CC(=O)C=CC4(C)C3(F)C(O)CC12C,Fluocinonide,ADReCS: Respiratory tract infections,9642,ADReCS_only,fluocinonide
CC(=O)C1(O)CCC2C3CC(C)=C4CC(=O)C=CC4(C)C3(F)C(O)CC21C,Fluorometholone,ADReCS: Respiratory signs and symptoms NEC,9878,ADReCS_only,fluorometholone
O=c1[nH]cc(F)c(=O)[nH]1,Fluorouracil,ADReCS: Acute pulmonary oedema,3385,ADReCS_only,fluorouracil
CC1(O)CCC2C3CC=C4CC(=O)CCC4(C)C3(F)C(O)CC21C,Fluoxymesterone,"ADReCS: Respiratory, thoracic and mediastinal disorders",6446,ADReCS_only,fluoxymesterone
OCCN1CCN(CCCN2c3ccccc3Sc3ccc(C(F)(F)F)cc32)CC1,Fluphenazine,ADReCS: Asthma,3372,ADReCS_only,fluphenazine
CCCCCCCCCC(=O)OCCN1CCN(CCCN2c3ccccc3Sc3ccc(C(F)(F)F)cc32)CC1,Fluphenazine decanoate,ADReCS: Asthma,3388,ADReCS_only,fluphenazine decanoate
CCN(CC)CCN1C(=O)CN=C(c2ccccc2F)c2cc(Cl)ccc21,Flurazepam,ADReCS: Respiratory signs and symptoms NEC,3393,ADReCS_only,flurazepam
CNc1ccc(-c2nc3ccc(O)cc3s2)cc1F,Flutemetamol f-18,ADReCS: Respiratory signs and symptoms NEC,15950376,ADReCS_only,flutemetamol f-18
CCC(=O)OC1(C(=O)SCF)C(C)CC2C3CC(F)C4=CC(=O)C=CC4(C)C3(F)C(O)CC21C,Fluticasone propionate,ADReCS: Acute respiratory failure; Asthma,444036,ADReCS_only,fluticasone
CC1CC2C3CC(F)C4=CC(=O)C=CC4(C)C3(F)C(O)CC2(C)C1(OC(=O)c1ccco1)C(=O)SCF,Fluticasone furoate,ADReCS: Asthma,9854489,ADReCS_only,fluticasone furoate
COCCCCC(=NOCCN)c1ccc(C(F)(F)F)cc1,Fluvoxamine,ADReCS: Asthma,5324346,ADReCS_only,fluvoxamine
Cc1cn[nH]c1,Fomepizole,ADReCS: Respiratory tract infections,3406,ADReCS_only,fomepizole
COC1OC(COS(=O)(=O)O)C(OC2OC(C(=O)O)C(OC3OC(COS(=O)(=O)O)C(OC4OC(C(=O)O)C(OC5OC(COS(=O)(=O)O)C(O)C(O)C5NS(=O)(=O)O)C(O)C4O)C(OS(=O)(=O)O)C3NS(=O)(=O)O)C(O)C2OS(=O)(=O)O)C(O)C1NS(=O)(=O)O,Fondaparinux,ADReCS: Cardio-respiratory arrest; Thoracic disorders (excl lung and pleura),5282448,ADReCS_only,fondaparinux
CC(C)CN(CC(OP(=O)([O-])[O-])C(Cc1ccccc1)NC(=O)OC1CCOC1)S(=O)(=O)c1ccc(N)cc1,Fosamprenavir calcium,"ADReCS: Respiratory, thoracic and mediastinal disorders",131535,ADReCS_only,fosamprenavir
CC(OC1OCCN(Cc2nc(=O)n(P(=O)(O)O)[nH]2)C1c1ccc(F)cc1)c1cc(C(F)(F)F)cc(C(F)(F)F)c1,Fosaprepitant,ADReCS: Bronchial disorders (excl neoplasms),135413538,ADReCS_only,fosaprepitant
O=C(O)P(=O)(O)O,Foscarnet,ADReCS: Acute respiratory distress syndrome; Bronchial disorders (excl neoplasms),3415,ADReCS_only,foscarnet
CC1OC1P(=O)(O)O,Fosfomycin,ADReCS: Asthma,446987,ADReCS_only,fosfomycin
CC1OC1P(=O)([O-])O.[NH3+]C(CO)(CO)CO,Fosfomycin tromethamine,ADReCS: Asthma,54331,ADReCS_only,fosfomycin tromethamine
O=C(O)C1CC(C2CCCCC2)CN1C(=O)CP(=O)(O)CCCCc1ccccc1,Fosinoprilat,ADReCS: Bronchial disorders (excl neoplasms),62956,ADReCS_only,fosinoprilat
CC(C)c1cccc(C(C)C)c1OCOP(=O)([O-])[O-],Fospropofol disodium,ADReCS: Thoracic disorders (excl lung and pleura),3038497,ADReCS_only,fospropofol disodium
COc1cc(Nc2ncc(F)c(Nc3ccc4c(n3)N(COP(=O)(O)O)C(=O)C(C)(C)O4)n2)cc(OC)c1OC,Fostamatinib,ADReCS: Respiratory disorders NEC,11671467,ADReCS_only,fostamatinib
CNC1CCc2[nH]c3ccc(C(N)=O)cc3c2C1,Frovatriptan,ADReCS: Respiratory tract infections,77992,ADReCS_only,frovatriptan
CC(OC(=O)NCC1(CC(=O)O)CCCCC1)OC(=O)C(C)C,Gabapentin enacarbil,ADReCS: Cardio-respiratory arrest,9883933,ADReCS_only,gabapentin enacarbil
O=C(O)CN(CCN(CC(=O)O)CC(=O)O)CCN(CC(=O)O)C(COCc1ccccc1)C(=O)O,Gadobenate dimeglumine,ADReCS: Acute pulmonary oedema,105125,ADReCS_only,gadobenate dimeglumine
CNC(=O)CN(CCN(CCN(CC(=O)[O-])CC(=O)NC)CC(=O)[O-])CC(=O)[O-].[Gd+3],Gadodiamide hydrate,ADReCS: Bronchial disorders (excl neoplasms),153921,ADReCS_only,gadodiamide hydrate
O=C([O-])CN(CCN(CC(=O)[O-])CC(COP(=O)([O-])OC1CCC(c2ccccc2)(c2ccccc2)CC1)N(CC(=O)[O-])CC(=O)[O-])CC(=O)[O-].[Gd+3].[H+].[H+].[H+],Gadofosveset,ADReCS: Thoracic disorders (excl lung and pleura),46174086,ADReCS_only,gadofosveset
O=C([O-])CN(CCN(CC(=O)[O-])CC(=O)O)CCN(CC(=O)[O-])CC(=O)O.[Gd+3],Gadolinium-dtpa,ADReCS: Bronchial disorders (excl neoplasms),6857474,ADReCS_only,gadolinium-dtpa
CC(C)=CC1CC(C)(O)C2C3CCC4C5(C)CCC(OC6OCC(O)C(OC7OC(CO)C(O)C(O)C7OC7OCC(O)C(O)C7O)C6OC6OCC(O)C(O)C6O)C(C)(C)C5CCC4(C)C34COC2(C4)O1,Gadopentetate dimeglumine,ADReCS: Bronchial disorders (excl neoplasms),131751658,ADReCS_only,gadopentetate dimeglumine
CC(O)CN1CCN(CC(=O)[O-])CCN(CC(=O)[O-])CCN(CC(=O)[O-])CC1.[Gd+3],Gadoteridol,ADReCS: Asthma,60714,ADReCS_only,gadoteridol
COc1ccc2c3c1OC1CC(O)C=CC31CCN(C)C2,Galantamine,ADReCS: Bronchitis; Respiratory tract infections,9651,ADReCS_only,galantamine
NCCCC(=O)O,Gamma-aminobutyric acid,"ADReCS: Respiratory, thoracic and mediastinal disorders",119,ADReCS_only,gamma-aminobutyric acid
Nc1nc(=O)c2ncn(COC(CO)CO)c2[nH]1,Ganciclovir,ADReCS: Bronchial disorders (excl neoplasms),135398740,ADReCS_only,ganciclovir
CCN=C(NCC)NCCCCC(NC(=O)C(CC(C)C)NC(=O)C(CCCCN=C(NCC)NCC)NC(=O)C(Cc1ccc(O)cc1)NC(=O)C(CO)NC(=O)C(Cc1cccnc1)NC(=O)C(Cc1ccc(Cl)cc1)NC(=O)C(Cc1ccc2ccccc2c1)NC(C)=O)C(=O)N1CCCC1C(=O)NC(C)C(N)=O,Ganirelix,ADReCS: Pleural disorders,16130957,ADReCS_only,ganirelix
COc1c(N2CCNC(C)C2)c(F)cc2c(=O)c(C(=O)O)cn(C3CC3)c12,Gatifloxacin,ADReCS: Asthma,5379,ADReCS_only,gatifloxacin
CCCCC(C)(C)C(O)C=CC1C(O)CC(=O)C1CCCCC=CC(=O)OC,Gemeprost,ADReCS: Respiratory signs and symptoms NEC,5282237,ADReCS_only,gemeprost
Cc1ccc(C)c(OCCCC(C)(C)C(=O)O)c1,Gemfibrozil,ADReCS: Thoracic disorders (excl lung and pleura),3463,ADReCS_only,gemfibrozil
CNC(C)C1CCC(N)C(OC2C(N)CC(N)C(OC3OCC(C)(O)C(NC)C3O)C2O)O1,Gentamicin,ADReCS: Lower respiratory tract disorders (excl obstruction and infection),3467,ADReCS_only,gentamicin
CCC1=C(C)CN(C(=O)NCCc2ccc(S(=O)(=O)NC(=O)NC3CCC(C)CC3)cc2)C1=O,Glimepiride,ADReCS: Cardio-respiratory arrest,3476,ADReCS_only,glimepiride
Cc1cnc(C(=O)NCCc2ccc(S(=O)(=O)NC(=O)NC3CCCCC3)cc2)cn1,Glipizide,ADReCS: Cardio-respiratory arrest,3478,ADReCS_only,glipizide
NC(=O)CCC(N)C(=O)O,Glutamine,ADReCS: Bacterial lower respiratory tract infections,5961,ADReCS_only,glutamine
OCC(O)CO,Glycerin,ADReCS: Asthma,753,ADReCS_only,glycerin
O=C(CCCc1ccccc1)OCC(COC(=O)CCCc1ccccc1)OC(=O)CCCc1ccccc1,Glycerol phenylbutyrate,ADReCS: Respiratory disorders NEC,10482134,ADReCS_only,glycerol phenylbutyrate
NCC(=O)O,Glycine,ADReCS: Lower respiratory tract disorders (excl obstruction and infection),750,ADReCS_only,glycine
CN1C2CCCC1CC(NC(=O)c1nn(C)c3ccccc13)C2,Granisetron,ADReCS: Respiratory disorders NEC; Respiratory tract infections,5284566,ADReCS_only,granisetron
COC1=CC(=O)CC(C)C12Oc1c(Cl)c(OC)cc(OC)c1C2=O,Griseofulvin,"ADReCS: Respiratory, thoracic and mediastinal disorders",441140,ADReCS_only,griseofulvin
COc1ccccc1OCC(O)CO,Guaifenesin,ADReCS: Respiratory disorders NEC,3516,ADReCS_only,guaifenesin
N=C(N)NC(=O)Cc1c(Cl)cccc1Cl,Guanfacine,ADReCS: Asthma; Respiratory tract infections,3519,ADReCS_only,guanfacine
N=C(N)N,Guanidine,"ADReCS: Respiratory, thoracic and mediastinal disorders",3520,ADReCS_only,guanidine
CC1CC2C3CC(F)C4=CC(=O)C=CC4(C)C3(F)C(O)CC2(C)C1(O)C(=O)CCl,Halobetasol,ADReCS: Bronchial disorders (excl neoplasms),5311167,ADReCS_only,halobetasol
CCCCCCCCCC(=O)OC1(c2ccc(Cl)cc2)CCN(CCCC(=O)c2ccc(F)cc2)CC1,Haloperidol decanoate,ADReCS: Bronchial disorders (excl neoplasms),52919,ADReCS_only,haloperidol decanoate
FC(F)(F)C(Cl)Br,Halothane,ADReCS: Respiratory arrest,3562,ADReCS_only,halothane
C=CC1=C(C)c2cc3[n-]c(cc4[n-]c(cc5nc(cc1n2)C(C)=C5C=C)c(C)c4CCC(=O)O)c(CCC(=O)O)c3C.[Fe+2],Hemin,ADReCS: Respiratory signs and symptoms NEC,26945,ADReCS_only,hemin
CSCCC(N)C(=O)NC(CCC(N)=O)C(=O)NC(Cc1c[nH]c2ccccc12)C(=O)NC(CC(N)=O)C(=O)NC(CO)C(=O)NC(C(=O)NC(C(=O)NC(Cc1ccccc1)C(=O)NC(CC1C=NC=N1)C(=O)NC(CCC(N)=O)C(=O)NC(C(=O)NC(CC(C)C)C(=O)NC(CCC(N)=O)C(=O)NC(CC(=O)O)C(=O)N1CCCC1C(=O)NC(CCCN=C(N)N)C(=O)NC(C(=O)OC(=O)CNC(=O)CNC(=O)C(C)NC(=O)C1CCCN1C(=O)C(Cc1ccccc1)NC(=O)C(Cc1ccc(O)cc1)NC(=O)C(CC(C)C)NC(=O)CNC(=O)C(N)CCCNC(=N)N)C(C)C)C(C)O)C(C)O)C(C)O,Hepatitis b vaccine,ADReCS: Bronchial disorders (excl neoplasms),16131310,ADReCS_only,hepatitis b vaccine
COC1C(CO)OC(OCC2OC(OC3C(CO)OC(C)C(O)C3O)C(O)C(O)C2OC2OC(CO)C(OC)C(O)C2OCCO)C(O)C1O,Hetastarch,ADReCS: Bronchial disorders (excl neoplasms),24846132,ADReCS_only,hetastarch
CCC=CCC(=O)NC(Cc1ccc(O)cc1)C(=O)NC(C)C(=O)NC(CC(=O)O)C(=O)NC(C)C(=O)NC(C(=O)NC(Cc1ccccc1)C(=O)NC(C(=O)NC(CC(N)=O)C(=O)NC(CO)C(=O)NC(Cc1ccc(O)cc1)C(=O)NC(CCCN=C(N)N)C(=O)NC(CCCCN)C(=O)NC(C(=O)NCC(=O)NC(CC(C)C)C(=O)NC(CCC(N)=O)C(=O)NC(CC(C)C)C(=O)NC(CO)C(=O)NC(C)C(=O)NC(CCCNC(=N)N)C(=O)NC(CCCCN)C(=O)NC(CC(C)C)C(=O)NC(CC(C)C)C(=O)NC(CCC(N)=O)C(=O)NC(CC(=O)O)C(=O)NC(C(=O)NC(CCSC)C(=O)NC(CO)C(=O)NC(CCCNC(=N)N)C(=O)NC(CCC(N)=O)C(=O)NCC(=O)NC(CCC(N)=O)C(=O)NC(CCC(=O)O)C(=O)NC(CO)C(=O)NC(CC(N)=O)C(=O)NC(CCC(N)=O)C(=O)NC(CCC(=O)O)C(=O)NC(CCCNC(=N)N)C(=O)NC(C)C(=O)NCC(=O)NC(CCCNC(=N)N)C(=O)NC(C)C(=O)NC(CCCNC(=N)N)C(=O)NC(CC(C)C)C(N)=O)C(C)CC)C(C)C)C(C)O)C(C)CC,Hex-hgrf,ADReCS: Respiratory signs and symptoms NEC,44201342,ADReCS_only,hex-hgrf
NCCc1c[nH]cn1,Histamine,ADReCS: Asthma,774,ADReCS_only,histamine
CCNC(=O)C1CCCN1C(=O)C(CCCN=C(N)N)NC(=O)C(CC(C)C)NC(=O)C(Cc1cn(Cc2ccccc2)cn1)NC(=O)C(Cc1ccc(O)cc1)NC(=O)C(CO)NC(=O)C(Cc1c[nH]c2ccccc12)NC(=O)C(Cc1c[nH]cn1)NC(=O)C1CCC(=O)N1,Histrelin,"ADReCS: Respiratory, thoracic and mediastinal disorders; Thoracic disorders (excl lung and pleura)",25077993,ADReCS_only,histrelin
CN1C2CCC1CC(OC(=O)C(O)c1ccccc1)C2,Homatropine,ADReCS: Respiratory and pulmonary function diagnostic procedures,688024,ADReCS_only,homatropine
CC12CCC(=O)C=C1CCC1C2C(O)CC2(C)C1CCC2(O)C(=O)COC(=O)CCC(=O)[O-],Hydrocortisone sodium succinate,ADReCS: Lower respiratory tract disorders (excl obstruction and infection),23694214,ADReCS_only,hydrocortisone succinate
O=CCC(=O)CO,Hydroxybutanedial,ADReCS: Respiratory tract infections,5288169,ADReCS_only,hydroxybutanedial
O=C(O)CCCO,Hydroxybutanoic acid,ADReCS: Thoracic disorders (excl lung and pleura),10413,ADReCS_only,hydroxybutanoic acid
CC(=O)C1(O)CCC2C3CC=C4CC(=O)CCC4(C)C3CCC21C,Hydroxyprogesterone,ADReCS: Respiratory signs and symptoms NEC,6238,ADReCS_only,hydroxyprogesterone
CCCCCC(=O)OC1(C(C)=O)CCC2C3CC=C4CC(=O)CCC4(C)C3CCC21C,Hydroxyprogesterone caproate,ADReCS: Asthma,169870,ADReCS_only,hydroxyprogesterone caproate
NC(O)=NO,Hydroxyurea,ADReCS: Acute respiratory distress syndrome,3657,ADReCS_only,hydroxyurea
OCCOCCN1CCN(C(c2ccccc2)c2ccc(Cl)cc2)CC1,Hydroxyzine,ADReCS: Acute respiratory distress syndrome; Respiratory depression,3658,ADReCS_only,hydroxyzine
CCCCCN(C)CCC(O)(P(=O)([O-])O)P(=O)(O)O,Ibandronate sodium,ADReCS: Bronchial disorders (excl neoplasms),23670359,ADReCS_only,ibandronate
CCCCCN(C)CCC(O)(P(=O)(O)O)P(=O)(O)O,Ibandronic acid,ADReCS: Asthma,60852,ADReCS_only,ibandronic acid
CNC(=O)Nc1ccc(CC(CN(CC(=O)O)CC(C)N(CC(=O)O)CC(=O)O)N(CC(=O)O)CC(=O)O)cc1,Ibritumomab tiuxetan,ADReCS: Bronchitis,92002593,ADReCS_only,ibritumomab tiuxetan
N=C(N)NCCCC(N)C(=O)NC(CCCN=C(N)N)C(=O)N1CCCC1C(=O)N1CC(O)CC1C(=O)NCC(=O)NC(Cc1cccs1)C(=O)NC(CO)C(=O)N1Cc2ccccc2CC1C(=O)N1C(C(=O)NC(CCCN=C(N)N)C(=O)O)CC2CCCCC21,Icatibant,ADReCS: Asthma,6918173,ADReCS_only,icatibant
CCC=CCC=CCC=CCC=CCC=CCCCC(=O)OCC,Icosapent ethyl,ADReCS: Respiratory signs and symptoms NEC,9831415,ADReCS_only,icosapent ethyl
Nc1cc(-c2ccncc2)c[nH]c1=O,Inamrinone,ADReCS: Respiratory signs and symptoms NEC,3698,ADReCS_only,inamrinone
CCc1cc2c(cc1CC)CC(NCC(O)c1ccc(O)c3[nH]c(=O)ccc13)C2,Indacaterol,ADReCS: Asthma; Respiratory tract infections,6918554,ADReCS_only,indacaterol
CC=C(C)C(=O)OC1C(C)=CC23C(=O)C(=CC(CO)C(O)C12O)C1C(CC3C)C1(C)C,Ingenol mebutate,ADReCS: Respiratory tract infections,6918670,ADReCS_only,ingenol mebutate
CCC(C)C(NC(=O)CN)C(=O)NC(C(=O)NC(CCC(=O)O)C(=O)NC(CCC(N)=O)C(=O)NC1CSSCC2NC(=O)C(C(C)CC)NC(=O)C(CO)NC(=O)C(C(C)O)NC(=O)C(CSSCC(NC(=O)C(CC(C)C)NC(=O)C(Cc3c[nH]cn3)NC(=O)C(CCC(N)=O)NC(=O)C(CC(N)=O)NC(=O)C(NC(=O)C(N)Cc3ccccc3)C(C)C)C(=O)NCC(=O)NC(CO)C(=O)NC(Cc3c[nH]cn3)C(=O)NC(CC(C)C)C(=O)NC(C(C)C)C(=O)NC(CCC(=O)O)C(=O)NC(C)C(=O)NC(CC(C)C)C(=O)NC(Cc3ccc(O)cc3)C(=O)NC(CC(C)C)C(=O)NC(C(C)C)C(=O)NC(C(=O)NCC(=O)NC(CCC(=O)O)C(=O)NC(CCCN=C(N)N)C(=O)NCC(=O)NC(Cc3ccccc3)C(=O)NC(Cc3ccccc3)C(=O)NC(Cc3ccc(O)cc3)C(=O)NC(C(=O)N3CCCC3C(=O)NC(CCCCN)C(=O)NC(C(=O)O)C(C)O)C(C)O)CSSCC(C(=O)NC(CC(N)=O)C(=O)O)NC(=O)C(Cc3ccc(O)cc3)NC(=O)C(CC(N)=O)NC(=O)C(CCC(=O)O)NC(=O)C(CC(C)C)NC(=O)C(CCC(N)=O)NC(=O)C(Cc3ccc(O)cc3)NC(=O)C(CC(C)C)NC(=O)C(CO)NC2=O)NC1=O)C(C)C,Insulin (human),ADReCS: Asthma,118984375,ADReCS_only,insulin (human)
CCC(C)C(NC(=O)CN)C(=O)NC(C(=O)NC(CCC(=O)O)C(=O)NC(CCC(N)=O)C(=O)NC1CSSCC2NC(=O)C(C(C)CC)NC(=O)C(CO)NC(=O)C(C(C)O)NC(=O)C(CSSCC(NC(=O)C(CC(C)C)NC(=O)C(Cc3c[nH]cn3)NC(=O)C(CCC(N)=O)NC(=O)C(CC(N)=O)NC(=O)C(NC(=O)C(N)Cc3ccccc3)C(C)C)C(=O)NCC(=O)NC(CO)C(=O)NC(Cc3c[nH]cn3)C(=O)NC(CC(C)C)C(=O)NC(C(C)C)C(=O)NC(CCC(=O)O)C(=O)NC(C)C(=O)NC(CC(C)C)C(=O)NC(Cc3ccc(O)cc3)C(=O)NC(CC(C)C)C(=O)NC(C(C)C)C(=O)NC(C(=O)NCC(=O)NC(CCC(=O)O)C(=O)NC(CCCN=C(N)N)C(=O)NCC(=O)NC(Cc3ccccc3)C(=O)NC(Cc3ccccc3)C(=O)NC(Cc3ccc(O)cc3)C(=O)NC(C(=O)NC(CC(=O)O)C(=O)NC(CCCCN)C(=O)NC(C(=O)O)C(C)O)C(C)O)CSSCC(C(=O)NC(CC(N)=O)C(=O)O)NC(=O)C(Cc3ccc(O)cc3)NC(=O)C(CC(N)=O)NC(=O)C(CCC(=O)O)NC(=O)C(CC(C)C)NC(=O)C(CCC(N)=O)NC(=O)C(Cc3ccc(O)cc3)NC(=O)C(CC(C)C)NC(=O)C(CO)NC2=O)NC1=O)C(C)C,Insulin aspart,ADReCS: Bronchitis,118984445,ADReCS_only,insulin aspart
CCC(C)C(NC(=O)CN)C(=O)NC(C(=O)NC(CCC(=O)O)C(=O)NC(CCC(N)=O)C(=O)NC1CSSCC2NC(=O)C(C(C)CC)NC(=O)C(CO)NC(=O)C(C(C)O)NC(=O)C(CSSCC(NC(=O)C(CC(C)C)NC(=O)C(Cc3c[nH]cn3)NC(=O)C(CCC(N)=O)NC(=O)C(CC(N)=O)NC(=O)C(NC(=O)C(N)Cc3ccccc3)C(C)C)C(=O)NCC(=O)NC(CO)C(=O)NC(Cc3c[nH]cn3)C(=O)NC(CC(C)C)C(=O)NC(C(C)C)C(=O)NC(CCC(=O)O)C(=O)NC(C)C(=O)NC(CC(C)C)C(=O)NC(Cc3ccc(O)cc3)C(=O)NC(CC(C)C)C(=O)NC(C(C)C)C(=O)NC(C(=O)NCC(=O)NC(CCC(=O)O)C(=O)NC(CCCN=C(N)N)C(=O)NCC(=O)NC(Cc3ccccc3)C(=O)NC(Cc3ccccc3)C(=O)NC(Cc3ccc(O)cc3)C(=O)NC(C(=O)N3CCCC3C(=O)NC(CCCCNC(=O)CCC(NC(=O)CCCCCCCCCCCCCCC(=O)O)C(=O)O)C(=O)O)C(C)O)CSSCC(C(=O)NC(CC(N)=O)C(=O)O)NC(=O)C(Cc3ccc(O)cc3)NC(=O)C(CC(N)=O)NC(=O)C(CCC(=O)O)NC(=O)C(CC(C)C)NC(=O)C(CCC(N)=O)NC(=O)C(Cc3ccc(O)cc3)NC(=O)C(CC(C)C)NC(=O)C(CO)NC2=O)NC1=O)C(C)C,Insulin degludec,ADReCS: Bronchial disorders (excl neoplasms),118984462,ADReCS_only,insulin degludec
CCCCCCCCCCCCCC(=O)NCCCCC(NC(=O)C1CCCN1C(=O)C(NC(=O)C(Cc1ccc(O)cc1)NC(=O)C(Cc1ccccc1)NC(=O)C(Cc1ccccc1)NC(=O)CNC(=O)C(CCCN=C(N)N)NC(=O)C(CCC(=O)O)NC(=O)CNC(=O)C1CSSCC(C(=O)NC(CC(N)=O)C(=O)O)NC(=O)C(Cc2ccc(O)cc2)NC(=O)C(CC(N)=O)NC(=O)C(CCC(=O)O)NC(=O)C(CC(C)C)NC(=O)C(CCC(N)=O)NC(=O)C(Cc2ccc(O)cc2)NC(=O)C(CC(C)C)NC(=O)C(CO)NC(=O)C2CSSCC(NC(=O)C(CCC(N)=O)NC(=O)C(CCC(=O)O)NC(=O)C(NC(=O)C(NC(=O)CN)C(C)CC)C(C)C)C(=O)NC(CSSCC(NC(=O)C(CC(C)C)NC(=O)C(Cc3c[nH]cn3)NC(=O)C(CCC(N)=O)NC(=O)C(CC(N)=O)NC(=O)C(NC(=O)C(N)Cc3ccccc3)C(C)C)C(=O)NCC(=O)NC(CO)C(=O)NC(Cc3c[nH]cn3)C(=O)NC(CC(C)C)C(=O)NC(C(C)C)C(=O)NC(CCC(=O)O)C(=O)NC(C)C(=O)NC(CC(C)C)C(=O)NC(Cc3ccc(O)cc3)C(=O)NC(CC(C)C)C(=O)NC(C(C)C)C(=O)N1)C(=O)NC(C(C)O)C(=O)NC(CO)C(=O)NC(C(C)CC)C(=O)N2)C(C)O)C(=O)O,Insulin detemir,ADReCS: Asthma,16137271,ADReCS_only,insulin detemir
CCC(C)C(NC(=O)CN)C(=O)NC(C(=O)NC(CCC(=O)O)C(=O)NC(CCC(N)=O)C(=O)NC1CSSCC2NC(=O)C(C(C)CC)NC(=O)C(CO)NC(=O)C(C(C)O)NC(=O)C(CSSCC(NC(=O)C(CC(C)C)NC(=O)C(Cc3c[nH]cn3)NC(=O)C(CCC(N)=O)NC(=O)C(CC(N)=O)NC(=O)C(NC(=O)C(N)Cc3ccccc3)C(C)C)C(=O)NCC(=O)NC(CO)C(=O)NC(Cc3c[nH]cn3)C(=O)NC(CC(C)C)C(=O)NC(C(C)C)C(=O)NC(CCC(=O)O)C(=O)NC(C)C(=O)NC(CC(C)C)C(=O)NC(Cc3ccc(O)cc3)C(=O)NC(CC(C)C)C(=O)NC(C(C)C)C(=O)NC(C(=O)NCC(=O)NC(CCC(=O)O)C(=O)NC(CCCN=C(N)N)C(=O)NCC(=O)NC(Cc3ccccc3)C(=O)NC(Cc3ccccc3)C(=O)NC(Cc3ccc(O)cc3)C(=O)NC(C(=O)N3CCCC3C(=O)NC(CCCCN)C(=O)NC(C(=O)NC(CCCNC(=N)N)C(=O)NC(CCCNC(=N)N)C(=O)O)C(C)O)C(C)O)CSSCC(C(=O)NCC(=O)O)NC(=O)C(Cc3ccc(O)cc3)NC(=O)C(CC(N)=O)NC(=O)C(CCC(=O)O)NC(=O)C(CC(C)C)NC(=O)C(CCC(N)=O)NC(=O)C(Cc3ccc(O)cc3)NC(=O)C(CC(C)C)NC(=O)C(CO)NC2=O)NC1=O)C(C)C,Insulin glargine,ADReCS: Asthma,118984454,ADReCS_only,insulin glargine
CCC(C)C(NC(=O)CN)C(=O)NC(C(=O)NC(CCC(=O)O)C(=O)NC(CCC(N)=O)C(=O)NC1CSSCC2NC(=O)C(C(C)CC)NC(=O)C(CO)NC(=O)C(C(C)O)NC(=O)C(CSSCC(NC(=O)C(CC(C)C)NC(=O)C(Cc3c[nH]cn3)NC(=O)C(CCC(N)=O)NC(=O)C(CCCCN)NC(=O)C(NC(=O)C(N)Cc3ccccc3)C(C)C)C(=O)NCC(=O)NC(CO)C(=O)NC(Cc3c[nH]cn3)C(=O)NC(CC(C)C)C(=O)NC(C(C)C)C(=O)NC(CCC(=O)O)C(=O)NC(C)C(=O)NC(CC(C)C)C(=O)NC(Cc3ccc(O)cc3)C(=O)NC(CC(C)C)C(=O)NC(C(C)C)C(=O)NC(C(=O)NCC(=O)NC(CCC(=O)O)C(=O)NC(CCCN=C(N)N)C(=O)NCC(=O)NC(Cc3ccccc3)C(=O)NC(Cc3ccccc3)C(=O)NC(Cc3ccc(O)cc3)C(=O)NC(C(=O)N3CCCC3C(=O)NC(CCC(=O)O)C(=O)NC(C(=O)O)C(C)O)C(C)O)CSSCC(C(=O)NC(CC(N)=O)C(=O)O)NC(=O)C(Cc3ccc(O)cc3)NC(=O)C(CC(N)=O)NC(=O)C(CCC(=O)O)NC(=O)C(CC(C)C)NC(=O)C(CCC(N)=O)NC(=O)C(Cc3ccc(O)cc3)NC(=O)C(CC(C)C)NC(=O)C(CO)NC2=O)NC1=O)C(C)C,Insulin glulisine,ADReCS: Bronchial disorders (excl neoplasms),16136701,ADReCS_only,insulin glulisine
O=C(CCCCC(=O)Nc1c(I)cc(I)c(C(=O)O)c1I)Nc1c(I)cc(I)c(C(=O)O)c1I,Iodipamide,ADReCS: Respiratory disorders NEC,3739,ADReCS_only,iodipamide
COC(=O)C1C(c2ccc(I)cc2)CC2CCC1N2CCCF,Ioflupane i-123,"ADReCS: Respiratory, thoracic and mediastinal disorders",3086674,ADReCS_only,ioflupane i-123
CC(O)C(=O)Nc1c(I)c(C(=O)NC(CO)CO)c(I)c(C(=O)NC(CO)CO)c1I,Iopamidol,ADReCS: Acute respiratory failure,65492,ADReCS_only,iopamidol
COCC(=O)Nc1c(I)c(C(=O)NCC(O)CO)c(I)c(C(=O)N(C)CC(O)CO)c1I,Iopromide,ADReCS: Acute pulmonary oedema,3736,ADReCS_only,iopromide
CNC(=O)c1c(I)c(NC(C)=O)c(I)c(C(=O)O)c1I,Iothalamic acid,ADReCS: Asthma,3737,ADReCS_only,iothalamic acid
CN(C(=O)CC(=O)N(C)c1c(I)c(C(=O)NC(CO)C(O)CO)c(I)c(C(=O)NC(CO)C(O)CO)c1I)c1c(I)c(C(=O)NC(CO)C(O)CO)c(I)c(C(=O)NC(CO)C(O)CO)c1I,Iotrolan,ADReCS: Bronchial disorders (excl neoplasms),3738,ADReCS_only,iotrolan
O=C(NCC(O)CO)c1c(I)c(C(=O)NCC(O)CO)c(I)c(N(CCO)C(=O)CO)c1I,Ioversol,ADReCS: Acute pulmonary oedema,3741,ADReCS_only,ioversol
CNC(=O)c1c(I)c(C(=O)NCC(=O)Nc2c(I)c(C(=O)O)c(I)c(C(=O)NCCO)c2I)c(I)c(N(C)C(C)=O)c1I,Ioxaglic acid,ADReCS: Asthma,3742,ADReCS_only,ioxaglic acid
CC(=O)N(CC(O)CO)c1c(I)c(C(=O)NCCO)c(I)c(C(=O)NCC(O)CO)c1I,Ioxilan,ADReCS: Bronchial disorders (excl neoplasms),3743,ADReCS_only,ioxilan
[C-]#N.[C-]#N.[C-]#N.[C-]#N.[C-]#N.[Fe].[N-]=O,Iron;nitroxyl anion;pentacyanide,ADReCS: Respiratory signs and symptoms NEC,11947681,ADReCS_only,iron;nitroxyl anion;pentacyanide
CC(c1nc(-c2ccc(C#N)cc2)cs1)C(O)(Cn1cncn1)c1cc(F)ccc1F,Isavuconazole,ADReCS: Respiratory disorders NEC,6918485,ADReCS_only,isavuconazole
NNC(=O)c1ccncc1,Isoniazid,ADReCS: Acute respiratory distress syndrome,3767,ADReCS_only,isoniazid
OC1COC2C(O)COC12,Isosorbide,ADReCS: Asthma,12597,ADReCS_only,isosorbide
O=[N+]([O-])OC1COC2C(O)COC12,Isosorbide mononitrate,ADReCS: Asthma,27661,ADReCS_only,isosorbide mononitrate
COC(=O)C1=C(C)N=C(C)C(C(=O)OC(C)C)C1c1cccc2nonc12,Isradipine,ADReCS: Thoracic disorders (excl lung and pleura),3784,ADReCS_only,isradipine
CCn1c(=O)c2c(nc(C=Cc3ccc(OC)c(OC)c3)n2C)n(CC)c1=O,Istradefylline,"ADReCS: Respiratory, thoracic and mediastinal disorders",5311037,ADReCS_only,istradefylline
CC(C)(C)c1cc(C(C)(C)C)c(NC(=O)c2c[nH]c3ccccc3c2=O)cc1O,Ivacaftor,ADReCS: Acute respiratory distress syndrome,16220172,ADReCS_only,ivacaftor
CCC(C)C1OC2(CCC1C)CC1CC(CC=C(C)C(OC3CC(OC)C(OC4CC(OC)C(O)C(C)O4)C(C)O3)C(C)C=CC=C3COC4C(O)C(C)=CC(C(=O)O1)C34O)O2,Ivermectin,ADReCS: Asthma,6321424,ADReCS_only,ivermectin
N#Cc1ccnc(N2C(=O)CCC2C(=O)N(c2cncc(F)c2)C(C(=O)NC2CC(F)(F)C2)c2ccccc2Cl)c1,Ivosidenib,ADReCS: Lower respiratory tract disorders (excl obstruction and infection),71657455,ADReCS_only,ivosidenib
CC(=Cc1csc(C)n1)C1CC2OC2(C)CCCC(C)C(O)C(C)C(=O)C(C)(C)C(O)CC(=O)N1,Ixabepilone,ADReCS: Acute pulmonary oedema,6445540,ADReCS_only,ixabepilone
NCC1OC(OC2C(N)CC(N)C(OC3OC(CO)C(O)C(N)C3O)C2O)C(O)C(O)C1O,Kanamycin,ADReCS: Respiratory disorders NEC,6032,ADReCS_only,kanamycin
CC(=O)N1CCN(c2ccc(OCC3COC(Cn4ccnc4)(c4ccc(Cl)cc4Cl)O3)cc2)CC1,Ketoconazole,ADReCS: Thoracic disorders (excl lung and pleura),3823,ADReCS_only,ketoconazole
CN1CCC(=C2c3ccccc3CC(=O)c3sccc32)CC1,Ketotifen,"ADReCS: Respiratory, thoracic and mediastinal disorders",3827,ADReCS_only,ketotifen
c1coc(CNc2ncnc3[nH]cnc23)c1,Kinetin,"ADReCS: Respiratory, thoracic and mediastinal disorders",3830,ADReCS_only,kinetin
OCC1OC(OC2C(CO)OC(O)(CO)C2O)C(O)C(O)C1O,Lactulose,ADReCS: Acute respiratory failure,11333,ADReCS_only,lactulose
C[NH+](CC=CC#CC(C)(C)C)Cc1cccc2ccccc12,Lamisil,ADReCS: Respiratory tract infections,1549007,ADReCS_only,lamisil
Nc1ccn(C2CSC(CO)O2)c(=O)n1,Lamivudine,ADReCS: Acute pulmonary oedema,60825,ADReCS_only,lamivudine
CC(C)C1NC(=O)C(CCCCN)NC(=O)C(Cc2c[nH]c3ccccc23)NC(=O)C(Cc2ccc(O)cc2)NC(=O)C(NC(=O)C(N)Cc2ccc3ccccc3c2)CSSCC(C(=O)NC(C(N)=O)C(C)O)NC1=O,Lanreotide acetate,ADReCS: Bronchitis,71349,ADReCS_only,lanreotide
O=C(Nc1cnn2ccc(N3CCCC3c3cc(F)ccc3F)nc12)N1CCC(O)C1,Larotrectinib,ADReCS: Lower respiratory tract neoplasms,46188928,ADReCS_only,larotrectinib
CN1CCC(C(=O)c2cccc(NC(=O)c3c(F)cc(F)cc3F)n2)CC1,Lasmiditan,ADReCS: Respiratory signs and symptoms NEC,11610526,ADReCS_only,lasmiditan
Oc1ccc2c(c1)CCC(c1ccccc1)C2c1ccc(OCCN2CCCC2)cc1,Lasofoxifene,ADReCS: Bronchial disorders (excl neoplasms),216416,ADReCS_only,lasofoxifene
COC(=O)C1=C(C)N=C(C)C(C(=O)OC(C)(C)CN(C)CCC(c2ccccc2)c2ccccc2)C1c1cccc([N+](=O)[O-])c1,Lercanidipine,ADReCS: Asthma,65866,ADReCS_only,lercanidipine
O=C(O)CSc1nnc(Br)n1-c1ccc(C2CC2)c2ccccc12,Lesinurad,ADReCS: Respiratory tract infections,53465279,ADReCS_only,lesinurad
COc1cccc(N2CCN(C3=Nc4c(F)cccc4C(CC(=O)O)N3c3cc(C(F)(F)F)ccc3OC)CC2)c1,Letermovir,ADReCS: Cardio-respiratory arrest,45138674,ADReCS_only,letermovir
CC(C)(C)NCC(O)COc1cccc2c1CCCC2=O,Levobunolol,ADReCS: Bronchial disorders (excl neoplasms),39468,ADReCS_only,levobunolol
C[N+](C)(C)CC(O)CC(=O)[O-],Levocarnitine,ADReCS: Bronchitis,10917,ADReCS_only,levocarnitine
NC(Cc1ccc(O)c(O)c1)C(=O)O,Levodopa,ADReCS: Lung disorder,6047,ADReCS_only,levodopa
NC(Cc1ccc(OP(=O)(O)O)c(O)c1)C(=O)O,Levodopa-4'-monophosphate,ADReCS: Respiratory tract infections,127766,ADReCS_only,levodopa-4'-monophosphate
CN1c2c([nH]c(N)nc2=O)NCC1CNc1ccc(C(=O)NC(CCC(=O)[O-])C(=O)[O-])cc1,Levomefolate calcium,ADReCS: Pulmonary embolism,135564391,ADReCS_only,levomefolate
CN1CCC23CCCCC2C1Cc1ccc(O)cc13,Levorphanol,ADReCS: Respiratory acidoses,5359272,ADReCS_only,levorphanol
NC(Cc1cc(I)c(Oc2cc(I)c(O)c(I)c2)c(I)c1)C(=O)O,Levothyroxine,ADReCS: Acute pulmonary oedema; Bronchial disorders (excl neoplasms),5819,ADReCS_only,levothyroxine
CS(=O)(=O)c1cccc(CC(NC(=O)c2c(Cl)cc3c(c2Cl)CCN(C(=O)c2ccc4ccoc4c2)C3)C(=O)O)c1,Lifitegrast,ADReCS: Bronchial disorders (excl neoplasms),11965427,ADReCS_only,lifitegrast
CC1NC(=O)C2CCCN2C(=O)C(CC(N)=O)NC(=O)C2CSSCC(N)C(=O)NC3CSSCC(NC1=O)C(=O)NC(C(C)O)C(=O)NCC(=O)NC(C(=O)NC(Cc1ccc(O)cc1)C(=O)O)CSSCC(NC(=O)C(Cc1ccc(O)cc1)NC(=O)C(CCC(=O)O)NC3=O)C(=O)N2,Linaclotide,ADReCS: Respiratory tract infections,16158208,ADReCS_only,linaclotide
NC(Cc1cc(I)c(Oc2ccc(O)c(I)c2)c(I)c1)C(=O)O,Liothyronine,ADReCS: Asthma,5920,ADReCS_only,liothyronine
CCCCCCCCCCCCCCCC(=O)NC(CCC(=O)NCCCCC(NC(=O)C(C)NC(=O)C(C)NC(=O)C(CCC(N)=O)NC(=O)CNC(=O)C(CCC(=O)O)NC(=O)C(CC(C)C)NC(=O)C(Cc1ccc(O)cc1)NC(=O)C(CO)NC(=O)C(CO)NC(=O)C(NC(=O)C(CC(=O)O)NC(=O)C(CO)NC(=O)C(NC(=O)C(Cc1ccccc1)NC(=O)C(NC(=O)CNC(=O)C(CCC(=O)O)NC(=O)C(C)NC(=O)C(N)Cc1c[nH]cn1)C(C)O)C(C)O)C(C)C)C(=O)NC(CCC(=O)O)C(=O)NC(Cc1ccccc1)C(=O)NC(C(=O)NC(C)C(=O)NC(Cc1c[nH]c2ccccc12)C(=O)NC(CC(C)C)C(=O)NC(C(=O)NC(CCCNC(=N)N)C(=O)NCC(=O)NC(CCCNC(=N)N)C(=O)NCC(=O)O)C(C)C)C(C)CC)C(=O)O,Liraglutide,ADReCS: Asthma,16134956,ADReCS_only,liraglutide
CC(Cc1ccccc1)NC(=O)C(N)CCCCN,Lisdexamfetamine,ADReCS: Cardio-respiratory arrest,11597698,ADReCS_only,lisdexamfetamine
N#Cc1cc(NC(=O)C(=O)O)c(Cl)c(NC(=O)C(=O)O)c1,Lodoxamide,"ADReCS: Respiratory, thoracic and mediastinal disorders",44564,ADReCS_only,lodoxamide
CC(Oc1c(Cl)cccc1Cl)C1=NCCN1,Lofexidine,ADReCS: Respiratory disorders NEC,30668,ADReCS_only,lofexidine
CCn1cc(C(=O)O)c(=O)c2cc(F)c(N3CCNC(C)C3)c(F)c21,Lomefloxacin,ADReCS: Bronchial disorders (excl neoplasms),3948,ADReCS_only,lomefloxacin
O=C(NC1CCN(CCCCC2(C(=O)NCC(F)(F)F)c3ccccc3-c3ccccc32)CC1)c1ccccc1-c1ccc(C(F)(F)F)cc1,Lomitapide,ADReCS: Bronchial disorders (excl neoplasms); Respiratory tract infections,9853053,ADReCS_only,lomitapide
O=NN(CCCl)C(=O)NC1CCCCC1,Lomustine,ADReCS: Lower respiratory tract disorders (excl obstruction and infection),3950,ADReCS_only,lomustine
CN(C)C(=O)C(CC[NH+]1CCC(O)(c2ccc(Cl)cc2)CC1)(c1ccccc1)c1ccccc1,Loperamide cation,"ADReCS: Respiratory, thoracic and mediastinal disorders",3954,ADReCS_only,loperamide cation
NC(C(=O)NC1C(=O)N2C(C(=O)O)=C(Cl)CCC12)c1ccccc1,Loracarbef,ADReCS: Respiratory tract infections,5284585,ADReCS_only,loracarbef
CN1C(=O)C(O)N=C(c2ccccc2Cl)c2cc(Cl)ccc21,Lormetazepam,"ADReCS: Respiratory, thoracic and mediastinal disorders",13314,ADReCS_only,lormetazepam
CCOC(=O)OC1(C(=O)OCCl)CCC2C3CC=C4CC(=O)C=CC4(C)C3C(O)CC21C,Loteprednol etabonate,ADReCS: Respiratory tract infections,444025,ADReCS_only,loteprednol etabonate
CN1CCN(C2=Nc3ccccc3Oc3ccc(Cl)cc32)CC1,Loxapine,ADReCS: Bronchial disorders (excl neoplasms),3964,ADReCS_only,loxapine
CN1CCN2c3c(cccc31)C1CN(CCCC(=O)c3ccc(F)cc3)CCC12,Lumateperone,ADReCS: Lower respiratory tract signs and symptoms,21302490,ADReCS_only,lumateperone
Oc1c2c(c(O)n1CC1CCCCC1CN1CCN(c3nsc4ccccc34)CC1)C1CCC2C1,Lurasidone,"ADReCS: Respiratory tract infections; Respiratory, thoracic and mediastinal disorders",213046,ADReCS_only,lurasidone
COc1ccc2[nH]c3c(c2c1)CCNC31CSC2c3c(OC(C)=O)c(C)c4c(c3C(COC1=O)N1C(O)C3Cc5cc(C)c(OC)c(O)c5C(C21)N3C)OCO4,Lurbinectedin,ADReCS: Lower respiratory tract disorders (excl obstruction and infection),57327016,ADReCS_only,lurbinectedin
CC(O)C(NC(=O)C1CSSCC(NC(=O)C(Cc2ccccc2)NC(=O)CN2CCN(CC(=O)[O-])CCN(CC(=O)[O-])CCN(CC(=O)[O-])CC2)C(=O)NC(Cc2ccc(O)cc2)C(=O)NC(Cc2c[nH]c3ccccc23)C(=O)NC(CCCCN)C(=O)NC(C(C)O)C(=O)N1)C(=O)O.[Lu+3],Lutetium oxodotreotide lu-177,ADReCS: Acute respiratory failure,76966897,ADReCS_only,lutetium oxodotreotide lu-177
CN(C)C1C(=O)C(C(=O)NCNCCCCC(N)C(=O)O)C(=O)C2(O)C(=O)C3C(=O)c4c(O)cccc4C(C)(O)C3CC12,Lymecycline,"ADReCS: Respiratory, thoracic and mediastinal disorders",54707177,ADReCS_only,lymecycline
CCN(CC)c1ccc(C(=C2C=CC(=[N+](CC)CC)C=C2)c2cc(S(=O)(=O)O)ccc2S(=O)(=O)[O-])cc1,Lymphazurin,ADReCS: Asthma,101316975,ADReCS_only,lymphazurin
NCc1ccc(S(N)(=O)=O)cc1,Mafenide,ADReCS: Respiratory disorders NEC,3998,ADReCS_only,mafenide
COc1cc(-c2[o+]c3cc(O)cc(O)c3cc2O)cc(OC)c1O,Malvidin chloride,ADReCS: Respiratory and pulmonary function diagnostic procedures,69512,ADReCS_only,malvidin chloride
Cc1ncc(COP(=O)([O-])[O-])c(CN(CCN(CC(=O)[O-])Cc2c(COP(=O)([O-])[O-])cnc(C)c2[O-])CC(=O)[O-])c1[O-].[H+].[H+].[H+].[Mn+2],Mangafodipir trisodium,ADReCS: Respiratory tract infections,160036,ADReCS_only,mangafodipir trisodium
CCCCC1(CCCC)CS(=O)(=O)c2ccc(N(C)C)cc2C(c2ccc(OCc3ccc(C[N+]45CCN(CC4)CC5)cc3)cc2)C1O,Maralixibat,ADReCS: Respiratory disorders NEC,9831643,ADReCS_only,maralixibat
Cc1nnc(C(C)C)n1C1CC2CCC(C1)N2CCC(NC(=O)C1CCC(F)(F)CC1)c1ccccc1,Maraviroc,ADReCS: Bacterial lower respiratory tract infections,3002977,ADReCS_only,maraviroc
CC(C)Nc1nc2cc(Cl)c(Cl)cc2n1C1OC(CO)C(O)C1O,Maribavir,ADReCS: Respiratory signs and symptoms NEC,471161,ADReCS_only,maribavir
COC(=O)Nc1nc2cc(C(=O)c3ccccc3)ccc2[nH]1,Mebendazole,ADReCS: Respiratory disorders NEC,4030,ADReCS_only,mebendazole
CCN(CCCCOC(=O)c1ccc(OC)c(OC)c1)C(C)Cc1ccc(OC)cc1,Mebeverine,"ADReCS: Respiratory, thoracic and mediastinal disorders",4031,ADReCS_only,mebeverine
Cc1cccc(CN2CCN(C(c3ccccc3)c3ccc(Cl)cc3)CC2)c1,Meclizine,ADReCS: Respiratory disorders NEC,4034,ADReCS_only,meclizine
O=P(O)(O)CP(=O)(O)O,Medronic acid,ADReCS: Bronchial disorders (excl neoplasms),16124,ADReCS_only,medronic acid
COc1ccc2[nH]cc(CCNC(C)=O)c2c1,Melatonin,ADReCS: Respiratory tract infections,896,ADReCS_only,melatonin
CC12CC3CC(C)(C1)CC(N)(C3)C2,Memantine,ADReCS: Asthma,4054,ADReCS_only,memantine
Cc1cccc(C)c1NC(=O)C1CCCCN1C,Mepivacaine,ADReCS: Cardio-respiratory arrest; Respiratory arrest,4062,ADReCS_only,mepivacaine
CCCC(C)(COC(N)=O)COC(N)=O,Meprobamate,ADReCS: Bronchial disorders (excl neoplasms),4064,ADReCS_only,meprobamate
S=c1[nH]cnc2[nH]cnc12,Mercaptopurine,ADReCS: Lower respiratory tract disorders (excl obstruction and infection),667490,ADReCS_only,mercaptopurine
O=C(O)CNC(=O)CNC(=O)CNC(=O)CS,Mertiatide,ADReCS: Bronchial disorders (excl neoplasms),60778,ADReCS_only,mertiatide
Nc1ccc(O)c(C(=O)O)c1,Mesalamine,ADReCS: Acute respiratory failure,4075,ADReCS_only,mesalamine
O=S(=O)([O-])CCS,Mesna,ADReCS: Respiratory tract infections,23662354,ADReCS_only,mesna
Cc1cc(C)cc(OCC2CNC(=O)O2)c1,Metaxalone,ADReCS: Respiratory arrest,15459,ADReCS_only,metaxalone
C,Methane,ADReCS: Bronchial disorders (excl neoplasms),297,ADReCS_only,methane
COc1ccccc1OCC(O)COC(N)=O,Methocarbamol,ADReCS: Cardio-respiratory arrest,4107,ADReCS_only,methocarbamol
COc1c2occc2cc2ccc(=O)oc12,Methoxsalen,ADReCS: Bronchial disorders (excl neoplasms),4114,ADReCS_only,methoxsalen
CN1C(=O)CC(C)(c2ccccc2)C1=O,Methsuximide,ADReCS: Lower respiratory tract signs and symptoms,6476,ADReCS_only,methsuximide
CN1C(CCl)Nc2cc(Cl)c(S(N)(=O)=O)cc2S1(=O)=O,Methyclothiazide,ADReCS: Lower respiratory tract disorders (excl obstruction and infection),4121,ADReCS_only,methyclothiazide
COC(=O)c1ccccc1O,Methyl salicylate,ADReCS: Lower respiratory tract disorders (excl obstruction and infection),4133,ADReCS_only,methyl salicylate
C[N+]1(CC2CC2)CCC23c4c5ccc(O)c4OC2C(=O)CCC3(O)C1C5,Methylnaltrexone,ADReCS: Pneumoperitoneum,5361918,ADReCS_only,methylnaltrexone
COC(=O)C(c1ccccc1)C1CCCCN1,Methylphenidate,ADReCS: Asthma,4158,ADReCS_only,methylphenidate
CC1=C2CC(=O)C=CC2(C)C2C(O)CC3(C)C(CCC3(O)C(=O)COC(=O)CCC(=O)O)C2C1,Methylprednisolone hemisuccinate,ADReCS: Bronchial disorders (excl neoplasms),16923,ADReCS_only,methylprednisolone hemisuccinate
CC1=C2CC(=O)C=CC2(C)C2C(O)CC3(C)C(CCC3(O)C(=O)COC(=O)CCC(=O)[O-])C2C1,Methylprednisolone sodium succinate,ADReCS: Lower respiratory tract disorders (excl obstruction and infection),23680530,ADReCS_only,methylprednisolone succinate
Cc1ccccc1N1C(=O)c2cc(S(N)(=O)=O)c(Cl)cc2NC1C,Metolazone,ADReCS: Respiratory signs and symptoms NEC,4170,ADReCS_only,metolazone
CC(N)(Cc1ccc(O)cc1)C(=O)O,Metyrosine,"ADReCS: Respiratory, thoracic and mediastinal disorders",441350,ADReCS_only,metyrosine
CCCCCOc1ccc(-c2cc(-c3ccc(C(=O)NC4CC(O)C(O)NC(=O)C5C(O)C(C)CN5C(=O)C(C(O)CC(N)=O)NC(=O)C(C(O)C(O)c5ccc(O)c(OS(=O)(=O)O)c5)NC(=O)C5CC(O)CN5C(=O)C(C(C)O)NC4=O)cc3)no2)cc1,Micafungin,"ADReCS: Cardio-respiratory arrest; Respiratory, thoracic and mediastinal disorders",477468,ADReCS_only,micafungin
COc1ccc(OC)c(C(O)CNC(=O)CN)c1,Midodrine,ADReCS: Respiratory signs and symptoms NEC,4195,ADReCS_only,midodrine
CC#CC1(O)CCC2C3=C(C4=C(CC3)CC(=O)CC4)C(c3ccc(N(C)C)cc3)CC21C,Mifepristone,ADReCS: Thoracic disorders (excl lung and pleura),55245,ADReCS_only,mifepristone
OCC1NCC(O)C(O)C1O,Migalastat,ADReCS: Asthma,176077,ADReCS_only,migalastat
OCCN1CC(O)C(O)C(O)C1CO,Miglitol,ADReCS: Pneumoperitoneum,441314,ADReCS_only,miglitol
CCCCN1CC(O)C(O)C(O)C1CO,Miglustat,ADReCS: Acute respiratory failure,51634,ADReCS_only,miglustat
Cc1[nH]c(=O)c(C#N)cc1-c1ccncc1,Milrinone,ADReCS: Bronchial disorders (excl neoplasms),4197,ADReCS_only,milrinone
CN(C)c1ccc(O)c2c1=CC1CC3C([NH+](C)C)C(=O)C(C(N)=O)=C([O-])C3(O)C(=O)C1C=2[O-],Minocycline anion,ADReCS: Asthma,26275995,ADReCS_only,minocycline anion
COCCOC1C(O)C(COP(=O)([O-])SC2C(COP(=O)([O-])SC3C(COP(=O)([O-])SC4C(COP(=O)([O-])SC5C(COP(=O)([O-])SC6CC(n7cc(C)c(N)nc7=O)OC6COP(=O)([O-])SC6CC(n7cc(C)c(=O)[nH]c7=O)OC6COP(=O)([O-])SC6CC(n7cc(C)c(=O)[nH]c7=O)OC6COP(=O)([O-])SC6CC(n7cc(C)c(N)nc7=O)OC6COP(=O)([O-])SC6CC(n7cnc8c(=O)[nH]c(N)nc87)OC6COP(=O)([O-])SC6CC(n7cc(C)c(=O)[nH]c7=O)OC6COP(=O)([O-])SC6CC(n7cc(C)c(N)nc7=O)OC6COP(=O)([O-])SC6CC(n7cc(C)c(=O)[nH]c7=O)OC6COP(=O)([O-])SC6CC(n7cnc8c(=O)[nH]c(N)nc87)OC6COP(=O)([O-])SC6CC(n7cnc8c(N)ncnc87)OC6COP(=O)([O-])SC6C(COP(=O)([O-])SC7C(COP(=O)([O-])SC8C(COP(=O)([O-])SC9C(COP(=O)([O-])SC%10C(CO)OC(n%11cnc%12c(=O)[nH]c(N)nc%12%11)C%10OCCOC)OC(n%10cc(C)c(N)nc%10=O)C9OCCOC)OC(n9cc(C)c(N)nc9=O)C8OCCOC)OC(n8cc(C)c(=O)[nH]c8=O)C7OCCOC)OC(n7cc(C)c(N)nc7=O)C6OCCOC)OC(n6cnc7c(=O)[nH]c(N)nc76)C5OCCOC)OC(n5cc(C)c(N)nc5=O)C4OCCOC)OC(n4cnc5c(N)ncnc54)C3OCCOC)OC(n3cc(C)c(N)nc3=O)C2OCCOC)OC1n1cc(C)c(N)nc1=O,Mipomersen sodium,"ADReCS: Respiratory, thoracic and mediastinal disorders",44564107,ADReCS_only,mipomersen
CN1CCN2c3ncccc3Cc3ccccc3C2C1,Mirtazapine,ADReCS: Asthma,4205,ADReCS_only,mirtazapine
COc1cc2c(cc1OC)C(Cc1cc(OC)c(OC)c(OC)c1)[N+](C)(CCCOC(=O)CCC=CCCC(=O)OCCC[N+]1(C)CCc3cc(OC)c(OC)cc3C1Cc1cc(OC)c(OC)c(OC)c1)CC2,Mivacurium chloride,ADReCS: Bronchial disorders (excl neoplasms),5281080,ADReCS_only,mivacurium chloride
C=CC(=O)Nc1cc(Nc2ncc(C(=O)OC(C)C)c(-c3cn(C)c4ccccc34)n2)c(OC)cc1N(C)CCN(C)C,Mobocertinib,ADReCS: Lower respiratory tract disorders (excl obstruction and infection),118607832,ADReCS_only,mobocertinib
O=C(NCCN1CCOCC1)c1ccc(Cl)cc1,Moclobemide,ADReCS: Respiratory signs and symptoms NEC,4235,ADReCS_only,moclobemide
COc1cc2c(cc1OC)CN(C(=O)C(C)NC(CCc1ccccc1)C(=O)O)C(C(=O)O)C2,Moexiprilat,ADReCS: Bronchial disorders (excl neoplasms),55331,ADReCS_only,moexiprilat
CCc1c(C)[nH]c2c1C(=O)C(CN1CCOCC1)CC2,Molindone,ADReCS: Respiratory disorders NEC,23897,ADReCS_only,molindone
CC(C)C(=O)OCC1OC(n2ccc(=NO)[nH]c2=O)C(O)C1O,Molnupiravir,ADReCS: Acute respiratory failure,145996610,ADReCS_only,molnupiravir
CC1CC2C3CC=C4CC(=O)C=CC4(C)C3(Cl)C(O)CC2(C)C1(O)C(=O)CCl,Mometasone,ADReCS: Asthma,441335,ADReCS_only,mometasone
CC1CC2C3CC=C4CC(=O)C=CC4(C)C3(Cl)C(O)CC2(C)C1(OC(=O)c1ccco1)C(=O)CCl,Mometasone furoate,ADReCS: Acute respiratory failure; Asthma,441336,ADReCS_only,mometasone furoate
NCCO,Monoethanolamine,ADReCS: Respiratory tract infections,700,ADReCS_only,monoethanolamine
COc1nc(C)nc(Cl)c1NC1=NCCN1,Moxonidine,ADReCS: Bronchitis,4810,ADReCS_only,moxonidine
CC(=CC(=O)OCCCCCCCCC(=O)O)CC1OCC(CC2OC2C(C)C(C)O)C(O)C1O,Mupirocin,ADReCS: Respiratory tract infections,446596,ADReCS_only,mupirocin
COc1c(C)c2c(c(O)c1CC=C(C)CCC(=O)O)C(=O)OC2,Mycophenolic acid,ADReCS: Asthma,446541,ADReCS_only,mycophenolic acid
CCCCCCCCCCCCCCOS(=O)(=O)O,Myristyl sulfate,ADReCS: Pulmonary embolism,5248,ADReCS_only,myristyl
CCCCCCC(C)(C)c1cc(O)c2c(c1)OC(C)(C)C1CCC(=O)CC21,Nabilone,ADReCS: Bronchial disorders (excl neoplasms),5284592,ADReCS_only,nabilone
CC(C)CC(NC(=O)C(Cc1ccc2ccccc2c1)NC(=O)C(Cc1ccc(O)cc1)NC(=O)C(CO)NC(=O)C(Cc1c[nH]c2ccccc12)NC(=O)C(Cc1c[nH]cn1)NC(=O)C1CCC(=O)N1)C(=O)NC(CCCN=C(N)N)C(=O)N1CCCC1C(=O)NCC(N)=O,Nafarelin,ADReCS: Interstitial lung disease; Respiratory tract infections,25077405,ADReCS_only,nafarelin
CC(C)(NC(=O)C1CC2(O)C3Cc4ccc(O)c5c4C2(CCN3CC2CC2)C(O5)C1=O)c1nc(-c2ccccc2)no1,Naldemedine,ADReCS: Lower respiratory tract neoplasms,54732242,ADReCS_only,naldemedine
C=CCN1CCC23c4c5ccc(O)c4OC2C(OCCOCCOCCOCCOCCOCCOCCOC)CCC3(O)C1C5,Naloxegol,ADReCS: Lower respiratory tract neoplasms,56959087,ADReCS_only,naloxegol
CCCCCCCCCC(=O)OC1CCC2C3CC=C4CC(=O)CCC4C3CCC12C,Nandrolone decanoate,ADReCS: Thoracic disorders (excl lung and pleura),9677,ADReCS_only,nandrolone decanoate
CNS(=O)(=O)CCc1ccc2[nH]cc(C3CCN(C)CC3)c2c1,Naratriptan,ADReCS: Asthma,4440,ADReCS_only,naratriptan
CC1CC=CC=CC=CC=CC(OC2OC(C)C(O)C(N)C2O)CC2OC(O)(CC(O)CC3OC3C=CC(=O)O1)CC(O)C2C(=O)O,Natamycin,ADReCS: Respiratory signs and symptoms NEC,5284447,ADReCS_only,natamycin
CC(C)C1CCC(C(=O)NC(Cc2ccccc2)C(=O)O)CC1,Nateglinide,ADReCS: Bronchitis,5311309,ADReCS_only,nateglinide
CCC(C)C1NC(=O)C(CCCN=C(N)N)NC(=O)C(CC(=O)O)NC(=O)C(CCSC)NC(=O)C(CCCCN)NC(=O)C(CCCNC(=N)N)NC(=O)CNC(=O)C(Cc2ccccc2)NC(=O)C(NC(=O)CNC(=O)C(CO)NC(=O)CNC(=O)C(CCC(N)=O)NC(=O)C(NC(=O)C(CCSC)NC(=O)C(CCCCN)NC(=O)C2CCCN2C(=O)C(N)CO)C(C)C)CSSCC(C(=O)NC(CCCCN)C(=O)NC(C(=O)NC(CC(C)C)C(=O)NC(CCCNC(=N)N)C(=O)NC(CCCNC(=N)N)C(=O)NC(Cc2cnc[nH]2)C(=O)O)C(C)C)NC(=O)CNC(=O)C(CC(C)C)NC(=O)CNC(=O)C(CO)NC(=O)C(CO)NC(=O)C(CO)NC(=O)C(CO)NC1=O,Natrecor,ADReCS: Respiratory disorders NEC,91976508,ADReCS_only,natrecor
CCCc1c2oc(C(=O)[O-])cc(=O)c2cc2c(=O)cc(C(=O)[O-])n(CC)c12,Nedocromil sodium,ADReCS: Asthma; Bronchitis,50295,ADReCS_only,nedocromil
CCc1nn(CCCN2CCN(c3cccc(Cl)c3)CC2)c(=O)n1CCOc1ccccc1,Nefazodone,ADReCS: Asthma,4449,ADReCS_only,nefazodone
COc1nc(N)nc2c1ncn2C1OC(CO)C(O)C1O,Nelarabine,ADReCS: Bronchial disorders (excl neoplasms),3011155,ADReCS_only,nelarabine
NC(=O)Cc1cccc(C(=O)c2ccccc2)c1N,Nepafenac,ADReCS: Respiratory tract infections,151075,ADReCS_only,nepafenac
CCOc1cc2ncc(C#N)c(Nc3ccc(OCc4ccccn4)c(Cl)c3)c2cc1NC(=O)C=CCN(C)C,Neratinib,ADReCS: Thoracic disorders (excl lung and pleura),9915743,ADReCS_only,neratinib
O=C([O-])c1cccnc1,Nicotinate,ADReCS: Bronchitis,937,ADReCS_only,nicotinate
COC(=O)C1=C(C)N=C(C)C(C(=O)OCC(C)C)C1c1ccccc1[N+](=O)[O-],Nisoldipine,ADReCS: Asthma,4499,ADReCS_only,nisoldipine
CC(=O)Oc1ccccc1C(=O)Nc1ncc([N+](=O)[O-])s1,Nitazoxanide,ADReCS: Respiratory tract infections,41684,ADReCS_only,nitazoxanide
O=C1CCCC(=O)C1C(=O)c1ccc(C(F)(F)F)cc1[N+](=O)[O-],Nitisinone,ADReCS: Bronchitis,115355,ADReCS_only,nitisinone
CN=C(C[N+](=O)[O-])NCCSCc1csc(CN(C)C)n1,Nizatidine,ADReCS: Bronchial disorders (excl neoplasms),3033637,ADReCS_only,nizatidine
NCC(O)c1ccc(O)c(O)c1,Norepinephrine,ADReCS: Lower respiratory tract disorders (excl obstruction and infection),439260,ADReCS_only,norepinephrine
C#CC1(OC(C)=O)CCC2C3CC=C4CC(=O)CCC4C3CCC21C,Norethindrone acetate,ADReCS: Asthma; Respiratory signs and symptoms NEC,5832,ADReCS_only,norethindrone
CCn1cc(C(=O)O)c(=O)c2cc(F)c(N3CCNCC3)cc21,Norfloxacin,ADReCS: Respiratory signs and symptoms NEC,4539,ADReCS_only,norfloxacin
CNCCC=C1c2ccccc2CCc2ccccc21,Nortriptyline,ADReCS: Respiratory disorders NEC,4543,ADReCS_only,nortriptyline
CC1C=CC=CCCC=CC=CC=CC=CC(OC2OC(C)C(O)C(N)C2O)CC2OC(O)(CC(O)C(O)CCC(O)CC(O)CC(O)CC(=O)OC(C)C(C)C1O)CC(O)C2C(=O)O,Nystatin,ADReCS: Bronchial disorders (excl neoplasms),11286230,ADReCS_only,nystatin
CCC1C(O)C2C3CCC(C(C)CCC(=O)O)C3(C)CCC2C2(C)CCC(O)CC12,Obeticholic acid,ADReCS: Acute respiratory failure,447715,ADReCS_only,obeticholic acid
CCCc1nc(C(C)(C)O)c(C(=O)OCc2oc(=O)oc2C)n1Cc1ccc(-c2ccccc2-c2nn[nH]n2)cc1,Olmesartan medoxomil,ADReCS: Bronchitis,130881,ADReCS_only,olmesartan medoxomil
COc1ccc(CC(C)(C)NCC(O)c2cc(O)cc3c2OCC(=O)N3)cc1,Olodaterol,ADReCS: Bronchial disorders (excl neoplasms),11504295,ADReCS_only,olodaterol
CN(C)CCC=C1c2ccccc2COc2ccc(CC(=O)O)cc21,Olopatadine,ADReCS: Respiratory tract infections; Thoracic disorders (excl lung and pleura),5281071,ADReCS_only,olopatadine
COC(=O)CC(O)(CCCC(C)(C)O)C(=O)OC1C(OC)=CC23CCCN2CCc2cc4c(cc2C13)OCO4,Omacetaxine mepesuccinate,ADReCS: Thoracic disorders (excl lung and pleura),285033,ADReCS_only,omacetaxine mepesuccinate
Cc1nccn1CC1CCc2c(c3ccccc3n2C)C1=O,Ondansetron,ADReCS: Acute respiratory failure; Bronchial disorders (excl neoplasms),4595,ADReCS_only,ondansetron
Cc1c(Cl)c(C)[n+]([O-])c(Cl)c1-c1noc(-c2cc(O)c(O)c([N+](=O)[O-])c2)n1,Opicapone,"ADReCS: Respiratory, thoracic and mediastinal disorders",135565903,ADReCS_only,opicapone
CC(C)NCC(O)c1cc(O)cc(O)c1,Orciprenaline,ADReCS: Asthma,4086,ADReCS_only,orciprenaline
CNC(CC(C)C)C(=O)NC1C(=O)NC(CC(N)=O)C(=O)NC2C(=O)NC3C(=O)NC(C(=O)NC(C(=O)O)c4cc(O)cc(O)c4-c4cc3ccc4O)C(OC3CC(C)(N)C(O)C(C)O3)c3ccc(c(Cl)c3)Oc3cc2cc(c3OC2OC(CO)C(O)C(O)C2OC2CC(C)(NCc3ccc(-c4ccc(Cl)cc4)cc3)C(O)C(C)O2)Oc2ccc(cc2Cl)C1O,Oritavancin,ADReCS: Bronchial disorders (excl neoplasms),16136912,ADReCS_only,oritavancin
CCCCCCCCCCCC(CC1OC(=O)C1CCCCCC)OC(=O)C(CC(C)C)NC=O,Orlistat,ADReCS: Asthma,3034010,ADReCS_only,orlistat
CCOC(=O)C1=CC(OC(CC)CC)C(NC(C)=O)C(N)C1,Oseltamivir,ADReCS: Asthma,65028,ADReCS_only,oseltamivir
CCC(CC)OC1C=C(C(=O)O)CC(N)C1NC(C)=O,Oseltamivir acid,ADReCS: Acute respiratory distress syndrome,449381,ADReCS_only,oseltamivir acid
OCCOc1ccc(C(=C(CCCl)c2ccccc2)c2ccccc2)cc1,Ospemifene,ADReCS: Pulmonary embolism,3036505,ADReCS_only,ospemifene
Cc1onc(-c2ccccc2)c1C(=O)NC1C(=O)N2C1SC(C)(C)C2C(=O)O,Oxacillin,ADReCS: Bronchial disorders (excl neoplasms),6196,ADReCS_only,oxacillin
CC12COC(=O)CC1CCC1C2CCC2(C)C1CCC2(C)O,Oxandrolone,ADReCS: Bronchial disorders (excl neoplasms),5878,ADReCS_only,oxandrolone
O=C1N=C(c2ccccc2)c2cc(Cl)ccc2NC1O,Oxazepam,ADReCS: Respiratory acidoses,4616,ADReCS_only,oxazepam
NC(=O)N1c2ccccc2CC(=O)c2ccccc21,Oxcarbazepine,ADReCS: Asthma,34312,ADReCS_only,oxcarbazepine
O=P(O)(O)C(O)P(=O)(O)O,Oxidronic acid,ADReCS: Respiratory signs and symptoms NEC,27304,ADReCS_only,oxidronic acid
CCN(CC)CC#CCOC(=O)C(O)(c1ccccc1)C1CCCCC1,Oxybutynin,ADReCS: Asthma,4634,ADReCS_only,oxybutynin
CC12CC(C=O)C(=O)CC1CCC1C2CCC2(C)C1CCC2(C)O,Oxymetholone,"ADReCS: Respiratory, thoracic and mediastinal disorders",5281034,ADReCS_only,oxymetholone
CN(C)C1C(=O)C(C(N)=O)C(=O)C2(O)C(=O)C3C(=O)c4c(O)cccc4C(C)(O)C3C(O)C12,Oxytetracycline,"ADReCS: Respiratory, thoracic and mediastinal disorders",54675779,ADReCS_only,oxytetracycline
CC(C)Oc1ccc(-c2nc(-c3cccc4c3CCC4NCCO)no2)cc1C#N,Ozanimod,ADReCS: Asthma,52938427,ADReCS_only,ozanimod
C1=CCOCc2cc(ccc2OCCN2CCCC2)Nc2nccc(n2)-c2cccc(c2)COC1,Pacritinib,"ADReCS: Respiratory, thoracic and mediastinal disorders",46216796,ADReCS_only,pacritinib
CCCCCCCCCCCCCCCC(=O)OC1CCCn2c1nc(C)c(CCN1CCC(c3noc4cc(F)ccc34)CC1)c2=O,Paliperidone palmitate,ADReCS: Respiratory tract infections,9852746,ADReCS_only,paliperidone palmitate
O=C1c2cccc3c2C(CCC3)CN1C1CN2CCC1CC2,Palonosetron,ADReCS: Lower respiratory tract signs and symptoms; Thoracic disorders (excl lung and pleura),6337614,ADReCS_only,palonosetron
NCCC(O)(P(=O)([O-])O)P(=O)([O-])O,Pamidronate disodium,ADReCS: Respiratory tract infections,73351,ADReCS_only,pamidronate disodium
COc1ccnc(C[S+]([O-])c2nc3cc(OC(F)F)ccc3[nH]2)c1OC,Pantoprazole,ADReCS: Asthma; Respiratory tract infections,4679,ADReCS_only,pantoprazole
CCC(=O)NS(=O)(=O)c1ccc(-c2c(-c3ccccc3)noc2C)cc1,Parecoxib,ADReCS: Bronchial disorders (excl neoplasms),119828,ADReCS_only,parecoxib
CC(C=CC(C)C(C)(C)O)C1CCC2C(=CC=C3CC(O)CC(O)C3)CCCC21C,Paricalcitol,ADReCS: Acute pulmonary oedema,5281104,ADReCS_only,paricalcitol
c1ccc(C2CCNCC2COc2ccc3c(c2)OCO3)cc1,Paroxetine impurity a,ADReCS: Asthma,3038120,ADReCS_only,paroxetine impurity a
NCCCCC1NC(=O)C(Cc2c[nH]c3ccccc23)NC(=O)C(c2ccccc2)NC(=O)C2CC(OC(=O)NCCN)CN2C(=O)C(Cc2ccccc2)NC(=O)C(Cc2ccc(OCc3ccccc3)cc2)NC1=O,Pasireotide,ADReCS: Respiratory tract infections,9941444,ADReCS_only,pasireotide
COCCOC(=O)NCCCCC(NC(=O)OCCOC)C(=O)NCCCCCCCOP(C)(=O)O,Pegaptanib,ADReCS: Bronchitis,56603655,ADReCS_only,pegaptanib
C=C(CN(C)C)C(=O)c1ccc(C)cc1C,Pegaspargase,ADReCS: Bronchial disorders (excl neoplasms),436058,ADReCS_only,pegaspargase
Nc1nc(=O)c2c(CCc3ccc(C(=O)NC(CCC(=O)[O-])C(=O)[O-])cc3)c[nH]c2[nH]1,Pemetrexed disodium,ADReCS: Interstitial lung disease,135413520,ADReCS_only,pemetrexed disodium
Cc1cccn2c(=O)c(-c3nn[nH]n3)cnc12,Pemirolast,ADReCS: Bronchitis,57697,ADReCS_only,pemirolast
CC(C)(C)NCC(O)COc1ccccc1C1CCCC1,Penbutolol,ADReCS: Respiratory tract infections,37464,ADReCS_only,penbutolol
Nc1nc(=O)c2ncn(CCC(CO)CO)c2[nH]1,Penciclovir,"ADReCS: Respiratory, thoracic and mediastinal disorders",135398748,ADReCS_only,penciclovir
CC1(C)SC2C(NC(=O)COc3ccccc3)C(=O)N2C1C(=O)O,Penicillin v,"ADReCS: Respiratory signs and symptoms NEC; Respiratory, thoracic and mediastinal disorders",6869,ADReCS_only,penicillin v
O=C([O-])CN(CCN(CC(=O)[O-])CC(=O)[O-])CCN(CC(=O)[O-])CC(=O)[O-],Pentetate calcium trisodium,ADReCS: Bronchial disorders (excl neoplasms),25513,ADReCS_only,pentetate trisodium
O=C(O)CN(CCN(CC(=O)O)CC(=O)O)CCN(CC(=O)O)CC(=O)O,Pentetic acid,ADReCS: Bronchial disorders (excl neoplasms),3053,ADReCS_only,pentetic acid
O=S(=O)(O)OC1C(O)COC(OC2COC(O)C(OS(=O)(=O)O)C2OS(=O)(=O)O)C1OS(=O)(=O)O,Pentosan polysulfate,ADReCS: Respiratory tract infections,37720,ADReCS_only,pentosan polysulfate
OCC1OC(n2cnc3c2N=CNCC3O)CC1O,Pentostatin,ADReCS: Asthma,439693,ADReCS_only,pentostatin
FC(F)(F)C(F)(F)C(F)(F)F,Perflutren,ADReCS: Bronchial disorders (excl neoplasms),6432,ADReCS_only,perflutren
N#Cc1ccc2c(c1)N(CCCN1CCC(O)CC1)c1ccccc1S2,Periciazine,ADReCS: Asthma,4747,ADReCS_only,periciazine
CCCC(NC(C)C(=O)N1C(C(=O)O)CC2CCCCC21)C(=O)O,Perindoprilat,ADReCS: Lower respiratory tract disorders (excl obstruction and infection),72022,ADReCS_only,perindoprilat
OCCN1CCN(CCCN2c3ccccc3Sc3ccc(Cl)cc32)CC1,Perphenazine,ADReCS: Asthma,4748,ADReCS_only,perphenazine
FC(F)(F)c1ccc(CNc2ccc(Cc3c[nH]c4ncc(Cl)cc34)cn2)cn1,Pexidartinib,ADReCS: Bronchial disorders (excl neoplasms),25151352,ADReCS_only,pexidartinib
NNCCc1ccccc1,Phenelzine,ADReCS: Respiratory depression; Respiratory signs and symptoms NEC,3675,ADReCS_only,phenelzine
CC(COc1ccccc1)N(CCCl)Cc1ccccc1,Phenoxybenzamine,"ADReCS: Respiratory, thoracic and mediastinal disorders",4768,ADReCS_only,phenoxybenzamine
Cc1ccc(N(CC2=NCCN2)c2cccc(O)c2)cc1,Phentolamine,"ADReCS: Respiratory, thoracic and mediastinal disorders; Thoracic disorders (excl lung and pleura)",5775,ADReCS_only,phentolamine
O=C1NC(=O)C(c2ccccc2)(c2ccccc2)N1,Phenytoin,ADReCS: Acute respiratory failure; Respiratory disorders NEC,1775,ADReCS_only,phenytoin
O=C([O-])P(=O)([O-])[O-],Phosphonatoformate,ADReCS: Bronchial disorders (excl neoplasms),3414,ADReCS_only,phosphonatoformate
CC(C)COc1ccc(CNC(=O)N(Cc2ccc(F)cc2)C2CCN(C)CC2)cc1,Pimavanserin,ADReCS: Bronchial disorders (excl neoplasms),10071196,ADReCS_only,pimavanserin
CCC1=CC(C)CC(C)CC(OC)C2OC(O)(C(=O)C(=O)N3CCCCC3C(=O)OC(C(C)=CC3CCC(Cl)C(OC)C3)C(C)C(O)CC1=O)C(C)CC2OC,Pimecrolimus,ADReCS: Asthma,6447131,ADReCS_only,pimecrolimus
O=c1[nH]c2ccccc2n1C1CCN(CCCC(c2ccc(F)cc2)c2ccc(F)cc2)CC1,Pimozide,ADReCS: Respiratory signs and symptoms NEC,16362,ADReCS_only,pimozide
COc1cc(Br)c(C[N+]2(CCOCCC3CCC4CC3C4(C)C)CCOCC2)cc1OC,Pinaverium bromide,"ADReCS: Respiratory, thoracic and mediastinal disorders",40703,ADReCS_only,pinaverium bromide
CC(C)(C)NCC(O)c1ccc(O)c(CO)n1,Pirbuterol,ADReCS: Bronchial disorders (excl neoplasms),4845,ADReCS_only,pirbuterol
NCCNc1ccc(NCCN)c2c1C(=O)c1ccncc1C2=O,Pixantrone,ADReCS: Bronchitis,134019,ADReCS_only,pixantrone
c1cc(CN2CCCNCCNCCCNCC2)ccc1CN1CCCNCCNCCCNCC1,Plerixafor,ADReCS: Respiratory signs and symptoms NEC,65015,ADReCS_only,plerixafor
CCCCCCCCCCCCOCCOCCOCCOCCOCCOCCOCCOCCOCCO,Polidocanol,ADReCS: Asthma,656641,ADReCS_only,polidocanol
CCC(C)CCCCC(=O)NC(CCN)C(=O)NC(C(=O)NC(CCN)C(=O)NC1CCNC(=O)C(C(C)O)NC(=O)C(CCN)NC(=O)C(CCN)NC(=O)C(CC(C)C)NC(=O)C(Cc2ccccc2)NC(=O)C(CCN)NC1=O)C(C)O,Polymyxin b,ADReCS: Respiratory disorders NEC,49800004,ADReCS_only,polymyxin b
C=Cc1ccc(S(=O)(=O)O)cc1,Sodium polystyrene sulfonate,ADReCS: Bronchitis,75905,ADReCS_only,polystyrene sulfonate
CC1=C(C(C)O)c2cc3nc(cc4[nH]c(cc5[nH]c(cc1n2)c(C)c5CCC(=O)O)c(CCC(=O)O)c4C)C(C(C)OC(C)C1=C(C)c2cc4[nH]c(cc5[nH]c(cc6nc(cc1n2)C(C)=C6C(C)O)c(C)c5CCC(=O)O)c(CCC(=O)O)c4C)=C3C,Porfimer,ADReCS: Bronchial conditions NEC,135577896,ADReCS_only,porfimer
CCC(C(C)O)n1ncn(-c2ccc(N3CCN(c4ccc(OCC5COC(Cn6cncn6)(c6ccc(F)cc6F)C5)cc4)CC3)cc2)c1=O,Posaconazole,ADReCS: Acute respiratory distress syndrome,468595,ADReCS_only,posaconazole
C#CCC(Cc1cnc2nc(N)nc(N)c2n1)c1ccc(C(=O)NC(CCC(=O)O)C(=O)O)cc1,Pralatrexate,ADReCS: Cardio-respiratory arrest,148121,ADReCS_only,pralatrexate
CCC(C)C(NC(=O)C1CCCN1C(=O)CNC(=O)C(Cc1ccccc1)NC(=O)C(CC(N)=O)NC(=O)C(CC(N)=O)NC(=O)C(CO)NC(=O)C(CO)NC(=O)C(Cc1c[nH]cn1)NC(=O)C(NC(=O)C(CC(C)C)NC(=O)C(Cc1ccccc1)NC(=O)C(CC(N)=O)NC(=O)C(C)NC(=O)C(CC(C)C)NC(=O)C(CCCN=C(N)N)NC(=O)C(CCC(N)=O)NC(=O)C(NC(=O)C(C)NC(=O)C1CSSCC(NC(=O)C(N)CCCCN)C(=O)NC(CC(N)=O)C(=O)NC(C(C)O)C(=O)NC(C)C(=O)NC(C(C)O)C(=O)N1)C(C)O)C(C)C)C(=O)NC(CC(C)C)C(=O)N1CCCC1C(=O)N1CCCC1C(=O)NC(C(=O)NC(CC(N)=O)C(=O)NC(C(=O)NCC(=O)NC(CO)C(=O)NC(CC(N)=O)C(=O)NC(C(=O)NC(Cc1ccc(O)cc1)C(N)=O)C(C)O)C(C)C)C(C)O,Pramlintide,ADReCS: Respiratory tract infections,70691388,ADReCS_only,pramlintide
CC12CCC3C(CC=C4CC(O)CCC43C)C1CCC2=O,Prasterone,ADReCS: Respiratory disorders NEC,5881,ADReCS_only,prasterone
CC12C=CC(=O)C=C1CCC1C2C(O)CC2(C)C1CCC2(O)C(=O)CO,Prednisolone,"ADReCS: Acute respiratory distress syndrome; Lower respiratory tract disorders (excl obstruction and infection); Respiratory, thoracic and mediastinal disorders",5755,ADReCS_only,prednisolone
CCN(CC)CCOC(=O)c1ccc(N)cc1,Procaine,ADReCS: Respiratory arrest; Respiratory disorder,4914,ADReCS_only,procaine
CN1CCN(CCCN2c3ccccc3Sc3ccc(Cl)cc32)CC1,Prochlorperazine,ADReCS: Asthma,4917,ADReCS_only,prochlorperazine
CC(CN1c2ccccc2Sc2ccccc21)N(C)C,Promethazine,ADReCS: Asthma,4927,ADReCS_only,promethazine
O=C(O)C[CH2][Ge](=[O])[O][Ge](=[O])[CH2]CC(=O)O,Propagermanium,ADReCS: Acute respiratory distress syndrome,83030,ADReCS_only,propagermanium
CC(C)[N+](C)(CCOC(=O)C1c2ccccc2Oc2ccccc21)C(C)C,Propantheline,ADReCS: Respiratory signs and symptoms NEC,4934,ADReCS_only,propantheline
CCCOc1ccc(C(=O)OCCN(CC)CC)cc1N,Proparacaine,ADReCS: Respiratory signs and symptoms NEC,4935,ADReCS_only,proparacaine
CCCc1cc(=O)[nH]c(=S)[nH]1,Propylthiouracil,ADReCS: Acute respiratory distress syndrome,657298,ADReCS_only,propylthiouracil
COCCCN1CCC(NC(=O)c2cc(Cl)c(N)c3c2OCC3)CC1,Prucalopride,ADReCS: Thoracic disorders (excl lung and pleura),3052762,ADReCS_only,prucalopride
CC(NC(CCc1ccccc1)C(=O)O)C(=O)N1Cc2ccccc2CC1C(=O)O,Quinaprilat,ADReCS: Lower respiratory tract disorders (excl obstruction and infection),107994,ADReCS_only,quinaprilat
COCCCOc1ccnc(C[S+]([O-])c2nc3ccccc3[nH]2)c1C,Rabeprazole,ADReCS: Asthma; Interstitial lung disease,5029,ADReCS_only,rabeprazole
CCC(=O)NCCC1CCc2ccc3c(c21)CCO3,Ramelteon,ADReCS: Interstitial lung disease,208902,ADReCS_only,ramelteon
CC(NC(CCc1ccccc1)C(=O)O)C(=O)N1C(C(=O)O)CC2CCCC21,Ramiprilat,ADReCS: Lower respiratory tract disorders (excl obstruction and infection),5464096,ADReCS_only,ramiprilat
CCOc1ccccc1OC(c1ccccc1)C1CNCCO1,Reboxetine,ADReCS: Bronchitis,127151,ADReCS_only,reboxetine
CNC(=O)c1cnn(-c2nc(N)c3ncn(C4OC(CO)C(O)C4O)c3n2)c1,Regadenoson,ADReCS: Acute pulmonary oedema,219024,ADReCS_only,regadenoson
CONC(=O)Nc1ccc(-c2sc3c(c2CN(C)C)c(=O)n(-c2ccc(OC)nn2)c(=O)n3Cc2c(F)cccc2F)cc1,Relugolix,ADReCS: Respiratory signs and symptoms NEC,10348973,ADReCS_only,relugolix
CCOc1cc(CC(=O)NC(CC(C)C)c2ccccc2N2CCCCC2)ccc1C(=O)O,Repaglinide,ADReCS: Bronchitis,65981,ADReCS_only,repaglinide
COC(=O)C1C2CC3c4[nH]c5cc(OC)ccc5c4CCN3CC2CC(OC(=O)C=Cc2cc(OC)c(OC)c(OC)c2)C1OC,Rescinnamine,ADReCS: Bronchitis,5280954,ADReCS_only,rescinnamine
COC(=O)C1C2CC3c4[nH]c5cc(OC)ccc5c4CCN3CC2CC(OC(=O)c2cc(OC)c(OC)c(OC)c2)C1OC,Reserpine,ADReCS: Respiratory disorders NEC,5770,ADReCS_only,reserpine
C=CC1(C)CC(OC(=O)CSC2CC3CCC(C2)N3C)C2(C)C(C)CCC3(CCC(=O)C32)C(C)C1O,Retapamulin,ADReCS: Respiratory tract infections,6918462,ADReCS_only,retapamulin
CN(CCN1CCC(OC(=O)Nc2ccccc2-c2ccccc2)CC1)C(=O)c1ccc(CN2CCC(C(N)=O)CC2)cc1,Revefenacin,ADReCS: Respiratory signs and symptoms NEC,11753673,ADReCS_only,revefenacin
COC1C=COC2(C)Oc3c(C)c(O)c4c(O)c(c5c(c4c3C2=O)=NC2(CCN(CC(C)C)CC2)N=5)NC(=O)C(C)=CC=CC(C)C(O)C(C)C(O)C(C)C(OC(C)=O)C1C,Rifabutin,ADReCS: Bronchial disorders (excl neoplasms),135398743,ADReCS_only,rifabutin
COC1C=COC2(C)Oc3c(C)c(O)c4c(O)c(c(C=NN5CCN(C6CCCC6)CC5)c(O)c4c3C2=O)NC(=O)C(C)=CC=CC(C)C(O)C(C)C(O)C(C)C(OC(C)=O)C1C,Rifapentine,ADReCS: Asthma,135403821,ADReCS_only,rifapentine
COC1C=COC2(C)Oc3c(C)c(O)c4c(O)c(c5c(nc6cc(C)ccn65)c4c3C2=O)NC(=O)C(C)=CC=CC(C)C(O)C(C)C(O)C(C)C(OC(C)=O)C1C,Rifaximin,ADReCS: Thoracic disorders (excl lung and pleura),6436173,ADReCS_only,rifaximin
Cc1cc(C=CC#N)cc(C)c1Nc1ccnc(Nc2ccc(C#N)cc2)n1,Rilpivirine,ADReCS: Cardio-respiratory arrest,6451164,ADReCS_only,rilpivirine
CC(N)C12CC3CC(CC(C3)C1)C2,Rimantadine,ADReCS: Bronchial disorders (excl neoplasms),5071,ADReCS_only,rimantadine
CCC(=O)C1(C)C(C)CC2C3CC=C4CC(=O)C=CC4(C)C3C(O)CC21C,Rimexolone,ADReCS: Respiratory tract infections,5311412,ADReCS_only,rimexolone
COC(=O)N(C)c1c(N)nc(-c2nn(Cc3ccccc3F)c3ncccc23)nc1N,Riociguat,ADReCS: Acute respiratory failure,11304743,ADReCS_only,riociguat
CCn1c(=O)c(-c2cc(NC(=O)Nc3ccccc3)c(F)cc2Br)cc2cnc(NC)cc21,Ripretinib,ADReCS: Bronchial disorders (excl neoplasms),71584930,ADReCS_only,ripretinib
Cc1cn2nc(-c3cc(=O)n4cc(N5CCNC6(CC6)C5)ccc4n3)cc(C)c2n1,Risdiplam,ADReCS: Lower respiratory tract disorders (excl obstruction and infection),118513932,ADReCS_only,risdiplam
O=P(O)(O)C(O)(Cc1cccnc1)P(=O)(O)O,Risedronic acid,ADReCS: Asthma,5245,ADReCS_only,risedronic acid
CN(C)CCc1c[nH]c2ccc(Cn3cncn3)cc12,Rizatriptan,ADReCS: Bronchial disorders (excl neoplasms),5078,ADReCS_only,rizatriptan
O=C(Nc1c(Cl)cncc1Cl)c1ccc(OC(F)F)c(OCC2CC2)c1,Roflumilast,ADReCS: Asthma,449193,ADReCS_only,roflumilast
CC(OCC1(c2ccccc2)CCC2(CCC(=O)N2)CN1)c1cc(C(F)(F)F)cc(C(F)(F)F)c1,Rolapitant,ADReCS: Lower respiratory tract signs and symptoms,10311306,ADReCS_only,rolapitant
CN(C)C1C(=O)C(C(=O)NCN2CCCC2)C(=O)C2(O)C(=O)C3C(=O)c4c(O)cccc4C(C)(O)C3CC12,Rolitetracycline,ADReCS: Respiratory disorders NEC,54682938,ADReCS_only,rolitetracycline
CCCN(CCc1cccs1)C1CCc2c(O)cccc2C1,Rotigotine,ADReCS: Cardio-respiratory arrest; Thoracic disorders (excl lung and pleura),59227,ADReCS_only,rotigotine
CNCc1ccc(-c2[nH]c3cc(F)cc4c3c2CCNC4=O)cc1,Rucaparib,ADReCS: Thoracic disorders (excl lung and pleura),9931954,ADReCS_only,rucaparib
NC(=O)c1cn(Cc2c(F)cccc2F)nn1,Rufinamide,ADReCS: Bronchitis,129228,ADReCS_only,rufinamide
Cc1cncc(CN2CCC(=C3c4ccc(Cl)cc4CCc4cccnc43)CC2)c1,Rupatadine,ADReCS: Bronchial disorders (excl neoplasms),133017,ADReCS_only,rupatadine
O=C(O)c1ccccc1O,Salicylic acid,ADReCS: Asthma,338,ADReCS_only,salicylic acid
OCc1cc(C(O)CNCCCCCCOCCCCc2ccccc2)ccc1O,Salmeterol,ADReCS: Asthma,5152,ADReCS_only,salmeterol
O=C(Oc1ccccc1C(=O)O)c1ccccc1O,Salsalate,ADReCS: Bronchial disorders (excl neoplasms),5161,ADReCS_only,salsalate
C=CCC1(C(C)CCC)C(=O)NC(=O)NC1=O,Secobarbital,ADReCS: Respiratory acidoses; Respiratory disorders NEC,5193,ADReCS_only,secobarbital
CC(C)CC(NC(=O)CNC(=O)C(CCC(N)=O)NC(=O)C(CC(C)C)NC(=O)C(CC(C)C)NC(=O)C(CCCN=C(N)N)NC(=O)C(CCC(N)=O)NC(=O)C(CC(C)C)NC(=O)C(CCCNC(=N)N)NC(=O)C(C)NC(=O)C(CO)NC(=O)C(CC(=O)O)NC(=O)C(CCCNC(=N)N)NC(=O)C(CC(C)C)NC(=O)C(CCCNC(=N)N)NC(=O)C(CO)NC(=O)C(CC(C)C)NC(=O)C(CCC(=O)O)NC(=O)C(CO)NC(=O)C(NC(=O)C(Cc1ccccc1)NC(=O)C(NC(=O)CNC(=O)C(CC(=O)O)NC(=O)C(CO)NC(=O)C(N)Cc1ncc[nH]1)C(C)O)C(C)O)C(=O)NC(C(=O)O)C(C)C,Secretin,ADReCS: Respiratory distress,16129665,ADReCS_only,secretin
C#CCN(C)C(C)Cc1ccccc1,Selegiline,ADReCS: Asthma,26757,ADReCS_only,selegiline
CC(C)N(CCCCOCC(=O)NS(C)(=O)=O)c1cnc(-c2ccccc2)c(-c2ccccc2)n1,Selexipag,ADReCS: Acute pulmonary oedema,9913767,ADReCS_only,selexipag
O=C(C=Cn1cnc(-c2cc(C(F)(F)F)cc(C(F)(F)F)c2)n1)NNc1cnccn1,Selinexor,ADReCS: Pleural disorders,71481097,ADReCS_only,selinexor
C=c1cc(C)[nH]c1=Cc1c(O)[nH]c2ccccc12,Semaxanib,ADReCS: Thoracic disorders (excl lung and pleura),5329098,ADReCS_only,semaxanib
CC(Cc1cc2c(c(C(N)=O)c1)N(CCCO)CC2)NCCOc1ccccc1OCC(F)(F)F,Silodosin,ADReCS: Thoracic disorders (excl lung and pleura),5312125,ADReCS_only,silodosin
CSCCC(NC(=O)C(Cc1ccc(OS(=O)(=O)O)cc1)NC(=O)C(N)CC(=O)O)C(=O)NCC(=O)NC(Cc1c[nH]c2ccccc12)C(=O)NC(CCSC)C(=O)NC(CC(=O)O)C(=O)NC(Cc1ccccc1)C(N)=O,Sincalide,ADReCS: Respiratory disorders NEC,9833444,ADReCS_only,sincalide
CCc1cc(C(C)=NOCc2ccc(C3CCCCC3)c(C(F)(F)F)c2)ccc1CN1CC(C(=O)O)C1,Siponimod,ADReCS: Acute respiratory distress syndrome,44599207,ADReCS_only,siponimod
Cc1cc2c(cc1CC(=O)c1sccc1S(=O)(=O)Nc1onc(C)c1Cl)OCO2,Sitaxentan,ADReCS: Asthma,216235,ADReCS_only,sitaxentan
O=C(OC1CN2CCC1CC2)N1CCc2ccccc2C1c1ccccc1,Solifenacin,ADReCS: Acute pulmonary oedema,154059,ADReCS_only,solifenacin
NC(=O)OCC(N)Cc1ccccc1,Solriamfetol,ADReCS: Respiratory signs and symptoms NEC,10130337,ADReCS_only,solriamfetol
Cc1c(C(=O)Nc2ccc(N3CC(C)OC(C)C3)nc2)cccc1-c1ccc(OC(F)(F)F)cc1,Sonidegib,ADReCS: Respiratory disorders NEC,24775005,ADReCS_only,sonidegib
CC1CN(c2c(F)c(N)c3c(=O)c(C(=O)O)cn(C4CC4)c3c2F)CC(C)N1,Sparfloxacin,ADReCS: Asthma,60464,ADReCS_only,sparfloxacin
Cc1cn(C2C=CC(CO)O2)c(=O)[nH]c1=O,Stavudine,ADReCS: Bronchitis,18283,ADReCS_only,stavudine
C=Cc1ccccc1S(=O)(=O)O,Styrenesulfonic acid,ADReCS: Bronchitis,168625,ADReCS_only,styrenesulfonic acid
O=C(O)C(S)C(S)C(=O)O,Succimer,ADReCS: Thoracic disorders (excl lung and pleura),2724354,ADReCS_only,succimer
C[N+](C)(C)CCOC(=O)CCC(=O)OCC[N+](C)(C)C,Succinylcholine chloride,ADReCS: Respiratory depression,22475,ADReCS_only,succinylcholine chloride
Cc1cc(NS(=O)(=O)c2ccc(N)cc2)no1,Sulfamethoxazole,ADReCS: Lower respiratory tract disorders (excl obstruction and infection),5329,ADReCS_only,sulfamethoxazole
Cc1noc(NS(=O)(=O)c2ccc(N)cc2)c1C,Sulfisoxazole,"ADReCS: Respiratory, thoracic and mediastinal disorders",5344,ADReCS_only,sulfisoxazole
Cc1ccc(-n2nccn2)c(C(=O)N2CCN(c3nc4cc(Cl)ccc4o3)CCC2C)c1,Suvorexant,ADReCS: Thoracic disorders (excl lung and pleura),24965990,ADReCS_only,suvorexant
O=C(O)c1ccc2nc(-c3cc(Cl)cc(Cl)c3)oc2c1,Tafamidis,ADReCS: Cardio-respiratory arrest,11001318,ADReCS_only,tafamidis
CC(C)OC(=O)CCCC=CCC1C(O)CC(O)C1C=CC(F)(F)COc1ccccc1,Tafluprost,ADReCS: Asthma,9868491,ADReCS_only,tafluprost
Cn1ncnc1C1c2n[nH]c(=O)c3cc(F)cc(c23)NC1c1ccc(F)cc1,Talazoparib,ADReCS: Respiratory signs and symptoms NEC,135565082,ADReCS_only,talazoparib
CCC(=O)NCC1CC1c1cccc2c1CCO2,Tasimelteon,ADReCS: Asthma,10220503,ADReCS_only,tasimelteon
[CH-]=NCC(C)(C)OC.[CH-]=NCC(C)(C)OC.[CH-]=NCC(C)(C)OC.[CH-]=NCC(C)(C)OC.[CH-]=NCC(C)(C)OC.[CH-]=NCC(C)(C)OC.[Tc+6],Technetium tc-99m sestamibi,ADReCS: Respiratory signs and symptoms NEC,5384,ADReCS_only,technetium tc-99m sestamibi
Cn1nnc(-c2ccc(-c3ccc(N4CC(COP(=O)(O)O)OC4=O)cc3F)cn2)n1,Tedizolid phosphate,ADReCS: Respiratory disorders NEC,11476460,ADReCS_only,tedizolid
CCC(C)C(NC(=O)C(Cc1ccccc1)NC(=O)C(CC(=O)O)NC(=O)C(CCCN=C(N)N)NC(=O)C(C)NC(=O)C(C)NC(=O)C(CC(C)C)NC(=O)C(CC(N)=O)NC(=O)C(CC(=O)O)NC(=O)C(CC(C)C)NC(=O)C(NC(=O)C(NC(=O)C(CC(N)=O)NC(=O)C(CCSC)NC(=O)C(CCC(=O)O)NC(=O)C(CC(=O)O)NC(=O)C(CO)NC(=O)C(Cc1ccccc1)NC(=O)C(CO)NC(=O)CNC(=O)C(CC(=O)O)NC(=O)CNC(=O)C(N)Cc1cnc[nH]1)C(C)O)C(C)CC)C(=O)NC(CC(N)=O)C(=O)NC(Cc1c[nH]c2ccccc12)C(=O)NC(CC(C)C)C(=O)NC(C(=O)NC(CCC(N)=O)C(=O)NC(C(=O)NC(CCCCN)C(=O)NC(C(=O)NC(C(=O)NC(CC(=O)O)C(=O)O)C(C)O)C(C)CC)C(C)O)C(C)CC,Teduglutide,ADReCS: Respiratory tract infections,16139605,ADReCS_only,teduglutide
CCC(C)C(NC(=O)C(Cc1ccccc1)NC(=O)C(CC(=O)O)NC(=O)C(CCCN=C(N)N)NC(=O)C(C)NC(=O)C(C)NC(=O)C(CC(C)C)NC(=O)C(CC(N)=O)NC(=O)C(CC(=O)O)NC(=O)C(CC(C)C)NC(=O)C(NC(=O)C(NC(=O)C(CC(N)=O)NC(=O)C(CCSC)NC(=O)C(CCC(=O)O)NC(=O)C(CC(=O)O)NC(=O)C(CO)NC(=O)C(Cc1ccccc1)NC(=O)C(CO)NC(=O)CNC(=O)C(CC(=O)O)NC(=O)CNC(=O)C(N)Cc1c[nH]cn1)C(C)O)C(C)CC)C(=O)NC(CC(N)=O)C(=O)NC(Cc1c[nH]c2ccccc12)C(=O)NC(CC(C)C)C(=O)NC(C(=O)NC(CCC(N)=O)C(=O)NC(C(=O)NC(CCCCN)C(=O)NC(C(=O)NC(C(=O)NC(CC(=O)O)C(=O)O)C(C)O)C(C)CC)C(C)O)C(C)CC,Teduglutide recombinant,ADReCS: Thoracic disorders (excl lung and pleura),70683012,ADReCS_only,teduglutide recombinant
CCCCCCCCCCNCCNC1(C)CC(OC2C(Oc3c4cc5cc3Oc3ccc(cc3Cl)C(O)C3NC(=O)C(NC(=O)C5NC(=O)C(CC(N)=O)NC(=O)C(NC(=O)C(CC(C)C)NC)C(O)c5ccc(c(Cl)c5)O4)c4ccc(O)c(c4)-c4c(cc(O)c(CNCP(=O)(O)O)c4O)C(C(=O)O)NC3=O)OC(CO)C(O)C2O)OC(C)C1O,Telavancin,ADReCS: Thoracic disorders (excl lung and pleura),3081362,ADReCS_only,telavancin
Cc1cn(C2CC(O)C(CO)O2)c(=O)[nH]c1=O,Telbivudine,ADReCS: Bacterial lower respiratory tract infections,159269,ADReCS_only,telbivudine
CCOC(=O)C(N)Cc1ccc(-c2cc(OC(c3ccc(Cl)cc3-n3ccc(C)n3)C(F)(F)F)nc(N)n2)cc1,Telotristat ethyl,ADReCS: Respiratory signs and symptoms NEC,25181577,ADReCS_only,telotristat ethyl
CN1C(=O)C(O)N=C(c2ccccc2)c2cc(Cl)ccc21,Temazepam,ADReCS: Bronchial disorders (excl neoplasms),5391,ADReCS_only,temazepam
Oc1cccc(-c2c3nc(c(-c4cccc(O)c4)c4ccc([nH]4)c(-c4cccc(O)c4)c4ccc([nH]4)c(-c4cccc(O)c4)c4nc2CC4)C=C3)c1,Temoporfin,ADReCS: Bronchial disorders (excl neoplasms),60751,ADReCS_only,temoporfin
CC(C)OC(=O)OCOP(=O)(COC(C)Cn1cnc2c(N)ncnc21)OCOC(=O)OC(C)C,Tenofovir disoproxil,ADReCS: Respiratory tract infections; Thoracic disorders (excl lung and pleura),5481350,ADReCS_only,tenofovir disoproxil
CN1C(C(=O)Nc2ccccn2)C(=O)c2sccc2S1(=O)=O,Tenoxicam,ADReCS: Asthma,54677971,ADReCS_only,tenoxicam
COc1cc2nc(N3CCN(C(=O)C4CCCO4)CC3)nc(N)c2cc1OC,Terazosin,ADReCS: Asthma; Bronchitis,5401,ADReCS_only,terazosin
CN(CC=CC#CC(C)(C)C)Cc1cccc2ccccc12,Terbinafine,"ADReCS: Asthma; Respiratory, thoracic and mediastinal disorders",1549008,ADReCS_only,terbinafine
CC(C)N1CCN(c2ccc(OCC3COC(Cn4cncn4)(c4ccc(Cl)cc4Cl)O3)cc2)CC1,Terconazole,ADReCS: Bronchial disorders (excl neoplasms),441383,ADReCS_only,terconazole
CC(C)(C)c1ccc(C(O)CCCN2CCC(C(O)(c3ccccc3)c3ccccc3)CC2)cc1,Terfenadine,ADReCS: Respiratory signs and symptoms NEC,5405,ADReCS_only,terfenadine
CCC(C)C(NC(=O)C(CCC(=O)O)NC(=O)C(CO)NC(=O)C(NC(=O)C(N)CO)C(C)C)C(=O)NC(CCC(N)=O)C(=O)NC(CC(C)C)C(=O)NC(CCSC)C(=O)NC(Cc1c[nH]cn1)C(=O)NC(CC(N)=O)C(=O)NC(CC(C)C)C(=O)NCC(=O)NC(CCCCN)C(=O)NC(Cc1c[nH]cn1)C(=O)NC(CC(C)C)C(=O)NC(CC(N)=O)C(=O)NC(CO)C(=O)NC(CCSC)C(=O)NC(CCC(=O)O)C(=O)NC(CCCN=C(N)N)C(=O)NC(C(=O)NC(CCC(=O)O)C(=O)NC(Cc1c[nH]c2ccccc12)C(=O)NC(CC(C)C)C(=O)NC(CCCNC(=N)N)C(=O)NC(CCCCN)C(=O)NC(CCCCN)C(=O)NC(CC(C)C)C(=O)NC(CCC(N)=O)C(=O)NC(CC(=O)O)C(=O)NC(C(=O)NC(Cc1c[nH]cn1)C(=O)NC(CC(N)=O)C(=O)NC(Cc1ccccc1)C(=O)O)C(C)C)C(C)C,Teriparatide,ADReCS: Thoracic disorders (excl lung and pleura),16133850,ADReCS_only,teriparatide
CCC=CCC(=O)NC(Cc1ccc(O)cc1)C(=O)NC(C)C(=O)NC(CC(=O)O)C(=O)NC(C)C(=O)NC(C(=O)NC(Cc1ccccc1)C(=O)NC(C(=O)NC(CC(N)=O)C(=O)NC(CO)C(=O)NC(Cc1ccc(O)cc1)C(=O)NC(CCCN=C(N)N)C(=O)NC(CCCCN)C(=O)NC(C(=O)NC(CC(C)C)C(=O)NCC(=O)NC(CCC(N)=O)C(=O)NC(CC(C)C)C(=O)NC(CO)C(=O)NC(C)C(=O)NC(CCCNC(=N)N)C(=O)NC(CCCCN)C(=O)NC(CC(C)C)C(=O)NC(CC(C)C)C(=O)NC(CCC(N)=O)C(=O)NC(CC(=O)O)C(=O)NC(C(=O)NC(CCSC)C(=O)NC(CO)C(=O)NC(CCCNC(=N)N)C(=O)NC(CCC(N)=O)C(=O)NC(CCC(N)=O)C(=O)NCC(=O)NC(CCC(=O)O)C(=O)NC(CO)C(=O)NC(CC(N)=O)C(=O)NC(CCC(N)=O)C(=O)NC(CCC(=O)O)C(=O)NC(CCCNC(=N)N)C(=O)NCC(=O)NC(C)C(=O)NC(CCCNC(=N)N)C(=O)NC(C)C(=O)NC(CCCNC(=N)N)C(=O)NC(CC(C)C)C(N)=O)C(C)CC)C(C)C)C(C)O)C(C)CC,Tesamorelin,ADReCS: Respiratory signs and symptoms NEC,16137828,ADReCS_only,tesamorelin
CCCCCCC(=O)OC1CCC2C3CC=C4CC(=O)CCC4(C)C3CCC12C,Testosterone enanthate,ADReCS: Thoracic disorders (excl lung and pleura),9416,ADReCS_only,testosterone enanthate
C[NH+](C)C1C(=O)C(C(N)=O)=C([O-])C2(O)C(=O)C3=C([O-])c4c(O)cccc4C(C)(O)C3CC12,Tetracycline anion,"ADReCS: Respiratory, thoracic and mediastinal disorders",27885548,ADReCS_only,tetracycline anion
CCCCCCCCCCCCCCOS(=O)(=O)[O-],Sodium tetradecyl sulfate,ADReCS: Asthma,23665770,ADReCS_only,tetradecyl
CCCCC(CC)CCC(CC(C)C)OS(=O)(=O)O,Tetradecyl hydrogen sulfate (ester),ADReCS: Asthma,8771,ADReCS_only,tetradecyl hydrogen (ester)
NCCNCCNCCNCCN,Tetraethylenepentamine,ADReCS: Thoracic disorders (excl lung and pleura),8197,ADReCS_only,tetraethylenepentamine
[C-]#N.[C-]#N.[C-]#N.[C-]#N.[C-]#N.[Fe+3].[N-]=O,Tetrasodium;iron(3+);nitroxyl anion;pentacyanide,ADReCS: Respiratory signs and symptoms NEC,49868142,ADReCS_only,tetrasodium;iron(3+);nitroxyl anion;pentacyanide
CCOCCP(CCOCC)CCP(CCOCC)CCOCC,Tetrofosmin,ADReCS: Bronchial disorders (excl neoplasms),4274,ADReCS_only,tetrofosmin
c1ccc2c(c1)CCCC2C1=NCCN1,Tetryzoline,ADReCS: Respiratory tract infections,5419,ADReCS_only,tetryzoline
c1ccc2[nH]c(-c3cscn3)nc2c1,Thiabendazole,"ADReCS: Respiratory, thoracic and mediastinal disorders",5430,ADReCS_only,thiabendazole
Cc1ncc(C[n+]2csc(CCO)c2C)c(N)n1,Thiamine,ADReCS: Lower respiratory tract disorders (excl obstruction and infection),1130,ADReCS_only,thiamine
CN1CCN(CCCN2c3ccccc3Sc3ccc(S(=O)(=O)N(C)C)cc32)CC1,Thioproperazine,"ADReCS: Respiratory, thoracic and mediastinal disorders",9429,ADReCS_only,thioproperazine
CSc1ccc2c(c1)N(CCC1CCCCN1C)c1ccccc1S2,Thioridazine,ADReCS: Asthma,5452,ADReCS_only,thioridazine
S=P(N1CC1)(N1CC1)N1CC1,Thiotepa,ADReCS: Asthma,5453,ADReCS_only,thiotepa
CN1CCN(CCC=C2c3ccccc3Sc3ccc(S(=O)(=O)N(C)C)cc32)CC1,Thiothixene,ADReCS: Respiratory disorders NEC,5454,ADReCS_only,thiothixene
Cc1ccsc1C(=CCCN1CCCC(C(=O)O)C1)c1sccc1C,Tiagabine,ADReCS: Asthma,60648,ADReCS_only,tiagabine
CC(C(=O)O)c1ccc(C(=O)c2ccccc2)s1,Tiaprofenic acid,ADReCS: Asthma,5468,ADReCS_only,tiaprofenic acid
C#CC1(O)CCC2C3C(C)C=C4CC(=O)CCC4C3CCC21C,Tibolone,ADReCS: Pulmonary embolism,444008,ADReCS_only,tibolone
CN(C)c1cc(NC(=O)CNC(C)(C)C)c(O)c2c1CC1CC3C(N(C)C)C(=O)C(C(N)=O)C(=O)C3(O)C(=O)C1C2=O,Tigecycline,ADReCS: Bronchial conditions NEC,54686904,ADReCS_only,tigecycline
O=P([O-])(O)C(Sc1ccc(Cl)cc1)P(=O)([O-])O,Tiludronate disodium,ADReCS: Bronchitis,60936,ADReCS_only,tiludronate disodium
CCS(=O)(=O)CCn1c([N+](=O)[O-])cnc1C,Tinidazole,ADReCS: Bronchial disorders (excl neoplasms),5479,ADReCS_only,tinidazole
O=C(O)C=Cc1ccccc1,Tinzaparin sodium,ADReCS: Respiratory tract infections,8784,ADReCS_only,tinzaparin
CCCC1(CCc2ccccc2)CC(=O)C(C(CC)c2cccc(NS(=O)(=O)c3ccc(C(F)(F)F)cn3)c2)C(=O)O1,Tipranavir,ADReCS: Respiratory disorders NEC,54682461,ADReCS_only,tipranavir
CCCC1(CCc2ccccc2)CC([O-])=C(C(CC)c2cccc([N-]S(=O)(=O)c3ccc(C(F)(F)F)cn3)c2)C(=O)O1,Tipranavir disodium,ADReCS: Bacterial lower respiratory tract infections,163296,ADReCS_only,tipranavir disodium
COc1cc2nccc(Oc3ccc(NC(=O)Nc4cc(C)on4)c(Cl)c3)c2cc1OC,Tivozanib,"ADReCS: Respiratory, thoracic and mediastinal disorders",9911830,ADReCS_only,tivozanib
NCC1OC(OC2C(N)CC(N)C(OC3OC(CO)C(O)C(N)C3O)C2O)C(N)CC1O,Tobramycin,ADReCS: Acute respiratory failure,36294,ADReCS_only,tobramycin
CCCCNC(=O)NS(=O)(=O)c1ccc(C)cc1,Tolbutamide,ADReCS: Respiratory signs and symptoms NEC,5505,ADReCS_only,tolbutamide
Cc1ccc(C(=O)c2cc(O)c(O)c([N+](=O)[O-])c2)cc1,Tolcapone,ADReCS: Asthma,4659569,ADReCS_only,tolcapone
Cc1ccc(O)c(C(CCN(C(C)C)C(C)C)c2ccccc2)c1,Tolterodine,ADReCS: Bronchitis,443879,ADReCS_only,tolterodine
Cc1cccc(Nc2ccncc2S(=O)(=O)NC(=O)NC(C)C)c1,Torsemide,ADReCS: Respiratory tract infections,41781,ADReCS_only,torsemide
c1cc2c(c(NC3=NCCN3)c1)CCCC2,Tramazoline,ADReCS: Thoracic disorders (excl lung and pleura),5524,ADReCS_only,tramazoline
CC(NC(CCc1ccccc1)C(=O)O)C(=O)N1C(C(=O)O)CC2CCCCC21,Trandolaprilat,ADReCS: Bronchitis,5464097,ADReCS_only,trandolaprilat
NC1CC1c1ccccc1,Tranylcypromine,ADReCS: Respiratory disorders NEC,5530,ADReCS_only,tranylcypromine
CC(C)OC(=O)CCCC=CCC1C(O)CC(O)C1C=CC(O)COc1cccc(C(F)(F)F)c1,Travoprost,ADReCS: Asthma,5282226,ADReCS_only,travoprost
CC12C=CC(=O)C=C1CCC1C3CC(O)C(O)(C(=O)CO)C3(C)CC(O)C12F,Triamcinolone,ADReCS: Asthma,31307,ADReCS_only,triamcinolone
CC1(C)OC2CC3C4CC=C5CC(=O)C=CC5(C)C4(F)C(O)CC3(C)C2(C(=O)CO)O1,Triamcinolone acetonide,ADReCS: Asthma,6436,ADReCS_only,triamcinolone acetonide
CC(=O)OCC(=O)C1(O)C(OC(C)=O)CC2C3CC=C4CC(=O)C=CC4(C)C3(F)C(O)CC21C,Triamcinolone diacetate,ADReCS: Lower respiratory tract disorders (excl obstruction and infection),6216,ADReCS_only,triamcinolone diacetate
CC(C)(C)CC(=O)OCC(=O)C12OC(C)(C)OC1CC1C3CC=C4CC(=O)C=CC4(C)C3(F)C(O)CC12C,Triamcinolone hexacetonide,ADReCS: Lower respiratory tract disorders (excl obstruction and infection),21826,ADReCS_only,triamcinolone hexacetonide
CN1C(=O)OC(C)(C)C1=O,Trimethadione,ADReCS: Lower respiratory tract signs and symptoms,5576,ADReCS_only,trimethadione
COc1cc(Cc2cnc(N)nc2N)cc(OC)c1OC,Trimethoprim,ADReCS: Bronchial disorders (excl neoplasms),5578,ADReCS_only,trimethoprim
NC(CO)(CO)CO,Tromethamine,ADReCS: Respiratory and pulmonary function diagnostic procedures,6503,ADReCS_only,tromethamine
CCN(Cc1ccncc1)C(=O)C(CO)c1ccccc1,Tropicamide,ADReCS: Bronchial disorders (excl neoplasms),5593,ADReCS_only,tropicamide
CN1C2CCC1CC(OC(=O)c1c[nH]c3ccccc13)C2,Tropisetron,ADReCS: Bronchial disorders (excl neoplasms),656665,ADReCS_only,tropisetron
NC1C2CN(c3nc4c(cc3F)c(=O)c(C(=O)O)cn4-c3ccc(F)cc3F)CC12,Trovafloxacin,ADReCS: Asthma,62959,ADReCS_only,trovafloxacin
NC(Cc1c[nH]c2ccccc12)C(=O)O,Tryptophan,ADReCS: Respiratory signs and symptoms NEC,6305,ADReCS_only,tryptophan
Cc1cc(Nc2ncnc3ccc(N=C4NC(C)(C)CO4)cc23)ccc1Oc1ccn2ncnc2c1,Tucatinib,ADReCS: Thoracic disorders (excl lung and pleura),51039094,ADReCS_only,tucatinib
CC1C(c2ccccc2)CC(NC(=O)c2cnc3c(c2)CC2(C3)C(=O)Nc3ncccc32)C(=O)N1CC(F)(F)F,Ubrogepant,ADReCS: Respiratory signs and symptoms NEC,68748835,ADReCS_only,ubrogepant
CC(=O)C1(O)CCC2C3=C(C4=C(CC3)CC(=O)CC4)C(c3ccc(N(C)C)cc3)CC21C,Ulipristal,ADReCS: Respiratory signs and symptoms NEC,13559279,ADReCS_only,ulipristal
CCCCCCCC(=O)CCC1C(O)CC(O)C1CC=CCCCC(=O)O,Unoprostone,ADReCS: Bronchitis,5311236,ADReCS_only,unoprostone
CCCCCCCC(=O)CCC1C(O)CC(O)C1CC=CCCCC(=O)OC(C)C,Unoprostone isopropyl,ADReCS: Bronchitis,5282175,ADReCS_only,unoprostone isopropyl
CCC1CN(C(=O)NCC(F)(F)F)CC1c1cnc2cnc3[nH]ccc3n12,Upadacitinib,ADReCS: Acute pulmonary oedema,58557659,ADReCS_only,upadacitinib
CCC(C)C1NC(=O)C(Cc2ccc(O)cc2)NC(=O)C(N)CSSCC(C(=O)N2CCCC2C(=O)NC(CC(C)C)C(=O)NCC(N)=O)NC(=O)C(CC(N)=O)NC(=O)C(C(C)O)NC1=O,Urofollitropin,ADReCS: Acute respiratory distress syndrome,62819,ADReCS_only,urofollitropin
CC(CCC(=O)O)C1CCC2C3C(O)CC4CC(O)CCC4(C)C3CCC12C,Ursodiol,ADReCS: Asthma,31401,ADReCS_only,ursodiol
COc1cc2c(cc1OC)C1CC(OC(=O)C(N)C(C)C)C(CC(C)C)CN1CC2,Valbenazine,ADReCS: Respiratory disorders NEC,24795069,ADReCS_only,valbenazine
Cc1onc(-c2ccccc2)c1-c1ccc(S(N)(=O)=O)cc1,Valdecoxib,ADReCS: Bronchial disorders (excl neoplasms),119607,ADReCS_only,valdecoxib
CC(C)C(N)C(=O)OCC(CO)OCn1cnc2c(=O)[nH]c(N)nc21,Valganciclovir,ADReCS: Bronchitis; Respiratory tract infections,135413535,ADReCS_only,valganciclovir
CCCC(CCC)C(=O)[O-],Valproate sodium,ADReCS: Bronchitis,16760703,ADReCS_only,valproate
CCCC(CCC)C(=O)O,Valproic acid,ADReCS: Acute respiratory distress syndrome,3121,ADReCS_only,valproic acid
CCCCC(=O)OCC(=O)C1(O)C=C2C(=O)c3c(c(O)c4c(OC)cccc4c3O)C(=O)C2C(OC2CC(NC(=O)C(F)(F)F)C(O)C(C)O2)C1,Valrubicin,ADReCS: Respiratory tract infections,454216,ADReCS_only,valrubicin
CCCc1nc(C)c2c(=O)[nH]c(-c3cc(S(=O)(=O)N4CCN(CC)CC4)ccc3OCC)nn12,Vardenafil,ADReCS: Respiratory tract infections; Thoracic disorders (excl lung and pleura),135400189,ADReCS_only,vardenafil
c1cnc2cc3c(cc2n1)C1CNCC3C1,Varenicline,ADReCS: Asthma,170361,ADReCS_only,varenicline
COC(=O)Nc1c(N)nc(-c2nn(Cc3ccccc3F)c3ncc(F)cc23)nc1N,Vericiguat,ADReCS: Respiratory disorders NEC,54674461,ADReCS_only,vericiguat
O=C(Nc1ccc(CC2CCC(C(O)c3ccccc3)N2)cc1)C1CCc2nccc(=O)n21,Vibegron,ADReCS: Respiratory signs and symptoms NEC,44472635,ADReCS_only,vibegron
C=CC(N)CCC(=O)O,Vigabatrin,ADReCS: Acute respiratory distress syndrome,5665,ADReCS_only,vigabatrin
N#Cc1ccc2[nH]cc(CCCCN3CCN(c4ccc5oc(C(N)=O)cc5c4)CC3)c2c1,Vilazodone,ADReCS: Respiratory signs and symptoms NEC,6918314,ADReCS_only,vilazodone
CCOc1ccccc1OCC1CNCCO1,Viloxazine,ADReCS: Respiratory signs and symptoms NEC,5666,ADReCS_only,viloxazine
CCC12C=CCN3CCC4(c5cc(C6(C(=O)OC)CC7CC(C(C)(F)F)CN(Cc8c6[nH]c6ccccc86)C7)c(OC)cc5N(C)C4C(O)(C(=O)OC)C1OC(C)=O)C32,Vinflunine,ADReCS: Acute respiratory distress syndrome,10629256,ADReCS_only,vinflunine
CS(=O)(=O)c1ccc(C(=O)Nc2ccc(Cl)c(-c3ccccn3)c2)c(Cl)c1,Vismodegib,ADReCS: Acute respiratory distress syndrome,24776445,ADReCS_only,vismodegib
C=CC=CCC(C)C(O)C1C(=O)NC(CC)C(=O)N(C)CC(=O)N(C)C(CC(C)C)C(=O)NC(C(C)C)C(=O)N(C)C(CC(C)C)C(=O)NC(C)C(=O)NC(C)C(=O)N(C)C(CC(C)C)C(=O)N(C)C(CC(C)C)C(=O)N(C)C(C(C)C)C(=O)N1C,Voclosporin,ADReCS: Respiratory disorders NEC,6918486,ADReCS_only,voclosporin
O=C([O-])Cc1ccccc1Nc1c(Cl)cccc1Cl,Voltaren,ADReCS: Asthma,5018304,ADReCS_only,voltaren
O=C(CCCCCCC(O)=NO)Nc1ccccc1,Vorinostat,ADReCS: Bronchial disorders (excl neoplasms),5311,ADReCS_only,vorinostat
Cc1ccc(Sc2ccccc2N2CCNCC2)c(C)c1,Vortioxetine,"ADReCS: Respiratory tract infections; Respiratory, thoracic and mediastinal disorders",9966051,ADReCS_only,vortioxetine
CC(C)n1nccc1-c1ncccc1COc1cccc(O)c1C=O,Voxelotor,ADReCS: Lung disorder,71602803,ADReCS_only,voxelotor
Cc1cc(C(C)(C)C)cc(C)c1CC1=NCCN1,Xylometazoline,ADReCS: Respiratory disorders NEC,5709,ADReCS_only,xylometazoline
Nc1ccn(C2CCC(CO)O2)c(=O)n1,Zalcitabine,ADReCS: Bronchial disorders (excl neoplasms),24066,ADReCS_only,zalcitabine
CCN(C(C)=O)c1cccc(-c2ccnc3c(C#N)cnn23)c1,Zaleplon,ADReCS: Asthma,5719,ADReCS_only,zaleplon
CSCCC1NC(=O)C(CC(C)C)NC(=O)C(CCCN=C(N)N)NC(=O)C(CO)NC(=O)C2CSSCC3NC(=O)C(CO)NC(=O)CNC(=O)C(C(C)O)NC(=O)C(CSSCC(N)C(=O)NC(CCCCN)C(=O)NCC(=O)NC(CCCCN)C(=O)NCC(=O)NC(C)C(=O)NC(CCCCN)C(=O)N2)NC(=O)C(CSSCC(C(N)=O)NC(=O)C(CCCCN)NC(=O)CNC(=O)C(CO)NC(=O)C(CCCNC(=N)N)NC3=O)NC(=O)C(CC(=O)O)NC(=O)C(Cc2ccc(O)cc2)NC1=O,Ziconotide,ADReCS: Respiratory tract infections; Thoracic disorders (excl lung and pleura),16135415,ADReCS_only,ziconotide
Cc1cn(C2CC(N=[N+]=[N-])C(CO)O2)c(=O)[nH]c1=O,Zidovudine,ADReCS: Bronchial disorders (excl neoplasms),35370,ADReCS_only,zidovudine
CC(c1cc2ccccc2s1)N(O)C(N)=O,Zileuton,ADReCS: Respiratory tract infections,60490,ADReCS_only,zileuton
CN(C)CCc1c[nH]c2ccc(CC3COC(=O)N3)cc12,Zolmitriptan,ADReCS: Bronchial disorders (excl neoplasms),60857,ADReCS_only,zolmitriptan
OCCN1CCN(CCC=C2c3ccccc3Sc3ccc(Cl)cc32)CC1,Zuclopenthixol,ADReCS: Respiratory tract infections,5311507,ADReCS_only,zuclopenthixol
